<?xml version="1.0" encoding="utf-8"?>
<COLLADA xmlns="http://www.collada.org/2005/11/COLLADASchema" version="1.4.1" xmlns:xsi="http://www.w3.org/2001/XMLSchema-instance">
  <asset>
    <contributor>
      <author>Blender User</author>
      <authoring_tool>Blender 4.5.5 LTS commit date:2025-11-17, commit time:16:03, hash:836beaaf597a</authoring_tool>
    </contributor>
    <created>2026-01-13T11:32:07</created>
    <modified>2026-01-13T11:32:07</modified>
    <unit name="meter" meter="1"/>
    <up_axis>Z_UP</up_axis>
  </asset>
  <library_effects>
    <effect id="Material_001-effect">
      <profile_COMMON>
        <technique sid="common">
          <lambert>
            <emission>
              <color sid="emission">0 0 0 1</color>
            </emission>
            <diffuse>
              <color sid="diffuse">0.01648708 0.05820287 0.162636 1</color>
            </diffuse>
            <index_of_refraction>
              <float sid="ior">1.45</float>
            </index_of_refraction>
          </lambert>
        </technique>
      </profile_COMMON>
    </effect>
    <effect id="Material_002-effect">
      <profile_COMMON>
        <technique sid="common">
          <lambert>
            <emission>
              <color sid="emission">0 0 0 1</color>
            </emission>
            <diffuse>
              <color sid="diffuse">0.03057528 0.08001038 0.02631276 1</color>
            </diffuse>
            <index_of_refraction>
              <float sid="ior">1.45</float>
            </index_of_refraction>
          </lambert>
        </technique>
      </profile_COMMON>
    </effect>
  </library_effects>
  <library_images/>
  <library_materials>
    <material id="Material_001-material" name="Material.001">
      <instance_effect url="#Material_001-effect"/>
    </material>
    <material id="Material_002-material" name="Material.002">
      <instance_effect url="#Material_002-effect"/>
    </material>
  </library_materials>
  <library_geometries>
    <geometry id="Plane-mesh" name="Plane">
      <mesh>
        <source id="Plane-mesh-positions">
          <float_array id="Plane-mesh-positions-array" count="12">-550 -550 0 550 -550 0 -550 550 0 550 550 0</float_array>
          <technique_common>
            <accessor source="#Plane-mesh-positions-array" count="4" stride="3">
              <param name="X" type="float"/>
              <param name="Y" type="float"/>
              <param name="Z" type="float"/>
            </accessor>
          </technique_common>
        </source>
        <source id="Plane-mesh-normals">
          <float_array id="Plane-mesh-normals-array" count="3">0 0 1</float_array>
          <technique_common>
            <accessor source="#Plane-mesh-normals-array" count="1" stride="3">
              <param name="X" type="float"/>
              <param name="Y" type="float"/>
              <param name="Z" type="float"/>
            </accessor>
          </technique_common>
        </source>
        <source id="Plane-mesh-map-0">
          <float_array id="Plane-mesh-map-0-array" count="12">1 0 0 1 0 0 1 0 1 1 0 1</float_array>
          <technique_common>
            <accessor source="#Plane-mesh-map-0-array" count="6" stride="2">
              <param name="S" type="float"/>
              <param name="T" type="float"/>
            </accessor>
          </technique_common>
        </source>
        <vertices id="Plane-mesh-vertices">
          <input semantic="POSITION" source="#Plane-mesh-positions"/>
        </vertices>
        <triangles material="Material_001-material" count="2">
          <input semantic="VERTEX" source="#Plane-mesh-vertices" offset="0"/>
          <input semantic="NORMAL" source="#Plane-mesh-normals" offset="1"/>
          <input semantic="TEXCOORD" source="#Plane-mesh-map-0" offset="2" set="0"/>
          <p>1 0 0 2 0 1 0 0 2 1 0 3 3 0 4 2 0 5</p>
        </triangles>
      </mesh>
    </geometry>
    <geometry id="Plane_002-mesh" name="Plane.002">
      <mesh>
        <source id="Plane_002-mesh-positions">
          <float_array id="Plane_002-mesh-positions-array" count="10056">639.7749 745.0412 -19.04612 -461.4432 -744.1267 9.049386 -451.4632 -744.1051 8.60554 -391.5258 -743.7302 7.4153 -302.604 -742.4473 9.1074 -292.7293 -742.3491 4.700749 -282.8525 -742.2557 -0.6629133 -272.9732 -742.1686 -8.702866 -263.0924 -742.0856 -18.68033 -253.2115 -742.0029 -28.8151 639.7286 745.6227 -18.9708 639.6633 746.0246 -18.91556 639.5706 746.2355 -18.91526 639.5103 746.338 -19.00493 639.5459 746.3914 -19.09259 639.6591 746.4183 -19.06945 639.625 746.4281 -18.92752 639.2991 746.4387 -18.84632 638.2769 746.4362 -18.76664 107.3758 742.8415 39.47304 639.8478 41.96647 -34.87005 640.1517 123.1212 -36.82903 640.7855 183.9925 -36.56332 642.2419 234.5365 -33.54913 645.8853 324.6416 -19.6879 646.3157 355.1537 -17.46264 646.2819 365.386 -17.32106 645.9432 385.7186 -18.84533 642.0281 624.9362 -25.82459 640.5795 702.4126 -22.37965 640.2307 720.8266 -21.0704 640.0754 729.5018 -20.39102 639.9183 737.6057 -19.713 -641.0158 -282.9749 -3.052829 -640.7612 -253.3651 -0.8628954 -639.4808 -155.125 8.180958 -631.1832 -542.4803 -9.688982 -631.6673 -332.9189 -6.005359 -632.5936 -323.957 -5.54858 -631.1344 -243.7091 -1.164104 -632.8071 -161.8106 6.766651 -637.669 -146.935 9.100543 -630.8603 -113.729 12.91805 -629.7409 -104.8316 14.06381 -626.1578 -48.21723 22.0197 -622.6192 -641.6825 3.811499 -627.3433 -577.8889 -5.408771 -630.2142 -551.3242 -8.626296 -624.593 -535.7481 -9.649 -618.8202 -65.78903 17.80241 -624.2874 -39.99363 22.87178 -612.4596 -651.3521 4.178025 -616.4209 -547.4465 -9.443444 -614.3492 -535.442 -10.15189 -611.4015 -233.5855 -2.726999 -609.4866 -65.33218 15.91395 -610.3262 -54.41683 17.62982 -604.677 41.26483 30.08445 -603.8337 -594.1063 -6.034468 -604.1539 -584.6089 -7.145246 -601.7017 -243.4584 -4.53745 -592.6181 -661.424 3.469563 -593.1417 -544.1425 -11.34751 -592.655 -533.7207 -11.74763 -591.6345 -233.2486 -5.096732 -591.5545 -223.2957 -4.461091 -590.0411 -55.28126 12.98031 -590.2523 -45.04025 14.27727 -588.0991 93.97158 32.21231 -585.7871 101.4819 32.49589 -582.5627 -671.2324 4.172741 -581.7046 -223.162 -5.639261 -581.6395 -203.3437 -4.263203 -580.0976 -45.5633 11.77504 -580.6468 86.12355 29.89466 -576.3909 111.3071 31.91286 -571.9663 -203.3079 -5.375637 -572.0285 -193.4706 -4.694889 -570.1922 -35.89771 10.28224 -570.2257 -5.689527 13.83626 -570.7838 85.71759 27.90799 -570.9309 95.76388 29.20508 -567.1965 131.0225 32.50461 -563.1095 -193.7777 -5.924696 -562.9801 -134.0908 -1.012878 -560.7628 85.19368 25.96982 -561.0319 95.34604 27.43648 -557.798 140.7105 32.39274 -555.0694 -184.4289 -6.738868 -555.0442 -173.7774 -6.3597 -555.5961 -134.1167 -3.009709 -555.3157 -124.4741 -2.167857 -550.3428 44.35156 16.88395 -550.6254 84.59794 24.09986 -550.9063 94.74124 25.70215 -551.7079 153.7525 33.20504 -548.6628 160.2735 33.61119 -542.2881 -680.9602 0.843787 -544.4757 -353.0689 -13.01881 -546.0811 -293.4532 -11.36143 -539.6974 -172.6861 -8.018916 -539.7352 -158.8551 -7.704391 -542.7784 -5.30625 5.586637 -540.1823 53.93938 16.54036 -540.2239 73.90325 20.48478 -540.6763 94.07474 24.04676 -541.4509 114.4094 27.21434 -532.0689 -700.4839 4.343179 -538.8817 -687.4681 2.010251 -537.7651 -676.4991 -0.4134193 -537.4859 -365.0555 -13.46444 -529.1337 -341.4824 -12.94672 -530.5315 -322.0133 -12.62263 -533.0469 -293.2243 -11.70817 -530.6872 -283.0755 -12.07658 -530.645 -268.5989 -11.32718 -529.7351 -233.4032 -10.87348 -530.4135 -114.7609 -6.264127 -530.8495 -103.565 -5.747372 -529.5275 -91.48915 -5.18428 -528.468 -83.5633 -4.750697 -529.9653 63.42512 16.58236 -529.9715 73.31836 18.67083 -530.1181 83.3093 20.64278 -531.1231 113.6512 25.85682 -531.5919 123.8336 27.40436 -529.6758 179.5171 34.61816 -522.5728 -453.1052 -13.98148 -522.9168 -374.1994 -13.88274 -519.8139 -143.754 -8.171389 -517.6886 -77.62767 -5.608674 -520.4708 -54.34994 -3.498074 -518.9201 -42.77816 -2.650717 -525.7556 -4.43085 1.801349 -523.5487 15.37862 4.216216 -519.8145 82.67744 19.10574 -520.0278 92.66799 21.05663 -520.7432 112.8754 24.58484 -521.1967 123.0366 26.20857 -520.2891 198.9541 36.65906 -513.1596 -652.19 -8.421284 -513.0291 -602.6447 -13.66377 -512.7733 -562.8414 -15.03778 -512.7914 -446.2179 -13.9873 -510.6251 -422.3209 -13.85537 -510.3818 -402.4776 -14.48074 -512.1361 -163.0706 -9.94532 -512.0805 -153.1806 -9.563838 -508.4849 -16.00683 -1.704764 -516.0171 5.25817 1.285015 -509.7043 92.01401 19.76813 -509.9574 102 21.64029 -510.3262 112.0905 23.40105 -510.7628 122.2301 25.08076 -510.553 208.5115 37.60996 -501.6498 -729.7611 8.475694 -503.2644 -662.179 -7.488934 -503.357 -612.6807 -13.29986 -503.3432 -602.7415 -13.91844 -503.1767 -443.8576 -14.11832 -503.5466 -163.0554 -11.05343 -503.7158 -153.0891 -10.81435 -497.5696 -5.032279 -1.523128 -497.3705 2.266225 -0.4857372 -504.7215 17.44748 1.352401 -499.9067 111.3283 22.30513 -500.3064 121.4268 24.01574 -493.1775 -681.927 -4.467922 -493.245 -672.0637 -6.448432 -493.6506 -622.7644 -12.71985 -493.711 -612.8507 -13.43034 -496.0227 -133.2059 -11.84433 -486.0648 13.88493 0.2387753 -490.7977 217.9452 38.422 -481.5268 -738.7022 8.967026 -483.2075 -681.9131 -5.19102 -483.4147 -672.1543 -6.925426 -483.9184 -632.8677 -11.93535 -484.039 -623.0018 -12.74205 -485.8497 -554.1259 -14.70843 -482.1946 -502.8505 -13.99348 -483.0348 -252.8863 -15.79363 -487.4596 -181.886 -12.82781 -488.7164 -132.8528 -12.80873 -484.3667 -63.39435 -10.80603 -483.6082 -54.15567 -10.14553 -482.4537 28.99245 1.475625 -469.6411 -533.3372 -13.33653 -472.8954 -522.054 -13.67988 -471.2354 -491.4802 -14.78396 -473.208 -262.9214 -16.69549 -473.3263 -253.0375 -16.26642 -471.2489 -225.2781 -13.99169 -472.5132 -213.421 -13.52759 -474.4036 -201.157 -13.28856 -474.6878 -117.7828 -13.61305 -474.4435 -104.9029 -13.08521 -472.9823 -93.01222 -12.68676 -470.8605 -79.46762 -12.25889 -476.5455 -62.75255 -11.69255 -473.2052 -34.37157 -9.717121 -470.4167 2.544631 -4.887077 -469.9977 10.37142 -3.013891 -468.0015 22.04195 0.1699525 -464.7792 -643.2612 -10.85848 -464.924 -633.5176 -11.69483 -461.731 -542.1679 -13.34199 -463.7637 -273.0249 -16.8202 -463.6912 -263.2067 -16.8757 -463.5563 -235.3623 -14.17943 -456.8017 -218.2962 -14.71449 -463.3853 -64.52534 -12.20771 -463.2708 -23.91617 -9.846008 -463.726 22.59773 0.4009063 -451.2974 -571.518 -12.05335 -449.8826 -562.0591 -12.48607 -452.4986 -452.9772 -15.61621 -454.4241 -273.1416 -16.70389 -454.5569 -263.8863 -16.27142 -448.8641 -219.5667 -15.37679 -447.7356 -114.6886 -17.61017 -453.5584 -13.47272 -9.953244 -453.0254 -4.319144 -8.531172 -452.4356 4.563694 -6.747309 -451.9511 13.32761 -4.258048 -451.3166 23.10609 -0.6916111 -442.3973 -720.8229 1.836063 -446.4495 -644.0972 -10.49641 -440.9685 -552.8172 -12.70304 -442.6295 -492.7001 -15.13686 -442.7824 -443.2233 -15.80804 -443.8338 -402.5788 -16.6137 -444.4049 -372.7497 -16.84014 -445.4207 -322.3973 -16.65249 -445.5055 -293.2604 -16.57752 -445.3503 -282.8249 -16.15392 -445.5675 -272.9037 -15.64262 -445.307 -264.8484 -14.91448 -443.9345 -253.7807 -13.48712 -438.2355 -124.2217 -19.57645 -442.3894 -24.05746 -13.05619 -444.7736 -12.67909 -11.44911 -443.857 -3.399981 -9.768854 -442.8064 5.277798 -7.794782 -444.0296 41.73296 1.502053 -432.8364 -711.4935 -0.7077023 -433.5956 -701.7224 -2.979774 -434.7648 -691.4894 -5.033013 -435.8003 -681.8239 -6.596504 -436.8078 -672.4672 -7.815831 -437.4998 -663.4281 -8.791497 -437.8197 -654.2499 -9.655296 -437.7819 -644.6481 -10.4014 -433.5355 -604.5344 -11.28369 -433.1145 -492.7789 -15.046 -434.5263 -412.1353 -16.11756 -435.164 -372.8244 -16.67593 -435.99 -331.2057 -16.01683 -436.8591 -322.0971 -15.9632 -437.2529 -312.8555 -15.82607 -432.3381 -283.1953 -13.93204 -433.8491 -270.1964 -13.72667 -436.7805 -264.3083 -13.5757 -430.9308 -221.0998 -17.43725 -427.4644 -124.2114 -22.1686 -427.9747 -114.9501 -21.83917 -425.6836 -20.02985 -15.10095 -432.3329 13.83878 -6.266505 -436.045 41.40479 1.159339 -433.2507 48.36077 2.244569 -431.9196 276.1636 46.41613 -422.72 -712.0167 -1.076002 -423.5812 -702.3764 -3.750683 -425.7331 -690.7142 -6.343646 -427.014 -681.2996 -7.688114 -428.5629 -672.074 -8.613532 -429.4649 -663.8464 -9.275019 -429.7875 -655.2257 -9.906946 -429.9018 -645.1685 -10.50308 -429.7676 -636.8436 -10.85352 -422.2 -620.9016 -10.77814 -424.0776 -493.1914 -14.69837 -420.618 -455.1719 -14.13344 -423.0296 -446.0975 -14.39948 -420.8108 -431.4706 -14.23961 -423.1943 -329.5269 -14.23102 -424.1155 -323.6453 -14.02734 -424.8462 -314.1573 -13.84217 -421.7861 -270.0151 -14.74415 -420.6067 -220.7465 -19.52431 -419.6448 -55.16917 -19.53034 -418.7872 -28.41301 -16.51353 -420.3667 -4.034786 -14.45527 -420.7307 31.53782 0.5522748 -420.9853 187.6613 30.96239 -421.2681 197.5436 32.8543 -412.0643 -721.6465 1.324795 -412.3707 -712.9649 -1.450649 -412.3746 -704.9863 -4.630705 -407.9974 -688.4272 -10.08111 -411.5514 -676.1436 -10.06469 -421.1901 -670.6467 -9.700448 -422.2322 -664.6126 -9.924799 -413.6268 -552.7578 -11.40903 -416.1823 -503.4762 -14.11892 -413.1617 -480.0841 -13.66315 -417.8406 -398.3424 -14.58652 -414.0945 -374.875 -14.74539 -405.5941 -347.1734 -15.72412 -406.5865 -322.3661 -16.29733 -407.942 -149.6259 -26.79288 -403.5426 -137.2404 -28.8151 -403.4223 -119.3037 -28.8151 -407.5023 -107.2484 -26.73208 -410.9134 -64.50188 -21.39038 -410.7761 -54.85 -20.68872 -409.9281 -19.39535 -16.1867 -411.647 48.44512 1.439339 -401.9065 -721.8184 1.320043 -402.4011 -713.2485 -1.710439 -403.8505 -705.0952 -5.507489 -402.5552 -690.32 -9.934985 -403.4079 -572.996 -10.46344 -404.7581 -552.8641 -11.19346 -405.5092 -543.0612 -11.68348 -401.0898 -150.7384 -28.8151 -403.5739 -143.2189 -28.8151 -403.3589 -113.3238 -28.8151 -399.9949 -106.6649 -28.8151 -400.7706 -65.25131 -22.99057 -401.1285 -36.37305 -19.56627 -400.9169 -27.74629 -18.19441 -400.9205 -11.33756 -15.27271 -404.1432 15.18111 -8.334755 -404.0043 22.51657 -4.837102 -402.6941 32.53163 0.0481348 -402.1479 56.16701 2.3094 -391.5287 -713.2814 -1.715841 -391.9618 -691.4987 -9.953007 -391.4974 -622.3561 -9.411747 -394.3468 -573.3027 -10.30869 -396.9136 -544.713 -11.92425 -392.9909 -532.8926 -13.63118 -390.5484 -302.0297 -20.60789 -387.5618 -237.6636 -26.55359 -384.8017 -224.6198 -28.8151 -393.5127 -173.1728 -28.8151 -393.2667 -93.34729 -28.8151 -391.49 -45.65858 -21.44681 -392.6199 4.253163 -12.10265 -392.7781 15.78003 -8.574275 -392.8943 34.09638 -0.03302949 -393.2625 49.60465 0.995507 -380.6025 -713.5616 -1.115584 -381.3719 -690.3986 -9.659393 -380.9881 -641.4921 -9.333755 -382.1802 -622.4874 -9.344704 -383.6022 -551.6878 -12.94759 -377.6518 -530.8363 -12.50923 -379.4156 -520.8811 -12.79802 -380.6593 -511.5557 -13.38214 -381.6148 -501.7951 -14.14578 -382.6331 -433.0613 -17.99672 -379.2152 -249.3903 -27.29401 -378.1602 -238.0838 -28.8151 -383.2037 -233.0495 -28.8151 -380.9429 -46.50766 -22.59456 -381.7002 -36.47139 -20.6119 -382.2428 5.636721 -11.82544 -381.7957 16.72247 -8.763452 -382.8797 24.49503 -5.716711 -382.0979 36.02305 -0.1426169 -370.4346 -713.6312 -0.4513425 -369.7973 -705.7677 -3.904165 -368.292 -688.3867 -9.912631 -375.7916 -561.549 -12.98934 -368.9914 -539.6997 -11.49218 -370.099 -530.953 -11.69734 -371.2899 -521.5084 -12.28276 -372.7139 -502.2059 -14.11034 -373.179 -452.8557 -17.63721 -373.135 -442.9158 -18.08375 -372.984 -432.9212 -18.58588 -372.5295 -402.8763 -19.39993 -372.3103 -392.9181 -19.77915 -373.1167 -243.118 -28.8151 -368.4675 -68.3124 -28.8151 -368.6271 -58.42469 -26.57212 -369.9129 -47.708 -23.96905 -371.0556 -37.33087 -21.50333 -371.8337 -27.5444 -19.25039 -370.7876 7.060032 -11.54005 -371.6437 24.93818 -6.772233 -376.0558 50.19905 0.4323688 -360.9698 -721.8166 2.637984 -357.0066 -698.0573 -6.25069 -362.4432 -650.1134 -9.236951 -362.8577 -641.1586 -9.193937 -362.4896 -576.8516 -12.93546 -358.9419 -558.7371 -11.62538 -359.8243 -549.7385 -10.90919 -360.7418 -540.6511 -10.84789 -361.6262 -531.4215 -11.31245 -362.896 -512.1604 -13.10181 -363.3203 -472.6851 -16.90295 -363.3028 -462.7626 -17.51133 -362.8872 -452.4331 -18.66872 -362.0087 -441.6478 -20.40491 -361.8044 -431.5509 -21.37331 -361.8343 -421.6798 -21.86914 -361.9176 -411.8361 -21.78817 -362.036 -402.7129 -21.49769 -360.0917 -393.9504 -23.45878 -362.8485 -283.1864 -28.8151 -363.507 -63.30615 -28.8151 -356.0638 -60.78279 -28.8151 -358.8504 -48.78363 -25.30969 -360.3564 -38.12601 -22.42837 -361.4367 -28.06671 -19.79684 -362.7902 8.65382 -11.31521 -362.337 17.46692 -9.498824 -362.114 25.26745 -7.485973 -361.6892 32.16025 -4.610869 -360.975 41.70633 -0.4131166 -350.8166 -713.249 0.6668462 -350.4107 -705.4094 -2.328514 -350.8853 -678.8388 -9.97251 -355.8898 -592.7321 -12.02262 -354.663 -586.3903 -12.58987 -350.3038 -559.8136 -10.53912 -351.1295 -550.655 -10.31244 -352.4931 -531.801 -11.25293 -353.3647 -482.5337 -16.49997 -352.9032 -472.1659 -18.16768 -350.0252 -429.5951 -25.09753 -350.1458 -419.7893 -26.12585 -345.9085 -407.1402 -28.8151 -346.225 -401.1636 -28.8151 -345.5177 -395.0841 -28.8151 -344.3471 -388.9691 -28.8151 -349.5979 -374.6198 -27.17505 -349.6467 -350.5339 -27.40096 -345.2874 -335.5159 -28.8151 -355.5672 7.420062 -11.60805 -348.9006 43.12762 -0.820312 -353.2632 316.0536 52.48133 -341.1503 -704.5911 -1.888227 -344.4776 -678.351 -10.25254 -344.0853 -667.0364 -9.730374 -346.3422 -614.187 -10.84246 -345.261 -594.7682 -13.3026 -340.5816 -569.7756 -10.26001 -341.3359 -560.6455 -9.940459 -342.0013 -551.2937 -10.08779 -343.3256 -492.3283 -16.06429 -342.1222 -481.2145 -19.24657 -339.2062 -448.4967 -26.04575 -335.9208 -435.2431 -28.8151 -343.2306 -412.7947 -28.8151 -343.0139 -382.8439 -28.8151 -342.801 -342.9796 -28.8151 -341.1772 -55.73635 -28.8151 -338.6625 -48.77489 -26.91033 -344.1059 8.115435 -11.75554 -343.4718 33.94513 -5.598559 -342.8181 43.76162 -0.7516264 -343.0091 59.20241 -0.2979975 -342.9369 66.04124 0.8019711 -331.6192 -712.2053 1.4727 -333.2542 -685.2871 -8.978646 -337.4544 -614.7437 -11.47893 -335.121 -604.2527 -12.8116 -329.8542 -589.3233 -11.2018 -330.6506 -579.8671 -10.16 -331.3923 -570.629 -9.687424 -332.0344 -561.2631 -9.727225 -333.4715 -502.3479 -15.0467 -332.3071 -491.2588 -18.90918 -330.2625 -479.2901 -23.13917 -326.8908 -456.0253 -28.8151 -333.4818 -442.7236 -28.8151 -333.7339 -53.21316 -28.8151 -325.108 -51.84783 -28.8151 -333.1079 27.50094 -8.667634 -333.1726 35.07436 -6.146131 -332.8145 43.21144 -2.294363 -335.5387 57.89151 -0.4136188 -321.7661 -703.1536 -0.773698 -321.7116 -694.6546 -3.907278 -327.3085 -672.6566 -10.06439 -325.4343 -659.5538 -9.545769 -325.4595 -612.9393 -12.01508 -320.2415 -589.763 -9.946887 -321.2342 -580.556 -9.504984 -321.9548 -571.198 -9.474436 -323.3298 -532.2312 -12.0727 -323.4079 -522.2492 -13.19745 -323.449 -512.268 -14.4386 -323.2796 -502.1181 -16.31179 -321.1878 -490.0982 -23.09733 -316.9451 -475.9219 -28.8151 -323.1815 27.76612 -9.168629 -323.9624 51.66117 -0.3581962 -323.3754 326.4808 54.11143 -312.3986 -737.4024 8.163578 -312.0313 -711.3009 2.319416 -311.9169 -702.6299 -0.1401255 -314.4772 -668.8202 -10.46614 -316.2926 -620.5357 -11.55278 -309.9948 -599.1741 -9.650549 -311.0115 -590.2711 -9.312592 -311.7978 -581.033 -9.293192 -312.8055 -561.9152 -10.10065 -313.0984 -552.1229 -10.78853 -313.212 -542.1509 -11.84999 -312.5044 -531.3877 -15.35692 -311.8172 -520.6593 -18.58837 -311.0303 -509.8544 -22.43665 -309.5254 -498.3618 -28.8151 -311.8352 -490.7136 -28.8151 -313.62 -482.5448 -28.8151 -312.9398 35.90286 -7.690804 -311.7992 53.92354 -0.1619298 -302.5491 -737.0051 8.280947 -302.4598 -728.8443 6.624863 -302.3457 -719.8754 4.703203 -301.6664 -685.0465 -5.369909 -301.2342 -676.682 -8.682276 -307.3133 -635.2789 -10.6554 -305.0869 -625.6107 -11.31016 -301.337 -608.7389 -9.785587 -301.2777 -599.9517 -9.24075 -301.7668 -590.8052 -9.178832 -302.7172 -571.8164 -9.920413 -302.4983 -561.5374 -11.95915 -301.965 -550.9354 -14.69008 -299.9969 -518.8218 -24.20157 -298.5606 -507.3669 -28.8151 -303.5711 -502.3889 -28.8151 -302.8204 36.73472 -8.196594 -302.327 45.15636 -5.398853 -300.4407 54.67125 -1.318056 -306.363 68.89823 0.3812158 -303.8559 76.00901 1.44206 -303.1228 336.9943 55.4037 -292.6808 -735.9074 5.886336 -292.6184 -728.4213 6.419916 -292.5238 -719.5904 4.970519 -292.2233 -701.5534 0.993766 -291.9974 -692.7637 -1.413064 -291.6763 -684.1857 -4.480188 -294.2218 -662.1166 -10.17403 -299.1835 -634.1678 -10.76553 -290.0155 -620.5411 -10.07226 -291.2687 -610.3881 -9.430859 -291.8102 -600.828 -9.181056 -292.656 -581.7148 -9.820178 -291.599 -570.6193 -14.08454 -289.9992 -538.8644 -23.13336 -290.1557 -528.9846 -25.34111 -288.5443 -517.3339 -28.8151 -298.1284 17.35361 -12.03117 -293.0368 37.27126 -8.797664 -291.9153 52.86864 -3.412239 -291.7596 61.50602 0.3088561 -293.3656 76.71015 1.581928 -293.0824 84.52375 2.989581 -282.8126 -735.2482 1.619632 -282.7669 -727.796 4.097154 -282.6992 -719.2767 4.76897 -282.599 -710.1744 3.241877 -282.4646 -701.0515 1.35421 -282.308 -692.0333 -0.804132 -282.1954 -683.1541 -3.609132 -281.2294 -580.2431 -15.12912 -279.6832 -568.6355 -20.47597 -279.1587 -558.0607 -23.87568 -275.9788 -544.8081 -28.8151 -281.0186 -529.8181 -28.8151 -283.5385 -522.323 -28.8151 -285.6137 17.86524 -12.352 -281.2532 63.4673 0.108871 -283.8355 77.71778 1.788336 -272.9412 -734.7084 -5.319371 -272.9048 -727.0178 -2.672249 -272.8569 -718.7728 0.6971226 -272.774 -709.8153 1.191715 -272.6078 -700.5162 0.1762827 -272.501 -691.2725 -0.913114 -272.4711 -682.0671 -2.781884 -272.3569 -672.4777 -5.45267 -272.0021 -661.8538 -7.446347 -274.0381 -651.8469 -8.820451 -272.5549 -641.3147 -9.107901 -271.8402 -631.6421 -9.270238 -271.9382 -621.6666 -9.293137 -272.284 -611.7006 -9.352836 -272.623 -601.8079 -9.704514 -271.8133 -590.9479 -13.916 -269.5428 -578.5231 -21.66883 -266.7455 -565.6187 -28.8151 -273.4588 -552.3029 -28.8151 -273.2911 46.64027 -8.067796 -273.6378 54.61582 -5.161963 -274.836 62.78604 -0.8836101 -275.7257 78.56197 1.977316 -273.7412 85.75798 2.842741 -272.5595 347.9039 56.30704 -263.0658 -734.2725 -16.39032 -263.032 -726.3462 -14.37852 -262.9669 -718.1005 -12.29167 -262.7507 -709.2192 -12.07666 -261.6699 -699.0032 -16.57225 -257.8888 -685.9409 -28.8151 -262.6863 -681.2943 -28.8151 -262.5855 -661.5913 -28.8151 -262.9364 -651.5835 -28.8151 -262.4504 -631.7057 -28.8151 -257.6871 -626.8258 -28.8151 -259.7395 -614.3464 -21.54881 -260.7519 -601.8922 -19.65718 -259.9388 -589.4547 -22.46184 -258.3829 -577.283 -28.8151 -263.3887 -572.2764 -28.8151 -261.6395 19.1367 -12.52125 -263.0789 39.19644 -10.39688 -263.317 55.0158 -6.359568 -263.6598 70.04183 1.064827 -262.938 265.0272 45.37018 -262.8945 275.2249 47.13621 -253.1954 -733.9129 -28.8151 -253.1791 -725.8013 -28.8151 -253.1619 -717.5977 -28.8151 -253.1413 -709.1157 -28.8151 -253.1089 -699.9703 -28.8151 -253.0714 -690.5671 -28.8151 -248.0769 -617.0656 -28.8151 -250.1309 -602.1245 -26.51695 -248.3758 -587.302 -28.8151 -253.7307 55.48942 -7.25213 -253.9182 62.85232 -3.887286 -253.6507 73.16467 1.366228 -243.238 -612.1766 -28.8151 -243.3745 -592.3143 -28.8151 -244.6745 39.92247 -11.18486 -244.1828 47.87998 -10.0664 -243.952 55.92923 -7.914446 -242.744 75.58728 1.647741 -234.3824 47.78231 -10.4554 -233.8513 56.13677 -8.489745 -233.3687 63.96371 -5.383738 -237.3015 90.09161 2.581429 -223.782 27.50329 -12.28166 -222.3124 82.07643 2.736566 -222.1372 265.3307 44.68333 -222.015 275.5839 46.36807 -213.5024 56.66682 -8.947852 -213.4223 64.79218 -6.25076 -213.1589 72.27274 -2.492707 -204.1342 28.16933 -12.31674 -203.6648 65.32355 -6.274396 -203.8436 85.56531 2.54423 -201.6372 265.6093 43.94112 -201.4824 275.836 45.61806 -192.276 11.01513 -15.35899 -193.9064 65.8404 -6.130652 -194.6718 74.28365 -2.528257 -197.4872 83.37508 1.709235 -190.1498 390.9851 55.25003 -183.0549 1.751363 -17.61247 -183.7353 57.52431 -8.381308 -183.5829 74.45328 -2.721568 -181.8417 82.70379 1.272932 -183.4652 362.7105 52.94601 -184.262 374.1288 53.71181 -174.348 49.4293 -9.690711 -173.9339 66.01236 -5.94481 -173.6398 81.26256 0.1767454 -171.9716 350.7872 51.54307 -173.3545 373.2832 52.89797 -174.0159 384.5109 53.51123 -166.9739 41.40409 -10.95662 -164.0544 66.00603 -5.888436 -163.9178 74.43656 -3.25341 -162.747 90.35271 2.68346 -161.8445 361.3157 51.55244 -153.5194 9.778436 -16.51109 -153.1767 18.01203 -14.75734 -155.7661 37.50632 -11.80439 -154.0897 57.04193 -7.928543 -150.3334 91.93791 2.947787 -142.1729 -27.56188 -27.12899 -142.9941 17.93412 -14.68798 -141.6004 35.22469 -12.38653 -143.985 94.33161 3.257866 -135.539 -33.80026 -28.8151 -128.3619 -31.22802 -28.8151 -131.2467 36.3778 -11.95516 -134.1547 75.43326 -3.741556 -134.577 84.16963 -0.9402897 -136.29 93.24733 2.464862 -123.2627 -17.51536 -25.40033 -125.0549 2.13034 -19.44335 -125.3568 11.12098 -16.76905 -125.8533 20.82864 -14.10844 -122.6288 38.2878 -11.0316 -123.2985 48.70532 -9.675679 -124.1076 66.7974 -6.006859 -124.017 84.2959 -1.586035 -124.2042 100.0239 3.804638 -120.1569 462.1057 50.39886 -113.344 -26.6948 -28.8151 -114.9759 -7.027379 -22.8386 -115.5222 2.267839 -19.34416 -118.5437 20.44493 -13.28485 -114.0562 92.57958 0.596548 -114.4517 102.8267 4.24194 -105.168 -25.03397 -28.8151 -108.2473 29.1856 -12.05375 -104.4183 85.11032 -2.14317 -103.7763 93.76103 0.2991366 -101.7348 102.4706 3.174963 -96.18036 -24.09335 -28.8151 -95.52639 11.17058 -15.47774 -94.65438 112.1005 5.428529 -92.27375 247.5182 34.06259 -92.09891 257.5641 35.69916 -90.54267 521.0877 48.12306 -85.56088 2.653015 -19.32071 -85.60657 11.34687 -14.61699 -86.8366 30.5095 -12.38963 -85.31053 76.40483 -4.664988 -80.96523 113.9425 5.51247 -80.64278 550.4624 47.73073 -75.51419 -5.743761 -22.77686 -75.24244 3.292651 -18.69882 -75.08476 12.44047 -14.55813 -78.18055 50.5945 -10.49482 -77.12808 58.54578 -9.161087 -75.46848 76.28942 -5.07708 -73.41288 111.9941 4.523641 -71.85234 121.2629 7.401122 -71.08963 350.0912 44.2681 -70.95683 360.4043 44.81041 -70.66006 570.0954 47.33684 -65.57452 -14.5444 -26.16681 -65.15705 13.84273 -15.10699 -68.78092 36.03219 -12.91626 -71.16101 43.53788 -11.90733 -70.07964 49.91214 -12.00406 -67.52819 57.44552 -10.37811 -65.63545 66.5321 -8.259449 -64.73003 125.2041 8.08034 -67.38502 136.4185 9.264468 -54.53149 -15.01433 -26.76229 -54.17244 -5.474922 -23.63471 -53.52702 15.03651 -16.02444 -48.95589 27.36509 -14.11543 -66.1348 42.50809 -12.25626 -63.15415 47.61676 -11.81043 -57.21379 54.76408 -12.85963 -51.2204 130.6319 9.024747 -50.73648 589.8126 46.18936 -46.57003 -22.40261 -28.8096 -41.50725 -17.40634 -28.52014 -43.16818 -5.716858 -24.8941 -43.06044 4.748844 -22.16479 -42.25773 15.25326 -17.87157 -37.0038 55.51715 -13.0016 -43.41307 68.46304 -10.0021 -41.8868 340.1897 41.54618 -41.72152 350.5328 42.11511 -34.8374 -13.90283 -28.6011 -33.7803 -4.69982 -25.9461 -32.96427 5.028457 -23.61201 -31.99731 15.0221 -20.52508 -26.11347 43.23902 -16.6294 -35.44438 69.02739 -10.26505 -33.54062 238.4512 29.51522 -33.42914 248.4613 31.14037 -26.01102 -12.4695 -28.81364 -24.0379 -4.241458 -26.95734 -22.99938 5.036701 -25.0501 -22.1875 14.69206 -23.06604 -20.04624 33.46297 -19.31326 -19.26037 41.79067 -17.99253 -18.97743 48.77488 -16.12318 -25.25512 141.6896 10.74229 -25.23122 153.6021 11.69443 -22.48204 330.1953 39.68207 -22.31408 340.526 40.29106 -20.76889 648.9571 45.43258 -16.34016 -11.91684 -28.8151 -13.28543 -4.870849 -28.09835 -11.35375 41.26623 -18.70354 -10.91583 658.7872 44.93403 -6.634994 -11.39972 -28.8151 0.7757617 -8.695768 -28.8151 -4.61503 140.3999 9.482157 -6.220775 148.0303 11.72132 5.934701 151.6701 12.89392 8.707432 668.6444 43.63075 15.90344 141.9633 8.765161 18.7446 151.9366 11.75991 23.03384 -0.6086731 -28.8151 26.59435 149.5266 10.82094 35.05464 158.523 12.41206 44.47669 159.0465 12.31501 48.05157 708.0493 42.30765 53.88326 12.07476 -27.09529 53.37716 158.6748 11.71234 61.24634 1.30762 -28.8151 66.35906 161.1494 11.89435 71.60032 23.17698 -25.7509 75.63835 162.6952 12.61965 75.72754 239.2094 25.39068 75.78965 249.2808 26.97361 78.78636 12.92454 -27.48139 85.61651 152.1574 7.549507 89.13214 161.9025 10.61641 87.51581 728.0438 40.27965 96.6723 88.62687 -10.75831 94.38997 124.4944 -0.5049281 94.48575 133.7247 1.800945 94.63408 143.0047 4.225749 95.39624 159.3156 9.255675 97.4575 737.1766 39.96709 102.2589 45.09613 -23.1639 103.0773 54.04336 -20.89946 104.0288 87.63819 -11.14606 104.3866 133.8886 1.150467 104.7183 159.5415 8.508258 103.7786 167.7166 11.27142 109.847 88.32755 -11.30214 115.2713 170.0089 11.11181 116.3445 373.1463 31.97285 115.0361 392.4708 31.62018 121.7138 88.97561 -11.61076 124.1625 108.2333 -6.740094 124.4641 152.7727 4.550824 125.4533 173.0372 11.0164 126.2188 362.9293 31.4848 122.9918 382.5708 31.46038 128.661 401.6136 31.01515 133.8603 89.58351 -11.71471 133.965 116.7247 -5.213419 134.2053 143.7272 1.395281 135.6865 249.6763 23.58294 135.7551 259.767 25.0562 138.6378 385.1488 30.99252 139.4346 395.0072 30.0183 138.6048 403.6526 29.6022 136.3736 431.9718 29.09683 139.8312 443.5151 28.47169 141.7743 47.78429 -24.71707 142.3832 56.67351 -22.47042 144.7841 73.07419 -16.83727 148.1289 80.48654 -14.19995 144.8917 170.8714 7.962992 146.505 182.3946 11.62794 142.7718 193.4087 12.29978 145.9443 342.4078 30.26955 141.9723 367.9382 30.69726 148.1883 386.0014 29.67455 147.0286 394.2957 29.22065 145.4992 453.3665 27.79682 153.038 65.45843 -20.2585 153.0768 100.2808 -9.886322 153.3556 108.383 -8.213476 154.367 162.7754 4.610405 157.3886 190.0234 12.67499 155.787 332.1304 29.49986 154.352 351.1325 29.99481 162.2393 56.9017 -22.93959 163.5417 80.82673 -15.12229 162.6045 99.24433 -10.37509 163.0106 108.143 -8.742239 164.0229 153.6444 1.448849 164.4873 172.3311 6.104862 165.023 181.2992 8.535024 165.3874 190.0908 11.26738 165.7138 311.3564 28.07972 164.0472 340.95 29.4005 165.9743 362.4831 29.73172 167.016 374.0337 28.74163 165.9884 383.7853 28.23662 171.5088 27.68846 -27.25442 171.5957 37.67164 -26.23123 173.3558 125.8211 -5.902067 175.0792 205.0092 13.73386 175.5733 280.4384 24.84963 175.3875 300.8929 26.82489 175.0608 311.1499 27.66984 174.4019 321.0906 28.36478 175.3123 352.1911 29.21105 176.0084 373.6617 27.95599 178.0241 508.0979 25.18361 181.7507 47.2948 -25.09157 183.1907 117.3651 -8.223878 184.3573 182.2951 6.43553 184.6956 191.5867 8.791655 187.1836 211.5709 13.45569 188.0945 218.4085 14.95024 183.0149 310.3361 27.58532 185.1838 343.928 28.2682 185.0825 519.0124 24.85153 191.2173 37.16263 -26.52731 194.4291 191.9789 7.669915 193.7504 228.34 16.4575 197.6045 311.0281 26.62882 195.2798 531.6714 24.37296 197.7723 537.7389 24.15096 205.4024 248.4902 18.87384 205.21 260.2383 20.86169 206.0646 289.6061 24.32281 212.7949 105.7214 -10.9179 213.0717 135.7978 -6.616677 216.6211 270.4391 20.63245 221.759 58.46969 -25.26158 220.8346 94.38032 -13.91764 226.249 110.4374 -10.75821 222.9887 127.1297 -8.848055 225.2737 260.4613 18.30145 231.446 49.20224 -26.7962 232.071 108.7464 -10.92844 232.4911 127.5153 -9.164234 232.7385 136.2445 -7.83708 232.9428 145.4409 -6.019359 237.2928 592.4368 22.55161 242.2627 78.32854 -22.96786 242.5106 87.06357 -19.72883 242.8479 94.72737 -15.89209 243.0969 101.5516 -12.88906 240.1409 119.1842 -10.13576 247.4364 606.1076 22.05081 251.8951 59.5929 -26.77627 252.1123 69.18534 -25.61334 252.3393 78.59427 -23.85138 252.6564 104.5536 -12.83695 250.1996 114.3936 -10.76827 252.5904 136.7237 -8.881695 252.7254 145.8045 -7.422247 252.862 155.1668 -5.586421 258.5166 620.625 21.46128 262.2521 69.30377 -26.15279 262.4971 78.68367 -24.63632 262.854 87.60239 -22.14189 261.208 117.0582 -10.67969 262.7313 128.7767 -9.885316 264.9157 660.3511 21.74824 272.6903 78.62144 -25.16402 273.6513 95.6518 -19.97345 273.8789 119.8664 -10.72141 272.5642 146.3874 -8.525563 272.6417 155.5196 -7.028126 272.7614 164.9609 -5.222872 278.3304 648.5369 20.73021 283.2764 87.45326 -23.77573 283.91 95.81338 -21.26012 282.9337 125.298 -10.5414 282.8253 138.2884 -9.614562 282.777 174.6542 -4.120153 293.098 78.37669 -25.77201 293.3982 87.42613 -24.31873 294.5567 103.7907 -19.43551 295.6057 128.1051 -10.30844 292.3248 147.3511 -9.090065 292.3849 156.0363 -8.15137 292.5184 165.2815 -6.673559 294.9338 659.5357 19.12055 303.1836 68.81836 -27.03783 303.8398 96.28134 -23.04541 302.5235 174.9446 -5.649666 302.6676 184.5198 -3.816154 304.5181 672.0693 18.27533 304.904 680.5918 18.0229 313.512 87.63333 -25.22171 313.7315 96.66587 -23.73275 314.1454 105.1378 -21.47863 312.5023 137.2684 -9.876945 311.8367 156.681 -8.655348 312.1402 165.7715 -7.746675 317.3128 658.6533 16.98988 323.883 105.8236 -22.26413 324.3778 113.9228 -19.30165 324.5569 321.7456 16.09471 324.6106 331.9079 16.72057 326.5021 664.759 15.72006 333.5793 97.22795 -24.43715 333.6803 106.3448 -22.70908 333.9855 114.8341 -20.05706 331.2781 166.9823 -8.265404 331.7698 175.851 -7.372185 332.129 185.095 -6.007198 332.3699 194.5771 -4.329279 331.8022 630.2994 13.49406 333.2739 638.7858 14.02942 331.2799 648.6118 14.81348 334.6996 670.9884 14.12447 334.5072 680.2002 14.40424 342.2209 2.441634 -31.30523 343.5532 106.6696 -22.89287 343.9743 124.2081 -17.72404 341.6239 185.5301 -6.47918 342.0454 194.8353 -5.05198 342.3269 204.359 -3.391591 344.4049 332.0061 14.52319 345.7777 590.4771 11.52721 341.5453 598.7094 11.95152 339.7935 610.6293 12.48136 341.0743 621.7502 12.76736 348.9858 634.7971 12.40332 349.8912 641.7899 12.11368 348.0852 650.8492 11.85719 345.4424 661.0691 11.89111 344.3039 680.1962 12.90221 344.3357 700.022 13.71673 353.5252 116.074 -21.02532 353.7523 124.9869 -18.50455 352.6686 165.8554 -8.626667 350.0698 177.3437 -7.6201 351.4128 195.1797 -5.710399 351.9102 204.7 -4.341557 352.1776 214.3346 -2.775537 353.5048 272.1494 7.472899 353.6825 282.0068 8.792921 352.0675 577.7327 10.72537 357.9286 593.4254 5.934619 357.1457 600.3515 5.19889 356.6077 610.1832 4.803362 355.8623 622.5965 5.189304 355.9161 633.1079 6.530862 356.1261 642.0341 7.435102 355.3973 651.1973 9.043604 354.4545 660.8017 9.95631 353.9733 680.2869 11.37551 354.0414 690.1571 11.96523 363.353 106.8792 -23.19668 363.3465 116.3534 -21.39263 363.5061 125.5032 -19.19896 363.833 134.4351 -16.75599 361.6314 175.3952 -8.070773 359.3999 186.6905 -7.120301 360.4372 195.3839 -6.375208 361.2632 205.2457 -5.315841 362.1557 233.9737 -0.5222332 363.2502 272.3648 6.198074 363.4844 282.1879 7.556386 363.6779 292.0873 8.756638 362.6657 562.8959 9.950844 367.7948 573.7255 6.429198 366.2494 580.7138 4.815687 363.3743 591.4265 2.433099 361.311 597.0076 2.175203 367.2124 606.6621 0.9490719 361.3103 623.7662 1.99386 362.5228 633.0014 3.346642 363.3405 642.1619 5.590527 363.3035 660.9186 8.145914 363.3792 670.6001 9.083312 363.5614 680.3847 9.88823 373.2138 125.8594 -19.82282 373.4492 134.9607 -17.64375 374.238 152.851 -13.47405 369.374 183.7881 -7.997827 373.3309 194.7579 -7.522587 372.2784 263.0304 2.858047 372.7273 272.6876 4.516899 373.4151 292.2828 7.326776 373.635 302.1959 8.437222 374.008 332.2057 10.74959 375.5975 542.6071 8.718922 372.6219 550.5593 9.014492 375.5504 563.6864 5.863355 373.8578 570.9753 4.078174 372.6813 577.6926 2.173926 376.8032 589.2487 2.425482 377.8729 616.3686 1.695119 369.5591 633.2416 1.741957 371.4323 642.2058 3.576956 372.4762 661.0095 6.520408 382.8713 116.5122 -22.17071 383.2978 144.5223 -16.44545 383.6791 153.6524 -14.5701 380.095 203.9331 -7.590526 380.957 218.1412 -6.738929 380.582 236.2965 -4.122921 380.337 245.134 -2.599018 380.5226 253.9898 -1.086963 383.1095 302.4866 6.52079 383.7638 332.3179 9.235064 383.9448 352.3504 10.1752 383.2617 511.5813 7.366956 383.204 532.2827 7.670713 386.6346 544.1865 6.940462 384.8649 552.1237 5.653381 381.6459 562.0746 4.027879 379.4004 568.7311 2.584141 385.6187 591.556 2.69927 382.9263 626.6702 -0.2789248 381.16 641.939 1.893997 393.7949 76.43164 -27.52092 393.3379 86.48667 -26.52628 392.5144 126.0846 -20.96096 392.7799 144.8848 -17.42125 393.0916 154.1819 -15.72849 390.8034 238.9668 -6.024608 388.5041 246.1998 -4.456304 393.1208 332.6064 7.159287 393.6501 352.4193 8.518878 393.2474 481.9976 6.963443 393.0505 519.8602 6.242101 392.4553 543.8029 5.411105 391.0979 550.9501 4.328278 395.7964 563.0327 3.137677 394.4818 590.2415 2.56777 395.2963 616.0122 0.7975839 390.2221 639.7641 0.06690639 392.1412 670.8078 4.760948 392.6472 680.5972 5.883813 402.1178 135.4704 -19.96145 402.2305 144.9502 -18.40684 398.4451 247.5157 -6.64479 402.5519 254.9262 -6.735492 402.885 352.6208 6.369009 403.2674 362.5097 6.961365 403.1037 472.0242 5.987049 403.0523 481.9477 6.232386 403.6557 520.481 5.093308 406.1965 528.1969 5.166204 398.7341 541.6956 4.873103 405.4304 549.5075 3.840058 401.9249 670.9036 3.738337 402.4798 680.6391 4.868051 411.5126 125.5383 -22.14466 411.4981 135.2318 -20.70856 411.5445 144.8382 -19.33583 411.662 154.4124 -18.03239 409.3272 270.5254 -6.137915 410.464 285.3816 -4.524542 412.2188 362.7573 4.668476 412.6734 372.6316 5.197806 412.9271 382.5495 5.509543 412.8406 481.8996 4.428318 412.7968 491.8263 4.195385 413.0389 521.2396 3.778259 414.1496 550.7899 2.65245 413.0517 599.5281 1.133089 413.0109 608.3447 0.7276918 422.2109 85.39651 -27.39126 421.6785 95.42732 -26.42406 420.775 125.1864 -22.79779 420.6916 134.9478 -21.46321 420.8245 164.0108 -17.95155 417.5004 291.7769 -5.826587 419.4639 302.7873 -4.95643 420.1586 317.3151 -3.036574 422.1111 392.6416 3.598081 422.538 501.714 2.69635 423.1044 541.1782 1.889642 422.5832 590.4785 0.2682304 422.541 599.8527 0.1408068 422.453 608.9239 -0.07608968 422.2349 617.5926 -0.4134577 431.0338 95.02291 -26.82387 430.5362 105.0184 -25.8091 429.7173 134.6581 -22.23749 426.9797 324.641 -4.109321 428.944 336.4911 -3.198701 430.386 383.4758 1.206336 432.1086 618.5354 -1.070306 432.1968 627.2371 -1.20044 429.5921 662.7879 0.2478096 438.3634 183.5494 -18.34 437.6973 360.2197 -2.826185 442.2317 374.9818 -2.435052 441.9272 628.52 -1.568724 441.7995 636.9242 -1.584463 441.4747 671.3779 0.417325 448.1663 114.2376 -25.87444 447.707 124.1878 -24.86661 446.7271 183.5097 -19.40129 451.1603 405.7614 -2.33126 452.2902 410.4455 -2.336789 450.2152 431.788 -1.1142 450.5216 442.0594 -0.9599558 451.5108 638.4878 -1.825449 451.0075 650.1063 -1.776293 449.4128 663.0199 -0.869264 451.2525 671.3094 -0.6104518 457.0013 113.9013 -26.45314 456.4433 123.8848 -25.54023 455.5527 233.2405 -17.45207 459.7635 312.8728 -12.78054 465.0558 392.1612 -6.812253 458.5392 428.7807 -2.641897 461.5133 441.9887 -2.614644 463.3536 452.2919 -2.734747 465.0431 465.2693 -2.771276 461.1237 475.4761 -2.202895 463.2094 223.2444 -19.18984 463.6848 243.1992 -18.19032 471.9844 381.9038 -9.158102 473.1425 412.4887 -7.410509 468.9906 500.0645 -3.207722 469.2171 512.0971 -3.490198 470.1372 522.9634 -3.645201 470.652 532.6847 -3.726714 472.0274 538.8268 -3.867106 472.6704 550.187 -4.010433 472.5056 560.9931 -4.266483 472.1846 570.9474 -4.360516 472.5764 582.7608 -4.253583 471.3911 590.4074 -4.07924 471.4346 649.1514 -2.734321 472.3951 143.3399 -25.14351 471.1521 233.2046 -19.85866 471.703 253.176 -18.98349 479.3121 382.2822 -10.41237 480.3634 402.3781 -9.471057 481.7735 432.1723 -8.43141 482.9983 491.2362 -6.304537 481.7192 652.9503 -3.867981 480.6257 143.1376 -25.83858 478.9786 243.1851 -20.5896 485.9397 372.563 -11.88018 488.2841 412.5779 -10.39109 488.8507 422.5075 -10.21159 490.7035 491.8276 -8.080395 493.0481 372.7758 -12.47046 494.9621 402.7801 -11.44059 499.9085 541.2494 -8.46324 500.059 372.9559 -12.79039 502.8099 412.972 -11.93658 509.0867 403.1455 -12.14713 515.957 403.3141 -12.09347 519.3779 443.2935 -12.68908 522.5678 492.7546 -11.69277 525.5115 561.9439 -10.11569 530.2011 502.8342 -11.45512 532.8161 552.2404 -10.63548 533.8698 572.0635 -10.31048 534.8421 591.8927 -9.836507 532.9362 443.6564 -12.19046 533.7498 453.6003 -12.18458 557.478 20.425 -30.83104 548.7169 572.4675 -10.79417 550.3432 592.2579 -10.84882 553.2841 80.45354 -30.84494 561.2201 80.20845 -31.01099 556.6036 100.7817 -30.66931 548.5812 404.0361 -10.10401 549.4173 414.0992 -10.14161 555.6586 414.2309 -9.888479 559.0915 454.3137 -10.82517 590.3937 23.12476 -32.6445 571.1331 100.4336 -31.16928 568.8125 110.7656 -30.82074 575.5761 110.6467 -31.16672 571.4986 131.2928 -30.22841 566.0575 172.2702 -27.2017 563.371 212.8916 -22.86075 568.6494 424.5391 -9.943059 572.6328 474.5587 -10.99959 577.8623 131.2422 -30.58305 574.6845 151.8157 -29.27678 572.3557 172.2774 -27.53441 569.6962 212.9375 -23.1752 569.0252 233.218 -21.82251 569.0924 323.9536 -15.89905 570.2464 354.1305 -13.1794 574.5714 424.6518 -10.17684 578.5038 474.7398 -11.17475 594.4949 632.7319 -14.45463 608.8339 710.1842 -15.86141 580.788 151.8184 -29.67745 579.5334 162.0743 -28.87051 575.2316 233.2769 -22.1653 575.9074 344.1089 -13.91481 576.7831 364.2745 -12.60988 577.301 374.3545 -11.90492 600.2546 632.9207 -15.30897 613.4464 701.0736 -16.55729 620.8999 729.0971 -17.46558 627.5812 30.74894 -34.05274 580.8586 253.5794 -21.81373 581.3287 323.9696 -15.11872 581.6276 334.0246 -14.05914 582.3471 354.2332 -13.10633 582.7752 364.3458 -12.80589 583.2521 374.4498 -12.39152 625.1076 720.4607 -18.19461 629.8768 738.3434 -18.3911 635.0194 32.27413 -34.30795 635.4512 33.15293 -34.36044 592.3557 151.8918 -30.6606 591.1721 162.1627 -29.88989 586.87 253.637 -22.14267 586.7448 263.7245 -21.52349 586.7756 293.8955 -18.79256 586.9171 303.927 -17.61009 588.7197 364.4141 -12.93229 589.1534 374.5367 -12.77218 633.1482 730.1857 -19.11745 635.1364 738.8256 -18.96672 595.0153 374.6196 -13.01382 595.4473 384.7434 -12.96269 615.3807 633.4995 -18.06294 634.4805 721.3563 -19.75114 636.6069 730.5911 -19.62078 601.2104 172.5802 -30.35167 598.5747 263.824 -22.20457 634.986 712.0745 -20.32157 636.9651 721.6151 -20.25745 638.4297 730.8149 -19.9473 639.2034 739.2868 -19.42427 616.122 100.3245 -34.36439 608.1752 152.1874 -32.45041 607.2436 162.4541 -31.81834 606.4856 172.6947 -31.09478 605.8876 182.9116 -30.27502 604.4286 253.8196 -23.60238 604.4047 263.8388 -22.4872 604.4322 273.8456 -21.24541 605.0566 313.7861 -15.11544 605.3376 323.861 -13.90683 605.6053 333.9849 -13.0139 605.859 344.1562 -12.46854 610.0197 445.6785 -13.42892 622.3137 624.0109 -19.77374 623.5518 633.8607 -19.93989 638.3641 721.7595 -20.64577 639.2796 730.9207 -20.24039 639.6464 739.3365 -19.604 612.2766 162.5921 -32.53028 611.1135 183.038 -31.12855 610.1729 243.868 -25.36081 610.2101 263.8349 -22.73381 611.0327 313.7858 -15.21625 611.2893 323.872 -14.07951 612.9942 395.1774 -14.29127 613.3699 405.3052 -14.2987 615.4057 445.8432 -14.12828 625.9544 624.1773 -20.72583 638.1181 712.3435 -21.16942 639.028 721.8334 -20.94655 639.4697 730.9727 -20.57731 639.6564 739.3518 -19.82534 623.7486 100.8703 -35.08522 622.1906 111.2639 -34.95886 617.1765 162.7483 -33.26177 616.6358 172.9721 -32.68373 615.7507 233.9389 -27.41045 615.7619 243.9551 -26.21886 615.8557 253.8939 -24.66831 616.9573 313.8292 -15.59236 617.6357 344.2061 -13.07421 617.8258 354.4046 -12.87503 618.879 405.4217 -15.1085 638.7448 712.3911 -21.3464 639.1443 721.8543 -20.98325 639.3441 730.9636 -20.52417 639.47 739.3273 -19.78827 627.2275 101.2128 -35.42515 625.9774 111.5621 -35.35547 621.9645 162.9202 -34.00383 621.5474 173.1316 -33.50992 621.2868 244.0073 -27.03635 622.819 313.905 -16.18538 623.6322 354.4687 -13.3252 624.1181 395.3764 -15.55029 638.8099 702.796 -21.85111 639.2037 712.4008 -21.43059 639.3721 721.8383 -20.90834 639.4197 730.9244 -20.28764 639.4574 739.2816 -19.60892 626.3776 173.3018 -34.34309 628.6148 314.0119 -16.99476 629.3845 354.5856 -14.01883 629.4234 364.8427 -14.37334 639.3999 702.7951 -22.02091 639.5905 712.3745 -21.5 639.6465 721.7903 -20.8795 639.6179 730.8627 -20.18602 639.5894 739.205 -19.49685 632.6355 122.4757 -36.08828 631.3009 163.3002 -35.48025 631.1498 173.4803 -35.17092 631.7736 234.2374 -30.80568 633.7747 294.0364 -20.74112 634.3463 314.1512 -18.03597 635.0816 364.9911 -15.18378 635.0382 375.225 -15.9408 635.0895 405.7521 -17.98697 639.9156 712.2897 -21.58013 639.8921 721.6652 -20.91951 639.8161 730.7042 -20.20518 639.7269 738.9968 -19.51032 636.6408 112.6031 -36.4254 636.2122 132.9806 -36.49051 635.9018 163.5016 -36.19055 635.9274 183.821 -35.70417 639.3988 294.2064 -22.06382 640.2655 324.4345 -18.19604 640.7288 354.9338 -16.06623 640.3966 405.8547 -19.14319 640.2835 693.0533 -22.83078 640.0817 721.3992 -20.9914 639.9658 730.3297 -20.28722 639.8347 738.5645 -19.59103 350.0235 610.9159 12.02308 347.158 610.8809 12.07881 364.2816 573.1823 9.562631 363.0544 571.8806 9.839612 360.3756 572.2435 10.32904 358.5264 571.5211 10.32816 355.0553 571.5515 10.34936 341.5244 649.7631 13.9204 338.7806 648.1871 13.99577 -453.2184 -235.8596 -13.70495 -111.7822 24.58336 -12.88681 -128.895 103.7058 3.971816 -467.5335 -93.60508 -13.08615 -390.8636 -3.828291 -13.76348 -392.4103 -0.6330603 -13.16755 -383.1034 41.52184 0.4429491 -384.6276 44.44427 0.5410662 392.2764 555.6026 3.359562 393.7854 558.6403 3.108183 -99.15554 113.9189 5.531202 -344.9794 -590.2143 -14.21531 -344.927 -586.7163 -13.26411 338.5664 143.9931 -10.2162 333.3368 146.119 -9.319322 -340.1697 -603.8591 -12.38472 -236.9983 19.47756 -12.95027 -238.3017 25.25007 -12.29547 -424.2713 -629.0028 -10.97078 -39.81421 133.5293 9.570741 139.5568 453.4042 28.05218 -494.2348 -480.1882 -14.07361 -514.2812 -399.3083 -14.15161 385.5467 205.2002 -8.170225 -524.9628 -361.9524 -13.7079 -530.6157 -363.2787 -13.45102 -535.2713 -321.5791 -12.27366 -507.9766 -446.9407 -13.98551 -510.9803 -416.3059 -13.99238 424.4478 302.4941 -6.090983 -321.4352 -670.6458 -10.3617 -306.8275 55.0788 -0.1395429 135.3305 174.7075 10.47028 481.9033 620.0279 -4.017719 476.4176 620.2348 -3.784522 473.4193 621.5844 -3.771178 349.5499 623.3072 12.25992 346.9697 622.0502 12.66363 361.002 579.8312 9.603591 357.6923 578.7787 10.39315 -321.2271 7.662443 -12.48201 -322.0821 12.47802 -12.04594 -248.2704 73.99052 1.512761 -465.4754 -82.1434 -12.70258 -391.4725 7.42395 -11.26795 -375.1276 -687.2867 -9.880013 382.7367 528.2528 7.536378 122.5852 391.9174 31.72762 124.1186 393.6551 31.80767 126.1054 396.8174 31.72489 -453.5781 29.96563 0.4523923 -336.6451 -591.4838 -12.68121 -340.1268 -592.8164 -13.25973 345.3063 626.8957 12.51991 347.4504 630.4865 12.6153 -39.68093 142.6419 10.37283 273.6921 110.3207 -13.23813 275.5842 115.6609 -11.73053 -493.5677 -470.7014 -14.0983 -497.831 -469.6499 -13.98901 388.6189 212.3392 -8.0898 -532.6223 -353.3005 -13.0908 -535.7757 -315.1041 -11.98385 426.5801 313.5158 -5.167083 170.7597 91.96441 -11.68966 484.8149 631.0095 -4.146513 482.257 630.9913 -3.84496 476.6446 631.184 -3.458679 192.0343 302.5606 26.81749 -302.022 -673.3129 -9.604008 -303.1734 -671.0243 -10.02347 -304.7388 -666.8242 -10.44587 173.9156 345.4747 29.56419 -462.8127 -73.66239 -12.59225 -467.978 -72.90294 -12.1357 -365.3167 43.09297 -0.1247788 -369.0707 45.81637 -0.03699648 386.6244 541.7529 7.885052 -152.2081 98.02346 3.277638 -120.1862 24.98119 -12.83472 -118.1266 32.86755 -11.68358 136.4535 448.0202 28.33202 -94.40975 108.1938 4.639867 -222.8594 77.74435 1.53856 170.4501 351.1188 29.86685 165.8898 350.6904 29.94223 -486.5834 -502.4078 -13.9748 -495.9973 -462.2333 -14.14804 -500.0142 -462.6155 -13.93998 -535.843 -304.188 -11.59273 205.6002 97.94785 -11.72047 204.0996 102.2019 -11.0226 191.3803 531.5703 24.76277 186.2702 532.7713 24.67125 -424.9023 32.8939 0.8072839 -428.4976 35.81644 0.7266072 372.0243 562.5616 8.783439 371.0355 560.4427 8.808454 368.5892 558.8188 9.591403 197.1219 316.5328 26.92937 480.5975 642.6712 -3.413994 475.801 641.6638 -2.797368 472.6443 640.7662 -2.760774 -415.3858 -7.112157 -15.13773 176.2726 356.9608 28.81938 -469.7353 17.18299 -0.8336438 -482.4833 11.41517 -0.5812072 -382.1132 -700.6301 -7.620304 -382.8387 -697.4304 -8.60481 -394.9186 30.84865 -1.106368 -175.2743 23.88492 -13.10098 -176.6217 26.50342 -12.77211 16.25567 159.9696 12.29854 -330.5282 -612.8837 -12.0756 198.4564 239.1405 18.22087 193.8593 241.4658 18.53047 470.1286 645.5779 -2.78967 -474.1044 -533.0704 -13.2113 -484.8856 -490.6257 -14.10048 -489.3026 -492.7444 -13.98656 -491.6738 -495.1651 -14.03401 -536.8925 -293.1715 -11.54318 -539.5231 -294.3128 -11.48716 463.3721 429.8918 -3.601844 191.4635 540.0368 24.27646 288.659 663.218 19.82411 186.4343 525.0742 24.91308 183.6994 528.7261 24.80308 424.761 335.3858 -2.124637 105.6151 91.0595 -10.39285 -530.0364 -75.74096 -3.82845 477.0984 649.9091 -3.01389 364.4003 607.4713 1.034544 361.5485 606.7606 1.22399 -118.9905 100.4864 4.066396 51.27226 74.76158 -12.64862 -51.0074 28.78366 -13.44989 -60.42844 37.13499 -12.70191 -467.5189 27.67198 0.5810462 -487.8565 25.2577 1.315155 152.7682 189.7468 12.71383 149.8978 191.136 12.20633 146.5398 192.5122 12.0237 -394.2233 39.33576 0.5696928 -89.32543 112.6867 5.576172 -403.5234 -1.650225 -13.8522 -405.673 3.22629 -12.73774 -380.899 -686.3581 -9.896391 -464.7651 19.34898 -0.6357126 -326.5848 -603.7495 -12.45746 -330.2663 -603.9 -13.267 197.4663 250.0592 19.60774 193.8495 250.7758 19.72017 183.4123 332.8732 28.94368 -477.6846 -524.0281 -13.44646 472.4816 657.6139 -2.887295 241.4485 608.4464 22.36399 -536.2958 -284.7586 -11.85453 466.0396 441.287 -3.575073 342.4405 147.3953 -10.00443 341.3622 152.3542 -9.113542 -255.5378 69.66901 0.1436111 239.2562 103.2914 -11.95061 237.2578 105.1057 -11.41236 235.0861 107.5235 -10.90622 -305.1387 -674.7239 -9.595252 -307.4783 -673.0856 -10.16712 -310.5532 -671.9098 -10.77642 -526.6244 -66.3895 -3.544703 -530.599 -66.44366 -2.946253 384.359 543.8665 8.244116 122.9949 179.4202 11.2147 -328.8487 3.581647 -12.6729 -331.0777 6.059891 -12.30463 -332.6499 10.21731 -11.94059 -331.8482 13.44386 -11.55115 -325.0145 47.87913 -1.143665 301.4125 126.2236 -11.02022 -239.1124 73.36214 0.7382813 -360.9479 -694.5249 -8.292306 -364.2758 -691.4884 -9.714194 -313.4297 -677.8701 -9.284729 -314.8707 -674.5316 -10.20765 277.0354 654.713 21.03358 275.3277 656.8444 21.13645 -164.1146 87.01927 2.077311 -461.9689 25.9181 0.9174976 -461.1295 28.8458 0.8359681 -461.4956 34.12414 1.074344 199.3762 260.5463 21.23458 195.9811 260.6832 21.25647 -354.14 -577.5722 -12.63558 177.5494 340.3744 29.11849 -485.6175 -512.9514 -14.0359 -475.0809 -512.5488 -13.98929 -478.0838 -512.38 -13.81631 -481.5592 -514.521 -13.73535 -483.46 -516.8843 -13.82152 -467.5293 -550.3923 -13.15383 261.9645 107.4356 -12.7104 260.932 110.3162 -11.80661 145.8623 466.3093 27.26244 142.4611 466.6343 27.30863 -534.3984 -266.5108 -10.72121 -539.6249 -266.5002 -10.76513 -542.5265 -268.9517 -10.6844 402.4519 636.5363 -1.046358 469.2509 450.8051 -3.977475 -474.2714 -207.6283 -13.30986 -254.7067 79.01244 2.1326 -295.3613 62.72544 0.4500252 -299.1028 64.50295 0.3826987 379.991 551.1754 8.289407 377.8322 550.1743 8.120511 371.2211 592.0333 1.622321 365.6534 593.2485 1.389702 -350.378 8.384514 -11.71454 -354.6379 42.10378 -0.512459 378.5285 573.4663 1.359934 380.3907 577.7905 2.143775 -126.6051 26.1805 -12.97333 -124.3865 32.44987 -11.24877 6.0014 148.3456 11.36982 -102.7164 106.6139 4.425693 -106.1023 112.6291 5.105253 200.425 271.575 22.6937 -233.4063 76.32186 1.715486 -233.2931 79.8757 2.575117 192.3837 312.2649 27.6271 -482.4787 -496.2917 -13.95855 -468.4711 -544.4097 -13.23928 152.1522 472.9053 26.92456 394.5142 226.4837 -8.012112 -535.4376 -262.4959 -10.64948 -538.0004 -260.7438 -10.98706 -540.3811 -260.0156 -11.17518 470.9066 463.5471 -3.8572 198.8421 533.0344 23.94922 -424.1355 -309.6066 -13.62596 -421.5078 -305.899 -13.82082 432.2134 324.9424 -5.351205 -472.3417 -196.6368 -13.30268 -470.7903 -192.7341 -13.56343 96.52278 80.73534 -12.56646 115.7293 89.11995 -11.69602 -414.4637 31.39379 0.3086313 372.6871 598.2911 2.866816 369.265 597.8991 2.694798 365.5422 597.5471 1.845325 363.1281 595.7947 1.249665 163.5338 356.0499 30.07524 -68.90946 30.59265 -12.67659 -69.30654 33.25011 -13.33853 -457.9146 -62.51495 -12.73128 -303.8322 -620.8986 -11.09495 -479.8774 18.67406 0.5102089 -481.7178 25.49516 0.9662764 -405.3837 29.30976 -1.032628 262.3717 636.7853 21.58638 -55.12804 26.50663 -13.21932 -64.69224 34.26071 -12.38895 -393.2551 -700.5277 -8.322833 -392.6218 -697.5415 -9.208318 -416.6726 -469.4486 -13.8535 189.3861 320.0202 28.19864 185.9969 317.9791 28.45852 -465.8993 -534.2377 -13.53551 -456.8402 -571.0639 -12.13669 -459.8544 -572.6681 -12.34295 397.36 235.3335 -7.556349 -534.8566 -254.6724 -10.66535 -537.2108 -253.9121 -10.69894 -540.3566 -254.836 -11.15902 471.7961 473.6015 -3.724093 466.382 472.2554 -2.841831 -525.9227 -390.5208 -13.97123 -522.9142 -389.0521 -13.9634 330.3451 140.9836 -10.17926 435.1479 335.0427 -4.925591 388.37 528.3535 7.014487 386.0078 529.8682 7.40908 184.4163 321.7307 28.73527 185.5324 327.7236 28.73608 -344.6158 3.256885 -12.25569 372.3452 605.2884 2.522308 42.08074 67.81801 -14.11647 -474.2831 23.04763 0.5572757 -476.3561 25.3319 0.6511828 -478.4271 27.23932 0.8186159 -401.3544 37.61959 0.6428777 -402.1211 42.96716 0.7505535 373.8869 555.8435 8.409255 374.6724 559.132 8.582779 394.2992 629.257 -0.509244 391.7729 634.783 -0.9060506 -364.6424 -572.5721 -13.81151 -363.6506 -567.5703 -13.72619 -411.1463 -5.325056 -14.76396 -413.9116 -1.105728 -13.9232 -413.4656 2.796353 -12.73943 -413.72 -461.79 -14.00023 -419.4776 -461.6733 -14.06464 100.0508 173.0908 11.18147 203.7489 291.1744 24.88751 200.5568 291.0258 25.15853 333.0768 654.9544 14.93368 -468.91 -524.1669 -13.84786 462.2717 656.4987 -2.051982 -54.12126 47.2876 -13.38066 -538.0534 -243.7524 -10.33126 -540.9221 -244.4328 -10.56256 -542.9769 -245.6379 -10.64143 472.6715 479.4549 -3.776798 467.8381 479.3493 -2.995762 -263.8693 66.94004 -0.1538012 247.5619 103.9828 -12.37103 -296.2006 -673.5809 -9.39091 113.2057 176.1347 11.12768 186.6221 337.4339 28.37528 374.8032 579.6386 1.923636 -332.925 47.46978 -0.8252024 -336.0528 53.86011 -0.5200996 373.621 617.6927 1.7936 370.6308 619.1998 0.3605391 368.2284 619.8718 0.5768514 365.3503 621.6562 0.8943294 -458.1732 -563.2382 -12.4419 256.4802 615.7433 21.49934 -77.20418 121.6793 7.371039 -406.3941 -492.0552 -13.71019 -410.9763 -493.4974 -13.83399 -399.3829 -529.3392 -13.13092 -20.28024 55.23752 -14.40899 -324.105 -680.8428 -9.565958 -325.6179 -678.0333 -10.13606 209.1935 259.9997 20.33536 -244.9338 71.62947 0.1983284 201.8655 299.4441 25.46359 196.386 297.8739 26.02916 -19.34981 141.9513 10.79263 251.8292 108.1995 -11.74529 -446.2159 -590.6195 -11.4765 249.6942 619.9064 22.07859 -413.3187 -455.0743 -14.17751 -542.6013 -233.8579 -9.941104 181.4335 93.19243 -11.81 473.7802 489.2592 -3.811584 468.2725 490.051 -2.993732 -522.6389 -368.3773 -13.74851 155.7984 89.92169 -11.96936 154.3307 96.06338 -10.88377 439.9299 349.7662 -4.485879 435.1663 351.1784 -3.124502 -261.4741 72.13733 1.588895 -261.289 74.97812 1.901706 -285.3696 62.33813 0.3251938 -301.2449 -663.3135 -10.28713 -539.0698 -189.4619 -8.047468 -325.0032 -668.5261 -9.899971 -233.0919 88.22086 2.376184 -455.438 -35.03636 -11.79263 65.00264 167.6672 11.89319 -487.3469 8.119029 -0.5398353 254.7871 626.0693 21.69362 -390.8945 -520.8828 -13.9431 -400.3893 -521.5051 -13.66418 -408.727 -481.1838 -13.68543 -130.8987 23.97205 -13.44381 -131.6876 28.67419 -13.00249 -414.4273 -445.5499 -14.26725 -115.8533 108.5532 4.72394 359.2846 162.7435 -9.538506 -244.2994 81.4614 2.342101 -356.4989 -679.5977 -9.90828 -447.3428 -581.7238 -11.67 -451.1122 -582.471 -11.70579 -413.3132 -487.1572 -13.69017 160.4976 473.3294 26.4533 -146.3442 36.21504 -12.43231 87.25646 75.55535 -13.52164 85.64649 78.39306 -12.83902 84.41239 83.05223 -11.91858 84.00822 85.92656 -11.20564 127.6075 89.89993 -11.65038 388.5348 565.0607 2.422114 386.7397 563.6838 2.658738 -414.0705 -688.0829 -9.748827 -417.3946 -687.6076 -9.015373 -312.6478 -615.7202 -11.38959 -74.32714 21.29023 -13.57912 -73.12734 28.47655 -12.69538 -411.6568 28.79838 -0.8048543 462.9695 424.5014 -3.83132 371.1595 583.3736 1.596235 373.8414 583.908 1.773426 -388.138 -550.7414 -12.61257 -421.2587 -9.594773 -15.22105 -5.489709 155.0481 11.75503 -411.9865 -435.1956 -14.48222 -415.6632 -433.9726 -14.18865 -442.281 -598.5067 -11.32271 -440.8073 -593.4566 -11.32785 450.9125 646.4116 -1.775987 -411.6455 -476.1116 -13.56527 -410.8445 -472.3522 -13.80222 -472.3204 -187.488 -13.50824 -476.5688 -189.8001 -13.16295 -403.3777 -695.7223 -9.219389 -398.935 4.867978 -12.08367 403.3565 529.0488 5.736304 385.9798 568.8169 1.979114 383.7347 568.2323 1.501518 -539.5565 -166.0116 -8.031931 -355.1768 2.29314 -12.19568 -345.2934 40.64302 -1.88444 36.96245 72.57111 -12.77561 153.5143 365.3909 30.55009 449.6835 400.3616 -2.153349 441.6585 355.9482 -4.322916 -410.294 41.23699 0.7577648 362.7882 556.7787 9.768404 460.131 437.2632 -2.428444 382.9328 631.4539 -0.3499792 381.5905 634.5928 -0.1688373 -384.4177 -539.9827 -14.0323 -389.1856 -540.5946 -13.56034 -44.26388 44.45835 -13.42911 -401.586 -686.6242 -10.09679 109.5591 168.0573 10.98972 208.8225 287.6434 23.66395 326.991 661.5415 15.85887 451.2354 655.1139 -1.540675 450.779 657.8278 -1.377132 408.2372 246.5067 -8.470153 404.2066 246.3245 -7.841806 -461.5319 -220.0313 -14.26082 -465.3969 -222.2757 -14.01583 -472.571 -182.0941 -13.49339 -477.3784 -180.877 -13.16581 -273.2165 68.3171 0.753917 -156.3544 90.38923 2.789055 -522.8054 -25.35093 -0.6454654 105.5313 171.2823 11.31439 105.9813 174.4705 11.09165 -542.9381 -154.2184 -7.488933 -342.0982 47.3403 -0.1634004 -342.1611 50.40913 -0.2465562 -340.9338 53.27414 -0.4950565 -340.9594 55.23352 -0.6084904 419.9654 287.3352 -6.888357 427.8648 330.7265 -3.946242 440.2333 369.218 -2.636816 248.5207 610.5504 22.2853 246.476 615.7554 22.32219 244.5197 617.4291 22.333 48.49066 159.2267 12.35191 -387.6365 -534.1179 -13.94703 -182.87 86.83457 2.688813 -184.8611 93.10604 2.925717 -186.3038 95.83414 3.011672 -372.8859 -557.1072 -13.31673 -31.51904 61.90745 -12.11976 -34.27075 64.0348 -11.85889 461.3514 447.2226 -2.401848 -124.2034 96.46223 2.963243 365.5978 567.3357 9.468477 366.8066 570.0102 9.119526 123.02 402.2251 31.1771 -334.4161 -681.9961 -9.863516 -336.5817 -677.1806 -10.15809 -337.5073 -674.2076 -10.07545 -415.0649 -679.3124 -9.763129 -418.2149 -680.5488 -9.293601 241.8483 106.4729 -11.388 240.4225 110.6176 -10.78373 409.048 253.8771 -7.977217 148.217 85.12345 -12.73216 146.3507 87.69154 -12.18322 145.1535 92.30639 -11.52479 171.8452 209.0023 13.97502 -467.9558 -212.3233 -13.74578 -477.635 -175.1308 -13.17156 -285.2417 -661.7301 -10.21444 -289.191 -662.2337 -10.33769 400.4986 552.2678 3.68633 397.0352 553.3827 3.529056 394.5788 552.2982 3.404255 -514.5112 -16.85275 -1.144454 -364.541 2.199296 -12.32673 379.2863 628.3073 -0.4114228 376.4452 628.69 0.2202109 373.7454 630.3386 0.6094551 -429.2241 -623.0845 -11.14454 417.4146 297.6766 -5.211911 -337.8683 44.9457 -0.8515792 53.33342 165.9021 12.21515 -499.3683 9.848031 -0.08491575 -501.8307 11.55524 0.07834196 435.5589 651.0322 -2.099161 428.9341 651.9179 -1.761353 474.8872 493.0566 -3.920651 472.6009 495.8165 -3.498562 -15.33445 145.3325 11.17298 462.9776 458.4736 -2.495928 -122.9076 105.4755 4.391435 321.136 132.1011 -11.53341 317.5561 134.0938 -10.63935 -216.1051 82.35882 2.736148 -10.65849 151.7826 11.40015 -13.63152 153.7372 11.46938 443.2059 361.131 -4.135708 -47.03224 55.23989 -12.93558 411.1431 261.5746 -7.706871 405.8875 261.7002 -6.631433 477.2878 501.9026 -4.490116 474.2192 500.6448 -3.891012 467.1718 539.6025 -3.520227 311.2302 131.0112 -10.74194 -294.1818 7.727759 -13.54906 -296.4196 11.17784 -12.97984 -473.8026 -163.9972 -13.5268 -478.1957 -164.2239 -13.15012 -470.7218 -121.409 -14.0463 76.22536 76.59675 -12.65516 74.6878 80.75622 -11.94861 75.35202 84.07493 -11.24663 143.983 83.54167 -12.92899 141.253 85.61766 -12.40632 137.7189 86.97012 -12.32283 -398.1194 32.88951 0.001915991 -469.7268 -201.5183 -13.62331 -141.6524 25.66632 -13.18039 -142.6078 29.45297 -13.05215 -433.554 -613.6865 -11.37381 -326.6201 -617.0014 -11.70304 -520.3965 -59.53308 -3.973985 413.1748 267.5445 -7.26269 419.6252 307.9161 -4.479242 -427.0781 -16.19901 -15.08624 -428.9141 -12.28717 -15.41546 -430.9754 -9.219573 -14.28522 233.5642 597.2395 22.56703 231.4545 598.9514 22.55572 -409.5348 -699.0781 -7.686459 -408.8195 -694.023 -9.26417 -422.4479 28.22672 -0.2330675 467.6842 506.6066 -3.147425 -446.8267 -23.24315 -12.27423 376.67 620.8179 1.116237 373.6057 624.9187 0.6405395 371.0711 627.2297 0.192274 134.574 385.5603 31.74688 131.5964 384.839 31.78981 128.6347 385.2263 31.57734 -201.6775 31.69643 -12.06046 -372.565 -550.7809 -12.62755 -375.4323 -552.8529 -13.06256 366.192 173.9855 -8.614612 -86.25766 19.16258 -13.37846 -87.50042 23.07713 -13.13933 450.3369 372.4672 -4.6714 446.9299 372.2774 -3.828233 -419.9713 -391.911 -14.87903 405.6166 271.7879 -5.036346 475.3397 511.7076 -4.134973 467.9378 550.6162 -3.764362 -533.5102 -348.6519 -12.72775 -530.7245 -345.6055 -12.66423 322.4745 663.0217 16.25341 -433.723 -259.65 -13.36307 -431.7498 -256.0905 -13.69498 -457.7344 -232.715 -13.98891 -473.6176 -153.1616 -13.62797 -478.1801 -153.1995 -13.22103 -475.3182 -111.0708 -13.15658 94.04366 162.3522 10.65084 95.53134 164.7883 11.80647 94.01686 170.3355 11.45221 120.3307 171.004 10.87422 -341.9157 -688.2775 -8.827729 -341.9868 -683.8363 -9.892275 403.0771 237.5978 -8.321704 400.4066 239.3347 -7.808247 398.5032 243.0302 -7.312287 24.43094 74.35203 -12.10726 -323.0872 -607.7722 -11.89164 -320.8112 -604.0358 -11.3342 -510.8921 -10.89591 -1.061383 -460.2113 22.7945 0.1929834 -420.1053 36.71268 0.6719917 -409.4521 -680.3654 -10.09009 -547.1791 -185.563 -7.841558 132.3534 392.6795 31.22088 126.8965 390.0946 31.65138 124.2475 388.9995 31.63309 449.8613 380.8323 -3.727427 446.048 382.5283 -2.646364 440.6678 652.4481 -2.052594 229.4475 103.0441 -11.73933 171.6521 492.8587 25.56882 -535.0739 -160.6346 -7.808042 476.3771 522.6284 -4.298456 -528.3879 -334.6419 -12.98621 132.9116 84.55154 -12.43405 164.967 196.081 13.28989 -281.6687 68.88317 1.113924 -256.6177 15.64757 -13.03798 -474.2221 -98.90719 -12.79984 -473.2649 -142.3524 -13.69536 -478.0682 -142.3517 -13.29286 407.0599 540.4634 4.751064 402.0666 540.6391 4.922448 -507.4139 -22.98081 -2.410839 -101.9837 30.61324 -11.8076 -350.0641 49.54385 -0.6130682 -531.3014 -80.19782 -4.178541 -533.9431 -78.83566 -3.688217 142.3495 370.6546 30.79514 143.5405 373.3565 30.84292 146.7071 378.1687 30.51196 -521.3897 -38.60037 -1.962228 178.757 202.5522 12.64961 -417.0936 -675.2766 -9.83444 60.96345 160.253 11.9672 363.0665 600.7914 2.329672 365.0007 603.5924 1.624952 -196.4074 91.01003 2.750709 -439.6443 -29.45674 -13.63473 -543.7476 -172.6173 -8.087136 -24.87332 137.7427 10.02777 -135.1629 100.9754 3.624629 -417.9871 -374.0164 -14.84892 469.996 528.8775 -3.515628 -427.2583 -328.1842 -14.57434 -453.519 -577.2902 -11.87434 314.408 661.7703 17.5644 312.6109 666.565 17.4122 -367.6953 -574.1198 -12.70319 -372.9301 -572.301 -12.03548 171.5569 501.8852 25.60341 166.6335 502.5975 25.62856 -537.96 -148.4602 -6.972351 -542.6737 -148.2496 -6.76099 480.1821 533.976 -4.947978 477.0385 533.0726 -4.40577 135.5697 93.32057 -10.93981 445.0523 649.2922 -2.213022 -472.3372 -131.9954 -13.9382 -477.6724 -132.0679 -13.50215 267.1636 119.6976 -10.43868 -370.6123 1.400238 -12.59238 -362.2648 38.1966 -1.322344 389.2721 626.8211 -0.3912826 46.83764 165.4335 12.38605 -65.42374 130.9998 8.656816 -442.6112 -18.79426 -12.71972 183.8859 218.4627 15.30183 -367.5219 -563.3159 -13.76254 -372.4275 -564.1518 -13.80416 -30.5325 58.8421 -12.89184 367.5997 612.5755 0.8140104 366.2488 616.0315 0.854393 362.2517 617.7349 1.220984 -543.3499 -160.2734 -7.777606 -337.2293 -683.5989 -10.03248 -340.7254 -680.2273 -10.71357 -58.36399 130.2207 8.926762 -63.62953 135.241 9.087723 -23.38624 148.7572 11.17872 -411.0224 -399.9198 -14.37165 -381.1222 -546.2157 -13.36317 1.648073 150.0304 12.40178 -503.8852 -456.0108 -14.01141 -416.3083 -406.9125 -14.02806 171.8283 510.1448 25.29517 -374.2113 -568.0841 -12.48705 389.4937 229.8125 -7.17256 -537.0029 -141.8702 -6.71388 -541.3932 -143.7832 -6.620821 -544.5061 -145.0787 -6.353067 478.4285 537.8852 -4.610258 305.5686 128.5158 -10.71095 304.8902 133.1053 -9.972733 -448.4614 -242.1096 -13.43173 -267.8168 74.27633 1.754968 -281.4468 -647.8542 -10.115 -284.2403 -649.8917 -10.286 -387.4717 34.75098 -0.06128937 -508.3986 -5.611904 -0.691687 -360.9664 47.40395 -0.476708 -95.11472 19.52082 -13.0353 -96.38246 23.43031 -12.75679 178.2704 513.0501 25.24932 176.2591 517.7216 25.10404 174.2678 519.3168 25.00866 180.7475 219.2998 15.40778 -432.3688 27.06534 0.05098122 -431.6416 30.21016 0.7284212 -435.5155 37.07845 0.7259059 351.9852 582.1174 11.1242 354.0889 586.4854 10.87827 356.1351 589.1451 10.75007 471.8475 544.3583 -3.699513 -432.9539 -25.56893 -14.4059 132.1277 423.4358 29.67595 126.7197 425.4159 29.70285 -416.6689 -350.9565 -14.14454 -501.3447 -448.7107 -14.1014 268.0601 640.8798 21.65168 264.4174 641.4146 21.70435 381.4911 194.5274 -8.399065 380.4562 199.0767 -7.829393 -536.4908 -136.2783 -6.53614 -540.2548 -135.433 -6.582643 -543.0631 -136.1711 -6.252218 478.88 549.8696 -4.661515 -531.7764 -310.2196 -12.06601 -291.4678 57.76338 -0.8600041 -480.0286 -116.1448 -13.35121 -284.3779 -666.1501 -9.373332 -376.5601 6.823514 -11.68111 86.6357 170.0688 11.34264 -503.5921 2.937294 -0.3271742 -507.952 2.710135 -0.06491011 129.0098 171.314 10.25598 -352.5644 -692.5435 -7.812637 -354.4096 -689.3445 -8.683388 -353.1525 -681.6672 -9.641673 -336.2958 -608.2682 -12.20767 -437.4843 -270.907 -14.12648 -430.4705 -19.56005 -14.60222 -436.1599 -16.47053 -13.99102 -439.0515 -15.08178 -13.3293 -204.3547 80.30601 1.158229 472.0484 555.4696 -3.977734 -145.483 89.97907 2.252341 -415.958 -339.1861 -14.41413 -421.5008 -341.6929 -14.29876 374.5805 184.5899 -8.483054 -423.1142 -301.1383 -13.79852 -427.2734 -303.0585 -13.79753 404.3729 533.3621 5.433433 400.5372 537.7716 5.296468 223.1751 100.0567 -12.21931 -502.4449 -440.7867 -14.18683 271.0095 648.2987 21.4107 417.6301 281.4532 -6.656281 -534.9371 -125.7516 -6.336182 -538.8171 -124.8305 -6.357623 478.6293 560.5869 -4.726662 194.6034 234.2784 17.80331 191.8739 237.7111 18.13771 -532.3267 -297.1927 -11.71123 155.0156 195.6076 12.45169 154.1238 198.9281 12.75595 -442.0234 -249.2583 -13.30553 122.0277 83.50399 -12.43647 -282.2681 -656.726 -10.07948 -285.9295 -654.5209 -10.40621 129.8276 180.4715 11.25111 -154.3606 30.18242 -12.76278 136.034 375.6448 30.98069 136.0761 379.3204 31.07575 -460.6718 -68.84186 -12.61684 35.50238 154.4246 11.83558 89.62332 88.41676 -10.75765 163.8309 497.6868 25.80544 71.40552 161.3657 12.10304 -333.0671 -599.3943 -12.87847 -331.7717 -596.02 -12.43693 -202.0766 90.80333 2.758898 -142.278 100.0741 3.570647 135.0843 441.8077 28.81771 131.4449 440.4899 28.841 128.6609 440.6505 28.85177 -412.1951 -331.2305 -14.87179 -417.7869 -331.4629 -14.27378 -424.6741 -291.7932 -13.73499 -429.0323 -293.2782 -13.75019 400.0042 545.3735 4.203218 401.9587 547.3719 4.035943 307.0004 661.4778 18.15876 -409.419 -373.6973 -15.00125 457.4655 393.7761 -4.621094 453.3888 392.4722 -3.664431 -358.0093 -574.0614 -13.07834 179.117 503.4676 24.99578 370.8273 179.6545 -8.568332 414.0746 293.1102 -4.684924 -536.6566 -113.9038 -5.876497 478.7887 571.2043 -4.706949 292.5295 123.8258 -10.87146 -438.5137 -254.2898 -13.13996 -440.0463 -254.074 -13.20756 124.5422 92.10589 -10.90912 279.2058 116.8459 -11.61382 28.07031 77.06009 -11.32003 -370.977 36.34743 -1.218107 -371.5084 39.19982 -0.3015744 -381.7113 0.3339087 -12.93213 10.51476 151.8382 12.67249 37.88807 164.4659 12.40459 155.651 469.7255 26.86567 -73.52378 127.4953 7.988089 -225.5135 18.90143 -13.22947 151.1183 371.8794 30.55846 146.8229 370.1102 30.82271 145.3974 368.4252 30.80763 -31.65262 145.7178 10.79227 -32.96475 148.8982 11.00818 -357.4071 -693.7268 -7.965725 -359.1143 -689.6959 -9.16541 -360.3417 -684.1808 -9.899785 -414.1973 -323.8182 -14.60276 -418.4256 -325.0382 -14.11852 -426.0653 -281.7448 -13.78866 401.0718 558.6192 3.340685 457.2325 404.0411 -3.858367 -415.4136 -368.0683 -14.45222 -535.7796 -102.0477 -5.199149 479.0579 581.9506 -4.523743 -317.3475 52.24051 -0.2763772 -530.9691 -275.8567 -11.58503 -310.7873 8.926182 -12.72076 -310.7742 14.82783 -11.99143 -259.3493 71.48496 1.278933 -375.1956 34.41269 -1.398525 -379.4421 34.7904 -0.5707949 74.57801 159.323 10.75926 -386.5323 -690.268 -10.11487 395.1547 636.7155 -0.8114721 -330.7886 -670.5725 -9.837057 -106.9207 24.36948 -12.85695 205.9323 296.8799 24.78677 205.96 553.1265 23.75421 -440.6102 25.56783 0.07026404 -441.0606 28.37718 0.7691048 -442.6925 32.90359 0.8146306 -29.66613 66.15575 -11.57134 -394.013 -540.1637 -12.63494 -349.4351 -594.5211 -12.80711 -427.3686 -269.3316 -13.84171 -419.6129 -314.5658 -13.95378 -463.4234 -557.906 -12.84921 179.3429 521.5548 24.93658 -412.1754 -357.7767 -14.50095 -534.9352 -93.56816 -4.799803 478.4894 591.8109 -4.338759 187.4531 222.3617 15.86408 185.4542 226.4111 16.63571 142.8777 189.1228 11.77505 345.5693 635.2313 13.34216 339.2786 632.5464 13.14435 336.0823 631.3795 13.20929 354.5649 592.5729 11.12324 351.4908 591.3991 11.29672 -303.1906 61.49856 -0.0622124 -305.6707 64.64186 0.159218 -294.0907 -670.9614 -9.681413 -294.3218 -667.6946 -10.0049 -469.9639 -116.7615 -13.93141 75.46066 168.9344 11.63382 392.5919 526.9588 6.503078 393.0149 529.0824 6.528902 393.147 534.4667 6.467933 392.9417 538.5926 6.85295 188.3985 230.2371 17.13327 185.393 231.8388 17.26829 -471.9882 -537.7894 -13.07827 -391.2568 -527.5706 -14.02294 284.9777 119.141 -11.73544 -514.6631 -422.0623 -13.72293 233.4868 590.4508 22.80609 228.498 591.0214 22.73067 -533.3564 -343.0408 -12.6633 -426.5087 -265.3731 -14.00895 -430.194 -265.5922 -13.59036 -461.5729 -549.8965 -13.01825 461.2688 419.4608 -3.825621 456.913 420.1526 -2.740604 454.868 422.8367 -2.168962 215.8617 100.1152 -11.81993 -345.4069 -581.1235 -12.05932 -349.2328 -583.6396 -12.65567 364.6525 168.3348 -9.25634 363.4442 171.8832 -8.519852 113.054 78.8038 -13.27048 111.1034 82.25525 -12.42381 482.5491 599.5166 -4.557858 479.0949 597.9818 -4.210331 473.717 598.1098 -4.031892 352.3396 600.6544 11.32433 348.5715 600.2254 11.63424 346.3652 639.4912 13.28358 344.7083 639.3506 13.2575 342.0784 640.3951 13.98433 338.77 639.8101 14.22038 -426.9687 -5.792094 -13.92145 -469.0159 -105.1156 -13.45232 -295.819 -658.1458 -10.26752 -492.0979 12.23232 0.2505583 -495.7863 13.67445 0.2314706 141.7877 179.7242 11.19434 -370.0254 -698.1249 -7.439354 -367.5386 -692.6775 -9.16329 -384.342 32.4975 -1.259036 -163.0046 29.1884 -12.47784 -165.9046 33.88339 -12.05697 -345.9475 -598.8793 -12.48473 -81.747 33.77717 -12.37896 29.04521 154.3006 12.10277 27.55615 157.1591 12.38618 25.27441 162.3005 12.43201 -85.21292 121.2936 6.725715 80.41343 162.4273 12.15257 -211.5217 89.29535 2.765318 -470.6917 -527.6367 -13.4426 160.8744 362.1034 30.45849 156.9134 361.416 30.52907 -515.5393 -414.0479 -13.86155 -519.0048 -413.7799 -13.84516 -528.4182 -374.1477 -13.72775 -531.901 -374.9057 -13.78313 296.8548 666.0881 19.03529 295.8344 669.2529 19.06955 -504.7034 -451.7162 -13.94367 -513.1431 -429.5129 -13.67795 -512.2664 -426.1139 -13.58273 421.7489 292.3324 -6.669296 -250.0267 17.4977 -13.04875 -251.6015 22.069 -12.44082 -188.4294 85.66694 2.650328 112.7673 91.68613 -10.64403 480.8517 608.9492 -3.993137 475.7421 609.2001 -3.791467 -534.7651 -258.9534 -10.56618 148.6657 365.9856 30.76809 148.79 367.7718 30.9164 149.4892 368.6087 31.0938 149.9396 369.4457 30.97245 -493.6433 -484.1992 -14.06617 -492.6058 -484.455 -14.02908 -491.8899 -484.4943 -14.04209 -111.2642 27.66313 -11.02801 -112.1116 30.27771 -11.86604 -471.8187 -111.0408 -13.03278 -473.7687 -111.0573 -12.92738 -426.6715 28.42196 0.3525471 -425.2682 30.22843 0.6273376 81.21364 170.0116 11.4883 81.62355 168.8507 11.56072 81.42345 167.1562 12.06826 -299.3113 -623.2663 -10.93176 368.8912 624.0008 0.03246253 370.4413 623.1195 0.6559738 -472.1255 -137.6477 -13.76759 -474.4302 -136.6593 -13.30119 -476.6325 -136.671 -13.12765 -478.8439 -137.6776 -13.22247 480.1531 555.3939 -4.812281 477.2633 554.8138 -4.116441 474.4292 554.927 -3.845542 -325.0581 4.800725 -12.56852 -326.6168 6.034991 -12.52957 -326.9954 7.972315 -12.81725 -327.5475 9.893009 -12.7188 -328.2919 11.87229 -12.10997 -497.1573 -473.7498 -13.93254 -496.4031 -473.0884 -13.80375 -495.6975 -472.4916 -13.86772 -460.5942 -64.41899 -12.0854 -462.0583 -64.1426 -11.97141 -536.0546 -249.1623 -10.3634 -541.03 -249.0455 -10.85153 -540.2467 -249.2843 -10.6228 -539.5211 -249.021 -10.54381 468.2681 529.4218 -3.49879 -470.3779 -99.17313 -12.86833 -472.3898 -99.00733 -12.74524 -319.9935 50.35434 -0.5601381 -424.9556 34.06899 0.8767782 -389.1634 -546.7513 -12.97504 -385.0775 -541.8187 -15.09774 -385.985 -544.0164 -14.95073 -387.1622 -546.6594 -13.58813 -319.3412 -678.5059 -9.951827 -320.6538 -676.8282 -10.60247 -320.2949 -675.3182 -11.25435 -320.5482 -674.1325 -11.06705 201.6475 554.7808 23.8799 202.5359 554.073 23.92462 203.4763 553.6921 23.88978 479.7331 565.0049 -4.752261 477.3276 565.8344 -4.336769 474.4251 566.234 -4.169436 166.7138 88.68035 -12.34989 -536.7698 -238.8792 -10.10118 -541.6486 -239.1492 -10.10706 -540.9662 -238.9049 -9.90052 -540.2543 -238.6173 -9.926082 -468.3596 -87.47728 -12.43964 -470.358 -87.03037 -12.28152 233.9296 102.2292 -11.94506 232.8001 103.1445 -11.64313 233.6979 104.7431 -11.07476 234.5114 106.1181 -10.82776 477.8314 577.3065 -4.343341 474.7311 577.4237 -4.22548 11.23709 160.1493 12.17701 11.21143 158.6535 12.10202 11.23805 156.878 12.49791 69.53048 159.6911 11.23487 -499.6554 -461.7868 -13.80605 -499.2242 -460.819 -13.86942 -497.901 -457.8725 -14.09629 187.7209 536.7718 24.52256 189.0363 534.6279 24.91521 190.471 532.9338 25.02375 -465.1655 -76.0709 -12.0925 -466.5844 -74.53522 -11.96565 236.1403 110.4598 -10.73083 -231.5204 18.17029 -13.07444 -231.8769 20.55849 -12.50062 -232.4936 23.26674 -12.19499 477.2176 587.2025 -4.054888 -387.4586 -529.3007 -13.94876 -389.2012 -530.6253 -14.24007 -390.4324 -531.4165 -14.53296 -391.6828 -532.1542 -14.31192 70.81548 169.2324 11.77761 70.51551 167.6738 11.80337 70.69185 166.0252 12.12102 -436.1963 27.14284 0.5295253 -439.182 35.91791 0.6646967 -435.5937 28.86325 0.8266832 -423.0116 -296.8321 -13.68883 -424.6737 -297.3753 -13.33873 -426.5112 -298.1217 -13.33829 -537.4796 -217.0445 -9.126923 130.9111 380.6428 31.15443 130.535 382.5578 31.36414 -205.467 91.23978 2.73796 -204.9452 90.20139 2.806351 -204.6528 89.04101 2.810922 -307.2037 -617.7169 -11.23726 -308.4989 -619.39 -11.59672 -309.6279 -621.2053 -11.73519 139.0966 373.6001 30.94045 139.2953 375.7159 31.16227 140.2966 376.7917 31.46513 141.0878 378.0934 31.33271 -329.696 46.72137 -1.001747 -328.1024 49.02544 -0.5257369 -489.0243 -497.0274 -13.83102 -487.384 -496.4561 -13.46675 -485.2397 -496.2153 -13.50712 -431.1472 -288.7897 -13.77454 -424.5196 -287.1626 -13.68034 -426.5215 -286.7832 -13.35616 -428.686 -287.3429 -13.37864 206.5968 254.1906 19.88496 133.8776 386.4871 31.83048 -330.2472 -681.6964 -9.911768 -332.2012 -681.1452 -10.43698 -332.6521 -679.7753 -10.4104 179.4635 526.5126 24.79563 181.2862 526.1499 24.92638 182.1655 525.0338 25.11203 183.3217 524.8662 25.09184 473.5299 604.325 -3.805778 480.9365 602.5698 -4.05254 478.9174 602.5007 -3.499668 476.3568 603.0964 -3.468712 -349.0631 0.2289084 -12.57629 -350.5865 1.82089 -12.3179 -350.5327 6.357513 -12.14378 127.2219 396.3386 31.89068 128.2378 396.5964 31.71208 279.0428 118.6535 -10.81646 278.5081 120.5834 -10.43802 277.3905 122.6749 -10.41858 0.341468 157.382 11.93295 -0.04215008 155.7237 11.8744 0.3310579 154.1746 12.21967 -424.493 -275.4905 -13.88652 -427.4917 -275.0378 -13.40898 -430.6196 -275.3041 -13.41553 -218.4218 80.24758 2.459535 -339.7019 43.03086 -1.284414 483.6248 614.7305 -4.201985 482.2624 613.6218 -3.965286 480.3016 613.8663 -3.416363 477.6547 613.8624 -3.359151 475.1936 613.6796 -3.683726 0 0 0 -339.7171 -684.8751 -10.10213 -339.9433 -683.3058 -11.03544 -340.3584 -681.8031 -11.2647 -445.1927 26.05438 0.3255453 -448.7543 34.48131 0.6775621 -447.5056 32.47912 0.7710101 -447.6044 31.33052 0.9418237 -447.0406 30.00995 0.8700187 59.71282 167.9098 12.11869 59.09061 166.3549 12.1639 59.45088 164.7274 12.37921 -504.0141 -451.0674 -13.84416 -503.346 -450.4777 -13.90118 -216.2889 88.97856 2.763197 -216.2971 86.25299 2.878049 168.2779 506.3435 25.50327 168.9282 504.8598 25.63514 169.6587 504.0893 25.65021 201.2334 242.446 18.55552 195.0021 245.1178 19.07999 195.9944 244.2322 19.10554 197.429 243.7608 18.99545 -545.6867 -214.5522 -8.660799 -340.8586 47.62784 -0.1949054 -426.5224 -625.8109 -11.1366 -425.4492 -625.522 -11.18615 -424.6638 -625.4089 -11.11162 483.6163 625.882 -4.036697 481.2799 625.9865 -3.416122 478.1189 625.7937 -3.28987 475.408 625.124 -3.600713 -340.5279 -676.9064 -10.32888 -429.4911 -261.5996 -13.6033 -430.2643 -263.2165 -13.42629 -431.7846 -263.652 -13.13623 -433.9359 -264.0131 -13.17118 -504.4753 -437.4591 -14.04837 -393.6076 -517.389 -14.0767 -395.3694 -518.4657 -14.06767 -396.5632 -521.497 -14.00025 -110.418 111.682 5.04209 -110.4666 109.9851 4.970017 -110.0703 108.2999 4.790424 198.0706 255.2055 20.60966 199.3177 254.8759 20.75637 200.7836 254.6696 20.63797 172.0959 515.3989 25.13627 174.1679 515.5567 25.23604 175.2814 514.8942 25.41652 176.0988 514.3845 25.40659 -11.14349 150.921 11.3441 -10.88967 149.7567 11.44091 266.2499 108.8516 -12.62904 263.0625 108.8561 -12.2656 0 0 0 0 0 0 -433.1481 -618.1591 -11.38786 -432.0978 -616.7883 -11.43643 -431.5245 -615.8092 -11.38191 473.8085 636.5042 -2.990964 483.0823 635.5203 -3.717609 481.4653 637.2532 -3.020283 478.5228 637.5191 -2.739227 475.9785 636.8671 -2.914556 151.8199 86.219 -12.5457 150.6756 87.7534 -12.39096 150.7657 89.83733 -12.64488 150.3298 92.03789 -12.35091 149.3772 94.44301 -11.38803 127.9529 430.7067 29.47986 129.3439 430.2072 29.61745 130.7923 429.4796 29.58966 -397.9294 -508.3793 -14.09873 -510.493 -426.5711 -13.51963 -508.6052 -426.6766 -13.80596 143.7753 462.6346 27.47031 145.0117 462.4237 27.48194 146.3906 461.7579 27.47922 197.3355 266.0069 22.07977 199.815 266.1376 22.14437 201.1664 266.2566 22.24616 202.6769 266.3515 22.10082 -362.4809 5.954792 -11.95765 121.4793 396.4885 31.57481 -227.9568 78.13922 2.29977 -227.6038 81.03498 2.860654 472.081 644.3915 -2.618084 477.3592 649.5415 -2.439364 475.8079 648.0602 -2.268025 161.8097 495.6344 25.90486 162.7831 494.4995 25.98753 163.4986 493.522 26.00495 188.0735 235.3962 17.76098 189.893 233.9997 17.78882 190.8592 233.3079 17.89222 191.9481 233.3718 17.88488 -541.9268 -153.7835 -7.960815 -540.8851 -153.6304 -7.839437 -537.7513 -153.218 -7.424491 47.6789 157.7798 12.10339 181.4417 207.894 13.58758 181.5348 213.7958 14.40797 135.5725 440.8079 28.98526 136.4748 440.1137 28.95357 -136.8476 25.9366 -13.07719 -137.9903 28.17186 -13.0566 -137.1487 31.13349 -12.15757 -136.8111 33.7882 -12.6845 -348.7886 -690.5658 -8.403633 -351.9193 -690.8273 -8.333022 -544.4459 -189.3016 -8.068525 -543.1369 -189.5101 -8.07391 -542.1049 -189.5062 -8.054018 -53.16985 41.44108 -12.80517 -57.45265 39.24104 -12.57857 120.4171 407.3353 30.91216 122.1801 408.2072 30.9209 123.4942 407.4172 31.07719 125.1751 407.4223 30.98374 199.9335 277.3418 23.5256 201.2284 277.8868 23.5621 202.7441 278.0364 23.39105 -120.4276 98.6314 3.659715 126.821 83.07559 -12.62533 127.2137 85.5082 -12.59705 127.4654 87.75192 -12.32464 -461.086 25.95512 0.8551916 47.07773 164.5455 12.2708 47.38245 163.0933 12.57037 -59.36839 43.58613 -12.86143 175.1307 216.7285 14.83829 176.8229 215.4257 14.74127 -440.4431 -260.44 -13.45571 -439.5591 -255.662 -13.15658 -440.1411 -258.5775 -13.29569 197.8332 288.1659 24.9748 -544.3236 -177.8336 -8.110298 -543.2163 -178.2053 -8.197521 -542.3549 -178.3773 -8.151673 -40.84417 48.70927 -13.67391 150.0418 475.7212 26.89277 150.9456 473.9679 26.92354 -122.3293 104.7953 4.509485 -121.4859 103.6189 4.442447 143.7312 447.5941 28.13211 140.0651 452.1884 28.21125 141.0996 451.0187 28.20396 256.6278 113.5484 -11.01974 -22.86743 147.6926 11.16327 -22.05055 146.1922 11.10359 -542.9856 -140.3965 -6.474252 -541.3623 -139.7589 -6.719966 -540.5962 -140.7404 -7.004135 -539.7037 -141.0508 -6.931768 140.1287 93.49108 -11.14116 138.5303 88.41621 -12.5527 138.8739 89.9639 -12.32993 138.7822 91.67901 -11.60604 361.343 170.341 -8.298244 181.2664 224.5032 16.19263 183.2095 223.3011 16.2349 185.1545 222.4454 16.31634 -438.2053 -252.5483 -13.20294 -545.9105 -167.4184 -7.919146 -544.072 -165.7324 -8.201636 -542.9679 -165.8235 -8.602459 -542.1046 -165.8721 -8.473443 -41.55618 51.27326 -13.19458 -407.8663 -508.423 -13.93905 170.9724 199.8462 13.4669 -541.6621 -130.46 -6.390629 -540.0376 -129.3181 -6.706304 -539.2045 -129.5351 -7.114855 -538.2173 -129.6399 -6.965007 -236.5101 75.5902 1.775837 -238.9182 83.99141 2.482318 -238.4643 82.86368 2.575757 -238.0858 81.54816 2.557506 -236.8723 77.67918 2.28159 -493.7501 6.008996 -0.2095625 -439.0367 -607.7785 -11.45758 -438.1584 -606.2925 -11.40381 -357.3094 40.24249 -0.7367661 -515.9721 -416.9258 -13.63228 -515.0111 -416.7884 -13.45278 -514.0131 -416.6721 -13.57519 344.3164 151.1323 -9.356635 342.9282 151.7689 -9.152479 202.7574 305.4689 25.57331 194.9153 301.8186 26.67262 196.3997 301.7053 26.63443 197.6735 302.6265 26.44346 -354.5555 -681.8557 -9.62787 -403.146 -495.519 -13.83955 -405.3738 -497.8981 -13.7417 316.051 130.2026 -11.39522 313.378 132.8939 -10.40076 312.7828 134.9156 -10.08494 -129.4385 96.40977 3.196004 -133.8854 100.8305 3.802347 -132.7915 99.67117 3.697389 -492.3897 17.35159 0.4441438 -492.6751 16.34987 0.2775825 -492.5536 15.32347 0.2922908 466.9184 649.6209 -2.661948 117.5337 80.25156 -12.9797 115.9082 81.80715 -12.80197 115.7912 84.1313 -13.11384 115.723 86.53044 -12.81326 -332.4897 -610.2207 -12.35417 -330.1024 -605.7659 -14.1775 -330.254 -607.6203 -13.99931 -330.7154 -609.5507 -12.78317 -538.3681 -118.5089 -6.194499 -537.4286 -118.7294 -6.534234 -536.3448 -119.4685 -6.489284 -147.8144 26.83454 -13.39415 -149.1593 28.71802 -13.1876 -148.3947 31.01239 -13.42529 -147.5228 33.38948 -13.46868 -256.2968 17.33622 -12.56964 -256.4959 19.19606 -12.32923 -257.2352 21.30622 -12.29064 -356.52 50.88029 -0.7023463 -354.862 49.18672 -0.5511135 -354.7084 47.73668 -0.3691105 -354.668 46.30772 -0.3356493 -512.4432 -401.17 -14.17972 0 0 0 0 0 0 -520.232 -38.59202 -2.057255 -519.1896 -38.55157 -2.18646 -30.84882 136.8944 10.28138 -406.6507 -487.3 -13.53657 -408.7858 -487.0203 -13.17925 -410.9657 -486.9873 -13.23767 -537.2485 -107.3428 -5.511138 -536.3189 -107.6826 -5.849428 -535.1532 -107.8769 -5.893629 118.6804 90.43056 -11.26769 -522.7672 -74.18689 -4.572055 -529.0038 -70.16328 -3.406733 -528.2426 -70.74753 -3.456938 -527.2537 -71.38128 -3.651162 247.0521 105.8988 -11.74654 246.0568 107.9539 -11.00948 245.0867 110.1201 -10.64436 243.8785 112.4322 -10.60012 -250.5455 71.97573 0.9643843 -506.997 -1.024134 -0.4755162 -506.6143 -2.057361 -0.6837179 -505.8762 -2.999001 -0.7732872 358.7307 570.7806 10.34969 358.0368 568.1432 10.20544 251.9132 623.7084 21.94341 252.5316 622.2364 22.02652 253.1839 621.3662 21.97756 -445.5706 -246.0505 -13.22766 -446.7837 -247.0739 -13.19467 -448.5442 -248.3836 -13.40072 334.9812 141.7593 -10.2572 334.7829 143.3214 -9.6385 334.2104 144.7346 -9.327363 -335.8604 -595.4826 -13.26483 -337.5309 -597.3572 -14.23358 -339.0177 -599.0153 -14.18304 -340.3498 -600.5749 -13.16376 -534.2002 -94.33979 -5.219828 -533.2142 -94.97309 -5.304852 -365.0916 -694.7285 -8.641959 -526.5502 -59.40379 -3.236854 -525.4817 -59.52785 -3.574316 -524.2187 -59.53361 -3.680112 -250.2065 82.96474 2.35 -249.2102 81.04354 2.417562 -249.6009 79.51399 2.491436 -249.2967 78.11078 2.305123 -503.9212 7.366762 -0.2375878 -501.8375 7.797109 -0.3917508 -501.312 7.608562 -0.6308555 -500.4605 7.293677 -0.4965568 158.9915 201.2409 12.95443 159.1064 198.0962 12.91376 160.239 195.273 13.03656 362.1992 575.7422 9.841701 361.2378 574.1339 9.922516 -518.3632 -390.8927 -14.00485 -517.51 -389.52 -14.10318 -376.7949 -0.238797 -13.09 -376.0545 2.207923 -12.92656 -375.9783 4.524236 -12.47138 -476.183 16.67694 -0.07893794 -517.6503 -20.94783 -1.03797 -366.1815 37.90564 -0.9007154 -365.2796 39.85654 -0.4515732 337.3786 153.5806 -8.803408 -70.22851 33.13089 -13.3 -340.6934 -588.2001 -12.86224 -342.6985 -589.4611 -13.50196 -524.7374 -48.35684 -2.427997 -523.7161 -48.48781 -2.580449 -522.723 -48.55352 -2.703855 400.9601 527.764 5.942434 -365.2234 -683.788 -10.12982 -364.3923 -690.6052 -10.54636 -364.4429 -689.5858 -10.55646 -364.5819 -686.5011 -10.29118 -446.2274 -596.6189 -11.42624 -445.0965 -594.8701 -11.25632 -443.9448 -595.0357 -11.03733 -443.1446 -594.6661 -11.09655 456.2858 657.1556 -1.538787 456.4348 655.6629 -1.456982 456.4896 654.0986 -1.537769 357.813 584.0342 10.55021 356.2318 583.08 10.83672 355.0219 582.723 11.31137 353.4907 582.252 11.40472 -409.814 -476.3423 -13.71303 -162.1137 35.59778 -12.07989 -159.9065 28.30593 -12.7598 -160.4266 30.19093 -12.94445 -161.1316 32.58904 -12.75407 -374.2705 8.239792 -11.27636 -473.1296 28.95153 0.5725983 -471.9151 27.79778 0.4613836 -472.4503 26.90911 0.3245878 -472.9087 25.95458 0.4064646 -512.9992 -12.96829 -1.16107 -512.2412 -13.62816 -1.432844 -511.3102 -14.2252 -1.510699 192.9368 312.9721 27.78729 194.0557 313.8599 27.57007 243.8632 613.7637 22.47849 245.5585 612.3425 22.78381 247.2019 611.2108 22.7341 34.07378 164.8237 12.34315 34.39329 163.3972 12.20128 34.60299 162.064 12.33481 -532.7575 -82.63359 -4.370813 -531.8833 -82.84649 -4.707182 396.9436 536.6174 6.031058 397.179 533.7872 6.109867 -448.8594 -583.9284 -11.53145 151.7373 188.6451 12.66708 153.2189 185.7621 11.89128 187.3093 326.8252 28.70517 188.5957 327.1383 28.46241 -37.32418 146.3512 10.58578 -35.46309 145.1158 10.67734 -35.00166 143.6743 10.75879 -34.65513 142.4357 10.7152 228.9677 595.3904 22.60944 230.6592 594.7814 22.72083 231.2452 593.2706 22.9054 231.9106 592.4234 22.91794 397.9252 549.3618 3.808557 -260.5551 69.39864 0.7067477 -412.7951 -475.825 -13.33793 -414.0721 -475.7918 -13.38247 -415.5313 -476.0285 -13.68629 148.2189 194.6925 12.23379 149.6994 193.6778 12.14528 444.1393 647.0971 -2.035941 -377.6611 -699.3 -7.768817 -380.8601 -699.1252 -8.061122 0 0 0 0 0 0 -387.6575 -1.046773 -13.29228 -387.3283 1.256611 -13.10332 -387.3557 3.397029 -12.65684 -485.1854 22.529 0.9171816 -484.1138 21.88859 0.855531 -483.0508 21.09581 0.8205643 -81.93935 20.4284 -13.18448 -85.22903 20.86649 -13.37082 0 0 0 0 0 0 23.07715 153.4059 12.4168 21.78308 162.487 12.33301 22.44995 161.1891 12.22989 22.56019 159.5707 12.43012 22.73408 155.0915 12.77661 400.2392 553.4783 3.631094 400.4744 554.7562 3.555051 -350.7586 -591.7773 -13.40034 -346.8928 -590.2803 -15.54347 -348.7836 -590.8074 -15.25218 -415.4025 -462.8114 -13.73245 -417.0355 -464.0569 -13.69986 361.733 612.3784 1.071515 386.1856 528.7525 7.242177 303.3401 128.5798 -10.30647 301.2881 129.4475 -10.0982 -458.0045 -239.846 -13.74609 -454.6575 -239.1309 -13.45543 -456.2652 -239.3729 -13.51784 131.9463 173.4377 10.66666 129.9021 178.2508 11.24934 131.6933 175.2019 10.9754 446.8159 654.9799 -1.822098 445.7594 653.2362 -2.382876 445.1817 651.3701 -2.527838 348.5393 582.9218 11.15323 -171.2099 35.58076 -11.8069 -174.2738 25.08591 -12.87239 0 0 0 0 0 0 291.0378 667.1533 19.58765 292.8888 666.1945 19.57525 293.263 665.0929 19.74205 293.6904 663.7001 19.60451 -147.5115 101.8872 3.465317 -146.731 99.61538 3.567326 -146.0022 98.6113 3.746204 -145.4854 97.44558 3.710673 222.941 584.481 22.75916 223.973 583.5851 22.77198 225.1025 583.3884 22.76959 389.0669 539.7006 7.449256 389.3503 536.7944 7.103267 388.2243 534.004 7.530248 -457.97 -227.5893 -14.13697 -530.572 -368.5181 -13.4194 -528.0716 -369.0013 -13.06717 -525.4401 -368.9583 -13.16232 352.6143 596.2857 11.28529 350.7619 595.5631 11.56795 347.4536 592.2922 11.72134 139.7386 189.5476 11.74176 -416.4834 -451.7531 -13.56975 -418.619 -453.2387 -13.63085 406.9045 544.694 4.416431 401.6186 543.4652 4.527755 404.5427 544.2371 4.77612 405.9555 544.4133 4.667756 -407.5776 -404.139 -14.43244 -409.4763 -405.2855 -14.08663 -410.7494 -405.135 -13.775 -412.2345 -404.9812 -13.88659 -268.8804 66.36987 0.1585237 -376.0946 36.8245 -0.3415085 -377.6622 43.52366 0.4014478 -377.4446 42.22065 0.4865572 -377.1188 40.85169 0.3370628 350.8618 605.7177 11.8805 348.5747 605.5003 12.14097 346.1417 605.0355 12.54163 343.5551 604.7008 12.67059 291.4271 124.5151 -10.57511 290.4878 125.9492 -10.41855 -389.8721 32.9285 -0.4442983 183.1852 334.2009 29.13088 184.0932 335.0775 28.95237 -417.3661 -439.8122 -13.87784 -419.4741 -439.4165 -13.88783 -387.0834 -699.4816 -8.698714 -386.8995 -697.4794 -10.03855 -386.7569 -694.4555 -10.46911 -291.3041 10.64027 -13.29692 -291.3722 12.84929 -13.18921 -291.5257 15.27477 -12.8318 389.6722 560.5955 2.777164 390.0185 562.6558 2.696227 -158.7966 88.66132 2.512424 -91.02194 20.16782 -13.06935 -91.70303 21.9203 -12.82931 -88.50307 23.552 -11.81809 -89.74788 26.12999 -12.67216 -456.0283 -574.0083 -11.8488 -454.9556 -573.6704 -11.59234 -454.0379 -573.1401 -11.69475 -528.718 -346.2392 -13.01852 349.7521 616.9777 12.02515 347.7434 616.5843 12.47903 345.2537 616.6408 12.88145 342.4874 616.5951 13.05857 398.807 229.4953 -8.297694 396.8594 229.3901 -8.141364 395.424 230.0987 -8.429289 393.0928 230.2271 -8.228764 -387.9815 41.3435 0.6377467 -388.2527 39.97053 0.7153186 -388.0733 38.65018 0.5719324 117.99 178.0567 11.15868 118.2043 176.7743 10.98348 118.5946 175.2184 11.21182 175.3798 345.1168 29.60452 176.6047 345.9626 29.40507 385.4762 197.4227 -8.702857 -288.7623 19.4002 -12.0538 -158.3971 99.86528 3.225066 -157.7764 97.46842 3.131404 -157.4988 96.21422 3.124438 -157.2061 94.65695 3.066284 -357.8742 -582.7014 -12.58363 89.07596 85.72097 -11.77597 91.44945 76.60798 -13.49923 90.35757 78.38394 -13.33982 90.53623 80.61324 -13.91403 90.11854 83.02071 -13.41458 267.995 640.0982 21.92363 268.747 639.1047 21.76138 270.6873 635.9526 21.16473 348.626 628.7861 12.62766 347.8981 626.4267 12.42118 -56.97913 135.9562 9.373435 -56.94243 134.4419 9.32182 -57.15547 133.2513 9.242774 380.1585 541.7197 8.558493 379.5874 539.3804 8.563002 379.0491 536.5017 8.315278 395.3072 243.1287 -6.547564 387.6767 207.5779 -8.300495 385.8634 208.6192 -8.171341 383.7847 209.5133 -7.902428 -457.8428 -562.4363 -12.41285 -457.4546 -561.5049 -12.45467 -456.2678 -558.6912 -12.60182 383.1654 572.0729 1.591733 386.246 574.0244 2.316255 210.1829 100.0677 -11.21292 209.5294 102.1652 -10.89403 208.0099 104.4406 -10.77738 -358.9262 -568.6115 -13.14496 -360.8458 -570.3576 -14.02448 -362.6678 -571.1029 -15.12175 -363.9997 -571.822 -15.03548 -466.4805 -217.3856 -13.80213 -468.2854 -218.2508 -13.5321 -469.965 -218.6943 -13.45693 340.2527 604.6244 12.21348 -282.6194 -652.3239 -10.3259 -284.3471 -652.3023 -10.37791 -285.1896 -652.0277 -10.43334 -285.1046 -653.6153 -10.45976 -400.2409 31.28342 -0.3510291 -407.09 -367.2624 -15.18667 -411.8721 -366.1537 -14.40572 -413.4205 -367.2973 -14.25216 373.6104 186.5965 -8.017928 -409.009 3.795373 -12.65268 -407.8199 -5.72029 -14.74063 -408.1406 -3.198591 -14.77122 -409.5164 -0.7417591 -15.2191 -410.2808 0.9689058 -14.80693 -410.5259 2.017216 -13.51612 271.8771 652.6452 21.42747 273.9216 652.3414 21.44882 274.5929 650.9833 21.60683 275.5579 650.2615 21.40119 -102.1353 22.85487 -12.83909 -100.9299 24.57441 -11.65697 -101.3489 27.19551 -12.14937 -398.1382 -698.4715 -9.181302 -398.356 -697.2269 -10.10297 -398.0805 -695.5302 -10.16705 -168.6986 86.86475 2.468251 -167.4783 88.73165 2.641303 434.5234 329.3224 -5.515548 432.293 330.7215 -5.229749 430.2415 331.247 -5.450671 -471 -207.2125 -13.2383 -472.7845 -207.4399 -13.14907 377.2133 554.4095 8.568861 376.8861 552.6655 8.207818 375.247 552.3896 9.10169 373.8054 551.4335 9.288216 339.0823 617.3154 12.76033 -400.6461 36.99851 0.7202131 -400.0089 35.96895 0.5844307 106.8773 171.3458 11.21279 423.8752 296.7076 -6.682832 421.6675 297.3123 -6.483019 419.6639 297.6461 -6.545602 379.6221 198.8914 -7.546543 378.1691 199.1049 -7.413691 376.097 199.6495 -7.380962 416.2325 270.776 -7.45248 -534.9781 -346.8747 -12.66329 -531.5302 -345.9259 -12.25578 -532.4535 -346.117 -12.19506 -533.5371 -346.1917 -12.48801 -70.00919 131.8335 8.504125 -68.42423 130.5696 8.532814 -67.69715 129.2965 8.561822 -66.92932 128.1308 8.467853 402.6958 241.338 -8.104707 401.142 241.5652 -8.356472 399.8404 242.1244 -8.245087 456.2137 397.5448 -3.842045 454.8789 399.1737 -2.684213 452.7349 399.998 -2.372713 80.00381 78.38082 -12.74547 79.44509 80.28875 -12.44977 343.7986 627.9578 13.12671 341.6776 627.9381 13.23515 339.5473 627.226 13.06601 442.4593 367.4256 -3.739558 426.4035 307.0261 -6.014054 424.6138 308.1681 -5.773831 422.5053 308.5008 -5.872954 412.0627 273.4628 -6.289152 -537.6421 -333.4501 -12.44987 0 0 0 0 0 0 465.358 434.8593 -3.651135 463.7208 435.3732 -2.731726 461.9291 436.1697 -2.386437 -290.4721 -666.7931 -10.02946 378.3609 576.5256 1.869517 366.4837 176.2949 -8.170969 366.2199 178.2036 -7.935602 365.3757 179.7912 -7.882834 416.1529 643.596 -1.586299 407.4523 249.9087 -8.191829 406.0094 252.1508 -8.344879 404.5186 253.7541 -8.05823 396.1211 638.3478 -0.7669695 339.5428 639.3159 14.16576 443.9732 379.7551 -2.33671 449.1822 375.8033 -3.890344 447.9817 377.3263 -2.866787 446.2678 378.5831 -2.738869 169.5902 352.9744 30.07933 170.034 354.4215 29.9238 171.1776 358.4686 29.43538 -285.9522 68.85578 1.13007 -285.6379 66.75801 1.116023 -285.4344 64.58087 0.9186827 -416.1775 -9.440935 -15.35579 -418.5792 -7.48555 -15.73759 -420.4227 -5.037516 -16.46283 -420.9757 -3.961422 -16.01944 417.9854 287.177 -7.415944 416.212 287.5414 -7.403749 414.2833 288.4188 -5.682362 -286.9387 -658.1366 -10.345 97.6638 163.6109 10.83755 468.0875 445.7319 -3.784275 465.9803 446.4373 -2.895009 463.615 446.9873 -2.460158 440.0694 355.1605 -4.255165 438.3772 354.9585 -4.19331 436.0623 355.3985 -3.024239 -368.0993 -558.3869 -13.33077 -369.8989 -560.2656 -14.15787 -371.0034 -561.9843 -15.22953 -371.8726 -563.291 -15.10628 -76.67934 116.1855 6.473093 -76.01774 117.8073 6.814924 343.5362 642.3364 13.46455 0 0 0 0 0 0 425.271 330.5207 -3.004245 468.5266 458.0589 -3.201297 465.6974 458.4683 -2.696457 -287.8059 -645.5192 -10.58233 -289.4414 -645.8632 -10.6327 -291.543 -647.0646 -10.56569 -179.678 85.48932 2.498455 -179.475 94.79598 2.839646 -179.6738 93.33032 2.800087 -179.4105 91.80565 2.8336 409.6883 263.0805 -8.14328 408.1738 264.3581 -7.999136 406.4015 265.7065 -6.432421 -470.6051 -538.2886 -12.74395 -469.5142 -538.0449 -12.86549 -466.2828 -537.1879 -13.28997 461.2473 423.931 -2.837867 459.5318 423.7752 -2.487721 457.3919 424.1367 -2.487153 337.6205 651.668 14.41422 333.4576 649.366 14.81891 369.4293 565.5435 9.268153 369.368 563.8781 8.957986 368.4593 562.8502 9.911076 368.1138 561.0758 10.02261 319.0606 667.1482 16.66791 318.088 665.9319 16.88108 316.9277 664.6976 17.52115 315.6599 663.0877 17.80535 -414.6538 -355.3452 -14.12258 -415.4166 -356.7956 -14.0237 -416.4633 -357.6998 -14.18651 -473.7608 -196.1938 -12.98444 -475.0936 -196.1178 -12.92019 -476.3997 -196.3924 -13.10089 186.1543 92.89339 -12.05656 386.3695 635.9686 -0.628316 -536.6107 -308.9414 -11.51747 -535.7061 -309.4411 -11.35093 -534.7297 -309.6469 -11.51062 472.7377 468.8903 -4.009598 470.3679 470.0911 -3.322988 468.2313 471.1814 -2.953051 -298.516 -670.6903 -9.988106 -299.4133 -669.5578 -10.28469 -299.8754 -668.0315 -10.29362 -295.6066 56.76118 -0.5705183 -294.9411 58.50292 -0.1667187 -474.5072 -183.1462 -13.10711 -476.2536 -184.3928 -12.95778 -477.8975 -185.9081 -13.04255 477.2474 506.5327 -4.371381 475.6086 505.3309 -4.000299 473.117 505.9759 -3.381323 470.3438 506.4476 -3.105249 406.0792 639.4921 -1.279569 -538.5506 -298.9667 -11.38608 -537.1312 -297.5014 -11.2568 -536.3483 -297.3094 -10.99962 -535.3594 -297.2737 -11.14361 -62.72332 40.22918 -12.72292 -64.9597 37.71551 -12.92345 -425.5237 -13.42922 -15.23004 368.0672 588.0021 1.913737 369.8591 588.8327 1.587985 161.1718 363.2344 30.6232 161.4122 364.4406 30.4467 161.6963 367.9986 29.88816 474.4726 517.5758 -3.805565 471.4343 517.922 -3.506193 -89.34463 120.8699 6.599141 -89.05283 119.3314 6.47437 -88.9758 117.5959 6.277763 -417.2838 29.909 0.1551488 -537.7063 -287.7061 -11.76214 -537.0608 -287.9583 -11.70339 -535.9792 -288.3107 -11.70332 471.7684 483.4652 -3.427058 469.2941 483.4136 -3.033351 467.044 483.9765 -2.802949 -46.74256 49.54736 -12.82226 378.9515 626.2811 -0.1724189 -379.8818 -556.7109 -12.7882 -412.1144 -696.1084 -8.632777 -413.5325 -691.8997 -9.558817 -412.6826 -691.6204 -10.32401 -410.7268 -690.3818 -10.48904 372.5541 594.7659 2.535182 -190.2403 93.21347 3.070919 -190.908 91.79154 3.294033 -190.3957 90.22435 3.247249 -475.1711 -170.4745 -13.13967 -476.9756 -170.7475 -13.00354 -433.3042 -28.69241 -14.49771 -415.7662 -347.0408 -14.09182 -417.6052 -346.1752 -13.96776 -419.7033 -346.5578 -14.10043 -316.4473 15.20664 -11.89282 -316.5941 7.335783 -12.73618 -316.0552 9.700884 -12.86305 -316.0157 12.28781 -12.61127 477.8426 527.5355 -4.383392 475.3803 529.2162 -3.774047 472.5077 529.6421 -3.46699 -415.2507 39.74581 0.6637866 -414.2442 35.17799 0.6382683 -308.2116 53.3627 -0.4664062 -532.6983 -268.3969 -10.8489 -541.2822 -274.2087 -10.82597 -541.1437 -269.9359 -10.63267 0 0 0 0 0 -28.8151 470.9928 495.2149 -3.030409 469.0645 494.8879 -2.791996 467.1056 494.6594 -2.811153 175.4955 93.39672 -11.4643 175.5766 95.58558 -11.23063 378.2725 632.0195 -0.1990454 379.6152 631.0788 -0.4493081 -416.2128 -683.7598 -9.542961 -416.1142 -682.8551 -9.502531 -414.0892 -682.2222 -9.749956 370.7142 601.9475 2.135894 368.1576 602.6229 1.180139 -416.0613 -319.2896 -14.25914 -417.6398 -321.0457 -13.96506 -419.7492 -322.2059 -13.51017 -421.874 -323.0567 -13.52977 -439.9663 -18.93036 -13.41551 -438.6102 -22.27744 -13.8448 -439.4249 -20.42011 -13.73662 -475.0203 -159.3335 -13.26344 -476.9933 -159.3787 -13.08635 -476.9608 -528.9047 -13.22847 -474.9335 -528.8833 -12.89055 -472.8787 -528.4617 -12.97324 -307.4812 61.46009 0.2364919 -307.1253 60.20539 0.3977344 -307.0391 58.8978 0.3338417 -98.97402 106.2971 4.37763 -99.31884 112.7522 5.475536 -98.88158 111.6611 5.360023 -97.68283 108.683 4.932343 -309.6939 -667.1976 -10.6642 -309.5034 -671.0018 -11.6662 -309.0522 -669.8262 -11.72911 -309.2936 -668.2756 -10.98286 209.1105 565.8779 23.38525 209.7284 564.3699 23.45054 210.1255 563.2219 23.4653 -480.6513 -518.8798 -13.44385 -479.1242 -518.1915 -12.98425 -477.463 -517.2556 -13.04198 -475.5849 -516.0334 -13.61781 369.7579 610.5119 2.061597 372.9859 615.3295 2.074395 371.0255 616.3346 0.8175846 -419.5471 -310.1694 -13.88981 -421.5339 -309.3421 -13.53162 -423.0433 -309.1531 -13.44144 -435.6355 -11.34573 -13.67789 -431.516 -11.16031 -16.29932 -433.5444 -11.22627 -15.9821 -435.1174 -12.47968 -14.44653 -474.8341 -147.9003 -13.35958 -476.8715 -147.9081 -13.18121 480.0143 543.9495 -4.718085 476.8627 543.1636 -3.843526 474.101 543.3641 -3.526014 26.77139 71.21765 -12.80427 -40.4822 62.48432 -12.57443 -47.0781 61.13275 -12.23935 178.2814 209.7433 13.99275 355.8939 628.7656 5.976662 356.9877 603.2383 5.082755 358.2018 623.0988 3.051414 358.385 617.6346 2.828979 359.1289 602.174 2.998509 356.0223 637.6243 6.988383 358.669 608.7553 2.452422 359.6992 598.3015 2.772419 359.0591 633.0572 4.763737 360.8279 592.3612 3.550413 382.7558 579.3984 2.360338</float_array>
          <technique_common>
            <accessor source="#Plane_002-mesh-positions-array" count="3352" stride="3">
              <param name="X" type="float"/>
              <param name="Y" type="float"/>
              <param name="Z" type="float"/>
            </accessor>
          </technique_common>
        </source>
        <source id="Plane_002-mesh-normals">
          <float_array id="Plane_002-mesh-normals-array" count="10512">-0.04700094 -0.002159476 0.9988926 0.100376 0.02623349 0.9946036 -0.03663402 -0.006258189 0.9993092 -0.006026327 -0.009107232 0.9999404 -0.02542096 0.03937226 0.9989013 9.92989e-4 -0.04040217 0.9991831 0.8308547 -0.05734276 0.5535274 0.9064708 0.0493384 -0.4193761 0.6766582 -0.06790912 0.733159 0.6508949 0.06571692 -0.7563181 -0.3250404 0.1038873 -0.9399768 -0.753479 0.0696156 -0.6537761 -0.995868 0.02071774 -0.08841836 -0.9260627 -0.02493393 0.3765451 -0.7774311 -0.0477789 0.6271508 -0.3704108 -0.07680374 0.9256873 -0.1543849 -0.08193993 0.9846072 0.1829491 -0.08085179 0.9797922 0.3311014 -0.07659447 0.9404814 -0.03986591 -0.02815359 0.9988083 -0.05808722 -0.03543776 0.9976823 0.0161466 -0.1284351 0.9915865 0.09044194 -0.2328808 0.9682908 0.0409497 -0.1097428 0.9931162 0.05954939 -0.2982554 0.9526268 -0.2443973 0.1562526 0.9570032 -0.1569906 0.09962785 0.9825621 -0.1640882 0.2078064 0.9643089 0.7341252 0.006440937 -0.6789836 0.03067928 -0.001367866 0.9995284 0.0201807 -0.009646058 0.9997498 0.0411055 0.01223474 0.99908 0.1329636 -0.1216002 0.9836331 0.03598153 -0.09898889 0.9944378 0.1183472 -0.1557527 0.980681 0.01421183 0.1049538 0.9943756 0.1635165 0.01659202 0.9864012 0.4020835 0.6231495 0.6708306 0.1187787 0.04746282 0.9917857 0.1064649 -0.07831645 0.9912274 0.04011219 -0.01375454 0.9991005 0.03258812 -0.04882007 0.9982758 0.02156448 -0.006331086 0.9997475 0.1210305 -0.1926795 0.9737691 0.03893482 -0.1306833 0.9906594 0.001770079 0.03438687 0.9994071 0.03595286 -0.1570843 0.9869306 0.04473215 -0.1821413 0.9822544 0.05886727 -0.3286106 0.9426291 0.07901716 -0.4259662 0.9012819 0.0256378 0.007762491 0.9996412 0.0358622 0.02697032 0.9989928 0.03015893 -0.118807 0.9924593 0.3309111 -0.07129627 0.9409648 0.1509829 -0.05166125 0.9871856 0.2533451 -0.06999486 0.9648404 0.2429431 -0.05774521 0.9683204 0.2580406 -0.1391594 0.9560595 0.09187817 -0.07244592 0.9931314 0.02295845 -0.0428301 0.9988186 0.06068557 -0.09418785 0.9937031 0.528164 0.0856688 0.8448098 0.01565295 0.007788538 0.9998472 0.05352932 -0.06643199 0.9963541 0.00318855 0.01487255 0.9998843 -0.08940559 0.00414443 0.9959868 -0.09852498 -0.01934987 0.9949465 0.01765763 0.97017 0.241782 0.03983986 0.00977236 0.9991583 0.1563896 6.75821e-4 0.9876953 0.03400623 0.01333141 0.9993327 1.67083e-4 -0.1296727 0.9915568 0.02961683 -0.1045407 0.9940796 0.03026276 -0.175767 0.9839666 0.6783596 -0.2561088 0.6886483 0.3464571 -0.1838855 0.9198662 0.4659817 -0.2509727 0.8484538 -0.03247839 -0.01382088 0.9993769 0.09281873 0.04524767 0.9946544 -0.04792213 -0.005085825 0.9988382 0.4116685 -0.2041673 0.8881694 0.575479 -0.09539812 0.8122335 0.6373361 -0.11274 0.7622942 0.06353354 -0.1915315 0.9794281 0.1019994 -0.4090352 0.9068001 0.1664323 -0.03591227 0.9853987 0.1727726 -0.09996628 0.9798758 0.1589726 -0.05300533 0.9858592 0.06893384 -0.3476626 0.9350823 -0.006222307 -0.1465895 0.9891779 -0.02613872 -0.1837668 0.9826224 -0.1395999 -0.04936039 0.988977 -0.1133248 -0.01065504 0.993501 0.008620619 -0.09664237 0.9952819 -0.217763 -0.06044441 0.9741282 0.3546691 -0.04410046 0.9339513 0.06177455 -0.02094215 0.9978704 -0.03919357 0.01384311 0.9991357 0.0363689 -0.1434796 0.9889848 0.06112819 -0.0560581 0.9965546 0.01911062 0.008643329 0.99978 -0.02644783 -0.04265171 0.9987399 0.06291401 -0.1624711 0.9847055 0.02081954 -0.1007773 0.9946912 0.1467944 -0.2827183 0.9479039 0.1860372 -0.2835324 0.9407442 0.2173133 -0.1394519 0.9660891 0.04810243 -0.02996307 0.998393 0.2641903 -0.0514878 0.9630953 0.2408107 0.09082704 0.966313 0.1727377 -0.007750749 0.9849374 0.391799 -0.02094471 0.9198125 -0.06618022 0.01336258 0.9977182 0.003843545 0.04689264 0.9988926 -0.05372452 -0.07016825 0.9960874 -0.005529224 -0.1666254 0.9860048 0.01411139 -0.1807062 0.983436 -0.08582693 -0.1059109 0.9906648 0.08196854 -0.04717934 0.9955176 -0.002191841 -0.0479533 0.9988472 0.04005914 -0.05218333 0.9978337 0.09252351 -0.007559359 0.9956819 0.006534636 -0.02159529 0.9997454 -0.004293978 -0.03602617 0.9993417 0.2405534 -0.03459542 0.9700193 0.5582031 -0.01837974 0.8295007 0.2182091 -0.02060753 0.9756845 0.1882808 -0.0347985 0.9814986 0.1393924 -0.0144909 0.9901313 0.1404875 -0.02936667 0.9896469 -0.03116804 -0.01932877 0.9993273 0.08457881 -0.07807284 0.9933536 -0.1130592 -0.08343887 0.9900786 0.1050246 -0.01222699 0.9943946 -0.02484923 -0.05971848 0.997906 0.04888534 -0.03133517 0.9983128 0.2295007 -0.1250758 0.9652386 0.2104983 -0.1235209 0.9697593 0.2934089 -0.9511775 -0.09577393 0.03376537 0.06778526 0.9971285 0.08017176 -0.2034798 0.9757912 0.135452 -0.3255 0.9357899 0.02944767 -0.1380459 0.989988 0.1408777 -0.05726695 0.9883694 0.1609655 -0.3931283 0.9052847 0.2073237 -0.1284589 0.9698016 0.0902431 -0.02276599 0.9956596 0.02037847 -0.02145797 0.9995622 -0.09627443 -0.05702227 0.9937202 -0.03377199 0.00927639 0.9993866 -0.031183 0.01878196 0.9993373 -0.01610261 0.04022747 0.9990609 0.08613443 0.08521819 0.9926322 -0.1104143 -0.001195609 0.993885 0.1639887 0.001121044 0.9864616 0.2418304 0.03446561 0.9697063 0.1783563 -0.02111953 0.9837394 0.1839391 0.03110778 0.9824454 0.2111855 0.03505563 0.9768172 0.01065027 -0.2537148 0.9672206 -0.0315926 -0.203756 0.9785119 0.03552305 -0.2362722 0.9710374 -0.1000728 -0.02739274 0.994603 0.02001482 -0.0759809 0.9969084 0.04632574 0.005556285 0.998911 0.1184237 -0.4237666 0.8979966 0.07215762 -0.2558144 0.9640293 0.05747538 -0.3782599 0.9239135 0.241993 -0.08065831 0.9669197 0.2956321 -0.08706974 0.9513257 0.1022135 -0.0194953 0.9945715 0.008294999 -0.2422575 0.9701766 0.07228136 -0.4405151 0.8948307 0.0438075 -0.3018018 0.9523638 -0.0359295 -0.04179579 0.99848 -0.011783 -0.1076694 0.994117 -0.324396 -0.07454305 0.9429797 -0.05991166 -0.05675113 0.9965892 -0.01096272 -0.05548989 0.9983991 0.04723745 -0.2133744 0.9758278 -0.01253139 -0.01598161 0.9997938 0.047526 -0.2368443 0.9703846 0.09402561 -0.01559621 0.9954476 0.04872566 0.008248031 0.9987782 0.1409071 -0.2595342 0.9553989 0.04389995 -0.1935725 0.9801033 0.05016642 -0.1279981 0.9905049 0.03113174 -0.02167886 0.9992802 -0.02199769 -0.006081163 0.9997395 -0.006435215 0.04850912 0.998802 0.00577116 0.03922903 0.9992136 -0.02726769 -0.2048161 0.9784206 0.02524352 -0.1021553 0.9944481 0.2738936 -0.07529985 0.9588077 0.4015164 -0.08460301 0.9119359 0.2232354 -0.1154146 0.9679079 0.1000537 3.6607e-5 0.9949821 0.1189569 0.2615759 0.9578243 -0.01220053 0.0575295 0.9982693 0.002489745 0.1646872 0.9863428 0.08210742 0.1382622 0.9869863 0.2269452 0.05683654 0.9722477 0.2590045 0.08673191 0.9619742 0.1087638 0.06137681 0.9921711 0.03497999 -0.1169921 0.9925167 0.2153963 -0.1631333 0.9628043 0.1886599 -0.08882933 0.9780168 0.06891077 -0.130065 0.989108 0.1402006 -0.01545333 0.9900026 0.115441 -0.03011441 0.9928578 0.1081975 -0.4350196 0.8938967 0.07835936 -0.2441983 0.9665543 0.04631674 -0.3830033 0.9225851 0.5663695 0.3083631 0.7642892 0.413064 0.02591478 0.9103333 0.5102144 0.05802249 0.8580878 0.01876133 -0.09944647 0.9948661 0.03101575 -0.1854931 0.982156 0.07263785 -0.2148471 0.9739428 0.2198534 -0.02597355 0.9751872 -0.1333945 -0.08001291 0.9878278 0.2611029 -0.1551085 0.9527679 -0.08332043 -0.0817058 0.9931676 -0.005040705 0.03347986 0.9994267 -0.05166524 -0.01290535 0.9985811 0.008144736 0.01543432 0.9998477 -0.1137596 0.05697995 0.991873 0.02343815 -0.07796061 0.996681 3.90793e-4 -0.03027635 0.9995415 -0.06683331 -0.03325551 0.9972099 -0.05641454 -0.02348333 0.9981312 0.004763841 -0.1740476 0.9847258 0.003539025 -0.1422036 0.9898311 0.07115197 -0.01874357 0.9972894 0.1200612 -8.88605e-4 0.9927662 0.1418839 0.016029 0.9897536 0.156876 0.05244898 0.9862247 0.1096946 0.1638961 0.9803597 -0.06756979 0.1380131 0.9881229 0.03339439 0.142615 0.9892147 0.1099317 0.002903819 0.993935 -0.02428108 -0.02235722 0.9994552 0.1850887 -0.033948 0.9821354 0.2294268 -0.08228242 0.9698417 0.1133818 -0.02846753 0.9931436 0.1710457 -0.03836822 0.9845158 0.2815172 -0.1061444 0.9536674 0.2322722 -0.1096776 0.9664474 0.06774473 -0.1926664 0.978923 0.04057878 -0.07778012 0.9961445 0.1289876 -0.2567981 0.9578189 -0.01525878 -0.03110748 0.9993997 -0.1479849 -0.06157118 0.9870712 0.1019551 -0.07459241 0.9919885 0.01880812 0.1338039 0.9908294 0.05778062 0.1336066 0.9893487 0.1993533 0.1838924 0.9625185 0.08496141 -0.1392817 0.9866014 0.123829 -0.1030855 0.9869346 0.1113792 -0.1299831 0.9852406 0.02302587 -0.1778413 0.9837898 0.03957349 -0.1828206 0.9823495 0.03312617 -0.108596 0.993534 0.2094529 -0.04069578 0.9769716 0.1497516 -0.09407591 0.984238 0.1552399 0.03120201 0.987384 -0.08224862 -0.1858949 0.9791212 0.09081274 -0.002291262 0.9958654 -0.06165617 -0.04482072 0.9970906 0.1390626 -0.01031106 0.99023 0.1985899 -0.02161782 0.9798443 0.2735658 0.1386504 0.9518077 0.2915366 0.2928862 0.9106175 0.04201686 0.1215156 0.9916998 0.2802104 0.2573356 0.924803 0.215138 -0.1260568 0.9684138 0.3021435 -0.1784833 0.9364043 0.2473098 -0.08134371 0.965516 0.7112716 0.2884916 0.6409878 0.7387992 0.09143853 0.6676937 0.4051451 0.07888263 0.910843 0.3064567 -0.2109746 0.9282101 0.2500918 -0.1815013 0.951058 0.0899713 0.0573942 0.9942893 -0.04440301 0.05350863 0.9975797 0.04651427 0.05332839 0.9974932 -0.05378341 -0.08363896 0.9950437 0.2494547 0.1222828 0.9606348 0.08619898 0.03004837 0.9958248 0.1143186 -0.09803926 0.9885948 0.129599 -0.1691026 0.9770407 0.1956207 -0.2118283 0.9575288 0.05547571 -0.2100095 0.9761242 0.1235958 -0.2728102 0.9540958 0.07236933 -0.2702717 0.9600604 0.1263306 -0.03962659 0.9911965 0.06152987 -0.3475655 0.9356348 0.02714854 -0.108328 0.9937444 -0.01292943 -0.08681762 0.9961404 -3.47255e-4 -0.1765892 0.9842846 0.3041453 0.1610652 0.9389109 0.4139806 0.2868381 0.8639121 0.05900579 0.06034713 0.996432 0.2399526 0.02878504 0.9703578 0.1915892 0.03236734 0.9809414 -0.1147519 0.04293531 0.992466 -0.2600262 0.0721082 0.9629054 -0.1152063 0.07653701 0.9903886 0.404381 0.1404218 0.9037466 0.5462988 0.3021289 0.7812016 0.1726565 -0.02066719 0.9847653 0.2503778 -0.04782581 0.9669662 0.2804549 -0.01942741 0.9596706 0.5090612 -0.09211593 0.855787 0.7099565 -0.04262185 0.7029546 0.0650404 0.02542281 0.9975588 0.01803284 -0.004586994 0.9998269 0.1027897 -0.1028705 0.9893696 0.01632487 -0.09827733 0.9950252 0.0550273 0.03897863 0.9977238 0.1588008 0.07248777 0.9846462 0.07486695 0.03786623 0.9964744 -0.01493114 -0.04539495 0.9988576 0.08909052 0.1036295 0.9906179 -0.1031861 0.04341006 0.9937143 0.4756485 0.1785462 0.8613244 0.375454 0.1453248 0.9153771 0.3940278 0.2142884 0.8937689 0.4304049 0.01360464 0.9025335 0.3370895 -0.07443571 0.9385255 0.3037536 0.05746275 0.9510162 0.2125241 -0.07890743 0.9739648 0.2159575 0.02195328 0.9761559 0.009862184 0.009545266 0.9999058 0.217574 -0.06741815 0.9737127 0.02591621 -0.244624 0.9692716 0.09598964 -0.3199753 0.9425507 0.04387563 -0.255927 0.9657 0.1109857 -0.3184132 0.9414326 0.04674851 -0.2492325 0.9673148 -0.03895461 0.02002888 0.9990403 -4.6117e-5 0.04127418 0.9991479 0.03636276 0.07292252 0.9966745 0.04913681 -0.01231861 0.9987161 0.04651272 -0.1467676 0.9880769 0.02834039 -0.06127607 0.9977185 0.06650906 -0.005514025 0.9977706 0.09778338 -0.06167715 0.9932948 0.007047057 -0.03334558 0.9994191 0.1259245 -0.3606327 0.9241683 0.07470262 -0.2711021 0.9596474 0.001575589 -0.4006999 0.916208 -0.01003855 -0.3074384 0.9515151 0.03113466 -0.3937284 0.9186995 0.0416547 0.2657826 0.9631326 0.02969819 0.3828062 0.9233513 0.04953414 0.346717 0.936661 0.1533831 0.09203386 0.9838716 0.09342449 0.08188545 0.9922534 0.04963558 0.06072574 0.9969197 0.001913726 -0.2810062 0.9597042 -0.01422852 -0.1120188 0.9936043 0.06693041 -0.3132343 0.9473145 0.1350764 0.03096723 0.9903512 0.1631354 0.1528429 0.9746928 0.1738909 0.1571984 0.9721372 -0.2470821 -0.1666119 0.9545632 -0.2020465 -0.00854963 0.9793386 0.1125601 -0.3104764 0.9438934 0.07785874 -0.2394873 0.9677727 0.06767964 -0.2081385 0.975755 0.1092347 -0.05330282 0.9925859 0.02531105 -0.0367555 0.9990037 0.03701925 -0.05066472 0.9980295 0.01289635 -0.05297923 0.9985124 0.05700933 -0.1913509 0.9798647 0.05471372 -0.2064368 0.976929 0.05064821 -0.05320334 0.9972985 -0.03476685 0.05877345 0.9976658 -0.09138965 0.1233027 0.988152 0.1430116 -0.4030737 0.9039245 0.01500827 -0.3785068 0.9254769 0.1627112 -0.3851901 0.9083797 0.109541 -0.2022404 0.9731905 0.1375413 -0.2152675 0.9668207 0.03339475 -0.1728249 0.9843864 0.021833 -0.1766815 0.9840259 0.03122162 -0.0957334 0.9949173 0.1575328 0.06928282 0.9850804 -0.006444334 1.72265e-4 0.9999792 0.1269683 -0.003893315 0.9918992 0.04908591 -0.2252292 0.9730685 0.100907 -0.34651 0.9326032 0.06869167 -0.2539368 0.9647785 0.03893613 -0.009822905 0.9991934 0.007167696 -0.05594736 0.9984081 0.0345332 -0.05621087 0.9978215 0.03065145 -0.02065652 0.9993167 0.01357036 0.02302527 0.9996429 0.1133336 0.07515567 0.9907104 0.05765616 -7.80202e-5 0.9983365 0.09713125 -0.0508325 0.9939727 0.04209494 0.00868231 0.9990759 0.04030889 -0.04127794 0.9983344 0.06182551 -0.01304936 0.9980017 0.07528287 -0.109857 0.9910923 0.0934723 -0.1953203 0.976275 0.03899711 -0.1951065 0.9800065 0.08362364 -0.3479954 0.9337592 0.06261712 -0.2142583 0.9747679 0.03170198 -0.03127104 0.9990081 0.05805397 -0.03218376 0.9977945 0.0333932 -0.05080479 0.9981502 -0.04858011 0.01446127 0.9987146 0.0273326 -0.01197272 0.9995548 0.2071568 0.1262666 0.9701251 0.08807295 -0.2525972 0.9635548 0.1235595 -0.2605874 0.957511 0.04475182 -0.1621127 0.985757 0.1072216 -0.3360551 0.9357193 0.07440114 -0.3836244 0.9204874 0.2694601 -0.0755245 0.9600455 0.3720924 -0.1498998 0.9160116 0.2555201 -0.1204114 0.9592761 0.1486504 -0.1010548 0.9837129 0.1161097 -0.1752771 0.9776484 0.2795714 0.5876339 0.7592933 0.05163931 0.03582859 0.9980229 -0.08828836 0.05480653 0.9945861 0.1844814 -0.07755321 0.9797716 -0.226877 -0.07609498 0.9709461 0.1042433 -0.2112452 0.9718585 0.02980315 -0.2072192 0.9778405 0.09689664 -0.2362146 0.9668577 0.8522143 -0.02108377 0.5227679 0.8344126 0.04869389 0.548985 0.8203294 -0.09975272 0.5631244 0.03181445 -0.003953516 0.999486 0.1158534 0.04011428 0.992456 0.009066939 0.09849691 0.9950962 0.05314767 -0.01946657 0.9983969 -0.02540707 -0.03011292 0.9992236 -0.06006944 -0.08706593 0.99439 -0.001851737 -0.02921611 0.9995715 0.01629549 0.001702249 0.9998658 -0.0260272 -0.03861957 0.998915 0.02195483 -0.1502707 0.9884012 -0.002707958 -0.04047214 0.9991771 0.02921199 0.0871728 0.9957649 0.01790273 -0.1816338 0.9832033 0.05977946 0.1066211 0.9925011 -0.2108116 -0.1877003 0.9593369 -0.08161407 -0.09567964 0.9920608 -0.1658322 -0.1589474 0.9732602 0.4280959 0.2829403 0.8582999 0.3084061 0.2386415 0.9208345 0.2405809 0.314444 0.9182842 0.1964754 -0.06322383 0.9784683 0.1812939 -0.01392006 0.9833305 0.2028798 -0.05221152 0.9778107 0.04865908 -0.01060992 0.9987591 0.04604798 0.006498456 0.9989182 0.0601859 -0.1494393 0.9869375 -0.03152167 -0.003498971 0.999497 -0.1231982 -0.09853672 0.987478 -0.01173812 -0.06452119 0.9978474 -0.06527304 -0.03355181 0.9973033 -0.03365385 -0.1465886 0.988625 -0.01632511 -0.1715443 0.9850412 0.2313633 -0.1722038 0.9575057 0.1584401 -0.2013851 0.9666131 -0.3290802 0.3496294 0.8771919 0.02644854 -0.2390392 0.9706497 0.03996568 -0.1848506 0.9819537 0.03070151 -0.04369127 0.9985733 -0.02013099 -0.2801793 0.9597367 0.02481955 -0.3988269 0.9166904 0.0625196 -0.3991854 0.9147362 0.1101917 0.1758989 0.9782216 0.07380694 0.2867968 0.9551441 0.05399131 0.05543684 0.9970014 0.07020044 -0.1724289 0.9825173 0.07972097 -0.02946138 0.9963818 0.05456095 0.01710861 0.9983639 0.1504028 -0.07570308 0.9857221 0.3138625 0.02210903 0.9492111 0.09552913 -0.3315733 0.9385805 0.08573788 -0.4080061 0.9089444 0.1133741 -0.4554576 0.8830088 0.1202842 -0.05679696 0.9911135 0.02271848 -0.04054683 0.9989193 0.1415613 0.06069147 0.9880673 -0.01305192 0.1091485 0.9939398 0.01641958 0.1243666 0.9921005 0.08051699 -0.2821916 0.9559734 0.09746372 -0.2084941 0.9731553 -0.960665 -0.04534381 0.2739833 0.02904558 -0.01648408 0.9994422 -0.06915503 -0.05717939 0.9959659 0.3501731 -0.1567355 0.9234787 -0.0318979 -0.04446661 0.9985015 -0.03409928 0.08067011 0.9961574 -0.2262596 0.1090711 0.9679412 0.05542945 -0.02220237 0.9982157 -0.05048269 -0.02356165 0.9984471 0.08934229 0.001816511 0.9959994 -0.004193186 -0.001524567 0.9999901 0.01557743 -0.1234494 0.9922286 -0.01722794 -0.1185166 0.9928026 0.007394075 0.005044698 0.99996 -0.06440067 0.08241039 0.9945155 0.0346933 -0.03714197 0.9987077 0.1832191 -0.09799754 0.9781755 0.1859545 0.1008891 0.977365 0.4059239 0.01340216 0.9138087 0.2619291 -0.04793667 0.9638959 0.1676607 -0.03819626 0.9851045 0.02262318 -0.2155166 0.9762381 0.06101202 -0.1275218 0.9899575 -0.01475876 -0.009894967 0.9998422 -0.009305655 -0.05911409 0.9982079 -0.01290249 0.04144912 0.9990574 0.03011822 0.02298307 0.9992821 0.4621242 0.2500345 0.8508374 0.505371 0.2970662 0.8101555 0.5140753 0.2045936 0.8329874 0.03967386 0.1583226 0.9865902 0.06268793 0.07542693 0.9951789 0.06613343 -0.2852475 0.9561696 0.03408831 -0.2684037 0.9627032 0.006377518 -0.2241845 0.9745259 0.04700005 0.3547351 0.9337849 -0.07866102 -0.3347375 0.9390226 0.06832367 -0.004686355 0.9976522 0.04129534 -0.3018676 0.9524551 0.06679672 -0.1680949 0.9835051 0.02966612 -0.09589689 0.9949492 -0.02394926 -0.3336343 0.9423983 0.0139839 -0.1087332 0.9939727 -0.1059948 0.07430696 0.9915864 -0.2283397 0.09053087 0.9693633 -0.04725039 -0.00941807 0.9988387 0.037615 -0.1548486 0.9872219 0.1037988 -0.2317541 0.9672207 0.05844444 -0.2575246 0.9645028 0.1423397 -0.1920722 0.9710035 0.0822035 -0.2232316 0.9712931 0.1276354 -0.2067369 0.9700356 -0.05741894 -0.02875632 0.997936 0.1218044 -0.2718034 0.9546133 0.1189729 -0.2802403 0.9525287 0.1167316 -0.2084681 0.971038 0.2231968 -0.2208309 0.9494298 0.1530137 -0.2952061 0.9431015 0.1238827 -0.03545564 0.9916633 0.01593345 -0.03678929 0.9991961 0.01990169 -0.04219645 0.9989112 0.003185153 -0.1680049 0.985781 -0.01699197 -0.1054939 0.9942749 -0.03360956 -0.08369511 0.9959245 0.1191443 0.1295078 0.9843944 -0.122013 0.108047 0.98663 0.07920086 -0.07416564 0.994096 0.01798534 -0.137977 0.9902721 0.1882643 -0.07390767 0.9793336 0.06410729 -0.09523499 0.9933885 0.06076598 -0.1124718 0.9917953 0.08362454 -0.08946079 0.9924736 0.0867058 -0.0880382 0.9923363 0.1397684 -0.1333637 0.9811621 0.08485138 -0.2406866 0.9668869 0.05593258 -0.3101372 0.9490451 0.08057153 -0.1387391 0.987046 0.1600424 -0.1649242 0.9732351 0.04151386 -0.2366884 0.9706984 0.07852149 -0.1509442 0.9854189 0.04162049 -0.05785095 0.9974573 -0.01061695 -0.069296 0.9975396 0.08875817 -0.1524085 0.984324 -0.04126673 -0.104988 0.993617 0.05757772 -0.2484039 0.9669439 0.009532094 -0.2369761 0.9714688 0.08308225 -0.3334264 0.9391082 0.137872 -0.3867585 0.9118165 0.04812127 -0.428039 0.9024783 -1.9168e-4 0.2429437 0.9700404 0.04553395 0.07775866 0.9959319 -0.009970486 0.02825659 0.999551 0.06347215 -0.2426565 0.9680336 0.06471598 -0.2347626 0.9698961 0.03514462 -0.1926355 0.9806408 0.2528951 -0.04679483 0.9663615 0.3990397 -0.1330646 0.9072272 0.2101669 -0.1104184 0.9714102 -0.02233636 -0.2829685 0.9588692 -0.06053811 -0.2118076 0.9754347 -0.05247128 -0.2320333 0.9712917 -0.0762676 -0.07307577 0.9944061 -0.01682698 -0.1252329 0.9919847 -0.03117215 -0.1198005 0.9923085 0.5735642 0.5177075 0.6348252 -0.10069 0.03831404 0.9941799 -0.04474842 -0.1731887 0.9838716 0.01465576 0.04946929 0.9986682 0.07135748 0.02888762 0.9970324 0.02706092 0.01098537 0.9995734 0.04871028 -0.2777404 0.9594205 -0.008327484 -0.002933204 0.999961 0.02512037 -0.004959464 0.9996722 -0.01536703 -0.0155304 0.9997613 0.7989708 0.4610399 0.386119 -0.02448266 0.04961347 0.9984685 -0.03131222 -0.04879683 0.9983178 -0.07749211 -0.3188078 0.9446464 -0.01934897 -0.1093531 0.9938147 -0.1052604 -0.1782165 0.9783452 0.07506138 -0.2537242 0.9643599 0.9992127 0.0384534 0.009772121 0.4968528 0.2539018 0.8298622 0.3543162 0.201407 0.9131786 0.4327039 0.3910815 0.8122947 0.01627904 -0.4423236 0.8967078 0.01461422 -0.3075072 0.9514336 0.002298295 -0.1555303 0.9878284 -0.004828095 -0.08000165 0.9967831 0.01908475 0.07421094 0.99706 -0.0282256 -0.1602428 0.986674 0.01919257 -0.2762187 0.9609032 0.03561693 -0.09216183 0.9951069 0.05684566 -0.160318 0.9854272 0.08103895 0.02242398 0.9964587 0.08487033 0.008927881 0.9963521 0.1247836 -0.005514383 0.9921687 0.01979583 0.02796864 0.9994128 0.04652684 0.01435172 0.998814 0.06667453 -0.01026779 0.997722 0.05083823 -0.07457304 0.9959189 -0.1057264 -0.4041696 0.9085533 -0.06732618 0.3083009 0.9489035 -0.05128872 0.2857871 0.9569197 -0.0406748 0.2405222 0.9697911 0.04362398 -0.1266611 0.9909864 -0.002254486 -0.0720548 0.9973981 0.03632426 -0.2201169 0.974797 0.1382145 -0.004191279 0.9903935 0.1749919 0.0854386 0.9808558 0.09710514 -0.2368992 0.9666693 0.09248781 -0.2616426 0.9607232 0.1302815 -0.3654885 0.9216535 -0.07219052 -0.09700363 0.9926625 -0.05012691 -0.10738 0.9929536 -0.003666877 -0.1763184 0.9843264 0.2268821 0.02272605 0.9736571 0.1487663 4.75508e-4 0.9888724 0.2354111 0.06014519 0.9700331 0.3773967 -0.2024683 0.9036473 -0.05342394 0.05564159 0.9970206 0.06648528 0.1358997 0.9884893 -0.06089729 0.03731769 0.9974462 -0.03889024 -0.02497106 0.9989315 0.1064116 -0.01177197 0.9942526 -0.001827597 -0.007043957 0.9999735 0.732998 -0.1622414 0.6605995 0.7616577 -0.03066843 0.6472536 0.7565483 -0.1686841 0.6318072 0.8118855 -0.02272754 0.5833742 0.7951694 -0.1442644 0.5889768 0.8544304 0.03041696 0.5186748 0.8388082 0.1619176 0.5197917 0.765881 0.113583 0.6328706 0.7377154 0.3816273 0.5568992 -0.1579355 0.02427792 0.987151 -0.2985607 0.08131593 0.9509202 0.3514446 0.2826671 0.8925167 0.3044149 0.2610383 0.9160735 0.3598389 0.3323597 0.8718103 0.6672693 -0.2934005 0.6845933 0.6588035 -0.2664778 0.7035393 0.6076698 -0.1213896 0.784858 0.4964038 0.1178471 0.8600555 0.514824 0.03024649 0.8567622 0.472402 0.1658971 0.8656296 0.4643477 0.2428495 0.8517073 0.8511634 0.397358 0.3429688 0.477543 0.1996262 0.8556298 0.9004495 0.03760206 0.4333325 0.3861988 0.06345582 0.9202304 0.4770832 0.1634602 0.8635233 0.8798525 -0.009549021 0.475151 0.4656029 -0.03160291 0.8844293 0.005091369 -0.01444494 0.9998827 0.02903443 -0.04862767 0.9983949 0.00323981 -0.0514211 0.9986719 0.4289518 -0.0475592 0.9020746 0.6292779 -0.1567192 0.7612152 0.3608408 0.01380127 0.9325253 0.5980473 0.05993026 0.7992172 0.3785686 0.1372837 0.9153354 0.455514 0.3225397 0.8297442 0.4629974 0.3762121 0.8025571 0.5224037 0.3662567 0.7700328 0.09299939 -0.3089617 0.9465167 0.01717036 -0.2005791 0.9795271 0.1382462 -0.400182 0.9059483 0.10283 -0.3871943 0.916246 0.05423569 -0.3321707 0.9416587 0.03723585 -0.2125037 0.9764506 0.4866309 0.3360462 0.8063892 0.3524867 0.278729 0.8933439 0.4533147 0.3041627 0.837849 0.1949392 0.04575043 0.9797478 0.1104434 0.1588012 0.9811139 0.03752309 0.2090662 0.9771813 -0.03210473 0.2529193 0.9669546 -0.1228068 0.3195263 0.9395858 0.005502402 -0.0827834 0.9965525 -0.1093257 0.04978388 0.9927586 -0.04608088 -0.08559018 0.9952643 -0.01820129 -0.004633247 0.9998236 0.3675411 -0.1482324 0.9181181 0.2898999 -0.09021687 0.9527955 0.1454004 0.02464729 0.9890659 0.02010267 0.1581841 0.987205 0.1065183 0.00729531 0.994284 -0.06220883 -0.01310932 0.9979771 0.1725372 -0.05210435 0.983624 0.03699934 0.07015895 0.9968495 -0.09461736 0.1720876 0.9805272 -0.1463492 0.198209 0.9691724 0.04148268 -0.02816927 0.9987421 -0.03066956 -0.02253276 0.9992756 0.03297007 -0.02614367 0.9991145 0.3781941 0.3713322 0.8479869 0.3703178 0.2796093 0.8858237 0.1821618 0.1828865 0.9661107 0.3418909 0.2065125 0.9167678 0.2953158 0.1944549 0.9354014 0.009804666 -0.1600177 0.9870655 0.04119896 -0.2128741 0.9762107 0.05601197 -0.2535212 0.9657068 -0.009373426 -0.1376655 0.9904345 -0.001730859 -0.06928664 0.9975953 0.003964006 -0.1159565 0.9932464 0.04647272 -0.1180675 0.9919176 -0.03142774 -0.02354311 0.9992287 0.1109393 -0.03781718 0.9931074 0.1363388 0.1431976 0.9802583 0.1955986 0.1569715 0.9680399 0.02111464 0.1761152 0.9841431 0.08272194 -0.132405 0.9877379 0.07501 -0.1187443 0.9900875 0.1047748 -0.1378273 0.984899 0.03054696 -0.1391719 0.9897971 0.2542018 0.137611 0.9573112 -0.04048657 0.1315685 0.99048 -0.0870893 0.2692388 0.9591278 -0.04931735 0.1918653 0.9801814 -0.07138317 0.3376153 0.9385737 -0.07717216 -0.0801739 0.9937891 -0.001461327 0.008448302 0.9999634 -0.05286413 -0.02187001 0.9983623 0.2590925 -0.08322584 0.9622602 0.1334943 -0.02601003 0.9907082 0.177915 -0.07306915 0.9813293 0.2741362 0.1861312 0.9435065 0.1509066 0.1348356 0.9793093 0.06760495 -0.257326 0.963957 0.07056468 -0.09855741 0.9926264 0.0364862 -0.1029293 0.9940193 -0.05746978 -0.1422224 0.988165 -0.01883953 -0.2973361 0.9545871 -0.001909911 -0.2090352 0.9779062 0.1771001 -0.150442 0.9726268 0.2027976 -0.1413609 0.9689635 0.2308039 0.1658995 0.9587528 0.1853317 -0.1043055 0.9771247 0.1241309 -0.2675053 0.9555274 0.02516645 -0.1311143 0.9910479 0.08373653 -0.2169677 0.9725807 -0.06177753 -0.1109759 0.9919012 0.05583757 -0.04998308 0.997188 0.140116 0.09643298 0.985428 0.0732218 0.09500223 0.9927806 0.38846 0.2176436 0.8953939 0.2177308 0.1680418 0.961434 0.3314705 0.399186 0.8548555 0.03368151 -0.0462355 0.9983626 0.04906576 -0.0393384 0.9980207 -0.1026962 -0.06586819 0.9925296 -0.007225871 0.01008605 0.9999231 -0.06929546 -0.03226864 0.9970743 0.03253495 0.007827579 0.99944 0.3568301 0.2480769 0.9006277 0.1946977 0.1011572 0.9756332 0.1350548 0.1420619 0.9806011 0.392495 0.2459121 0.8862702 0.2527097 0.1457849 0.956496 0.4711933 0.1740766 0.8646816 0.3581267 0.2198203 0.9074273 0.0673452 -0.06695294 0.9954808 -0.09177631 -0.06546705 0.9936253 -0.122504 0.3411982 0.9319747 -0.08702135 0.2344021 0.968237 -0.01969772 0.1651581 0.9860705 -0.07009375 -0.3109323 0.9478439 -0.1381282 -0.03257519 0.9898785 0.08421951 0.09822118 0.9915946 -0.1507466 -0.1361581 0.979151 -0.0906794 -0.08786374 0.9919967 -0.008154213 0.01349872 0.9998757 -0.03569924 -0.02422028 0.999069 0.01939356 -0.05523532 0.9982851 -0.01037073 -0.05281114 0.9985507 -0.02850931 -0.04167222 0.9987245 0.1120066 0.1643115 0.9800288 0.1424735 -0.4013181 0.9047901 0.07417136 -0.3315839 0.9405057 0.03019434 -0.1868245 0.9819293 0.1180932 -0.002051889 0.9930005 -0.3941721 -0.03727173 0.9182807 0.0558896 0.2171188 0.9745439 0.2769225 -0.08600258 0.9570358 0.2662567 -0.07905 0.9606553 0.63942 -0.0811724 0.7645608 -0.768719 -0.04064476 0.6382939 0.2736861 0.1443573 0.9509243 0.3337459 0.1421094 0.9318899 0.3068577 0.1147393 0.9448139 0.06935942 -0.327399 0.9423371 0.07473421 -0.2925369 0.9533295 0.1196786 -0.2866017 0.9505454 0.001705527 -0.08225595 0.9966099 0.05833667 -0.1919775 0.979664 0.00387448 -0.09762203 0.995216 0.01794618 0.01201629 0.9997668 0.1265472 0.1005265 0.9868537 0.1569315 0.2473952 0.9561215 0.3217838 0.1869441 0.9281741 -0.08619725 -0.02580326 0.995944 -0.08668714 -0.1505895 0.9847884 0.2440538 0.2209738 0.9442502 0.1961305 0.1573754 0.9678667 0.1256565 0.1168587 0.9851673 0.2025429 -0.04582476 0.9782007 0.3076494 -0.01254391 0.9514172 0.3322703 -0.04494547 0.9421128 0.2100325 -0.005722641 0.9776777 0.1535774 0.0232948 0.987862 0.1738861 0.04077094 0.9839215 -0.1006463 -0.03899395 0.9941579 0.3306823 0.4540454 0.8273404 0.3991447 0.1703161 0.9009307 -0.1679963 -0.1185613 0.978632 -0.03671127 0.006446123 0.9993052 -0.1010854 -0.07341337 0.9921655 0.002056956 -0.01268327 0.9999175 -0.06103771 0.06409144 0.9960757 0.03798419 0.01198047 0.9992065 0.1586278 0.09206736 0.9830366 0.07055789 0.08868736 0.9935573 0.2982984 0.1146086 0.9475669 0.2959222 0.02491271 0.9548872 0.2609688 0.07728117 0.9622489 0.3113954 0.08795684 0.9462011 0.2959123 -0.01868659 0.9550324 0.01356345 -0.186945 0.9822767 0.3936389 0.02650821 0.918883 0.3161975 0.04078125 0.9478165 0.3117419 0.03756034 0.9494242 0.06297528 -0.1361017 0.9886913 0.05251973 -0.3096497 0.9493992 0.0726158 -0.3810156 0.9217126 0.1302677 -0.04475688 0.9904682 0.09795808 0.0123673 0.9951137 0.11169 -0.04583507 0.9926855 0.1269294 -0.1809438 0.9752683 0.1772595 -0.1193033 0.9769063 0.1859807 -0.1106024 0.9763085 0.3419145 -0.01059901 0.9396713 0.07413476 0.2770897 0.9579799 0.03385746 -0.05971699 0.997641 -0.06946152 -0.1075658 0.9917685 -0.2593759 -0.288446 0.9216958 0.0496723 -0.1360029 0.9894625 0.1866627 0.1135553 0.9758392 0.1125663 0.06262862 0.9916685 0.06240957 0.05840164 0.9963405 0.05714303 -0.1286651 0.9900405 0.2156828 0.03631436 0.975788 0.1635771 0.02255219 0.9862728 -0.07152408 -0.2181691 0.9732865 0.001351535 -0.140838 0.9900318 0.1548084 -0.2737939 0.9492477 0.1411957 -0.2434582 0.959579 0.1821662 -0.2136902 0.9597666 -0.003254652 -0.02230429 0.999746 0.1455137 -0.03865122 0.988601 -0.04807752 -0.140601 0.9888984 0.1107462 -0.2546887 0.9606607 0.03043884 -0.006661295 0.9995145 0.01795196 -0.01059871 0.9997828 0.001531064 0.04088366 0.9991627 -0.0110172 0.05625993 0.9983554 -0.03430849 0.00920391 0.999369 -5.32117e-4 -0.2520481 0.9677146 -0.01013594 -0.1784383 0.983899 -0.01961916 -0.1350382 0.9906461 -0.08982408 0.1063305 0.9902654 0.01698243 0.1121074 0.993551 -0.001051545 -0.00233215 0.9999968 0.01153296 -0.2765728 0.9609238 -0.01405036 -0.1230192 0.9923049 0.04661494 -0.2043035 0.9777972 0.02663564 -0.1643829 0.9860369 0.06897461 -0.3348224 0.9397534 0.07077872 -0.05207067 0.9961321 0.1134884 -0.0699622 0.9910731 0.07909274 -0.08434814 0.9932925 0.2328644 0.06542605 0.9703059 0.129902 0.09032148 0.9874044 0.2016071 0.1680577 0.964941 0.03087759 0.07165485 0.9969515 0.1076858 0.1347103 0.9850162 0.09486341 0.1229167 0.9878727 0.002688527 0.01204288 0.999924 -0.1616197 -0.05941754 0.9850628 0.02980273 -3.83246e-4 0.9995558 0.2488252 0.1278306 0.9600757 0.3315948 0.1438017 0.932398 0.3016732 0.09804409 0.9483568 0.0405339 -0.190707 0.9808098 0.04669201 -0.237962 0.9701516 0.07876586 -0.1794123 0.9806157 0.04596465 -0.125777 0.9909932 0.0469464 -0.2340648 0.971087 0.01723623 -0.06360167 0.9978266 0.09405255 -0.1912887 0.9770173 0.1337828 -0.1429072 0.9806528 -0.005357742 -0.1622577 0.9867339 -0.02690994 -0.003385603 0.9996322 -0.01064902 -0.09786438 0.9951428 0.01154077 -0.2336449 0.9722535 -0.004209876 -0.170442 0.9853588 -0.03035426 -0.03562271 0.9989043 0.1311479 -0.1360695 0.9819804 0.1304822 -0.1204509 0.9841067 -0.5942569 -0.7939383 0.1285341 -0.009828388 -0.01765608 0.9997959 0.08268964 0.04466879 0.9955738 0.122604 -0.01337504 0.9923655 0.2886794 0.06315273 0.9553408 0.3892627 0.02523779 0.920781 0.3300173 -0.001366376 0.943974 0.3942569 -0.04581207 0.9178578 0.2889009 -0.09931021 0.9521942 0.328486 -0.06560534 0.9422277 0.2781261 0.07152748 0.9578778 0.04922544 0.2847402 0.95734 0.125221 0.3737904 0.9190214 0.1324021 0.2727848 0.9529209 0.1876078 0.0539574 0.9807609 0.06916415 0.01493746 0.9974935 0.100834 0.001520872 0.9949021 0.08365154 0.01390492 0.9963981 -0.06795161 -0.09725373 0.9929372 -0.005154073 -0.1515262 0.9884398 0.01430284 -0.2345894 0.9719894 0.007324874 -0.2060142 0.9785217 0.09499371 -0.04920709 0.994261 -0.08458894 -0.06140345 0.9945222 -0.02406883 -0.02000546 0.9995102 0.01249253 -0.01102143 0.9998612 -0.0121718 0.01094728 0.999866 0.1240382 0.3104844 0.9424511 0.2148774 0.03751188 0.9759204 -0.03778487 0.03467494 0.9986841 0.1777608 0.1057426 0.978376 0.01683795 -0.1171673 0.9929695 0.1392852 -0.2511147 0.9578837 0.1306905 -0.2466296 0.9602572 0.06959515 0.1464807 0.9867624 0.09246176 0.1844047 0.9784916 0.1557245 0.1129404 0.9813228 -0.004649877 -0.1608181 0.9869731 0.02800846 -0.2542635 0.9667294 0.1101253 -0.3473196 0.931258 0.1003585 0.2225797 0.9697353 0.05043929 0.2549957 0.9656258 0.02726161 0.2214472 0.9747913 0.08184933 -0.03767031 0.9959326 0.1524002 0.01647198 0.9881817 0.04395228 0.006376147 0.9990133 -0.9013583 0.0422526 -0.4310081 0.03944349 -0.08218187 0.9958366 0.1123118 -0.1932291 0.9747045 0.1208353 -0.3109824 0.942703 -0.0427494 0.1037505 0.9936842 0.07636225 0.04012101 0.9962727 0.03983253 -0.3042826 0.9517487 0.1008934 -0.37347 0.9221393 0.09899991 -0.4161202 0.9039044 0.09096205 -0.2374292 0.9671366 0.08025467 -0.3084009 0.9478651 0.07584923 0.06473749 0.9950156 -0.004702806 0.0391345 0.9992229 0.6945273 -0.4830108 0.5332283 0.124088 -0.06804001 0.9899358 -0.0400967 -0.04613083 0.9981305 0.05866736 -0.03586286 0.9976333 0.3147066 0.2325047 0.9202724 0.08377802 0.1408349 0.986482 0.04544866 -0.02246814 0.998714 0.05998498 0.03778672 0.9974839 -0.3069244 0.1903528 0.9325038 -0.05539602 -0.05532139 0.9969307 -0.08467549 -0.05896371 0.9946625 0.03338772 -0.1042485 0.9939907 0.0420131 -0.2012447 0.9786397 0.03272765 -0.06513434 0.9973397 -0.08466798 0.09404861 0.9919608 0.03989177 0.06332957 0.9971951 0.1001541 0.003014206 0.9949675 -0.02092814 -0.02006673 0.9995796 -0.01557296 -0.001819133 0.9998772 -0.04794967 0.02131706 0.9986223 -0.01068603 0.07487434 0.9971358 0.1688678 -0.03323435 0.9850783 -0.02948623 -0.08438104 0.9959972 0.1046463 0.07072561 0.9919915 0.1648545 -0.02335208 0.9860414 0.1278406 -0.06371027 0.9897464 0.4120885 0.1225793 0.9028607 -0.009058475 0.02326875 0.9996882 -0.1194534 -0.09893441 0.9878982 -0.02951455 -0.04423809 0.9985849 0.08694344 0.007212221 0.9961872 0.1575952 -0.0289849 0.9870784 0.08840656 0.007002651 0.9960599 0.006913661 -0.0693624 0.9975677 -0.015585 -0.07998174 0.9966745 -0.03566557 0.06163614 0.9974613 0.08543771 0.1941846 0.9772374 -7.32118e-5 -4.7376e-4 -0.9999999 -0.02046722 -0.02961909 0.9993517 0.01179862 -0.01091551 0.9998709 0.01112288 -0.01130956 0.9998742 0.06826525 -0.4303972 0.9000545 0.01983648 -0.249492 0.9681738 0.08025705 -0.4644455 0.8819577 -0.02913475 -0.1154363 0.9928876 0.00701183 -0.05962598 0.9981962 -0.003510177 -0.3238632 0.9460974 -0.004930257 -0.2667424 0.9637553 0.01369172 -0.4172028 0.9087103 -0.1321802 0.07703036 0.9882282 0.4671492 -0.005833268 0.8841593 0.4993925 0.01101404 0.866306 0.1107859 -0.4526324 0.8847883 0.09101629 -0.3251473 0.9412732 -0.03268444 0.04463821 0.9984685 -0.150542 -0.01005733 0.9885525 0.4526124 0.02917182 0.8912301 0.7617049 0.08350366 0.6425206 0.7465556 0.04940152 0.6634865 -0.04073506 -0.1844499 0.9819974 0.04434698 -0.04616075 0.9979491 0.06269884 0.03188329 0.9975231 0.2333225 -0.09176516 0.9680598 0.1289482 -0.06351602 0.9896152 0.1757901 -0.07573252 0.9815103 0.02747982 -0.05768412 0.9979566 0.1405614 0.1091015 0.9840425 0.1636303 -0.0794934 0.9833138 0.0278877 -0.2158867 0.9760201 0.09193331 -0.281605 0.9551162 -0.0125463 -0.2253453 0.9741982 0.3678581 -0.06749373 0.9274294 0.3377246 -0.0721113 0.9384786 0.2671797 -0.1062493 0.9577714 0.04808843 -0.1691948 0.9844089 0.05382215 0.01143699 0.998485 0.08094286 -0.02146512 0.9964877 0.04249691 -0.01420336 0.9989957 0.06807029 7.38535e-4 0.9976803 0.1177316 0.2123726 0.9700708 0.06538009 -0.299533 0.9518432 0.1109915 -0.1390625 0.9840441 -0.01370358 -0.007100582 0.9998809 0.02083754 -0.1893989 0.9816791 -0.003081798 -0.1741424 0.9847157 -0.01732909 -0.1007375 0.9947621 0.5577652 -0.3094735 0.7701456 0.04778355 0.03993076 0.9980593 0.01445621 -0.02379423 0.9996123 -0.06926143 -0.005322754 0.9975844 -0.06501895 -0.06874293 0.9955135 -0.03055518 -0.03323417 0.9989805 0.1200194 -0.05358016 0.9913247 0.1316145 -0.514484 0.8473393 0.1365628 -0.04176735 0.9897506 0.04513216 -0.1852285 0.9816586 0.2125535 -0.1319763 0.9681959 0.1184328 -0.1705378 0.9782079 0.1728376 -0.1210653 0.9774817 -0.04783439 0.02402669 0.9985663 -0.03360426 0.01089733 0.9993758 -0.0732364 0.01585698 0.9971886 0.1195175 0.02177941 0.9925932 0.1125627 -0.005681037 0.9936284 0.07325804 -0.04238635 0.996412 0.4537132 -0.02786827 0.8907119 0.1594113 0.003916025 0.9872046 0.589214 -0.4373697 0.6793634 0.06368857 -0.07646244 0.9950364 0.08860367 -0.3072735 0.9474875 0.03341734 0.1499881 0.9881229 0.005011737 0.08197587 0.9966217 0.02856856 0.1035856 0.9942103 -0.06689828 -0.0513212 0.996439 0.06924092 -0.3305943 0.9412296 0.06664538 -0.3848789 0.9205578 6.86217e-5 -0.02615511 0.999658 0.006451487 -0.06749266 0.997699 -0.03200018 -0.08584612 0.9957944 0.06647074 -0.2700471 -0.96055 0.9651734 -0.224929 -0.1335939 -0.04584038 -0.2685029 -0.9621875 0.1463101 -0.147026 0.9782519 0.02487367 -0.3421968 0.939299 0.02671045 -0.2780519 0.9601947 0.1042618 -0.2947046 0.9498836 -0.01145076 -0.1661286 0.9860376 0.1090977 -0.08792227 0.9901351 0.1338322 -0.1683319 0.976603 0.1126626 -0.09222692 0.9893439 0.03265666 -0.03200495 0.9989542 0.2295863 0.1096203 0.9670954 0.1297584 0.02152824 0.991312 0.1854526 -0.009037196 0.9826117 0.1248092 0.03244048 0.9916503 -0.009601294 0.02642655 0.9996047 -0.1378856 0.289718 0.9471278 -0.04795747 0.3207032 0.9459649 -0.06516665 0.1786103 0.9817596 0.0638855 -0.05087 0.9966599 0.07704174 -0.1169742 0.9901423 0.06731009 -0.235188 0.9696165 0.07796555 -0.1955187 0.9775961 -0.006456017 -0.02588832 0.9996441 0.01982939 -0.01635032 0.9996697 -0.08224403 -0.05693161 0.9949848 -0.447376 0.5391968 0.7135275 0.04061424 0.03704106 0.9984882 -0.04571473 -0.01858294 0.9987817 -0.2044474 0.4904343 0.8471572 0.1327424 -0.05401879 0.9896775 0.1642761 -0.02005803 0.9862105 0.1918107 -0.04115051 0.9805688 -0.2046416 0.04904711 0.9776074 -0.07303792 -0.05061656 0.9960439 0.02636277 0.9996525 3.50195e-4 -0.1267457 -0.2160175 0.9681282 0.1579155 0.2130035 0.9642055 0.1871204 0.2079563 0.960073 -0.1155439 0.07428818 0.9905205 0.04697501 0.1048441 0.9933786 0.1458184 0.1543294 0.9771998 0.232328 0.1030607 0.9671619 -0.08439177 0.2939118 0.9520998 -0.1384568 0.3059769 0.9419171 -0.0335676 0.2619341 0.9645019 -0.868359 -0.0707612 0.4908622 0.07122921 0.1159537 0.9906974 0.06887781 0.06380021 0.9955829 -0.1042257 0.02536922 0.99423 0.009157001 -0.05637019 0.998368 0.08023804 -0.0360347 0.9961242 -0.2836949 0.5338048 0.7965989 -0.151207 -0.04645669 0.98741 -0.02239531 -0.06997454 0.9972974 0.08129131 -0.01659494 0.9965522 0.1565331 0.06107294 0.9857827 0.06881934 0.04375737 0.9966691 0.00660187 -0.2460865 0.9692255 0.006348967 -0.3223993 0.9465826 0.06227838 -0.1877139 0.9802474 -0.02160423 -0.1648211 0.9860869 -0.06410372 0.00321573 0.9979381 0.05218923 0.01698553 0.9984928 -0.07159751 0.003591239 0.9974272 0.05946701 -0.3659158 0.9287461 -0.0905925 0.1444749 0.9853528 -0.02047348 0.002178907 0.9997881 0.02495831 0.07266372 0.9970442 0.6945206 0.07934826 0.715084 -0.01593136 -0.07450646 0.9970933 0.001129627 0.115003 0.9933645 0.02464216 0.03461492 0.9990969 0.1502521 -0.01387608 0.9885504 0.2179995 1.83292e-4 0.9759489 0.1232891 0.03600555 0.9917175 0.3013397 -0.1029771 0.94794 0.2139353 -0.08922481 0.9727645 0.2875418 -0.1115312 0.9512521 -0.6917794 0.3267927 0.6439315 -0.02538621 -0.0558747 0.9981151 0.2200909 -0.1600678 0.9622569 0.2257147 -0.1143675 0.9674569 0.2991176 -0.1039742 0.9485347 0.07171428 -0.2319143 0.9700891 0.002092063 -0.07171952 0.9974228 -0.05966627 0.07589036 0.9953294 0.05304521 -0.02560555 0.9982638 -0.2010785 -0.02997493 0.9791165 0.006081938 -0.1397278 0.9901713 -0.08598726 -0.167427 0.9821275 0.01934999 -0.127913 0.9915966 -0.03541004 -0.05519789 0.9978474 0.08085304 -0.03113067 0.9962399 0.0062536 -0.09446257 0.9955088 -0.04343658 -0.07607746 0.9961554 -0.04645425 -0.1229945 0.9913195 0.2888504 -0.02172923 0.9571276 0.1278268 -0.00754708 0.9917679 -0.04646492 -0.1663259 0.9849756 -0.04153519 -0.0712977 0.99659 -0.1837974 0.9623572 0.2002182 0.2814793 0.169464 0.9444847 0.04579788 -0.06695985 0.9967041 0.09735459 -0.3165627 0.9435625 0.1424219 -0.3181027 0.9372977 0.07790821 -0.1938906 0.9779248 0.1616048 0.01592463 0.9867271 0.04821091 -0.2637997 0.9633719 -0.0169627 -0.08526766 0.9962137 -0.0547564 -0.1074443 0.9927022 -0.005269944 0.0443263 0.9990032 -0.08797883 -0.008125782 0.9960892 -0.0959466 -0.07784968 0.9923375 0.3878275 -0.9213382 -0.02694034 0.1377815 0.01859188 -0.9902881 0.2307565 0.08493298 -0.9692976 -0.07476526 -0.03726232 0.9965047 -0.001730561 0.06260502 0.9980369 -0.024383 -0.01388943 0.9996063 0.02326059 -0.04226362 0.9988357 0.02879697 -0.1717401 0.9847214 0.8068464 -0.2700949 0.5254026 0.5287162 -0.01277947 0.8487025 0.5230377 0.1441988 0.8400228 0.08166182 0.05782186 0.9949814 -0.02301108 -0.01066124 0.9996784 0.06120985 -0.1594253 0.9853106 0.07772058 -0.3800339 0.9217017 0.03268563 -0.1292579 0.9910722 -0.0583961 0.232564 0.9708265 0.07242226 -0.3454579 0.9356356 0.03668314 -0.3567778 0.9334688 -0.01460373 -0.4171712 0.9087107 -0.03485363 0.08631104 0.9956584 0.03258901 0.04195845 0.9985877 0.05439651 -0.01520586 0.9984037 0.3939404 -0.03114002 0.9186084 0.3336598 -0.03072506 0.9421927 0.3171744 -0.06258624 0.9462999 -0.01417034 0.06884247 0.9975269 -0.07529526 0.09488564 0.9926366 0.00566405 -0.1280273 0.9917545 0.1202561 -0.06146824 0.9908381 0.2584344 -0.03226476 0.9654899 -0.1721552 -0.005297839 0.9850557 0.01349604 -0.03067791 0.9994383 -0.0738517 -0.003962993 0.9972614 -0.05269831 0.0159313 0.9984834 0.07934188 0.05322027 0.9954258 0.1182551 0.09710603 0.9882237 -0.02227878 -0.1401912 0.9898738 0.2842617 0.2037361 0.9368495 -0.08543771 0.04382348 0.9953793 -0.06890994 -0.01528608 0.9975059 -0.09052187 -0.04305231 0.9949635 -0.04983121 -0.4285599 -0.9021382 0.001858055 0.0529983 0.9985929 0.08915096 0.04006373 0.9952121 0.002165555 -0.05581051 0.9984391 0.09029024 -0.3282675 0.9402596 0.164506 -0.2644842 0.9502557 -0.01792752 -0.08184015 0.9964842 0.03332185 -0.1312546 0.9907885 0.06091505 -0.1743039 0.982806 0.1347212 -0.2094111 0.9685025 0.07747071 -0.4293248 0.8998215 0.005880475 -0.1149684 0.9933518 0.09561961 -0.3853887 0.9177868 0.1291918 -0.0231862 0.9913486 0.2364296 -0.01714324 0.9714974 0.06471925 -0.05378013 0.9964533 -0.004345059 -0.05618113 0.9984112 0.08796709 -0.07484811 0.9933074 -0.04397869 -0.01546251 0.9989128 -0.119962 0.01743584 0.9926254 -0.1067474 -0.04782658 0.9931352 -0.01589035 -0.2097977 0.9776158 0.06905156 -0.2587533 0.9634723 -0.01126134 -0.2385655 0.9710611 -0.0471096 -0.1285901 0.9905783 -0.06328898 -0.1304343 0.989435 -0.01079827 0.410265 0.9119025 0.1969657 0.2117685 0.9572663 -0.06020438 0.3622053 0.930152 0.08811521 -0.1524975 0.984368 0.04827588 -0.04592156 0.9977779 0.01585 0.3069635 0.9515893 -0.1856656 0.1693414 0.967911 0.5222324 0.3496229 0.7778415 0.05758351 -0.2940858 0.9540429 0.0640124 -0.1671369 0.9838535 0.01664817 -0.1623178 0.9865981 -0.04813152 0.03400886 0.9982619 0.0556277 -0.0713278 0.9959006 0.1537466 -0.09548604 0.9834859 0.1203207 -0.1565497 0.9803138 0.03280425 0.006685137 0.9994395 0.003924429 -0.007228076 0.9999663 -0.02260458 -0.05248212 0.998366 0.398127 -0.4593421 0.7940402 -0.4440696 0.5222605 0.7280428 0.1107276 -0.2078006 0.971884 0.02540713 0.08793342 0.9958023 -0.005702972 0.01470392 0.9998757 -0.02858513 0.05750846 0.9979358 0.223396 0.01944559 0.9745338 0.1931738 0.007082402 0.981139 0.03451168 -0.02453273 0.9991032 -0.05123937 -0.1181182 0.9916768 -0.0115174 -0.1224479 0.9924082 -2.91675e-4 -0.08069068 0.9967392 0.05227035 -0.06666803 0.9964051 -0.02487927 0.07280665 0.9970358 -0.107417 0.3834552 0.9172915 0.0880987 -0.3446322 0.9345948 0.7523908 0.6545717 0.07378333 -0.07902675 -0.05987566 0.9950727 0.04387485 -0.03983157 0.9982427 0.1303567 -0.1204602 0.9841222 0.01104408 -0.04226863 0.9990453 0.1573141 -0.07672882 0.9845634 -0.01356947 -0.05352681 0.9984743 -0.003693163 -0.08911961 0.9960141 0.06640571 0.0116378 0.9977249 0.2018036 0.04049456 0.9785886 0.2065893 0.1027929 0.9730131 -0.08001041 -0.1810749 0.9802093 0.05970603 -0.1512412 0.9866922 0.0115267 -0.129145 0.9915588 0.04474365 -0.2261165 0.9730721 -0.2033765 0.05273514 -0.9776794 0.03655451 -0.9795366 -0.1979191 -0.2404033 0.06966257 -0.9681701 0.02711898 -0.1129621 0.9932292 0.05449324 -0.1683769 0.9842153 0.08400326 -0.1919555 0.9778019 -0.1496303 -0.8681966 0.473123 -0.03538411 0.06839227 0.9970309 0.0428487 0.008170843 0.9990482 0.02691614 -0.006749987 0.999615 0.3357297 0.6455305 0.6859854 -0.06274396 0.08272969 0.9945949 0.002010524 0.03051298 0.9995324 0.1862913 -0.04100841 -0.9816384 -0.00666809 -0.01399785 0.9998798 -0.02761679 2.19263e-4 0.9996186 0.07191443 -0.2740109 0.9590341 -0.06154263 -0.05841624 0.9963936 -0.7953807 0.52896 0.295924 0.04045593 -0.02440291 0.9988833 0.02997243 -0.09116768 0.9953844 -0.07722896 0.3762138 0.9233087 -0.03208661 -0.2117998 0.9767862 0.05806124 -0.3123746 0.948183 0.05073112 -0.2200311 0.9741728 0.04870975 -0.3138504 0.9482222 0.05176234 -0.2123298 0.9758262 0.04645752 0.005109429 0.9989072 0.09447765 -0.0146805 0.9954187 0.3649623 0.8546696 0.3692458 -0.07751506 0.07337969 0.9942871 0.02771639 0.05847764 0.997904 0.0370453 0.06792747 0.9970023 0.01397234 0.248789 0.968457 -0.00919485 0.2880948 0.9575577 0.01645672 0.1408551 0.9898934 0.02850347 -0.232517 0.9721746 0.00552994 -0.02556961 0.9996578 0.03965222 -0.2724784 0.9613446 -0.1645281 -0.9854906 0.04170083 -0.271189 0.962275 0.02199018 0.00103569 0.05409908 0.9985351 0.0872088 -0.2453801 0.9654965 0.1568731 -0.4319278 0.8881607 0.1218673 -0.388893 0.9131871 0.0988149 -0.1463828 0.9842804 0.06228578 -0.6707364 0.7390759 -0.01273643 -0.1470774 0.9890431 0.0224508 -0.08548265 0.9960868 0.009831368 0.05893421 0.9982135 -0.2087427 -0.08250391 0.9744843 0.23961 0.1723402 0.9554507 0.1588211 -0.2294833 0.9602673 0.01633191 -0.1717044 0.9850132 0.001859128 -0.1452799 -0.9893888 -0.07281851 -0.108148 0.9914644 -0.04625248 0.2700102 0.9617459 -0.05516797 -0.0768966 0.9955117 0.044851 -0.08821505 0.9950912 0.1935738 -0.09790158 0.9761887 0.315668 -0.7302276 0.6059054 0.06778168 -0.1096211 0.9916597 0.03287726 -0.2370634 0.9709378 0.07014399 -0.1802037 0.9811251 0.04268348 -0.1678023 0.9848962 0.1209375 -0.1836183 0.9755299 0.1142628 -0.2011625 0.9728708 0.05423253 0.04986488 0.9972826 0.05812132 0.07332742 0.9956129 -7.92983e-4 0.1155228 0.9933046 0.08593654 0.1149432 0.989648 0.1293058 -0.0670855 0.9893329 0.1731525 0.0956093 0.9802434 0.04885369 -0.02723741 0.9984346 0.06886464 -0.1600335 0.9847065 0.1406431 -0.06302654 0.9880523 0.1472936 -0.07845711 0.9859763 0.0195741 0.002286672 0.9998058 0.02556931 0.9973974 0.06741511 0.0626859 0.0341503 0.9974489 0.008765697 0.1262337 0.9919619 0.05558806 0.08125752 0.9951418 -0.03321588 0.06233835 0.9975022 0.1214058 0.0170086 0.9924572 0.1125419 -0.2589589 0.9593095 0.0499528 -0.163383 0.9852973 0.04631465 -0.3374605 0.9401997 0.01599544 -0.2543754 0.9669733 0.02246534 -0.1123568 0.9934139 0.08363693 -0.1259163 0.9885091 0.02134788 -0.2754381 0.9610818 0.02035343 -0.2022047 0.9791318 0.05163234 -0.2239466 0.9732328 0.02200579 -0.2262387 0.9738234 0.008740603 -0.1803305 0.9835673 -0.01428496 -0.09613209 0.9952661 0.5994785 0.1468152 0.7868106 0.05236124 -0.1981984 0.9787623 0.02560275 -0.1099137 0.9936114 0.02248644 -0.06797575 0.9974336 0.1064024 0.001281082 0.9943224 -0.0353958 0.00227791 0.9993708 0.03773415 -0.01941418 0.9990992 0.2420952 -0.05173599 0.9688722 0.1675741 -0.09817206 0.9809593 0.1222947 -0.1353186 0.9832258 -0.07139402 -0.04274547 0.9965319 -0.1384021 -0.1026425 0.9850429 0.1994339 -0.1669079 0.965592 0.2482297 -0.149244 0.9571354 0.1502641 -0.1972229 0.9687744 0.1095945 -0.005611777 0.9939606 0.7706409 0.5985919 0.2186329 -0.003586888 -0.06899684 -0.9976105 -0.05264049 -0.008167862 -0.9985802 -0.02184969 -0.09321099 0.9954067 0.0299012 0.04789131 0.998405 -0.8860478 -0.3934156 0.2452422 -0.009418308 0.0726031 0.9973165 0.08578252 -0.06012654 0.994498 0.1313178 -0.04682719 0.9902338 0.1022844 0.2078989 0.9727878 0.105513 0.1447498 0.9838265 0.0928775 0.2008029 0.975219 0.09127527 0.3701184 0.9244897 -0.8616656 -0.4569097 0.2208301 -0.01228547 -0.09148484 0.9957308 -0.03051733 -0.07240015 0.9969088 -0.004224359 -0.02501618 0.9996781 0.1213719 -0.03944033 0.9918233 0.03092044 -0.1796845 0.9832382 0.0909031 0.1133808 0.9893844 0.11438 -0.02479535 0.9931277 0.1453201 -0.006682395 0.9893622 0.01543927 -0.1334961 0.9909291 0.03430503 -0.1607984 0.986391 0.1402778 -0.1876664 0.9721644 0.1142936 -0.2240648 0.9678492 0.1151854 -0.1142188 0.9867555 0.1070398 0.06400758 0.9921923 -0.05321347 0.00901246 0.9985425 0.01739752 0.08570754 0.9961684 0.1852148 -0.1023623 0.9773523 0.1929129 -0.03302878 0.9806599 -0.1006008 -0.0387116 0.9941735 0.05597811 -0.07358318 0.9957168 -0.1028932 -0.08481603 0.9910697 0.03054761 -0.6121322 0.7901652 0.01441735 0.01088893 0.9998368 0.2061958 -0.08234864 0.9750395 0.1877543 0.02086561 0.9819945 0.04513347 -0.05429565 0.9975044 0.04636603 -0.03351527 0.9983622 0.08031231 -0.04786902 0.9956197 -0.02441972 0.02144086 0.9994719 -0.06479477 0.0262084 0.9975545 -0.06025522 0.04494696 0.9971706 0.3893349 0.216571 0.895274 0.3424668 0.1365291 0.9295572 0.03177607 -0.5269232 0.8493186 0.05751669 0.004132568 0.998336 0.268725 -0.06034481 0.9613249 0.2277585 -0.03241872 0.9731779 0.2450346 -0.1289509 0.9609005 0.002960741 -0.1468257 0.989158 0.02574878 -0.09822666 0.994831 0.1034499 -0.1387405 0.9849107 0.06560897 0.1136967 0.9913468 -0.0299856 0.01836717 0.9993816 -0.04656666 0.04118949 0.9980657 0.07534283 0.03496831 0.9965444 0.05317574 0.06189256 0.9966653 0.2836719 0.1704121 0.9436578 0.01118946 -0.05230563 0.9985685 0.1408774 -0.1846418 0.9726567 0.04289156 -0.1277117 0.9908835 0.1265572 -0.0460838 0.9908884 0.07340282 -0.09828132 0.992448 0.009410679 -0.1549605 0.9878759 0.05289733 -0.1629465 0.9852159 0.02241551 0.08132904 0.9964352 -0.09702712 -0.03617393 0.9946242 0.05138248 -0.5848402 0.8095195 0.07185631 0.03426647 0.9968262 -0.02383089 -0.01336103 0.9996268 0.01809746 -0.1418697 0.98972 0.1254535 -0.1941189 0.9729232 -0.03199541 -0.03884488 0.9987329 0.1064721 -0.008875548 0.9942762 -0.03711527 -0.1533899 -0.9874686 0.0704329 -0.1133975 0.9910501 0.1505237 -0.06979393 0.9861397 0.02714908 -0.08171975 0.9962856 0.05543982 -0.1596817 0.9856106 -0.04834103 0.1168951 0.9919672 -0.0424816 0.001356661 0.9990964 -0.09069186 0.06291884 0.9938895 0.05483424 -0.1829174 0.981598 0.1086829 -0.08022218 0.9908343 -0.0838862 -0.2548632 0.9633318 -0.1042098 -0.05461096 0.9930549 0.01512885 -0.2209728 0.9751627 0.07638025 -0.04403394 0.996106 0.1983556 -0.01732122 0.9799771 0.7586975 -0.6514432 1.25159e-4 0.002593278 -0.08292114 0.9965528 0.01958018 -0.2428045 0.9698776 -0.03141427 -0.1419922 0.9893692 0.1825062 0.005684494 0.9831883 0.1227707 -0.05444198 0.9909408 0.1596962 0.01360934 0.9870725 0.01031363 -0.2674952 0.963504 -0.1064977 -0.1030945 0.9889539 0.0307697 0.3071164 0.9511744 -0.2341105 -0.11971 0.9648119 0.1545023 0.0145784 0.9878849 0.1498258 0.02983897 0.9882621 0.1164482 -0.04615253 0.9921239 0.0941922 0.01539021 0.9954351 0.08356451 0.008527696 0.9964659 -0.391718 -0.6159675 -0.6834771 0.02934527 -0.06094163 0.9977099 0.1363284 -0.1158977 0.983861 -0.006369888 -0.1498786 0.988684 0.03374415 0.04316526 0.9984979 0.06581795 -0.0897119 0.9937906 0.04633361 -0.02032274 0.9987193 0.0181235 -0.0821408 0.996456 0.01306653 -0.05217671 0.9985525 9.74735e-4 -0.101044 0.9948815 -0.8877781 -0.0600633 0.4563361 0.8631685 0.08463734 0.4977718 -0.02908462 -0.08656513 0.9958215 0.1041268 0.05393046 0.9931008 0.1864477 0.1709551 0.9674769 -0.1267615 -0.1168725 0.9850241 0.09516322 -0.07150912 0.99289 0.07507842 0.3928618 0.9165276 0.1163478 -0.08139705 0.9898676 -0.06401801 0.3845575 0.9208786 -0.0363124 0.3142911 0.948632 -0.05996149 0.3373388 0.9394719 -0.1337081 -0.02098643 0.9907986 -0.04726856 -0.04329824 0.9979434 -0.004676997 -0.06696665 0.9977443 0.05684995 -0.1725604 0.9833571 0.1395111 0.07149749 0.987636 -0.01399242 0.3864504 0.9222041 -0.02692252 0.4173048 0.9083678 0.3188403 0.7786877 0.5403577 0.221809 -0.06416118 0.9729769 -0.06098717 0.004080951 0.9981303 0.05629497 -0.004601001 0.9984036 0.02264249 -0.2703776 0.9624881 0.1027958 -0.2426733 0.9646465 0.03736042 -0.3627109 0.9311525 0.3258988 0.2579885 0.9095229 0.1562264 -0.1046732 0.9821593 0.0952838 -0.06875205 0.9930731 0.1761381 -0.188278 0.9661919 0.08075368 -0.2842271 0.9553501 0.04790139 -0.4161013 0.9080557 0.1057898 -0.3441158 0.9329485 0.1100386 -0.3441729 0.9324358 0.001715242 -0.09494751 0.9954808 0.02786087 -0.2032795 0.9787244 0.01684421 -0.1690266 0.9854676 0.2489046 0.2892283 -0.9243342 0.4297374 -0.8007905 -0.4172054 0.2307164 0.2875187 -0.9295714 0.1550855 0.01667201 0.9877604 -0.007802844 -0.04390764 0.9990051 0.05942857 0.06365084 0.9962012 0.005158126 0.01069438 0.9999296 0.08555185 -0.09719175 0.991582 0.1353859 -0.0970118 0.9860321 0.05644947 -0.1269381 0.990303 0.1481077 0.07881635 0.9858256 0.04293453 -0.00388056 0.9990704 0.1030953 -0.03725498 0.9939736 0.08750098 -0.035802 0.9955209 -0.07348239 0.1101093 0.9911995 -0.008638381 0.04584205 0.9989114 -0.03419631 0.07004761 0.9969574 -0.03373265 -0.00835067 0.9993961 -0.1104212 -0.07376635 0.9911437 0.03790462 -0.2347673 0.9713124 0.05873298 -0.1856346 0.980862 0.02099293 -0.004258275 0.9997706 0.2081312 0.1315544 0.9692136 0.2494584 0.1181867 0.9611465 0.1020544 0.05069279 0.9934864 0.2025642 0.1101765 0.9730514 0.07174021 -0.04087918 0.9965853 0.1144563 -0.2554044 0.9600357 0.112678 0.1571233 0.98113 0.2207787 0.2883266 0.931732 -0.120947 -0.06844085 0.9902969 -0.2264767 -0.1877184 0.9557564 -0.1519926 -0.1457691 0.9775734 -0.1578633 -0.1122081 0.981065 0.09764653 0.1679627 0.9809454 0.07889056 0.1445624 0.9863458 0.5735054 -0.0647493 0.816639 0.45036 -0.07009863 0.8900911 0.07491552 -0.05712342 0.9955525 0.6599553 0.5512952 0.5104241 0.2610242 -0.1001641 0.9601217 0.06874984 0.2480278 0.9663103 -0.05311012 0.3608543 0.9311087 -0.03760325 0.3600834 0.9321621 -0.1233124 0.3285694 0.9363954 0.1090816 0.8528047 0.5107108 0.1414894 -0.08540546 0.9862489 0.2153587 -0.09537822 0.9718661 0.05402511 -0.05155718 0.9972077 0.1001231 -0.08991324 0.9909042 0.112455 -0.138065 0.9840183 -0.03608733 -0.1241006 0.9916132 -0.005048573 -0.1276323 0.9918087 -0.004289388 -0.1058802 0.9943696 -0.005338907 -0.01845663 0.9998155 0.116301 -0.03924596 0.9924384 0.01743555 -0.1398867 0.9900141 -8.35926e-4 0.2394923 0.9708979 -0.06637245 0.4588522 0.8860301 0.1200178 -0.008153378 0.9927383 -0.09633594 -0.03485268 0.9947385 0.3213057 0.4635224 0.8257783 0.1244106 -0.09507125 0.9876658 0.06482112 -0.1448022 0.9873351 0.1130104 -0.1046682 0.9880654 0.03553694 0.00607258 0.99935 0.04570412 0.002571284 0.9989518 -0.02342855 -0.07342642 0.9970254 0.1496521 -0.2788248 0.9486101 0.02482277 -0.1566802 0.9873375 0.06776797 0.05758929 0.9960377 -0.0209704 -0.02184033 0.9995416 0.151454 -0.03164589 0.9879576 0.4609891 0.1870559 0.8674671 0.1214337 0.01386386 0.9925028 0.1483247 -0.002789258 0.9889349 -0.0738579 -0.002672255 0.9972653 0.01187431 0.01366937 0.9998362 0.1021534 -0.03330993 0.9942109 -0.0238704 -0.0276274 0.9993333 0.1876933 -0.05264562 0.9808159 0.05906003 -0.3818241 0.9223462 0.03223395 -0.06697171 0.9972342 0.0039137 0.007110953 0.9999672 -0.03930395 -0.04368728 0.9982718 -0.02709382 -0.1634545 0.9861788 8.30556e-4 -0.2108247 0.9775236 -0.1639305 -0.2791083 0.9461635 0.1070873 -0.1872773 0.9764526 0.1769609 -0.167497 0.9698607 0.1245296 -0.2072468 0.9703304 0.1302781 -0.2405319 0.9618586 0.1135578 0.06506365 0.9913988 0.1833887 -0.06745171 0.9807236 -0.1497209 0.1743482 0.9732351 -0.1024774 0.388002 0.9159437 0.6023806 0.03702634 0.7973498 -0.4480419 0.3825644 0.8080242 -0.09307563 0.08736401 0.9918189 0.06738889 0.03916323 0.9969579 -0.08028388 0.009979426 0.9967222 -0.423661 -0.04125636 0.9048808 0.04576927 -0.01097089 0.9988918 0.05245739 -0.0586124 0.9969017 0.1909524 0.03928428 0.9808129 0.2408045 0.05440163 0.9690479 0.08082133 -0.02060157 0.9965158 0.4846171 0.1263182 0.8655577 -0.392931 0.1494969 0.9073345 0.06230473 0.07108551 0.9955226 -0.01706308 -0.07544887 0.9970037 0.09541696 -0.1136504 0.9889283 0.07409983 -0.0687617 0.9948774 0.139732 -0.1087926 0.9841948 -0.6019079 0.5358548 0.5920867 0.1878772 0.009293973 0.9821486 0.04464131 0.03609901 0.9983507 -0.02379739 0.05721372 0.9980783 0.08166801 -0.3571734 0.9304609 -0.007757604 0.02174788 0.9997335 0.5253698 0.09194111 0.8458922 -0.01160222 0.008944749 0.9998927 -0.01175934 0.0111128 0.9998692 0.1342579 -0.09882181 0.9860067 0.2288941 -0.1004461 0.9682552 0.02009296 -0.1127046 0.9934254 0.0366221 -0.1098079 0.993278 0.06693649 -0.1612714 0.9846375 0.1798494 0.04913824 0.9824661 0.08967864 0.04590159 0.9949125 0.1400931 0.0778793 0.9870709 0.06285208 -0.1049519 0.9924892 0.0904023 -0.1710264 0.9811103 0.1432388 -0.2667552 0.9530606 -0.01858079 -0.03939002 0.9990512 0.1311842 -0.289282 0.9482123 0.09482884 -0.1799329 0.9790974 0.2060347 0.07346922 0.9757828 0.276312 0.05608713 0.95943 0.09743267 0.04120743 0.9943887 0.06926017 0.01290136 0.9975152 0.7497698 0.2598493 0.6085423 -0.0389809 -0.1023524 0.9939842 -0.06389993 -0.01435983 0.9978531 0.06511992 -0.02984982 0.9974309 -0.02277719 0.006956219 0.9997165 -0.5689026 -0.446016 0.6909555 -0.04305803 0.06359779 0.9970464 -0.05379492 0.05871802 0.9968242 -0.06879079 0.07965183 0.9944463 0.02435815 0.0539295 0.9982477 0.1123238 -0.4467573 0.8875761 0.09326809 -0.3925422 0.9149928 0.1700446 -0.1972743 0.9654883 0.1466128 -0.2067384 0.9673489 0.06124722 0.0154038 0.9980039 0.06122428 0.07127708 0.9955759 -0.09724992 -0.007972836 0.9952281 -0.1611185 -0.02692246 0.9865679 0.2193428 -0.02439302 0.9753429 0.1914465 0.1946685 0.9620044 0.02720618 -0.18786 0.9818189 0.06400197 -0.288397 0.9553696 0.1153542 -0.335842 0.9348281 6.79002e-4 0.08732587 0.9961796 -0.05955266 -0.00593239 0.9982076 -0.09840393 0.3888888 0.9160143 -0.09469538 0.3085229 0.9464917 -0.05912095 0.293578 0.9541052 -0.1807772 0.239827 0.9538357 0.02968406 -0.1026099 0.9942787 -0.5797532 -0.8090856 0.09626525 0.01863414 -0.06642103 0.9976177 0.08825159 -0.3061578 0.9478814 0.04645544 -0.2029398 0.9780886 -0.02992844 -0.07672601 0.996603 0.00459665 -0.08480495 0.996387 0.1332128 0.06083655 0.9892186 -4.82593e-4 0.05693322 0.9983779 -0.01671355 0.04099857 0.9990195 -0.05695104 0.1556372 0.9861713 -0.01766461 0.01121586 0.9997811 -0.1866032 -0.02027302 0.9822263 -0.1275497 -0.04137128 0.9909691 -0.1306675 -0.05633461 0.9898245 0.2409369 -0.1246649 0.9625009 0.2736685 -0.123901 0.9538103 -0.03476768 -0.05300116 -0.997989 -0.01739245 0.05615043 0.9982709 -0.01370084 0.06069678 0.9980623 0.04023635 -0.1817058 0.9825295 0.07751452 -0.2541833 0.9640448 -0.03297334 -0.06704962 0.9972047 -7.22073e-4 -0.06451207 0.9979167 -0.05289244 -0.08841466 0.9946786 0.3756816 0.1014667 0.9211775 -0.1001212 -0.1288258 0.9866001 0.004346907 -0.1356203 0.9907514 0.07564157 -0.002154052 0.9971328 -0.07657194 -0.01301574 0.9969791 0.03978049 0.1250977 0.9913467 0.1131504 -0.08039301 0.9903202 0.09529769 0.00878483 0.9954101 -0.04248613 0.05007988 0.9978412 0.09363937 -0.2642257 0.9599044 0.1349591 -0.3469071 0.9281387 0.4776003 0.1375312 0.867746 -0.07693338 -0.01249676 0.996958 0.03763008 -0.05071491 0.998004 0.05370211 -0.05302882 0.997148 0.04898822 0.07255476 0.9961607 -0.05211812 0.08940088 0.9946312 0.3116972 -0.7598414 0.5705137 -0.04295492 -0.1100141 0.9930014 -0.01837205 -0.1749353 0.9844086 -0.02926677 -0.1495515 0.9883207 0.116783 0.02428746 0.9928604 0.6922242 0.24422 0.6791041 0.07998925 0.08917772 0.9927986 0.09184002 0.03102016 0.9952905 0.06590378 0.05897724 0.9960815 0.03274768 -0.04902398 0.9982606 0.05908858 0.05752199 0.9965941 -0.0218237 -0.0160681 -0.9996327 0.4199299 0.9075234 0.007763862 0.009443581 -0.03172165 -0.9994521 0.03594505 -0.04045057 0.9985348 0.04587543 -0.01464897 0.9988397 -8.06417e-4 -0.06091046 0.998143 0.03434711 -0.09187465 0.9951781 0.1824742 -0.1321691 0.9742866 0.1723364 -0.2179908 0.9606145 -0.01742058 -0.03301417 0.9993031 -0.07595056 -0.007166981 0.9970859 -0.1177964 -0.003645062 0.9930312 0.01118445 -0.07593095 0.9970504 0.1415678 0.106323 0.9842023 0.0428735 0.1223456 0.9915612 0.1823641 0.1195533 0.9759356 0.1306672 0.070481 0.9889178 0.03040671 -0.1164108 0.9927357 0.02607673 -2.48931e-4 0.99966 0.07314616 0.01436728 0.9972178 0.1372966 -0.03607219 0.9898729 0.4192433 0.01456439 0.9077572 -0.01168352 -0.05373156 0.9984872 0.03304207 -0.1862145 0.9819535 0.09496796 -0.2982558 0.9497498 0.05908542 0.03817832 0.9975227 0.04845142 -0.03057742 0.9983575 0.1231395 0.07829242 0.9892962 -0.2735135 0.08826512 -0.9578098 0.09469789 0.03479331 0.9948979 0.05179971 -0.01532852 0.9985399 -0.01415747 -0.05414783 0.9984326 0.0569545 -0.3509184 0.9346724 0.03190439 -0.2669143 0.9631921 0.02816194 0.05405139 0.998141 0.03774154 -0.1489117 0.98813 0.1653144 -0.134139 0.9770762 0.02930963 -0.1189623 0.9924662 0.4013211 -0.09623396 0.910868 -0.1308529 -0.0853312 0.9877228 -0.1063871 -0.01712942 0.9941773 0.1763173 -0.02672463 0.9839705 -0.001622259 0.04187315 0.9991216 -0.1369212 -0.03000396 0.9901275 0.7370235 0.1784979 0.6518704 0.1011157 -0.002297878 0.994872 -0.02177834 -0.1994905 -0.9796577 0.06365936 -0.03127849 0.9974815 -0.6859711 -0.1737397 0.706582 0.8911566 0.2033917 0.4055513 -0.03011375 -0.06012958 0.9977362 0.07990139 -0.2316687 0.9695079 -0.001355707 -0.2013832 0.9795116 -0.009989917 0.04665625 0.9988611 -0.04890376 -0.2113137 0.9761942 0.0132848 -0.273845 0.9616822 0.1052804 -0.4049919 0.9082388 0.06814914 -0.2567248 0.9640789 0.03895711 -0.3049843 0.9515603 0.05383515 -0.2713754 0.9609668 0.06484311 -0.3855957 0.9203866 0.1391766 0.1153216 0.9835298 0.01315653 -0.03680986 0.9992357 0.1099574 -0.03618633 0.9932774 0.2887222 -0.01471841 0.9572998 0.9907985 0.009339928 0.1350228 0.9642191 -0.2567766 0.06593501 0.0460965 -0.05280494 0.9975404 0.03273671 -0.02302247 0.9991989 -0.009737253 0.004974842 0.9999402 0.0260688 0.07107323 0.9971305 -0.04416829 0.01763522 0.9988685 -0.6428798 0.2756515 0.7146481 -0.04901665 -0.01557362 0.9986766 0.04422426 -0.07721251 0.9960334 0.03983247 -0.3433802 0.9383515 0.01383447 -0.2633394 0.9646041 -0.3512902 -0.2123755 0.9118617 -0.001666963 -0.1331046 0.9911007 0.3763754 0.2253369 0.8986462 0.0563746 -0.1885241 0.9804491 0.04955548 -0.1162396 0.9919843 -0.01220452 -0.09026652 0.9958429 0.04220098 0.02074295 0.9988938 0.1240026 0.01807522 0.9921173 0.01959681 -0.240686 0.9704052 -0.02038931 -0.1614927 0.9866634 0.03483587 -0.1706975 0.9847075 0.03997725 -0.439787 0.897212 -0.1001494 0.3105901 0.9452534 -0.1237716 0.2911905 0.9486247 0.0159834 -0.07939022 0.9967155 -0.04846453 -0.07820373 0.9957587 -0.13929 0.04969382 0.989004 0.1688093 -0.4771413 0.8624613 0.1325078 -0.2135382 0.9679066 0.1721111 -0.571869 0.802087 0.09059906 -0.345851 0.9339052 0.06523054 0.03133982 0.997378 -0.6298004 -0.7256851 0.2770066 0.01617592 0.03997009 0.99907 0.1101501 0.03374892 0.9933418 0.04643529 0.02337712 0.9986478 -0.05461287 -0.09216439 0.9942451 0.0405212 0.1123021 0.9928476 0.7756749 0.187013 0.6027891 0.09226685 0.4366863 0.8948698 -0.0554282 0.03229469 0.9979404 -0.004756391 0.08330196 0.9965131 0.1511929 0.04249638 0.9875904 0.2612793 0.1496976 0.9535848 0.08328866 -0.1211699 0.9891315 -0.1884045 -0.1662551 0.9679169 0.04708975 -0.07855463 0.9957971 0.2666214 -0.1377056 0.9539131 0.1552445 -0.05455344 0.9863687 0.166412 -0.09907835 0.9810661 0.2122548 -0.111081 0.9708805 0.1965966 -0.1095162 0.974349 0.1273955 -0.03243136 0.9913216 0.0508086 -0.0738011 0.9959779 -0.0656464 -0.05056083 0.9965612 -0.03634315 0.02479946 0.9990316 -0.0401827 -0.008166372 0.999159 0.3580763 -0.1176189 0.9262544 0.1671792 -0.007803082 0.9858957 0.02395164 0.02153819 0.9994812 -0.05420392 -0.04767394 0.9973912 0.004998147 -0.1006919 0.9949051 -0.1913802 -0.006158769 0.9814968 0.05799847 -0.2531657 0.9656829 -0.08780097 -0.08622205 0.9923995 -0.009007573 -0.098971 0.9950496 -0.06692034 -0.0472877 0.9966372 0.3433063 0.1844138 0.9209411 0.1187902 9.01725e-4 0.992919 0.1664087 0.01904928 0.9858729 -0.009775757 0.08947521 0.9959411 0.3880262 -0.02708333 0.9212504 0.0172699 -0.2433908 0.9697746 -0.1530402 -0.1534889 0.9762275 -0.153306 0.02749562 0.9877963 0.1133865 -0.08611094 0.9898124 0.1478596 0.01880121 0.9888297 0.2726101 0.03949171 0.9613138 -0.05542325 -0.07145506 0.9959028 0.0309993 -0.03184616 0.9990121 -0.062554 -0.06565153 0.99588 0.01192158 -0.08275485 0.9964987 0.1519846 -0.04336214 0.9874313 0.09715628 -0.2219421 0.9702075 -0.004574537 -0.01626652 0.9998573 -0.02537965 0.007032096 0.9996532 -0.01452136 -0.1331754 0.9909862 0.1678712 -0.1391882 0.9759334 0.1705672 -0.1109197 0.9790831 0.1851987 -0.07981437 0.9794546 0.1920553 -0.09167689 0.9770927 0.2509185 -0.1116216 0.9615511 0.1149271 0.001628696 0.9933727 0.04380583 -0.01768255 0.9988836 0.08745718 -0.04957103 0.9949342 0.1371935 -0.1776818 0.974478 0.1019808 -0.1379455 0.9851757 0.1094064 -0.2629016 0.9585995 0.01550364 -0.2491846 0.9683319 0.002261579 0.01988518 0.9997997 0.064722 0.02460843 0.9975999 0.08279132 0.01691812 0.9964234 0.04098546 -0.03804916 0.9984351 0.1638517 -0.09901571 0.9815033 0.1667103 0.1576184 0.9733264 0.2037241 0.477106 0.8549073 0.1767616 0.1280567 0.9758877 0.06118136 0.2073761 0.9763463 0.1569715 0.1220312 0.9800349 0.1044717 -0.01425915 0.9944257 0.138054 0.01129955 0.9903603 0.04055941 -0.08428275 0.9956161 -0.07127267 -0.1450542 0.9868534 0.4139267 -0.1138334 0.9031648 0.4850777 -0.1247786 0.865523 0.1584555 0.03274875 0.986823 0.1555109 0.0102536 0.987781 0.3174489 -0.07016468 0.945676 0.2050052 -0.05630379 0.9771401 0.1906867 -0.1031548 0.976216 -0.1445898 0.12958 0.9809703 0.1267423 -4.21231e-4 0.9919356 0.05592066 -0.03509926 0.9978182 0.01798504 -0.08106714 0.9965464 0.07650369 -0.1612945 0.9839366 0.0992577 -0.2308084 0.9679232 0.6408131 -0.3272617 0.6944482 0.7991272 0.5285934 -0.2863299 0.2005892 -0.3149232 0.9276785 -0.1405656 -0.04220366 0.9891715 0.2094491 -0.3095756 0.9275205 0.6408948 -0.3271481 0.6944263 0.09988152 -0.09600198 0.9903572 0.2417533 -0.1586747 0.9572762 0.3079084 -0.1147722 0.944468 0.4449228 -0.294277 0.8458396 0.009514272 -0.02934706 0.999524 0.1262934 -0.03559368 0.9913542 0.1483392 -0.01645249 0.9887998 0.1454595 -0.008669435 0.9893263 0.01840299 -0.2118569 0.9771274 0.2638313 -0.1061511 0.9587101 0.2778338 -0.08072561 0.9572314 0.255831 -0.1023119 0.9612923 0.1706051 -0.0218482 0.9850972 0.07045543 -0.0446158 0.9965167 0.2260228 -0.1943619 0.9545351 0.1790713 0.4359644 0.8819686 -0.01674222 -0.1847891 0.9826356 -0.02244228 0.001689672 0.9997468 -0.07002973 -0.005966842 0.9975271 0.02118831 0.00520128 0.9997621 -0.08085674 -0.04967665 0.995487 0.0301671 0.003051698 0.9995403 0.1202777 0.08737874 0.9888874 0.04453498 -0.05183327 0.9976623 0.05286616 -0.2905026 0.9554127 0.5511354 0.00306034 -0.8344102 -0.1183655 -0.9842286 0.1314681 0.1542484 0.03724712 -0.9873298 0.02491867 0.1474495 0.9887557 0.1420698 -0.07819676 0.9867632 0.3018363 -0.1003013 0.9480689 0.3674173 -0.2075158 0.9066101 0.2650294 -0.04688316 0.9630999 0.006944239 -0.956202 0.2926254 -0.07520866 0.005384266 0.9971534 0.3754844 -0.03271406 0.9262513 0.1960746 -0.02417165 0.9802911 -0.06032896 -0.04847556 0.9970008 0.4307749 0.3197793 0.8439041 0.1327028 -0.07818549 0.9880673 0.2113492 0.01943647 0.9772174 0.0665304 -0.02991658 0.9973359 0.1087017 0.05762797 0.9924027 -0.114056 0.02134895 0.993245 0.1891322 0.09481829 0.9773631 0.07013738 0.02076923 0.9973211 0.112526 0.003911614 0.9936411 -0.03537344 -0.001974105 0.9993723 -0.05754142 -0.04955542 0.9971125 0.3130041 -0.03529274 0.9490958 0.01085889 -0.05026382 0.998677 0.08253496 -0.1904255 0.9782261 -0.136105 -0.805464 0.5768043 -0.04566198 -0.05045849 0.9976819 -0.0528931 -0.08637553 0.9948576 -8.62573e-4 -0.006882131 0.999976 -0.04047447 -0.03579342 0.9985393 -0.03701567 0.1576669 0.9867984 0.8463472 0.4552932 0.2764139 -0.01987969 0.08696073 0.9960134 0.1106608 0.1086213 0.9879047 -0.04135781 -0.1085926 0.9932256 0.03179961 0.0198158 0.9992979 0.01196825 -0.02507209 0.9996141 0.1229097 0.04209291 0.9915249 0.02860277 -0.03855454 0.9988471 0.06981593 0.03531926 0.9969345 0.006351947 -0.03509259 0.9993639 0.004544436 -0.2437719 0.9698221 0.04501527 0.06030172 0.9971647 -0.03735762 -0.01635634 0.9991682 -0.1258394 0.03486263 0.9914379 -0.1488102 0.7632185 0.6287711 0.1451447 -0.002531528 0.9894072 0.03850209 -0.5749275 0.8172981 -0.01343375 0.04342794 0.9989663 -0.008967757 -0.02252244 0.9997062 0.07867676 -0.2724753 0.9589407 0.04900616 0.0589115 0.9970596 0.7202872 -0.1182815 0.6835173 0.1137717 0.08808743 0.9895942 0.01090043 -0.03433156 0.9993511 -0.0347597 -0.1690316 0.9849975 0.9815126 -0.1120097 0.1552003 0.04316514 -0.3032753 0.9519249 0.0680111 -0.182112 0.9809229 0.06006926 -0.4090675 0.9105249 0.01855313 -0.02298206 0.9995638 -0.002408444 0.01264524 0.9999172 -0.1005501 0.003753483 0.994925 -0.9544016 -0.08462584 -0.2862801 -0.250163 -0.7882696 -0.5621829 -0.2353855 -0.7941495 -0.5602858 -0.01911836 0.08229178 0.996425 0.05747836 -0.02509611 0.9980313 0.05470263 -0.0572195 0.9968619 0.02143031 -0.1023059 0.9945222 0.05902618 0.009090304 0.9982151 -0.05712372 0.01664054 0.9982285 0.3000476 0.3360587 0.8927688 0.3387456 0.2865602 0.8961778 -0.1090804 -0.1484734 0.9828821 -0.1180092 -0.1531045 0.9811386 0.1793757 -0.0576992 0.9820873 0.1691415 -0.06846302 0.9832111 0.003650605 -0.2417647 0.9703282 0.03189688 -0.005086839 0.9994783 -0.004342555 0.07289224 0.9973304 0.3144572 -0.1023824 0.9437344 0.2674359 -0.1578223 0.950563 0.06210148 0.2361693 0.9697255 0.03012955 0.2462745 0.9687317 0.02428877 -0.1610553 0.9866465 0.03461229 -0.213644 0.9762982 0.02654284 -0.147104 0.9887648 -0.07745647 0.3270226 0.941837 0.04956412 -0.08940362 0.9947616 0.09993779 -0.02057886 0.9947809 -0.005001187 -0.07882761 0.9968757 0.01034587 -0.1714496 0.9851386 -0.009325742 -0.234812 0.9719961 0.0527969 -0.001246809 0.9986045 0.0591759 -0.07929772 0.995093 -0.0220443 -0.002148866 0.9997547 0.1080014 -0.0301432 0.9936937 0.1468327 0.04368138 0.9881964 0.08729827 -0.08522409 0.9925301 0.1817617 0.03829276 0.9825968 0.1266729 0.03417193 0.9913558 0.05772709 0.01266199 0.9982521 -0.002334594 -0.09376615 0.9955915 0.2069455 -0.1132724 0.9717732 0.5530221 -0.8057288 -0.2120558 -0.4881473 -0.5779656 -0.6539633 -0.05757653 0.07293838 -0.9956732 -0.2376646 0.7131568 0.6594869 0.06871759 0.01515203 0.9975212 0.2594764 0.1637084 -0.9517729 0.08739763 0.03949022 0.9953905 -0.04193294 -0.001766204 0.9991189 -0.02219146 0.2309609 0.97271 -0.06039249 0.2407882 0.968697 -0.04658389 0.2446646 0.9684882 0.167113 0.02355599 0.9856564 0.2004679 0.02890628 0.9792737 0.2585178 -0.1041293 0.9603779 0.2463801 -0.06780707 0.9667984 0.2145537 -0.06029212 0.9748495 0.02482146 -0.0401625 0.9988848 0.003984451 -0.03484028 0.9993851 -0.02686208 0.0607177 0.9977935 -0.2577356 -0.01377958 0.9661173 0.03440165 -0.06278961 0.9974338 0.07487571 -0.1368457 0.9877585 0.0315926 0.05966436 0.9977185 0.06247699 -0.04210215 0.9971581 0.04667574 -0.1370738 0.9894606 0.01193052 0.04296928 0.9990051 -0.005078315 -0.0824666 0.9965809 -0.1030529 -0.09343701 0.9902777 0.01205456 -0.08872807 0.995983 0.002326905 -0.2063939 0.9784662 0.06708675 -0.357245 0.9315983 0.02666091 -0.3132634 0.949292 0.09644812 0.03365474 0.994769 0.6854987 -0.6811884 0.2570488 -0.09697377 0.1380849 0.9856616 0.03137683 -0.1741713 0.9842154 -0.07664835 0.2613764 0.9621889 -0.2179 -0.04247468 0.9750464 0.2801325 0.08244556 0.9564144 0.01557654 0.03724199 0.9991849 0.1269901 -0.3139761 0.9408999 0.0792905 -0.3221558 0.9433604 0.08635419 0.02250695 0.9960103 0.1977349 -0.006306946 0.9802353 0.29969 -0.1118619 0.9474561 0.1607747 0.06382352 0.9849254 0.02366697 0.03395479 0.9991431 0.1374239 -0.4437839 0.8855341 0.568573 -0.1795098 0.8028083 0.3025915 -0.3045209 0.9031642 -0.1106701 -0.0357092 0.9932156 0.07955837 -0.2598454 0.9623674 -0.08670914 -0.02709352 0.9958652 -0.01502299 0.02026057 0.9996819 -0.7543587 0.6087107 0.2457934 0.01126056 0.008514463 0.9999004 0.1153981 -8.45123e-4 0.993319 -0.1062837 -0.993285 0.04570281 0.0458095 -0.2180624 0.9748592 -0.01039916 -0.3129651 0.9497078 0.03477305 -0.2576845 0.9656032 -0.07286757 -0.0201165 0.9971388 0.003033757 -0.04687744 0.9988961 0.05341398 -0.09456455 0.9940847 0.04527235 -0.3192572 0.9465861 0.08054369 -0.3360815 0.9383826 0.04311931 -0.2779008 0.9596415 0.5193964 0.103962 0.8481859 0.1615042 -0.08641642 0.9830812 0.08978641 -0.1028895 0.9906322 0.2544347 -0.09467452 0.9624447 0.06108582 0.06024402 0.9963128 0.03421717 0.01310324 0.9993285 0.02450048 0.04760909 0.9985656 0.04045838 0.02858531 0.9987723 0.1359878 -0.04562199 0.9896596 0.04553782 -0.2285127 0.9724754 0.0931909 -0.377835 0.9211711 0.04429024 -0.2468292 0.9680464 0.01531028 -0.01585078 0.9997572 0.09997075 -0.06312721 0.9929859 -0.08583492 -0.02177977 0.9960713 0.005706965 0.008922517 0.9999439 -0.0629186 0.002207517 0.9980162 0.07044386 0.01574033 0.9973917 0.06539154 0.0323379 0.9973356 0.05041974 0.02768456 0.9983444 -0.01972913 0.02245086 0.9995533 0.08158236 -0.008416175 0.9966311 0.003332257 0.02879631 0.9995799 -0.06976544 -0.06376242 0.9955236 0.08035361 -0.0137304 0.9966719 0.3585374 -0.1101576 0.9269931 0.09698355 -0.01273125 0.9952046 0.1275916 -0.01264196 0.9917463 0.3274019 -0.08395272 0.9411482 0.2183604 -0.02162432 0.9756286 0.3065386 -0.1292641 0.9430403 -0.03809225 -0.1271873 0.991147 0.1425428 -0.0705952 0.9872679 -0.04915201 -0.02949321 0.9983558 0.06083583 -0.1334374 0.9891884 0.09776037 -0.1545486 0.9831367 0.4032139 -0.1405946 0.904241 0.1587786 -0.105852 0.9816236 0.3649803 -0.1318227 0.9216356 0.1770555 -0.09004187 0.9800735 0.3060242 -0.09688133 0.9470814 0.2505313 -0.2093049 0.945212 0.05254602 -0.009659409 0.9985719 -0.005449295 -0.02307134 0.999719 -0.05541747 -0.01933771 0.9982761 0.1627067 -0.01375162 0.9865787 0.1140326 -0.05348551 0.9920362 0.089697 0.007662594 0.9959397 0.09808677 0.03442192 0.9945824 0.1576643 0.1115239 0.9811751 0.07026237 0.04984664 0.9962823 0.03981453 -0.09279704 0.9948888 0.01718908 -0.2052711 0.9785543 0.03194975 -0.06397843 0.9974398 0.0470333 -0.09095722 0.9947435 0.1386857 -0.1319987 0.9815003 0.1179589 -0.1241316 0.9852295 0.05486482 -0.03732776 0.9977958 0.1427201 0.009460508 0.9897179 0.4345931 0.3539487 0.8281602 0.1354485 -0.05103063 0.9894694 -0.04900497 -0.009715616 0.9987513 0.07882928 -0.02084541 0.9966703 0.1329294 -0.03625535 0.9904622 0.1555001 -0.1074962 0.9819696 0.1010457 -0.03805035 0.994154 0.09334218 -0.04394996 0.9946636 0.03775167 -0.1086027 0.9933682 0.02477139 -0.02868807 0.9992815 -0.02380275 0.006821751 0.9996935 -0.01180416 -0.1552396 0.9878063 0.04536271 -0.08691614 0.9951823 0.0988959 -0.08151805 0.9917532 0.09772813 -0.05941456 0.9934381 0.08033299 0.06845802 0.9944146 0.08978843 -0.01016676 0.995909 0.1241999 0.02414369 0.9919635 0.3299564 0.1439667 0.9329536 0.4442524 0.2949092 0.8459718 0.08734154 -0.4240245 0.9014292 -0.01253092 0.02844291 0.9995169 0.06760078 0.04964959 0.9964764 0.09911286 0.06567066 0.9929069 0.01974481 -0.08821761 0.9959055 0.009271681 -0.2702425 0.9627478 -0.007434546 0.009402751 0.9999282 -0.04247325 -0.0359959 0.998449 0.06507754 -0.3751946 0.9246589 0.04429799 -0.3047522 0.951401 0.02649235 -0.2238813 0.9742564 -0.05113393 -0.09508895 0.9941547 0.01934039 -0.135352 0.9906088 0.1243741 0.01290112 0.9921516 0.016873 0.03260666 0.9993259 -0.05031657 0.3908261 0.9190884 0.004733979 0.2987358 0.9543241 0.02049565 -0.1781051 0.9837981 0.4981215 0.04351133 0.8660149 0.05678719 -0.1765921 0.9826446 0.07166618 -0.00265938 0.9974252 0.04218381 -0.1563104 0.9868068 0.07148677 -0.1858001 0.9799836 0.03483873 0.04298609 0.9984681 0.1282078 0.03486698 0.9911342 0.1608697 0.001077353 0.9869751 -0.02786535 -0.1837557 0.9825769 0.0246917 -0.378252 0.9253733 0.06119608 -0.3237848 0.9441496 0.1345192 -0.09695953 0.9861559 0.04680615 0.01252251 0.9988256 0.02994638 0.02034914 0.9993444 -0.002155661 -0.1560263 0.9877505 0.06960767 -0.1892027 0.9794678 0.01759129 -0.3037204 0.9525988 -0.06764346 -0.09262388 0.9934008 0.05215877 -0.2665457 0.9624099 0.1100752 -0.4321016 0.895082 0.2184367 0.05185091 0.9744727 0.01396435 -0.1836771 0.9828875 -0.009212672 -0.06845861 0.9976115 -0.02070468 -0.1160939 0.9930225 -0.01827746 -0.3233353 0.946108 0.05095297 -0.1951232 0.9794543 0.0874347 -0.2420504 0.9663161 0.01670807 -0.2626615 0.9647434 0.1842497 -0.08098602 0.9795374 0.1233169 0.01508146 0.9922528 0.1259132 0.02503043 0.9917255 0.02242869 -0.08734226 0.9959259 0.04325765 -0.09426456 0.994607 0.1445354 0.09094583 0.9853114 0.1968182 0.2149943 0.9565773 0.3511305 0.2593733 0.8996849 0.0503062 -0.3863013 0.9209998 -0.1053164 -0.07520473 0.991591 0.1257169 -0.02757382 0.991683 0.1415723 -0.03584766 0.9892786 -0.0944634 -0.02367538 0.9952468 0.06741905 0.02816694 0.9973272 -0.1283016 -0.01150047 0.9916685 -0.145414 -0.0542953 0.98788 -0.07341867 -0.06668734 0.9950692 0.06434077 -0.01035565 0.9978743 0.716026 -0.001428484 0.6980722 6.71119e-7 0 1 0.1168419 -0.08264786 0.9897058 0.1986154 -0.09216129 0.9757347 0.5276839 -0.2754483 0.8035409 -0.02098131 -0.07692259 0.9968163 -0.02833092 -0.04326111 0.9986621 0.05215096 -0.1214408 0.9912278 0.0593487 -0.113272 0.9917899 0.07627886 0.02414971 0.9967941 -0.09920573 0.3686647 0.9242536 -0.03013259 0.2092958 0.977388 0.007390856 -0.3560665 0.9344315 0.06330293 -0.2405514 0.96857 0.09077137 -0.3994738 0.9122397 -0.01905643 -0.0521667 0.9984566 0.1132797 -0.02288484 0.9932996 -0.02089077 0.212331 0.9769744 -0.1397604 0.3538312 0.9248084 -0.1186968 -0.09406703 0.9884648 0.3050515 0.1639878 0.9381107 -0.06539463 0.4028379 0.9129323 0.1511574 0.08197146 0.9851052 0.1775789 0.09294128 0.979708 0.09197729 0.03295272 0.9952158 0.1470201 0.1588833 0.9762896 0.01999759 -0.1378506 0.9902512 0.06273406 -0.308104 0.9492821 -0.01271647 -0.1110314 0.9937356 0.0368092 -0.09504264 0.9947925 -0.01001727 0.02538204 0.9996277 -0.1332866 0.08376502 0.9875314 -0.1141121 -0.05562788 0.9919093 0.05004847 -0.3711485 0.9272239 0.3667865 0.05943876 0.9284044 0.2485349 0.1213629 0.9609899 0.1283531 -0.2628166 0.9562703 0.1103014 -0.2865334 0.9516997 0.06534415 0.09766763 0.9930717 0.1803604 -0.08446121 0.9799675 -0.03999233 0.3537234 0.9344947 -0.01799768 0.04974347 0.9986 0.06016403 0.07352602 0.995477 0.05739873 -0.03209483 0.9978353 0.1759904 -0.005952537 0.9843739 0.1092594 -0.01008975 0.9939621 -0.0873813 0.191858 0.9775249 0.3217106 0.1160854 0.939695 0.3131607 -0.1641479 0.9354068 0.100988 0.0946443 0.9903757 0.0931009 0.05621254 0.9940686 0.004511892 0.04214948 0.9991011 0.06012403 0.2449451 0.9676709 -0.03307688 0.01305538 0.9993676 0.01531779 -0.05034625 0.9986144 -0.00187093 -0.1298595 0.9915307 -0.1687613 -0.06326717 0.9836245 0.2036264 -0.2181842 0.9544276 0.2081012 -0.1517081 0.9662705 0.190777 0.01089686 0.981573 0.2558483 -0.009556293 0.9666697 0.1496748 0.01469141 0.9886261 -0.01248949 -0.3228089 0.9463818 0.05255526 -0.2552505 0.9654456 -0.01198643 -0.1422095 0.989764 0.01846194 -0.07534348 0.9969868 0.1022909 0.08312767 0.9912751 0.1092603 0.06373178 0.991968 -0.06327056 -0.0525096 0.9966142 0.09836506 -0.01160454 0.9950827 0.2250568 0.01845419 0.9741709 0.2691923 -0.02806043 0.9626777 0.1579387 -0.07725685 0.984422 0.09194487 0.1747888 0.9803035 0.101039 0.2236963 0.9694076 0.09647423 0.002757012 0.9953317 0.08551359 9.78648e-4 0.9963365 0.111284 0.02288478 0.9935252 0.1765847 0.07186532 0.9816584 0.02491557 0.05067843 0.9984043 0.007437825 0.02886259 0.9995558 0.1672555 0.01734548 0.985761 -0.09676647 -0.01925665 0.9951209 0.1103104 -0.01860612 0.9937231 -0.0822851 -0.1211439 0.9892185 -0.002237975 -0.1345408 0.9909055 -0.101046 0.07863664 0.9917691 -0.01475971 0.1268735 0.9918091 0.05695468 -0.01461607 0.9982698 0.1275132 -0.09051924 0.9876977 0.1086713 -0.1504232 0.982631 0.07409304 -0.1195833 0.9900556 0.04965668 0.006949901 0.9987422 0.05006539 0.02268618 0.9984883 0.02302837 0.0357756 0.9990945 0.01399165 -0.09418404 0.9954565 0.0198673 -0.02310478 0.9995356 0.03721028 0.04545569 0.9982731 0.006535649 -0.06764543 0.997688 -0.02604436 -0.01496636 0.9995489 -0.1292071 -0.1577844 0.9789839 0.04694831 0.02542299 0.9985738 0.08972591 -0.006731152 0.9959439 0.07310569 -0.03661465 0.9966519 0.04195958 -0.05370336 0.9976751 -0.0369727 -0.05126065 0.9980007 -0.1282581 -0.06058561 0.9898885 -0.00124818 0.001357913 0.9999984 0.1347079 -0.1340282 0.9817791 0.2011711 -0.15923 0.9665278 0.03415793 0.01919049 0.9992322 0.05848079 -0.07606941 0.9953861 0.05744206 -0.06792002 0.9960358 0.1604783 -0.03100687 0.9865522 0.005785048 -0.008236229 0.9999493 0.02038079 -0.221674 0.9749079 0.006845235 -0.1630582 0.9865927 0.04610866 -0.1013234 0.9937846 0.05146861 -0.307137 0.9502725 0.1609072 0.04609525 0.9858925 0.1615657 0.07977163 0.9836326 -0.0280649 0.05773138 0.9979377 0.03662902 -0.07988083 0.9961313 0.02798169 0.01103645 0.9995476 0.1017958 0.02657359 0.9944504 0.1303497 -0.009181916 0.9914256 0.1320227 0.09522354 0.9866623 0.0130856 0.01754885 0.9997605 0.1044705 -0.4245193 0.8993716 0.07610857 -0.06643682 0.9948838 0.04484272 0.004376053 0.9989846 -0.01562237 -0.03217345 0.9993602 0.1006644 -0.4833467 0.8696222 -0.0763145 0.3015643 0.9503868 -0.08476638 0.2777297 0.9569122 -0.08801466 0.3727734 0.9237388 0.1856365 -0.1957778 0.9629176 0.06819695 0.2252574 0.9719097 0.1294931 0.05464005 0.9900738 0.04512172 -0.0957511 0.9943821 0.2047295 -0.0229299 0.9785501 0.1795599 -0.02168482 0.9835081 0.1620163 -0.00848627 0.9867516 -0.02970534 0.02071881 0.9993441 -0.005068123 0.006196916 0.999968 -0.0112304 0.00925517 0.9998942 0.01404201 -0.1282986 0.9916362 -0.05480891 0.07123678 0.9959525 -0.013004 -0.01125812 0.9998521 0.1736599 -0.2967763 0.939024 -0.05643868 -0.005621552 0.9983903 -0.02929466 0.0195825 0.999379 0.08137738 -0.05156987 0.9953484 0.1105505 -0.3658069 0.9241017 0.04447948 -0.1223632 0.9914883 -0.05963861 -0.0309267 0.9977409 0.04747259 -0.01326757 0.9987845 0.261694 0.008366107 0.9651147 0.001959145 -0.2216823 0.975117 -0.01425188 -0.1206021 0.9925987 -0.1114902 0.02220767 0.9935174 0.1201217 0.2669019 0.9562082 0.01796728 -0.04912728 0.998631 0.06843787 -0.111329 0.9914243 0.03242266 -0.1584414 0.986836 0.02763098 -0.2033784 0.9787104 0.09140682 -0.1650671 0.9820376 -0.03732204 -0.1763121 0.9836266 -0.02460354 0.06571853 0.9975349 -0.03241956 0.003523349 0.9994682 -0.02173197 0.002166748 0.9997615 0.1069628 -0.2113067 0.9715496 -0.02396756 -0.08045119 0.9964705 0.01624292 -0.2361608 0.9715783 0.05937063 -0.09713691 0.9934987 0.005945861 0.05889725 0.9982464 0.001953065 -0.1039046 0.9945855 -0.02200132 -0.1579956 0.9871947 0.01654708 -0.05774641 0.9981942 0.001662313 -0.2170231 0.9761651 0.05438172 -0.07862192 0.9954202 0.02590525 -0.1093853 0.9936618 0.105951 0.09986346 0.9893441 0.1138029 0.03779309 0.9927843 -0.06167238 -0.008459985 0.9980607 -0.02198398 -0.08409547 0.9962152 0.0512976 -0.2183298 0.9745259 -0.00782299 -0.1993455 0.9798981 0.008905172 0.02798879 0.9995687 0.1989304 -0.06926387 0.977563 0.126383 -0.07390975 0.9892243 -0.01330596 -0.01519221 0.999796 0.02326762 -0.1245366 0.9919422 0.08263039 -0.1272251 0.9884261 0.05962008 -0.0406304 0.997394 0.1259294 -0.2027148 0.9711069 0.1464296 -0.2239248 0.9635435 0.03945499 -0.136795 0.9898133 0.004481792 -0.02261292 0.9997344 -0.008540391 -0.203324 0.9790742 -0.01075708 -0.1174107 0.9930252 0.1111789 -0.1999871 0.9734703 -0.1553809 -0.05915224 0.9860821 0.1974149 -0.06877702 0.9779045 -0.02025598 -0.2617564 0.9649214 0.02830922 -0.1868566 0.9819793 0.02949726 -0.2172332 0.975674 -0.2192234 -0.126783 0.9674023 0.05375254 -0.2294775 0.9718286 0.1396827 0.01532042 0.9900779 0.03666591 -0.02578425 0.9989949 0.1818691 -0.1703819 0.9684492 0.002217888 -0.02639031 0.9996492 0.1789681 0.04819726 0.9826737 0.1516553 0.01190334 0.9883618 0.02763819 -0.01041829 0.9995637 0.06508702 0.03702598 0.9971925 -0.01494807 -0.05839759 0.9981815 0.06729847 -0.04478794 0.9967271 0.02291423 -0.1586692 0.9870659 0.03427374 -0.166581 0.985432 0.007057607 -0.1892504 0.9819036 -0.04423773 0.009338319 0.9989774 0.008875131 -0.009725391 0.9999134 0.003425002 -0.0108909 0.9999349 0.009215652 0.04138141 0.9991009 -0.02294975 0.05350983 0.9983036 0.0708006 -0.07549041 0.9946299 0.01353871 -0.05515235 0.9983862 0.02997565 -0.2524838 0.9671368 0.04136806 -0.1794833 0.9828909 0.02363079 -0.06216812 0.9977859 0.04864186 -0.1452033 0.9882055 0.1843215 -0.04924362 0.9816316 -0.05255234 0.008993327 0.9985777 0.006360828 0.05464386 0.9984858 -0.05345189 0.04277098 0.997654 -0.03217375 -0.08540809 0.9958265 0.09513217 -0.01365405 0.9953711 0.01343601 0.0605008 0.9980777 0.07209903 -0.3250175 0.9429557 0.08380138 -0.1057065 0.99086 0.005253851 0.008434534 0.9999507 -0.04198098 -0.002606034 0.9991151 -0.03511232 0.01078897 0.9993252 0.06740802 0.05866897 0.9959991 0.09534937 -0.2525963 0.9628622 0.01025575 -0.002406179 0.9999446 -0.1516712 -0.05990821 0.9866138 -0.06365925 0.001640498 0.9979704 -0.02353274 -0.2488011 0.9682688 0.1159911 -0.1908051 0.974751 0.08771365 -0.2086595 0.974047 0.0542072 -0.1864362 0.9809705 0.1009715 -0.01057863 0.9948331 0.02882915 0.05352872 0.9981502 -0.0239951 0.1383588 0.9900915 0.001924872 -0.1119564 0.9937113 0.1257964 0.01595407 0.9919279 -0.09812498 0.3468841 0.932761 0.2016478 -0.08300995 0.9759343 0.1875639 -0.063699 0.9801848 0.1272635 -0.07281589 0.9891926 0.02302861 -0.079113 0.9965997 0.02693855 -0.1503557 0.988265 -0.04084962 -0.02014827 0.9989622 -0.02623188 0.08885282 0.9956994 0.08564847 -0.1208174 0.988973 0.01644414 -0.03066545 0.9993945 0.003535747 0.01356548 0.9999018 0.03014296 -0.05910879 0.9977964 0.1678178 0.01459115 0.98571 0.06009876 -0.07402968 0.9954436 0.1209853 -0.008885204 0.9926146 0.06934285 0.01867318 0.9974181 -0.03666269 0.03495585 0.9987162 0.03422987 -0.06519073 0.9972856 0.09000003 -0.03178155 0.9954345 0.1148215 -0.05649578 0.9917783 0.1411915 -0.08227044 0.986558 0.1078585 -0.06793802 0.9918422 0.1207236 -0.121065 0.9852762 0.06880372 -0.07070344 0.9951217 0.1330978 -0.04284065 0.9901766 0.005192101 -0.1455767 0.9893333 0.06186795 -0.09272927 0.9937674 0.1043896 0.05979949 0.9927371 -0.1853109 -0.119846 0.9753445 -0.0139265 -0.07102733 0.9973772 0.09154558 0.4282365 0.8990178 0.2609378 -0.1775875 0.9488805 0.2132192 -0.1485418 0.9656463 -0.06355547 0.009635031 0.9979318 0.07377117 -0.0295366 0.9968377 0.1141541 -0.107881 0.9875883 0.2196059 -0.02711606 0.9752117 -0.003747403 0.0919919 0.9957527 0.04605633 -0.04487532 0.9979304 0.2145888 -0.02313697 0.9764304 0.2741056 -0.1626824 0.94784 0.2041462 -0.1539685 0.9667565 0.1579445 -0.0602231 0.9856098 0.07282322 -0.05588674 0.9957779 0.06035798 -0.09265446 0.9938673 0.08455985 -0.21458 0.9730391 0.0417757 -0.1602219 0.9861966 0.2216042 -0.05877512 0.9733639 -0.01066702 -0.01890373 0.9997645 0.02667135 -0.1202543 0.9923849 -0.009501278 -0.02601027 0.9996166 0.06728565 -0.08367562 0.9942188 0.3469728 -0.1436726 0.9268054 0.07867157 -0.3179047 0.9448531 0.1884239 -0.1906217 0.9634105 0.333628 0.007196962 0.9426774 0.05549091 0.03967851 0.9976705 0.04785782 -0.009742379 0.9988067 0.2097433 0.03649389 0.9770752 0.06220006 -0.1384137 0.9884194 0.09517085 0.01134252 0.9953963 0.1909959 -0.008368074 0.9815552 0.1426681 0.03369593 0.9891968 0.1220501 0.0109378 0.9924637 0.1295419 0.02139067 0.9913433 -0.06960499 0.002774477 0.9975708 -0.1225641 -0.01846355 0.9922888 0.2196421 -0.005957186 0.9755624 0.1795027 0.02730929 0.9833784 0.1914564 0.03351145 0.9809289 -0.1185305 0.1052355 0.9873581 0.05084079 0.05309963 0.9972942 0.04432106 -0.005852699 0.9990002 -0.02883875 0.04148346 0.998723 0.04726392 0.02192395 0.9986419 0.03060764 0.02781546 0.9991444 0.01635521 -0.04997825 0.9986165 0.02881991 -0.156704 0.9872251 0.1539283 0.009041368 0.9880407 0.2456728 0.00423038 0.9693436 0.1369716 -0.01295369 0.9904904 0.03353506 0.02642464 0.9990882 0.04000198 -0.1444323 0.9887058 0.1260288 -0.0586307 0.9902925 0.1526877 0.01193755 0.9882024 0.07779657 -0.2190802 0.9726005 -0.2192196 -0.07561796 0.9727408 -0.05574029 0.02316159 0.9981766 -0.04827463 0.0814377 0.9955087 0.02086633 -0.06220322 0.9978454 0.1206797 0.0145449 0.992585 0.0395953 -0.2603194 0.9647104 -0.001025915 0.03363239 0.9994338 0.04124569 -0.06277471 0.9971752 0.00980848 -0.04048424 0.9991321 0.05663454 -0.07521402 0.9955579 0.02557438 -0.1005427 0.9946041 0.02649867 -0.1102245 0.9935534 -0.01124477 -0.1300668 0.9914415 0.0531181 -0.1100282 0.9925081 0.03908139 -0.2165848 0.9754813 0.01742923 -0.1332238 0.9909327 0.01313084 -0.2144765 0.9766409 -0.002253353 -0.2013582 0.9795151 0.006400048 -0.06492429 0.9978697 0.0393539 0.03108489 0.9987418 0.006051242 -0.06727844 0.997716 0.0160368 -0.08384883 0.9963495 0.03472346 0.04323714 0.9984613 0.03656798 0.03500074 0.998718 0.04219412 0.008564233 0.9990727 0.02599602 -0.05341953 0.9982338 0.05153107 -0.1583353 0.9860399 0.01183819 -0.08495432 0.9963146 0.05422633 -0.1171942 0.9916275 0.09652912 -0.1333018 0.9863635 0.06018847 -0.08852523 0.9942538 0.06974637 -0.1256189 0.9896239 0.007425844 -0.07343316 0.9972725 0.09427928 -0.10948 0.9895078 0.0557937 -0.06724387 0.9961754 0.02648186 -0.0778709 0.9966117 0.0374825 -0.08203935 0.9959241 0.04331171 -0.05376029 0.9976142 0.002491831 -0.04542732 0.9989646 0.0666157 0.008285105 0.9977443 0.06922864 -0.005081057 0.9975879 0.09018301 -0.007684528 0.9958956 0.08161699 -0.04135274 0.9958056 0.1005724 -0.04368615 0.9939702 0.09339195 -0.06584364 0.9934499 0.0629099 -0.06600743 0.995834 0.07329803 -0.1074177 0.9915084 -0.03834313 0.02288299 0.9990026 0.06495624 0.0106709 0.9978311 -0.01376825 0.01615327 0.9997748 0.002742409 -0.01832264 0.9998285 0.08106309 -0.03821003 0.9959763 0.08350706 -0.08271038 0.9930688 0.08054327 -0.04810547 0.9955897 -0.03605318 -0.03970056 0.998561 0.07270663 -0.09722095 0.9926036 0.02034533 -0.07879394 0.9966833 0.0549879 -0.1338251 0.9894782 -0.5123356 -0.08332449 0.8547335 -0.05293667 0.0654307 0.996452 -0.01337474 -0.03187638 0.9994024 0.02896052 0.005122721 0.9995675 -0.00257951 -5.72372e-5 0.9999967 0.04234373 -0.01314854 0.9990166 0.04054522 0.02559942 0.9988498 0.01505774 0.03579801 0.9992457 0.0674718 0.03765296 0.9970105 0.1030118 -0.01904261 0.9944978 0.01866275 -0.1345025 0.9907376 0.1367492 -0.01940083 0.9904158 0.0388022 -0.1959027 0.9798554 -0.0339145 0.02389252 0.9991392 -0.07967007 -0.02407789 0.9965305 -0.03919547 -0.04731357 0.9981108 -0.01783686 -0.07109826 0.9973099 0.06136637 -0.1570119 0.9856884 -0.009760499 -0.08701109 0.9961596 0.05969059 -0.1701266 0.9836128 0.03882622 -0.1163784 0.9924458 0.006941258 -0.03948181 0.9991962 0.03101873 -0.1165431 0.9927012 0.01043909 -0.06877791 0.9975775 0.01850026 -0.1260713 0.9918487 0.03602951 -0.08642542 0.9956066 0.06215119 -0.1213954 0.9906566 0.08077943 -0.09449774 0.9922424 0.09297287 -0.1238866 0.9879313 0.1062408 -0.1511307 0.9827882 0.07273381 -0.175431 0.9818013 0.08387047 -0.1695941 0.9819387 0.07572692 -0.1749993 0.981652 0.09985262 -0.1781381 0.9789261 0.05879664 -0.1775901 0.9823465 0.09232151 -0.2142839 0.9723988 0.09790217 -0.1950699 0.9758909 0.06612354 -0.1716969 0.9829282 0.100394 -0.2039098 0.9738284 0.06947857 -0.120118 0.9903255 0.07128256 -0.1751388 0.9819599 0.09873324 -0.2110236 0.9724818 0.06646066 -0.113864 0.991271 0.06865584 -0.1778171 0.9816657 0.06806975 -0.2329876 0.9700945 0.06553554 -0.1800609 0.98147 0.07099008 -0.1683499 0.9831677 0.01464641 -0.0649541 0.9977808 6.84619e-4 -0.04450976 0.9990087 0.006555318 -0.03860956 0.9992329 0.009996116 -0.05110073 0.9986435 0.07427144 -0.1423572 0.987025 0.1636783 -0.08745998 0.9826293 0.1403673 -0.04744541 0.9889621 0.1716151 -0.05005872 0.9838914 0.161604 -0.05243259 0.9854619 0.145532 -0.04561811 0.9883013 0.1732977 -0.05373418 0.9834026 0.1472677 -0.02048599 0.9888845 0.1726841 -0.04379111 0.9840034 0.1519481 0.003600597 0.9883819 0.1766334 -0.04290264 0.9833412 0.1175113 0.01662325 0.9929324 0.1856885 -0.0311191 0.9821158 0.2698015 -0.1454475 0.9518677 0.02789402 -0.01896095 0.9994311 0.07479709 -0.004130721 0.9971903 0.1897631 -0.02372437 0.9815433 0.03217858 -0.3153661 0.9484245 0.009104847 -0.316268 0.9486263 0.09826546 -0.2881257 0.9525374 0.0524584 -0.3090777 0.9495889 0.002317547 -0.2020232 0.979378 0.1098079 -0.2489818 0.9622632 0.0625385 -0.2594616 0.9637265 -0.006393909 -0.1731169 0.9848806 7.64456e-4 -0.1522952 0.9883348 0.06076848 0.02831739 0.9977502 0.007448494 -0.09286302 0.9956511 0.2636095 -0.08011591 0.9612967 0.2226423 -0.01106047 0.9748376 0.2702695 -0.02571481 0.9624413 0.0683639 0.03665304 0.996987 0.02020066 0.0537967 0.9983476 -0.0101518 0.03840982 0.9992106 0.07313096 0.07673549 0.9943659 0.006431102 -0.003440082 0.9999735 -0.03534299 0.0215075 0.9991438 0.04786181 0.02646219 0.9985035 -0.05579328 0.00523895 0.9984287 -0.001221239 0.01418811 0.9998986 0.006933391 0.09226453 0.9957104 0.05125206 0.08246868 0.9952749 0.03901934 0.05980944 0.997447 -0.04379892 0.07065713 0.9965386 0.01398628 0.05179363 0.99856 0.01373541 0.02999883 0.9994556 0.01733589 0.04847317 0.998674 -0.06531184 0.01491713 0.9977535 -0.05847734 0.01949054 0.9980984 -0.04955631 -0.03397202 0.9981934 0.007824659 0.04286795 0.9990501 -0.03899312 -0.0457257 0.9981928 0.04184043 -0.0352838 0.9985011 -0.008354723 0.02299648 0.9997006 0.02147161 0.2688291 0.9629486 -0.01742768 0.2596457 0.9655468 0.005120992 -0.1420977 0.9898395 0.144899 -0.3943289 0.9074741 0.1139774 -0.05156922 0.9921441 0.03262406 -0.01390141 0.9993711 0.1112105 -0.3435283 0.9325345 0.02886199 -0.3353103 0.9416657 0.04603075 -0.363413 0.9304903 0.04477536 -0.3817922 0.9231631 0.0739507 -0.09995514 0.9922401 0.04631996 -0.1000729 0.9939014 0.09652882 -0.166282 0.9813422 0.09208369 -0.183862 0.9786294 0.08104318 -0.1512925 0.9851613 -2.62681e-4 -0.06218135 0.9980648 0.1565722 -0.1932625 0.9685736 0.1930054 -0.04891532 0.9799777 0.2634054 -0.08125126 0.9612575 0.2425746 -0.04683482 0.9690016 0.2272552 -0.06146639 0.9718936 -0.2509268 0.2860643 0.9247719 0.2551338 -0.06262707 0.9648754 0.2622236 -0.07860291 0.9618006 0.2060545 -0.1991518 0.9580606 0.04835313 -0.02668398 0.9984738 0.07535523 -0.2926615 0.9532424 0.04267102 -0.2943339 0.9547497 0.05163854 -0.2807514 0.9583904 0.01579058 -0.2064062 0.978339 0.1202453 -0.2381421 0.9637579 0.04272556 -0.08165848 0.9957442 0.1011106 -0.3348885 0.9368172 0.1563771 -0.1266686 0.9795414 0.2316663 -0.164636 0.9587626 0.1263278 -0.08697551 0.9881683 0.1927659 -0.1268562 0.9730103 0.1664028 -0.06747394 0.9837467 0.09630161 -0.09068071 0.9912129 0.1094329 -0.1703161 0.9792941 0.1701787 -0.1202834 0.9780446 0.07760912 -0.17936 0.9807175 0.1522221 -0.1952445 0.9688695 0.1848969 -0.07086372 0.9801998 0.1133857 -0.2210388 0.9686514 0.1272637 -0.09641784 0.9871715 0.1106692 -0.2459315 0.9629487 0.1613045 -0.313463 0.9358001 0.1087316 -0.2549811 0.9608133 0.1270514 -0.3213087 0.9384129 0.1107093 -0.2473874 0.9625711 0.09052091 -0.2296968 0.9690436 0.09076875 -0.3033795 0.9485367 0.0736851 -0.2400971 0.9679483 0.07452869 -0.2943146 0.9527982 0.07291918 -0.2397453 0.9680935 0.06695801 -0.2557465 0.9644224 0.06472116 -0.2755069 0.9591179 0.02923923 -0.2488148 0.9681097 0.07238799 -0.04271394 0.9964616 0.1056808 -0.08004307 0.9911734 0.1097176 -0.02270948 0.9937034 0.2456622 0.09272515 0.9649105 0.2753089 -0.006485462 0.9613339 0.2218052 0.02460849 0.9747804 0.2506446 -0.07052963 0.9655066 0.2479479 0.06930696 0.9662911 0.2448797 0.08712852 0.9656307 -0.002491414 -0.04540038 0.9989658 0.0484277 -0.03387397 0.9982522 0.04234218 -0.07387083 0.9963685 -0.02985119 -0.09390151 0.9951339 0.04171991 -0.1651914 0.9853788 0.08233642 -0.1063945 0.9909092 -0.01198178 -0.08962661 0.9959034 0.006927251 -0.2419739 0.9702581 0.2755961 -0.1807892 0.9441197 -0.05307316 -0.04299879 0.9976645 0.001353085 -0.06662416 0.9977772 -0.002313077 -0.01752948 0.9998438 0.04429131 -0.06633061 0.9968143 0.05077141 0.02900302 0.9982892 0.04462593 -0.07997918 0.9957971 0.0333051 -0.08273839 0.9960147 0.03507918 -0.05528742 0.9978541 0.05268597 -0.01659268 0.9984734 0.0663712 0.0479924 0.9966403 -0.04368561 0.06639975 0.9968363 -0.003200531 0.05879288 0.9982652 -0.006881177 0.05648183 0.99838 0.03070622 0.01110386 0.9994668 0.05307412 0.06200206 0.9966639 -0.01723653 0.05598866 0.9982826 0.06358051 0.0797885 0.9947821 0.03848546 0.09748595 0.9944925 0.005529642 -0.2426099 0.9701082 0.1083185 -0.3616796 0.9259887 -0.09765809 -0.007749974 0.9951899 0.179023 -0.04397845 0.9828615 0.1879446 -0.0649777 0.980028 0.2004005 -0.03906184 0.9789351 0.1703436 -0.07029908 0.9828739 0.1910228 -0.05302184 0.9801526 0.1457126 -0.08565115 0.9856125 0.1618903 -0.1359148 0.9774041 0.1548565 -0.1410084 0.9778221 0.08174651 -0.133796 0.9876316 0.1079107 -0.1513875 0.9825666 0.1072893 -0.0737974 0.9914853 0.09603232 0.1827282 0.9784622 0.06792324 -0.01072335 0.997633 0.05682486 0.05401128 0.9969222 0.04394841 0.01403599 0.9989353 0.1375151 0.1376138 0.9808935 0.1013653 -0.1197198 0.9876196 0.0986337 -0.2544639 0.9620393 0.05905258 -0.1699451 0.9836827 -0.02066987 -0.1995601 0.9796676 0.02821069 -0.248921 0.9681129 0.00242573 -0.3400842 0.9403919 0.2669627 -0.1876975 0.9452517 0.06343764 -0.1800175 0.9816157 0.1445483 -0.0563271 0.9878933 -0.04632622 -0.06372869 0.9968914 -0.0337736 -0.1166614 0.9925974 0.01328253 -0.1329957 0.9910277 -0.006398797 -0.02593213 0.9996433 -0.02411293 0.006972074 0.9996849 0.09330016 0.04043525 0.9948166 0.05179512 0.1311005 0.9900151 0.06695985 0.2055448 0.9763543 0.04278367 0.06401121 0.9970317 0.1838001 -0.0936594 0.9784914 0.1564972 -0.09330648 0.9832612 0.1769016 -0.09066301 0.9800439 0.1556925 -0.04206895 0.9869093 0.1134324 -0.03905266 0.992778 0.1893082 0.001185119 0.981917 0.05716043 0.02457904 0.9980625 -0.01427567 -0.01991468 0.9996998 0.08559739 0.04889488 0.9951294 0.1796005 0.04342466 0.9827808 0.1628224 0.00344336 0.9866494 0.1578208 0.07330781 0.9847429 0.5152527 -0.06251674 0.8547553 -0.1599301 -0.04782295 0.9859693 -0.05407303 -0.01576638 0.9984126 -0.06296467 -0.0194664 0.9978259 0.1177805 -0.04314637 0.992102 0.1652969 0.05671507 0.9846118 0.06277 -0.04055333 0.9972038 0.06377702 0.02259534 0.9977084 0.0772953 0.01628297 0.9968754 0.07576102 0.005179643 0.9971126 0.08947712 -0.002670764 0.9959854 0.1193369 0.08232462 0.9894348 0.05005681 0.09416419 0.9942975 0.005753934 0.06919538 0.9975866 0.07019358 0.04941284 0.9963089 0.1069338 -0.0272032 0.993894 0.1047574 -0.01331222 0.9944088 0.03769969 -0.1185469 0.9922326 0.1306916 -0.1518127 0.9797309 0.2417626 0.1093494 0.9641543 0.02656942 -0.01428997 0.9995449 0.2157968 -0.09863317 0.9714439 0.2970296 -0.05448871 0.9533124 0.2614728 -0.09647309 0.9603776 -0.08602863 -0.03735947 0.9955921 -0.01716709 0.02896225 0.9994332 -0.1038795 -0.04651117 0.9935018 -0.06626421 0.05754369 0.9961414 0.1002469 -0.3806449 0.9192715 0.09519392 -0.2952972 0.9506512 0.1044514 -0.2423411 0.9645521 0.07160097 -0.2048807 0.9761646 0.08513164 -0.2997437 0.9502139 0.03401339 -0.1310129 0.9907971 0.03734099 -0.2215456 0.9744348 0.04482769 -0.3291981 0.9431962 0.06047117 -0.1616545 0.984993 0.1165255 -0.3637616 0.924175 0.0639792 -0.2690702 0.9609933 0.04987019 -0.3077617 0.9501557 0.0722844 -0.3697021 0.9263344 0.03166902 -0.2606063 0.9649257 0.0381934 -0.2567388 0.9657259 0.06231206 -0.2525485 0.9655757 0.2413285 -0.1462444 0.9593608 0.2872155 -0.178429 0.9411006 0.2604971 -0.1792101 0.9486964 0.1397399 -0.007932364 0.9901565 0.08140158 -0.02000081 0.9964807 0.1165068 0.148468 0.9820303 0.1178404 0.177408 0.9770569 0.1234026 0.2173582 0.9682599 0.1143898 0.1564475 0.9810398 0.08352172 0.02428185 0.9962101 0.01248902 0.05854958 0.9982064 0.03792852 0.07582569 0.9963996 0.1313139 0.180435 0.974782 0.01959836 0.01270765 0.9997273 0.07213681 0.009275436 0.9973517 0.1405428 0.04861652 0.9888803 0.1800958 0.1355102 0.9742702 0.3680567 -0.02910047 0.9293479 0.3740231 -0.07135558 0.9246703 0.2413085 -0.07333755 0.9676734 0.04322928 -0.1418792 0.9889397 0.01531159 -0.1214873 0.992475 0.08753097 0.02183061 0.9959226 0.08943974 0.004054844 0.995984 0.0406354 0.01655417 0.9990369 0.1533862 -0.06026452 0.9863269 0.09674316 -0.05649644 0.9937047 0.09309464 0.008765935 0.9956188 0.08801835 0.004113495 0.9961104 0.07441604 0.02744907 0.9968495 0.08034849 0.02439743 0.9964682 0.07084983 0.03196483 0.9969747 0.05846071 0.03249675 0.9977607 -0.05850553 0.3423528 0.9377483 0.1478798 -0.08598637 0.9852604 0.09361666 -0.0621888 0.9936643 -6.37169e-4 0.04732835 0.9988792 0.1758109 -0.1031256 0.9790075 0.2267173 -0.1071765 0.9680457 0.2519223 -0.1143206 0.9609714 0.1838451 -0.1350817 0.9736292 0.2270831 -0.1546704 0.9615147 0.1804517 -0.1409816 0.9734277 0.2206541 -0.1419216 0.9649716 0.2376325 -0.2011967 0.9502899 0.1619871 -0.1901841 0.9682925 0.1451159 -0.1950811 0.9699922 0.1332764 -0.1266957 0.9829474 0.1139254 -0.1135285 0.9869814 0.09627419 -0.06168437 0.9934417 0.1134803 -0.061571 0.9916307 0.1315771 -0.05536353 0.9897587 0.1424615 -0.1832992 0.9726799 0.1941701 -0.1375502 0.9712765 0.1476123 -0.07324874 0.9863291 0.1064653 -0.05722755 0.9926682 0.1112599 -0.05621099 0.9922004 0.1011669 -0.06970196 0.9924248 0.1090309 -0.07374113 0.9912994 0.1203087 -0.01956975 0.9925437 0.146453 -0.07629853 0.9862708 0.146425 -0.04837387 0.9880383 0.1552883 -0.04637962 0.9867799 0.1482111 -0.02049517 0.9887434 0.1702367 0.02451938 0.9850981 0.0656411 0.05932754 0.9960781 0.1908529 0.008024871 0.9815859 0.1220789 0.02771902 0.9921333 0.1429857 -0.02613949 0.9893795 0.1062411 -0.007611155 0.9943113 0.1021904 -0.0363729 0.9940997 0.1922209 -0.08967965 0.9772455 0.006592333 -0.3645988 0.9311414 0.08485734 -0.4737426 0.8765656 -0.0504831 0.2594324 0.964441 0.1254829 -0.1525127 0.9803029 0.1063718 -0.1820942 0.9775106 -0.04444396 -0.1680289 0.9847797 -0.009516119 -0.1894898 0.9818367 0.03330636 -0.1708578 0.9847326 0.02881413 -0.175118 0.9841257 0.03484022 -0.1552996 0.987253 0.01624721 -0.164372 0.9862647 0.06194055 -0.1439641 0.9876426 0.1048594 -0.1321974 0.9856614 0.1392112 -0.1022101 0.9849739 0.0854153 -0.1280543 0.9880821 0.1484224 -0.0902481 0.9847975 0.08451652 -0.1327049 0.9875456 -0.03527563 -0.1461706 0.9886303 0.03868675 -0.1326419 0.9904088 -0.01768481 -0.1213623 0.9924507 0.06056267 -0.1075798 0.9923501 0.02654933 -0.1437022 0.9892649 0.02336627 -0.1128469 0.9933376 0.1624963 -0.1355313 0.9773569 0.142449 -0.1637079 0.9761701 0.01782822 -0.07571542 0.9969701 -0.005474328 -0.05169099 0.9986481 -0.02138197 -0.171552 0.984943 0.05212044 -0.08035373 0.9954028 0.08898121 -0.1407489 0.9860387 0.03116208 -0.1541652 0.9875537 0.04369026 -0.1739584 0.9837834 0.03513896 -0.170867 0.9846674 0.07081615 -0.1799947 0.9811152 0.08282697 -0.12801 0.9883083 0.12102 -0.1815937 0.9758985 0.1012313 -0.1609252 0.9817614 0.1398396 -0.1743105 0.9747106 0.04911893 -0.2146459 0.9754561 -0.0220201 -0.19845 0.9798637 0.02060157 -0.2048069 0.9785856 0.05158621 -0.1862227 0.9811524 0.1216649 -0.08924704 0.9885508 0.06158012 7.12851e-4 0.998102 -0.01789903 -0.02245354 0.9995877 0.03568112 -0.007172882 0.9993376 0.09271734 -0.05244815 0.9943102 0.0942167 -0.09487402 0.9910207 0.1033012 -0.07261729 0.9919958 0.06063747 -0.03529042 0.9975358 0.1126435 -0.0675376 0.9913375 -0.005671977 0.003932178 0.9999762 0.08992493 -0.009344995 0.9959048 0.01221269 0.02356696 0.9996477 0.04414892 0.02406388 0.9987352 -0.02212685 0.002655088 0.9997517 -0.0905773 0.03242158 0.9953615 -0.06138992 0.06063377 0.9962705 -0.08795458 0.06288141 0.9941378 0.05172139 -0.0229215 0.9983986 0.1344175 -0.05406898 0.9894486 0.1773398 -0.1185547 0.9769829 0.2101116 -0.09389811 0.9731579 0.1668206 -0.1597298 0.9729632 0.009066343 0.04589247 0.9989053 -0.06805044 -0.0349453 0.9970697 -0.06042146 -0.03112488 0.9976876 -0.06438231 -0.004103362 0.9979169 -0.05967915 0.043159 0.9972842 0.06214517 -0.01617658 0.9979361 0.1701433 0.003577589 0.9854129 0.1461305 0.007732093 0.9892351 0.1549237 0.001161217 0.9879258 0.1182719 -0.170054 0.9783115 0.1410421 -0.2192368 0.9654234 0.1272299 -0.1860572 0.9742666 0.04226845 -0.1742924 0.9837864 -0.1367105 -0.07076674 0.9880802 0.1442626 -0.1727865 0.9743373 0.1231398 -0.1513764 0.9807762 0.1748223 -0.1443238 0.9739651 0.1972967 -0.1469163 0.9692728 0.2131536 -0.142802 0.9665264 0.2058489 -0.06229132 0.9765992 0.09842056 -0.1738038 0.9798499 0.2044494 -0.1158736 0.9719948 0.1820386 -0.0803464 0.9800033 0.03741461 -0.2626603 0.9641628 0.02174466 -0.08936494 0.9957616 0.03180497 -0.09749251 0.994728 -0.04272764 -0.2331981 0.9714901 -0.01790523 -0.1800299 0.9834982 0.02560883 -0.25282 0.9671745 0.03679454 -0.1610742 0.9862562 -0.01522386 -0.1367959 0.9904823 -0.03123074 -0.1192772 0.9923697 0.0978623 -0.08632344 0.9914491 0.1238741 -0.06684041 0.9900442 0.2166734 -0.06351006 0.9741762 0.144324 -0.1792303 0.9731635 0.1059382 -0.1655269 0.9804989 0.2119264 -0.07724809 0.9742279 0.2173264 -0.08144652 0.9726951 0.2582868 -0.05508071 0.9644969 0.1126911 0.0111047 0.9935681 0.1718789 -0.009314417 0.9850741 0.2901407 0.02737247 0.9565925 0.1597365 0.0574311 0.9854877 0.2420104 -0.04878455 0.9690465 0.2486662 -0.05113857 0.9672384 0.03937774 0.0277521 0.998839 0.1495241 -0.1116644 0.9824325 0.1265403 0.2182742 0.9676487 0.09531438 0.2463567 0.964481 -0.002779901 -0.1962583 0.9805483 0.003449857 -0.1786438 0.9839078 0.01462519 -0.1005446 0.9948251 0.06389284 -0.3249476 0.9435713 0.003959655 0.3234039 0.9462528 -0.01651465 0.2860686 0.9580669 -0.05950605 0.2364271 0.9698255 0.01520931 0.1458137 0.9891952 0.2169207 0.06568276 0.973977 1.30358e-4 0.1273187 0.9918619 0.001780271 0.2155262 0.9764965 0.1565152 0.1057079 0.9820025 0.02108204 0.2672467 0.9633976 0.005376279 0.2617391 0.9651237 -0.05650377 0.2502992 0.9665183 -8.47895e-4 0.2344474 0.9721285 0.004387497 0.3509712 0.936376 -0.084095 0.4170926 0.9049652 -0.08021289 0.3160681 0.9453396 -0.04966437 0.1565842 0.9864152 0.1979876 -0.009510457 0.9801585 0.02920758 0.1905849 0.9812361 -0.004192113 0.2383276 0.9711758 -0.062114 0.2396024 0.9688821 -0.04302525 0.2868788 0.9570002 -0.03526037 0.2453007 0.9688056 0.04091358 0.1983681 0.9792734 -0.02674734 0.1983253 0.9797713 -0.1110387 0.214711 0.9703451 -0.06722283 0.2408382 0.9682345 -0.05368566 0.1958031 0.9791727 -0.01232075 0.3247317 0.945726 -0.110628 0.3520854 0.929407 -0.02936083 0.3063212 0.9514754 -0.07396048 0.3448973 0.9357221 -0.1183898 0.3611431 0.9249647 -0.09335398 0.2881505 0.9530239 -0.03724282 0.1942023 0.9802544 -0.04325312 0.1307722 0.9904685 -0.06091409 0.1849618 0.9808561 -0.01795458 0.2367196 0.9714121 0.05263483 0.1705441 0.9839432 -0.04811006 0.2337267 0.9711114 -0.04129028 0.1203029 0.9918782 0.1318233 0.2029458 0.970276 -0.05784541 0.2220202 0.9733247 -0.08920013 0.1571338 0.9835407 -0.07532453 0.2562773 0.9636639 -0.152787 0.2744939 0.9493732 0.005811989 0.04575216 0.998936 0.02777069 0.2270938 0.973477 -0.0671795 0.1906123 0.979364 -0.0614463 0.2947796 0.9535876 -0.1452472 0.2737718 0.9507641 -0.06901341 0.2957206 0.9527784 -8.53647e-4 0.2054403 0.9786694 -0.06686973 0.3459458 0.9358685 -0.04919654 0.2416356 0.9691191 0.06140303 -0.06564384 0.9959521 0.06465679 -0.02121299 0.9976822 0.03367465 0.07053321 0.9969409 0.02728492 0.08813208 0.9957351 0.02243071 0.0482183 0.9985849 0.02481991 0.001959919 0.99969 0.001059353 -0.01391583 0.9999026 0.03094375 -0.03528302 0.9988982 0.07114386 0.002925157 0.9974619 0.06329756 0.0897814 0.9939482 0.1079856 0.04226142 0.9932538 0.05422002 0.03572618 0.9978897 0.1336556 0.06503802 0.9888914 0.1689706 0.05823451 0.9838992 0.01644295 -0.01286536 0.9997821 -0.004755854 -0.02360707 0.99971 0.04516822 0.01455461 0.9988734 -0.004960656 0.001467287 0.9999867 -0.02427107 8.78485e-4 0.9997051 -0.00552684 -0.004966974 0.9999724 0.02861893 0.006414353 0.9995698 0.05782508 -0.019894 0.9981285 0.05376553 -0.0263409 0.9982061 0.01653754 0.01462239 0.9997564 0.006803512 0.01721161 0.9998288 0.03834402 -0.02222651 0.9990174 0.07279694 -0.02044105 0.9971373 0.0446217 -0.009814977 0.9989558 0.04522794 -0.02689021 0.9986147 0.04939115 0.06238925 0.996829 0.007521867 0.07736366 0.9969747 -0.003698825 0.01562273 0.9998711 0.04290121 0.06527537 0.9969447 0.04087454 0.06052422 0.9973295 0.06717371 0.04501569 0.9967254 0.1345359 0.01153147 0.9908416 0.1491082 0.009243845 0.9887778 0.1000359 0.03728383 0.9942851 0.07020848 -0.008929848 0.9974924 0.1470507 0.01183623 0.9890581 0.1108977 0.04336714 0.9928853 0.05734825 0.04295229 0.9974299 0.0285623 0.04582548 0.9985411 0.06538939 -0.01732259 0.9977095 0.07026439 -0.04502516 0.9965118 0.09485703 -0.01747953 0.9953375 0.03945833 -0.03622859 0.9985643 0.02899199 -0.02980482 0.9991353 0.03595989 -0.0446316 0.9983561 0.05562472 -0.004815936 0.9984402 0.02005189 -0.05310702 0.9983875 0.04610025 -0.07411968 0.9961833 0.05577254 -0.01147013 0.9983776 0.0117045 -0.08471077 0.9963369 0.06596446 -0.1131462 0.9913863 0.0670551 -0.01328104 0.9976609 0.0704928 -0.1422041 0.9873241 0.1019546 -0.136279 0.9854103 0.1144345 -0.01127123 0.9933668 0.02227097 -0.08743631 0.9959212 0.1323068 -0.124423 0.9833686 0.1441965 -0.04653507 0.9884544 0.1143159 -0.1102719 0.9873055 0.1023162 -0.01992356 0.9945524 0.06922912 -0.1204503 0.9903026 0.07838004 -0.07478487 0.9941146 0.09159445 -0.0300377 0.9953433 0.0385183 -0.02562242 0.9989294 0.07309395 -0.05383175 0.9958712 0.08831 -0.02660435 0.9957377 0.0381236 -0.02955901 0.9988358 0.07229101 0.06659382 0.995158 0.07215315 -0.006551861 0.997372 0.1095126 0.04450356 0.9929887 0.05791532 0.01120096 0.9982587 0.1424297 0.01138317 0.9897395 0.1131749 0.04029518 0.9927577 0.05583661 0.009822189 0.9983916 0.1391392 0.005530178 0.9902575 0.1142786 0.0274657 0.9930691 0.04109406 -0.01932102 0.9989686 0.1125267 -0.08766359 0.9897742 0.1042684 -0.04668986 0.9934527 0.08530151 0.0697695 0.9939095 0.09162795 -0.009934067 0.9957438 0.1326278 0.02320313 0.9908944 0.04947149 -0.001527965 0.9987745 0.03431904 -0.1563656 0.9871028 0.003941595 -0.1425367 0.9897817 0.02981293 -0.1379755 0.9899869 0.004041492 -0.03694623 0.9993091 0.004826903 0.04838454 0.9988172 0.0657972 0.01548182 0.9977129 -0.06148546 0.2479833 0.9668112 0.1275484 -0.04656165 0.9907388 0.1620301 -0.09548383 0.9821555 0.0886479 0.00643146 0.9960423 0.1230465 -0.02112787 0.992176 0.1550121 0.03510779 0.9872885 0.0665698 0.02990007 0.9973337 0.1635476 0.001943349 0.9865336 0.01438802 0.00951302 0.9998514 0.04006052 0.04787582 0.9980496 0.07753396 -0.03915184 0.9962207 0.07114136 -0.05698639 0.9958372 0.06527233 -0.08205997 0.9944877 0.0614292 -0.07815074 0.9950472 0.07729256 -0.07830339 0.9939289 0.1847333 0.001130938 0.9827881 0.1801307 -0.05749034 0.9819612 0.1318348 -0.04069882 0.9904359 0.1612505 -0.01798599 0.9867497 0.09188508 -2.49638e-4 0.9957696 0.1248262 0.03569507 0.9915364 0.1319473 0.002161741 0.9912544 0.1129615 8.63684e-4 0.9935991 0.1607301 -0.01594454 0.9868696 0.1571652 0.0754292 0.9846876 0.0861473 0.0801773 0.993051 0.1145045 0.1232102 0.9857525 0.1166113 0.05966836 0.9913836 0.1493088 0.1193158 0.9815655 0.08532553 0.04452306 0.9953579 -0.004929959 0.0708782 0.9974728 0.1403691 -0.0330255 0.9895483 0.1162458 -0.03208869 0.992702 0.1137621 0.009623527 0.9934614 0.06238174 -0.01546066 0.9979327 0.1686401 -0.02354854 0.9853965 0.09064322 0.005253732 0.9958696 0.1295644 -0.01853549 0.9913978 0.1594989 0.01256263 0.9871183 0.1776833 -0.01288789 0.9840034 0.1682724 -0.01828712 0.985571 0.09772515 6.08038e-4 0.9952133 0.1693192 -0.04072386 0.9847196 0.07930517 -0.04438215 0.9958619 0.09135389 -0.04159444 0.9949495 0.0690605 -0.09063875 0.9934864 0.07836884 -0.05425333 0.9954472 0.07562619 -0.04973882 0.995895 0.06893837 -0.03008121 0.9971673 0.06996345 -0.02394956 0.997262 0.07404255 -0.01146113 0.9971893 0.08586299 -0.002014577 0.996305 0.09638285 -0.06434422 0.9932624 0.07672345 -0.03455626 0.9964535 0.07691359 -0.001154363 0.9970371 0.07642287 -0.02472543 0.996769 0.06138718 -0.08126991 0.9947999 0.06092131 -0.04331082 0.9972025 0.0628435 -0.04411691 0.9970479 0.07370305 -0.03903931 0.9965159 0.07649278 -0.06985169 0.9946204 0.07242387 -0.05573242 0.9958156 0.06590139 -0.03140318 0.997332 0.06177145 -0.07808303 0.9950314 0.05775421 0.01811212 0.9981666 0.0117377 -0.1306285 0.9913619 0.02497166 -0.186388 0.9821589 0.1230884 -0.3860903 0.9142121 0.1657061 -0.1583248 0.9733832 0.1559162 -0.114515 0.9811098 0.1506226 -0.0704782 0.9860759 0.06938052 -0.1919087 0.9789574 0.05469286 -0.1722891 0.983527 0.1976966 -0.03623706 0.9795933 0.2073576 -0.02118593 0.9780358 0.2011262 0.05884754 0.9777961 0.01558971 -0.03260749 0.9993467 -0.04008817 0.2095275 0.9769807 0.03765195 -0.1602091 0.9863647 -0.02299636 -0.0299474 0.999287 -0.1810997 -0.1256034 0.9754111 0.05109572 -0.06276196 0.9967197 0.03539967 -0.04954332 0.9981445 0.1065161 -0.04305011 0.9933786</float_array>
          <technique_common>
            <accessor source="#Plane_002-mesh-normals-array" count="3504" stride="3">
              <param name="X" type="float"/>
              <param name="Y" type="float"/>
              <param name="Z" type="float"/>
            </accessor>
          </technique_common>
        </source>
        <source id="Plane_002-mesh-map-0">
          <float_array id="Plane_002-mesh-map-0-array" count="38880">0.2147701 0.3167217 0.2179135 0.3178808 0.2119206 0.3178808 0.8609274 0.8675495 0.9072847 0.8145695 0.8741723 0.8807946 0.9536424 0.9933775 0.9602648 1 0.9536424 1 0.9602649 0.9933775 0.9668874 1 0.9602648 1 0.9668874 0.9933775 0.9735099 1 0.9668874 1 0.97351 0.9933775 0.9801325 1 0.9735099 1 0.9801325 0.9933775 0.986755 1 0.9801325 1 0.986755 0.9933775 0.9933776 1 0.986755 1 0.598154 0.6309316 0.6026493 0.6347542 0.6026493 0.6351277 0.6887416 0.5769656 0.6868647 0.5784884 0.686964 0.5781918 0.7472546 0.9134143 0.7475088 0.9131547 0.7478686 0.9139073 0.9602649 0.9933775 0.9536424 0.9933775 0.9602647 0.9867549 0.8204645 0.8807945 0.8173708 0.8855147 0.8145697 0.8807946 0.7402642 0.6113811 0.735099 0.6092713 0.7411685 0.6092713 0.818208 0.9326716 0.8205902 0.9271522 0.8184874 0.9327718 0.6092718 0.7417215 0.6055628 0.7417215 0.6092717 0.7358627 0.4633844 0.5192049 0.4635764 0.5179044 0.4649587 0.5181189 0.2825868 0.5036047 0.2825371 0.5039227 0.2781457 0.503593 0.2649007 0.5298013 0.2643586 0.5288949 0.2715231 0.5291998 0.2635662 0.532209 0.2582782 0.5343654 0.2582782 0.5298013 0.8043782 0.7664704 0.8013246 0.7672532 0.8066092 0.7615891 1 0.9668874 1 0.9801325 0.9933775 0.9602649 0.245033 0.5290252 0.2485046 0.5261538 0.2484406 0.5264624 0.5779696 0.618564 0.5770078 0.6216775 0.576159 0.6217085 0.3163139 0.06580448 0.3160541 0.06622517 0.3159899 0.06576544 0.8145697 0.8675495 0.8177346 0.8695217 0.8173999 0.8695356 0.6490066 0.5695363 0.6556292 0.5827813 0.6490066 0.5827813 0.3178808 0.01324486 0.3112582 0.01324486 0.3112582 0.006622493 0.1804361 0.1456953 0.1829914 0.1473275 0.1827049 0.1472073 0.7382499 0.9205297 0.7350993 0.9205297 0.7350993 0.917794 0.2566517 0.5266729 0.2582782 0.5281988 0.2582782 0.5298013 0.9933773 0.6225163 0.9668874 0.6556288 0.9602649 0.6225163 0.5033112 0.6020047 0.5033112 0.6026487 0.4999291 0.6026487 0.2147701 0.3167217 0.2114089 0.3178808 0.2119206 0.3112582 0.9801325 0.9801325 0.9735099 0.9801325 0.9735099 0.9735099 0.1397917 0.4039735 0.1421865 0.4044894 0.1419277 0.4045229 0.2516556 0.5298013 0.2524462 0.5298013 0.2582782 0.5343654 0.4254173 0.5188592 0.4304636 0.5165563 0.4322489 0.5165563 0.4635764 0.5099338 0.4701987 0.5099338 0.4635764 0.5165563 0.8205902 0.9271522 0.8182848 0.9250789 0.8185634 0.9250721 0.2211378 0.03973495 0.2213931 0.03973495 0.2204121 0.04578363 0.7483446 0.8882095 0.7487402 0.8874172 0.7549671 0.8815633 0.6233157 0.6556288 0.6275989 0.6569074 0.6249794 0.6582739 0.7339849 0.9006623 0.7306028 0.9035318 0.7284769 0.9006623 0.1882556 0.3534609 0.1854304 0.3576158 0.1879423 0.3533546 0.7417219 0.9135514 0.7375157 0.9120765 0.7372538 0.9088945 0.8139653 0.821192 0.8114311 0.8219258 0.8091059 0.821192 0.2185431 0.2781457 0.2239314 0.2847682 0.2185431 0.2847682 0.1494802 0.253382 0.1464912 0.2516556 0.1523179 0.2516556 0.7927 0.7367405 0.7947021 0.7360516 0.7929596 0.7366859 0.7372538 0.9088945 0.7372625 0.9072846 0.7417219 0.9135514 0.6754966 0.5702814 0.6808071 0.5708294 0.6754966 0.5761588 0.7735126 0.6622514 0.7710278 0.6678244 0.7682121 0.6622514 0.8173708 0.8855147 0.8204639 0.8874171 0.8145697 0.8874171 0.2980132 0.0911327 0.2940848 0.08864903 0.2980132 0.08609271 0.179598 0.1523178 0.1822659 0.1557448 0.1819777 0.1556301 0.8206661 0.8609271 0.8206647 0.861353 0.8177776 0.8614992 0.8205932 0.8675495 0.8205816 0.8694038 0.8177346 0.8695217 0.4172185 0.5033112 0.4039735 0.5165563 0.3973511 0.5099338 0.2278712 0.1760641 0.231085 0.1721854 0.2281793 0.1761662 0.245033 0.5226792 0.2408838 0.5231788 0.2409911 0.5225899 0.8129876 0.7880793 0.8107452 0.7893767 0.8104623 0.7894177 0.357616 0.5364238 0.3443709 0.5430463 0.3443709 0.5364238 0.340689 0.5527938 0.3443709 0.5508432 0.3406099 0.5530871 0.7270717 0.9028738 0.7284769 0.9006623 0.7284769 0.9072846 0.6021431 0.55661 0.6020665 0.5569636 0.5960264 0.5565894 0.8173999 0.8695356 0.8204646 0.8741721 0.8145697 0.8741721 0.5894041 0.6210495 0.5937628 0.6225163 0.5868074 0.6177513 0.8013249 0.9271522 0.8013249 0.9329702 0.7969688 0.9331488 0.7962746 0.9362807 0.7962108 0.9365721 0.7947021 0.938839 0.7907104 0.7203637 0.7880799 0.7211309 0.7929477 0.7152314 0.8211922 0.9337747 0.8206253 0.9337746 0.8205902 0.9271522 0.7483447 0.9198086 0.7483447 0.9142681 0.7511802 0.9196586 0.7464961 0.8762519 0.746874 0.8764923 0.7417219 0.8800606 0.7842047 0.6972163 0.7839222 0.6973119 0.7863641 0.6953639 0.7234682 0.9349347 0.7253341 0.9363707 0.7218545 0.9391626 0.2384105 0.5225766 0.232703 0.5231788 0.2328156 0.5224626 0.7386252 0.8940396 0.7417219 0.9006623 0.7391592 0.9006623 0.6635935 0.5729026 0.6622515 0.5701798 0.6636695 0.5726136 0.7807388 0.6887414 0.7794173 0.6904132 0.7791324 0.6905153 0.2715231 0.1192052 0.2781457 0.1258278 0.2715231 0.1258278 0.7423236 0.9176231 0.7427534 0.9172663 0.7483447 0.9201769 0.2251655 0.2516556 0.2251655 0.2541226 0.2244804 0.2516556 0.589404 0.5514258 0.5952785 0.5562914 0.5940056 0.5562914 0.7615896 0.821192 0.7682123 0.821192 0.7748346 0.8278145 0.7682121 0.8609271 0.7686164 0.8612709 0.7682121 0.8616486 0.1854304 0.3576158 0.1878893 0.3616309 0.1876181 0.3615732 0.7644535 0.653151 0.7615894 0.6545702 0.7672885 0.6490063 0.7682121 0.6563537 0.7682121 0.6603685 0.7663407 0.6612299 0.7086094 0.5835215 0.7019864 0.5886043 0.7019864 0.583429 0.1397441 0.3311257 0.1397385 0.3326927 0.1394516 0.3377482 0.7629836 0.8665234 0.7621033 0.8675495 0.7615896 0.8675495 0.768212 0.9470198 0.7615896 0.9536424 0.7615896 0.9470198 0.5536054 0.5528616 0.5496692 0.5502569 0.553655 0.5525861 0.205298 0.4834437 0.2113445 0.4834437 0.208522 0.484409 0.2210536 0.2855829 0.2232599 0.2913907 0.2185431 0.2913907 0.758198 0.8561431 0.7597497 0.858436 0.754967 0.8602622 0.754967 0.8741721 0.7553222 0.8807946 0.7549671 0.8807946 0.986755 0.7086089 0.9933775 0.6953639 0.9933775 0.7152314 0.7350993 0.8940396 0.7350993 0.9006623 0.7344036 0.8966962 0.7417219 0.9205297 0.7417219 0.9271522 0.7382499 0.9205297 0.190528 0.1418707 0.192053 0.1390728 0.1865859 0.1456953 0.7498005 0.8688323 0.7500079 0.8689571 0.7483446 0.8734345 0.7486854 0.9205297 0.7549671 0.9266461 0.7483446 0.9205297 0.7483444 0.5827813 0.7417217 0.5894038 0.7417217 0.5827813 0.2090488 0.517674 0.2119204 0.5175327 0.2119204 0.5178485 0.6245482 0.6584964 0.6229239 0.6556288 0.6249794 0.6582739 0.7443279 0.8748748 0.7464961 0.8762519 0.7417219 0.8800606 0.7417219 0.8940396 0.7423277 0.8940396 0.7420275 0.9006623 0.7417219 0.9006623 0.7420275 0.9006623 0.7417219 0.9009604 0.7417219 0.9072846 0.7431373 0.9079318 0.7417219 0.9076496 0.7391616 0.8904993 0.7417219 0.8874171 0.7417219 0.8940396 0.8079473 0.8013244 0.8110494 0.7977535 0.8139288 0.8013244 0.7379432 0.9139073 0.7350993 0.917794 0.7350993 0.9139073 0.8140668 0.8675496 0.8145697 0.8741721 0.8145697 0.8807946 0.192053 0.5223764 0.1924768 0.5195189 0.1986755 0.5224224 0.8172902 0.8535155 0.8203072 0.8543046 0.8145697 0.8543046 0.2559127 0.04431974 0.2516556 0.03973495 0.2566123 0.04183489 0.3112583 0.1324503 0.3112583 0.1456953 0.3046358 0.1390728 0.728477 0.9271522 0.7350993 0.9337747 0.7284769 0.9337747 0.7284769 0.9337747 0.7350993 0.9403973 0.728477 0.9403973 0.7735126 0.6622514 0.7713499 0.6588815 0.7682121 0.6559652 0.728477 0.5695363 0.7218542 0.5761588 0.7218541 0.5695363 0.728477 0.5827813 0.7218542 0.5761588 0.735099 0.5761588 0.2980132 0.07947015 0.2913907 0.08609271 0.2847682 0.09172058 0.4566135 0.5140838 0.4482784 0.5165563 0.4503312 0.5111331 0.727764 0.9279407 0.7269265 0.9337747 0.7252348 0.9271523 0.7218541 0.5695363 0.7152317 0.5761588 0.7152317 0.5695363 0.2261459 0.5028434 0.2343833 0.5033112 0.231788 0.5099338 0.2251655 0.01986742 0.231788 0.02649003 0.2251655 0.02649003 0.7427636 0.8920438 0.7483446 0.887825 0.7431501 0.8922653 0.3956686 0.5618277 0.3907285 0.5629138 0.3907285 0.5616381 0.7145848 0.9403973 0.710656 0.9456251 0.7094339 0.9431076 0.7549671 0.8815633 0.7586906 0.8839815 0.7549671 0.8844274 0.7086094 0.5695363 0.7019864 0.5629138 0.7086093 0.5629138 0.1911631 0.437086 0.1881368 0.4410946 0.1854304 0.437086 0.5231791 0.6092714 0.5165564 0.603487 0.5231791 0.6080951 0.6183329 0.8510721 0.6233031 0.8543044 0.6236096 0.8573077 0.6622515 0.5629138 0.6490066 0.5629138 0.6622515 0.5562914 0.728477 0.5964695 0.7280315 0.5960263 0.7417217 0.5894038 0.7549668 0.5761588 0.7417217 0.5695363 0.7615893 0.5562914 0.2308194 0.230117 0.2277551 0.2306964 0.2304807 0.230179 0.6953642 0.5562914 0.6887416 0.5629138 0.6887416 0.5562914 0.8174381 0.8615166 0.8205932 0.8675495 0.8145697 0.8675495 0.6158943 0.7152314 0.622926 0.7152314 0.6225168 0.715667 0.2377004 0.1540336 0.2325904 0.1523178 0.2349815 0.152777 0.8543048 0.8278145 0.8609274 0.834437 0.8543047 0.8741721 0.184997 0.5165563 0.1788079 0.510802 0.1792629 0.5106736 0.6821191 0.5496688 0.6754965 0.5562914 0.6754965 0.5496688 0.7355715 0.8807946 0.7417219 0.8731824 0.7364326 0.8794043 0.6762599 0.9271523 0.6754968 0.926362 0.6782981 0.9263816 0.668874 0.5496688 0.6622515 0.5496688 0.668874 0.5430463 0.6754966 0.5702814 0.668874 0.5695363 0.6754966 0.5698906 0.8005381 0.7549666 0.800597 0.7508166 0.8009878 0.7483441 0.1456953 0.4437085 0.1456953 0.449538 0.1436818 0.4445667 0.1397441 0.3311257 0.1397663 0.3245033 0.1424513 0.3245033 0.986755 0.986755 0.9801324 0.9867549 0.9801325 0.9801325 0.4569537 0.5364238 0.4437087 0.5496688 0.4503312 0.5364238 0.3311257 0.01986742 0.3245033 0.02649003 0.3245033 0.01986742 0.7549671 0.9262552 0.7507737 0.9205297 0.7549671 0.9205297 0.1913233 0.3509933 0.1879423 0.3533546 0.1854304 0.3509933 0.5912058 0.7491638 0.5894043 0.7493158 0.5894043 0.7489383 0.3455257 0.5136212 0.3509933 0.5105535 0.3509933 0.5165563 0.5496693 0.6151212 0.5496693 0.6092713 0.5547649 0.6121194 0.2719287 0.1110746 0.2770938 0.1059603 0.2721475 0.1112871 0.2847682 0.1721854 0.2781457 0.1788079 0.2781457 0.1721854 0.8020438 0.7814568 0.8013247 0.7880793 0.8013246 0.7748342 0.5700218 0.6181648 0.5695363 0.6181901 0.5695363 0.6158939 0.1703054 0.5112167 0.170114 0.5114212 0.1663418 0.5099338 0.4610459 0.593181 0.4627743 0.5894038 0.4635764 0.5894038 0.1324503 0.5298013 0.1456953 0.5430463 0.1390728 0.5364238 0.5936833 0.5577616 0.589404 0.5562914 0.5937438 0.5574837 0.5470203 0.6092713 0.5470915 0.6086842 0.5496693 0.6087395 0.2789865 0.09504145 0.2793978 0.09555941 0.2781457 0.0976125 0.2485046 0.5261538 0.2516556 0.5239105 0.2524462 0.5298013 0.4645631 0.5214622 0.4649587 0.5181189 0.4652005 0.5178498 0.6782981 0.9263816 0.6804049 0.9247974 0.6785039 0.9262267 0.2582782 0.5165563 0.2715231 0.5231788 0.2582782 0.5231788 0.1881368 0.4410946 0.1913259 0.4437085 0.1854304 0.4437085 0.773765 0.8609271 0.7711089 0.8617481 0.7686356 0.8609271 0.5562916 0.6026488 0.5551859 0.6092713 0.5496693 0.6087395 0.5547189 0.61244 0.5543351 0.6151053 0.5496693 0.6151212 0.2110745 0.4926667 0.209176 0.4942377 0.2119204 0.4919745 0.546685 0.6120143 0.5466443 0.6123468 0.5430464 0.6151205 0.986755 0.9933775 0.9801325 0.9933775 0.9801324 0.9867549 0.2126576 0.3046357 0.2156226 0.3007515 0.2178891 0.3046357 0.6953643 0.5827813 0.7011798 0.5855711 0.7019864 0.5886043 0.5386019 0.612058 0.5385669 0.6123836 0.5364239 0.6150624 0.3377484 0.0927152 0.3377484 0.1059603 0.3311258 0.09933775 0.8104623 0.7894177 0.8136312 0.7947018 0.8079473 0.7947018 0.6014604 0.559748 0.5960264 0.5569142 0.6015254 0.5594502 0.5298016 0.6092714 0.5302869 0.6117773 0.5298016 0.614573 0.3112583 0.1258278 0.3178808 0.1192052 0.3178808 0.1324503 0.2829571 0.0927152 0.2781457 0.0927152 0.2847682 0.09172058 0.5165564 0.6026487 0.5159828 0.6034382 0.509934 0.6026487 0.1368889 0.3805289 0.1366262 0.3805348 0.1344501 0.3724969 0.509934 0.5960263 0.5082092 0.6026487 0.5033112 0.6020047 0.4437087 0.510663 0.4437087 0.5099338 0.448683 0.5106766 0.4992191 0.6053226 0.4991428 0.605622 0.4966889 0.6078907 0.4900662 0.4900662 0.4834438 0.4966887 0.4834438 0.4900662 0.4834438 0.5231787 0.4900662 0.5298013 0.4834438 0.5298013 0.7549671 0.8815633 0.7553769 0.8811299 0.7586906 0.8839815 0.4834438 0.4900662 0.4768212 0.4966887 0.4768213 0.4900662 0.4834438 0.5033112 0.4768212 0.5099338 0.4768212 0.5033112 0.1904026 0.4304635 0.187862 0.4329562 0.1854304 0.4304635 0.3178808 0.5562914 0.3112583 0.5496688 0.3178808 0.5496688 0.7417219 0.9012571 0.7462593 0.9022037 0.7417219 0.9072846 0.758198 0.8561431 0.754967 0.8543046 0.7571583 0.8543046 0.4635764 0.5165563 0.4652005 0.5178498 0.4635764 0.5176387 0.1879423 0.3533546 0.1854304 0.3576158 0.1854304 0.3509933 0.4635764 0.5231788 0.4569537 0.5298013 0.4569537 0.5231788 0.4635764 0.5298013 0.4569537 0.5364238 0.4569537 0.5298013 0.4635764 0.5364238 0.4569537 0.5430463 0.4569537 0.5364238 0.216848 0.519874 0.2119204 0.5178485 0.2119204 0.5175327 0.4768213 0.5384615 0.4768212 0.5298013 0.4834437 0.536781 0.4569537 0.5298013 0.4503312 0.5364238 0.4503312 0.5298013 0.7947021 0.9470198 0.7887263 0.9337747 0.7947021 0.938839 0.7549671 0.9262552 0.7565741 0.9267728 0.7549671 0.9266461 0.4105961 0.5687573 0.4105961 0.5629138 0.4121531 0.5633675 0.562914 0.6092713 0.563331 0.6100127 0.562914 0.6098582 0.2251654 0.03451645 0.231788 0.03973495 0.2251655 0.03973495 0.5894041 0.5761588 0.6026491 0.5695363 0.615894 0.5827813 0.8072207 0.7682116 0.8069955 0.7657923 0.8069567 0.7615891 0.4172186 0.5099338 0.4238411 0.5165563 0.4172186 0.5165563 0.4039735 0.5173087 0.4015374 0.5169239 0.4039735 0.5169182 0.4178925 0.5720077 0.4172185 0.5742347 0.4172185 0.5695363 0.1845688 0.1589403 0.1860288 0.1523178 0.1854304 0.1721854 0.2715231 0.5291998 0.2715231 0.5298013 0.2649007 0.5298013 0.9403974 0.7483441 0.933775 0.7417215 0.9536424 0.7284765 0.4039735 0.5165563 0.4039735 0.5169182 0.4015374 0.5169239 0.4031535 0.5659137 0.4025605 0.5685587 0.3973511 0.5681673 0.231788 0.5029034 0.2265173 0.4998355 0.231788 0.4973914 0.5496692 0.5551421 0.5496692 0.5502569 0.5496692 0.5548358 0.3245034 0.1059603 0.3311258 0.1059603 0.3245034 0.1125828 0.3774835 0.5562914 0.3800805 0.55675 0.3774835 0.5568414 0.3717717 0.5591424 0.3717341 0.5594665 0.3708609 0.562151 0.3708609 0.5562914 0.3642385 0.5621308 0.3642385 0.5562914 0.8172902 0.8535155 0.8139868 0.8537235 0.8145697 0.8476821 0.1847969 0.4039734 0.1821635 0.4093084 0.1797164 0.4039735 0.1538096 0.4900662 0.1571797 0.4910501 0.1569422 0.4911367 0.2847682 0.03311246 0.2781457 0.02649003 0.2913907 0.02649003 0.2403694 0.5258921 0.2384105 0.5289616 0.2384105 0.5231788 0.7597497 0.858436 0.7615896 0.8588406 0.7615896 0.859098 0.3046359 0.5231788 0.3178808 0.5298013 0.2980132 0.5298013 0.4541122 0.588904 0.4573597 0.5894038 0.4569537 0.5894038 0.2251655 0.2847682 0.2251655 0.2649006 0.2384105 0.2980132 0.3377484 0.0927152 0.3311258 0.09933775 0.3311258 0.0927152 0.3311258 0.09933775 0.3377484 0.1059603 0.3311258 0.1059603 0.7576231 0.872299 0.757386 0.8720599 0.7615896 0.868445 0.8176857 0.9015095 0.8205525 0.9072846 0.815416 0.9072846 0.3245033 0 0.3311257 0.006622493 0.3245033 0.006622493 0.3245033 0.006622493 0.3311257 0.01324486 0.3245033 0.01324486 0.3245033 0.01324486 0.3311257 0.01986742 0.3245033 0.01986742 0.3311257 0.02649003 0.3245033 0.03311246 0.3245033 0.02649003 0.3311257 0.03311246 0.3245033 0.03973495 0.3245033 0.03311246 0.7462593 0.9022037 0.7472997 0.9006623 0.7466281 0.9022813 0.2980132 0.1523178 0.3046358 0.1523178 0.2980132 0.1589403 0.3178808 0 0.3245033 0.006622493 0.3178808 0.006622493 0.3178808 0.006622493 0.3245033 0.006622493 0.3245033 0.01324486 0.3178808 0.01324486 0.3245033 0.01986742 0.3178808 0.01986742 0.3245033 0.02649003 0.3178808 0.03311246 0.3178808 0.02649003 0.3245033 0.03311246 0.3178808 0.03973495 0.3178808 0.03311246 0.3245033 0.03973495 0.3178808 0.04635757 0.3178808 0.03973495 0.3245033 0.04635757 0.3178808 0.05298012 0.3178808 0.04635757 0.3245033 0.05960249 0.3178808 0.05298012 0.3245033 0.04635757 0.3245033 0.05960249 0.3178808 0.06622517 0.3178808 0.05960249 0.3245033 0.06622517 0.3178808 0.07284766 0.3178808 0.06622517 0.2185431 0.5278061 0.2241824 0.5255011 0.2237583 0.5284164 0.3178808 0.08609271 0.3245034 0.0927152 0.3178808 0.0927152 0.3178808 0.0927152 0.3245034 0.09933775 0.3178808 0.09933775 0.3245034 0.09933775 0.3178808 0.1059603 0.3178808 0.09933775 0.3178808 0.1125828 0.3245034 0.1192052 0.3178808 0.1192052 0.3105908 0.5430463 0.3046359 0.5430463 0.3046359 0.5416127 0.3178808 0.5430463 0.318645 0.5434982 0.3178808 0.5462315 0.2913907 0.1655629 0.2847682 0.1655629 0.2913907 0.1589403 0.3112582 0.01324486 0.3178808 0.01986742 0.3112582 0.01986742 0.3178808 0.01986742 0.3112582 0.02649003 0.3112582 0.01986742 0.3178808 0.02649003 0.3112582 0.03311246 0.3112582 0.02649003 0.3178808 0.03311246 0.3112582 0.03973495 0.3112582 0.03311246 0.3178808 0.03973495 0.3112582 0.04635757 0.3112582 0.03973495 0.5994082 0.6286092 0.5990908 0.6291388 0.5960264 0.6285674 0.3112583 0.1258278 0.3178808 0.1324503 0.3112583 0.1324503 0.1397663 0.3245033 0.1448661 0.3245032 0.1424513 0.3245033 0.3046357 0 0.3112582 0.006622493 0.3046357 0.006622493 0.3112582 0.006622493 0.3046357 0.01324486 0.3046357 0.006622493 0.3112582 0.01324486 0.3046357 0.01986742 0.3046357 0.01324486 0.2185431 0.2913907 0.219551 0.2934138 0.2185431 0.293226 0.1854304 0.4437085 0.1889703 0.4492815 0.1886894 0.4493683 0.3046358 0.05332386 0.3178808 0.04635757 0.3112582 0.05611753 0.1390728 0.2649006 0.1419277 0.2687613 0.1404333 0.2765691 0.3112583 0.1125828 0.3046358 0.1192052 0.3046358 0.1125828 0.3046358 0.1456953 0.3112583 0.1523178 0.3046358 0.1523178 0.615894 0.5570416 0.6225167 0.5573347 0.617557 0.5598353 0.2649006 0.4981126 0.2671874 0.498252 0.2715231 0.4985361 0.2251656 0.4900662 0.2207441 0.4927406 0.2119204 0.4900662 0.3046357 0 0.2980132 0.006622493 0.2980132 0 0.3046357 0.006622493 0.2980132 0.01324486 0.2980132 0.006622493 0.9668875 0.7086089 0.960265 0.7086089 0.960265 0.6754963 0.2871314 0.05298012 0.2879579 0.05008924 0.2913907 0.04790443 0.30366 0.05298012 0.2980132 0.05329519 0.2980132 0.05298012 0.2913907 0.09933775 0.2980132 0.1059603 0.2913907 0.1059603 0.7615895 0.721854 0.754967 0.735099 0.754967 0.721854 0.3046358 0.1192052 0.2980132 0.1258278 0.2980132 0.1192052 0.6406014 0.5662697 0.6423841 0.5695363 0.6405309 0.5665867 0.4477479 0.5827813 0.4493063 0.5799236 0.4490763 0.5804368 0.9933775 0.6953639 0.986755 0.6953639 0.9867551 0.6556288 0.2952823 0.0537765 0.2952021 0.05406212 0.2943859 0.05687445 0.671753 0.5733344 0.668874 0.5701578 0.6754966 0.5702814 0.4039735 0.5231788 0.4039735 0.5173087 0.4092462 0.5201085 0.2980132 0.1258278 0.2913907 0.1324503 0.2913907 0.1258278 0.2980132 0.1324503 0.2913907 0.1390728 0.2913907 0.1324503 0.2913907 0.1589403 0.2980132 0.1655629 0.2913907 0.1655629 0.2847682 0.05298012 0.2871314 0.05298012 0.2847682 0.05360198 0.2847682 0.1059603 0.2913907 0.1125828 0.2847682 0.1125828 0.7417219 0.8741721 0.7443279 0.8748748 0.7417219 0.8800606 0.2913907 0.1456953 0.2847682 0.1523178 0.2847682 0.1456953 0.2913907 0.1523178 0.2847682 0.1589403 0.2847682 0.1523178 0.2913907 0.1589403 0.2847682 0.1655629 0.2847682 0.1589403 0.2847682 0.1721854 0.2913907 0.1788079 0.2847682 0.1788079 0.2119206 0.3178808 0.217103 0.3245033 0.2119206 0.3245033 0.2781457 0.04635757 0.2803577 0.04689437 0.2781457 0.04682642 0.2824177 0.09933775 0.2781457 0.1049165 0.2781457 0.09933775 0.2781457 0.1059603 0.2847682 0.1125828 0.2781457 0.1125828 0.2781457 0.1125828 0.2847682 0.1192052 0.2781457 0.1192052 0.9271525 0.7417215 0.9205299 0.7417215 0.9271525 0.735099 0.2847682 0.1655629 0.2781457 0.1721854 0.2781457 0.1655629 0.2781457 0.5298013 0.2805706 0.5307332 0.2781457 0.5302199 0.1829914 0.1473275 0.179598 0.1523178 0.1827049 0.1472073 0.820009 0.8476821 0.8172902 0.8535155 0.8145697 0.8476821 0.2770938 0.1059603 0.2715231 0.1106824 0.2715232 0.1059603 0.9470198 0.9933775 0.9470198 0.9867549 0.9536424 0.9867549 0.9801324 0.9867549 0.9735099 0.9867549 0.9735099 0.9801325 0.2715231 0.1986754 0.2781457 0.205298 0.2715231 0.205298 0.2781456 0.4635761 0.2715231 0.4701986 0.2715231 0.4635761 0.2781457 0.5364238 0.2715231 0.5430463 0.2715231 0.5364238 0.8173756 0.8775151 0.8204645 0.8807945 0.8145697 0.8807946 0.2649007 0.1059603 0.2672684 0.1059603 0.2672743 0.1064431 0.2649007 0.118233 0.2707128 0.1125828 0.2715231 0.1192052 0.2715231 0.1788079 0.2649007 0.1854304 0.2649007 0.1788079 0.2715231 0.245033 0.2649006 0.2516556 0.2649006 0.245033 0.2649006 0.2649006 0.2715231 0.2715231 0.2649006 0.2715231 0.2595465 0.1211038 0.2593564 0.1209472 0.2582781 0.1200597 0.2582781 0.1258278 0.2649007 0.1324503 0.2582781 0.1324503 0.6572077 0.9072846 0.6595079 0.9104797 0.6622517 0.9135041 0.2649007 0.1854304 0.2582781 0.1920529 0.2582781 0.1854304 0.2649006 0.2119204 0.2582781 0.2185429 0.2582781 0.2119204 0.2649006 0.2185429 0.2582781 0.2251655 0.2582781 0.2185429 0.4493063 0.5799236 0.4635764 0.5894038 0.4569537 0.5827813 0.2649006 0.231788 0.2582781 0.2384105 0.2582781 0.231788 0.3561458 0.5562914 0.3562664 0.555617 0.3642385 0.5557289 0.6944373 0.9426954 0.6895646 0.9403973 0.6953645 0.9403973 0.7748345 0.6762202 0.780431 0.6814566 0.7776747 0.6825014 0.1456953 0.2930916 0.1426213 0.292815 0.1399126 0.2913907 0.2539814 0.1267223 0.2558469 0.1281746 0.2516556 0.1317163 0.2582781 0.1986754 0.2516556 0.205298 0.2516556 0.1986754 0.7086093 0.5562914 0.7086093 0.5629138 0.7019864 0.5629138 0.2582781 0.231788 0.2516556 0.2384105 0.2516556 0.231788 0.4172186 0.5165563 0.4172186 0.5170811 0.410596 0.5169261 0.2582782 0.4569536 0.2516556 0.4635761 0.2516556 0.4569536 0.5839131 0.7535734 0.5861176 0.7549666 0.5841789 0.7538012 0.2724564 0.5298013 0.2781457 0.5298013 0.2781457 0.5302199 0.5839131 0.7535734 0.5832797 0.7615891 0.5827814 0.7549666 0.1721854 0.0927152 0.1788079 0.08609271 0.2124872 0.09019762 0.2507818 0.5005191 0.245033 0.49744 0.2508213 0.500187 0.245033 0.03973495 0.2489796 0.03973495 0.245033 0.04033219 0.3245034 0.5496688 0.3186631 0.5496688 0.318645 0.5434982 0.3377484 0.5298013 0.3443709 0.5298013 0.3377484 0.5364238 0.821192 0.5960263 0.8013247 0.6225163 0.7880797 0.5894038 0.245033 0.3311257 0.2516556 0.3377482 0.245033 0.3377482 0.0927152 0.1390728 0.08609271 0.1192052 0.09933775 0.1125828 0.240703 0.1466463 0.2429016 0.1478319 0.2384105 0.1515871 0.2384105 0.3377482 0.245033 0.3443708 0.2384105 0.3443708 0.2516556 0.4768211 0.2516556 0.4834437 0.245033 0.4768211 0.4701987 0.5364238 0.4701987 0.5403342 0.4649573 0.5364238 0.245033 0.4701986 0.231788 0.4569536 0.2516556 0.4635761 0.4304636 0.5754415 0.4262343 0.5727066 0.4263574 0.572389 0.231788 0.5231788 0.2322726 0.5257655 0.231788 0.528653 0.6363347 0.6953639 0.6331636 0.6953639 0.6357616 0.6953639 0.2251655 0.1788079 0.2262032 0.1840296 0.2251655 0.183741 0.2251655 0.3973509 0.231788 0.4039735 0.2251655 0.4039735 0.231788 0.423841 0.2251655 0.4304635 0.2251655 0.423841 0.2516556 0.1258278 0.2539814 0.1267223 0.2516556 0.1317163 0.2185429 0.02649003 0.2251655 0.03311246 0.2185429 0.03311246 0.2179291 0.3172827 0.2179135 0.3178808 0.2151025 0.3167809 0.2245218 0.1986754 0.2216253 0.1993665 0.2212957 0.1993257 0.2427753 0.5001794 0.2384105 0.5033112 0.2384105 0.4974377 0.2239314 0.2847682 0.2213498 0.2856436 0.2210536 0.2855829 0.219551 0.2934138 0.2192898 0.2933651 0.2185431 0.293226 0.8675499 0.7947018 0.8543048 0.7682117 0.8874173 0.7748342 0.2251655 0.03311246 0.2233222 0.03476732 0.2185429 0.03311246 0.7379432 0.9139073 0.7382499 0.9205297 0.7350993 0.917794 0.2393743 0.1390728 0.2442535 0.1456953 0.2384105 0.1456953 0.3186631 0.5496688 0.3245033 0.5521883 0.3178808 0.5562914 0.4768213 0.4900662 0.4701987 0.4966887 0.4701987 0.4900662 0.2119204 0.04635757 0.2119204 0.03973495 0.2185429 0.04635757 0.6821192 0.5761588 0.6821191 0.571342 0.6878823 0.5761588 0.1721853 0.04635757 0.205298 0.01986742 0.1788079 0.04635757 0.2145192 0.3249 0.2167419 0.3253905 0.2119206 0.3303923 0.97351 0.9933775 0.9668874 0.9933775 0.9668873 0.9867549 0.2980132 0.542281 0.2956887 0.5364238 0.2980132 0.5364238 0.2980132 0.1523178 0.2913907 0.1589403 0.2913907 0.1523178 0.7468717 0.9139073 0.7427534 0.9172663 0.7423933 0.9139073 0.245033 0.5099338 0.2516556 0.5165563 0.245033 0.5165563 0.2980132 0.5231788 0.2980132 0.5298013 0.2913907 0.5231788 0.6003251 0.7477914 0.5968068 0.7483441 0.6001434 0.7475688 0.1899247 0.423841 0.1875826 0.4249715 0.1854304 0.423841 0.754967 0.8675495 0.7615896 0.8680464 0.757386 0.8720599 0.5960264 0.7490229 0.5933181 0.7518703 0.5930913 0.7515839 0.2913907 0.09196799 0.2940848 0.08864903 0.2942633 0.08894872 0.7086094 0.5894038 0.7218542 0.590306 0.7225554 0.5960263 0.1794885 0.1589403 0.1822659 0.1557448 0.1842504 0.1589403 0.8205805 0.9139074 0.8180911 0.9174615 0.8156796 0.9139073 0.7615896 0.8741721 0.7615896 0.868445 0.7682121 0.8707132 0.1913259 0.4437085 0.1911631 0.437086 0.1986755 0.423841 0.2006544 0.519559 0.2005974 0.5198718 0.1986755 0.5224224 0.626784 0.7096135 0.629139 0.7086089 0.629139 0.7105144 0.192053 0.3178808 0.1986755 0.3245033 0.192053 0.3245033 0.3178808 0.5462315 0.318645 0.5434982 0.3186631 0.5496688 0.1899794 0.3642383 0.1854304 0.3693591 0.1854304 0.3642383 0.192053 0.519727 0.192053 0.5223764 0.1854304 0.5218501 0.7562038 0.8741721 0.7558268 0.8741721 0.7576231 0.872299 0.2649006 0.245033 0.2649006 0.231788 0.2649006 0.2384105 0.7271012 0.9116525 0.7305519 0.9115929 0.7284769 0.9139073 0.3393266 0.5496688 0.3377484 0.5496688 0.3377484 0.5492091 0.3443709 0.5106527 0.3455257 0.5136212 0.3443709 0.5162414 0.3708609 0.5430463 0.384106 0.5430463 0.3774835 0.5496688 0.3178808 0.06622517 0.3163139 0.06580448 0.3112583 0.0602892 0.7350993 0.9139073 0.7332522 0.9139073 0.7332894 0.911458 0.3311257 0.5430463 0.3311257 0.5364238 0.3377484 0.5364238 0.2847682 0.0927152 0.2913907 0.09196799 0.2847682 0.09857487 0.7335496 0.904146 0.7350993 0.9026067 0.7350993 0.9072846 0.2516556 0.4974386 0.2507818 0.5005191 0.2508213 0.500187 0.2566517 0.5266729 0.2557381 0.5298013 0.2516556 0.5239105 0.8171224 0.84549 0.820009 0.8476821 0.8145697 0.8476821 0.8073291 0.7814568 0.8054598 0.7825278 0.8023751 0.7814568 0.1456953 0.3112582 0.1456953 0.3046357 0.1456953 0.3011623 0.2980132 0.5364238 0.3030605 0.5396734 0.2980132 0.542281 0.1931807 0.5165563 0.192053 0.519727 0.192053 0.5165563 1 0.9867549 0.9933775 0.9867549 0.9933776 0.9801325 0.3245034 0.5231788 0.3377484 0.5298013 0.3178808 0.5298013 0.7517765 0.8604357 0.7535562 0.8675495 0.7483445 0.8609271 0.9801325 0.9933775 0.97351 0.9933775 0.9735099 0.9867549 0.2913907 0.05298012 0.2955044 0.05298012 0.2943859 0.05687445 0.561707 0.5533282 0.5562914 0.5503212 0.5617652 0.5530129 0.4348339 0.572798 0.4370862 0.5761588 0.4337296 0.5754216 0.1679779 0.1930289 0.1705026 0.1939232 0.1655628 0.1927704 0.2192594 0.2690394 0.2214667 0.2614421 0.219743 0.2649006 0.1523179 0.4588513 0.1491717 0.4597981 0.1464756 0.4569536 0.5430465 0.6092713 0.546685 0.6120143 0.5430464 0.6151205 0.97351 0.6622514 0.9668873 0.6688739 0.9668873 0.6622514 0.2185429 0.1721854 0.2200044 0.1854304 0.2190209 0.1920529 0.6296574 0.8543044 0.629139 0.8543044 0.6225168 0.8476821 0.553655 0.5525861 0.5496692 0.5502569 0.5562914 0.5503212 0.728477 0.9205297 0.728477 0.9271522 0.7280589 0.9271522 0.3311258 0.0927152 0.3245034 0.0927152 0.3245034 0.08609271 0.7225554 0.5960263 0.728477 0.5964695 0.7276889 0.602157 0.7012495 0.5827813 0.7011798 0.5855711 0.6953643 0.5827813 0.1788079 0.05298012 0.1920529 0.07284766 0.1788079 0.07947015 0.1424513 0.3245033 0.1446195 0.3311257 0.1397441 0.3311257 0.3488376 0.55285 0.3443709 0.5508432 0.3443709 0.5505216 0.5964134 0.7483441 0.5979099 0.7447928 0.5982729 0.7452494 0.5968068 0.7483441 0.5982729 0.7452494 0.6001434 0.7475688 0.6001434 0.7475688 0.5982729 0.7452494 0.6003251 0.7477914 0.1709032 0.1771064 0.1688133 0.1763218 0.1711348 0.1771936 0.4304636 0.5165563 0.4254173 0.5188592 0.4252915 0.5185997 0.205298 0.5170252 0.1986755 0.5165563 0.1986755 0.5099338 0.231788 0.4973914 0.231788 0.4966887 0.2384105 0.4974377 0.6423844 0.6821188 0.7350991 0.6821188 0.7152321 0.7152314 0.5543351 0.6151053 0.5547189 0.61244 0.5547649 0.6121194 0.5165564 0.603487 0.5165564 0.6038092 0.5159828 0.6034382 0.736966 0.9072846 0.7417219 0.9009604 0.7417219 0.9012571 0.7483447 0.9201769 0.7427534 0.9172663 0.7483447 0.9198086 0.1824454 0.4092935 0.1847836 0.4091703 0.1848118 0.410596 0.1821635 0.4093084 0.1798285 0.4094304 0.1797164 0.4039735 0.2582781 0.04004001 0.2649006 0.04009145 0.2649006 0.04048132 0.2781457 0.5038953 0.2781457 0.503593 0.2825371 0.5039227 0.2781457 0.5084163 0.2817953 0.5086664 0.2781457 0.5087187 0.144591 0.410596 0.1450012 0.4172185 0.1423365 0.4123416 0.1691222 0.1848874 0.1694365 0.1849957 0.1665732 0.1840042 0.1938363 0.4560202 0.192053 0.4510669 0.1940798 0.4559302 0.1938363 0.4560202 0.1940798 0.4559302 0.1974281 0.4569535 0.735099 0.5761588 0.728477 0.5695363 0.7417217 0.5695363 0.1420142 0.3327737 0.1397385 0.3326927 0.1397441 0.3311257 0.1420142 0.3327737 0.1422888 0.3327834 0.1397385 0.3326927 0.8145697 0.8543046 0.8139868 0.8537235 0.8145697 0.8536872 0.2913907 0.05298012 0.2847682 0.05360198 0.2871314 0.05298012 0.2425268 0.1383448 0.2393743 0.1390728 0.2423171 0.1382248 0.2423171 0.1382248 0.2404408 0.1371393 0.245033 0.1383441 0.245033 0.1324503 0.2404408 0.1371393 0.2444375 0.1324503 0.2404408 0.1371393 0.2401413 0.1369632 0.2444375 0.1324503 0.2847682 0.04669743 0.2887481 0.04729181 0.2886521 0.04763329 0.2878715 0.05039209 0.2871314 0.05298012 0.2847682 0.05298012 0.2879579 0.05008924 0.2878715 0.05039209 0.2886521 0.04763329 0.6342628 0.8693934 0.634482 0.869234 0.6322084 0.8709009 0.1456953 0.2847682 0.1399126 0.2913907 0.1403282 0.2847682 0.141864 0.3405851 0.1396714 0.3404356 0.1397634 0.3377482 0.141864 0.3405851 0.1421286 0.3406031 0.1396714 0.3404356 0.1860288 0.1523178 0.1854304 0.148353 0.1854304 0.1456953 0.6566818 0.5675314 0.6572677 0.5651396 0.6615029 0.5695363 0.6556292 0.5642903 0.6572677 0.5651396 0.6566818 0.5675314 0.2715231 0.205298 0.2649006 0.2185429 0.2649006 0.2119204 0.2211138 0.2075507 0.2244473 0.2119204 0.2185429 0.2119204 0.3046359 0.5416127 0.3030605 0.5396734 0.3032898 0.5389816 0.190528 0.1418707 0.1876518 0.1406148 0.1862094 0.1390728 0.5074797 0.6055324 0.5082092 0.6026487 0.509934 0.6026487 0.5074006 0.6058511 0.5067485 0.6085069 0.5074797 0.6055324 0.2803577 0.04689437 0.2847682 0.04709094 0.2794857 0.04982167 0.5430465 0.6092713 0.5470915 0.6086842 0.5470203 0.6092713 0.8079473 0.8079469 0.811384 0.8138923 0.8110811 0.8139348 0.1192052 0.4768211 0.1324503 0.4172185 0.1390728 0.4966887 0.168224 0.1931161 0.1679779 0.1930289 0.1662594 0.1920529 0.8005979 0.7483441 0.7974926 0.7434834 0.8004741 0.7417215 0.5562916 0.6092713 0.5547649 0.6121194 0.5551859 0.6092713 0.6233031 0.8543044 0.6264266 0.8553386 0.6261159 0.8555559 0.7306028 0.9035318 0.7331747 0.9072847 0.7284769 0.9072846 0.7556826 0.8807946 0.7562038 0.8741721 0.7586906 0.8839815 0.6299189 0.6688738 0.6300969 0.6725024 0.6295195 0.6754963 0.2649007 0.1854304 0.2715231 0.1788079 0.2781457 0.1788079 0.6560019 0.5703323 0.6561929 0.5695363 0.6615029 0.5695363 0.4238411 0.5223919 0.4172185 0.5231788 0.4172186 0.5202187 0.8079473 0.8013244 0.811117 0.8058711 0.8107838 0.8059232 0.4238411 0.5168995 0.4172186 0.5165563 0.4238411 0.5165563 0.8156487 0.9251424 0.8182848 0.9250789 0.8159759 0.9251349 0.2404688 0.1465188 0.2442535 0.1456953 0.240703 0.1466463 0.546685 0.6120143 0.5470203 0.6092713 0.5496693 0.6092713 0.546307 0.6151006 0.5466443 0.6123468 0.546685 0.6120143 0.7105393 0.5838735 0.714875 0.5894038 0.7144882 0.5894038 0.2156226 0.3007515 0.2179177 0.3011581 0.2178891 0.3046357 0.538906 0.6092713 0.5470915 0.6086842 0.5430465 0.6092713 0.5861176 0.7549666 0.5855857 0.7549666 0.5841789 0.7538012 0.5855857 0.7549666 0.583554 0.7549665 0.5841789 0.7538012 0.2045404 0.3377482 0.1976746 0.3409388 0.2024009 0.3332095 0.7284769 0.9072846 0.7284769 0.9006623 0.7306028 0.9035318 0.3632857 0.5621519 0.3636723 0.559395 0.3637191 0.5590623 0.2980132 0.05878525 0.3026925 0.05668705 0.3019219 0.05960249 0.5930913 0.7515839 0.5933181 0.7518703 0.5912058 0.7491638 0.5912058 0.7491638 0.5894043 0.7489383 0.5909377 0.7488157 0.2781457 0.5302199 0.2805706 0.5307332 0.2804362 0.531219 0.3245034 0.07947015 0.3178808 0.07947015 0.3178808 0.07284766 0.2913907 0.1721854 0.2847682 0.1721854 0.2913907 0.1655629 0.5861176 0.7549666 0.5863258 0.7555958 0.5855857 0.7549666 0.2781457 0.04682642 0.2794857 0.04982167 0.2781457 0.05227082 0.2167587 0.5205456 0.2185431 0.5220263 0.2185431 0.5231788 0.2794857 0.04982167 0.2795758 0.04951661 0.2803577 0.04689437 0.4238411 0.4966887 0.4503312 0.4966887 0.4437087 0.5033112 0.6225167 0.8535116 0.6211028 0.8492048 0.6225168 0.8482593 0.9602648 0.9801325 0.9536424 0.9801326 0.9602649 0.9735099 0.6208766 0.8493565 0.6211028 0.8492048 0.6187096 0.8508166 0.205298 0.5173668 0.2090488 0.517674 0.2119204 0.5178485 0.8179914 0.9014879 0.820525 0.9013081 0.8205525 0.9072846 0.8176857 0.9015095 0.8150939 0.901693 0.8150536 0.9006623 0.2246489 0.2384105 0.2251655 0.231788 0.2305279 0.231788 0.7549671 0.8811764 0.7489963 0.8860813 0.7483446 0.8874171 0.5964134 0.7483441 0.5982729 0.7452494 0.5968068 0.7483441 0.245033 0.1523178 0.23811 0.1523178 0.2432785 0.1480327 0.5835814 0.7638814 0.5827815 0.7637463 0.5838491 0.7639269 0.6868647 0.5784884 0.6858534 0.5815325 0.6821192 0.5761588 0.1986755 0.5099338 0.192053 0.5159733 0.1854304 0.5099338 0.4985355 0.6080659 0.4991428 0.605622 0.4992191 0.6053226 0.6324445 0.6634673 0.6344839 0.6622514 0.6346248 0.6626742 0.3509933 0.5553236 0.3562664 0.555617 0.3509933 0.5562914 0.3509933 0.5562914 0.3562664 0.555617 0.3561458 0.5562914 0.2715231 0.5298013 0.2725778 0.5293348 0.2724564 0.5298013 0.8181824 0.9094957 0.8205675 0.9093201 0.8205805 0.9139074 0.9668874 0.7284765 0.9536424 0.721854 0.960265 0.7152314 0.8178947 0.909517 0.8155159 0.9096925 0.815416 0.9072846 0.7423579 0.9006623 0.7423277 0.8940396 0.7472997 0.9006623 0.4768213 0.5420237 0.4818175 0.5430462 0.4768213 0.5423518 0.410596 0.5169261 0.4172186 0.5170811 0.4105961 0.5173165 0.4172186 0.5202187 0.4172185 0.5231788 0.410596 0.5231788 0.273428 0.04227018 0.2715231 0.04121708 0.2715231 0.04087543 0.2726659 0.04477113 0.2721906 0.04635757 0.2715231 0.04121708 0.2727414 0.04452008 0.273428 0.04227018 0.2776235 0.04635757 0.7417219 0.8874171 0.7417219 0.8807946 0.7483446 0.8874171 0.4039735 0.5622279 0.4039735 0.5629138 0.3973511 0.5629138 0.2001236 0.522482 0.2005974 0.5198718 0.2006544 0.519559 0.7417218 0.6158939 0.7417218 0.6099273 0.7476935 0.6158939 0.5382794 0.6150799 0.5385669 0.6123836 0.5386019 0.612058 0.1595718 0.205298 0.1605001 0.1986754 0.162833 0.1996281 0.162833 0.1996281 0.1605001 0.1986754 0.1631209 0.1997269 0.5562915 0.5554032 0.553655 0.5525861 0.5562914 0.5503212 0.6129637 0.8353924 0.6132719 0.8351917 0.6104694 0.8369997 0.8209046 0.9092951 0.8206956 0.9172953 0.8205805 0.9139074 0.6321816 0.6635649 0.6299374 0.6644208 0.629785 0.6622514 0.6321816 0.6635649 0.6324445 0.6634673 0.6299374 0.6644208 0.2251655 0.02649003 0.2251655 0.03311246 0.2185429 0.02649003 0.2715231 0.5325922 0.2716997 0.5325698 0.2715231 0.533204 0.2174568 0.08399325 0.2153716 0.08261787 0.2176793 0.08414077 0.7269265 0.9337747 0.7253341 0.9363707 0.7234682 0.9349347 0.8158241 0.9176083 0.8180911 0.9174615 0.8158565 0.9205297 0.4687869 0.5259021 0.4662049 0.5316933 0.4684504 0.5231788 0.2781457 0.05263066 0.2719279 0.04721516 0.2781457 0.05227082 0.2776235 0.04635757 0.2781457 0.05227082 0.2721906 0.04635757 0.2721906 0.04635757 0.2719279 0.04721516 0.2715231 0.04635757 0.2174382 0.3245033 0.2170782 0.3254688 0.2167419 0.3253905 0.2174382 0.3245033 0.2167419 0.3253905 0.217103 0.3245033 0.217103 0.3245033 0.2145192 0.3249 0.2142608 0.3248449 0.6225167 0.5298013 0.6490066 0.5364238 0.6092718 0.5364238 0.4262343 0.5727066 0.4251914 0.5753766 0.4263574 0.572389 0.6295195 0.6754963 0.6300969 0.6725024 0.6299118 0.6754963 0.633152 0.671746 0.6299189 0.6688738 0.6357616 0.6688739 0.633152 0.671746 0.6328245 0.6718264 0.6300969 0.6725024 0.6158941 0.8468671 0.6153875 0.8432971 0.6158941 0.842965 0.6151852 0.8434295 0.6133692 0.8446194 0.610803 0.8410595 0.6151852 0.8434295 0.6153875 0.8432971 0.6133692 0.8446194 0.4922016 0.6012936 0.4917867 0.6026487 0.4922863 0.6010197 0.6754966 0.5702814 0.6754966 0.5698906 0.6807168 0.5711466 0.2152321 0.09217113 0.2149525 0.09196799 0.2124872 0.09019762 0.3797848 0.5594698 0.3878777 0.5590515 0.3797543 0.5597589 0.602649 0.5624161 0.6009263 0.5621902 0.6014604 0.559748 0.589404 0.5573936 0.5931066 0.5604835 0.5930078 0.560966 0.6648362 0.9164132 0.6754968 0.926362 0.6754968 0.9403973 0.586095 0.785645 0.5834848 0.7867497 0.5834116 0.7814567 0.586095 0.785645 0.5864033 0.7855126 0.5834848 0.7867497 0.2781457 0.04635757 0.2776235 0.04635757 0.273428 0.04227018 0.2654925 0.04054528 0.2656052 0.0401743 0.2649006 0.04350733 0.578775 0.5502516 0.5786977 0.5506222 0.5761591 0.5500283 0.5964135 0.8076069 0.598064 0.8067236 0.5982714 0.8066128 0.2490419 0.523555 0.2491024 0.5231788 0.2516556 0.5235627 0.6333293 0.6797378 0.6330104 0.6797693 0.6303741 0.680033 0.3487261 0.5533845 0.3509933 0.5553236 0.3509933 0.5562914 0.818208 0.9326716 0.8184874 0.9327718 0.8206253 0.9337746 0.6076773 0.8290892 0.6074532 0.82923 0.6053439 0.8305349 0.6275989 0.6569074 0.6233157 0.6556288 0.629139 0.6556288 0.6275989 0.6569074 0.6273563 0.6570348 0.6249794 0.6582739 0.1412903 0.3963106 0.1435847 0.3962225 0.1440834 0.3973509 0.1390728 0.396619 0.1410239 0.3963207 0.1412903 0.3963106 0.5304033 0.6092714 0.5305822 0.6084181 0.536424 0.6092714 0.619952 0.6434989 0.6216795 0.6405912 0.6225168 0.6423838 0.5871648 0.7940891 0.5894042 0.7947019 0.5858424 0.7947019 0.5858424 0.7947019 0.5868989 0.794213 0.5871648 0.7940891 0.6821194 0.9337747 0.6802844 0.9349491 0.6769255 0.9337747 0.2656052 0.0401743 0.2715231 0.04121708 0.2649006 0.04350733 0.231788 0.4768211 0.2185431 0.4834437 0.2251656 0.4635761 0.1368924 0.3724789 0.1366295 0.3724809 0.1344501 0.3724969 0.1798731 0.410596 0.1824454 0.4092935 0.1848118 0.410596 0.579944 0.7704526 0.5802217 0.7704375 0.5776446 0.7705708 0.633246 0.6874848 0.632929 0.6874663 0.6303047 0.68731 0.4172185 0.5676121 0.4192049 0.5681716 0.4172185 0.5695363 0.1422888 0.3327834 0.1446195 0.3311257 0.1448845 0.3328789 0.4635764 0.5176387 0.4635764 0.5179044 0.4623149 0.5165563 0.589404 0.5562914 0.5857072 0.5562914 0.5862312 0.5538804 0.6405309 0.5665867 0.6357614 0.563553 0.6406014 0.5662697 0.4834437 0.5953446 0.4856545 0.5960263 0.4834437 0.5960263 0.5298016 0.614573 0.5302869 0.6117773 0.5302749 0.6120818 0.231788 0.5364238 0.2384105 0.5298013 0.2516556 0.5298013 0.1854304 0.4334405 0.187862 0.4329562 0.1854304 0.437086 0.589404 0.5514258 0.5940056 0.5562914 0.589404 0.5562914 0.1589404 0.2185429 0.1589404 0.2151992 0.1622622 0.2161329 0.5960264 0.5565894 0.6020665 0.5569636 0.5960264 0.5569142 0.754967 0.6307552 0.7536723 0.6315193 0.754967 0.6298605 0.2071742 0.3293082 0.20687 0.3290651 0.2119206 0.3245033 0.7549669 0.6556288 0.7483445 0.6754963 0.7417218 0.6556288 0.1366262 0.3805348 0.1368889 0.3805289 0.1344479 0.3805854 0.5997955 0.8149362 0.5975434 0.8161574 0.5997912 0.8145695 0.4172185 0.5742347 0.4178925 0.5720077 0.4179843 0.5717343 0.5926391 0.8004197 0.5923799 0.8005493 0.5902 0.8013243 0.7571583 0.8543046 0.7563659 0.8527205 0.7592689 0.8543046 0.1456953 0.05298012 0.1721853 0.04635757 0.1655628 0.05960249 0.231788 0.03403782 0.2251654 0.03451645 0.2251655 0.03417319 0.4844611 0.5992912 0.4834437 0.6020557 0.4845789 0.5989627 0.1421865 0.4044894 0.1443338 0.4039735 0.144591 0.410596 0.1419277 0.4045229 0.1421865 0.4044894 0.1397773 0.4047968 0.5952785 0.5562914 0.5960264 0.5569142 0.5960264 0.5617697 0.7682121 0.8609271 0.7682121 0.8604832 0.7686356 0.8609271 0.8205991 0.9205297 0.8180911 0.9174615 0.818365 0.917444 0.6225168 0.6548139 0.621962 0.651083 0.6225168 0.650707 0.621962 0.651083 0.6225168 0.6490063 0.6225168 0.650707 0.9668874 0.7284765 0.9668875 0.7086089 0.97351 0.7086089 0.1945277 0.3483723 0.1979537 0.3443707 0.1986755 0.3435795 0.9933775 0.9602649 0.986755 0.9735099 0.9801325 0.9668874 0.1390728 0.3885004 0.1345414 0.3907284 0.136915 0.3885903 0.136915 0.3885903 0.1366555 0.3886011 0.1344777 0.3841059 0.1366555 0.3886011 0.136915 0.3885903 0.1345047 0.3886898 0.7272602 0.9337747 0.7280589 0.9271522 0.728477 0.9271522 0.139897 0.4304635 0.1429756 0.4283806 0.1456953 0.4304635 0.4620013 0.5165563 0.4569537 0.5140851 0.4569537 0.5114575 0.7414016 0.8807946 0.7417219 0.8807946 0.7413067 0.8824555 0.1423365 0.4123416 0.1420564 0.412375 0.1397334 0.410596 0.1397334 0.410596 0.1393918 0.4126911 0.1394085 0.410596 0.1420564 0.412375 0.1423365 0.4123416 0.1397251 0.4126518 0.6169622 0.6447988 0.6212677 0.6407195 0.619952 0.6434989 0.6548293 0.8940396 0.6534192 0.8950885 0.6498552 0.8940396 0.1729366 0.1721854 0.175915 0.1704133 0.1784753 0.1721854 0.3406099 0.5530871 0.3399416 0.5555577 0.340689 0.5527938 0.1715141 0.5099338 0.1721854 0.5088279 0.1721854 0.5099338 0.6233161 0.7152314 0.622926 0.7152314 0.6241419 0.7086089 0.1854304 0.5165563 0.192053 0.5159733 0.192053 0.5165563 0.2582782 0.5281988 0.2643586 0.5288949 0.2582782 0.5298013 0.2582782 0.5298013 0.2643586 0.5288949 0.2641457 0.5298013 0.1532317 0.2251655 0.1536642 0.221679 0.1561148 0.2224227 0.1561148 0.2224227 0.1536642 0.221679 0.1564164 0.2225145 0.1532317 0.2251655 0.1528491 0.2251655 0.1536642 0.221679 0.7292115 0.6001896 0.728477 0.5964695 0.7293872 0.599957 0.192053 0.3443708 0.1854304 0.3509933 0.1788079 0.3311257 0.6316109 0.7030285 0.6295509 0.7023827 0.6318709 0.70311 0.4966888 0.4900662 0.4900662 0.4966887 0.4900662 0.4900662 0.2645713 0.04353564 0.2636816 0.04635757 0.2582781 0.04551512 0.4635764 0.5179044 0.4652005 0.5178498 0.4649587 0.5181189 0.7093886 0.5868184 0.7092875 0.5870857 0.7086094 0.5835215 0.4105961 0.5687573 0.411323 0.5661919 0.4112409 0.5664793 0.4113903 0.5695363 0.4105961 0.5687573 0.4112409 0.5664793 0.4172185 0.5695363 0.4121531 0.5633675 0.4172185 0.5676121 0.245033 0.5294158 0.2403064 0.5262219 0.2397835 0.5289539 0.170114 0.5114212 0.1703054 0.5112167 0.1683619 0.5133321 0.4304636 0.5165563 0.4242799 0.5165563 0.4304636 0.5117195 0.7682121 0.8543046 0.7682121 0.8476821 0.7748346 0.8476821 0.9602647 0.9867549 0.9536424 0.9867549 0.9602648 0.9801325 0.245033 0.5099338 0.2582782 0.5099338 0.2516556 0.5165563 0.2817348 0.09848743 0.2781457 0.09933775 0.2815377 0.0982415 0.2847682 0.09857487 0.2839865 0.09933775 0.2815377 0.0982415 0.2847682 0.0927152 0.2793978 0.09555941 0.2829571 0.0927152 0.2303691 0.25498 0.2251655 0.2649006 0.2248054 0.2781457 0.9536423 0.6026488 0.986755 0.5827813 0.9933773 0.5894038 0.727764 0.9279407 0.7272602 0.9337747 0.7269265 0.9337747 0.1423482 0.4203779 0.142656 0.4203335 0.1397824 0.4207469 0.4011694 0.5203416 0.4012045 0.5200154 0.4039735 0.5173087 0.3973511 0.5172786 0.401496 0.5173075 0.4012045 0.5200154 0.3296888 0.5120176 0.329365 0.5143702 0.3245034 0.5099338 0.2629188 0.5348767 0.2634963 0.5325 0.2635662 0.532209 0.1435847 0.3962225 0.1410239 0.3963207 0.1390728 0.3907284 0.1586105 0.231788 0.1586307 0.2313399 0.1589403 0.231788 0.152318 0.4759314 0.1541157 0.4750306 0.1543818 0.4749405 0.2649006 0.03311246 0.2649006 0.02649003 0.2715231 0.03311246 0.2278712 0.1760641 0.2251655 0.1751553 0.2254869 0.1721854 0.5966182 0.6291388 0.5960264 0.6291388 0.5960264 0.6285674 0.715232 0.9403973 0.7272602 0.9337747 0.728477 0.9403973 0.2384105 0.03348523 0.231788 0.02649003 0.2384105 0.02649003 0.1429756 0.4283806 0.1426402 0.4284372 0.1398535 0.4289056 0.2188534 0.2715231 0.2244257 0.2781457 0.2185431 0.2781457 0.5774065 0.5569589 0.5761591 0.55693 0.5775296 0.5562914 0.1486744 0.4516643 0.1489489 0.451588 0.1463553 0.4523043 0.4834438 0.5231787 0.4834438 0.5099337 0.4900662 0.5298013 0.668874 0.5701578 0.6636695 0.5726136 0.6643301 0.5701131 0.735099 0.6092713 0.7293872 0.599957 0.7411685 0.6092713 0.4503312 0.5033112 0.4503312 0.4966887 0.4635763 0.4966887 0.2804362 0.531219 0.2847682 0.5351203 0.2847682 0.5364238 0.602649 0.5629138 0.602649 0.5624161 0.6092718 0.5629138 0.1622595 0.4975715 0.1596369 0.4988705 0.1625773 0.4974107 0.7364326 0.8794043 0.7410389 0.8807946 0.7383866 0.8806264 0.7383866 0.8806264 0.7386559 0.8807946 0.7382412 0.8807945 0.6298541 0.7019864 0.6318709 0.70311 0.6295509 0.7023827 0.7382412 0.8807945 0.7364326 0.8794043 0.7383866 0.8806264 0.6667188 0.9149342 0.666923 0.9147711 0.6648362 0.9164132 0.6688743 0.9197279 0.666923 0.9147711 0.6688743 0.9139072 0.3107416 0.05668634 0.3046357 0.05960249 0.3046358 0.05373162 0.2036798 0.3353987 0.2024009 0.3332095 0.205298 0.3311257 0.5780847 0.5535874 0.5761591 0.550419 0.5781509 0.5532657 0.753902 0.8675495 0.7543181 0.8609271 0.754967 0.8675495 0.1854304 0.1523178 0.1845688 0.1589403 0.1845807 0.1566604 0.7234225 0.5944828 0.7225554 0.5960263 0.7218542 0.590306 0.7234225 0.5944828 0.72356 0.5942401 0.7280315 0.5960263 0.2715232 0.102873 0.2729484 0.1006106 0.2715232 0.1059603 0.2758945 0.1038514 0.2774699 0.105576 0.2770938 0.1059603 0.2770938 0.1059603 0.2774699 0.105576 0.2774639 0.1059603 0.2781457 0.1052875 0.2774699 0.105576 0.2781457 0.1049165 0.2756727 0.1036081 0.2729484 0.1006106 0.2781457 0.09933775 0.2781457 0.09933775 0.2729484 0.1006106 0.2749923 0.09933775 1 1 0.9933776 1 0.9933776 0.9933775 0.1430221 0.4365237 0.1426982 0.4365887 0.1400226 0.437086 0.2516556 0.03460735 0.2574654 0.03973495 0.2516556 0.03973495 0.2574654 0.03973495 0.2574456 0.03890913 0.2579373 0.03973495 0.1494989 0.4596994 0.1523179 0.4588513 0.1523179 0.4635761 0.1491717 0.4597981 0.1494989 0.4596994 0.1464533 0.460616 0.1625773 0.4974107 0.1596829 0.4966887 0.1655628 0.4966887 0.9271526 0.7152314 0.9337749 0.7019864 0.9536424 0.7086089 0.3316655 0.5555205 0.3324419 0.5527778 0.3325363 0.5524473 0.2384105 0.03387522 0.2384105 0.03348523 0.2418017 0.03357023 0.8079473 0.8063642 0.8107838 0.8059232 0.8079473 0.8079469 0.164375 0.5052087 0.164161 0.505373 0.1621845 0.5068787 0.1621845 0.5068787 0.1655628 0.5095428 0.1618594 0.5071241 0.6132719 0.8351917 0.6144253 0.8344371 0.6158941 0.8410595 0.6070902 0.631966 0.6092717 0.6291388 0.6092717 0.6294551 0.2458152 0.1308075 0.2516556 0.1317163 0.2509127 0.1324503 0.7407047 0.8874171 0.7413067 0.8824555 0.7410762 0.8874171 0.7413067 0.8824555 0.7417219 0.8807946 0.7417219 0.8874171 0.7414016 0.8807946 0.7409543 0.8822341 0.7410389 0.8807946 0.7410389 0.8807946 0.7409543 0.8822341 0.7386559 0.8807946 0.7386559 0.8807946 0.7409543 0.8822341 0.7382412 0.8807945 0.2244473 0.2119204 0.2248387 0.2119204 0.2251655 0.2312099 0.9933776 0.9933775 0.986755 0.9933775 0.986755 0.986755 0.1551494 0.2385253 0.1571773 0.2390975 0.1523179 0.239201 0.1460932 0.4569536 0.1464756 0.4569536 0.1464533 0.460616 0.7350993 0.9139073 0.7375157 0.9120765 0.7379432 0.9139073 0.3774835 0.5496688 0.384106 0.5562914 0.3774835 0.5562914 0.3642385 0.5562914 0.3637191 0.5590623 0.357616 0.5621358 0.3178808 0.05960249 0.3112582 0.05611753 0.3178808 0.05298012 0.2524462 0.5298013 0.2516556 0.5239105 0.2557381 0.5298013 0.1394516 0.3377482 0.1397634 0.3377482 0.1396714 0.3404356 0.4370861 0.5112087 0.4316748 0.5114598 0.4370861 0.5108523 0.4569537 0.5140851 0.4566135 0.5140838 0.4569537 0.5114575 0.2715231 0.1106824 0.2719287 0.1110746 0.2715231 0.1113917 0.7549669 0.6026488 0.7417218 0.6096401 0.7483444 0.6026488 0.1495819 0.4680557 0.1498706 0.4679619 0.1472403 0.4688152 0.2566123 0.04183489 0.2574654 0.03973495 0.2582781 0.04038321 0.2582781 0.04004001 0.2579373 0.03973495 0.2582781 0.03973495 0.7358781 0.9072846 0.7372538 0.9088945 0.7375157 0.9120765 0.2566863 0.0415703 0.2574654 0.03973495 0.2566123 0.04183489 0.2039401 0.1041167 0.2041653 0.1042575 0.2018492 0.1028154 0.8044635 0.9370276 0.8041445 0.9398409 0.8045012 0.9366963 0.7366426 0.8890797 0.7387924 0.8902919 0.7350993 0.893302 0.7350993 0.8936941 0.7386252 0.8940396 0.7350993 0.8940396 0.1843559 0.5186299 0.1844377 0.5183675 0.1835929 0.521004 0.1589403 0.4959183 0.1571797 0.4910501 0.1589403 0.4900662 0.1569422 0.4911367 0.1571797 0.4910501 0.1548045 0.491927 0.6264954 0.7095016 0.6241419 0.7086089 0.629139 0.7086089 0.6264954 0.7095016 0.626784 0.7096135 0.6241419 0.7086089 0.6613702 0.9090968 0.6622517 0.9131132 0.6611822 0.9092367 0.2568088 0.5259469 0.2516556 0.5239105 0.2516556 0.5235627 0.5231791 0.6141188 0.5225866 0.6114419 0.5226241 0.6111841 0.5226241 0.6111841 0.5225866 0.6114419 0.5222617 0.6136655 0.1456953 0.4499279 0.1414669 0.4451178 0.1456953 0.449538 0.3178808 0.735099 0.3642385 0.6887413 0.4370862 0.6754963 0.765519 0.8589411 0.7682121 0.8604832 0.7682121 0.8609271 0.7682121 0.8604832 0.7656474 0.8586359 0.7682121 0.8550866 0.6158941 0.6357613 0.6154026 0.6347996 0.616626 0.6357613 0.5994067 0.6291388 0.601252 0.6256199 0.6026492 0.6291388 0.6225168 0.7246232 0.6250719 0.7170577 0.629139 0.7105144 0.8145697 0.8874171 0.8145697 0.8807946 0.8173708 0.8855147 0.6247934 0.7169305 0.6250719 0.7170577 0.6225168 0.7160037 0.4761935 0.5982171 0.4762721 0.5979857 0.4754959 0.6002424 0.1796221 0.3973509 0.18207 0.401232 0.1797164 0.4039735 0.6534192 0.8950885 0.6536337 0.8949292 0.6513698 0.8966139 0.7629836 0.8665234 0.7625151 0.8675495 0.7621033 0.8675495 0.2384105 0.03387522 0.2414564 0.03673654 0.2384105 0.03973495 0.3245034 0.5482659 0.3254107 0.5485936 0.3245034 0.5496688 0.1456953 0.5430463 0.1456953 0.5496688 0.1390728 0.5496688 0.2238556 0.1833457 0.2251655 0.1846675 0.2236139 0.1832727 0.2236139 0.1832727 0.2213662 0.1825965 0.2251655 0.1788079 0.8107838 0.8059232 0.8139328 0.8079469 0.8079473 0.8079469 0.2185429 0.03973495 0.2211378 0.03973495 0.2185429 0.04635757 0.2913907 0.5364238 0.2875674 0.5354777 0.2958389 0.5359535 0.5994067 0.6291388 0.6026493 0.6347542 0.598154 0.6309316 0.7968347 0.9337747 0.8013249 0.9329702 0.8013248 0.9337747 0.245033 0.03346323 0.2502838 0.0340625 0.2502082 0.03440183 0.245033 0.03385454 0.245033 0.03346323 0.2502082 0.03440183 0.1764386 0.5161451 0.1777443 0.5135574 0.1778994 0.5132567 0.245033 0.5226792 0.2483288 0.5231788 0.245033 0.5231788 0.4437087 0.510663 0.448683 0.5106766 0.4486587 0.5110378 0.5159828 0.6034382 0.5165564 0.6038092 0.5159168 0.6037576 0.5153934 0.6063 0.5154501 0.6060243 0.5165564 0.6086276 0.5154501 0.6060243 0.5153934 0.6063 0.5149198 0.6086089 0.509934 0.6084023 0.509934 0.6026487 0.5159168 0.6037576 0.5159168 0.6037576 0.509934 0.6026487 0.5159828 0.6034382 0.2119206 0.2913907 0.2119206 0.2847682 0.2180633 0.2781457 0.1192052 0.4966887 0.1324503 0.5298013 0.0927152 0.5298013 0.7649524 0.8682836 0.7652027 0.8684825 0.7640356 0.8675495 0.3245033 0.551514 0.3250827 0.5496688 0.3245033 0.5521883 0.9271526 0.721854 0.9205299 0.7284765 0.9139075 0.7152314 0.2672743 0.1064431 0.2672684 0.1059603 0.2715232 0.1059603 0.2700985 0.1092772 0.2715232 0.1059603 0.270326 0.1095027 0.2703493 0.1125828 0.2649007 0.1125828 0.2672743 0.1064431 0.2649007 0.1125828 0.2649007 0.1059603 0.2672743 0.1064431 0.2715231 0.1113917 0.2707128 0.1125828 0.2703493 0.1125828 0.2216614 0.1911628 0.2219588 0.1912314 0.2190209 0.1920529 0.754967 0.8543046 0.7563659 0.8527205 0.7571583 0.8543046 0.728477 0.9190588 0.7284769 0.9139073 0.7329466 0.9139073 0.1976746 0.3409388 0.1978531 0.3411909 0.1986755 0.3435795 0.5894041 0.6210495 0.5868074 0.6177513 0.5870426 0.6171743 0.5868074 0.6177513 0.5841414 0.6158939 0.5870426 0.6171743 0.7391616 0.8904993 0.7407047 0.8874171 0.7410762 0.8874171 0.7962746 0.9362807 0.7968347 0.9337747 0.8013248 0.9337747 0.7347525 0.8940396 0.7350993 0.8936941 0.7350993 0.8940396 0.7350992 0.8882057 0.734301 0.8877306 0.7350993 0.8874171 0.1967313 0.1182966 0.1929734 0.1192052 0.1964905 0.1181778 0.384106 0.5171921 0.384106 0.5168711 0.3852707 0.5172058 0.6953645 0.9462281 0.6944373 0.9426954 0.6953645 0.9403973 0.6943193 0.9429708 0.6931686 0.9455819 0.6895646 0.9403973 0.6943193 0.9429708 0.6944373 0.9426954 0.6931686 0.9455819 0.6931686 0.9455819 0.6953645 0.9466077 0.692964 0.9460307 0.1876181 0.3615732 0.1899794 0.3642383 0.1854304 0.3642383 0.4025605 0.5685587 0.4031535 0.5659137 0.4032256 0.5655917 0.205298 0.3369593 0.2036798 0.3353987 0.205298 0.3311257 0.6479545 0.8891881 0.6477497 0.8893413 0.6458856 0.8907428 0.538906 0.6092713 0.5430465 0.6092713 0.5386019 0.612058 0.1494802 0.253382 0.1523179 0.2541298 0.1518821 0.2582781 0.7284769 0.9006623 0.7284769 0.8940396 0.7311112 0.8951941 0.7483447 0.9403973 0.7549671 0.9271522 0.7615896 0.9470198 0.1730517 0.1655629 0.175915 0.1704133 0.1755999 0.1702929 0.2212957 0.1993257 0.2216253 0.1993665 0.2185429 0.205298 0.3311257 0.5555166 0.3325363 0.5524473 0.3324419 0.5527778 0.7711089 0.8617481 0.771381 0.8618019 0.7682121 0.8675495 0.771381 0.8618019 0.7741743 0.8624017 0.7682121 0.8675495 0.7748346 0.8675495 0.7682121 0.8675495 0.7741743 0.8624017 0.2277551 0.2306964 0.2251655 0.231788 0.2251655 0.2312099 0.3245034 0.5496688 0.318645 0.5434982 0.3245034 0.5482659 0.2516556 0.5239105 0.2490419 0.523555 0.2516556 0.5235627 0.2649006 0.4981126 0.2715231 0.4985361 0.2668002 0.5009024 0.247904 0.5290454 0.2484406 0.5264624 0.2485046 0.5261538 0.6264266 0.8553386 0.6239452 0.8609271 0.6261159 0.8555559 0.733223 0.9040733 0.733484 0.9072846 0.7331747 0.9072847 0.231788 0.528653 0.2384105 0.5289616 0.231788 0.5290136 0.6949101 0.5796842 0.6953644 0.5783409 0.6953643 0.5827813 0.2384105 0.5225766 0.2409911 0.5225899 0.2384105 0.5231788 0.2384105 0.5231788 0.2409911 0.5225899 0.2408838 0.5231788 0.6201332 0.7232843 0.6225168 0.7246232 0.6166142 0.7284765 0.2384105 0.1456953 0.2384105 0.1434931 0.2393743 0.1390728 0.6198381 0.7231187 0.6201332 0.7232843 0.6174427 0.721854 0.2414564 0.03673654 0.2411231 0.03973495 0.2384105 0.03973495 0.245033 0.03385454 0.245033 0.03973495 0.2414564 0.03673654 0.245033 0.03385454 0.2418017 0.03357023 0.245033 0.03346323 0.7558268 0.8741721 0.757386 0.8720599 0.7576231 0.872299 0.3907285 0.5496688 0.384106 0.5430463 0.3907285 0.5430463 0.6211028 0.8492048 0.6167111 0.8476821 0.6225168 0.8476821 0.4404351 0.5106176 0.4437088 0.5110307 0.4404302 0.5109803 0.4403958 0.513538 0.4404302 0.5109803 0.4437088 0.5110307 0.1929734 0.1192052 0.1942712 0.1170775 0.1964905 0.1181778 0.1964905 0.1181778 0.1942712 0.1170775 0.1967313 0.1182966 0.1929734 0.1192052 0.1925919 0.1192052 0.1942712 0.1170775 0.7329466 0.9139073 0.7332894 0.911458 0.7332522 0.9139073 0.733484 0.9072846 0.7329819 0.9114727 0.7331747 0.9072847 0.1725662 0.1721854 0.1730517 0.1655629 0.1729725 0.1692939 0.2397835 0.5289539 0.2403064 0.5262219 0.2403694 0.5258921 0.5778667 0.6188982 0.5770078 0.6216775 0.5779696 0.618564 0.617697 0.7309063 0.6174734 0.7307416 0.6158943 0.729324 0.245033 0.04033219 0.2411231 0.03973495 0.245033 0.03973495 0.7558268 0.8741721 0.7556826 0.8807946 0.7553222 0.8807946 0.3946991 0.5678795 0.3950713 0.565531 0.3951162 0.5652454 0.5562915 0.5499814 0.5623225 0.5500071 0.5622534 0.5503807 0.5623225 0.5500071 0.5629138 0.5503998 0.5622534 0.5503807 0.5629139 0.5562914 0.5612177 0.5559744 0.561707 0.5533282 0.5562915 0.5554032 0.5612177 0.5559744 0.5562915 0.5557431 0.5611647 0.5562914 0.5612177 0.5559744 0.5629139 0.5562914 0.3377484 0.5492091 0.3333417 0.5496688 0.3334973 0.5491387 0.6772746 0.9271522 0.6782981 0.9263816 0.6785039 0.9262267 0.728477 0.9190588 0.7295987 0.9192063 0.728477 0.9199745 0.728477 0.9199745 0.7301623 0.9192872 0.728477 0.9205297 0.7301623 0.9192872 0.7350993 0.9205297 0.728477 0.9205297 0.7332522 0.9139073 0.7295987 0.9192063 0.7329466 0.9139073 0.4620784 0.5909169 0.4621913 0.5906711 0.4610459 0.593181 0.7515329 0.8603016 0.754967 0.8543046 0.754967 0.8602622 0.4039735 0.5687376 0.4039735 0.5629138 0.4105961 0.5629138 0.195241 0.1264339 0.1973741 0.1274759 0.192053 0.1266807 0.1950114 0.1263206 0.195241 0.1264339 0.1940155 0.1258278 0.6423841 0.5695363 0.6399491 0.5691719 0.6405309 0.5665867 0.245033 0.5099338 0.2384105 0.5099338 0.2384105 0.503717 0.2595465 0.1211038 0.2612482 0.1225113 0.2582781 0.1250877 0.7410389 0.8807946 0.7417219 0.8804503 0.7414016 0.8807946 0.3245033 0.01986742 0.3178808 0.02649003 0.3178808 0.01986742 0.3061848 0.5071865 0.3046359 0.5040618 0.3062285 0.5068581 0.1917114 0.3509933 0.1908357 0.3543599 0.1913233 0.3509933 0.4437087 0.5761588 0.4409815 0.5789597 0.4422105 0.5761588 0.7086094 0.5894038 0.7093886 0.5868184 0.7144882 0.5894038 0.231788 0.5224431 0.2328156 0.5224626 0.231788 0.5231788 0.231788 0.5231788 0.2328156 0.5224626 0.232703 0.5231788 0.2955044 0.05298012 0.2913907 0.04757618 0.2972761 0.05298012 0.2251656 0.4972075 0.2268714 0.4970904 0.2268252 0.4974344 0.2268714 0.4970904 0.231788 0.4973914 0.2268252 0.4974344 0.2265173 0.4998355 0.2264813 0.5001238 0.2251656 0.50234 0.2251656 0.50234 0.2261877 0.5025054 0.2251656 0.5026795 0.2261459 0.5028434 0.2251656 0.5026795 0.2261877 0.5025054 0.2261459 0.5028434 0.2261877 0.5025054 0.231788 0.5029034 0.6821193 0.9391978 0.6804622 0.9347977 0.6821194 0.9337747 0.6802844 0.9349491 0.6804622 0.9347977 0.6787052 0.9362911 0.6787052 0.9362911 0.6821194 0.939558 0.6784565 0.9365019 0.1663418 0.5099338 0.1655628 0.5095428 0.1655628 0.5091618 0.2384105 0.03387522 0.2384105 0.03973495 0.2335451 0.03672254 0.2335261 0.03639417 0.2335451 0.03672254 0.2333649 0.03360289 0.6754965 0.5562914 0.668874 0.5496688 0.6754965 0.5496688 0.2516556 0.1523178 0.245033 0.1589403 0.245033 0.1523178 0.7483446 0.8734345 0.752171 0.8702608 0.7483446 0.8738247 0.7498005 0.8688323 0.7535562 0.8675495 0.7500079 0.8689571 0.6327434 0.6953639 0.6357616 0.6953639 0.6331636 0.6953639 0.2233222 0.03476732 0.2185429 0.03973495 0.2185429 0.03311246 0.231788 0.528653 0.2322726 0.5257655 0.2322206 0.526077 0.5695363 0.6181901 0.5700218 0.6181648 0.5695363 0.6206662 0.754967 0.7019864 0.7483445 0.721854 0.7483445 0.7019864 0.7842047 0.6972163 0.7873511 0.7019863 0.7814571 0.7019864 0.7536723 0.6315193 0.7549669 0.6357613 0.753426 0.6316643 0.8155757 0.9314951 0.8145697 0.9337747 0.8145697 0.933041 0.1452236 0.2691551 0.1456953 0.2692089 0.1410215 0.2715231 0.1452236 0.2691551 0.1450808 0.2691388 0.1456953 0.2656356 0.1456953 0.2656356 0.1423497 0.2688143 0.1419277 0.2687613 0.5761591 0.550419 0.5695363 0.5562914 0.5629138 0.5503998 0.4569537 0.588625 0.455601 0.585524 0.4569537 0.5827813 0.4542781 0.5885268 0.4554574 0.5858492 0.455601 0.585524 0.2114392 0.4900662 0.209176 0.4942377 0.2062646 0.4900662 0.7682121 0.6563537 0.7691184 0.6599362 0.7688804 0.6600497 0.7691184 0.6599362 0.7713499 0.6588815 0.7735126 0.6622514 0.3245033 0.5521883 0.3311257 0.5496688 0.3311257 0.5555166 0.256157 0.1284139 0.2575361 0.1258278 0.2582781 0.1258278 0.8040583 0.7665531 0.8043782 0.7664704 0.8072207 0.7682116 0.820009 0.8476821 0.8197037 0.8410595 0.8198695 0.8371841 0.3046358 0.05373162 0.3046358 0.05332386 0.3107416 0.05668634 0.4709802 0.5960264 0.4761935 0.5982171 0.4754959 0.6002424 0.722984 0.9205297 0.7242081 0.9189062 0.7232939 0.9205297 0.728477 0.9199745 0.7279844 0.9205297 0.7269535 0.9190088 0.4917867 0.6026487 0.4922863 0.6010197 0.4966888 0.6026487 0.1192052 0.5629138 0.1258277 0.5629138 0.1125828 0.5761588 0.8079472 0.7086089 0.8079472 0.7615891 0.8009878 0.7483441 0.8145697 0.8874171 0.817802 0.8934968 0.8145697 0.8940396 0.7457454 0.6174739 0.7459844 0.6173055 0.7483444 0.6166151 0.6225168 0.6291388 0.616626 0.6357613 0.6092717 0.6291388 0.245033 0.49744 0.2427388 0.5005111 0.2427753 0.5001794 0.6133692 0.8446194 0.6130764 0.844811 0.610803 0.8410595 0.2248387 0.2119204 0.224529 0.205298 0.245033 0.2119204 0.7710278 0.6678244 0.7713536 0.6676791 0.7743167 0.6688739 0.2516556 0.1248408 0.2528412 0.1258278 0.2516556 0.1258278 0.2582781 0.1200597 0.2574239 0.1192052 0.2582781 0.1192052 0.2574239 0.1192052 0.2516556 0.1248408 0.256631 0.1192052 0.7277016 0.9271522 0.726067 0.9271523 0.7250775 0.9266886 0.7250775 0.9266886 0.726067 0.9271523 0.7252348 0.9271523 0.7277016 0.9271522 0.7279844 0.9205297 0.7280589 0.9271522 0.2251656 0.4972075 0.2245454 0.4966887 0.2207441 0.4927406 0.7350993 0.9271522 0.7350993 0.9238805 0.7417219 0.9271522 0.7748346 0.8675495 0.773765 0.8609271 0.7814572 0.8609271 0.797734 0.7516089 0.7980379 0.7515231 0.8005381 0.7549666 0.8009878 0.7483441 0.800597 0.7508166 0.8005979 0.7483441 0.797734 0.7516089 0.7951939 0.7523443 0.7947022 0.7483441 0.6119439 0.7367412 0.6117291 0.7365567 0.6100789 0.735099 0.3095277 0.5459528 0.3096389 0.5456461 0.3112583 0.5430463 0.2194127 0.4947983 0.2192792 0.4949858 0.2185431 0.4966887 0.2205673 0.4930432 0.2185431 0.4966887 0.2194127 0.4947983 0.2245454 0.4966887 0.2205673 0.4930432 0.2207441 0.4927406 0.7794173 0.6904132 0.781457 0.6894996 0.7814571 0.6953639 0.7802288 0.6953639 0.7762697 0.6915367 0.7814571 0.6953639 0.1410215 0.2715231 0.1456953 0.2715231 0.1456953 0.2771189 0.8114311 0.8219258 0.8140063 0.8278145 0.8094941 0.8278145 0.7332894 0.911458 0.7329819 0.9114727 0.733484 0.9072846 0.562914 0.6098582 0.563331 0.6100127 0.562914 0.6101658 0.563331 0.6100127 0.5695363 0.6158939 0.562914 0.6101658 0.7483446 0.8874171 0.7489963 0.8860813 0.7487402 0.8874172 0.7487402 0.8874172 0.7483446 0.887825 0.7483446 0.8874171 0.7929596 0.7366859 0.7947022 0.7417215 0.7927 0.7367405 0.7927 0.7367405 0.7892475 0.735099 0.794057 0.735099 0.7490414 0.9205297 0.7498015 0.9222308 0.749561 0.9226402 0.253779 0.1265637 0.2575361 0.1258278 0.2539814 0.1267223 0.4477479 0.5827813 0.4490763 0.5804368 0.4503313 0.5827813 0.2335451 0.03672254 0.231788 0.0403068 0.231788 0.03973495 0.6026493 0.6347542 0.6070902 0.631966 0.6050571 0.6348046 0.7277016 0.9271522 0.727764 0.9279407 0.726067 0.9271523 0.1460992 0.2516556 0.1464565 0.2526255 0.1456953 0.2582781 0.2875674 0.5354777 0.2847682 0.5364238 0.2847682 0.5351203 0.4768213 0.5423518 0.4768213 0.5384615 0.4768213 0.5420237 0.6139857 0.738516 0.6117291 0.7365567 0.6119439 0.7367412 0.5636531 0.6158939 0.5695363 0.6181901 0.5695363 0.6206662 0.3878777 0.5590515 0.3800805 0.55675 0.3879665 0.558458 0.3797543 0.5597589 0.379503 0.5621603 0.3797848 0.5594698 0.77231 0.6759771 0.7742494 0.6754963 0.7748345 0.6762202 0.772093 0.6760684 0.7701515 0.6768807 0.769439 0.6754963 0.1879179 0.1407312 0.1854304 0.1456953 0.1854304 0.1397784 0.1876518 0.1406148 0.1879179 0.1407312 0.1854304 0.1397784 0.8057191 0.7824695 0.8079473 0.7880793 0.8054598 0.7825278 0.205298 0.3311257 0.2071742 0.3293082 0.2086775 0.3311257 0.753902 0.8675495 0.7535562 0.8675495 0.7543181 0.8609271 0.7417219 0.8800606 0.746874 0.8764923 0.7417219 0.8804503 0.7417219 0.8804503 0.7483446 0.8807946 0.7417219 0.8807946 0.7440995 0.8747299 0.7476089 0.8741721 0.7443279 0.8748748 0.7093055 0.9428384 0.7094339 0.9431076 0.7086094 0.9462947 0.2242869 0.2619719 0.2214667 0.2614421 0.2251655 0.2621388 0.1854304 0.3693591 0.1854304 0.370085 0.1837272 0.3691278 0.1834458 0.3690895 0.1808519 0.3687312 0.1854304 0.3642383 0.8145699 0.8285374 0.8140063 0.8278145 0.8139653 0.821192 0.7565741 0.9267728 0.7615897 0.9265716 0.7615897 0.9271522 0.1426213 0.292815 0.1429504 0.2928437 0.1398928 0.2925795 0.2980132 0.0927152 0.3046358 0.09933775 0.2980132 0.09933775 0.2980132 0.05329519 0.30366 0.05298012 0.303499 0.05357587 0.3027763 0.05636394 0.3026925 0.05668705 0.303499 0.05357587 0.5802217 0.7704375 0.5778974 0.7682117 0.5827816 0.7682117 0.3017058 0.5430463 0.3030605 0.5396734 0.3046359 0.5430463 0.1797355 0.3774834 0.1821169 0.3770604 0.1824041 0.3770783 0.1821169 0.3770604 0.17974 0.3769131 0.1848285 0.3708608 0.2635662 0.532209 0.2582782 0.5298013 0.2641457 0.5298013 0.1451885 0.3249611 0.1446195 0.3311257 0.1448661 0.3245032 0.4370862 0.5752063 0.4422105 0.5761588 0.4370862 0.5761588 0.1394779 0.3046357 0.1394633 0.3005774 0.1398475 0.3006131 0.1425551 0.3008664 0.1398475 0.3006131 0.139844 0.2980132 0.1425551 0.3008664 0.1428821 0.3008969 0.1398475 0.3006131 0.3112582 0.05611753 0.308836 0.05960249 0.3107416 0.05668634 0.2130877 0.4909264 0.2171736 0.4966887 0.2119204 0.4919745 0.2119204 0.4919745 0.2119204 0.4906335 0.2130877 0.4909264 0.7427636 0.8920438 0.7423277 0.8940396 0.7417219 0.8940396 0.6059488 0.7421218 0.606135 0.7423152 0.6034445 0.7417215 0.606135 0.7423152 0.6059488 0.7421218 0.6055628 0.7417215 0.43968 0.5819552 0.440842 0.5792812 0.4409815 0.5789597 0.1804361 0.1456953 0.1854304 0.1397784 0.1854304 0.1456953 0.2185431 0.5220263 0.2246506 0.5222434 0.2185431 0.5231788 0.2185431 0.5231788 0.2246506 0.5222434 0.2245193 0.5231788 0.2245193 0.5231788 0.2246506 0.5222434 0.2251656 0.5222781 0.3245034 0.1059603 0.3245034 0.09933775 0.3311258 0.09933775 0.205298 0.2847682 0.205298 0.2516556 0.2119204 0.2781457 0.1428804 0.3088582 0.1425542 0.3088328 0.1398472 0.3086217 0.2724564 0.5298013 0.2781457 0.5302199 0.2716997 0.5325698 0.562914 0.6128451 0.5562916 0.6151525 0.5562916 0.6092713 0.1599463 0.5033112 0.1655628 0.5033112 0.164375 0.5052087 0.4646558 0.5240795 0.4635764 0.5298013 0.4645631 0.5214622 0.3951162 0.5652454 0.3950713 0.565531 0.3907285 0.5629138 0.7483447 0.9198086 0.7486854 0.9205297 0.7483447 0.9201769 0.1854304 0.4437085 0.1854304 0.437086 0.1881368 0.4410946 0.2243153 0.03757244 0.2213931 0.03973495 0.2242363 0.03731137 0.2242363 0.03731137 0.2234639 0.03509581 0.2251654 0.03451645 0.2251654 0.03451645 0.2233222 0.03476732 0.2251655 0.03417319 0.7463397 0.8940396 0.7479906 0.8949781 0.7472997 0.9006623 0.1397917 0.4039735 0.1394701 0.4048345 0.1394886 0.4039735 0.7420275 0.9006623 0.7417219 0.9006623 0.7417219 0.8940396 0.3720703 0.5562914 0.3774835 0.5621364 0.3717717 0.5591424 0.3774835 0.5568414 0.3720703 0.5562914 0.3774835 0.5562914 0.3714199 0.5621629 0.3717341 0.5594665 0.3717717 0.5591424 0.7872155 0.7213996 0.7880799 0.7211309 0.7872335 0.721854 0.1788079 0.006622493 0.1920529 0 0.205298 0.01986742 0.2900782 0.5068906 0.2897416 0.5093859 0.2847682 0.5088856 0.2825868 0.5036047 0.2904429 0.5041428 0.2847682 0.5039463 0.7086094 0.9462947 0.7019867 0.9408097 0.7086095 0.9413725 0.4172185 0.5298013 0.4437087 0.5496688 0.4172185 0.5430463 0.2913907 0.5364238 0.2958389 0.5359535 0.2956887 0.5364238 0.2956887 0.5364238 0.2958389 0.5359535 0.2980132 0.5364238 0.1394456 0.3178808 0.1394467 0.3166031 0.1398105 0.316629 0.1452339 0.3178808 0.1452723 0.3170195 0.1456953 0.3178808 0.813264 0.8297837 0.8145698 0.834437 0.8129928 0.8298111 0.7846472 0.7055063 0.7843179 0.705613 0.7873511 0.7019863 0.7549671 0.9266461 0.7498015 0.9222308 0.7549671 0.9262552 0.7498015 0.9222308 0.7549671 0.9266461 0.749561 0.9226402 0.220342 0.04635757 0.2204121 0.04578363 0.2204121 0.04578363 0.2204121 0.04578363 0.2204121 0.04578363 0.2211378 0.03973495 0.222696 0.04536741 0.2204121 0.04578363 0.2206399 0.04635757 0.7417219 0.9009604 0.7423579 0.9006623 0.7417219 0.9012571 0.2185431 0.4966887 0.2251656 0.50234 0.2251656 0.5026795 0.2582781 0.04551512 0.2582781 0.04038321 0.2649006 0.04048132 0.7466281 0.9022813 0.7472997 0.9006623 0.7476304 0.9006623 0.2913907 0.02649003 0.2980132 0.01986742 0.3046357 0.03311246 0.2242887 0.2847682 0.2237793 0.2861419 0.2239314 0.2847682 0.2059225 0.4900661 0.2056533 0.4863624 0.2062646 0.4900662 0.208522 0.484409 0.2082093 0.4846303 0.205298 0.4834437 0.7266714 0.9189996 0.7232939 0.9205297 0.7242081 0.9189062 0.4172186 0.5202187 0.4105961 0.5173165 0.4172186 0.5170811 0.2980132 0.5426649 0.2938324 0.5422601 0.2980132 0.542281 0.2947013 0.5395333 0.2938324 0.5422601 0.2948057 0.5392047 0.7642064 0.92978 0.768212 0.9318238 0.7717763 0.9327833 0.2847682 0.5039463 0.2821432 0.5064408 0.2821855 0.5061706 0.4348339 0.572798 0.4370862 0.5752063 0.4370862 0.5761588 0.6050571 0.6348046 0.6092717 0.6294551 0.6047971 0.6351671 0.4337296 0.5754216 0.4334224 0.5761588 0.4336189 0.5756875 0.4304636 0.5700222 0.4304636 0.5695363 0.4350332 0.5723296 0.4304636 0.5700222 0.4350332 0.5723296 0.4348339 0.572798 0.2204121 0.04578363 0.2206399 0.04635757 0.2204121 0.04578363 0.2972761 0.05298012 0.2980132 0.05363941 0.2952021 0.05406212 0.2980132 0.05878525 0.2942355 0.05737489 0.2943859 0.05687445 0.2942355 0.05737489 0.2913907 0.05298012 0.2943859 0.05687445 0.2980132 0.05329519 0.297661 0.05298012 0.2980132 0.05298012 0.6399548 0.8751526 0.6376307 0.876853 0.6401865 0.8749853 0.6009263 0.5621902 0.5930078 0.560966 0.5960264 0.5617697 0.1822659 0.1557448 0.1845807 0.1566604 0.1842504 0.1589403 0.7248774 0.5919657 0.728477 0.5827813 0.735099 0.5827813 0.7472546 0.9134143 0.7417219 0.9131774 0.7417219 0.9076496 0.7417219 0.9135514 0.7420493 0.9139073 0.7417219 0.9139073 0.7301623 0.9192872 0.7295987 0.9192063 0.7332522 0.9139073 0.184997 0.5165563 0.1844377 0.5183675 0.1795351 0.5165563 0.2192898 0.2933651 0.219551 0.2934138 0.2185431 0.2972821 0.2110745 0.4926667 0.2119204 0.496048 0.2108859 0.4928213 0.2119204 0.4906335 0.2114392 0.4900662 0.2119204 0.4900662 0.2062646 0.4900662 0.209176 0.4942377 0.2059225 0.4900661 0.209176 0.4942377 0.2089006 0.4944685 0.2059225 0.4900661 0.2190209 0.1920529 0.2245218 0.1986754 0.2185429 0.1986754 0.1854304 0.5165563 0.1854304 0.5155593 0.192053 0.5159733 0.8156796 0.9139073 0.8181824 0.9094957 0.8205805 0.9139074 0.3136697 0.06550866 0.3112582 0.06529432 0.3133861 0.06547957 0.2277551 0.2306964 0.2304807 0.230179 0.2280516 0.230639 0.4635764 0.5231788 0.4645631 0.5214622 0.4635764 0.5298013 0.5203845 0.5453664 0.5215826 0.5496688 0.5165564 0.5488122 0.7331747 0.9072847 0.7305519 0.9115929 0.7284769 0.9072846 0.2133009 0.2980132 0.2185431 0.2972821 0.2179614 0.2980132 0.4653519 0.5360065 0.4649573 0.5364238 0.4662049 0.5316933 0.4701987 0.5403342 0.4768213 0.5430463 0.4701987 0.5430463 0.7553769 0.8811299 0.7549671 0.8807946 0.7553222 0.8807946 0.7472546 0.9134143 0.7468717 0.9139073 0.7423933 0.9139073 0.7468717 0.9139073 0.7483447 0.9142681 0.7483447 0.9198086 0.7483447 0.9201769 0.7483446 0.9205297 0.7417219 0.9205297 0.7350993 0.917794 0.7332522 0.9139073 0.7350993 0.9139073 0.410596 0.5562914 0.384106 0.5562914 0.3907285 0.5496688 0.728477 0.9205297 0.7350993 0.9205297 0.7350993 0.9238805 0.7391592 0.9006623 0.7417219 0.9009604 0.7379798 0.9018906 0.7379798 0.9018906 0.736966 0.9072846 0.7358781 0.9072846 0.7375157 0.9120765 0.7417219 0.9139073 0.7379432 0.9139073 0.2980132 0.1324503 0.3112583 0.1258278 0.3046358 0.1390728 0.9470198 0.9933775 0.9470198 1 0.9403974 1 0.9536424 0.9933775 0.9536424 1 0.9470198 1 0.2980132 0.05363941 0.3026925 0.05668705 0.2980132 0.05878525 0.7892475 0.735099 0.7748347 0.7417215 0.7872335 0.721854 0.5864033 0.7855126 0.5834116 0.7814567 0.5885478 0.7814567 0.9271522 0.5231788 0.9337746 0.5231788 0.9337746 0.5298013 0.2715232 0.102873 0.2749923 0.09933775 0.2729484 0.1006106 0.1878384 0.424932 0.1854304 0.4304635 0.1875826 0.4249715 0.2847682 0.5165563 0.2781457 0.5231788 0.2781457 0.5165563 0.2938324 0.5422601 0.2781457 0.5364238 0.2847682 0.5364238 0.224529 0.205298 0.2211138 0.2075507 0.2185429 0.205298 0.6513698 0.8966139 0.6510126 0.8968799 0.6498552 0.8940396 0.1854304 0.4304635 0.1843897 0.423841 0.1854304 0.4252976 0.2178184 0.3112582 0.2148994 0.3086814 0.2152159 0.3087338 0.8205525 0.9072846 0.8178947 0.909517 0.815416 0.9072846 0.8145698 0.8376591 0.8145698 0.834437 0.8169511 0.8374451 0.231788 0.5231788 0.231788 0.528653 0.2241824 0.5255011 0.8145697 0.8616611 0.8145697 0.8609271 0.8174381 0.8615166 0.8145697 0.8696538 0.8145697 0.8675495 0.8173999 0.8695356 0.8145697 0.8874171 0.8204639 0.8874171 0.817802 0.8934968 0.815416 0.9271523 0.8155757 0.9314951 0.8145697 0.933041 0.728477 0.9205297 0.7279844 0.9205297 0.728477 0.9199745 0.8079472 0.7897965 0.8079473 0.7880793 0.8104623 0.7894177 0.8079473 0.7880793 0.8129876 0.7880793 0.8104623 0.7894177 0.8129876 0.7880793 0.813075 0.7890525 0.8107452 0.7893767 0.8079473 0.7983161 0.8079473 0.7947018 0.8107243 0.7978123 0.8136312 0.7947018 0.813739 0.7972679 0.8110494 0.7977535 0.2715231 0.1113917 0.2721475 0.1112871 0.2707128 0.1125828 0.1564164 0.2225145 0.1532317 0.2251655 0.1561148 0.2224227 0.8066092 0.7615891 0.8069955 0.7657923 0.8043782 0.7664704 0.9933775 0.9867549 0.986755 0.986755 0.986755 0.9801325 0.7947022 0.7442607 0.7947022 0.7417215 0.7974926 0.7434834 0.245033 0.03385454 0.2502082 0.03440183 0.2502838 0.0340625 0.7947021 0.938839 0.7968347 0.9337747 0.7962746 0.9362807 0.7962108 0.9365721 0.7956958 0.9389577 0.7947021 0.938839 0.7929477 0.7152314 0.7935742 0.7195239 0.7910269 0.7202711 0.78845 0.9337747 0.7887263 0.9337747 0.7880797 0.9403973 0.7814571 0.6981464 0.7814571 0.6953639 0.7839222 0.6973119 0.7814571 0.6953639 0.7863641 0.6953639 0.7839222 0.6973119 0.7863641 0.6953639 0.7864955 0.6964429 0.7842047 0.6972163 0.7814571 0.7065364 0.7814571 0.7019864 0.7843179 0.705613 0.7814571 0.7019864 0.7873511 0.7019863 0.7843179 0.705613 0.7873511 0.7019863 0.7873709 0.7046245 0.7846472 0.7055063 0.7762697 0.6915367 0.7748345 0.6887413 0.7791324 0.6905153 0.7748345 0.6887413 0.7807388 0.6887414 0.7791324 0.6905153 0.7807388 0.6887414 0.781457 0.6894996 0.7794173 0.6904132 0.7682121 0.6688739 0.7682121 0.6622514 0.7710278 0.6678244 0.7735126 0.6622514 0.7739861 0.6665153 0.7713536 0.6676791 0.4649573 0.5364238 0.4635764 0.5364238 0.4646558 0.5240795 0.7682121 0.8707132 0.7625151 0.8675495 0.7682121 0.8675495 0.2715232 0.102873 0.2672684 0.1059603 0.2649007 0.1059603 0.7672885 0.6490063 0.7674026 0.6516976 0.7647721 0.6529927 0.7647721 0.6529927 0.7644535 0.653151 0.7672885 0.6490063 0.7682121 0.8543046 0.7673438 0.8543045 0.76689 0.8534522 0.9602649 0.7615891 0.9801324 0.7417215 0.9867551 0.7483441 0.2278712 0.1760641 0.2306463 0.1788079 0.2251655 0.1788079 0.754967 0.8741721 0.7558268 0.8741721 0.7553222 0.8807946 0.3178808 0.5430463 0.3105908 0.5430463 0.3046359 0.5416127 0.3311258 0.5151295 0.3297241 0.5117549 0.3311257 0.5105251 0.7483444 0.6225163 0.7534809 0.6225163 0.7511655 0.6235894 0.7483445 0.8675495 0.7483445 0.8609271 0.7535562 0.8675495 0.7483446 0.8734345 0.7483445 0.8675495 0.7498005 0.8688323 0.7500079 0.8689571 0.7518724 0.8700804 0.7483446 0.8734345 0.7483445 0.8741721 0.754967 0.8741721 0.7549671 0.8807946 0.7486854 0.9205297 0.749561 0.9226402 0.7549671 0.9266461 0.4032256 0.5655917 0.3973511 0.5681673 0.3973511 0.5629138 0.7417219 0.8741721 0.7432209 0.8741721 0.7440995 0.8747299 0.7417219 0.9139073 0.7420493 0.9139073 0.7423236 0.9176231 0.7350992 0.8882057 0.7350993 0.8874171 0.736415 0.8889509 0.7407047 0.8874171 0.7387924 0.8902919 0.7366426 0.8890797 0.7350993 0.8940396 0.7386252 0.8940396 0.7391592 0.9006623 0.7350993 0.9072846 0.7358781 0.9072846 0.7375157 0.9120765 0.7311112 0.8951941 0.7284769 0.8940396 0.7343593 0.8940396 0.986755 0.7086089 0.9801324 0.735099 0.9801324 0.7086089 0.7339849 0.9006623 0.733223 0.9040733 0.7308877 0.9035876 0.7331747 0.9072847 0.7329819 0.9114727 0.7308133 0.9115796 0.7284769 0.9337747 0.7350993 0.9337747 0.7350993 0.9403973 0.7432209 0.8741721 0.7483446 0.8734345 0.7476089 0.8741721 0.1931807 0.5165563 0.1986755 0.5224224 0.1924768 0.5195189 0.2913907 0.5041809 0.2900782 0.5068906 0.2901175 0.5065954 0.1456953 0.4437085 0.1436818 0.4445667 0.1414669 0.4451178 0.4620013 0.5165563 0.4630537 0.5185715 0.4569537 0.5165563 0.7218545 0.9271522 0.7252348 0.9271523 0.7269265 0.9337747 0.7252348 0.9271523 0.726067 0.9271523 0.727764 0.9279407 0.7218545 0.9391626 0.7218545 0.9337747 0.7234682 0.9349347 0.7218541 0.5695363 0.7218542 0.5761588 0.7152317 0.5761588 0.7086095 0.9413725 0.7086095 0.9403973 0.7093055 0.9428384 0.7086095 0.9403973 0.7145848 0.9403973 0.7094339 0.9431076 0.7093055 0.9428384 0.7086095 0.9403973 0.7094339 0.9431076 1 0.5298013 0.9668873 0.5695363 0.9536423 0.5695363 0.7518724 0.8700804 0.752171 0.8702608 0.7483446 0.8734345 0.746874 0.8764923 0.7479981 0.8741721 0.7483445 0.8741721 0.3178808 0.1125828 0.3178808 0.1192052 0.3112583 0.1192052 0.6887416 0.5562914 0.6887416 0.5629138 0.6821191 0.5629138 0.813264 0.8297837 0.8094941 0.8278145 0.8140063 0.8278145 0.6154026 0.6347996 0.6092717 0.6291388 0.616626 0.6357613 0.2821432 0.5064408 0.2781457 0.5038953 0.2821855 0.5061706 0.6782981 0.9263816 0.6772746 0.9271522 0.6762599 0.9271523 0.2185429 0.07947015 0.2185429 0.07284766 0.2251655 0.05960249 0.3046359 0.5036712 0.2781457 0.503593 0.3774835 0.5033112 0.1494802 0.253382 0.1464061 0.2582781 0.1491566 0.2533007 0.6622515 0.5629138 0.6622515 0.5695363 0.6618931 0.5695363 0.6225168 0.7160037 0.6158943 0.7152314 0.6225168 0.715667 0.3046358 0.1125828 0.3178808 0.1059603 0.3112583 0.1125828 0.4179843 0.5717343 0.4192049 0.5681716 0.4187272 0.5695363 0.6047971 0.6351671 0.6158941 0.6415857 0.6166154 0.6451184 0.8209163 0.9205297 0.8205991 0.9205297 0.8206956 0.9172953 0.6130764 0.844811 0.5975434 0.8161574 0.6053439 0.8305349 0.245033 0.02649003 0.2384105 0.02649003 0.231788 0.01986742 0.5960264 0.6285674 0.5960264 0.6225163 0.5994082 0.6286092 0.5960264 0.6225163 0.601252 0.6256199 0.5994082 0.6286092 0.7343483 0.9006622 0.7350993 0.9006623 0.7350993 0.9026067 0.7284769 0.9072846 0.7305519 0.9115929 0.7271012 0.9116525 0.5931066 0.5604835 0.589404 0.5562914 0.5936833 0.5577616 0.589404 0.5562914 0.5940056 0.5562914 0.5937438 0.5574837 0.5562915 0.5499814 0.5562914 0.5503212 0.5496692 0.5502569 0.2178184 0.3112582 0.2147701 0.3167217 0.2119206 0.3112582 0.8145697 0.8609271 0.8177776 0.8614992 0.8174381 0.8615166 0.7335496 0.904146 0.7339849 0.9006623 0.7343483 0.9006622 0.5827814 0.6158939 0.5868074 0.6177513 0.5855327 0.6209191 0.5761591 0.6158939 0.5787889 0.6158939 0.5779696 0.618564 0.7483447 0.9142681 0.7549671 0.9205297 0.7511802 0.9196586 0.2245193 0.5231788 0.231788 0.5224431 0.231788 0.5231788 0.2649006 0.04350733 0.2715231 0.04635757 0.2649006 0.04635757 0.2649006 0.04009145 0.2654925 0.04054528 0.2649006 0.04048132 0.5562916 0.6026488 0.5562916 0.6092713 0.5551859 0.6092713 0.5496693 0.6092713 0.5551859 0.6092713 0.5547649 0.6121194 0.5547649 0.6121194 0.5547189 0.61244 0.5496693 0.6151212 0.5466443 0.6123468 0.546307 0.6151006 0.5430464 0.6151205 0.2886521 0.04763329 0.2847682 0.04709094 0.2847682 0.04669743 0.5385669 0.6123836 0.5382794 0.6150799 0.5364239 0.6150624 0.8145698 0.8410595 0.8172305 0.8374201 0.8197037 0.8410595 0.5298016 0.6092714 0.5304033 0.6092714 0.5302869 0.6117773 0.3443709 0.5505216 0.3413298 0.5504128 0.3414186 0.550081 0.509934 0.5960263 0.509934 0.6026487 0.5082092 0.6026487 0.5033112 0.6026487 0.5082092 0.6026487 0.5074797 0.6055324 0.4966888 0.6026487 0.4966888 0.5960263 0.4999291 0.6026487 0.2130877 0.4909264 0.2119204 0.4906335 0.2119204 0.4900662 0.7674026 0.6516976 0.7672885 0.6490063 0.7677749 0.651515 0.5960264 0.8013243 0.5926391 0.8004197 0.5953358 0.7990621 0.4900662 0.4900662 0.4900662 0.4966887 0.4834438 0.4966887 0.3946461 0.5682094 0.3946991 0.5678795 0.3973511 0.5681673 0.4834438 0.5033112 0.4834438 0.5099337 0.4768212 0.5099338 0.4768212 0.5033112 0.4768212 0.5099338 0.4701987 0.5099338 0.4701987 0.4834437 0.4701987 0.4900662 0.4635764 0.4900662 0.4503313 0.5883763 0.4542781 0.5885268 0.4541122 0.588904 0.4635764 0.5165563 0.4684504 0.5231788 0.4652005 0.5178498 0.7407047 0.8874171 0.736415 0.8889509 0.7350993 0.8874171 0.4569537 0.5099338 0.4635764 0.5099338 0.4623149 0.5165563 0.4635764 0.5231788 0.4635764 0.5298013 0.4569537 0.5298013 0.4635764 0.5298013 0.4635764 0.5364238 0.4569537 0.5364238 0.562914 0.6101658 0.5695363 0.6158939 0.5636531 0.6158939 0.4569537 0.5231788 0.4569537 0.5298013 0.4503312 0.5298013 0.3311257 0.548942 0.3250827 0.5496688 0.3254107 0.5485936 0.4554574 0.5858492 0.4542781 0.5885268 0.4503313 0.5883763 0.5302869 0.6117773 0.536424 0.6092714 0.5364239 0.6150624 0.2174382 0.3245033 0.2179135 0.3178808 0.2185431 0.3178808 0.4437088 0.5820228 0.4437087 0.5761588 0.4477479 0.5827813 0.4900662 0.5967116 0.4907959 0.6026487 0.4844611 0.5992912 0.4370861 0.5108523 0.4370861 0.5099338 0.4404351 0.5106176 0.4370861 0.5099338 0.4437087 0.5099338 0.4404351 0.5106176 0.4179843 0.5717343 0.4178925 0.5720077 0.4172185 0.5695363 0.4121531 0.5633675 0.411323 0.5661919 0.4105961 0.5687573 0.410596 0.4768211 0.410596 0.4834437 0.4039736 0.4834437 0.1324503 0.3841059 0.1324503 0.3774834 0.1341453 0.3774834 0.3973511 0.5629138 0.4039735 0.5629138 0.4032256 0.5655917 0.9668873 0.9867549 0.9602647 0.9867549 0.9668874 0.9801326 0.6635935 0.5729026 0.668874 0.5701578 0.668874 0.5761588 0.7600001 0.8587543 0.7615896 0.8609271 0.754967 0.8609271 0.3717341 0.5594665 0.3714199 0.5621629 0.3708609 0.562151 0.3708609 0.5496688 0.3708609 0.5562914 0.3642385 0.5557289 0.3708609 0.5562914 0.3708609 0.562151 0.3642385 0.5621308 0.2516556 0.1317163 0.251309 0.1324503 0.2509127 0.1324503 0.1425551 0.3008664 0.1456953 0.3011623 0.1428821 0.3008969 0.1854304 0.437086 0.1881538 0.4328976 0.1911631 0.437086 0.1796036 0.3841059 0.1820255 0.3851189 0.1795737 0.3907284 0.205298 0.3046357 0.205298 0.3112582 0.1986755 0.3178808 0.8079473 0.7880793 0.8020438 0.7814568 0.8031052 0.7830798 0.7615896 0.8675495 0.7615896 0.8680464 0.754967 0.8675495 0.3324419 0.5527778 0.3316655 0.5555205 0.3311257 0.5555166 0.3245033 0 0.3311257 0 0.3311257 0.006622493 0.3245033 0.006622493 0.3311257 0.006622493 0.3311257 0.01324486 0.3245033 0.01324486 0.3311257 0.01324486 0.3311257 0.01986742 0.3311257 0.02649003 0.3311257 0.03311246 0.3245033 0.03311246 0.3311257 0.03311246 0.3311257 0.03973495 0.3245033 0.03973495 0.3311258 0.09933775 0.3311258 0.1059603 0.3245034 0.1059603 0.3245034 0.0927152 0.3311258 0.09933775 0.3245034 0.09933775 0.3178808 0 0.3245033 0 0.3245033 0.006622493 0.3311257 0.5430463 0.3254107 0.5485936 0.3245034 0.5482659 0.3245033 0.02649003 0.3245033 0.03311246 0.3178808 0.03311246 0.3245033 0.03311246 0.3245033 0.03973495 0.3178808 0.03973495 0.3245033 0.03973495 0.3245033 0.04635757 0.3178808 0.04635757 0.3245033 0.05960249 0.3245033 0.06622517 0.3178808 0.06622517 0.3245034 0.07947015 0.3245034 0.08609271 0.3178808 0.08609271 0.3178808 0.08609271 0.3245034 0.08609271 0.3245034 0.0927152 0.3178808 0.0927152 0.3245034 0.0927152 0.3245034 0.09933775 0.3178808 0.1125828 0.3245034 0.1125828 0.3245034 0.1192052 0.152318 0.4759314 0.1531594 0.4838699 0.1527324 0.4834437 0.3112582 0 0.3178808 0 0.3178808 0.006622493 0.3178808 0.01986742 0.3178808 0.02649003 0.3112582 0.02649003 0.3178808 0.02649003 0.3178808 0.03311246 0.3112582 0.03311246 0.3178808 0.03311246 0.3178808 0.03973495 0.3112582 0.03973495 0.3178808 0.03973495 0.3178808 0.04635757 0.3112582 0.04635757 0.6931686 0.9455819 0.6953645 0.9462281 0.6953645 0.9466077 0.8041445 0.9398409 0.8013248 0.9398629 0.8013248 0.9394739 0.3178808 0.1059603 0.3178808 0.1125828 0.3112583 0.1125828 0.1655628 0.4966887 0.1664555 0.5037117 0.1655628 0.5033112 0.3112583 0.5430463 0.3178808 0.5430463 0.3178808 0.5462315 0.3046357 0 0.3112582 0 0.3112582 0.006622493 0.3112582 0.006622493 0.3112582 0.01324486 0.3046357 0.01324486 0.3112582 0.01324486 0.3112582 0.01986742 0.3046357 0.01986742 0.3973511 0.5172786 0.3931313 0.5200658 0.3931648 0.519764 0.1655628 0.5091618 0.164375 0.5052087 0.1655628 0.5033112 0.3112582 0.03973495 0.3112582 0.04635757 0.3046357 0.04635757 0.3046358 0.1456953 0.3112583 0.1456953 0.3112583 0.1523178 0.3046357 0 0.3046357 0.006622493 0.2980132 0.006622493 0.3046357 0.006622493 0.3046357 0.01324486 0.2980132 0.01324486 0.3046357 0.01324486 0.3046357 0.01986742 0.2980132 0.01986742 0.610222 0.5566406 0.6490066 0.5633935 0.6261176 0.5577171 0.3046358 0.1125828 0.3046358 0.1192052 0.2980132 0.1192052 0.8145697 0.8807946 0.8145697 0.8741721 0.8173756 0.8775151 0.3046358 0.1456953 0.3046358 0.1523178 0.2980132 0.1523178 0.3030605 0.5396734 0.3017058 0.5430463 0.2987936 0.5430463 0.8145697 0.8675495 0.81403 0.8609271 0.8145697 0.8616611 0.2980132 0 0.2980132 0.006622493 0.2913907 0.006622493 0.2980132 0.04635757 0.2980132 0.05298012 0.297661 0.05298012 0.2955044 0.05298012 0.2952823 0.0537765 0.2943859 0.05687445 0.2942633 0.08894872 0.2957129 0.09134662 0.2913907 0.09196799 0.2847682 0.1788079 0.2781457 0.1920529 0.2781457 0.1788079 0.2980132 0.1192052 0.2980132 0.1258278 0.2913907 0.1258278 0.2980132 0.1258278 0.2980132 0.1324503 0.2913907 0.1324503 0.2913907 0.1589403 0.2980132 0.1589403 0.2980132 0.1655629 0.2913907 0.5364238 0.2956887 0.5364238 0.2948057 0.5392047 0.2847682 0.1059603 0.2913907 0.1059603 0.2913907 0.1125828 0.245033 0.03346323 0.245033 0.02649003 0.2516556 0.03311246 0.2913907 0.1390728 0.2913907 0.1456953 0.2847682 0.1456953 0.2913907 0.1523178 0.2913907 0.1589403 0.2847682 0.1589403 0.562914 0.6098582 0.5562916 0.6092713 0.562914 0.6092713 0.2251656 0.50234 0.2245454 0.4966887 0.2251656 0.4972075 0.2781457 0.1059603 0.2847682 0.1059603 0.2847682 0.1125828 0.2781457 0.1125828 0.2847682 0.1125828 0.2847682 0.1192052 0.2847682 0.1589403 0.2847682 0.1655629 0.2781457 0.1655629 0.2847682 0.1655629 0.2847682 0.1721854 0.2781457 0.1721854 0.3254107 0.5485936 0.3245033 0.551514 0.3245034 0.5496688 0.2119206 0.3307708 0.2119206 0.3509933 0.1986755 0.3509933 0.2715231 0.1788079 0.2715231 0.1721854 0.2781457 0.1721854 0.3311258 0.5151295 0.3443709 0.5162414 0.3377484 0.5231788 0.2781456 0.4635761 0.2781457 0.4701986 0.2715231 0.4701986 0.6556292 0.5695363 0.6566818 0.5675314 0.6566172 0.5677962 0.2649006 0.5351462 0.2649007 0.5298013 0.2715231 0.5325922 0.2649007 0.5298013 0.2715231 0.5298013 0.2715231 0.5325922 0.3112582 0.01986742 0.3112582 0.02649003 0.3046357 0.01986742 0.2582781 0.1200597 0.2582781 0.1192052 0.2595465 0.1211038 0.2582781 0.1192052 0.2639433 0.1192052 0.2595465 0.1211038 0.2639433 0.1192052 0.2612482 0.1225113 0.2595465 0.1211038 0.2582781 0.1258278 0.2649007 0.1258278 0.2649007 0.1324503 0.2649007 0.1788079 0.2649007 0.1854304 0.2582781 0.1854304 0.3443709 0.5430463 0.357616 0.5430463 0.3509933 0.5553236 0.2649006 0.2185429 0.2649006 0.2251655 0.2582781 0.2251655 0.2516556 0.1258278 0.2528412 0.1258278 0.253779 0.1265637 0.2582781 0.1920529 0.2582781 0.1986754 0.2516556 0.1986754 0.2582781 0.1986754 0.2582781 0.205298 0.2516556 0.205298 0.2582781 0.2251655 0.2582781 0.231788 0.2516556 0.231788 0.2582781 0.231788 0.2582781 0.2384105 0.2516556 0.2384105 0.2582782 0.4569536 0.2582782 0.4635761 0.2516556 0.4635761 0.2516556 0.4635761 0.2582782 0.4635761 0.2582782 0.4701986 0.7478686 0.9139073 0.7475088 0.9131547 0.7483447 0.9139073 0.2484406 0.5264624 0.247904 0.5290454 0.245033 0.5290252 0.2384105 0.1515871 0.2384105 0.1456953 0.2404688 0.1465188 0.2404688 0.1465188 0.240703 0.1466463 0.2384105 0.1515871 0.728477 0.9403973 0.7350993 0.9403973 0.7350994 0.9536424 0.7407047 0.8874171 0.7382412 0.8807945 0.7409543 0.8822341 0.2574456 0.03890913 0.2516556 0.03460735 0.2516556 0.03426671 0.2384105 0.3377482 0.245033 0.3377482 0.245033 0.3443708 0.5074797 0.6055324 0.5067485 0.6085069 0.4985355 0.6080659 0.231788 0.1390728 0.2384105 0.1390728 0.2384105 0.1434931 0.2490419 0.523555 0.2485046 0.5261538 0.2483288 0.5231788 0.817802 0.8934968 0.8204852 0.8940396 0.8145697 0.8940396 0.2251655 0.1788079 0.2306463 0.1788079 0.2262032 0.1840296 0.8194097 0.834437 0.8169511 0.8374451 0.8145698 0.834437 0.2251655 0.2516556 0.2302665 0.2516556 0.2275252 0.2545127 0.2251655 0.3973509 0.231788 0.3973509 0.231788 0.4039735 0.231788 0.423841 0.231788 0.4304635 0.2251655 0.4304635 0.2185429 0.05298012 0.2251655 0.05298012 0.2251655 0.05960249 0.2212957 0.1993257 0.2185429 0.1986754 0.2245218 0.1986754 0.2649007 0.1258278 0.2715231 0.1324503 0.2649007 0.1324503 0.2210536 0.2855829 0.2185431 0.2847682 0.2239314 0.2847682 0.2239314 0.2847682 0.2237793 0.2861419 0.2213498 0.2856436 0.7417219 0.9131774 0.7423933 0.9139073 0.7420493 0.9139073 0.2119204 0.02649003 0.2185429 0.02649003 0.2185429 0.03311246 0.2119206 0.3303923 0.2119206 0.3245033 0.2142608 0.3248449 0.2142608 0.3248449 0.2145192 0.3249 0.2119206 0.3303923 0.2082728 0.5228728 0.2119204 0.5228855 0.2119204 0.5231788 0.205298 0.3245033 0.2119206 0.3245033 0.20687 0.3290651 0.2052979 0.4966887 0.2052979 0.4900662 0.2089006 0.4944685 0.9867551 0.7682117 0.9536424 0.9139072 0.9602648 0.7947018 0.4437087 0.5099338 0.4437087 0.5033112 0.4503312 0.5033112 0.2957129 0.09134662 0.2980132 0.0911327 0.2980132 0.0927152 0.7252348 0.9271523 0.7218545 0.9271522 0.7232939 0.9205297 0.4238411 0.4966887 0.4238411 0.5033112 0.4172186 0.4900662 0.5827814 0.5509285 0.5780847 0.5535874 0.5781509 0.5532657 0.2005974 0.5198718 0.2001236 0.522482 0.1986755 0.5224224 0.192053 0.3178808 0.1986755 0.3178808 0.1986755 0.3245033 0.205298 0.3245033 0.205298 0.3311257 0.1986755 0.3245033 0.589404 0.5514258 0.5862312 0.5538804 0.5862933 0.5535948 0.8145697 0.8476821 0.8145698 0.8410595 0.8171224 0.84549 0.5960264 0.7490229 0.6007776 0.7483441 0.5960264 0.7541398 0.7476089 0.8741721 0.7483446 0.8734345 0.7483446 0.8738247 0.1854304 0.361117 0.1854304 0.3576158 0.1876181 0.3615732 0.754967 0.8602622 0.754967 0.8609271 0.7543181 0.8609271 0.1854304 0.4252976 0.1854304 0.423841 0.1875826 0.4249715 0.192053 0.5165563 0.192053 0.519727 0.1854304 0.5218501 0.754967 0.8609271 0.7615896 0.8675495 0.754967 0.8675495 0.9470198 0.9735099 0.9536424 0.9205297 0.9602649 0.9139072 0.9735099 0.9801325 0.9668874 0.9801326 0.9735099 0.9735099 0.6622515 0.5695363 0.6643301 0.5701131 0.6618931 0.5695363 0.1541157 0.4750306 0.152318 0.4759314 0.1523179 0.4701986 0.1390728 0.04635757 0.1456953 0.04635757 0.1456953 0.05298012 0.7344036 0.8966962 0.7340359 0.8965247 0.7347525 0.8940396 0.1390728 0.396619 0.1390728 0.3907284 0.1410239 0.3963207 0.7019868 0.9536424 0.7019868 0.9470198 0.7108679 0.9460526 0.1394779 0.3046357 0.1398686 0.3046357 0.1398472 0.3086217 0.8145697 0.933041 0.8153517 0.9139074 0.8156487 0.9251424 0.7802288 0.6953639 0.7748345 0.6887413 0.7762697 0.6915367 0.2179614 0.2980132 0.2153478 0.3007029 0.2133009 0.2980132 0.2185431 0.4911636 0.2171736 0.4966887 0.2130877 0.4909264 0.6199606 0.6524437 0.6225168 0.6548139 0.6196709 0.6526417 0.07947021 0.1390728 0.08609271 0.1390728 0.08609271 0.1456953 0.07947015 0.3907284 0.07947015 0.3973509 0.07284766 0.3973509 0.9933776 0.9801325 1 0.9801325 1 0.9867549 0.4238411 0.5168995 0.4242799 0.5165563 0.4252915 0.5185997 0.4254173 0.5188592 0.4238411 0.5168995 0.4252915 0.5185997 0.2384105 0.5033112 0.2384105 0.503717 0.2343833 0.5033112 0.4252915 0.5185997 0.4242799 0.5165563 0.4304636 0.5165563 0.1854304 0.4304635 0.1854304 0.4252976 0.1875826 0.4249715 0.5562916 0.6151525 0.5543351 0.6151053 0.5547649 0.6121194 0.7423236 0.9176231 0.7420493 0.9139073 0.7423933 0.9139073 0.1798731 0.410596 0.1798285 0.4094304 0.1821635 0.4093084 0.1847969 0.4039734 0.1847836 0.4091703 0.1824454 0.4092935 0.8145697 0.8741721 0.8145697 0.8696538 0.8173999 0.8695356 0.8177346 0.8695217 0.8205816 0.8694038 0.8204646 0.8741721 0.2825371 0.5039227 0.2847682 0.5039463 0.2821855 0.5061706 0.2847682 0.5088856 0.2817953 0.5086664 0.2821432 0.5064408 0.2825371 0.5039227 0.2821855 0.5061706 0.2781457 0.5038953 0.2821432 0.5064408 0.2817953 0.5086664 0.2781457 0.5084163 0.1665732 0.1840042 0.1673375 0.1788079 0.1691222 0.1848874 0.1694365 0.1849957 0.170701 0.1854304 0.1663464 0.1854304 0.192053 0.4569536 0.192053 0.4510669 0.1938363 0.4560202 0.1974281 0.4569535 0.192053 0.4569536 0.1938363 0.4560202 0.1397634 0.3377482 0.1397385 0.3326927 0.1422888 0.3327834 0.1397441 0.3311257 0.1446195 0.3311257 0.1420142 0.3327737 0.2119204 0.5228855 0.2082728 0.5228728 0.205298 0.522473 0.2126758 0.5231788 0.2164068 0.5231788 0.2163328 0.5236924 0.2401413 0.1369632 0.2404408 0.1371393 0.2393743 0.1390728 0.2443798 0.1390728 0.2393743 0.1390728 0.2425268 0.1383448 0.2393743 0.1390728 0.2404408 0.1371393 0.2423171 0.1382248 0.245033 0.1324503 0.245033 0.1383441 0.2404408 0.1371393 0.245033 0.1383441 0.2443798 0.1390728 0.2425268 0.1383448 0.2423171 0.1382248 0.245033 0.1383441 0.2425268 0.1383448 0.2847682 0.05298012 0.2847682 0.04709094 0.2878715 0.05039209 0.2913907 0.05298012 0.2871314 0.05298012 0.2913907 0.04790443 0.2879579 0.05008924 0.2886521 0.04763329 0.2913907 0.04790443 0.6322084 0.8709009 0.634482 0.869234 0.6357617 0.8683059 0.8177078 0.8774995 0.8204624 0.8773712 0.8204645 0.8807945 0.2167587 0.5205456 0.2185431 0.5231788 0.2164068 0.5231788 0.1395025 0.3443708 0.1396714 0.3404356 0.1421286 0.3406031 0.1397634 0.3377482 0.1444258 0.3377482 0.141864 0.3405851 0.4684504 0.5231788 0.4635764 0.5165563 0.4768212 0.5099338 0.6615029 0.5695363 0.6561929 0.5695363 0.6566172 0.5677962 0.6566172 0.5677962 0.6566818 0.5675314 0.6615029 0.5695363 0.6566172 0.5677962 0.6561929 0.5695363 0.6556292 0.5695363 0.7479906 0.8949781 0.7483446 0.8940396 0.754967 0.8940396 0.7644535 0.653151 0.7675032 0.6556288 0.7615894 0.6556288 0.509934 0.6026487 0.509934 0.6084023 0.5074797 0.6055324 0.5074797 0.6055324 0.509934 0.6084023 0.5074006 0.6058511 0.1655628 0.1927704 0.1662594 0.1920529 0.1679779 0.1930289 0.1714072 0.1920529 0.1705026 0.1939232 0.168224 0.1931161 0.3931313 0.5200658 0.3907285 0.517224 0.3931648 0.519764 0.6233031 0.8543044 0.6279079 0.8543045 0.6264266 0.8553386 0.6261159 0.8555559 0.6236096 0.8573077 0.6233031 0.8543044 0.6236096 0.8573077 0.6261159 0.8555559 0.6239452 0.8609271 0.6264266 0.8553386 0.6279079 0.8543045 0.629139 0.8543044 0.1914259 0.450331 0.1863921 0.450331 0.1886894 0.4493683 0.1886894 0.4493683 0.1889703 0.4492815 0.1914259 0.450331 0.1886894 0.4493683 0.1863921 0.450331 0.1854304 0.4437085 0.4238411 0.5168995 0.4238411 0.5223919 0.4172186 0.5202187 0.3443709 0.5106527 0.3459671 0.5106463 0.3455729 0.5133019 0.6887416 0.5562914 0.6821191 0.5496688 0.6953642 0.5496688 0.1589403 0.4959183 0.1589403 0.4900662 0.1596829 0.4966887 0.2384105 0.1515871 0.2429016 0.1478319 0.2432785 0.1480327 0.2384105 0.1456953 0.2442535 0.1456953 0.2404688 0.1465188 0.2442535 0.1456953 0.2429016 0.1478319 0.240703 0.1466463 0.5496693 0.6151212 0.546307 0.6151006 0.546685 0.6120143 0.2090973 0.5173512 0.2090488 0.517674 0.205298 0.5173668 0.2516556 0.2119204 0.2582781 0.2185429 0.2516556 0.231788 0.2179614 0.2980132 0.2179177 0.3011581 0.2156226 0.3007515 0.5894043 0.7493158 0.5894042 0.7549666 0.5861176 0.7549666 0.3551426 0.5619136 0.3642385 0.5621308 0.3774835 0.5624861 0.5894042 0.7549666 0.5894043 0.7493158 0.5933181 0.7518703 0.5930913 0.7515839 0.5912058 0.7491638 0.5960264 0.7490229 0.5960264 0.7490229 0.5912058 0.7491638 0.5909377 0.7488157 0.1729725 0.1692939 0.1730517 0.1655629 0.1755999 0.1702929 0.1788079 0.1655629 0.1788079 0.1715295 0.175915 0.1704133 0.175915 0.1704133 0.1788079 0.1715295 0.1784753 0.1721854 0.1729366 0.1721854 0.1729725 0.1692939 0.1755999 0.1702929 0.2152159 0.3087338 0.2178533 0.3091707 0.2178184 0.3112582 0.5884915 0.7615891 0.5836061 0.7615891 0.5863258 0.7555958 0.583554 0.7549665 0.5855857 0.7549666 0.5863258 0.7555958 0.2781457 0.04682642 0.2803577 0.04689437 0.2795758 0.04951661 0.2781457 0.04682642 0.2795758 0.04951661 0.2794857 0.04982167 0.3046359 0.5364238 0.2980132 0.5298013 0.3178808 0.5298013 0.6208766 0.8493565 0.6187096 0.8508166 0.6167111 0.8476821 0.5629138 0.5503998 0.561707 0.5533282 0.5617652 0.5530129 0.815416 0.9072846 0.8150939 0.901693 0.8176857 0.9015095 0.8150536 0.9006623 0.820521 0.9006623 0.8176857 0.9015095 0.820521 0.9006623 0.820525 0.9013081 0.8179914 0.9014879 0.820521 0.9006623 0.8179914 0.9014879 0.8176857 0.9015095 0.2847682 0.05960249 0.2814139 0.05298012 0.2847682 0.05360198 0.231788 0.5165563 0.245033 0.5165563 0.2384105 0.5225766 0.2913907 0.03311246 0.3046357 0.03973495 0.2847682 0.03973495 0.7483447 0.9271522 0.7483446 0.9205297 0.7549671 0.9266461 0.2185429 0.03973495 0.2119204 0.03973495 0.2119204 0.03311246 0.5836061 0.7615891 0.5884915 0.7615891 0.5838491 0.7639269 0.6887416 0.5827813 0.6858534 0.5815325 0.6868647 0.5784884 0.686964 0.5781918 0.6878823 0.5761588 0.6887416 0.5769656 0.6821192 0.5761588 0.6878823 0.5761588 0.686964 0.5781918 0.686964 0.5781918 0.6868647 0.5784884 0.6821192 0.5761588 0.8156796 0.9139073 0.8155159 0.9096925 0.8178947 0.909517 0.2384105 0.1515871 0.23811 0.1523178 0.2349815 0.152777 0.8205525 0.9072846 0.8205675 0.9093201 0.8181824 0.9094957 0.9470199 0.9801325 0.9403974 0.9867549 0.9337748 0.9867549 0.410596 0.5231788 0.4105961 0.5173165 0.4172186 0.5202187 0.2715231 0.04635757 0.2715231 0.04121708 0.2721906 0.04635757 0.2715231 0.04121708 0.273428 0.04227018 0.2727414 0.04452008 0.2726659 0.04477113 0.2715231 0.04121708 0.2727414 0.04452008 0.2776235 0.04635757 0.2721906 0.04635757 0.2726659 0.04477113 0.2726659 0.04477113 0.2727414 0.04452008 0.2776235 0.04635757 0.308836 0.05960249 0.3088643 0.06003767 0.3046357 0.05960249 0.5430465 0.6092713 0.5430464 0.6151205 0.5386019 0.612058 0.5430464 0.6151205 0.5382794 0.6150799 0.5386019 0.612058 0.8136312 0.7947018 0.8107243 0.7978123 0.8079473 0.7947018 0.357616 0.5621358 0.3551426 0.5619136 0.3556643 0.55898 0.6129637 0.8353924 0.6104694 0.8369997 0.6102422 0.8344371 0.721854 0.5629138 0.7152317 0.5695363 0.7086093 0.5629138 0.2715231 0.5356704 0.2715231 0.533204 0.2716997 0.5325698 0.2781457 0.5302199 0.2781457 0.5358241 0.2716997 0.5325698 0.4701987 0.5033112 0.4768212 0.5033112 0.4701987 0.5099338 0.2185429 0.08609271 0.2125359 0.08609271 0.2174568 0.08399325 0.818365 0.917444 0.8206956 0.9172953 0.8205991 0.9205297 0.8205805 0.9139074 0.8206956 0.9172953 0.818365 0.917444 0.2781457 0.04682642 0.2781457 0.05227082 0.2776235 0.04635757 0.2781457 0.05227082 0.2719279 0.04721516 0.2721906 0.04635757 0.217103 0.3245033 0.2167419 0.3253905 0.2145192 0.3249 0.2142608 0.3248449 0.2119206 0.3245033 0.217103 0.3245033 0.6299118 0.6754963 0.6300969 0.6725024 0.6328245 0.6718264 0.6158941 0.8468671 0.6133692 0.8446194 0.6153875 0.8432971 0.6613702 0.9090968 0.6572077 0.9072846 0.6622516 0.9072846 0.4922863 0.6010197 0.4917867 0.6026487 0.4907959 0.6026487 0.6808071 0.5708294 0.6821191 0.5710219 0.6792681 0.5761588 0.6821191 0.5710219 0.6821191 0.571342 0.6792681 0.5761588 0.6792681 0.5761588 0.6754966 0.5761588 0.6808071 0.5708294 0.2125444 0.0927152 0.2124872 0.09019762 0.2149525 0.09196799 0.815738 0.9271523 0.8159759 0.9251349 0.8182848 0.9250789 0.8185634 0.9250721 0.8208678 0.9250271 0.8205902 0.9271522 0.8158565 0.9205297 0.8205991 0.9205297 0.8182848 0.9250789 0.8205991 0.9205297 0.8208678 0.9250271 0.8182848 0.9250789 0.8208678 0.9250271 0.8185634 0.9250721 0.8182848 0.9250789 0.6020665 0.5569636 0.602649 0.5569796 0.6015254 0.5594502 0.3334973 0.5491387 0.3311257 0.5496688 0.3311257 0.548942 0.6020665 0.5569636 0.6015254 0.5594502 0.5960264 0.5569142 0.6014604 0.559748 0.6009263 0.5621902 0.5960264 0.5617697 0.4025605 0.5685587 0.4039735 0.5687376 0.4024775 0.5689285 0.7427316 0.9072846 0.7417219 0.9072846 0.7462593 0.9022037 0.4238411 0.5165563 0.4172186 0.5099338 0.4238411 0.5033112 0.159408 0.2153269 0.1589404 0.2126394 0.1622622 0.2161329 0.1589404 0.2151992 0.159408 0.2153269 0.1622622 0.2161329 0.6303001 0.6821188 0.6303741 0.680033 0.6330104 0.6797693 0.2649006 0.5033112 0.2582782 0.5033112 0.2587644 0.5005626 0.2587644 0.5005626 0.2582782 0.5033112 0.2582782 0.4976288 0.580635 0.7627838 0.5827815 0.7620598 0.5827815 0.7623679 0.3487261 0.5533845 0.3488376 0.55285 0.3509933 0.5553236 0.8206253 0.9337746 0.8145697 0.9337747 0.818208 0.9326716 0.8205902 0.9271522 0.8206253 0.9337746 0.8184874 0.9327718 0.629139 0.6560961 0.629139 0.6614418 0.6275989 0.6569074 0.735099 0.5827813 0.735099 0.5761588 0.7417217 0.5761588 0.1440834 0.3973509 0.1395127 0.3973509 0.1412903 0.3963106 0.1854304 0.148353 0.1829914 0.1473275 0.1854304 0.1456953 0.2516556 0.1248408 0.2582781 0.1250877 0.2575361 0.1258278 0.6216795 0.6405912 0.6212677 0.6407195 0.6158941 0.6357613 0.5858424 0.7947019 0.584703 0.7947018 0.5868989 0.794213 0.5868989 0.794213 0.584703 0.7947018 0.5871648 0.7940891 0.4095478 0.5169572 0.410596 0.5169261 0.4105961 0.5173165 0.4095106 0.5173487 0.4105961 0.5173165 0.4092462 0.5201085 0.4039735 0.5231788 0.410596 0.5231788 0.4172185 0.5298013 0.4092462 0.5201085 0.4105961 0.5173165 0.4092143 0.5204415 0.4095106 0.5173487 0.4092462 0.5201085 0.4039735 0.5173087 0.4092462 0.5201085 0.4092143 0.5204415 0.4039735 0.5231788 0.2656052 0.0401743 0.2715231 0.04087543 0.2715231 0.04121708 0.5862933 0.5535948 0.5827814 0.5562914 0.5827814 0.5509285 0.579944 0.7704526 0.5776446 0.7705708 0.5778974 0.7682117 0.7805513 0.9333445 0.7887263 0.9337747 0.78845 0.9337747 0.5868074 0.5512457 0.589404 0.5514258 0.5862933 0.5535948 0.5868074 0.5512457 0.5862933 0.5535948 0.5827814 0.5509285 0.5966182 0.6291388 0.5990908 0.6291388 0.598154 0.6309316 0.5302749 0.6120818 0.5302869 0.6117773 0.5364239 0.6150624 0.6007776 0.7483441 0.6078565 0.7441279 0.6092718 0.7483441 0.2582781 0.1192052 0.2649007 0.118233 0.2639433 0.1192052 0.7629836 0.8665234 0.7615896 0.8675495 0.7615896 0.8609271 0.2071742 0.3293082 0.2088246 0.3308183 0.2086775 0.3311257 0.4238411 0.5753748 0.4172185 0.5742347 0.4179843 0.5717343 0.5960264 0.8013243 0.5902 0.8013243 0.5923799 0.8005493 0.144591 0.410596 0.1397334 0.410596 0.1397773 0.4047968 0.1397773 0.4047968 0.1421865 0.4044894 0.144591 0.410596 0.1419277 0.4045229 0.1397773 0.4047968 0.1397917 0.4039735 0.5960264 0.5617697 0.5931066 0.5604835 0.5936833 0.5577616 0.5937438 0.5574837 0.5940056 0.5562914 0.5952785 0.5562914 0.5960264 0.5617697 0.5936833 0.5577616 0.5952785 0.5562914 0.5936833 0.5577616 0.5937438 0.5574837 0.5952785 0.5562914 0.7417218 0.6096401 0.7417218 0.6099273 0.7402642 0.6113811 0.2509127 0.1324503 0.245033 0.1324503 0.2458152 0.1308075 0.621962 0.651083 0.6196178 0.6490063 0.6225168 0.6490063 0.6171584 0.6490063 0.6199606 0.6524437 0.6196709 0.6526417 0.1390728 0.3841059 0.1390728 0.3885004 0.136915 0.3885903 0.1366555 0.3886011 0.1345047 0.3886898 0.1344777 0.3841059 0.1390728 0.3841059 0.136915 0.3885903 0.1344777 0.3841059 0.1344777 0.3841059 0.1345047 0.3886898 0.1341997 0.3887022 0.4620013 0.5165563 0.4569537 0.5165563 0.4569537 0.5140851 0.1450012 0.4172185 0.1397839 0.4172185 0.1423365 0.4123416 0.1397334 0.410596 0.144591 0.410596 0.1423365 0.4123416 0.1420564 0.412375 0.1397251 0.4126518 0.1397334 0.410596 0.1397334 0.410596 0.1397251 0.4126518 0.1393918 0.4126911 0.3443709 0.5505216 0.3414186 0.550081 0.3393266 0.5496688 0.3393266 0.5496688 0.3414186 0.550081 0.3413298 0.5504128 0.1715141 0.5099338 0.1664555 0.5037117 0.1721854 0.5088279 0.1540175 0.2185429 0.1589404 0.2185429 0.1564164 0.2225145 0.728477 0.6011649 0.728477 0.5964695 0.7292115 0.6001896 0.7339849 0.9006623 0.7284769 0.9006623 0.7311112 0.8951941 0.7549671 0.8844274 0.7483446 0.8940396 0.7463397 0.8940396 0.3841062 0.735099 0.3774835 0.7417215 0.3178808 0.735099 0.7092875 0.5870857 0.7086094 0.5894038 0.7086094 0.5835215 0.1655628 0.4966887 0.1986755 0.4966887 0.1854304 0.5033112 0.192053 0.5227523 0.1986755 0.5224224 0.2000565 0.5228508 0.2384105 0.497049 0.245033 0.49744 0.2430776 0.4974299 0.170114 0.5114212 0.1683619 0.5133321 0.1663418 0.5099338 0.3413298 0.5504128 0.3443709 0.5508432 0.340689 0.5527938 0.5786977 0.5506222 0.5827814 0.5509285 0.5781509 0.5532657 0.5827814 0.5562914 0.5775296 0.5562914 0.5780847 0.5535874 0.5786977 0.5506222 0.5781509 0.5532657 0.5761591 0.550419 0.5780847 0.5535874 0.5775296 0.5562914 0.5761591 0.5562914 0.2824177 0.09933775 0.2781457 0.09933775 0.2817348 0.09848743 0.2781457 0.09933775 0.2793978 0.09555941 0.2815377 0.0982415 0.2839865 0.09933775 0.2824177 0.09933775 0.2817348 0.09848743 0.2815377 0.0982415 0.2793978 0.09555941 0.2847682 0.09857487 0.2793978 0.09555941 0.2847682 0.0927152 0.2847682 0.09857487 0.2839865 0.09933775 0.2817348 0.09848743 0.2815377 0.0982415 0.2839865 0.09933775 0.2847682 0.09857487 0.2847682 0.09896731 0.7739861 0.6665153 0.7738637 0.6622514 0.7743167 0.6688739 0.401496 0.5173075 0.4039735 0.5173087 0.4012045 0.5200154 0.4039735 0.5231788 0.4008497 0.5231788 0.4011694 0.5203416 0.4012045 0.5200154 0.4011694 0.5203416 0.3973511 0.5172786 0.4011694 0.5203416 0.4008497 0.5231788 0.3973511 0.5231788 0.3973511 0.5172786 0.4011694 0.5203416 0.3973511 0.5231788 0.3311258 0.5151295 0.329365 0.5143702 0.3296888 0.5120176 0.3297241 0.5117549 0.3302446 0.5099338 0.3311257 0.5105251 0.3245034 0.5099338 0.3302446 0.5099338 0.3297241 0.5117549 0.3297241 0.5117549 0.3296888 0.5120176 0.3245034 0.5099338 0.7466281 0.9022813 0.7427316 0.9072846 0.7462593 0.9022037 0.2649007 0.118233 0.2615184 0.1227362 0.2639433 0.1192052 0.1589403 0.4900662 0.1538096 0.4900662 0.1531594 0.4838699 0.4773872 0.5949902 0.4834437 0.5953446 0.4834437 0.5960263 0.2251655 0.1788079 0.2251655 0.1751553 0.2278712 0.1760641 0.2281793 0.1761662 0.2307242 0.1770176 0.2306463 0.1788079 0.231085 0.1721854 0.2307242 0.1770176 0.2281793 0.1761662 0.8145697 0.9337747 0.8125732 0.9341321 0.8145697 0.933041 0.139897 0.4304635 0.1398535 0.4289056 0.1426402 0.4284372 0.1486744 0.4516643 0.1463553 0.4523043 0.1463453 0.450331 0.3333417 0.5496688 0.3325363 0.5524473 0.3311257 0.5496688 0.6622515 0.5701798 0.6643301 0.5701131 0.6636695 0.5726136 0.7483446 0.9205297 0.7417219 0.9271522 0.7417219 0.9205297 0.668874 0.5761588 0.6629732 0.5752646 0.6635935 0.5729026 0.7748346 0.821192 0.754967 0.735099 0.8013247 0.7947018 0.1655628 0.4966887 0.1655628 0.5033112 0.1599463 0.5033112 0.7364326 0.8794043 0.7417219 0.8741721 0.7417219 0.8800606 0.7417219 0.8800606 0.7410389 0.8807946 0.7364326 0.8794043 0.7410389 0.8807946 0.7386559 0.8807946 0.7383866 0.8806264 0.6667188 0.9149342 0.6648362 0.9164132 0.6630539 0.9139072 0.2024009 0.3332095 0.2036798 0.3353987 0.2045404 0.3377482 0.7012495 0.5827813 0.6887416 0.5769656 0.6821191 0.5710219 0.2649006 0.2251655 0.2582781 0.231788 0.2582781 0.2251655 0.7218542 0.590306 0.7248774 0.5919657 0.72356 0.5942401 0.7234225 0.5944828 0.7218542 0.590306 0.72356 0.5942401 0.7280315 0.5960263 0.7225554 0.5960263 0.7234225 0.5944828 0.72356 0.5942401 0.7248774 0.5919657 0.7280315 0.5960263 0.2770938 0.1059603 0.2715232 0.1059603 0.2756727 0.1036081 0.2715232 0.1059603 0.2729484 0.1006106 0.2756727 0.1036081 0.2756727 0.1036081 0.2758945 0.1038514 0.2770938 0.1059603 0.2774639 0.1059603 0.2774699 0.105576 0.2781457 0.1052875 0.2781457 0.09933775 0.2781457 0.1049165 0.2756727 0.1036081 0.2781457 0.1049165 0.2774699 0.105576 0.2758945 0.1038514 0.2756727 0.1036081 0.2781457 0.1049165 0.2758945 0.1038514 0.1456953 0.437086 0.1400226 0.437086 0.1426982 0.4365887 0.205298 0.5173668 0.205298 0.5170252 0.2090973 0.5173512 0.1491717 0.4597981 0.1464533 0.460616 0.1464756 0.4569536 0.3377484 0.5496688 0.3377484 0.5554212 0.3325363 0.5524473 0.1450012 0.4172185 0.144591 0.410596 0.1456953 0.423841 0.1655628 0.5091618 0.1621845 0.5068787 0.164161 0.505373 0.6070902 0.631966 0.6026492 0.6291388 0.6092717 0.6291388 0.7417219 0.8874171 0.7410762 0.8874171 0.7413067 0.8824555 0.2511491 0.4974347 0.2516556 0.4974386 0.2508213 0.500187 0.2511491 0.4974347 0.2508213 0.500187 0.245033 0.49744 0.2715231 0.5430463 0.2980132 0.5496688 0.3046359 0.5562914 0.728477 0.5964695 0.728477 0.6011649 0.7276889 0.602157 0.2174568 0.08399325 0.2185429 0.08025866 0.2185429 0.08609271 0.4503312 0.5111331 0.4569537 0.5114575 0.4566135 0.5140838 0.2557929 0.04474222 0.2559127 0.04431974 0.2582781 0.04551512 0.2559127 0.04431974 0.2566123 0.04183489 0.2582781 0.04038321 0.2582781 0.04038321 0.2574654 0.03973495 0.2579373 0.03973495 0.2516556 0.03973495 0.2574654 0.03973495 0.2566863 0.0415703 0.2566863 0.0415703 0.2566123 0.04183489 0.2516556 0.03973495 0.2039401 0.1041167 0.2018492 0.1028154 0.205298 0.1002076 0.2041653 0.1042575 0.205298 0.1049659 0.1996992 0.1059603 0.8197037 0.8410595 0.8171224 0.84549 0.8145698 0.8410595 0.8079471 0.9396287 0.8041445 0.9398409 0.8044635 0.9370276 0.7350993 0.893302 0.7350992 0.8882057 0.736415 0.8889509 0.736415 0.8889509 0.7366426 0.8890797 0.7350993 0.893302 0.7350993 0.893302 0.7387924 0.8902919 0.7391616 0.8904993 0.7350993 0.8936941 0.7391616 0.8904993 0.7386252 0.8940396 0.3934447 0.517252 0.3973511 0.5172786 0.3931648 0.519764 0.5774065 0.5569589 0.5827814 0.5562914 0.5827814 0.5571025 0.3934447 0.517252 0.3931648 0.519764 0.3907285 0.517224 0.3931313 0.5200658 0.392847 0.5226251 0.3907285 0.5224134 0.1834629 0.521392 0.1835929 0.521004 0.1854304 0.5218501 0.1843559 0.5186299 0.1835929 0.521004 0.1795351 0.5165563 0.1569422 0.4911367 0.1548045 0.491927 0.1538096 0.4900662 0.6622516 0.9084417 0.6622517 0.9131132 0.6613702 0.9090968 0.6622517 0.9131132 0.6595079 0.9104797 0.6611822 0.9092367 0.6622516 0.9072846 0.6622516 0.9084417 0.6613702 0.9090968 0.6611822 0.9092367 0.6595079 0.9104797 0.6572077 0.9072846 0.5231791 0.6141188 0.5226241 0.6111841 0.5231791 0.6092714 0.1456953 0.449538 0.1414669 0.4451178 0.1436818 0.4445667 0.7615896 0.8609271 0.7615896 0.859098 0.7682121 0.8609271 0.7615896 0.859098 0.765519 0.8589411 0.7682121 0.8609271 0.7682121 0.8604832 0.765519 0.8589411 0.7656474 0.8586359 0.2019836 0.1119865 0.2023653 0.1125828 0.1994104 0.1125828 0.5994067 0.6291388 0.5994082 0.6286092 0.601252 0.6256199 0.6247934 0.7169305 0.6225168 0.7160037 0.6233161 0.7152314 0.4768212 0.6009865 0.4754959 0.6002424 0.4762721 0.5979857 0.6556291 0.8940396 0.6556292 0.8998681 0.6536337 0.8949292 0.6556292 0.8998681 0.6513698 0.8966139 0.6536337 0.8949292 0.6534192 0.8950885 0.6513698 0.8966139 0.6498552 0.8940396 0.6615029 0.5695363 0.6572677 0.5651396 0.6573641 0.5647471 0.2200044 0.1854304 0.2213662 0.1825965 0.2236139 0.1832727 0.2200044 0.1854304 0.2236139 0.1832727 0.2251655 0.1846675 0.2251655 0.183741 0.2251655 0.1846675 0.2238556 0.1833457 0.2251655 0.1788079 0.2251655 0.183741 0.2238556 0.1833457 0.2238556 0.1833457 0.2236139 0.1832727 0.2251655 0.1788079 0.7012495 0.5827813 0.6953643 0.5827813 0.6953644 0.5783409 0.598154 0.6309316 0.5990908 0.6291388 0.5994067 0.6291388 0.5994067 0.6291388 0.6026492 0.6291388 0.6026493 0.6347542 0.7968347 0.9337747 0.7969688 0.9331488 0.8013249 0.9329702 0.4437087 0.510663 0.4437088 0.5110307 0.4404351 0.5106176 0.2516556 0.03426671 0.2516556 0.03460735 0.2489796 0.03973495 0.2516556 0.03460735 0.2516556 0.03973495 0.2489796 0.03973495 0.2430776 0.4974299 0.245033 0.49744 0.2427753 0.5001794 0.2430776 0.4974299 0.2427753 0.5001794 0.2384105 0.4974377 0.4437088 0.5110307 0.4486587 0.5110378 0.448683 0.5106766 0.8013248 0.9394739 0.7956958 0.9389577 0.8013248 0.9337747 0.4437087 0.5165563 0.4437088 0.5110307 0.448683 0.5106766 0.5154501 0.6060243 0.5159168 0.6037576 0.5165564 0.6038092 0.7615896 0.8680464 0.7621033 0.8675495 0.7625151 0.8675495 0.1589404 0.1258278 0.1788079 0.1324503 0.1788079 0.1593829 0.2672743 0.1064431 0.2715232 0.1059603 0.2700985 0.1092772 0.2715232 0.1059603 0.2715231 0.1106824 0.270326 0.1095027 0.2672743 0.1064431 0.2700985 0.1092772 0.2703493 0.1125828 0.2700985 0.1092772 0.270326 0.1095027 0.2715231 0.1113917 0.2703493 0.1125828 0.2700985 0.1092772 0.2715231 0.1113917 0.270326 0.1095027 0.2715231 0.1106824 0.2715231 0.1113917 0.1451885 0.3249611 0.1448661 0.3245032 0.1452339 0.3178808 0.2219588 0.1912314 0.2244528 0.1920529 0.2190209 0.1920529 0.7372538 0.9088945 0.736966 0.9072846 0.7372625 0.9072846 0.7475088 0.9131547 0.7431373 0.9079318 0.7483447 0.9139073 0.7019864 0.583429 0.7019864 0.5886043 0.7012674 0.585331 0.580635 0.7627838 0.5778974 0.7682117 0.5761593 0.7615891 0.7012495 0.5827813 0.7019864 0.583429 0.7012674 0.585331 0.1979537 0.3443707 0.192053 0.3443708 0.1957947 0.3383486 0.1976746 0.3409388 0.1979537 0.3443707 0.1957947 0.3383486 0.5849013 0.6225163 0.5855327 0.6209191 0.5868074 0.6177513 0.2011367 0.5169316 0.205298 0.5173668 0.2006544 0.519559 0.7956958 0.9389577 0.7962108 0.9365721 0.8013248 0.9337747 0.7962108 0.9365721 0.7962746 0.9362807 0.8013248 0.9337747 0.734301 0.8877306 0.7350992 0.8882057 0.7350993 0.893302 0.6895646 0.9403973 0.6931686 0.9455819 0.692964 0.9460307 0.3878777 0.5590515 0.3907285 0.5616381 0.3907285 0.5629138 0.7549669 0.5960263 0.7483444 0.5894038 0.7615893 0.5827813 0.7615896 0.8549751 0.7615896 0.8588406 0.758198 0.8561431 0.7615896 0.8588406 0.7597497 0.858436 0.758198 0.8561431 0.1464061 0.2582781 0.1464565 0.2526255 0.1491566 0.2533007 0.1523179 0.2516556 0.1523179 0.2541298 0.1494802 0.253382 0.1491566 0.2533007 0.1464565 0.2526255 0.1464912 0.2516556 0.7344036 0.8966962 0.7347525 0.8940396 0.7350993 0.8940396 0.2623597 0.1129961 0.2703493 0.1125828 0.2649007 0.118233 0.224529 0.205298 0.2185429 0.205298 0.2216253 0.1993665 0.2185429 0.205298 0.2185429 0.1986754 0.2212957 0.1993257 0.7682121 0.8675495 0.7682121 0.8620001 0.7711089 0.8617481 0.771381 0.8618019 0.773765 0.8609271 0.7741743 0.8624017 0.2277551 0.2306964 0.2305279 0.231788 0.2251655 0.231788 0.7308877 0.9035876 0.733223 0.9040733 0.7331747 0.9072847 0.733223 0.9040733 0.7335496 0.904146 0.733484 0.9072846 0.6887416 0.5827813 0.6887416 0.5769656 0.6947993 0.58001 0.6947993 0.58001 0.6887416 0.5769656 0.6949101 0.5796842 0.6225168 0.7284765 0.6166142 0.7284765 0.6225168 0.7246232 0.2384105 0.03387522 0.2418017 0.03357023 0.2414933 0.03640347 0.245033 0.03973495 0.2411231 0.03973495 0.2414564 0.03673654 0.2414564 0.03673654 0.2414933 0.03640347 0.245033 0.03385454 0.2414933 0.03640347 0.2418017 0.03357023 0.245033 0.03385454 0.8211922 0.7682117 0.8145698 0.7549666 0.8211922 0.7549666 0.3065905 0.5041458 0.3062285 0.5068581 0.3046359 0.5040618 0.4437088 0.5110307 0.4403917 0.5138464 0.4403958 0.513538 0.4404302 0.5109803 0.4403958 0.513538 0.4403917 0.5138464 0.1986755 0.1133748 0.1986755 0.1192052 0.1967313 0.1182966 0.1456953 0.2692089 0.1456953 0.2656356 0.1482826 0.2694289 0.2715231 0.5360639 0.2649006 0.5351462 0.2715231 0.5356704 0.7308133 0.9115796 0.7329819 0.9114727 0.7329466 0.9139073 0.6556291 0.8940396 0.6479545 0.8891881 0.6401865 0.8749853 0.7615894 0.6556288 0.7615894 0.6545702 0.7644535 0.653151 0.7647721 0.6529927 0.7674026 0.6516976 0.7675032 0.6556288 0.245033 0.5231788 0.245033 0.5290252 0.2403694 0.5258921 0.5827814 0.6217386 0.5770078 0.6216775 0.5778667 0.6188982 0.5779696 0.618564 0.5827814 0.6217386 0.5778667 0.6188982 0.6158943 0.735099 0.6158943 0.729324 0.617697 0.7309063 0.6166142 0.7284765 0.6225168 0.7284765 0.617697 0.7309063 0.5834848 0.7867497 0.584703 0.7947018 0.584388 0.7947018 0.1398105 0.316629 0.1452339 0.3178808 0.1398043 0.3178808 0.5622534 0.5503807 0.5629138 0.5503998 0.5617652 0.5530129 0.5622534 0.5503807 0.5617652 0.5530129 0.5562914 0.5503212 0.561707 0.5533282 0.5612177 0.5559744 0.5562915 0.5554032 0.5562915 0.5557431 0.5612177 0.5559744 0.5611647 0.5562914 0.6772746 0.9271522 0.6785039 0.9262267 0.6804049 0.9247974 0.7301623 0.9192872 0.7350993 0.917794 0.7350993 0.9205297 0.5154501 0.6060243 0.509934 0.6084023 0.5159168 0.6037576 0.7483445 0.8609271 0.7493559 0.8590551 0.7515329 0.8603016 0.7515329 0.8603016 0.7517765 0.8604357 0.7483445 0.8609271 0.7515329 0.8603016 0.7493559 0.8590551 0.754967 0.8543046 0.7581276 0.6382634 0.7606979 0.6368179 0.7608775 0.6423838 0.94702 0.6158939 0.960265 0.6622514 0.9139074 0.6423838 0.7549669 0.6357613 0.754967 0.6307552 0.7606426 0.6357613 0.6405309 0.5665867 0.6399491 0.5691719 0.6357614 0.5686976 0.2582781 0.1250877 0.2582781 0.1200597 0.2593564 0.1209472 0.2593564 0.1209472 0.2595465 0.1211038 0.2582781 0.1250877 0.2582781 0.1250877 0.2612482 0.1225113 0.2615184 0.1227362 0.2615184 0.1227362 0.2612482 0.1225113 0.2639433 0.1192052 0.9735099 0.9867549 0.9668873 0.9867549 0.9668874 0.9801326 0.1390728 0.3841059 0.1402384 0.3907284 0.1390728 0.3885004 0.3133861 0.06547957 0.3112582 0.06529432 0.3159899 0.06576544 0.2251655 0.2541226 0.2275252 0.2545127 0.2277991 0.2545579 0.2268252 0.4974344 0.231788 0.4973914 0.2265173 0.4998355 0.231788 0.5029034 0.2261877 0.5025054 0.2264813 0.5001238 0.2264813 0.5001238 0.2261877 0.5025054 0.2251656 0.50234 0.2251656 0.50234 0.2251656 0.4972075 0.2265173 0.4998355 0.2251656 0.4972075 0.2268252 0.4974344 0.2265173 0.4998355 0.6802844 0.9349491 0.6787052 0.9362911 0.6769255 0.9337747 0.4316748 0.5114598 0.4370861 0.5112087 0.4319001 0.5137398 0.4319001 0.5137398 0.4370861 0.5112087 0.4319294 0.5140162 0.4316748 0.5114598 0.4319001 0.5137398 0.4319294 0.5140162 0.2251655 0.03417319 0.2251655 0.03311246 0.231788 0.03311246 0.231788 0.03973495 0.231788 0.03403782 0.2335451 0.03672254 0.2335451 0.03672254 0.2335261 0.03639417 0.2384105 0.03387522 0.2335261 0.03639417 0.2333649 0.03360289 0.2384105 0.03387522 0.2913907 0.04790443 0.2887481 0.04729181 0.2913907 0.04757618 0.7880799 0.721854 0.7880799 0.7211309 0.7907104 0.7203637 0.7910269 0.7202711 0.7935742 0.7195239 0.7939648 0.721854 0.7880799 0.721854 0.7907104 0.7203637 0.7939648 0.721854 0.1854304 0.3642383 0.1854304 0.361117 0.1876181 0.3615732 0.7483445 0.8741721 0.7483446 0.8738247 0.754967 0.8741721 0.7483445 0.8675495 0.7535562 0.8675495 0.7498005 0.8688323 0.7535562 0.8675495 0.7518724 0.8700804 0.7500079 0.8689571 0.3178808 0.08609271 0.3160541 0.06622517 0.3163638 0.06622517 0.2384105 0.5289616 0.231788 0.528653 0.2322206 0.526077 0.576159 0.6217085 0.5695363 0.6206662 0.5700218 0.6181648 0.7814571 0.7019864 0.7814571 0.6981464 0.7839222 0.6973119 0.7842047 0.6972163 0.7864955 0.6964429 0.7873511 0.7019863 0.7814571 0.7019864 0.7839222 0.6973119 0.7842047 0.6972163 0.7549669 0.6357613 0.7509799 0.6330932 0.753426 0.6316643 0.753426 0.6316643 0.7509799 0.6330932 0.7483444 0.6291388 0.1419277 0.2687613 0.1423497 0.2688143 0.1410215 0.2715231 0.1456953 0.2715231 0.1410215 0.2715231 0.1456953 0.2692089 0.1410215 0.2715231 0.1423497 0.2688143 0.1450808 0.2691388 0.1452236 0.2691551 0.1410215 0.2715231 0.1450808 0.2691388 0.1456953 0.2656356 0.1456953 0.2692089 0.1452236 0.2691551 0.1450808 0.2691388 0.1423497 0.2688143 0.1456953 0.2656356 0.7682121 0.6563537 0.7713499 0.6588815 0.7691184 0.6599362 0.7688804 0.6600497 0.7682121 0.6603685 0.7682121 0.6563537 0.6324445 0.6634673 0.629785 0.6622514 0.6344839 0.6622514 0.7682121 0.6603685 0.7688804 0.6600497 0.7735126 0.6622514 0.7688804 0.6600497 0.7691184 0.6599362 0.7735126 0.6622514 0.8013246 0.7682117 0.8013246 0.7672532 0.8040583 0.7665531 0.8043782 0.7664704 0.8069955 0.7657923 0.8072207 0.7682116 0.8013246 0.7682117 0.8040583 0.7665531 0.8072207 0.7682116 0.7615897 0.9265716 0.7615897 0.9208486 0.7622094 0.9271522 0.7279844 0.9205297 0.7232939 0.9205297 0.7269535 0.9190088 0.9801325 0.9735099 0.986755 0.9801325 0.9735099 0.9735099 0.7232939 0.9205297 0.7266714 0.9189996 0.7269535 0.9190088 0.728477 0.9190588 0.728477 0.9199745 0.7269535 0.9190088 0.7284769 0.9139073 0.728477 0.9190588 0.7266714 0.9189996 0.728477 0.9190588 0.7269535 0.9190088 0.7266714 0.9189996 0.2781457 0.1059603 0.2774639 0.1059603 0.2781457 0.1052875 0.7947022 0.7442607 0.7974926 0.7434834 0.8005979 0.7483441 0.7814571 0.7086089 0.7814571 0.7065364 0.7843179 0.705613 0.7846472 0.7055063 0.7873709 0.7046245 0.7873637 0.7086089 0.7814571 0.7086089 0.7843179 0.705613 0.7873637 0.7086089 0.8079473 0.7947018 0.8079472 0.7897965 0.8104623 0.7894177 0.8107452 0.7893767 0.813075 0.7890525 0.8136312 0.7947018 0.2059225 0.4900661 0.2052979 0.4900662 0.2052979 0.4865664 0.7479906 0.8949781 0.7463397 0.8940396 0.7483446 0.8940396 0.7487402 0.8874172 0.7489963 0.8860813 0.7549671 0.8815633 0.7483444 0.6166151 0.7431786 0.6192417 0.7457454 0.6174739 0.7459844 0.6173055 0.7476935 0.6158939 0.7483444 0.6166151 0.7417218 0.6158939 0.7476935 0.6158939 0.7459844 0.6173055 0.7743167 0.6688739 0.7682121 0.6688739 0.7710278 0.6678244 0.7713536 0.6676791 0.7739861 0.6665153 0.7743167 0.6688739 0.2575361 0.1258278 0.2528412 0.1258278 0.2516556 0.1248408 0.2574239 0.1192052 0.2582781 0.1200597 0.2582781 0.1250877 0.1788079 0.5162636 0.1788079 0.5165563 0.1762316 0.5165563 0.7279844 0.9205297 0.7277016 0.9271522 0.7250775 0.9266886 0.8005381 0.7549666 0.7955136 0.7549666 0.797734 0.7516089 0.7955136 0.7549666 0.7951939 0.7523443 0.797734 0.7516089 0.7980379 0.7515231 0.800597 0.7508166 0.8005381 0.7549666 0.7947022 0.7483441 0.8005979 0.7483441 0.7980379 0.7515231 0.8005979 0.7483441 0.800597 0.7508166 0.7980379 0.7515231 0.7980379 0.7515231 0.797734 0.7516089 0.7947022 0.7483441 0.6092718 0.7417215 0.6092717 0.7358627 0.6139857 0.738516 0.609763 0.7350991 0.6100789 0.735099 0.6117291 0.7365567 0.3112583 0.5430463 0.3112583 0.5488913 0.3095277 0.5459528 0.3112583 0.5488913 0.3086487 0.5484143 0.3095277 0.5459528 0.3096389 0.5456461 0.3105908 0.5430463 0.3112583 0.5430463 0.2207441 0.4927406 0.2205673 0.4930432 0.2185431 0.4911636 0.2185431 0.4966887 0.2185431 0.4911636 0.2194127 0.4947983 0.2185431 0.4911636 0.2205673 0.4930432 0.2194127 0.4947983 0.2245454 0.4966887 0.2185431 0.4966887 0.2205673 0.4930432 0.7814571 0.6953639 0.7762697 0.6915367 0.7791324 0.6905153 0.7791324 0.6905153 0.7794173 0.6904132 0.7814571 0.6953639 0.1444258 0.3377482 0.1446317 0.340774 0.1421286 0.3406031 0.8079473 0.8013244 0.8079473 0.7983161 0.8107243 0.7978123 0.8110494 0.7977535 0.813739 0.7972679 0.8139288 0.8013244 0.7947021 0.7360516 0.7947022 0.7417215 0.7929596 0.7366859 0.7947022 0.7417215 0.7903329 0.7372575 0.7927 0.7367405 0.7927 0.7367405 0.7903329 0.7372575 0.7892475 0.735099 0.2516556 0.1317163 0.2558469 0.1281746 0.256157 0.1284139 0.7682121 0.8620001 0.7682121 0.8616486 0.7686164 0.8612709 0.256157 0.1284139 0.2558469 0.1281746 0.2575361 0.1258278 0.2528412 0.1258278 0.2575361 0.1258278 0.253779 0.1265637 0.2575361 0.1258278 0.2558469 0.1281746 0.2539814 0.1267223 0.4493063 0.5799236 0.4437087 0.5761588 0.4503313 0.5761588 0.5636531 0.6158939 0.5695363 0.6158939 0.5695363 0.6181901 0.7748345 0.6762202 0.7748345 0.6821188 0.772093 0.6760684 0.7748345 0.6821188 0.7701515 0.6768807 0.772093 0.6760684 0.772093 0.6760684 0.77231 0.6759771 0.7748345 0.6762202 0.3720703 0.5562914 0.3708609 0.562151 0.3708609 0.5562914 0.769439 0.6754963 0.7742494 0.6754963 0.77231 0.6759771 0.77231 0.6759771 0.772093 0.6760684 0.769439 0.6754963 0.1879179 0.1407312 0.190528 0.1418707 0.1854304 0.1456953 0.1876518 0.1406148 0.1854304 0.1397784 0.1862094 0.1390728 0.8079472 0.7818611 0.8079473 0.7880793 0.8057191 0.7824695 0.8079473 0.7880793 0.8031052 0.7830798 0.8054598 0.7825278 0.8073291 0.7814568 0.8079472 0.7818611 0.8057191 0.7824695 0.8054598 0.7825278 0.8031052 0.7830798 0.8023751 0.7814568 0.7234682 0.9349347 0.7218545 0.9337747 0.7269265 0.9337747 0.7432209 0.8741721 0.7476089 0.8741721 0.7440995 0.8747299 0.7476089 0.8741721 0.7464961 0.8762519 0.7443279 0.8748748 0.7086094 0.9462947 0.7086095 0.9413725 0.7093055 0.9428384 0.7094339 0.9431076 0.710656 0.9456251 0.7086094 0.9462947 0.2119204 0.496048 0.2052979 0.4966887 0.2089006 0.4944685 0.2214667 0.2614421 0.2242869 0.2619719 0.2245749 0.2620266 0.1800571 0.3708608 0.1808519 0.3687312 0.1834458 0.3690895 0.1854304 0.370085 0.1834458 0.3690895 0.1837272 0.3691278 0.1854304 0.3642383 0.1854304 0.3693591 0.1837272 0.3691278 0.1837272 0.3691278 0.1834458 0.3690895 0.1854304 0.3642383 0.8194097 0.834437 0.8145698 0.834437 0.81457 0.8296507 0.4623149 0.5165563 0.4503312 0.5107732 0.4569537 0.5099338 0.7565741 0.9267728 0.7615897 0.9271522 0.7549671 0.9271522 0.1426213 0.292815 0.1398928 0.2925795 0.1399126 0.2913907 0.4503313 0.5827813 0.4569537 0.5827813 0.455601 0.585524 0.8110811 0.8139348 0.8085755 0.8145695 0.8079473 0.8079469 0.8085755 0.8145695 0.8110811 0.8139348 0.8139109 0.8145695 0.8110811 0.8139348 0.811384 0.8138923 0.8139109 0.8145695 0.3027763 0.05636394 0.303499 0.05357587 0.3046358 0.05373162 0.3032898 0.5389816 0.2980132 0.5364238 0.3046359 0.5364238 0.1797355 0.3774834 0.17974 0.3769131 0.1821169 0.3770604 0.1824041 0.3770783 0.1847919 0.3774834 0.1797355 0.3774834 0.1847828 0.3907284 0.1823208 0.3851193 0.1847919 0.3774834 0.1791701 0.1589403 0.1788079 0.1324503 0.1803233 0.1462092 0.8145698 0.8410595 0.8145698 0.8376591 0.8169511 0.8374451 0.8172305 0.8374201 0.8195423 0.8372134 0.8197037 0.8410595 0.2241187 0.2862115 0.2219088 0.293852 0.2232599 0.2913907 0.2219588 0.1912314 0.2200044 0.1854304 0.2251655 0.1846675 0.1456953 0.3046357 0.1398686 0.3046357 0.1428821 0.3008969 0.1398686 0.3046357 0.1398475 0.3006131 0.1428821 0.3008969 0.3112582 0.05611753 0.3106653 0.05960249 0.308836 0.05960249 0.7427636 0.8920438 0.7431501 0.8922653 0.7423277 0.8940396 0.6078565 0.7441279 0.6026494 0.742494 0.606135 0.7423152 0.6034445 0.7417215 0.6055628 0.7417215 0.6059488 0.7421218 0.6092718 0.7417215 0.6078565 0.7441279 0.606135 0.7423152 0.4437088 0.5820228 0.43968 0.5819552 0.4409815 0.5789597 0.1398485 0.3112582 0.1398472 0.3086217 0.1425542 0.3088328 0.2901175 0.5065954 0.2847682 0.5088856 0.2847682 0.5039463 0.5562916 0.6092713 0.562914 0.6101658 0.562914 0.6128451 0.602649 0.5569796 0.6014604 0.559748 0.6015254 0.5594502 0.4684504 0.5231788 0.4662049 0.5316933 0.4646558 0.5240795 0.4646558 0.5240795 0.4635764 0.5364238 0.4635764 0.5298013 0.4646558 0.5240795 0.4662049 0.5316933 0.4649573 0.5364238 0.1655629 0.2005724 0.162833 0.1996281 0.1631209 0.1997269 0.7549671 0.9205297 0.7507737 0.9205297 0.7511802 0.9196586 0.7511802 0.9196586 0.7507737 0.9205297 0.7490414 0.9205297 0.2251655 0.03973495 0.2213931 0.03973495 0.2243153 0.03757244 0.2213931 0.03973495 0.2234639 0.03509581 0.2242363 0.03731137 0.2251654 0.03451645 0.2251655 0.03973495 0.2243153 0.03757244 0.2243153 0.03757244 0.2242363 0.03731137 0.2251654 0.03451645 0.2251654 0.03451645 0.2234639 0.03509581 0.2233222 0.03476732 0.7423277 0.8940396 0.7463397 0.8940396 0.7472997 0.9006623 0.629139 0.6614418 0.629785 0.6622514 0.6245482 0.6584964 0.3774835 0.5621364 0.3714199 0.5621629 0.3717717 0.5591424 0.3245034 0.1059603 0.3178808 0.1125828 0.3178808 0.1059603 0.2244722 0.2715231 0.2188534 0.2715231 0.2217062 0.2695434 0.2847682 0.5039463 0.2904429 0.5041428 0.2901175 0.5065954 0.2913907 0.509529 0.2897416 0.5093859 0.2900782 0.5068906 0.2901175 0.5065954 0.2904429 0.5041428 0.2913907 0.5041809 0.8145697 0.8543046 0.8145697 0.8536872 0.8172902 0.8535155 0.8176118 0.8534953 0.8202727 0.8533272 0.8203072 0.8543046 0.2071742 0.3293082 0.2119206 0.3245033 0.2119206 0.3303923 0.1456953 0.3170377 0.1456953 0.3178808 0.1452723 0.3170195 0.81457 0.8296507 0.8145698 0.834437 0.813264 0.8297837 0.8145698 0.834437 0.8105171 0.8300622 0.8129928 0.8298111 0.8145699 0.8285374 0.81457 0.8296507 0.813264 0.8297837 0.8129928 0.8298111 0.8105171 0.8300622 0.8094941 0.8278145 0.6174875 0.5601626 0.615894 0.5570416 0.617557 0.5598353 0.5857072 0.5562914 0.589404 0.5562914 0.589404 0.5573936 0.7417219 0.9009604 0.7420275 0.9006623 0.7423579 0.9006623 0.2185431 0.2847682 0.2210536 0.2855829 0.2185431 0.2913907 0.8013248 0.9470198 0.728477 0.9668875 0.7682121 0.9536424 0.2062646 0.4900662 0.2056533 0.4863624 0.2082093 0.4846303 0.2082093 0.4846303 0.2056533 0.4863624 0.205298 0.4834437 0.9668874 0.9933775 0.9602649 0.9933775 0.9602647 0.9867549 0.1803233 0.1462092 0.1804361 0.1456953 0.1827049 0.1472073 0.1803233 0.1462092 0.1827049 0.1472073 0.179598 0.1523178 0.2980132 0.542281 0.2938324 0.5422601 0.2947013 0.5395333 0.2947013 0.5395333 0.2948057 0.5392047 0.2980132 0.542281 0.1398043 0.3178808 0.1452339 0.3178808 0.1448661 0.3245032 0.2980132 0.05878525 0.2943859 0.05687445 0.2952021 0.05406212 0.2952823 0.0537765 0.2955044 0.05298012 0.2972761 0.05298012 0.2980132 0.05878525 0.2952021 0.05406212 0.2980132 0.05363941 0.2952021 0.05406212 0.2952823 0.0537765 0.2972761 0.05298012 0.2980132 0.05363941 0.2972761 0.05298012 0.297661 0.05298012 0.7907104 0.7203637 0.7910269 0.7202711 0.7939648 0.721854 0.1794885 0.1589403 0.1795192 0.1546458 0.1819777 0.1556301 0.1854304 0.1523178 0.1845807 0.1566604 0.1822659 0.1557448 0.1819777 0.1556301 0.1795192 0.1546458 0.179598 0.1523178 0.7472546 0.9134143 0.7423933 0.9139073 0.7417219 0.9131774 0.7472546 0.9134143 0.7417219 0.9076496 0.7431373 0.9079318 0.2185431 0.2972821 0.2185431 0.293226 0.2192898 0.2933651 0.219551 0.2934138 0.2219088 0.293852 0.2185431 0.2972821 0.2089006 0.4944685 0.209176 0.4942377 0.2119204 0.496048 0.2119204 0.4919745 0.2119204 0.496048 0.2110745 0.4926667 0.2119204 0.496048 0.209176 0.4942377 0.2108859 0.4928213 0.2119204 0.4906335 0.2119204 0.4919745 0.2114392 0.4900662 0.8145697 0.8675495 0.8145697 0.8616611 0.8174381 0.8615166 0.8177776 0.8614992 0.8206647 0.861353 0.8205932 0.8675495 0.3088237 0.07234722 0.308586 0.07229328 0.3064969 0.0718255 0.222006 0.2696051 0.2217062 0.2695434 0.2192594 0.2690394 0.2178891 0.3046357 0.2148994 0.3086814 0.2126576 0.3046357 0.4635764 0.5231788 0.4633844 0.5192049 0.4645631 0.5214622 0.4701987 0.5403342 0.4768213 0.5423518 0.4768213 0.5430463 0.4701987 0.5403342 0.4667839 0.540022 0.4649573 0.5364238 0.5827816 0.7682117 0.5827815 0.7637463 0.5838491 0.7639269 0.7553769 0.8811299 0.7549671 0.8811764 0.7549671 0.8807946 0.6196178 0.6490063 0.621962 0.651083 0.6199606 0.6524437 0.7472546 0.9134143 0.7478686 0.9139073 0.7468717 0.9139073 0.7468717 0.9139073 0.7478686 0.9139073 0.7483447 0.9142681 0.7483447 0.9201769 0.7486854 0.9205297 0.7483446 0.9205297 0.1398555 0.423841 0.142656 0.4203335 0.1456953 0.423841 0.7350993 0.917794 0.7301623 0.9192872 0.7332522 0.9139073 0.7350993 0.9026067 0.7335496 0.904146 0.7343483 0.9006622 0.7417219 0.8940396 0.7386252 0.8940396 0.7391616 0.8904993 0.7391592 0.9006623 0.7417219 0.9006623 0.7417219 0.9009604 0.7379798 0.9018906 0.7417219 0.9009604 0.736966 0.9072846 0.7417219 0.8940396 0.7483446 0.8874171 0.7483446 0.887825 0.2147701 0.3167217 0.2151025 0.3167809 0.2179135 0.3178808 0.668874 0.5364238 0.6490066 0.5364238 0.6556292 0.5298013 0.6556292 0.5298013 0.6225167 0.5298013 0.629139 0.5231788 0.629139 0.5231788 0.615894 0.5231788 0.615894 0.5165563 0.615894 0.5165563 0.5496692 0.5165563 0.5562915 0.5099338 0.5562915 0.5099338 0.5364239 0.5099338 0.5430464 0.5033112 0.5430464 0.5033112 0.728477 0.4966887 0.615894 0.5165563 0.728477 0.4966887 0.8741723 0.5165563 0.7814569 0.5562914 0.728477 0.4966887 0.7814569 0.5562914 0.7615893 0.5496688 0.8807947 0.5562914 0.8874172 0.5562914 0.8874173 0.5695363 0.8741723 0.5165563 0.8807947 0.5562914 0.8079468 0.5761588 0.615894 0.5165563 0.728477 0.4966887 0.629139 0.5231788 0.615894 0.5165563 0.5562915 0.5099338 0.5430464 0.5033112 0.6556292 0.5298013 0.629139 0.5231788 0.728477 0.4966887 0.6754965 0.5430463 0.668874 0.5430463 0.668874 0.5364238 0.7019864 0.5430463 0.6754965 0.5430463 0.668874 0.5364238 0.781457 0.5629138 0.7615893 0.5562914 0.7814569 0.5562914 0.7615893 0.5562914 0.7615893 0.5496688 0.7814569 0.5562914 0.7615893 0.5496688 0.7019864 0.5430463 0.728477 0.4966887 0.7019864 0.5430463 0.668874 0.5364238 0.728477 0.4966887 0.668874 0.5364238 0.6556292 0.5298013 0.728477 0.4966887 0.8013246 0.5827813 0.7880797 0.5695363 0.8013246 0.5761588 0.7880797 0.5695363 0.7880797 0.5629138 0.8013246 0.5761588 0.8079468 0.5761588 0.8079469 0.5827813 0.8013246 0.5761588 0.8344371 0.7483441 0.821192 0.5960263 0.9139075 0.6556288 0.821192 0.5960263 0.8278148 0.5960263 0.9072849 0.6423838 0.8079468 0.5761588 0.8013246 0.5761588 0.7880797 0.5629138 0.8410596 0.7483441 0.8344371 0.7483441 0.9139075 0.7152314 0.821192 0.5960263 0.9072849 0.6423838 0.9139075 0.6556288 0.8079468 0.5761588 0.7880797 0.5629138 0.8741723 0.5165563 0.7880797 0.5629138 0.7814569 0.5562914 0.8741723 0.5165563 0.8874173 0.5695363 0.9006623 0.5695363 0.9006623 0.5761588 0.8807947 0.5562914 0.8874173 0.5695363 0.8079468 0.5761588 0.9006623 0.5761588 0.9072847 0.5761588 0.9072848 0.5894038 0.8874173 0.5695363 0.9006623 0.5761588 0.9072848 0.5894038 0.8079468 0.5761588 0.8874173 0.5695363 0.8278148 0.5960263 0.9072848 0.5894038 0.9139073 0.5894038 0.9139074 0.6026488 0.8278148 0.5960263 0.8874173 0.5695363 0.9072848 0.5894038 0.9072848 0.5894038 0.9139074 0.6026488 0.9072848 0.6158939 0.9139074 0.6026488 0.9139074 0.6158939 0.9072848 0.6158939 0.8476823 0.7682117 0.8410597 0.7748342 0.8410596 0.7483441 0.8278148 0.5960263 0.9072848 0.5894038 0.9072848 0.6158939 0.8278148 0.5960263 0.9072848 0.6158939 0.9072849 0.6423838 0.8543048 0.7682117 0.8476823 0.7682117 0.8410596 0.7483441 0.8940398 0.7748342 0.8874173 0.7748342 0.8874173 0.7682117 0.8874173 0.7682117 0.8543048 0.7682117 0.8410596 0.7483441 0.9072849 0.6423838 0.9139074 0.6423838 0.9139075 0.6556288 0.9139075 0.6556288 0.9205298 0.6556288 0.9271525 0.6688739 0.9205298 0.6556288 0.9337749 0.6688739 0.9271525 0.6688739 0.8344371 0.7483441 0.9139075 0.6556288 0.9139075 0.7152314 0.8874173 0.7682117 0.8410596 0.7483441 0.9139074 0.735099 0.9139075 0.6556288 0.9271525 0.6688739 0.9139075 0.7152314 0.9271525 0.6688739 0.9337749 0.6754963 0.9337749 0.6953639 0.9337749 0.6754963 0.9470199 0.6754963 0.9536424 0.6821188 0.9536424 0.6821188 0.9337749 0.7019864 0.9337749 0.6953639 0.9337749 0.6754963 0.9536424 0.6821188 0.9337749 0.6953639 0.8940398 0.7748342 0.8874173 0.7682117 0.9205299 0.7417215 0.8410596 0.7483441 0.9139075 0.7152314 0.9139074 0.735099 0.8940399 0.8013244 0.8940398 0.7748342 0.9072848 0.7814568 0.9271525 0.6688739 0.9337749 0.6953639 0.9139075 0.7152314 0.8874173 0.7682117 0.9139074 0.735099 0.9205299 0.7417215 0.9139074 0.735099 0.9205299 0.7284765 0.9205299 0.7417215 0.8543048 0.7947018 0.8675499 0.7947018 0.8675499 0.8013244 0.8940398 0.7748342 0.9205299 0.7417215 0.9072848 0.7814568 0.8543048 0.8278145 0.8543048 0.7947018 0.8675499 0.8013244 0.8543048 0.8278145 0.8675499 0.8013244 0.9072847 0.8145695 0.8675499 0.8013244 0.8940399 0.8013244 0.9072847 0.8145695 0.8609274 0.8807946 0.8609274 0.8675495 0.8741723 0.8807946 0.8609274 0.8675495 0.8609274 0.834437 0.9072847 0.8145695 0.8609274 0.834437 0.8543048 0.8278145 0.9072847 0.8145695 0.8940399 0.8013244 0.9072848 0.7814568 0.9139074 0.7814568 0.9139074 0.7814568 0.9139074 0.8145695 0.8940399 0.8013244 0.9139074 0.8145695 0.9072847 0.8145695 0.8940399 0.8013244 0.9072847 0.8145695 0.8741723 0.8940396 0.8741723 0.8807946 0.8741723 0.8807946 0.8609274 0.8940396 0.8609274 0.8807946 0.6050571 0.6348046 0.6026493 0.6351277 0.6026493 0.6347542 0.6026493 0.6351277 0.5979641 0.6312856 0.598154 0.6309316 0.5979641 0.6312856 0.5966182 0.6291388 0.598154 0.6309316 0.6887416 0.5769656 0.6887416 0.5827813 0.6868647 0.5784884 0.7472546 0.9134143 0.7431373 0.9079318 0.7475088 0.9131547 0.9602649 0.9933775 0.9602648 1 0.9536424 0.9933775 0.8204645 0.8807945 0.8177031 0.8854976 0.8173708 0.8855147 0.818208 0.9326716 0.815738 0.9271523 0.8205902 0.9271522 0.6092718 0.7417215 0.606135 0.7423152 0.6055628 0.7417215 0.4633844 0.5192049 0.4630537 0.5185715 0.4635764 0.5179044 0.2825868 0.5036047 0.2847682 0.5039463 0.2825371 0.5039227 0.2649007 0.5298013 0.2641457 0.5298013 0.2643586 0.5288949 0.2635662 0.532209 0.2634963 0.5325 0.2582782 0.5343654 0.8043782 0.7664704 0.8040583 0.7665531 0.8013246 0.7672532 0.245033 0.5290252 0.245033 0.5231788 0.2485046 0.5261538 0.5704547 0.6158939 0.5761591 0.6158939 0.576159 0.6217085 0.5761591 0.6158939 0.5779696 0.618564 0.576159 0.6217085 0.3046358 0.07947015 0.2980132 0.07947015 0.308586 0.07229328 0.3046358 0.07947015 0.308586 0.07229328 0.3088237 0.07234722 0.2980132 0.0911327 0.2980132 0.08609271 0.3027296 0.08762478 0.2980132 0.08609271 0.3046358 0.07947015 0.3027296 0.08762478 0.3027296 0.08762478 0.3046358 0.07947015 0.3046358 0.08609271 0.3046358 0.07947015 0.3088237 0.07234722 0.3046358 0.08609271 0.3178808 0.0927152 0.3046358 0.0927152 0.3046358 0.08609271 0.3136697 0.06550866 0.3133861 0.06547957 0.3159899 0.06576544 0.3046358 0.08609271 0.3088237 0.07234722 0.3178808 0.08609271 0.3088237 0.07234722 0.3136697 0.06550866 0.3160541 0.06622517 0.3178808 0.08609271 0.3178808 0.0927152 0.3046358 0.08609271 0.3163139 0.06580448 0.3163638 0.06622517 0.3160541 0.06622517 0.3160541 0.06622517 0.3178808 0.08609271 0.3088237 0.07234722 0.3136697 0.06550866 0.3159899 0.06576544 0.3160541 0.06622517 0.3159899 0.06576544 0.3112582 0.06529432 0.3163139 0.06580448 0.3112582 0.06529432 0.3088643 0.06003767 0.3112583 0.0602892 0.3088643 0.06003767 0.308836 0.05960249 0.3106653 0.05960249 0.3106653 0.05960249 0.3112583 0.0602892 0.3088643 0.06003767 0.3112583 0.0602892 0.3163139 0.06580448 0.3112582 0.06529432 0.8145697 0.8675495 0.8205932 0.8675495 0.8177346 0.8695217 0.6953643 0.6026488 0.7086094 0.6026488 0.6953643 0.6092713 0.7086094 0.6026488 0.7086094 0.6092713 0.6953643 0.6092713 0.7086094 0.6092713 0.7218542 0.6092713 0.7218542 0.6158939 0.7218542 0.6158939 0.735099 0.6158939 0.728477 0.6225163 0.728477 0.6225163 0.7417218 0.6225163 0.7350991 0.6291388 0.7350991 0.6291388 0.7417218 0.6291388 0.7350991 0.6357613 0.7350991 0.6357613 0.728477 0.6357613 0.7350991 0.6291388 0.728477 0.6357613 0.728477 0.6291388 0.7350991 0.6291388 0.728477 0.6291388 0.7218542 0.6291388 0.728477 0.6225163 0.7218542 0.6291388 0.7218542 0.6225163 0.728477 0.6225163 0.7218542 0.6225163 0.7019866 0.6225163 0.7218542 0.6158939 0.7019866 0.6225163 0.7019866 0.6158939 0.7086094 0.6092713 0.7019866 0.6158939 0.6887416 0.6158939 0.6953643 0.6092713 0.6953643 0.6092713 0.6821194 0.6092713 0.6953643 0.6026488 0.6821194 0.6092713 0.6821194 0.6026488 0.6953643 0.6026488 0.6821194 0.6026488 0.6688742 0.6026488 0.6821193 0.5960263 0.6688742 0.6026488 0.6688741 0.5960263 0.6821193 0.5960263 0.6688741 0.5960263 0.6556292 0.5960263 0.668874 0.5894038 0.6556292 0.5960263 0.6556292 0.5894038 0.668874 0.5894038 0.6556292 0.5894038 0.6423841 0.5894038 0.6490066 0.5827813 0.6490066 0.5827813 0.615894 0.5827813 0.6225166 0.5761588 0.6225166 0.5761588 0.6026491 0.5695363 0.6092718 0.5695363 0.6092718 0.5695363 0.602649 0.5629138 0.6092718 0.5629138 0.6092718 0.5629138 0.602649 0.5624161 0.602649 0.5569796 0.602649 0.5569796 0.615894 0.5570416 0.6092718 0.5629138 0.615894 0.5570416 0.6174875 0.5601626 0.6092718 0.5629138 0.6174875 0.5601626 0.617557 0.5598353 0.6225167 0.5573347 0.6225167 0.5573347 0.6261176 0.5577171 0.6225166 0.5761588 0.6261176 0.5577171 0.6357614 0.563553 0.6357614 0.5686976 0.6261176 0.5577171 0.6357614 0.5686976 0.6225166 0.5761588 0.6174875 0.5601626 0.6225167 0.5573347 0.6225166 0.5761588 0.6357614 0.5686976 0.6399491 0.5691719 0.6225166 0.5761588 0.6092718 0.5695363 0.6092718 0.5629138 0.6174875 0.5601626 0.6490066 0.5827813 0.6225166 0.5761588 0.6399491 0.5691719 0.6225166 0.5761588 0.6092718 0.5695363 0.6174875 0.5601626 0.6556292 0.5894038 0.6490066 0.5827813 0.6556292 0.5827813 0.6556292 0.5894038 0.6556292 0.5827813 0.668874 0.5894038 0.6953643 0.6026488 0.6821194 0.6026488 0.6953643 0.5960263 0.7019866 0.6225163 0.7086094 0.6092713 0.7218542 0.6158939 0.7019866 0.6158939 0.6953643 0.6092713 0.7086094 0.6092713 0.7350991 0.6291388 0.728477 0.6291388 0.728477 0.6225163 0.7218542 0.6158939 0.728477 0.6225163 0.7218542 0.6225163 0.6821193 0.5960263 0.6953643 0.5960263 0.6821194 0.6026488 0.668874 0.5894038 0.6887416 0.5894038 0.6821193 0.5960263 0.6556292 0.5827813 0.6754966 0.5827813 0.668874 0.5894038 0.6490066 0.5695363 0.6622516 0.5761588 0.6556292 0.5827813 0.6556292 0.5642903 0.6556292 0.5695363 0.6490066 0.5695363 0.6423841 0.5636605 0.6490066 0.5633935 0.6423841 0.5695363 0.6490066 0.5633935 0.6556292 0.5642903 0.6490066 0.5695363 0.6423841 0.5695363 0.6490066 0.5633935 0.6490066 0.5695363 0.6490066 0.5827813 0.6399491 0.5691719 0.6423841 0.5695363 0.668874 0.5894038 0.6821193 0.5960263 0.6688741 0.5960263 0.6423841 0.5695363 0.6490066 0.5695363 0.6490066 0.5827813 0.3112582 0 0.3178808 0.006622493 0.3112582 0.006622493 0.3178808 0.006622493 0.3178808 0.01324486 0.3112582 0.006622493 0.3178808 0.01324486 0.3178808 0.01986742 0.3112582 0.01324486 0.1804361 0.1456953 0.1854304 0.1456953 0.1829914 0.1473275 0.7382499 0.9205297 0.7350993 0.9238805 0.7350993 0.9205297 0.2566517 0.5266729 0.2568088 0.5259469 0.2582782 0.5281988 0.9668874 0.6556288 0.9668873 0.6622514 0.960265 0.6622514 0.960265 0.6622514 0.94702 0.6158939 0.9536424 0.6225163 0.9536424 0.6225163 0.9536423 0.6158939 0.9602649 0.6225163 0.9602649 0.6225163 0.9602649 0.6092713 0.9668873 0.6158939 0.9668873 0.6158939 0.9668873 0.6092713 0.9735099 0.6158939 0.9735099 0.6158939 0.9735099 0.6092713 0.9801322 0.6158939 0.9801322 0.6158939 0.9867551 0.6092713 0.986755 0.6158939 0.986755 0.6158939 0.9933773 0.6092713 0.9933773 0.6225163 0.9933773 0.6225163 1 0.6225163 1 0.6556288 0.9933773 0.6225163 1 0.6556288 0.9867551 0.6556288 0.9801322 0.6158939 0.986755 0.6158939 0.9933773 0.6225163 0.9668873 0.6158939 0.9735099 0.6158939 0.9602649 0.6225163 0.9735099 0.6158939 0.9801322 0.6158939 0.9933773 0.6225163 0.9602649 0.6225163 0.9735099 0.6158939 0.9933773 0.6225163 0.960265 0.6622514 0.9536424 0.6225163 0.9668874 0.6556288 0.9536424 0.6225163 0.9602649 0.6225163 0.9668874 0.6556288 0.9933773 0.6225163 0.9867551 0.6556288 0.9668874 0.6556288 0.5033112 0.6020047 0.5082092 0.6026487 0.5033112 0.6026487 0.2147701 0.3167217 0.2119206 0.3178808 0.2114089 0.3178808 0.9801325 0.9801325 0.9801324 0.9867549 0.9735099 0.9801325 0.1397917 0.4039735 0.1443338 0.4039735 0.1421865 0.4044894 0.2516556 0.5298013 0.245033 0.5290252 0.247904 0.5290454 0.247904 0.5290454 0.2485046 0.5261538 0.2524462 0.5298013 0.2524462 0.5298013 0.2557381 0.5298013 0.2582782 0.5343654 0.2557381 0.5298013 0.2582782 0.5298013 0.2582782 0.5343654 0.2582782 0.5343654 0.2628372 0.5352076 0.2516556 0.5298013 0.2516556 0.5298013 0.247904 0.5290454 0.2524462 0.5298013 0.4322489 0.5165563 0.4172185 0.5231788 0.4254173 0.5188592 0.4172185 0.5231788 0.4238411 0.5223919 0.4254173 0.5188592 0.4238411 0.5223919 0.4238411 0.5168995 0.4254173 0.5188592 0.4635764 0.5176387 0.4623149 0.5165563 0.4635764 0.5165563 0.4623149 0.5165563 0.4635764 0.5099338 0.4635764 0.5165563 0.8205902 0.9271522 0.815738 0.9271523 0.8182848 0.9250789 0.2211378 0.03973495 0.2234639 0.03509581 0.2213931 0.03973495 0.7483446 0.8882095 0.7483446 0.887825 0.7487402 0.8874172 0.6249794 0.6582739 0.6229239 0.6556288 0.6233157 0.6556288 0.6229239 0.6556288 0.6196709 0.6526417 0.6225168 0.6548139 0.6233157 0.6556288 0.6229239 0.6556288 0.6225168 0.6548139 0.7339849 0.9006623 0.7308877 0.9035876 0.7306028 0.9035318 0.1882556 0.3534609 0.1908206 0.3576158 0.1854304 0.3576158 0.7417219 0.9135514 0.7417219 0.9139073 0.7375157 0.9120765 0.8139653 0.821192 0.8117045 0.8218916 0.8114311 0.8219258 0.2185431 0.2781457 0.2244257 0.2781457 0.2239314 0.2847682 0.1494802 0.253382 0.1491566 0.2533007 0.1464912 0.2516556 0.7927 0.7367405 0.794057 0.735099 0.7947021 0.7360516 0.6754966 0.5702814 0.6807168 0.5711466 0.6808071 0.5708294 0.7735126 0.6622514 0.7713536 0.6676791 0.7710278 0.6678244 0.8173708 0.8855147 0.8177031 0.8854976 0.8204639 0.8874171 0.2980132 0.0911327 0.2942633 0.08894872 0.2940848 0.08864903 0.179598 0.1523178 0.1854304 0.1523178 0.1822659 0.1557448 0.4635764 0.4900662 0.4701987 0.4900662 0.4701987 0.4966887 0.4701987 0.4966887 0.4635763 0.4966887 0.4635764 0.4900662 0.4635763 0.4966887 0.4503312 0.4966887 0.4569537 0.4900662 0.4569537 0.4900662 0.4238411 0.4966887 0.4370861 0.4834437 0.4238411 0.4966887 0.4172186 0.4900662 0.4238411 0.4834437 0.4304636 0.4834437 0.4238411 0.4966887 0.4238411 0.4834437 0.4635763 0.4966887 0.4569537 0.4900662 0.4635764 0.4900662 0.4370861 0.4834437 0.4701987 0.4834437 0.4569537 0.4900662 0.4701987 0.4834437 0.4635764 0.4900662 0.4569537 0.4900662 0.4172186 0.4900662 0.4238411 0.5033112 0.4172185 0.5033112 0.4238411 0.4966887 0.4304636 0.4834437 0.4370861 0.4834437 0.4039736 0.4834437 0.410596 0.4834437 0.4172186 0.4900662 0.410596 0.4834437 0.4238411 0.4834437 0.4172186 0.4900662 0.2781457 0.4701986 0.410596 0.4768211 0.4039736 0.4834437 0.4172185 0.5033112 0.4172186 0.5099338 0.4039735 0.5165563 0.4172186 0.5099338 0.4172186 0.5165563 0.4039735 0.5165563 0.4039736 0.4834437 0.4172186 0.4900662 0.4172185 0.5033112 0.2715231 0.4701986 0.2781457 0.4701986 0.2672359 0.4979192 0.2781457 0.4701986 0.4039736 0.4834437 0.3774835 0.5033112 0.2582782 0.4635761 0.2715231 0.4635761 0.2582782 0.4701986 0.2715231 0.4635761 0.2715231 0.4701986 0.2582782 0.4701986 0.2582782 0.4768211 0.2582782 0.4701986 0.2715231 0.4701986 0.2582782 0.4834437 0.2516556 0.4768211 0.2582782 0.4768211 0.2672359 0.4979192 0.2516556 0.4834437 0.2582782 0.4834437 0.3973511 0.5099338 0.3708609 0.5099338 0.3774835 0.5033112 0.3774835 0.5033112 0.2672359 0.4979192 0.2781457 0.4701986 0.2672359 0.4979192 0.2582782 0.4834437 0.2715231 0.4701986 0.2582782 0.4834437 0.2582782 0.4768211 0.2715231 0.4701986 0.4039736 0.4834437 0.4172185 0.5033112 0.3973511 0.5099338 0.4039735 0.5165563 0.3973511 0.5165563 0.3973511 0.5099338 0.3973511 0.5099338 0.3774835 0.5033112 0.4039736 0.4834437 0.2278712 0.1760641 0.2254869 0.1721854 0.231085 0.1721854 0.245033 0.5226792 0.245033 0.5231788 0.2408838 0.5231788 0.357616 0.5364238 0.357616 0.5430463 0.3443709 0.5430463 0.6021431 0.55661 0.602649 0.5569796 0.6020665 0.5569636 0.8173999 0.8695356 0.8177346 0.8695217 0.8204646 0.8741721 0.8211922 0.9337747 0.8145697 0.9394927 0.8206253 0.9337746 0.8205902 0.9271522 0.8208678 0.9250271 0.8211922 0.9337747 0.8208678 0.9250271 0.8209163 0.9205297 0.8211922 0.9337747 0.7464961 0.8762519 0.7479981 0.8741721 0.746874 0.8764923 0.2384105 0.5225766 0.2384105 0.5231788 0.232703 0.5231788 0.7386252 0.8940396 0.7417219 0.8940396 0.7417219 0.9006623 0.6635935 0.5729026 0.6622516 0.5751957 0.6622515 0.5701798 0.2715231 0.1192052 0.2781457 0.1192052 0.2781457 0.1258278 0.7423236 0.9176231 0.7423933 0.9139073 0.7427534 0.9172663 0.2251655 0.2516556 0.2275252 0.2545127 0.2251655 0.2541226 0.1854304 0.3576158 0.1908206 0.3576158 0.1878893 0.3616309 0.7086094 0.5835215 0.7086094 0.5894038 0.7019864 0.5886043 0.7615896 0.9470198 0.7615897 0.9271522 0.768212 0.9470198 0.7615897 0.9271522 0.7615897 0.9265716 0.7622094 0.9271522 0.7642064 0.92978 0.7615897 0.9271522 0.7622094 0.9271522 0.7642064 0.92978 0.7717763 0.9327833 0.768212 0.9470198 0.7717763 0.9327833 0.7805513 0.9333445 0.768212 0.9470198 0.7805513 0.9333445 0.78845 0.9337747 0.7880797 0.9403973 0.7880797 0.9403973 0.7887263 0.9337747 0.7947021 0.9470198 0.768212 0.9470198 0.7682121 0.9536424 0.7615896 0.9536424 0.7880797 0.9403973 0.7947021 0.9470198 0.768212 0.9470198 0.7805513 0.9333445 0.7880797 0.9403973 0.768212 0.9470198 0.7615897 0.9271522 0.7642064 0.92978 0.768212 0.9470198 0.5536054 0.5528616 0.5496692 0.5548358 0.5496692 0.5502569 0.2210536 0.2855829 0.2213498 0.2856436 0.2232599 0.2913907 0.9933775 0.7152314 1 0.7152314 0.9933775 0.735099 1 0.7152314 1 0.735099 0.9933775 0.735099 0.9933775 0.735099 0.986755 0.7086089 0.9933775 0.7152314 0.986755 0.7086089 0.986755 0.6953639 0.9933775 0.6953639 0.7350993 0.8940396 0.7391592 0.9006623 0.7350993 0.9006623 0.7417219 0.9271522 0.7350993 0.9238805 0.7382499 0.9205297 0.7382499 0.9205297 0.7379432 0.9139073 0.7417219 0.9139073 0.7417219 0.9139073 0.7417219 0.9205297 0.7382499 0.9205297 0.2090488 0.517674 0.2090973 0.5173512 0.2119204 0.5175327 0.6249794 0.6582739 0.6275989 0.6569074 0.629139 0.6614418 0.629139 0.6614418 0.6245482 0.6584964 0.6249794 0.6582739 0.7391616 0.8904993 0.7410762 0.8874171 0.7417219 0.8874171 0.8079473 0.8013244 0.8107243 0.7978123 0.8110494 0.7977535 0.8140668 0.8675496 0.8145697 0.8696538 0.8145697 0.8741721 0.192053 0.5223764 0.192053 0.519727 0.1924768 0.5195189 0.8172902 0.8535155 0.8176118 0.8534953 0.8203072 0.8543046 0.2559127 0.04431974 0.2557929 0.04474222 0.2516556 0.03973495 0.2715232 0.0927152 0.2384105 0.1390728 0.2384105 0.1192052 0.2384105 0.1390728 0.231788 0.1390728 0.231788 0.1324503 0.2384105 0.1192052 0.2384105 0.1390728 0.231788 0.1324503 0.231788 0.1390728 0.2384105 0.1434931 0.2376992 0.1456953 0.2376992 0.1456953 0.2384105 0.1456953 0.2384105 0.1515871 0.2384105 0.1515871 0.2349815 0.152777 0.2376992 0.1456953 0.2349815 0.152777 0.2325904 0.1523178 0.2376992 0.1456953 0.2377004 0.1540336 0.23811 0.1523178 0.2380551 0.1542003 0.2325904 0.1523178 0.2377004 0.1540336 0.2362663 0.1621534 0.2377004 0.1540336 0.2380551 0.1542003 0.2362663 0.1621534 0.231788 0.1390728 0.2376992 0.1456953 0.2325904 0.1523178 0.2847682 0.09172058 0.2781457 0.0927152 0.2582781 0.07284766 0.2781457 0.0927152 0.2715232 0.0927152 0.2582781 0.07284766 0.231788 0.1390728 0.2325904 0.1523178 0.2251655 0.1655629 0.2325904 0.1523178 0.2362663 0.1621534 0.2302169 0.1595979 0.2450331 0.1655629 0.245033 0.1589403 0.2516556 0.1655629 0.2516556 0.1655629 0.2516556 0.1523178 0.2582781 0.1589403 0.2582781 0.1589403 0.2582781 0.1456953 0.2649007 0.1456953 0.2649007 0.1456953 0.2649007 0.1324503 0.2715231 0.1324503 0.2715231 0.1324503 0.2715231 0.1258278 0.2781457 0.1258278 0.2781457 0.1258278 0.2781457 0.1192052 0.2847682 0.1192052 0.2847682 0.1192052 0.2847682 0.1125828 0.2913907 0.1125828 0.2913907 0.1125828 0.2913907 0.1059603 0.2980132 0.1059603 0.2980132 0.1059603 0.2980132 0.09933775 0.3046358 0.09933775 0.3046358 0.09933775 0.3046358 0.0927152 0.3178808 0.09933775 0.3046358 0.0927152 0.3178808 0.0927152 0.3178808 0.09933775 0.3178808 0.09933775 0.3046358 0.1125828 0.3046358 0.09933775 0.3046358 0.1125828 0.2980132 0.1192052 0.2980132 0.1059603 0.2980132 0.1192052 0.2913907 0.1258278 0.2913907 0.1125828 0.2980132 0.1059603 0.2980132 0.1192052 0.2913907 0.1125828 0.2913907 0.1324503 0.2913907 0.1390728 0.2781457 0.1258278 0.2913907 0.1390728 0.2847682 0.1456953 0.2715231 0.1324503 0.3046358 0.09933775 0.3046358 0.1125828 0.2980132 0.1059603 0.2913907 0.1258278 0.2913907 0.1324503 0.2781457 0.1258278 0.2913907 0.1390728 0.2715231 0.1324503 0.2781457 0.1258278 0.2847682 0.1523178 0.2847682 0.1589403 0.2781457 0.1655629 0.2847682 0.1456953 0.2847682 0.1523178 0.2649007 0.1456953 0.2847682 0.1523178 0.2781457 0.1655629 0.2649007 0.1456953 0.2781457 0.1655629 0.2715231 0.1721854 0.2582781 0.1589403 0.2715231 0.1721854 0.2649007 0.1788079 0.2516556 0.1655629 0.2582781 0.1589403 0.2715231 0.1721854 0.2516556 0.1655629 0.2582781 0.1854304 0.2582781 0.1920529 0.2516556 0.1986754 0.2649007 0.1788079 0.2582781 0.1854304 0.2516556 0.1655629 0.2781457 0.1655629 0.2582781 0.1589403 0.2649007 0.1456953 0.2913907 0.1125828 0.2913907 0.1258278 0.2847682 0.1192052 0.2781457 0.1258278 0.2847682 0.1192052 0.2913907 0.1258278 0.2715231 0.1324503 0.2847682 0.1456953 0.2649007 0.1456953 0.2582781 0.1854304 0.2516556 0.1986754 0.2314571 0.1687913 0.2516556 0.1655629 0.2582781 0.1854304 0.2450331 0.1655629 0.2450331 0.1655629 0.2582781 0.1854304 0.2314571 0.1687913 0.2516556 0.205298 0.2516556 0.2119204 0.245033 0.2119204 0.2516556 0.1986754 0.2516556 0.205298 0.245033 0.2119204 0.2314571 0.1687913 0.2307242 0.1770176 0.231085 0.1721854 0.2516556 0.1986754 0.245033 0.2119204 0.2314571 0.1687913 0.2362663 0.1621534 0.2450331 0.1655629 0.2314571 0.1687913 0.2314571 0.1687913 0.231085 0.1721854 0.2288163 0.1678119 0.2302169 0.1595979 0.2251655 0.1655629 0.2325904 0.1523178 0.2251655 0.1655629 0.2251655 0.1324503 0.231788 0.1390728 0.2314571 0.1687913 0.2288163 0.1678119 0.2362663 0.1621534 0.2288163 0.1678119 0.2302169 0.1595979 0.2362663 0.1621534 0.231788 0.1324503 0.231788 0.1192052 0.2384105 0.1192052 0.2384105 0.1192052 0.2384105 0.08609271 0.245033 0.08609271 0.245033 0.08609271 0.245033 0.07284766 0.2582781 0.07284766 0.2582781 0.07284766 0.2582781 0.06622517 0.2847682 0.09172058 0.2582781 0.06622517 0.3046357 0.06042677 0.2980132 0.07947015 0.3046357 0.06042677 0.3019219 0.05960249 0.3046357 0.05960249 0.3046357 0.05960249 0.3088643 0.06003767 0.3046357 0.06042677 0.3088643 0.06003767 0.3112582 0.06529432 0.3046357 0.06042677 0.3112582 0.06529432 0.3136697 0.06550866 0.3064969 0.0718255 0.3136697 0.06550866 0.3088237 0.07234722 0.3064969 0.0718255 0.3064969 0.0718255 0.308586 0.07229328 0.2980132 0.07947015 0.245033 0.08609271 0.2582781 0.07284766 0.2715232 0.0927152 0.2582781 0.06622517 0.2980132 0.07947015 0.2847682 0.09172058 0.2384105 0.1192052 0.245033 0.08609271 0.2715232 0.0927152 0.3046357 0.06042677 0.3112582 0.06529432 0.3064969 0.0718255 0.2980132 0.07947015 0.3046358 0.07947015 0.2980132 0.08609271 0.3046357 0.06042677 0.3064969 0.0718255 0.2980132 0.07947015 0.231788 0.1390728 0.2251655 0.1324503 0.231788 0.1324503 0.2980132 0.07947015 0.2980132 0.08609271 0.2940848 0.08864903 0.2913907 0.08609271 0.2847682 0.0927152 0.2847682 0.09172058 0.2847682 0.0927152 0.2829571 0.0927152 0.2847682 0.09172058 0.2980132 0.07947015 0.2940848 0.08864903 0.2913907 0.08609271 0.2261459 0.5028434 0.231788 0.5029034 0.2343833 0.5033112 0.2251655 0.02649003 0.2185429 0.02649003 0.2251655 0.01986742 0.2185429 0.02649003 0.205298 0.01986742 0.2251655 0.01986742 0.205298 0.01986742 0.1986754 0 0.2251655 0.01986742 0.1986754 0 0.2384105 0 0.2251655 0.01986742 0.2384105 0 0.231788 0.01986742 0.2251655 0.01986742 0.7427636 0.8920438 0.7417219 0.8940396 0.7483446 0.887825 0.3956686 0.5618277 0.3954831 0.5629138 0.3907285 0.5629138 0.7586906 0.8839815 0.7562038 0.8741721 0.7615896 0.8741721 0.7615896 0.8741721 0.7483446 0.8940396 0.7549671 0.8844274 0.7549671 0.8844274 0.7463397 0.8940396 0.7483446 0.8882095 0.7463397 0.8940396 0.7423277 0.8940396 0.7431501 0.8922653 0.7431501 0.8922653 0.7483446 0.887825 0.7483446 0.8882095 0.7463397 0.8940396 0.7431501 0.8922653 0.7483446 0.8882095 0.7586906 0.8839815 0.7615896 0.8741721 0.7549671 0.8844274 0.7483446 0.8882095 0.7549671 0.8815633 0.7549671 0.8844274 0.7086094 0.5695363 0.6953643 0.5695363 0.7019864 0.5629138 0.1911631 0.437086 0.1884636 0.4410122 0.1881368 0.4410946 0.5231791 0.6080951 0.5305822 0.6084181 0.5298016 0.6092714 0.5305822 0.6084181 0.5304033 0.6092714 0.5298016 0.6092714 0.5298016 0.6092714 0.5231791 0.6092714 0.5231791 0.6080951 0.6183329 0.8510721 0.6167111 0.8476821 0.6187096 0.8508166 0.6187096 0.8508166 0.6211028 0.8492048 0.6225167 0.8535116 0.6225167 0.8535116 0.6225168 0.8482593 0.6233031 0.8543044 0.6225168 0.8482593 0.6279079 0.8543045 0.6233031 0.8543044 0.6183329 0.8510721 0.6187096 0.8508166 0.6225167 0.8535116 0.6479545 0.8891881 0.6548293 0.8940396 0.6498552 0.8940396 0.6376307 0.876853 0.6399548 0.8751526 0.6458856 0.8907428 0.6357617 0.8683059 0.6401865 0.8749853 0.6322084 0.8709009 0.6401865 0.8749853 0.6376307 0.876853 0.6322084 0.8709009 0.6239452 0.8609271 0.6342628 0.8693934 0.6322084 0.8709009 0.6458856 0.8907428 0.6479545 0.8891881 0.6498552 0.8940396 0.6239452 0.8609271 0.6322084 0.8709009 0.6236096 0.8573077 0.6322084 0.8709009 0.6376307 0.876853 0.6236096 0.8573077 0.6458856 0.8907428 0.6498552 0.8940396 0.6510126 0.8968799 0.6376307 0.876853 0.6458856 0.8907428 0.6510126 0.8968799 0.6183329 0.8510721 0.6225167 0.8535116 0.6233031 0.8543044 0.6236096 0.8573077 0.6376307 0.876853 0.6183329 0.8510721 0.6376307 0.876853 0.6510126 0.8968799 0.6183329 0.8510721 0.728477 0.5827813 0.714875 0.5894038 0.7218542 0.5761588 0.714875 0.5894038 0.7105393 0.5838735 0.7152317 0.5761588 0.714875 0.5894038 0.7152317 0.5761588 0.7218542 0.5761588 0.7105393 0.5838735 0.6821191 0.5710219 0.6953643 0.5695363 0.7152317 0.5761588 0.7105393 0.5838735 0.7086094 0.5695363 0.7086094 0.5695363 0.7152317 0.5695363 0.7152317 0.5761588 0.6887416 0.5629138 0.7019864 0.5629138 0.6953643 0.5695363 0.6953643 0.5695363 0.7086094 0.5695363 0.7105393 0.5838735 0.6808071 0.5708294 0.6807168 0.5711466 0.6754966 0.5698906 0.6821191 0.5710219 0.6808071 0.5708294 0.6821191 0.5629138 0.6953643 0.5695363 0.6821191 0.5710219 0.6887416 0.5629138 0.6821191 0.5629138 0.6887416 0.5629138 0.6821191 0.5710219 0.6808071 0.5708294 0.6754966 0.5698906 0.6821191 0.5629138 0.6754965 0.5562914 0.6887416 0.5562914 0.6821191 0.5629138 0.668874 0.5695363 0.6644892 0.5695363 0.6622515 0.5629138 0.6644892 0.5695363 0.6622515 0.5695363 0.6622515 0.5629138 0.6821191 0.5629138 0.6754966 0.5698906 0.6754965 0.5562914 0.6754966 0.5698906 0.668874 0.5695363 0.6754965 0.5562914 0.6622515 0.5562914 0.6754965 0.5562914 0.6622515 0.5629138 0.6622515 0.5496688 0.668874 0.5496688 0.6622515 0.5562914 0.5960264 0.5562914 0.5960264 0.5496688 0.6092718 0.5562914 0.5960264 0.5496688 0.6622515 0.5496688 0.6092718 0.5562914 0.6490066 0.5633935 0.610222 0.5566406 0.6490066 0.5629138 0.610222 0.5566406 0.6092718 0.5562914 0.6490066 0.5629138 0.6754965 0.5562914 0.668874 0.5695363 0.6622515 0.5629138 0.6092718 0.5562914 0.6622515 0.5496688 0.6490066 0.5629138 0.6622515 0.5496688 0.6622515 0.5562914 0.6490066 0.5629138 0.6618931 0.5695363 0.6573641 0.5647471 0.6622515 0.5629138 0.6573641 0.5647471 0.6490066 0.5629138 0.6622515 0.5629138 0.7280315 0.5960263 0.7248774 0.5919657 0.7417217 0.5827813 0.7417217 0.5894038 0.7483444 0.5894038 0.7483444 0.6026488 0.7280315 0.5960263 0.7417217 0.5827813 0.7417217 0.5894038 0.7483444 0.6026488 0.7293872 0.599957 0.7417217 0.5894038 0.7293872 0.599957 0.728477 0.5964695 0.7417217 0.5894038 0.6953642 0.5496688 0.6821191 0.5496688 0.7019864 0.5430463 0.6821191 0.5496688 0.6754965 0.5496688 0.6754965 0.5430463 0.6754965 0.5430463 0.7019864 0.5430463 0.6821191 0.5496688 0.7019864 0.5430463 0.7615893 0.5496688 0.721854 0.5629138 0.7615893 0.5496688 0.7615893 0.5562914 0.7417217 0.5695363 0.721854 0.5629138 0.7615893 0.5496688 0.7417217 0.5695363 0.781457 0.5629138 0.7814569 0.5562914 0.7880797 0.5629138 0.7615893 0.5562914 0.781457 0.5629138 0.7748343 0.5827813 0.7019864 0.5430463 0.7086093 0.5562914 0.6953642 0.5496688 0.6953642 0.5562914 0.6887416 0.5562914 0.6953642 0.5496688 0.721854 0.5629138 0.7086093 0.5629138 0.7086093 0.5562914 0.7086093 0.5562914 0.6953642 0.5562914 0.6953642 0.5496688 0.7086093 0.5562914 0.7019864 0.5430463 0.721854 0.5629138 0.7615893 0.5562914 0.7748343 0.5827813 0.7549668 0.5761588 0.781457 0.5629138 0.7880797 0.5629138 0.7880797 0.5695363 0.7880797 0.5695363 0.7880797 0.5894038 0.781457 0.5827813 0.781457 0.5827813 0.781457 0.5894038 0.7748343 0.5827813 0.7748343 0.5827813 0.7748343 0.5894038 0.768212 0.5894038 0.768212 0.5894038 0.7615893 0.5827813 0.7748343 0.5827813 0.7615893 0.5827813 0.7549668 0.5761588 0.7748343 0.5827813 0.7549668 0.5761588 0.7417217 0.5761588 0.7417217 0.5695363 0.7417217 0.5761588 0.735099 0.5761588 0.7417217 0.5695363 0.7417217 0.5695363 0.728477 0.5695363 0.721854 0.5629138 0.728477 0.5695363 0.7218541 0.5695363 0.721854 0.5629138 0.7880797 0.5695363 0.781457 0.5827813 0.7748343 0.5827813 0.781457 0.5629138 0.7880797 0.5695363 0.7748343 0.5827813 0.2308194 0.230117 0.2305279 0.231788 0.2277551 0.2306964 0.8174381 0.8615166 0.8177776 0.8614992 0.8205932 0.8675495 0.6158943 0.7152314 0.6158942 0.7086089 0.622926 0.7152314 0.8609274 0.834437 0.8609274 0.8675495 0.8543047 0.8741721 0.8543047 0.8741721 0.8476823 0.7682117 0.8543048 0.8278145 0.8476823 0.7682117 0.8543048 0.7682117 0.8543048 0.7947018 0.8543048 0.8278145 0.8476823 0.7682117 0.8543048 0.7947018 0.1721854 0.5088279 0.1751721 0.5099338 0.1721854 0.5099338 0.1751721 0.5099338 0.1792629 0.5106736 0.1788079 0.510802 0.1721854 0.5099338 0.1751721 0.5099338 0.1788079 0.510802 0.1792629 0.5106736 0.1854304 0.5155593 0.184997 0.5165563 0.7417219 0.8731824 0.7417219 0.8741721 0.7364326 0.8794043 0.7364326 0.8794043 0.7382412 0.8807945 0.7355715 0.8807946 0.7382412 0.8807945 0.7407047 0.8874171 0.7355715 0.8807946 0.668874 0.5430463 0.6754965 0.5430463 0.668874 0.5496688 0.6754965 0.5430463 0.6754965 0.5496688 0.668874 0.5496688 0.6754966 0.5702814 0.668874 0.5701578 0.668874 0.5695363 0.986755 0.986755 0.986755 0.9933775 0.9801324 0.9867549 0.4503312 0.5364238 0.4569537 0.5298013 0.4569537 0.5364238 0.4437087 0.5496688 0.4503312 0.5298013 0.4503312 0.5364238 0.3311257 0.01986742 0.3311257 0.02649003 0.3245033 0.02649003 0.7549671 0.9262552 0.7498015 0.9222308 0.7507737 0.9205297 0.1913233 0.3509933 0.1882556 0.3534609 0.1879423 0.3533546 0.5912058 0.7491638 0.5933181 0.7518703 0.5894043 0.7493158 0.3455257 0.5136212 0.3455729 0.5133019 0.3509933 0.5105535 0.5496693 0.6151212 0.546685 0.6120143 0.5496693 0.6092713 0.2719287 0.1110746 0.2715231 0.1106824 0.2770938 0.1059603 0.2847682 0.1721854 0.2847682 0.1788079 0.2781457 0.1788079 0.7615896 0.735099 0.7682123 0.735099 0.7682123 0.7417215 0.7682123 0.7417215 0.7748347 0.7417215 0.7748347 0.7483441 0.7748347 0.7549666 0.7880799 0.7549666 0.7814572 0.7615891 0.7682123 0.7417215 0.7748347 0.7483441 0.7748347 0.7549666 0.8079473 0.7880793 0.8079472 0.7897965 0.8013247 0.7880793 0.8023751 0.7814568 0.8031052 0.7830798 0.8020438 0.7814568 0.8020438 0.7814568 0.8079473 0.7880793 0.8013247 0.7880793 0.7615896 0.735099 0.7682123 0.7417215 0.7748347 0.7549666 0.7814572 0.7615891 0.8013246 0.7672532 0.8013246 0.7682117 0.8013247 0.7947018 0.7615896 0.735099 0.7748347 0.7549666 0.7814572 0.7615891 0.8013246 0.7682117 0.8013246 0.7748342 0.8013247 0.7947018 0.7748347 0.7549666 0.7814572 0.7615891 0.8013247 0.7880793 0.8013247 0.7947018 0.7814572 0.7615891 0.7814572 0.7615891 0.8013246 0.7748342 0.8013247 0.7880793 0.8013246 0.7748342 0.8023751 0.7814568 0.8020438 0.7814568 0.5695363 0.6158939 0.5704547 0.6158939 0.5700218 0.6181648 0.5704547 0.6158939 0.576159 0.6217085 0.5700218 0.6181648 0.1663418 0.5099338 0.1715141 0.5099338 0.1703054 0.5112167 0.1715141 0.5099338 0.1721854 0.5099338 0.1703054 0.5112167 0.4610459 0.593181 0.4621913 0.5906711 0.4627743 0.5894038 0.1324503 0.5298013 0.1523179 0.5099338 0.1456953 0.5430463 0.5551859 0.6092713 0.5496693 0.6092713 0.5496693 0.6087395 0.5496693 0.6092713 0.5470203 0.6092713 0.5496693 0.6087395 0.2789865 0.09504145 0.2829571 0.0927152 0.2793978 0.09555941 0.4684504 0.5231788 0.4646558 0.5240795 0.4652005 0.5178498 0.4646558 0.5240795 0.4645631 0.5214622 0.4652005 0.5178498 0.4645631 0.5214622 0.4633844 0.5192049 0.4649587 0.5181189 0.6782981 0.9263816 0.6754968 0.926362 0.6804049 0.9247974 0.2582782 0.5165563 0.2781457 0.5165563 0.2715231 0.5231788 0.1881368 0.4410946 0.1884636 0.4410122 0.1913259 0.4437085 0.773765 0.8609271 0.771381 0.8618019 0.7711089 0.8617481 0.2110745 0.4926667 0.2108859 0.4928213 0.209176 0.4942377 0.986755 0.9933775 0.986755 1 0.9801325 0.9933775 0.2126576 0.3046357 0.2153478 0.3007029 0.2156226 0.3007515 0.728477 0.6011649 0.7292115 0.6001896 0.735099 0.6092713 0.735099 0.6092713 0.7402642 0.6113811 0.735099 0.6158939 0.7402642 0.6113811 0.7417218 0.6158939 0.735099 0.6158939 0.7417218 0.6158939 0.7459844 0.6173055 0.7457454 0.6174739 0.7457454 0.6174739 0.7431786 0.6192417 0.7417218 0.6158939 0.7431786 0.6192417 0.7417218 0.6225163 0.7417218 0.6158939 0.7417218 0.6225163 0.728477 0.6225163 0.735099 0.6158939 0.735099 0.6158939 0.7218542 0.6158939 0.7218542 0.6092713 0.7218542 0.6092713 0.7086094 0.6092713 0.7086094 0.6026488 0.7086094 0.6026488 0.6953643 0.6026488 0.6953643 0.5960263 0.6953643 0.5960263 0.6821193 0.5960263 0.6887416 0.5894038 0.6887416 0.5894038 0.668874 0.5894038 0.6754966 0.5827813 0.6754966 0.5827813 0.6556292 0.5827813 0.6622516 0.5761588 0.6622516 0.5761588 0.6490066 0.5695363 0.6560019 0.5703323 0.6490066 0.5695363 0.6556292 0.5695363 0.6560019 0.5703323 0.6556292 0.5695363 0.6561929 0.5695363 0.6560019 0.5703323 0.6560019 0.5703323 0.6615029 0.5695363 0.6622516 0.5751957 0.6615029 0.5695363 0.6622515 0.5701798 0.6622516 0.5751957 0.6622516 0.5751957 0.6635935 0.5729026 0.6629732 0.5752646 0.6754966 0.5827813 0.6622516 0.5761588 0.668874 0.5761588 0.6622516 0.5761588 0.6560019 0.5703323 0.6622516 0.5751957 0.668874 0.5761588 0.6622516 0.5761588 0.6629732 0.5752646 0.6622516 0.5751957 0.6629732 0.5752646 0.6622516 0.5761588 0.668874 0.5761588 0.671753 0.5733344 0.6754966 0.5761588 0.6887416 0.5894038 0.6754966 0.5827813 0.6858534 0.5815325 0.7086094 0.6026488 0.6953643 0.5960263 0.7086094 0.5894038 0.6953643 0.5960263 0.6887416 0.5894038 0.6953643 0.5827813 0.7019864 0.5886043 0.6953643 0.5960263 0.6953643 0.5827813 0.7218542 0.6092713 0.7086094 0.6026488 0.7276889 0.602157 0.6953643 0.5960263 0.7019864 0.5886043 0.7086094 0.5894038 0.6754966 0.5827813 0.668874 0.5761588 0.6754966 0.5761588 0.6792681 0.5761588 0.6754966 0.5827813 0.6754966 0.5761588 0.6792681 0.5761588 0.6821192 0.5761588 0.6754966 0.5827813 0.6821192 0.5761588 0.6858534 0.5815325 0.6754966 0.5827813 0.6858534 0.5815325 0.6887416 0.5827813 0.6887416 0.5894038 0.735099 0.6158939 0.7218542 0.6092713 0.735099 0.6092713 0.7276889 0.602157 0.7086094 0.6026488 0.7225554 0.5960263 0.7417218 0.6225163 0.735099 0.6158939 0.7417218 0.6158939 0.6887416 0.5894038 0.6887416 0.5827813 0.6947993 0.58001 0.7276889 0.602157 0.728477 0.6011649 0.735099 0.6092713 0.7086094 0.5894038 0.7225554 0.5960263 0.7086094 0.6026488 0.7011798 0.5855711 0.7012674 0.585331 0.7019864 0.5886043 0.7276889 0.602157 0.735099 0.6092713 0.7218542 0.6092713 0.6887416 0.5894038 0.6947993 0.58001 0.6953643 0.5827813 0.6947993 0.58001 0.6949101 0.5796842 0.6953643 0.5827813 0.8104623 0.7894177 0.8107452 0.7893767 0.8136312 0.7947018 0.6014604 0.559748 0.5960264 0.5617697 0.5960264 0.5569142 0.3112583 0.1258278 0.3112583 0.1192052 0.3178808 0.1192052 0.2829571 0.0927152 0.2789865 0.09504145 0.2781457 0.0927152 0.1344501 0.3724969 0.1366295 0.3724809 0.1368889 0.3805289 0.1366295 0.3724809 0.1368924 0.3724789 0.1368889 0.3805289 0.1368924 0.3724789 0.1390728 0.3724641 0.1368889 0.3805289 0.1390728 0.3724641 0.1390728 0.3841059 0.1368889 0.3805289 0.1390728 0.3841059 0.1344777 0.3841059 0.1368889 0.3805289 0.1344777 0.3841059 0.1344479 0.3805854 0.1368889 0.3805289 0.4404351 0.5106176 0.4437087 0.5099338 0.4437087 0.510663 0.4437087 0.5099338 0.4503312 0.5099338 0.448683 0.5106766 0.7549671 0.8815633 0.7549671 0.8811764 0.7553769 0.8811299 0.1904026 0.4304635 0.1881538 0.4328976 0.187862 0.4329562 0.3178808 0.5562914 0.3046359 0.5562914 0.3112583 0.5496688 0.7417219 0.9012571 0.7423579 0.9006623 0.7462593 0.9022037 0.758198 0.8561431 0.754967 0.8602622 0.754967 0.8543046 0.216848 0.519874 0.2167587 0.5205456 0.2119204 0.5178485 0.4834437 0.536781 0.5298014 0.5434056 0.5203845 0.5453664 0.5298014 0.5434056 0.523179 0.5437878 0.5203845 0.5453664 0.523179 0.5437878 0.536424 0.5439479 0.5215826 0.5496688 0.5203845 0.5453664 0.5165564 0.5488122 0.4834437 0.536781 0.5165564 0.5488122 0.4818175 0.5430462 0.4834437 0.536781 0.523179 0.5437878 0.5215826 0.5496688 0.5203845 0.5453664 0.4768212 0.5298013 0.4834437 0.5364237 0.4834437 0.536781 0.4818175 0.5430462 0.4768213 0.5420237 0.4768213 0.5384615 0.4834437 0.536781 0.4818175 0.5430462 0.4768213 0.5384615 0.4768213 0.5384615 0.4701987 0.5364238 0.4768212 0.5298013 0.7947021 0.938839 0.7956958 0.9389577 0.8013248 0.9403973 0.7956958 0.9389577 0.8013248 0.9398629 0.8013248 0.9403973 0.8013248 0.9403973 0.7947021 0.9470198 0.7947021 0.938839 0.7549671 0.9262552 0.7615897 0.9265716 0.7565741 0.9267728 0.4105961 0.5687573 0.4039735 0.5687376 0.4105961 0.5629138 0.562914 0.6092713 0.5695363 0.6092713 0.563331 0.6100127 0.2251654 0.03451645 0.231788 0.03403782 0.231788 0.03973495 0.7417219 0.6821188 0.7483445 0.6821188 0.7417219 0.6887413 0.7483445 0.6821188 0.7483445 0.6953639 0.7417219 0.6887413 0.7483445 0.6953639 0.7417219 0.6953639 0.7417219 0.6887413 0.7417219 0.6887413 0.7350991 0.6887413 0.7417219 0.6821188 0.7350991 0.6887413 0.7350991 0.6821188 0.7417219 0.6821188 0.7350991 0.6821188 0.6423844 0.6821188 0.6490067 0.6754963 0.6490067 0.6754963 0.6363836 0.6754963 0.6364176 0.6709564 0.6364176 0.6709564 0.633152 0.671746 0.6357616 0.6688739 0.6346248 0.6626742 0.6344839 0.6622514 0.629139 0.6556288 0.6344839 0.6622514 0.629139 0.6560961 0.629139 0.6556288 0.6490067 0.6754963 0.6364176 0.6709564 0.6357616 0.6688739 0.6490067 0.6754963 0.6357616 0.6688739 0.6346248 0.6626742 0.7350991 0.6821188 0.6490067 0.6754963 0.7019866 0.6225163 0.6490067 0.6754963 0.6346248 0.6626742 0.629139 0.6556288 0.7019866 0.6225163 0.6490067 0.6754963 0.6887416 0.6158939 0.629139 0.6560961 0.6275989 0.6569074 0.629139 0.6556288 0.7350991 0.6423838 0.7549669 0.6423838 0.7417218 0.6556288 0.7417218 0.6556288 0.7417219 0.6821188 0.7350991 0.6821188 0.629139 0.6556288 0.6233157 0.6556288 0.6225168 0.6548139 0.7417218 0.6556288 0.7350991 0.6821188 0.7350991 0.6423838 0.6887416 0.6158939 0.6490067 0.6754963 0.629139 0.6291388 0.7350991 0.6423838 0.7350991 0.6821188 0.728477 0.6357613 0.7350991 0.6357613 0.7417218 0.6357613 0.7350991 0.6423838 0.728477 0.6357613 0.7350991 0.6821188 0.7019866 0.6225163 0.629139 0.6556288 0.6225168 0.6548139 0.6225168 0.650707 0.6225168 0.6490063 0.6196178 0.6490063 0.6225168 0.6423838 0.6196178 0.6490063 0.619952 0.6434989 0.6225168 0.6423838 0.629139 0.6556288 0.6225168 0.650707 0.6225168 0.6490063 0.7350991 0.6357613 0.7350991 0.6423838 0.728477 0.6357613 0.7218542 0.6291388 0.728477 0.6291388 0.728477 0.6357613 0.629139 0.6556288 0.6225168 0.6490063 0.6225168 0.6423838 0.7019866 0.6225163 0.7218542 0.6225163 0.7218542 0.6291388 0.7218542 0.6291388 0.728477 0.6357613 0.7019866 0.6225163 0.6490067 0.6754963 0.629139 0.6556288 0.629139 0.6291388 0.6225168 0.6423838 0.629139 0.6291388 0.629139 0.6556288 0.629139 0.6291388 0.6225168 0.6291388 0.6225168 0.6225163 0.6225168 0.6225163 0.6092717 0.6225163 0.6092717 0.6158939 0.6092717 0.6158939 0.5960264 0.6158939 0.6026492 0.6092713 0.6092718 0.6026488 0.5827814 0.6026488 0.5894041 0.5960263 0.6092717 0.6158939 0.6026492 0.6092713 0.6092718 0.6026488 0.6225168 0.6225163 0.6092717 0.6158939 0.6092718 0.6026488 0.5894041 0.5960263 0.5629139 0.5960263 0.5695363 0.5894038 0.629139 0.6291388 0.6225168 0.6225163 0.6423841 0.5894038 0.6225168 0.6225163 0.6092718 0.6026488 0.6423841 0.5894038 0.629139 0.6291388 0.6688742 0.6026488 0.6821194 0.6092713 0.6887416 0.6158939 0.7019866 0.6158939 0.7019866 0.6225163 0.6688742 0.6026488 0.629139 0.6291388 0.6556292 0.5960263 0.6887416 0.6158939 0.629139 0.6291388 0.6821194 0.6092713 0.6821194 0.6092713 0.6953643 0.6092713 0.6887416 0.6158939 0.6092718 0.6026488 0.5894041 0.5960263 0.615894 0.5827813 0.6556292 0.5960263 0.629139 0.6291388 0.6423841 0.5894038 0.6688742 0.6026488 0.6821194 0.6026488 0.6821194 0.6092713 0.5695363 0.5894038 0.562914 0.5894038 0.562914 0.5827813 0.5894041 0.5960263 0.5695363 0.5894038 0.5894041 0.5761588 0.6556292 0.5960263 0.6688741 0.5960263 0.6688742 0.6026488 0.6092718 0.6026488 0.615894 0.5827813 0.6423841 0.5894038 0.5695363 0.5894038 0.562914 0.5827813 0.5894041 0.5761588 0.5894041 0.5761588 0.5827813 0.5695363 0.602649 0.5629138 0.602649 0.5629138 0.6092718 0.5695363 0.6026491 0.5695363 0.6026491 0.5695363 0.6225166 0.5761588 0.615894 0.5827813 0.615894 0.5827813 0.6490066 0.5827813 0.6423841 0.5894038 0.6423841 0.5894038 0.6556292 0.5894038 0.6556292 0.5960263 0.615894 0.5827813 0.5894041 0.5960263 0.5894041 0.5761588 0.5894041 0.5761588 0.602649 0.5629138 0.6026491 0.5695363 0.4039735 0.5169182 0.4095478 0.5169572 0.4095106 0.5173487 0.4095478 0.5169572 0.4105961 0.5173165 0.4095106 0.5173487 0.4095106 0.5173487 0.4039735 0.5173087 0.4039735 0.5169182 0.1788079 0.1715295 0.1788079 0.1655629 0.1854304 0.1721854 0.1788079 0.1655629 0.1842504 0.1589403 0.1845688 0.1589403 0.1842504 0.1589403 0.1845807 0.1566604 0.1845688 0.1589403 0.1845688 0.1589403 0.1854304 0.1523178 0.1860288 0.1523178 0.1854304 0.1523178 0.1854304 0.148353 0.1860288 0.1523178 0.1860288 0.1523178 0.1854304 0.1456953 0.1865859 0.1456953 0.1854304 0.1456953 0.190528 0.1418707 0.1865859 0.1456953 0.1788079 0.1655629 0.1845688 0.1589403 0.1854304 0.1721854 0.1854304 0.1721854 0.1784753 0.1721854 0.1788079 0.1715295 0.1865859 0.1456953 0.192053 0.1390728 0.1860288 0.1523178 0.192053 0.1390728 0.1854304 0.1721854 0.1860288 0.1523178 0.2715231 0.5291998 0.2725778 0.5293348 0.2715231 0.5298013 0.9403974 0.7483441 0.933775 0.7483441 0.933775 0.7417215 0.933775 0.7417215 0.9271525 0.7483441 0.9271525 0.7417215 0.9271525 0.7417215 0.9271525 0.735099 0.933775 0.7417215 0.9271525 0.735099 0.9536424 0.7284765 0.933775 0.7417215 0.9536424 0.7284765 0.9403974 0.7549666 0.9403974 0.7483441 0.231788 0.5029034 0.2264813 0.5001238 0.2265173 0.4998355 0.5496692 0.5551421 0.536424 0.5439479 0.5496692 0.5502569 0.8172902 0.8535155 0.8145697 0.8536872 0.8139868 0.8537235 0.1847969 0.4039734 0.1824454 0.4092935 0.1821635 0.4093084 0.1538096 0.4900662 0.1589403 0.4900662 0.1571797 0.4910501 0.2847682 0.03311246 0.2715231 0.03311246 0.2781457 0.02649003 0.2403694 0.5258921 0.2403064 0.5262219 0.2384105 0.5289616 0.2384105 0.5289616 0.2322206 0.526077 0.2322726 0.5257655 0.2322726 0.5257655 0.231788 0.5231788 0.232703 0.5231788 0.2384105 0.5231788 0.2408838 0.5231788 0.2403694 0.5258921 0.2408838 0.5231788 0.245033 0.5231788 0.2403694 0.5258921 0.2322726 0.5257655 0.232703 0.5231788 0.2384105 0.5289616 0.232703 0.5231788 0.2384105 0.5231788 0.2384105 0.5289616 0.765519 0.8589411 0.7615896 0.859098 0.7615896 0.8588406 0.7615896 0.859098 0.7600001 0.8587543 0.7597497 0.858436 0.7600001 0.8587543 0.754967 0.8602622 0.7597497 0.858436 0.3046359 0.5231788 0.3245034 0.5231788 0.3178808 0.5298013 0.2185431 0.3178808 0.2179291 0.3172827 0.2384105 0.2980132 0.2179291 0.3172827 0.2241187 0.2862115 0.2384105 0.2980132 0.2242887 0.2847682 0.2248054 0.2781457 0.2251655 0.2847682 0.2241187 0.2862115 0.2242887 0.2847682 0.2251655 0.2847682 0.2170782 0.3254688 0.2174382 0.3245033 0.2119206 0.3307708 0.2174382 0.3245033 0.2185431 0.3178808 0.2384105 0.3377482 0.2119206 0.3509933 0.2119206 0.3307708 0.2185431 0.3509933 0.2185431 0.3509933 0.2119206 0.3307708 0.2384105 0.3377482 0.2119206 0.4172185 0.205298 0.4172185 0.2251655 0.3973509 0.205298 0.4172185 0.2185431 0.3509933 0.2251655 0.3973509 0.2384105 0.3377482 0.2119206 0.3307708 0.2174382 0.3245033 0.2241187 0.2862115 0.2251655 0.2847682 0.2384105 0.2980132 0.2251655 0.423841 0.2119206 0.423841 0.2119206 0.4172185 0.2251655 0.423841 0.2119206 0.4172185 0.2251655 0.4039735 0.2251655 0.3973509 0.2251655 0.4039735 0.2119206 0.4172185 0.2384105 0.3841059 0.231788 0.3973509 0.2251655 0.3973509 0.2384105 0.3377482 0.2384105 0.3443708 0.2185431 0.3509933 0.2384105 0.3443708 0.2384105 0.3841059 0.2185431 0.3509933 0.245033 0.3311257 0.245033 0.3377482 0.2384105 0.3377482 0.2582781 0.3112582 0.2516556 0.3377482 0.245033 0.3311257 0.2649006 0.2649006 0.2649006 0.2715231 0.2384105 0.2980132 0.2649006 0.2715231 0.2582781 0.3112582 0.2384105 0.2980132 0.2715231 0.245033 0.2715231 0.2715231 0.2649006 0.2516556 0.2715231 0.2715231 0.2649006 0.2649006 0.2649006 0.2516556 0.2582781 0.2384105 0.2649006 0.245033 0.2649006 0.2516556 0.2582781 0.3112582 0.245033 0.3311257 0.2384105 0.2980132 0.2384105 0.3841059 0.2251655 0.3973509 0.2185431 0.3509933 0.245033 0.3311257 0.2384105 0.3377482 0.2185431 0.3178808 0.2384105 0.2980132 0.245033 0.3311257 0.2185431 0.3178808 0.2582781 0.2384105 0.2649006 0.2516556 0.2516556 0.2384105 0.2649006 0.2516556 0.2649006 0.2649006 0.2516556 0.2384105 0.2384105 0.2980132 0.2516556 0.2384105 0.2649006 0.2649006 0.7615896 0.868445 0.7615896 0.8741721 0.7576231 0.872299 0.7615896 0.8741721 0.7562038 0.8741721 0.7576231 0.872299 0.8176857 0.9015095 0.8179914 0.9014879 0.8205525 0.9072846 0.7462593 0.9022037 0.7423579 0.9006623 0.7472997 0.9006623 0.3245033 0.01324486 0.3245033 0.01986742 0.3178808 0.01324486 0.3178808 0.01324486 0.3178808 0.006622493 0.3245033 0.01324486 0.3245033 0.05960249 0.3178808 0.05960249 0.3178808 0.05298012 0.2237583 0.5284164 0.2119204 0.5228855 0.2126758 0.5231788 0.2119204 0.5228855 0.205298 0.522473 0.205298 0.5173668 0.2126758 0.5231788 0.2119204 0.5228855 0.2119204 0.5178485 0.205298 0.522473 0.2082728 0.5228728 0.2000565 0.5228508 0.2000565 0.5228508 0.1986755 0.5224224 0.2001236 0.522482 0.2001236 0.522482 0.2006544 0.519559 0.205298 0.522473 0.2006544 0.519559 0.205298 0.5173668 0.205298 0.522473 0.205298 0.5173668 0.2119204 0.5178485 0.2119204 0.5228855 0.2119204 0.5178485 0.2164068 0.5231788 0.2126758 0.5231788 0.2126758 0.5231788 0.2163328 0.5236924 0.2185431 0.5278061 0.2000565 0.5228508 0.2001236 0.522482 0.205298 0.522473 0.2241824 0.5255011 0.2251656 0.5285096 0.2237583 0.5284164 0.2185431 0.5278061 0.2185431 0.5231788 0.2241824 0.5255011 0.2237583 0.5284164 0.2126758 0.5231788 0.2185431 0.5278061 0.3105908 0.5430463 0.3096389 0.5456461 0.3046359 0.5430463 0.2913907 0.1655629 0.2847682 0.1721854 0.2847682 0.1655629 0.5994082 0.6286092 0.5994067 0.6291388 0.5990908 0.6291388 0.1397663 0.3245033 0.1398043 0.3178808 0.1448661 0.3245032 0.2185431 0.2913907 0.2232599 0.2913907 0.219551 0.2934138 0.1854304 0.4437085 0.1913259 0.4437085 0.1889703 0.4492815 0.3112582 0.05611753 0.3107416 0.05668634 0.3046358 0.05332386 0.3046358 0.05332386 0.30366 0.05298012 0.3178808 0.04635757 0.3178808 0.04635757 0.3178808 0.05298012 0.3112582 0.05611753 0.1404333 0.2765691 0.1403282 0.2847682 0.1399126 0.2913907 0.1398928 0.2925795 0.1429504 0.2928437 0.139844 0.2980132 0.1404333 0.2765691 0.1399126 0.2913907 0.1390728 0.3046357 0.1399126 0.2913907 0.1398928 0.2925795 0.1390728 0.3046357 0.1419277 0.2687613 0.1410215 0.2715231 0.1404333 0.2765691 0.1462934 0.2649006 0.1456953 0.2656356 0.1390728 0.2649006 0.1456953 0.2656356 0.1419277 0.2687613 0.1390728 0.2649006 0.1394633 0.3005774 0.1390728 0.3046357 0.1398928 0.2925795 0.1390728 0.3046357 0.1390728 0.2649006 0.1404333 0.2765691 0.139844 0.2980132 0.1398475 0.3006131 0.1394633 0.3005774 0.1398928 0.2925795 0.139844 0.2980132 0.1394633 0.3005774 0.960265 0.7086089 0.960265 0.7152314 0.9536424 0.7152314 0.9536424 0.7152314 0.9536424 0.7086089 0.960265 0.7086089 0.9536424 0.7086089 0.9536424 0.6754963 0.960265 0.6754963 0.9536424 0.6754963 0.9536424 0.6688739 0.960265 0.6754963 0.9668873 0.6688739 0.97351 0.6622514 0.97351 0.7086089 0.9536424 0.7086089 0.960265 0.6754963 0.960265 0.7086089 0.960265 0.6754963 0.9668873 0.6688739 0.97351 0.7086089 0.97351 0.7086089 0.9668875 0.7086089 0.960265 0.6754963 0.2871314 0.05298012 0.2878715 0.05039209 0.2879579 0.05008924 0.2913907 0.09933775 0.2980132 0.09933775 0.2980132 0.1059603 0.7615895 0.721854 0.7615896 0.735099 0.754967 0.735099 0.6406014 0.5662697 0.6423841 0.5636605 0.6423841 0.5695363 0.4477479 0.5827813 0.4437087 0.5761588 0.4493063 0.5799236 0.9867551 0.6556288 1 0.6556288 0.9933775 0.6953639 1 0.6556288 1 0.7152314 0.9933775 0.6953639 1 0.7152314 0.9933775 0.7152314 0.9933775 0.6953639 0.6754966 0.5702814 0.6754966 0.5761588 0.671753 0.5733344 0.671753 0.5733344 0.668874 0.5761588 0.668874 0.5701578 0.4039735 0.5231788 0.4011694 0.5203416 0.4039735 0.5173087 0.7417219 0.8741721 0.7440995 0.8747299 0.7443279 0.8748748 0.2119206 0.3178808 0.2179135 0.3178808 0.217103 0.3245033 0.9271525 0.7417215 0.9205299 0.7483441 0.9205299 0.7417215 0.1829914 0.1473275 0.1854304 0.1523178 0.179598 0.1523178 0.820009 0.8476821 0.8176118 0.8534953 0.8172902 0.8535155 0.9470198 0.9867549 0.9536424 0.9801326 0.9536424 0.9867549 0.9536424 0.9867549 0.9536424 0.9933775 0.9470198 0.9933775 0.9536424 0.9933775 0.9470198 1 0.9470198 0.9933775 0.9801324 0.9867549 0.9801325 0.9933775 0.9735099 0.9867549 0.8173756 0.8775151 0.8177078 0.8774995 0.8204645 0.8807945 0.2715231 0.1192052 0.2715231 0.1258278 0.2649007 0.1258278 0.2649007 0.1258278 0.2649007 0.118233 0.2715231 0.1192052 0.2649007 0.118233 0.2703493 0.1125828 0.2707128 0.1125828 0.2707128 0.1125828 0.2781457 0.1125828 0.2715231 0.1192052 0.2781457 0.1125828 0.2781457 0.1192052 0.2715231 0.1192052 0.4493063 0.5799236 0.4713015 0.5894038 0.4635764 0.5894038 0.4635764 0.5894038 0.4627743 0.5894038 0.4569537 0.5827813 0.4569537 0.5827813 0.4503313 0.5827813 0.4493063 0.5799236 0.4503313 0.5827813 0.4490763 0.5804368 0.4493063 0.5799236 0.3708609 0.5562914 0.3642385 0.5562914 0.3642385 0.5557289 0.3642385 0.5562914 0.3561458 0.5562914 0.3642385 0.5557289 0.6944373 0.9426954 0.6943193 0.9429708 0.6895646 0.9403973 0.7776747 0.6825014 0.7807388 0.6887414 0.7748345 0.6887413 0.7748345 0.6887413 0.7741514 0.6821188 0.7776747 0.6825014 0.7741514 0.6821188 0.7748345 0.6821188 0.7776747 0.6825014 0.7748345 0.6821188 0.7748345 0.6762202 0.7776747 0.6825014 0.1456953 0.2930916 0.1429504 0.2928437 0.1426213 0.292815 0.7019864 0.5629138 0.6887416 0.5629138 0.6953642 0.5562914 0.6953642 0.5562914 0.7086093 0.5562914 0.7019864 0.5629138 0.410596 0.5169261 0.4095478 0.5169572 0.4039735 0.5165563 0.4095478 0.5169572 0.4039735 0.5169182 0.4039735 0.5165563 0.4039735 0.5165563 0.4172186 0.5165563 0.410596 0.5169261 0.5839131 0.7535734 0.5894043 0.7493158 0.5861176 0.7549666 0.5841789 0.7538012 0.583554 0.7549665 0.5839131 0.7535734 0.583554 0.7549665 0.5832797 0.7615891 0.5839131 0.7535734 0.2724564 0.5298013 0.2725778 0.5293348 0.2781457 0.5298013 0.6158943 0.7152314 0.6225168 0.7160037 0.6174427 0.721854 0.6174427 0.721854 0.6201332 0.7232843 0.6166142 0.7284765 0.6166142 0.7284765 0.617697 0.7309063 0.6158943 0.729324 0.6158943 0.729324 0.6100789 0.735099 0.609763 0.7350991 0.609763 0.7350991 0.6117291 0.7365567 0.6092717 0.7358627 0.6092717 0.7358627 0.6055628 0.7417215 0.6034445 0.7417215 0.6034445 0.7417215 0.606135 0.7423152 0.6026494 0.742494 0.6026494 0.742494 0.6003251 0.7477914 0.5982729 0.7452494 0.5979099 0.7447928 0.5964134 0.7483441 0.5960264 0.7483441 0.5964134 0.7483441 0.5960264 0.7486807 0.5960264 0.7483441 0.6026494 0.742494 0.5982729 0.7452494 0.5979099 0.7447928 0.609763 0.7350991 0.6092717 0.7358627 0.6026493 0.735099 0.6092717 0.7358627 0.6034445 0.7417215 0.6026493 0.735099 0.6034445 0.7417215 0.6026494 0.742494 0.5979099 0.7447928 0.5960264 0.7486807 0.5960264 0.7490229 0.5909377 0.7488157 0.6034445 0.7417215 0.5979099 0.7447928 0.6026493 0.735099 0.5960264 0.7486807 0.5909377 0.7488157 0.5960264 0.7483441 0.5909377 0.7488157 0.5894043 0.7489383 0.5827814 0.7417215 0.5960264 0.7483441 0.5909377 0.7488157 0.5827814 0.7417215 0.6166142 0.7284765 0.6158943 0.729324 0.6092718 0.7284765 0.6158943 0.729324 0.609763 0.7350991 0.6092718 0.7284765 0.6158943 0.7152314 0.6174427 0.721854 0.6166142 0.7284765 0.6092718 0.7284765 0.6092718 0.7086089 0.6158943 0.7152314 0.6026493 0.735099 0.6026493 0.721854 0.6092718 0.7284765 0.5960264 0.7483441 0.5960264 0.7284765 0.5979099 0.7447928 0.5960264 0.7284765 0.6026493 0.735099 0.5979099 0.7447928 0.5827814 0.7549666 0.5827814 0.7417215 0.5839131 0.7535734 0.5839131 0.7535734 0.5827814 0.7417215 0.5894043 0.7489383 0.5761593 0.7615891 0.5761592 0.7483441 0.5827814 0.7549666 0.5838491 0.7639269 0.5827815 0.7623679 0.5836061 0.7615891 0.5827815 0.7623679 0.5827815 0.7620598 0.5836061 0.7615891 0.5827815 0.7620598 0.5761593 0.7615891 0.5832797 0.7615891 0.5761593 0.7615891 0.5827814 0.7549666 0.5832797 0.7615891 0.6026493 0.735099 0.6092718 0.7284765 0.609763 0.7350991 0.583554 0.7549665 0.5863258 0.7555958 0.5836061 0.7615891 0.5832797 0.7615891 0.583554 0.7549665 0.5836061 0.7615891 0.6092718 0.7284765 0.6158943 0.7152314 0.6166142 0.7284765 0.5894043 0.7489383 0.5894043 0.7493158 0.5839131 0.7535734 0.5832797 0.7615891 0.5836061 0.7615891 0.5827815 0.7620598 0.1920529 0.07947015 0.1920529 0.07284766 0.205298 0.07284766 0.205298 0.07284766 0.2119204 0.07284766 0.2185429 0.07947015 0.2185429 0.07947015 0.2251655 0.04635757 0.2185429 0.08025866 0.2185429 0.08025866 0.2176793 0.08414077 0.2153716 0.08261787 0.2153716 0.08261787 0.2174568 0.08399325 0.2125359 0.08609271 0.2125359 0.08609271 0.2152321 0.09217113 0.2124872 0.09019762 0.1589404 0.1258278 0.1589404 0.09933775 0.1655629 0.09933775 0.1655629 0.09933775 0.1655629 0.0927152 0.1721854 0.0927152 0.1721854 0.0927152 0.1721854 0.08609271 0.1788079 0.08609271 0.1788079 0.08609271 0.1788079 0.07947015 0.1920529 0.07947015 0.1920529 0.07947015 0.205298 0.07284766 0.2124872 0.09019762 0.205298 0.07284766 0.2185429 0.07947015 0.2124872 0.09019762 0.2124872 0.09019762 0.2185429 0.07947015 0.2125359 0.08609271 0.2185429 0.07947015 0.2185429 0.08025866 0.2153716 0.08261787 0.2124872 0.09019762 0.1589404 0.1258278 0.1721854 0.0927152 0.2185429 0.07947015 0.2153716 0.08261787 0.2125359 0.08609271 0.1788079 0.08609271 0.1920529 0.07947015 0.2124872 0.09019762 0.1589404 0.1258278 0.1655629 0.09933775 0.1721854 0.0927152 0.2507818 0.5005191 0.245033 0.5033112 0.245033 0.49744 0.3245034 0.5496688 0.3245033 0.551514 0.3186631 0.5496688 0.3443709 0.5364238 0.3377484 0.5364238 0.3443709 0.5298013 0.3377484 0.5364238 0.3311257 0.5364238 0.3377484 0.5298013 0.3311257 0.5364238 0.3245034 0.5364238 0.3377484 0.5298013 0.3245034 0.5364238 0.3178808 0.5298013 0.3377484 0.5298013 0.8278148 0.6622514 0.8211922 0.6688739 0.8211922 0.6556288 0.8211922 0.6556288 0.8145697 0.6622514 0.8145697 0.6490063 0.8145697 0.6490063 0.8079471 0.6556288 0.794702 0.6225163 0.8013247 0.6225163 0.7814571 0.6092713 0.7880797 0.5894038 0.7814571 0.6092713 0.7748344 0.6026488 0.7880797 0.5894038 0.7880797 0.5894038 0.7748344 0.6026488 0.7748343 0.5960263 0.8145697 0.6490063 0.794702 0.6225163 0.8013247 0.6225163 0.8211922 0.6556288 0.8145697 0.6490063 0.821192 0.5960263 0.8145697 0.6490063 0.8013247 0.6225163 0.821192 0.5960263 0.7748344 0.6026488 0.768212 0.5960263 0.7748343 0.5960263 0.7748343 0.5960263 0.768212 0.5894038 0.7748343 0.5894038 0.7880797 0.5894038 0.7748343 0.5960263 0.781457 0.5894038 0.8278148 0.6622514 0.8211922 0.6556288 0.821192 0.5960263 0.8278149 0.7483441 0.8211922 0.7549666 0.8278148 0.6622514 0.8079468 0.5761588 0.8278148 0.5960263 0.8079469 0.5827813 0.8278148 0.5960263 0.821192 0.5960263 0.8079469 0.5827813 0.8013246 0.5827813 0.8013246 0.5761588 0.8079469 0.5827813 0.8344371 0.7483441 0.8278149 0.7483441 0.8278148 0.6622514 0.7748343 0.5960263 0.7748343 0.5894038 0.781457 0.5894038 0.821192 0.5960263 0.8344371 0.7483441 0.8278148 0.6622514 0.7748343 0.5894038 0.7748343 0.5827813 0.781457 0.5894038 0.8013246 0.5827813 0.8079469 0.5827813 0.821192 0.5960263 0.7880797 0.5894038 0.7880797 0.5695363 0.8013246 0.5827813 0.781457 0.5894038 0.781457 0.5827813 0.7880797 0.5894038 0.8013246 0.5827813 0.821192 0.5960263 0.7880797 0.5894038 0.09933775 0.1125828 0.1589404 0.06622517 0.1589404 0.09933775 0.1589404 0.09933775 0.1059603 0.1456953 0.1059603 0.1390728 0.1059603 0.1390728 0.0927152 0.1456953 0.0927152 0.1390728 0.0927152 0.1390728 0.08609271 0.1390728 0.08609271 0.1192052 0.08609271 0.1192052 0.09933775 0.1059603 0.09933775 0.1125828 0.09933775 0.1125828 0.1589404 0.09933775 0.1059603 0.1390728 0.1059603 0.1390728 0.0927152 0.1390728 0.09933775 0.1125828 0.245033 0.4768211 0.2384105 0.4701986 0.245033 0.4701986 0.2516556 0.4701986 0.2516556 0.4635761 0.2582782 0.4701986 0.245033 0.4768211 0.245033 0.4701986 0.2516556 0.4768211 0.245033 0.4701986 0.2516556 0.4701986 0.2516556 0.4768211 0.231788 0.4834437 0.231788 0.4768211 0.245033 0.4768211 0.231788 0.4966887 0.2251656 0.4900662 0.231788 0.4834437 0.2430776 0.4974299 0.2384105 0.4974377 0.2384105 0.497049 0.2384105 0.4974377 0.231788 0.4966887 0.2384105 0.497049 0.2511491 0.4974347 0.245033 0.49744 0.2384105 0.497049 0.231788 0.4966887 0.231788 0.4834437 0.2384105 0.497049 0.231788 0.4834437 0.245033 0.4768211 0.2516556 0.4834437 0.2516556 0.4701986 0.2582782 0.4701986 0.2582782 0.4768211 0.2516556 0.4768211 0.2516556 0.4701986 0.2582782 0.4768211 0.2516556 0.4768211 0.2582782 0.4834437 0.2516556 0.4834437 0.2516556 0.4834437 0.2672359 0.4979192 0.2649006 0.4981126 0.2672359 0.4979192 0.2671874 0.498252 0.2649006 0.4981126 0.2649006 0.4981126 0.2582782 0.4976288 0.2516556 0.4834437 0.2582782 0.4976288 0.2582782 0.5033112 0.2516556 0.5033112 0.2582782 0.5033112 0.2582782 0.5099338 0.2516556 0.5033112 0.2582782 0.5099338 0.245033 0.5099338 0.2503898 0.5038133 0.2503898 0.5038133 0.2504483 0.5033112 0.2516556 0.5033112 0.2582782 0.5099338 0.2503898 0.5038133 0.2516556 0.5033112 0.2582782 0.4976288 0.2516556 0.5033112 0.2516556 0.4974386 0.2516556 0.4834437 0.2582782 0.4976288 0.2516556 0.4974386 0.2511491 0.4974347 0.2384105 0.497049 0.2516556 0.4834437 0.2384105 0.497049 0.231788 0.4834437 0.2516556 0.4834437 0.2516556 0.4834437 0.2516556 0.4974386 0.2511491 0.4974347 0.4649573 0.5364238 0.4653519 0.5360065 0.4701987 0.5364238 0.4701987 0.5364238 0.4768213 0.5384615 0.4701987 0.5403342 0.231788 0.4569536 0.2384105 0.437086 0.2516556 0.4569536 0.2516556 0.4569536 0.2516556 0.4635761 0.231788 0.4569536 0.2516556 0.4635761 0.2516556 0.4701986 0.245033 0.4701986 0.4263574 0.572389 0.4238411 0.5695363 0.4304636 0.5700222 0.4304636 0.5700222 0.4304636 0.5754415 0.4263574 0.572389 0.6363347 0.6953639 0.6357616 0.6988171 0.6331636 0.6953639 0.2516556 0.1258278 0.253779 0.1265637 0.2539814 0.1267223 0.2179291 0.3172827 0.2185431 0.3178808 0.2179135 0.3178808 0.2427753 0.5001794 0.2427388 0.5005111 0.2384105 0.5033112 0.8940399 0.8013244 0.8675499 0.8013244 0.8675499 0.7947018 0.8675499 0.7947018 0.8543048 0.7947018 0.8543048 0.7682117 0.8543048 0.7682117 0.8874173 0.7682117 0.8874173 0.7748342 0.8874173 0.7748342 0.8940398 0.7748342 0.8940399 0.8013244 0.8940399 0.8013244 0.8675499 0.7947018 0.8874173 0.7748342 0.2251655 0.03311246 0.2251655 0.03417319 0.2233222 0.03476732 0.2393743 0.1390728 0.2443798 0.1390728 0.2442535 0.1456953 0.2980132 0.5430463 0.2715231 0.5430463 0.2781457 0.5364238 0.2980132 0.5426649 0.2980132 0.542281 0.2987936 0.5430463 0.2980132 0.542281 0.3030605 0.5396734 0.2987936 0.5430463 0.2980132 0.5430463 0.2781457 0.5364238 0.2980132 0.5426649 0.3046359 0.5496688 0.2980132 0.5496688 0.2987936 0.5430463 0.2980132 0.5496688 0.2980132 0.5430463 0.2987936 0.5430463 0.3178808 0.5496688 0.3112583 0.5496688 0.3112583 0.5488913 0.3112583 0.5496688 0.3046359 0.5496688 0.3086487 0.5484143 0.3443709 0.5562914 0.3178808 0.5562914 0.331556 0.55591 0.3178808 0.5562914 0.3178808 0.5496688 0.3186631 0.5496688 0.331556 0.55591 0.3178808 0.5562914 0.3311257 0.5555166 0.331556 0.55591 0.3447507 0.5562914 0.3443709 0.5562914 0.3245033 0.5521883 0.3311257 0.5555166 0.3178808 0.5562914 0.3186631 0.5496688 0.3245033 0.551514 0.3245033 0.5521883 0.3086487 0.5484143 0.3112583 0.5488913 0.3112583 0.5496688 0.3112583 0.5488913 0.3186631 0.5496688 0.3178808 0.5496688 0.3096389 0.5456461 0.3095277 0.5459528 0.3046359 0.5430463 0.3095277 0.5459528 0.3086487 0.5484143 0.3046359 0.5430463 0.3017058 0.5430463 0.3046359 0.5430463 0.3086487 0.5484143 0.2987936 0.5430463 0.3017058 0.5430463 0.3046359 0.5496688 0.3017058 0.5430463 0.3086487 0.5484143 0.3046359 0.5496688 0.2980132 0.5430463 0.2980132 0.5426649 0.2987936 0.5430463 0.4768213 0.4900662 0.4768212 0.4966887 0.4701987 0.4966887 0.2185429 0.04635757 0.2251655 0.0525465 0.2251655 0.05298012 0.2185429 0.05298012 0.2119204 0.05298012 0.2119204 0.04635757 0.2185429 0.04635757 0.2251655 0.05298012 0.2185429 0.05298012 0.2119204 0.03973495 0.2185429 0.03973495 0.2185429 0.04635757 0.2185429 0.05298012 0.2119204 0.04635757 0.2185429 0.04635757 0.6821192 0.5761588 0.6792681 0.5761588 0.6821191 0.571342 0.2119204 0.03973495 0.2119204 0.04635757 0.1788079 0.04635757 0.1788079 0.04635757 0.1788079 0.05298012 0.1721853 0.04635757 0.1788079 0.05298012 0.1721853 0.05298012 0.1721853 0.04635757 0.205298 0.01986742 0.2185429 0.02649003 0.2119204 0.02649003 0.2119204 0.02649003 0.2119204 0.03311246 0.205298 0.01986742 0.2119204 0.03311246 0.2119204 0.03973495 0.1788079 0.04635757 0.205298 0.01986742 0.2119204 0.03311246 0.1788079 0.04635757 0.97351 0.9933775 0.9735099 1 0.9668874 0.9933775 0.2980132 0.542281 0.2948057 0.5392047 0.2956887 0.5364238 0.2980132 0.1523178 0.2980132 0.1589403 0.2913907 0.1589403 0.7468717 0.9139073 0.7483447 0.9198086 0.7427534 0.9172663 0.245033 0.5165563 0.231788 0.5165563 0.2384105 0.5099338 0.2384105 0.5099338 0.245033 0.5099338 0.245033 0.5165563 0.3046359 0.5231788 0.2980132 0.5298013 0.2980132 0.5231788 0.2980132 0.5298013 0.2781457 0.5231788 0.2913907 0.5231788 0.6003251 0.7477914 0.6007776 0.7483441 0.5968068 0.7483441 0.1899247 0.423841 0.1878384 0.424932 0.1875826 0.4249715 0.7558268 0.8741721 0.754967 0.8741721 0.757386 0.8720599 0.754967 0.8741721 0.754967 0.8675495 0.757386 0.8720599 0.5960264 0.7490229 0.5960264 0.7541398 0.5933181 0.7518703 0.2913907 0.09196799 0.2913907 0.08609271 0.2940848 0.08864903 0.7086094 0.5894038 0.7144882 0.5894038 0.7218542 0.590306 0.1794885 0.1589403 0.1819777 0.1556301 0.1822659 0.1557448 0.8205805 0.9139074 0.818365 0.917444 0.8180911 0.9174615 0.7682121 0.8707132 0.7615896 0.8940396 0.7615896 0.8741721 0.7615896 0.8940396 0.754967 0.8940396 0.7615896 0.8741721 0.754967 0.8940396 0.7483446 0.8940396 0.7615896 0.8741721 0.2384105 0.437086 0.231788 0.4569536 0.2251655 0.4569536 0.2251655 0.4569536 0.2251656 0.4635761 0.2185431 0.4635761 0.2185431 0.4635761 0.2111026 0.4825693 0.205298 0.4775594 0.1974281 0.4569535 0.1940798 0.4559302 0.192053 0.4510669 0.2185431 0.4635761 0.205298 0.4775594 0.1974281 0.4569535 0.2384105 0.437086 0.2251655 0.4569536 0.2251655 0.4304635 0.2251655 0.4569536 0.2185431 0.4635761 0.192053 0.4510669 0.192053 0.4510669 0.2185431 0.4635761 0.1974281 0.4569535 0.2251655 0.4304635 0.231788 0.4304635 0.2384105 0.437086 0.2119206 0.423841 0.2251655 0.423841 0.2251655 0.4304635 0.205298 0.4172185 0.2119206 0.4172185 0.2119206 0.423841 0.1899247 0.423841 0.1854304 0.4179536 0.1986755 0.423841 0.1986755 0.423841 0.205298 0.4172185 0.2119206 0.423841 0.2119206 0.423841 0.2251655 0.4304635 0.2251655 0.4569536 0.2251655 0.4569536 0.192053 0.4510669 0.1914259 0.450331 0.2119206 0.423841 0.2251655 0.4569536 0.1914259 0.450331 0.1986755 0.423841 0.2119206 0.423841 0.1913259 0.4437085 0.1878384 0.424932 0.1899247 0.423841 0.1904026 0.4304635 0.1899247 0.423841 0.1986755 0.423841 0.1904026 0.4304635 0.1911631 0.437086 0.1881538 0.4328976 0.1904026 0.4304635 0.1914259 0.450331 0.1889703 0.4492815 0.1913259 0.4437085 0.2119206 0.423841 0.1914259 0.450331 0.1913259 0.4437085 0.1911631 0.437086 0.1904026 0.4304635 0.1986755 0.423841 0.1913259 0.4437085 0.1884636 0.4410122 0.1911631 0.437086 0.626784 0.7096135 0.6264954 0.7095016 0.629139 0.7086089 0.3186631 0.5496688 0.3112583 0.5488913 0.3178808 0.5462315 0.3112583 0.5488913 0.3112583 0.5430463 0.3178808 0.5462315 0.7562038 0.8741721 0.7556826 0.8807946 0.7558268 0.8741721 0.2649006 0.245033 0.2582781 0.2384105 0.2649006 0.231788 0.3393266 0.5496688 0.3413298 0.5504128 0.3377484 0.5496688 0.3443709 0.5106527 0.3455729 0.5133019 0.3455257 0.5136212 0.3112583 0.0602892 0.3106653 0.05960249 0.3178808 0.05960249 0.3178808 0.05960249 0.3178808 0.06622517 0.3112583 0.0602892 0.7332894 0.911458 0.733484 0.9072846 0.7350993 0.9072846 0.7350993 0.9072846 0.7350993 0.9139073 0.7332894 0.911458 0.3443709 0.5364238 0.3443709 0.5430463 0.3377484 0.5364238 0.3443709 0.5430463 0.3311257 0.5430463 0.3377484 0.5364238 0.2847682 0.0927152 0.2913907 0.08609271 0.2913907 0.09196799 0.7350993 0.9026067 0.7350993 0.9006623 0.7379798 0.9018906 0.7350993 0.9006623 0.7391592 0.9006623 0.7379798 0.9018906 0.7379798 0.9018906 0.7358781 0.9072846 0.7350993 0.9026067 0.7358781 0.9072846 0.7350993 0.9072846 0.7350993 0.9026067 0.733484 0.9072846 0.7335496 0.904146 0.7350993 0.9072846 0.2516556 0.4974386 0.2516556 0.5033112 0.2507818 0.5005191 0.2566517 0.5266729 0.2582782 0.5298013 0.2557381 0.5298013 0.8171224 0.84549 0.8174232 0.8454671 0.820009 0.8476821 0.8073291 0.7814568 0.8057191 0.7824695 0.8054598 0.7825278 0.1622622 0.2161329 0.1655629 0.205298 0.1651328 0.2087391 0.1651328 0.2087391 0.1655629 0.2078707 0.1622622 0.2161329 0.1655629 0.2078707 0.1456953 0.3443708 0.1589403 0.231788 0.1456953 0.3443708 0.1446317 0.340774 0.1448845 0.3328789 0.1449456 0.3311257 0.1451885 0.3249611 0.1456953 0.3178808 0.1451885 0.3249611 0.1452339 0.3178808 0.1456953 0.3178808 0.1456953 0.3443708 0.1448845 0.3328789 0.1449456 0.3311257 0.1589403 0.2232841 0.1564164 0.2225145 0.1589404 0.2185429 0.1589403 0.231788 0.1586307 0.2313399 0.1589403 0.2232841 0.1551494 0.2385253 0.1586105 0.231788 0.1571773 0.2390975 0.1586105 0.231788 0.1589403 0.231788 0.1571773 0.2390975 0.1523179 0.2541298 0.1523179 0.2516556 0.1571773 0.2390975 0.1589403 0.231788 0.1589403 0.2232841 0.1622622 0.2161329 0.1589403 0.2232841 0.1589404 0.2185429 0.1622622 0.2161329 0.1523179 0.2541298 0.1571773 0.2390975 0.1589403 0.231788 0.1482826 0.2694289 0.1518821 0.2582781 0.1456953 0.2771189 0.1518821 0.2582781 0.1523179 0.2541298 0.1456953 0.2771189 0.1456953 0.2715231 0.1456953 0.2692089 0.1482826 0.2694289 0.1456953 0.2930916 0.1456953 0.2847682 0.1456953 0.3112582 0.1456953 0.2847682 0.1456953 0.2771189 0.1456953 0.3112582 0.1456953 0.2771189 0.1456953 0.2715231 0.1482826 0.2694289 0.1523179 0.2541298 0.1589403 0.231788 0.1456953 0.2771189 0.1589403 0.231788 0.1622622 0.2161329 0.1655629 0.2078707 0.1456953 0.3443708 0.1449456 0.3311257 0.1456953 0.3178808 0.1456953 0.3178808 0.1456953 0.3170377 0.1456953 0.3112582 0.139844 0.2980132 0.1429504 0.2928437 0.1456953 0.2930916 0.1456953 0.2771189 0.1589403 0.231788 0.1456953 0.3112582 0.1589403 0.231788 0.1456953 0.3443708 0.1456953 0.3178808 0.1589403 0.231788 0.1456953 0.3178808 0.1456953 0.3112582 0.1456953 0.3011623 0.139844 0.2980132 0.1456953 0.2930916 0.1456953 0.3046357 0.1428821 0.3008969 0.1456953 0.3011623 0.1456953 0.3011623 0.1456953 0.2930916 0.1456953 0.3112582 0.2980132 0.5364238 0.3032898 0.5389816 0.3030605 0.5396734 0.1931807 0.5165563 0.1924768 0.5195189 0.192053 0.519727 1 0.9867549 1 0.9933775 0.9933775 0.9867549 0.3245034 0.5231788 0.3377484 0.5231788 0.3377484 0.5298013 0.7517765 0.8604357 0.7543181 0.8609271 0.7535562 0.8675495 0.9801325 0.9933775 0.9801325 1 0.97351 0.9933775 0.2913907 0.05298012 0.2913907 0.04790443 0.2955044 0.05298012 0.561707 0.5533282 0.5562915 0.5554032 0.5562914 0.5503212 0.4336189 0.5756875 0.4304636 0.5754415 0.4337296 0.5754216 0.4304636 0.5754415 0.4304636 0.5700222 0.4337296 0.5754216 0.4304636 0.5700222 0.4348339 0.572798 0.4337296 0.5754216 0.1679779 0.1930289 0.168224 0.1931161 0.1705026 0.1939232 0.2251655 0.2541226 0.2277991 0.2545579 0.2214667 0.2614421 0.2214667 0.2614421 0.2245749 0.2620266 0.219743 0.2649006 0.219743 0.2649006 0.222006 0.2696051 0.2192594 0.2690394 0.2192594 0.2690394 0.2251655 0.2541226 0.2214667 0.2614421 0.1523179 0.4588513 0.1494989 0.4596994 0.1491717 0.4597981 0.5430465 0.6092713 0.5470203 0.6092713 0.546685 0.6120143 0.986755 0.6953639 0.986755 0.7086089 0.9801324 0.7086089 0.9801324 0.7086089 0.97351 0.7086089 0.986755 0.6953639 0.97351 0.7086089 0.97351 0.6622514 0.986755 0.6953639 0.9668873 0.6688739 0.960265 0.6622514 0.9668873 0.6622514 0.9668873 0.6622514 0.9668874 0.6556288 0.97351 0.6622514 0.9668874 0.6556288 0.9867551 0.6556288 0.97351 0.6622514 0.9867551 0.6556288 0.986755 0.6953639 0.97351 0.6622514 0.2133009 0.2980132 0.2153478 0.3007029 0.2126576 0.3046357 0.2126576 0.3046357 0.2148994 0.3086814 0.2122365 0.3082396 0.2180633 0.2781457 0.2119206 0.2847682 0.2119204 0.2781457 0.2126576 0.3046357 0.2122365 0.3082396 0.2133009 0.2980132 0.2122365 0.3082396 0.2180633 0.2781457 0.2133009 0.2980132 0.2185431 0.2913907 0.2185431 0.293226 0.2133009 0.2980132 0.2180633 0.2781457 0.2119204 0.2781457 0.2188534 0.2715231 0.2119204 0.2781457 0.2119204 0.2516556 0.2192594 0.2690394 0.2188534 0.2715231 0.2119204 0.2781457 0.2192594 0.2690394 0.2119204 0.2516556 0.2119206 0.2251655 0.2246489 0.2384105 0.2119206 0.2251655 0.2185429 0.1721854 0.2185429 0.205298 0.2185429 0.1721854 0.2251655 0.1751553 0.2251655 0.1788079 0.2185429 0.1721854 0.2251655 0.1788079 0.2213662 0.1825965 0.2119206 0.2251655 0.2185429 0.205298 0.2185429 0.2119204 0.2185431 0.2913907 0.2133009 0.2980132 0.2180633 0.2781457 0.2188534 0.2715231 0.2185431 0.2781457 0.2180633 0.2781457 0.2185431 0.2781457 0.2185431 0.2847682 0.2180633 0.2781457 0.2185431 0.2847682 0.2185431 0.2913907 0.2180633 0.2781457 0.2185429 0.1721854 0.2213662 0.1825965 0.2200044 0.1854304 0.2200044 0.1854304 0.2216614 0.1911628 0.2190209 0.1920529 0.2190209 0.1920529 0.2185429 0.1986754 0.2185429 0.1721854 0.2185429 0.1986754 0.2185429 0.205298 0.2185429 0.1721854 0.2185429 0.205298 0.2211138 0.2075507 0.2185429 0.2119204 0.2185429 0.2119204 0.2251655 0.2312099 0.2119206 0.2251655 0.2251655 0.2312099 0.2251655 0.231788 0.2119206 0.2251655 0.2251655 0.231788 0.2246489 0.2384105 0.2119206 0.2251655 0.2244804 0.2516556 0.2251655 0.2541226 0.2119204 0.2516556 0.2251655 0.2541226 0.2192594 0.2690394 0.2119204 0.2516556 0.2246489 0.2384105 0.2244804 0.2516556 0.2119204 0.2516556 0.2192594 0.2690394 0.2217062 0.2695434 0.2188534 0.2715231 0.6821194 0.9337747 0.6769255 0.9337747 0.6772746 0.9271522 0.6821194 0.9337747 0.6772746 0.9271522 0.6804049 0.9247974 0.7019867 0.9408097 0.6953645 0.9462281 0.6953645 0.9403973 0.6953645 0.9403973 0.6821194 0.9337747 0.7218545 0.9205297 0.6821194 0.9337747 0.6804049 0.9247974 0.7218545 0.9205297 0.6804049 0.9247974 0.6688743 0.9139072 0.7218545 0.9205297 0.6953645 0.9403973 0.7218545 0.9205297 0.7086095 0.9403973 0.7086095 0.9413725 0.7019867 0.9408097 0.7086095 0.9403973 0.7019867 0.9408097 0.6953645 0.9403973 0.7086095 0.9403973 0.715232 0.9398344 0.7145848 0.9403973 0.7086095 0.9403973 0.7086095 0.9403973 0.7218545 0.9205297 0.7218545 0.9271522 0.7218545 0.9391626 0.715232 0.9398344 0.7218545 0.9337747 0.715232 0.9398344 0.7086095 0.9403973 0.7218545 0.9337747 0.7218545 0.9271522 0.7269265 0.9337747 0.7218545 0.9337747 0.7218545 0.9337747 0.7086095 0.9403973 0.7218545 0.9271522 0.722984 0.9205297 0.7232939 0.9205297 0.7218545 0.9271522 0.666923 0.9147711 0.6667188 0.9149342 0.6630539 0.9139072 0.722984 0.9205297 0.7218545 0.9271522 0.7218545 0.9205297 0.6688743 0.9139072 0.666923 0.9147711 0.6688743 0.9132398 0.666923 0.9147711 0.6630539 0.9139072 0.6688743 0.9132398 0.6688743 0.9132398 0.6622516 0.9084417 0.6622516 0.9072846 0.6099647 0.8278144 0.6034098 0.8145695 0.6165015 0.8344371 0.6034098 0.8145695 0.7218545 0.9205297 0.6165015 0.8344371 0.6165015 0.8344371 0.6158941 0.8410595 0.6099647 0.8278144 0.6225168 0.8482593 0.6211028 0.8492048 0.6225168 0.8476821 0.6279079 0.8543045 0.6225168 0.8482593 0.629139 0.8543044 0.6225168 0.8482593 0.6225168 0.8476821 0.629139 0.8543044 0.6225168 0.8476821 0.6165015 0.8344371 0.6296574 0.8543044 0.6165015 0.8344371 0.7218545 0.9205297 0.6296574 0.8543044 0.7218545 0.9205297 0.6688743 0.9139072 0.6688743 0.9132398 0.6688743 0.9132398 0.6622516 0.9072846 0.7218545 0.9205297 0.6622516 0.9072846 0.6556291 0.8940396 0.7218545 0.9205297 0.6296574 0.8543044 0.629139 0.8609271 0.629139 0.8543044 0.629139 0.8609271 0.6264266 0.8553386 0.629139 0.8543044 0.6556291 0.8940396 0.6296574 0.8543044 0.7218545 0.9205297 0.7225554 0.5960263 0.7280315 0.5960263 0.728477 0.5964695 0.7012495 0.5827813 0.7012674 0.585331 0.7011798 0.5855711 0.1788079 0.05298012 0.1788079 0.04635757 0.2119204 0.05298012 0.1788079 0.04635757 0.2119204 0.04635757 0.2119204 0.05298012 0.2119204 0.05298012 0.2185429 0.05960249 0.2119204 0.05960249 0.1655628 0.05960249 0.1721853 0.05298012 0.1788079 0.05298012 0.1589404 0.09933775 0.1589404 0.06622517 0.1655629 0.0927152 0.1589404 0.06622517 0.1655628 0.05960249 0.1788079 0.07947015 0.1655629 0.0927152 0.1655629 0.09933775 0.1589404 0.09933775 0.1721854 0.08609271 0.1721854 0.0927152 0.1655629 0.0927152 0.1788079 0.07947015 0.1788079 0.08609271 0.1721854 0.08609271 0.1920529 0.07284766 0.1920529 0.07947015 0.1788079 0.07947015 0.2119204 0.07284766 0.205298 0.07284766 0.2119204 0.06622517 0.205298 0.07284766 0.1920529 0.07284766 0.2119204 0.05960249 0.2119204 0.06622517 0.205298 0.07284766 0.2119204 0.05960249 0.2119204 0.06622517 0.2185429 0.07284766 0.2119204 0.07284766 0.2119204 0.05960249 0.2185429 0.06622517 0.2119204 0.06622517 0.1788079 0.05298012 0.2119204 0.05298012 0.2119204 0.05960249 0.1589404 0.06622517 0.1788079 0.07947015 0.1721854 0.08609271 0.1655628 0.05960249 0.1788079 0.05298012 0.1788079 0.07947015 0.1721854 0.08609271 0.1655629 0.0927152 0.1589404 0.06622517 0.1788079 0.05298012 0.2119204 0.05960249 0.1920529 0.07284766 0.1424513 0.3245033 0.1448661 0.3245032 0.1446195 0.3311257 0.3488376 0.55285 0.3487261 0.5533845 0.3443709 0.5508432 0.205298 0.5170252 0.2011367 0.5169316 0.1986755 0.5165563 0.231788 0.4973914 0.2268714 0.4970904 0.231788 0.4966887 0.7417219 0.6953639 0.7483445 0.6953639 0.7483445 0.7019864 0.7483445 0.7019864 0.7483445 0.721854 0.728477 0.721854 0.728477 0.721854 0.715232 0.721854 0.7152321 0.7152314 0.7152321 0.7152314 0.6357616 0.6988171 0.6363347 0.6953639 0.6363347 0.6953639 0.6357616 0.6953639 0.633246 0.6874848 0.6357616 0.6953639 0.630018 0.6947203 0.633246 0.6874848 0.630018 0.6947203 0.632929 0.6874663 0.633246 0.6874848 0.633246 0.6874848 0.6303047 0.68731 0.6303001 0.6821188 0.6303001 0.6821188 0.6330104 0.6797693 0.6333293 0.6797378 0.6357616 0.6754963 0.6299118 0.6754963 0.633152 0.671746 0.6299118 0.6754963 0.6328245 0.6718264 0.633152 0.671746 0.633246 0.6874848 0.6303001 0.6821188 0.6423844 0.6821188 0.6303001 0.6821188 0.6333293 0.6797378 0.6423844 0.6821188 0.6333293 0.6797378 0.6357616 0.6754963 0.6363836 0.6754963 0.7483445 0.7019864 0.728477 0.721854 0.7417219 0.6953639 0.728477 0.721854 0.7152321 0.7152314 0.7417219 0.6953639 0.7152321 0.7152314 0.6363347 0.6953639 0.6423844 0.6821188 0.6363347 0.6953639 0.633246 0.6874848 0.6423844 0.6821188 0.6357616 0.6754963 0.633152 0.671746 0.6364176 0.6709564 0.7417219 0.6953639 0.7152321 0.7152314 0.7350991 0.6887413 0.7350991 0.6887413 0.7417219 0.6887413 0.7417219 0.6953639 0.7350991 0.6887413 0.7152321 0.7152314 0.7350991 0.6821188 0.6333293 0.6797378 0.6363836 0.6754963 0.6423844 0.6821188 0.6357616 0.6754963 0.6364176 0.6709564 0.6363836 0.6754963 0.6363836 0.6754963 0.6490067 0.6754963 0.6423844 0.6821188 0.5165564 0.603487 0.5231791 0.6092714 0.5165564 0.6038092 0.7417219 0.9072846 0.7372625 0.9072846 0.7417219 0.9012571 0.7372625 0.9072846 0.736966 0.9072846 0.7417219 0.9012571 0.2649006 0.04048132 0.2582781 0.04038321 0.2582781 0.04004001 0.2582781 0.04038321 0.2579373 0.03973495 0.2582781 0.04004001 0.735099 0.5761588 0.7218542 0.5761588 0.728477 0.5695363 0.1456953 0.2847682 0.1456953 0.2930916 0.1399126 0.2913907 0.2649006 0.2119204 0.2582781 0.2119204 0.2582781 0.205298 0.2582781 0.205298 0.2582781 0.1986754 0.2715231 0.1986754 0.2582781 0.1986754 0.2582781 0.1920529 0.2715231 0.1986754 0.2781457 0.1920529 0.2781457 0.205298 0.2715231 0.1986754 0.2715231 0.1986754 0.2715231 0.205298 0.2649006 0.2119204 0.2715231 0.205298 0.2715231 0.2251655 0.2649006 0.2185429 0.2715231 0.2251655 0.2649006 0.2251655 0.2649006 0.2185429 0.2649006 0.2185429 0.2582781 0.2185429 0.2649006 0.2119204 0.2649006 0.2119204 0.2582781 0.205298 0.2715231 0.1986754 0.2582781 0.1920529 0.2781457 0.1920529 0.2715231 0.1986754 0.2211138 0.2075507 0.2214477 0.2075322 0.2244473 0.2119204 0.3046359 0.5416127 0.3046359 0.5430463 0.3030605 0.5396734 0.190528 0.1418707 0.1879179 0.1407312 0.1876518 0.1406148 0.2803577 0.04689437 0.2847682 0.04669743 0.2847682 0.04709094 0.8079473 0.8079469 0.8139328 0.8079469 0.811384 0.8138923 0.1192052 0.4768211 0.1258277 0.410596 0.1324503 0.4172185 0.1324503 0.4172185 0.1324503 0.410596 0.1390728 0.4966887 0.1390728 0.4966887 0.1192052 0.4966887 0.1192052 0.4768211 0.1192052 0.4966887 0.1125828 0.4701986 0.1192052 0.4768211 0.5562916 0.6092713 0.5562916 0.6151525 0.5547649 0.6121194 0.7306028 0.9035318 0.7308877 0.9035876 0.7331747 0.9072847 0.7586906 0.8839815 0.7553769 0.8811299 0.7556826 0.8807946 0.7553769 0.8811299 0.7553222 0.8807946 0.7556826 0.8807946 0.6299189 0.6688738 0.633152 0.671746 0.6300969 0.6725024 0.2781457 0.1788079 0.2781457 0.1920529 0.2649007 0.1854304 0.2781457 0.1920529 0.2582781 0.1920529 0.2649007 0.1854304 0.8079473 0.8013244 0.8139288 0.8013244 0.811117 0.8058711 0.8156487 0.9251424 0.8158565 0.9205297 0.8182848 0.9250789 0.7248774 0.5919657 0.7218542 0.590306 0.714875 0.5894038 0.7218542 0.590306 0.7144882 0.5894038 0.714875 0.5894038 0.7144882 0.5894038 0.7093886 0.5868184 0.7105393 0.5838735 0.7093886 0.5868184 0.7086094 0.5835215 0.7105393 0.5838735 0.2045404 0.3377482 0.1978531 0.3411909 0.1976746 0.3409388 0.3026925 0.05668705 0.3027763 0.05636394 0.3046358 0.05373162 0.3046358 0.05373162 0.3046357 0.05960249 0.3026925 0.05668705 0.3046357 0.05960249 0.3019219 0.05960249 0.3026925 0.05668705 0.3019219 0.05960249 0.2942355 0.05737489 0.2980132 0.05878525 0.3178808 0.07284766 0.3245033 0.06622517 0.3245034 0.07947015 0.3245034 0.07947015 0.3178808 0.08609271 0.3178808 0.07947015 0.2913907 0.1721854 0.2913907 0.1788079 0.2847682 0.1721854 0.2167587 0.5205456 0.216848 0.519874 0.2185431 0.5220263 0.4437087 0.5033112 0.4370861 0.5099338 0.4238411 0.4966887 0.4370861 0.5099338 0.4238411 0.5033112 0.4238411 0.4966887 0.4238411 0.4966887 0.4569537 0.4900662 0.4503312 0.4966887 0.4503312 0.4966887 0.4503312 0.5033112 0.4437087 0.5033112 0.9602648 0.9801325 0.9536424 0.9867549 0.9536424 0.9801326 0.2305279 0.231788 0.2251655 0.2516556 0.2246489 0.2384105 0.2251655 0.2516556 0.2244804 0.2516556 0.2246489 0.2384105 0.7549671 0.8811764 0.7549671 0.8815633 0.7489963 0.8860813 0.5960264 0.7490229 0.5960264 0.7486807 0.5968068 0.7483441 0.5960264 0.7486807 0.5964134 0.7483441 0.5968068 0.7483441 0.2443798 0.1390728 0.245033 0.1383441 0.2516556 0.1390728 0.245033 0.1383441 0.2509127 0.1324503 0.251309 0.1324503 0.251309 0.1324503 0.2582781 0.1324503 0.2516556 0.1390728 0.2582781 0.1324503 0.2582782 0.1390728 0.2516556 0.1390728 0.245033 0.1383441 0.251309 0.1324503 0.2516556 0.1390728 0.2429016 0.1478319 0.2442535 0.1456953 0.2432785 0.1480327 0.2442535 0.1456953 0.2443798 0.1390728 0.245033 0.1456953 0.2432785 0.1480327 0.2442535 0.1456953 0.245033 0.1456953 0.2516556 0.1390728 0.2516556 0.1456953 0.245033 0.1456953 0.2443798 0.1390728 0.2516556 0.1390728 0.245033 0.1456953 0.245033 0.1456953 0.245033 0.1523178 0.2432785 0.1480327 0.245033 0.1523178 0.2380551 0.1542003 0.23811 0.1523178 0.2119204 0.496048 0.2119204 0.4919745 0.2171736 0.4966887 0.2171736 0.4966887 0.2185431 0.4966887 0.2119204 0.5099338 0.1986755 0.5099338 0.1986755 0.5165563 0.1931807 0.5165563 0.2171736 0.4966887 0.2119204 0.5099338 0.2052979 0.5033112 0.2119204 0.5099338 0.1986755 0.5099338 0.2052979 0.5033112 0.2052979 0.5033112 0.2119204 0.496048 0.2171736 0.4966887 0.1986755 0.5033112 0.2052979 0.4966887 0.2052979 0.5033112 0.1854304 0.5099338 0.1854304 0.5033112 0.1986755 0.5033112 0.1792629 0.5106736 0.1751721 0.5099338 0.1854304 0.5099338 0.1854304 0.5155593 0.1792629 0.5106736 0.1854304 0.5099338 0.1854304 0.5099338 0.1986755 0.5033112 0.1986755 0.5099338 0.1986755 0.5033112 0.2052979 0.5033112 0.1986755 0.5099338 0.1986755 0.5099338 0.1931807 0.5165563 0.192053 0.5159733 0.1931807 0.5165563 0.192053 0.5165563 0.192053 0.5159733 0.192053 0.5159733 0.1854304 0.5155593 0.1854304 0.5099338 0.6346248 0.6626742 0.6357616 0.6688739 0.6299189 0.6688738 0.6299189 0.6688738 0.6324445 0.6634673 0.6346248 0.6626742 0.960265 0.7086089 0.9668875 0.7086089 0.960265 0.7152314 0.9668875 0.7086089 0.9668874 0.7284765 0.960265 0.7152314 0.9668874 0.7284765 0.9536424 0.7284765 0.9536424 0.721854 0.9536424 0.721854 0.9536424 0.7152314 0.960265 0.7152314 0.7423579 0.9006623 0.7420275 0.9006623 0.7423277 0.8940396 0.7483446 0.8807946 0.7483446 0.8874171 0.7417219 0.8807946 0.7483446 0.8874171 0.7417219 0.8940396 0.7417219 0.8874171 0.3954831 0.5629138 0.3956686 0.5618277 0.4039735 0.5622279 0.4039735 0.5622279 0.4105961 0.5629138 0.4039735 0.5629138 0.3973511 0.5629138 0.3954831 0.5629138 0.4039735 0.5622279 0.7417218 0.6158939 0.7402642 0.6113811 0.7417218 0.6099273 0.5562915 0.5554032 0.5536054 0.5528616 0.553655 0.5525861 0.2251655 0.02649003 0.231788 0.03311246 0.2251655 0.03311246 0.8158241 0.9176083 0.8156796 0.9139073 0.8180911 0.9174615 0.8158565 0.9205297 0.8153517 0.9139074 0.8158241 0.9176083 0.5695363 0.5298013 0.5695363 0.5364238 0.5496692 0.5165563 0.5695363 0.5364238 0.4900662 0.5298013 0.5496692 0.5165563 0.4900662 0.5298013 0.4900662 0.4966887 0.4966888 0.4966887 0.5165565 0.4966887 0.5430464 0.5033112 0.5364239 0.5099338 0.4900662 0.5298013 0.4966888 0.4966887 0.5165565 0.4966887 0.4900662 0.5298013 0.5165565 0.4966887 0.5364239 0.5099338 0.5364239 0.5099338 0.5562915 0.5099338 0.5496692 0.5165563 0.4900662 0.5298013 0.5364239 0.5099338 0.5496692 0.5165563 0.6092718 0.5364238 0.5960264 0.5364238 0.5960264 0.5298013 0.5496692 0.5165563 0.615894 0.5165563 0.5695363 0.5298013 0.615894 0.5165563 0.615894 0.5231788 0.5960264 0.5298013 0.615894 0.5231788 0.629139 0.5231788 0.6225167 0.5298013 0.6225167 0.5298013 0.6556292 0.5298013 0.6490066 0.5364238 0.6490066 0.5364238 0.668874 0.5364238 0.668874 0.5430463 0.668874 0.5430463 0.602649 0.5430463 0.6490066 0.5364238 0.602649 0.5430463 0.6092718 0.5364238 0.6490066 0.5364238 0.5960264 0.5298013 0.5695363 0.5298013 0.615894 0.5165563 0.6092718 0.5364238 0.5960264 0.5298013 0.615894 0.5231788 0.6225167 0.5298013 0.6092718 0.5364238 0.615894 0.5231788 0.3774835 0.5568414 0.3878777 0.5590515 0.3797848 0.5594698 0.3878777 0.5590515 0.3907285 0.5629138 0.3797543 0.5597589 0.4773872 0.5949902 0.4713015 0.5894038 0.4834437 0.5953446 0.4713015 0.5894038 0.4493063 0.5799236 0.4503313 0.5761588 0.4503313 0.5761588 0.4437087 0.5761588 0.4370862 0.5752063 0.4437087 0.5761588 0.4422105 0.5761588 0.4370862 0.5752063 0.4713015 0.5894038 0.4503313 0.5761588 0.4701987 0.5430463 0.4966888 0.6026487 0.4856545 0.5960263 0.4966888 0.5960263 0.4856545 0.5960263 0.4834437 0.5953446 0.4966888 0.5960263 0.4713015 0.5894038 0.4701987 0.5430463 0.4768213 0.5430463 0.4370862 0.5752063 0.4348339 0.572798 0.4350332 0.5723296 0.4304636 0.5695363 0.4304636 0.5700222 0.4238411 0.5695363 0.4370862 0.5752063 0.4350332 0.5723296 0.4304636 0.5695363 0.4503313 0.5761588 0.4370862 0.5752063 0.4503312 0.5496688 0.4370862 0.5752063 0.4304636 0.5695363 0.4304636 0.5629138 0.4304636 0.5695363 0.4238411 0.5695363 0.4304636 0.5629138 0.4238411 0.5695363 0.4187272 0.5695363 0.4192049 0.5681716 0.4304636 0.5629138 0.4238411 0.5695363 0.4192049 0.5681716 0.4304636 0.5629138 0.4238411 0.5629138 0.4304636 0.5562914 0.4503312 0.5496688 0.4437087 0.5496688 0.4569537 0.5364238 0.4304636 0.5629138 0.4304636 0.5562914 0.4503312 0.5496688 0.4370862 0.5752063 0.4304636 0.5629138 0.4503312 0.5496688 0.4503312 0.5496688 0.4569537 0.5364238 0.4569537 0.5430463 0.4713015 0.5894038 0.4768213 0.5430463 0.4834437 0.5953446 0.4503313 0.5761588 0.4503312 0.5496688 0.4701987 0.5430463 0.4569537 0.5430463 0.4635764 0.5364238 0.4667839 0.540022 0.4503312 0.5496688 0.4569537 0.5430463 0.4701987 0.5430463 0.5033112 0.6020047 0.4999291 0.6026487 0.4966888 0.5960263 0.4966888 0.5960263 0.4834437 0.5953446 0.4818175 0.5430462 0.4569537 0.5430463 0.4667839 0.540022 0.4701987 0.5430463 0.4667839 0.540022 0.4701987 0.5403342 0.4701987 0.5430463 0.5033112 0.6020047 0.4966888 0.5960263 0.509934 0.5960263 0.509934 0.5960263 0.4966888 0.5960263 0.5215826 0.5496688 0.5165564 0.6026487 0.509934 0.6026487 0.509934 0.5960263 0.4834437 0.5953446 0.4768213 0.5430463 0.4818175 0.5430462 0.5165564 0.603487 0.5159828 0.6034382 0.5165564 0.6026487 0.5165564 0.6026487 0.509934 0.5960263 0.536424 0.5439479 0.4768213 0.5430463 0.4768213 0.5423518 0.4818175 0.5430462 0.4966888 0.5960263 0.4818175 0.5430462 0.5165564 0.5488122 0.5231791 0.6080951 0.5165564 0.603487 0.5165564 0.6026487 0.536424 0.6092714 0.5305822 0.6084181 0.562914 0.5827813 0.5305822 0.6084181 0.5231791 0.6080951 0.5496692 0.5551421 0.562914 0.5827813 0.5305822 0.6084181 0.5496692 0.5551421 0.5470915 0.6086842 0.538906 0.6092713 0.536424 0.6092714 0.5562916 0.6026488 0.5496693 0.6087395 0.5470915 0.6086842 0.562914 0.6092713 0.5562916 0.6092713 0.5562916 0.6026488 0.6092718 0.6026488 0.6026492 0.6092713 0.5827814 0.6026488 0.6026492 0.6092713 0.5695363 0.6092713 0.5827814 0.6026488 0.5695363 0.6092713 0.562914 0.6092713 0.5629139 0.5960263 0.562914 0.6092713 0.5562916 0.6026488 0.5629139 0.5960263 0.5562916 0.6026488 0.5470915 0.6086842 0.562914 0.5894038 0.5470915 0.6086842 0.536424 0.6092714 0.562914 0.5894038 0.5231791 0.6080951 0.5165564 0.6026487 0.5496692 0.5551421 0.4966888 0.5960263 0.5165564 0.5488122 0.5215826 0.5496688 0.5215826 0.5496688 0.536424 0.5439479 0.509934 0.5960263 0.536424 0.5439479 0.5496692 0.5551421 0.5165564 0.6026487 0.5496692 0.5551421 0.5496692 0.5548358 0.5536054 0.5528616 0.5536054 0.5528616 0.5562915 0.5554032 0.5562915 0.5557431 0.5611647 0.5562914 0.5629139 0.5562914 0.562914 0.5827813 0.5629139 0.5562914 0.5695363 0.5568163 0.562914 0.5827813 0.5496692 0.5551421 0.5536054 0.5528616 0.5562915 0.5557431 0.5496692 0.5551421 0.5562915 0.5557431 0.562914 0.5827813 0.5562915 0.5557431 0.5611647 0.5562914 0.562914 0.5827813 0.5695363 0.5568163 0.5695363 0.5562914 0.5761591 0.5562914 0.5695363 0.5568163 0.5761591 0.5562914 0.5761591 0.55693 0.5761591 0.5562914 0.5775296 0.5562914 0.5761591 0.55693 0.562914 0.5894038 0.536424 0.6092714 0.562914 0.5827813 0.5827814 0.6026488 0.5695363 0.6092713 0.5629139 0.5960263 0.5629139 0.5960263 0.5894041 0.5960263 0.5827814 0.6026488 0.5761591 0.55693 0.5774065 0.5569589 0.5827813 0.5695363 0.5774065 0.5569589 0.5827814 0.5571025 0.5827813 0.5695363 0.5695363 0.5568163 0.5761591 0.55693 0.5827813 0.5695363 0.562914 0.5827813 0.5695363 0.5568163 0.5827813 0.5695363 0.5629139 0.5960263 0.5562916 0.6026488 0.562914 0.5894038 0.562914 0.5894038 0.5695363 0.5894038 0.5629139 0.5960263 0.5827814 0.5571025 0.5827814 0.5562914 0.5857072 0.5562914 0.5827814 0.5562914 0.5862312 0.5538804 0.5857072 0.5562914 0.5827813 0.5695363 0.5894041 0.5761588 0.562914 0.5827813 0.5827814 0.5571025 0.5857072 0.5562914 0.589404 0.5573936 0.6009263 0.5621902 0.602649 0.5629138 0.5930078 0.560966 0.602649 0.5629138 0.5827813 0.5695363 0.5930078 0.560966 0.589404 0.5573936 0.589404 0.5562914 0.5931066 0.5604835 0.5827813 0.5695363 0.5827814 0.5571025 0.589404 0.5573936 0.5931066 0.5604835 0.5960264 0.5617697 0.5930078 0.560966 0.5827813 0.5695363 0.589404 0.5573936 0.5930078 0.560966 0.6754968 0.9403973 0.6622517 0.9135041 0.6648362 0.9164132 0.6622517 0.9135041 0.6595079 0.9104797 0.6622517 0.9131132 0.6622517 0.9131132 0.6622516 0.9084417 0.6688743 0.9132398 0.6622517 0.9135041 0.6622517 0.9131132 0.6630539 0.9139072 0.6648362 0.9164132 0.6622517 0.9135041 0.6630539 0.9139072 0.6769255 0.9337747 0.6787052 0.9362911 0.6784565 0.9365019 0.6622517 0.9131132 0.6688743 0.9132398 0.6630539 0.9139072 0.6648362 0.9164132 0.666923 0.9147711 0.6688743 0.9197279 0.6769255 0.9337747 0.6784565 0.9365019 0.6754968 0.9403973 0.6762599 0.9271523 0.6772746 0.9271522 0.6769255 0.9337747 0.6688743 0.9139072 0.6804049 0.9247974 0.6754968 0.926362 0.6762599 0.9271523 0.6769255 0.9337747 0.6754968 0.9403973 0.6688743 0.9197279 0.6688743 0.9139072 0.6754968 0.926362 0.6754968 0.926362 0.6762599 0.9271523 0.6754968 0.9403973 0.6648362 0.9164132 0.6688743 0.9197279 0.6754968 0.926362 0.2781457 0.04635757 0.2781457 0.04682642 0.2776235 0.04635757 0.2649006 0.04635757 0.2636816 0.04635757 0.2649006 0.04350733 0.2636816 0.04635757 0.2645713 0.04353564 0.2649006 0.04350733 0.2645713 0.04353564 0.2654925 0.04054528 0.2649006 0.04350733 0.578775 0.5502516 0.5827814 0.5509285 0.5786977 0.5506222 0.2490419 0.523555 0.2483288 0.5231788 0.2491024 0.5231788 0.6821194 0.9337747 0.6804622 0.9347977 0.6802844 0.9349491 0.2251656 0.4635761 0.2251655 0.4569536 0.231788 0.4569536 0.231788 0.4569536 0.245033 0.4701986 0.2384105 0.4701986 0.2384105 0.4701986 0.245033 0.4768211 0.231788 0.4768211 0.231788 0.4768211 0.231788 0.4834437 0.2185431 0.4834437 0.231788 0.4834437 0.2251656 0.4900662 0.2185431 0.4834437 0.2251656 0.4900662 0.2119204 0.4900662 0.2185431 0.4834437 0.2185431 0.4834437 0.2111026 0.4825693 0.2185431 0.4635761 0.2251656 0.4635761 0.231788 0.4569536 0.2384105 0.4701986 0.2185431 0.4834437 0.2185431 0.4635761 0.2251656 0.4635761 0.2251656 0.4635761 0.2384105 0.4701986 0.231788 0.4768211 0.1798731 0.410596 0.1821635 0.4093084 0.1824454 0.4092935 0.1422888 0.3327834 0.1420142 0.3327737 0.1446195 0.3311257 0.1446195 0.3311257 0.1449456 0.3311257 0.1448845 0.3328789 0.1448845 0.3328789 0.1444258 0.3377482 0.1422888 0.3327834 0.1444258 0.3377482 0.1397634 0.3377482 0.1422888 0.3327834 0.4652005 0.5178498 0.4635764 0.5179044 0.4635764 0.5176387 0.4635764 0.5179044 0.4620013 0.5165563 0.4623149 0.5165563 0.6405309 0.5665867 0.6357614 0.5686976 0.6357614 0.563553 0.2516556 0.5298013 0.2628372 0.5352076 0.2715231 0.5364238 0.2628372 0.5352076 0.2715231 0.5360639 0.2715231 0.5364238 0.2715231 0.5360639 0.2781457 0.5364238 0.2715231 0.5364238 0.2715231 0.5364238 0.231788 0.5364238 0.2516556 0.5298013 0.1854304 0.4334405 0.1854304 0.4304635 0.187862 0.4329562 0.1589404 0.2185429 0.1540175 0.2185429 0.1589404 0.2151992 0.5952785 0.5562914 0.589404 0.5514258 0.5956684 0.5562914 0.589404 0.5514258 0.5868074 0.5512457 0.5956684 0.5562914 0.5868074 0.5512457 0.5827814 0.5509285 0.578775 0.5502516 0.578775 0.5502516 0.5956684 0.5562914 0.5868074 0.5512457 0.5956684 0.5562914 0.5960264 0.5565894 0.5960264 0.5569142 0.5952785 0.5562914 0.5956684 0.5562914 0.5960264 0.5569142 0.754967 0.6307552 0.7549669 0.6357613 0.7536723 0.6315193 0.7663407 0.6612299 0.7682121 0.6603685 0.7682121 0.6622514 0.7682121 0.6603685 0.7735126 0.6622514 0.7682121 0.6622514 0.7682121 0.6622514 0.7682121 0.6688739 0.7615894 0.6622514 0.7682121 0.6688739 0.769439 0.6754963 0.7549669 0.6688739 0.7549669 0.6423838 0.7615894 0.6545702 0.7549669 0.6556288 0.7615894 0.6545702 0.7615894 0.6556288 0.7549669 0.6556288 0.7615894 0.6556288 0.7663407 0.6612299 0.7615894 0.6622514 0.7663407 0.6612299 0.7682121 0.6622514 0.7615894 0.6622514 0.7682121 0.6688739 0.7549669 0.6688739 0.7615894 0.6622514 0.7615894 0.6622514 0.7549669 0.6622514 0.7549669 0.6556288 0.7615894 0.6556288 0.7615894 0.6622514 0.7549669 0.6556288 0.7417219 0.6821188 0.7417218 0.6556288 0.7483445 0.6754963 0.7417218 0.6556288 0.7549669 0.6423838 0.7549669 0.6556288 0.7483445 0.6754963 0.7483445 0.6821188 0.7417219 0.6821188 0.7615896 0.8549751 0.758198 0.8561431 0.7592689 0.8543046 0.758198 0.8561431 0.7571583 0.8543046 0.7592689 0.8543046 0.7563659 0.8527205 0.754967 0.8531314 0.7592689 0.8543046 0.754967 0.8531314 0.7615896 0.8547161 0.7592689 0.8543046 0.1655628 0.05960249 0.1589404 0.06622517 0.1456953 0.05298012 0.1589404 0.06622517 0.09933775 0.1125828 0.09933775 0.1059603 0.09933775 0.1059603 0.08609271 0.1192052 0.08609271 0.07284766 0.1589404 0.06622517 0.09933775 0.1059603 0.1059603 0.05960249 0.1456953 0.05298012 0.1589404 0.06622517 0.1059603 0.05960249 0.1721853 0.04635757 0.1721853 0.05298012 0.1655628 0.05960249 0.1456953 0.05298012 0.1456953 0.04635757 0.1721853 0.04635757 0.1125828 0.05298012 0.1390728 0.04635757 0.1456953 0.05298012 0.08609271 0.07284766 0.0927152 0.06622517 0.09933775 0.1059603 0.0927152 0.06622517 0.1059603 0.05960249 0.09933775 0.1059603 0.1059603 0.05960249 0.1125828 0.05298012 0.1456953 0.05298012 0.2251655 0.03417319 0.2333649 0.03360289 0.231788 0.03403782 0.2333649 0.03360289 0.2335451 0.03672254 0.231788 0.03403782 0.7682121 0.8550866 0.773765 0.8609271 0.7682121 0.8604832 0.773765 0.8609271 0.7686356 0.8609271 0.7682121 0.8604832 0.7686356 0.8609271 0.7686164 0.8612709 0.7682121 0.8609271 0.8205991 0.9205297 0.8158565 0.9205297 0.8180911 0.9174615 0.97351 0.7086089 0.9801324 0.7086089 0.9668874 0.7284765 0.9801324 0.7086089 0.9801324 0.735099 0.9668874 0.7284765 0.9735102 0.735099 0.9668874 0.735099 0.9668874 0.7284765 0.9801324 0.735099 0.9735102 0.735099 0.9668874 0.7284765 0.2038128 0.3356297 0.205298 0.3369593 0.1986755 0.3509933 0.205298 0.3369593 0.2111579 0.3326351 0.2119206 0.3307708 0.1986755 0.3509933 0.205298 0.3369593 0.2119206 0.3307708 0.2111579 0.3326351 0.2091299 0.3311257 0.2119206 0.3307708 0.2091299 0.3311257 0.2119206 0.3303923 0.2119206 0.3307708 0.2119206 0.3303923 0.2167419 0.3253905 0.2170782 0.3254688 0.2170782 0.3254688 0.2119206 0.3307708 0.2119206 0.3303923 0.1945277 0.3483723 0.192053 0.3509933 0.1917114 0.3509933 0.1986755 0.3509933 0.1945277 0.3483723 0.1986755 0.3435795 0.2045404 0.3377482 0.2036798 0.3353987 0.2038128 0.3356297 0.2045404 0.3377482 0.1986755 0.3509933 0.1986755 0.3435795 0.2045404 0.3377482 0.2038128 0.3356297 0.1986755 0.3509933 0.1986755 0.3435795 0.1978531 0.3411909 0.2045404 0.3377482 0.1979537 0.3443707 0.1976746 0.3409388 0.1986755 0.3435795 0.1917114 0.3509933 0.1913233 0.3509933 0.1945277 0.3483723 0.1913233 0.3509933 0.1979537 0.3443707 0.1945277 0.3483723 0.9602649 0.9139072 0.9536424 0.9139072 0.9867551 0.7682117 0.9933775 0.7682117 1 0.7549666 1 0.9139072 0.9602649 0.9139072 0.9867551 0.7682117 0.9933775 0.7682117 0.9470198 0.9867549 0.9470199 0.9801325 0.9536424 0.9801326 0.9470199 0.9801325 0.9602649 0.9139072 0.9735099 0.9668874 0.9602649 0.9735099 0.9470199 0.9801325 0.9735099 0.9668874 0.9602649 0.9735099 0.9536424 0.9801326 0.9470199 0.9801325 0.9668874 0.9801326 0.9602647 0.9867549 0.9602648 0.9801325 0.9668874 0.9801326 0.9602648 0.9801325 0.9668874 0.9735099 0.9602648 0.9801325 0.9602649 0.9735099 0.9668874 0.9735099 0.9602649 0.9139072 0.9933775 0.7682117 1 0.9139072 0.9735099 0.9668874 0.9602649 0.9139072 0.9933775 0.9602649 1 0.9139072 1 0.9668874 0.9933775 0.9602649 0.9933775 0.9602649 1 0.9801325 0.986755 0.9735099 1 0.9801325 0.9933776 0.9801325 0.986755 0.9801325 0.986755 0.9735099 1 0.9801325 0.986755 0.9801325 1 0.9139072 0.9933775 0.9602649 0.9602649 0.9139072 0.9668874 0.9735099 0.9602649 0.9735099 0.9735099 0.9668874 0.9801325 0.9668874 0.9801325 0.9735099 0.9735099 0.9668874 0.9735099 0.9668874 0.9933775 0.9602649 0.9801325 0.9668874 0.9933776 0.9801325 0.9933775 0.9867549 0.986755 0.9801325 0.728477 0.9271522 0.7284769 0.9337747 0.7272602 0.9337747 0.7284769 0.9337747 0.728477 0.9403973 0.7272602 0.9337747 0.139897 0.4304635 0.1426402 0.4284372 0.1429756 0.4283806 0.7414016 0.8807946 0.7417219 0.8804503 0.7417219 0.8807946 0.6171584 0.6490063 0.6196709 0.6526417 0.6166154 0.6451184 0.6169622 0.6447988 0.6158941 0.6415857 0.6212677 0.6407195 0.6171584 0.6490063 0.6166154 0.6451184 0.6169622 0.6447988 0.6196178 0.6490063 0.6199606 0.6524437 0.6171584 0.6490063 0.6212677 0.6407195 0.6216795 0.6405912 0.619952 0.6434989 0.619952 0.6434989 0.6196178 0.6490063 0.6171584 0.6490063 0.6171584 0.6490063 0.6169622 0.6447988 0.619952 0.6434989 0.6548293 0.8940396 0.6536337 0.8949292 0.6534192 0.8950885 0.1729366 0.1721854 0.1755999 0.1702929 0.175915 0.1704133 0.622926 0.7152314 0.629139 0.7023525 0.6241419 0.7086089 0.629139 0.7023525 0.6295509 0.7023827 0.6241419 0.7086089 0.6295509 0.7023827 0.6318709 0.70311 0.6241419 0.7086089 0.6241419 0.7086089 0.626784 0.7096135 0.6233161 0.7152314 0.6233161 0.7152314 0.6225168 0.7160037 0.6225168 0.715667 0.6225168 0.715667 0.622926 0.7152314 0.6233161 0.7152314 0.1854304 0.3311257 0.1854304 0.3245033 0.192053 0.3245033 0.192053 0.3443708 0.1979537 0.3443707 0.1913233 0.3509933 0.1854304 0.3311257 0.192053 0.3245033 0.192053 0.3443708 0.1788079 0.3774834 0.1788079 0.3311257 0.1854304 0.361117 0.1788079 0.3311257 0.1854304 0.3311257 0.192053 0.3443708 0.1788079 0.3774834 0.1854304 0.361117 0.1808519 0.3687312 0.1800571 0.3708608 0.17974 0.3769131 0.1788079 0.3774834 0.1854304 0.361117 0.1854304 0.3642383 0.1808519 0.3687312 0.1808519 0.3687312 0.1800571 0.3708608 0.1788079 0.3774834 0.192053 0.3443708 0.1913233 0.3509933 0.1854304 0.3509933 0.1854304 0.3509933 0.1854304 0.3576158 0.1788079 0.3311257 0.1854304 0.3576158 0.1854304 0.361117 0.1788079 0.3311257 0.4966888 0.4900662 0.4966888 0.4966887 0.4900662 0.4966887 0.245033 0.5294158 0.2384105 0.5289616 0.2403064 0.5262219 0.4316748 0.5114598 0.4319294 0.5140162 0.4304636 0.5117195 0.4319294 0.5140162 0.4304636 0.5165563 0.4304636 0.5117195 0.7682121 0.8543046 0.76689 0.8534522 0.7682121 0.8476821 0.9602647 0.9867549 0.9536424 0.9933775 0.9536424 0.9867549 0.2303691 0.25498 0.2516556 0.2384105 0.2251655 0.2649006 0.2516556 0.2384105 0.2384105 0.2980132 0.2251655 0.2649006 0.2251655 0.2649006 0.2251655 0.2847682 0.2248054 0.2781457 0.9933773 0.5894038 1 0.5827813 0.9933773 0.6092713 1 0.5827813 1 0.6225163 0.9933773 0.6092713 1 0.6225163 0.9933773 0.6225163 0.9933773 0.6092713 0.9933773 0.6092713 0.986755 0.6158939 0.9867551 0.6092713 0.9867551 0.6092713 0.9801322 0.6158939 0.9735099 0.6092713 0.9735099 0.6092713 0.9735099 0.6158939 0.9668873 0.6092713 0.9668873 0.6092713 0.9668873 0.6158939 0.9602649 0.6092713 0.9536423 0.6026488 0.9536424 0.6092713 0.9337747 0.6026488 0.9668873 0.6092713 0.9602649 0.6092713 0.9536423 0.6026488 0.9735099 0.6092713 0.9668873 0.6092713 0.9536423 0.6026488 0.9536423 0.6026488 0.9337747 0.6026488 0.9668873 0.5761588 0.9337747 0.6026488 0.9536423 0.5695363 0.9668873 0.5761588 0.9668873 0.5761588 0.9668873 0.5695363 0.9735098 0.5761588 0.9867551 0.6092713 0.9735099 0.6092713 0.9933773 0.5894038 0.9735099 0.6092713 0.9536423 0.6026488 0.9933773 0.5894038 0.9933773 0.6092713 0.9867551 0.6092713 0.9933773 0.5894038 0.9536423 0.6026488 0.9668873 0.5761588 0.986755 0.5827813 0.9668873 0.5761588 0.9735098 0.5761588 0.986755 0.5827813 0.9735098 0.5761588 0.9735098 0.5695363 0.986755 0.5827813 0.986755 0.5827813 0.9933773 0.5761588 0.9933773 0.5894038 0.727764 0.9279407 0.7277016 0.9271522 0.7280589 0.9271522 0.7280589 0.9271522 0.7272602 0.9337747 0.727764 0.9279407 0.7272602 0.9337747 0.7253341 0.9363707 0.7269265 0.9337747 0.1435847 0.3962225 0.1412903 0.3963106 0.1410239 0.3963207 0.2913907 0.04757618 0.2887481 0.04729181 0.2847682 0.03973495 0.2887481 0.04729181 0.2847682 0.04669743 0.2847682 0.03973495 0.2847682 0.04669743 0.2803577 0.04689437 0.2781457 0.04635757 0.2781457 0.04635757 0.273428 0.04227018 0.2715231 0.04087543 0.2715231 0.04087543 0.2656052 0.0401743 0.2715231 0.03311246 0.2656052 0.0401743 0.2649006 0.04009145 0.2649006 0.03311246 0.2715231 0.03311246 0.2656052 0.0401743 0.2649006 0.03311246 0.2649006 0.04009145 0.2582781 0.04004001 0.2582781 0.03973495 0.2649006 0.03311246 0.2516556 0.03311246 0.2649006 0.02649003 0.2516556 0.03311246 0.2516556 0.02649003 0.2649006 0.02649003 0.2649006 0.04009145 0.2582781 0.03973495 0.2649006 0.03311246 0.2781457 0.04635757 0.2715231 0.04087543 0.2715231 0.03311246 0.2847682 0.04669743 0.2781457 0.04635757 0.2847682 0.03973495 0.2980132 0.04635757 0.297661 0.05298012 0.2913907 0.04757618 0.30366 0.05298012 0.2980132 0.05298012 0.3046357 0.04635757 0.2980132 0.05298012 0.2980132 0.04635757 0.3046357 0.04635757 0.3112582 0.04635757 0.3178808 0.04635757 0.30366 0.05298012 0.3046357 0.03973495 0.3112582 0.03973495 0.3046357 0.04635757 0.3046357 0.04635757 0.3112582 0.04635757 0.30366 0.05298012 0.2980132 0.04635757 0.2913907 0.04757618 0.2847682 0.03973495 0.2847682 0.03973495 0.3046357 0.03973495 0.2980132 0.04635757 0.3046357 0.03973495 0.3046357 0.04635757 0.2980132 0.04635757 0.2847682 0.03311246 0.2913907 0.03311246 0.2847682 0.03973495 0.2649006 0.02649003 0.2781457 0.02649003 0.2715231 0.03311246 0.2715231 0.03311246 0.2847682 0.03311246 0.2847682 0.03973495 0.2847682 0.03973495 0.2781457 0.04635757 0.2715231 0.03311246 0.5966182 0.6291388 0.5979641 0.6312856 0.5960264 0.6291388 0.2384105 0.02649003 0.245033 0.02649003 0.2418017 0.03357023 0.2418017 0.03357023 0.2384105 0.03348523 0.2384105 0.02649003 0.2188534 0.2715231 0.2244722 0.2715231 0.2244257 0.2781457 0.4834438 0.4966887 0.4900662 0.4966887 0.4834438 0.5033112 0.4900662 0.4966887 0.4900662 0.5298013 0.4834438 0.5099337 0.4834438 0.5033112 0.4900662 0.4966887 0.4834438 0.5099337 0.4834438 0.5231787 0.4834438 0.5298013 0.4768212 0.5298013 0.4834438 0.5298013 0.4834437 0.5364237 0.4768212 0.5298013 0.4768212 0.4966887 0.4834438 0.4900662 0.4834438 0.4966887 0.4635763 0.4966887 0.4701987 0.4966887 0.4701987 0.5033112 0.4701987 0.4966887 0.4768212 0.4966887 0.4701987 0.5033112 0.4768212 0.5033112 0.4701987 0.5033112 0.4768212 0.4966887 0.4834438 0.5033112 0.4768212 0.5033112 0.4834438 0.4966887 0.4834438 0.4966887 0.4768212 0.5033112 0.4768212 0.4966887 0.4768212 0.5298013 0.4701987 0.5364238 0.4687869 0.5259021 0.4701987 0.5364238 0.4653519 0.5360065 0.4687869 0.5259021 0.4653519 0.5360065 0.4662049 0.5316933 0.4687869 0.5259021 0.4687869 0.5259021 0.4834438 0.5099337 0.4834438 0.5231787 0.4834438 0.5231787 0.4768212 0.5298013 0.4687869 0.5259021 0.6644892 0.5695363 0.668874 0.5695363 0.6643301 0.5701131 0.668874 0.5695363 0.668874 0.5701578 0.6643301 0.5701131 0.735099 0.6092713 0.7292115 0.6001896 0.7293872 0.599957 0.4635764 0.5099338 0.4569537 0.5099338 0.4635763 0.4966887 0.4569537 0.5099338 0.4503312 0.5099338 0.4503312 0.5033112 0.4635763 0.4966887 0.4569537 0.5099338 0.4503312 0.5033112 0.4503312 0.5099338 0.4437087 0.5099338 0.4503312 0.5033112 0.2804362 0.531219 0.2805706 0.5307332 0.2847682 0.5351203 0.602649 0.5629138 0.6009263 0.5621902 0.602649 0.5624161 0.6298541 0.7019864 0.6350315 0.7019864 0.6318709 0.70311 0.3107416 0.05668634 0.308836 0.05960249 0.3046357 0.05960249 0.5780847 0.5535874 0.5761591 0.5562914 0.5761591 0.550419 0.7543181 0.8609271 0.754967 0.8609271 0.754967 0.8675495 0.754967 0.8675495 0.754967 0.8741721 0.752171 0.8702608 0.754967 0.8741721 0.7483446 0.8738247 0.752171 0.8702608 0.752171 0.8702608 0.753902 0.8675495 0.754967 0.8675495 0.9933775 0.9867549 1 0.9933775 0.9933776 0.9933775 1 0.9933775 1 1 0.9933776 0.9933775 0.1655628 0.4966887 0.1599463 0.5033112 0.1625773 0.4974107 0.1599463 0.5033112 0.1622595 0.4975715 0.1625773 0.4974107 0.9536424 0.7152314 0.9536424 0.721854 0.9271526 0.721854 0.9271526 0.7152314 0.9139075 0.7152314 0.9337749 0.7019864 0.9139075 0.7152314 0.9337749 0.6953639 0.9337749 0.7019864 0.9536424 0.7152314 0.9271526 0.721854 0.9271526 0.7152314 0.9536424 0.6821188 0.9536424 0.6754963 0.9536424 0.7086089 0.9536424 0.7086089 0.9536424 0.7152314 0.9271526 0.7152314 0.9337749 0.7019864 0.9536424 0.6821188 0.9536424 0.7086089 0.2384105 0.03387522 0.2333649 0.03360289 0.2384105 0.03348523 0.8079473 0.8063642 0.8079473 0.8013244 0.8107838 0.8059232 0.6153875 0.8432971 0.6151852 0.8434295 0.610803 0.8410595 0.6132719 0.8351917 0.6129637 0.8353924 0.6102422 0.8344371 0.6153875 0.8432971 0.610803 0.8410595 0.6158941 0.842965 0.610803 0.8410595 0.6132719 0.8351917 0.6158941 0.8410595 0.6158941 0.8410595 0.6158941 0.842965 0.610803 0.8410595 0.6144253 0.8344371 0.6092718 0.8334665 0.6099647 0.8278144 0.6132719 0.8351917 0.6102422 0.8344371 0.6144253 0.8344371 0.6144253 0.8344371 0.6099647 0.8278144 0.6158941 0.8410595 0.2458152 0.1308075 0.2516556 0.1258278 0.2516556 0.1317163 0.2277551 0.2306964 0.2251655 0.2312099 0.2248387 0.2119204 0.2251655 0.2312099 0.2185429 0.2119204 0.2244473 0.2119204 0.9933776 0.9933775 0.9933776 1 0.986755 0.9933775 0.152318 0.4966887 0.1390728 0.4966887 0.1527324 0.4834437 0.1390728 0.4966887 0.1324503 0.410596 0.1456953 0.4499279 0.1324503 0.410596 0.1324503 0.4172185 0.1258277 0.410596 0.1258277 0.410596 0.1192052 0.4768211 0.1125828 0.4701986 0.1059603 0.4635761 0.1059603 0.4701986 0.0927152 0.4569536 0.1258277 0.410596 0.1125828 0.4701986 0.1059603 0.4635761 0.1258277 0.410596 0.1059603 0.4635761 0.0927152 0.4569536 0.0927152 0.4569536 0.0927152 0.4635761 0.08609265 0.4569536 0.08609265 0.4569536 0.08609265 0.4701986 0.07947015 0.4701986 0.08609265 0.4569536 0.07947015 0.4701986 0.07947015 0.4304635 0.1258277 0.410596 0.0927152 0.4569536 0.07947015 0.4304635 0.0927152 0.4569536 0.08609265 0.4569536 0.07947015 0.4304635 0.07947015 0.423841 0.07947015 0.3973509 0.1258277 0.410596 0.07947015 0.3973509 0.07947015 0.3907284 0.1258277 0.410596 0.1258277 0.410596 0.07947015 0.4304635 0.07947015 0.423841 0.07947015 0.3907284 0.07284766 0.3973509 0.07284766 0.3311257 0.07947015 0.3377482 0.09933775 0.3377482 0.0927152 0.3443708 0.07947015 0.3907284 0.07284766 0.3311257 0.07947015 0.3377482 0.1324503 0.410596 0.1258277 0.410596 0.1394886 0.4039735 0.1258277 0.410596 0.07947015 0.3907284 0.1192052 0.3708608 0.1655628 0.5099338 0.1523179 0.5099338 0.1589403 0.5033112 0.1523179 0.5099338 0.152318 0.4966887 0.1589403 0.5033112 0.1258277 0.410596 0.1192052 0.3708608 0.1324503 0.3841059 0.07947015 0.3907284 0.07947015 0.3377482 0.0927152 0.3443708 0.1618594 0.5071241 0.1655628 0.5095428 0.1655628 0.5099338 0.1527324 0.4834437 0.1548045 0.491927 0.152318 0.4966887 0.1548045 0.491927 0.1589403 0.5033112 0.152318 0.4966887 0.1589403 0.5033112 0.1618594 0.5071241 0.1655628 0.5099338 0.07947015 0.3907284 0.0927152 0.3443708 0.1125828 0.3642383 0.1192052 0.3708608 0.07947015 0.3907284 0.1125828 0.3642383 0.0927152 0.3443708 0.1059603 0.3443708 0.1059603 0.3509933 0.1059603 0.3509933 0.1125828 0.3509933 0.1125828 0.3642383 0.1192052 0.3708608 0.1192052 0.3642383 0.1258277 0.3708608 0.0927152 0.3443708 0.1059603 0.3509933 0.1125828 0.3642383 0.1192052 0.3708608 0.1258277 0.3708608 0.1324503 0.3841059 0.1324503 0.3841059 0.1341997 0.3887022 0.1345414 0.3907284 0.1341997 0.3887022 0.1345047 0.3886898 0.1345414 0.3907284 0.1258277 0.410596 0.1324503 0.3841059 0.1390728 0.396619 0.1394886 0.4039735 0.1258277 0.410596 0.1390728 0.396619 0.1390728 0.4966887 0.1456953 0.4499279 0.1460932 0.4569536 0.1456953 0.4499279 0.1324503 0.410596 0.1400226 0.437086 0.1345047 0.3886898 0.136915 0.3885903 0.1345414 0.3907284 0.1527324 0.4834437 0.1390728 0.4966887 0.1472403 0.4688152 0.1494989 0.4596994 0.1495819 0.4680557 0.1464533 0.460616 0.1495819 0.4680557 0.1472403 0.4688152 0.1464533 0.460616 0.1390728 0.396619 0.1412903 0.3963106 0.1395127 0.3973509 0.1324503 0.3841059 0.1345414 0.3907284 0.1390728 0.396619 0.1788079 0.4635761 0.1523179 0.4588513 0.1788079 0.4569536 0.1523179 0.4588513 0.1464756 0.4569536 0.1515026 0.4508752 0.1788079 0.4569536 0.1523179 0.4588513 0.1523179 0.450331 0.1464533 0.460616 0.1472403 0.4688152 0.1460932 0.4569536 0.1460932 0.4569536 0.1472403 0.4688152 0.1390728 0.4966887 0.1523179 0.450331 0.1523179 0.4588513 0.1515026 0.4508752 0.1721854 0.410596 0.1788079 0.410596 0.1523179 0.450331 0.1788079 0.410596 0.1788079 0.4569536 0.1523179 0.450331 0.1655629 0.3973509 0.1655629 0.3907284 0.1721854 0.410596 0.1589403 0.3973509 0.1589403 0.3907284 0.1655629 0.3973509 0.1523179 0.450331 0.152318 0.4039735 0.1721854 0.410596 0.152318 0.4039735 0.1589403 0.3973509 0.1655629 0.3973509 0.1721854 0.410596 0.152318 0.4039735 0.1655629 0.3973509 0.1463553 0.4523043 0.1489489 0.451588 0.1464756 0.4569536 0.1489489 0.451588 0.1515026 0.4508752 0.1464756 0.4569536 0.1460932 0.4569536 0.1463553 0.4523043 0.1464756 0.4569536 0.1400226 0.437086 0.1414669 0.4451178 0.1456953 0.4499279 0.139897 0.4304635 0.1430221 0.4365237 0.1400226 0.437086 0.1398555 0.423841 0.1429756 0.4283806 0.1398535 0.4289056 0.1398535 0.4289056 0.139897 0.4304635 0.1400226 0.437086 0.1398535 0.4289056 0.1400226 0.437086 0.1324503 0.410596 0.1397824 0.4207469 0.1398555 0.423841 0.1398535 0.4289056 0.1397839 0.4172185 0.142656 0.4203335 0.1397824 0.4207469 0.1397251 0.4126518 0.1423365 0.4123416 0.1397839 0.4172185 0.1393918 0.4126911 0.1397251 0.4126518 0.1397839 0.4172185 0.1393918 0.4126911 0.1397839 0.4172185 0.1324503 0.410596 0.1397839 0.4172185 0.1397824 0.4207469 0.1324503 0.410596 0.1397773 0.4047968 0.1397334 0.410596 0.1394085 0.410596 0.1397824 0.4207469 0.1398535 0.4289056 0.1324503 0.410596 0.1394701 0.4048345 0.1397773 0.4047968 0.1394085 0.410596 0.1394085 0.410596 0.1393918 0.4126911 0.1324503 0.410596 0.1394886 0.4039735 0.1394701 0.4048345 0.1324503 0.410596 0.1394701 0.4048345 0.1394085 0.410596 0.1324503 0.410596 0.1395127 0.3973509 0.1397917 0.4039735 0.1394886 0.4039735 0.1390728 0.396619 0.1395127 0.3973509 0.1394886 0.4039735 0.7350993 0.9139073 0.7350993 0.9072846 0.7375157 0.9120765 0.3907285 0.5616381 0.3879665 0.558458 0.384106 0.5562914 0.3879665 0.558458 0.3800805 0.55675 0.384106 0.5562914 0.3774835 0.5562914 0.3720703 0.5562914 0.3774835 0.5496688 0.3720703 0.5562914 0.3708609 0.5562914 0.3708609 0.5496688 0.3800805 0.55675 0.3774835 0.5562914 0.384106 0.5562914 0.4039735 0.5622279 0.3956686 0.5618277 0.410596 0.5562914 0.3956686 0.5618277 0.3907285 0.5616381 0.410596 0.5562914 0.384106 0.5562914 0.410596 0.5562914 0.3907285 0.5616381 0.3774835 0.5496688 0.3907285 0.5496688 0.384106 0.5562914 0.3642385 0.5430463 0.3708609 0.5430463 0.3708609 0.5496688 0.3708609 0.5430463 0.3774835 0.5496688 0.3708609 0.5496688 0.3708609 0.5496688 0.357616 0.5496688 0.3642385 0.5430463 0.3720703 0.5562914 0.3708609 0.5496688 0.3774835 0.5496688 0.3509933 0.5562914 0.3561458 0.5562914 0.3556643 0.55898 0.3561458 0.5562914 0.3642385 0.5562914 0.357616 0.5621358 0.3642385 0.5562914 0.3642385 0.5621308 0.3637191 0.5590623 0.3637191 0.5590623 0.3636723 0.559395 0.357616 0.5621358 0.357616 0.5621358 0.3556643 0.55898 0.3561458 0.5562914 0.3178808 0.05960249 0.3106653 0.05960249 0.3112582 0.05611753 0.1396714 0.3404356 0.1395025 0.3443708 0.1394516 0.3377482 0.1394516 0.3377482 0.1397385 0.3326927 0.1397634 0.3377482 0.4403917 0.5138464 0.4437088 0.5110307 0.4437087 0.5165563 0.4437087 0.5165563 0.448683 0.5106766 0.4482784 0.5165563 0.448683 0.5106766 0.4503312 0.5099338 0.4503312 0.5107732 0.4503312 0.5099338 0.4569537 0.5099338 0.4503312 0.5107732 0.4503312 0.5107732 0.4623149 0.5165563 0.4569537 0.5114575 0.4623149 0.5165563 0.4620013 0.5165563 0.4569537 0.5114575 0.448683 0.5106766 0.4503312 0.5107732 0.4503312 0.5111331 0.4482784 0.5165563 0.448683 0.5106766 0.4503312 0.5111331 0.4503312 0.5107732 0.4569537 0.5114575 0.4503312 0.5111331 0.4482784 0.5165563 0.4566135 0.5140838 0.4569537 0.5165563 0.4566135 0.5140838 0.4569537 0.5140851 0.4569537 0.5165563 0.4569537 0.5165563 0.4630537 0.5185715 0.4635764 0.5231788 0.4630537 0.5185715 0.4633844 0.5192049 0.4635764 0.5231788 0.4635764 0.5231788 0.4569537 0.5231788 0.4569537 0.5165563 0.4569537 0.5231788 0.4503312 0.5298013 0.4482784 0.5165563 0.4503312 0.5298013 0.4172185 0.5298013 0.4322489 0.5165563 0.4172185 0.5298013 0.4172185 0.5231788 0.4322489 0.5165563 0.4322489 0.5165563 0.4304636 0.5165563 0.4319294 0.5140162 0.4322489 0.5165563 0.4319294 0.5140162 0.4403917 0.5138464 0.4319294 0.5140162 0.4370861 0.5112087 0.4403917 0.5138464 0.4503312 0.5298013 0.4322489 0.5165563 0.4437087 0.5165563 0.4482784 0.5165563 0.4569537 0.5165563 0.4569537 0.5231788 0.4503312 0.5298013 0.4437087 0.5165563 0.4482784 0.5165563 0.4437087 0.5165563 0.4322489 0.5165563 0.4403917 0.5138464 0.4316748 0.5114598 0.4304636 0.5117195 0.4238411 0.5165563 0.4304636 0.5117195 0.4242799 0.5165563 0.4238411 0.5165563 0.4242799 0.5165563 0.4238411 0.5168995 0.4238411 0.5165563 0.4238411 0.5165563 0.4370861 0.5108523 0.4316748 0.5114598 0.4370861 0.5108523 0.4404351 0.5106176 0.4404302 0.5109803 0.4370861 0.5108523 0.4404302 0.5109803 0.4370861 0.5112087 0.4404302 0.5109803 0.4403917 0.5138464 0.4370861 0.5112087 0.7748344 0.6026488 0.7476935 0.6158939 0.7615894 0.6026488 0.7476935 0.6158939 0.7417218 0.6099273 0.7417218 0.6096401 0.7417218 0.6096401 0.7402642 0.6113811 0.7411685 0.6092713 0.7476935 0.6158939 0.7417218 0.6096401 0.7549669 0.6026488 0.7615894 0.6026488 0.7476935 0.6158939 0.7549669 0.6026488 0.7615894 0.6026488 0.768212 0.5960263 0.7748344 0.6026488 0.7549669 0.6026488 0.7615893 0.5960263 0.7615894 0.6026488 0.7483444 0.6026488 0.7549669 0.5960263 0.7549669 0.6026488 0.7411685 0.6092713 0.7293872 0.599957 0.7483444 0.6026488 0.7417218 0.6096401 0.7411685 0.6092713 0.7483444 0.6026488 0.7358781 0.9072846 0.736966 0.9072846 0.7372538 0.9088945 0.2568088 0.5259469 0.2566517 0.5266729 0.2516556 0.5239105 0.2649008 0.7152314 0.2119204 0.6887413 0.2185431 0.6357613 0.2119204 0.6887413 0.1721854 0.6490063 0.2185431 0.6357613 0.1721854 0.6490063 0.1589404 0.6423838 0.1655629 0.5827813 0.1589404 0.6423838 0.1523179 0.6357613 0.1655629 0.5827813 0.1456953 0.6225163 0.1324503 0.6092713 0.152318 0.5827813 0.1324503 0.6092713 0.1324503 0.6026488 0.1456953 0.5827813 0.1523179 0.6357613 0.1456953 0.6225163 0.1655629 0.5827813 0.2847682 0.721854 0.2649008 0.7152314 0.3245034 0.6887413 0.3178808 0.735099 0.2980132 0.7284765 0.3245034 0.6887413 0.2980132 0.7284765 0.2847682 0.721854 0.3245034 0.6887413 0.6158942 0.6887413 0.3178808 0.735099 0.4768213 0.6688739 0.3642385 0.6887413 0.3178808 0.735099 0.3509934 0.6887413 0.2649008 0.7152314 0.2185431 0.6357613 0.3245034 0.6887413 0.1324503 0.6092713 0.1456953 0.5827813 0.152318 0.5827813 0.1324503 0.6026488 0.1390728 0.5761588 0.1456953 0.5827813 0.1456953 0.5827813 0.1456953 0.5761588 0.152318 0.5827813 0.6158942 0.7086089 0.6158942 0.7019864 0.6225168 0.7086089 0.6298541 0.7019864 0.6295509 0.7023827 0.629139 0.7023525 0.630018 0.6947203 0.6327434 0.6953639 0.6298541 0.7019864 0.6303047 0.68731 0.632929 0.6874663 0.630018 0.6947203 0.6303741 0.680033 0.6303001 0.6821188 0.6300002 0.6800705 0.6303001 0.6821188 0.6303047 0.68731 0.6300002 0.6800705 0.6357616 0.6754963 0.6333293 0.6797378 0.6299118 0.6754963 0.6333293 0.6797378 0.6303741 0.680033 0.6299118 0.6754963 0.6300002 0.6800705 0.6299118 0.6754963 0.6303741 0.680033 0.5496693 0.6688739 0.5894043 0.6688739 0.5894043 0.6754963 0.630018 0.6947203 0.6298541 0.7019864 0.6158942 0.6887413 0.6298541 0.7019864 0.629139 0.7023525 0.6158942 0.6887413 0.6300002 0.6800705 0.6303047 0.68731 0.6158942 0.6887413 0.6303047 0.68731 0.630018 0.6947203 0.6158942 0.6887413 0.5894043 0.6754963 0.6300002 0.6800705 0.6158942 0.6887413 0.4768213 0.6622514 0.5496694 0.6622514 0.4768213 0.6688739 0.5496694 0.6622514 0.5496693 0.6688739 0.4768213 0.6688739 0.4370862 0.6754963 0.4370862 0.6688739 0.4768213 0.6688739 0.622926 0.7152314 0.6158942 0.7086089 0.6225168 0.7086089 0.622926 0.7152314 0.6225168 0.7086089 0.629139 0.7023525 0.6225168 0.7086089 0.6158942 0.6887413 0.629139 0.7023525 0.1456953 0.6225163 0.152318 0.5827813 0.1589404 0.5827813 0.152318 0.5827813 0.152318 0.5761588 0.1589404 0.5827813 0.1456953 0.6225163 0.1589404 0.5827813 0.1655629 0.5827813 0.2185431 0.6357613 0.1721854 0.6490063 0.1655629 0.5827813 0.1589404 0.5827813 0.1589404 0.5761588 0.1655629 0.5827813 0.1655629 0.5827813 0.1655629 0.5761588 0.2185431 0.6357613 0.2185431 0.6357613 0.2185431 0.6291388 0.3245034 0.6887413 0.3245034 0.6887413 0.3245034 0.6821188 0.3509934 0.6821188 0.3245034 0.6887413 0.3509934 0.6821188 0.3509934 0.6887413 0.3245034 0.6887413 0.3509934 0.6887413 0.3178808 0.735099 0.3642385 0.6887413 0.3642385 0.6821188 0.4370862 0.6754963 0.4370862 0.6754963 0.4768213 0.6688739 0.3178808 0.735099 0.4768213 0.6688739 0.5496693 0.6688739 0.6158942 0.6887413 0.5496693 0.6688739 0.5894043 0.6754963 0.6158942 0.6887413 0.616626 0.6357613 0.629139 0.6291388 0.6216795 0.6405912 0.629139 0.6291388 0.6225168 0.6423838 0.6216795 0.6405912 0.6216795 0.6405912 0.6158941 0.6357613 0.616626 0.6357613 0.6346821 0.7039947 0.6225168 0.7284765 0.629139 0.7105144 0.6225168 0.7284765 0.6225168 0.7246232 0.629139 0.7105144 0.6225168 0.7246232 0.6201332 0.7232843 0.6250719 0.7170577 0.6201332 0.7232843 0.6174427 0.721854 0.6250719 0.7170577 0.6174427 0.721854 0.6225168 0.7160037 0.6250719 0.7170577 0.6250719 0.7170577 0.6247934 0.7169305 0.6233161 0.7152314 0.6233161 0.7152314 0.626784 0.7096135 0.629139 0.7105144 0.629139 0.7086089 0.6241419 0.7086089 0.6318709 0.70311 0.6250719 0.7170577 0.6233161 0.7152314 0.629139 0.7105144 0.629139 0.7086089 0.6318709 0.70311 0.6346821 0.7039947 0.6318709 0.70311 0.6350315 0.7019864 0.6346821 0.7039947 0.629139 0.7105144 0.629139 0.7086089 0.6346821 0.7039947 0.1523179 0.239201 0.1571773 0.2390975 0.1523179 0.2516556 0.1523179 0.2516556 0.1464912 0.2516556 0.1523179 0.239201 0.1464912 0.2516556 0.1460992 0.2516556 0.1523179 0.2388125 0.1523179 0.239201 0.1464912 0.2516556 0.1523179 0.2388125 0.1456953 0.2582781 0.1464565 0.2526255 0.1464061 0.2582781 0.1586105 0.231788 0.1551494 0.2385253 0.1523179 0.2388125 0.1551494 0.2385253 0.1523179 0.239201 0.1523179 0.2388125 0.1589403 0.2232841 0.1586307 0.2313399 0.1532317 0.2251655 0.1586307 0.2313399 0.1586105 0.231788 0.1532317 0.2251655 0.1523179 0.2388125 0.1532317 0.2251655 0.1586105 0.231788 0.1589404 0.1258278 0.1589404 0.205298 0.1523179 0.1986754 0.1589404 0.09933775 0.1589404 0.1258278 0.1059603 0.1456953 0.1589404 0.1258278 0.1523179 0.1986754 0.1059603 0.1456953 0.1059603 0.1456953 0.1523179 0.1986754 0.0927152 0.1456953 0.1523179 0.1986754 0.1523179 0.2388125 0.07947015 0.2781457 0.0927152 0.1456953 0.1523179 0.1986754 0.07947015 0.2781457 0.0927152 0.1456953 0.1059603 0.1390728 0.1059603 0.1456953 0.08609271 0.1390728 0.0927152 0.1390728 0.08609271 0.1456953 0.0927152 0.1390728 0.0927152 0.1456953 0.08609271 0.1456953 0.07947015 0.2781457 0.07947021 0.1390728 0.08609271 0.1456953 0.1523179 0.2388125 0.1460992 0.2516556 0.07947015 0.2781457 0.1460992 0.2516556 0.1456953 0.2582781 0.07947015 0.2781457 0.1464061 0.2582781 0.1518821 0.2582781 0.1462934 0.2649006 0.1518821 0.2582781 0.1482826 0.2694289 0.1462934 0.2649006 0.1456953 0.2582781 0.1464061 0.2582781 0.1462934 0.2649006 0.1482826 0.2694289 0.1456953 0.2656356 0.1462934 0.2649006 0.08609271 0.1456953 0.0927152 0.1456953 0.07947015 0.2781457 0.1456953 0.2582781 0.1462934 0.2649006 0.1390728 0.2649006 0.1390728 0.3046357 0.1398472 0.3086217 0.1394467 0.3166031 0.1398472 0.3086217 0.1398485 0.3112582 0.1394467 0.3166031 0.07947015 0.2781457 0.1456953 0.2582781 0.1390728 0.2649006 0.07947015 0.2781457 0.1390728 0.2649006 0.1390728 0.3046357 0.07284766 0.3311257 0.07284766 0.3112582 0.09933775 0.3377482 0.07284766 0.3112582 0.07947015 0.2847682 0.1390728 0.3046357 0.07284766 0.3311257 0.09933775 0.3377482 0.07947015 0.3377482 0.07947015 0.2847682 0.07947015 0.2781457 0.1390728 0.3046357 0.1398485 0.3112582 0.1456953 0.3112582 0.1456953 0.3170377 0.09933775 0.3377482 0.07284766 0.3112582 0.1390728 0.3046357 0.1059603 0.3443708 0.0927152 0.3443708 0.09933775 0.3377482 0.1390728 0.3046357 0.1394467 0.3166031 0.1394456 0.3178808 0.1398485 0.3112582 0.1456953 0.3170377 0.1394467 0.3166031 0.1456953 0.3170377 0.1452723 0.3170195 0.1394467 0.3166031 0.1452723 0.3170195 0.1452339 0.3178808 0.1398105 0.316629 0.1394467 0.3166031 0.1452723 0.3170195 0.1398105 0.316629 0.1394456 0.3178808 0.1397663 0.3245033 0.1394516 0.3377482 0.1397663 0.3245033 0.1397441 0.3311257 0.1394516 0.3377482 0.1390728 0.3046357 0.1394456 0.3178808 0.09933775 0.3377482 0.1059603 0.3443708 0.09933775 0.3377482 0.1394456 0.3178808 0.1125828 0.3509933 0.1059603 0.3509933 0.1059603 0.3443708 0.1192052 0.3708608 0.1125828 0.3642383 0.1192052 0.3642383 0.1125828 0.3642383 0.1125828 0.3509933 0.1192052 0.3642383 0.1125828 0.3509933 0.1059603 0.3443708 0.1394516 0.3377482 0.1394516 0.3377482 0.1059603 0.3443708 0.1394456 0.3178808 0.1394516 0.3377482 0.1395025 0.3443708 0.1125828 0.3509933 0.1395025 0.3443708 0.1351686 0.3564337 0.1125828 0.3509933 0.1414533 0.3565759 0.1446317 0.340774 0.1456953 0.3443708 0.1258277 0.3708608 0.1192052 0.3642383 0.1351686 0.3564337 0.1192052 0.3642383 0.1125828 0.3509933 0.1351686 0.3564337 0.1341453 0.3774834 0.1324503 0.3774834 0.1344501 0.3724969 0.1324503 0.3774834 0.1258277 0.3708608 0.1344501 0.3724969 0.1344777 0.3841059 0.1341997 0.3887022 0.1344479 0.3805854 0.1341997 0.3887022 0.1341453 0.3774834 0.1344479 0.3805854 0.1344501 0.3724969 0.1366262 0.3805348 0.1341453 0.3774834 0.1366262 0.3805348 0.1344479 0.3805854 0.1341453 0.3774834 0.1258277 0.3708608 0.1351686 0.3564337 0.1344501 0.3724969 0.1344501 0.3724969 0.1351686 0.3564337 0.1368924 0.3724789 0.1351686 0.3564337 0.1414533 0.3565759 0.1390728 0.3724641 0.1368924 0.3724789 0.1351686 0.3564337 0.1390728 0.3724641 0.1414533 0.3565759 0.1456953 0.3443708 0.1788079 0.3774834 0.1390728 0.3724641 0.1414533 0.3565759 0.1788079 0.3774834 0.1402384 0.3907284 0.1390728 0.3841059 0.1589403 0.3907284 0.1390728 0.3841059 0.1390728 0.3724641 0.1589403 0.3907284 0.1655629 0.2078707 0.1651328 0.2087391 0.1655629 0.205298 0.1402384 0.3907284 0.1589403 0.3907284 0.1589403 0.3973509 0.1456953 0.3443708 0.1655629 0.2078707 0.205298 0.2847682 0.1402384 0.3907284 0.152318 0.4039735 0.1435847 0.3962225 0.1345414 0.3907284 0.1390728 0.3885004 0.1390728 0.3907284 0.1390728 0.3885004 0.1402384 0.3907284 0.1390728 0.3907284 0.1390728 0.3907284 0.1390728 0.396619 0.1345414 0.3907284 0.1435847 0.3962225 0.1390728 0.3907284 0.1402384 0.3907284 0.1397917 0.4039735 0.1395127 0.3973509 0.1440834 0.3973509 0.1440834 0.3973509 0.1435847 0.3962225 0.152318 0.4039735 0.1443338 0.4039735 0.1397917 0.4039735 0.1440834 0.3973509 0.1456953 0.423841 0.144591 0.410596 0.152318 0.4039735 0.144591 0.410596 0.1443338 0.4039735 0.152318 0.4039735 0.1429756 0.4283806 0.1398555 0.423841 0.1456953 0.423841 0.1430221 0.4365237 0.139897 0.4304635 0.1456953 0.4304635 0.1456953 0.4304635 0.1429756 0.4283806 0.1456953 0.423841 0.1443338 0.4039735 0.1440834 0.3973509 0.152318 0.4039735 0.152318 0.4039735 0.1402384 0.3907284 0.1589403 0.3973509 0.1655629 0.205298 0.1622622 0.2161329 0.1589404 0.2126394 0.1456953 0.4304635 0.1456953 0.423841 0.1523179 0.450331 0.1589403 0.3907284 0.1390728 0.3724641 0.1788079 0.3774834 0.1655629 0.205298 0.1589404 0.2126394 0.1595718 0.205298 0.1655629 0.205298 0.1595718 0.205298 0.1655629 0.2005724 0.1655629 0.2005724 0.1631209 0.1997269 0.1705026 0.1939232 0.1631209 0.1997269 0.1605001 0.1986754 0.1705026 0.1939232 0.1655629 0.2078707 0.1655629 0.205298 0.1655629 0.2005724 0.1456953 0.423841 0.152318 0.4039735 0.1523179 0.450331 0.1655629 0.2078707 0.1655629 0.2005724 0.1986755 0.1986754 0.1986755 0.1986754 0.1655629 0.2005724 0.1705026 0.1939232 0.1705026 0.1939232 0.1714072 0.1920529 0.1986755 0.1986754 0.1714072 0.1920529 0.168224 0.1931161 0.1662594 0.1920529 0.1662594 0.1920529 0.1663464 0.1854304 0.1714072 0.1920529 0.1663464 0.1854304 0.170701 0.1854304 0.1714072 0.1920529 0.170701 0.1854304 0.1694365 0.1849957 0.1673375 0.1788079 0.1694365 0.1849957 0.1691222 0.1848874 0.1673375 0.1788079 0.1673375 0.1788079 0.1709032 0.1771064 0.1711348 0.1771936 0.1711348 0.1771936 0.1729366 0.1721854 0.1784753 0.1721854 0.1673375 0.1788079 0.1711348 0.1771936 0.170701 0.1854304 0.1711348 0.1771936 0.1784753 0.1721854 0.170701 0.1854304 0.1784753 0.1721854 0.1854304 0.1721854 0.170701 0.1854304 0.192053 0.1390728 0.190528 0.1418707 0.1862094 0.1390728 0.192053 0.1390728 0.1862094 0.1390728 0.192053 0.1337916 0.1714072 0.1920529 0.170701 0.1854304 0.1986755 0.1986754 0.170701 0.1854304 0.1854304 0.1721854 0.1986755 0.1986754 0.1854304 0.3245033 0.1456953 0.3443708 0.205298 0.2847682 0.1456953 0.3443708 0.1854304 0.3245033 0.1788079 0.3311257 0.1854304 0.1721854 0.192053 0.1390728 0.205298 0.1721854 0.1456953 0.437086 0.1426982 0.4365887 0.1430221 0.4365237 0.1456953 0.437086 0.1430221 0.4365237 0.1456953 0.4304635 0.1414669 0.4451178 0.1400226 0.437086 0.1456953 0.437086 0.1456953 0.4437085 0.1414669 0.4451178 0.1456953 0.437086 0.1456953 0.437086 0.1456953 0.4304635 0.1523179 0.450331 0.192053 0.1337916 0.1866196 0.1324503 0.1973741 0.1274759 0.1456953 0.4437085 0.1456953 0.437086 0.1523179 0.450331 0.192053 0.1390728 0.192053 0.1337916 0.1986755 0.1258278 0.192053 0.1337916 0.1973741 0.1274759 0.1986755 0.1258278 0.1973741 0.1274759 0.195241 0.1264339 0.1986755 0.1258278 0.195241 0.1264339 0.1950114 0.1263206 0.1986755 0.1258278 0.1950114 0.1263206 0.1940155 0.1258278 0.1986755 0.1258278 0.1940155 0.1258278 0.1929734 0.1192052 0.1986755 0.1192052 0.1986755 0.1192052 0.1986755 0.1133748 0.2023653 0.1125828 0.1986755 0.1133748 0.1994104 0.1125828 0.2023653 0.1125828 0.1940155 0.1258278 0.1986755 0.1192052 0.1986755 0.1258278 0.2023653 0.1125828 0.2019836 0.1119865 0.1996992 0.1059603 0.2023653 0.1125828 0.1996992 0.1059603 0.205298 0.1049659 0.1986755 0.1192052 0.2023653 0.1125828 0.205298 0.1324503 0.1986755 0.1258278 0.1986755 0.1192052 0.205298 0.1324503 0.1460932 0.4569536 0.1456953 0.4499279 0.1463553 0.4523043 0.1456953 0.4499279 0.1456953 0.449538 0.1463453 0.450331 0.1463453 0.450331 0.1463553 0.4523043 0.1456953 0.4499279 0.1489489 0.451588 0.1486744 0.4516643 0.1463453 0.450331 0.1523179 0.450331 0.1515026 0.4508752 0.1456953 0.4437085 0.1515026 0.4508752 0.1489489 0.451588 0.1463453 0.450331 0.1456953 0.4437085 0.1515026 0.4508752 0.1463453 0.450331 0.1655629 0.3907284 0.1655629 0.3973509 0.1589403 0.3907284 0.1788079 0.410596 0.1721854 0.410596 0.1797164 0.4039735 0.1721854 0.410596 0.1655629 0.3907284 0.1796221 0.3973509 0.1854304 0.4569536 0.1788079 0.4569536 0.1854304 0.4437085 0.1788079 0.4569536 0.1788079 0.410596 0.1843897 0.423841 0.1854304 0.4437085 0.1788079 0.4569536 0.1854304 0.437086 0.1981887 0.4768211 0.1854304 0.4768211 0.1974281 0.4569535 0.1854304 0.4768211 0.1854304 0.4569536 0.192053 0.4569536 0.2044113 0.4834437 0.192053 0.4834437 0.1981887 0.4768211 0.205298 0.4834437 0.2052979 0.4865664 0.2044113 0.4834437 0.2082093 0.4846303 0.208522 0.484409 0.2062646 0.4900662 0.208522 0.484409 0.2113445 0.4834437 0.2114392 0.4900662 0.2062646 0.4900662 0.208522 0.484409 0.2114392 0.4900662 0.205298 0.4834437 0.2044113 0.4834437 0.205298 0.4775594 0.2044113 0.4834437 0.1981887 0.4768211 0.205298 0.4775594 0.2113445 0.4834437 0.205298 0.4834437 0.205298 0.4775594 0.1463453 0.450331 0.1456953 0.449538 0.1456953 0.4437085 0.2023653 0.1125828 0.205298 0.1049659 0.205298 0.1324503 0.1456953 0.3443708 0.1788079 0.3311257 0.1788079 0.3774834 0.1655629 0.2078707 0.1986755 0.1986754 0.205298 0.231788 0.1655629 0.3907284 0.1589403 0.3907284 0.1788079 0.3774834 0.2041653 0.1042575 0.2039401 0.1041167 0.205298 0.1002076 0.205298 0.1002076 0.2072539 0.09651738 0.2119204 0.09933775 0.2119204 0.09933775 0.205298 0.1324503 0.205298 0.1049659 0.1986755 0.1258278 0.2119204 0.1721854 0.192053 0.1390728 0.2119204 0.1721854 0.205298 0.1721854 0.192053 0.1390728 0.205298 0.1721854 0.205298 0.205298 0.1986755 0.1986754 0.205298 0.231788 0.2119206 0.2251655 0.2119204 0.2516556 0.205298 0.1721854 0.1986755 0.1986754 0.1854304 0.1721854 0.205298 0.231788 0.2119204 0.2516556 0.205298 0.2516556 0.205298 0.231788 0.205298 0.2516556 0.1655629 0.2078707 0.205298 0.2847682 0.205298 0.3046357 0.192053 0.3178808 0.205298 0.3046357 0.1986755 0.3178808 0.192053 0.3178808 0.205298 0.2516556 0.205298 0.2847682 0.1655629 0.2078707 0.1854304 0.3245033 0.205298 0.2847682 0.192053 0.3178808 0.192053 0.3178808 0.192053 0.3245033 0.1854304 0.3245033 0.1854304 0.3245033 0.1854304 0.3311257 0.1788079 0.3311257 0.2041653 0.1042575 0.205298 0.1002076 0.205298 0.1049659 0.205298 0.1002076 0.2119204 0.09933775 0.205298 0.1049659 0.2185431 0.4834437 0.2119204 0.4900662 0.2113445 0.4834437 0.2119204 0.4900662 0.2114392 0.4900662 0.2113445 0.4834437 0.2185431 0.4834437 0.2113445 0.4834437 0.2111026 0.4825693 0.192053 0.4569536 0.1974281 0.4569535 0.1854304 0.4768211 0.1974281 0.4569535 0.205298 0.4775594 0.1981887 0.4768211 0.205298 0.4775594 0.2111026 0.4825693 0.2113445 0.4834437 0.1914259 0.450331 0.192053 0.4510669 0.1863921 0.450331 0.192053 0.4510669 0.192053 0.4569536 0.1863921 0.450331 0.1788079 0.3774834 0.17974 0.3769131 0.1797355 0.3774834 0.1721854 0.410596 0.1796221 0.3973509 0.1797164 0.4039735 0.1655629 0.3907284 0.1788079 0.3774834 0.1795737 0.3907284 0.1795737 0.3907284 0.1788079 0.3774834 0.1796036 0.3841059 0.1797355 0.3774834 0.1847919 0.3774834 0.1796036 0.3841059 0.1847919 0.3774834 0.1823208 0.3851193 0.1796036 0.3841059 0.1788079 0.3774834 0.1797355 0.3774834 0.1796036 0.3841059 0.1854304 0.4334405 0.1854304 0.437086 0.1788079 0.4569536 0.1863921 0.450331 0.192053 0.4569536 0.1854304 0.4569536 0.1854304 0.4437085 0.1863921 0.450331 0.1854304 0.4569536 0.1823208 0.3851193 0.1820255 0.3851189 0.1796036 0.3841059 0.1854304 0.4334405 0.1788079 0.4569536 0.1843897 0.423841 0.1843897 0.423841 0.1854304 0.4304635 0.1854304 0.4334405 0.1795737 0.3907284 0.1847828 0.3907284 0.1820198 0.3931755 0.1847828 0.3907284 0.1823154 0.3931708 0.1820198 0.3931755 0.1655629 0.3907284 0.1795737 0.3907284 0.1796221 0.3973509 0.1854304 0.423841 0.1854304 0.4252976 0.1843897 0.423841 0.1854304 0.4179536 0.1899247 0.423841 0.1854304 0.423841 0.1798731 0.410596 0.1848118 0.410596 0.1854304 0.4179536 0.1798731 0.410596 0.1854304 0.4179536 0.1854304 0.423841 0.1854304 0.423841 0.1843897 0.423841 0.1798731 0.410596 0.1843897 0.423841 0.1788079 0.410596 0.1798731 0.410596 0.1796221 0.3973509 0.184787 0.3973509 0.18207 0.401232 0.184787 0.3973509 0.182361 0.4012227 0.18207 0.401232 0.1795737 0.3907284 0.1820198 0.3931755 0.1796221 0.3973509 0.1798285 0.4094304 0.1798731 0.410596 0.1788079 0.410596 0.1797164 0.4039735 0.1798285 0.4094304 0.1788079 0.410596 0.2384105 0.03387522 0.2414933 0.03640347 0.2414564 0.03673654 0.1456953 0.5430463 0.1523179 0.5099338 0.1655628 0.5099338 0.1655628 0.5099338 0.1589404 0.5629138 0.152318 0.5562914 0.1456953 0.5496688 0.1456953 0.5562914 0.1390728 0.5496688 0.1655628 0.5099338 0.152318 0.5562914 0.1456953 0.5430463 0.152318 0.5562914 0.1456953 0.5496688 0.1456953 0.5430463 0.1390728 0.5496688 0.1390728 0.5364238 0.1456953 0.5430463 0.8107838 0.8059232 0.811117 0.8058711 0.8139328 0.8079469 0.2185429 0.03973495 0.2234639 0.03509581 0.2211378 0.03973495 0.2913907 0.5364238 0.2872804 0.5364238 0.2875674 0.5354777 0.2122365 0.3082396 0.2148994 0.3086814 0.2119206 0.3112582 0.2119206 0.3112582 0.2114089 0.3178808 0.205298 0.3112582 0.2114089 0.3178808 0.205298 0.3178808 0.205298 0.3112582 0.205298 0.3112582 0.205298 0.3046357 0.2122365 0.3082396 0.205298 0.3046357 0.205298 0.2847682 0.2119206 0.2913907 0.2180633 0.2781457 0.2122365 0.3082396 0.2119206 0.2913907 0.2122365 0.3082396 0.2119206 0.3112582 0.205298 0.3112582 0.2119206 0.2913907 0.2122365 0.3082396 0.205298 0.3046357 0.1324503 0.5562914 0.1324503 0.5629138 0.1258277 0.5562914 0.1258277 0.5562914 0.1258277 0.5629138 0.1192052 0.5562914 0.1192052 0.5562914 0.1192052 0.5629138 0.1125828 0.5562914 0.1125828 0.5562914 0.1059603 0.5629138 0.0927152 0.5298013 0.0927152 0.5298013 0.08609265 0.4701986 0.1192052 0.4966887 0.08609265 0.4701986 0.08609265 0.4569536 0.0927152 0.4635761 0.0927152 0.4635761 0.0927152 0.4569536 0.1059603 0.4701986 0.08609265 0.4701986 0.0927152 0.4635761 0.1059603 0.4701986 0.1192052 0.5562914 0.1125828 0.5562914 0.1324503 0.5298013 0.1125828 0.5562914 0.0927152 0.5298013 0.1324503 0.5298013 0.1324503 0.5562914 0.1258277 0.5562914 0.1390728 0.5496688 0.1258277 0.5562914 0.1192052 0.5562914 0.1324503 0.5298013 0.1390728 0.5496688 0.1390728 0.5629138 0.1324503 0.5562914 0.1324503 0.5298013 0.1390728 0.5364238 0.1390728 0.5496688 0.152318 0.4966887 0.1523179 0.5099338 0.1390728 0.4966887 0.1523179 0.5099338 0.1324503 0.5298013 0.1390728 0.4966887 0.1192052 0.4966887 0.1390728 0.4966887 0.1324503 0.5298013 0.1059603 0.4635761 0.1125828 0.4701986 0.1059603 0.4701986 0.1125828 0.4701986 0.1192052 0.4966887 0.1059603 0.4701986 0.08609265 0.4701986 0.1059603 0.4701986 0.1192052 0.4966887 0.1324503 0.5298013 0.1390728 0.5496688 0.1258277 0.5562914 0.9139075 0.7152314 0.9271526 0.7152314 0.9271526 0.721854 0.9271526 0.721854 0.9536424 0.721854 0.9536424 0.7284765 0.9271525 0.735099 0.9205299 0.7417215 0.9205299 0.7284765 0.9271526 0.721854 0.9536424 0.7284765 0.9271525 0.735099 0.9205299 0.7284765 0.9139074 0.735099 0.9139075 0.7152314 0.9271526 0.721854 0.9271525 0.735099 0.9205299 0.7284765 0.7305519 0.9115929 0.7308133 0.9115796 0.7284769 0.9139073 0.7308133 0.9115796 0.7329466 0.9139073 0.7284769 0.9139073 0.7329466 0.9139073 0.7295987 0.9192063 0.728477 0.9190588 0.7391616 0.8904993 0.7387924 0.8902919 0.7407047 0.8874171 0.1967313 0.1182966 0.1986755 0.1192052 0.1929734 0.1192052 0.1876181 0.3615732 0.1878893 0.3616309 0.1899794 0.3642383 0.205298 0.3369593 0.2038128 0.3356297 0.2036798 0.3353987 0.5364239 0.6150624 0.536424 0.6092714 0.5386019 0.612058 0.536424 0.6092714 0.538906 0.6092713 0.5386019 0.612058 0.7483447 0.9403973 0.7417219 0.9403973 0.7483447 0.9271522 0.7549671 0.9271522 0.7615897 0.9271522 0.7615896 0.9470198 0.7483447 0.9403973 0.7483447 0.9271522 0.7549671 0.9271522 0.7615896 0.9470198 0.7417219 0.9470198 0.7483447 0.9403973 0.1730517 0.1655629 0.1788079 0.1655629 0.175915 0.1704133 0.3311257 0.5555166 0.3311257 0.5496688 0.3325363 0.5524473 0.2781457 0.5087187 0.266448 0.5033112 0.2715231 0.5033112 0.2668002 0.5009024 0.2649006 0.5033112 0.2649006 0.4981126 0.2649006 0.5033112 0.2587644 0.5005626 0.2649006 0.4981126 0.2781457 0.5084163 0.2781457 0.5087187 0.2715231 0.5033112 0.2587644 0.5005626 0.2582782 0.4976288 0.2649006 0.4981126 0.2781457 0.5084163 0.2715231 0.5033112 0.2781457 0.5038953 0.2715231 0.5033112 0.2668002 0.5009024 0.2715231 0.4985361 0.2715231 0.4985361 0.2781457 0.5038953 0.2715231 0.5033112 0.6264266 0.8553386 0.629139 0.8609271 0.6239452 0.8609271 0.245033 0.5294158 0.2397835 0.5289539 0.245033 0.5290252 0.2397835 0.5289539 0.2403694 0.5258921 0.245033 0.5290252 0.245033 0.5290252 0.2516556 0.5298013 0.245033 0.5294158 0.2516556 0.5298013 0.2384105 0.5298013 0.245033 0.5294158 0.2384105 0.5298013 0.2251656 0.5298013 0.231788 0.5290136 0.231788 0.5290136 0.2251656 0.5285096 0.231788 0.528653 0.2251656 0.5285096 0.2241824 0.5255011 0.231788 0.528653 0.2384105 0.5298013 0.231788 0.5290136 0.2384105 0.5289616 0.245033 0.5294158 0.2384105 0.5298013 0.2384105 0.5289616 0.2376992 0.1456953 0.2384105 0.1434931 0.2384105 0.1456953 0.2384105 0.1434931 0.2401413 0.1369632 0.2393743 0.1390728 0.384106 0.5430463 0.3708609 0.5430463 0.3774835 0.5364238 0.3708609 0.5430463 0.3642385 0.5430463 0.3774835 0.5364238 0.3642385 0.5430463 0.357616 0.5430463 0.357616 0.5364238 0.3774835 0.5364238 0.3973511 0.5364238 0.384106 0.5430463 0.3973511 0.5364238 0.3907285 0.5430463 0.384106 0.5430463 0.3642385 0.5430463 0.357616 0.5364238 0.3774835 0.5364238 0.3907285 0.5496688 0.3774835 0.5496688 0.384106 0.5430463 0.3907285 0.5430463 0.4172185 0.5430463 0.410596 0.5496688 0.410596 0.5496688 0.3907285 0.5496688 0.3907285 0.5430463 0.6211028 0.8492048 0.6208766 0.8493565 0.6167111 0.8476821 0.3377484 0.5492091 0.3377484 0.5496688 0.3333417 0.5496688 0.7543181 0.8609271 0.7517765 0.8604357 0.754967 0.8602622 0.7517765 0.8604357 0.7515329 0.8603016 0.754967 0.8602622 0.4039735 0.5687376 0.4032256 0.5655917 0.4039735 0.5629138 0.245033 0.5033112 0.2507818 0.5005191 0.2504483 0.5033112 0.2507818 0.5005191 0.2516556 0.5033112 0.2504483 0.5033112 0.2504483 0.5033112 0.2503898 0.5038133 0.245033 0.5099338 0.2384105 0.5033112 0.2427388 0.5005111 0.2384105 0.503717 0.2427388 0.5005111 0.245033 0.5033112 0.2384105 0.503717 0.231788 0.5099338 0.2343833 0.5033112 0.2384105 0.5099338 0.2343833 0.5033112 0.2384105 0.503717 0.2384105 0.5099338 0.245033 0.5033112 0.2504483 0.5033112 0.245033 0.5099338 0.245033 0.5033112 0.245033 0.5099338 0.2384105 0.503717 0.7410389 0.8807946 0.7417219 0.8800606 0.7417219 0.8804503 0.3245033 0.01986742 0.3245033 0.02649003 0.3178808 0.02649003 0.3061848 0.5071865 0.3046359 0.5099338 0.3046359 0.5040618 0.4437087 0.5761588 0.4437088 0.5820228 0.4409815 0.5789597 0.7086094 0.5894038 0.7092875 0.5870857 0.7093886 0.5868184 0.2913907 0.04790443 0.2913907 0.04757618 0.2955044 0.05298012 0.2913907 0.04757618 0.297661 0.05298012 0.2972761 0.05298012 0.1703054 0.5112167 0.1721854 0.5099338 0.1683619 0.5133321 0.1721854 0.5099338 0.1788079 0.510802 0.1778994 0.5132567 0.1683619 0.5133321 0.1721854 0.5099338 0.1764386 0.5161451 0.1778994 0.5132567 0.1777443 0.5135574 0.1721854 0.5099338 0.1764386 0.5161451 0.1788079 0.5162636 0.1762316 0.5165563 0.1777443 0.5135574 0.1764386 0.5161451 0.1721854 0.5099338 0.1664555 0.5037117 0.1715141 0.5099338 0.1663418 0.5099338 0.1655628 0.5033112 0.1664555 0.5037117 0.1655628 0.5091618 0.1664555 0.5037117 0.1663418 0.5099338 0.1655628 0.5091618 0.1683619 0.5133321 0.1764386 0.5161451 0.1762316 0.5165563 0.1663418 0.5099338 0.1683619 0.5133321 0.1655628 0.5095428 0.1683619 0.5133321 0.1762316 0.5165563 0.1655628 0.5095428 0.1655628 0.5095428 0.1621845 0.5068787 0.1655628 0.5091618 0.6754965 0.5562914 0.6622515 0.5562914 0.668874 0.5496688 0.2516556 0.1456953 0.2516556 0.1390728 0.2582781 0.1456953 0.2516556 0.1390728 0.2582782 0.1390728 0.2582781 0.1456953 0.2582782 0.1390728 0.2582781 0.1324503 0.2649007 0.1324503 0.2649007 0.1324503 0.2649007 0.1456953 0.2582782 0.1390728 0.2649007 0.1456953 0.2582781 0.1456953 0.2582782 0.1390728 0.2582781 0.1456953 0.2582781 0.1589403 0.2516556 0.1523178 0.2516556 0.1523178 0.2516556 0.1655629 0.245033 0.1589403 0.245033 0.1589403 0.2450331 0.1655629 0.2362663 0.1621534 0.2362663 0.1621534 0.2380551 0.1542003 0.245033 0.1589403 0.2380551 0.1542003 0.245033 0.1523178 0.245033 0.1589403 0.245033 0.1523178 0.245033 0.1456953 0.2516556 0.1523178 0.245033 0.1456953 0.2516556 0.1456953 0.2516556 0.1523178 0.2516556 0.1523178 0.2516556 0.1456953 0.2582781 0.1456953 0.6327434 0.6953639 0.630018 0.6947203 0.6357616 0.6953639 0.2233222 0.03476732 0.2234639 0.03509581 0.2185429 0.03973495 0.754967 0.7019864 0.754967 0.721854 0.7483445 0.721854 0.8155757 0.9314951 0.818208 0.9326716 0.8145697 0.9337747 0.5623225 0.5500071 0.5761591 0.5500283 0.5629138 0.5503998 0.5761591 0.5500283 0.5786977 0.5506222 0.5761591 0.550419 0.5761591 0.550419 0.5761591 0.5562914 0.5695363 0.5562914 0.5761591 0.5500283 0.5761591 0.550419 0.5629138 0.5503998 0.5695363 0.5568163 0.5629139 0.5562914 0.5695363 0.5562914 0.5629139 0.5562914 0.5629138 0.5503998 0.5695363 0.5562914 0.2114392 0.4900662 0.2119204 0.4919745 0.209176 0.4942377 0.3245033 0.5521883 0.3250827 0.5496688 0.3311257 0.5496688 0.2575361 0.1258278 0.2582781 0.1250877 0.2582781 0.1258278 0.2582781 0.1250877 0.2615184 0.1227362 0.2582781 0.1258278 0.2615184 0.1227362 0.2649007 0.1258278 0.2582781 0.1258278 0.2582781 0.1258278 0.2582781 0.1324503 0.256157 0.1284139 0.2582781 0.1324503 0.251309 0.1324503 0.256157 0.1284139 0.8202727 0.8533272 0.8176118 0.8534953 0.820009 0.8476821 0.820009 0.8476821 0.8174232 0.8454671 0.8197037 0.8410595 0.8197037 0.8410595 0.8195423 0.8372134 0.8198695 0.8371841 0.8198695 0.8371841 0.8202727 0.8533272 0.820009 0.8476821 0.3046358 0.05373162 0.303499 0.05357587 0.3046358 0.05332386 0.4754959 0.6002424 0.4768212 0.6013169 0.475385 0.6005569 0.475385 0.6005569 0.4709802 0.5960264 0.4754959 0.6002424 0.4922863 0.6010197 0.4900662 0.5967116 0.4966888 0.6026487 0.4966888 0.6026487 0.4999291 0.6026487 0.4992191 0.6053226 0.4999291 0.6026487 0.5033112 0.6026487 0.4992191 0.6053226 0.4966888 0.6026487 0.4992191 0.6053226 0.4966889 0.6078907 0.4966889 0.6078907 0.4917867 0.6026487 0.4966888 0.6026487 0.1390728 0.5761588 0.1324503 0.6026488 0.1258277 0.5960263 0.1258277 0.5960263 0.1192052 0.5894038 0.1390728 0.5761588 0.1192052 0.5894038 0.1125828 0.5761588 0.1390728 0.5761588 0.1125828 0.5761588 0.1059603 0.5695363 0.1192052 0.5629138 0.1059603 0.5695363 0.1059603 0.5629138 0.1192052 0.5629138 0.1059603 0.5629138 0.1125828 0.5562914 0.1192052 0.5629138 0.1192052 0.5629138 0.1192052 0.5562914 0.1258277 0.5629138 0.1258277 0.5629138 0.1258277 0.5562914 0.1324503 0.5629138 0.1324503 0.5629138 0.1324503 0.5562914 0.1390728 0.5629138 0.1390728 0.5629138 0.1390728 0.5496688 0.1456953 0.5562914 0.1456953 0.5562914 0.1456953 0.5496688 0.152318 0.5562914 0.152318 0.5629138 0.1589404 0.5695363 0.152318 0.5761588 0.1589404 0.5695363 0.1589404 0.5761588 0.152318 0.5761588 0.1456953 0.5562914 0.152318 0.5562914 0.152318 0.5629138 0.1390728 0.5629138 0.1456953 0.5562914 0.152318 0.5629138 0.1589404 0.5761588 0.1589404 0.5827813 0.152318 0.5761588 0.152318 0.5761588 0.152318 0.5827813 0.1456953 0.5761588 0.1390728 0.5629138 0.152318 0.5629138 0.1456953 0.5761588 0.152318 0.5629138 0.152318 0.5761588 0.1456953 0.5761588 0.1456953 0.5761588 0.1456953 0.5827813 0.1390728 0.5761588 0.1324503 0.5629138 0.1390728 0.5629138 0.1390728 0.5761588 0.1390728 0.5629138 0.1456953 0.5761588 0.1390728 0.5761588 0.1258277 0.5629138 0.1324503 0.5629138 0.1390728 0.5761588 0.1390728 0.5761588 0.1125828 0.5761588 0.1258277 0.5629138 0.813739 0.7972679 0.8136312 0.7947018 0.8211922 0.7880793 0.8136312 0.7947018 0.813075 0.7890525 0.8211922 0.7880793 0.8129876 0.7880793 0.8079473 0.7880793 0.8079472 0.7818611 0.813075 0.7890525 0.8129876 0.7880793 0.8211922 0.7880793 0.8129876 0.7880793 0.8079472 0.7818611 0.8211922 0.7880793 0.8073291 0.7814568 0.8023751 0.7814568 0.8013246 0.7748342 0.8073291 0.7814568 0.8013246 0.7748342 0.8072207 0.7682116 0.8013246 0.7748342 0.8013246 0.7682117 0.8072207 0.7682116 0.8069567 0.7615891 0.8069955 0.7657923 0.8066092 0.7615891 0.8073291 0.7814568 0.8072207 0.7682116 0.8145698 0.7748342 0.8072207 0.7682116 0.8069567 0.7615891 0.8079472 0.7615891 0.8145698 0.7748342 0.8072207 0.7682116 0.8079472 0.7615891 0.8079472 0.7818611 0.8073291 0.7814568 0.8145698 0.7748342 0.8066092 0.7615891 0.8013246 0.7672532 0.7955136 0.7549666 0.8013246 0.7672532 0.7814572 0.7615891 0.7880799 0.7549666 0.8013246 0.7672532 0.7880799 0.7549666 0.7955136 0.7549666 0.8139288 0.8013244 0.813739 0.7972679 0.8211922 0.7880793 0.8079472 0.7818611 0.8145698 0.7748342 0.8211922 0.7880793 0.8069567 0.7615891 0.8066092 0.7615891 0.8005381 0.7549666 0.7880799 0.7549666 0.7748347 0.7549666 0.7748347 0.7483441 0.7748347 0.7483441 0.7947022 0.7483441 0.7880799 0.7549666 0.7947022 0.7483441 0.7951939 0.7523443 0.7880799 0.7549666 0.7951939 0.7523443 0.7955136 0.7549666 0.7880799 0.7549666 0.8066092 0.7615891 0.7955136 0.7549666 0.8005381 0.7549666 0.8139328 0.8079469 0.811117 0.8058711 0.8139288 0.8013244 0.8009878 0.7483441 0.8005979 0.7483441 0.8004741 0.7417215 0.8069567 0.7615891 0.8005381 0.7549666 0.8079472 0.7615891 0.8005381 0.7549666 0.8009878 0.7483441 0.8079472 0.7615891 0.8004741 0.7417215 0.7974926 0.7434834 0.7947022 0.7417215 0.8004741 0.7417215 0.7947022 0.7417215 0.7947021 0.7360516 0.8009878 0.7483441 0.8004741 0.7417215 0.7947021 0.7360516 0.794057 0.735099 0.7892475 0.735099 0.7939648 0.721854 0.7892475 0.735099 0.7880799 0.721854 0.7939648 0.721854 0.8009878 0.7483441 0.7947021 0.7360516 0.8079472 0.7086089 0.7947021 0.7360516 0.794057 0.735099 0.8079472 0.7086089 0.794057 0.735099 0.7939648 0.721854 0.8079472 0.7086089 0.7939648 0.721854 0.7935742 0.7195239 0.8079472 0.7086089 0.7929477 0.7152314 0.7880799 0.7211309 0.7880799 0.7152314 0.7880799 0.7152314 0.7872155 0.7213996 0.7814571 0.7086089 0.7873637 0.7086089 0.7873709 0.7046245 0.8079472 0.7086089 0.7880799 0.7152314 0.7814571 0.7086089 0.7873637 0.7086089 0.7929477 0.7152314 0.7880799 0.7152314 0.7873637 0.7086089 0.8079472 0.7615891 0.8145698 0.7549666 0.8145698 0.7748342 0.8145698 0.7748342 0.8211922 0.7682117 0.8211922 0.7880793 0.8211922 0.7880793 0.8278149 0.7814568 0.8278149 0.8278145 0.8211923 0.8278145 0.8206873 0.8543046 0.8198695 0.8371841 0.8206873 0.8543046 0.8202727 0.8533272 0.8198695 0.8371841 0.8211922 0.7880793 0.8278149 0.8278145 0.813975 0.8135307 0.8278149 0.8278145 0.8211923 0.8278145 0.813975 0.8135307 0.8198695 0.8371841 0.8195423 0.8372134 0.8197305 0.834437 0.813975 0.8135307 0.8139109 0.8145695 0.811384 0.8138923 0.8211923 0.8278145 0.8198695 0.8371841 0.8197305 0.834437 0.813975 0.8135307 0.811384 0.8138923 0.8139328 0.8079469 0.8211923 0.8278145 0.8197305 0.834437 0.813975 0.8135307 0.8211922 0.7880793 0.813975 0.8135307 0.8139328 0.8079469 0.7929477 0.7152314 0.7873637 0.7086089 0.8079472 0.7086089 0.7935742 0.7195239 0.7929477 0.7152314 0.8079472 0.7086089 0.8211922 0.7880793 0.8139328 0.8079469 0.8139288 0.8013244 0.5787889 0.6158939 0.5761591 0.6158939 0.5695363 0.6092713 0.5761591 0.6158939 0.5704547 0.6158939 0.5695363 0.6092713 0.5704547 0.6158939 0.5695363 0.6158939 0.5695363 0.6092713 0.5695363 0.6158939 0.563331 0.6100127 0.5695363 0.6092713 0.5695363 0.6092713 0.6026492 0.6092713 0.5841414 0.6158939 0.5841414 0.6158939 0.6026492 0.6092713 0.5960264 0.6158939 0.5960264 0.6158939 0.6092717 0.6158939 0.601252 0.6256199 0.6092717 0.6158939 0.6092717 0.6225163 0.601252 0.6256199 0.5787889 0.6158939 0.5695363 0.6092713 0.5841414 0.6158939 0.5868074 0.6177513 0.5827814 0.6158939 0.5841414 0.6158939 0.5827814 0.6158939 0.5787889 0.6158939 0.5841414 0.6158939 0.5894041 0.6210495 0.5870426 0.6171743 0.5960264 0.6158939 0.5870426 0.6171743 0.5841414 0.6158939 0.5960264 0.6158939 0.6092717 0.6225163 0.6225168 0.6225163 0.6092717 0.6291388 0.6225168 0.6225163 0.6225168 0.6291388 0.6092717 0.6291388 0.5960264 0.6225163 0.5937628 0.6225163 0.5960264 0.6158939 0.5937628 0.6225163 0.5894041 0.6210495 0.5960264 0.6158939 0.601252 0.6256199 0.5960264 0.6225163 0.5960264 0.6158939 0.6092717 0.6291388 0.6026492 0.6291388 0.6092717 0.6225163 0.6026492 0.6291388 0.601252 0.6256199 0.6092717 0.6225163 0.6225168 0.6291388 0.629139 0.6291388 0.616626 0.6357613 0.245033 0.49744 0.245033 0.5033112 0.2427388 0.5005111 0.6133692 0.8446194 0.6158941 0.8472552 0.6130764 0.844811 0.2303691 0.25498 0.2248054 0.2781457 0.2251655 0.2621388 0.2248054 0.2781457 0.2242887 0.2847682 0.2244257 0.2781457 0.2244722 0.2715231 0.2248054 0.2781457 0.2244257 0.2781457 0.2242887 0.2847682 0.2239314 0.2847682 0.2244257 0.2781457 0.2244722 0.2715231 0.2217062 0.2695434 0.222006 0.2696051 0.2516556 0.231788 0.2516556 0.2384105 0.2308194 0.230117 0.2516556 0.2384105 0.2303691 0.25498 0.2302665 0.2516556 0.2248054 0.2781457 0.2244722 0.2715231 0.222006 0.2696051 0.222006 0.2696051 0.219743 0.2649006 0.2245749 0.2620266 0.2248054 0.2781457 0.222006 0.2696051 0.2251655 0.2621388 0.2516556 0.2119204 0.2516556 0.231788 0.245033 0.2119204 0.2516556 0.2384105 0.2302665 0.2516556 0.2305279 0.231788 0.245033 0.2119204 0.2516556 0.231788 0.2308194 0.230117 0.2307242 0.1770176 0.2314571 0.1687913 0.245033 0.2119204 0.2308194 0.230117 0.2516556 0.2384105 0.2305279 0.231788 0.2245749 0.2620266 0.2242869 0.2619719 0.2251655 0.2621388 0.2251655 0.2621388 0.2214667 0.2614421 0.2277991 0.2545579 0.2277991 0.2545579 0.2275252 0.2545127 0.2302665 0.2516556 0.2302665 0.2516556 0.2251655 0.2516556 0.2305279 0.231788 0.2251655 0.2621388 0.2277991 0.2545579 0.2303691 0.25498 0.2277991 0.2545579 0.2302665 0.2516556 0.2303691 0.25498 0.222006 0.2696051 0.2245749 0.2620266 0.2251655 0.2621388 0.2306463 0.1788079 0.2307242 0.1770176 0.245033 0.2119204 0.2251655 0.1846675 0.2251655 0.183741 0.2262032 0.1840296 0.2262032 0.1840296 0.2306463 0.1788079 0.245033 0.2119204 0.2251655 0.1846675 0.2262032 0.1840296 0.245033 0.2119204 0.2244528 0.1920529 0.2219588 0.1912314 0.2251655 0.1846675 0.224529 0.205298 0.2216253 0.1993665 0.2245218 0.1986754 0.2245218 0.1986754 0.2244528 0.1920529 0.245033 0.2119204 0.2244528 0.1920529 0.2251655 0.1846675 0.245033 0.2119204 0.2304807 0.230179 0.2277551 0.2306964 0.2248387 0.2119204 0.245033 0.2119204 0.2308194 0.230117 0.2248387 0.2119204 0.2308194 0.230117 0.2304807 0.230179 0.2248387 0.2119204 0.2244473 0.2119204 0.2214477 0.2075322 0.2248387 0.2119204 0.2214477 0.2075322 0.224529 0.205298 0.2248387 0.2119204 0.224529 0.205298 0.2245218 0.1986754 0.245033 0.2119204 0.2207441 0.4927406 0.2251656 0.4900662 0.2268714 0.4970904 0.2251656 0.4900662 0.231788 0.4966887 0.2268714 0.4970904 0.2207441 0.4927406 0.2268714 0.4970904 0.2251656 0.4972075 0.7417219 0.9271522 0.7483447 0.9271522 0.7417219 0.9403973 0.7417219 0.9403973 0.7350993 0.9337747 0.7417219 0.9271522 0.7350993 0.9337747 0.7350993 0.9271522 0.7417219 0.9271522 0.7748346 0.8675495 0.7741743 0.8624017 0.773765 0.8609271 0.1456953 0.2771189 0.1456953 0.2847682 0.1404333 0.2765691 0.1456953 0.2847682 0.1403282 0.2847682 0.1404333 0.2765691 0.1404333 0.2765691 0.1410215 0.2715231 0.1456953 0.2771189 0.8114311 0.8219258 0.8117045 0.8218916 0.8140063 0.8278145 0.7332894 0.911458 0.7329466 0.9139073 0.7329819 0.9114727 0.749561 0.9226402 0.7486854 0.9205297 0.7490414 0.9205297 0.7486854 0.9205297 0.7483447 0.9198086 0.7490414 0.9205297 0.7483447 0.9198086 0.7511802 0.9196586 0.7490414 0.9205297 0.7490414 0.9205297 0.7507737 0.9205297 0.7498015 0.9222308 0.6026493 0.6347542 0.6026492 0.6291388 0.6070902 0.631966 0.1460992 0.2516556 0.1464912 0.2516556 0.1464565 0.2526255 0.2875674 0.5354777 0.2872804 0.5364238 0.2847682 0.5364238 0.4768213 0.5423518 0.4701987 0.5403342 0.4768213 0.5384615 0.6139857 0.738516 0.6092717 0.7358627 0.6117291 0.7365567 0.3878777 0.5590515 0.3774835 0.5568414 0.3800805 0.55675 0.2088246 0.3308183 0.2091299 0.3311257 0.2086775 0.3311257 0.2091299 0.3311257 0.2111579 0.3326351 0.2086775 0.3311257 0.2111579 0.3326351 0.205298 0.3369593 0.2086775 0.3311257 0.205298 0.3369593 0.205298 0.3311257 0.2086775 0.3311257 0.753902 0.8675495 0.7518724 0.8700804 0.7535562 0.8675495 0.8197305 0.834437 0.8195423 0.8372134 0.8194097 0.834437 0.8195423 0.8372134 0.8172305 0.8374201 0.8194097 0.834437 0.8194097 0.834437 0.81457 0.8296507 0.8145699 0.8285374 0.8139109 0.8145695 0.813975 0.8135307 0.8139653 0.821192 0.813975 0.8135307 0.8197305 0.834437 0.8145699 0.8285374 0.8139653 0.821192 0.813975 0.8135307 0.8145699 0.8285374 0.8140063 0.8278145 0.8117045 0.8218916 0.8139653 0.821192 0.8197305 0.834437 0.8194097 0.834437 0.8145699 0.8285374 0.8145699 0.8285374 0.813264 0.8297837 0.8140063 0.8278145 0.2980132 0.0927152 0.3046358 0.0927152 0.3046358 0.09933775 0.3046358 0.05332386 0.303499 0.05357587 0.30366 0.05298012 0.303499 0.05357587 0.2980132 0.05363941 0.2980132 0.05329519 0.2980132 0.05363941 0.297661 0.05298012 0.2980132 0.05329519 0.5802217 0.7704375 0.579944 0.7704526 0.5778974 0.7682117 0.2641457 0.5298013 0.2649007 0.5298013 0.2635662 0.532209 0.2649007 0.5298013 0.2649006 0.5351462 0.2635662 0.532209 0.1451885 0.3249611 0.1449456 0.3311257 0.1446195 0.3311257 0.3245034 0.1059603 0.3178808 0.1059603 0.3245034 0.09933775 0.2119204 0.2516556 0.2119204 0.2781457 0.205298 0.2516556 0.2119204 0.2781457 0.2119206 0.2847682 0.205298 0.2847682 0.2119206 0.2847682 0.2119206 0.2913907 0.205298 0.2847682 0.2715231 0.5325922 0.2715231 0.5298013 0.2716997 0.5325698 0.2715231 0.5298013 0.2724564 0.5298013 0.2716997 0.5325698 0.164375 0.5052087 0.1621845 0.5068787 0.1599463 0.5033112 0.1621845 0.5068787 0.1618594 0.5071241 0.1599463 0.5033112 0.1618594 0.5071241 0.1595711 0.5033112 0.1599463 0.5033112 0.3950713 0.565531 0.3946461 0.5682094 0.3907285 0.5629138 0.3946461 0.5682094 0.3774835 0.5624861 0.3797543 0.5597589 0.3774835 0.5624861 0.3714199 0.5621629 0.3774835 0.5621364 0.3774835 0.5621364 0.3720703 0.5562914 0.3774835 0.5568414 0.3774835 0.5568414 0.3797848 0.5594698 0.3774835 0.5621364 0.3774835 0.5621364 0.3797848 0.5594698 0.3797543 0.5597589 0.3797543 0.5597589 0.3907285 0.5629138 0.3946461 0.5682094 0.3774835 0.5621364 0.3797543 0.5597589 0.3774835 0.5624861 0.3907285 0.5629138 0.3954831 0.5629138 0.3951162 0.5652454 0.3954831 0.5629138 0.3973511 0.5629138 0.3951162 0.5652454 0.3973511 0.5629138 0.3973511 0.5681673 0.3951162 0.5652454 0.1397917 0.4039735 0.1397773 0.4047968 0.1394701 0.4048345 0.7872155 0.7213996 0.7880799 0.7152314 0.7880799 0.7211309 0.1986754 0 0.205298 0.01986742 0.1920529 0 0.205298 0.01986742 0.1721853 0.04635757 0.1788079 0.006622493 0.1721853 0.04635757 0.1456953 0.04635757 0.1456953 0.03311246 0.1456953 0.03311246 0.1655628 0.01324486 0.1721853 0.04635757 0.1655628 0.01324486 0.1788079 0.006622493 0.1721853 0.04635757 0.2825868 0.5036047 0.2913907 0.5041809 0.2904429 0.5041428 0.3973511 0.5364238 0.3774835 0.5364238 0.384106 0.5298013 0.3774835 0.5364238 0.357616 0.5364238 0.384106 0.5298013 0.357616 0.5364238 0.3443709 0.5364238 0.3443709 0.5298013 0.357616 0.5364238 0.3443709 0.5298013 0.384106 0.5298013 0.4172185 0.5430463 0.3907285 0.5430463 0.3973511 0.5364238 0.3907285 0.5231788 0.3847823 0.5223513 0.392847 0.5226251 0.3973511 0.5364238 0.384106 0.5298013 0.3907285 0.5231788 0.4172185 0.5562914 0.410596 0.5496688 0.4172185 0.5430463 0.4172185 0.5430463 0.3973511 0.5364238 0.4172185 0.5298013 0.3973511 0.5364238 0.3907285 0.5231788 0.3973511 0.5231788 0.3973511 0.5231788 0.3907285 0.5231788 0.392847 0.5226251 0.392847 0.5226251 0.3931313 0.5200658 0.3973511 0.5231788 0.4304636 0.5562914 0.4172185 0.5562914 0.4172185 0.5430463 0.4437087 0.5496688 0.4503312 0.5496688 0.4304636 0.5562914 0.4172185 0.5298013 0.4503312 0.5298013 0.4437087 0.5496688 0.3973511 0.5231788 0.4008497 0.5231788 0.3973511 0.5364238 0.4008497 0.5231788 0.4172185 0.5298013 0.3973511 0.5364238 0.4437087 0.5496688 0.4304636 0.5562914 0.4172185 0.5430463 0.7846472 0.7055063 0.7873637 0.7086089 0.7843179 0.705613 0.2251656 0.5026795 0.2261459 0.5028434 0.231788 0.5099338 0.231788 0.5099338 0.2119204 0.5099338 0.2251656 0.5026795 0.2119204 0.5099338 0.2185431 0.4966887 0.2251656 0.5026795 0.2654925 0.04054528 0.2645713 0.04353564 0.2649006 0.04048132 0.2645713 0.04353564 0.2582781 0.04551512 0.2649006 0.04048132 0.2582781 0.04551512 0.2559127 0.04431974 0.2582781 0.04038321 0.231788 0.01986742 0.2384105 0 0.2582781 0.01986742 0.2384105 0 0.2980132 0 0.2913907 0.006622493 0.2913907 0.006622493 0.2980132 0.006622493 0.2980132 0.01324486 0.2384105 0 0.2913907 0.006622493 0.2582781 0.01986742 0.2649006 0.02649003 0.2516556 0.02649003 0.2582781 0.01986742 0.2980132 0.01324486 0.3046357 0.01324486 0.2980132 0.01986742 0.2582781 0.01986742 0.2913907 0.006622493 0.2781457 0.02649003 0.2913907 0.006622493 0.2980132 0.01324486 0.2913907 0.02649003 0.2781457 0.02649003 0.2913907 0.006622493 0.2913907 0.02649003 0.2781457 0.02649003 0.2649006 0.02649003 0.2582781 0.01986742 0.2913907 0.03311246 0.2847682 0.03311246 0.2913907 0.02649003 0.2913907 0.02649003 0.2980132 0.01324486 0.2980132 0.01986742 0.2980132 0.01986742 0.3046357 0.01986742 0.3046357 0.03311246 0.3046357 0.01986742 0.3112582 0.02649003 0.3046357 0.03311246 0.3112582 0.03311246 0.3112582 0.03973495 0.3046357 0.03973495 0.3112582 0.02649003 0.3112582 0.03311246 0.3046357 0.03311246 0.3046357 0.03311246 0.2913907 0.03311246 0.2913907 0.02649003 0.3112582 0.03311246 0.3046357 0.03973495 0.3046357 0.03311246 0.7242081 0.9189062 0.722984 0.9205297 0.7284769 0.9139073 0.7284769 0.9139073 0.7266714 0.9189996 0.7242081 0.9189062 0.4172186 0.5170811 0.4172186 0.5165563 0.4238411 0.5168995 0.4238411 0.5168995 0.4172186 0.5202187 0.4172186 0.5170811 0.7642064 0.92978 0.7622094 0.9271522 0.768212 0.9318238 0.2847682 0.5039463 0.2847682 0.5088856 0.2821432 0.5064408 0.6050571 0.6348046 0.6070902 0.631966 0.6092717 0.6294551 0.6092717 0.6294551 0.6154026 0.6347996 0.6047971 0.6351671 0.6154026 0.6347996 0.6158941 0.6357613 0.6047971 0.6351671 0.6047971 0.6351671 0.6026493 0.6351277 0.6050571 0.6348046 0.2206399 0.04635757 0.2251655 0.0525465 0.2204121 0.04578363 0.2251655 0.0525465 0.2185429 0.04635757 0.2204121 0.04578363 0.2185429 0.04635757 0.2211378 0.03973495 0.2204121 0.04578363 0.735099 0.5827813 0.7417217 0.5827813 0.7248774 0.5919657 0.7248774 0.5919657 0.714875 0.5894038 0.728477 0.5827813 0.7301623 0.9192872 0.728477 0.9199745 0.7295987 0.9192063 0.184997 0.5165563 0.1854304 0.5165563 0.1844377 0.5183675 0.1844377 0.5183675 0.1843559 0.5186299 0.1795351 0.5165563 0.1795351 0.5165563 0.1835929 0.521004 0.1834629 0.521392 0.1834629 0.521392 0.179143 0.5165563 0.1795351 0.5165563 0.179143 0.5165563 0.1788079 0.5162636 0.1795351 0.5165563 0.1788079 0.5162636 0.1764386 0.5161451 0.1778994 0.5132567 0.1778994 0.5132567 0.1788079 0.510802 0.1788079 0.5162636 0.1788079 0.510802 0.184997 0.5165563 0.1795351 0.5165563 0.1788079 0.5162636 0.1788079 0.510802 0.1795351 0.5165563 0.2190209 0.1920529 0.2244528 0.1920529 0.2245218 0.1986754 0.1854304 0.5165563 0.184997 0.5165563 0.1854304 0.5155593 0.8156796 0.9139073 0.8178947 0.909517 0.8181824 0.9094957 0.7331747 0.9072847 0.7308133 0.9115796 0.7305519 0.9115929 0.2133009 0.2980132 0.2185431 0.293226 0.2185431 0.2972821 0.7417219 0.9139073 0.7423236 0.9176231 0.7417219 0.9205297 0.7423236 0.9176231 0.7483447 0.9201769 0.7417219 0.9205297 0.4172185 0.5562914 0.4304636 0.5562914 0.4238411 0.5629138 0.4238411 0.5629138 0.4304636 0.5629138 0.4192049 0.5681716 0.4172185 0.5676121 0.4121531 0.5633675 0.4172185 0.5562914 0.4121531 0.5633675 0.4105961 0.5629138 0.410596 0.5562914 0.4238411 0.5629138 0.4192049 0.5681716 0.4172185 0.5676121 0.3907285 0.5496688 0.410596 0.5496688 0.410596 0.5562914 0.410596 0.5496688 0.4172185 0.5562914 0.410596 0.5562914 0.4172185 0.5562914 0.4238411 0.5629138 0.4172185 0.5676121 0.4121531 0.5633675 0.410596 0.5562914 0.4172185 0.5562914 0.4105961 0.5629138 0.4039735 0.5622279 0.410596 0.5562914 0.7350993 0.9238805 0.7350993 0.9271522 0.728477 0.9271522 0.7350993 0.9271522 0.7350993 0.9337747 0.728477 0.9271522 0.728477 0.9271522 0.728477 0.9205297 0.7350993 0.9238805 0.2913907 0.1523178 0.2847682 0.1523178 0.2913907 0.1456953 0.2913907 0.1456953 0.2913907 0.1390728 0.2980132 0.1324503 0.2980132 0.1324503 0.2980132 0.1258278 0.3046358 0.1192052 0.3046358 0.1192052 0.3112583 0.1192052 0.3112583 0.1258278 0.3112583 0.1258278 0.3112583 0.1324503 0.3046358 0.1390728 0.3046358 0.1390728 0.3112583 0.1456953 0.3046358 0.1456953 0.3046358 0.1456953 0.2980132 0.1523178 0.2913907 0.1456953 0.2980132 0.1523178 0.2913907 0.1523178 0.2913907 0.1456953 0.2913907 0.1456953 0.2980132 0.1324503 0.3046358 0.1390728 0.2980132 0.1324503 0.3046358 0.1192052 0.3112583 0.1258278 0.3046358 0.1390728 0.3046358 0.1456953 0.2913907 0.1456953 0.2980132 0.05363941 0.303499 0.05357587 0.3026925 0.05668705 0.7483445 0.6821188 0.7483445 0.6754963 0.7549669 0.6688739 0.7483445 0.6754963 0.7549669 0.6556288 0.7549669 0.6622514 0.7549669 0.6622514 0.7615894 0.6622514 0.7549669 0.6688739 0.7483445 0.6754963 0.7549669 0.6622514 0.7549669 0.6688739 0.754967 0.7019864 0.7483445 0.7019864 0.7483445 0.6953639 0.7483445 0.6953639 0.7483445 0.6821188 0.7741514 0.6821188 0.7549669 0.6688739 0.769439 0.6754963 0.7701515 0.6768807 0.7483445 0.6821188 0.7549669 0.6688739 0.7741514 0.6821188 0.7615895 0.721854 0.754967 0.721854 0.754967 0.7019864 0.754967 0.7019864 0.7483445 0.6953639 0.7748345 0.6887413 0.7549669 0.6688739 0.7701515 0.6768807 0.7741514 0.6821188 0.7701515 0.6768807 0.7748345 0.6821188 0.7741514 0.6821188 0.7615895 0.721854 0.754967 0.7019864 0.7814571 0.7086089 0.7483445 0.6953639 0.7741514 0.6821188 0.7748345 0.6887413 0.7802288 0.6953639 0.754967 0.7019864 0.7748345 0.6887413 0.7682123 0.735099 0.7615896 0.735099 0.7615895 0.721854 0.7748347 0.7417215 0.7682123 0.7417215 0.7682123 0.735099 0.7947022 0.7483441 0.7748347 0.7483441 0.7947022 0.7442607 0.7748347 0.7483441 0.7748347 0.7417215 0.7947022 0.7417215 0.7947022 0.7442607 0.7748347 0.7483441 0.7947022 0.7417215 0.7947022 0.7442607 0.8005979 0.7483441 0.7947022 0.7483441 0.7903329 0.7372575 0.7947022 0.7417215 0.7748347 0.7417215 0.7880799 0.721854 0.7892475 0.735099 0.7872335 0.721854 0.7892475 0.735099 0.7903329 0.7372575 0.7748347 0.7417215 0.7872335 0.721854 0.7880799 0.7211309 0.7880799 0.721854 0.7814571 0.7086089 0.7872155 0.7213996 0.7615895 0.721854 0.7872155 0.7213996 0.7872335 0.721854 0.7615895 0.721854 0.7814571 0.6981464 0.7814571 0.7019864 0.7814571 0.7065364 0.7814571 0.6981464 0.7814571 0.7065364 0.7802288 0.6953639 0.7814571 0.7065364 0.7814571 0.7086089 0.754967 0.7019864 0.7802288 0.6953639 0.7814571 0.7065364 0.754967 0.7019864 0.7802288 0.6953639 0.7814571 0.6953639 0.7814571 0.6981464 0.7682123 0.735099 0.7615895 0.721854 0.7872335 0.721854 0.7748347 0.7417215 0.7682123 0.735099 0.7872335 0.721854 0.5864033 0.7855126 0.586095 0.785645 0.5834116 0.7814567 0.1878384 0.424932 0.1904026 0.4304635 0.1854304 0.4304635 0.2913907 0.5231788 0.2781457 0.5231788 0.2847682 0.5165563 0.2781457 0.5231788 0.2715231 0.5231788 0.2781457 0.5165563 0.2847682 0.5364238 0.2872804 0.5364238 0.2938324 0.5422601 0.2872804 0.5364238 0.2913907 0.5364238 0.2938324 0.5422601 0.2913907 0.5364238 0.2948057 0.5392047 0.2938324 0.5422601 0.2938324 0.5422601 0.2980132 0.5426649 0.2781457 0.5364238 0.2781457 0.5364238 0.2715231 0.5360639 0.2781457 0.5358241 0.2781457 0.5358241 0.2781457 0.5302199 0.2804362 0.531219 0.2781457 0.5358241 0.2804362 0.531219 0.2781457 0.5364238 0.2804362 0.531219 0.2847682 0.5364238 0.2781457 0.5364238 0.224529 0.205298 0.2214477 0.2075322 0.2211138 0.2075507 0.6513698 0.8966139 0.6556292 0.9002588 0.6510126 0.8968799 0.2178184 0.3112582 0.2119206 0.3112582 0.2148994 0.3086814 0.8205525 0.9072846 0.8181824 0.9094957 0.8178947 0.909517 0.2241824 0.5255011 0.2185431 0.5231788 0.2245193 0.5231788 0.2245193 0.5231788 0.231788 0.5231788 0.2241824 0.5255011 0.728477 0.9205297 0.7280589 0.9271522 0.7279844 0.9205297 0.2719287 0.1110746 0.2721475 0.1112871 0.2715231 0.1113917 0.2721475 0.1112871 0.2781457 0.1125828 0.2707128 0.1125828 0.1564164 0.2225145 0.1589403 0.2232841 0.1532317 0.2251655 0.9933775 0.9867549 0.9933776 0.9933775 0.986755 0.986755 0.2516556 0.03426671 0.2489796 0.03973495 0.2502838 0.0340625 0.2489796 0.03973495 0.245033 0.03973495 0.2502838 0.0340625 0.245033 0.03973495 0.245033 0.03385454 0.2502838 0.0340625 0.4649573 0.5364238 0.4667839 0.540022 0.4635764 0.5364238 0.7615897 0.9208486 0.7615897 0.9265716 0.7590524 0.9205297 0.7615897 0.9265716 0.7549671 0.9262552 0.7590524 0.9205297 0.7549671 0.9262552 0.7549671 0.9205297 0.7590524 0.9205297 0.7615897 0.9139073 0.7483447 0.9139073 0.754967 0.8940396 0.7483447 0.9139073 0.7431373 0.9079318 0.7427316 0.9072846 0.7483447 0.9139073 0.7427316 0.9072846 0.754967 0.8940396 0.7615897 0.9208486 0.7590524 0.9205297 0.7615897 0.9139073 0.768212 0.9318238 0.7622094 0.9271522 0.7615897 0.9208486 0.7805513 0.9333445 0.7717763 0.9327833 0.7814573 0.9139073 0.7717763 0.9327833 0.768212 0.9318238 0.7814573 0.9139073 0.7947021 0.938839 0.7887263 0.9337747 0.7969688 0.9331488 0.7887263 0.9337747 0.7805513 0.9333445 0.7880797 0.9205297 0.7969688 0.9331488 0.7887263 0.9337747 0.7947021 0.9271522 0.7969688 0.9331488 0.7968347 0.9337747 0.7947021 0.938839 0.7947021 0.9271522 0.8013249 0.9271522 0.7969688 0.9331488 0.7880797 0.9205297 0.7947021 0.9205297 0.7947021 0.9271522 0.7814573 0.9139073 0.7880798 0.9139073 0.7880797 0.9205297 0.7748346 0.9072846 0.7814573 0.9072846 0.7814573 0.9139073 0.7682121 0.8675495 0.7748346 0.9006623 0.7682121 0.8707132 0.7748346 0.9006623 0.7748346 0.9072846 0.7615897 0.9139073 0.7682121 0.8707132 0.7748346 0.9006623 0.7615896 0.8940396 0.7629836 0.8665234 0.7682121 0.8616486 0.7682121 0.8620001 0.7682121 0.8620001 0.7682121 0.8675495 0.7629836 0.8665234 0.7814573 0.9139073 0.7880797 0.9205297 0.7805513 0.9333445 0.7880797 0.9205297 0.7947021 0.9271522 0.7887263 0.9337747 0.768212 0.9318238 0.7615897 0.9208486 0.7615897 0.9139073 0.7427316 0.9072846 0.7476304 0.9006623 0.754967 0.8940396 0.768212 0.9318238 0.7615897 0.9139073 0.7814573 0.9139073 0.7814573 0.9139073 0.7615897 0.9139073 0.7748346 0.9072846 0.7625151 0.8675495 0.7629836 0.8665234 0.7682121 0.8675495 0.757386 0.8720599 0.7615896 0.8680464 0.7615896 0.868445 0.7615896 0.8680464 0.7625151 0.8675495 0.7615896 0.868445 0.7615897 0.9139073 0.754967 0.8940396 0.7615896 0.8940396 0.7615897 0.9139073 0.7615896 0.8940396 0.7748346 0.9006623 0.7615896 0.868445 0.7625151 0.8675495 0.7682121 0.8707132 0.2649007 0.1059603 0.2649007 0.1125828 0.2623597 0.1129961 0.2623597 0.1129961 0.2582781 0.1192052 0.2574239 0.1192052 0.2623597 0.1129961 0.2574239 0.1192052 0.2649007 0.1059603 0.2574239 0.1192052 0.256631 0.1192052 0.2649007 0.1059603 0.2516556 0.1248408 0.2516556 0.1258278 0.2458152 0.1308075 0.256631 0.1192052 0.2516556 0.1248408 0.2444375 0.1324503 0.2516556 0.1248408 0.2458152 0.1308075 0.2444375 0.1324503 0.2458152 0.1308075 0.245033 0.1324503 0.2444375 0.1324503 0.2444375 0.1324503 0.2401413 0.1369632 0.2384105 0.1390728 0.2401413 0.1369632 0.2384105 0.1434931 0.2384105 0.1390728 0.2384105 0.1390728 0.2715232 0.0927152 0.256631 0.1192052 0.2715232 0.0927152 0.2781457 0.0927152 0.2781457 0.0976125 0.256631 0.1192052 0.2715232 0.0927152 0.2649007 0.1059603 0.2781457 0.0927152 0.2789865 0.09504145 0.2781457 0.0976125 0.2781457 0.0976125 0.2793978 0.09555941 0.2781457 0.09933775 0.2781457 0.0976125 0.2781457 0.09933775 0.2749923 0.09933775 0.256631 0.1192052 0.2444375 0.1324503 0.2384105 0.1390728 0.2781457 0.0976125 0.2749923 0.09933775 0.2715232 0.0927152 0.2715232 0.102873 0.2715232 0.1059603 0.2672684 0.1059603 0.2749923 0.09933775 0.2715232 0.102873 0.2715232 0.0927152 0.2649007 0.1059603 0.2715232 0.0927152 0.2715232 0.102873 0.9867551 0.7483441 0.9735102 0.7615891 0.9602649 0.7615891 0.9602649 0.7615891 0.9735102 0.735099 0.9801324 0.7417215 0.9735102 0.735099 0.9801324 0.735099 0.9801324 0.7417215 0.9801324 0.7417215 0.9867551 0.7417215 0.9867551 0.7483441 0.2278712 0.1760641 0.2281793 0.1761662 0.2306463 0.1788079 0.3178808 0.5430463 0.3112583 0.5430463 0.3105908 0.5430463 0.3311258 0.5151295 0.3296888 0.5120176 0.3297241 0.5117549 0.7549671 0.8807946 0.7549671 0.8811764 0.7483446 0.8807946 0.7549671 0.8811764 0.7483446 0.8874171 0.7483446 0.8807946 0.7483446 0.8807946 0.7483445 0.8741721 0.7549671 0.8807946 0.4032256 0.5655917 0.4031535 0.5659137 0.3973511 0.5681673 0.986755 0.7086089 0.9933775 0.735099 0.9801324 0.735099 0.7432209 0.8741721 0.7483445 0.8675495 0.7483446 0.8734345 0.1931807 0.5165563 0.1986755 0.5165563 0.1986755 0.5224224 0.2913907 0.5041809 0.2913907 0.509529 0.2900782 0.5068906 0.4620013 0.5165563 0.4635764 0.5179044 0.4630537 0.5185715 0.9006623 0.5695363 0.8874173 0.5695363 0.8874172 0.5562914 0.8874172 0.5562914 0.8807947 0.5562914 0.8741723 0.5165563 0.8741723 0.5165563 0.9006623 0.5165563 0.8874172 0.5562914 0.9006623 0.5165563 0.9271522 0.5231788 0.9536423 0.5695363 0.8874172 0.5562914 0.9006623 0.5165563 0.9536423 0.5695363 0.9271522 0.5231788 0.9337746 0.5298013 1 0.5298013 1 0.5298013 1 0.5827813 0.9933773 0.5761588 1 0.5827813 0.9933773 0.5894038 0.9933773 0.5761588 0.9933773 0.5761588 0.986755 0.5827813 0.9735098 0.5695363 0.9271522 0.5231788 1 0.5298013 0.9536423 0.5695363 0.9006623 0.5695363 0.8874172 0.5562914 0.9536423 0.5695363 0.9072847 0.5761588 0.9006623 0.5761588 0.9006623 0.5695363 0.9139073 0.5894038 0.9072848 0.5894038 0.9072847 0.5761588 0.9205297 0.6026488 0.9139074 0.6026488 0.9139073 0.5894038 0.9337747 0.6092713 0.9205297 0.6092713 0.9205297 0.6026488 0.9337747 0.6026488 0.9337747 0.6092713 0.9205297 0.6026488 0.9205297 0.6026488 0.9139073 0.5894038 0.9337747 0.6026488 0.9139073 0.5894038 0.9072847 0.5761588 0.9536423 0.5695363 0.9072847 0.5761588 0.9006623 0.5695363 0.9536423 0.5695363 1 0.5298013 0.9933773 0.5761588 0.9735098 0.5695363 0.9735098 0.5695363 0.9735098 0.5761588 0.9668873 0.5695363 0.9668873 0.5695363 0.9668873 0.5761588 0.9536423 0.5695363 0.9536423 0.5695363 0.9337747 0.6026488 0.9139073 0.5894038 1 0.5298013 0.9735098 0.5695363 0.9668873 0.5695363 0.7518724 0.8700804 0.753902 0.8675495 0.752171 0.8702608 0.7483446 0.8807946 0.7417219 0.8804503 0.746874 0.8764923 0.7479981 0.8741721 0.7483446 0.8738247 0.7483445 0.8741721 0.7483446 0.8807946 0.746874 0.8764923 0.7483445 0.8741721 0.3112583 0.1192052 0.3046358 0.1192052 0.3112583 0.1125828 0.3112583 0.1125828 0.3178808 0.1125828 0.3112583 0.1192052 0.813264 0.8297837 0.8129928 0.8298111 0.8094941 0.8278145 0.6154026 0.6347996 0.6092717 0.6294551 0.6092717 0.6291388 0.2821432 0.5064408 0.2781457 0.5084163 0.2781457 0.5038953 0.2185429 0.06622517 0.2119204 0.05960249 0.2185429 0.05960249 0.2185429 0.05960249 0.2119204 0.05298012 0.2185429 0.05298012 0.2251655 0.05960249 0.2251655 0.05298012 0.2251655 0.04635757 0.2251655 0.05298012 0.2251655 0.0525465 0.2251655 0.04635757 0.2185429 0.05960249 0.2185429 0.05298012 0.2251655 0.05960249 0.2185429 0.07284766 0.2119204 0.06622517 0.2185429 0.06622517 0.2185429 0.06622517 0.2185429 0.05960249 0.2251655 0.05960249 0.2251655 0.0525465 0.2206399 0.04635757 0.2251655 0.04635757 0.2206399 0.04635757 0.2204121 0.04578363 0.2251654 0.04449987 0.2204121 0.04578363 0.2213931 0.03973495 0.2251654 0.04449987 0.2213931 0.03973495 0.2251655 0.03973495 0.2251654 0.04449987 0.2251654 0.04449987 0.2251655 0.04635757 0.2206399 0.04635757 0.2185429 0.07947015 0.2119204 0.07284766 0.2185429 0.07284766 0.2185429 0.07284766 0.2185429 0.06622517 0.2251655 0.05960249 0.2251655 0.04635757 0.2185429 0.07947015 0.2251655 0.05960249 0.3046359 0.5099338 0.3061848 0.5071865 0.3057444 0.5104959 0.3061848 0.5071865 0.3112583 0.5099338 0.3057444 0.5104959 0.3057444 0.5104959 0.3245034 0.5231788 0.3046359 0.5231788 0.3046359 0.5036712 0.3065905 0.5041458 0.3046359 0.5040618 0.3046359 0.5099338 0.3057444 0.5104959 0.3046359 0.5231788 0.3046359 0.5099338 0.3046359 0.5231788 0.2980132 0.5231788 0.2980132 0.5231788 0.2913907 0.5231788 0.2913907 0.509529 0.2913907 0.5231788 0.2847682 0.5165563 0.2913907 0.509529 0.2847682 0.5165563 0.2781457 0.5165563 0.2781457 0.5087187 0.2781457 0.5165563 0.2582782 0.5165563 0.266448 0.5033112 0.266448 0.5033112 0.2582782 0.5165563 0.2582782 0.5099338 0.2582782 0.5165563 0.2516556 0.5165563 0.2582782 0.5099338 0.2582782 0.5099338 0.2582782 0.5033112 0.2649006 0.5033112 0.2649006 0.5033112 0.2668002 0.5009024 0.266448 0.5033112 0.2668002 0.5009024 0.2715231 0.5033112 0.266448 0.5033112 0.2582782 0.5099338 0.2649006 0.5033112 0.266448 0.5033112 0.3046359 0.5099338 0.2980132 0.5231788 0.2913907 0.509529 0.2781457 0.5087187 0.2781457 0.5165563 0.266448 0.5033112 0.2781457 0.5087187 0.2817953 0.5086664 0.2847682 0.5165563 0.2817953 0.5086664 0.2847682 0.5088856 0.2847682 0.5165563 0.2847682 0.5088856 0.2897416 0.5093859 0.2847682 0.5165563 0.3046359 0.5040618 0.3046359 0.5099338 0.2913907 0.509529 0.3302446 0.5099338 0.3245034 0.5099338 0.3046359 0.5036712 0.3046359 0.5036712 0.3046359 0.5040618 0.2913907 0.5041809 0.2847682 0.5165563 0.2897416 0.5093859 0.2913907 0.509529 0.3046359 0.5040618 0.2913907 0.509529 0.2913907 0.5041809 0.2913907 0.5041809 0.2825868 0.5036047 0.3046359 0.5036712 0.2825868 0.5036047 0.2781457 0.503593 0.3046359 0.5036712 0.3443709 0.5106527 0.3311257 0.5105251 0.3459671 0.5106463 0.3311257 0.5105251 0.3302446 0.5099338 0.3459671 0.5106463 0.3302446 0.5099338 0.3046359 0.5036712 0.3774835 0.5033112 0.3459671 0.5106463 0.3302446 0.5099338 0.3774835 0.5033112 0.3509933 0.5105535 0.3455729 0.5133019 0.3459671 0.5106463 0.2781457 0.503593 0.2781457 0.5038953 0.2715231 0.4985361 0.3509933 0.5105535 0.3459671 0.5106463 0.3774835 0.5033112 0.2781457 0.503593 0.2715231 0.4985361 0.2672359 0.4979192 0.2715231 0.4985361 0.2671874 0.498252 0.2672359 0.4979192 0.2672359 0.4979192 0.3774835 0.5033112 0.2781457 0.503593 0.3774835 0.5033112 0.3708609 0.5099338 0.3509933 0.5105535 0.3708609 0.5099338 0.3973511 0.5099338 0.384106 0.5168711 0.3973511 0.5099338 0.3973511 0.5165563 0.384106 0.5168711 0.3973511 0.5165563 0.4039735 0.5165563 0.4015374 0.5169239 0.4015374 0.5169239 0.3852707 0.5172058 0.3973511 0.5165563 0.3852707 0.5172058 0.384106 0.5168711 0.3973511 0.5165563 0.384106 0.5168711 0.384106 0.5171921 0.3708609 0.5099338 0.384106 0.5171921 0.3642386 0.5165563 0.3708609 0.5099338 0.3642386 0.5165563 0.3642386 0.5172639 0.3509933 0.5165563 0.3642386 0.5165563 0.3509933 0.5165563 0.3509933 0.5105535 0.3642386 0.5165563 0.3509933 0.5105535 0.3708609 0.5099338 0.1494802 0.253382 0.1518821 0.2582781 0.1464061 0.2582781 0.3046358 0.1125828 0.3178808 0.09933775 0.3178808 0.1059603 0.4179843 0.5717343 0.4172185 0.5695363 0.4192049 0.5681716 0.6047971 0.6351671 0.6158941 0.6357613 0.6158941 0.6415857 0.6158941 0.6357613 0.6212677 0.6407195 0.6158941 0.6415857 0.6158941 0.6415857 0.6169622 0.6447988 0.6166154 0.6451184 0.8209163 0.9205297 0.8208678 0.9250271 0.8205991 0.9205297 0.6132719 0.8351917 0.610803 0.8410595 0.6104694 0.8369997 0.610803 0.8410595 0.6130764 0.844811 0.6104694 0.8369997 0.5997912 0.8145695 0.6026493 0.8134868 0.6076773 0.8290892 0.6053439 0.8305349 0.6074532 0.82923 0.6092718 0.8334665 0.5997912 0.8145695 0.6076773 0.8290892 0.5975434 0.8161574 0.6076773 0.8290892 0.6053439 0.8305349 0.5975434 0.8161574 0.6092718 0.8334665 0.6144253 0.8344371 0.6102422 0.8344371 0.6102422 0.8344371 0.6104694 0.8369997 0.6053439 0.8305349 0.6104694 0.8369997 0.6130764 0.844811 0.6053439 0.8305349 0.6053439 0.8305349 0.6092718 0.8334665 0.6102422 0.8344371 0.2251655 0.01986742 0.231788 0.01986742 0.231788 0.02649003 0.231788 0.01986742 0.2582781 0.01986742 0.245033 0.02649003 0.231788 0.02649003 0.231788 0.01986742 0.2384105 0.02649003 0.2582781 0.01986742 0.2516556 0.02649003 0.245033 0.02649003 0.7343483 0.9006622 0.7344036 0.8966962 0.7350993 0.9006623 0.5562915 0.5499814 0.5622534 0.5503807 0.5562914 0.5503212 0.2178184 0.3112582 0.2151025 0.3167809 0.2147701 0.3167217 0.8145697 0.8609271 0.8206661 0.8609271 0.8177776 0.8614992 0.7335496 0.904146 0.733223 0.9040733 0.7339849 0.9006623 0.7483447 0.9142681 0.7590524 0.9205297 0.7549671 0.9205297 0.2245193 0.5231788 0.2251656 0.5222781 0.231788 0.5224431 0.2649006 0.04350733 0.2715231 0.04121708 0.2715231 0.04635757 0.2649006 0.04009145 0.2656052 0.0401743 0.2654925 0.04054528 0.2886521 0.04763329 0.2878715 0.05039209 0.2847682 0.04709094 0.8145698 0.8410595 0.8169511 0.8374451 0.8172305 0.8374201 0.3443709 0.5505216 0.3443709 0.5508432 0.3413298 0.5504128 0.2119204 0.4900662 0.2207441 0.4927406 0.2185431 0.4911636 0.2185431 0.4911636 0.2130877 0.4909264 0.2119204 0.4900662 0.7417218 0.6357613 0.7350991 0.6357613 0.7417218 0.6291388 0.7417218 0.6291388 0.7350991 0.6291388 0.7417218 0.6225163 0.7417218 0.6225163 0.7431786 0.6192417 0.7483444 0.6225163 0.7483444 0.6225163 0.7511655 0.6235894 0.7483444 0.6291388 0.7511655 0.6235894 0.754967 0.6298605 0.7483444 0.6291388 0.754967 0.6298605 0.7536723 0.6315193 0.753426 0.6316643 0.754967 0.6298605 0.753426 0.6316643 0.7483444 0.6291388 0.7417218 0.6225163 0.7483444 0.6225163 0.7417218 0.6291388 0.7483444 0.6225163 0.7483444 0.6291388 0.7417218 0.6291388 0.7509799 0.6330932 0.7549669 0.6357613 0.7417218 0.6357613 0.7549669 0.6357613 0.7578178 0.6384353 0.7549669 0.6423838 0.7417218 0.6357613 0.7549669 0.6357613 0.7549669 0.6423838 0.7483444 0.6291388 0.7509799 0.6330932 0.7417218 0.6357613 0.7417218 0.6291388 0.7483444 0.6291388 0.7417218 0.6357613 0.7578178 0.6384353 0.7581276 0.6382634 0.7608775 0.6423838 0.7549669 0.6423838 0.7350991 0.6423838 0.7417218 0.6357613 0.7578178 0.6384353 0.7608775 0.6423838 0.7549669 0.6423838 0.7672885 0.6490063 0.7615894 0.6545702 0.7549669 0.6423838 0.7606979 0.6368179 0.7606426 0.6357613 0.7560453 0.6301009 0.7672885 0.6490063 0.7549669 0.6423838 0.7608775 0.6423838 0.7606979 0.6368179 0.7560453 0.6301009 0.7677749 0.651515 0.7672885 0.6490063 0.7608775 0.6423838 0.7677749 0.651515 0.7608775 0.6423838 0.7606979 0.6368179 0.7677749 0.651515 0.7677749 0.651515 0.7675032 0.6556288 0.7674026 0.6516976 0.7391616 0.8904993 0.7350993 0.8936941 0.7350993 0.893302 0.7350993 0.8936941 0.7347525 0.8940396 0.7343593 0.8940396 0.7350993 0.893302 0.7350993 0.8936941 0.7343593 0.8940396 0.7347525 0.8940396 0.7340359 0.8965247 0.7343593 0.8940396 0.7340359 0.8965247 0.7311112 0.8951941 0.7343593 0.8940396 0.734301 0.8877306 0.7350993 0.893302 0.7343593 0.8940396 0.7355715 0.8807946 0.7407047 0.8874171 0.7350993 0.8874171 0.734301 0.8877306 0.7343593 0.8940396 0.7284769 0.8940396 0.7355715 0.8807946 0.7350993 0.8874171 0.734301 0.8877306 0.7432209 0.8741721 0.7417219 0.8741721 0.7417219 0.8731824 0.7417219 0.8731824 0.7355715 0.8807946 0.6034098 0.8145695 0.7355715 0.8807946 0.734301 0.8877306 0.6034098 0.8145695 0.7417219 0.8731824 0.6034098 0.8145695 0.754967 0.8410595 0.734301 0.8877306 0.7284769 0.8940396 0.7284769 0.9006623 0.7270717 0.9028738 0.7284769 0.9072846 0.7218545 0.9205297 0.7284769 0.9072846 0.7271012 0.9116525 0.7218545 0.9205297 0.7271012 0.9116525 0.7284769 0.9139073 0.7218545 0.9205297 0.7284769 0.9139073 0.722984 0.9205297 0.7218545 0.9205297 0.7218545 0.9205297 0.6034098 0.8145695 0.7270717 0.9028738 0.6099647 0.8278144 0.6092718 0.8334665 0.6076773 0.8290892 0.6092718 0.8334665 0.6074532 0.82923 0.6076773 0.8290892 0.6034098 0.8145695 0.6099647 0.8278144 0.6076773 0.8290892 0.6034098 0.8145695 0.6076773 0.8290892 0.6026493 0.8134868 0.7284769 0.9006623 0.7270717 0.9028738 0.6034098 0.8145695 0.7284769 0.9006623 0.6034098 0.8145695 0.734301 0.8877306 0.6034098 0.8145695 0.6026493 0.8134868 0.5960264 0.8013243 0.754967 0.8410595 0.6034098 0.8145695 0.7615896 0.821192 0.7483445 0.8675495 0.7432209 0.8741721 0.7417219 0.8731824 0.7483445 0.8609271 0.7483445 0.8675495 0.7417219 0.8731824 0.7483445 0.8609271 0.7417219 0.8731824 0.754967 0.8410595 0.7563659 0.8527205 0.754967 0.8543046 0.754967 0.8531314 0.754967 0.8543046 0.7493559 0.8590551 0.754967 0.8531314 0.7493559 0.8590551 0.7483445 0.8609271 0.754967 0.8410595 0.7615896 0.8549751 0.7592689 0.8543046 0.7615896 0.8547161 0.754967 0.8531314 0.7493559 0.8590551 0.754967 0.8410595 0.7615896 0.8547161 0.754967 0.8531314 0.7615896 0.8476821 0.765519 0.8589411 0.7615896 0.8588406 0.7656474 0.8586359 0.7615896 0.8588406 0.7615896 0.8549751 0.7656474 0.8586359 0.7673438 0.8543045 0.7682121 0.8550866 0.7656474 0.8586359 0.7656474 0.8586359 0.7615896 0.8549751 0.76689 0.8534522 0.7615896 0.8549751 0.7615896 0.8547161 0.76689 0.8534522 0.76689 0.8534522 0.7673438 0.8543045 0.7656474 0.8586359 0.7615896 0.8476821 0.7682121 0.8476821 0.76689 0.8534522 0.7748346 0.8278145 0.7814572 0.834437 0.754967 0.8410595 0.754967 0.8410595 0.7615896 0.8476821 0.754967 0.8531314 0.7615896 0.8476821 0.76689 0.8534522 0.7615896 0.8547161 0.7615896 0.821192 0.7748346 0.8278145 0.754967 0.8410595 0.7615896 0.821192 0.6034098 0.8145695 0.715232 0.721854 0.715232 0.721854 0.6034098 0.8145695 0.6158943 0.7483441 0.7682123 0.8145695 0.7682123 0.821192 0.7615896 0.821192 0.728477 0.721854 0.7748346 0.821192 0.7682123 0.8145695 0.6357616 0.6988171 0.7152321 0.7152314 0.6346821 0.7039947 0.7152321 0.7152314 0.715232 0.721854 0.6346821 0.7039947 0.715232 0.721854 0.728477 0.721854 0.7615896 0.821192 0.728477 0.721854 0.7682123 0.8145695 0.7615896 0.821192 0.6327434 0.6953639 0.6331636 0.6953639 0.6350315 0.7019864 0.6331636 0.6953639 0.6357616 0.6988171 0.6350315 0.7019864 0.6346821 0.7039947 0.715232 0.721854 0.6225168 0.7284765 0.715232 0.721854 0.6158943 0.7483441 0.6225168 0.7284765 0.6026493 0.8134868 0.5997912 0.8145695 0.5966216 0.807947 0.6298541 0.7019864 0.6327434 0.6953639 0.6350315 0.7019864 0.6158943 0.7483441 0.6034098 0.8145695 0.6092718 0.7549666 0.5997912 0.8145695 0.5975434 0.8161574 0.5966216 0.807947 0.6092718 0.7549666 0.6034098 0.8145695 0.5953358 0.7990621 0.5975434 0.8161574 0.6130764 0.844811 0.4635764 0.8940396 0.6130764 0.844811 0.6158941 0.8472552 0.5033113 0.9470198 0.6158941 0.8472552 0.6133692 0.8446194 0.6158941 0.8468671 0.6158941 0.842965 0.6158941 0.8410595 0.6225168 0.8476821 0.6158941 0.8410595 0.6165015 0.8344371 0.6225168 0.8476821 0.6158941 0.842965 0.6225168 0.8476821 0.6158941 0.8468671 0.6225168 0.8476821 0.6167111 0.8476821 0.6158941 0.8468671 0.6183329 0.8510721 0.6510126 0.8968799 0.5562917 0.9867549 0.6510126 0.8968799 0.6556292 0.9002588 0.5562917 0.9867549 0.6158941 0.8468671 0.6167111 0.8476821 0.6158941 0.8472552 0.6167111 0.8476821 0.6183329 0.8510721 0.6158941 0.8472552 0.6556292 0.9002588 0.6513698 0.8966139 0.6556292 0.8998681 0.6158941 0.8472552 0.6183329 0.8510721 0.5033113 0.9470198 0.5033113 0.9470198 0.6183329 0.8510721 0.5298016 0.9735099 0.6556292 0.8998681 0.6556291 0.8940396 0.6622516 0.9072846 0.6556292 0.8998681 0.6622516 0.9072846 0.6572077 0.9072846 0.6556292 0.9002588 0.6556292 0.8998681 0.6572077 0.9072846 0.6556292 0.9002588 0.6572077 0.9072846 0.6622517 0.9135041 0.6556292 0.9002588 0.6622517 0.9135041 0.5695367 1 0.6183329 0.8510721 0.5562917 0.9867549 0.5298016 0.9735099 0.6754968 0.9403973 0.6784565 0.9365019 0.6821194 0.939558 0.6622517 0.9135041 0.6754968 0.9403973 0.5695367 1 0.6821194 0.939558 0.6787052 0.9362911 0.6821193 0.9391978 0.6787052 0.9362911 0.6804622 0.9347977 0.6821193 0.9391978 0.6821193 0.9391978 0.6821194 0.9337747 0.6895646 0.9403973 0.6821194 0.9337747 0.6953645 0.9403973 0.6895646 0.9403973 0.6821194 0.939558 0.6821193 0.9391978 0.6895646 0.9403973 0.6754968 0.9403973 0.6821194 0.939558 0.692964 0.9460307 0.6821194 0.939558 0.6895646 0.9403973 0.692964 0.9460307 0.6754968 0.9403973 0.692964 0.9460307 0.7019868 0.9536424 0.692964 0.9460307 0.6953645 0.9466077 0.7019868 0.9536424 0.6953645 0.9466077 0.6953645 0.9462281 0.7019868 0.9470198 0.6953645 0.9462281 0.7019867 0.9408097 0.7019868 0.9470198 0.7086094 0.9462947 0.7108679 0.9460526 0.7019868 0.9470198 0.7019867 0.9408097 0.7086094 0.9462947 0.7019868 0.9470198 0.6953645 0.9466077 0.7019868 0.9470198 0.7019868 0.9536424 0.7218545 0.9470198 0.728477 0.9536424 0.7218545 0.9536424 0.7218545 0.9536424 0.7350994 0.9602649 0.728477 0.9668875 0.8013248 0.9470198 0.8013248 0.9403973 0.8041445 0.9398409 0.8013248 0.9470198 0.8041445 0.9398409 0.8079471 0.9396287 0.8079471 0.9396287 0.8044635 0.9370276 0.8045012 0.9366963 0.8045012 0.9366963 0.8013249 0.9329702 0.8125732 0.9341321 0.8013249 0.9329702 0.8013249 0.9271522 0.8125732 0.9341321 0.8013249 0.9271522 0.7947021 0.9271522 0.7947021 0.9205297 0.7947021 0.9205297 0.7880797 0.9205297 0.7880798 0.9139073 0.7880798 0.9139073 0.7814573 0.9139073 0.7814573 0.9072846 0.7814573 0.9072846 0.7748346 0.9072846 0.7814573 0.9006623 0.7748346 0.9072846 0.7748346 0.9006623 0.7814573 0.9006623 0.7748346 0.9006623 0.7814573 0.8940396 0.7814573 0.9006623 0.7814573 0.9006623 0.8079472 0.8145695 0.8145698 0.8376591 0.8079472 0.8145695 0.8091718 0.8222076 0.8105171 0.8300622 0.8091718 0.8222076 0.8091059 0.821192 0.8114311 0.8219258 0.8114311 0.8219258 0.8094941 0.8278145 0.8091718 0.8222076 0.8094941 0.8278145 0.8105171 0.8300622 0.8091718 0.8222076 0.8105171 0.8300622 0.8145698 0.834437 0.8145698 0.8376591 0.8145698 0.8376591 0.8145698 0.8410595 0.8139868 0.8537235 0.8145698 0.8410595 0.8145697 0.8476821 0.8139868 0.8537235 0.8105171 0.8300622 0.8145698 0.8376591 0.8079472 0.8145695 0.8145698 0.8376591 0.8139868 0.8537235 0.7814573 0.9006623 0.8145697 0.8543046 0.8203072 0.8543046 0.8145697 0.8609271 0.8203072 0.8543046 0.8206661 0.8609271 0.8145697 0.8609271 0.8145697 0.8609271 0.8145697 0.8616611 0.81403 0.8609271 0.81403 0.8609271 0.8145697 0.8675495 0.8140668 0.8675496 0.8145697 0.8675495 0.8145697 0.8696538 0.8140668 0.8675496 0.8140668 0.8675496 0.8145697 0.8807946 0.7814573 0.9006623 0.8145697 0.8807946 0.8145697 0.8874171 0.7814573 0.9006623 0.8145697 0.8543046 0.8145697 0.8609271 0.81403 0.8609271 0.8139868 0.8537235 0.8145697 0.8543046 0.81403 0.8609271 0.8145697 0.8874171 0.8145697 0.8940396 0.7814573 0.9006623 0.8139868 0.8537235 0.81403 0.8609271 0.7814573 0.9006623 0.7814573 0.9006623 0.81403 0.8609271 0.8140668 0.8675496 0.7880798 0.9139073 0.7814573 0.9072846 0.7814573 0.9006623 0.7947021 0.9205297 0.7880798 0.9139073 0.8150536 0.9006623 0.7880798 0.9139073 0.7814573 0.9006623 0.8145697 0.8940396 0.8150536 0.9006623 0.7880798 0.9139073 0.8145697 0.8940396 0.8204852 0.8940396 0.817802 0.8934968 0.8204639 0.8874171 0.8145697 0.8940396 0.8204852 0.8940396 0.8150536 0.9006623 0.8013249 0.9271522 0.7947021 0.9205297 0.8150536 0.9006623 0.8079471 0.9396287 0.8045012 0.9366963 0.8125732 0.9341321 0.8204639 0.8874171 0.8177031 0.8854976 0.8204645 0.8807945 0.8204624 0.8773712 0.8177078 0.8774995 0.8204646 0.8741721 0.8177078 0.8774995 0.8173756 0.8775151 0.8145697 0.8741721 0.8204639 0.8874171 0.8204645 0.8807945 0.8204624 0.8773712 0.8177078 0.8774995 0.8145697 0.8741721 0.8204646 0.8741721 0.8204624 0.8773712 0.8204646 0.8741721 0.8205816 0.8694038 0.8205816 0.8694038 0.8208822 0.9006623 0.8204624 0.8773712 0.8208822 0.9006623 0.820521 0.9006623 0.8204852 0.8940396 0.8204624 0.8773712 0.8208822 0.9006623 0.8204639 0.8874171 0.8150536 0.9006623 0.8145697 0.933041 0.8013249 0.9271522 0.8145697 0.933041 0.8125732 0.9341321 0.8013249 0.9271522 0.8204639 0.8874171 0.8208822 0.9006623 0.8204852 0.8940396 0.7019868 0.9536424 0.7218545 0.9470198 0.7218545 0.9536424 0.7019868 0.9536424 0.7218545 0.9536424 0.728477 0.9668875 0.6346821 0.7039947 0.6350315 0.7019864 0.6357616 0.6988171 0.6158943 0.7483441 0.6158943 0.7360739 0.6225168 0.7284765 0.6092718 0.7549666 0.6092718 0.7483441 0.6158943 0.7483441 0.5960264 0.7615891 0.5960264 0.7549666 0.6092718 0.7549666 0.5894042 0.7682117 0.5894042 0.7615891 0.5960264 0.7615891 0.5802217 0.7704375 0.5827816 0.7682117 0.5894042 0.7682117 0.5894042 0.7880793 0.5864033 0.7855126 0.5885478 0.7814567 0.5885478 0.7814567 0.5802217 0.7704375 0.5894042 0.7682117 0.5894042 0.7682117 0.5960264 0.7615891 0.5894042 0.7880793 0.5960264 0.7615891 0.6092718 0.7549666 0.5894042 0.7880793 0.6034098 0.8145695 0.5960264 0.8013243 0.5953358 0.7990621 0.6026493 0.8134868 0.5982714 0.8066128 0.5960264 0.8013243 0.5885478 0.7814567 0.5894042 0.7682117 0.5894042 0.7880793 0.5982714 0.8066128 0.6026493 0.8134868 0.5966216 0.807947 0.5894042 0.7947019 0.5871648 0.7940891 0.5894042 0.7880793 0.5926391 0.8004197 0.5894041 0.8005275 0.5953358 0.7990621 0.5953358 0.7990621 0.5894042 0.7947019 0.5894042 0.7880793 0.8204852 0.8940396 0.820521 0.9006623 0.8150536 0.9006623 0.8125732 0.9341321 0.8145697 0.9337747 0.8145697 0.9394927 0.8145697 0.9337747 0.8206253 0.9337746 0.8145697 0.9394927 0.8125732 0.9341321 0.8145697 0.9394927 0.8079471 0.9396287 0.8211922 0.9337747 0.8209163 0.9205297 0.9139074 0.9205297 0.8209163 0.9205297 0.8344371 0.8609271 0.8543047 0.8741721 0.8609274 0.8940396 0.8209163 0.9205297 0.8543047 0.8741721 0.8013248 0.9470198 0.8079471 0.9396287 0.8145697 0.9394927 0.8013248 0.9470198 0.8145697 0.9394927 0.9139074 0.9735099 0.8145697 0.9394927 0.8211922 0.9337747 0.9139074 0.9735099 0.8344371 0.7682117 0.8278149 0.7748342 0.8278149 0.7483441 0.8344371 0.7483441 0.8410596 0.7483441 0.8344371 0.7682117 0.8410596 0.7483441 0.8410597 0.7748342 0.8344371 0.7682117 0.8344371 0.7682117 0.8278149 0.7483441 0.8344371 0.7483441 0.8410597 0.7748342 0.8476823 0.7682117 0.8543047 0.8741721 0.8543047 0.8741721 0.8609274 0.8675495 0.8609274 0.8807946 0.8609274 0.8940396 0.8741723 0.8807946 0.8741723 0.8940396 0.8543047 0.8741721 0.8609274 0.8807946 0.8609274 0.8940396 0.8344371 0.7682117 0.8410597 0.7748342 0.8344371 0.8609271 0.8410597 0.7748342 0.8543047 0.8741721 0.8344371 0.8609271 0.8209163 0.9205297 0.8609274 0.8940396 0.9139074 0.9205297 0.8741723 0.8940396 0.9072847 0.8145695 0.9139074 0.8145695 0.8609274 0.8940396 0.8741723 0.8940396 0.9139074 0.9205297 0.9139074 0.7814568 0.9072848 0.7814568 0.9205299 0.7483441 0.9072848 0.7814568 0.9205299 0.7417215 0.9205299 0.7483441 0.9205299 0.7483441 0.9271525 0.7417215 0.9271525 0.7483441 0.9139074 0.8145695 0.9139074 0.7814568 0.9536425 0.7947018 0.9139074 0.7814568 0.9205299 0.7483441 0.9403974 0.7549666 0.9403974 0.7549666 0.9205299 0.7483441 0.9271525 0.7483441 0.9271525 0.7483441 0.933775 0.7417215 0.933775 0.7483441 0.9139074 0.7814568 0.9403974 0.7549666 0.9602649 0.7682117 0.9271525 0.7483441 0.933775 0.7483441 0.9403974 0.7549666 0.933775 0.7483441 0.9403974 0.7483441 0.9403974 0.7549666 0.9403974 0.7549666 0.9536424 0.7284765 0.9668874 0.735099 0.9536424 0.7284765 0.9668874 0.7284765 0.9668874 0.735099 0.9668874 0.735099 0.9735102 0.735099 0.9602649 0.7615891 0.9536425 0.7947018 0.9139074 0.7814568 0.9602649 0.7682117 0.9403974 0.7549666 0.9668874 0.735099 0.9602649 0.7615891 0.9602649 0.7615891 0.9735102 0.7615891 0.9668874 0.7682117 0.9403974 0.7549666 0.9602649 0.7615891 0.9602649 0.7682117 0.8741723 0.8940396 0.9139074 0.8145695 0.9205297 0.9205297 0.9602649 0.7615891 0.9668874 0.7682117 0.9602649 0.7682117 0.9602649 0.7682117 0.9602648 0.7947018 0.9536425 0.7947018 0.9536425 0.7947018 0.9205297 0.9205297 0.9139074 0.8145695 0.9205297 0.9205297 0.9139074 0.9205297 0.8741723 0.8940396 0.9139074 0.9735099 0.9205297 0.9668875 0.9205297 0.9867549 0.9205297 0.9867549 0.9271524 0.9801326 0.9271525 0.9933775 0.9271525 0.9933775 0.9337748 0.9867549 0.9337748 0.9933775 0.9337748 0.9933775 0.9403974 0.9867549 0.9403974 1 0.9403974 1 0.5695367 1 0.728477 0.9668875 0.5695367 1 0.5629141 0.9933775 0.5562917 0.9867549 0.728477 0.9668875 0.5695367 1 0.7019868 0.9536424 0.9271525 0.9933775 0.9337748 0.9933775 0.9403974 1 0.9271525 0.9933775 0.9403974 1 0.728477 0.9668875 0.7019868 0.9536424 0.5695367 1 0.6754968 0.9403973 0.5033113 0.9470198 0.4900664 0.9403972 0.4834439 0.9337747 0.9205297 0.9867549 0.9271525 0.9933775 0.8013248 0.9470198 0.5033113 0.9470198 0.4834439 0.9337747 0.4635764 0.8940396 0.4635764 0.8940396 0.4503314 0.8807945 0.4437088 0.8675495 0.4635764 0.8940396 0.4437088 0.8675495 0.584388 0.7947018 0.4437088 0.8675495 0.4370862 0.8476821 0.584388 0.7947018 0.8211922 0.9337747 0.9139074 0.9205297 0.9139074 0.9735099 0.5033113 0.9470198 0.4635764 0.8940396 0.6130764 0.844811 0.4172186 0.8079469 0.370861 0.7615891 0.3841062 0.7549666 0.4635764 0.8940396 0.584388 0.7947018 0.5963042 0.807947 0.4370862 0.8476821 0.4172186 0.8079469 0.4701988 0.735099 0.584388 0.7947018 0.4370862 0.8476821 0.4701988 0.735099 0.8013248 0.9470198 0.9139074 0.9735099 0.9205297 0.9867549 0.728477 0.9668875 0.8013248 0.9470198 0.9271525 0.9933775 0.3841062 0.7549666 0.3774836 0.7483441 0.3841062 0.7483441 0.3841062 0.7483441 0.3774835 0.7417215 0.3907285 0.7417215 0.3907285 0.7417215 0.3841062 0.735099 0.4503315 0.7417215 0.4503315 0.7417215 0.4503314 0.735099 0.4701988 0.735099 0.4701988 0.735099 0.4701988 0.7284766 0.4834439 0.7284765 0.4834439 0.7284765 0.4834439 0.721854 0.5761592 0.7483441 0.4834439 0.721854 0.6092718 0.7086089 0.5960264 0.7284765 0.5761592 0.7483441 0.4834439 0.721854 0.5827814 0.7417215 0.6092718 0.7086089 0.6092718 0.7284765 0.6026493 0.721854 0.6026493 0.721854 0.6026493 0.735099 0.5960264 0.7284765 0.5960264 0.7284765 0.5960264 0.7483441 0.5827814 0.7417215 0.5827814 0.7417215 0.5827814 0.7549666 0.5761592 0.7483441 0.5761593 0.7615891 0.5778974 0.7682117 0.5773189 0.7705858 0.5960264 0.7284765 0.5827814 0.7417215 0.4834439 0.721854 0.5761593 0.7615891 0.5773189 0.7705858 0.4834439 0.7284765 0.5773189 0.7705858 0.584388 0.7947018 0.4701988 0.735099 0.6026493 0.721854 0.5960264 0.7284765 0.6092718 0.7086089 0.4701988 0.735099 0.4834439 0.7284765 0.5773189 0.7705858 0.3841062 0.7483441 0.3907285 0.7417215 0.3841062 0.7549666 0.3907285 0.7417215 0.4503315 0.7417215 0.3841062 0.7549666 0.4503315 0.7417215 0.4701988 0.735099 0.4172186 0.8079469 0.4834439 0.7284765 0.5761592 0.7483441 0.5761593 0.7615891 0.4172186 0.8079469 0.3841062 0.7549666 0.4503315 0.7417215 0.4635764 0.8940396 0.5963042 0.807947 0.5975434 0.8161574 0.5695367 1 0.5562917 0.9867549 0.6556292 0.9002588 0.5963042 0.807947 0.5966216 0.807947 0.5975434 0.8161574 0.5982714 0.8066128 0.598064 0.8067236 0.5960264 0.8013243 0.598064 0.8067236 0.5902 0.8013243 0.5960264 0.8013243 0.5960264 0.8013243 0.5923799 0.8005493 0.5926391 0.8004197 0.5953358 0.7990621 0.5894042 0.7880793 0.6092718 0.7549666 0.3973511 0.5681673 0.4024775 0.5689285 0.3946461 0.5682094 0.3946461 0.5682094 0.3950713 0.565531 0.3946991 0.5678795 0.3946991 0.5678795 0.3951162 0.5652454 0.3973511 0.5681673 0.5827814 0.6158939 0.5855327 0.6209191 0.5827814 0.6217386 0.5855327 0.6209191 0.5849013 0.6225163 0.5827814 0.6217386 0.5849013 0.6225163 0.5868074 0.6177513 0.5937628 0.6225163 0.5937628 0.6225163 0.5960264 0.6225163 0.5960264 0.6285674 0.5960264 0.6285674 0.5960264 0.6291388 0.5911567 0.6279913 0.4834437 0.6026487 0.4768212 0.6013169 0.4834437 0.6020557 0.4768212 0.6013169 0.4754959 0.6002424 0.4768212 0.6009865 0.4768212 0.6013169 0.4768212 0.6009865 0.4834437 0.6020557 0.5960264 0.6285674 0.5911567 0.6279913 0.5937628 0.6225163 0.5911567 0.6279913 0.4834437 0.6026487 0.5149198 0.6086089 0.5222617 0.6136655 0.5911567 0.6279913 0.5149198 0.6086089 0.5849013 0.6225163 0.5937628 0.6225163 0.5911567 0.6279913 0.5787889 0.6158939 0.5827814 0.6158939 0.5779696 0.618564 0.5827814 0.6217386 0.5779696 0.618564 0.5827814 0.6158939 0.5695363 0.6206662 0.576159 0.6217085 0.5770078 0.6216775 0.5636531 0.6158939 0.5695363 0.6206662 0.5911567 0.6279913 0.5695363 0.6206662 0.5770078 0.6216775 0.5911567 0.6279913 0.5827814 0.6217386 0.5849013 0.6225163 0.5911567 0.6279913 0.5562916 0.6151525 0.5636531 0.6158939 0.5543351 0.6151053 0.5543351 0.6151053 0.5636531 0.6158939 0.5911567 0.6279913 0.5770078 0.6216775 0.5827814 0.6217386 0.5911567 0.6279913 0.4762721 0.5979857 0.4761935 0.5982171 0.4709802 0.5960264 0.4709802 0.5960264 0.475385 0.6005569 0.4610459 0.593181 0.475385 0.6005569 0.4573597 0.5894038 0.4610459 0.593181 0.4541122 0.588904 0.4024775 0.5689285 0.43968 0.5819552 0.4024775 0.5689285 0.4039735 0.5687376 0.4105961 0.5687573 0.4573597 0.5894038 0.4541122 0.588904 0.4569537 0.588625 0.4610459 0.593181 0.4573597 0.5894038 0.4620784 0.5909169 0.4024775 0.5689285 0.4105961 0.5687573 0.4113903 0.5695363 0.4113903 0.5695363 0.4112409 0.5664793 0.411323 0.5661919 0.4024775 0.5689285 0.4113903 0.5695363 0.4238411 0.5753748 0.546307 0.6151006 0.5496693 0.6151212 0.5543351 0.6151053 0.4113903 0.5695363 0.411323 0.5661919 0.4121531 0.5633675 0.4121531 0.5633675 0.4172185 0.5695363 0.4113903 0.5695363 0.4172185 0.5695363 0.4172185 0.5742347 0.4113903 0.5695363 0.4238411 0.5753748 0.4179843 0.5717343 0.4238411 0.5695363 0.4179843 0.5717343 0.4187272 0.5695363 0.4238411 0.5695363 0.4113903 0.5695363 0.4172185 0.5742347 0.4238411 0.5753748 0.546307 0.6151006 0.5543351 0.6151053 0.5911567 0.6279913 0.5382794 0.6150799 0.5430464 0.6151205 0.546307 0.6151006 0.5302749 0.6120818 0.5364239 0.6150624 0.5298016 0.614573 0.5364239 0.6150624 0.5382794 0.6150799 0.5298016 0.614573 0.5382794 0.6150799 0.546307 0.6151006 0.5911567 0.6279913 0.4024775 0.5689285 0.4238411 0.5753748 0.4304636 0.5754415 0.4238411 0.5753748 0.4238411 0.5695363 0.4263574 0.572389 0.4304636 0.5754415 0.4336189 0.5756875 0.4334224 0.5761588 0.4263574 0.572389 0.4262343 0.5727066 0.4238411 0.5753748 0.4262343 0.5727066 0.4304636 0.5754415 0.4238411 0.5753748 0.5298016 0.614573 0.5382794 0.6150799 0.5222617 0.6136655 0.5222617 0.6136655 0.5382794 0.6150799 0.5911567 0.6279913 0.5222617 0.6136655 0.5225866 0.6114419 0.5231791 0.6141188 0.5231791 0.6141188 0.5298016 0.614573 0.5222617 0.6136655 0.4334224 0.5761588 0.4337296 0.5754216 0.4370862 0.5761588 0.4024775 0.5689285 0.4304636 0.5754415 0.43968 0.5819552 0.4334224 0.5761588 0.4370862 0.5761588 0.4409815 0.5789597 0.4370862 0.5761588 0.4422105 0.5761588 0.4409815 0.5789597 0.5149198 0.6086089 0.5153934 0.6063 0.5165564 0.6086276 0.5149198 0.6086089 0.5165564 0.6086276 0.5222617 0.6136655 0.5074006 0.6058511 0.509934 0.6084023 0.5067485 0.6085069 0.509934 0.6084023 0.5149198 0.6086089 0.5067485 0.6085069 0.5067485 0.6085069 0.5149198 0.6086089 0.4834437 0.6026487 0.4966889 0.6078907 0.4991428 0.605622 0.4985355 0.6080659 0.4985355 0.6080659 0.5067485 0.6085069 0.4834437 0.6026487 0.4966889 0.6078907 0.4985355 0.6080659 0.4907959 0.6026487 0.4985355 0.6080659 0.4834437 0.6026487 0.4907959 0.6026487 0.4907959 0.6026487 0.4917867 0.6026487 0.4966889 0.6078907 0.4907959 0.6026487 0.4834437 0.6026487 0.4834437 0.6020557 0.4834437 0.6020557 0.4768212 0.6009865 0.4834437 0.5960263 0.4768212 0.6009865 0.4762721 0.5979857 0.4773872 0.5949902 0.4834437 0.6020557 0.4834437 0.5960263 0.4845789 0.5989627 0.4834437 0.5960263 0.4768212 0.6009865 0.4773872 0.5949902 0.4409815 0.5789597 0.440842 0.5792812 0.4334224 0.5761588 0.440842 0.5792812 0.43968 0.5819552 0.4334224 0.5761588 0.4900662 0.5967116 0.4845789 0.5989627 0.4856545 0.5960263 0.4856545 0.5960263 0.4966888 0.6026487 0.4900662 0.5967116 0.4713015 0.5894038 0.4773872 0.5949902 0.4762721 0.5979857 0.4713015 0.5894038 0.4762721 0.5979857 0.4709802 0.5960264 0.4834437 0.5960263 0.4856545 0.5960263 0.4845789 0.5989627 0.4635764 0.5894038 0.4713015 0.5894038 0.4709802 0.5960264 0.4621913 0.5906711 0.4620784 0.5909169 0.4573597 0.5894038 0.4610459 0.593181 0.4635764 0.5894038 0.4709802 0.5960264 0.4304636 0.5754415 0.4334224 0.5761588 0.43968 0.5819552 0.4627743 0.5894038 0.4621913 0.5906711 0.4573597 0.5894038 0.4569537 0.588625 0.4569537 0.5827813 0.4627743 0.5894038 0.4542781 0.5885268 0.455601 0.585524 0.4569537 0.588625 0.4477479 0.5827813 0.4503313 0.5827813 0.4503313 0.5883763 0.4437088 0.5820228 0.4477479 0.5827813 0.4503313 0.5883763 0.4541122 0.588904 0.43968 0.5819552 0.4503313 0.5883763 0.43968 0.5819552 0.4437088 0.5820228 0.4503313 0.5883763 0.4569537 0.588625 0.4541122 0.588904 0.4542781 0.5885268 0.4569537 0.588625 0.4627743 0.5894038 0.4573597 0.5894038 0.7407047 0.8874171 0.7366426 0.8890797 0.736415 0.8889509 0.5636531 0.6158939 0.5562916 0.6151525 0.562914 0.6128451 0.562914 0.6128451 0.562914 0.6101658 0.5636531 0.6158939 0.3311257 0.548942 0.3311257 0.5496688 0.3250827 0.5496688 0.5302869 0.6117773 0.5304033 0.6092714 0.536424 0.6092714 0.2174382 0.3245033 0.217103 0.3245033 0.2179135 0.3178808 0.4844611 0.5992912 0.4845789 0.5989627 0.4900662 0.5967116 0.4900662 0.5967116 0.4922863 0.6010197 0.4907959 0.6026487 0.4907959 0.6026487 0.4834437 0.6020557 0.4844611 0.5992912 0.1341453 0.3774834 0.1341997 0.3887022 0.1324503 0.3841059 0.1324503 0.3841059 0.1258277 0.3708608 0.1324503 0.3774834 0.9668873 0.9867549 0.9668874 0.9933775 0.9602647 0.9867549 0.6635935 0.5729026 0.6636695 0.5726136 0.668874 0.5701578 0.7600001 0.8587543 0.7615896 0.859098 0.7615896 0.8609271 0.2516556 0.1317163 0.256157 0.1284139 0.251309 0.1324503 0.1425551 0.3008664 0.139844 0.2980132 0.1456953 0.3011623 0.1854304 0.437086 0.187862 0.4329562 0.1881538 0.4328976 0.7615896 0.8675495 0.7621033 0.8675495 0.7615896 0.8680464 0.3245034 0.0927152 0.3311258 0.0927152 0.3311258 0.09933775 0.3046359 0.5416127 0.3032898 0.5389816 0.3046359 0.5364238 0.3178808 0.5364238 0.3245034 0.5364238 0.318645 0.5434982 0.3245034 0.5364238 0.3311257 0.5364238 0.3311257 0.5430463 0.3046359 0.5416127 0.3046359 0.5364238 0.3178808 0.5364238 0.3245034 0.5482659 0.318645 0.5434982 0.3245034 0.5364238 0.318645 0.5434982 0.3178808 0.5430463 0.3178808 0.5364238 0.3178808 0.5430463 0.3046359 0.5416127 0.3178808 0.5364238 0.3245034 0.5364238 0.3311257 0.5430463 0.3245034 0.5482659 0.3311257 0.5430463 0.3311257 0.548942 0.3254107 0.5485936 0.1854304 0.4768211 0.1981887 0.4768211 0.192053 0.4834437 0.192053 0.4834437 0.2044113 0.4834437 0.1986755 0.4900662 0.2044113 0.4834437 0.2052979 0.4900662 0.1986755 0.4900662 0.1986755 0.4900662 0.1986755 0.4966887 0.192053 0.4834437 0.1986755 0.4966887 0.1655628 0.4966887 0.192053 0.4834437 0.1788079 0.4569536 0.1854304 0.4569536 0.1788079 0.4635761 0.1854304 0.4569536 0.1854304 0.4768211 0.1788079 0.4635761 0.1854304 0.4768211 0.192053 0.4834437 0.1655628 0.4966887 0.1655628 0.4966887 0.1595891 0.4834437 0.1854304 0.4768211 0.1595891 0.4834437 0.1589403 0.4900662 0.1543818 0.4749405 0.1543818 0.4749405 0.1541157 0.4750306 0.1523179 0.4701986 0.1595891 0.4834437 0.1543818 0.4749405 0.1523179 0.4701986 0.1523179 0.4635761 0.1523179 0.4588513 0.1788079 0.4635761 0.1495819 0.4680557 0.1494989 0.4596994 0.1523179 0.4635761 0.1527324 0.4834437 0.1472403 0.4688152 0.152318 0.4759314 0.1472403 0.4688152 0.1498706 0.4679619 0.1523179 0.4701986 0.152318 0.4759314 0.1472403 0.4688152 0.1523179 0.4701986 0.1498706 0.4679619 0.1495819 0.4680557 0.1523179 0.4635761 0.1523179 0.4635761 0.1788079 0.4635761 0.1523179 0.4701986 0.1788079 0.4635761 0.1854304 0.4768211 0.1595891 0.4834437 0.1523179 0.4701986 0.1788079 0.4635761 0.1595891 0.4834437 0.1498706 0.4679619 0.1523179 0.4635761 0.1523179 0.4701986 0.1538096 0.4900662 0.1548045 0.491927 0.1531594 0.4838699 0.1548045 0.491927 0.1527324 0.4834437 0.1531594 0.4838699 0.6931686 0.9455819 0.6944373 0.9426954 0.6953645 0.9462281 0.8013249 0.9329702 0.8045012 0.9366963 0.8013248 0.9337747 0.8045012 0.9366963 0.8041445 0.9398409 0.8013248 0.9394739 0.8041445 0.9398409 0.8013248 0.9403973 0.8013248 0.9398629 0.8013248 0.9394739 0.8013248 0.9337747 0.8045012 0.9366963 0.3973511 0.5172786 0.3973511 0.5231788 0.3931313 0.5200658 0.1655628 0.5091618 0.164161 0.505373 0.164375 0.5052087 0.5761591 0.5500283 0.5623225 0.5500071 0.5695363 0.5364238 0.5623225 0.5500071 0.5562915 0.5499814 0.5695363 0.5364238 0.5562915 0.5499814 0.5496692 0.5502569 0.5695363 0.5364238 0.5496692 0.5502569 0.536424 0.5439479 0.5298014 0.5434056 0.536424 0.5439479 0.523179 0.5437878 0.5298014 0.5434056 0.5298014 0.5434056 0.4834437 0.536781 0.4900662 0.5298013 0.4834437 0.536781 0.4834437 0.5364237 0.4900662 0.5298013 0.4834437 0.5364237 0.4834438 0.5298013 0.4900662 0.5298013 0.5695363 0.5364238 0.5695363 0.5298013 0.5960264 0.5298013 0.4900662 0.5298013 0.5695363 0.5364238 0.5298014 0.5434056 0.5496692 0.5502569 0.5298014 0.5434056 0.5695363 0.5364238 0.5695363 0.5364238 0.5960264 0.5298013 0.5960264 0.5364238 0.5960264 0.5364238 0.6092718 0.5364238 0.602649 0.5430463 0.602649 0.5430463 0.668874 0.5430463 0.6622515 0.5496688 0.602649 0.5430463 0.6622515 0.5496688 0.5960264 0.5496688 0.5695363 0.5364238 0.5960264 0.5364238 0.578775 0.5502516 0.5960264 0.5364238 0.602649 0.5430463 0.5960264 0.5496688 0.5956684 0.5562914 0.578775 0.5502516 0.5960264 0.5496688 0.578775 0.5502516 0.5761591 0.5500283 0.5695363 0.5364238 0.5960264 0.5496688 0.578775 0.5502516 0.5960264 0.5364238 0.5960264 0.5562914 0.6092718 0.5562914 0.6021431 0.55661 0.6092718 0.5562914 0.610222 0.5566406 0.602649 0.5569796 0.6021431 0.55661 0.6092718 0.5562914 0.602649 0.5569796 0.5960264 0.5496688 0.5960264 0.5562914 0.5956684 0.5562914 0.6021431 0.55661 0.5960264 0.5565894 0.5960264 0.5562914 0.5960264 0.5565894 0.5956684 0.5562914 0.5960264 0.5562914 0.615894 0.5570416 0.602649 0.5569796 0.610222 0.5566406 0.6261176 0.5577171 0.6225167 0.5573347 0.610222 0.5566406 0.6225167 0.5573347 0.615894 0.5570416 0.610222 0.5566406 0.6423841 0.5636605 0.6406014 0.5662697 0.6357614 0.563553 0.6423841 0.5636605 0.6357614 0.563553 0.6490066 0.5633935 0.6357614 0.563553 0.6261176 0.5577171 0.6490066 0.5633935 0.2649006 0.03311246 0.2582781 0.03973495 0.2516556 0.03311246 0.2582781 0.03973495 0.2579373 0.03973495 0.2574456 0.03890913 0.2516556 0.03311246 0.2582781 0.03973495 0.2516556 0.03426671 0.2574456 0.03890913 0.2516556 0.03426671 0.2582781 0.03973495 0.2516556 0.03426671 0.2502838 0.0340625 0.2516556 0.03311246 0.2502838 0.0340625 0.245033 0.03346323 0.2516556 0.03311246 0.245033 0.03346323 0.2418017 0.03357023 0.245033 0.02649003 0.245033 0.02649003 0.2516556 0.02649003 0.2516556 0.03311246 0.562914 0.6098582 0.562914 0.6101658 0.5562916 0.6092713 0.2251656 0.50234 0.2185431 0.4966887 0.2245454 0.4966887 0.3254107 0.5485936 0.3250827 0.5496688 0.3245033 0.551514 0.2715231 0.1788079 0.2649007 0.1788079 0.2715231 0.1721854 0.2715231 0.1721854 0.2781457 0.1655629 0.2781457 0.1721854 0.2781457 0.1721854 0.2781457 0.1788079 0.2715231 0.1788079 0.3377484 0.5231788 0.3245034 0.5231788 0.3311258 0.5151295 0.3245034 0.5231788 0.3057444 0.5104959 0.3112583 0.5099338 0.3112583 0.5099338 0.3061848 0.5071865 0.3062285 0.5068581 0.3245034 0.5231788 0.3112583 0.5099338 0.3245034 0.5099338 0.329365 0.5143702 0.3245034 0.5231788 0.3245034 0.5099338 0.3443709 0.5298013 0.3377484 0.5298013 0.3377484 0.5231788 0.3907285 0.5231788 0.384106 0.5298013 0.3847823 0.5223513 0.384106 0.5298013 0.3443709 0.5298013 0.3642386 0.5172639 0.3847823 0.5223513 0.384106 0.5298013 0.3642386 0.5172639 0.3907285 0.5224134 0.392847 0.5226251 0.3847823 0.5223513 0.3245034 0.5231788 0.329365 0.5143702 0.3311258 0.5151295 0.3112583 0.5099338 0.3062285 0.5068581 0.3065905 0.5041458 0.3443709 0.5298013 0.3377484 0.5231788 0.3443709 0.5162414 0.3642386 0.5172639 0.3443709 0.5298013 0.3509933 0.5165563 0.3907285 0.517224 0.3907285 0.5224134 0.3852707 0.5172058 0.3907285 0.5224134 0.3847823 0.5223513 0.3852707 0.5172058 0.401496 0.5173075 0.3973511 0.5172786 0.4015374 0.5169239 0.3973511 0.5172786 0.3934447 0.517252 0.4015374 0.5169239 0.3934447 0.517252 0.3907285 0.517224 0.3852707 0.5172058 0.3847823 0.5223513 0.3642386 0.5172639 0.384106 0.5171921 0.3112583 0.5099338 0.3065905 0.5041458 0.3245034 0.5099338 0.3065905 0.5041458 0.3046359 0.5036712 0.3245034 0.5099338 0.4015374 0.5169239 0.4039735 0.5173087 0.401496 0.5173075 0.384106 0.5171921 0.3852707 0.5172058 0.3847823 0.5223513 0.3852707 0.5172058 0.4015374 0.5169239 0.3934447 0.517252 0.3642386 0.5172639 0.3642386 0.5165563 0.384106 0.5171921 0.3443709 0.5162414 0.3455257 0.5136212 0.3509933 0.5165563 0.3443709 0.5162414 0.3509933 0.5165563 0.3443709 0.5298013 0.3311257 0.5105251 0.3443709 0.5106527 0.3443709 0.5162414 0.3311258 0.5151295 0.3311257 0.5105251 0.3443709 0.5162414 0.6556292 0.5695363 0.6556292 0.5642903 0.6566818 0.5675314 0.3708609 0.5496688 0.3642385 0.5557289 0.357616 0.5496688 0.3642385 0.5557289 0.3562664 0.555617 0.357616 0.5496688 0.3509933 0.5553236 0.3488376 0.55285 0.3443709 0.5430463 0.3488376 0.55285 0.3443709 0.5505216 0.3443709 0.5430463 0.3562664 0.555617 0.3509933 0.5553236 0.357616 0.5496688 0.357616 0.5430463 0.3642385 0.5430463 0.357616 0.5496688 0.3443709 0.5505216 0.3393266 0.5496688 0.3443709 0.5430463 0.3377484 0.5492091 0.3334973 0.5491387 0.3311257 0.5430463 0.3334973 0.5491387 0.3311257 0.548942 0.3311257 0.5430463 0.3393266 0.5496688 0.3377484 0.5492091 0.3443709 0.5430463 0.357616 0.5430463 0.357616 0.5496688 0.3509933 0.5553236 0.3311257 0.5430463 0.3443709 0.5430463 0.3377484 0.5492091 0.7615897 0.9139073 0.7590524 0.9205297 0.7483447 0.9139073 0.7590524 0.9205297 0.7483447 0.9142681 0.7483447 0.9139073 0.7483447 0.9142681 0.7478686 0.9139073 0.7483447 0.9139073 0.7417219 0.9536424 0.7350994 0.9602649 0.7350994 0.9536424 0.7350994 0.9602649 0.7218545 0.9536424 0.728477 0.9536424 0.7350994 0.9602649 0.728477 0.9536424 0.7350994 0.9536424 0.7483447 0.9403973 0.7417219 0.9470198 0.7417219 0.9403973 0.7417219 0.9470198 0.7350994 0.9536424 0.7350993 0.9403973 0.7417219 0.9403973 0.7417219 0.9470198 0.7350993 0.9403973 0.7218545 0.9470198 0.715232 0.9403973 0.728477 0.9403973 0.7350994 0.9536424 0.728477 0.9536424 0.728477 0.9403973 0.728477 0.9536424 0.7218545 0.9470198 0.728477 0.9403973 0.7350993 0.9403973 0.7350993 0.9337747 0.7417219 0.9403973 0.7409543 0.8822341 0.7414016 0.8807946 0.7413067 0.8824555 0.7413067 0.8824555 0.7407047 0.8874171 0.7409543 0.8822341 0.2574456 0.03890913 0.2574654 0.03973495 0.2516556 0.03460735 0.4985355 0.6080659 0.4992191 0.6053226 0.5033112 0.6026487 0.5033112 0.6026487 0.5074797 0.6055324 0.4985355 0.6080659 0.2490419 0.523555 0.2516556 0.5239105 0.2485046 0.5261538 0.2485046 0.5261538 0.245033 0.5231788 0.2483288 0.5231788 0.8194097 0.834437 0.8172305 0.8374201 0.8169511 0.8374451 0.2649007 0.1258278 0.2715231 0.1258278 0.2715231 0.1324503 0.7420493 0.9139073 0.7417219 0.9135514 0.7417219 0.9131774 0.7417219 0.9135514 0.7372625 0.9072846 0.7417219 0.9076496 0.7417219 0.9131774 0.7417219 0.9135514 0.7417219 0.9076496 0.7372625 0.9072846 0.7417219 0.9072846 0.7417219 0.9076496 0.2119204 0.5228855 0.2237583 0.5284164 0.2119204 0.5231788 0.2237583 0.5284164 0.2251656 0.5285096 0.2251656 0.5298013 0.2251656 0.5285096 0.231788 0.5290136 0.2251656 0.5298013 0.2251656 0.5298013 0.2119204 0.5298013 0.2237583 0.5284164 0.2119204 0.5298013 0.2119204 0.5231788 0.2237583 0.5284164 0.2119204 0.5231788 0.205298 0.5231788 0.2082728 0.5228728 0.205298 0.5231788 0.2000565 0.5228508 0.2082728 0.5228728 0.9403974 0.9205297 0.9403975 0.9801326 0.9205297 0.9668875 0.9403975 0.9801326 0.9337748 0.9867549 0.9271524 0.9801326 0.9205297 0.9668875 0.9403975 0.9801326 0.9271524 0.9801326 0.9337748 0.9867549 0.9271525 0.9933775 0.9271524 0.9801326 0.9271524 0.9801326 0.9205297 0.9867549 0.9205297 0.9668875 0.9205297 0.9668875 0.9139074 0.9735099 0.9139074 0.9205297 0.9205297 0.9205297 0.9536425 0.7947018 0.9536424 0.9139072 0.9536425 0.7947018 0.9602648 0.7947018 0.9536424 0.9139072 0.9205297 0.9668875 0.9139074 0.9205297 0.9205297 0.9205297 0.9536424 0.9139072 0.9536424 0.9205297 0.9403974 0.9205297 0.9205297 0.9668875 0.9205297 0.9205297 0.9403974 0.9205297 0.9403974 0.9205297 0.9205297 0.9205297 0.9536424 0.9139072 0.9602648 0.7947018 0.9602649 0.7682117 0.9668874 0.7682117 0.9668874 0.7682117 0.9735102 0.7615891 0.9867551 0.7682117 0.9735102 0.7615891 0.9867551 0.7483441 1 0.7549666 0.9867551 0.7682117 0.9735102 0.7615891 1 0.7549666 0.9867551 0.7417215 0.9801324 0.7417215 0.9801324 0.735099 0.9602648 0.7947018 0.9668874 0.7682117 0.9867551 0.7682117 0.9867551 0.7417215 0.9801324 0.735099 0.9933775 0.735099 0.9867551 0.7483441 0.9867551 0.7417215 1 0.7417215 0.9867551 0.7417215 0.9933775 0.735099 1 0.7417215 0.9933775 0.735099 1 0.735099 1 0.7417215 1 0.7417215 1 0.7549666 0.9867551 0.7483441 1 0.7549666 0.9933775 0.7682117 0.9867551 0.7682117 0.4437087 0.5099338 0.4370861 0.5099338 0.4437087 0.5033112 0.2913907 0.09933775 0.2913907 0.1059603 0.2847682 0.1059603 0.2847682 0.09896731 0.2847682 0.09857487 0.2913907 0.09196799 0.2913907 0.09933775 0.2847682 0.1059603 0.2847682 0.09896731 0.2980132 0.0927152 0.2980132 0.09933775 0.2913907 0.09933775 0.3046358 0.08609271 0.3046358 0.0927152 0.3027296 0.08762478 0.3046358 0.0927152 0.2980132 0.0927152 0.3027296 0.08762478 0.2980132 0.0911327 0.3027296 0.08762478 0.2980132 0.0927152 0.2957129 0.09134662 0.2942633 0.08894872 0.2980132 0.0911327 0.2847682 0.09896731 0.2913907 0.09196799 0.2913907 0.09933775 0.2913907 0.09196799 0.2957129 0.09134662 0.2980132 0.0927152 0.2980132 0.0927152 0.2913907 0.09933775 0.2913907 0.09196799 0.7279844 0.9205297 0.7250775 0.9266886 0.7232939 0.9205297 0.7250775 0.9266886 0.7252348 0.9271523 0.7232939 0.9205297 0.5827814 0.5509285 0.5827814 0.5562914 0.5780847 0.5535874 0.1986755 0.3245033 0.1986755 0.3178808 0.205298 0.3245033 0.1986755 0.3178808 0.205298 0.3112582 0.205298 0.3178808 0.1986755 0.3178808 0.205298 0.3178808 0.205298 0.3245033 0.192053 0.3443708 0.192053 0.3245033 0.1957947 0.3383486 0.192053 0.3245033 0.1986755 0.3245033 0.2024009 0.3332095 0.1957947 0.3383486 0.192053 0.3245033 0.2024009 0.3332095 0.2024009 0.3332095 0.1976746 0.3409388 0.1957947 0.3383486 0.205298 0.3178808 0.2114089 0.3178808 0.205298 0.3245033 0.2114089 0.3178808 0.2119206 0.3178808 0.2119206 0.3245033 0.205298 0.3245033 0.20687 0.3290651 0.205298 0.3311257 0.20687 0.3290651 0.2071742 0.3293082 0.205298 0.3311257 0.2114089 0.3178808 0.2119206 0.3245033 0.205298 0.3245033 0.205298 0.3311257 0.2024009 0.3332095 0.1986755 0.3245033 0.589404 0.5514258 0.589404 0.5562914 0.5862312 0.5538804 0.5960264 0.7490229 0.5968068 0.7483441 0.6007776 0.7483441 0.7483446 0.8738247 0.7479981 0.8741721 0.7476089 0.8741721 0.7479981 0.8741721 0.7464961 0.8762519 0.7476089 0.8741721 0.754967 0.8602622 0.7600001 0.8587543 0.754967 0.8609271 0.754967 0.8609271 0.7615896 0.8609271 0.7615896 0.8675495 0.9470198 0.9735099 0.9403975 0.9801326 0.9403974 0.9205297 0.9536424 0.9205297 0.9536424 0.9139072 0.9602649 0.9139072 0.9470198 0.9735099 0.9403974 0.9205297 0.9536424 0.9205297 0.9602649 0.9139072 0.9470199 0.9801325 0.9470198 0.9735099 0.9735099 0.9801325 0.9735099 0.9867549 0.9668874 0.9801326 0.6622515 0.5695363 0.6644892 0.5695363 0.6643301 0.5701131 0.7344036 0.8966962 0.7343483 0.9006622 0.7340359 0.8965247 0.7108679 0.9460526 0.7086094 0.9462947 0.710656 0.9456251 0.710656 0.9456251 0.7145848 0.9403973 0.7108679 0.9460526 0.7145848 0.9403973 0.715232 0.9398344 0.715232 0.9403973 0.7108679 0.9460526 0.7145848 0.9403973 0.715232 0.9403973 0.715232 0.9398344 0.7218545 0.9391626 0.715232 0.9403973 0.7218545 0.9391626 0.7253341 0.9363707 0.715232 0.9403973 0.7253341 0.9363707 0.7272602 0.9337747 0.715232 0.9403973 0.715232 0.9403973 0.7218545 0.9470198 0.7108679 0.9460526 0.7218545 0.9470198 0.7019868 0.9536424 0.7108679 0.9460526 0.1398472 0.3086217 0.1390728 0.3046357 0.1394779 0.3046357 0.1425542 0.3088328 0.1398472 0.3086217 0.1398686 0.3046357 0.1390728 0.3046357 0.1394633 0.3005774 0.1394779 0.3046357 0.1394779 0.3046357 0.1398475 0.3006131 0.1398686 0.3046357 0.1398686 0.3046357 0.1456953 0.3046357 0.1425542 0.3088328 0.1456953 0.3046357 0.1456953 0.3112582 0.1425542 0.3088328 0.1456953 0.3112582 0.1398485 0.3112582 0.1425542 0.3088328 0.8145697 0.933041 0.8150536 0.9006623 0.8150939 0.901693 0.8150939 0.901693 0.815416 0.9072846 0.8155159 0.9096925 0.8155159 0.9096925 0.8156796 0.9139073 0.8153517 0.9139074 0.8156796 0.9139073 0.8158241 0.9176083 0.8153517 0.9139074 0.8153517 0.9139074 0.8158565 0.9205297 0.8156487 0.9251424 0.815416 0.9271523 0.8145697 0.933041 0.8156487 0.9251424 0.8145697 0.933041 0.8150939 0.901693 0.8153517 0.9139074 0.818208 0.9326716 0.8155757 0.9314951 0.815738 0.9271523 0.8155757 0.9314951 0.815416 0.9271523 0.815738 0.9271523 0.8156487 0.9251424 0.8159759 0.9251349 0.815416 0.9271523 0.8159759 0.9251349 0.815738 0.9271523 0.815416 0.9271523 0.8150939 0.901693 0.8155159 0.9096925 0.8153517 0.9139074 0.2179614 0.2980132 0.2156226 0.3007515 0.2153478 0.3007029 0.2185431 0.4911636 0.2185431 0.4966887 0.2171736 0.4966887 0.6199606 0.6524437 0.621962 0.651083 0.6225168 0.6548139 0.2343833 0.5033112 0.231788 0.5029034 0.231788 0.4973914 0.231788 0.4973914 0.2384105 0.4974377 0.2343833 0.5033112 0.2384105 0.4974377 0.2384105 0.5033112 0.2343833 0.5033112 0.2185431 0.5278061 0.2163328 0.5236924 0.2185431 0.5231788 0.2163328 0.5236924 0.2164068 0.5231788 0.2185431 0.5231788 0.2164068 0.5231788 0.2119204 0.5178485 0.2167587 0.5205456 0.4635764 0.5165563 0.4701987 0.5099338 0.4768212 0.5099338 0.4768212 0.5099338 0.4834438 0.5099337 0.4687869 0.5259021 0.4687869 0.5259021 0.4684504 0.5231788 0.4768212 0.5099338 0.754967 0.8940396 0.7476304 0.9006623 0.7479906 0.8949781 0.7476304 0.9006623 0.7472997 0.9006623 0.7479906 0.8949781 0.7644535 0.653151 0.7647721 0.6529927 0.7675032 0.6556288 0.3931313 0.5200658 0.3907285 0.5224134 0.3907285 0.517224 0.6887416 0.5562914 0.6754965 0.5562914 0.6821191 0.5496688 0.1589403 0.5033112 0.1548045 0.491927 0.1589403 0.4959183 0.1548045 0.491927 0.1571797 0.4910501 0.1589403 0.4959183 0.1595711 0.5033112 0.1618594 0.5071241 0.1589403 0.5033112 0.1622595 0.4975715 0.1599463 0.5033112 0.1595711 0.5033112 0.1595891 0.4834437 0.1655628 0.4966887 0.1589403 0.4900662 0.1655628 0.4966887 0.1596829 0.4966887 0.1589403 0.4900662 0.1596829 0.4966887 0.1625773 0.4974107 0.1622595 0.4975715 0.1622595 0.4975715 0.1595711 0.5033112 0.1596829 0.4966887 0.1595711 0.5033112 0.1589403 0.5033112 0.1596829 0.4966887 0.1589403 0.5033112 0.1589403 0.4959183 0.1596829 0.4966887 0.2516556 0.205298 0.2582781 0.205298 0.2516556 0.2119204 0.2582781 0.205298 0.2582781 0.2119204 0.2516556 0.2119204 0.2582781 0.2119204 0.2582781 0.2185429 0.2516556 0.2119204 0.2582781 0.2185429 0.2582781 0.2251655 0.2516556 0.231788 0.3377484 0.5554212 0.340689 0.5527938 0.3399416 0.5555577 0.3399416 0.5555577 0.3406099 0.5530871 0.3447507 0.5562914 0.3406099 0.5530871 0.3443709 0.5508432 0.3447507 0.5562914 0.3487261 0.5533845 0.3509933 0.5562914 0.3447507 0.5562914 0.3509933 0.5562914 0.3556643 0.55898 0.3551426 0.5619136 0.3443709 0.5508432 0.3487261 0.5533845 0.3447507 0.5562914 0.3316655 0.5555205 0.3325363 0.5524473 0.3377484 0.5554212 0.3509933 0.5562914 0.3551426 0.5619136 0.3447507 0.5562914 0.3316655 0.5555205 0.3377484 0.5554212 0.331556 0.55591 0.3377484 0.5554212 0.3399416 0.5555577 0.331556 0.55591 0.331556 0.55591 0.3311257 0.5555166 0.3316655 0.5555205 0.3774835 0.5624861 0.3447507 0.5562914 0.3551426 0.5619136 0.3447507 0.5562914 0.331556 0.55591 0.3399416 0.5555577 0.3708609 0.562151 0.3714199 0.5621629 0.3642385 0.5621308 0.3714199 0.5621629 0.3774835 0.5624861 0.3642385 0.5621308 0.3637191 0.5590623 0.3642385 0.5621308 0.3636723 0.559395 0.3551426 0.5619136 0.357616 0.5621358 0.3642385 0.5621308 0.357616 0.5621358 0.3636723 0.559395 0.3642385 0.5621308 0.3245034 0.5364238 0.3178808 0.5364238 0.3178808 0.5298013 0.3178808 0.5364238 0.3046359 0.5364238 0.3178808 0.5298013 0.5629138 0.5503998 0.5629139 0.5562914 0.561707 0.5533282 0.2814139 0.05298012 0.2715231 0.05298012 0.2781457 0.05263066 0.2715231 0.05298012 0.2649006 0.04635757 0.2715231 0.04635757 0.2781457 0.05263066 0.2715231 0.05298012 0.2719279 0.04721516 0.2715231 0.04635757 0.2719279 0.04721516 0.2715231 0.05298012 0.2781457 0.05263066 0.2781457 0.05227082 0.2814139 0.05298012 0.2781457 0.05227082 0.2794857 0.04982167 0.2814139 0.05298012 0.2794857 0.04982167 0.2847682 0.04709094 0.2847682 0.05298012 0.2794857 0.04982167 0.2847682 0.05298012 0.2814139 0.05298012 0.2847682 0.05360198 0.2913907 0.05298012 0.2847682 0.05960249 0.2913907 0.05298012 0.2942355 0.05737489 0.2847682 0.05960249 0.2814139 0.05298012 0.2847682 0.05298012 0.2847682 0.05360198 0.2942355 0.05737489 0.3019219 0.05960249 0.2847682 0.05960249 0.2516556 0.5165563 0.2582782 0.5165563 0.2582782 0.5231788 0.2582782 0.5231788 0.2715231 0.5231788 0.2643586 0.5288949 0.2715231 0.5231788 0.2781457 0.5231788 0.2725778 0.5293348 0.2725778 0.5293348 0.2781457 0.5231788 0.2781457 0.5298013 0.2781457 0.5231788 0.2980132 0.5298013 0.2847682 0.5351203 0.2980132 0.5298013 0.3046359 0.5364238 0.2980132 0.5364238 0.2781457 0.5231788 0.2847682 0.5351203 0.2781457 0.5298013 0.2980132 0.5364238 0.2958389 0.5359535 0.2980132 0.5298013 0.2958389 0.5359535 0.2875674 0.5354777 0.2980132 0.5298013 0.2875674 0.5354777 0.2847682 0.5351203 0.2980132 0.5298013 0.2847682 0.5351203 0.2805706 0.5307332 0.2781457 0.5298013 0.2725778 0.5293348 0.2715231 0.5291998 0.2715231 0.5231788 0.2715231 0.5291998 0.2643586 0.5288949 0.2715231 0.5231788 0.2643586 0.5288949 0.2582782 0.5281988 0.2582782 0.5231788 0.2582782 0.5281988 0.2568088 0.5259469 0.2582782 0.5231788 0.2568088 0.5259469 0.2516556 0.5235627 0.2582782 0.5231788 0.2491024 0.5231788 0.2483288 0.5231788 0.245033 0.5165563 0.2483288 0.5231788 0.245033 0.5226792 0.245033 0.5165563 0.2516556 0.5235627 0.2491024 0.5231788 0.2516556 0.5165563 0.2582782 0.5231788 0.2516556 0.5235627 0.2516556 0.5165563 0.245033 0.5226792 0.2409911 0.5225899 0.245033 0.5165563 0.2409911 0.5225899 0.2384105 0.5225766 0.245033 0.5165563 0.2384105 0.5225766 0.2328156 0.5224626 0.231788 0.5165563 0.2328156 0.5224626 0.231788 0.5224431 0.231788 0.5165563 0.2251656 0.5222781 0.2246506 0.5222434 0.2185431 0.5220263 0.2185431 0.5220263 0.216848 0.519874 0.2119204 0.5099338 0.216848 0.519874 0.2119204 0.5175327 0.2119204 0.5099338 0.2119204 0.5175327 0.2090973 0.5173512 0.2119204 0.5099338 0.2090973 0.5173512 0.205298 0.5170252 0.2119204 0.5099338 0.205298 0.5170252 0.1986755 0.5099338 0.2119204 0.5099338 0.2119204 0.5099338 0.231788 0.5099338 0.2185431 0.5220263 0.231788 0.5099338 0.2384105 0.5099338 0.231788 0.5165563 0.231788 0.5099338 0.231788 0.5165563 0.2251656 0.5222781 0.2251656 0.5222781 0.2185431 0.5220263 0.231788 0.5099338 0.231788 0.5224431 0.2251656 0.5222781 0.231788 0.5165563 0.245033 0.5165563 0.2516556 0.5165563 0.2491024 0.5231788 0.2913907 0.03311246 0.3046357 0.03311246 0.3046357 0.03973495 0.7565741 0.9267728 0.7549671 0.9271522 0.7549671 0.9266461 0.7549671 0.9271522 0.7483447 0.9271522 0.7549671 0.9266461 0.2119204 0.02649003 0.2185429 0.03311246 0.2119204 0.03311246 0.2185429 0.03311246 0.2185429 0.03973495 0.2119204 0.03311246 0.2432785 0.1480327 0.23811 0.1523178 0.2384105 0.1515871 0.23811 0.1523178 0.2377004 0.1540336 0.2349815 0.152777 0.9403975 0.9801326 0.9470198 0.9735099 0.9470199 0.9801325 0.9470199 0.9801325 0.9470198 0.9867549 0.9403974 0.9867549 0.9470198 0.9867549 0.9470198 0.9933775 0.9403974 0.9867549 0.9470198 0.9933775 0.9403974 1 0.9403974 0.9867549 0.9403974 0.9867549 0.9337748 0.9933775 0.9337748 0.9867549 0.9337748 0.9867549 0.9403975 0.9801326 0.9470199 0.9801325 0.8136312 0.7947018 0.8110494 0.7977535 0.8107243 0.7978123 0.7218541 0.5695363 0.7152317 0.5695363 0.721854 0.5629138 0.7152317 0.5695363 0.7086094 0.5695363 0.7086093 0.5629138 0.4701987 0.5099338 0.4635764 0.5099338 0.4701987 0.5033112 0.4635764 0.5099338 0.4635763 0.4966887 0.4701987 0.5033112 0.6613702 0.9090968 0.6611822 0.9092367 0.6572077 0.9072846 0.3334973 0.5491387 0.3333417 0.5496688 0.3311257 0.5496688 0.4025605 0.5685587 0.4032256 0.5655917 0.4039735 0.5687376 0.4024775 0.5689285 0.3973511 0.5681673 0.4025605 0.5685587 0.7427316 0.9072846 0.7431373 0.9079318 0.7417219 0.9072846 0.4172186 0.5099338 0.4172185 0.5033112 0.4238411 0.5033112 0.4238411 0.5033112 0.4370861 0.5099338 0.4238411 0.5165563 0.4370861 0.5099338 0.4370861 0.5108523 0.4238411 0.5165563 0.735099 0.5827813 0.728477 0.5827813 0.735099 0.5761588 0.1854304 0.148353 0.1854304 0.1523178 0.1829914 0.1473275 0.2516556 0.1248408 0.2574239 0.1192052 0.2582781 0.1250877 0.4092143 0.5204415 0.4105961 0.5173165 0.410596 0.5231788 0.410596 0.5231788 0.4172185 0.5231788 0.4172185 0.5298013 0.4172185 0.5298013 0.4008497 0.5231788 0.4039735 0.5231788 0.4039735 0.5231788 0.4092143 0.5204415 0.410596 0.5231788 0.5862933 0.5535948 0.5862312 0.5538804 0.5827814 0.5562914 0.5966182 0.6291388 0.5960264 0.6285674 0.5990908 0.6291388 0.5894042 0.7615891 0.5894042 0.7682117 0.5827816 0.7682117 0.5827816 0.7682117 0.5838491 0.7639269 0.5884915 0.7615891 0.5884915 0.7615891 0.5863258 0.7555958 0.5894042 0.7615891 0.5863258 0.7555958 0.5861176 0.7549666 0.5894042 0.7549666 0.5894042 0.7549666 0.5933181 0.7518703 0.5960264 0.7549666 0.5933181 0.7518703 0.5960264 0.7541398 0.5960264 0.7549666 0.5863258 0.7555958 0.5894042 0.7549666 0.5894042 0.7615891 0.5894042 0.7615891 0.5827816 0.7682117 0.5884915 0.7615891 0.5960264 0.7549666 0.5960264 0.7615891 0.5894042 0.7549666 0.5960264 0.7615891 0.5894042 0.7615891 0.5894042 0.7549666 0.6092718 0.7483441 0.6092718 0.7549666 0.6007776 0.7483441 0.6092718 0.7549666 0.5960264 0.7549666 0.6007776 0.7483441 0.6158943 0.7360739 0.6158943 0.7483441 0.6139857 0.738516 0.6158943 0.7483441 0.6092718 0.7483441 0.6092718 0.7417215 0.6139857 0.738516 0.6158943 0.7483441 0.6092718 0.7417215 0.617697 0.7309063 0.6225168 0.7284765 0.6158943 0.735099 0.6225168 0.7284765 0.6158943 0.7360739 0.6158943 0.735099 0.6100789 0.735099 0.6158943 0.729324 0.6158943 0.735099 0.6007776 0.7483441 0.6003251 0.7477914 0.6026494 0.742494 0.6007776 0.7483441 0.6026494 0.742494 0.6078565 0.7441279 0.5960264 0.7549666 0.5960264 0.7541398 0.6007776 0.7483441 0.6100789 0.735099 0.6158943 0.735099 0.6119439 0.7367412 0.6158943 0.735099 0.6158943 0.7360739 0.6119439 0.7367412 0.6139857 0.738516 0.6119439 0.7367412 0.6158943 0.7360739 0.6078565 0.7441279 0.6092718 0.7417215 0.6092718 0.7483441 0.2582781 0.1192052 0.2623597 0.1129961 0.2649007 0.118233 0.7682121 0.8609271 0.7682121 0.8616486 0.7615896 0.8609271 0.7682121 0.8616486 0.7629836 0.8665234 0.7615896 0.8609271 0.2509127 0.1324503 0.245033 0.1383441 0.245033 0.1324503 0.7311112 0.8951941 0.7340359 0.8965247 0.7339849 0.9006623 0.7340359 0.8965247 0.7343483 0.9006622 0.7339849 0.9006623 0.6158942 0.6887413 0.6225168 0.7086089 0.6158942 0.7019864 0.6158942 0.7019864 0.6158942 0.7086089 0.6092718 0.7086089 0.6158942 0.7086089 0.6158943 0.7152314 0.6092718 0.7086089 0.3178808 0.735099 0.6158942 0.6887413 0.4834439 0.721854 0.6158942 0.6887413 0.6158942 0.7019864 0.6092718 0.7086089 0.3841062 0.7549666 0.370861 0.7615891 0.3774836 0.7483441 0.370861 0.7615891 0.3178808 0.735099 0.3774836 0.7483441 0.3774835 0.7417215 0.3841062 0.7483441 0.3774836 0.7483441 0.6158942 0.6887413 0.6092718 0.7086089 0.4834439 0.721854 0.4834439 0.721854 0.4834439 0.7284765 0.4701988 0.7284766 0.3774835 0.7417215 0.3774836 0.7483441 0.3178808 0.735099 0.3841062 0.735099 0.3907285 0.7417215 0.3774835 0.7417215 0.4503314 0.735099 0.4503315 0.7417215 0.3841062 0.735099 0.4701988 0.7284766 0.4701988 0.735099 0.4503314 0.735099 0.3178808 0.735099 0.4834439 0.721854 0.3841062 0.735099 0.4834439 0.721854 0.4701988 0.7284766 0.4503314 0.735099 0.3841062 0.735099 0.4834439 0.721854 0.4503314 0.735099 0.2052979 0.4966887 0.1986755 0.5033112 0.1986755 0.4966887 0.1986755 0.5033112 0.1854304 0.5033112 0.1986755 0.4966887 0.1854304 0.5033112 0.1854304 0.5099338 0.1751721 0.5099338 0.1721854 0.5088279 0.1664555 0.5037117 0.1655628 0.4966887 0.1854304 0.5033112 0.1751721 0.5099338 0.1721854 0.5088279 0.1986755 0.4900662 0.2052979 0.4900662 0.1986755 0.4966887 0.2052979 0.4900662 0.2052979 0.4966887 0.1986755 0.4966887 0.1721854 0.5088279 0.1655628 0.4966887 0.1854304 0.5033112 0.192053 0.5227523 0.192053 0.5223764 0.1986755 0.5224224 0.3377484 0.5554212 0.3377484 0.5496688 0.340689 0.5527938 0.3377484 0.5496688 0.3413298 0.5504128 0.340689 0.5527938 0.7466281 0.9022813 0.7476304 0.9006623 0.7427316 0.9072846 0.2649007 0.118233 0.2649007 0.1258278 0.2615184 0.1227362 0.152318 0.4759314 0.1543818 0.4749405 0.1531594 0.4838699 0.1543818 0.4749405 0.1589403 0.4900662 0.1531594 0.4838699 0.3333417 0.5496688 0.3377484 0.5496688 0.3325363 0.5524473 0.7483446 0.9205297 0.7483447 0.9271522 0.7417219 0.9271522 0.7814572 0.8609271 0.773765 0.8609271 0.7682121 0.8543046 0.773765 0.8609271 0.7682121 0.8550866 0.7682121 0.8543046 0.7682121 0.8550866 0.7673438 0.8543045 0.7682121 0.8543046 0.7682121 0.8543046 0.7748346 0.8476821 0.7814572 0.8609271 0.7682121 0.8476821 0.7615896 0.8476821 0.754967 0.8410595 0.7748346 0.8476821 0.7682121 0.8476821 0.7814572 0.834437 0.7682121 0.8476821 0.754967 0.8410595 0.7814572 0.834437 0.7814572 0.8609271 0.7748346 0.8476821 0.7814572 0.834437 0.7748346 0.8278145 0.7682123 0.821192 0.7748346 0.821192 0.7682123 0.821192 0.7682123 0.8145695 0.7748346 0.821192 0.7814572 0.834437 0.7748346 0.8278145 0.7748346 0.821192 0.7748346 0.821192 0.728477 0.721854 0.754967 0.735099 0.728477 0.721854 0.7483445 0.721854 0.754967 0.735099 0.7814572 0.834437 0.7748346 0.821192 0.8079472 0.8145695 0.7483445 0.721854 0.754967 0.721854 0.754967 0.735099 0.754967 0.735099 0.7615896 0.735099 0.8013247 0.7947018 0.8013247 0.7947018 0.8013247 0.7880793 0.8079472 0.7897965 0.8079472 0.7897965 0.8079473 0.7947018 0.8013247 0.7947018 0.8079473 0.7947018 0.8079473 0.7983161 0.8013247 0.7947018 0.8079473 0.7983161 0.8079473 0.8013244 0.8013247 0.7947018 0.8079473 0.8013244 0.8079473 0.8063642 0.8013247 0.7947018 0.8079473 0.8063642 0.8079473 0.8079469 0.8079472 0.8145695 0.8079473 0.8079469 0.8085755 0.8145695 0.8079472 0.8145695 0.8085755 0.8145695 0.8139109 0.8145695 0.8091059 0.821192 0.8139109 0.8145695 0.8139653 0.821192 0.8091059 0.821192 0.8091059 0.821192 0.8091718 0.8222076 0.8079472 0.8145695 0.8085755 0.8145695 0.8091059 0.821192 0.8079472 0.8145695 0.8079472 0.8145695 0.7814573 0.9006623 0.7814573 0.8940396 0.8079473 0.8063642 0.8079472 0.8145695 0.8013247 0.7947018 0.8079472 0.8145695 0.7814573 0.8940396 0.7814572 0.8609271 0.7814573 0.8940396 0.7748346 0.9006623 0.7682121 0.8675495 0.7814572 0.8609271 0.7814573 0.8940396 0.7748346 0.8675495 0.7682121 0.8675495 0.7748346 0.8675495 0.7814573 0.8940396 0.8013247 0.7947018 0.8079472 0.8145695 0.7748346 0.821192 0.8079472 0.8145695 0.7814572 0.8609271 0.7814572 0.834437 0.6953644 0.5783409 0.6949101 0.5796842 0.6887416 0.5769656 0.6878823 0.5761588 0.6821191 0.571342 0.6821191 0.5710219 0.7012495 0.5827813 0.6953644 0.5783409 0.6887416 0.5769656 0.6887416 0.5769656 0.6878823 0.5761588 0.6821191 0.5710219 0.6821191 0.5710219 0.7105393 0.5838735 0.7012495 0.5827813 0.7105393 0.5838735 0.7086094 0.5835215 0.7019864 0.583429 0.7012495 0.5827813 0.7105393 0.5838735 0.7019864 0.583429 0.2649006 0.2251655 0.2649006 0.231788 0.2582781 0.231788 0.205298 0.5173668 0.2011367 0.5169316 0.205298 0.5170252 0.1456953 0.423841 0.142656 0.4203335 0.1450012 0.4172185 0.142656 0.4203335 0.1397839 0.4172185 0.1450012 0.4172185 0.3774835 0.5624861 0.3946461 0.5682094 0.3642385 0.6821188 0.3946461 0.5682094 0.4024775 0.5689285 0.3642385 0.6821188 0.4024775 0.5689285 0.4541122 0.588904 0.4569537 0.5894038 0.4569537 0.5894038 0.4573597 0.5894038 0.475385 0.6005569 0.475385 0.6005569 0.4768212 0.6013169 0.4768213 0.6622514 0.4768212 0.6013169 0.4834437 0.6026487 0.4768213 0.6622514 0.4834437 0.6026487 0.5911567 0.6279913 0.5496694 0.6622514 0.5911567 0.6279913 0.5960264 0.6291388 0.5496694 0.6622514 0.5960264 0.6291388 0.5979641 0.6312856 0.6026493 0.6351277 0.6026493 0.6351277 0.6047971 0.6351671 0.5894043 0.6688739 0.6047971 0.6351671 0.6166154 0.6451184 0.5894043 0.6688739 0.6166154 0.6451184 0.6196709 0.6526417 0.5894043 0.6688739 0.6196709 0.6526417 0.6229239 0.6556288 0.5894043 0.6688739 0.6229239 0.6556288 0.6245482 0.6584964 0.5894043 0.6688739 0.6245482 0.6584964 0.6295362 0.6688738 0.5894043 0.6688739 0.6295362 0.6688738 0.6299189 0.6688738 0.6295195 0.6754963 0.6295195 0.6754963 0.6299118 0.6754963 0.6300002 0.6800705 0.6300002 0.6800705 0.5894043 0.6754963 0.6295195 0.6754963 0.5894043 0.6754963 0.5894043 0.6688739 0.6295362 0.6688738 0.6295195 0.6754963 0.5894043 0.6754963 0.6295362 0.6688738 0.5894043 0.6688739 0.5496693 0.6688739 0.5496694 0.6622514 0.4768213 0.6622514 0.4768213 0.6688739 0.4370862 0.6688739 0.4370862 0.6688739 0.4370862 0.6754963 0.3642385 0.6821188 0.3642385 0.6821188 0.3642385 0.6887413 0.3509934 0.6887413 0.3642385 0.6821188 0.3509934 0.6887413 0.3509934 0.6821188 0.4370862 0.6688739 0.3642385 0.6821188 0.4024775 0.5689285 0.3642385 0.6821188 0.3509934 0.6821188 0.3774835 0.5624861 0.4370862 0.6688739 0.4569537 0.5894038 0.4768213 0.6622514 0.3245034 0.6821188 0.3245034 0.6887413 0.2185431 0.6291388 0.4569537 0.5894038 0.4370862 0.6688739 0.4024775 0.5689285 0.3509934 0.6821188 0.3245034 0.6821188 0.3443709 0.5562914 0.2185431 0.6291388 0.2185431 0.6357613 0.1655629 0.5761588 0.3245034 0.6821188 0.2185431 0.6291388 0.3046359 0.5562914 0.5496694 0.6622514 0.4768213 0.6622514 0.4834437 0.6026487 0.475385 0.6005569 0.4768213 0.6622514 0.4569537 0.5894038 0.3774835 0.5624861 0.3509934 0.6821188 0.3443709 0.5562914 0.1655629 0.5761588 0.1655629 0.5827813 0.1589404 0.5761588 0.2185431 0.6291388 0.1655629 0.5761588 0.231788 0.5364238 0.5894043 0.6688739 0.5496694 0.6622514 0.5960264 0.6291388 0.1655629 0.5761588 0.1589404 0.5761588 0.1589404 0.5695363 0.1589404 0.5695363 0.152318 0.5629138 0.1589404 0.5629138 0.152318 0.5629138 0.152318 0.5562914 0.1589404 0.5629138 0.1589404 0.5629138 0.1655628 0.5099338 0.1762316 0.5165563 0.1655628 0.5099338 0.1655628 0.5095428 0.1762316 0.5165563 0.1655629 0.5761588 0.1589404 0.5695363 0.1589404 0.5629138 0.5960264 0.6291388 0.6026493 0.6351277 0.5894043 0.6688739 0.1655629 0.5761588 0.1589404 0.5629138 0.205298 0.5231788 0.1788079 0.5165563 0.179143 0.5165563 0.1834629 0.521392 0.1589404 0.5629138 0.1762316 0.5165563 0.1788079 0.5165563 0.3245034 0.6821188 0.3046359 0.5562914 0.3178808 0.5562914 0.1589404 0.5629138 0.1788079 0.5165563 0.192053 0.5227523 0.1788079 0.5165563 0.1834629 0.521392 0.192053 0.5227523 0.192053 0.5227523 0.2000565 0.5228508 0.205298 0.5231788 0.3046359 0.5562914 0.2185431 0.6291388 0.2715231 0.5430463 0.2185431 0.6291388 0.231788 0.5364238 0.2715231 0.5430463 0.3443709 0.5562914 0.3447507 0.5562914 0.3774835 0.5624861 0.3178808 0.5562914 0.3443709 0.5562914 0.3245034 0.6821188 0.3046359 0.5496688 0.3112583 0.5496688 0.3046359 0.5562914 0.2715231 0.5430463 0.2980132 0.5430463 0.2980132 0.5496688 0.2980132 0.5496688 0.3046359 0.5496688 0.3046359 0.5562914 0.1589404 0.5629138 0.192053 0.5227523 0.205298 0.5231788 0.205298 0.5231788 0.2119204 0.5231788 0.2119204 0.5298013 0.2119204 0.5298013 0.2251656 0.5298013 0.231788 0.5364238 0.2251656 0.5298013 0.2384105 0.5298013 0.231788 0.5364238 0.231788 0.5364238 0.2715231 0.5364238 0.2715231 0.5430463 0.205298 0.5231788 0.2119204 0.5298013 0.1655629 0.5761588 0.231788 0.5364238 0.1655629 0.5761588 0.2119204 0.5298013 0.2174568 0.08399325 0.2176793 0.08414077 0.2185429 0.08025866 0.8197037 0.8410595 0.8174232 0.8454671 0.8171224 0.84549 0.5774065 0.5569589 0.5775296 0.5562914 0.5827814 0.5562914 0.1835929 0.521004 0.1844377 0.5183675 0.1854304 0.5218501 0.1844377 0.5183675 0.1854304 0.5165563 0.1854304 0.5218501 0.1854304 0.5165563 0.192053 0.5165563 0.1854304 0.5218501 0.1854304 0.5218501 0.192053 0.5223764 0.192053 0.5227523 0.192053 0.5227523 0.1834629 0.521392 0.1854304 0.5218501 0.5226241 0.6111841 0.5222617 0.6136655 0.5165564 0.6086276 0.5165564 0.6086276 0.5154501 0.6060243 0.5165564 0.6038092 0.5231791 0.6092714 0.5298016 0.6092714 0.5231791 0.6141188 0.5298016 0.6092714 0.5298016 0.614573 0.5231791 0.6141188 0.5165564 0.6086276 0.5165564 0.6038092 0.5226241 0.6111841 0.5165564 0.6038092 0.5231791 0.6092714 0.5226241 0.6111841 0.6573641 0.5647471 0.6618931 0.5695363 0.6615029 0.5695363 0.6618931 0.5695363 0.6643301 0.5701131 0.6622515 0.5701798 0.6615029 0.5695363 0.6618931 0.5695363 0.6622515 0.5701798 0.6572677 0.5651396 0.6556292 0.5642903 0.6573641 0.5647471 0.6556292 0.5642903 0.6490066 0.5633935 0.6490066 0.5629138 0.6573641 0.5647471 0.6556292 0.5642903 0.6490066 0.5629138 0.4437087 0.510663 0.4486587 0.5110378 0.4437088 0.5110307 0.8013248 0.9394739 0.8013248 0.9398629 0.7956958 0.9389577 0.2185429 0.08609271 0.2185429 0.08025866 0.2384105 0.08609271 0.2185429 0.08025866 0.2251655 0.04635757 0.245033 0.07284766 0.2251654 0.04449987 0.2251655 0.03973495 0.231788 0.0403068 0.2251655 0.03973495 0.231788 0.03973495 0.231788 0.0403068 0.2185429 0.08025866 0.245033 0.07284766 0.2384105 0.08609271 0.2251655 0.04635757 0.2251654 0.04449987 0.231788 0.0403068 0.245033 0.04033219 0.2251655 0.04635757 0.231788 0.0403068 0.2152321 0.09217113 0.2125359 0.08609271 0.2185429 0.08609271 0.2125444 0.0927152 0.2149525 0.09196799 0.2152321 0.09217113 0.1589404 0.1258278 0.2124872 0.09019762 0.2067943 0.09621566 0.2124872 0.09019762 0.2125444 0.0927152 0.2067943 0.09621566 0.1523179 0.2388125 0.1523179 0.1986754 0.1528491 0.2251655 0.1523179 0.1986754 0.1589404 0.205298 0.1589404 0.2126394 0.1528491 0.2251655 0.1523179 0.1986754 0.1540175 0.2185429 0.2125444 0.0927152 0.2152321 0.09217113 0.2119204 0.09933775 0.2152321 0.09217113 0.2185429 0.08609271 0.2119204 0.09933775 0.2251655 0.04635757 0.245033 0.04033219 0.245033 0.07284766 0.231788 0.0403068 0.2335451 0.03672254 0.2384105 0.03973495 0.2067943 0.09621566 0.2125444 0.0927152 0.2072539 0.09651738 0.231788 0.0403068 0.2384105 0.03973495 0.2411231 0.03973495 0.245033 0.04033219 0.231788 0.0403068 0.2411231 0.03973495 0.245033 0.04033219 0.2489796 0.03973495 0.2557929 0.04474222 0.2489796 0.03973495 0.2516556 0.03973495 0.2557929 0.04474222 0.2557929 0.04474222 0.2582781 0.04551512 0.2636816 0.04635757 0.1528491 0.2251655 0.1532317 0.2251655 0.1523179 0.2388125 0.1540175 0.2185429 0.1564164 0.2225145 0.1536642 0.221679 0.1540175 0.2185429 0.1523179 0.1986754 0.1589404 0.2126394 0.1540175 0.2185429 0.1536642 0.221679 0.1528491 0.2251655 0.1589404 0.2126394 0.159408 0.2153269 0.1589404 0.2151992 0.1589404 0.2126394 0.1589404 0.2151992 0.1540175 0.2185429 0.245033 0.04033219 0.2557929 0.04474222 0.2582781 0.06622517 0.245033 0.07284766 0.245033 0.04033219 0.2582781 0.06622517 0.2636816 0.04635757 0.2649006 0.04635757 0.2715231 0.05298012 0.2557929 0.04474222 0.2636816 0.04635757 0.2582781 0.06622517 0.1595718 0.205298 0.1589404 0.2126394 0.1589404 0.205298 0.1655628 0.1927704 0.1705026 0.1939232 0.1605001 0.1986754 0.1605001 0.1986754 0.1595718 0.205298 0.1589404 0.205298 0.2636816 0.04635757 0.2715231 0.05298012 0.2582781 0.06622517 0.2715231 0.05298012 0.2814139 0.05298012 0.2847682 0.05960249 0.2847682 0.05960249 0.3019219 0.05960249 0.3046357 0.06042677 0.2582781 0.06622517 0.2582781 0.07284766 0.245033 0.07284766 0.2847682 0.05960249 0.3046357 0.06042677 0.2582781 0.06622517 0.1605001 0.1986754 0.1589404 0.205298 0.1655628 0.1927704 0.1589404 0.205298 0.1589404 0.1258278 0.1665732 0.1840042 0.1655628 0.1927704 0.1589404 0.205298 0.1665732 0.1840042 0.1663464 0.1854304 0.1662594 0.1920529 0.1655628 0.1927704 0.1655628 0.1927704 0.1665732 0.1840042 0.1663464 0.1854304 0.2715231 0.05298012 0.2847682 0.05960249 0.2582781 0.06622517 0.245033 0.07284766 0.245033 0.08609271 0.2384105 0.08609271 0.1665732 0.1840042 0.1694365 0.1849957 0.1663464 0.1854304 0.1709032 0.1771064 0.1673375 0.1788079 0.1725662 0.1721854 0.1673375 0.1788079 0.1665732 0.1840042 0.1725662 0.1721854 0.1729725 0.1692939 0.1729366 0.1721854 0.1725662 0.1721854 0.1729366 0.1721854 0.1711348 0.1771936 0.1709032 0.1771064 0.1725662 0.1721854 0.1729366 0.1721854 0.1709032 0.1771064 0.1725662 0.1721854 0.1665732 0.1840042 0.1589404 0.1258278 0.2384105 0.08609271 0.2384105 0.1192052 0.231788 0.1192052 0.231788 0.1192052 0.231788 0.1324503 0.2251655 0.1324503 0.2251655 0.1655629 0.2302169 0.1595979 0.2288163 0.1678119 0.2384105 0.08609271 0.231788 0.1192052 0.2185429 0.08609271 0.231788 0.1192052 0.2251655 0.1324503 0.205298 0.1324503 0.2119204 0.09933775 0.231788 0.1192052 0.205298 0.1324503 0.2251655 0.1655629 0.2288163 0.1678119 0.2254869 0.1721854 0.2288163 0.1678119 0.231085 0.1721854 0.2254869 0.1721854 0.2254869 0.1721854 0.2251655 0.1751553 0.2185429 0.1721854 0.2185429 0.1721854 0.2119206 0.2251655 0.205298 0.205298 0.2119206 0.2251655 0.205298 0.231788 0.205298 0.205298 0.205298 0.231788 0.1986755 0.1986754 0.205298 0.205298 0.205298 0.205298 0.205298 0.1721854 0.2119204 0.1721854 0.2119204 0.1721854 0.1986755 0.1258278 0.205298 0.1324503 0.2119204 0.1721854 0.205298 0.1324503 0.2251655 0.1655629 0.2119204 0.1721854 0.2251655 0.1655629 0.2185429 0.1721854 0.205298 0.205298 0.2119204 0.1721854 0.2185429 0.1721854 0.2251655 0.1655629 0.2254869 0.1721854 0.2185429 0.1721854 0.2251655 0.1324503 0.2251655 0.1655629 0.205298 0.1324503 0.2072539 0.09651738 0.205298 0.1002076 0.2067943 0.09621566 0.205298 0.1002076 0.2014999 0.102599 0.2067943 0.09621566 0.231788 0.1192052 0.2119204 0.09933775 0.2185429 0.08609271 0.2119204 0.09933775 0.2072539 0.09651738 0.2125444 0.0927152 0.1730517 0.1655629 0.1725662 0.1721854 0.1788079 0.1593829 0.1725662 0.1721854 0.1589404 0.1258278 0.1788079 0.1593829 0.1842504 0.1589403 0.1788079 0.1655629 0.1788079 0.1593829 0.1788079 0.1655629 0.1730517 0.1655629 0.1788079 0.1593829 0.1788079 0.1593829 0.1791701 0.1589403 0.1794885 0.1589403 0.1794885 0.1589403 0.1842504 0.1589403 0.1788079 0.1593829 0.1589404 0.1258278 0.2067943 0.09621566 0.1788079 0.1324503 0.580635 0.7627838 0.5827815 0.7623679 0.5827815 0.7637463 0.5827815 0.7623679 0.5838491 0.7639269 0.5827815 0.7637463 0.5761593 0.7615891 0.5827815 0.7620598 0.580635 0.7627838 0.580635 0.7627838 0.5827815 0.7637463 0.5778974 0.7682117 0.1986755 0.5224224 0.1986755 0.5165563 0.2006544 0.519559 0.1986755 0.5165563 0.2011367 0.5169316 0.2006544 0.519559 0.3878777 0.5590515 0.3879665 0.558458 0.3907285 0.5616381 0.7615893 0.5827813 0.768212 0.5894038 0.7615893 0.5960263 0.768212 0.5894038 0.7748343 0.5960263 0.768212 0.5960263 0.768212 0.5960263 0.7615894 0.6026488 0.7615893 0.5960263 0.768212 0.5894038 0.768212 0.5960263 0.7615893 0.5960263 0.7417217 0.5761588 0.7549668 0.5761588 0.7483444 0.5827813 0.7549668 0.5761588 0.7615893 0.5827813 0.7483444 0.5827813 0.7417217 0.5827813 0.735099 0.5827813 0.7417217 0.5761588 0.7483444 0.5894038 0.7417217 0.5894038 0.7483444 0.5827813 0.7483444 0.5827813 0.7417217 0.5827813 0.7417217 0.5761588 0.7615893 0.5960263 0.7549669 0.6026488 0.7549669 0.5960263 0.7615893 0.5827813 0.7615893 0.5960263 0.7549669 0.5960263 0.7483444 0.5827813 0.7615893 0.5827813 0.7483444 0.5894038 0.7483444 0.6026488 0.7483444 0.5894038 0.7549669 0.5960263 0.2623597 0.1129961 0.2649007 0.1125828 0.2703493 0.1125828 0.8211922 0.7549666 0.8278149 0.7483441 0.8211922 0.7682117 0.8278149 0.7483441 0.8278149 0.7748342 0.8211922 0.7682117 0.8278149 0.7748342 0.8344371 0.7682117 0.8278149 0.7814568 0.8344371 0.7682117 0.8344371 0.8609271 0.8278149 0.8278145 0.8278149 0.7814568 0.8344371 0.7682117 0.8278149 0.8278145 0.8344371 0.8609271 0.8209163 0.9205297 0.8209046 0.9092951 0.8209163 0.9205297 0.8206956 0.9172953 0.8209046 0.9092951 0.8209046 0.9092951 0.8205805 0.9139074 0.8205675 0.9093201 0.8211922 0.6688739 0.8278148 0.6622514 0.8079472 0.7086089 0.8278148 0.6622514 0.8211922 0.7549666 0.8079472 0.7086089 0.8145697 0.6622514 0.8211922 0.6556288 0.8211922 0.6688739 0.8079471 0.6556288 0.8145697 0.6490063 0.8145697 0.6622514 0.7814571 0.6092713 0.8013247 0.6225163 0.794702 0.6225163 0.8079471 0.6556288 0.8145697 0.6622514 0.780431 0.6814566 0.8145697 0.6622514 0.8211922 0.6688739 0.780431 0.6814566 0.7863641 0.6953639 0.8211922 0.6688739 0.8079472 0.7086089 0.7814571 0.6092713 0.794702 0.6225163 0.7560453 0.6301009 0.794702 0.6225163 0.8079471 0.6556288 0.7677749 0.651515 0.7560453 0.6301009 0.7748344 0.6026488 0.7814571 0.6092713 0.7476935 0.6158939 0.7748344 0.6026488 0.7483444 0.6166151 0.7483444 0.6166151 0.7748344 0.6026488 0.7534809 0.6225163 0.7483444 0.6225163 0.7431786 0.6192417 0.7483444 0.6166151 0.7534809 0.6225163 0.7748344 0.6026488 0.7560453 0.6301009 0.8211922 0.6688739 0.7863641 0.6953639 0.781457 0.6894996 0.7534809 0.6225163 0.7483444 0.6225163 0.7483444 0.6166151 0.754967 0.6298605 0.7511655 0.6235894 0.7534809 0.6225163 0.7606426 0.6357613 0.754967 0.6307552 0.7560453 0.6301009 0.754967 0.6307552 0.754967 0.6298605 0.7560453 0.6301009 0.7560453 0.6301009 0.794702 0.6225163 0.7677749 0.651515 0.7560453 0.6301009 0.754967 0.6298605 0.7534809 0.6225163 0.7663407 0.6612299 0.7615894 0.6556288 0.7675032 0.6556288 0.7675032 0.6556288 0.7677749 0.651515 0.7682121 0.6559652 0.7677749 0.651515 0.8079471 0.6556288 0.7682121 0.6559652 0.7682121 0.6563537 0.7663407 0.6612299 0.7675032 0.6556288 0.7682121 0.6559652 0.7713499 0.6588815 0.7682121 0.6563537 0.7739861 0.6665153 0.7735126 0.6622514 0.7738637 0.6622514 0.7735126 0.6622514 0.7682121 0.6559652 0.7738637 0.6622514 0.7682121 0.6559652 0.7682121 0.6563537 0.7675032 0.6556288 0.8344371 0.8609271 0.8209046 0.9092951 0.8208822 0.9006623 0.8209046 0.9092951 0.8205675 0.9093201 0.8205525 0.9072846 0.8208822 0.9006623 0.8209046 0.9092951 0.8205525 0.9072846 0.8205525 0.9072846 0.820525 0.9013081 0.8208822 0.9006623 0.820525 0.9013081 0.820521 0.9006623 0.8208822 0.9006623 0.8205816 0.8694038 0.8205932 0.8675495 0.8344371 0.8609271 0.8205932 0.8675495 0.8206647 0.861353 0.8344371 0.8609271 0.8208822 0.9006623 0.8205816 0.8694038 0.8344371 0.8609271 0.8206661 0.8609271 0.8203072 0.8543046 0.8206873 0.8543046 0.8203072 0.8543046 0.8202727 0.8533272 0.8206873 0.8543046 0.8206647 0.861353 0.8206661 0.8609271 0.8206873 0.8543046 0.8206873 0.8543046 0.8211923 0.8278145 0.8278149 0.8278145 0.8206647 0.861353 0.8206873 0.8543046 0.8344371 0.8609271 0.8206873 0.8543046 0.8278149 0.8278145 0.8344371 0.8609271 0.7738637 0.6622514 0.7682121 0.6559652 0.8079471 0.6556288 0.7743167 0.6688739 0.7738637 0.6622514 0.8079471 0.6556288 0.769439 0.6754963 0.7682121 0.6688739 0.7743167 0.6688739 0.780431 0.6814566 0.7748345 0.6762202 0.7742494 0.6754963 0.7742494 0.6754963 0.769439 0.6754963 0.7743167 0.6688739 0.8278149 0.7814568 0.8211922 0.7880793 0.8278149 0.7748342 0.8211922 0.7880793 0.8211922 0.7682117 0.8278149 0.7748342 0.7742494 0.6754963 0.7743167 0.6688739 0.8079471 0.6556288 0.7807388 0.6887414 0.7776747 0.6825014 0.780431 0.6814566 0.780431 0.6814566 0.7742494 0.6754963 0.8079471 0.6556288 0.7807388 0.6887414 0.780431 0.6814566 0.8211922 0.6688739 0.7863641 0.6953639 0.7814571 0.6953639 0.781457 0.6894996 0.781457 0.6894996 0.7807388 0.6887414 0.8211922 0.6688739 0.7873709 0.7046245 0.7873511 0.7019863 0.7864955 0.6964429 0.7864955 0.6964429 0.7863641 0.6953639 0.8079472 0.7086089 0.7873709 0.7046245 0.7864955 0.6964429 0.8079472 0.7086089 0.8145698 0.7549666 0.8079472 0.7615891 0.8079472 0.7086089 0.8211922 0.7682117 0.8145698 0.7748342 0.8145698 0.7549666 0.8145698 0.7549666 0.8079472 0.7086089 0.8211922 0.7549666 0.2716997 0.5325698 0.2781457 0.5358241 0.2715231 0.5356704 0.2781457 0.5358241 0.2715231 0.5360639 0.2715231 0.5356704 0.2715231 0.5360639 0.2628372 0.5352076 0.2649006 0.5351462 0.2628372 0.5352076 0.2582782 0.5343654 0.2634963 0.5325 0.2629188 0.5348767 0.2628372 0.5352076 0.2634963 0.5325 0.2629188 0.5348767 0.2635662 0.532209 0.2649006 0.5351462 0.2649006 0.5351462 0.2715231 0.5325922 0.2715231 0.533204 0.2649006 0.5351462 0.2715231 0.533204 0.2715231 0.5356704 0.2629188 0.5348767 0.2649006 0.5351462 0.2628372 0.5352076 0.634482 0.869234 0.6342628 0.8693934 0.629139 0.8609271 0.6342628 0.8693934 0.6239452 0.8609271 0.629139 0.8609271 0.629139 0.8609271 0.6296574 0.8543044 0.6357617 0.8683059 0.6296574 0.8543044 0.6556291 0.8940396 0.6357617 0.8683059 0.6357617 0.8683059 0.634482 0.869234 0.629139 0.8609271 0.6556291 0.8940396 0.6536337 0.8949292 0.6548293 0.8940396 0.6479545 0.8891881 0.6458856 0.8907428 0.6399548 0.8751526 0.6556291 0.8940396 0.6548293 0.8940396 0.6479545 0.8891881 0.6479545 0.8891881 0.6399548 0.8751526 0.6401865 0.8749853 0.6401865 0.8749853 0.6357617 0.8683059 0.6556291 0.8940396 0.5834848 0.7867497 0.5864033 0.7855126 0.584703 0.7947018 0.5864033 0.7855126 0.5894042 0.7880793 0.584703 0.7947018 0.5894042 0.7880793 0.5871648 0.7940891 0.584703 0.7947018 0.584703 0.7947018 0.5858424 0.7947019 0.5894041 0.8005275 0.5858424 0.7947019 0.5894042 0.7947019 0.5894041 0.8005275 0.5894042 0.7947019 0.5953358 0.7990621 0.5894041 0.8005275 0.5894041 0.8005275 0.5926391 0.8004197 0.5902 0.8013243 0.5902 0.8013243 0.598064 0.8067236 0.5964135 0.8076069 0.5964135 0.8076069 0.5982714 0.8066128 0.5966216 0.807947 0.5966216 0.807947 0.5963042 0.807947 0.5964135 0.8076069 0.5963042 0.807947 0.584388 0.7947018 0.5902 0.8013243 0.5964135 0.8076069 0.5963042 0.807947 0.5902 0.8013243 0.5773189 0.7705858 0.5778974 0.7682117 0.5776446 0.7705708 0.5776446 0.7705708 0.5802217 0.7704375 0.5834116 0.7814567 0.5802217 0.7704375 0.5885478 0.7814567 0.5834116 0.7814567 0.584388 0.7947018 0.5773189 0.7705858 0.5834116 0.7814567 0.5773189 0.7705858 0.5776446 0.7705708 0.5834116 0.7814567 0.584388 0.7947018 0.5834116 0.7814567 0.5834848 0.7867497 0.5902 0.8013243 0.584388 0.7947018 0.5894041 0.8005275 0.584703 0.7947018 0.5894041 0.8005275 0.584388 0.7947018 0.1398043 0.3178808 0.1397663 0.3245033 0.1394456 0.3178808 0.1394456 0.3178808 0.1398105 0.316629 0.1398043 0.3178808 0.5154501 0.6060243 0.5149198 0.6086089 0.509934 0.6084023 0.9139074 0.6423838 0.9072849 0.6423838 0.9072848 0.6158939 0.9139074 0.6158939 0.9139074 0.6026488 0.9205297 0.6092713 0.9139074 0.6026488 0.9205297 0.6026488 0.9205297 0.6092713 0.9139074 0.6423838 0.9072848 0.6158939 0.9139074 0.6158939 0.9205298 0.6556288 0.9139075 0.6556288 0.9139074 0.6423838 0.9337749 0.6754963 0.9271525 0.6688739 0.9337749 0.6688739 0.9337749 0.6688739 0.9205298 0.6556288 0.960265 0.6622514 0.9205298 0.6556288 0.9139074 0.6423838 0.960265 0.6622514 0.9337749 0.6688739 0.960265 0.6622514 0.9536424 0.6688739 0.9139074 0.6423838 0.9139074 0.6158939 0.94702 0.6158939 0.9139074 0.6158939 0.9205297 0.6092713 0.9337747 0.6092713 0.9470199 0.6754963 0.9337749 0.6754963 0.9337749 0.6688739 0.9139074 0.6158939 0.9337747 0.6092713 0.94702 0.6158939 0.9337747 0.6092713 0.9337747 0.6026488 0.9536424 0.6092713 0.9536424 0.6754963 0.9536424 0.6821188 0.9470199 0.6754963 0.9470199 0.6754963 0.9337749 0.6688739 0.9536424 0.6688739 0.9536424 0.6092713 0.9536423 0.6026488 0.9602649 0.6092713 0.9536424 0.6754963 0.9470199 0.6754963 0.9536424 0.6688739 0.9668873 0.6688739 0.960265 0.6754963 0.9536424 0.6688739 0.9337747 0.6092713 0.9536424 0.6092713 0.94702 0.6158939 0.9536424 0.6092713 0.9602649 0.6092713 0.9536423 0.6158939 0.94702 0.6158939 0.9536424 0.6092713 0.9536423 0.6158939 0.9602649 0.6092713 0.9602649 0.6225163 0.9536423 0.6158939 0.9536423 0.6158939 0.9536424 0.6225163 0.94702 0.6158939 0.960265 0.6622514 0.9668873 0.6688739 0.9536424 0.6688739 0.7606979 0.6368179 0.7581276 0.6382634 0.7606426 0.6357613 0.7581276 0.6382634 0.7578178 0.6384353 0.7606426 0.6357613 0.7578178 0.6384353 0.7549669 0.6357613 0.7606426 0.6357613 0.9735099 0.9867549 0.97351 0.9933775 0.9668873 0.9867549 0.2251655 0.02649003 0.231788 0.02649003 0.231788 0.03311246 0.231788 0.02649003 0.2384105 0.03348523 0.231788 0.03311246 0.2384105 0.03348523 0.2333649 0.03360289 0.231788 0.03311246 0.2333649 0.03360289 0.2251655 0.03417319 0.231788 0.03311246 0.2913907 0.04790443 0.2886521 0.04763329 0.2887481 0.04729181 0.3163638 0.06622517 0.3163139 0.06580448 0.3178808 0.06622517 0.3178808 0.06622517 0.3178808 0.07284766 0.3163638 0.06622517 0.3178808 0.07284766 0.3178808 0.07947015 0.3163638 0.06622517 0.3178808 0.07947015 0.3178808 0.08609271 0.3163638 0.06622517 0.6324445 0.6634673 0.6321816 0.6635649 0.629785 0.6622514 0.9735099 0.9735099 0.9668874 0.9801326 0.9668874 0.9735099 0.9668874 0.9735099 0.9735099 0.9668874 0.9735099 0.9735099 0.9735099 0.9668874 0.9801325 0.9735099 0.9735099 0.9735099 0.9801325 0.9735099 0.9801325 0.9668874 0.986755 0.9735099 0.986755 0.9735099 0.986755 0.9801325 0.9801325 0.9735099 0.986755 0.9801325 0.986755 0.986755 0.9801325 0.9801325 0.986755 0.9801325 0.9801325 0.9801325 0.9735099 0.9735099 0.2781457 0.1049165 0.2824177 0.09933775 0.2839865 0.09933775 0.2839865 0.09933775 0.2847682 0.09896731 0.2847682 0.1059603 0.2781457 0.1059603 0.2781457 0.1125828 0.2721475 0.1112871 0.2839865 0.09933775 0.2847682 0.1059603 0.2781457 0.1052875 0.2847682 0.1059603 0.2781457 0.1059603 0.2781457 0.1052875 0.2781457 0.1052875 0.2781457 0.1049165 0.2839865 0.09933775 0.2721475 0.1112871 0.2770938 0.1059603 0.2774639 0.1059603 0.2781457 0.1059603 0.2721475 0.1112871 0.2774639 0.1059603 0.2059225 0.4900661 0.2089006 0.4944685 0.2052979 0.4900662 0.2052979 0.4900662 0.2044113 0.4834437 0.2052979 0.4865664 0.2052979 0.4865664 0.205298 0.4834437 0.2056533 0.4863624 0.2056533 0.4863624 0.2059225 0.4900661 0.2052979 0.4865664 0.1788079 0.5162636 0.179143 0.5165563 0.1788079 0.5165563 0.1444258 0.3377482 0.1448845 0.3328789 0.1446317 0.340774 0.1446317 0.340774 0.1414533 0.3565759 0.1395025 0.3443708 0.1414533 0.3565759 0.1351686 0.3564337 0.1395025 0.3443708 0.1395025 0.3443708 0.1421286 0.3406031 0.1446317 0.340774 0.1421286 0.3406031 0.141864 0.3405851 0.1444258 0.3377482 0.7686164 0.8612709 0.7686356 0.8609271 0.7711089 0.8617481 0.7711089 0.8617481 0.7682121 0.8620001 0.7686164 0.8612709 0.3720703 0.5562914 0.3717717 0.5591424 0.3708609 0.562151 0.2119204 0.496048 0.2052979 0.5033112 0.2052979 0.4966887 0.4554574 0.5858492 0.4503313 0.5883763 0.455601 0.585524 0.4503313 0.5883763 0.4503313 0.5827813 0.455601 0.585524 0.192053 0.3509933 0.1945277 0.3483723 0.1986755 0.3509933 0.1986755 0.3509933 0.2119206 0.3509933 0.1854304 0.370085 0.2119206 0.3509933 0.2185431 0.3509933 0.1847919 0.3774834 0.1847919 0.3774834 0.2185431 0.3509933 0.205298 0.4172185 0.205298 0.4172185 0.1986755 0.423841 0.1848118 0.410596 0.205298 0.4172185 0.1847828 0.3907284 0.1847919 0.3774834 0.1986755 0.423841 0.1854304 0.4179536 0.1848118 0.410596 0.1848118 0.410596 0.1847836 0.4091703 0.205298 0.4172185 0.1847828 0.3907284 0.205298 0.4172185 0.184787 0.3973509 0.184787 0.3973509 0.205298 0.4172185 0.1847969 0.4039734 0.1908357 0.3543599 0.1917114 0.3509933 0.192053 0.3509933 0.192053 0.3509933 0.1986755 0.3509933 0.1899794 0.3642383 0.1847836 0.4091703 0.1847969 0.4039734 0.205298 0.4172185 0.1847969 0.4039734 0.1797164 0.4039735 0.182361 0.4012227 0.1797164 0.4039735 0.18207 0.401232 0.182361 0.4012227 0.1882556 0.3534609 0.1913233 0.3509933 0.1908357 0.3543599 0.1908357 0.3543599 0.192053 0.3509933 0.1908206 0.3576158 0.1854304 0.370085 0.2119206 0.3509933 0.1847919 0.3774834 0.1847969 0.4039734 0.182361 0.4012227 0.184787 0.3973509 0.184787 0.3973509 0.1796221 0.3973509 0.1823154 0.3931708 0.1796221 0.3973509 0.1820198 0.3931755 0.1823154 0.3931708 0.1908206 0.3576158 0.192053 0.3509933 0.1899794 0.3642383 0.1908206 0.3576158 0.1882556 0.3534609 0.1908357 0.3543599 0.1899794 0.3642383 0.1878893 0.3616309 0.1908206 0.3576158 0.1854304 0.370085 0.1854304 0.3693591 0.1899794 0.3642383 0.1800571 0.3708608 0.1834458 0.3690895 0.1854304 0.370085 0.1848285 0.3708608 0.17974 0.3769131 0.1800571 0.3708608 0.1824041 0.3770783 0.1821169 0.3770604 0.1848285 0.3708608 0.1847919 0.3774834 0.1824041 0.3770783 0.1848285 0.3708608 0.1848285 0.3708608 0.1800571 0.3708608 0.1854304 0.370085 0.1854304 0.370085 0.1899794 0.3642383 0.1986755 0.3509933 0.184787 0.3973509 0.1823154 0.3931708 0.1847828 0.3907284 0.1847828 0.3907284 0.1795737 0.3907284 0.1823208 0.3851193 0.1795737 0.3907284 0.1820255 0.3851189 0.1823208 0.3851193 0.1847919 0.3774834 0.1848285 0.3708608 0.1854304 0.370085 0.2018492 0.1028154 0.2041653 0.1042575 0.1996992 0.1059603 0.1996992 0.1059603 0.2019836 0.1119865 0.1994104 0.1125828 0.1986755 0.1133748 0.1967313 0.1182966 0.1942712 0.1170775 0.2018492 0.1028154 0.1996992 0.1059603 0.2014999 0.102599 0.1996992 0.1059603 0.1994104 0.1125828 0.2014999 0.102599 0.1994104 0.1125828 0.1986755 0.1133748 0.1925919 0.1192052 0.1986755 0.1133748 0.1942712 0.1170775 0.1925919 0.1192052 0.1925919 0.1192052 0.1929734 0.1192052 0.1940155 0.1258278 0.2014999 0.102599 0.205298 0.1002076 0.2018492 0.1028154 0.1994104 0.1125828 0.1925919 0.1192052 0.2014999 0.102599 0.1940155 0.1258278 0.195241 0.1264339 0.192053 0.1266807 0.1925919 0.1192052 0.1940155 0.1258278 0.192053 0.1266807 0.192053 0.1266807 0.1973741 0.1274759 0.1866196 0.1324503 0.1866196 0.1324503 0.192053 0.1337916 0.1862094 0.1390728 0.1854304 0.1397784 0.1804361 0.1456953 0.1788079 0.1324503 0.1804361 0.1456953 0.1803233 0.1462092 0.1788079 0.1324503 0.1866196 0.1324503 0.1862094 0.1390728 0.1788079 0.1324503 0.1862094 0.1390728 0.1854304 0.1397784 0.1788079 0.1324503 0.1925919 0.1192052 0.192053 0.1266807 0.1788079 0.1324503 0.192053 0.1266807 0.1866196 0.1324503 0.1788079 0.1324503 0.1788079 0.1324503 0.2067943 0.09621566 0.2014999 0.102599 0.1788079 0.1324503 0.2014999 0.102599 0.1925919 0.1192052 0.1791701 0.1589403 0.1788079 0.1593829 0.1788079 0.1324503 0.1795192 0.1546458 0.1794885 0.1589403 0.1791701 0.1589403 0.1803233 0.1462092 0.179598 0.1523178 0.1791701 0.1589403 0.179598 0.1523178 0.1795192 0.1546458 0.1791701 0.1589403 0.2241187 0.2862115 0.2179291 0.3172827 0.2219088 0.293852 0.2179291 0.3172827 0.2151025 0.3167809 0.2178184 0.3112582 0.2178533 0.3091707 0.2179291 0.3172827 0.2178184 0.3112582 0.2178533 0.3091707 0.2152159 0.3087338 0.2178891 0.3046357 0.2179177 0.3011581 0.2179614 0.2980132 0.2185431 0.2972821 0.2178533 0.3091707 0.2178891 0.3046357 0.2179177 0.3011581 0.2179291 0.3172827 0.2178533 0.3091707 0.2179177 0.3011581 0.2237793 0.2861419 0.2242887 0.2847682 0.2241187 0.2862115 0.2232599 0.2913907 0.2213498 0.2856436 0.2237793 0.2861419 0.2219088 0.293852 0.219551 0.2934138 0.2232599 0.2913907 0.2179177 0.3011581 0.2185431 0.2972821 0.2219088 0.293852 0.2179291 0.3172827 0.2179177 0.3011581 0.2219088 0.293852 0.2232599 0.2913907 0.2237793 0.2861419 0.2241187 0.2862115 0.2219588 0.1912314 0.2216614 0.1911628 0.2200044 0.1854304 0.2901175 0.5065954 0.2900782 0.5068906 0.2847682 0.5088856 0.602649 0.5569796 0.602649 0.5624161 0.6014604 0.559748 0.1655629 0.2005724 0.1595718 0.205298 0.162833 0.1996281 0.6299189 0.6688738 0.6295362 0.6688738 0.6299374 0.6644208 0.6295362 0.6688738 0.6245482 0.6584964 0.629785 0.6622514 0.6299374 0.6644208 0.6295362 0.6688738 0.629785 0.6622514 0.629139 0.6614418 0.629139 0.6560961 0.6344839 0.6622514 0.6299374 0.6644208 0.6324445 0.6634673 0.6299189 0.6688738 0.629139 0.6614418 0.6344839 0.6622514 0.629785 0.6622514 0.3245034 0.1059603 0.3245034 0.1125828 0.3178808 0.1125828 0.2091299 0.3311257 0.2088246 0.3308183 0.2119206 0.3303923 0.2088246 0.3308183 0.2071742 0.3293082 0.2119206 0.3303923 0.7417219 0.9470198 0.7615896 0.9470198 0.7417219 0.9536424 0.7615896 0.9470198 0.7615896 0.9536424 0.7417219 0.9536424 0.7682121 0.9536424 0.768212 0.9470198 0.7947021 0.9470198 0.7350994 0.9536424 0.7417219 0.9470198 0.7417219 0.9536424 0.7615896 0.9536424 0.7682121 0.9536424 0.728477 0.9668875 0.7417219 0.9536424 0.7615896 0.9536424 0.7350994 0.9602649 0.7350994 0.9602649 0.7615896 0.9536424 0.728477 0.9668875 0.7947021 0.9470198 0.8013248 0.9403973 0.8013248 0.9470198 0.7682121 0.9536424 0.7947021 0.9470198 0.8013248 0.9470198 0.9668874 0.9933775 0.9668874 1 0.9602649 0.9933775 0.7907104 0.7203637 0.7929477 0.7152314 0.7910269 0.7202711 0.2178891 0.3046357 0.2152159 0.3087338 0.2148994 0.3086814 0.5827816 0.7682117 0.5778974 0.7682117 0.5827815 0.7637463 0.1398555 0.423841 0.1397824 0.4207469 0.142656 0.4203335</float_array>
          <technique_common>
            <accessor source="#Plane_002-mesh-map-0-array" count="19440" stride="2">
              <param name="S" type="float"/>
              <param name="T" type="float"/>
            </accessor>
          </technique_common>
        </source>
        <vertices id="Plane_002-mesh-vertices">
          <input semantic="POSITION" source="#Plane_002-mesh-positions"/>
        </vertices>
        <triangles material="Material_002-material" count="6480">
          <input semantic="VERTEX" source="#Plane_002-mesh-vertices" offset="0"/>
          <input semantic="NORMAL" source="#Plane_002-mesh-normals" offset="1"/>
          <input semantic="TEXCOORD" source="#Plane_002-mesh-map-0" offset="2" set="0"/>
          <p>2505 0 0 2260 1 1 261 2 2 1240 3 3 1263 4 4 1246 5 5 1333 6 6 15 7 7 16 8 8 1347 9 9 14 10 10 15 7 11 1362 11 12 13 12 13 14 10 14 1375 13 15 12 14 16 13 12 17 1384 15 18 11 16 19 12 14 20 1397 17 21 10 18 22 11 16 23 2876 19 24 2172 20 25 2173 21 26 2289 22 27 2498 23 28 2497 24 29 3324 25 30 3323 26 31 1741 27 32 1347 9 33 1333 6 34 1346 28 35 2209 29 36 2426 30 37 1211 31 38 2672 32 39 1019 33 40 1790 34 41 2602 35 42 1519 36 43 2601 37 44 883 38 45 2336 39 46 1669 40 47 3228 41 48 1556 42 49 2628 43 50 2381 44 51 2382 45 52 1591 46 53 444 47 54 2696 48 55 1833 49 56 2740 50 57 2108 51 58 423 52 59 3105 53 60 1836 54 61 2203 55 62 29 56 63 30 57 64 1406 58 65 1425 59 66 2958 60 67 2957 61 68 3000 62 69 2998 63 70 1736 64 71 3046 65 72 2105 66 73 3047 67 74 1209 68 75 2379 69 76 2380 70 77 920 71 78 925 72 79 921 73 80 584 74 81 568 75 82 567 76 83 1536 77 84 3303 78 85 3302 79 86 3349 80 87 1031 81 88 3341 82 89 2808 83 90 2070 84 91 423 52 92 1401 85 93 1352 86 94 1335 87 95 1641 88 96 800 89 97 2090 90 98 2505 0 99 2148 91 100 260 92 101 1382 93 102 1373 94 103 1372 95 104 2097 96 105 2667 97 106 2666 98 107 393 99 108 1495 100 109 2108 51 110 2363 101 111 718 102 112 2032 103 113 756 104 114 767 105 115 757 106 116 1519 36 117 2576 107 118 2575 108 119 1806 109 120 1805 110 121 3287 111 122 1813 112 123 1738 113 124 1638 114 125 2285 115 126 2609 116 127 2607 117 128 2311 118 129 2962 119 130 1008 120 131 3043 121 132 193 122 133 3044 123 134 2081 124 135 3344 125 136 2904 126 137 1731 127 138 3246 128 139 1732 129 140 285 130 141 2233 131 142 286 132 143 2939 133 144 2340 134 145 128 135 146 3157 136 147 1837 137 148 3156 138 149 2904 126 150 1551 139 151 2081 124 152 1619 140 153 2566 141 154 947 142 155 1853 143 156 3131 144 157 1122 145 158 2426 30 159 2239 146 160 1212 147 161 1673 148 162 2465 149 163 529 150 164 1573 151 165 3320 152 166 3319 153 167 2099 154 168 3334 155 169 3335 156 170 2134 157 171 2378 158 172 2379 69 173 702 159 174 692 160 175 686 161 176 2749 162 177 1748 163 178 2748 164 179 2324 165 180 2106 166 181 2965 167 182 1542 168 183 3121 169 184 3122 170 185 656 171 186 650 172 187 649 173 188 2691 174 189 1646 175 190 2690 176 191 3045 177 192 1008 120 193 1009 178 194 2578 179 195 2579 180 196 1895 181 197 2380 70 198 2168 182 199 1210 183 200 1451 184 201 2321 185 202 2913 186 203 1186 187 204 1821 188 205 2877 189 206 2916 190 207 2915 191 208 2016 192 209 3075 193 210 1869 194 211 1659 195 212 1222 196 213 1550 197 214 1519 36 215 1968 198 216 1967 199 217 3249 200 218 3190 201 219 3189 202 220 1884 203 221 3087 204 222 3088 205 223 2347 206 224 3188 207 225 3187 208 226 1724 209 227 1528 210 228 1948 211 229 3050 212 230 3350 213 231 1053 214 232 3348 215 233 2760 216 234 1892 217 235 2759 218 236 2165 219 237 3148 220 238 3149 221 239 451 222 240 475 223 241 452 224 242 2372 225 243 2373 226 244 1969 227 245 307 228 246 2237 229 247 2050 230 248 2022 231 249 1946 232 250 1947 233 251 1110 234 252 1127 235 253 1144 236 254 1130 237 255 2947 238 256 2198 239 257 193 122 258 3076 240 259 3077 241 260 2994 242 261 2095 243 262 1651 244 263 2001 245 264 2002 246 265 3026 247 266 1936 248 267 2101 249 268 2100 250 269 1691 251 270 2392 252 271 1730 253 272 2870 254 273 1905 255 274 1113 256 275 1132 257 276 1119 258 277 1118 259 278 3108 260 279 1942 261 280 3107 262 281 240 263 282 2122 264 283 3297 265 284 3295 266 285 2261 267 286 287 268 287 2935 269 288 2934 270 289 1496 271 290 1096 272 291 1830 273 292 1097 274 293 1390 275 294 1402 276 295 1403 277 296 1027 278 297 1028 279 298 2940 280 299 1056 281 300 1057 282 301 3349 80 302 3183 283 303 206 284 304 1685 285 305 3081 286 306 3080 287 307 1710 288 308 1910 289 309 1842 290 310 1078 291 311 1061 292 312 1040 293 313 1039 294 314 2453 295 315 2115 296 316 2116 297 317 2606 298 318 2286 299 319 2607 117 320 3191 300 321 3190 201 322 1884 203 323 1052 301 324 1634 302 325 1668 303 326 1053 214 327 1668 303 328 2043 304 329 1054 305 330 3322 306 331 2079 307 332 2828 308 333 1051 309 334 1052 301 335 1197 310 336 3154 311 337 1626 312 338 3343 313 339 3341 82 340 1030 314 341 1984 315 342 1210 183 343 1211 31 344 1606 316 345 2640 317 346 1469 318 347 3271 319 348 2063 320 349 1207 321 350 2820 322 351 374 323 352 2819 324 353 577 325 354 578 326 355 558 327 356 1012 328 357 1033 329 358 1013 330 359 1013 330 360 1034 331 361 1014 332 362 1853 143 363 3101 333 364 2000 334 365 1001 335 366 990 336 367 989 337 368 1002 338 369 990 336 370 1017 339 371 528 340 372 508 341 373 1953 342 374 2810 343 375 2328 344 376 1809 345 377 3165 346 378 1418 347 379 2315 348 380 989 337 381 984 349 382 983 350 383 3055 351 384 1827 352 385 333 353 386 296 354 387 319 355 388 297 356 389 3231 357 390 1812 358 391 3232 359 392 2978 360 393 684 361 394 1604 362 395 1987 363 396 3194 364 397 3195 365 398 1638 114 399 3034 366 400 3351 367 401 978 368 402 971 369 403 977 370 404 1422 371 405 2420 372 406 197 373 407 806 374 408 2329 375 409 2183 376 410 2484 377 411 1512 378 412 2434 379 413 931 380 414 919 381 415 930 382 416 1578 383 417 1432 384 418 1040 293 419 1081 385 420 1037 386 421 1102 387 422 2950 388 423 2953 389 424 2951 390 425 963 391 426 958 392 427 957 393 428 3336 394 429 2134 157 430 1209 68 431 893 395 432 1684 396 433 1700 397 434 2552 398 435 1784 399 436 2553 400 437 1237 401 438 1239 402 439 1238 403 440 1705 404 441 1674 405 442 2805 406 443 950 407 444 946 408 445 945 409 446 1416 410 447 1839 411 448 2767 412 449 2128 413 450 1677 414 451 3015 415 452 937 416 453 929 417 454 936 418 455 1619 140 456 938 419 457 1618 420 458 2014 421 459 3135 422 460 1979 423 461 120 424 462 2034 425 463 2854 426 464 1691 251 465 1654 427 466 1653 428 467 1396 429 468 1383 430 469 1382 93 470 750 431 471 731 432 472 738 433 473 632 434 474 611 435 475 610 436 476 1841 437 477 1908 438 478 1099 439 479 1855 440 480 3044 123 481 192 441 482 2467 442 483 2181 443 484 2180 444 485 2442 445 486 2223 446 487 652 447 488 2280 448 489 814 449 490 2370 450 491 2812 451 492 1471 452 493 2811 453 494 499 454 495 478 455 496 477 456 497 2299 457 498 1184 458 499 1183 459 500 3085 460 501 1861 461 502 832 462 503 2717 463 504 2716 464 505 2320 465 506 3020 466 507 2085 467 508 761 468 509 92 469 510 121 470 511 103 471 512 2670 472 513 844 473 514 2669 474 515 2186 475 516 2430 476 517 2247 477 518 2723 478 519 2726 479 520 2147 480 521 2958 60 522 2217 481 523 1495 100 524 2643 482 525 2628 43 526 2627 483 527 3015 415 528 3017 484 529 3016 485 530 421 486 531 464 487 532 422 488 533 2420 372 534 1462 489 535 198 490 536 2029 491 537 2948 492 538 2030 493 539 818 494 540 2333 495 541 2247 477 542 2369 496 543 2368 497 544 2280 448 545 3329 498 546 3331 499 547 1958 500 548 2450 501 549 2449 502 550 1780 503 551 1397 17 552 1384 15 553 1383 430 554 2197 504 555 2455 505 556 2196 506 557 965 507 558 2907 508 559 2101 249 560 2524 509 561 2523 510 562 1914 511 563 642 512 564 643 513 565 637 514 566 3122 170 567 1577 515 568 1196 516 569 2581 517 570 1896 518 571 2580 519 572 807 520 573 2642 521 574 2072 522 575 576 523 576 600 524 577 601 525 578 1532 526 579 470 527 580 1953 342 581 805 528 582 2892 529 583 803 530 584 2652 531 585 2651 532 586 2624 533 587 802 534 588 2219 535 589 1641 88 590 1977 536 591 729 537 592 2888 538 593 2502 539 594 2501 540 595 1816 541 596 792 542 597 781 543 598 780 544 599 784 545 600 794 546 601 785 547 602 1638 114 603 3033 548 604 3034 366 605 780 544 606 773 549 607 772 550 608 782 551 609 775 552 610 774 553 611 2317 554 612 2397 555 613 196 556 614 606 557 615 582 558 616 605 559 617 2044 560 618 3291 561 619 1054 305 620 2935 269 621 1093 562 622 1699 563 623 757 106 624 2627 483 625 1555 564 626 3044 123 627 193 122 628 192 441 629 758 565 630 749 566 631 748 567 632 759 568 633 750 431 634 749 566 635 760 569 636 751 570 637 750 431 638 2366 571 639 2116 297 640 2115 296 641 2078 572 642 776 573 643 1751 574 644 749 566 645 738 433 646 737 575 647 1178 576 648 1917 577 649 2016 192 650 1841 437 651 3204 578 652 1842 290 653 2049 579 654 700 580 655 2712 581 656 825 582 657 3152 583 658 1994 584 659 1963 585 660 321 586 661 299 587 662 845 588 663 868 589 664 888 590 665 2236 591 666 3104 592 667 2202 593 668 703 594 669 714 595 670 704 596 671 1951 597 672 2730 598 673 1950 599 674 2656 600 675 1923 601 676 709 602 677 1613 603 678 1725 604 679 189 605 680 1833 49 681 465 606 682 444 47 683 1305 607 684 1301 608 685 1327 609 686 692 160 687 1950 599 688 2730 598 689 2928 610 690 2927 611 691 1497 612 692 1565 613 693 3058 614 694 1564 615 695 1944 616 696 1942 261 697 1943 617 698 621 618 699 638 619 700 622 620 701 672 621 702 3174 622 703 1876 623 704 3258 624 705 3257 625 706 2045 626 707 667 627 708 2189 628 709 661 629 710 3271 319 711 2395 630 712 1206 631 713 2027 632 714 2376 633 715 2028 634 716 1906 635 717 2844 636 718 2843 637 719 487 638 720 468 639 721 505 640 722 2997 641 723 1562 642 724 351 643 725 2934 270 726 2283 644 727 2284 645 728 562 646 729 602 647 730 540 648 731 3097 649 732 2086 650 733 753 651 734 309 652 735 308 653 736 343 654 737 642 512 738 637 514 739 636 655 740 637 514 741 643 513 742 638 619 743 2977 656 744 2976 657 745 1428 658 746 2491 659 747 2352 660 748 2353 661 749 8 662 750 630 663 751 608 664 752 608 664 753 631 665 754 609 666 755 609 666 756 632 434 757 610 436 758 633 667 759 612 668 760 611 435 761 634 669 762 613 670 763 612 668 764 3291 561 765 1666 671 766 3290 672 767 536 673 768 560 674 769 537 675 770 7 676 771 608 664 772 583 677 773 583 677 774 608 664 775 609 666 776 584 74 777 610 436 778 585 678 779 611 435 780 587 679 781 586 680 782 612 668 783 588 681 784 587 679 785 613 670 786 589 682 787 588 681 788 614 683 789 590 684 790 589 682 791 615 685 792 590 684 793 614 683 794 615 685 795 592 686 796 591 687 797 616 688 798 593 689 799 592 686 800 2008 690 801 3273 691 802 3272 692 803 595 693 804 619 694 805 596 695 806 596 695 807 620 696 808 597 697 809 620 696 810 598 698 811 597 697 812 599 699 813 623 700 814 600 524 815 1774 701 816 564 702 817 2136 703 818 604 704 819 2954 705 820 1858 706 821 518 707 822 498 708 823 517 709 824 568 75 825 585 678 826 569 710 827 585 678 828 570 711 829 569 710 830 586 680 831 571 712 832 570 711 833 587 679 834 572 713 835 571 712 836 588 681 837 573 714 838 572 713 839 2858 715 840 1560 716 841 2269 717 842 576 523 843 601 525 844 577 325 845 1654 427 846 1652 718 847 1653 428 848 5 719 849 567 76 850 545 720 851 567 76 852 546 721 853 545 720 854 568 75 855 547 722 856 546 721 857 287 268 858 3326 723 859 1657 724 860 198 490 861 2437 725 862 2438 726 863 2277 727 864 589 682 865 2138 728 866 98 729 867 3093 730 868 3117 731 869 574 732 870 557 733 871 556 734 872 559 735 873 579 736 874 560 674 875 1483 737 876 1764 738 877 3283 739 878 1832 740 879 2493 741 880 1702 742 881 316 743 882 3144 744 883 266 745 884 5 719 885 523 746 886 4 747 887 545 720 888 524 748 889 523 746 890 1355 749 891 1338 750 892 1337 751 893 1449 752 894 2406 753 895 1601 754 896 1735 755 897 1488 756 898 527 757 899 509 758 900 532 759 901 510 760 902 1108 761 903 1091 762 904 1090 763 905 557 733 906 534 764 907 533 765 908 3035 766 909 915 767 910 3036 768 911 1747 769 912 3163 770 913 3164 771 914 1402 276 915 1389 772 916 1388 773 917 3312 774 918 3313 775 919 3314 776 920 2661 777 921 1759 778 922 1619 140 923 693 779 924 1951 597 925 2620 780 926 534 764 927 513 781 928 512 782 929 535 783 930 514 784 931 513 781 932 517 709 933 538 785 934 518 707 935 489 786 936 1449 752 937 1777 787 938 492 788 939 511 789 940 493 790 941 1049 791 942 3191 300 943 1884 203 944 515 792 945 496 793 946 495 794 947 516 795 948 497 796 949 496 793 950 517 709 951 498 708 952 497 796 953 499 454 954 520 797 955 500 798 956 261 2 957 2295 799 958 262 800 959 469 801 960 2481 802 961 1887 803 962 1569 804 963 2187 805 964 471 806 965 472 807 966 493 790 967 473 808 968 473 808 969 494 809 970 474 810 971 1289 811 972 1279 812 973 1288 813 974 498 708 975 477 456 976 476 814 977 485 815 978 2470 816 979 1739 817 980 3303 78 981 1573 151 982 3302 79 983 2020 818 984 3271 319 985 1206 631 986 1471 452 987 1430 819 988 450 820 989 1315 821 990 1314 822 991 1332 823 992 1383 430 993 1374 824 994 1373 94 995 456 825 996 480 826 997 457 827 998 481 828 999 462 829 1000 461 830 1001 486 831 1002 467 832 1003 466 833 1004 2413 834 1005 2209 29 1006 1211 31 1007 427 835 1008 2259 836 1009 2899 837 1010 1610 838 1011 2301 839 1012 451 222 1013 455 840 1014 433 841 1015 432 842 1016 459 843 1017 440 844 1018 439 845 1019 441 846 1020 460 847 1021 442 848 1022 3040 849 1023 3041 850 1024 1714 851 1025 399 852 1026 430 853 1027 400 854 1028 1575 855 1029 2847 856 1030 1873 857 1031 433 841 1032 405 858 1033 404 859 1034 434 860 1035 409 861 1036 408 862 1037 435 863 1038 410 864 1039 409 861 1040 3163 770 1041 761 468 1042 752 865 1043 437 866 1044 412 867 1045 411 868 1046 1926 869 1047 2506 870 1048 2152 871 1049 2925 872 1050 1544 873 1051 969 874 1052 1955 875 1053 3092 876 1054 3116 877 1055 2135 878 1056 3206 879 1057 1481 880 1058 3161 881 1059 3160 882 1060 1879 883 1061 406 884 1062 381 885 1063 380 886 1064 976 887 1065 977 370 1066 971 369 1067 411 868 1068 384 888 1069 383 889 1070 704 596 1071 1639 890 1072 1786 891 1073 414 892 1074 387 893 1075 386 894 1076 2458 895 1077 1970 896 1078 2459 897 1079 1913 898 1080 485 815 1081 1739 817 1082 2458 895 1083 2013 899 1084 842 900 1085 170 901 1086 178 902 1087 2570 903 1088 2804 904 1089 2218 905 1090 2803 906 1091 354 907 1092 1464 908 1093 1566 909 1094 627 910 1095 2103 911 1096 2954 705 1097 645 912 1098 648 913 1099 646 914 1100 1215 915 1101 1181 916 1102 1166 917 1103 363 918 1104 385 919 1105 364 920 1106 52 921 1107 46 922 1108 59 923 1109 2446 924 1110 2445 925 1111 2288 926 1112 344 927 1113 365 928 1114 345 929 1115 389 930 1116 390 931 1117 367 932 1118 768 933 1119 3338 934 1120 1930 935 1121 366 936 1122 329 937 1123 387 893 1124 1643 938 1125 2555 939 1126 2556 940 1127 335 941 1128 3084 942 1129 1708 943 1130 1848 944 1131 1722 945 1132 914 946 1133 305 947 1134 2832 948 1135 1822 949 1136 310 950 1137 326 951 1138 311 952 1139 327 953 1140 313 954 1141 312 955 1142 375 956 1143 3161 881 1144 1879 883 1145 271 957 1146 298 958 1147 272 959 1148 2503 960 1149 2260 1 1150 2504 961 1151 1762 962 1152 2944 963 1153 2945 964 1154 2883 965 1155 349 966 1156 1424 967 1157 2233 131 1158 3294 968 1159 3295 266 1160 3326 723 1161 3327 969 1162 1657 724 1163 1243 970 1164 1235 971 1165 1252 972 1166 298 958 1167 3251 973 1168 272 959 1169 3343 313 1170 3349 80 1171 3341 82 1172 1844 974 1173 1875 975 1174 342 976 1175 2103 911 1176 1773 977 1177 606 557 1178 772 550 1179 765 978 1180 764 979 1181 248 980 1182 247 981 1183 274 982 1184 952 983 1185 1476 984 1186 2214 985 1187 167 986 1188 226 987 1189 175 988 1190 2548 989 1191 2547 990 1192 1988 991 1193 1375 13 1194 1362 11 1195 1361 992 1196 2275 993 1197 1450 994 1198 541 995 1199 536 673 1200 517 709 1201 516 795 1202 1742 996 1203 2373 226 1204 1743 997 1205 369 998 1206 392 999 1207 370 1000 1208 539 1001 1209 540 648 1210 521 1002 1211 2358 1003 1212 2225 1004 1213 2357 1005 1214 2279 1006 1215 2365 1007 1216 195 1008 1217 1095 1009 1218 1427 1010 1219 2976 657 1220 2037 1011 1221 2469 1012 1222 2468 1013 1223 1807 1014 1224 2465 149 1225 2464 1015 1226 979 1016 1227 1696 1017 1228 1433 1018 1229 1615 1019 1230 3320 152 1231 1614 1020 1232 1452 1021 1233 2543 1022 1234 1453 1023 1235 1114 1024 1236 1428 658 1237 2235 1025 1238 1462 489 1239 1422 371 1240 220 1026 1241 2521 1027 1242 2520 1028 1243 1469 318 1244 2846 1029 1245 909 1030 1246 1518 1031 1247 207 1032 1248 218 1033 1249 208 1034 1250 1858 706 1251 2954 705 1252 2103 911 1253 1949 1035 1254 1660 1036 1255 194 1037 1256 1605 1038 1257 1606 316 1258 1557 1039 1259 1803 1040 1260 1804 1041 1261 2977 656 1262 439 845 1263 437 866 1264 438 1042 1265 3082 1043 1266 2990 1044 1267 1010 1045 1268 1597 1046 1269 647 1047 1270 1755 1048 1271 1435 1049 1272 2442 445 1273 1436 1050 1274 665 1051 1275 676 1052 1276 671 1053 1277 592 686 1278 3046 65 1279 2176 1054 1280 1030 314 1281 1455 1055 1282 2987 1056 1283 640 1057 1284 639 1058 1285 646 914 1286 491 1059 1287 1807 1014 1288 2004 1060 1289 2959 1061 1290 3342 1062 1291 1029 1063 1292 2069 1064 1293 2804 904 1294 2803 906 1295 2808 83 1296 1494 1065 1297 2217 481 1298 3237 1066 1299 2020 818 1300 1206 631 1301 2297 1067 1302 3185 1068 1303 2298 1069 1304 114 1070 1305 113 1071 1306 2171 1072 1307 541 995 1308 3215 1073 1309 2275 993 1310 2007 1074 1311 1605 1038 1312 213 1075 1313 31 1076 1314 1408 1077 1315 1407 1078 1316 625 1079 1317 645 912 1318 602 647 1319 3023 1080 1320 1632 1081 1321 1071 1082 1322 1384 15 1323 1375 13 1324 1374 824 1325 507 1083 1326 1586 1084 1327 3314 776 1328 3014 1085 1329 1799 1086 1330 3013 1087 1331 3310 1088 1332 724 1089 1333 3309 1090 1334 2431 1091 1335 2433 1092 1336 2091 1093 1337 3264 1094 1338 3199 1095 1339 2125 1096 1340 1954 1097 1341 2785 1098 1342 1587 1099 1343 812 1100 1344 2450 501 1345 1780 503 1346 1367 1101 1347 1354 1102 1348 1353 1103 1349 281 1104 1350 1682 1105 1351 1720 1106 1352 1656 1107 1353 910 1108 1354 905 1109 1355 3107 262 1356 1942 261 1357 1799 1086 1358 1011 1110 1359 1012 328 1360 2312 1111 1361 636 655 1362 619 694 1363 618 1112 1364 1433 1018 1365 1578 383 1366 2809 1113 1367 1596 1114 1368 2907 508 1369 965 507 1370 176 1115 1371 204 1116 1372 177 1117 1373 1653 428 1374 1690 1118 1375 1691 251 1376 2598 1119 1377 1646 175 1378 1645 1120 1379 2226 1121 1380 2355 1122 1381 2356 1123 1382 2225 1004 1383 2356 1123 1384 2357 1005 1385 2357 1005 1386 2356 1123 1387 2358 1003 1388 2360 1124 1389 2359 1125 1390 2361 1126 1391 718 102 1392 2363 101 1393 2362 1127 1394 2254 1128 1395 225 1129 1396 224 1130 1397 1564 615 1398 332 1131 1399 1424 967 1400 917 1132 1401 1024 1133 1402 985 1134 1403 2368 497 1404 2369 496 1405 2370 450 1406 2329 375 1407 2330 1135 1408 2892 529 1409 1552 1136 1410 2043 304 1411 2044 560 1412 1969 227 1413 2373 226 1414 1968 198 1415 2375 1137 1416 2374 1138 1417 2066 1139 1418 2376 633 1419 2377 1140 1420 2028 634 1421 2229 1141 1422 2144 1142 1423 2145 1143 1424 1592 1144 1425 1591 46 1426 2382 45 1427 1593 1145 1428 2385 1146 1429 1594 1147 1430 2131 1148 1431 2166 1149 1432 2687 1150 1433 2387 1151 1434 2388 1152 1435 2386 1153 1436 2390 1154 1437 2182 1155 1438 2389 1156 1439 2390 1154 1440 2389 1156 1441 1672 1157 1442 1017 339 1443 1001 335 1444 1037 386 1445 2393 1158 1446 2392 252 1447 1691 251 1448 2393 1158 1449 2394 1159 1450 2392 252 1451 1207 321 1452 2395 630 1453 2051 1160 1454 507 1083 1455 1777 787 1456 1449 752 1457 2401 1161 1458 1844 974 1459 2402 1162 1460 2402 1162 1461 2403 1163 1462 2089 1164 1463 357 1165 1464 2403 1163 1465 1814 1166 1466 2403 1163 1467 2400 1167 1468 1814 1166 1469 1752 1168 1470 2404 1169 1471 2405 1170 1472 2407 1171 1473 1449 752 1474 489 786 1475 2406 753 1476 2407 1171 1477 2405 1170 1478 2409 1172 1479 2410 1173 1480 2408 1174 1481 112 1175 1482 1481 880 1483 1445 1176 1484 2417 1177 1485 2416 1178 1486 1729 1179 1487 2417 1177 1488 2418 1180 1489 2416 1178 1490 1725 604 1491 2335 1181 1492 187 1182 1493 2423 1183 1494 2422 1184 1495 1582 1185 1496 2017 1186 1497 2422 1184 1498 2423 1183 1499 457 827 1500 435 863 1501 434 860 1502 2969 1187 1503 1818 1188 1504 284 1189 1505 2136 703 1506 3215 1073 1507 3214 1190 1508 3183 283 1509 3181 1191 1510 1649 1192 1511 2429 1193 1512 2219 535 1513 803 530 1514 2428 1194 1515 2427 1195 1516 2429 1193 1517 2481 802 1518 1753 1196 1519 2483 1197 1520 812 1100 1521 2430 476 1522 2186 475 1523 1198 1198 1524 3209 1199 1525 3210 1200 1526 78 1201 1527 91 1202 1528 102 1203 1529 2432 1204 1530 2431 1091 1531 1507 1205 1532 1980 1206 1533 3112 1207 1534 1929 1208 1535 819 1209 1536 2370 450 1537 2333 495 1538 1512 378 1539 2436 1210 1540 2435 1211 1541 2962 119 1542 1411 1212 1543 1009 178 1544 1829 1213 1545 1803 1040 1546 3034 366 1547 1570 1214 1548 2557 1215 1549 1609 1216 1550 433 841 1551 455 840 1552 478 455 1553 2439 1217 1554 1583 1218 1555 1582 1185 1556 1499 1219 1557 705 1220 1558 1640 1221 1559 1197 310 1560 3169 1222 1561 3170 1223 1562 1498 1224 1563 704 596 1564 714 595 1565 2573 1225 1566 2576 107 1567 2577 1226 1568 2447 1227 1569 1875 975 1570 2446 924 1571 2450 501 1572 2186 475 1573 814 449 1574 2448 1228 1575 2449 502 1576 2450 501 1577 2709 1229 1578 1924 1230 1579 1925 1231 1580 2455 505 1581 2454 1232 1582 2196 506 1583 2042 1233 1584 2430 476 1585 812 1100 1586 1970 896 1587 1971 1234 1588 2459 897 1589 1971 1234 1590 1972 1235 1591 2459 897 1592 2102 1236 1593 2910 1237 1594 2773 1238 1595 1009 178 1596 1008 120 1597 2962 119 1598 2460 1239 1599 2461 1240 1600 2462 1241 1601 1490 1242 1602 3213 1243 1603 1775 1244 1604 2468 1013 1605 2469 1012 1606 2467 442 1607 2467 442 1608 2180 444 1609 2466 1245 1610 1739 817 1611 2470 816 1612 2471 1246 1613 617 1247 1614 594 1248 1615 593 689 1616 519 1249 1617 499 454 1618 518 707 1619 1970 896 1620 2480 1250 1621 1971 1234 1622 1887 803 1623 2483 1197 1624 1888 1251 1625 2367 1252 1626 1964 1253 1627 293 1254 1628 2483 1197 1629 2482 1255 1630 2481 802 1631 712 1256 1632 734 1257 1633 728 1258 1634 1546 1259 1635 2487 1260 1636 1545 1261 1637 1345 1262 1638 1331 1263 1639 1344 1264 1640 2486 1265 1641 2487 1260 1642 2485 1266 1643 2255 1267 1644 2453 295 1645 2116 297 1646 2490 1268 1647 2489 1269 1648 2352 660 1649 2491 659 1650 2488 1270 1651 2309 1271 1652 1981 1272 1653 306 1273 1654 2088 1274 1655 1637 1275 1656 3124 1276 1657 1075 1277 1658 2226 1121 1659 2356 1123 1660 2225 1004 1661 359 1278 1662 1783 1279 1663 2444 1280 1664 2495 1281 1665 1468 1282 1666 2496 1283 1667 2498 23 1668 2499 1284 1669 952 983 1670 224 1130 1671 1567 1285 1672 202 1286 1673 2500 1287 1674 2501 540 1675 2502 539 1676 2535 1288 1677 1533 1289 1678 2532 1290 1679 1502 1291 1680 2506 870 1681 653 1292 1682 653 1292 1683 2506 870 1684 1926 869 1685 465 606 1686 2507 1293 1687 1913 898 1688 2510 1294 1689 2509 1295 1690 1452 1021 1691 1356 1296 1692 1326 1297 1693 1339 1298 1694 2511 1299 1695 2512 1300 1696 2353 661 1697 1667 1301 1698 1634 302 1699 1666 671 1700 1880 1302 1701 2257 1303 1702 1881 1304 1703 1786 891 1704 1639 890 1705 1787 1305 1706 1640 1221 1707 705 1220 1708 697 1306 1709 2514 1307 1710 1999 1308 1711 1998 1309 1712 2516 1310 1713 2084 1311 1714 1999 1308 1715 2515 1312 1716 2514 1307 1717 2083 1313 1718 1051 309 1719 1050 1314 1720 1075 1277 1721 2154 1315 1722 694 1316 1723 690 1317 1724 2519 1318 1725 2520 1028 1726 2521 1027 1727 1041 1319 1728 2304 1320 1729 1976 1321 1730 2522 1322 1731 2523 510 1732 2524 509 1733 1446 1323 1734 2344 1324 1735 2525 1325 1736 2525 1325 1737 2344 1324 1738 2526 1326 1739 1800 1327 1740 3107 262 1741 1799 1086 1742 2530 1328 1743 2531 1329 1744 2529 1330 1745 2508 1331 1746 2541 1332 1747 1452 1021 1748 2534 1333 1749 2533 1334 1750 1534 1335 1751 2534 1333 1752 2535 1288 1753 2533 1334 1754 297 356 1755 298 958 1756 271 957 1757 1864 1336 1758 2537 1337 1759 1865 1338 1760 2539 1339 1761 2538 1340 1762 2540 1341 1763 1418 347 1764 3187 208 1765 3188 207 1766 2544 1342 1767 2543 1022 1768 1486 1343 1769 2653 1344 1770 3248 1345 1771 1845 1346 1772 1889 1347 1773 2545 1348 1774 1888 1251 1775 2083 1313 1776 1888 1251 1777 2084 1311 1778 2084 1311 1779 2545 1348 1780 447 1349 1781 2294 1350 1782 2546 1351 1783 2547 990 1784 2294 1350 1785 2547 990 1786 2295 799 1787 2295 799 1788 2548 989 1789 2549 1352 1790 897 1353 1791 918 1354 1792 873 1355 1793 2555 1356 1794 2554 1357 1795 2556 1358 1796 1609 1216 1797 2557 1215 1798 1608 1359 1799 2559 1360 1800 1570 1214 1801 912 1361 1802 2559 1360 1803 2558 1362 1804 2557 1215 1805 2112 1363 1806 2563 1364 1807 2111 1365 1808 2562 1366 1809 2561 1367 1810 2093 1368 1811 2562 1366 1812 2563 1364 1813 2561 1367 1814 2564 1369 1815 1927 1370 1816 2565 1371 1817 1619 140 1818 1618 420 1819 2567 1372 1820 2572 1373 1821 2571 1374 1822 2570 903 1823 3177 1375 1824 3072 1376 1825 3176 1377 1826 1769 1378 1827 2582 1379 1828 2581 517 1829 2064 1380 1830 2671 1381 1831 2668 1382 1832 2768 1383 1833 1677 414 1834 949 1384 1835 2584 1385 1836 2583 1386 1837 2124 1387 1838 2584 1385 1839 2585 1388 1840 2583 1386 1841 469 801 1842 2083 1313 1843 2514 1307 1844 2623 1389 1845 2622 1390 1846 2146 1391 1847 2719 1392 1848 2720 1393 1849 2305 1394 1850 2589 1395 1851 2590 1396 1852 2591 1397 1853 2955 1398 1854 2245 1399 1855 2216 1400 1856 2595 1401 1857 2594 1402 1858 2593 1403 1859 2599 1404 1860 1502 1291 1861 653 1292 1862 2602 35 1863 2601 37 1864 1550 197 1865 2605 1405 1866 2604 1406 1867 2603 1407 1868 2609 116 1869 2285 115 1870 908 1408 1871 2609 1409 1872 2608 1410 1873 2607 1411 1874 2611 1412 1875 2612 1413 1876 2060 1414 1877 1863 1415 1878 2610 1416 1879 2611 1412 1880 1874 1417 1881 2613 1418 1882 810 1419 1883 2615 1420 1884 2614 1421 1885 901 1422 1886 2617 1423 1887 853 1424 1888 2191 1425 1889 2191 1425 1890 2616 1426 1891 2617 1423 1892 956 1427 1893 3063 1428 1894 2164 1429 1895 2622 1390 1896 1999 1308 1897 2146 1391 1898 330 1430 1899 291 1431 1900 315 1432 1901 2626 1433 1902 2625 1434 1903 2624 533 1904 2067 1435 1905 2375 1137 1906 2066 1139 1907 2631 1436 1908 2632 1437 1909 2630 1438 1910 2635 1439 1911 2634 1440 1912 2633 1441 1913 1883 1442 1914 2636 1443 1915 709 602 1916 2394 1159 1917 1690 1118 1918 2391 1444 1919 1555 564 1920 1556 42 1921 1678 1445 1922 844 473 1923 1802 1446 1924 2639 1447 1925 3036 768 1926 1509 1448 1927 3035 766 1928 2048 1449 1929 1758 1450 1930 787 1451 1931 2072 522 1932 2642 521 1933 2641 1452 1934 336 1453 1935 352 1454 1936 393 99 1937 2026 1455 1938 2397 555 1939 197 373 1940 2022 231 1941 1947 233 1942 844 473 1943 144 1456 1944 2346 1457 1945 2588 1458 1946 1895 181 1947 2579 180 1948 1896 518 1949 2130 1459 1950 3089 1460 1951 2129 1461 1952 2648 1462 1953 2646 1463 1954 262 800 1955 1086 1464 1956 1066 1465 1957 1045 1466 1958 2651 532 1959 2652 531 1960 2650 1467 1961 2655 1468 1962 2654 1469 1963 1650 1470 1964 1923 601 1965 2656 600 1966 2657 1471 1967 2660 1472 1968 2659 1473 1969 1439 1474 1970 1699 563 1971 2905 1475 1972 1698 1476 1973 109 1477 1974 167 986 1975 156 1478 1976 1826 1479 1977 1963 585 1978 1962 1480 1979 2662 1481 1980 2087 1482 1981 2663 1483 1982 2667 97 1983 2096 1484 1984 2131 1148 1985 2666 98 1986 2667 97 1987 2665 1485 1988 1946 232 1989 1896 518 1990 1897 1486 1991 1130 237 1992 2161 1487 1993 2030 493 1994 1485 1488 1995 2543 1022 1996 2542 1489 1997 2268 1490 1998 2675 1491 1999 2267 1492 2000 2675 1491 2001 902 1493 2002 2267 1492 2003 1356 1296 2004 1355 749 2005 1368 1494 2006 2936 1495 2007 1990 1496 2008 1419 1497 2009 1406 58 2010 1394 1498 2011 1380 1499 2012 1831 1500 2013 2082 1501 2014 2680 1502 2015 2680 1502 2016 2679 1503 2017 2047 1504 2018 2679 1503 2019 2680 1502 2020 2678 1505 2021 1417 1506 2022 2312 1111 2023 1012 328 2024 2238 1507 2025 2752 1508 2026 118 1509 2027 1679 1510 2028 1671 1511 2029 1670 1512 2030 1412 1513 2031 1050 1314 2032 2798 1514 2033 2687 1150 2034 2686 1515 2035 2132 1516 2036 2132 1516 2037 2684 1517 2038 2133 1518 2039 2686 1515 2040 2687 1150 2041 2685 1519 2042 2645 1520 2043 3340 1521 2044 2615 1420 2045 2291 1522 2046 2868 1523 2047 2292 1524 2048 1538 1525 2049 2474 1526 2050 1537 1527 2051 2690 176 2052 2689 1528 2053 2691 174 2054 2319 1529 2055 1781 1530 2056 172 1531 2057 1683 1532 2058 1684 396 2059 1647 1533 2060 203 1534 2061 1567 1285 2062 213 1075 2063 2070 84 2064 2696 48 2065 423 52 2066 423 52 2067 2696 48 2068 1636 1535 2069 2338 1536 2070 2697 1537 2071 2698 1538 2072 2698 1538 2073 2697 1537 2074 2699 1539 2075 2338 1536 2076 2339 1540 2077 2697 1537 2078 2701 1541 2079 1578 383 2080 2700 1542 2081 209 1543 2082 192 441 2083 181 1544 2084 2704 1545 2085 2703 1546 2086 2705 1547 2087 796 1548 2088 793 1549 2089 792 542 2090 2706 1550 2091 1792 1551 2092 2231 1552 2093 1556 42 2094 2627 483 2095 2628 43 2096 2710 1553 2097 2711 1554 2098 1936 248 2099 2049 579 2100 2714 1555 2101 2713 1556 2102 1421 1557 2103 2049 579 2104 2713 1556 2105 709 602 2106 2712 581 2107 1883 1442 2108 1426 1558 2109 2996 1559 2110 2995 1560 2111 2716 464 2112 2717 463 2113 2715 1561 2114 718 102 2115 1420 1562 2116 2251 1563 2117 1129 1564 2118 1128 1565 2119 1145 1566 2120 1346 28 2121 1332 823 2122 1345 1262 2123 369 998 2124 420 1567 2125 392 999 2126 2724 1568 2127 471 806 2128 2725 1569 2129 2004 1060 2130 1568 1570 2131 2725 1569 2132 491 1059 2133 2726 479 2134 1532 526 2135 3051 1571 2136 308 653 2137 2194 1572 2138 1317 1573 2139 1385 1574 2140 1399 1575 2141 3165 346 2142 1417 1506 2143 1418 347 2144 2728 1576 2145 2729 1577 2146 2727 1578 2147 2733 1579 2148 2732 1580 2149 1951 597 2150 2179 1581 2151 2731 1582 2152 2732 1580 2153 2735 1583 2154 2736 1584 2155 624 1585 2156 2738 1586 2157 2739 1587 2158 2740 50 2159 2612 1413 2160 2610 1416 2161 101 1588 2162 1441 1589 2163 2741 1590 2164 145 1591 2165 2039 1592 2166 2744 1593 2167 2745 1594 2168 425 1595 2169 424 1596 2170 446 1597 2171 2749 162 2172 1795 1598 2173 1749 1599 2174 1561 1600 2175 860 1601 2176 2269 717 2177 987 1602 2178 1417 1506 2179 1014 332 2180 1680 1603 2181 319 355 2182 337 1604 2183 2752 1508 2184 2751 1605 2185 2750 1606 2186 2156 1607 2187 2195 1608 2188 285 130 2189 2753 1609 2190 2351 1610 2191 1663 1611 2192 2756 1612 2193 2757 1613 2194 2755 1614 2195 784 545 2196 783 1615 2197 794 546 2198 1759 778 2199 2759 218 2200 2758 1616 2201 1019 33 2202 2700 1542 2203 1790 34 2204 735 1617 2205 734 1257 2206 755 1618 2207 2471 1246 2208 1595 1619 2209 502 1620 2210 867 1621 2211 1769 1378 2212 875 1622 2213 2764 1623 2214 2763 1624 2215 2765 1625 2216 2767 412 2217 1413 1626 2218 2766 1627 2219 2766 1627 2220 1414 1628 2221 1415 1629 2222 1757 1630 2223 2705 1631 2224 2703 1632 2225 1415 1629 2226 2767 412 2227 2766 1627 2228 2769 1633 2229 2770 1634 2230 2768 1383 2231 1782 1635 2232 2770 1634 2233 943 1636 2234 3123 1637 2235 551 1638 2236 2278 1639 2237 2772 1640 2238 2773 1238 2239 238 1641 2240 2722 1642 2241 2306 1643 2242 2721 1644 2243 1631 1645 2244 1589 1646 2245 1095 1009 2246 188 1647 2247 1613 603 2248 3321 1648 2249 2776 1649 2250 1433 1018 2251 1696 1017 2252 2776 1649 2253 2775 1650 2254 1432 384 2255 2327 1651 2256 2780 1652 2257 450 820 2258 2778 1653 2259 2777 1654 2260 1471 452 2261 1471 452 2262 2777 1654 2263 1470 1655 2264 2188 1656 2265 2777 1654 2266 2187 805 2267 2779 1657 2268 2780 1652 2269 471 806 2270 471 806 2271 2780 1652 2272 1434 1658 2273 0 1659 2274 10 18 2275 1409 1660 2276 2782 1661 2277 2781 1662 2278 2265 1663 2279 2323 1664 2280 1599 1665 2281 374 323 2282 1599 1665 2283 2783 1666 2284 1598 1667 2285 2786 1668 2286 1954 1097 2287 131 1669 2288 2785 1098 2289 2786 1668 2290 2784 1670 2291 2765 1671 2292 2107 1672 2293 162 1673 2294 1286 1674 2295 1300 1675 2296 1324 1676 2297 2788 1677 2298 2789 1678 2299 2790 1679 2300 1681 1680 2301 1680 1603 2302 2970 1681 2303 1922 1682 2304 3170 1223 2305 1198 1198 2306 2794 1683 2307 2793 1684 2308 2792 1685 2309 2792 1685 2310 1916 1686 2311 2791 1687 2312 2531 1329 2313 2058 1688 2314 896 1689 2315 2797 1690 2316 880 1691 2317 2023 1692 2318 3250 1693 2319 1879 883 2320 1975 1694 2321 1458 1695 2322 2798 1514 2323 1457 1696 2324 2798 1514 2325 1050 1314 2326 1051 309 2327 1412 1513 2328 2799 1697 2329 1413 1626 2330 1413 1626 2331 2799 1697 2332 1414 1628 2333 1414 1628 2334 2799 1697 2335 1415 1629 2336 1818 1188 2337 1817 1698 2338 2092 1699 2339 1409 1660 2340 1397 17 2341 1396 429 2342 2800 1700 2343 2801 1701 2344 1695 1702 2345 1588 1703 2346 1587 1099 2347 2784 1670 2348 1030 314 2349 3344 125 2350 3343 313 2351 671 1053 2352 677 1704 2353 672 621 2354 661 629 2355 2462 1705 2356 2334 1706 2357 591 687 2358 2138 728 2359 590 684 2360 1495 100 2361 2217 481 2362 1494 1065 2363 1730 253 2364 1729 1179 2365 2416 1178 2366 2110 1707 2367 3065 1708 2368 2109 1709 2369 1671 1511 2370 2810 343 2371 1670 1512 2372 1430 819 2373 2812 451 2374 1431 1710 2375 1083 1711 2376 2303 1712 2377 1063 1713 2378 2814 1714 2379 2815 1715 2380 2813 1716 2381 2819 324 2382 1599 1665 2383 2230 1717 2384 2229 1141 2385 1598 1667 2386 395 1718 2387 3347 1719 2388 2904 126 2389 3344 125 2390 2818 1720 2391 1599 1665 2392 2819 324 2393 2823 1721 2394 2824 1722 2395 2822 1723 2396 2826 1724 2397 2825 1725 2398 2827 1726 2399 2830 1727 2400 2829 1728 2401 2119 1729 2402 2120 1730 2403 3350 213 2404 1027 278 2405 2840 1731 2406 2841 1732 2407 2839 1733 2408 2006 1734 2409 2844 636 2410 148 1735 2411 2843 637 2412 2844 636 2413 2842 1736 2414 2845 1737 2415 1647 1533 2416 909 1030 2417 2845 1737 2418 2846 1029 2419 1647 1533 2420 2849 1738 2421 1872 1739 2422 2848 1740 2423 2807 1741 2424 2217 481 2425 2216 1400 2426 2220 1742 2427 2851 1743 2428 2852 1744 2429 2852 1744 2430 2851 1743 2431 2850 1745 2432 2035 1746 2433 2853 1747 2434 2034 425 2435 607 1748 2436 663 1749 2437 726 1750 2438 2855 1751 2439 2161 1487 2440 1130 237 2441 2161 1487 2442 2856 1752 2443 2160 1753 2444 889 1754 2445 2683 1755 2446 2040 1756 2447 1559 1757 2448 2859 1758 2449 870 1759 2450 1737 1760 2451 2861 1761 2452 1518 1031 2453 1212 147 2454 1211 31 2455 2426 30 2456 2860 1762 2457 2861 1761 2458 1701 1763 2459 2864 1764 2460 2865 1765 2461 2863 1766 2462 1992 1767 2463 3333 1768 2464 2028 634 2465 2868 1523 2466 2869 1769 2467 2867 1770 2468 2870 254 2469 1904 1771 2470 1905 255 2471 1681 1680 2472 2972 1772 2473 338 1773 2474 1733 1774 2475 2871 1775 2476 627 910 2477 121 470 2478 122 1776 2479 104 1777 2480 2872 1778 2481 1823 1779 2482 2873 1780 2483 2873 1780 2484 2874 1781 2485 305 947 2486 3170 1223 2487 1655 1782 2488 1198 1198 2489 273 1783 2490 1806 109 2491 274 982 2492 522 1784 2493 2398 1785 2494 3274 1786 2495 1559 1757 2496 2172 20 2497 2876 19 2498 2065 1787 2499 1821 188 2500 1187 1788 2501 1526 1789 2502 2878 1790 2503 2879 1791 2504 1527 1792 2505 1526 1789 2506 2879 1791 2507 2885 1793 2508 2886 1794 2509 2887 1795 2510 2324 165 2511 2246 1796 2512 371 1797 2513 1977 536 2514 2888 538 2515 2889 1798 2516 2892 529 2517 2330 1135 2518 2896 1799 2519 2894 1800 2520 2895 1801 2521 2331 1802 2522 2895 1801 2523 2894 1800 2524 2893 1803 2525 1531 1804 2526 803 530 2527 2896 1799 2528 2896 1799 2529 803 530 2530 2892 529 2531 259 1805 2532 258 1806 2533 2052 1807 2534 79 1808 2535 92 469 2536 57 1809 2537 2897 1810 2538 2898 1811 2539 1903 1812 2540 1772 1813 2541 2244 1814 2542 1773 977 2543 1287 1815 2544 1278 1816 2545 1269 1817 2546 2899 837 2547 2259 836 2548 450 820 2549 2901 1818 2550 450 820 2551 2900 1819 2552 2302 1820 2553 428 1821 2554 2899 837 2555 428 1821 2556 427 835 2557 2899 837 2558 1431 1710 2559 2301 839 2560 2302 1820 2561 2903 1822 2562 2902 1823 2563 1720 1106 2564 1093 562 2565 2905 1475 2566 1699 563 2567 1472 1824 2568 1010 1045 2569 1456 1825 2570 2910 1237 2571 2909 1826 2572 1419 1497 2573 1451 184 2574 2913 186 2575 2911 1827 2576 2913 186 2577 2143 1828 2578 2911 1827 2579 2828 308 2580 1458 1695 2581 1457 1696 2582 2916 190 2583 2065 1787 2584 1187 1788 2585 2273 1829 2586 2120 1730 2587 1027 278 2588 2118 1830 2589 2917 1831 2590 1026 1832 2591 2985 1833 2592 1686 1834 2593 2984 1835 2594 1530 1836 2595 1529 1837 2596 2919 1838 2597 2342 1839 2598 2925 872 2599 969 874 2600 2924 1840 2601 2923 1841 2602 1544 873 2603 2924 1840 2604 2925 872 2605 2923 1841 2606 2923 1841 2607 2343 1842 2608 2922 1843 2609 3077 241 2610 1949 1035 2611 194 1037 2612 2927 611 2613 2928 610 2614 2929 1844 2615 2174 1845 2616 2772 1640 2617 238 1641 2618 2932 1846 2619 2931 1847 2620 2930 1848 2621 2042 1233 2622 812 1100 2623 2524 509 2624 2939 133 2625 1767 1849 2626 1443 1850 2627 1008 120 2628 1007 1851 2629 2942 1852 2630 1080 1853 2631 1100 1854 2632 1118 259 2633 1505 1855 2634 2474 1526 2635 2473 1856 2636 2945 964 2637 2944 963 2638 283 1857 2639 1628 1858 2640 2790 1679 2641 2789 1678 2642 2948 492 2643 2949 1859 2644 1131 1860 2645 2949 1859 2646 2946 1861 2647 1131 1860 2648 1146 1862 2649 1131 1860 2650 2946 1861 2651 2953 389 2652 306 1273 2653 2092 1699 2654 627 910 2655 2954 705 2656 1733 1774 2657 2217 481 2658 2955 1398 2659 2216 1400 2660 1832 740 2661 1702 742 2662 2494 1863 2663 2956 1864 2664 2957 61 2665 2958 60 2666 2436 1210 2667 1543 1865 2668 2435 1211 2669 2960 1866 2670 1410 1867 2671 1411 1212 2672 1708 943 2673 1562 642 2674 1709 1868 2675 2963 1869 2676 2210 1870 2677 965 507 2678 1528 210 2679 2965 167 2680 351 643 2681 351 643 2682 2965 167 2683 2106 166 2684 2967 1871 2685 1737 1760 2686 1611 1872 2687 342 976 2688 2258 1873 2689 1844 974 2690 2966 1874 2691 2967 1875 2692 1572 1876 2693 2972 1772 2694 2248 1877 2695 338 1773 2696 1527 1792 2697 354 907 2698 2972 1772 2699 1527 1792 2700 2970 1681 2701 1526 1789 2702 1804 1041 2703 2976 657 2704 2977 656 2705 683 1878 2706 676 1052 2707 682 1879 2708 2487 1260 2709 2263 1880 2710 905 1109 2711 2979 1881 2712 1978 1882 2713 2980 1883 2714 2981 1884 2715 2980 1883 2716 1978 1882 2717 1686 1834 2718 2983 1885 2719 2984 1835 2720 2984 1835 2721 2983 1885 2722 2985 1833 2723 1686 1834 2724 1687 1886 2725 2983 1885 2726 1456 1825 2727 2987 1056 2728 1455 1055 2729 1410 1867 2730 2988 1887 2731 1411 1212 2732 1539 1888 2733 1505 1855 2734 2472 1889 2735 2995 1560 2736 2996 1559 2737 2997 641 2738 2999 1890 2739 2998 63 2740 3000 62 2741 3002 1891 2742 3001 1892 2743 1491 1893 2744 1566 909 2745 2248 1877 2746 354 907 2747 1804 1041 2748 1829 1213 2749 1830 273 2750 3006 1894 2751 3007 1895 2752 3008 1896 2753 1798 1897 2754 3011 1898 2755 3012 1899 2756 3011 1898 2757 1662 1900 2758 3012 1899 2759 821 1901 2760 3010 1902 2761 3014 1085 2762 1800 1327 2763 3010 1902 2764 1801 1903 2765 2184 1904 2766 3010 1902 2767 821 1901 2768 1755 1048 2769 1461 1905 2770 2762 1906 2771 2127 1907 2772 3015 415 2773 3016 485 2774 1472 1824 2775 3019 1908 2776 1473 1909 2777 1473 1909 2778 3018 1910 2779 1011 1110 2780 3018 1910 2781 1031 81 2782 1011 1110 2783 1455 1055 2784 3019 1908 2785 1456 1825 2786 3021 1911 2787 3022 1912 2788 3020 466 2789 3024 1913 2790 1093 562 2791 1496 271 2792 2190 1914 2793 694 1316 2794 700 580 2795 3031 1915 2796 3032 1916 2797 2262 1917 2798 3030 1918 2799 3031 1915 2800 1745 1919 2801 915 767 2802 3037 1920 2803 3036 768 2804 369 998 2805 350 1921 2806 1463 1922 2807 3040 849 2808 3039 1923 2809 1715 1924 2810 1413 1626 2811 1885 1925 2812 1412 1513 2813 610 436 2814 586 680 2815 585 678 2816 2975 1926 2817 1938 1927 2818 2974 1928 2819 1854 1929 2820 3042 1930 2821 1855 440 2822 732 1931 2823 3240 1932 2824 1563 1933 2825 979 1016 2826 2710 1553 2827 1925 1231 2828 1676 1934 2829 3050 212 2830 335 941 2831 335 941 2832 3050 212 2833 1948 211 2834 1586 1084 2835 1600 1935 2836 1585 1936 2837 1716 1937 2838 3056 1938 2839 3057 1939 2840 3056 1938 2841 1564 615 2842 3057 1939 2843 3058 614 2844 3059 1940 2845 1717 1941 2846 1717 1941 2847 3060 1942 2848 1718 1943 2849 3055 351 2850 1718 1943 2851 3060 1942 2852 3055 351 2853 3060 1942 2854 1565 613 2855 1602 1944 2856 3064 1945 2857 956 1427 2858 3063 1428 2859 3064 1945 2860 3062 1946 2861 3062 1946 2862 1603 1947 2863 3061 1948 2864 2320 465 2865 1916 1686 2866 1915 1949 2867 1681 1680 2868 338 1773 2869 3070 1950 2870 3069 1951 2871 3070 1950 2872 3068 1952 2873 946 408 2874 937 416 2875 945 409 2876 378 1953 2877 360 1954 2878 359 1278 2879 1710 288 2880 3078 1955 2881 1711 1956 2882 3081 286 2883 1632 1081 2884 3080 287 2885 1723 1957 2886 914 946 2887 1722 945 2888 3251 973 2889 273 1783 2890 272 959 2891 1708 943 2892 3084 942 2893 3083 1958 2894 1861 461 2895 3085 460 2896 1862 1959 2897 1089 1960 2898 1070 1961 2899 1069 1962 2900 3087 204 2901 1448 1963 2902 1155 1964 2903 3089 1460 2904 1084 1965 2905 3090 1966 2906 2600 1967 2907 1214 1968 2908 1535 1969 2909 3094 1970 2910 1986 1971 2911 2293 1972 2912 3094 1970 2913 3095 1973 2914 1985 1974 2915 1985 1974 2916 3096 1975 2917 3093 730 2918 2306 1643 2919 829 1976 2920 1662 1900 2921 2073 1977 2922 3100 1978 2923 752 865 2924 3098 1979 2925 3099 1980 2926 3100 1978 2927 2149 1981 2928 3331 499 2929 2150 1982 2930 2001 245 2931 3102 1983 2932 3103 1984 2933 3102 1983 2934 3101 333 2935 1853 143 2936 1773 977 2937 641 1985 2938 1628 1858 2939 3159 1986 2940 2076 1987 2941 399 852 2942 3106 1988 2943 3105 53 2944 2236 591 2945 2020 818 2946 1983 1989 2947 3219 1990 2948 2278 1639 2949 2277 727 2950 3123 1637 2951 1474 1991 2952 2864 1764 2953 2863 1766 2954 2272 1992 2955 3111 1993 2956 2271 1994 2957 1473 1909 2958 2270 1995 2959 3109 1996 2960 1927 1997 2961 2565 1998 2962 799 1999 2963 81 2000 2964 86 2001 2965 75 2002 2966 1193 2003 2967 1194 2004 2968 1979 423 2969 1212 147 2970 2443 2005 2971 1213 2006 2972 3126 2007 2973 3125 2008 2974 2206 2009 2975 900 2010 2976 2040 1756 2977 880 1691 2978 2218 905 2979 2884 2011 2980 2883 965 2981 2561 1367 2982 2560 2012 2983 2093 1368 2984 1817 1698 2985 1788 2013 2986 362 2014 2987 3131 144 2988 3130 2015 2989 1894 2016 2990 2094 2017 2991 2077 2018 2992 375 956 2993 1714 851 2994 2056 2019 2995 398 2020 2996 2056 2019 2997 2094 2017 2998 2057 2021 2999 2313 2022 3000 2314 2023 3001 3133 2024 3002 3133 2024 3003 2314 2023 3004 2315 348 3005 2313 2022 3006 2270 1995 3007 2312 1111 3008 1716 1937 3009 1522 2025 3010 3144 744 3011 1032 2026 3012 3346 2027 3013 1057 282 3014 1146 1862 3015 2029 491 3016 1159 2028 3017 3137 2029 3018 3136 2030 3019 2014 421 3020 1979 423 3021 3135 422 3022 1980 1206 3023 3137 2029 3024 3134 2031 3025 1175 2032 3026 3139 2033 3027 3138 2034 3028 1503 2035 3029 3142 2036 3030 3143 2037 3031 581 2038 3032 3146 2039 3033 3147 2040 3034 292 2041 3035 3145 2042 3036 292 2043 3037 3146 2044 3038 1522 2025 3039 3145 2042 3040 3144 744 3041 3148 220 3042 1868 2045 3043 1154 2046 3044 2207 2047 3045 3150 2048 3046 1154 2046 3047 2293 1972 3048 111 2049 3049 2021 2050 3050 3246 128 3051 1765 2051 3052 1766 2052 3053 2987 1056 3054 2988 1887 3055 1410 1867 3056 1994 584 3057 3152 583 3058 1995 2053 3059 3152 583 3060 832 462 3061 1995 2053 3062 1075 1277 3063 3124 1276 3064 1738 113 3065 1738 113 3066 1812 358 3067 1075 1277 3068 3156 138 3069 1174 2054 3070 3157 136 3071 3157 136 3072 1771 2055 3073 1770 2056 3074 1909 2057 3075 3286 2058 3076 3285 2059 3077 3162 2060 3078 2076 1987 3079 3161 881 3080 1747 769 3081 3164 771 3082 741 2061 3083 3070 1950 3084 1846 2062 3085 321 586 3086 2172 20 3087 2797 1690 3088 2796 2063 3089 2313 2022 3090 3165 346 3091 2314 2023 3092 2341 2064 3093 2937 2065 3094 110 2066 3095 2398 1785 3096 502 1620 3097 1595 1619 3098 1881 1304 3099 2078 572 3100 1880 1302 3101 3140 2067 3102 3138 2034 3103 3139 2033 3104 1721 2068 3105 1861 461 3106 1862 1959 3107 3072 1376 3108 3174 622 3109 3071 2069 3110 3176 2070 3111 3175 2071 3112 3177 2072 3113 3178 2073 3114 1931 2074 3115 1955 875 3116 3179 2075 3117 3180 2076 3118 1932 2077 3119 3182 2078 3120 187 1182 3121 2287 2079 3122 3181 1191 3123 3182 2078 3124 2287 2079 3125 3184 2080 3126 1195 2081 3127 3185 1068 3128 238 1641 3129 2648 1462 3130 2212 2082 3131 1631 1645 3132 1632 1081 3133 1589 1646 3134 1884 203 3135 3189 202 3136 1885 1925 3137 1885 1925 3138 1074 2083 3139 1050 1314 3140 3192 2084 3141 1516 2085 3142 3191 300 3143 3196 2086 3144 3195 365 3145 2055 2087 3146 3198 2088 3147 3199 1095 3148 2264 2089 3149 1660 1036 3150 1661 2090 3151 3200 2091 3152 3201 2092 3153 3202 2093 3154 194 1037 3155 1919 2094 3156 1765 2051 3157 1731 127 3158 3204 578 3159 1713 2095 3160 1117 2096 3161 3206 879 3162 3207 2097 3163 3205 2098 3164 530 2099 3165 555 2100 3166 531 2101 3167 1488 756 3168 1735 755 3169 3211 2102 3170 3212 2103 3171 3213 1243 3172 3211 2102 3173 2632 1437 3174 1886 2104 3175 843 2105 3176 1629 2106 3177 3215 1073 3178 564 702 3179 1857 2107 3180 3217 2108 3181 3216 2109 3182 3217 2108 3183 3218 2110 3184 1824 2111 3185 2740 50 3186 423 52 3187 1636 1535 3188 2354 2112 3189 1690 1118 3190 1652 718 3191 1501 2113 3192 1563 1933 3193 724 1089 3194 1541 2114 3195 3224 2115 3196 3225 2116 3197 3226 2117 3198 3225 2116 3199 1508 2118 3200 3226 2117 3201 3227 2119 3202 3225 2116 3203 2138 728 3204 1902 2120 3205 3123 1637 3206 3230 2121 3207 2316 2122 3208 1958 500 3209 1958 500 3210 1957 2123 3211 3230 2121 3212 3231 357 3213 1634 302 3214 1052 301 3215 3233 2124 3216 3234 2125 3217 2337 2126 3218 3234 2125 3219 3233 2124 3220 2336 39 3221 3238 2127 3222 3239 2128 3223 3240 1932 3224 1536 77 3225 2287 2079 3226 187 1182 3227 1964 1253 3228 3241 2129 3229 293 1254 3230 293 1254 3231 3241 2129 3232 1664 2130 3233 1664 2130 3234 3241 2129 3235 1810 2131 3236 621 618 3237 620 696 3238 637 514 3239 233 2132 3240 232 2133 3241 257 2134 3242 3244 2135 3243 3243 2136 3244 3242 2137 3245 1913 898 3246 1739 817 3247 2537 1337 3248 1996 2138 3249 2140 2139 3250 819 1209 3251 2141 2140 3252 163 2141 3253 2794 1683 3254 1727 2142 3255 759 568 3256 2643 482 3257 3008 1896 3258 3007 1895 3259 684 361 3260 1968 198 3261 1910 289 3262 1969 227 3263 198 490 3264 197 373 3265 2420 372 3266 3254 2143 3267 1805 110 3268 3253 2144 3269 3253 2144 3270 3252 2145 3271 1963 585 3272 1963 585 3273 3251 973 3274 1962 1480 3275 1633 2146 3276 3255 2147 3277 1666 671 3278 2097 96 3279 2664 2148 3280 2098 2149 3281 1668 303 3282 1053 214 3283 1052 301 3284 2350 2150 3285 1877 2151 3286 3258 624 3287 1876 623 3288 2350 2150 3289 672 621 3290 3256 2152 3291 3257 625 3292 3258 624 3293 3168 2153 3294 1869 194 3295 1547 2154 3296 174 2155 3297 1 2156 3298 226 987 3299 3268 2157 3300 3265 2158 3301 1460 2159 3302 2381 44 3303 3266 2160 3304 1459 2161 3305 2055 2087 3306 2200 2162 3307 2054 2163 3308 706 2164 3309 731 432 3310 707 2165 3311 522 1784 3312 3274 1786 3313 1450 994 3314 1450 994 3315 3274 1786 3316 541 995 3317 1624 2166 3318 3276 2167 3319 3277 2168 3320 1622 2169 3321 3275 2170 3322 115 2171 3323 3280 2172 3324 1204 2173 3325 3281 2174 3326 3114 2175 3327 3115 2176 3328 1448 1963 3329 1842 290 3330 3286 2058 3331 1841 437 3332 3286 2058 3333 1842 290 3334 3285 2059 3335 1891 2177 3336 3288 2178 3337 3287 2179 3338 3287 111 3339 3288 2180 3340 1806 109 3341 3289 2181 3342 3288 2182 3343 1890 2183 3344 2043 304 3345 1667 1301 3346 2044 560 3347 292 2043 3348 1717 1941 3349 1718 1943 3350 2231 1552 3351 2230 1717 3352 2145 1143 3353 3290 672 3354 1666 671 3355 1665 2184 3356 505 2185 3357 525 2186 3358 548 2187 3359 2232 2188 3360 3293 2189 3361 2233 131 3362 2151 2190 3363 3296 2191 3364 2150 1982 3365 3297 265 3366 3298 2192 3367 240 263 3368 3110 2193 3369 2271 1994 3370 3111 1993 3371 1640 1221 3372 1787 1305 3373 1639 890 3374 2276 2194 3375 3304 2195 3376 2275 993 3377 3305 2196 3378 3304 2195 3379 3306 2197 3380 3132 2198 3381 1625 2199 3382 3223 2200 3383 1459 2161 3384 2384 2201 3385 2383 2202 3386 3310 1088 3387 1501 2113 3388 724 1089 3389 2796 2063 3390 2023 1692 3391 2795 2203 3392 3309 1090 3393 1429 2204 3394 3308 2205 3395 1642 2206 3396 721 2207 3397 3307 2208 3398 1642 2206 3399 3307 2208 3400 3310 1088 3401 3287 111 3402 1890 2209 3403 3288 2210 3404 1585 1936 3405 1489 2211 3406 3313 775 3407 1490 1242 3408 3311 2212 3409 3314 776 3410 3311 2212 3411 507 1083 3412 3314 776 3413 1488 756 3414 1584 2213 3415 527 757 3416 3316 2214 3417 3315 2215 3418 3317 2216 3419 2582 1379 3420 2668 1382 3421 1897 1486 3422 3320 152 3423 3321 1648 3424 1614 1020 3425 2774 2217 3426 1002 338 3427 1018 2218 3428 3324 25 3429 2080 2219 3430 2079 307 3431 2081 124 3432 1744 2220 3433 1055 2221 3434 3018 1910 3435 3019 1908 3436 1455 1055 3437 1705 404 3438 2841 1732 3439 1706 2222 3440 3327 969 3441 3326 723 3442 1658 2223 3443 3329 498 3444 1959 2224 3445 3330 2225 3446 1957 2123 3447 2149 1981 3448 266 745 3449 2150 1982 3450 3331 499 3451 2151 2190 3452 3331 499 3453 3328 2226 3454 2151 2190 3455 1720 1106 3456 1762 962 3457 282 2227 3458 203 1534 3459 1524 2228 3460 1567 1285 3461 1453 1023 3462 2510 1294 3463 1452 1021 3464 3048 2229 3465 2177 2230 3466 3049 2231 3467 2953 2232 3468 2951 2233 3469 2952 2234 3470 758 565 3471 2643 482 3472 759 568 3473 3337 2235 3474 2215 2236 3475 2003 2237 3476 1411 1212 3477 2990 1044 3478 1009 178 3479 2159 2238 3480 1658 2223 3481 2158 2239 3482 2681 2240 3483 1930 935 3484 3248 1345 3485 3338 934 3486 777 2241 3487 769 2242 3488 3033 548 3489 1097 274 3490 1830 273 3491 3324 25 3492 1742 996 3493 1743 997 3494 1742 996 3495 1967 199 3496 1968 198 3497 1969 227 3498 1078 291 3499 1056 281 3500 3341 82 3501 1455 1055 3502 1030 314 3503 699 2243 3504 677 1704 3505 683 1878 3506 1011 1110 3507 1031 81 3508 3346 2027 3509 3348 215 3510 2043 304 3511 3345 2244 3512 3345 2244 3513 1552 1136 3514 3347 1719 3515 3344 125 3516 1055 2221 3517 3343 313 3518 535 783 3519 576 523 3520 558 327 3521 1315 821 3522 17 2245 3523 18 2246 3524 1333 6 3525 16 8 3526 17 2245 3527 1489 2211 3528 3213 1243 3529 1490 1242 3530 1771 2055 3531 1140 2247 3532 1547 2154 3533 2585 1388 3534 2124 1387 3535 2123 2248 3536 1284 2249 3537 1293 2250 3538 1294 2251 3539 2327 1651 3540 1434 1658 3541 2780 1652 3542 2364 2252 3543 196 556 3544 2365 1007 3545 501 2253 3546 484 2254 3547 483 2255 3548 3304 2195 3549 486 831 3550 502 1620 3551 1788 2013 3552 2969 1187 3553 283 1857 3554 2867 1770 3555 2866 2256 3556 2292 1524 3557 196 556 3558 2137 2257 3559 1993 2258 3560 2234 2259 3561 2478 2260 3562 2477 2261 3563 2352 660 3564 2511 1299 3565 2353 661 3566 1965 2262 3567 1204 2173 3568 3222 2263 3569 335 941 3570 1708 943 3571 3273 691 3572 2121 2264 3573 1208 2265 3574 3336 394 3575 2153 2266 3576 1209 68 3577 2380 70 3578 1212 147 3579 2239 146 3580 2443 2005 3581 1521 2267 3582 2600 1967 3583 1535 1969 3584 1011 1110 3585 2270 1995 3586 1473 1909 3587 1840 2268 3588 1195 2081 3589 3122 170 3590 1195 2081 3591 1542 168 3592 3122 170 3593 1542 168 3594 3120 2269 3595 3121 169 3596 1882 2270 3597 1196 516 3598 3155 2271 3599 1577 515 3600 3153 2272 3601 3154 311 3602 1431 1710 3603 2811 453 3604 2301 839 3605 2699 1539 3606 2338 1536 3607 2698 1538 3608 2203 55 3609 3104 592 3610 3105 53 3611 1408 1077 3612 1396 429 3613 1395 2273 3614 1870 2274 3615 1174 2054 3616 3112 1207 3617 1527 1792 3618 2879 1791 3619 2878 1790 3620 2016 192 3621 2065 1787 3622 2916 190 3623 2915 191 3624 2914 2275 3625 2016 192 3626 1659 195 3627 3073 2276 3628 3074 2277 3629 1918 2278 3630 1917 577 3631 1172 2279 3632 1912 2280 3633 1154 2046 3634 3088 205 3635 1154 2046 3636 2347 206 3637 3088 205 3638 2347 206 3639 3086 2281 3640 3087 204 3641 1956 2282 3642 1155 1964 3643 3115 2176 3644 1155 1964 3645 1448 1963 3646 3115 2176 3647 1448 1963 3648 3113 2283 3649 3114 2175 3650 3150 2048 3651 1139 2284 3652 3149 221 3653 1139 2284 3654 2165 219 3655 3149 221 3656 2165 219 3657 1868 2045 3658 3148 220 3659 1123 2285 3660 1122 145 3661 3131 144 3662 1853 143 3663 3129 2286 3664 3130 2015 3665 1930 935 3666 760 569 3667 1727 2142 3668 2235 1025 3669 1904 1771 3670 1131 1860 3671 2327 1651 3672 2259 836 3673 427 835 3674 1651 244 3675 2992 2287 3676 2993 2288 3677 2993 2288 3678 2994 242 3679 1651 244 3680 1129 1564 3681 1828 2289 3682 2816 2290 3683 1340 2291 3684 1379 2292 3685 1392 2293 3686 2749 162 3687 1785 2294 3688 305 947 3689 1096 272 3690 1804 1041 3691 1830 273 3692 604 704 3693 1774 701 3694 2136 703 3695 2349 2295 3696 2734 2296 3697 2348 2297 3698 1064 2298 3699 2157 2299 3700 3054 2300 3701 1072 2301 3702 1071 1082 3703 1632 1081 3704 1710 288 3705 1072 2301 3706 3081 286 3707 3080 287 3708 3079 2302 3709 1710 288 3710 1073 2303 3711 1096 272 3712 1097 274 3713 1910 289 3714 3285 2059 3715 1842 290 3716 2929 1844 3717 1497 612 3718 690 1317 3719 1049 791 3720 1517 2304 3721 3192 2084 3722 1055 2221 3723 1744 2220 3724 2372 225 3725 2118 1830 3726 1026 1832 3727 2831 2305 3728 1458 1695 3729 2829 1728 3730 2830 1727 3731 1027 278 3732 3350 213 3733 3348 215 3734 1029 1063 3735 3347 1719 3736 3344 125 3737 2942 1852 3738 1007 1851 3739 2274 2306 3740 1390 275 3741 1378 2307 3742 1377 2308 3743 2311 118 3744 2960 1866 3745 2961 2309 3746 1411 1212 3747 2988 1887 3748 2989 2310 3749 1013 330 3750 1033 329 3751 1034 331 3752 1517 2304 3753 1710 288 3754 1516 2085 3755 2007 1074 3756 1469 318 3757 2640 317 3758 2242 2311 3759 3268 2157 3760 3267 2312 3761 120 424 3762 2854 426 3763 2853 1747 3764 1679 1510 3765 3229 2313 3766 747 2314 3767 996 2315 3768 2315 348 3769 1418 347 3770 2315 348 3771 2314 2023 3772 3165 346 3773 1724 209 3774 997 2316 3775 3188 207 3776 989 337 3777 990 336 3778 984 349 3779 2054 2163 3780 982 2317 3781 3196 2086 3782 982 2317 3783 1987 363 3784 3195 365 3785 3196 2086 3786 982 2317 3787 3195 365 3788 20 2318 3789 1348 2319 3790 1316 2320 3791 3079 2302 3792 3078 1955 3793 1710 288 3794 3189 202 3795 1515 2321 3796 1073 2303 3797 599 699 3798 600 524 3799 575 2322 3800 957 393 3801 958 392 3802 951 2323 3803 3280 2172 3804 1766 2052 3805 1765 2051 3806 2683 1755 3807 880 1691 3808 2040 1756 3809 2384 2201 3810 1592 1144 3811 2383 2202 3812 3015 415 3813 2127 1907 3814 2128 413 3815 279 2324 3816 278 2325 3817 302 2326 3818 1937 2327 3819 1591 46 3820 669 2328 3821 2939 133 3822 1444 2329 3823 2938 2330 3824 931 380 3825 932 2331 3826 1581 2332 3827 1701 1763 3828 893 395 3829 1700 397 3830 556 734 3831 598 698 3832 574 732 3833 2657 1471 3834 2636 1443 3835 1553 2333 3836 2795 2203 3837 1898 2334 3838 2644 2335 3839 1484 2336 3840 1485 1488 3841 2541 1332 3842 2560 2012 3843 2654 2337 3844 2603 1407 3845 353 2338 3846 337 1604 3847 318 2339 3848 2269 717 3849 859 2340 3850 2858 715 3851 859 2340 3852 2859 1758 3853 2858 715 3854 2310 2341 3855 1028 279 3856 3342 1062 3857 1009 178 3858 2990 1044 3859 3082 1043 3860 2671 1381 3861 844 473 3862 2670 472 3863 844 473 3864 1947 233 3865 2669 474 3866 1798 1897 3867 1799 1086 3868 1942 261 3869 2234 2259 3870 2505 0 3871 260 92 3872 1208 2265 3873 3335 156 3874 3336 394 3875 2959 1061 3876 2311 118 3877 2310 2341 3878 840 2342 3879 2913 186 3880 2912 2343 3881 834 2344 3882 1997 2345 3883 3000 62 3884 1967 199 3885 1099 439 3886 3249 200 3887 1664 2130 3888 1676 1934 3889 335 941 3890 2146 1391 3891 447 1349 3892 426 2346 3893 2144 1142 3894 2623 1389 3895 2145 1143 3896 818 494 3897 819 1209 3898 2333 495 3899 814 449 3900 2333 495 3901 2370 450 3902 2370 450 3903 2369 496 3904 2280 448 3905 2449 502 3906 2448 1228 3907 1780 503 3908 2405 1170 3909 1753 1196 3910 1752 1168 3911 2523 510 3912 2522 1322 3913 1914 511 3914 1205 2347 3915 3221 2348 3916 1983 1989 3917 807 520 3918 1874 1417 3919 2642 521 3920 1645 1120 3921 2692 2349 3922 2688 2350 3923 802 534 3924 803 530 3925 2219 535 3926 800 89 3927 2219 535 3928 2429 1193 3929 799 1999 3930 798 2351 3931 2090 90 3932 3230 2121 3933 1957 2123 3934 266 745 3935 2992 2287 3936 1651 244 3937 2991 2352 3938 865 2353 3939 2660 1472 3940 2658 2354 3941 792 542 3942 793 1549 3943 781 543 3944 3005 2355 3945 3006 1894 3946 1497 612 3947 782 551 3948 783 1615 3949 775 552 3950 774 553 3951 775 552 3952 767 105 3953 763 2356 3954 764 979 3955 754 2357 3956 2222 2358 3957 3098 1979 3958 3097 649 3959 757 106 3960 1845 1346 3961 2627 483 3962 1458 1695 3963 2831 2305 3964 1026 1832 3965 746 2359 3966 756 104 3967 1678 1445 3968 758 565 3969 759 568 3970 749 566 3971 759 568 3972 760 569 3973 750 431 3974 1995 2053 3975 832 462 3976 1721 2068 3977 748 567 3978 749 566 3979 737 575 3980 1580 2360 3981 2244 1814 3982 2871 1775 3983 3099 1980 3984 3098 1979 3985 2222 2358 3986 2642 521 3987 810 1419 3988 1914 511 3989 2294 1350 3990 2260 1 3991 288 2361 3992 2332 2362 3993 732 1931 3994 1747 769 3995 1921 2363 3996 1928 2364 3997 2662 1481 3998 2109 1709 3999 723 2365 4000 2979 1881 4001 723 2365 4002 729 537 4003 2979 1881 4004 2657 1471 4005 2656 600 4006 709 602 4007 2712 581 4008 2714 1555 4009 2049 579 4010 695 2366 4011 696 2367 4012 691 2368 4013 89 2369 4014 88 2370 4015 2010 2371 4016 690 1317 4017 694 1316 4018 2929 1844 4019 1361 992 4020 1346 28 4021 1360 2372 4022 2760 216 4023 1759 778 4024 939 2373 4025 2933 2374 4026 1112 2375 4027 1094 2376 4028 3257 625 4029 3256 2152 4030 2045 626 4031 666 2377 4032 667 627 4033 2152 871 4034 667 627 4035 2045 626 4036 2189 628 4037 1879 883 4038 1974 2378 4039 1975 1694 4040 3226 2117 4041 2171 1072 4042 3227 2119 4043 197 373 4044 2396 2379 4045 1422 371 4046 1900 2380 4047 3260 2381 4048 1940 2382 4049 234 2383 4050 235 2384 4051 217 2385 4052 1195 2081 4053 2299 457 4054 3186 2386 4055 1113 256 4056 1427 1010 4057 1095 1009 4058 2789 1678 4059 2788 1677 4060 1628 1858 4061 8 662 4062 9 2387 4063 630 663 4064 608 664 4065 630 663 4066 631 665 4067 609 666 4068 631 665 4069 632 434 4070 633 667 4071 634 669 4072 612 668 4073 634 669 4074 635 2388 4075 613 670 4076 637 514 4077 638 619 4078 621 618 4079 619 694 4080 637 514 4081 620 696 4082 7 676 4083 8 662 4084 608 664 4085 640 1057 4086 2871 1775 4087 1733 1774 4088 611 435 4089 612 668 4090 587 679 4091 612 668 4092 613 670 4093 588 681 4094 613 670 4095 614 683 4096 589 682 4097 615 685 4098 616 688 4099 592 686 4100 617 1247 4101 618 1112 4102 595 693 4103 595 693 4104 618 1112 4105 619 694 4106 596 695 4107 619 694 4108 620 696 4109 599 699 4110 622 620 4111 623 700 4112 2039 1592 4113 2806 2389 4114 1860 2390 4115 6 2391 4116 7 676 4117 583 677 4118 585 678 4119 586 680 4120 570 711 4121 586 680 4122 587 679 4123 571 712 4124 587 679 4125 588 681 4126 572 713 4127 588 681 4128 589 682 4129 573 714 4130 2923 1841 4131 2342 1839 4132 2343 1842 4133 2825 1725 4134 1851 2392 4135 1850 2393 4136 598 698 4137 599 699 4138 574 732 4139 162 1673 4140 2693 2394 4141 163 2141 4142 581 2038 4143 604 704 4144 1858 706 4145 5 719 4146 6 2391 4147 567 76 4148 567 76 4149 568 75 4150 546 721 4151 568 75 4152 569 710 4153 547 722 4154 2179 1581 4155 2836 2395 4156 2835 2396 4157 1915 1949 4158 2794 1683 4159 163 2141 4160 572 713 4161 573 714 4162 550 2397 4163 559 735 4164 578 326 4165 579 736 4166 5 719 4167 545 720 4168 523 746 4169 545 720 4170 546 721 4171 524 748 4172 546 721 4173 547 722 4174 525 2398 4175 2414 2399 4176 2162 2400 4177 3203 2401 4178 556 734 4179 557 733 4180 533 765 4181 1211 31 4182 1210 183 4183 2413 834 4184 559 735 4185 560 674 4186 536 673 4187 3215 1073 4188 1629 2106 4189 1630 2402 4190 1209 68 4191 1935 2403 4192 2121 2264 4193 4 747 4194 523 746 4195 504 2404 4196 526 2405 4197 527 757 4198 1584 2213 4199 1586 1084 4200 3312 774 4201 3314 776 4202 2464 1015 4203 2463 2406 4204 1807 1014 4205 500 798 4206 479 2407 4207 478 455 4208 533 765 4209 534 764 4210 512 782 4211 534 764 4212 535 783 4213 513 781 4214 517 709 4215 537 675 4216 538 785 4217 522 1784 4218 1450 994 4219 3306 2197 4220 492 788 4221 510 760 4222 511 789 4223 1526 1789 4224 353 2338 4225 373 2408 4226 514 784 4227 515 792 4228 495 794 4229 516 795 4230 517 709 4231 497 796 4232 1994 584 4233 819 1209 4234 825 582 4235 1717 1941 4236 1522 2025 4237 1716 1937 4238 472 807 4239 492 788 4240 493 790 4241 473 808 4242 493 790 4243 494 809 4244 497 796 4245 498 708 4246 476 814 4247 498 708 4248 499 454 4249 477 456 4250 2871 1775 4251 1772 1813 4252 627 910 4253 1989 2409 4254 263 2410 4255 219 2411 4256 455 840 4257 454 2412 4258 477 456 4259 2349 2295 4260 1436 1050 4261 644 2413 4262 481 828 4263 482 2414 4264 462 829 4265 924 2415 4266 2423 1183 4267 2424 2416 4268 2033 2417 4269 444 47 4270 1864 1336 4271 444 47 4272 465 606 4273 1864 1336 4274 569 710 4275 570 711 4276 547 722 4277 1714 851 4278 398 2020 4279 3040 849 4280 398 2020 4281 2204 2418 4282 3040 849 4283 2204 2418 4284 3039 1923 4285 3040 849 4286 399 852 4287 429 2419 4288 430 853 4289 432 842 4290 433 841 4291 404 859 4292 650 172 4293 657 2420 4294 1502 1291 4295 435 863 4296 436 2421 4297 410 864 4298 375 956 4299 2077 2018 4300 3162 2060 4301 405 858 4302 406 884 4303 380 886 4304 406 884 4305 407 2422 4306 381 885 4307 410 864 4308 411 868 4309 383 889 4310 411 868 4311 412 867 4312 384 888 4313 414 892 4314 415 2423 4315 387 893 4316 387 893 4317 415 2423 4318 416 2424 4319 1741 27 4320 3323 26 4321 1077 2425 4322 2957 61 4323 2956 1864 4324 1425 59 4325 2288 926 4326 342 976 4327 2447 1227 4328 2447 1227 4329 2446 924 4330 2288 926 4331 1014 332 4332 1034 331 4333 1035 2426 4334 1458 1695 4335 1415 1629 4336 2799 1697 4337 2783 1666 4338 2323 1664 4339 2322 2427 4340 344 927 4341 364 920 4342 365 928 4343 2429 1193 4344 2427 1195 4345 2500 1287 4346 324 2428 4347 341 2429 4348 2258 1873 4349 2955 1398 4350 2958 60 4351 2246 1796 4352 2443 2005 4353 2266 2430 4354 1213 2006 4355 305 947 4356 1785 2294 4357 2832 948 4358 1934 2431 4359 3222 2263 4360 1204 2173 4361 307 228 4362 2201 2432 4363 3053 2433 4364 310 950 4365 325 2434 4366 326 951 4367 327 953 4368 328 2435 4369 313 954 4370 275 2436 4371 301 2437 4372 302 2326 4373 2945 964 4374 282 2227 4375 1762 962 4376 429 2419 4377 453 2438 4378 430 853 4379 3295 266 4380 286 132 4381 2233 131 4382 2233 131 4383 3293 2189 4384 3294 968 4385 2080 2219 4386 1743 997 4387 1744 2220 4388 245 2439 4389 271 957 4390 272 959 4391 1988 991 4392 262 800 4393 2549 1352 4394 2549 1352 4395 2548 989 4396 1988 991 4397 2452 2440 4398 2117 2441 4399 268 2442 4400 237 2443 4401 262 800 4402 2646 1463 4403 242 2444 4404 241 2445 4405 3328 2226 4406 1393 2446 4407 1329 2447 4408 1342 2448 4409 729 537 4410 728 1258 4411 735 1617 4412 2463 2406 4413 1673 148 4414 530 2099 4415 2315 348 4416 996 2315 4417 2271 1994 4418 712 1256 4419 713 2449 4420 701 2450 4421 2175 2451 4422 2722 1642 4423 2721 1644 4424 2520 1028 4425 2519 1318 4426 1469 318 4427 207 1032 4428 217 2385 4429 218 1033 4430 237 2443 4431 238 1641 4432 218 1033 4433 2022 231 4434 2639 1447 4435 2638 2452 4436 1206 631 4437 1205 2347 4438 3237 1066 4439 2037 1011 4440 2224 2453 4441 2038 2454 4442 1516 2085 4443 1710 288 4444 1711 1956 4445 1627 2455 4446 193 122 4447 3077 241 4448 1496 271 4449 1094 2376 4450 1589 1646 4451 1993 2258 4452 195 1008 4453 2365 1007 4454 213 1075 4455 1605 1038 4456 1557 1039 4457 1094 2376 4458 1113 256 4459 1095 1009 4460 1312 2456 4461 1330 2457 4462 1343 2458 4463 1373 94 4464 1360 2372 4465 1372 95 4466 932 2331 4467 2758 1616 4468 1581 2332 4469 2744 1593 4470 2039 1592 4471 132 2459 4472 97 2460 4473 108 2461 4474 109 1477 4475 2940 280 4476 2941 2462 4477 2273 1829 4478 1863 1415 4479 101 1588 4480 2610 1416 4481 975 2463 4482 974 2464 4483 3193 2465 4484 1541 2114 4485 1540 2466 4486 3242 2467 4487 1535 1969 4488 1454 2468 4489 2573 1225 4490 2207 2047 4491 1139 2284 4492 3150 2048 4493 2158 2239 4494 2456 2469 4495 2159 2238 4496 1815 2470 4497 2316 2122 4498 3230 2121 4499 2674 2471 4500 2268 1490 4501 2673 2472 4502 36 2473 4503 47 2474 4504 48 2475 4505 40 2476 4506 41 2477 4507 35 2478 4508 1407 1078 4509 30 57 4510 31 1076 4511 1498 1224 4512 1420 1562 4513 2362 1127 4514 2363 101 4515 1498 1224 4516 2362 1127 4517 349 966 4518 1463 1922 4519 1827 352 4520 2362 1127 4521 1420 1562 4522 718 102 4523 196 556 4524 1993 2258 4525 2365 1007 4526 2140 2139 4527 2368 497 4528 2370 450 4529 2372 225 4530 1744 2220 4531 1743 997 4532 2067 1435 4533 2377 1140 4534 2376 633 4535 2027 632 4536 2374 1138 4537 2375 1137 4538 1210 183 4539 2153 2266 4540 2380 70 4541 2379 69 4542 2378 158 4543 2168 182 4544 2382 45 4545 1459 2161 4546 2383 2202 4547 1460 2159 4548 2385 1146 4549 2384 2201 4550 2382 45 4551 2383 2202 4552 1592 1144 4553 2384 2201 4554 2385 1146 4555 1593 1145 4556 2386 1153 4557 1440 2479 4558 2387 1151 4559 2388 1152 4560 1477 2480 4561 1478 2481 4562 211 2482 4563 2182 1155 4564 2390 1154 4565 1672 1157 4566 211 2482 4567 2390 1154 4568 1729 1179 4569 2392 252 4570 2394 1159 4571 1691 251 4572 1690 1118 4573 2393 1158 4574 2117 2441 4575 2452 2440 4576 2256 2483 4577 1514 2484 4578 1513 2485 4579 2399 2486 4580 2400 1167 4581 2403 1163 4582 1844 974 4583 1843 2487 4584 1844 974 4585 2401 1161 4586 1844 974 4587 2403 1163 4588 2402 1162 4589 357 1165 4590 2089 1164 4591 2403 1163 4592 2089 1164 4593 1843 2487 4594 2401 1161 4595 2402 1162 4596 2089 1164 4597 2401 1161 4598 489 786 4599 1753 1196 4600 2407 1171 4601 507 1083 4602 1449 752 4603 1601 754 4604 2406 753 4605 2405 1170 4606 1601 754 4607 2408 1174 4608 2410 1173 4609 2253 2488 4610 2412 2489 4611 2411 2490 4612 2209 29 4613 2367 1252 4614 293 1254 4615 1513 2485 4616 1763 2491 4617 2416 1178 4618 2418 1180 4619 1729 1179 4620 1728 2492 4621 2417 1177 4622 1845 1346 4623 757 106 4624 775 552 4625 1582 1185 4626 1583 1218 4627 2424 2416 4628 2424 2416 4629 2423 1183 4630 1582 1185 4631 2424 2416 4632 1583 1218 4633 924 2415 4634 3255 2147 4635 1076 2493 4636 1098 2494 4637 2994 242 4638 1688 2495 4639 1106 2496 4640 803 530 4641 1531 1804 4642 2429 1193 4643 2429 1193 4644 1531 1804 4645 2428 1194 4646 2091 1093 4647 1507 1205 4648 2431 1091 4649 1506 2497 4650 2433 1092 4651 2432 1204 4652 2836 2395 4653 2325 2498 4654 2835 2396 4655 1512 378 4656 1511 2499 4657 2436 1210 4658 2435 1211 4659 2434 379 4660 1512 378 4661 2434 379 4662 2435 1211 4663 1543 1865 4664 2436 1210 4665 1511 2499 4666 910 1108 4667 1492 2500 4668 1493 2501 4669 2438 726 4670 2438 726 4671 2437 725 4672 1492 2500 4673 2438 726 4674 1493 2501 4675 198 490 4676 1498 1224 4677 1499 1219 4678 1640 1221 4679 1435 1049 4680 2440 2502 4681 2441 2503 4682 957 393 4683 950 407 4684 962 2504 4685 2006 1734 4686 148 1735 4687 2107 1672 4688 2288 926 4689 2445 925 4690 2444 1280 4691 342 976 4692 1875 975 4693 2447 1227 4694 1875 975 4695 2445 925 4696 2446 924 4697 2280 448 4698 2448 1228 4699 2450 501 4700 2451 2505 4701 2453 295 4702 2255 1267 4703 382 2506 4704 409 861 4705 383 889 4706 2158 2239 4707 2454 1232 4708 2455 505 4709 2181 443 4710 849 2507 4711 1970 896 4712 2527 2508 4713 2189 628 4714 1878 2509 4715 849 2507 4716 2181 443 4717 2469 1012 4718 2468 1013 4719 2467 442 4720 2037 1011 4721 2037 1011 4722 2467 442 4723 2466 1245 4724 2472 1889 4725 1505 1855 4726 2473 1856 4727 180 2510 4728 1648 2511 4729 2474 1526 4730 2474 1526 4731 1648 2511 4732 1537 1527 4733 1538 1525 4734 2472 1889 4735 2473 1856 4736 2477 2261 4737 2476 2512 4738 2234 2259 4739 2011 2513 4740 2012 2514 4741 2480 1250 4742 1972 1235 4743 1971 1234 4744 2480 1250 4745 1887 803 4746 2481 802 4747 2482 1255 4748 1887 803 4749 2482 1255 4750 2483 1197 4751 563 2515 4752 540 648 4753 602 647 4754 2486 1265 4755 2485 1266 4756 2263 1880 4757 1662 1900 4758 3014 1085 4759 3013 1087 4760 2353 661 4761 2488 1270 4762 2491 659 4763 2309 1271 4764 2308 2516 4765 2491 659 4766 2308 2516 4767 2489 1269 4768 2490 1268 4769 2308 2516 4770 2490 1268 4771 2491 659 4772 490 2517 4773 2250 2518 4774 1777 787 4775 334 2519 4776 370 1000 4777 1528 210 4778 506 2520 4779 549 2521 4780 488 2522 4781 1079 2523 4782 1078 291 4783 1842 290 4784 273 1783 4785 247 981 4786 246 2524 4787 2012 2514 4788 2011 2513 4789 2496 2525 4790 959 2526 4791 2499 1284 4792 2498 23 4793 2497 24 4794 2214 985 4795 2289 22 4796 952 983 4797 2214 985 4798 2497 24 4799 2497 24 4800 2498 23 4801 952 983 4802 1453 1023 4803 2512 1300 4804 2511 1299 4805 2288 926 4806 1783 1279 4807 2553 400 4808 2352 660 4809 2509 1295 4810 2510 1294 4811 1313 2527 4812 1309 2528 4813 1303 2529 4814 697 1306 4815 1787 1305 4816 1640 1221 4817 447 1349 4818 1999 1308 4819 2084 1311 4820 1999 1308 4821 2514 1307 4822 2515 1312 4823 2516 1310 4824 1999 1308 4825 2515 1312 4826 2083 1313 4827 2084 1311 4828 2516 1310 4829 2516 1310 4830 2515 1312 4831 2083 1313 4832 1902 2120 4833 3151 2530 4834 551 1638 4835 812 1100 4836 1780 503 4837 2524 509 4838 1780 503 4839 2522 1322 4840 2524 509 4841 1577 515 4842 3155 2271 4843 1196 516 4844 2334 1706 4845 2527 2508 4846 2528 2531 4847 2530 1328 4848 2529 1330 4849 2059 2532 4850 988 2533 4851 983 350 4852 977 370 4853 1866 2534 4854 1865 1338 4855 2537 1337 4856 1739 817 4857 1740 2535 4858 2537 1337 4859 766 2536 4860 774 553 4861 767 105 4862 280 2537 4863 1911 2538 4864 2539 1339 4865 2542 1489 4866 2541 1332 4867 1485 1488 4868 1452 1021 4869 2541 1332 4870 2542 1489 4871 1887 803 4872 1888 1251 4873 2083 1313 4874 1888 1251 4875 2545 1348 4876 2084 1311 4877 2295 799 4878 2547 990 4879 2548 989 4880 2549 1352 4881 262 800 4882 2295 799 4883 1608 1359 4884 2557 1215 4885 2558 1362 4886 2112 1363 4887 2561 1367 4888 2563 1364 4889 2849 1738 4890 1575 855 4891 934 2539 4892 2565 1998 4893 1927 1997 4894 1928 2364 4895 2566 141 4896 1475 2540 4897 2068 2541 4898 1475 2540 4899 1476 984 4900 2068 2541 4901 2068 2541 4902 947 142 4903 2566 141 4904 1952 2542 4905 2570 903 4906 2571 1374 4907 1520 2543 4908 2577 1226 4909 2576 107 4910 2575 108 4911 2574 2544 4912 1519 36 4913 1486 1343 4914 1485 1488 4915 2576 107 4916 1485 1488 4917 2574 2544 4918 2576 107 4919 2574 2544 4920 2575 108 4921 2576 107 4922 2579 180 4923 1768 2545 4924 2580 519 4925 2762 1906 4926 641 1985 4927 1580 2360 4928 2579 180 4929 2580 519 4930 1896 518 4931 2581 517 4932 2582 1379 4933 1897 1486 4934 2927 611 4935 2190 1914 4936 2926 2546 4937 1703 2547 4938 1054 305 4939 3291 561 4940 714 595 4941 703 594 4942 713 2449 4943 2587 2548 4944 2345 2549 4945 2588 1458 4946 2346 1457 4947 2587 2548 4948 2588 1458 4949 1644 2550 4950 2593 1403 4951 2594 1402 4952 443 2551 4953 419 2552 4954 2596 2553 4955 2596 2553 4956 419 2552 4957 1907 2554 4958 2597 2555 4959 1466 2556 4960 1467 2557 4961 2599 1404 4962 2598 1119 4963 1502 1291 4964 1550 197 4965 1214 1968 4966 2602 35 4967 1519 36 4968 1550 197 4969 2601 37 4970 2169 2558 4971 2170 2559 4972 2609 116 4973 1018 2218 4974 1017 339 4975 1038 2560 4976 2060 1414 4977 2061 2561 4978 2611 1412 4979 2335 1181 4980 3303 78 4981 187 1182 4982 2094 2017 4983 1715 1924 4984 2076 1987 4985 2614 1421 4986 3340 1521 4987 889 1754 4988 2191 1425 4989 2192 2562 4990 2616 1426 4991 2616 1426 4992 2192 2562 4993 2617 1423 4994 2618 2563 4995 1786 891 4996 1787 1305 4997 2619 2564 4998 1787 1305 4999 2620 780 5000 693 779 5001 697 1306 5002 706 2164 5003 2620 780 5004 1787 1305 5005 2621 2565 5006 2619 2564 5007 2620 780 5008 1951 597 5009 2620 780 5010 2621 2565 5011 693 779 5012 2622 1390 5013 1998 1309 5014 1999 1308 5015 2638 2452 5016 837 2566 5017 2175 2451 5018 2631 1436 5019 2630 1438 5020 1886 2104 5021 3128 2567 5022 1917 577 5023 1918 2278 5024 2637 2568 5025 2022 231 5026 2638 2452 5027 2637 2568 5028 2638 2452 5029 2175 2451 5030 1561 1600 5031 1560 716 5032 2876 19 5033 2641 1452 5034 2642 521 5035 1914 511 5036 2224 2453 5037 3235 2569 5038 884 2570 5039 398 2020 5040 1610 838 5041 2204 2418 5042 2870 254 5043 1113 256 5044 1112 2375 5045 2648 1462 5046 2647 2571 5047 2212 2082 5048 1789 2572 5049 1923 601 5050 2657 1471 5051 865 2353 5052 1439 1474 5053 2659 1473 5054 2131 1148 5055 2132 1516 5056 2665 1485 5057 2665 1485 5058 2667 97 5059 2131 1148 5060 2666 98 5061 2665 1485 5062 2097 96 5063 1897 1486 5064 2671 1381 5065 2670 472 5066 2669 474 5067 1947 233 5068 1946 232 5069 1897 1486 5070 2670 472 5071 1946 232 5072 2670 472 5073 2669 474 5074 1946 232 5075 2303 1712 5076 2304 1320 5077 2672 32 5078 1975 1694 5079 357 1165 5080 3250 1693 5081 2675 1491 5082 2075 2573 5083 902 1493 5084 2114 2574 5085 2674 2471 5086 2673 2472 5087 100 2575 5088 1831 1500 5089 2680 1502 5090 2679 1503 5091 2678 1505 5092 2047 1504 5093 100 2575 5094 2680 1502 5095 2047 1504 5096 2047 1504 5097 2678 1505 5098 2677 2576 5099 1679 1510 5100 747 2314 5101 1671 1511 5102 2166 1149 5103 2167 2577 5104 2687 1150 5105 2132 1516 5106 2131 1148 5107 2687 1150 5108 2686 1515 5109 2685 1519 5110 2132 1516 5111 2132 1516 5112 2685 1519 5113 2684 1517 5114 1645 1120 5115 2688 2350 5116 1597 1046 5117 1597 1046 5118 2688 2350 5119 2692 2349 5120 2319 1529 5121 2693 2394 5122 1781 1530 5123 2290 2578 5124 144 1456 5125 2699 1539 5126 1579 2579 5127 1578 383 5128 2701 1541 5129 2311 118 5130 1008 120 5131 2942 1852 5132 3351 367 5133 1076 2493 5134 1633 2146 5135 678 2580 5136 673 2581 5137 607 1748 5138 2711 1554 5139 979 1016 5140 1936 248 5141 162 1673 5142 222 2582 5143 201 2583 5144 1607 2584 5145 1469 318 5146 2518 2585 5147 1423 2586 5148 2218 905 5149 2882 2587 5150 2716 464 5151 2715 1561 5152 2320 465 5153 2692 2349 5154 1646 175 5155 2691 174 5156 2720 1393 5157 2175 2451 5158 2721 1644 5159 837 2566 5160 1663 1611 5161 2722 1642 5162 2720 1393 5163 2721 1644 5164 2306 1643 5165 2722 1642 5166 1663 1611 5167 833 2588 5168 1569 804 5169 471 806 5170 2724 1568 5171 471 806 5172 2726 479 5173 2725 1569 5174 1568 1570 5175 1569 804 5176 2724 1568 5177 2725 1569 5178 2726 479 5179 2004 1060 5180 2726 479 5181 491 1059 5182 2004 1060 5183 1568 1570 5184 2724 1568 5185 2725 1569 5186 1568 1570 5187 2004 1060 5188 2005 2589 5189 3129 2286 5190 1852 2590 5191 1894 2016 5192 2731 1582 5193 1951 597 5194 2732 1580 5195 693 779 5196 1797 2591 5197 2733 1579 5198 2732 1580 5199 2733 1579 5200 2179 1581 5201 2733 1579 5202 1797 2591 5203 688 2592 5204 2179 1581 5205 2733 1579 5206 688 2592 5207 2349 2295 5208 2736 1584 5209 2735 1583 5210 2734 2296 5211 2025 2593 5212 2348 2297 5213 624 1585 5214 2025 2593 5215 2734 2296 5216 2734 2296 5217 2735 1583 5218 624 1585 5219 3290 672 5220 1703 2547 5221 3291 561 5222 1610 838 5223 3038 2594 5224 2204 2418 5225 148 1735 5226 1906 635 5227 2806 2389 5228 2746 2595 5229 2048 1449 5230 787 1451 5231 305 947 5232 1795 1598 5233 2749 162 5234 2748 164 5235 2747 2596 5236 1785 2294 5237 1748 163 5238 2747 2596 5239 2748 164 5240 1214 1968 5241 2718 2597 5242 1535 1969 5243 2238 1507 5244 2750 1606 5245 2751 1605 5246 2756 1612 5247 2755 1614 5248 1549 2598 5249 1461 1905 5250 2790 1679 5251 641 1985 5252 1892 217 5253 2758 1616 5254 2759 218 5255 1078 291 5256 1057 282 5257 1056 281 5258 939 2373 5259 2761 2599 5260 2760 216 5261 1143 2600 5262 1091 762 5263 1185 2601 5264 162 1673 5265 163 2141 5266 2141 2140 5267 2767 412 5268 1049 791 5269 1884 203 5270 1884 203 5271 1413 1626 5272 2767 412 5273 1413 1626 5274 1414 1628 5275 2766 1627 5276 2769 1633 5277 2768 1383 5278 1761 2602 5279 2773 1238 5280 2772 1640 5281 2102 1236 5282 1596 1114 5283 2289 22 5284 1475 2540 5285 436 2421 5286 411 868 5287 410 864 5288 1696 1017 5289 2774 2217 5290 2775 1650 5291 2776 1649 5292 1696 1017 5293 2775 1650 5294 1432 384 5295 1433 1018 5296 2776 1649 5297 2775 1650 5298 2774 2217 5299 1432 384 5300 1471 452 5301 450 820 5302 2779 1657 5303 450 820 5304 2780 1652 5305 2779 1657 5306 2779 1657 5307 2778 1653 5308 1471 452 5309 1470 1655 5310 2777 1654 5311 2188 1656 5312 471 806 5313 2187 805 5314 2779 1657 5315 2187 805 5316 2777 1654 5317 2778 1653 5318 2779 1657 5319 2187 805 5320 2778 1653 5321 119 2603 5322 2265 1663 5323 2781 1662 5324 2255 1267 5325 2254 1128 5326 2451 2505 5327 2785 1098 5328 2784 1670 5329 1587 1099 5330 647 1047 5331 1791 2604 5332 2790 1679 5333 2166 1149 5334 2131 1148 5335 117 2605 5336 1915 1949 5337 2792 1685 5338 2793 1684 5339 2797 1690 5340 870 1759 5341 880 1691 5342 1051 309 5343 1457 1696 5344 2798 1514 5345 2802 2606 5346 2069 1064 5347 2803 906 5348 2802 2606 5349 2803 906 5350 2218 905 5351 467 832 5352 543 2607 5353 566 2608 5354 1578 383 5355 1579 2579 5356 2809 1113 5357 2539 1339 5358 1437 2609 5359 280 2537 5360 1809 345 5361 1670 1512 5362 2810 343 5363 2817 2610 5364 2820 322 5365 2231 1552 5366 2820 322 5367 2819 324 5368 2230 1717 5369 2230 1717 5370 1599 1665 5371 1598 1667 5372 374 323 5373 1599 1665 5374 2818 1720 5375 2818 1720 5376 2819 324 5377 374 323 5378 2823 1721 5379 2822 1723 5380 1819 2611 5381 2824 1722 5382 1820 2612 5383 1760 2613 5384 1983 1989 5385 3237 1066 5386 1205 2347 5387 1726 2614 5388 2825 1725 5389 2826 1724 5390 2119 1729 5391 2118 1830 5392 2831 2305 5393 2831 2305 5394 2830 1727 5395 2119 1729 5396 2119 1729 5397 2829 1728 5398 2828 308 5399 2120 1730 5400 2828 308 5401 3350 213 5402 2834 2615 5403 2179 1581 5404 2835 2396 5405 2753 1609 5406 837 2566 5407 2213 2616 5408 2834 2615 5409 2835 2396 5410 2325 2498 5411 2836 2395 5412 2833 2617 5413 2326 2618 5414 2838 2619 5415 2839 1733 5416 1557 1039 5417 2840 1731 5418 2839 1733 5419 1706 2222 5420 2843 637 5421 2842 1736 5422 1906 635 5423 1871 2620 5424 1872 1739 5425 2849 1738 5426 1872 1739 5427 2847 856 5428 2848 1740 5429 934 2539 5430 1871 2620 5431 2849 1738 5432 2848 1740 5433 2847 856 5434 1575 855 5435 2220 1742 5436 2852 1744 5437 806 374 5438 2034 425 5439 2853 1747 5440 2854 426 5441 1112 2375 5442 2284 645 5443 1130 237 5444 2284 645 5445 2855 1751 5446 1130 237 5447 2161 1487 5448 2855 1751 5449 2856 1752 5450 2857 2621 5451 1793 2622 5452 1794 2623 5453 1559 1757 5454 2858 715 5455 2859 1758 5456 2860 1762 5457 1701 1763 5458 1683 1532 5459 2227 2624 5460 2863 1766 5461 2865 1765 5462 928 2625 5463 1960 2626 5464 2869 1769 5465 1960 2626 5466 2867 1770 5467 2869 1769 5468 2868 1523 5469 2867 1770 5470 2292 1524 5471 1582 1185 5472 2422 1184 5473 2421 2627 5474 1682 1105 5475 2874 1781 5476 2873 1780 5477 1682 1105 5478 2873 1780 5479 1823 1779 5480 1822 949 5481 1823 1779 5482 2872 1778 5483 305 947 5484 1822 949 5485 2872 1778 5486 2872 1778 5487 2873 1780 5488 305 947 5489 1596 1114 5490 965 507 5491 2210 1870 5492 2876 19 5493 1560 716 5494 1559 1757 5495 1559 1757 5496 870 1759 5497 2172 20 5498 2065 1787 5499 2877 189 5500 1821 188 5501 1977 536 5502 1978 1882 5503 2979 1881 5504 2322 2427 5505 2323 1664 5506 1464 908 5507 2323 1664 5508 374 323 5509 1464 908 5510 2882 2587 5511 2218 905 5512 2883 965 5513 2882 2587 5514 2883 965 5515 1424 967 5516 1978 1882 5517 2889 1798 5518 2888 538 5519 1850 2393 5520 2914 2275 5521 1187 1788 5522 730 2628 5523 1978 1882 5524 2888 538 5525 2895 1801 5526 2896 1799 5527 2330 1135 5528 1427 1010 5529 1905 255 5530 1904 1771 5531 142 2629 5532 179 2630 5533 1612 2631 5534 2899 837 5535 450 820 5536 2901 1818 5537 450 820 5538 1430 819 5539 2900 1819 5540 2899 837 5541 2901 1818 5542 2302 1820 5543 2901 1818 5544 2900 1819 5545 1431 1710 5546 2302 1820 5547 2901 1818 5548 1431 1710 5549 2900 1819 5550 1430 819 5551 1431 1710 5552 2354 2112 5553 1652 718 5554 1622 2169 5555 2902 1823 5556 1719 2632 5557 1720 1106 5558 2904 126 5559 1552 1136 5560 1551 139 5561 3323 26 5562 3322 306 5563 1077 2425 5564 2100 250 5565 2101 249 5566 2906 2633 5567 2597 2555 5568 1886 2104 5569 836 2634 5570 1596 1114 5571 2100 250 5572 2906 2633 5573 1990 1496 5574 209 1543 5575 2908 2635 5576 2910 1237 5577 1990 1496 5578 2908 2635 5579 2178 2636 5580 2912 2343 5581 2913 186 5582 2517 2637 5583 2255 1267 5584 2521 1027 5585 2914 2275 5586 2915 191 5587 1187 1788 5588 2915 191 5589 2916 190 5590 1187 1788 5591 2917 1831 5592 2118 1830 5593 2119 1729 5594 1544 873 5595 2923 1841 5596 2922 1843 5597 3072 1376 5598 1604 362 5599 684 361 5600 1082 2638 5601 1062 2639 5602 1103 2640 5603 2282 2641 5604 2283 644 5605 2935 269 5606 2283 644 5607 2934 270 5608 2935 269 5609 1444 2329 5610 2937 2065 5611 2938 2330 5612 128 135 5613 1767 1849 5614 2939 133 5615 2938 2330 5616 2937 2065 5617 2340 134 5618 2940 280 5619 2273 1829 5620 1027 278 5621 3009 2642 5622 2302 1820 5623 1610 838 5624 1788 2013 5625 283 1857 5626 2944 963 5627 283 1857 5628 282 2227 5629 2945 964 5630 1131 1860 5631 2199 2643 5632 2948 492 5633 2949 1859 5634 2029 491 5635 2946 1861 5636 2953 389 5637 2088 1274 5638 306 1273 5639 2961 2309 5640 2960 1866 5641 1411 1212 5642 2960 1866 5643 2959 1061 5644 1410 1867 5645 959 2526 5646 2289 22 5647 2964 2644 5648 2964 2644 5649 2289 22 5650 2963 1869 5651 904 2645 5652 1611 1872 5653 1737 1760 5654 1681 1680 5655 2970 1681 5656 2971 2646 5657 354 907 5658 2248 1877 5659 2972 1772 5660 2972 1772 5661 2971 2646 5662 1527 1792 5663 2971 2646 5664 2970 1681 5665 1527 1792 5666 1219 2647 5667 1202 2648 5668 1218 2649 5669 2973 2650 5670 2974 1928 5671 1938 1927 5672 1978 1882 5673 2982 2651 5674 2981 1884 5675 2980 1883 5676 2981 1884 5677 2982 2651 5678 2053 2652 5679 214 2653 5680 2985 1833 5681 1986 1971 5682 1985 1974 5683 2986 2654 5684 1867 2655 5685 2033 2417 5686 1866 2534 5687 2989 2310 5688 2988 1887 5689 1456 1825 5690 928 2625 5691 2932 2656 5692 3317 2216 5693 1106 2496 5694 2095 243 5695 2994 242 5696 2993 2288 5697 2992 2287 5698 1688 2495 5699 371 1797 5700 1425 59 5701 2997 641 5702 1590 2657 5703 2998 63 5704 2999 1890 5705 3000 62 5706 1590 2657 5707 2999 1890 5708 894 2658 5709 1491 2659 5710 3002 2660 5711 1611 1872 5712 904 2645 5713 3002 2660 5714 2583 1386 5715 2192 2562 5716 2193 2661 5717 3277 2168 5718 1622 2169 5719 1623 2662 5720 3012 1899 5721 1662 1900 5722 3013 1087 5723 3012 1899 5724 3013 1087 5725 1799 1086 5726 3014 1085 5727 3010 1902 5728 1800 1327 5729 1801 1903 5730 3010 1902 5731 2184 1904 5732 2127 1907 5733 3016 485 5734 3017 484 5735 3018 1910 5736 3341 82 5737 1031 81 5738 2895 1801 5739 1531 1804 5740 2896 1799 5741 1071 1082 5742 3025 2663 5743 3024 1913 5744 3024 1913 5745 3023 1080 5746 1071 1082 5747 3024 1913 5748 3025 2663 5749 1093 562 5750 3028 2664 5751 3027 2665 5752 1479 2666 5753 1310 2667 5754 1336 2668 5755 1267 2669 5756 1084 1965 5757 2130 1459 5758 1442 2670 5759 3036 768 5760 3037 1920 5761 1510 2671 5762 1715 1924 5763 1714 851 5764 3041 850 5765 3041 850 5766 3040 849 5767 1715 1924 5768 1715 1924 5769 3039 1923 5770 3038 2594 5771 3038 2594 5772 3039 1923 5773 2204 2418 5774 1374 824 5775 1361 992 5776 1360 2372 5777 100 2575 5778 2019 2672 5779 1831 1500 5780 3049 2231 5781 2177 2230 5782 3047 67 5783 2237 229 5784 3053 2433 5785 3052 2673 5786 3057 1939 5787 1564 615 5788 3058 614 5789 1565 613 5790 3060 1942 5791 3059 1940 5792 3059 1940 5793 3060 1942 5794 1717 1941 5795 1717 1941 5796 1716 1937 5797 3058 614 5798 1716 1937 5799 3057 1939 5800 3058 614 5801 3063 1428 5802 3062 1946 5803 2164 1429 5804 3065 1708 5805 2110 1707 5806 3066 2674 5807 3066 2674 5808 2110 1707 5809 3067 2675 5810 3065 1708 5811 3066 2674 5812 3067 2675 5813 1962 1480 5814 298 958 5815 320 2676 5816 321 586 5817 1826 1479 5818 3070 1950 5819 3070 1950 5820 3069 1951 5821 1681 1680 5822 3069 1951 5823 3068 1952 5824 1681 1680 5825 1601 754 5826 2404 1169 5827 1600 1935 5828 1168 2677 5829 1869 194 5830 3075 193 5831 3074 2277 5832 3073 2276 5833 1697 2678 5834 1168 2677 5835 3075 193 5836 1697 2678 5837 194 1037 5838 1627 2455 5839 3077 241 5840 1073 2303 5841 1711 1956 5842 1096 272 5843 1072 2301 5844 1632 1081 5845 3081 286 5846 1632 1081 5847 3079 2302 5848 3080 287 5849 595 693 5850 2105 66 5851 2104 2679 5852 1562 642 5853 1708 943 5854 3083 1958 5855 1736 64 5856 1862 1959 5857 3085 460 5858 1155 1964 5859 1912 2280 5860 3088 205 5861 3087 204 5862 3086 2281 5863 1448 1963 5864 1155 1964 5865 3088 205 5866 3087 204 5867 1084 1965 5868 3091 2680 5869 3090 1966 5870 3090 1966 5871 3091 2680 5872 1065 2681 5873 3093 730 5874 3096 1975 5875 2293 1972 5876 111 2049 5877 2293 1972 5878 1986 1971 5879 2293 1972 5880 3096 1975 5881 3095 1973 5882 3094 1970 5883 2293 1972 5884 3095 1973 5885 1985 1974 5886 1986 1971 5887 3094 1970 5888 3095 1973 5889 3096 1975 5890 1985 1974 5891 2001 245 5892 3101 333 5893 3102 1983 5894 3103 1984 5895 2002 246 5896 2001 245 5897 2535 1288 5898 1534 1335 5899 1533 1289 5900 2002 246 5901 3103 1984 5902 1853 143 5903 3103 1984 5904 3102 1983 5905 1853 143 5906 1182 2682 5907 1836 54 5908 3106 1988 5909 3105 53 5910 3104 592 5911 2236 591 5912 1182 2682 5913 3106 1988 5914 2236 591 5915 1713 2095 5916 1712 2683 5917 2249 2684 5918 2270 1995 5919 2271 1994 5920 3109 1996 5921 1381 2685 5922 1395 2273 5923 1372 95 5924 2271 1994 5925 3110 2193 5926 3109 1996 5927 1472 1824 5928 1473 1909 5929 3109 1996 5930 1010 1045 5931 1472 1824 5932 3110 2193 5933 1472 1824 5934 3109 1996 5935 3110 2193 5936 472 807 5937 1470 1655 5938 2188 1656 5939 1870 2274 5940 3112 1207 5941 1980 1206 5942 1156 2686 5943 1956 2282 5944 3115 2176 5945 3114 2175 5946 3113 2283 5947 1482 2687 5948 1156 2686 5949 3115 2176 5950 1482 2687 5951 1196 516 5952 1840 2268 5953 3122 170 5954 3121 169 5955 3120 2269 5956 1577 515 5957 2151 2190 5958 241 2445 5959 2074 2688 5960 3255 2147 5961 1633 2146 5962 1076 2493 5963 1738 113 5964 3124 1276 5965 1638 114 5966 2206 2009 5967 3127 2689 5968 3126 2007 5969 3125 2008 5970 1976 1321 5971 2206 2009 5972 1041 1319 5973 1976 1321 5974 3125 2008 5975 1894 2016 5976 1123 2285 5977 3131 144 5978 3130 2015 5979 3129 2286 5980 1894 2016 5981 2076 1987 5982 2077 2018 5983 2094 2017 5984 2056 2019 5985 1714 851 5986 1715 1924 5987 1675 2690 5988 186 2691 5989 1558 2692 5990 2270 1995 5991 2313 2022 5992 3133 2024 5993 2014 421 5994 2015 2693 5995 3137 2029 5996 2015 2693 5997 3134 2031 5998 3137 2029 5999 3136 2030 6000 3135 422 6001 2014 421 6002 1175 2032 6003 1980 1206 6004 3136 2030 6005 1980 1206 6006 3135 422 6007 3136 2030 6008 3136 2030 6009 3137 2029 6010 1175 2032 6011 883 38 6012 1669 40 6013 3140 2067 6014 1504 2694 6015 1503 2035 6016 3138 2034 6017 581 2038 6018 2024 2695 6019 3142 2036 6020 2024 2695 6021 3141 2696 6022 3142 2036 6023 3143 2037 6024 1774 701 6025 581 2038 6026 3144 744 6027 3145 2042 6028 1815 2470 6029 292 2043 6030 1815 2470 6031 3146 2044 6032 1815 2470 6033 3145 2042 6034 3146 2044 6035 1522 2025 6036 292 2043 6037 3145 2042 6038 1154 2046 6039 3150 2048 6040 3149 221 6041 3149 221 6042 3148 220 6043 1154 2046 6044 1728 2492 6045 2415 2697 6046 2418 1180 6047 1197 310 6048 1882 2270 6049 3155 2271 6050 3154 311 6051 3153 2272 6052 1626 312 6053 1837 137 6054 1174 2054 6055 3156 138 6056 1174 2054 6057 3158 2698 6058 3157 136 6059 3157 136 6060 3158 2698 6061 1771 2055 6062 1879 883 6063 3160 882 6064 3159 1986 6065 2199 2643 6066 2198 239 6067 2947 238 6068 3159 1986 6069 3160 882 6070 2076 1987 6071 2077 2018 6072 2076 1987 6073 3162 2060 6074 2076 1987 6075 3160 882 6076 3161 881 6077 3163 770 6078 732 1931 6079 740 2699 6080 1721 2068 6081 832 462 6082 1861 461 6083 1955 875 6084 1138 2700 6085 3179 2075 6086 1138 2700 6087 3180 2076 6088 3179 2075 6089 3179 2075 6090 3178 2073 6091 1955 875 6092 2350 2150 6093 2045 626 6094 667 627 6095 1932 2077 6096 1931 2074 6097 3178 2073 6098 3178 2073 6099 3179 2075 6100 1932 2077 6101 3182 2078 6102 3183 283 6103 187 1182 6104 3181 1191 6105 2287 2079 6106 1649 1192 6107 1811 2701 6108 1195 2081 6109 3184 2080 6110 1195 2081 6111 3186 2386 6112 3185 1068 6113 2297 1067 6114 1811 2701 6115 3184 2080 6116 3185 1068 6117 3186 2386 6118 2298 1069 6119 3188 207 6120 997 2316 6121 1418 347 6122 1517 2304 6123 1516 2085 6124 3192 2084 6125 1516 2085 6126 3190 201 6127 3191 300 6128 2055 2087 6129 2054 2163 6130 3196 2086 6131 3195 365 6132 3194 364 6133 2055 2087 6134 1959 2224 6135 242 2444 6136 3328 2226 6137 3199 1095 6138 3198 2088 6139 3197 2702 6140 1825 2703 6141 3202 2093 6142 3201 2092 6143 1661 2090 6144 3201 2092 6145 3200 2091 6146 194 1037 6147 1660 1036 6148 3200 2091 6149 3200 2091 6150 3201 2092 6151 194 1037 6152 1934 2431 6153 1204 2173 6154 1920 2704 6155 1678 1445 6156 1808 2705 6157 746 2359 6158 3204 578 6159 1117 2096 6160 1100 1854 6161 3206 879 6162 3205 2098 6163 1481 880 6164 741 2061 6165 752 865 6166 3100 1978 6167 3210 1200 6168 1693 2706 6169 1198 1198 6170 1693 2706 6171 3210 1200 6172 1692 2707 6173 3210 1200 6174 3209 1199 6175 1692 2707 6176 3212 2103 6177 3211 2102 6178 2278 1639 6179 3214 1190 6180 541 995 6181 563 2515 6182 1857 2107 6183 3218 2110 6184 3217 2108 6185 3216 2109 6186 1856 2708 6187 1857 2107 6188 1939 2709 6189 3259 2710 6190 1856 2708 6191 1616 2711 6192 179 2630 6193 3301 2712 6194 1205 2347 6195 1965 2262 6196 3222 2263 6197 3221 2348 6198 3220 2713 6199 1983 1989 6200 3292 2714 6201 3325 2715 6202 2261 267 6203 2902 1823 6204 1682 1105 6205 1823 1779 6206 113 1071 6207 1540 2466 6208 3227 2119 6209 1540 2466 6210 3225 2116 6211 3227 2119 6212 2138 728 6213 1901 2716 6214 1902 2120 6215 3231 357 6216 3232 359 6217 1634 302 6218 3235 2569 6219 1835 2717 6220 3234 2125 6221 2337 2126 6222 2336 39 6223 3233 2124 6224 883 38 6225 3235 2569 6226 3234 2125 6227 2332 2362 6228 3238 2127 6229 3240 1932 6230 1576 2718 6231 3242 2467 6232 3243 2719 6233 3267 2312 6234 1460 2159 6235 1459 2161 6236 819 1209 6237 1995 2053 6238 1996 2138 6239 1768 2545 6240 2581 517 6241 2580 519 6242 1845 1346 6243 3248 1345 6244 1727 2142 6245 1727 2142 6246 760 569 6247 759 568 6248 1727 2142 6249 3248 1345 6250 1930 935 6251 2126 2720 6252 2525 1325 6253 2526 1326 6254 1099 439 6255 1908 438 6256 3249 200 6257 3249 200 6258 1908 438 6259 1909 2057 6260 299 587 6261 1805 110 6262 3254 2143 6263 1805 110 6264 3252 2145 6265 3253 2144 6266 1963 585 6267 299 587 6268 3254 2143 6269 3254 2143 6270 3253 2144 6271 1963 585 6272 1963 585 6273 3252 2145 6274 3251 973 6275 1634 302 6276 1633 2146 6277 1666 671 6278 2170 2559 6279 1534 1335 6280 2606 298 6281 1877 2151 6282 3256 2152 6283 3258 624 6284 621 618 6285 599 699 6286 598 698 6287 2155 2721 6288 2156 1607 6289 3263 2722 6290 1459 2161 6291 3266 2160 6292 3267 2312 6293 2243 2723 6294 3265 2158 6295 3268 2157 6296 3267 2312 6297 3266 2160 6298 2242 2311 6299 1207 321 6300 2051 1160 6301 3271 319 6302 3270 2724 6303 3269 2725 6304 2063 320 6305 2648 1462 6306 262 800 6307 1988 991 6308 2241 2726 6309 115 2171 6310 3275 2170 6311 1920 2704 6312 1204 2173 6313 3280 2172 6314 1204 2173 6315 3282 2727 6316 3281 2174 6317 1919 2094 6318 1920 2704 6319 3280 2172 6320 3281 2174 6321 3282 2727 6322 1766 2052 6323 3284 2728 6324 1483 737 6325 3283 739 6326 1802 1446 6327 844 473 6328 2064 1380 6329 2043 304 6330 1668 303 6331 1667 1301 6332 286 132 6333 3295 266 6334 287 268 6335 1189 2729 6336 1016 2730 6337 1133 2731 6338 2150 1982 6339 3296 2191 6340 3298 2192 6341 3298 2192 6342 3296 2191 6343 240 263 6344 1362 11 6345 1347 9 6346 1346 28 6347 3301 2712 6348 1536 77 6349 3302 79 6350 3301 2712 6351 3302 79 6352 1573 151 6353 2275 993 6354 3304 2195 6355 3305 2196 6356 3305 2196 6357 3306 2197 6358 2275 993 6359 1623 2662 6360 1622 2169 6361 1652 718 6362 1490 1242 6363 3314 776 6364 3313 775 6365 3312 774 6366 1586 1084 6367 1585 1936 6368 1490 1242 6369 3313 775 6370 1489 2211 6371 3313 775 6372 3312 774 6373 1585 1936 6374 1489 2211 6375 1585 1936 6376 1584 2213 6377 3075 193 6378 3074 2277 6379 1697 2678 6380 1615 1019 6381 3318 2732 6382 3319 153 6383 188 1647 6384 3321 1648 6385 3320 152 6386 3319 153 6387 3318 2732 6388 1573 151 6389 3324 25 6390 1743 997 6391 2080 2219 6392 3324 25 6393 2079 307 6394 3322 306 6395 1658 2223 6396 1657 724 6397 3327 969 6398 3326 723 6399 3325 2715 6400 1658 2223 6401 3328 2226 6402 3331 499 6403 1959 2224 6404 1958 500 6405 1959 2224 6406 3329 498 6407 1959 2224 6408 3331 499 6409 3330 2225 6410 1957 2123 6411 1958 500 6412 2149 1981 6413 1209 68 6414 2121 2264 6415 3336 394 6416 3335 156 6417 3334 155 6418 2134 157 6419 3171 2733 6420 3172 2734 6421 3173 2735 6422 3262 2736 6423 3263 2722 6424 3264 1094 6425 2196 506 6426 2478 2260 6427 2197 504 6428 758 565 6429 3228 41 6430 2643 482 6431 3338 934 6432 1881 1304 6433 777 2241 6434 3338 934 6435 3339 2737 6436 1930 935 6437 843 2105 6438 1468 2738 6439 2496 2525 6440 3033 548 6441 1637 1275 6442 1097 274 6443 2075 2573 6444 2675 1491 6445 2674 2471 6446 3324 25 6447 1741 27 6448 1742 996 6449 1742 996 6450 1741 27 6451 1967 199 6452 1969 227 6453 1910 289 6454 1078 291 6455 2208 2739 6456 2729 2740 6457 117 2605 6458 3341 82 6459 3018 1910 6460 1455 1055 6461 3342 1062 6462 2959 1061 6463 2310 2341 6464 1052 301 6465 3350 213 6466 2828 308 6467 3348 215 6468 1053 214 6469 2043 304 6470 3345 2244 6471 2043 304 6472 1552 1136 6473 1052 301 6474 1075 1277 6475 1812 358 6476 2505 0 6477 2504 961 6478 2260 1 6479 935 2741 6480 918 1354 6481 923 2742 6482 923 2742 6483 897 1353 6484 906 2743 6485 906 2743 6486 887 2744 6487 886 2745 6488 886 2745 6489 813 2746 6490 817 2747 6491 817 2747 6492 809 2748 6493 811 2749 6494 811 2749 6495 1000 2750 6496 886 2745 6497 1000 2750 6498 1245 2751 6499 1149 2752 6500 1000 2750 6501 1149 2752 6502 1101 2753 6503 1248 2754 6504 1249 2755 6505 1250 2756 6506 1245 2751 6507 1248 2754 6508 1190 2757 6509 886 2745 6510 1000 2750 6511 906 2743 6512 886 2745 6513 817 2747 6514 811 2749 6515 923 2742 6516 906 2743 6517 1000 2750 6518 944 2758 6519 936 418 6520 935 2741 6521 970 2759 6522 944 2758 6523 935 2741 6524 1150 2760 6525 1102 387 6526 1149 2752 6527 1102 387 6528 1101 2753 6529 1149 2752 6530 1101 2753 6531 970 2759 6532 1000 2750 6533 970 2759 6534 935 2741 6535 1000 2750 6536 935 2741 6537 923 2742 6538 1000 2750 6539 1180 2761 6540 1165 2762 6541 1179 2763 6542 1165 2762 6543 1164 2764 6544 1179 2763 6545 1190 2757 6546 1191 2765 6547 1179 2763 6548 1229 2766 6549 1215 915 6550 1268 2767 6551 1215 915 6552 1223 2768 6553 1261 2769 6554 1190 2757 6555 1179 2763 6556 1164 2764 6557 1232 2770 6558 1229 2766 6559 1269 1817 6560 1215 915 6561 1261 2769 6562 1268 2767 6563 1190 2757 6564 1164 2764 6565 1245 2751 6566 1164 2764 6567 1149 2752 6568 1245 2751 6569 1250 2756 6570 1256 2771 6571 1257 2772 6572 1248 2754 6573 1250 2756 6574 1190 2757 6575 1257 2772 6576 1258 2773 6577 1259 2774 6578 1250 2756 6579 1257 2772 6580 1259 2774 6581 1190 2757 6582 1250 2756 6583 1223 2768 6584 1259 2774 6585 1264 2775 6586 1265 2776 6587 1223 2768 6588 1250 2756 6589 1259 2774 6590 1259 2774 6591 1265 2776 6592 1260 2777 6593 1265 2776 6594 1266 2778 6595 1260 2777 6596 1234 2779 6597 1233 2780 6598 1232 2770 6599 1223 2768 6600 1259 2774 6601 1260 2777 6602 1223 2768 6603 1260 2777 6604 1261 2769 6605 1235 971 6606 1234 2779 6607 1232 2770 6608 1253 2781 6609 1252 972 6610 1251 2782 6611 1251 2782 6612 1235 971 6613 1232 2770 6614 1261 2769 6615 1267 2669 6616 1268 2767 6617 1268 2767 6618 1277 2783 6619 1285 2784 6620 1277 2783 6621 1297 2785 6622 1285 2784 6623 1229 2766 6624 1268 2767 6625 1269 1817 6626 1251 2782 6627 1232 2770 6628 1270 2786 6629 1268 2767 6630 1285 2784 6631 1269 1817 6632 1285 2784 6633 1298 2787 6634 1299 2788 6635 1298 2787 6636 1311 2789 6637 1323 2790 6638 1323 2790 6639 1300 1675 6640 1299 2788 6641 1298 2787 6642 1323 2790 6643 1299 2788 6644 1253 2781 6645 1251 2782 6646 1279 812 6647 1232 2770 6648 1269 1817 6649 1270 2786 6650 1254 2791 6651 1253 2781 6652 1262 2792 6653 1285 2784 6654 1299 2788 6655 1269 1817 6656 1251 2782 6657 1270 2786 6658 1279 812 6659 1270 2786 6660 1278 1816 6661 1279 812 6662 1236 2793 6663 1243 970 6664 1244 2794 6665 1253 2781 6666 1279 812 6667 1262 2792 6668 1237 401 6669 1236 2793 6670 1244 2794 6671 1237 401 6672 1244 2794 6673 1263 4 6674 1244 2794 6675 1254 2791 6676 1263 4 6677 1241 2795 6678 1240 3 6679 1246 5 6680 1240 3 6681 1239 402 6682 1263 4 6683 1239 402 6684 1237 401 6685 1263 4 6686 1254 2791 6687 1262 2792 6688 1271 2796 6689 1271 2796 6690 1272 2797 6691 1254 2791 6692 1272 2797 6693 1263 4 6694 1254 2791 6695 1263 4 6696 1247 2798 6697 1246 5 6698 1246 5 6699 1242 2799 6700 1241 2795 6701 2796 2063 6702 2173 21 6703 2172 20 6704 2173 21 6705 2875 2800 6706 2876 19 6707 2875 2800 6708 1561 1600 6709 2876 19 6710 2289 22 6711 959 2526 6712 2498 23 6713 3324 25 6714 3322 306 6715 3323 26 6716 1347 9 6717 15 7 6718 1333 6 6719 2209 29 6720 2425 2801 6721 2426 30 6722 2602 35 6723 1520 2543 6724 1519 36 6725 883 38 6726 3234 2125 6727 2336 39 6728 3228 41 6729 3229 2313 6730 1556 42 6731 2381 44 6732 1459 2161 6733 2382 45 6734 444 47 6735 1636 1535 6736 2696 48 6737 2740 50 6738 2739 1587 6739 2108 51 6740 3105 53 6741 3106 1988 6742 1836 54 6743 1425 59 6744 371 1797 6745 2958 60 6746 1847 2802 6747 834 2344 6748 1736 64 6749 834 2344 6750 3000 62 6751 1736 64 6752 552 2803 6753 528 340 6754 3172 2734 6755 552 2803 6756 3172 2734 6757 3171 2733 6758 1673 148 6759 529 150 6760 2371 2804 6761 529 150 6762 552 2803 6763 2371 2804 6764 2371 2804 6765 552 2803 6766 553 2805 6767 552 2803 6768 3171 2733 6769 553 2805 6770 596 695 6771 554 2806 6772 553 2805 6773 3048 2229 6774 3049 2231 6775 3047 67 6776 553 2805 6777 3171 2733 6778 595 693 6779 3171 2733 6780 3048 2229 6781 2105 66 6782 595 693 6783 596 695 6784 553 2805 6785 3046 65 6786 2104 2679 6787 2105 66 6788 2105 66 6789 595 693 6790 3171 2733 6791 3048 2229 6792 3047 67 6793 2105 66 6794 3047 67 6795 2177 2230 6796 3046 65 6797 2177 2230 6798 3151 2530 6799 2176 1054 6800 3151 2530 6801 1902 2120 6802 1901 2716 6803 1901 2716 6804 2176 1054 6805 3151 2530 6806 2176 1054 6807 3046 65 6808 2177 2230 6809 1209 68 6810 2134 157 6811 2379 69 6812 967 2807 6813 980 2808 6814 968 2809 6815 980 2808 6816 981 2810 6817 968 2809 6818 981 2810 6819 991 2811 6820 992 2812 6821 992 2812 6822 1020 2813 6823 1003 2814 6824 1003 2814 6825 1042 2815 6826 1021 2816 6827 1021 2816 6828 1043 2817 6829 1022 2818 6830 1022 2818 6831 1005 2819 6832 1021 2816 6833 1005 2819 6834 1004 2820 6835 1021 2816 6836 1004 2820 6837 994 2821 6838 1003 2814 6839 994 2821 6840 993 2822 6841 1003 2814 6842 993 2822 6843 973 2823 6844 992 2812 6845 973 2823 6846 972 2824 6847 981 2810 6848 972 2824 6849 961 2825 6850 968 2809 6851 968 2809 6852 955 2826 6853 967 2807 6854 955 2826 6855 954 2827 6856 967 2807 6857 954 2827 6858 942 2828 6859 953 2829 6860 942 2828 6861 941 2830 6862 953 2829 6863 941 2830 6864 927 2831 6865 940 2832 6866 927 2831 6867 926 2833 6868 940 2832 6869 926 2833 6870 916 2834 6871 921 73 6872 921 73 6873 888 590 6874 898 2835 6875 898 2835 6876 868 589 6877 876 2836 6878 876 2836 6879 867 1621 6880 875 1622 6881 875 1622 6882 1769 1378 6883 1768 2545 6884 1768 2545 6885 1483 737 6886 875 1622 6887 1483 737 6888 3284 2728 6889 875 1622 6890 3284 2728 6891 3283 739 6892 1764 738 6893 1764 738 6894 3203 2401 6895 898 2835 6896 3203 2401 6897 1509 1448 6898 1510 2671 6899 3203 2401 6900 1510 2671 6901 898 2835 6902 3284 2728 6903 1764 738 6904 898 2835 6905 1510 2671 6906 3037 1920 6907 898 2835 6908 876 2836 6909 875 1622 6910 3284 2728 6911 921 73 6912 898 2835 6913 3037 1920 6914 898 2835 6915 876 2836 6916 3284 2728 6917 926 2833 6918 921 73 6919 925 72 6920 926 2833 6921 925 72 6922 940 2832 6923 967 2807 6924 954 2827 6925 966 2837 6926 973 2823 6927 981 2810 6928 992 2812 6929 972 2824 6930 968 2809 6931 981 2810 6932 1021 2816 6933 1004 2820 6934 1003 2814 6935 992 2812 6936 1003 2814 6937 993 2822 6938 953 2829 6939 966 2837 6940 954 2827 6941 940 2832 6942 960 2838 6943 953 2829 6944 925 72 6945 948 2839 6946 940 2832 6947 920 71 6948 933 2840 6949 925 72 6950 2017 1186 6951 924 2415 6952 920 71 6953 2300 2841 6954 2162 2400 6955 915 767 6956 2162 2400 6957 2017 1186 6958 920 71 6959 915 767 6960 2162 2400 6961 920 71 6962 921 73 6963 3037 1920 6964 915 767 6965 940 2832 6966 953 2829 6967 941 2830 6968 915 767 6969 920 71 6970 921 73 6971 6 2391 6972 583 677 6973 567 76 6974 583 677 6975 584 74 6976 567 76 6977 584 74 6978 585 678 6979 568 75 6980 1536 77 6981 187 1182 6982 3303 78 6983 3349 80 6984 3346 2027 6985 1031 81 6986 2808 83 6987 2807 1741 6988 2070 84 6989 1352 86 6990 1353 1103 6991 1336 2668 6992 1336 2668 6993 1310 2667 6994 1320 2842 6995 1320 2842 6996 1319 2843 6997 1335 87 6998 1335 87 6999 1334 2844 7000 1351 2845 7001 1351 2845 7002 1350 2846 7003 1366 2847 7004 1366 2847 7005 1365 2848 7006 1376 2849 7007 1376 2849 7008 1386 2850 7009 1387 2851 7010 1387 2851 7011 1400 2852 7012 1401 85 7013 1401 85 7014 22 2853 7015 23 2854 7016 1401 85 7017 23 2854 7018 1388 773 7019 1376 2849 7020 1387 2851 7021 1401 85 7022 1351 2845 7023 1366 2847 7024 1335 87 7025 1366 2847 7026 1376 2849 7027 1401 85 7028 1335 87 7029 1366 2847 7030 1401 85 7031 1336 2668 7032 1320 2842 7033 1352 86 7034 1320 2842 7035 1335 87 7036 1352 86 7037 1401 85 7038 1388 773 7039 1352 86 7040 1641 88 7041 2219 535 7042 800 89 7043 2505 0 7044 261 2 7045 2148 91 7046 1382 93 7047 1383 430 7048 1373 94 7049 2097 96 7050 2096 1484 7051 2667 97 7052 393 99 7053 1425 59 7054 2956 1864 7055 2956 1864 7056 2958 60 7057 1495 100 7058 1495 100 7059 1494 1065 7060 2108 51 7061 1494 1065 7062 423 52 7063 2108 51 7064 2108 51 7065 2737 2855 7066 393 99 7067 393 99 7068 2956 1864 7069 1495 100 7070 2032 103 7071 705 1220 7072 2363 101 7073 705 1220 7074 1499 1219 7075 2363 101 7076 1499 1219 7077 1498 1224 7078 2363 101 7079 1555 564 7080 1678 1445 7081 757 106 7082 1678 1445 7083 756 104 7084 757 106 7085 1519 36 7086 1520 2543 7087 2576 107 7088 1806 109 7089 3252 2145 7090 1805 110 7091 1813 112 7092 1812 358 7093 1738 113 7094 2607 117 7095 2286 299 7096 2285 115 7097 2286 299 7098 2673 2472 7099 2268 1490 7100 2285 115 7101 2286 299 7102 2268 1490 7103 2311 118 7104 2961 2309 7105 2962 119 7106 3043 121 7107 1899 2856 7108 193 122 7109 2081 124 7110 1055 2221 7111 3344 125 7112 1731 127 7113 3245 2857 7114 3246 128 7115 285 130 7116 2195 1608 7117 2233 131 7118 2939 133 7119 2938 2330 7120 2340 134 7121 3157 136 7122 1770 2056 7123 1837 137 7124 1619 140 7125 2567 1372 7126 2566 141 7127 1853 143 7128 3130 2015 7129 3131 144 7130 2426 30 7131 2425 2801 7132 2239 146 7133 1673 148 7134 2464 1015 7135 2465 149 7136 1573 151 7137 188 1647 7138 3320 152 7139 754 2357 7140 764 979 7141 765 978 7142 765 978 7143 755 1618 7144 754 2357 7145 755 1618 7146 734 1257 7147 745 2858 7148 745 2858 7149 712 1256 7150 722 2859 7151 712 1256 7152 701 2450 7153 711 2860 7154 717 2861 7155 712 1256 7156 711 2860 7157 755 1618 7158 745 2858 7159 754 2357 7160 722 2859 7161 763 2356 7162 745 2858 7163 763 2356 7164 754 2357 7165 745 2858 7166 701 2450 7167 713 2449 7168 702 159 7169 712 1256 7170 717 2861 7171 722 2859 7172 691 2368 7173 696 2367 7174 701 2450 7175 696 2367 7176 711 2860 7177 701 2450 7178 482 2414 7179 695 2366 7180 691 2368 7181 702 159 7182 703 594 7183 692 160 7184 703 594 7185 704 596 7186 692 160 7187 691 2368 7188 701 2450 7189 702 159 7190 462 829 7191 482 2414 7192 2492 2862 7193 482 2414 7194 691 2368 7195 669 2328 7196 415 2423 7197 461 830 7198 416 2424 7199 461 830 7200 462 829 7201 416 2424 7202 417 2863 7203 416 2424 7204 462 829 7205 418 2864 7206 389 930 7207 417 2863 7208 2492 2862 7209 390 931 7210 418 2864 7211 686 161 7212 664 2865 7213 669 2328 7214 669 2328 7215 2492 2862 7216 482 2414 7217 2492 2862 7218 418 2864 7219 462 829 7220 418 2864 7221 417 2863 7222 462 829 7223 691 2368 7224 702 159 7225 686 161 7226 692 160 7227 687 2866 7228 686 161 7229 686 161 7230 669 2328 7231 691 2368 7232 2749 162 7233 1749 1599 7234 1748 163 7235 2324 165 7236 371 1797 7237 2106 166 7238 656 171 7239 657 2420 7240 650 172 7241 2578 179 7242 1768 2545 7243 2579 180 7244 2380 70 7245 2379 69 7246 2168 182 7247 1222 196 7248 1574 2867 7249 1550 197 7250 1519 36 7251 2574 2544 7252 1222 196 7253 2574 2544 7254 1484 2336 7255 1222 196 7256 3190 201 7257 1515 2321 7258 3189 202 7259 1528 210 7260 351 643 7261 1948 211 7262 3350 213 7263 1052 301 7264 1053 214 7265 2760 216 7266 1893 2868 7267 1892 217 7268 451 222 7269 474 810 7270 475 223 7271 2372 225 7272 1743 997 7273 2373 226 7274 307 228 7275 3053 2433 7276 2237 229 7277 193 122 7278 1899 2856 7279 3076 240 7280 1936 248 7281 979 1016 7282 2101 249 7283 1118 259 7284 1117 2096 7285 1132 257 7286 1117 2096 7287 1713 2095 7288 2249 2684 7289 3132 2198 7290 1117 2096 7291 2249 2684 7292 3132 2198 7293 3223 2200 7294 1132 257 7295 3223 2200 7296 3128 2567 7297 1132 257 7298 3128 2567 7299 1918 2278 7300 1172 2279 7301 1172 2279 7302 1917 577 7303 1178 576 7304 1132 257 7305 1133 2731 7306 1119 258 7307 1172 2279 7308 1178 576 7309 1132 257 7310 3128 2567 7311 1172 2279 7312 1132 257 7313 1117 2096 7314 3132 2198 7315 1132 257 7316 3108 260 7317 1943 617 7318 1942 261 7319 3295 266 7320 3294 968 7321 2261 267 7322 1403 277 7323 24 2869 7324 1404 2870 7325 24 2869 7326 25 2871 7327 1404 2870 7328 1404 2870 7329 1390 275 7330 1403 277 7331 1390 275 7332 1389 772 7333 1402 276 7334 1027 278 7335 3348 215 7336 1028 279 7337 1057 282 7338 3346 2027 7339 3349 80 7340 3349 80 7341 3343 313 7342 1055 2221 7343 1055 2221 7344 1056 281 7345 3349 80 7346 2453 295 7347 2451 2505 7348 2115 296 7349 2607 117 7350 2609 116 7351 2170 2559 7352 2170 2559 7353 2606 298 7354 2607 117 7355 2828 308 7356 1457 1696 7357 1051 309 7358 1197 310 7359 3155 2271 7360 3154 311 7361 1984 315 7362 2153 2266 7363 1210 183 7364 1606 316 7365 1605 1038 7366 2640 317 7367 3271 319 7368 3270 2724 7369 2063 320 7370 2820 322 7371 2817 2610 7372 374 323 7373 449 2872 7374 341 2429 7375 340 2873 7376 341 2429 7377 324 2428 7378 323 2874 7379 340 2873 7380 341 2429 7381 323 2874 7382 324 2428 7383 2258 1873 7384 1750 2875 7385 1750 2875 7386 342 976 7387 2288 926 7388 2288 926 7389 2553 400 7390 1750 2875 7391 2553 400 7392 1784 399 7393 1750 2875 7394 2552 398 7395 1783 1279 7396 2551 2876 7397 1784 399 7398 2552 398 7399 2586 2877 7400 2552 398 7401 2551 2876 7402 2586 2877 7403 324 2428 7404 1750 2875 7405 1784 399 7406 1953 342 7407 470 527 7408 397 2878 7409 470 527 7410 449 2872 7411 397 2878 7412 324 2428 7413 1784 399 7414 304 2879 7415 1784 399 7416 2586 2877 7417 2682 2880 7418 361 2881 7419 360 1954 7420 379 2882 7421 379 2882 7422 378 1953 7423 403 2883 7424 403 2883 7425 402 2884 7426 431 2885 7427 431 2885 7428 430 853 7429 453 2438 7430 453 2438 7431 452 224 7432 475 223 7433 475 223 7434 474 810 7435 494 809 7436 494 809 7437 493 790 7438 511 789 7439 511 789 7440 510 760 7441 532 759 7442 532 759 7443 531 2101 7444 555 2100 7445 555 2100 7446 554 2806 7447 597 697 7448 554 2806 7449 596 695 7450 597 697 7451 597 697 7452 556 734 7453 555 2100 7454 556 734 7455 533 765 7456 532 759 7457 533 765 7458 512 782 7459 511 789 7460 532 759 7461 533 765 7462 511 789 7463 513 781 7464 514 784 7465 475 223 7466 514 784 7467 495 794 7468 453 2438 7469 555 2100 7470 556 734 7471 532 759 7472 512 782 7473 513 781 7474 475 223 7475 514 784 7476 453 2438 7477 475 223 7478 496 793 7479 497 796 7480 476 814 7481 495 794 7482 496 793 7483 431 2885 7484 496 793 7485 476 814 7486 431 2885 7487 476 814 7488 454 2412 7489 403 2883 7490 454 2412 7491 432 842 7492 379 2882 7493 403 2883 7494 454 2412 7495 379 2882 7496 404 859 7497 405 858 7498 380 886 7499 432 842 7500 404 859 7501 379 2882 7502 476 814 7503 403 2883 7504 431 2885 7505 511 789 7506 512 782 7507 494 809 7508 475 223 7509 494 809 7510 512 782 7511 453 2438 7512 495 794 7513 431 2885 7514 404 859 7515 380 886 7516 2707 2886 7517 379 2882 7518 404 859 7519 361 2881 7520 361 2881 7521 404 859 7522 2707 2886 7523 381 885 7524 382 2506 7525 362 2014 7526 380 886 7527 381 885 7528 362 2014 7529 2707 2886 7530 2747 2596 7531 1748 163 7532 380 886 7533 362 2014 7534 2707 2886 7535 2586 2877 7536 361 2881 7537 2707 2886 7538 2707 2886 7539 1748 163 7540 2708 2887 7541 2682 2880 7542 304 2879 7543 1784 399 7544 304 2879 7545 303 2888 7546 324 2428 7547 2707 2886 7548 2708 2887 7549 2586 2877 7550 2708 2887 7551 2682 2880 7552 2586 2877 7553 323 2874 7554 322 2889 7555 340 2873 7556 340 2873 7557 339 2890 7558 356 2891 7559 356 2891 7560 355 2892 7561 397 2878 7562 397 2878 7563 396 2893 7564 1953 342 7565 396 2893 7566 2318 2894 7567 528 340 7568 2318 2894 7569 1775 1244 7570 551 1638 7571 551 1638 7572 3151 2530 7573 2318 2894 7574 3151 2530 7575 2177 2230 7576 2318 2894 7577 2177 2230 7578 3048 2229 7579 3173 2735 7580 3048 2229 7581 3171 2733 7582 3173 2735 7583 3173 2735 7584 3172 2734 7585 528 340 7586 356 2891 7587 397 2878 7588 449 2872 7589 396 2893 7590 528 340 7591 1953 342 7592 340 2873 7593 356 2891 7594 449 2872 7595 2318 2894 7596 2177 2230 7597 3173 2735 7598 528 340 7599 552 2803 7600 529 150 7601 2318 2894 7602 3173 2735 7603 528 340 7604 324 2428 7605 303 2888 7606 323 2874 7607 528 340 7608 529 150 7609 2465 149 7610 508 341 7611 491 1059 7612 1953 342 7613 491 1059 7614 1532 526 7615 1953 342 7616 528 340 7617 2465 149 7618 508 341 7619 3055 351 7620 1565 613 7621 1827 352 7622 297 356 7623 271 957 7624 296 354 7625 271 957 7626 226 987 7627 296 354 7628 226 987 7629 2 2895 7630 296 354 7631 2 2895 7632 3 2896 7633 296 354 7634 3 2896 7635 318 2339 7636 296 354 7637 3231 357 7638 1052 301 7639 1812 358 7640 2978 360 7641 1859 2897 7642 684 361 7643 3034 366 7644 1803 1040 7645 1114 1024 7646 1114 1024 7647 1076 2493 7648 3351 367 7649 3351 367 7650 1633 2146 7651 1813 112 7652 1633 2146 7653 1634 302 7654 3232 359 7655 3232 359 7656 1812 358 7657 1813 112 7658 1633 2146 7659 3232 359 7660 1813 112 7661 3034 366 7662 1114 1024 7663 3351 367 7664 1813 112 7665 1638 114 7666 3351 367 7667 978 368 7668 964 2898 7669 971 369 7670 1422 371 7671 2419 2899 7672 2420 372 7673 2183 376 7674 2613 1418 7675 807 520 7676 2613 1418 7677 1874 1417 7678 807 520 7679 807 520 7680 806 374 7681 2183 376 7682 2484 377 7683 2263 1880 7684 2485 1266 7685 2485 1266 7686 2487 1260 7687 1546 1259 7688 1546 1259 7689 1545 1261 7690 1512 378 7691 1545 1261 7692 1511 2499 7693 1512 378 7694 2484 377 7695 2485 1266 7696 1546 1259 7697 2932 2656 7698 2291 1522 7699 2292 1524 7700 3315 2215 7701 3316 2214 7702 2930 2900 7703 2253 2488 7704 3317 2216 7705 2408 1174 7706 3317 2216 7707 3315 2215 7708 2408 1174 7709 1543 1865 7710 2409 1172 7711 2408 1174 7712 2930 2900 7713 2932 2656 7714 2292 1524 7715 1543 1865 7716 2408 1174 7717 2434 379 7718 2408 1174 7719 3315 2215 7720 2434 379 7721 2930 2900 7722 2292 1524 7723 2866 2256 7724 3315 2215 7725 2930 2900 7726 2866 2256 7727 2484 377 7728 1546 1259 7729 1512 378 7730 2434 379 7731 3315 2215 7732 2484 377 7733 3315 2215 7734 2866 2256 7735 2484 377 7736 1002 338 7737 1924 1230 7738 990 336 7739 1924 1230 7740 2709 1229 7741 984 349 7742 1924 1230 7743 984 349 7744 990 336 7745 2709 1229 7746 1475 2540 7747 964 2898 7748 984 349 7749 2709 1229 7750 978 368 7751 978 368 7752 983 350 7753 984 349 7754 958 392 7755 971 369 7756 964 2898 7757 964 2898 7758 978 368 7759 2709 1229 7760 2566 141 7761 2567 1372 7762 1618 420 7763 1475 2540 7764 2566 141 7765 951 2323 7766 964 2898 7767 1475 2540 7768 958 392 7769 951 2323 7770 958 392 7771 1475 2540 7772 2566 141 7773 1618 420 7774 951 2323 7775 946 408 7776 957 393 7777 951 2323 7778 938 419 7779 1734 2901 7780 931 380 7781 1734 2901 7782 932 2331 7783 931 380 7784 951 2323 7785 1618 420 7786 946 408 7787 1618 420 7788 938 419 7789 946 408 7790 930 382 7791 946 408 7792 931 380 7793 929 417 7794 937 416 7795 930 382 7796 857 2902 7797 856 2903 7798 874 2904 7799 856 2903 7800 929 417 7801 874 2904 7802 2162 2400 7803 2414 2399 7804 919 381 7805 2414 2399 7806 874 2904 7807 919 381 7808 946 408 7809 938 419 7810 931 380 7811 874 2904 7812 929 417 7813 919 381 7814 929 417 7815 930 382 7816 919 381 7817 1581 2332 7818 2421 2627 7819 931 380 7820 2421 2627 7821 919 381 7822 931 380 7823 1432 384 7824 2774 2217 7825 1039 294 7826 1040 293 7827 1062 2639 7828 1063 1713 7829 1432 384 7830 1039 294 7831 1040 293 7832 1063 1713 7833 2700 1542 7834 1040 293 7835 2700 1542 7836 1578 383 7837 1040 293 7838 962 2504 7839 950 407 7840 970 2759 7841 950 407 7842 945 409 7843 944 2758 7844 944 2758 7845 970 2759 7846 950 407 7847 970 2759 7848 1101 2753 7849 988 2533 7850 1101 2753 7851 1102 387 7852 1037 386 7853 988 2533 7854 1101 2753 7855 1037 386 7856 1150 2760 7857 1149 2752 7858 1164 2764 7859 1102 387 7860 1150 2760 7861 1134 2905 7862 970 2759 7863 976 887 7864 962 2504 7865 963 391 7866 957 393 7867 962 2504 7868 988 2533 7869 977 370 7870 976 887 7871 976 887 7872 963 391 7873 962 2504 7874 976 887 7875 970 2759 7876 988 2533 7877 1102 387 7878 1134 2905 7879 1081 385 7880 1150 2760 7881 1164 2764 7882 1165 2762 7883 1165 2762 7884 1166 917 7885 1151 2906 7886 1151 2906 7887 1152 2907 7888 1134 2905 7889 1134 2905 7890 1135 2908 7891 1120 2909 7892 1120 2909 7893 1103 2640 7894 1134 2905 7895 1103 2640 7896 1081 385 7897 1134 2905 7898 1081 385 7899 1038 2560 7900 1037 386 7901 1038 2560 7902 1017 339 7903 1037 386 7904 1037 386 7905 1001 335 7906 988 2533 7907 1001 335 7908 989 337 7909 988 2533 7910 1165 2762 7911 1151 2906 7912 1134 2905 7913 1150 2760 7914 1165 2762 7915 1134 2905 7916 2950 388 7917 2088 1274 7918 2953 389 7919 3336 394 7920 3335 156 7921 2134 157 7922 893 395 7923 892 2910 7924 1684 396 7925 1239 402 7926 1240 3 7927 1238 403 7928 1238 403 7929 1234 2779 7930 1237 401 7931 1234 2779 7932 1235 971 7933 1236 2793 7934 1237 401 7935 1234 2779 7936 1236 2793 7937 1781 1530 7938 1525 2911 7939 172 1531 7940 1525 2911 7941 2805 406 7942 1674 405 7943 172 1531 7944 1525 2911 7945 1674 405 7946 2805 406 7947 1524 2228 7948 1705 404 7949 1839 411 7950 1049 791 7951 2767 412 7952 2767 412 7953 1415 1629 7954 1416 410 7955 1415 1629 7956 1458 1695 7957 1416 410 7958 936 418 7959 944 2758 7960 937 416 7961 944 2758 7962 945 409 7963 937 416 7964 1619 140 7965 1759 778 7966 938 419 7967 1396 429 7968 1397 17 7969 1383 430 7970 738 433 7971 749 566 7972 750 431 7973 731 432 7974 737 575 7975 738 433 7976 632 434 7977 633 667 7978 611 435 7979 1841 437 7980 3286 2058 7981 1908 438 7982 1855 440 7983 3043 121 7984 3044 123 7985 2467 442 7986 2469 1012 7987 2181 443 7988 2442 445 7989 2441 2503 7990 2223 446 7991 2280 448 7992 2450 501 7993 814 449 7994 2812 451 7995 1430 819 7996 1471 452 7997 499 454 7998 500 798 7999 478 455 8000 1109 2912 8001 1124 2913 8002 1125 2914 8003 1125 2914 8004 1140 2247 8005 1141 2915 8006 1142 2916 8007 1169 2917 8008 1157 2918 8009 1125 2914 8010 1141 2915 8011 1142 2916 8012 1195 2081 8013 1840 2268 8014 1184 458 8015 2298 1069 8016 3186 2386 8017 2299 457 8018 2299 457 8019 1195 2081 8020 1184 458 8021 1109 2912 8022 1125 2914 8023 1142 2916 8024 1157 2918 8025 1836 54 8026 1182 2682 8027 1185 2601 8028 1109 2912 8029 1142 2916 8030 1157 2918 8031 1182 2682 8032 1183 459 8033 1185 2601 8034 1142 2916 8035 1157 2918 8036 1184 458 8037 1185 2601 8038 1157 2918 8039 1157 2918 8040 1183 459 8041 1184 458 8042 1183 459 8043 2298 1069 8044 2299 457 8045 832 462 8046 1847 2802 8047 3085 460 8048 1847 2802 8049 1736 64 8050 3085 460 8051 2320 465 8052 2319 1529 8053 2717 463 8054 2319 1529 8055 172 1531 8056 2717 463 8057 3020 466 8058 3022 1912 8059 2085 467 8060 92 469 8061 134 2919 8062 121 470 8063 2333 495 8064 814 449 8065 2247 477 8066 814 449 8067 2186 475 8068 2247 477 8069 2723 478 8070 1532 526 8071 2726 479 8072 1845 1346 8073 1727 2142 8074 2627 483 8075 1727 2142 8076 2643 482 8077 2627 483 8078 2643 482 8079 3228 41 8080 2628 43 8081 3015 415 8082 1677 414 8083 3017 484 8084 421 486 8085 483 2255 8086 464 487 8087 2420 372 8088 2419 2899 8089 1462 489 8090 2029 491 8091 2949 1859 8092 2948 492 8093 3329 498 8094 3330 2225 8095 3331 499 8096 1397 17 8097 11 16 8098 1384 15 8099 2197 504 8100 2456 2469 8101 2455 505 8102 1579 2579 8103 2701 1541 8104 1019 33 8105 1019 33 8106 2672 32 8107 1020 2813 8108 2672 32 8109 1041 1319 8110 1020 2813 8111 1041 1319 8112 3125 2008 8113 3126 2007 8114 3126 2007 8115 3127 2689 8116 1041 1319 8117 3127 2689 8118 1042 2815 8119 1041 1319 8120 1042 2815 8121 1003 2814 8122 1020 2813 8123 1020 2813 8124 992 2812 8125 991 2811 8126 991 2811 8127 981 2810 8128 980 2808 8129 980 2808 8130 967 2807 8131 966 2837 8132 966 2837 8133 953 2829 8134 960 2838 8135 960 2838 8136 940 2832 8137 948 2839 8138 948 2839 8139 925 72 8140 933 2840 8141 933 2840 8142 920 71 8143 2439 1217 8144 920 71 8145 924 2415 8146 2439 1217 8147 924 2415 8148 1583 1218 8149 2439 1217 8150 2439 1217 8151 1582 1185 8152 1893 2868 8153 1582 1185 8154 1892 217 8155 1893 2868 8156 1893 2868 8157 2760 216 8158 2761 2599 8159 948 2839 8160 933 2840 8161 939 2373 8162 933 2840 8163 2439 1217 8164 1893 2868 8165 939 2373 8166 933 2840 8167 2761 2599 8168 1893 2868 8169 2761 2599 8170 933 2840 8171 939 2373 8172 2661 777 8173 947 142 8174 960 2838 8175 948 2839 8176 2499 1284 8177 980 2808 8178 966 2837 8179 979 1016 8180 966 2837 8181 960 2838 8182 965 507 8183 2101 249 8184 966 2837 8185 965 507 8186 991 2811 8187 980 2808 8188 2809 1113 8189 966 2837 8190 2101 249 8191 979 1016 8192 948 2839 8193 939 2373 8194 947 142 8195 2068 2541 8196 948 2839 8197 947 142 8198 2068 2541 8199 952 983 8200 948 2839 8201 952 983 8202 2499 1284 8203 948 2839 8204 2499 1284 8205 959 2526 8206 960 2838 8207 1020 2813 8208 991 2811 8209 1019 33 8210 2809 1113 8211 980 2808 8212 1433 1018 8213 1042 2815 8214 1020 2813 8215 1041 1319 8216 960 2838 8217 959 2526 8218 2964 2644 8219 2809 1113 8220 1579 2579 8221 1019 33 8222 979 1016 8223 1433 1018 8224 980 2808 8225 2907 508 8226 2906 2633 8227 2101 249 8228 2809 1113 8229 1019 33 8230 991 2811 8231 960 2838 8232 2964 2644 8233 965 507 8234 2964 2644 8235 2963 1869 8236 965 507 8237 3122 170 8238 3121 169 8239 1577 515 8240 2581 517 8241 1897 1486 8242 1896 518 8243 576 523 8244 575 2322 8245 600 524 8246 1532 526 8247 2723 478 8248 470 527 8249 2624 533 8250 2625 1434 8251 2652 531 8252 2625 1434 8253 2626 1433 8254 2652 531 8255 2626 1433 8256 1776 2920 8257 2652 531 8258 1776 2920 8259 100 2575 8260 2652 531 8261 100 2575 8262 2047 1504 8263 2652 531 8264 2047 1504 8265 2650 1467 8266 2652 531 8267 2979 1881 8268 729 537 8269 1977 536 8270 729 537 8271 736 2921 8272 2888 538 8273 1638 114 8274 1637 1275 8275 3033 548 8276 2317 554 8277 2396 2379 8278 2397 555 8279 606 557 8280 566 2608 8281 582 558 8282 2044 560 8283 1667 1301 8284 3291 561 8285 2935 269 8286 1496 271 8287 1093 562 8288 2366 571 8289 2367 1252 8290 2116 297 8291 1751 574 8292 1704 2922 8293 3337 2235 8294 1704 2922 8295 1834 2923 8296 3337 2235 8297 1834 2923 8298 1554 2924 8299 2215 2236 8300 3337 2235 8301 2003 2237 8302 1751 574 8303 2003 2237 8304 2257 1303 8305 1751 574 8306 1834 2923 8307 2215 2236 8308 3337 2235 8309 776 573 8310 786 2925 8311 1751 574 8312 2257 1303 8313 1880 1302 8314 2078 572 8315 1751 574 8316 2257 1303 8317 2078 572 8318 2078 572 8319 768 933 8320 776 573 8321 2016 192 8322 2914 2275 8323 1188 2926 8324 2914 2275 8325 1851 2392 8326 1188 2926 8327 1188 2926 8328 1178 576 8329 2016 192 8330 1841 437 8331 1713 2095 8332 3204 578 8333 2049 579 8334 2190 1914 8335 700 580 8336 825 582 8337 831 2927 8338 3152 583 8339 1963 585 8340 1826 1479 8341 321 586 8342 1046 2928 8343 1067 2929 8344 1047 2930 8345 1067 2929 8346 1068 2931 8347 1047 2930 8348 1068 2931 8349 1048 2932 8350 1047 2930 8351 1047 2930 8352 1025 2933 8353 1046 2928 8354 1025 2933 8355 1024 1133 8356 1046 2928 8357 1024 1133 8358 917 1132 8359 922 2934 8360 922 2934 8361 1754 2935 8362 2479 2936 8363 2479 2936 8364 2559 1360 8365 912 1361 8366 2532 1290 8367 1533 1289 8368 908 1408 8369 1533 1289 8370 2169 2558 8371 908 1408 8372 922 2934 8373 2479 2936 8374 912 1361 8375 922 2934 8376 912 1361 8377 2532 1290 8378 1024 1133 8379 922 2934 8380 973 2823 8381 922 2934 8382 2532 1290 8383 908 1408 8384 973 2823 8385 922 2934 8386 961 2825 8387 2169 2558 8388 2609 116 8389 908 1408 8390 1023 2937 8391 1085 2938 8392 1045 1466 8393 1045 1466 8394 1046 2928 8395 1024 1133 8396 908 1408 8397 2285 115 8398 2268 1490 8399 1045 1466 8400 1024 1133 8401 1023 2937 8402 961 2825 8403 922 2934 8404 907 2939 8405 1023 2937 8406 1024 1133 8407 1005 2819 8408 1022 2818 8409 1044 2940 8410 1023 2937 8411 1005 2819 8412 1024 1133 8413 973 2823 8414 908 1408 8415 2268 1490 8416 2267 1492 8417 902 1493 8418 2075 2573 8419 901 1422 8420 2075 2573 8421 2615 1420 8422 901 1422 8423 908 1408 8424 2267 1492 8425 902 1493 8426 1022 2818 8427 1023 2937 8428 1005 2819 8429 994 2821 8430 1004 2820 8431 1005 2819 8432 908 1408 8433 902 1493 8434 901 1422 8435 973 2823 8436 993 2822 8437 994 2821 8438 994 2821 8439 1005 2819 8440 973 2823 8441 922 2934 8442 908 1408 8443 907 2939 8444 901 1422 8445 907 2939 8446 908 1408 8447 907 2939 8448 900 2010 8449 899 2941 8450 899 2941 8451 879 2942 8452 878 2943 8453 878 2943 8454 858 2944 8455 869 2945 8456 877 2946 8457 839 2947 8458 846 2948 8459 878 2943 8460 869 2945 8461 877 2946 8462 899 2941 8463 878 2943 8464 877 2946 8465 846 2948 8466 824 2949 8467 830 2950 8468 907 2939 8469 899 2941 8470 916 2834 8471 899 2941 8472 877 2946 8473 916 2834 8474 907 2939 8475 942 2828 8476 955 2826 8477 961 2825 8478 972 2824 8479 973 2823 8480 942 2828 8481 907 2939 8482 927 2831 8483 961 2825 8484 907 2939 8485 955 2826 8486 955 2826 8487 968 2809 8488 961 2825 8489 877 2946 8490 846 2948 8491 888 590 8492 927 2831 8493 907 2939 8494 916 2834 8495 942 2828 8496 954 2827 8497 955 2826 8498 830 2950 8499 823 2951 8500 822 2952 8501 846 2948 8502 830 2950 8503 845 588 8504 927 2831 8505 941 2830 8506 942 2828 8507 877 2946 8508 888 590 8509 916 2834 8510 830 2950 8511 822 2952 8512 845 588 8513 845 588 8514 838 2953 8515 867 1621 8516 867 1621 8517 876 2836 8518 868 589 8519 868 589 8520 898 2835 8521 888 590 8522 888 590 8523 921 73 8524 916 2834 8525 916 2834 8526 926 2833 8527 927 2831 8528 888 590 8529 846 2948 8530 845 588 8531 845 588 8532 867 1621 8533 868 589 8534 1950 599 8535 2618 2563 8536 2619 2564 8537 2618 2563 8538 1787 1305 8539 2619 2564 8540 2619 2564 8541 1951 597 8542 1950 599 8543 1648 2511 8544 180 2510 8545 189 605 8546 180 2510 8547 1614 1020 8548 1613 603 8549 1614 1020 8550 3321 1648 8551 1613 603 8552 1613 603 8553 188 1647 8554 1725 604 8555 188 1647 8556 2335 1181 8557 1725 604 8558 1725 604 8559 187 1182 8560 1685 285 8561 187 1182 8562 3183 283 8563 1685 285 8564 180 2510 8565 1613 603 8566 189 605 8567 189 605 8568 1537 1527 8569 1648 2511 8570 1685 285 8571 206 284 8572 1725 604 8573 206 284 8574 189 605 8575 1725 604 8576 1833 49 8577 2507 1293 8578 465 606 8579 1305 607 8580 1302 2954 8581 1301 608 8582 1301 608 8583 1290 2955 8584 1289 811 8585 1289 811 8586 1288 813 8587 1301 608 8588 1288 813 8589 1327 609 8590 1301 608 8591 1327 609 8592 1306 2956 8593 1305 607 8594 1565 613 8595 3059 1940 8596 3058 614 8597 1944 616 8598 1554 2924 8599 1942 261 8600 3271 319 8601 2051 1160 8602 2395 630 8603 2027 632 8604 2375 1137 8605 2376 633 8606 1906 635 8607 148 1735 8608 2844 636 8609 487 638 8610 446 1597 8611 468 639 8612 2997 641 8613 2996 1559 8614 1562 642 8615 1562 642 8616 3083 1958 8617 3084 942 8618 3084 942 8619 335 941 8620 1948 211 8621 351 643 8622 2106 166 8623 2997 641 8624 2106 166 8625 371 1797 8626 2997 641 8627 3084 942 8628 1948 211 8629 1562 642 8630 1948 211 8631 351 643 8632 1562 642 8633 2855 1751 8634 2284 645 8635 2283 644 8636 2284 645 8637 2933 2374 8638 2934 270 8639 2933 2374 8640 1496 271 8641 2934 270 8642 562 646 8643 625 1079 8644 602 647 8645 288 2361 8646 2503 960 8647 343 654 8648 2503 960 8649 3292 2714 8650 343 654 8651 2232 2188 8652 2194 1572 8653 309 652 8654 3292 2714 8655 2232 2188 8656 309 652 8657 2546 1351 8658 2294 1350 8659 1989 2409 8660 2294 1350 8661 288 2361 8662 344 927 8663 263 2410 8664 1989 2409 8665 289 2957 8666 289 2957 8667 1989 2409 8668 344 927 8669 264 2958 8670 239 2959 8671 310 950 8672 239 2959 8673 289 2957 8674 310 950 8675 344 927 8676 1989 2409 8677 2294 1350 8678 3292 2714 8679 309 652 8680 343 654 8681 312 955 8682 265 2960 8683 264 2958 8684 312 955 8685 264 2958 8686 311 952 8687 310 950 8688 311 952 8689 264 2958 8690 346 2961 8691 325 2434 8692 310 950 8693 344 927 8694 345 929 8695 289 2957 8696 345 929 8697 346 2961 8698 289 2957 8699 363 918 8700 364 920 8701 344 927 8702 413 2962 8703 385 919 8704 363 918 8705 441 846 8706 442 848 8707 343 654 8708 442 848 8709 413 2962 8710 343 654 8711 459 843 8712 460 847 8713 440 844 8714 460 847 8715 441 846 8716 440 844 8717 412 867 8718 439 845 8719 440 844 8720 413 2962 8721 363 918 8722 343 654 8723 346 2961 8724 310 950 8725 289 2957 8726 363 918 8727 344 927 8728 288 2361 8729 343 654 8730 363 918 8731 288 2361 8732 412 867 8733 440 844 8734 384 888 8735 440 844 8736 441 846 8737 384 888 8738 343 654 8739 384 888 8740 441 846 8741 1428 658 8742 1114 1024 8743 2977 656 8744 1114 1024 8745 1803 1040 8746 2977 656 8747 2491 659 8748 2490 1268 8749 2352 660 8750 3291 561 8751 1667 1301 8752 1666 671 8753 609 666 8754 610 436 8755 584 74 8756 584 74 8757 583 677 8758 609 666 8759 615 685 8760 591 687 8761 590 684 8762 3272 692 8763 2117 2441 8764 1514 2484 8765 2117 2441 8766 2256 2483 8767 2255 1267 8768 1514 2484 8769 2117 2441 8770 2116 297 8771 2256 2483 8772 2452 2440 8773 2518 2585 8774 2518 2585 8775 1469 318 8776 2519 1318 8777 2519 1318 8778 2521 1027 8779 2256 2483 8780 2521 1027 8781 2255 1267 8782 2256 2483 8783 2255 1267 8784 2116 297 8785 2117 2441 8786 2116 297 8787 1513 2485 8788 1514 2484 8789 1514 2484 8790 2399 2486 8791 2008 690 8792 2518 2585 8793 2519 1318 8794 2256 2483 8795 3273 691 8796 1838 2963 8797 3272 692 8798 2008 690 8799 293 1254 8800 3273 691 8801 3272 692 8802 1514 2484 8803 2008 690 8804 1774 701 8805 3143 2037 8806 564 702 8807 518 707 8808 499 454 8809 498 708 8810 2858 715 8811 1559 1757 8812 1560 716 8813 1654 427 8814 1623 2662 8815 1652 718 8816 287 268 8817 2261 267 8818 3326 723 8819 198 490 8820 1462 489 8821 2437 725 8822 2138 728 8823 3123 1637 8824 2277 727 8825 2277 727 8826 1735 755 8827 589 682 8828 589 682 8829 590 684 8830 2138 728 8831 3117 731 8832 1445 1176 8833 1481 880 8834 3205 2098 8835 3207 2097 8836 1508 2118 8837 3117 731 8838 1481 880 8839 99 2964 8840 1481 880 8841 3205 2098 8842 99 2964 8843 3093 730 8844 2293 1972 8845 3117 731 8846 1480 2965 8847 1985 1974 8848 98 729 8849 1985 1974 8850 3093 730 8851 98 729 8852 3224 2115 8853 99 2964 8854 3205 2098 8855 99 2964 8856 98 729 8857 3117 731 8858 1508 2118 8859 3225 2116 8860 3224 2115 8861 3205 2098 8862 1508 2118 8863 3224 2115 8864 1338 750 8865 1339 1298 8866 1325 2966 8867 1325 2966 8868 1324 1676 8869 1338 750 8870 1324 1676 8871 1322 2967 8872 1337 751 8873 1322 2967 8874 1321 2968 8875 1337 751 8876 1354 1102 8877 1367 1101 8878 1368 1494 8879 1324 1676 8880 1337 751 8881 1338 750 8882 1337 751 8883 1354 1102 8884 1368 1494 8885 1368 1494 8886 1355 749 8887 1337 751 8888 1449 752 8889 2407 1171 8890 2406 753 8891 509 758 8892 531 2101 8893 532 759 8894 1108 761 8895 1109 2912 8896 1091 762 8897 3035 766 8898 2300 2841 8899 915 767 8900 1747 769 8901 732 1931 8902 3163 770 8903 1388 773 8904 23 2854 8905 1402 276 8906 23 2854 8907 24 2869 8908 1402 276 8909 24 2869 8910 1403 277 8911 1402 276 8912 1619 140 8913 947 142 8914 2661 777 8915 2661 777 8916 939 2373 8917 1759 778 8918 693 779 8919 2733 1579 8920 1951 597 8921 1049 791 8922 3192 2084 8923 3191 300 8924 261 2 8925 2260 1 8926 2295 799 8927 1289 811 8928 1280 2969 8929 1279 812 8930 3303 78 8931 188 1647 8932 1573 151 8933 2020 818 8934 3270 2724 8935 3271 319 8936 1314 822 8937 1331 1263 8938 1332 823 8939 1332 823 8940 1333 6 8941 1315 821 8942 1333 6 8943 17 2245 8944 1315 821 8945 1383 430 8946 1384 15 8947 1374 824 8948 2413 834 8949 2412 2489 8950 2209 29 8951 451 222 8952 452 224 8953 429 2419 8954 429 2419 8955 1610 838 8956 451 222 8957 1610 838 8958 2302 1820 8959 2301 839 8960 2301 839 8961 473 808 8962 451 222 8963 473 808 8964 474 810 8965 451 222 8966 3163 770 8967 1438 2970 8968 761 468 8969 761 468 8970 2085 467 8971 752 865 8972 752 865 8973 741 2061 8974 3163 770 8975 741 2061 8976 3164 771 8977 3163 770 8978 667 627 8979 661 629 8980 2152 871 8981 661 629 8982 1926 869 8983 2152 871 8984 2925 872 8985 2924 1840 8986 1544 873 8987 3116 877 8988 2165 219 8989 1139 2284 8990 1139 2284 8991 1982 2971 8992 3116 877 8993 1982 2971 8994 1138 2700 8995 3116 877 8996 1138 2700 8997 1955 875 8998 3116 877 8999 2135 878 9000 3207 2097 9001 3206 879 9002 971 369 9003 958 392 9004 963 391 9005 963 391 9006 976 887 9007 971 369 9008 1786 891 9009 2618 2563 9010 692 160 9011 2618 2563 9012 1950 599 9013 692 160 9014 692 160 9015 704 596 9016 1786 891 9017 2458 895 9018 2181 443 9019 1970 896 9020 2459 897 9021 1972 1235 9022 2458 895 9023 1972 1235 9024 2013 899 9025 2458 895 9026 1913 898 9027 2507 1293 9028 485 815 9029 893 395 9030 1701 1763 9031 1572 2972 9032 1572 2972 9033 2967 1871 9034 1611 1872 9035 1611 1872 9036 3002 2660 9037 1491 2659 9038 1491 2659 9039 1503 2035 9040 1504 2694 9041 1504 2694 9042 3138 2034 9043 1669 40 9044 1669 40 9045 2336 39 9046 2337 2126 9047 2337 2126 9048 3234 2125 9049 1835 2717 9050 1835 2717 9051 2358 1003 9052 2356 1123 9053 2355 1122 9054 2226 1121 9055 862 2973 9056 2226 1121 9057 2036 2974 9058 862 2973 9059 1835 2717 9060 2356 1123 9061 2355 1122 9062 1504 2694 9063 1669 40 9064 872 2975 9065 1669 40 9066 2337 2126 9067 872 2975 9068 2337 2126 9069 1835 2717 9070 2355 1122 9071 2036 2974 9072 2037 1011 9073 2466 1245 9074 2337 2126 9075 2355 1122 9076 872 2975 9077 2036 2974 9078 2466 1245 9079 862 2973 9080 2466 1245 9081 2180 444 9082 841 2976 9083 862 2973 9084 2466 1245 9085 841 2976 9086 1611 1872 9087 1491 2659 9088 882 2977 9089 1491 2659 9090 1504 2694 9091 882 2977 9092 893 395 9093 1572 2972 9094 1611 1872 9095 882 2977 9096 881 2978 9097 893 395 9098 872 2975 9099 871 2979 9100 882 2977 9101 862 2973 9102 861 2980 9103 2355 1122 9104 861 2980 9105 872 2975 9106 2355 1122 9107 842 900 9108 841 2976 9109 2458 895 9110 2458 895 9111 841 2976 9112 2180 444 9113 836 2634 9114 835 2981 9115 842 900 9116 2496 2525 9117 1467 2557 9118 2012 2514 9119 1467 2557 9120 1466 2556 9121 2012 2514 9122 1466 2556 9123 836 2634 9124 2013 899 9125 836 2634 9126 842 900 9127 2013 899 9128 872 2975 9129 882 2977 9130 1504 2694 9131 1972 1235 9132 2480 1250 9133 2012 2514 9134 2013 899 9135 1972 1235 9136 2012 2514 9137 882 2977 9138 893 395 9139 1611 1872 9140 2180 444 9141 2181 443 9142 2458 895 9143 2013 899 9144 2012 2514 9145 1466 2556 9146 205 2982 9147 204 1116 9148 227 2983 9149 227 2983 9150 252 2984 9151 279 2324 9152 279 2324 9153 300 2985 9154 1437 2609 9155 1437 2609 9156 2540 1341 9157 2538 1340 9158 2538 1340 9159 2539 1339 9160 1911 2538 9161 1911 2538 9162 2572 1373 9163 2570 903 9164 142 2629 9165 141 2986 9166 158 2987 9167 158 2987 9168 157 2988 9169 170 901 9170 170 901 9171 169 2989 9172 178 902 9173 178 902 9174 177 1117 9175 205 2982 9176 205 2982 9177 227 2983 9178 2570 903 9179 227 2983 9180 279 2324 9181 2570 903 9182 2570 903 9183 279 2324 9184 1911 2538 9185 279 2324 9186 1437 2609 9187 2538 1340 9188 2570 903 9189 142 2629 9190 170 901 9191 279 2324 9192 2538 1340 9193 1911 2538 9194 178 902 9195 205 2982 9196 2570 903 9197 142 2629 9198 158 2987 9199 170 901 9200 2804 904 9201 368 2990 9202 2218 905 9203 627 910 9204 1772 1813 9205 2103 911 9206 649 173 9207 646 914 9208 648 913 9209 646 914 9210 639 1058 9211 645 912 9212 639 1058 9213 626 2991 9214 645 912 9215 626 2991 9216 602 647 9217 645 912 9218 1224 2992 9219 1217 2993 9220 1216 2994 9221 1216 2994 9222 1201 2995 9223 1200 2996 9224 1200 2996 9225 1192 2997 9226 1173 2998 9227 1181 916 9228 1153 2999 9229 1166 917 9230 1153 2999 9231 1137 3000 9232 1166 917 9233 1166 917 9234 1137 3000 9235 1136 3001 9236 1200 2996 9237 1173 2998 9238 1181 916 9239 1216 2994 9240 1200 2996 9241 1215 915 9242 1200 2996 9243 1181 916 9244 1215 915 9245 1137 3000 9246 1121 3002 9247 1136 3001 9248 1136 3001 9249 1120 2909 9250 1135 2908 9251 1166 917 9252 1136 3001 9253 1152 2907 9254 1224 2992 9255 1216 2994 9256 1215 915 9257 1225 3003 9258 1218 2649 9259 1224 2992 9260 1190 2757 9261 1223 2768 9262 1191 2765 9263 1223 2768 9264 1215 915 9265 1191 2765 9266 1180 2761 9267 1179 2763 9268 1191 2765 9269 1229 2766 9270 1225 3003 9271 1224 2992 9272 1136 3001 9273 1135 2908 9274 1152 2907 9275 1215 915 9276 1229 2766 9277 1224 2992 9278 1135 2908 9279 1134 2905 9280 1152 2907 9281 1180 2761 9282 1191 2765 9283 1215 915 9284 1166 917 9285 1165 2762 9286 1180 2761 9287 1152 2907 9288 1151 2906 9289 1166 917 9290 1180 2761 9291 1215 915 9292 1166 917 9293 59 923 9294 140 3004 9295 141 2986 9296 141 2986 9297 63 3005 9298 62 3006 9299 62 3006 9300 53 3007 9301 52 921 9302 52 921 9303 47 2474 9304 46 922 9305 46 922 9306 58 3008 9307 59 923 9308 59 923 9309 141 2986 9310 62 3006 9311 62 3006 9312 52 921 9313 59 923 9314 367 932 9315 348 3009 9316 366 936 9317 388 3010 9318 387 893 9319 416 2424 9320 367 932 9321 366 936 9322 389 930 9323 366 936 9324 388 3010 9325 389 930 9326 331 3011 9327 330 1430 9328 367 932 9329 332 1131 9330 316 743 9331 331 3011 9332 2882 2587 9333 1424 967 9334 1423 2586 9335 1424 967 9336 332 1131 9337 1423 2586 9338 2802 2606 9339 2218 905 9340 1423 2586 9341 332 1131 9342 331 3011 9343 1423 2586 9344 331 3011 9345 367 932 9346 390 931 9347 388 3010 9348 416 2424 9349 417 2863 9350 389 930 9351 388 3010 9352 417 2863 9353 389 930 9354 418 2864 9355 390 931 9356 390 931 9357 2492 2862 9358 1832 740 9359 2492 2862 9360 2493 741 9361 1832 740 9362 1832 740 9363 1907 2554 9364 390 931 9365 1907 2554 9366 419 2552 9367 391 3012 9368 419 2552 9369 420 1567 9370 391 3012 9371 420 1567 9372 369 998 9373 2837 3013 9374 2837 3013 9375 2139 3014 9376 391 3012 9377 420 1567 9378 2837 3013 9379 391 3012 9380 1907 2554 9381 391 3012 9382 2069 1064 9383 390 931 9384 1907 2554 9385 2069 1064 9386 2802 2606 9387 1423 2586 9388 390 931 9389 1423 2586 9390 331 3011 9391 390 931 9392 390 931 9393 2069 1064 9394 2802 2606 9395 1930 935 9396 2681 2240 9397 768 933 9398 768 933 9399 2078 572 9400 3338 934 9401 329 937 9402 347 3015 9403 386 894 9404 386 894 9405 387 893 9406 329 937 9407 387 893 9408 388 3010 9409 366 936 9410 2556 940 9411 716 3016 9412 1642 2206 9413 1642 2206 9414 1643 938 9415 2556 940 9416 1848 944 9417 2252 3017 9418 1722 945 9419 375 956 9420 3162 2060 9421 3161 881 9422 2503 960 9423 288 2361 9424 2260 1 9425 2883 965 9426 2884 2011 9427 349 966 9428 1254 2791 9429 1244 2794 9430 1243 970 9431 1243 970 9432 1236 2793 9433 1235 971 9434 1235 971 9435 1251 2782 9436 1252 972 9437 1252 972 9438 1253 2781 9439 1254 2791 9440 1254 2791 9441 1243 970 9442 1252 972 9443 298 958 9444 1962 1480 9445 3251 973 9446 1844 974 9447 1843 2487 9448 1875 975 9449 542 3018 9450 467 832 9451 486 831 9452 2276 2194 9453 2275 993 9454 1630 2402 9455 2275 993 9456 3215 1073 9457 1630 2402 9458 542 3018 9459 486 831 9460 2276 2194 9461 565 3019 9462 543 2607 9463 1630 2402 9464 543 2607 9465 542 3018 9466 1630 2402 9467 605 559 9468 582 558 9469 2024 2695 9470 582 558 9471 565 3019 9472 3141 2696 9473 651 3020 9474 606 557 9475 2787 3021 9476 606 557 9477 605 559 9478 2103 911 9479 2787 3021 9480 606 557 9481 1628 1858 9482 2787 3021 9483 1778 3022 9484 651 3020 9485 1773 977 9486 1628 1858 9487 606 557 9488 2103 911 9489 1772 1813 9490 1773 977 9491 3141 2696 9492 2024 2695 9493 582 558 9494 2024 2695 9495 2103 911 9496 605 559 9497 3143 2037 9498 3142 2036 9499 564 702 9500 3142 2036 9501 3141 2696 9502 564 702 9503 1629 2106 9504 564 702 9505 3141 2696 9506 1630 2402 9507 1629 2106 9508 565 3019 9509 1629 2106 9510 3141 2696 9511 565 3019 9512 542 3018 9513 2276 2194 9514 1630 2402 9515 772 550 9516 773 549 9517 765 978 9518 274 982 9519 2041 3023 9520 301 2437 9521 275 2436 9522 249 3024 9523 248 980 9524 274 982 9525 301 2437 9526 275 2436 9527 247 981 9528 273 1783 9529 274 982 9530 275 2436 9531 248 980 9532 274 982 9533 952 983 9534 2068 2541 9535 1476 984 9536 247 981 9537 248 980 9538 175 988 9539 175 988 9540 176 1115 9541 167 986 9542 176 1115 9543 168 3025 9544 167 986 9545 226 987 9546 271 957 9547 245 2439 9548 245 2439 9549 246 2524 9550 226 987 9551 246 2524 9552 247 981 9553 175 988 9554 226 987 9555 246 2524 9556 175 988 9557 1375 13 9558 13 12 9559 1362 11 9560 2275 993 9561 3306 2197 9562 1450 994 9563 536 673 9564 537 675 9565 517 709 9566 1742 996 9567 1968 198 9568 2373 226 9569 370 1000 9570 334 2519 9571 350 1921 9572 350 1921 9573 369 998 9574 370 1000 9575 562 646 9576 540 648 9577 539 1001 9578 540 648 9579 484 2254 9580 521 1002 9581 2358 1003 9582 2224 2453 9583 2225 1004 9584 2279 1006 9585 2364 2252 9586 2365 1007 9587 1804 1041 9588 1096 272 9589 2976 657 9590 1096 272 9591 1095 1009 9592 2976 657 9593 2037 1011 9594 2038 2454 9595 2469 1012 9596 1807 1014 9597 508 341 9598 2465 149 9599 979 1016 9600 1925 1231 9601 1696 1017 9602 1615 1019 9603 3319 153 9604 3320 152 9605 1452 1021 9606 2542 1489 9607 2543 1022 9608 2235 1025 9609 1115 3026 9610 1114 1024 9611 1115 3026 9612 1098 2494 9613 1114 1024 9614 1098 2494 9615 1076 2493 9616 1114 1024 9617 347 3015 9618 329 937 9619 314 3027 9620 314 3027 9621 315 1432 9622 290 3028 9623 290 3028 9624 3261 3029 9625 2046 3030 9626 1672 1157 9627 2389 1156 9628 2182 1155 9629 290 3028 9630 2046 3030 9631 1672 1157 9632 347 3015 9633 314 3027 9634 313 954 9635 314 3027 9636 290 3028 9637 2182 1155 9638 2182 1155 9639 290 3028 9640 1672 1157 9641 313 954 9642 328 2435 9643 347 3015 9644 265 2960 9645 312 955 9646 313 954 9647 239 2959 9648 264 2958 9649 265 2960 9650 2279 1006 9651 1941 3031 9652 220 1026 9653 220 1026 9654 239 2959 9655 265 2960 9656 265 2960 9657 313 954 9658 314 3027 9659 314 3027 9660 2182 1155 9661 1492 2500 9662 265 2960 9663 314 3027 9664 1492 2500 9665 220 1026 9666 265 2960 9667 1462 489 9668 2364 2252 9669 2279 1006 9670 2317 554 9671 2279 1006 9672 220 1026 9673 2317 554 9674 1422 371 9675 2396 2379 9676 2317 554 9677 1492 2500 9678 2437 725 9679 1462 489 9680 265 2960 9681 1492 2500 9682 1462 489 9683 1422 371 9684 2317 554 9685 220 1026 9686 1462 489 9687 2419 2899 9688 1422 371 9689 2846 1029 9690 2845 1737 9691 909 1030 9692 2103 911 9693 2024 2695 9694 1858 706 9695 2024 2695 9696 581 2038 9697 1858 706 9698 1803 1040 9699 1829 1213 9700 1804 1041 9701 439 845 9702 412 867 9703 437 866 9704 1597 1046 9705 2692 2349 9706 647 1047 9707 1435 1049 9708 2441 2503 9709 2442 445 9710 2176 1054 9711 1901 2716 9712 591 687 9713 591 687 9714 592 686 9715 2176 1054 9716 2987 1056 9717 1410 1867 9718 1029 1063 9719 1029 1063 9720 1030 314 9721 2987 1056 9722 649 173 9723 650 172 9724 646 914 9725 650 172 9726 640 1057 9727 646 914 9728 491 1059 9729 508 341 9730 1807 1014 9731 3342 1062 9732 1028 279 9733 3345 2244 9734 1028 279 9735 3348 215 9736 3345 2244 9737 3345 2244 9738 3347 1719 9739 3342 1062 9740 3347 1719 9741 1029 1063 9742 3342 1062 9743 1410 1867 9744 2959 1061 9745 1029 1063 9746 2069 1064 9747 391 3012 9748 2804 904 9749 2808 83 9750 423 52 9751 1494 1065 9752 3237 1066 9753 3236 3032 9754 2020 818 9755 2297 1067 9756 3184 2080 9757 3185 1068 9758 2588 1458 9759 159 3033 9760 2550 3034 9761 2550 3034 9762 2163 3035 9763 2588 1458 9764 2163 3035 9765 116 3036 9766 145 1591 9767 116 3036 9768 2415 2697 9769 2391 1444 9770 1689 3037 9771 2354 2112 9772 115 2171 9773 2354 2112 9774 1622 2169 9775 115 2171 9776 116 3036 9777 2391 1444 9778 1689 3037 9779 1447 3038 9780 2699 1539 9781 144 1456 9782 145 1591 9783 2741 1590 9784 1447 3038 9785 2800 1700 9786 1441 1589 9787 2801 1701 9788 1441 1589 9789 145 1591 9790 2801 1701 9791 1767 1849 9792 128 135 9793 2801 1701 9794 145 1591 9795 1447 3038 9796 2588 1458 9797 1447 3038 9798 144 1456 9799 2588 1458 9800 1767 1849 9801 2801 1701 9802 145 1591 9803 2986 2654 9804 1443 1850 9805 2021 2050 9806 1443 1850 9807 1767 1849 9808 2021 2050 9809 111 2049 9810 1986 1971 9811 2986 2654 9812 2135 878 9813 112 1175 9814 114 1070 9815 112 1175 9816 2021 2050 9817 114 1070 9818 2021 2050 9819 111 2049 9820 2986 2654 9821 1767 1849 9822 145 1591 9823 2021 2050 9824 145 1591 9825 2588 1458 9826 2163 3035 9827 116 3036 9828 1689 3037 9829 115 2171 9830 115 2171 9831 2241 2726 9832 114 1070 9833 1508 2118 9834 3207 2097 9835 2135 878 9836 2021 2050 9837 145 1591 9838 114 1070 9839 145 1591 9840 116 3036 9841 115 2171 9842 145 1591 9843 115 2171 9844 114 1070 9845 2171 1072 9846 1508 2118 9847 2135 878 9848 113 1071 9849 3227 2119 9850 2171 1072 9851 2171 1072 9852 2135 878 9853 114 1070 9854 541 995 9855 3214 1190 9856 3215 1073 9857 2007 1074 9858 2640 317 9859 1605 1038 9860 31 1076 9861 32 3039 9862 1408 1077 9863 625 1079 9864 644 2413 9865 645 912 9866 3023 1080 9867 1589 1646 9868 1632 1081 9869 1384 15 9870 12 14 9871 1375 13 9872 507 1083 9873 1601 754 9874 1586 1084 9875 3014 1085 9876 1800 1327 9877 1799 1086 9878 3308 2205 9879 1643 938 9880 3309 1090 9881 1643 938 9882 1642 2206 9883 3309 1090 9884 1642 2206 9885 3310 1088 9886 3309 1090 9887 2431 1091 9888 2432 1204 9889 2433 1092 9890 2237 229 9891 3052 2673 9892 3199 1095 9893 3199 1095 9894 3197 2702 9895 2125 1096 9896 2125 1096 9897 3262 2736 9898 3264 1094 9899 3264 1094 9900 2237 229 9901 3199 1095 9902 1954 1097 9903 2786 1668 9904 2785 1098 9905 812 1100 9906 2186 475 9907 2450 501 9908 1389 772 9909 1390 275 9910 1377 2308 9911 1377 2308 9912 1368 1494 9913 1389 772 9914 1368 1494 9915 1367 1101 9916 1389 772 9917 1354 1102 9918 1336 2668 9919 1353 1103 9920 1353 1103 9921 1352 86 9922 1367 1101 9923 1352 86 9924 1388 773 9925 1367 1101 9926 1388 773 9927 1389 772 9928 1367 1101 9929 2159 2238 9930 2456 2469 9931 2197 504 9932 2197 504 9933 2478 2260 9934 2475 3040 9935 2052 1807 9936 258 1806 9937 257 2134 9938 2197 504 9939 2475 3040 9940 2159 2238 9941 2475 3040 9942 2052 1807 9943 2159 2238 9944 287 268 9945 1657 724 9946 2159 2238 9947 2052 1807 9948 257 2134 9949 2156 1607 9950 257 2134 9951 256 3041 9952 3264 1094 9953 2156 1607 9954 257 2134 9955 3264 1094 9956 256 3041 9957 255 3042 9958 1981 1272 9959 255 3042 9960 281 1104 9961 283 1857 9962 281 1104 9963 1795 1598 9964 305 947 9965 281 1104 9966 305 947 9967 2874 1781 9968 255 3042 9969 283 1857 9970 284 1189 9971 287 268 9972 2159 2238 9973 2052 1807 9974 2156 1607 9975 285 130 9976 2052 1807 9977 285 130 9978 286 132 9979 2052 1807 9980 286 132 9981 287 268 9982 2052 1807 9983 281 1104 9984 2874 1781 9985 1682 1105 9986 1682 1105 9987 2903 1822 9988 1720 1106 9989 1720 1106 9990 282 2227 9991 281 1104 9992 282 2227 9993 283 1857 9994 281 1104 9995 283 1857 9996 2969 1187 9997 284 1189 9998 284 1189 9999 2092 1699 10000 255 3042 10001 2092 1699 10002 306 1273 10003 255 3042 10004 306 1273 10005 1981 1272 10006 255 3042 10007 2050 230 10008 2237 229 10009 256 3041 10010 2237 229 10011 3264 1094 10012 256 3041 10013 1981 1272 10014 2050 230 10015 256 3041 10016 3264 1094 10017 3263 2722 10018 2156 1607 10019 956 1427 10020 2164 1429 10021 2127 1907 10022 956 1427 10023 2127 1907 10024 3017 484 10025 2200 2162 10026 2342 1839 10027 969 874 10028 969 874 10029 956 1427 10030 995 3043 10031 956 1427 10032 3017 484 10033 995 3043 10034 3017 484 10035 943 1636 10036 995 3043 10037 969 874 10038 995 3043 10039 982 2317 10040 2054 2163 10041 2200 2162 10042 982 2317 10043 2200 2162 10044 969 874 10045 982 2317 10046 1849 3044 10047 1987 363 10048 982 2317 10049 982 2317 10050 995 3043 10051 996 2315 10052 1724 209 10053 1849 3044 10054 997 2316 10055 1849 3044 10056 982 2317 10057 997 2316 10058 996 2315 10059 1418 347 10060 997 2316 10061 997 2316 10062 982 2317 10063 996 2315 10064 2272 1992 10065 2271 1994 10066 996 2315 10067 2770 1634 10068 2769 1633 10069 1761 2602 10070 2272 1992 10071 996 2315 10072 995 3043 10073 943 1636 10074 2770 1634 10075 1746 3045 10076 2770 1634 10077 1761 2602 10078 1746 3045 10079 1746 3045 10080 1871 2620 10081 934 2539 10082 2018 3046 10083 1796 3047 10084 2205 3048 10085 1796 3047 10086 995 3043 10087 2205 3048 10088 2205 3048 10089 896 1689 10090 2018 3046 10091 1545 1261 10092 2487 1260 10093 905 1109 10094 1511 2499 10095 1545 1261 10096 910 1108 10097 1545 1261 10098 905 1109 10099 910 1108 10100 905 1109 10101 2205 3048 10102 1656 1107 10103 2205 3048 10104 995 3043 10105 1656 1107 10106 995 3043 10107 943 1636 10108 1746 3045 10109 1746 3045 10110 934 2539 10111 995 3043 10112 934 2539 10113 928 2625 10114 995 3043 10115 1656 1107 10116 911 3049 10117 910 1108 10118 911 3049 10119 2436 1210 10120 910 1108 10121 928 2625 10122 1656 1107 10123 995 3043 10124 1433 1018 10125 1432 384 10126 1578 383 10127 1596 1114 10128 2906 2633 10129 2907 508 10130 176 1115 10131 175 988 10132 249 3024 10133 175 988 10134 248 980 10135 249 3024 10136 249 3024 10137 276 3050 10138 250 3051 10139 156 1478 10140 168 3025 10141 176 1115 10142 141 2986 10143 140 3004 10144 157 2988 10145 140 3004 10146 156 1478 10147 177 1117 10148 157 2988 10149 158 2987 10150 141 2986 10151 169 2989 10152 170 901 10153 157 2988 10154 177 1117 10155 178 902 10156 169 2989 10157 204 1116 10158 205 2982 10159 177 1117 10160 252 2984 10161 227 2983 10162 251 3052 10163 227 2983 10164 204 1116 10165 250 3051 10166 251 3052 10167 227 2983 10168 250 3051 10169 251 3052 10170 278 2325 10171 252 2984 10172 250 3051 10173 277 3053 10174 251 3052 10175 176 1115 10176 249 3024 10177 250 3051 10178 140 3004 10179 177 1117 10180 169 2989 10181 156 1478 10182 176 1115 10183 177 1117 10184 169 2989 10185 157 2988 10186 140 3004 10187 176 1115 10188 250 3051 10189 204 1116 10190 1653 428 10191 1652 718 10192 1690 1118 10193 2598 1119 10194 2599 1404 10195 1646 175 10196 2254 1128 10197 2517 2637 10198 225 1129 10199 1564 615 10200 3056 1938 10201 332 1131 10202 1048 2932 10203 1068 2931 10204 1069 1962 10205 1069 1962 10206 1070 1961 10207 1006 3054 10208 1006 3054 10209 986 3055 10210 985 1134 10211 985 1134 10212 2252 3017 10213 1848 944 10214 1848 944 10215 914 946 10216 2635 1439 10217 914 946 10218 2649 3056 10219 2635 1439 10220 2649 3056 10221 2634 1440 10222 2635 1439 10223 2635 1439 10224 2633 1441 10225 1644 2550 10226 1644 2550 10227 2594 1402 10228 2595 1401 10229 913 3057 10230 1608 1359 10231 2559 1360 10232 1608 1359 10233 2558 1362 10234 2559 1360 10235 2635 1439 10236 1644 2550 10237 917 1132 10238 1644 2550 10239 2595 1401 10240 917 1132 10241 2595 1401 10242 913 3057 10243 1754 2935 10244 1069 1962 10245 1006 3054 10246 1048 2932 10247 1006 3054 10248 985 1134 10249 1048 2932 10250 985 1134 10251 1848 944 10252 917 1132 10253 1848 944 10254 2635 1439 10255 917 1132 10256 913 3057 10257 2559 1360 10258 2479 2936 10259 1048 2932 10260 985 1134 10261 1025 2933 10262 1025 2933 10263 1047 2930 10264 1048 2932 10265 1025 2933 10266 985 1134 10267 1024 1133 10268 2595 1401 10269 1754 2935 10270 917 1132 10271 913 3057 10272 2479 2936 10273 1754 2935 10274 1754 2935 10275 922 2934 10276 917 1132 10277 2329 375 10278 806 374 10279 2330 1135 10280 1054 305 10281 1551 139 10282 2044 560 10283 1551 139 10284 1552 1136 10285 2044 560 10286 2145 1143 10287 2230 1717 10288 2229 1141 10289 2230 1717 10290 1598 1667 10291 2229 1141 10292 1017 339 10293 990 336 10294 1001 335 10295 112 1175 10296 2135 878 10297 1481 880 10298 434 860 10299 408 862 10300 407 2422 10301 407 2422 10302 406 884 10303 456 825 10304 406 884 10305 405 858 10306 456 825 10307 479 2407 10308 480 826 10309 456 825 10310 456 825 10311 457 827 10312 434 860 10313 457 827 10314 458 3058 10315 435 863 10316 458 3058 10317 436 2421 10318 435 863 10319 435 863 10320 409 861 10321 434 860 10322 434 860 10323 407 2422 10324 456 825 10325 405 858 10326 479 2407 10327 456 825 10328 2969 1187 10329 2968 3059 10330 1818 1188 10331 2136 703 10332 564 702 10333 3215 1073 10334 3183 283 10335 3182 2078 10336 3181 1191 10337 2481 802 10338 1752 1168 10339 1753 1196 10340 1198 1198 10341 1655 1782 10342 3209 1199 10343 78 1201 10344 84 3060 10345 91 1202 10346 91 1202 10347 90 3061 10348 102 1203 10349 102 1203 10350 79 1808 10351 78 1201 10352 79 1808 10353 73 3062 10354 78 1201 10355 819 1209 10356 2140 2139 10357 2370 450 10358 2962 119 10359 2961 2309 10360 1411 1212 10361 3034 366 10362 3033 548 10363 1829 1213 10364 3033 548 10365 1830 273 10366 1829 1213 10367 1570 1214 10368 2559 1360 10369 2557 1215 10370 478 455 10371 479 2407 10372 433 841 10373 479 2407 10374 405 858 10375 433 841 10376 1197 310 10377 1626 312 10378 3169 1222 10379 2573 1225 10380 1486 1343 10381 2576 107 10382 2774 2217 10383 1696 1017 10384 1924 1230 10385 1696 1017 10386 1925 1231 10387 1924 1230 10388 1925 1231 10389 2710 1553 10390 2709 1229 10391 2710 1553 10392 1936 248 10393 2709 1229 10394 2102 1236 10395 2909 1826 10396 2910 1237 10397 3213 1243 10398 3212 2103 10399 2278 1639 10400 2278 1639 10401 551 1638 10402 3213 1243 10403 551 1638 10404 1775 1244 10405 3213 1243 10406 1775 1244 10407 3311 2212 10408 1490 1242 10409 593 689 10410 616 688 10411 617 1247 10412 617 1247 10413 595 693 10414 594 1248 10415 519 1249 10416 520 797 10417 499 454 10418 2367 1252 10419 2366 571 10420 1964 1253 10421 728 1258 10422 723 2365 10423 712 1256 10424 723 2365 10425 713 2449 10426 712 1256 10427 712 1256 10428 745 2858 10429 734 1257 10430 734 1257 10431 735 1617 10432 728 1258 10433 1345 1262 10434 1332 823 10435 1331 1263 10436 2088 1274 10437 307 228 10438 1981 1272 10439 307 228 10440 2050 230 10441 1981 1272 10442 1637 1275 10443 1638 114 10444 3124 1276 10445 2037 1011 10446 2036 2974 10447 2225 1004 10448 2036 2974 10449 2226 1121 10450 2225 1004 10451 1843 2487 10452 2089 1164 10453 376 3063 10454 2089 1164 10455 1975 1694 10456 1974 2378 10457 1974 2378 10458 400 854 10459 376 3063 10460 400 854 10461 401 3064 10462 376 3063 10463 2089 1164 10464 1974 2378 10465 376 3063 10466 2445 925 10467 1875 975 10468 2444 1280 10469 1875 975 10470 1843 2487 10471 358 3065 10472 2444 1280 10473 1875 975 10474 358 3065 10475 376 3063 10476 377 3066 10477 358 3065 10478 1843 2487 10479 376 3063 10480 358 3065 10481 358 3065 10482 359 1278 10483 2444 1280 10484 359 1278 10485 2551 2876 10486 1783 1279 10487 1959 2224 10488 1958 500 10489 2316 2122 10490 2316 2122 10491 292 2043 10492 267 3067 10493 224 1130 10494 225 1129 10495 2007 1074 10496 2316 2122 10497 267 3067 10498 243 3068 10499 267 3067 10500 224 1130 10501 243 3068 10502 243 3068 10503 1959 2224 10504 2316 2122 10505 223 3069 10506 242 2444 10507 243 3068 10508 202 1286 10509 201 2583 10510 223 3069 10511 2805 406 10512 1525 2911 10513 202 1286 10514 1524 2228 10515 2805 406 10516 202 1286 10517 202 1286 10518 223 3069 10519 224 1130 10520 223 3069 10521 243 3068 10522 224 1130 10523 224 1130 10524 2007 1074 10525 1567 1285 10526 2007 1074 10527 213 1075 10528 1567 1285 10529 1567 1285 10530 1524 2228 10531 202 1286 10532 2532 1290 10533 912 1361 10534 1570 1214 10535 1570 1214 10536 2535 1288 10537 2532 1290 10538 1338 750 10539 1355 749 10540 1339 1298 10541 1355 749 10542 1356 1296 10543 1339 1298 10544 1356 1296 10545 1327 609 10546 1326 1297 10547 1326 1297 10548 1325 2966 10549 1339 1298 10550 1667 1301 10551 1668 303 10552 1634 302 10553 1074 2083 10554 1075 1277 10555 1050 1314 10556 1075 1277 10557 1052 301 10558 1051 309 10559 1859 2897 10560 2978 360 10561 2154 1315 10562 2154 1315 10563 700 580 10564 694 1316 10565 690 1317 10566 1859 2897 10567 2154 1315 10568 1041 1319 10569 2672 32 10570 2304 1320 10571 1800 1327 10572 3108 260 10573 3107 262 10574 297 356 10575 320 2676 10576 298 958 10577 2544 1342 10578 1453 1023 10579 2543 1022 10580 1486 1343 10581 1454 2468 10582 2544 1342 10583 827 3070 10584 828 3071 10585 813 2746 10586 828 3071 10587 794 546 10588 813 2746 10589 794 546 10590 793 1549 10591 797 3072 10592 804 3073 10593 811 2749 10594 809 2748 10595 794 546 10596 797 3072 10597 804 3073 10598 794 546 10599 804 3073 10600 809 2748 10601 809 2748 10602 817 2747 10603 813 2746 10604 794 546 10605 809 2748 10606 813 2746 10607 873 1355 10608 855 3074 10609 854 3075 10610 813 2746 10611 886 2745 10612 827 3070 10613 886 2745 10614 887 2744 10615 854 3075 10616 887 2744 10617 906 2743 10618 897 1353 10619 897 1353 10620 923 2742 10621 918 1354 10622 918 1354 10623 935 2741 10624 936 418 10625 936 418 10626 866 3076 10627 918 1354 10628 866 3076 10629 873 1355 10630 918 1354 10631 854 3075 10632 827 3070 10633 886 2745 10634 873 1355 10635 854 3075 10636 887 2744 10637 897 1353 10638 873 1355 10639 887 2744 10640 1876 623 10641 3072 1376 10642 3177 1375 10643 3072 1376 10644 684 361 10645 3176 1377 10646 2746 2595 10647 1438 2970 10648 2048 1449 10649 1438 2970 10650 3163 770 10651 740 2699 10652 740 2699 10653 732 1931 10654 1501 2113 10655 732 1931 10656 1563 1933 10657 1501 2113 10658 1438 2970 10659 740 2699 10660 769 2242 10661 799 1999 10662 1758 1450 10663 798 2351 10664 1758 1450 10665 2048 1449 10666 798 2351 10667 1438 2970 10668 769 2242 10669 777 2241 10670 1501 2113 10671 3310 1088 10672 3307 2208 10673 721 2207 10674 1642 2206 10675 716 3016 10676 1501 2113 10677 3307 2208 10678 721 2207 10679 740 2699 10680 1501 2113 10681 739 3077 10682 1501 2113 10683 721 2207 10684 720 3078 10685 721 2207 10686 716 3016 10687 720 3078 10688 716 3016 10689 1553 2333 10690 2636 1443 10691 720 3078 10692 716 3016 10693 2636 1443 10694 720 3078 10695 715 3079 10696 719 3080 10697 739 3077 10698 731 432 10699 750 431 10700 720 3078 10701 719 3080 10702 739 3077 10703 1501 2113 10704 720 3078 10705 739 3077 10706 739 3077 10707 750 431 10708 751 570 10709 1438 2970 10710 777 2241 10711 2048 1449 10712 740 2699 10713 739 3077 10714 769 2242 10715 751 570 10716 760 569 10717 3339 2737 10718 739 3077 10719 751 570 10720 769 2242 10721 1641 88 10722 2090 90 10723 798 2351 10724 798 2351 10725 2048 1449 10726 2257 1303 10727 751 570 10728 3339 2737 10729 769 2242 10730 3339 2737 10731 3338 934 10732 769 2242 10733 1641 88 10734 798 2351 10735 802 534 10736 802 534 10737 798 2351 10738 2215 2236 10739 805 528 10740 803 530 10741 802 534 10742 2048 1449 10743 777 2241 10744 2257 1303 10745 2329 375 10746 2892 529 10747 805 528 10748 805 528 10749 802 534 10750 1554 2924 10751 777 2241 10752 1881 1304 10753 2257 1303 10754 798 2351 10755 2257 1303 10756 2003 2237 10757 2183 376 10758 2329 375 10759 805 528 10760 810 1419 10761 2613 1418 10762 822 2952 10763 2613 1418 10764 2183 376 10765 1944 616 10766 822 2952 10767 2613 1418 10768 1944 616 10769 2430 476 10770 2042 1233 10771 810 1419 10772 818 494 10773 2247 477 10774 2430 476 10775 825 582 10776 819 1209 10777 818 494 10778 877 2946 10779 869 2945 10780 839 2947 10781 869 2945 10782 831 2927 10783 839 2947 10784 831 2927 10785 825 582 10786 824 2949 10787 825 582 10788 818 494 10789 824 2949 10790 818 494 10791 2430 476 10792 823 2951 10793 2430 476 10794 810 1419 10795 823 2951 10796 2183 376 10797 805 528 10798 1944 616 10799 798 2351 10800 2003 2237 10801 2215 2236 10802 2215 2236 10803 1554 2924 10804 802 534 10805 1554 2924 10806 1944 616 10807 805 528 10808 1944 616 10809 1943 617 10810 3108 260 10811 3108 260 10812 1800 1327 10813 1801 1903 10814 2184 1904 10815 821 1901 10816 822 2952 10817 821 1901 10818 1548 3081 10819 822 2952 10820 1944 616 10821 3108 260 10822 1801 1903 10823 1944 616 10824 1801 1903 10825 822 2952 10826 1801 1903 10827 2184 1904 10828 822 2952 10829 1548 3081 10830 829 1976 10831 833 2588 10832 1548 3081 10833 833 2588 10834 2351 1610 10835 833 2588 10836 1663 1611 10837 2351 1610 10838 823 2951 10839 810 1419 10840 822 2952 10841 839 2947 10842 831 2927 10843 824 2949 10844 824 2949 10845 846 2948 10846 839 2947 10847 2351 1610 10848 2753 1609 10849 838 2953 10850 2753 1609 10851 2213 2616 10852 838 2953 10853 1548 3081 10854 2351 1610 10855 838 2953 10856 822 2952 10857 1548 3081 10858 838 2953 10859 824 2949 10860 818 494 10861 823 2951 10862 823 2951 10863 830 2950 10864 824 2949 10865 2213 2616 10866 837 2566 10867 1802 1446 10868 837 2566 10869 2639 1447 10870 1802 1446 10871 838 2953 10872 845 588 10873 822 2952 10874 2213 2616 10875 1802 1446 10876 2064 1380 10877 2582 1379 10878 867 1621 10879 2668 1382 10880 867 1621 10881 838 2953 10882 2668 1382 10883 2064 1380 10884 844 473 10885 2671 1381 10886 838 2953 10887 2213 2616 10888 2064 1380 10889 2671 1381 10890 1897 1486 10891 2668 1382 10892 838 2953 10893 2064 1380 10894 2668 1382 10895 949 1384 10896 1873 857 10897 2768 1383 10898 1873 857 10899 2847 856 10900 1872 1739 10901 1872 1739 10902 1871 2620 10903 1746 3045 10904 1873 857 10905 1872 1739 10906 1761 2602 10907 2768 1383 10908 1873 857 10909 1761 2602 10910 2164 1429 10911 3062 1946 10912 3061 1948 10913 1872 1739 10914 1746 3045 10915 1761 2602 10916 2768 1383 10917 2770 1634 10918 1782 1635 10919 2164 1429 10920 3061 1948 10921 949 1384 10922 2128 413 10923 2127 1907 10924 2164 1429 10925 943 1636 10926 3017 484 10927 1677 414 10928 2128 413 10929 2164 1429 10930 949 1384 10931 1782 1635 10932 943 1636 10933 1677 414 10934 1677 414 10935 2128 413 10936 949 1384 10937 2768 1383 10938 1782 1635 10939 1677 414 10940 469 801 10941 1887 803 10942 2083 1313 10943 426 2346 10944 1792 1551 10945 2146 1391 10946 1792 1551 10947 2706 1550 10948 2146 1391 10949 2706 1550 10950 2623 1389 10951 2146 1391 10952 2719 1392 10953 2175 2451 10954 2720 1393 10955 2955 1398 10956 2246 1796 10957 2245 1399 10958 956 1427 10959 3064 1945 10960 3063 1428 10961 315 1432 10962 314 3027 10963 329 937 10964 329 937 10965 366 936 10966 348 3009 10967 348 3009 10968 367 932 10969 330 1430 10970 330 1430 10971 331 3011 10972 291 1431 10973 331 3011 10974 316 743 10975 291 1431 10976 316 743 10977 266 745 10978 291 1431 10979 291 1431 10980 3261 3029 10981 290 3028 10982 315 1432 10983 329 937 10984 348 3009 10985 291 1431 10986 290 3028 10987 315 1432 10988 315 1432 10989 348 3009 10990 330 1430 10991 2067 1435 10992 2376 633 10993 2375 1137 10994 2394 1159 10995 2393 1158 10996 1690 1118 10997 1690 1118 10998 1689 3037 10999 2391 1444 11000 2391 1444 11001 1728 2492 11002 2394 1159 11003 1728 2492 11004 1729 1179 11005 2394 1159 11006 2627 483 11007 1556 42 11008 1555 564 11009 1556 42 11010 1679 1510 11011 1678 1445 11012 3036 768 11013 1510 2671 11014 1509 1448 11015 393 99 11016 2737 2855 11017 466 833 11018 2737 2855 11019 1867 2655 11020 466 833 11021 1867 2655 11022 486 831 11023 466 833 11024 466 833 11025 336 1453 11026 393 99 11027 2026 1455 11028 196 556 11029 2397 555 11030 144 1456 11031 2290 2578 11032 2346 1457 11033 1946 232 11034 2022 231 11035 1945 3082 11036 2022 231 11037 2637 2568 11038 1945 3082 11039 2637 2568 11040 2175 2451 11041 2719 1392 11042 2719 1392 11043 1945 3082 11044 2637 2568 11045 1945 3082 11046 1895 181 11047 1896 518 11048 1946 232 11049 1945 3082 11050 1896 518 11051 2130 1459 11052 1084 1965 11053 3089 1460 11054 3026 247 11055 2002 246 11056 1122 145 11057 2002 246 11058 1853 143 11059 1122 145 11060 1122 145 11061 1123 2285 11062 1107 3083 11063 1123 2285 11064 1932 2077 11065 1088 3084 11066 1085 2938 11067 2095 243 11068 1086 1464 11069 2095 243 11070 1106 2496 11071 1086 1464 11072 1106 2496 11073 3026 247 11074 1107 3083 11075 3026 247 11076 1122 145 11077 1107 3083 11078 1123 2285 11079 1088 3084 11080 1107 3083 11081 1107 3083 11082 1087 3085 11083 1086 1464 11084 1106 2496 11085 1107 3083 11086 1086 1464 11087 1046 2928 11088 1045 1466 11089 1066 1465 11090 1045 1466 11091 1085 2938 11092 1086 1464 11093 1066 1465 11094 1067 2929 11095 1046 2928 11096 2282 2641 11097 2935 269 11098 1698 1476 11099 2935 269 11100 1699 563 11101 1698 1476 11102 2905 1475 11103 1465 3086 11104 1698 1476 11105 1465 3086 11106 2281 3087 11107 1698 1476 11108 156 1478 11109 140 3004 11110 109 1477 11111 140 3004 11112 59 923 11113 58 3008 11114 58 3008 11115 46 922 11116 45 3088 11117 140 3004 11118 58 3008 11119 61 3089 11120 109 1477 11121 140 3004 11122 61 3089 11123 167 986 11124 168 3025 11125 156 1478 11126 109 1477 11127 108 2461 11128 167 986 11129 70 3090 11130 97 2460 11131 109 1477 11132 45 3088 11133 51 3091 11134 58 3008 11135 51 3091 11136 61 3089 11137 58 3008 11138 61 3089 11139 70 3090 11140 109 1477 11141 1962 1480 11142 3068 1952 11143 1826 1479 11144 3068 1952 11145 3070 1950 11146 1826 1479 11147 2160 1753 11148 2029 491 11149 2161 1487 11150 2029 491 11151 2030 493 11152 2161 1487 11153 2030 493 11154 2947 238 11155 1130 237 11156 1485 1488 11157 1486 1343 11158 2543 1022 11159 1368 1494 11160 1377 2308 11161 1356 1296 11162 1377 2308 11163 1378 2307 11164 1356 1296 11165 1369 3092 11166 1357 3093 11167 1356 1296 11168 1378 2307 11169 1369 3092 11170 1356 1296 11171 2771 3094 11172 2174 1845 11173 219 2411 11174 2174 1845 11175 2676 3095 11176 1989 2409 11177 219 2411 11178 2174 1845 11179 1989 2409 11180 2676 3095 11181 2211 3096 11182 1989 2409 11183 2211 3096 11184 1988 991 11185 1989 2409 11186 1988 991 11187 2547 990 11188 2546 1351 11189 2546 1351 11190 1989 2409 11191 1988 991 11192 2936 1495 11193 210 3097 11194 1854 1929 11195 219 2411 11196 2936 1495 11197 1419 1497 11198 2102 1236 11199 2772 1640 11200 2771 3094 11201 2102 1236 11202 219 2411 11203 1419 1497 11204 2102 1236 11205 2771 3094 11206 219 2411 11207 1419 1497 11208 2909 1826 11209 2102 1236 11210 1990 1496 11211 2910 1237 11212 1419 1497 11213 1854 1929 11214 1855 440 11215 2936 1495 11216 1855 440 11217 1990 1496 11218 2936 1495 11219 1343 2458 11220 1329 2447 11221 1393 2446 11222 1405 3098 11223 27 3099 11224 28 3100 11225 1343 2458 11226 1393 2446 11227 1405 3098 11228 1314 822 11229 1313 2527 11230 1331 1263 11231 1313 2527 11232 1343 2458 11233 1371 3101 11234 1344 1264 11235 1313 2527 11236 1371 3101 11237 1344 1264 11238 1331 1263 11239 1313 2527 11240 1360 2372 11241 1346 28 11242 1345 1262 11243 1360 2372 11244 1345 1262 11245 1359 3102 11246 1345 1262 11247 1344 1264 11248 1359 3102 11249 1343 2458 11250 1405 3098 11251 28 3100 11252 1371 3101 11253 1343 2458 11254 1406 58 11255 28 3100 11256 29 56 11257 1406 58 11258 1406 58 11259 30 57 11260 1394 1498 11261 30 57 11262 1407 1078 11263 1395 2273 11264 1394 1498 11265 30 57 11266 1395 2273 11267 28 3100 11268 1406 58 11269 1343 2458 11270 1359 3102 11271 1344 1264 11272 1371 3101 11273 1380 1499 11274 1381 2685 11275 1371 3101 11276 1371 3101 11277 1406 58 11278 1380 1499 11279 1407 1078 11280 1408 1077 11281 1395 2273 11282 1012 328 11283 1013 330 11284 1417 1506 11285 1013 330 11286 1014 332 11287 1417 1506 11288 2238 1507 11289 2751 1605 11290 2752 1508 11291 1412 1513 11292 1885 1925 11293 1050 1314 11294 2114 2574 11295 2673 2472 11296 2644 2335 11297 2645 1520 11298 1898 2334 11299 3340 1521 11300 2114 2574 11301 2644 2335 11302 2645 1520 11303 2075 2573 11304 2674 2471 11305 2114 2574 11306 3340 1521 11307 2614 1421 11308 2615 1420 11309 2615 1420 11310 2075 2573 11311 2114 2574 11312 2114 2574 11313 2645 1520 11314 2615 1420 11315 2291 1522 11316 2869 1769 11317 2868 1523 11318 1538 1525 11319 2473 1856 11320 2474 1526 11321 1684 396 11322 1487 3103 11323 1647 1533 11324 1487 3103 11325 2703 1632 11326 1647 1533 11327 2703 1632 11328 2705 1631 11329 1647 1533 11330 1647 1533 11331 2846 1029 11332 1683 1532 11333 1683 1532 11334 1701 1763 11335 1700 397 11336 1700 397 11337 1684 396 11338 1683 1532 11339 191 3104 11340 190 3105 11341 208 1034 11342 209 1543 11343 1990 1496 11344 1855 440 11345 191 3104 11346 208 1034 11347 209 1543 11348 182 3106 11349 181 1544 11350 1627 2455 11351 181 1544 11352 191 3104 11353 209 1543 11354 182 3106 11355 1627 2455 11356 3202 2093 11357 1825 2703 11358 3218 2110 11359 182 3106 11360 1627 2455 11361 194 1037 11362 3202 2093 11363 3202 2093 11364 1825 2703 11365 182 3106 11366 209 1543 11367 1855 440 11368 192 441 11369 192 441 11370 193 122 11371 181 1544 11372 193 122 11373 1627 2455 11374 181 1544 11375 796 1548 11376 797 3072 11377 793 1549 11378 1426 1558 11379 1562 642 11380 2996 1559 11381 3065 1708 11382 3067 2675 11383 2251 1563 11384 3067 2675 11385 718 102 11386 2251 1563 11387 1129 1564 11388 2816 2290 11389 1128 1565 11390 1346 28 11391 1333 6 11392 1332 823 11393 3051 1571 11394 384 888 11395 308 653 11396 384 888 11397 343 654 11398 308 653 11399 308 653 11400 309 652 11401 2194 1572 11402 1399 1575 11403 21 3107 11404 1400 2852 11405 21 3107 11406 22 2853 11407 1400 2852 11408 22 2853 11409 1401 85 11410 1400 2852 11411 1400 2852 11412 1387 2851 11413 1386 2850 11414 1386 2850 11415 1376 2849 11416 1365 2848 11417 1365 2848 11418 1366 2847 11419 1350 2846 11420 1350 2846 11421 1351 2845 11422 1334 2844 11423 1317 1573 11424 1318 3108 11425 1295 3109 11426 1350 2846 11427 1334 2844 11428 1317 1573 11429 1365 2848 11430 1350 2846 11431 1317 1573 11432 1317 1573 11433 1295 3109 11434 1349 3110 11435 1295 3109 11436 1316 3111 11437 1349 3110 11438 1349 3110 11439 1348 3112 11440 1364 3113 11441 1386 2850 11442 1365 2848 11443 1399 1575 11444 1365 2848 11445 1317 1573 11446 1399 1575 11447 1400 2852 11448 1386 2850 11449 1399 1575 11450 1317 1573 11451 1349 3110 11452 1385 1574 11453 1349 3110 11454 1364 3113 11455 1385 1574 11456 1364 3113 11457 1363 3114 11458 1385 1574 11459 1385 1574 11460 1398 3115 11461 1399 1575 11462 3165 346 11463 2313 2022 11464 2312 1111 11465 2312 1111 11466 1417 1506 11467 3165 346 11468 1417 1506 11469 3187 208 11470 1418 347 11471 2612 1413 11472 2611 1412 11473 2610 1416 11474 1600 1935 11475 2404 1169 11476 488 2522 11477 2404 1169 11478 1752 1168 11479 488 2522 11480 1752 1168 11481 2481 802 11482 469 801 11483 469 801 11484 2514 1307 11485 1998 1309 11486 1998 1309 11487 2622 1390 11488 446 1597 11489 2622 1390 11490 2144 1142 11491 425 1595 11492 446 1597 11493 2622 1390 11494 425 1595 11495 2144 1142 11496 2229 1141 11497 395 1718 11498 425 1595 11499 373 2408 11500 424 1596 11501 373 2408 11502 372 3116 11503 424 1596 11504 2144 1142 11505 395 1718 11506 425 1595 11507 469 801 11508 1998 1309 11509 446 1597 11510 1752 1168 11511 469 801 11512 488 2522 11513 526 2405 11514 1584 2213 11515 1600 1935 11516 1735 755 11517 527 757 11518 550 2397 11519 527 757 11520 526 2405 11521 550 2397 11522 573 714 11523 589 682 11524 1735 755 11525 549 2521 11526 572 713 11527 550 2397 11528 550 2397 11529 573 714 11530 1735 755 11531 526 2405 11532 1600 1935 11533 488 2522 11534 488 2522 11535 549 2521 11536 526 2405 11537 549 2521 11538 550 2397 11539 526 2405 11540 487 638 11541 506 2520 11542 488 2522 11543 424 1596 11544 468 639 11545 446 1597 11546 446 1597 11547 487 638 11548 488 2522 11549 488 2522 11550 469 801 11551 446 1597 11552 1561 1600 11553 2875 2800 11554 860 1601 11555 337 1604 11556 353 2338 11557 2970 1681 11558 2970 1681 11559 1680 1603 11560 337 1604 11561 2156 1607 11562 2155 2721 11563 2195 1608 11564 781 543 11565 793 1549 11566 782 551 11567 793 1549 11568 794 546 11569 783 1615 11570 782 551 11571 793 1549 11572 783 1615 11573 784 545 11574 785 547 11575 776 573 11576 785 547 11577 786 2925 11578 776 573 11579 773 549 11580 780 544 11581 781 543 11582 755 1618 11583 765 978 11584 766 2536 11585 765 978 11586 773 549 11587 766 2536 11588 774 553 11589 766 2536 11590 773 549 11591 782 551 11592 774 553 11593 781 543 11594 781 543 11595 774 553 11596 773 549 11597 776 573 11598 768 933 11599 2653 1344 11600 768 933 11601 2681 2240 11602 2653 1344 11603 2681 2240 11604 3248 1345 11605 2653 1344 11606 2653 1344 11607 783 1615 11608 784 545 11609 784 545 11610 776 573 11611 2653 1344 11612 1734 2901 11613 938 419 11614 2758 1616 11615 938 419 11616 1759 778 11617 2758 1616 11618 1019 33 11619 2701 1541 11620 2700 1542 11621 756 104 11622 746 2359 11623 755 1618 11624 746 2359 11625 736 2921 11626 735 1617 11627 755 1618 11628 746 2359 11629 735 1617 11630 736 2921 11631 729 537 11632 735 1617 11633 2471 1246 11634 2470 816 11635 1595 1619 11636 867 1621 11637 2582 1379 11638 1769 1378 11639 1757 1630 11640 1756 3117 11641 2705 1631 11642 3123 1637 11643 1902 2120 11644 551 1638 11645 2722 1642 11646 833 2588 11647 2306 1643 11648 1589 1646 11649 1094 2376 11650 1095 1009 11651 1095 1009 11652 1096 272 11653 3078 1955 11654 1096 272 11655 1711 1956 11656 3078 1955 11657 3078 1955 11658 1631 1645 11659 1095 1009 11660 1408 1077 11661 32 3039 11662 1409 1660 11663 32 3039 11664 0 1659 11665 1409 1660 11666 162 1673 11667 2141 2140 11668 2765 1671 11669 2141 2140 11670 2764 3118 11671 2765 1671 11672 1325 2966 11673 1326 1297 11674 1287 1815 11675 1286 1674 11676 1269 1817 11677 1300 1675 11678 1269 1817 11679 1299 2788 11680 1300 1675 11681 1325 2966 11682 1287 1815 11683 1286 1674 11684 1323 2790 11685 1322 2967 11686 1324 1676 11687 1324 1676 11688 1325 2966 11689 1286 1674 11690 1300 1675 11691 1323 2790 11692 1324 1676 11693 1681 1680 11694 3068 1952 11695 1680 1603 11696 1922 1682 11697 1197 310 11698 3170 1223 11699 2563 1364 11700 2562 1366 11701 2093 1368 11702 2531 1329 11703 2530 1328 11704 2059 2532 11705 2563 1364 11706 2093 1368 11707 2111 1365 11708 2093 1368 11709 2531 1329 11710 896 1689 11711 896 1689 11712 2111 1365 11713 2093 1368 11714 2058 1688 11715 2185 3119 11716 2018 3046 11717 2531 1329 11718 2059 2532 11719 2058 1688 11720 2058 1688 11721 2018 3046 11722 896 1689 11723 3250 1693 11724 375 956 11725 1879 883 11726 2953 389 11727 2092 1699 11728 1817 1698 11729 2092 1699 11730 284 1189 11731 1818 1188 11732 1409 1660 11733 10 18 11734 1397 17 11735 133 3120 11736 102 1203 11737 1860 2390 11738 102 1203 11739 90 3061 11740 2035 1746 11741 90 3061 11742 91 1202 11743 84 3060 11744 84 3060 11745 78 1201 11746 73 3062 11747 66 3121 11748 67 3122 11749 55 3123 11750 84 3060 11751 73 3062 11752 66 3121 11753 84 3060 11754 66 3121 11755 55 3123 11756 55 3123 11757 56 3124 11758 49 3125 11759 49 3125 11760 50 3126 11761 44 3127 11762 49 3125 11763 44 3127 11764 43 3128 11765 84 3060 11766 55 3123 11767 43 3128 11768 55 3123 11769 49 3125 11770 43 3128 11771 42 3129 11772 41 2477 11773 84 3060 11774 41 2477 11775 40 2476 11776 84 3060 11777 84 3060 11778 43 3128 11779 42 3129 11780 40 2476 11781 35 2478 11782 34 3130 11783 39 3131 11784 60 3132 11785 54 3133 11786 40 2476 11787 34 3130 11788 39 3131 11789 90 3061 11790 84 3060 11791 2098 2149 11792 84 3060 11793 40 2476 11794 77 3134 11795 164 3135 11796 134 2919 11797 149 3136 11798 134 2919 11799 133 3120 11800 149 3136 11801 84 3060 11802 77 3134 11803 89 2369 11804 40 2476 11805 39 3131 11806 54 3133 11807 2791 1687 11808 1916 1686 11809 164 3135 11810 1860 2390 11811 2842 1736 11812 133 3120 11813 2842 1736 11814 149 3136 11815 133 3120 11816 149 3136 11817 2791 1687 11818 164 3135 11819 40 2476 11820 54 3133 11821 72 3137 11822 77 3134 11823 40 2476 11824 72 3137 11825 54 3133 11826 64 3138 11827 65 3139 11828 65 3139 11829 71 3140 11830 72 3137 11831 77 3134 11832 76 3141 11833 83 3142 11834 54 3133 11835 65 3139 11836 72 3137 11837 77 3134 11838 83 3142 11839 89 2369 11840 89 2369 11841 2677 2576 11842 2082 1501 11843 2677 2576 11844 2678 1505 11845 2082 1501 11846 84 3060 11847 89 2369 11848 1863 1415 11849 2098 2149 11850 84 3060 11851 1863 1415 11852 102 1203 11853 2035 1746 11854 1588 1703 11855 2035 1746 11856 90 3061 11857 2265 1663 11858 2678 1505 11859 2680 1502 11860 2082 1501 11861 1860 2390 11862 102 1203 11863 2813 1716 11864 2786 1668 11865 2814 1714 11866 2784 1670 11867 2814 1714 11868 2813 1716 11869 2784 1670 11870 1863 1415 11871 2611 1412 11872 2061 2561 11873 89 2369 11874 2082 1501 11875 1863 1415 11876 185 3143 11877 1954 1097 11878 184 3144 11879 1954 1097 11880 1587 1099 11881 2754 3145 11882 184 3144 11883 1954 1097 11884 130 3146 11885 2784 1670 11886 2813 1716 11887 1588 1703 11888 1588 1703 11889 2813 1716 11890 102 1203 11891 130 3146 11892 1954 1097 11893 2754 3145 11894 171 3147 11895 183 3148 11896 130 3146 11897 183 3148 11898 184 3144 11899 130 3146 11900 161 3149 11901 160 3150 11902 171 3147 11903 147 3151 11904 146 3152 11905 161 3149 11906 130 3146 11907 129 3153 11908 171 3147 11909 129 3153 11910 147 3151 11911 161 3149 11912 171 3147 11913 129 3153 11914 161 3149 11915 2755 1614 11916 2757 1613 11917 1587 1099 11918 2757 1613 11919 2754 3145 11920 1587 1099 11921 1588 1703 11922 2755 1614 11923 1587 1099 11924 2265 1663 11925 2853 1747 11926 2035 1746 11927 2238 1507 11928 2782 1661 11929 2265 1663 11930 2208 2739 11931 2752 1508 11932 2750 1606 11933 2750 1606 11934 2238 1507 11935 2265 1663 11936 2750 1606 11937 2265 1663 11938 90 3061 11939 2727 3154 11940 2208 2739 11941 2750 1606 11942 2167 2577 11943 2729 2740 11944 2727 3154 11945 2685 1519 11946 2687 1150 11947 2167 2577 11948 2684 1517 11949 2685 1519 11950 2167 2577 11951 2684 1517 11952 2167 2577 11953 90 3061 11954 2167 2577 11955 2727 3154 11956 90 3061 11957 2665 1485 11958 2132 1516 11959 2133 1518 11960 2727 3154 11961 2750 1606 11962 90 3061 11963 2664 2148 11964 2665 1485 11965 2133 1518 11966 2133 1518 11967 2684 1517 11968 90 3061 11969 2098 2149 11970 2664 2148 11971 90 3061 11972 2664 2148 11973 2133 1518 11974 90 3061 11975 2061 2561 11976 2097 96 11977 2098 2149 11978 1863 1415 11979 2061 2561 11980 2098 2149 11981 1030 314 11982 1029 1063 11983 3344 125 11984 1604 362 11985 3071 2069 11986 677 1704 11987 3071 2069 11988 3174 622 11989 677 1704 11990 672 621 11991 2350 2150 11992 671 1053 11993 2350 2150 11994 667 627 11995 666 2377 11996 3174 622 11997 672 621 11998 677 1704 11999 2154 1315 12000 2978 360 12001 699 2243 12002 2978 360 12003 1604 362 12004 699 2243 12005 677 1704 12006 699 2243 12007 1604 362 12008 671 1053 12009 683 1878 12010 677 1704 12011 660 3155 12012 665 1051 12013 666 2377 12014 665 1051 12015 671 1053 12016 666 2377 12017 666 2377 12018 658 3156 12019 660 3155 12020 2350 2150 12021 666 2377 12022 671 1053 12023 653 1292 12024 1926 869 12025 2528 2531 12026 1926 869 12027 661 629 12028 2334 1706 12029 661 629 12030 2189 628 12031 2462 1705 12032 2462 1705 12033 2461 3157 12034 2334 1706 12035 2334 1706 12036 2528 2531 12037 1926 869 12038 591 687 12039 1901 2716 12040 2138 728 12041 2416 1178 12042 1763 2491 12043 1730 253 12044 1730 253 12045 2392 252 12046 1729 1179 12047 2982 2651 12048 1978 1882 12049 730 2628 12050 730 2628 12051 2888 538 12052 2328 344 12053 2888 538 12054 736 2921 12055 1808 2705 12056 736 2921 12057 746 2359 12058 1808 2705 12059 1808 2705 12060 1678 1445 12061 1670 1512 12062 1678 1445 12063 1679 1510 12064 1670 1512 12065 2888 538 12066 1808 2705 12067 1809 345 12068 2328 344 12069 2888 538 12070 1809 345 12071 1808 2705 12072 1670 1512 12073 1809 345 12074 2328 344 12075 2810 343 12076 747 2314 12077 2810 343 12078 1671 1511 12079 747 2314 12080 747 2314 12081 3229 2313 12082 758 565 12083 3229 2313 12084 3228 41 12085 758 565 12086 758 565 12087 748 567 12088 747 2314 12089 748 567 12090 737 575 12091 2328 344 12092 737 575 12093 706 2164 12094 2032 103 12095 706 2164 12096 705 1220 12097 2032 103 12098 2032 103 12099 718 102 12100 3067 2675 12101 2032 103 12102 3067 2675 12103 2982 2651 12104 3067 2675 12105 2110 1707 12106 2982 2651 12107 737 575 12108 2032 103 12109 730 2628 12110 2328 344 12111 747 2314 12112 748 567 12113 737 575 12114 730 2628 12115 2328 344 12116 730 2628 12117 2032 103 12118 2982 2651 12119 3065 1708 12120 2251 1563 12121 714 595 12122 2251 1563 12123 1420 1562 12124 714 595 12125 1420 1562 12126 1498 1224 12127 714 595 12128 714 595 12129 2109 1709 12130 3065 1708 12131 2109 1709 12132 2979 1881 12133 2980 1883 12134 2109 1709 12135 2980 1883 12136 2110 1707 12137 2980 1883 12138 2982 2651 12139 2110 1707 12140 1137 3000 12141 1976 1321 12142 1105 3158 12143 1976 1321 12144 2304 1320 12145 2303 1712 12146 2303 1712 12147 2672 32 12148 1790 34 12149 1976 1321 12150 2303 1712 12151 1083 1711 12152 1105 3158 12153 1976 1321 12154 1083 1711 12155 1105 3158 12156 1121 3002 12157 1137 3000 12158 1083 1711 12159 1104 3159 12160 1105 3158 12161 1063 1713 12162 1082 2638 12163 1083 1711 12164 1790 34 12165 2700 1542 12166 1063 1713 12167 2303 1712 12168 1790 34 12169 1063 1713 12170 3347 1719 12171 1552 1136 12172 2904 126 12173 2807 1741 12174 2808 83 12175 2217 481 12176 445 3160 12177 270 3161 12178 295 3162 12179 270 3161 12180 173 3163 12181 295 3162 12182 173 3163 12183 154 3164 12184 166 3165 12185 154 3164 12186 139 3166 12187 166 3165 12188 126 3167 12189 96 3168 12190 138 3169 12191 96 3168 12192 95 3170 12193 125 3171 12194 139 3166 12195 126 3167 12196 166 3165 12197 503 3172 12198 445 3160 12199 629 3173 12200 607 1748 12201 544 3174 12202 629 3173 12203 544 3174 12204 503 3172 12205 629 3173 12206 890 3175 12207 607 1748 12208 779 3176 12209 663 1749 12210 607 1748 12211 655 3177 12212 445 3160 12213 295 3162 12214 629 3173 12215 96 3168 12216 125 3171 12217 138 3169 12218 95 3170 12219 106 3178 12220 125 3171 12221 125 3171 12222 124 3179 12223 138 3169 12224 892 2910 12225 891 3180 12226 903 3181 12227 1757 1630 12228 2703 1632 12229 1487 3103 12230 2649 3056 12231 1723 1957 12232 1757 1630 12233 2633 1441 12234 2634 1440 12235 2649 3056 12236 2593 1403 12237 1644 2550 12238 2592 3182 12239 1644 2550 12240 2633 1441 12241 2592 3182 12242 913 3057 12243 2595 1401 12244 1608 1359 12245 2595 1401 12246 2593 1403 12247 1608 1359 12248 2592 3182 12249 1608 1359 12250 2593 1403 12251 816 3183 12252 847 3184 12253 848 3185 12254 2649 3056 12255 1757 1630 12256 890 3175 12257 1757 1630 12258 1487 3103 12259 890 3175 12260 2592 3182 12261 2633 1441 12262 890 3175 12263 2633 1441 12264 2649 3056 12265 890 3175 12266 848 3185 12267 2592 3182 12268 890 3175 12269 778 3186 12270 815 3187 12271 779 3176 12272 815 3187 12273 816 3183 12274 779 3176 12275 726 1750 12276 725 3188 12277 779 3176 12278 1684 396 12279 892 2910 12280 903 3181 12281 1684 396 12282 903 3181 12283 1487 3103 12284 903 3181 12285 890 3175 12286 1487 3103 12287 126 3167 12288 138 3169 12289 153 3189 12290 138 3169 12291 137 3190 12292 153 3189 12293 126 3167 12294 153 3189 12295 166 3165 12296 295 3162 12297 173 3163 12298 166 3165 12299 153 3189 12300 152 3191 12301 166 3165 12302 166 3165 12303 165 3192 12304 295 3162 12305 295 3162 12306 294 3193 12307 629 3173 12308 629 3173 12309 628 3194 12310 654 3195 12311 629 3173 12312 654 3195 12313 655 3177 12314 629 3173 12315 655 3177 12316 607 1748 12317 663 1749 12318 662 3196 12319 726 1750 12320 726 1750 12321 779 3176 12322 607 1748 12323 779 3176 12324 816 3183 12325 890 3175 12326 816 3183 12327 848 3185 12328 890 3175 12329 2040 1756 12330 907 2939 12331 2614 1421 12332 907 2939 12333 901 1422 12334 2614 1421 12335 2614 1421 12336 889 1754 12337 2040 1756 12338 2702 3197 12339 904 2645 12340 1518 1031 12341 904 2645 12342 1737 1760 12343 1518 1031 12344 1737 1760 12345 2967 1871 12346 2861 1761 12347 2967 1871 12348 1572 2972 12349 2861 1761 12350 1572 2972 12351 1701 1763 12352 2861 1761 12353 2861 1761 12354 2860 1762 12355 1683 1532 12356 1683 1532 12357 2846 1029 12358 1518 1031 12359 909 1030 12360 1647 1533 12361 2705 1631 12362 2861 1761 12363 1683 1532 12364 1518 1031 12365 909 1030 12366 2705 1631 12367 2702 3197 12368 2705 1631 12369 1756 3117 12370 2702 3197 12371 1518 1031 12372 909 1030 12373 2702 3197 12374 1695 1702 12375 2801 1701 12376 128 135 12377 128 135 12378 2340 134 12379 1695 1702 12380 2340 134 12381 2341 2064 12382 1694 3198 12383 1695 1702 12384 2340 134 12385 1694 3198 12386 110 2066 12387 2937 2065 12388 1444 2329 12389 1441 1589 12390 2800 1700 12391 1694 3198 12392 2800 1700 12393 1695 1702 12394 1694 3198 12395 1447 3038 12396 2741 1590 12397 2338 1536 12398 2741 1590 12399 1441 1589 12400 2338 1536 12401 1694 3198 12402 2338 1536 12403 1441 1589 12404 142 2629 12405 143 3199 12406 127 3200 12407 141 2986 12408 142 2629 12409 63 3005 12410 142 2629 12411 127 3200 12412 63 3005 12413 63 3005 12414 127 3200 12415 53 3007 12416 127 3200 12417 1694 3198 12418 37 3201 12419 53 3007 12420 127 3200 12421 37 3201 12422 53 3007 12423 62 3006 12424 63 3005 12425 47 2474 12426 52 921 12427 48 2475 12428 52 921 12429 53 3007 12430 48 2475 12431 37 3201 12432 36 2473 12433 48 2475 12434 1694 3198 12435 2341 2064 12436 37 3201 12437 2341 2064 12438 110 2066 12439 37 3201 12440 1444 2329 12441 1443 1850 12442 1480 2965 12443 1443 1850 12444 2986 2654 12445 1480 2965 12446 110 2066 12447 1444 2329 12448 1480 2965 12449 2986 2654 12450 1985 1974 12451 1480 2965 12452 48 2475 12453 53 3007 12454 37 3201 12455 110 2066 12456 1480 2965 12457 98 729 12458 99 2964 12459 3242 2467 12460 3276 2167 12461 3242 2467 12462 1576 2718 12463 3276 2167 12464 37 3201 12465 110 2066 12466 98 729 12467 37 3201 12468 98 729 12469 99 2964 12470 34 3130 12471 33 3202 12472 60 3132 12473 33 3202 12474 38 3203 12475 99 2964 12476 34 3130 12477 60 3132 12478 39 3131 12479 38 3203 12480 37 3201 12481 99 2964 12482 1576 2718 12483 114 1070 12484 2241 2726 12485 60 3132 12486 33 3202 12487 99 2964 12488 64 3138 12489 54 3133 12490 60 3132 12491 99 2964 12492 3276 2167 12493 1624 2166 12494 1576 2718 12495 2241 2726 12496 3276 2167 12497 2241 2726 12498 3275 2170 12499 3276 2167 12500 3275 2170 12501 1622 2169 12502 3277 2168 12503 3276 2167 12504 3275 2170 12505 3277 2168 12506 1624 2166 12507 1654 427 12508 1730 253 12509 1654 427 12510 1691 251 12511 1730 253 12512 99 2964 12513 1624 2166 12514 60 3132 12515 64 3138 12516 60 3132 12517 1624 2166 12518 71 3140 12519 65 3139 12520 64 3138 12521 77 3134 12522 72 3137 12523 76 3141 12524 72 3137 12525 71 3140 12526 76 3141 12527 71 3140 12528 64 3138 12529 1730 253 12530 1730 253 12531 64 3138 12532 1624 2166 12533 1730 253 12534 1763 2491 12535 71 3140 12536 1763 2491 12537 2536 3204 12538 71 3140 12539 2457 3205 12540 2415 2697 12541 116 3036 12542 83 3142 12543 76 3141 12544 2536 3204 12545 76 3141 12546 71 3140 12547 2536 3204 12548 2010 2371 12549 88 2370 12550 2624 533 12551 88 2370 12552 83 3142 12553 2624 533 12554 2047 1504 12555 2677 2576 12556 2650 1467 12557 2677 2576 12558 2010 2371 12559 2650 1467 12560 2624 533 12561 2651 532 12562 2010 2371 12563 2651 532 12564 2650 1467 12565 2010 2371 12566 83 3142 12567 2536 3204 12568 2624 533 12569 2624 533 12570 2536 3204 12571 2626 1433 12572 2536 3204 12573 2457 3205 12574 1776 2920 12575 2626 1433 12576 2536 3204 12577 1776 2920 12578 2457 3205 12579 116 3036 12580 182 3106 12581 1776 2920 12582 2457 3205 12583 182 3106 12584 2019 2672 12585 100 2575 12586 146 3152 12587 100 2575 12588 1776 2920 12589 146 3152 12590 2163 3035 12591 2550 3034 12592 159 3033 12593 2019 2672 12594 146 3152 12595 147 3151 12596 116 3036 12597 2163 3035 12598 233 2132 12599 2019 2672 12600 129 3153 12601 2612 1413 12602 2082 1501 12603 1831 1500 12604 101 1588 12605 1831 1500 12606 2019 2672 12607 101 1588 12608 101 1588 12609 1863 1415 12610 2082 1501 12611 2612 1413 12612 101 1588 12613 2019 2672 12614 2097 96 12615 2061 2561 12616 2060 1414 12617 2060 1414 12618 2612 1413 12619 129 3153 12620 2096 1484 12621 2097 96 12622 2060 1414 12623 117 2605 12624 2131 1148 12625 129 3153 12626 2131 1148 12627 2096 1484 12628 129 3153 12629 2752 1508 12630 2208 2739 12631 117 2605 12632 2782 1661 12633 2238 1507 12634 118 1509 12635 118 1509 12636 2752 1508 12637 117 2605 12638 2096 1484 12639 2060 1414 12640 129 3153 12641 129 3153 12642 2019 2672 12643 147 3151 12644 159 3033 12645 2588 1458 12646 2345 2549 12647 118 1509 12648 117 2605 12649 130 3146 12650 146 3152 12651 1776 2920 12652 182 3106 12653 159 3033 12654 2345 2549 12655 1446 1323 12656 159 3033 12657 1446 1323 12658 2126 2720 12659 2126 2720 12660 2526 1326 12661 2433 1092 12662 2526 1326 12663 2344 1324 12664 2433 1092 12665 2163 3035 12666 159 3033 12667 2126 2720 12668 117 2605 12669 129 3153 12670 130 3146 12671 2163 3035 12672 2126 2720 12673 216 3206 12674 216 3206 12675 2126 2720 12676 2433 1092 12677 2433 1092 12678 1506 2497 12679 216 3206 12680 1506 2497 12681 2432 1204 12682 1507 1205 12683 1507 1205 12684 1478 2481 12685 1506 2497 12686 1478 2481 12687 1477 2480 12688 1506 2497 12689 1477 2480 12690 2388 1152 12691 1440 2479 12692 2388 1152 12693 2387 1151 12694 1440 2479 12695 1440 2479 12696 2360 3207 12697 2361 3208 12698 2361 3208 12699 1538 1525 12700 1537 1527 12701 1440 2479 12702 2361 3208 12703 1477 2480 12704 2361 3208 12705 1537 1527 12706 1477 2480 12707 1537 1527 12708 189 605 12709 1477 2480 12710 206 284 12711 3183 283 12712 1649 1192 12713 206 284 12714 1649 1192 12715 2296 3209 12716 1506 2497 12717 1477 2480 12718 216 3206 12719 1477 2480 12720 189 605 12721 216 3206 12722 190 3105 12723 116 3036 12724 233 2132 12725 116 3036 12726 190 3105 12727 181 1544 12728 189 605 12729 206 284 12730 229 3210 12731 119 2603 12732 2781 1662 12733 2782 1661 12734 119 2603 12735 2782 1661 12736 118 1509 12737 2853 1747 12738 2265 1663 12739 119 2603 12740 120 424 12741 2853 1747 12742 119 2603 12743 119 2603 12744 118 1509 12745 130 3146 12746 2296 3209 12747 1617 3211 12748 3032 1916 12749 120 424 12750 119 2603 12751 130 3146 12752 206 284 12753 2296 3209 12754 215 3212 12755 2296 3209 12756 3032 1916 12757 215 3212 12758 3032 1916 12759 3031 1915 12760 215 3212 12761 3031 1915 12762 3030 1918 12763 215 3212 12764 3030 1918 12765 1745 1919 12766 215 3212 12767 1745 1919 12768 1686 1834 12769 214 2653 12770 214 2653 12771 2053 2652 12772 1793 2622 12773 2053 2652 12774 1794 2623 12775 1793 2622 12776 1745 1919 12777 214 2653 12778 215 3212 12779 1793 2622 12780 2857 2621 12781 1760 2613 12782 1793 2622 12783 1760 2613 12784 1820 2612 12785 214 2653 12786 1793 2622 12787 228 3213 12788 215 3212 12789 214 2653 12790 228 3213 12791 1588 1703 12792 2035 1746 12793 2755 1614 12794 2035 1746 12795 2034 425 12796 1549 2598 12797 1549 2598 12798 2755 1614 12799 2035 1746 12800 2757 1613 12801 2756 1612 12802 1549 2598 12803 130 3146 12804 2754 3145 12805 120 424 12806 2754 3145 12807 2757 1613 12808 1549 2598 12809 120 424 12810 2754 3145 12811 1549 2598 12812 160 3150 12813 161 3149 12814 146 3152 12815 183 3148 12816 171 3147 12817 2028 634 12818 171 3147 12819 160 3150 12820 1992 1767 12821 199 3214 12822 184 3144 12823 198 490 12824 184 3144 12825 183 3148 12826 2137 2257 12827 198 490 12828 184 3144 12829 197 373 12830 1779 3215 12831 200 3216 12832 1672 1157 12833 200 3216 12834 199 3214 12835 211 2482 12836 1966 3217 12837 212 3218 12838 1779 3215 12839 240 263 12840 2074 2688 12841 1966 3217 12842 3298 2192 12843 3297 265 12844 2150 1982 12845 3297 265 12846 2122 264 12847 2149 1981 12848 2150 1982 12849 3297 265 12850 2149 1981 12851 240 263 12852 1966 3217 12853 2046 3030 12854 1966 3217 12855 1779 3215 12856 2046 3030 12857 2122 264 12858 240 263 12859 2046 3030 12860 1549 2598 12861 2034 425 12862 120 424 12863 1793 2622 12864 1820 2612 12865 228 3213 12866 116 3036 12867 181 1544 12868 182 3106 12869 2163 3035 12870 216 3206 12871 231 3219 12872 160 3150 12873 146 3152 12874 182 3106 12875 2824 1722 12876 2823 1721 12877 1819 2611 12878 1819 2611 12879 2695 3220 12880 253 3221 12881 253 3221 12882 228 3213 12883 1820 2612 12884 215 3212 12885 254 3222 12886 206 284 12887 254 3222 12888 229 3210 12889 206 284 12890 229 3210 12891 230 3223 12892 216 3206 12893 231 3219 12894 255 3042 12895 256 3041 12896 229 3210 12897 216 3206 12898 189 605 12899 231 3219 12900 256 3041 12901 232 2133 12902 231 3219 12903 232 2133 12904 2163 3035 12905 233 2132 12906 234 2383 12907 207 1032 12908 234 2383 12909 217 2385 12910 207 1032 12911 232 2133 12912 233 2132 12913 2163 3035 12914 190 3105 12915 233 2132 12916 207 1032 12917 207 1032 12918 208 1034 12919 190 3105 12920 190 3105 12921 191 3104 12922 181 1544 12923 2824 1722 12924 1819 2611 12925 1820 2612 12926 1819 2611 12927 253 3221 12928 1820 2612 12929 291 1431 12930 266 745 12931 2122 264 12932 266 745 12933 2149 1981 12934 2122 264 12935 291 1431 12936 2122 264 12937 3261 3029 12938 211 2482 12939 1672 1157 12940 200 3216 12941 1672 1157 12942 2046 3030 12943 1779 3215 12944 2046 3030 12945 3261 3029 12946 2122 264 12947 1492 2500 12948 2182 1155 12949 1493 2501 12950 2182 1155 12951 211 2482 12952 1493 2501 12953 182 3106 12954 3218 2110 12955 1857 2107 12956 171 3147 12957 1992 1767 12958 2028 634 12959 160 3150 12960 182 3106 12961 1940 2382 12962 1940 2382 12963 182 3106 12964 1900 2380 12965 1857 2107 12966 1856 2708 12967 1900 2380 12968 1856 2708 12969 3259 2710 12970 1900 2380 12971 182 3106 12972 1857 2107 12973 1900 2380 12974 2026 1455 12975 197 373 12976 184 3144 12977 1493 2501 12978 211 2482 12979 199 3214 12980 198 490 12981 1493 2501 12982 199 3214 12983 3259 2710 12984 3260 2381 12985 1900 2380 12986 2026 1455 12987 184 3144 12988 2137 2257 12989 2137 2257 12990 196 556 12991 2026 1455 12992 1940 2382 12993 1939 2709 12994 3300 3224 12995 1939 2709 12996 3299 3225 12997 3300 3224 12998 160 3150 12999 1940 2382 13000 1992 1767 13001 195 1008 13002 1993 2258 13003 2137 2257 13004 1941 3031 13005 2279 1006 13006 195 1008 13007 2067 1435 13008 2066 1139 13009 1941 3031 13010 2067 1435 13011 1941 3031 13012 195 1008 13013 195 1008 13014 2137 2257 13015 2067 1435 13016 2137 2257 13017 183 3148 13018 2067 1435 13019 1992 1767 13020 1991 3226 13021 3333 1768 13022 1991 3226 13023 3332 3227 13024 3333 1768 13025 1940 2382 13026 3300 3224 13027 1992 1767 13028 2377 1140 13029 2067 1435 13030 183 3148 13031 2028 634 13032 2377 1140 13033 183 3148 13034 1681 1680 13035 2971 2646 13036 2972 1772 13037 121 470 13038 134 2919 13039 164 3135 13040 164 3135 13041 150 3228 13042 135 3229 13043 122 1776 13044 123 3230 13045 104 1777 13046 164 3135 13047 135 3229 13048 121 470 13049 135 3229 13050 122 1776 13051 121 470 13052 104 1777 13053 103 471 13054 121 470 13055 3170 1223 13056 3169 1222 13057 1655 1782 13058 273 1783 13059 3252 2145 13060 1806 109 13061 522 1784 13062 2240 3231 13063 2398 1785 13064 2475 3040 13065 2478 2260 13066 260 92 13067 260 92 13068 2148 91 13069 235 2384 13070 2148 91 13071 236 3232 13072 235 2384 13073 235 2384 13074 234 2383 13075 2475 3040 13076 234 2383 13077 233 2132 13078 259 1805 13079 2052 1807 13080 2475 3040 13081 259 1805 13082 2475 3040 13083 260 92 13084 235 2384 13085 259 1805 13086 2475 3040 13087 234 2383 13088 93 3233 13089 94 3234 13090 85 3235 13091 85 3235 13092 86 2001 13093 80 3236 13094 80 3236 13095 81 2000 13096 74 3237 13097 74 3237 13098 68 3238 13099 57 1809 13100 57 1809 13101 50 3126 13102 79 1808 13103 50 3126 13104 49 3125 13105 56 3124 13106 56 3124 13107 55 3123 13108 67 3122 13109 50 3126 13110 56 3124 13111 67 3122 13112 80 3236 13113 74 3237 13114 92 469 13115 74 3237 13116 57 1809 13117 92 469 13118 93 3233 13119 85 3235 13120 104 1777 13121 85 3235 13122 80 3236 13123 92 469 13124 104 1777 13125 105 3239 13126 93 3233 13127 92 469 13128 103 471 13129 104 1777 13130 133 3120 13131 134 2919 13132 102 1203 13133 134 2919 13134 92 469 13135 102 1203 13136 79 1808 13137 102 1203 13138 92 469 13139 66 3121 13140 73 3062 13141 67 3122 13142 73 3062 13143 79 1808 13144 67 3122 13145 50 3126 13146 67 3122 13147 79 1808 13148 92 469 13149 104 1777 13150 85 3235 13151 1269 1817 13152 1286 1674 13153 1287 1815 13154 1287 1815 13155 1326 1297 13156 1327 609 13157 1288 813 13158 1279 812 13159 1278 1816 13160 1287 1815 13161 1327 609 13162 1288 813 13163 1278 1816 13164 1270 2786 13165 1269 1817 13166 1287 1815 13167 1288 813 13168 1278 1816 13169 2990 1044 13170 2989 2310 13171 1010 1045 13172 2989 2310 13173 1456 1825 13174 1010 1045 13175 1456 1825 13176 3019 1908 13177 1472 1824 13178 2828 308 13179 2829 1728 13180 1458 1695 13181 2985 1833 13182 214 2653 13183 1686 1834 13184 3077 241 13185 3076 240 13186 1949 1035 13187 2174 1845 13188 2771 3094 13189 2772 1640 13190 1914 511 13191 810 1419 13192 2524 509 13193 810 1419 13194 2042 1233 13195 2524 509 13196 1080 1853 13197 1058 3240 13198 1079 2523 13199 1100 1854 13200 1117 2096 13201 1118 259 13202 1080 1853 13203 1079 2523 13204 1100 1854 13205 1118 259 13206 1059 3241 13207 1080 1853 13208 1505 1855 13209 180 2510 13210 2474 1526 13211 1628 1858 13212 641 1985 13213 2790 1679 13214 1594 1147 13215 1635 3242 13216 463 3243 13217 2494 1863 13218 443 2551 13219 1832 740 13220 443 2551 13221 2596 2553 13222 1832 740 13223 1593 1145 13224 1594 1147 13225 463 3243 13226 2596 2553 13227 1907 2554 13228 1832 740 13229 1593 1145 13230 463 3243 13231 1592 1144 13232 463 3243 13233 2494 1863 13234 1702 742 13235 1702 742 13236 1592 1144 13237 463 3243 13238 2436 1210 13239 911 3049 13240 1543 1865 13241 1426 1558 13242 2995 1560 13243 1425 59 13244 2995 1560 13245 2997 641 13246 1425 59 13247 1425 59 13248 393 99 13249 1426 1558 13250 393 99 13251 352 1454 13252 1426 1558 13253 352 1454 13254 317 3244 13255 1709 1868 13256 1709 1868 13257 1838 2963 13258 1708 943 13259 1838 2963 13260 3273 691 13261 1708 943 13262 352 1454 13263 1709 1868 13264 1562 642 13265 1426 1558 13266 352 1454 13267 1562 642 13268 1750 2875 13269 2258 1873 13270 342 976 13271 2258 1873 13272 2400 1167 13273 1844 974 13274 676 1052 13275 665 1051 13276 670 3245 13277 665 1051 13278 660 3155 13279 670 3245 13280 660 3155 13281 657 2420 13282 656 171 13283 670 3245 13284 689 3246 13285 676 1052 13286 689 3246 13287 682 1879 13288 676 1052 13289 660 3155 13290 656 171 13291 670 3245 13292 683 1878 13293 671 1053 13294 676 1052 13295 682 1879 13296 707 2165 13297 698 3247 13298 698 3247 13299 683 1878 13300 682 1879 13301 2487 1260 13302 2486 1265 13303 2263 1880 13304 1755 1048 13305 647 1047 13306 1461 1905 13307 1589 1646 13308 3023 1080 13309 1496 271 13310 3023 1080 13311 3024 1913 13312 1496 271 13313 2190 1914 13314 2929 1844 13315 694 1316 13316 368 2990 13317 2804 904 13318 2139 3014 13319 2804 904 13320 391 3012 13321 2139 3014 13322 2139 3014 13323 2837 3013 13324 369 998 13325 349 966 13326 2884 2011 13327 1463 1922 13328 2884 2011 13329 368 2990 13330 1463 1922 13331 333 353 13332 1827 352 13333 350 1921 13334 1827 352 13335 1463 1922 13336 350 1921 13337 368 2990 13338 2139 3014 13339 369 998 13340 368 2990 13341 369 998 13342 1463 1922 13343 1413 1626 13344 1884 203 13345 1885 1925 13346 610 436 13347 611 435 13348 586 680 13349 2975 1926 13350 561 3248 13351 1938 1927 13352 732 1931 13353 2332 2362 13354 3240 1932 13355 979 1016 13356 2711 1554 13357 2710 1553 13358 1601 754 13359 1600 1935 13360 1586 1084 13361 1600 1935 13362 1584 2213 13363 1585 1936 13364 2717 463 13365 172 1531 13366 2715 1561 13367 172 1531 13368 1674 405 13369 2887 1795 13370 2715 1561 13371 172 1531 13372 2885 1793 13373 2887 1795 13374 2886 1794 13375 172 1531 13376 2885 1793 13377 1675 2690 13378 1558 2692 13379 2886 1794 13380 2885 1793 13381 172 1531 13382 2693 2394 13383 2319 1529 13384 2320 465 13385 163 2141 13386 2693 2394 13387 1915 1949 13388 2693 2394 13389 2320 465 13390 1915 1949 13391 2715 1561 13392 2885 1793 13393 1558 2692 13394 2320 465 13395 2715 1561 13396 1916 1686 13397 2715 1561 13398 1558 2692 13399 1916 1686 13400 1916 1686 13401 2792 1685 13402 1915 1949 13403 946 408 13404 930 382 13405 937 416 13406 377 3066 13407 376 3063 13408 402 2884 13409 376 3063 13410 401 3064 13411 402 2884 13412 401 3064 13413 400 854 13414 430 853 13415 430 853 13416 431 2885 13417 401 3064 13418 431 2885 13419 402 2884 13420 401 3064 13421 402 2884 13422 403 2883 13423 378 1953 13424 378 1953 13425 379 2882 13426 360 1954 13427 360 1954 13428 361 2881 13429 2586 2877 13430 2586 2877 13431 2551 2876 13432 360 1954 13433 2551 2876 13434 359 1278 13435 360 1954 13436 359 1278 13437 358 3065 13438 378 1953 13439 358 3065 13440 377 3066 13441 378 1953 13442 378 1953 13443 377 3066 13444 402 2884 13445 1723 1957 13446 2649 3056 13447 914 946 13448 3251 973 13449 3252 2145 13450 273 1783 13451 1089 1960 13452 1090 763 13453 1070 1961 13454 2600 1967 13455 2602 35 13456 1214 1968 13457 3011 1898 13458 2305 1394 13459 1662 1900 13460 2305 1394 13461 2720 1393 13462 2306 1643 13463 2306 1643 13464 833 2588 13465 829 1976 13466 2305 1394 13467 2306 1643 13468 1662 1900 13469 1548 3081 13470 821 1901 13471 829 1976 13472 821 1901 13473 1662 1900 13474 829 1976 13475 2149 1981 13476 1958 500 13477 3331 499 13478 1773 977 13479 2244 1814 13480 641 1985 13481 2076 1987 13482 1715 1924 13483 399 852 13484 1715 1924 13485 3038 2594 13486 399 852 13487 3038 2594 13488 429 2419 13489 399 852 13490 399 852 13491 400 854 13492 3159 1986 13493 400 854 13494 1974 2378 13495 3159 1986 13496 3269 2725 13497 3270 2724 13498 2020 818 13499 2020 818 13500 3236 3032 13501 1983 1989 13502 1983 1989 13503 3220 2713 13504 3219 1990 13505 3219 1990 13506 3269 2725 13507 2020 818 13508 2278 1639 13509 3211 2102 13510 2277 727 13511 2863 1766 13512 2228 3249 13513 2862 3250 13514 2862 3250 13515 1474 1991 13516 2863 1766 13517 2565 1998 13518 1921 2363 13519 799 1999 13520 799 1999 13521 2090 90 13522 2502 539 13523 2090 90 13524 800 89 13525 2502 539 13526 799 1999 13527 2502 539 13528 1816 541 13529 1816 541 13530 1927 1997 13531 799 1999 13532 106 3178 13533 95 3170 13534 87 3251 13535 87 3251 13536 82 3252 13537 106 3178 13538 82 3252 13539 75 2002 13540 106 3178 13541 75 2002 13542 69 3253 13543 81 2000 13544 69 3253 13545 68 3238 13546 81 2000 13547 68 3238 13548 74 3237 13549 81 2000 13550 81 2000 13551 80 3236 13552 86 2001 13553 86 2001 13554 85 3235 13555 94 3234 13556 94 3234 13557 93 3233 13558 105 3239 13559 105 3239 13560 104 1777 13561 123 3230 13562 123 3230 13563 122 1776 13564 135 3229 13565 136 3254 13566 151 3255 13567 137 3190 13568 151 3255 13569 152 3191 13570 137 3190 13571 123 3230 13572 135 3229 13573 136 3254 13574 105 3239 13575 123 3230 13576 136 3254 13577 152 3191 13578 153 3189 13579 137 3190 13580 137 3190 13581 138 3169 13582 124 3179 13583 105 3239 13584 136 3254 13585 124 3179 13586 136 3254 13587 137 3190 13588 124 3179 13589 124 3179 13590 125 3171 13591 106 3178 13592 94 3234 13593 105 3239 13594 106 3178 13595 105 3239 13596 124 3179 13597 106 3178 13598 86 2001 13599 94 3234 13600 106 3178 13601 106 3178 13602 75 2002 13603 86 2001 13604 3153 2272 13605 1577 515 13606 1220 3256 13607 1577 515 13608 3120 2269 13609 1220 3256 13610 1542 168 13611 1195 2081 13612 1811 2701 13613 3120 2269 13614 1542 168 13615 1220 3256 13616 1542 168 13617 1811 2701 13618 1220 3256 13619 2297 1067 13620 2298 1069 13621 1183 459 13622 2297 1067 13623 1183 459 13624 2236 591 13625 1183 459 13626 1182 2682 13627 2236 591 13628 2202 593 13629 3104 592 13630 2203 55 13631 2297 1067 13632 2236 591 13633 1203 3257 13634 2236 591 13635 2202 593 13636 1194 2004 13637 1203 3257 13638 2236 591 13639 1194 2004 13640 1811 2701 13641 2297 1067 13642 1203 3257 13643 2203 55 13644 1836 54 13645 2015 2693 13646 1836 54 13647 1157 2918 13648 1169 2917 13649 1836 54 13650 1169 2917 13651 2015 2693 13652 1626 312 13653 3153 2272 13654 1220 3256 13655 1811 2701 13656 1203 3257 13657 1220 3256 13658 2202 593 13659 2203 55 13660 2014 421 13661 1169 2917 13662 1142 2916 13663 1141 2915 13664 1141 2915 13665 1175 2032 13666 1169 2917 13667 1175 2032 13668 3134 2031 13669 1169 2917 13670 3134 2031 13671 2015 2693 13672 1169 2917 13673 2203 55 13674 2015 2693 13675 2014 421 13676 1655 1782 13677 3169 1222 13678 1626 312 13679 1979 423 13680 1980 1206 13681 1929 1208 13682 2202 593 13683 2014 421 13684 1194 2004 13685 2014 421 13686 1979 423 13687 1194 2004 13688 1929 1208 13689 3112 1207 13690 1174 2054 13691 1929 1208 13692 1174 2054 13693 1837 137 13694 1979 423 13695 1929 1208 13696 1837 137 13697 1770 2056 13698 1771 2055 13699 1697 2678 13700 1771 2055 13701 1168 2677 13702 1697 2678 13703 1979 423 13704 1837 137 13705 1193 2003 13706 1837 137 13707 1770 2056 13708 1193 2003 13709 1770 2056 13710 1697 2678 13711 1193 2003 13712 1697 2678 13713 3073 2276 13714 1193 2003 13715 1659 195 13716 1869 194 13717 1167 3258 13718 1167 3258 13719 3168 2153 13720 1156 2686 13721 1482 2687 13722 3113 2283 13723 1193 2003 13724 1167 3258 13725 1156 2686 13726 1482 2687 13727 1659 195 13728 1167 3258 13729 1482 2687 13730 1194 2004 13731 1202 2648 13732 1203 3257 13733 1203 3257 13734 1219 2647 13735 1220 3256 13736 1220 3256 13737 1227 3259 13738 1228 3260 13739 1221 3261 13740 2062 3262 13741 3219 1990 13742 2062 3262 13743 3269 2725 13744 3219 1990 13745 1220 3256 13746 1228 3260 13747 3208 3263 13748 1228 3260 13749 1221 3261 13750 3208 3263 13751 3219 1990 13752 3220 2713 13753 1933 3264 13754 3208 3263 13755 1692 2707 13756 3209 1199 13757 1221 3261 13758 3219 1990 13759 1933 3264 13760 3208 3263 13761 3209 1199 13762 1655 1782 13763 1221 3261 13764 1933 3264 13765 3208 3263 13766 1220 3256 13767 3208 3263 13768 1655 1782 13769 1659 195 13770 1482 2687 13771 1193 2003 13772 3073 2276 13773 1659 195 13774 1193 2003 13775 1220 3256 13776 1655 1782 13777 1626 312 13778 1997 2345 13779 834 2344 13780 831 2927 13781 834 2344 13782 1847 2802 13783 831 2927 13784 1847 2802 13785 832 462 13786 831 2927 13787 832 462 13788 3152 583 13789 831 2927 13790 831 2927 13791 869 2945 13792 2143 1828 13793 2143 1828 13794 869 2945 13795 858 2944 13796 858 2944 13797 878 2943 13798 2859 1758 13799 878 2943 13800 879 2942 13801 2859 1758 13802 1997 2345 13803 831 2927 13804 2143 1828 13805 2913 186 13806 840 2342 13807 2143 1828 13808 840 2342 13809 1997 2345 13810 2143 1828 13811 1451 184 13812 2911 1827 13813 858 2944 13814 2911 1827 13815 2143 1828 13816 858 2944 13817 879 2942 13818 899 2941 13819 880 1691 13820 899 2941 13821 900 2010 13822 880 1691 13823 859 2340 13824 2321 185 13825 858 2944 13826 2321 185 13827 1451 184 13828 858 2944 13829 2859 1758 13830 859 2340 13831 858 2944 13832 880 1691 13833 870 1759 13834 879 2942 13835 870 1759 13836 2859 1758 13837 879 2942 13838 900 2010 13839 907 2939 13840 2040 1756 13841 2218 905 13842 368 2990 13843 2884 2011 13844 2561 1367 13845 2113 3265 13846 2560 2012 13847 3051 1571 13848 2194 1572 13849 2264 2089 13850 2194 1572 13851 2232 2188 13852 2195 1608 13853 2155 2721 13854 2194 1572 13855 2195 1608 13856 2232 2188 13857 2233 131 13858 2195 1608 13859 2155 2721 13860 3263 2722 13861 3262 2736 13862 383 889 13863 384 888 13864 2950 388 13865 384 888 13866 3051 1571 13867 2201 2432 13868 2194 1572 13869 2155 2721 13870 3262 2736 13871 3262 2736 13872 2125 1096 13873 3197 2702 13874 2194 1572 13875 3262 2736 13876 2264 2089 13877 382 2506 13878 383 889 13879 362 2014 13880 384 888 13881 2201 2432 13882 2088 1274 13883 362 2014 13884 383 889 13885 2950 388 13886 2747 2596 13887 2707 2886 13888 362 2014 13889 2950 388 13890 384 888 13891 2088 1274 13892 3197 2702 13893 3198 2088 13894 2264 2089 13895 2264 2089 13896 3199 1095 13897 3052 2673 13898 3052 2673 13899 3053 2433 13900 2201 2432 13901 2201 2432 13902 307 228 13903 2088 1274 13904 2264 2089 13905 3052 2673 13906 3051 1571 13907 3052 2673 13908 2201 2432 13909 3051 1571 13910 3262 2736 13911 3197 2702 13912 2264 2089 13913 1785 2294 13914 2747 2596 13915 362 2014 13916 1823 1779 13917 1822 949 13918 2832 948 13919 2832 948 13920 1785 2294 13921 362 2014 13922 1823 1779 13923 2832 948 13924 362 2014 13925 1719 2632 13926 2902 1823 13927 1823 1779 13928 1788 2013 13929 2944 963 13930 1762 962 13931 1762 962 13932 1719 2632 13933 362 2014 13934 1719 2632 13935 1823 1779 13936 362 2014 13937 2951 390 13938 2953 389 13939 1817 1698 13940 362 2014 13941 2950 388 13942 1817 1698 13943 2950 388 13944 2951 390 13945 1817 1698 13946 1818 1188 13947 2968 3059 13948 1817 1698 13949 2968 3059 13950 1788 2013 13951 1817 1698 13952 1788 2013 13953 1762 962 13954 362 2014 13955 3144 744 13956 316 743 13957 3056 1938 13958 316 743 13959 332 1131 13960 3056 1938 13961 3144 744 13962 3056 1938 13963 1716 1937 13964 1057 282 13965 1079 2523 13966 1058 3240 13967 1058 3240 13968 1033 329 13969 1057 282 13970 1033 329 13971 1032 2026 13972 1057 282 13973 1146 1862 13974 2946 1861 13975 2029 491 13976 2021 2050 13977 112 1175 13978 3117 731 13979 112 1175 13980 1445 1176 13981 3117 731 13982 3117 731 13983 2293 1972 13984 2021 2050 13985 3246 128 13986 3245 2857 13987 1765 2051 13988 2987 1056 13989 1456 1825 13990 2988 1887 13991 3285 2059 13992 1910 289 13993 1909 2057 13994 1910 289 13995 1968 198 13996 1909 2057 13997 1968 198 13998 3249 200 13999 1909 2057 14000 1909 2057 14001 1908 438 14002 3286 2058 14003 2172 20 14004 870 1759 14005 2797 1690 14006 2341 2064 14007 2340 134 14008 2937 2065 14009 2398 1785 14010 2240 3231 14011 502 1620 14012 1881 1304 14013 3338 934 14014 2078 572 14015 3140 2067 14016 1669 40 14017 3138 2034 14018 3072 1376 14019 1876 623 14020 3174 622 14021 2647 2571 14022 2211 3096 14023 2212 2082 14024 2211 3096 14025 2676 3095 14026 2212 2082 14027 2676 3095 14028 2174 1845 14029 2212 2082 14030 2174 1845 14031 238 1641 14032 2212 2082 14033 1631 1645 14034 3079 2302 14035 1632 1081 14036 1933 3264 14037 3220 2713 14038 1934 2431 14039 3220 2713 14040 3221 2348 14041 1934 2431 14042 1934 2431 14043 1920 2704 14044 1919 2094 14045 1692 2707 14046 3208 3263 14047 1731 127 14048 3208 3263 14049 1933 3264 14050 1919 2094 14051 1731 127 14052 3208 3263 14053 1919 2094 14054 1765 2051 14055 3245 2857 14056 1731 127 14057 1933 3264 14058 1934 2431 14059 1919 2094 14060 1919 2094 14061 3280 2172 14062 1765 2051 14063 530 2099 14064 554 2806 14065 555 2100 14066 2277 727 14067 3211 2102 14068 1735 755 14069 3211 2102 14070 1489 2211 14071 1488 756 14072 1489 2211 14073 1584 2213 14074 1488 756 14075 2632 1437 14076 2631 1436 14077 1886 2104 14078 1636 1535 14079 444 47 14080 2740 50 14081 444 47 14082 2033 2417 14083 2740 50 14084 2354 2112 14085 1689 3037 14086 1690 1118 14087 621 618 14088 598 698 14089 620 696 14090 256 3041 14091 257 2134 14092 232 2133 14093 257 2134 14094 258 1806 14095 233 2132 14096 258 1806 14097 259 1805 14098 233 2132 14099 1864 1336 14100 465 606 14101 2537 1337 14102 465 606 14103 1913 898 14104 2537 1337 14105 2794 1683 14106 2792 1685 14107 2141 2140 14108 2792 1685 14109 2791 1687 14110 2141 2140 14111 2791 1687 14112 2142 3266 14113 2141 2140 14114 3007 1895 14115 3005 2355 14116 684 361 14117 3005 2355 14118 1878 2509 14119 3176 1377 14120 1878 2509 14121 3256 2152 14122 1877 2151 14123 1877 2151 14124 2350 2150 14125 1876 623 14126 1876 623 14127 3177 1375 14128 1877 2151 14129 1877 2151 14130 3177 1375 14131 3176 1377 14132 3176 1377 14133 684 361 14134 3005 2355 14135 1877 2151 14136 3176 1377 14137 1878 2509 14138 684 361 14139 1859 2897 14140 3008 1896 14141 1859 2897 14142 690 1317 14143 3008 1896 14144 690 1317 14145 1497 612 14146 3008 1896 14147 2097 96 14148 2665 1485 14149 2664 2148 14150 3168 2153 14151 1167 3258 14152 1869 194 14153 2 2895 14154 226 987 14155 1 2156 14156 226 987 14157 167 986 14158 174 2155 14159 167 986 14160 108 2461 14161 107 3267 14162 107 3267 14163 155 3268 14164 167 986 14165 155 3268 14166 174 2155 14167 167 986 14168 2381 44 14169 2242 2311 14170 3266 2160 14171 689 3246 14172 670 3245 14173 675 3269 14174 670 3245 14175 656 171 14176 675 3269 14177 656 171 14178 649 173 14179 648 913 14180 656 171 14181 648 913 14182 675 3269 14183 707 2165 14184 682 1879 14185 689 3246 14186 681 3270 14187 2918 3271 14188 2833 2617 14189 689 3246 14190 675 3269 14191 681 3270 14192 708 3272 14193 698 3247 14194 707 2165 14195 707 2165 14196 689 3246 14197 706 2164 14198 689 3246 14199 681 3270 14200 688 2592 14201 688 2592 14202 681 3270 14203 2833 2617 14204 2833 2617 14205 2836 2395 14206 688 2592 14207 719 3080 14208 708 3272 14209 707 2165 14210 731 432 14211 739 3077 14212 719 3080 14213 706 2164 14214 737 575 14215 731 432 14216 688 2592 14217 1797 2591 14218 689 3246 14219 1797 2591 14220 706 2164 14221 689 3246 14222 731 432 14223 719 3080 14224 707 2165 14225 3114 2175 14226 1482 2687 14227 3115 2176 14228 1718 1943 14229 3055 351 14230 333 353 14231 333 353 14232 267 3067 14233 1718 1943 14234 267 3067 14235 292 2043 14236 1718 1943 14237 2623 1389 14238 2706 1550 14239 2145 1143 14240 2706 1550 14241 2231 1552 14242 2145 1143 14243 2231 1552 14244 2820 322 14245 2230 1717 14246 318 3273 14247 3 3274 14248 394 3275 14249 3 3276 14250 4 3277 14251 504 3278 14252 504 3279 14253 523 3280 14254 524 3281 14255 3 3282 14256 504 3283 14257 394 3284 14258 424 3285 14259 372 3286 14260 394 3287 14261 524 3288 14262 546 3289 14263 525 3290 14264 394 3291 14265 504 3292 14266 468 3293 14267 504 3294 14268 524 3295 14269 505 3296 14270 468 3297 14271 504 3298 14272 505 3299 14273 468 3300 14274 424 3301 14275 394 3302 14276 506 3303 14277 487 3304 14278 505 3305 14279 505 3306 14280 524 3307 14281 525 3308 14282 525 3309 14283 547 3310 14284 548 3311 14285 547 3312 14286 570 3313 14287 548 3314 14288 571 3315 14289 572 3316 14290 549 3317 14291 570 3318 14292 571 3319 14293 548 3320 14294 548 3321 14295 506 3322 14296 505 3323 14297 571 3324 14298 549 3325 14299 548 3326 14300 3111 1993 14301 2272 1992 14302 1010 1045 14303 1010 1045 14304 3110 2193 14305 3111 1993 14306 1639 890 14307 704 596 14308 1498 1224 14309 1498 1224 14310 1640 1221 14311 1639 890 14312 3132 2198 14313 2249 2684 14314 1625 2199 14315 1459 2161 14316 1460 2159 14317 2384 2201 14318 2796 2063 14319 2797 1690 14320 2023 1692 14321 2023 1692 14322 2683 1755 14323 2795 2203 14324 2683 1755 14325 889 1754 14326 2795 2203 14327 2795 2203 14328 2173 21 14329 2796 2063 14330 1890 2209 14331 2041 3023 14332 3288 2180 14333 2041 3023 14334 274 982 14335 3288 2180 14336 274 982 14337 1806 109 14338 3288 2180 14339 1018 2218 14340 1039 294 14341 2774 2217 14342 2774 2217 14343 1924 1230 14344 1002 338 14345 3018 1910 14346 1473 1909 14347 3019 1908 14348 1705 404 14349 203 1534 14350 2841 1732 14351 2841 1732 14352 2840 1731 14353 1706 2222 14354 1706 2222 14355 2839 1733 14356 2838 2619 14357 2838 2619 14358 1707 3327 14359 1706 2222 14360 1707 3327 14361 1675 2690 14362 1706 2222 14363 1675 2690 14364 2885 1793 14365 2887 1795 14366 2887 1795 14367 1674 405 14368 1675 2690 14369 1674 405 14370 1705 404 14371 1706 2222 14372 1675 2690 14373 1674 405 14374 1706 2222 14375 1720 1106 14376 1719 2632 14377 1762 962 14378 203 1534 14379 1705 404 14380 1524 2228 14381 1453 1023 14382 2511 1299 14383 2510 1294 14384 1411 1212 14385 2989 2310 14386 2990 1044 14387 2159 2238 14388 1657 724 14389 1658 2223 14390 1055 2221 14391 2372 225 14392 1056 281 14393 2372 225 14394 1969 227 14395 1056 281 14396 708 3272 14397 719 3080 14398 715 3079 14399 715 3079 14400 720 3078 14401 2636 1443 14402 1883 1442 14403 2712 581 14404 708 3272 14405 2712 581 14406 700 580 14407 699 2243 14408 715 3079 14409 2636 1443 14410 1883 1442 14411 683 1878 14412 698 3247 14413 699 2243 14414 698 3247 14415 708 3272 14416 699 2243 14417 708 3272 14418 715 3079 14419 1883 1442 14420 2712 581 14421 699 2243 14422 708 3272 14423 700 580 14424 2154 1315 14425 699 2243 14426 3346 2027 14427 1032 2026 14428 1012 328 14429 1032 2026 14430 1033 329 14431 1012 328 14432 1012 328 14433 1011 1110 14434 3346 2027 14435 516 795 14436 496 793 14437 515 792 14438 515 792 14439 514 784 14440 535 783 14441 535 783 14442 534 764 14443 557 733 14444 557 733 14445 575 2322 14446 576 523 14447 576 523 14448 577 325 14449 558 327 14450 558 327 14451 578 326 14452 559 735 14453 559 735 14454 536 673 14455 515 792 14456 536 673 14457 516 795 14458 515 792 14459 515 792 14460 535 783 14461 558 327 14462 535 783 14463 557 733 14464 576 523 14465 558 327 14466 559 735 14467 515 792 14468 1489 2211 14469 3211 2102 14470 3213 1243 14471 1067 2929 14472 1066 1465 14473 1088 3084 14474 1066 1465 14475 1086 1464 14476 1087 3085 14477 1087 3085 14478 1107 3083 14479 1088 3084 14480 1066 1465 14481 1087 3085 14482 1088 3084 14483 1089 1960 14484 1069 1962 14485 1068 2931 14486 1068 2931 14487 1067 2929 14488 1982 2971 14489 1088 3084 14490 1932 2077 14491 3180 2076 14492 1067 2929 14493 1088 3084 14494 1982 2971 14495 1108 761 14496 1090 763 14497 1089 1960 14498 1089 1960 14499 1068 2931 14500 1139 2284 14501 1088 3084 14502 3180 2076 14503 1982 2971 14504 3180 2076 14505 1138 2700 14506 1982 2971 14507 1108 761 14508 1089 1960 14509 1156 2686 14510 1068 2931 14511 1982 2971 14512 1139 2284 14513 2207 2047 14514 1089 1960 14515 1139 2284 14516 1124 2913 14517 1109 2912 14518 1108 761 14519 1140 2247 14520 1125 2914 14521 1124 2913 14522 1175 2032 14523 1141 2915 14524 1870 2274 14525 1141 2915 14526 1140 2247 14527 1174 2054 14528 1870 2274 14529 1141 2915 14530 1174 2054 14531 1870 2274 14532 1980 1206 14533 1175 2032 14534 3158 2698 14535 1174 2054 14536 1140 2247 14537 1168 2677 14538 1771 2055 14539 1547 2154 14540 1771 2055 14541 3158 2698 14542 1140 2247 14543 1547 2154 14544 1869 194 14545 1168 2677 14546 1156 2686 14547 3168 2153 14548 1108 761 14549 3168 2153 14550 1547 2154 14551 1108 761 14552 1912 2280 14553 1155 1964 14554 1956 2282 14555 1912 2280 14556 1956 2282 14557 2207 2047 14558 1956 2282 14559 1156 2686 14560 1089 1960 14561 2207 2047 14562 1956 2282 14563 1089 1960 14564 2207 2047 14565 1154 2046 14566 1912 2280 14567 1124 2913 14568 1108 761 14569 1547 2154 14570 1140 2247 14571 1124 2913 14572 1547 2154 14573 2585 1388 14574 2584 1385 14575 2124 1387 14576 2364 2252 14577 2317 554 14578 196 556 14579 521 1002 14580 484 2254 14581 501 2253 14582 484 2254 14583 464 487 14584 483 2255 14585 502 1620 14586 2240 3231 14587 3304 2195 14588 2240 3231 14589 522 1784 14590 3304 2195 14591 522 1784 14592 3306 2197 14593 3304 2195 14594 3304 2195 14595 2276 2194 14596 486 831 14597 486 831 14598 1867 2655 14599 1740 2535 14600 1740 2535 14601 1739 817 14602 2471 1246 14603 1740 2535 14604 2471 1246 14605 486 831 14606 2471 1246 14607 502 1620 14608 486 831 14609 1788 2013 14610 2968 3059 14611 2969 1187 14612 2867 1770 14613 1961 3328 14614 2866 2256 14615 2234 2259 14616 260 92 14617 2478 2260 14618 2352 660 14619 2510 1294 14620 2511 1299 14621 3273 691 14622 293 1254 14623 1664 2130 14624 1664 2130 14625 335 941 14626 3273 691 14627 1011 1110 14628 2312 1111 14629 2270 1995 14630 2812 451 14631 2811 453 14632 1431 1710 14633 2811 453 14634 473 808 14635 2301 839 14636 2699 1539 14637 1447 3038 14638 2338 1536 14639 1408 1077 14640 1409 1660 14641 1396 429 14642 2322 2427 14643 1464 908 14644 2878 1790 14645 1464 908 14646 354 907 14647 2878 1790 14648 354 907 14649 1527 1792 14650 2878 1790 14651 1930 935 14652 3339 2737 14653 760 569 14654 1712 2683 14655 1713 2095 14656 2071 3329 14657 1713 2095 14658 1841 437 14659 2071 3329 14660 1841 437 14661 1099 439 14662 2071 3329 14663 1116 3330 14664 1077 2425 14665 1098 2494 14666 1077 2425 14667 3322 306 14668 1703 2547 14669 1077 2425 14670 1703 2547 14671 1098 2494 14672 1712 2683 14673 2071 3329 14674 1116 3330 14675 1625 2199 14676 2249 2684 14677 1712 2683 14678 3128 2567 14679 3223 2200 14680 1163 3331 14681 3223 2200 14682 1625 2199 14683 1163 3331 14684 2016 192 14685 1917 577 14686 2877 189 14687 1917 577 14688 3128 2567 14689 1171 3332 14690 2877 189 14691 1917 577 14692 1177 3333 14693 2877 189 14694 2065 1787 14695 2016 192 14696 1177 3333 14697 1186 187 14698 2877 189 14699 1171 3332 14700 1176 3334 14701 1177 3333 14702 1163 3331 14703 1170 3335 14704 1171 3332 14705 1148 3336 14706 1162 3337 14707 1163 3331 14708 1131 1860 14709 1147 3338 14710 2235 1025 14711 1147 3338 14712 1148 3336 14713 1116 3330 14714 2235 1025 14715 1147 3338 14716 1115 3026 14717 2870 254 14718 2198 239 14719 2199 2643 14720 2199 2643 14721 1131 1860 14722 2870 254 14723 1163 3331 14724 1171 3332 14725 3128 2567 14726 1171 3332 14727 1177 3333 14728 1917 577 14729 1625 2199 14730 1712 2683 14731 1116 3330 14732 1703 2547 14733 1665 2184 14734 1098 2494 14735 1625 2199 14736 1116 3330 14737 1163 3331 14738 1163 3331 14739 1116 3330 14740 1148 3336 14741 1904 1771 14742 2870 254 14743 1131 1860 14744 2976 657 14745 1427 1010 14746 1428 658 14747 1427 1010 14748 1904 1771 14749 1428 658 14750 1116 3330 14751 1098 2494 14752 1115 3026 14753 1116 3330 14754 1115 3026 14755 1147 3338 14756 1428 658 14757 1904 1771 14758 2235 1025 14759 427 835 14760 428 1821 14761 3009 2642 14762 3009 2642 14763 398 2020 14764 2056 2019 14765 3009 2642 14766 2056 2019 14767 427 835 14768 2056 2019 14769 2057 2021 14770 427 835 14771 2094 2017 14772 375 956 14773 3250 1693 14774 2057 2021 14775 2094 2017 14776 1814 1166 14777 2094 2017 14778 3250 1693 14779 1814 1166 14780 3250 1693 14781 357 1165 14782 1814 1166 14783 1814 1166 14784 2400 1167 14785 341 2429 14786 2400 1167 14787 2258 1873 14788 341 2429 14789 341 2429 14790 449 2872 14791 2057 2021 14792 449 2872 14793 470 527 14794 2147 480 14795 2057 2021 14796 449 2872 14797 427 835 14798 470 527 14799 2723 478 14800 2147 480 14801 2147 480 14802 2726 479 14803 471 806 14804 2147 480 14805 471 806 14806 1434 1658 14807 2057 2021 14808 1814 1166 14809 341 2429 14810 2147 480 14811 1434 1658 14812 449 2872 14813 2327 1651 14814 450 820 14815 2259 836 14816 1434 1658 14817 2327 1651 14818 449 2872 14819 427 835 14820 449 2872 14821 2327 1651 14822 1392 2293 14823 1370 3339 14824 1340 2291 14825 1340 2291 14826 1369 3092 14827 1379 2292 14828 1369 3092 14829 1378 2307 14830 1379 2292 14831 1379 2292 14832 1391 3340 14833 1392 2293 14834 2749 162 14835 2748 164 14836 1785 2294 14837 604 704 14838 581 2038 14839 1774 701 14840 2349 2295 14841 2735 1583 14842 2734 2296 14843 1097 274 14844 1637 1275 14845 1074 2083 14846 1637 1275 14847 1075 1277 14848 1074 2083 14849 1074 2083 14850 1073 2303 14851 1097 274 14852 2929 1844 14853 2928 610 14854 1497 612 14855 1390 275 14856 1404 2870 14857 1378 2307 14858 1517 2304 14859 1072 2301 14860 1710 288 14861 2007 1074 14862 225 1129 14863 1469 318 14864 2242 2311 14865 2243 2723 14866 3268 2157 14867 1679 1510 14868 1556 42 14869 3229 2313 14870 1256 3341 14871 1250 3342 14872 1249 3343 14873 1249 3344 14874 1248 3345 14875 1245 3346 14876 1245 3347 14877 1255 3348 14878 1249 3349 14879 1255 3350 14880 1284 3351 14881 1316 3352 14882 1249 3353 14883 1255 3354 14884 1316 3355 14885 1284 3356 14886 1294 3357 14887 20 3358 14888 20 3359 14889 21 3360 14890 1398 3361 14891 21 3362 14892 1399 3363 14893 1398 3364 14894 1398 3365 14895 1385 3366 14896 1363 3367 14897 1284 3368 14898 20 3369 14899 1316 3370 14900 1256 3371 14901 1249 3372 14902 1316 3373 14903 1258 3374 14904 1257 3375 14905 1256 3376 14906 1264 3377 14907 1259 3378 14908 1258 3379 14909 1275 3380 14910 1265 3381 14911 1264 3382 14912 1296 3383 14913 1276 3384 14914 1275 3385 14915 1295 3386 14916 1296 3387 14917 1275 3388 14918 1275 3389 14919 1264 3390 14920 1295 3391 14921 1264 3392 14922 1258 3393 14923 1316 3394 14924 1258 3395 14925 1256 3396 14926 1316 3397 14927 20 3398 14928 1398 3399 14929 1363 3400 14930 1363 3401 14931 1364 3402 14932 1348 3403 14933 1348 3404 14934 1349 3405 14935 1316 3406 14936 1316 3407 14937 1295 3408 14938 1264 3409 14939 20 3410 14940 1363 3411 14941 1348 3412 14942 3079 2302 14943 1631 1645 14944 3078 1955 14945 1074 2083 14946 1885 1925 14947 3189 202 14948 1515 2321 14949 1711 1956 14950 1073 2303 14951 1074 2083 14952 3189 202 14953 1073 2303 14954 575 2322 14955 557 733 14956 574 732 14957 574 732 14958 599 699 14959 575 2322 14960 3280 2172 14961 3281 2174 14962 1766 2052 14963 2683 1755 14964 2023 1692 14965 880 1691 14966 2384 2201 14967 1593 1145 14968 1592 1144 14969 277 3053 14970 250 3051 14971 276 3050 14972 276 3050 14973 249 3024 14974 275 2436 14975 302 2326 14976 301 2437 14977 300 2985 14978 301 2437 14979 2041 3023 14980 300 2985 14981 276 3050 14982 275 2436 14983 302 2326 14984 278 2325 14985 251 3052 14986 277 3053 14987 277 3053 14988 276 3050 14989 302 2326 14990 2041 3023 14991 1890 2209 14992 300 2985 14993 1890 2209 14994 3287 111 14995 2009 3413 14996 3287 111 14997 1805 110 14998 2009 3413 14999 1805 110 15000 299 587 15001 2009 3413 15002 2009 3413 15003 300 2985 15004 1890 2209 15005 279 2324 15006 252 2984 15007 278 2325 15008 278 2325 15009 277 3053 15010 302 2326 15011 300 2985 15012 279 2324 15013 302 2326 15014 561 3248 15015 2975 1926 15016 3004 3414 15017 2975 1926 15018 580 3415 15019 3004 3414 15020 3004 3414 15021 625 1079 15022 562 646 15023 1937 2327 15024 2973 2650 15025 1938 1927 15026 561 3248 15027 3004 3414 15028 562 646 15029 561 3248 15030 562 646 15031 539 1001 15032 539 1001 15033 521 1002 15034 2243 2723 15035 521 1002 15036 501 2253 15037 2243 2723 15038 501 2253 15039 483 2255 15040 1594 1147 15041 483 2255 15042 421 486 15043 1635 3242 15044 1635 3242 15045 421 486 15046 420 1567 15047 421 486 15048 392 999 15049 420 1567 15050 420 1567 15051 419 2552 15052 443 2551 15053 443 2551 15054 2494 1863 15055 1635 3242 15056 2494 1863 15057 463 3243 15058 1635 3242 15059 420 1567 15060 443 2551 15061 1635 3242 15062 561 3248 15063 539 1001 15064 2243 2723 15065 1594 1147 15066 483 2255 15067 1635 3242 15068 1594 1147 15069 2385 1146 15070 501 2253 15071 2385 1146 15072 1460 2159 15073 501 2253 15074 1460 2159 15075 3265 2158 15076 501 2253 15077 1938 1927 15078 561 3248 15079 2243 2723 15080 2025 2593 15081 624 1585 15082 1937 2327 15083 1937 2327 15084 1938 1927 15085 2242 2311 15086 501 2253 15087 3265 2158 15088 2243 2723 15089 1938 1927 15090 2243 2723 15091 2242 2311 15092 2242 2311 15093 2381 44 15094 1937 2327 15095 2381 44 15096 1591 46 15097 1937 2327 15098 1435 1049 15099 2348 2297 15100 2440 2502 15101 2348 2297 15102 2025 2593 15103 2440 2502 15104 2025 2593 15105 1937 2327 15106 669 2328 15107 2440 2502 15108 2025 2593 15109 669 2328 15110 2223 446 15111 2441 2503 15112 2440 2502 15113 1591 46 15114 1592 1144 15115 1702 742 15116 2223 446 15117 2440 2502 15118 669 2328 15119 1591 46 15120 1702 742 15121 2492 2862 15122 1702 742 15123 2493 741 15124 2492 2862 15125 2492 2862 15126 669 2328 15127 1591 46 15128 669 2328 15129 664 2865 15130 2223 446 15131 664 2865 15132 686 161 15133 1529 1837 15134 686 161 15135 687 2866 15136 1529 1837 15137 687 2866 15138 692 160 15139 2730 598 15140 2730 598 15141 2919 1838 15142 687 2866 15143 2919 1838 15144 1529 1837 15145 687 2866 15146 1529 1837 15147 1530 1836 15148 664 2865 15149 1530 1836 15150 659 3416 15151 664 2865 15152 659 3416 15153 1973 3417 15154 652 447 15155 659 3416 15156 652 447 15157 2223 446 15158 659 3416 15159 2223 446 15160 664 2865 15161 2939 133 15162 1443 1850 15163 1444 2329 15164 556 734 15165 597 697 15166 598 698 15167 2657 1471 15168 709 602 15169 2636 1443 15170 2795 2203 15171 889 1754 15172 1898 2334 15173 889 1754 15174 3340 1521 15175 1898 2334 15176 1898 2334 15177 2645 1520 15178 2644 2335 15179 1484 2336 15180 2574 2544 15181 1485 1488 15182 2531 1329 15183 2093 1368 15184 2529 1330 15185 2093 1368 15186 2560 2012 15187 2529 1330 15188 1650 3418 15189 2221 3419 15190 2605 1405 15191 2603 1407 15192 2604 1406 15193 2185 3119 15194 1650 3418 15195 2605 1405 15196 2654 2337 15197 2605 1405 15198 2603 1407 15199 2654 2337 15200 2185 3119 15201 2058 1688 15202 2059 2532 15203 2059 2532 15204 2529 1330 15205 2603 1407 15206 2529 1330 15207 2560 2012 15208 2603 1407 15209 2603 1407 15210 2185 3119 15211 2059 2532 15212 296 354 15213 318 2339 15214 319 355 15215 318 2339 15216 394 3420 15217 353 2338 15218 319 355 15219 318 2339 15220 337 1604 15221 394 3420 15222 372 3116 15223 353 2338 15224 2310 2341 15225 2940 280 15226 1028 279 15227 1798 1897 15228 3012 1899 15229 1799 1086 15230 2234 2259 15231 2504 961 15232 2505 0 15233 1208 2265 15234 2099 154 15235 3335 156 15236 2959 1061 15237 2960 1866 15238 2311 118 15239 1967 199 15240 2071 3329 15241 1099 439 15242 1664 2130 15243 1810 2131 15244 1676 1934 15245 2146 1391 15246 1999 1308 15247 447 1349 15248 2144 1142 15249 2622 1390 15250 2623 1389 15251 2405 1170 15252 2407 1171 15253 1753 1196 15254 1205 2347 15255 3222 2263 15256 3221 2348 15257 1645 1120 15258 1646 175 15259 2692 2349 15260 266 745 15261 3144 744 15262 1815 2470 15263 1815 2470 15264 3230 2121 15265 266 745 15266 1044 2940 15267 1022 2818 15268 1043 2817 15269 1043 2817 15270 1021 2816 15271 1042 2815 15272 1042 2815 15273 3127 2689 15274 1064 2298 15275 1064 2298 15276 3054 2300 15277 1065 2681 15278 3054 2300 15279 2129 1461 15280 1065 2681 15281 2129 1461 15282 3089 1460 15283 3090 1966 15284 2129 1461 15285 3090 1966 15286 1065 2681 15287 1042 2815 15288 1064 2298 15289 1043 2817 15290 1064 2298 15291 1065 2681 15292 1043 2817 15293 3091 2680 15294 1084 1965 15295 1044 2940 15296 1084 1965 15297 3029 3421 15298 1085 2938 15299 1044 2940 15300 1084 1965 15301 1085 2938 15302 1065 2681 15303 3091 2680 15304 1044 2940 15305 1043 2817 15306 1065 2681 15307 1044 2940 15308 3029 3421 15309 3028 2664 15310 1479 2666 15311 1085 2938 15312 1023 2937 15313 1044 2940 15314 3029 3421 15315 1479 2666 15316 1085 2938 15317 1651 244 15318 2095 243 15319 1085 2938 15320 3027 2665 15321 1442 2670 15322 3003 3422 15323 1651 244 15324 1085 2938 15325 1479 2666 15326 3027 2665 15327 3003 3422 15328 2991 2352 15329 1651 244 15330 1479 2666 15331 2991 2352 15332 1479 2666 15333 3027 2665 15334 2991 2352 15335 2991 2352 15336 1688 2495 15337 2992 2287 15338 2828 308 15339 2120 1730 15340 2119 1729 15341 2120 1730 15342 2273 1829 15343 2274 2306 15344 2119 1729 15345 2120 1730 15346 2274 2306 15347 2273 1829 15348 2941 2462 15349 2274 2306 15350 2941 2462 15351 2942 1852 15352 2274 2306 15353 2917 1831 15354 2119 1729 15355 2274 2306 15356 1416 410 15357 1458 1695 15358 1026 1832 15359 2917 1831 15360 2274 2306 15361 1007 1851 15362 1416 410 15363 1026 1832 15364 2917 1831 15365 1517 2304 15366 1049 791 15367 1839 411 15368 1839 411 15369 1416 410 15370 1796 3047 15371 1416 410 15372 2917 1831 15373 1796 3047 15374 1839 411 15375 1796 3047 15376 1092 3423 15377 2917 1831 15378 1007 1851 15379 1008 120 15380 3045 177 15381 1009 178 15382 995 3043 15383 1009 178 15384 3082 1043 15385 995 3043 15386 3082 1043 15387 1010 1045 15388 995 3043 15389 1010 1045 15390 2272 1992 15391 995 3043 15392 995 3043 15393 1796 3047 15394 3045 177 15395 2018 3046 15396 2185 3119 15397 2605 1405 15398 2185 3119 15399 2604 1406 15400 2605 1405 15401 1796 3047 15402 2018 3046 15403 2605 1405 15404 1796 3047 15405 2605 1405 15406 2221 3419 15407 1008 120 15408 3045 177 15409 1796 3047 15410 1008 120 15411 1796 3047 15412 2917 1831 15413 1796 3047 15414 2221 3419 15415 865 2353 15416 1092 3423 15417 1796 3047 15418 1110 234 15419 1072 2301 15420 1517 2304 15421 1839 411 15422 1071 1082 15423 1072 2301 15424 1839 411 15425 1071 1082 15426 1839 411 15427 1092 3423 15428 2905 1475 15429 1093 562 15430 1465 3086 15431 1093 562 15432 3025 2663 15433 1465 3086 15434 3025 2663 15435 1071 1082 15436 1092 3423 15437 2282 2641 15438 1698 1476 15439 2281 3087 15440 1465 3086 15441 3025 2663 15442 1092 3423 15443 2281 3087 15444 1465 3086 15445 1111 3424 15446 2855 1751 15447 2283 644 15448 2856 1752 15449 2283 644 15450 2282 2641 15451 2856 1752 15452 1828 2289 15453 2160 1753 15454 2856 1752 15455 2856 1752 15456 2282 2641 15457 2816 2290 15458 2282 2641 15459 2281 3087 15460 2816 2290 15461 2816 2290 15462 1828 2289 15463 2856 1752 15464 1111 3424 15465 1128 1565 15466 2816 2290 15467 1144 236 15468 1158 3425 15469 1092 3423 15470 1092 3423 15471 1111 3424 15472 1465 3086 15473 1111 3424 15474 2816 2290 15475 2281 3087 15476 1110 234 15477 1144 236 15478 1092 3423 15479 1110 234 15480 1796 3047 15481 986 3055 15482 986 3055 15483 1796 3047 15484 895 3426 15485 1126 3427 15486 1127 235 15487 1110 234 15488 1006 3054 15489 1143 2600 15490 1126 3427 15491 2252 3017 15492 985 1134 15493 2702 3197 15494 985 1134 15495 986 3055 15496 2702 3197 15497 986 3055 15498 1006 3054 15499 1110 234 15500 1006 3054 15501 1126 3427 15502 1110 234 15503 1723 1957 15504 1722 945 15505 1756 3117 15506 1722 945 15507 2252 3017 15508 1756 3117 15509 2702 3197 15510 986 3055 15511 904 2645 15512 986 3055 15513 895 3426 15514 904 2645 15515 2221 3419 15516 1650 3418 15517 1620 3428 15518 1757 1630 15519 1723 1957 15520 1756 3117 15521 895 3426 15522 1796 3047 15523 885 3429 15524 1650 3418 15525 2654 2337 15526 1620 3428 15527 885 3429 15528 1796 3047 15529 2658 2354 15530 2654 2337 15531 2560 2012 15532 762 3430 15533 2560 2012 15534 2113 3265 15535 801 3431 15536 2113 3265 15537 2561 1367 15538 2112 1363 15539 2111 1365 15540 896 1689 15541 905 1109 15542 896 1689 15543 2205 3048 15544 905 1109 15545 2111 1365 15546 905 1109 15547 2112 1363 15548 905 1109 15549 2263 1880 15550 2112 1363 15551 2484 377 15552 2866 2256 15553 820 3432 15554 2866 2256 15555 1961 3328 15556 820 3432 15557 2112 1363 15558 2263 1880 15559 2113 3265 15560 2263 1880 15561 2484 377 15562 2113 3265 15563 1961 3328 15564 2867 1770 15565 1960 2626 15566 2113 3265 15567 2484 377 15568 801 3431 15569 801 3431 15570 2484 377 15571 808 3433 15572 1960 2626 15573 928 2625 15574 934 2539 15575 1960 2626 15576 934 2539 15577 1575 855 15578 1961 3328 15579 1960 2626 15580 1575 855 15581 1961 3328 15582 1575 855 15583 1873 857 15584 1961 3328 15585 1873 857 15586 19 3434 15587 2484 377 15588 820 3432 15589 808 3433 15590 949 1384 15591 3061 1948 15592 1603 1947 15593 1873 857 15594 949 1384 15595 19 3434 15596 1603 1947 15597 3062 1946 15598 1602 1944 15599 3062 1946 15600 3064 1945 15601 1602 1944 15602 1602 1944 15603 956 1427 15604 1544 873 15605 956 1427 15606 969 874 15607 1544 873 15608 1603 1947 15609 1602 1944 15610 1544 873 15611 949 1384 15612 1603 1947 15613 2922 1843 15614 1603 1947 15615 1544 873 15616 2922 1843 15617 949 1384 15618 2922 1843 15619 975 2463 15620 2922 1843 15621 2343 1842 15622 975 2463 15623 2343 1842 15624 2342 1839 15625 974 2464 15626 2342 1839 15627 2200 2162 15628 974 2464 15629 2055 2087 15630 3193 2465 15631 974 2464 15632 2200 2162 15633 2055 2087 15634 974 2464 15635 2343 1842 15636 974 2464 15637 975 2463 15638 998 3435 15639 1015 3436 15640 999 3437 15641 999 3437 15642 1036 3438 15643 1016 2730 15644 1189 2729 15645 1188 2926 15646 2825 1725 15647 1189 2729 15648 2825 1725 15649 1726 2614 15650 1726 2614 15651 2826 1724 15652 2827 1726 15653 2827 1726 15654 1821 188 15655 2718 2597 15656 1821 188 15657 1186 187 15658 2718 2597 15659 1186 187 15660 1177 3333 15661 1176 3334 15662 1176 3334 15663 1171 3332 15664 1170 3335 15665 1170 3335 15666 1163 3331 15667 1162 3337 15668 1162 3337 15669 1148 3336 15670 1161 3439 15671 1148 3336 15672 1147 3338 15673 1161 3439 15674 1147 3338 15675 1160 3440 15676 1161 3439 15677 1161 3439 15678 1199 3441 15679 1965 2262 15680 1199 3441 15681 3247 3442 15682 3282 2727 15683 3247 3442 15684 1732 129 15685 3246 128 15686 3246 128 15687 1766 2052 15688 3247 3442 15689 1766 2052 15690 3282 2727 15691 3247 3442 15692 3282 2727 15693 1204 2173 15694 1965 2262 15695 1965 2262 15696 1205 2347 15697 2395 630 15698 1205 2347 15699 1206 631 15700 2395 630 15701 3282 2727 15702 1965 2262 15703 1199 3441 15704 1965 2262 15705 2395 630 15706 1161 3439 15707 1207 321 15708 2063 320 15709 1208 2265 15710 2063 320 15711 2099 154 15712 1208 2265 15713 1208 2265 15714 2121 2264 15715 1935 2403 15716 1935 2403 15717 1209 68 15718 1984 315 15719 1209 68 15720 2153 2266 15721 1984 315 15722 1984 315 15723 1211 31 15724 1161 3439 15725 1211 31 15726 1212 147 15727 1161 3439 15728 1207 321 15729 1208 2265 15730 1935 2403 15731 2395 630 15732 1207 321 15733 1935 2403 15734 1212 147 15735 1213 2006 15736 1161 3439 15737 2395 630 15738 1935 2403 15739 1161 3439 15740 1161 3439 15741 1935 2403 15742 1984 315 15743 1170 3335 15744 1162 3337 15745 1161 3439 15746 1176 3334 15747 1170 3335 15748 2309 1271 15749 1170 3335 15750 1161 3439 15751 1213 2006 15752 2309 1271 15753 1170 3335 15754 1213 2006 15755 2266 2430 15756 2443 2005 15757 2239 146 15758 1213 2006 15759 2266 2430 15760 2309 1271 15761 1186 187 15762 1176 3334 15763 2309 1271 15764 1726 2614 15765 2827 1726 15766 2718 2597 15767 2239 146 15768 2425 2801 15769 2209 29 15770 2411 2490 15771 2412 2489 15772 2168 182 15773 2412 2489 15774 2413 834 15775 1210 183 15776 2239 146 15777 2209 29 15778 2411 2490 15779 2412 2489 15780 1210 183 15781 2168 182 15782 2411 2490 15783 2168 182 15784 2378 158 15785 2378 158 15786 2307 3443 15787 2411 2490 15788 2307 3443 15789 2308 2516 15790 2266 2430 15791 2411 2490 15792 2307 3443 15793 2239 146 15794 2309 1271 15795 1535 1969 15796 1186 187 15797 1535 1969 15798 2718 2597 15799 1186 187 15800 2239 146 15801 2307 3443 15802 2266 2430 15803 975 2463 15804 998 3435 15805 999 3437 15806 975 2463 15807 999 3437 15808 1016 2730 15809 2702 3197 15810 1756 3117 15811 2252 3017 15812 895 3426 15813 1523 3444 15814 904 2645 15815 885 3429 15816 884 2570 15817 895 3426 15818 864 3445 15819 863 3446 15820 885 3429 15821 851 3447 15822 850 3448 15823 864 3445 15824 2632 1437 15825 843 2105 15826 851 3447 15827 852 3449 15828 2585 1388 15829 2123 2248 15830 2123 2248 15831 2632 1437 15832 851 3447 15833 851 3447 15834 864 3445 15835 852 3449 15836 864 3445 15837 885 3429 15838 852 3449 15839 1796 3047 15840 865 2353 15841 2658 2354 15842 2221 3419 15843 2591 1397 15844 865 2353 15845 2123 2248 15846 851 3447 15847 852 3449 15848 2591 1397 15849 2221 3419 15850 1620 3428 15851 853 1424 15852 2617 1423 15853 852 3449 15854 2660 1472 15855 1500 3450 15856 2658 2354 15857 2658 2354 15858 853 1424 15859 852 3449 15860 2266 2430 15861 2308 2516 15862 2309 1271 15863 2718 2597 15864 1214 1968 15865 1574 2867 15866 1214 1968 15867 1550 197 15868 1574 2867 15869 2718 2597 15870 1574 2867 15871 1726 2614 15872 1222 196 15873 1484 2336 15874 1273 3451 15875 1484 2336 15876 1231 3452 15877 1238 403 15878 1242 2799 15879 1484 2336 15880 1238 403 15881 1189 2729 15882 1726 2614 15883 1574 2867 15884 1189 2729 15885 1574 2867 15886 1274 3453 15887 1574 2867 15888 1222 196 15889 1274 3453 15890 1230 3454 15891 1226 3455 15892 1225 3003 15893 1229 2766 15894 1232 2770 15895 1230 3454 15896 1232 2770 15897 1233 2780 15898 1230 3454 15899 1230 3454 15900 1225 3003 15901 1229 2766 15902 1233 2780 15903 1234 2779 15904 1238 403 15905 1238 403 15906 1240 3 15907 1241 2795 15908 1242 2799 15909 1246 5 15910 1247 2798 15911 1238 403 15912 1241 2795 15913 1242 2799 15914 1230 3454 15915 1233 2780 15916 1231 3452 15917 1233 2780 15918 1238 403 15919 1231 3452 15920 1484 2336 15921 1242 2799 15922 1273 3451 15923 1247 2798 15924 1263 4 15925 1272 2797 15926 1242 2799 15927 1247 2798 15928 1273 3451 15929 1271 2796 15930 1262 2792 15931 1280 2969 15932 1262 2792 15933 1279 812 15934 1280 2969 15935 1280 2969 15936 1289 811 15937 1290 2955 15938 1272 2797 15939 1271 2796 15940 1328 3456 15941 1271 2796 15942 1280 2969 15943 1306 2956 15944 1306 2956 15945 1280 2969 15946 1290 2955 15947 1290 2955 15948 1301 608 15949 1302 2954 15950 1271 2796 15951 1306 2956 15952 1341 3457 15953 1290 2955 15954 1302 2954 15955 1306 2956 15956 1302 2954 15957 1305 607 15958 1306 2956 15959 1306 2956 15960 1327 609 15961 1357 3093 15962 1327 609 15963 1356 1296 15964 1357 3093 15965 1357 3093 15966 1369 3092 15967 1340 2291 15968 1328 3456 15969 1271 2796 15970 1341 3457 15971 1306 2956 15972 1357 3093 15973 1340 2291 15974 1340 2291 15975 1370 3339 15976 1358 3458 15977 1306 2956 15978 1340 2291 15979 1341 3457 15980 1247 2798 15981 1272 2797 15982 1281 3459 15983 1340 2291 15984 1358 3458 15985 1341 3457 15986 1341 3457 15987 1342 2448 15988 1328 3456 15989 1328 3456 15990 1281 3459 15991 1272 2797 15992 1281 3459 15993 1273 3451 15994 1247 2798 15995 1274 3453 15996 1282 3460 15997 1283 3461 15998 1283 3461 15999 1291 3462 16000 1292 3463 16001 1292 3463 16002 1303 2529 16003 1304 3464 16004 1304 3464 16005 1309 2528 16006 18 2246 16007 18 2246 16008 19 3434 16009 1016 2730 16010 19 3434 16011 826 3465 16012 820 3432 16013 1016 2730 16014 19 3434 16015 975 2463 16016 1292 3463 16017 1304 3464 16018 18 2246 16019 1292 3463 16020 18 2246 16021 1016 2730 16022 975 2463 16023 19 3434 16024 949 1384 16025 801 3431 16026 795 3466 16027 791 3467 16028 1283 3461 16029 1292 3463 16030 1189 2729 16031 801 3431 16032 791 3467 16033 762 3430 16034 762 3430 16035 744 3468 16036 733 3469 16037 762 3430 16038 733 3469 16039 2193 2661 16040 733 3469 16041 727 3470 16042 2193 2661 16043 1222 196 16044 1273 3451 16045 1274 3453 16046 801 3431 16047 762 3430 16048 2560 2012 16049 710 3471 16050 668 3472 16051 680 3473 16052 762 3430 16053 2193 2661 16054 1621 3474 16055 727 3470 16056 710 3471 16057 771 3475 16058 2193 2661 16059 727 3470 16060 771 3475 16061 1189 2729 16062 1274 3453 16063 1283 3461 16064 1016 2730 16065 1189 2729 16066 1292 3463 16067 680 3473 16068 674 3476 16069 679 3477 16070 679 3477 16071 673 2581 16072 685 3478 16073 685 3478 16074 678 2580 16075 743 3479 16076 743 3479 16077 742 3480 16078 771 3475 16079 771 3475 16080 770 3481 16081 790 3482 16082 790 3482 16083 789 3483 16084 835 2981 16085 789 3483 16086 881 2978 16087 861 2980 16088 835 2981 16089 789 3483 16090 841 2976 16091 881 2978 16092 882 2977 16093 871 2979 16094 871 2979 16095 872 2975 16096 861 2980 16097 861 2980 16098 862 2973 16099 841 2976 16100 841 2976 16101 842 900 16102 835 2981 16103 836 2634 16104 1886 2104 16105 2629 3484 16106 861 2980 16107 841 2976 16108 789 3483 16109 836 2634 16110 2629 3484 16111 790 3482 16112 2629 3484 16113 2193 2661 16114 771 3475 16115 871 2979 16116 861 2980 16117 881 2978 16118 771 3475 16119 790 3482 16120 2629 3484 16121 679 3477 16122 685 3478 16123 680 3473 16124 685 3478 16125 743 3479 16126 680 3473 16127 743 3479 16128 771 3475 16129 710 3471 16130 790 3482 16131 835 2981 16132 836 2634 16133 710 3471 16134 680 3473 16135 743 3479 16136 762 3430 16137 1621 3474 16138 2654 2337 16139 19 3434 16140 820 3432 16141 1961 3328 16142 1621 3474 16143 1620 3428 16144 2654 2337 16145 2591 1397 16146 2590 1396 16147 865 2353 16148 2590 1396 16149 1439 1474 16150 865 2353 16151 865 2353 16152 2659 1473 16153 2660 1472 16154 2658 2354 16155 852 3449 16156 885 3429 16157 1497 612 16158 2926 2546 16159 3005 2355 16160 3005 2355 16161 3007 1895 16162 3006 1894 16163 3006 1894 16164 3008 1896 16165 1497 612 16166 840 2342 16167 2912 2343 16168 1590 2657 16169 2912 2343 16170 2178 2636 16171 1590 2657 16172 2178 2636 16173 2913 186 16174 2321 185 16175 2321 185 16176 859 2340 16177 2269 717 16178 2269 717 16179 860 1601 16180 2943 3485 16181 788 3486 16182 2228 3249 16183 2087 1482 16184 2228 3249 16185 2863 1766 16186 2227 2624 16187 2228 3249 16188 2227 2624 16189 2087 1482 16190 2269 717 16191 2943 3485 16192 2321 185 16193 2943 3485 16194 788 3486 16195 2893 1803 16196 2850 1745 16197 2943 3485 16198 2893 1803 16199 2178 2636 16200 2321 185 16201 2943 3485 16202 1997 2345 16203 840 2342 16204 3000 62 16205 1590 2657 16206 3000 62 16207 840 2342 16208 1862 1959 16209 1736 64 16210 2998 63 16211 1721 2068 16212 1862 1959 16213 2943 3485 16214 1862 1959 16215 2998 63 16216 2943 3485 16217 1590 2657 16218 2178 2636 16219 2943 3485 16220 2140 2139 16221 1721 2068 16222 2368 497 16223 2368 497 16224 1721 2068 16225 2943 3485 16226 2998 63 16227 1590 2657 16228 2943 3485 16229 2865 1765 16230 2864 1764 16231 1474 1991 16232 1474 1991 16233 2862 3250 16234 3020 466 16235 2862 3250 16236 2086 650 16237 3020 466 16238 3097 649 16239 2926 2546 16240 3238 2127 16241 2926 2546 16242 2190 1914 16243 2049 579 16244 2086 650 16245 3097 649 16246 2073 1977 16247 3020 466 16248 2086 650 16249 3021 1911 16250 2926 2546 16251 2049 579 16252 1421 1557 16253 1421 1557 16254 2713 1556 16255 2714 1555 16256 2926 2546 16257 1421 1557 16258 1789 2572 16259 2448 1228 16260 2280 448 16261 2368 497 16262 1421 1557 16263 2714 1555 16264 2712 581 16265 2712 581 16266 709 602 16267 1421 1557 16268 709 602 16269 1923 601 16270 1421 1557 16271 1789 2572 16272 2657 1471 16273 716 3016 16274 2657 1471 16275 1553 2333 16276 716 3016 16277 1421 1557 16278 1923 601 16279 1789 2572 16280 2448 1228 16281 2368 497 16282 2943 3485 16283 2522 1322 16284 1780 503 16285 2448 1228 16286 2641 1452 16287 1914 511 16288 2072 522 16289 1914 511 16290 2522 1322 16291 2072 522 16292 2522 1322 16293 2448 1228 16294 2943 3485 16295 2926 2546 16296 1789 2572 16297 1643 938 16298 1789 2572 16299 716 3016 16300 2556 940 16301 1643 938 16302 3308 2205 16303 1429 2204 16304 2556 940 16305 2555 939 16306 1789 2572 16307 2555 939 16308 1643 938 16309 1789 2572 16310 2072 522 16311 2522 1322 16312 2850 1745 16313 2850 1745 16314 2522 1322 16315 2943 3485 16316 2850 1745 16317 2851 1743 16318 2220 1742 16319 2220 1742 16320 2072 522 16321 2850 1745 16322 1429 2204 16323 3309 1090 16324 724 1089 16325 2926 2546 16326 1643 938 16327 3238 2127 16328 1429 2204 16329 724 1089 16330 3240 1932 16331 724 1089 16332 1563 1933 16333 3240 1932 16334 2893 1803 16335 2894 1800 16336 2331 1802 16337 2893 1803 16338 2331 1802 16339 2850 1745 16340 2428 1194 16341 1531 1804 16342 2427 1195 16343 1531 1804 16344 2893 1803 16345 2427 1195 16346 2427 1195 16347 2893 1803 16348 788 3486 16349 1816 541 16350 2501 540 16351 2500 1287 16352 2500 1287 16353 2427 1195 16354 788 3486 16355 1816 541 16356 2500 1287 16357 1928 2364 16358 2500 1287 16359 788 3486 16360 1928 2364 16361 1928 2364 16362 1927 1997 16363 1816 541 16364 1928 2364 16365 788 3486 16366 2087 1482 16367 2087 1482 16368 2227 2624 16369 787 1451 16370 2227 2624 16371 2865 1765 16372 2746 2595 16373 2087 1482 16374 787 1451 16375 2663 1483 16376 787 1451 16377 2227 2624 16378 2746 2595 16379 3240 1932 16380 3239 2128 16381 1429 2204 16382 3239 2128 16383 3238 2127 16384 1429 2204 16385 1921 2363 16386 2663 1483 16387 1758 1450 16388 1758 1450 16389 799 1999 16390 1921 2363 16391 1438 2970 16392 2746 2595 16393 2865 1765 16394 1438 2970 16395 2865 1765 16396 1474 1991 16397 787 1451 16398 1758 1450 16399 2663 1483 16400 761 468 16401 1438 2970 16402 1474 1991 16403 3022 1912 16404 3021 1911 16405 2086 650 16406 3020 466 16407 761 468 16408 1474 1991 16409 1643 938 16410 1429 2204 16411 3238 2127 16412 2085 467 16413 3022 1912 16414 2086 650 16415 2073 1977 16416 752 865 16417 2085 467 16418 3098 1979 16419 3100 1978 16420 2073 1977 16421 1747 769 16422 741 2061 16423 2222 2358 16424 2332 2362 16425 1747 769 16426 2222 2358 16427 3097 649 16428 3238 2127 16429 2222 2358 16430 3238 2127 16431 2332 2362 16432 2222 2358 16433 2073 1977 16434 3097 649 16435 3098 1979 16436 2073 1977 16437 2085 467 16438 2086 650 16439 1458 1695 16440 2830 1727 16441 2831 2305 16442 1721 2068 16443 2140 2139 16444 1996 2138 16445 1996 2138 16446 1995 2053 16447 1721 2068 16448 1580 2360 16449 641 1985 16450 2244 1814 16451 2642 521 16452 1874 1417 16453 810 1419 16454 2294 1350 16455 2295 799 16456 2260 1 16457 2662 1481 16458 2663 1483 16459 1921 2363 16460 1921 2363 16461 2565 1998 16462 1928 2364 16463 1928 2364 16464 2087 1482 16465 2662 1481 16466 2010 2371 16467 2677 2576 16468 89 2369 16469 89 2369 16470 83 3142 16471 88 2370 16472 1361 992 16473 1362 11 16474 1346 28 16475 2760 216 16476 2759 218 16477 1759 778 16478 2933 2374 16479 2284 645 16480 1112 2375 16481 1879 883 16482 3159 1986 16483 1974 2378 16484 3226 2117 16485 1508 2118 16486 2171 1072 16487 197 373 16488 2397 555 16489 2396 2379 16490 1113 256 16491 1905 255 16492 1427 1010 16493 619 694 16494 636 655 16495 637 514 16496 2136 703 16497 3214 1190 16498 563 2515 16499 603 3487 16500 626 2991 16501 2954 705 16502 626 2991 16503 639 1058 16504 640 1057 16505 2136 703 16506 563 2515 16507 603 3487 16508 1733 1774 16509 2954 705 16510 626 2991 16511 2954 705 16512 604 704 16513 603 3487 16514 604 704 16515 2136 703 16516 603 3487 16517 626 2991 16518 640 1057 16519 1733 1774 16520 640 1057 16521 1580 2360 16522 2871 1775 16523 200 3216 16524 1779 3215 16525 212 3218 16526 212 3218 16527 1966 3217 16528 221 3488 16529 1966 3217 16530 241 2445 16531 221 3488 16532 221 3488 16533 222 2582 16534 212 3218 16535 222 2582 16536 162 1673 16537 212 3218 16538 184 3144 16539 199 3214 16540 185 3143 16541 199 3214 16542 200 3216 16543 185 3143 16544 200 3216 16545 212 3218 16546 162 1673 16547 162 1673 16548 2031 3489 16549 200 3216 16550 2031 3489 16551 148 1735 16552 2745 1594 16553 2745 1594 16554 2744 1593 16555 132 2459 16556 2031 3489 16557 2745 1594 16558 132 2459 16559 131 1669 16560 1954 1097 16561 185 3143 16562 2814 1714 16563 2786 1668 16564 131 1669 16565 1860 2390 16566 2813 1716 16567 2039 1592 16568 2813 1716 16569 2815 1715 16570 132 2459 16571 2039 1592 16572 2813 1716 16573 132 2459 16574 2815 1715 16575 2814 1714 16576 131 1669 16577 131 1669 16578 185 3143 16579 132 2459 16580 185 3143 16581 200 3216 16582 2031 3489 16583 132 2459 16584 185 3143 16585 2031 3489 16586 2815 1715 16587 131 1669 16588 132 2459 16589 1906 635 16590 2842 1736 16591 2806 2389 16592 2842 1736 16593 1860 2390 16594 2806 2389 16595 2923 1841 16596 2925 872 16597 2342 1839 16598 1821 188 16599 2827 1726 16600 1187 1788 16601 2827 1726 16602 2825 1725 16603 1850 2393 16604 2825 1725 16605 1188 2926 16606 1851 2392 16607 1850 2393 16608 1187 1788 16609 2827 1726 16610 2179 1581 16611 688 2592 16612 2836 2395 16613 1915 1949 16614 2793 1684 16615 2794 1683 16616 2305 1394 16617 3011 1898 16618 828 3071 16619 3011 1898 16620 1798 1897 16621 828 3071 16622 1798 1897 16623 1942 261 16624 828 3071 16625 1942 261 16626 1554 2924 16627 1704 2922 16628 1554 2924 16629 1834 2923 16630 1704 2922 16631 1704 2922 16632 1751 574 16633 794 546 16634 1751 574 16635 786 2925 16636 794 546 16637 786 2925 16638 785 547 16639 794 546 16640 828 3071 16641 827 3070 16642 854 3075 16643 794 546 16644 828 3071 16645 1704 2922 16646 1942 261 16647 1704 2922 16648 828 3071 16649 828 3071 16650 854 3075 16651 855 3074 16652 855 3074 16653 873 1355 16654 866 3076 16655 866 3076 16656 936 418 16657 929 417 16658 866 3076 16659 929 417 16660 856 2903 16661 828 3071 16662 855 3074 16663 2719 1392 16664 855 3074 16665 866 3076 16666 856 2903 16667 1945 3082 16668 2719 1392 16669 856 2903 16670 2719 1392 16671 2305 1394 16672 828 3071 16673 856 2903 16674 2719 1392 16675 855 3074 16676 857 2902 16677 874 2904 16678 2578 179 16679 874 2904 16680 2414 2399 16681 1768 2545 16682 2578 179 16683 874 2904 16684 1768 2545 16685 856 2903 16686 857 2902 16687 1945 3082 16688 2578 179 16689 1895 181 16690 857 2902 16691 1895 181 16692 1945 3082 16693 857 2902 16694 1483 737 16695 1768 2545 16696 2414 2399 16697 3203 2401 16698 1764 738 16699 2414 2399 16700 1764 738 16701 1483 737 16702 2414 2399 16703 2300 2841 16704 3035 766 16705 1509 1448 16706 2300 2841 16707 1509 1448 16708 2162 2400 16709 1509 1448 16710 3203 2401 16711 2162 2400 16712 425 1595 16713 395 1718 16714 373 2408 16715 395 1718 16716 1598 1667 16717 2783 1666 16718 373 2408 16719 395 1718 16720 2322 2427 16721 2783 1666 16722 2322 2427 16723 395 1718 16724 2322 2427 16725 2878 1790 16726 373 2408 16727 2878 1790 16728 1526 1789 16729 373 2408 16730 1526 1789 16731 2970 1681 16732 353 2338 16733 353 2338 16734 372 3116 16735 373 2408 16736 1994 584 16737 1995 2053 16738 819 1209 16739 1717 1941 16740 292 2043 16741 1522 2025 16742 2871 1775 16743 2244 1814 16744 1772 1813 16745 455 840 16746 432 842 16747 454 2412 16748 454 2412 16749 476 814 16750 477 456 16751 477 456 16752 478 455 16753 455 840 16754 644 2413 16755 625 1079 16756 2349 2295 16757 625 1079 16758 3004 3414 16759 580 3415 16760 580 3415 16761 2975 1926 16762 2974 1928 16763 625 1079 16764 580 3415 16765 624 1585 16766 2736 1584 16767 625 1079 16768 624 1585 16769 648 913 16770 645 912 16771 644 2413 16772 681 3270 16773 675 3269 16774 2918 3271 16775 675 3269 16776 648 913 16777 1973 3417 16778 2918 3271 16779 675 3269 16780 1973 3417 16781 2326 2618 16782 2833 2617 16783 2918 3271 16784 625 1079 16785 2736 1584 16786 2349 2295 16787 580 3415 16788 2974 1928 16789 2973 2650 16790 648 913 16791 644 2413 16792 1436 1050 16793 1973 3417 16794 648 913 16795 652 447 16796 2325 2498 16797 2326 2618 16798 2919 1838 16799 2326 2618 16800 2918 3271 16801 2919 1838 16802 2731 1582 16803 2179 1581 16804 2730 598 16805 2179 1581 16806 2834 2615 16807 2730 598 16808 2834 2615 16809 2325 2498 16810 2919 1838 16811 2918 3271 16812 1973 3417 16813 1530 1836 16814 580 3415 16815 2973 2650 16816 624 1585 16817 2973 2650 16818 1937 2327 16819 624 1585 16820 2730 598 16821 1951 597 16822 2731 1582 16823 1530 1836 16824 2919 1838 16825 2918 3271 16826 2919 1838 16827 2730 598 16828 2834 2615 16829 1973 3417 16830 659 3416 16831 1530 1836 16832 1436 1050 16833 2442 445 16834 652 447 16835 1436 1050 16836 652 447 16837 648 913 16838 2348 2297 16839 1435 1049 16840 1436 1050 16841 2349 2295 16842 2348 2297 16843 1436 1050 16844 924 2415 16845 2017 1186 16846 2423 1183 16847 666 2377 16848 2152 871 16849 658 3156 16850 2152 871 16851 2506 870 16852 658 3156 16853 1502 1291 16854 2598 1119 16855 650 172 16856 2598 1119 16857 1645 1120 16858 650 172 16859 2506 870 16860 1502 1291 16861 658 3156 16862 657 2420 16863 660 3155 16864 658 3156 16865 1645 1120 16866 1597 1046 16867 650 172 16868 1755 1048 16869 2762 1906 16870 640 1057 16871 2762 1906 16872 1580 2360 16873 640 1057 16874 1597 1046 16875 1755 1048 16876 650 172 16877 657 2420 16878 658 3156 16879 1502 1291 16880 640 1057 16881 650 172 16882 1755 1048 16883 1116 3330 16884 2071 3329 16885 1077 2425 16886 2071 3329 16887 1967 199 16888 1077 2425 16889 1967 199 16890 1741 27 16891 1077 2425 16892 1060 3490 16893 1036 3438 16894 1035 2426 16895 1036 3438 16896 999 3437 16897 1015 3436 16898 1036 3438 16899 1015 3436 16900 1035 2426 16901 1080 1853 16902 1059 3241 16903 1058 3240 16904 1059 3241 16905 1035 2426 16906 1034 331 16907 1058 3240 16908 1059 3241 16909 1034 331 16910 998 3435 16911 987 1602 16912 1014 332 16913 1035 2426 16914 1015 3436 16915 1014 332 16916 1015 3436 16917 998 3435 16918 1014 332 16919 1034 331 16920 1033 329 16921 1058 3240 16922 2799 1697 16923 1412 1513 16924 2798 1514 16925 2798 1514 16926 1458 1695 16927 2799 1697 16928 2783 1666 16929 1599 1665 16930 2323 1664 16931 2500 1287 16932 2502 539 16933 800 89 16934 800 89 16935 2429 1193 16936 2500 1287 16937 2955 1398 16938 2217 481 16939 2958 60 16940 2958 60 16941 371 1797 16942 2246 1796 16943 1934 2431 16944 3221 2348 16945 3222 2263 16946 429 2419 16947 452 224 16948 453 2438 16949 1744 2220 16950 2081 124 16951 2080 2219 16952 2081 124 16953 1551 139 16954 2079 307 16955 2080 2219 16956 2081 124 16957 2079 307 16958 1551 139 16959 1054 305 16960 2079 307 16961 2117 2441 16962 3272 692 16963 268 2442 16964 3272 692 16965 1838 2963 16966 317 3244 16967 1838 2963 16968 1709 1868 16969 317 3244 16970 317 3244 16971 269 3491 16972 3272 692 16973 269 3491 16974 268 2442 16975 3272 692 16976 268 2442 16977 244 3492 16978 2452 2440 16979 244 3492 16980 2518 2585 16981 2452 2440 16982 1307 3493 16983 1308 3494 16984 1282 3460 16985 1308 3494 16986 1303 2529 16987 1291 3462 16988 1282 3460 16989 1308 3494 16990 1291 3462 16991 1303 2529 16992 1292 3463 16993 1291 3462 16994 1291 3462 16995 1283 3461 16996 1282 3460 16997 1282 3460 16998 1274 3453 16999 1273 3451 17000 1281 3459 17001 1328 3456 17002 1329 2447 17003 1328 3456 17004 1342 2448 17005 1329 2447 17006 1282 3460 17007 1273 3451 17008 1281 3459 17009 1329 2447 17010 1330 2457 17011 1307 3493 17012 1282 3460 17013 1281 3459 17014 1307 3493 17015 1307 3493 17016 1281 3459 17017 1329 2447 17018 1342 2448 17019 1341 3457 17020 1358 3458 17021 1358 3458 17022 1370 3339 17023 1393 2446 17024 1370 3339 17025 1392 2293 17026 27 3099 17027 1393 2446 17028 1370 3339 17029 27 3099 17030 1391 3340 17031 1379 2292 17032 1378 2307 17033 1342 2448 17034 1358 3458 17035 1393 2446 17036 1391 3340 17037 1378 2307 17038 1404 2870 17039 1392 2293 17040 1391 3340 17041 26 3495 17042 1391 3340 17043 1404 2870 17044 26 3495 17045 1404 2870 17046 25 2871 17047 26 3495 17048 26 3495 17049 27 3099 17050 1392 2293 17051 27 3099 17052 1405 3098 17053 1393 2446 17054 729 537 17055 723 2365 17056 728 1258 17057 509 758 17058 510 760 17059 492 788 17060 2005 2589 17061 2004 1060 17062 1807 1014 17063 509 758 17064 492 788 17065 2005 2589 17066 530 2099 17067 531 2101 17068 509 758 17069 553 2805 17070 554 2806 17071 2371 2804 17072 554 2806 17073 530 2099 17074 2371 2804 17075 1673 148 17076 2371 2804 17077 530 2099 17078 2463 2406 17079 2464 1015 17080 1673 148 17081 2005 2589 17082 1807 1014 17083 509 758 17084 1807 1014 17085 2463 2406 17086 530 2099 17087 530 2099 17088 509 758 17089 1807 1014 17090 2270 1995 17091 3133 2024 17092 2271 1994 17093 3133 2024 17094 2315 348 17095 2271 1994 17096 2175 2451 17097 837 2566 17098 2722 1642 17099 218 1033 17100 217 2385 17101 237 2443 17102 217 2385 17103 235 2384 17104 236 3232 17105 217 2385 17106 236 3232 17107 237 2443 17108 209 1543 17109 208 1034 17110 2908 2635 17111 208 1034 17112 218 1033 17113 2773 1238 17114 2908 2635 17115 208 1034 17116 2773 1238 17117 2773 1238 17118 2910 1237 17119 2908 2635 17120 236 3232 17121 2148 91 17122 237 2443 17123 2148 91 17124 261 2 17125 262 800 17126 237 2443 17127 2646 1463 17128 238 1641 17129 2646 1463 17130 2648 1462 17131 238 1641 17132 2148 91 17133 262 800 17134 237 2443 17135 238 1641 17136 2773 1238 17137 218 1033 17138 2022 231 17139 844 473 17140 2639 1447 17141 2037 1011 17142 2225 1004 17143 2224 2453 17144 1711 1956 17145 1515 2321 17146 1516 2085 17147 1515 2321 17148 3190 201 17149 1516 2085 17150 1496 271 17151 2933 2374 17152 1094 2376 17153 1094 2376 17154 1112 2375 17155 1113 256 17156 1312 2456 17157 1308 3494 17158 1307 3493 17159 1330 2457 17160 1329 2447 17161 1343 2458 17162 1312 2456 17163 1307 3493 17164 1330 2457 17165 1343 2458 17166 1313 2527 17167 1312 2456 17168 1373 94 17169 1374 824 17170 1360 2372 17171 932 2331 17172 1734 2901 17173 2758 1616 17174 2940 280 17175 2310 2341 17176 2941 2462 17177 3193 2465 17178 2055 2087 17179 3194 364 17180 3194 364 17181 1987 363 17182 3193 2465 17183 1987 363 17184 1849 3044 17185 987 1602 17186 3193 2465 17187 1987 363 17188 987 1602 17189 1849 3044 17190 1724 209 17191 987 1602 17192 1724 209 17193 3187 208 17194 987 1602 17195 3187 208 17196 1417 1506 17197 987 1602 17198 987 1602 17199 998 3435 17200 3193 2465 17201 998 3435 17202 975 2463 17203 3193 2465 17204 3242 2467 17205 99 2964 17206 1541 2114 17207 3243 2719 17208 3242 2467 17209 1540 2466 17210 99 2964 17211 3224 2115 17212 1541 2114 17213 1541 2114 17214 3225 2116 17215 1540 2466 17216 1540 2466 17217 113 1071 17218 3243 2719 17219 113 1071 17220 114 1070 17221 3243 2719 17222 114 1070 17223 1576 2718 17224 3243 2719 17225 1535 1969 17226 2309 1271 17227 2488 1270 17228 2488 1270 17229 2353 661 17230 2512 1300 17231 2512 1300 17232 1453 1023 17233 1454 2468 17234 1453 1023 17235 2544 1342 17236 1454 2468 17237 1454 2468 17238 1486 1343 17239 2573 1225 17240 1521 2267 17241 1535 1969 17242 2573 1225 17243 1535 1969 17244 2488 1270 17245 1454 2468 17246 2602 35 17247 2600 1967 17248 1520 2543 17249 2600 1967 17250 1521 2267 17251 1520 2543 17252 2573 1225 17253 2577 1226 17254 1521 2267 17255 2577 1226 17256 1520 2543 17257 1521 2267 17258 2488 1270 17259 2512 1300 17260 1454 2468 17261 2158 2239 17262 2455 505 17263 2456 2469 17264 1815 2470 17265 292 2043 17266 2316 2122 17267 2674 2471 17268 2675 1491 17269 2268 1490 17270 1827 352 17271 1565 613 17272 1564 615 17273 1564 615 17274 1424 967 17275 1827 352 17276 1424 967 17277 349 966 17278 1827 352 17279 2008 690 17280 2399 2486 17281 293 1254 17282 2399 2486 17283 1513 2485 17284 293 1254 17285 1513 2485 17286 2116 297 17287 2367 1252 17288 757 106 17289 767 105 17290 775 552 17291 775 552 17292 783 1615 17293 2653 1344 17294 2653 1344 17295 1845 1346 17296 775 552 17297 1098 2494 17298 1665 2184 17299 3255 2147 17300 1665 2184 17301 1666 671 17302 3255 2147 17303 2994 242 17304 2993 2288 17305 1688 2495 17306 2836 2395 17307 2326 2618 17308 2325 2498 17309 957 393 17310 946 408 17311 950 407 17312 149 3136 17313 2842 1736 17314 2006 1734 17315 2842 1736 17316 2844 636 17317 2006 1734 17318 2142 3266 17319 2791 1687 17320 149 3136 17321 2764 3118 17322 2141 2140 17323 2142 3266 17324 2031 3489 17325 162 1673 17326 148 1735 17327 162 1673 17328 2107 1672 17329 148 1735 17330 2107 1672 17331 2765 1671 17332 2764 3118 17333 2764 3118 17334 2142 3266 17335 2107 1672 17336 2142 3266 17337 149 3136 17338 2107 1672 17339 149 3136 17340 2006 1734 17341 2107 1672 17342 381 885 17343 407 2422 17344 382 2506 17345 407 2422 17346 408 862 17347 382 2506 17348 408 862 17349 409 861 17350 382 2506 17351 409 861 17352 410 864 17353 383 889 17354 1791 2604 17355 2691 174 17356 2689 1528 17357 2689 1528 17358 2690 176 17359 1778 3022 17360 2690 176 17361 1646 175 17362 1778 3022 17363 2599 1404 17364 653 1292 17365 1778 3022 17366 653 1292 17367 2528 2531 17368 2527 2508 17369 1646 175 17370 2599 1404 17371 1778 3022 17372 2788 1677 17373 2790 1679 17374 1791 2604 17375 653 1292 17376 2527 2508 17377 1778 3022 17378 2788 1677 17379 1791 2604 17380 2787 3021 17381 1791 2604 17382 2689 1528 17383 2787 3021 17384 2787 3021 17385 1628 1858 17386 2788 1677 17387 1878 2509 17388 1778 3022 17389 2527 2508 17390 1778 3022 17391 2787 3021 17392 2689 1528 17393 2045 626 17394 3256 2152 17395 2189 628 17396 3256 2152 17397 1878 2509 17398 2189 628 17399 2462 1705 17400 2189 628 17401 2461 3157 17402 2527 2508 17403 2334 1706 17404 2189 628 17405 2334 1706 17406 2461 3157 17407 2189 628 17408 626 2991 17409 603 3487 17410 602 647 17411 603 3487 17412 563 2515 17413 602 647 17414 1662 1900 17415 821 1901 17416 3014 1085 17417 2250 2518 17418 448 3496 17419 1889 1347 17420 448 3496 17421 426 2346 17422 447 1349 17423 1889 1347 17424 448 3496 17425 2545 1348 17426 447 1349 17427 2545 1348 17428 448 3496 17429 1889 1347 17430 1888 1251 17431 2250 2518 17432 1888 1251 17433 2483 1197 17434 2250 2518 17435 2483 1197 17436 1753 1196 17437 489 786 17438 2483 1197 17439 489 786 17440 2250 2518 17441 1777 787 17442 507 1083 17443 490 2517 17444 507 1083 17445 3311 2212 17446 490 2517 17447 2250 2518 17448 489 786 17449 1777 787 17450 3311 2212 17451 1775 1244 17452 490 2517 17453 392 999 17454 421 486 17455 422 488 17456 422 488 17457 464 487 17458 2696 48 17459 464 487 17460 484 2254 17461 2507 1293 17462 2507 1293 17463 484 2254 17464 485 815 17465 484 2254 17466 540 648 17467 1595 1619 17468 540 648 17469 563 2515 17470 541 995 17471 484 2254 17472 1595 1619 17473 485 815 17474 541 995 17475 3274 1786 17476 540 648 17477 3274 1786 17478 2398 1785 17479 540 648 17480 2398 1785 17481 1595 1619 17482 540 648 17483 1595 1619 17484 2470 816 17485 485 815 17486 2507 1293 17487 1833 49 17488 464 487 17489 1833 49 17490 2696 48 17491 464 487 17492 2696 48 17493 2070 84 17494 422 488 17495 2070 84 17496 2807 1741 17497 422 488 17498 2807 1741 17499 2216 1400 17500 422 488 17501 2245 1399 17502 2246 1796 17503 370 1000 17504 2246 1796 17505 2324 165 17506 370 1000 17507 2216 1400 17508 2245 1399 17509 392 999 17510 422 488 17511 2216 1400 17512 392 999 17513 2324 165 17514 2965 167 17515 370 1000 17516 2965 167 17517 1528 210 17518 370 1000 17519 1528 210 17520 3050 212 17521 334 2519 17522 3050 212 17523 1676 1934 17524 334 2519 17525 1810 2131 17526 3241 2129 17527 1964 1253 17528 1964 1253 17529 2366 571 17530 267 3067 17531 2366 571 17532 2115 296 17533 267 3067 17534 2115 296 17535 2451 2505 17536 267 3067 17537 2451 2505 17538 2254 1128 17539 267 3067 17540 2254 1128 17541 224 1130 17542 267 3067 17543 267 3067 17544 333 353 17545 1964 1253 17546 333 353 17547 350 1921 17548 334 2519 17549 333 353 17550 334 2519 17551 1810 2131 17552 1810 2131 17553 1964 1253 17554 333 353 17555 1676 1934 17556 1810 2131 17557 334 2519 17558 370 1000 17559 392 999 17560 2245 1399 17561 506 2520 17562 548 3497 17563 549 2521 17564 3204 578 17565 1100 1854 17566 1842 290 17567 1100 1854 17568 1079 2523 17569 1842 290 17570 245 2439 17571 272 959 17572 246 2524 17573 272 959 17574 273 1783 17575 246 2524 17576 2444 1280 17577 1783 1279 17578 2288 926 17579 1783 1279 17580 2552 398 17581 2553 400 17582 1308 3494 17583 1312 2456 17584 1313 2527 17585 1313 2527 17586 1314 822 17587 1309 2528 17588 1314 822 17589 1315 821 17590 1309 2528 17591 1315 821 17592 18 2246 17593 1309 2528 17594 1309 2528 17595 1304 3464 17596 1303 2529 17597 1303 2529 17598 1308 3494 17599 1313 2527 17600 1577 515 17601 3154 311 17602 3155 2271 17603 989 337 17604 983 350 17605 988 2533 17606 983 350 17607 978 368 17608 977 370 17609 767 105 17610 756 104 17611 766 2536 17612 756 104 17613 755 1618 17614 766 2536 17615 2849 1738 17616 2848 1740 17617 1575 855 17618 2762 1906 17619 1461 1905 17620 641 1985 17621 2927 611 17622 2929 1844 17623 2190 1914 17624 2926 2546 17625 1497 612 17626 2927 611 17627 1703 2547 17628 3322 306 17629 1054 305 17630 703 594 17631 702 159 17632 713 2449 17633 713 2449 17634 723 2365 17635 714 595 17636 723 2365 17637 2109 1709 17638 714 595 17639 1018 2218 17640 1002 338 17641 1017 339 17642 2335 1181 17643 188 1647 17644 3303 78 17645 2094 2017 17646 2056 2019 17647 1715 1924 17648 2621 2565 17649 1787 1305 17650 697 1306 17651 697 1306 17652 705 1220 17653 706 2164 17654 706 2164 17655 1797 2591 17656 693 779 17657 693 779 17658 2621 2565 17659 697 1306 17660 2638 2452 17661 2639 1447 17662 837 2566 17663 1561 1600 17664 2269 717 17665 1560 716 17666 850 3448 17667 851 3447 17668 843 2105 17669 843 2105 17670 2496 2525 17671 2011 2513 17672 2011 2513 17673 2480 1250 17674 850 3448 17675 2480 1250 17676 1970 896 17677 849 2507 17678 849 2507 17679 2469 1012 17680 863 3446 17681 2469 1012 17682 2038 2454 17683 863 3446 17684 2480 1250 17685 849 2507 17686 850 3448 17687 850 3448 17688 843 2105 17689 2011 2513 17690 863 3446 17691 864 3445 17692 849 2507 17693 864 3445 17694 850 3448 17695 849 2507 17696 884 2570 17697 885 3429 17698 2224 2453 17699 885 3429 17700 863 3446 17701 2224 2453 17702 1523 3444 17703 895 3426 17704 3140 2067 17705 895 3426 17706 884 2570 17707 883 38 17708 3140 2067 17709 895 3426 17710 883 38 17711 3002 2660 17712 904 2645 17713 894 2658 17714 904 2645 17715 1523 3444 17716 894 2658 17717 1503 2035 17718 1491 2659 17719 894 2658 17720 2224 2453 17721 2358 1003 17722 1835 2717 17723 2224 2453 17724 1835 2717 17725 3235 2569 17726 863 3446 17727 2038 2454 17728 2224 2453 17729 1503 2035 17730 894 2658 17731 3139 2033 17732 894 2658 17733 1523 3444 17734 3139 2033 17735 3140 2067 17736 3139 2033 17737 1523 3444 17738 3235 2569 17739 883 38 17740 884 2570 17741 398 2020 17742 3009 2642 17743 1610 838 17744 1130 237 17745 2198 239 17746 1112 2375 17747 2198 239 17748 2870 254 17749 1112 2375 17750 1975 1694 17751 2089 1164 17752 357 1165 17753 2942 1852 17754 2941 2462 17755 2311 118 17756 2941 2462 17757 2310 2341 17758 2311 118 17759 890 3175 17760 903 3181 17761 891 3180 17762 891 3180 17763 892 2910 17764 881 2978 17765 892 2910 17766 893 395 17767 881 2978 17768 607 1748 17769 890 3175 17770 789 3483 17771 890 3175 17772 891 3180 17773 881 2978 17774 680 3473 17775 668 3472 17776 674 3476 17777 668 3472 17778 607 1748 17779 674 3476 17780 673 2581 17781 679 3477 17782 674 3476 17783 890 3175 17784 881 2978 17785 789 3483 17786 789 3483 17787 790 3482 17788 770 3481 17789 673 2581 17790 674 3476 17791 607 1748 17792 678 2580 17793 685 3478 17794 673 2581 17795 742 3480 17796 743 3479 17797 678 2580 17798 770 3481 17799 771 3475 17800 742 3480 17801 607 1748 17802 789 3483 17803 678 2580 17804 789 3483 17805 770 3481 17806 742 3480 17807 678 2580 17808 789 3483 17809 742 3480 17810 242 2444 17811 223 3069 17812 222 2582 17813 223 3069 17814 201 2583 17815 222 2582 17816 201 2583 17817 202 1286 17818 1525 2911 17819 1781 1530 17820 2693 2394 17821 162 1673 17822 201 2583 17823 1525 2911 17824 1781 1530 17825 221 3488 17826 241 2445 17827 222 2582 17828 241 2445 17829 242 2444 17830 222 2582 17831 1781 1530 17832 162 1673 17833 201 2583 17834 1607 2584 17835 1606 316 17836 1469 318 17837 1791 2604 17838 647 1047 17839 2691 174 17840 647 1047 17841 2692 2349 17842 2691 174 17843 3290 672 17844 1665 2184 17845 1703 2547 17846 1610 838 17847 429 2419 17848 3038 2594 17849 2039 1592 17850 2745 1594 17851 2806 2389 17852 2745 1594 17853 148 1735 17854 2806 2389 17855 1461 1905 17856 647 1047 17857 2790 1679 17858 1078 291 17859 1079 2523 17860 1057 282 17861 1159 2028 17862 2029 491 17863 1129 1564 17864 2029 491 17865 2160 1753 17866 1129 1564 17867 2160 1753 17868 1828 2289 17869 1129 1564 17870 1129 1564 17871 1145 1566 17872 1159 2028 17873 1128 1565 17874 1111 3424 17875 1092 3423 17876 1145 1566 17877 1128 1565 17878 1158 3425 17879 1128 1565 17880 1092 3423 17881 1158 3425 17882 1159 2028 17883 1145 1566 17884 1158 3425 17885 1144 236 17886 1127 235 17887 1143 2600 17888 1127 235 17889 1126 3427 17890 1143 2600 17891 1158 3425 17892 1144 236 17893 1143 2600 17894 1143 2600 17895 1006 3054 17896 1091 762 17897 1006 3054 17898 1070 1961 17899 1091 762 17900 1158 3425 17901 1143 2600 17902 1199 3441 17903 1070 1961 17904 1090 763 17905 1091 762 17906 1091 762 17907 1109 2912 17908 1185 2601 17909 1185 2601 17910 1184 458 17911 1840 2268 17912 1840 2268 17913 1196 516 17914 1185 2601 17915 1196 516 17916 1882 2270 17917 1185 2601 17918 1882 2270 17919 1197 310 17920 1185 2601 17921 1197 310 17922 1922 1682 17923 1185 2601 17924 1922 1682 17925 1198 1198 17926 1199 3441 17927 1198 1198 17928 1693 2706 17929 1199 3441 17930 1693 2706 17931 1692 2707 17932 1732 129 17933 1692 2707 17934 1731 127 17935 1732 129 17936 1732 129 17937 3247 3442 17938 1199 3441 17939 1693 2706 17940 1732 129 17941 1199 3441 17942 1199 3441 17943 1161 3439 17944 1160 3440 17945 1922 1682 17946 1199 3441 17947 1185 2601 17948 1199 3441 17949 1160 3440 17950 1159 2028 17951 1160 3440 17952 1147 3338 17953 1131 1860 17954 1159 2028 17955 1160 3440 17956 1146 1862 17957 1131 1860 17958 1146 1862 17959 1160 3440 17960 1185 2601 17961 1199 3441 17962 1143 2600 17963 1199 3441 17964 1159 2028 17965 1158 3425 17966 2210 1870 17967 2963 1869 17968 2289 22 17969 2214 985 17970 1476 984 17971 1475 2540 17972 1596 1114 17973 2210 1870 17974 2289 22 17975 2289 22 17976 2214 985 17977 1475 2540 17978 1475 2540 17979 2709 1229 17980 1596 1114 17981 2709 1229 17982 1936 248 17983 2100 250 17984 1596 1114 17985 2709 1229 17986 2100 250 17987 436 2421 17988 437 866 17989 411 868 17990 2255 1267 17991 2517 2637 17992 2254 1128 17993 117 2605 17994 2729 2740 17995 2166 1149 17996 2729 2740 17997 2167 2577 17998 2166 1149 17999 1878 2509 18000 3005 2355 18001 662 3196 18002 3005 2355 18003 2926 2546 18004 662 3196 18005 2926 2546 18006 3097 649 18007 753 651 18008 753 651 18009 2086 650 18010 2862 3250 18011 2862 3250 18012 2228 3249 18013 778 3186 18014 2228 3249 18015 788 3486 18016 778 3186 18017 788 3486 18018 2943 3485 18019 815 3187 18020 2943 3485 18021 860 1601 18022 815 3187 18023 860 1601 18024 2875 2800 18025 2173 21 18026 2173 21 18027 2795 2203 18028 847 3184 18029 2795 2203 18030 2644 2335 18031 847 3184 18032 2644 2335 18033 2673 2472 18034 847 3184 18035 2673 2472 18036 2286 299 18037 847 3184 18038 2286 299 18039 2606 298 18040 847 3184 18041 2606 298 18042 1571 3498 18043 847 3184 18044 1571 3498 18045 1570 1214 18046 1609 1216 18047 1609 1216 18048 1608 1359 18049 2592 3182 18050 2592 3182 18051 848 3185 18052 1609 1216 18053 848 3185 18054 847 3184 18055 1571 3498 18056 1609 1216 18057 848 3185 18058 1571 3498 18059 847 3184 18060 816 3183 18061 815 3187 18062 778 3186 18063 779 3176 18064 725 3188 18065 725 3188 18066 726 1750 18067 662 3196 18068 662 3196 18069 663 1749 18070 655 3177 18071 662 3196 18072 655 3177 18073 654 3195 18074 725 3188 18075 662 3196 18076 2926 2546 18077 662 3196 18078 654 3195 18079 1878 2509 18080 725 3188 18081 753 651 18082 778 3186 18083 628 3194 18084 629 3173 18085 294 3193 18086 753 651 18087 725 3188 18088 2926 2546 18089 654 3195 18090 628 3194 18091 651 3020 18092 294 3193 18093 295 3162 18094 165 3192 18095 628 3194 18096 294 3193 18097 566 2608 18098 815 3187 18099 778 3186 18100 788 3486 18101 2862 3250 18102 778 3186 18103 753 651 18104 1878 2509 18105 654 3195 18106 651 3020 18107 165 3192 18108 166 3165 18109 152 3191 18110 294 3193 18111 165 3192 18112 336 1453 18113 847 3184 18114 815 3187 18115 860 1601 18116 165 3192 18117 152 3191 18118 151 3255 18119 151 3255 18120 136 3254 18121 150 3228 18122 136 3254 18123 135 3229 18124 150 3228 18125 150 3228 18126 164 3135 18127 1558 2692 18128 164 3135 18129 1916 1686 18130 1558 2692 18131 165 3192 18132 151 3255 18133 150 3228 18134 860 1601 18135 2173 21 18136 847 3184 18137 165 3192 18138 150 3228 18139 244 3492 18140 186 2691 18141 1707 3327 18142 2838 2619 18143 150 3228 18144 1558 2692 18145 186 2691 18146 628 3194 18147 566 2608 18148 606 557 18149 150 3228 18150 186 2691 18151 1607 2584 18152 186 2691 18153 2838 2619 18154 1607 2584 18155 1607 2584 18156 2518 2585 18157 244 3492 18158 566 2608 18159 294 3193 18160 467 832 18161 294 3193 18162 336 1453 18163 467 832 18164 651 3020 18165 1778 3022 18166 1878 2509 18167 606 557 18168 651 3020 18169 628 3194 18170 565 3019 18171 582 558 18172 566 2608 18173 467 832 18174 542 3018 18175 543 2607 18176 543 2607 18177 565 3019 18178 566 2608 18179 150 3228 18180 1607 2584 18181 244 3492 18182 244 3492 18183 268 2442 18184 269 3491 18185 269 3491 18186 317 3244 18187 336 1453 18188 317 3244 18189 352 1454 18190 336 1453 18191 336 1453 18192 466 833 18193 467 832 18194 244 3492 18195 269 3491 18196 165 3192 18197 336 1453 18198 165 3192 18199 269 3491 18200 2539 1339 18201 2540 1341 18202 1437 2609 18203 1983 1989 18204 3236 3032 18205 3237 1066 18206 2753 1609 18207 1663 1611 18208 837 2566 18209 2839 1733 18210 2841 1732 18211 1557 1039 18212 2841 1732 18213 203 1534 18214 1557 1039 18215 203 1534 18216 213 1075 18217 1557 1039 18218 1557 1039 18219 1606 316 18220 1607 2584 18221 1607 2584 18222 2838 2619 18223 1557 1039 18224 2852 1744 18225 2850 1745 18226 2331 1802 18227 2331 1802 18228 2895 1801 18229 2330 1135 18230 806 374 18231 807 520 18232 2220 1742 18233 807 520 18234 2072 522 18235 2220 1742 18236 2331 1802 18237 2330 1135 18238 2852 1744 18239 2330 1135 18240 806 374 18241 2852 1744 18242 2421 2627 18243 1581 2332 18244 1582 1185 18245 1581 2332 18246 2758 1616 18247 1892 217 18248 1582 1185 18249 1581 2332 18250 1892 217 18251 2422 1184 18252 2017 1186 18253 2421 2627 18254 2017 1186 18255 2162 2400 18256 919 381 18257 2421 2627 18258 2017 1186 18259 919 381 18260 1977 536 18261 2889 1798 18262 1978 1882 18263 1850 2393 18264 1851 2392 18265 2914 2275 18266 280 2537 18267 1437 2609 18268 339 2890 18269 1437 2609 18270 300 2985 18271 355 2892 18272 2009 3413 18273 299 587 18274 1846 2062 18275 299 587 18276 321 586 18277 1846 2062 18278 1437 2609 18279 355 2892 18280 339 2890 18281 300 2985 18282 2009 3413 18283 1846 2062 18284 1566 909 18285 300 2985 18286 1846 2062 18287 2572 1373 18288 1911 2538 18289 280 2537 18290 1952 2542 18291 2571 1374 18292 2572 1373 18293 142 2629 18294 2570 903 18295 2694 3499 18296 2570 903 18297 1952 2542 18298 2694 3499 18299 1694 3198 18300 127 3200 18301 2339 1540 18302 127 3200 18303 143 3199 18304 2345 2549 18305 2339 1540 18306 127 3200 18307 2290 2578 18308 1952 2542 18309 2572 1373 18310 253 3221 18311 2572 1373 18312 280 2537 18313 253 3221 18314 300 2985 18315 1566 909 18316 355 2892 18317 1846 2062 18318 3070 1950 18319 338 1773 18320 2694 3499 18321 1952 2542 18322 2695 3220 18323 1846 2062 18324 338 1773 18325 2248 1877 18326 1566 909 18327 1846 2062 18328 2248 1877 18329 1566 909 18330 1464 908 18331 2817 2610 18332 1464 908 18333 374 323 18334 2817 2610 18335 2817 2610 18336 2231 1552 18337 1792 1551 18338 2339 1540 18339 2338 1536 18340 1694 3198 18341 2290 2578 18342 2699 1539 18343 2697 1537 18344 2290 2578 18345 127 3200 18346 2345 2549 18347 2290 2578 18348 2697 1537 18349 2339 1540 18350 2345 2549 18351 2587 2548 18352 2346 1457 18353 2345 2549 18354 2346 1457 18355 2290 2578 18356 1566 909 18357 2817 2610 18358 396 2893 18359 355 2892 18360 1566 909 18361 396 2893 18362 1792 1551 18363 426 2346 18364 448 3496 18365 2817 2610 18366 1792 1551 18367 396 2893 18368 1446 1323 18369 2345 2549 18370 143 3199 18371 2091 1093 18372 2433 1092 18373 2344 1324 18374 2344 1324 18375 1446 1323 18376 143 3199 18377 1792 1551 18378 448 3496 18379 396 2893 18380 448 3496 18381 2250 2518 18382 490 2517 18383 490 2517 18384 1775 1244 18385 2318 2894 18386 396 2893 18387 397 2878 18388 355 2892 18389 490 2517 18390 2318 2894 18391 396 2893 18392 2344 1324 18393 143 3199 18394 2091 1093 18395 143 3199 18396 142 2629 18397 2386 1153 18398 2091 1093 18399 143 3199 18400 2386 1153 18401 1478 2481 18402 1507 1205 18403 2091 1093 18404 2091 1093 18405 2386 1153 18406 1478 2481 18407 448 3496 18408 490 2517 18409 396 2893 18410 355 2892 18411 356 2891 18412 339 2890 18413 2386 1153 18414 2388 1152 18415 1478 2481 18416 2360 3207 18417 1440 2479 18418 1539 1888 18419 1440 2479 18420 2386 1153 18421 1539 1888 18422 2472 1889 18423 1538 1525 18424 1539 1888 18425 1538 1525 18426 2361 3208 18427 2360 3207 18428 1539 1888 18429 1538 1525 18430 2360 3207 18431 1539 1888 18432 2386 1153 18433 142 2629 18434 339 2890 18435 340 2873 18436 322 2889 18437 322 2889 18438 323 2874 18439 303 2888 18440 304 2879 18441 2682 2880 18442 2708 2887 18443 339 2890 18444 322 2889 18445 280 2537 18446 322 2889 18447 303 2888 18448 228 3213 18449 253 3221 18450 322 2889 18451 228 3213 18452 304 2879 18453 2708 2887 18454 1749 1599 18455 2708 2887 18456 1748 163 18457 1749 1599 18458 1749 1599 18459 1795 1598 18460 281 1104 18461 281 1104 18462 255 3042 18463 230 3223 18464 255 3042 18465 231 3219 18466 230 3223 18467 231 3219 18468 216 3206 18469 230 3223 18470 230 3223 18471 229 3210 18472 254 3222 18473 254 3222 18474 215 3212 18475 228 3213 18476 254 3222 18477 228 3213 18478 304 2879 18479 254 3222 18480 304 2879 18481 281 1104 18482 230 3223 18483 254 3222 18484 281 1104 18485 304 2879 18486 1749 1599 18487 281 1104 18488 303 2888 18489 304 2879 18490 228 3213 18491 2695 3220 18492 1819 2611 18493 2694 3499 18494 1819 2611 18495 2821 3500 18496 2694 3499 18497 322 2889 18498 253 3221 18499 280 2537 18500 253 3221 18501 2695 3220 18502 1952 2542 18503 1505 1855 18504 1539 1888 18505 1612 2631 18506 1539 1888 18507 142 2629 18508 1612 2631 18509 1614 1020 18510 180 2510 18511 1612 2631 18512 180 2510 18513 1505 1855 18514 1612 2631 18515 1612 2631 18516 1616 2711 18517 1615 1019 18518 1615 1019 18519 1614 1020 18520 1612 2631 18521 142 2629 18522 2694 3499 18523 179 2630 18524 2597 2555 18525 1467 2557 18526 1468 2738 18527 1467 2557 18528 2496 2525 18529 1468 2738 18530 836 2634 18531 1466 2556 18532 2597 2555 18533 2597 2555 18534 1468 2738 18535 1886 2104 18536 1469 318 18537 225 1129 18538 2521 1027 18539 225 1129 18540 2517 2637 18541 2521 1027 18542 3072 1376 18543 3071 2069 18544 1604 362 18545 1103 2640 18546 1120 2909 18547 1104 3159 18548 1120 2909 18549 1136 3001 18550 1121 3002 18551 1121 3002 18552 1105 3158 18553 1104 3159 18554 1120 2909 18555 1121 3002 18556 1104 3159 18557 1038 2560 18558 1081 385 18559 1061 292 18560 1081 385 18561 1103 2640 18562 1061 292 18563 1039 294 18564 1018 2218 18565 1038 2560 18566 1062 2639 18567 1040 293 18568 1061 292 18569 1061 292 18570 1039 294 18571 1038 2560 18572 1104 3159 18573 1083 1711 18574 1082 2638 18575 1103 2640 18576 1104 3159 18577 1082 2638 18578 1061 292 18579 1103 2640 18580 1062 2639 18581 1063 1713 18582 1062 2639 18583 1082 2638 18584 3009 2642 18585 428 1821 18586 2302 1820 18587 1218 2649 18588 1225 3003 18589 1219 2647 18590 1225 3003 18591 1226 3455 18592 1219 2647 18593 1226 3455 18594 1230 3454 18595 1227 3259 18596 1230 3454 18597 1231 3452 18598 1228 3260 18599 1227 3259 18600 1230 3454 18601 1228 3260 18602 1231 3452 18603 1484 2336 18604 2508 1331 18605 1484 2336 18606 2541 1332 18607 2508 1331 18608 2508 1331 18609 1452 1021 18610 2509 1295 18611 1217 2993 18612 1224 2992 18613 1193 2003 18614 1224 2992 18615 1218 2649 18616 1193 2003 18617 1201 2995 18618 1216 2994 18619 1217 2993 18620 1192 2997 18621 1200 2996 18622 1201 2995 18623 1153 2999 18624 1181 916 18625 1173 2998 18626 1192 2997 18627 1201 2995 18628 3092 876 18629 1201 2995 18630 1217 2993 18631 3092 876 18632 2347 206 18633 1217 2993 18634 1193 2003 18635 1153 2999 18636 1173 2998 18637 3003 3422 18638 1173 2998 18639 1192 2997 18640 2991 2352 18641 3003 3422 18642 1137 3000 18643 1153 2999 18644 1976 1321 18645 1137 3000 18646 2206 2009 18647 2206 2009 18648 1137 3000 18649 2157 2299 18650 1064 2298 18651 3127 2689 18652 2206 2009 18653 2157 2299 18654 1137 3000 18655 3003 3422 18656 1217 2993 18657 2347 206 18658 1868 2045 18659 2157 2299 18660 1064 2298 18661 2206 2009 18662 2129 1461 18663 3054 2300 18664 2157 2299 18665 1442 2670 18666 2130 1459 18667 3003 3422 18668 2130 1459 18669 2129 1461 18670 3003 3422 18671 3003 3422 18672 1173 2998 18673 2991 2352 18674 3003 3422 18675 2129 1461 18676 2157 2299 18677 3026 247 18678 1106 2496 18679 1688 2495 18680 1688 2495 18681 2991 2352 18682 2000 334 18683 2991 2352 18684 1192 2997 18685 2000 334 18686 2001 245 18687 3026 247 18688 1688 2495 18689 2000 334 18690 3101 333 18691 2001 245 18692 3129 2286 18693 1853 143 18694 1852 2590 18695 1853 143 18696 2000 334 18697 1852 2590 18698 2000 334 18699 2001 245 18700 1688 2495 18701 1231 3452 18702 2508 1331 18703 2307 3443 18704 2508 1331 18705 2509 1295 18706 2352 660 18707 2307 3443 18708 2508 1331 18709 2352 660 18710 2352 660 18711 2489 1269 18712 2307 3443 18713 2489 1269 18714 2308 2516 18715 2307 3443 18716 2378 158 18717 2134 157 18718 1231 3452 18719 2134 157 18720 3334 155 18721 1231 3452 18722 2307 3443 18723 2378 158 18724 1231 3452 18725 2099 154 18726 2063 320 18727 2062 3262 18728 2063 320 18729 3269 2725 18730 2062 3262 18731 3334 155 18732 2099 154 18733 2062 3262 18734 2062 3262 18735 1221 3261 18736 1228 3260 18737 3334 155 18738 2062 3262 18739 1231 3452 18740 2062 3262 18741 1228 3260 18742 1231 3452 18743 1852 2590 18744 2000 334 18745 1192 2997 18746 1894 2016 18747 1852 2590 18748 1192 2997 18749 1932 2077 18750 1123 2285 18751 1894 2016 18752 3092 876 18753 1955 875 18754 1931 2074 18755 1931 2074 18756 1932 2077 18757 1894 2016 18758 1227 3259 18759 1220 3256 18760 1226 3455 18761 1220 3256 18762 1219 2647 18763 1226 3455 18764 1931 2074 18765 1894 2016 18766 1192 2997 18767 2165 219 18768 3116 877 18769 3092 876 18770 3092 876 18771 1931 2074 18772 1192 2997 18773 2165 219 18774 3092 876 18775 1217 2993 18776 2347 206 18777 1154 2046 18778 1868 2045 18779 1868 2045 18780 2165 219 18781 1217 2993 18782 3113 2283 18783 1448 1963 18784 3086 2281 18785 3086 2281 18786 2347 206 18787 1193 2003 18788 3113 2283 18789 3086 2281 18790 1193 2003 18791 1202 2648 18792 1194 2004 18793 1193 2003 18794 1219 2647 18795 1203 3257 18796 1202 2648 18797 1202 2648 18798 1193 2003 18799 1218 2649 18800 2537 1337 18801 1740 2535 18802 1866 2534 18803 1740 2535 18804 1867 2655 18805 1866 2534 18806 1867 2655 18807 2737 2855 18808 2033 2417 18809 2737 2855 18810 2108 51 18811 2739 1587 18812 2738 1586 18813 2737 2855 18814 2739 1587 18815 2738 1586 18816 2740 50 18817 2033 2417 18818 2033 2417 18819 1864 1336 18820 1865 1338 18821 2033 2417 18822 1865 1338 18823 1866 2534 18824 2738 1586 18825 2033 2417 18826 2737 2855 18827 2410 1173 18828 2409 1172 18829 911 3049 18830 2409 1172 18831 1543 1865 18832 911 3049 18833 911 3049 18834 1656 1107 18835 2253 2488 18836 1656 1107 18837 928 2625 18838 2253 2488 18839 2253 2488 18840 2410 1173 18841 911 3049 18842 928 2625 18843 2869 1769 18844 2291 1522 18845 2932 2656 18846 2930 2900 18847 3316 2214 18848 928 2625 18849 2291 1522 18850 2932 2656 18851 2932 2656 18852 3316 2214 18853 3317 2216 18854 3317 2216 18855 2253 2488 18856 928 2625 18857 2583 1386 18858 2585 1388 18859 2192 2562 18860 2585 1388 18861 852 3449 18862 2192 2562 18863 852 3449 18864 2617 1423 18865 2192 2562 18866 2192 2562 18867 2191 1425 18868 1500 3450 18869 2191 1425 18870 853 1424 18871 1500 3450 18872 853 1424 18873 2658 2354 18874 1500 3450 18875 1500 3450 18876 2660 1472 18877 1439 1474 18878 1439 1474 18879 2590 1396 18880 2589 1395 18881 2589 1395 18882 2591 1397 18883 1620 3428 18884 1620 3428 18885 1621 3474 18886 2589 1395 18887 1621 3474 18888 2193 2661 18889 1439 1474 18890 2589 1395 18891 1621 3474 18892 1439 1474 18893 2629 3484 18894 1886 2104 18895 2630 1438 18896 2630 1438 18897 2632 1437 18898 2124 1387 18899 2632 1437 18900 2123 2248 18901 2124 1387 18902 2193 2661 18903 2629 3484 18904 2124 1387 18905 2629 3484 18906 2630 1438 18907 2124 1387 18908 2193 2661 18909 2124 1387 18910 2583 1386 18911 1439 1474 18912 2193 2661 18913 1500 3450 18914 2192 2562 18915 1500 3450 18916 2193 2661 18917 1623 2662 18918 1654 427 18919 1624 2166 18920 1624 2166 18921 3277 2168 18922 1623 2662 18923 2895 1801 18924 2893 1803 18925 1531 1804 18926 1267 2669 18927 1261 2769 18928 1260 2777 18929 1266 2778 18930 1265 2776 18931 1276 3501 18932 1265 2776 18933 1275 3502 18934 1276 3501 18935 1267 2669 18936 1260 2777 18937 1266 2778 18938 1277 2783 18939 1268 2767 18940 1267 2669 18941 1298 2787 18942 1285 2784 18943 1297 2785 18944 1297 2785 18945 1277 2783 18946 1336 2668 18947 1277 2783 18948 1267 2669 18949 1336 2668 18950 1297 2785 18951 1336 2668 18952 1321 2968 18953 1267 2669 18954 1266 2778 18955 1310 2667 18956 1266 2778 18957 1276 3501 18958 1296 3503 18959 1311 2789 18960 1298 2787 18961 1297 2785 18962 1266 2778 18963 1296 3503 18964 1310 2667 18965 1296 3503 18966 1295 3109 18967 1318 3108 18968 1322 2967 18969 1323 2790 18970 1311 2789 18971 1311 2789 18972 1297 2785 18973 1321 2968 18974 1318 3108 18975 1317 1573 18976 1334 2844 18977 1322 2967 18978 1311 2789 18979 1321 2968 18980 1354 1102 18981 1337 751 18982 1321 2968 18983 1296 3503 18984 1318 3108 18985 1310 2667 18986 1318 3108 18987 1334 2844 18988 1319 2843 18989 1310 2667 18990 1318 3108 18991 1319 2843 18992 1334 2844 18993 1335 87 18994 1319 2843 18995 1319 2843 18996 1320 2842 18997 1310 2667 18998 1336 2668 18999 1354 1102 19000 1321 2968 19001 3027 2665 19002 3028 2664 19003 1442 2670 19004 3028 2664 19005 3029 3421 19006 1442 2670 19007 3029 3421 19008 1084 1965 19009 1442 2670 19010 1374 824 19011 1375 13 19012 1361 992 19013 297 356 19014 319 355 19015 320 2676 19016 319 355 19017 1680 1603 19018 320 2676 19019 1680 1603 19020 3068 1952 19021 320 2676 19022 3068 1952 19023 1962 1480 19024 320 2676 19025 1601 754 19026 2405 1170 19027 2404 1169 19028 2104 2679 19029 3046 65 19030 592 686 19031 592 686 19032 593 689 19033 2104 2679 19034 593 689 19035 594 1248 19036 2104 2679 19037 594 1248 19038 595 693 19039 2104 2679 19040 2535 1288 19041 2534 1333 19042 1534 1335 19043 1372 95 19044 1360 2372 19045 1359 3102 19046 1359 3102 19047 1371 3101 19048 1372 95 19049 1371 3101 19050 1381 2685 19051 1372 95 19052 1381 2685 19053 1380 1499 19054 1394 1498 19055 1394 1498 19056 1395 2273 19057 1381 2685 19058 1395 2273 19059 1396 429 19060 1382 93 19061 1395 2273 19062 1382 93 19063 1372 95 19064 2187 805 19065 1569 804 19066 1568 1570 19067 1568 1570 19068 2005 2589 19069 492 788 19070 472 807 19071 473 808 19072 2811 453 19073 1568 1570 19074 492 788 19075 2188 1656 19076 492 788 19077 472 807 19078 2188 1656 19079 2188 1656 19080 2187 805 19081 1568 1570 19082 2811 453 19083 1471 452 19084 1470 1655 19085 472 807 19086 2811 453 19087 1470 1655 19088 2151 2190 19089 3328 2226 19090 241 2445 19091 241 2445 19092 1966 3217 19093 2074 2688 19094 2074 2688 19095 240 263 19096 3296 2191 19097 3296 2191 19098 2151 2190 19099 2074 2688 19100 1675 2690 19101 1707 3327 19102 186 2691 19103 1728 2492 19104 2391 1444 19105 2415 2697 19106 2415 2697 19107 2457 3205 19108 1763 2491 19109 2457 3205 19110 2536 3204 19111 1763 2491 19112 1763 2491 19113 2418 1180 19114 2415 2697 19115 2418 1180 19116 2417 1177 19117 1728 2492 19118 2947 238 19119 2030 493 19120 2948 492 19121 2948 492 19122 2199 2643 19123 2947 238 19124 2350 2150 19125 3258 624 19126 2045 626 19127 1959 2224 19128 243 3068 19129 242 2444 19130 3099 1980 19131 2222 2358 19132 3100 1978 19133 2222 2358 19134 741 2061 19135 3100 1978 19136 210 3097 19137 2936 1495 19138 219 2411 19139 219 2411 19140 263 2410 19141 1661 2090 19142 263 2410 19143 289 2957 19144 1856 2708 19145 1856 2708 19146 289 2957 19147 239 2959 19148 239 2959 19149 220 1026 19150 2066 1139 19151 239 2959 19152 1939 2709 19153 1856 2708 19154 220 1026 19155 1941 3031 19156 2066 1139 19157 2066 1139 19158 2374 1138 19159 239 2959 19160 1939 2709 19161 239 2959 19162 1991 3226 19163 1991 3226 19164 239 2959 19165 2027 632 19166 3042 1930 19167 1854 1929 19168 210 3097 19169 210 3097 19170 219 2411 19171 1949 1035 19172 2374 1138 19173 2027 632 19174 239 2959 19175 2027 632 19176 2028 634 19177 3332 3227 19178 2028 634 19179 3333 1768 19180 3332 3227 19181 3043 121 19182 1855 440 19183 3042 1930 19184 3042 1930 19185 210 3097 19186 1899 2856 19187 1661 2090 19188 263 2410 19189 1856 2708 19190 2027 632 19191 3332 3227 19192 1991 3226 19193 1991 3226 19194 1992 1767 19195 3299 3225 19196 1992 1767 19197 3300 3224 19198 3299 3225 19199 1899 2856 19200 210 3097 19201 1949 1035 19202 1899 2856 19203 3043 121 19204 3042 1930 19205 1949 1035 19206 3076 240 19207 1899 2856 19208 1661 2090 19209 1660 1036 19210 1949 1035 19211 1825 2703 19212 3201 2092 19213 1661 2090 19214 1824 2111 19215 3218 2110 19216 1825 2703 19217 3216 2109 19218 3217 2108 19219 1824 2111 19220 1856 2708 19221 3216 2109 19222 1824 2111 19223 1824 2111 19224 1825 2703 19225 1661 2090 19226 1661 2090 19227 1949 1035 19228 219 2411 19229 1991 3226 19230 3299 3225 19231 1939 2709 19232 1939 2709 19233 1940 2382 19234 3259 2710 19235 1940 2382 19236 3260 2381 19237 3259 2710 19238 1856 2708 19239 1824 2111 19240 1661 2090 19241 2822 1723 19242 2824 1722 19243 1760 2613 19244 1760 2613 19245 2857 2621 19246 1794 2623 19247 2053 2652 19248 2985 1833 19249 2983 1885 19250 2822 1723 19251 1760 2613 19252 2821 3500 19253 1760 2613 19254 1794 2623 19255 2821 3500 19256 1794 2623 19257 2053 2652 19258 1687 1886 19259 2053 2652 19260 2983 1885 19261 1687 1886 19262 1687 1886 19263 1686 1834 19264 1745 1919 19265 2821 3500 19266 1819 2611 19267 2822 1723 19268 1794 2623 19269 1687 1886 19270 2821 3500 19271 1745 1919 19272 3031 1915 19273 2262 1917 19274 1687 1886 19275 1745 1919 19276 2262 1917 19277 2262 1917 19278 3032 1916 19279 1617 3211 19280 1617 3211 19281 2296 3209 19282 1649 1192 19283 2287 2079 19284 1536 77 19285 179 2630 19286 1536 77 19287 3301 2712 19288 179 2630 19289 1617 3211 19290 1649 1192 19291 179 2630 19292 1649 1192 19293 2287 2079 19294 179 2630 19295 1687 1886 19296 2262 1917 19297 179 2630 19298 2262 1917 19299 1617 3211 19300 179 2630 19301 179 2630 19302 2694 3499 19303 2821 3500 19304 179 2630 19305 2821 3500 19306 1687 1886 19307 1616 2711 19308 1612 2631 19309 179 2630 19310 3318 2732 19311 1615 1019 19312 1616 2711 19313 3301 2712 19314 1573 151 19315 1616 2711 19316 1573 151 19317 3318 2732 19318 1616 2711 19319 3292 2714 19320 2503 960 19321 3325 2715 19322 2503 960 19323 2504 961 19324 2234 2259 19325 2476 2512 19326 2503 960 19327 2234 2259 19328 2476 2512 19329 2477 2261 19330 2196 506 19331 2454 1232 19332 2158 2239 19333 1658 2223 19334 2476 2512 19335 2196 506 19336 2454 1232 19337 2503 960 19338 2476 2512 19339 2454 1232 19340 3293 2189 19341 2232 2188 19342 3292 2714 19343 2261 267 19344 3294 968 19345 3293 2189 19346 3325 2715 19347 3326 723 19348 2261 267 19349 2454 1232 19350 1658 2223 19351 3325 2715 19352 2503 960 19353 2454 1232 19354 3325 2715 19355 2261 267 19356 3293 2189 19357 3292 2714 19358 2902 1823 19359 2903 1822 19360 1682 1105 19361 3267 2312 19362 3268 2157 19363 1460 2159 19364 1768 2545 19365 1769 1378 19366 2581 517 19367 2126 2720 19368 1446 1323 19369 2525 1325 19370 1570 1214 19371 1571 3498 19372 2533 1334 19373 1571 3498 19374 2606 298 19375 1534 1335 19376 2533 1334 19377 1571 3498 19378 1534 1335 19379 2170 2559 19380 2169 2558 19381 1533 1289 19382 2533 1334 19383 2535 1288 19384 1570 1214 19385 2170 2559 19386 1533 1289 19387 1534 1335 19388 621 618 19389 622 620 19390 599 699 19391 2211 3096 19392 2647 2571 19393 1988 991 19394 2647 2571 19395 2648 1462 19396 1988 991 19397 1059 3241 19398 1118 259 19399 1060 3490 19400 1118 259 19401 1119 258 19402 1060 3490 19403 1133 2731 19404 1132 257 19405 1178 576 19406 1035 2426 19407 1059 3241 19408 1060 3490 19409 1119 258 19410 1133 2731 19411 1016 2730 19412 1060 3490 19413 1119 258 19414 1036 3438 19415 1036 3438 19416 1119 258 19417 1016 2730 19418 1178 576 19419 1188 2926 19420 1189 2729 19421 1133 2731 19422 1178 576 19423 1189 2729 19424 1362 11 19425 14 10 19426 1347 9 19427 3075 193 19428 1659 195 19429 3074 2277 19430 2196 506 19431 2477 2261 19432 2478 2260 19433 843 2105 19434 1886 2104 19435 1468 2738 19436 2208 2739 19437 2727 3154 19438 2729 2740 19439</p>
        </triangles>
      </mesh>
    </geometry>
  </library_geometries>
  <library_visual_scenes>
    <visual_scene id="Scene" name="Scene">
      <node id="agua" name="agua" type="NODE">
        <matrix sid="transform">1 0 0 91.9072 0 1 0 -201.2023 0 0 1 -14.81114 0 0 0 1</matrix>
        <instance_geometry url="#Plane-mesh" name="agua">
          <bind_material>
            <technique_common>
              <instance_material symbol="Material_001-material" target="#Material_001-material">
                <bind_vertex_input semantic="Plane-mesh-map-0" input_semantic="TEXCOORD" input_set="0"/>
              </instance_material>
            </technique_common>
          </bind_material>
        </instance_geometry>
      </node>
      <node id="tierra" name="tierra" type="NODE">
        <matrix sid="transform">1 0 0 5.444679 0 1 0 -7.299347 0 0 1 2.128257 0 0 0 1</matrix>
        <instance_geometry url="#Plane_002-mesh" name="tierra">
          <bind_material>
            <technique_common>
              <instance_material symbol="Material_002-material" target="#Material_002-material">
                <bind_vertex_input semantic="Plane_002-mesh-map-0" input_semantic="TEXCOORD" input_set="0"/>
              </instance_material>
            </technique_common>
          </bind_material>
        </instance_geometry>
      </node>
    </visual_scene>
  </library_visual_scenes>
  <scene>
    <instance_visual_scene url="#Scene"/>
  </scene>
</COLLADA>