<?xml version="1.0" encoding="utf-8"?>
<COLLADA xmlns="http://www.collada.org/2005/11/COLLADASchema" version="1.4.1" xmlns:xsi="http://www.w3.org/2001/XMLSchema-instance">
  <asset>
    <contributor>
      <author>Blender User</author>
      <authoring_tool>Blender 4.5.5 LTS commit date:2025-11-17, commit time:16:03, hash:836beaaf597a</authoring_tool>
    </contributor>
    <created>2026-01-13T10:54:45</created>
    <modified>2026-01-13T10:54:45</modified>
    <unit name="meter" meter="1"/>
    <up_axis>Z_UP</up_axis>
  </asset>
  <library_effects>
    <effect id="Material_002-effect">
      <profile_COMMON>
        <technique sid="common">
          <lambert>
            <emission>
              <color sid="emission">0 0 0 1</color>
            </emission>
            <diffuse>
              <color sid="diffuse">0.03057528 0.08001038 0.02631276 1</color>
            </diffuse>
            <index_of_refraction>
              <float sid="ior">1.45</float>
            </index_of_refraction>
          </lambert>
        </technique>
      </profile_COMMON>
    </effect>
    <effect id="Material_001-effect">
      <profile_COMMON>
        <technique sid="common">
          <lambert>
            <emission>
              <color sid="emission">0 0 0 1</color>
            </emission>
            <diffuse>
              <color sid="diffuse">0.01648708 0.05820287 0.162636 1</color>
            </diffuse>
            <index_of_refraction>
              <float sid="ior">1.45</float>
            </index_of_refraction>
          </lambert>
        </technique>
      </profile_COMMON>
    </effect>
  </library_effects>
  <library_images/>
  <library_materials>
    <material id="Material_002-material" name="Material.002">
      <instance_effect url="#Material_002-effect"/>
    </material>
    <material id="Material_001-material" name="Material.001">
      <instance_effect url="#Material_001-effect"/>
    </material>
  </library_materials>
  <library_geometries>
    <geometry id="Plane_002-mesh" name="Plane.002">
      <mesh>
        <source id="Plane_002-mesh-positions">
          <float_array id="Plane_002-mesh-positions-array" count="4650">-451.4632 -744.1051 8.605539 -302.604 -742.4473 9.1074 -292.7293 -742.3491 4.700749 -282.8525 -742.2557 -0.6629133 -272.9732 -742.1686 -8.702866 -263.0924 -742.0856 -18.68033 639.7286 745.6227 -18.9708 639.6633 746.0246 -18.91556 639.5706 746.2355 -18.91526 639.5103 746.338 -19.00493 639.5459 746.3914 -19.09259 639.6591 746.4183 -19.06945 639.625 746.4281 -18.92752 639.2991 746.4387 -18.84632 638.2769 746.4362 -18.76664 640.7855 183.9925 -36.56332 642.2419 234.5365 -33.54913 645.8853 324.6416 -19.6879 646.3157 355.1537 -17.46264 645.9432 385.7186 -18.84533 640.2307 720.8266 -21.0704 640.0754 729.5018 -20.39102 639.9183 737.6057 -19.713 -640.7612 -253.3651 -0.8628954 -639.4808 -155.125 8.180958 -631.1832 -542.4803 -9.688982 -627.3433 -577.8889 -5.408771 -630.2142 -551.3242 -8.626296 -624.2874 -39.99363 22.87178 -588.0991 93.97158 32.21231 -551.7079 153.7525 33.20504 -539.6974 -172.6861 -8.018915 -539.7352 -158.8551 -7.704391 -540.2239 73.90325 20.48478 -530.5315 -322.0133 -12.62263 -530.6872 -283.0755 -12.07658 -530.645 -268.5989 -11.32718 -528.468 -83.5633 -4.750697 -522.9168 -374.1994 -13.88274 -523.5487 15.37862 4.216216 -519.8145 82.67744 19.10574 -508.4849 -16.00683 -1.704764 -497.5696 -5.032279 -1.523128 -497.3705 2.266225 -0.4857372 -504.7215 17.44748 1.352401 -486.0648 13.88493 0.2387753 -482.1946 -502.8505 -13.99348 -484.3667 -63.39435 -10.80603 -469.6411 -533.3372 -13.33653 -472.8954 -522.054 -13.67988 -472.5132 -213.421 -13.52759 -474.4036 -201.157 -13.28856 -474.6878 -117.7828 -13.61305 -468.0015 22.04195 0.1699525 -463.5563 -235.3623 -14.17943 -463.3853 -64.52534 -12.20771 -463.726 22.59773 0.4009063 -451.2974 -571.518 -12.05335 -454.4241 -273.1416 -16.70389 -448.8641 -219.5667 -15.37679 -451.9511 13.32761 -4.258048 -451.3166 23.10609 -0.6916111 -445.4207 -322.3973 -16.65249 -445.5055 -293.2604 -16.57752 -438.2355 -124.2217 -19.57645 -442.3894 -24.05746 -13.05619 -444.7736 -12.67909 -11.44911 -443.857 -3.399981 -9.768853 -432.3381 -283.1953 -13.93204 -433.8491 -270.1964 -13.72667 -436.7805 -264.3083 -13.5757 -430.9308 -221.0998 -17.43725 -422.72 -712.0167 -1.076002 -423.5812 -702.3764 -3.750683 -425.7331 -690.7142 -6.343646 -427.014 -681.2996 -7.688114 -420.618 -455.1719 -14.13344 -424.1155 -323.6453 -14.02734 -420.3667 -4.034786 -14.45527 -420.7307 31.53782 0.5522748 -407.9974 -688.4272 -10.08111 -413.1617 -480.0841 -13.66315 -414.0945 -374.875 -14.74539 -403.4223 -119.3037 -28.8151 -407.5023 -107.2484 -26.73208 -409.9281 -19.39535 -16.1867 -402.4011 -713.2485 -1.710439 -402.5552 -690.32 -9.934984 -403.3589 -113.3238 -28.8151 -399.9949 -106.6649 -28.8151 -402.6941 32.53163 0.0481348 -391.9618 -691.4987 -9.953007 -392.9909 -532.8926 -13.63118 -387.5618 -237.6636 -26.55359 -384.8017 -224.6198 -28.8151 -393.2667 -93.34729 -28.8151 -392.6199 4.253163 -12.10265 -381.3719 -690.3986 -9.659392 -383.6022 -551.6878 -12.94759 -378.1602 -238.0838 -28.8151 -383.2037 -233.0495 -28.8151 -382.2428 5.636721 -11.82544 -368.292 -688.3867 -9.912631 -375.7916 -561.549 -12.98934 -373.135 -442.9158 -18.08375 -372.984 -432.9212 -18.58588 -372.3103 -392.9181 -19.77915 -368.4675 -68.3124 -28.8151 -368.6271 -58.42469 -26.57212 -371.6437 24.93818 -6.772233 -362.4896 -576.8516 -12.93546 -359.8243 -549.7385 -10.90919 -363.3203 -472.6851 -16.90295 -363.3028 -462.7626 -17.51133 -362.8872 -452.4331 -18.66872 -362.0087 -441.6478 -20.40491 -361.8343 -421.6798 -21.86914 -362.036 -402.7129 -21.49769 -360.0917 -393.9504 -23.45878 -363.507 -63.30615 -28.8151 -362.7902 8.65382 -11.31521 -362.114 25.26745 -7.485973 -360.975 41.70633 -0.4131166 -355.8898 -592.7321 -12.02262 -354.663 -586.3903 -12.58987 -353.3647 -482.5337 -16.49997 -352.9032 -472.1659 -18.16768 -345.9085 -407.1402 -28.8151 -346.225 -401.1636 -28.8151 -344.3471 -388.9691 -28.8151 -348.9006 43.12762 -0.820312 -344.4776 -678.351 -10.25254 -345.261 -594.7682 -13.3026 -342.8181 43.76162 -0.7516264 -333.2542 -685.2871 -8.978645 -335.121 -604.2527 -12.8116 -333.4715 -502.3479 -15.0467 -332.3071 -491.2588 -18.90918 -330.2625 -479.2901 -23.13917 -332.8145 43.21144 -2.294363 -327.3085 -672.6566 -10.06439 -325.4595 -612.9393 -12.01508 -321.2342 -580.556 -9.504984 -323.3298 -532.2312 -12.0727 -323.4079 -522.2492 -13.19745 -323.449 -512.268 -14.4386 -323.2796 -502.1181 -16.31179 -321.1878 -490.0982 -23.09733 -316.9451 -475.9219 -28.8151 -323.9624 51.66117 -0.3581962 -314.4772 -668.8202 -10.46614 -312.8055 -561.9152 -10.10065 -313.0984 -552.1229 -10.78853 -313.212 -542.1509 -11.84999 -312.5044 -531.3877 -15.35692 -311.8172 -520.6593 -18.58837 -311.0303 -509.8544 -22.43665 -309.5254 -498.3618 -28.8151 -313.62 -482.5448 -28.8151 -302.5491 -737.0051 8.280947 -302.4598 -728.8443 6.624863 -302.7172 -571.8164 -9.920413 -302.4983 -561.5374 -11.95915 -301.965 -550.9354 -14.69008 -298.5606 -507.3669 -28.8151 -303.5711 -502.3889 -28.8151 -302.327 45.15636 -5.398853 -300.4407 54.67125 -1.318056 -292.6808 -735.9074 5.886336 -292.6184 -728.4213 6.419916 -292.5238 -719.5904 4.970519 -291.599 -570.6193 -14.08454 -290.1557 -528.9846 -25.34111 -288.5443 -517.3339 -28.8151 -291.7596 61.50602 0.3088561 -282.8126 -735.2482 1.619632 -282.7669 -727.796 4.097154 -282.6992 -719.2767 4.76897 -282.599 -710.1744 3.241877 -282.4646 -701.0515 1.35421 -282.308 -692.0333 -0.804132 -282.1954 -683.1541 -3.609132 -281.2294 -580.2431 -15.12912 -279.6832 -568.6355 -20.47597 -275.9788 -544.8081 -28.8151 -281.0186 -529.8181 -28.8151 -283.5385 -522.323 -28.8151 -281.2532 63.4673 0.108871 -272.9412 -734.7084 -5.319371 -272.8569 -718.7728 0.6971226 -272.774 -709.8153 1.191715 -272.6078 -700.5162 0.1762827 -272.501 -691.2725 -0.913114 -272.4711 -682.0671 -2.781884 -272.0021 -661.8538 -7.446347 -274.0381 -651.8469 -8.820451 -272.5549 -641.3147 -9.107901 -271.9382 -621.6666 -9.293137 -272.284 -611.7006 -9.352836 -272.623 -601.8079 -9.704514 -271.8133 -590.9479 -13.916 -269.5428 -578.5231 -21.66883 -266.7455 -565.6187 -28.8151 -273.2911 46.64027 -8.067796 -274.836 62.78604 -0.8836101 -263.0658 -734.2725 -16.39032 -263.032 -726.3462 -14.37852 -262.9669 -718.1005 -12.29167 -262.7507 -709.2192 -12.07666 -261.6699 -699.0032 -16.57225 -257.8888 -685.9409 -28.8151 -262.6863 -681.2943 -28.8151 -262.5855 -661.5913 -28.8151 -262.9364 -651.5835 -28.8151 -262.4504 -631.7057 -28.8151 -257.6871 -626.8258 -28.8151 -259.7395 -614.3464 -21.54881 -260.7519 -601.8922 -19.65718 -259.9388 -589.4547 -22.46184 -258.3829 -577.283 -28.8151 -263.3887 -572.2764 -28.8151 -261.6395 19.1367 -12.52125 -253.1954 -733.9129 -28.8151 -253.1791 -725.8013 -28.8151 -253.1619 -717.5977 -28.8151 -253.1413 -709.1157 -28.8151 -253.1089 -699.9703 -28.8151 -248.0769 -617.0656 -28.8151 -250.1309 -602.1245 -26.51695 -248.3758 -587.302 -28.8151 -253.6507 73.16467 1.366228 -243.238 -612.1766 -28.8151 -243.3745 -592.3143 -28.8151 -244.1828 47.87998 -10.0664 -242.744 75.58728 1.647741 -234.3824 47.78231 -10.4554 -233.8513 56.13677 -8.489744 -222.3124 82.07643 2.736566 -210.4625 380.4612 56.15652 -203.8436 85.56531 2.54423 -197.4872 83.37508 1.709235 -181.8417 82.70379 1.272932 -162.747 90.35271 2.68346 -155.7661 37.50632 -11.80439 -142.9941 17.93412 -14.68798 -141.6004 35.22469 -12.38653 -143.985 94.33161 3.257866 -131.2467 36.3778 -11.95516 -136.29 93.24733 2.464862 -125.8533 20.82864 -14.10844 -122.6288 38.2878 -11.0316 -123.2985 48.70532 -9.675678 -124.2042 100.0239 3.804638 -118.5437 20.44493 -13.28485 -114.4517 102.8267 4.24194 -108.2473 29.1856 -12.05375 -95.52639 11.17058 -15.47774 -85.60657 11.34687 -14.61699 -80.96523 113.9425 5.51247 -75.08476 12.44047 -14.55813 -78.18055 50.5945 -10.49482 -71.85234 121.2629 7.401122 -65.15705 13.84273 -15.10699 -68.78092 36.03219 -12.91626 -71.16101 43.53788 -11.90733 -70.07964 49.91214 -12.00406 -67.52819 57.44552 -10.37811 -64.73003 125.2041 8.08034 -54.17244 -5.474922 -23.63471 -53.52702 15.03651 -16.02444 -48.95589 27.36509 -14.11543 -66.1348 42.50809 -12.25626 -63.15415 47.61676 -11.81043 -57.21379 54.76408 -12.85963 -51.2204 130.6319 9.024747 -41.50725 -17.40634 -28.52014 -42.25773 15.25326 -17.87157 -32.96427 5.028457 -23.61201 -31.99731 15.0221 -20.52508 -22.99938 5.036701 -25.0501 -16.34016 -11.91684 -28.8151 -6.220775 148.0303 11.72132 5.934701 151.6701 12.89392 18.7446 151.9366 11.75991 44.47669 159.0465 12.31501 53.37716 158.6748 11.71234 61.24634 1.30762 -28.8151 66.35906 161.1494 11.89435 75.63835 162.6952 12.61965 85.61651 152.1574 7.549507 89.13214 161.9025 10.61641 96.6723 88.62687 -10.75831 103.7786 167.7166 11.27142 109.847 88.32755 -11.30214 115.2713 170.0089 11.11181 121.7138 88.97561 -11.61076 125.4533 173.0372 11.0164 128.661 401.6136 31.01515 133.8603 89.58351 -11.71471 138.6378 385.1488 30.99252 139.8312 443.5151 28.47169 146.505 182.3946 11.62794 153.0768 100.2808 -9.886322 157.3886 190.0234 12.67499 156.6892 474.6389 26.7529 185.0825 519.0124 24.85153 197.7723 537.7389 24.15096 226.2074 577.3925 22.7409 232.071 108.7464 -10.92844 242.2627 78.32854 -22.96786 247.4364 606.1076 22.05081 252.1123 69.18534 -25.61334 252.3393 78.59427 -23.85138 262.4971 78.68367 -24.63632 262.854 87.60239 -22.14189 273.8789 119.8664 -10.72141 278.3304 648.5369 20.73021 283.2764 87.45326 -23.77573 282.9337 125.298 -10.5414 295.6057 128.1051 -10.30844 294.9338 659.5357 19.12055 317.3128 658.6533 16.98988 333.2739 638.7858 14.02942 331.2799 648.6118 14.81348 334.9519 663.4512 14.04383 345.7777 590.4771 11.52721 341.5453 598.7094 11.95152 339.7935 610.6293 12.48136 341.0743 621.7502 12.76736 348.9858 634.7971 12.40332 349.8912 641.7899 12.11368 348.0852 650.8492 11.85719 352.0675 577.7327 10.72537 357.9286 593.4254 5.934619 355.3973 651.1973 9.043604 354.4545 660.8017 9.95631 363.3465 116.3534 -21.39263 362.6657 562.8959 9.950844 367.7948 573.7255 6.429198 366.2494 580.7138 4.815687 363.3743 591.4265 2.433099 361.311 597.0076 2.175203 367.2124 606.6621 0.9490719 361.3103 623.7662 1.99386 363.3405 642.1619 5.590527 369.374 183.7881 -7.997827 371.1179 216.1208 -5.306729 373.4151 292.2828 7.326776 375.5975 542.6071 8.718922 372.6219 550.5593 9.014491 375.5504 563.6864 5.863355 373.8578 570.9753 4.078174 372.6813 577.6926 2.173926 376.8032 589.2487 2.425482 377.8729 616.3686 1.695119 369.5591 633.2416 1.741957 371.4323 642.2058 3.576956 380.095 203.9331 -7.590526 383.7638 332.3179 9.235064 383.204 532.2827 7.670713 381.6459 562.0746 4.027879 379.4004 568.7311 2.584141 381.16 641.939 1.893997 390.8034 238.9668 -6.024608 393.0505 519.8602 6.242101 391.0979 550.9501 4.328278 390.2221 639.7641 0.06690639 402.1178 135.4704 -19.96145 398.4451 247.5157 -6.64479 402.5519 254.9262 -6.735492 403.0523 481.9477 6.232386 406.1965 528.1969 5.166204 398.7341 541.6956 4.873103 405.4304 549.5075 3.840058 411.662 154.4124 -18.03239 409.3272 270.5254 -6.137915 410.464 285.3816 -4.524542 412.6734 372.6316 5.197806 413.0517 599.5281 1.133089 417.5004 291.7769 -5.826587 419.4639 302.7873 -4.95643 420.1586 317.3151 -3.036574 430.5362 105.0184 -25.8091 428.944 336.4911 -3.198701 437.6973 360.2197 -2.826185 442.2317 374.9818 -2.435052 451.1603 405.7614 -2.33126 451.5108 638.4878 -1.825449 451.0075 650.1063 -1.776293 449.4128 663.0199 -0.869264 458.5392 428.7807 -2.641897 461.5133 441.9887 -2.614644 463.3536 452.2919 -2.734747 465.0431 465.2693 -2.771276 468.9906 500.0645 -3.207722 469.2171 512.0971 -3.490198 470.1372 522.9634 -3.645201 470.652 532.6847 -3.726714 472.0274 538.8268 -3.867106 472.6704 550.187 -4.010433 472.5056 560.9931 -4.266483 471.4346 649.1514 -2.734321 515.957 403.3141 -12.09347 519.3779 443.2935 -12.68908 638.4297 730.8149 -19.9473 639.2034 739.2868 -19.42427 604.4322 273.8456 -21.24541 605.6053 333.9849 -13.0139 639.6464 739.3365 -19.604 612.2766 162.5921 -32.53028 639.028 721.8334 -20.94655 639.4697 730.9727 -20.57731 639.6564 739.3518 -19.82534 639.1443 721.8543 -20.98325 639.3441 730.9636 -20.52417 639.47 739.3273 -19.78827 639.2037 712.4008 -21.43059 639.3721 721.8383 -20.90834 639.4197 730.9244 -20.28764 639.4574 739.2816 -19.60892 629.3845 354.5856 -14.01883 639.6465 721.7903 -20.8795 639.6179 730.8627 -20.18602 639.5894 739.205 -19.49685 639.8921 721.6652 -20.91951 639.8161 730.7042 -20.20518 640.0817 721.3992 -20.9914 639.9658 730.3297 -20.28722 350.0235 610.9159 12.02308 347.158 610.8809 12.07881 360.3756 572.2435 10.32904 358.5264 571.5211 10.32816 338.7806 648.1871 13.99577 -111.7822 24.58336 -12.88681 -392.4103 -0.6330603 -13.16755 -383.1034 41.52184 0.4429491 392.2764 555.6026 3.359562 -344.9794 -590.2143 -14.21531 -344.927 -586.7163 -13.26411 338.5664 143.9931 -10.2162 333.3368 146.119 -9.319322 -340.1697 -603.8591 -12.38472 -236.9983 19.47756 -12.95027 198.0384 542.8206 24.2108 139.5568 453.4042 28.05218 -494.2348 -480.1882 -14.07361 -524.9628 -361.9524 -13.7079 -530.6157 -363.2787 -13.45102 -535.2713 -321.5791 -12.27366 -510.9803 -416.3059 -13.99238 424.4478 302.4941 -6.090983 -321.4352 -670.6458 -10.3617 -306.8275 55.0788 -0.1395429 481.9033 620.0279 -4.017719 476.4176 620.2348 -3.784522 349.5499 623.3072 12.25992 361.002 579.8312 9.603591 357.6923 578.7787 10.39315 -321.2271 7.662443 -12.48201 -322.0821 12.47802 -12.04594 -375.1276 -687.2867 -9.880013 126.1054 396.8174 31.72489 -453.5781 29.96563 0.4523923 -336.6451 -591.4838 -12.68121 -340.1268 -592.8164 -13.25973 345.3063 626.8957 12.51991 347.4504 630.4865 12.6153 -535.7757 -315.1041 -11.98385 426.5801 313.5158 -5.167083 482.257 630.9913 -3.84496 476.6446 631.184 -3.458679 -303.1734 -671.0243 -10.02347 -304.7388 -666.8242 -10.44587 173.9156 345.4747 29.56419 -462.8127 -73.66239 -12.59225 386.6244 541.7529 7.885052 -152.2081 98.02346 3.277638 -120.1862 24.98119 -12.83472 -118.1266 32.86755 -11.68358 -222.8594 77.74435 1.53856 170.4501 351.1188 29.86685 -486.5834 -502.4078 -13.9748 -500.0142 -462.6155 -13.93998 -535.843 -304.188 -11.59273 191.3803 531.5703 24.76277 186.2702 532.7713 24.67125 372.0243 562.5616 8.783439 371.0355 560.4427 8.808454 368.5892 558.8188 9.591403 480.5975 642.6712 -3.413994 475.801 641.6638 -2.797368 -415.3858 -7.112157 -15.13773 -469.7353 17.18299 -0.8336438 -382.1132 -700.6301 -7.620304 -382.8387 -697.4304 -8.60481 16.25567 159.9696 12.29854 -330.5282 -612.8837 -12.0756 198.4564 239.1405 18.22087 193.8593 241.4658 18.53047 470.1286 645.5779 -2.78967 -474.1044 -533.0704 -13.2113 -484.8856 -490.6257 -14.10048 -489.3026 -492.7444 -13.98656 463.3721 429.8918 -3.601844 191.4635 540.0368 24.27646 288.659 663.218 19.82411 477.0984 649.9091 -3.01389 361.5485 606.7606 1.22399 -118.9905 100.4864 4.066396 -51.0074 28.78366 -13.44989 -60.42844 37.13499 -12.70191 152.7682 189.7468 12.71383 149.8978 191.136 12.20633 -394.2233 39.33576 0.5696928 -89.32543 112.6867 5.576172 -403.5234 -1.650225 -13.8522 -405.673 3.22629 -12.73774 -464.7651 19.34898 -0.6357126 -326.5848 -603.7495 -12.45746 -330.2663 -603.9 -13.267 197.4663 250.0592 19.60774 183.4123 332.8732 28.94368 -477.6846 -524.0281 -13.44646 241.4485 608.4464 22.36399 -536.2958 -284.7586 -11.85453 466.0396 441.287 -3.575073 237.2578 105.1057 -11.41236 235.0861 107.5235 -10.90622 -305.1387 -674.7239 -9.595252 -307.4783 -673.0856 -10.16712 -310.5532 -671.9098 -10.77642 -526.6244 -66.3895 -3.544703 384.359 543.8665 8.244116 -331.0777 6.059891 -12.30463 -332.6499 10.21731 -11.94059 -325.0145 47.87913 -1.143665 301.4125 126.2236 -11.02022 -239.1124 73.36214 0.7382813 -364.2758 -691.4884 -9.714193 -313.4297 -677.8701 -9.284729 -314.8707 -674.5316 -10.20765 199.3762 260.5463 21.23458 -354.14 -577.5722 -12.63558 -478.0838 -512.38 -13.81631 -481.5592 -514.521 -13.73535 -534.3984 -266.5108 -10.72121 -542.5265 -268.9517 -10.6844 469.2509 450.8051 -3.977475 -254.7067 79.01244 2.1326 379.991 551.1754 8.289407 377.8322 550.1743 8.12051 371.2211 592.0333 1.622321 365.6534 593.2485 1.389702 -354.6379 42.10378 -0.512459 378.5285 573.4663 1.359934 380.3907 577.7905 2.143775 -126.6051 26.1805 -12.97333 -124.3865 32.44987 -11.24877 200.425 271.575 22.6937 -233.4063 76.32186 1.715486 -233.2931 79.8757 2.575117 192.3837 312.2649 27.6271 -482.4787 -496.2917 -13.95855 -468.4711 -544.4097 -13.23928 152.1522 472.9053 26.92456 394.5142 226.4837 -8.012112 -535.4376 -262.4959 -10.64948 -424.1355 -309.6066 -13.62596 -421.5078 -305.899 -13.82082 432.2134 324.9424 -5.351205 -470.7903 -192.7341 -13.56343 96.52278 80.73534 -12.56646 115.7293 89.11995 -11.69602 -414.4637 31.39379 0.3086313 372.6871 598.2911 2.866816 369.265 597.8991 2.694798 365.5422 597.5471 1.845325 363.1281 595.7947 1.249665 -68.90946 30.59265 -12.67659 -69.30654 33.25011 -13.33853 -457.9146 -62.51495 -12.73128 -479.8774 18.67406 0.5102089 262.3717 636.7853 21.58638 -55.12804 26.50663 -13.21932 -64.69224 34.26071 -12.38895 -393.2551 -700.5277 -8.322832 -392.6218 -697.5415 -9.208318 189.3861 320.0202 28.19864 -456.8402 -571.0639 -12.13669 397.36 235.3335 -7.556349 -540.3566 -254.836 -11.15902 471.7961 473.6015 -3.724093 466.382 472.2554 -2.841831 330.3451 140.9836 -10.17926 435.1479 335.0427 -4.925591 386.0078 529.8682 7.40908 185.5324 327.7236 28.73608 -344.6158 3.256885 -12.25569 372.3452 605.2884 2.522308 -474.2831 23.04763 0.5572757 -478.4271 27.23932 0.8186159 -401.3544 37.61959 0.6428777 373.8869 555.8435 8.409255 374.6724 559.132 8.582779 391.7729 634.783 -0.9060506 -364.6424 -572.5721 -13.81151 -363.6506 -567.5703 -13.72619 -411.1463 -5.325056 -14.76396 -413.9116 -1.105728 -13.9232 -413.72 -461.79 -14.00023 -54.12126 47.2876 -13.38066 -538.0534 -243.7524 -10.33126 -540.9221 -244.4328 -10.56256 199.6265 550.9245 23.95607 -296.2006 -673.5809 -9.390909 374.8032 579.6386 1.923636 -332.925 47.46978 -0.8252024 -336.0528 53.86011 -0.5200996 373.621 617.6927 1.7936 370.6308 619.1998 0.3605391 368.2284 619.8718 0.5768514 365.3503 621.6562 0.8943294 -458.1732 -563.2382 -12.4419 -406.3941 -492.0552 -13.71019 -410.9763 -493.4974 -13.83399 -324.105 -680.8428 -9.565957 -325.6179 -678.0333 -10.13606 201.8655 299.4441 25.46359 196.386 297.8739 26.02916 -19.34981 141.9513 10.79263 251.8292 108.1995 -11.74529 -446.2159 -590.6195 -11.4765 -413.3187 -455.0743 -14.17751 468.2725 490.051 -2.993732 -522.6389 -368.3773 -13.74851 155.7984 89.92169 -11.96936 154.3307 96.06338 -10.88377 439.9299 349.7662 -4.485879 435.1663 351.1784 -3.124502 -261.4741 72.13733 1.588895 -285.3696 62.33813 0.3251938 65.00264 167.6672 11.89319 -390.8945 -520.8828 -13.9431 -131.6876 28.67419 -13.00249 -356.4989 -679.5977 -9.90828 -413.3132 -487.1572 -13.69017 -146.3442 36.21504 -12.43231 85.64649 78.39306 -12.83902 84.41239 83.05223 -11.91858 388.5348 565.0607 2.422114 386.7397 563.6838 2.658738 -414.0705 -688.0829 -9.748827 -417.3946 -687.6076 -9.015372 -312.6478 -615.7202 -11.38959 -73.12734 28.47655 -12.69538 462.9695 424.5014 -3.83132 371.1595 583.3736 1.596235 -388.138 -550.7414 -12.61257 -421.2587 -9.594772 -15.22105 -5.489709 155.0481 11.75503 -442.281 -598.5067 -11.32271 450.9125 646.4116 -1.775987 -411.6455 -476.1116 -13.56527 -410.8445 -472.3522 -13.80222 -476.5688 -189.8001 -13.16295 -403.3777 -695.7223 -9.219389 403.3565 529.0488 5.736304 385.9798 568.8169 1.979114 383.7347 568.2323 1.501518 -539.5565 -166.0116 -8.031931 -355.1768 2.29314 -12.19568 153.5143 365.3909 30.55009 449.6835 400.3616 -2.153349 441.6585 355.9482 -4.322916 381.5905 634.5928 -0.1688373 -384.4177 -539.9827 -14.0323 -389.1856 -540.5946 -13.56034 -44.26388 44.45835 -13.42911 404.2066 246.3245 -7.841806 -472.571 -182.0941 -13.49339 -477.3784 -180.877 -13.16581 -273.2165 68.3171 0.753917 -156.3544 90.38923 2.789055 -542.9381 -154.2184 -7.488933 -342.0982 47.3403 -0.1634004 419.9654 287.3352 -6.888357 427.8648 330.7265 -3.946242 440.2333 369.218 -2.636816 248.5207 610.5504 22.2853 246.476 615.7554 22.32219 48.49066 159.2267 12.35191 -387.6365 -534.1179 -13.94703 -182.87 86.83457 2.688813 -184.8611 93.10604 2.925717 -372.8859 -557.1072 -13.31673 -34.27075 64.0348 -11.85889 461.3514 447.2226 -2.401848 365.5978 567.3357 9.468476 366.8066 570.0102 9.119526 123.02 402.2251 31.1771 -334.4161 -681.9961 -9.863516 -336.5817 -677.1806 -10.15809 -415.0649 -679.3124 -9.763128 241.8483 106.4729 -11.388 409.048 253.8771 -7.977217 146.3507 87.69154 -12.18322 145.1535 92.30639 -11.52479 -467.9558 -212.3233 -13.74578 -285.2417 -661.7301 -10.21444 -289.191 -662.2337 -10.33769 394.5788 552.2982 3.404255 -514.5112 -16.85275 -1.144454 -364.541 2.199296 -12.32673 379.2863 628.3073 -0.4114228 373.7454 630.3386 0.6094551 417.4146 297.6766 -5.211911 53.33342 165.9021 12.21515 -499.3683 9.848031 -0.08491575 -501.8307 11.55524 0.07834196 -122.9076 105.4755 4.391435 -216.1051 82.35882 2.736148 -10.65849 151.7826 11.40015 -47.03224 55.23989 -12.93558 411.1431 261.5746 -7.706871 405.8875 261.7002 -6.631433 311.2302 131.0112 -10.74194 -470.7218 -121.409 -14.0463 76.22536 76.59675 -12.65516 74.6878 80.75622 -11.94861 141.253 85.61766 -12.40632 137.7189 86.97012 -12.32283 -141.6524 25.66632 -13.18039 -142.6078 29.45297 -13.05215 -520.3965 -59.53308 -3.973985 413.1748 267.5445 -7.26269 -428.9141 -12.28717 -15.41546 -430.9754 -9.219573 -14.28522 -409.5348 -699.0781 -7.686459 -408.8195 -694.023 -9.26417 -422.4479 28.22672 -0.2330675 -446.8267 -23.24315 -12.27423 376.67 620.8179 1.116237 373.6057 624.9187 0.6405395 371.0711 627.2297 0.192274 134.574 385.5603 31.74688 131.5964 384.839 31.78981 128.6347 385.2263 31.57734 -372.565 -550.7809 -12.62755 -375.4323 -552.8529 -13.06256 366.192 173.9855 -8.614612 -86.25766 19.16258 -13.37846 -87.50042 23.07713 -13.13933 446.9299 372.2774 -3.828233 -533.5102 -348.6519 -12.72775 -530.7245 -345.6055 -12.66423 322.4745 663.0217 16.25341 -433.723 -259.65 -13.36307 -431.7498 -256.0905 -13.69498 -457.7344 -232.715 -13.98891 95.53134 164.7883 11.80647 94.01686 170.3355 11.45221 -341.9157 -688.2775 -8.827728 -341.9868 -683.8363 -9.892275 400.4066 239.3347 -7.808247 398.5032 243.0302 -7.312287 -323.0872 -607.7722 -11.89164 -320.8112 -604.0358 -11.3342 132.3534 392.6795 31.22088 449.8613 380.8323 -3.727427 440.6678 652.4481 -2.052594 229.4475 103.0441 -11.73933 132.9116 84.55154 -12.43405 -256.6177 15.64757 -13.03798 -531.3014 -80.19782 -4.178541 143.5405 373.3565 30.84292 -521.3897 -38.60037 -1.962228 -417.0936 -675.2766 -9.83444 363.0665 600.7914 2.329672 365.0007 603.5924 1.624952 -196.4074 91.01003 2.750709 -543.7476 -172.6173 -8.087135 -135.1629 100.9754 3.624629 -453.519 -577.2902 -11.87434 314.408 661.7703 17.5644 312.6109 666.565 17.4122 -367.6953 -574.1198 -12.70319 -537.96 -148.4602 -6.972351 -542.6737 -148.2496 -6.76099 477.0385 533.0726 -4.40577 445.0523 649.2922 -2.213022 -472.3372 -131.9954 -13.9382 -477.6724 -132.0679 -13.50215 -370.6123 1.400238 -12.59238 -362.2648 38.1966 -1.322344 46.83764 165.4335 12.38605 228.2452 583.5015 22.73596 183.8859 218.4627 15.30183 -367.5219 -563.3159 -13.76254 -372.4275 -564.1518 -13.80416 -30.5325 58.8421 -12.89184 367.5997 612.5755 0.8140104 362.2517 617.7349 1.220984 -543.3499 -160.2734 -7.777606 -337.2293 -683.5989 -10.03248 -340.7254 -680.2273 -10.71357 -58.36399 130.2207 8.926762 -23.38624 148.7572 11.17872 -381.1222 -546.2157 -13.36317 1.648073 150.0304 12.40178 -503.8852 -456.0108 -14.01141 171.8283 510.1448 25.29517 -374.2113 -568.0841 -12.48705 389.4937 229.8125 -7.17256 -537.0029 -141.8702 -6.71388 -541.3932 -143.7832 -6.620821 478.4285 537.8852 -4.610258 305.5686 128.5158 -10.71095 -448.4614 -242.1096 -13.43173 -96.38246 23.43031 -12.75679 178.2704 513.0501 25.24932 176.2591 517.7216 25.10404 -432.3688 27.06534 0.05098122 -431.6416 30.21016 0.7284212 351.9852 582.1174 11.1242 354.0889 586.4854 10.87827 356.1351 589.1451 10.75007 471.8475 544.3583 -3.699513 126.7197 425.4159 29.70285 268.0601 640.8798 21.65168 264.4174 641.4146 21.70435 381.4911 194.5274 -8.399065 380.4562 199.0767 -7.829393 -536.4908 -136.2783 -6.53614 -540.2548 -135.433 -6.582643 478.88 549.8696 -4.661515 -291.4678 57.76338 -0.8600041 -284.3779 -666.1501 -9.373331 86.6357 170.0688 11.34264 -503.5921 2.937294 -0.3271742 -352.5644 -692.5435 -7.812637 -354.4096 -689.3445 -8.683388 -430.4705 -19.56005 -14.60222 -436.1599 -16.47053 -13.99102 -439.0515 -15.08178 -13.3293 -423.1142 -301.1383 -13.79852 400.5372 537.7716 5.296468 223.1751 100.0567 -12.21931 271.0095 648.2987 21.4107 417.6301 281.4532 -6.656281 -534.9371 -125.7516 -6.336182 -538.8171 -124.8305 -6.357623 478.6293 560.5869 -4.726662 122.0277 83.50399 -12.43647 -285.9295 -654.5209 -10.40621 -154.3606 30.18242 -12.76278 136.034 375.6448 30.98069 136.0761 379.3204 31.07575 -460.6718 -68.84186 -12.61684 71.40552 161.3657 12.10304 -333.0671 -599.3943 -12.87847 -202.0766 90.80333 2.758898 -142.278 100.0741 3.570647 135.0843 441.8077 28.81771 131.4449 440.4899 28.841 -424.6741 -291.7932 -13.73499 400.0042 545.3735 4.203218 453.3888 392.4722 -3.664431 -358.0093 -574.0614 -13.07834 370.8273 179.6545 -8.568332 -536.6566 -113.9038 -5.876497 478.7887 571.2043 -4.706949 279.2058 116.8459 -11.61382 -370.977 36.34743 -1.218107 -371.5084 39.19982 -0.3015744 -381.7113 0.3339087 -12.93213 10.51476 151.8382 12.67249 37.88807 164.4659 12.40459 -73.52378 127.4953 7.988089 146.8229 370.1102 30.82271 -32.96475 148.8982 11.00818 -359.1143 -689.6959 -9.165409 -418.4256 -325.0382 -14.11852 -426.0653 -281.7448 -13.78866 457.2325 404.0411 -3.858367 -535.7796 -102.0477 -5.199149 -317.3475 52.24051 -0.2763772 -530.9691 -275.8567 -11.58503 -310.7873 8.926182 -12.72076 -379.4421 34.7904 -0.5707949 74.57801 159.323 10.75926 -386.5323 -690.268 -10.11487 -440.6102 25.56783 0.07026404 -427.3686 -269.3316 -13.84171 179.3429 521.5548 24.93658 -534.9352 -93.56816 -4.799803 142.8777 189.1228 11.77505 345.5693 635.2313 13.34216 339.2786 632.5464 13.14435 -303.1906 61.49856 -0.06221246 -469.9639 -116.7615 -13.93141 75.46066 168.9344 11.63382 392.9417 538.5926 6.85295 -471.9882 -537.7894 -13.07827 -391.2568 -527.5706 -14.02294 284.9777 119.141 -11.73544 -533.3564 -343.0408 -12.6633 -426.5087 -265.3731 -14.00895 -430.194 -265.5922 -13.59036 461.2688 419.4608 -3.825621 456.913 420.1526 -2.740604 -345.4069 -581.1235 -12.05932 -349.2328 -583.6396 -12.65567 111.1034 82.25525 -12.42381 479.0949 597.9818 -4.210331 473.717 598.1098 -4.031892 352.3396 600.6544 11.32433 346.3652 639.4912 13.28358 344.7083 639.3506 13.2575 342.0784 640.3951 13.98433 338.77 639.8101 14.22038 -426.9687 -5.792094 -13.92145 -492.0979 12.23232 0.2505583 -495.7863 13.67445 0.2314706 141.7877 179.7242 11.19434 -370.0254 -698.1249 -7.439354 -163.0046 29.1884 -12.47784 -165.9046 33.88339 -12.05697 27.55615 157.1591 12.38618 25.27441 162.3005 12.43201 -85.21292 121.2936 6.725715 80.41343 162.4273 12.15257 160.8744 362.1034 30.45849 156.9134 361.416 30.52907 -515.5393 -414.0479 -13.86155 -528.4182 -374.1477 -13.72775 296.8548 666.0881 19.03529 -504.7034 -451.7162 -13.94367 -513.1431 -429.5129 -13.67795 421.7489 292.3324 -6.669296 -250.0267 17.4977 -13.04875 -188.4294 85.66694 2.650328 480.8517 608.9492 -3.993137 475.7421 609.2001 -3.791467 148.79 367.7718 30.9164 149.4892 368.6087 31.0938 149.9396 369.4457 30.97245 -111.2642 27.66313 -11.02801 -112.1116 30.27771 -11.86604 -471.8187 -111.0408 -13.03278 -426.6715 28.42196 0.3525471 -425.2682 30.22843 0.6273376 81.21364 170.0116 11.4883 81.62355 168.8507 11.56072 81.42345 167.1562 12.06826 368.8912 624.0008 0.03246259 370.4413 623.1195 0.6559738 -474.4302 -136.6593 -13.30119 -476.6325 -136.671 -13.12765 480.1531 555.3939 -4.812281 477.2633 554.8138 -4.116441 474.4292 554.927 -3.845542 -326.6168 6.034991 -12.52957 -326.9954 7.972315 -12.81725 -327.5475 9.893008 -12.7188 -328.2919 11.87229 -12.10997 -497.1573 -473.7498 -13.93254 -496.4031 -473.0884 -13.80375 -495.6975 -472.4916 -13.86772 -460.5942 -64.41899 -12.0854 -462.0583 -64.1426 -11.97141 -536.0546 -249.1623 -10.3634 -541.03 -249.0455 -10.85153 -540.2467 -249.2843 -10.6228 -539.5211 -249.021 -10.54381 -319.9935 50.35434 -0.5601381 -385.0775 -541.8187 -15.09774 -385.985 -544.0164 -14.95073 -387.1622 -546.6594 -13.58813 -320.6538 -676.8282 -10.60247 -320.2949 -675.3182 -11.25435 -320.5482 -674.1325 -11.06705 201.6475 554.7808 23.8799 202.5359 554.073 23.92462 203.4763 553.6921 23.88978 -541.6486 -239.1492 -10.10706 -540.9662 -238.9049 -9.90052 -540.2543 -238.6173 -9.926082 232.8001 103.1445 -11.64313 233.6979 104.7431 -11.07476 234.5114 106.1181 -10.82776 11.23709 160.1493 12.17701 11.21143 158.6535 12.10202 11.23805 156.878 12.49791 69.53048 159.6911 11.23487 -499.6554 -461.7868 -13.80605 187.7209 536.7718 24.52256 189.0363 534.6279 24.91521 190.471 532.9338 25.02375 -465.1655 -76.0709 -12.0925 -387.4586 -529.3007 -13.94876 -389.2012 -530.6253 -14.24007 -390.4324 -531.4165 -14.53296 -391.6828 -532.1542 -14.31192 70.81548 169.2324 11.77761 70.51551 167.6738 11.80337 70.69185 166.0252 12.12102 -436.1963 27.14284 0.5295253 -435.5937 28.86325 0.8266832 -424.6737 -297.3753 -13.33873 139.2953 375.7159 31.16227 140.2966 376.7917 31.46513 141.0878 378.0934 31.33271 -329.696 46.72137 -1.001747 -328.1024 49.02544 -0.5257369 -489.0243 -497.0274 -13.83102 -487.384 -496.4561 -13.46675 -485.2397 -496.2153 -13.50712 -426.5215 -286.7832 -13.35616 -428.686 -287.3429 -13.37864 133.8776 386.4871 31.83048 -330.2472 -681.6964 -9.911768 -332.2012 -681.1452 -10.43698 -332.6521 -679.7753 -10.4104 181.2862 526.1499 24.92638 182.1655 525.0338 25.11203 183.3217 524.8662 25.09184 473.5299 604.325 -3.805778 480.9365 602.5698 -4.05254 478.9174 602.5007 -3.499668 476.3568 603.0964 -3.468712 -350.5865 1.82089 -12.3179 128.2378 396.5964 31.71208 279.0428 118.6535 -10.81646 278.5081 120.5834 -10.43802 0.341468 157.382 11.93295 -0.04215013 155.7237 11.8744 0.3310579 154.1746 12.21967 -427.4917 -275.0378 -13.40898 -430.6196 -275.3041 -13.41553 -218.4218 80.24758 2.459535 480.3016 613.8663 -3.416363 477.6547 613.8624 -3.359151 0 0 0 -339.7171 -684.8751 -10.10213 -339.9433 -683.3058 -11.03544 -340.3584 -681.8031 -11.2647 -448.7543 34.48131 0.6775621 -447.5056 32.47912 0.7710101 -447.6044 31.33052 0.9418237 -447.0406 30.00995 0.8700187 59.71282 167.9098 12.11869 59.09061 166.3549 12.1639 59.45088 164.7274 12.37921 -504.0141 -451.0674 -13.84416 -216.2889 88.97856 2.763197 195.0021 245.1178 19.07999 195.9944 244.2322 19.10554 197.429 243.7608 18.99545 -340.8586 47.62784 -0.1949054 483.6163 625.882 -4.036697 481.2799 625.9865 -3.416122 478.1189 625.7937 -3.28987 -430.2643 -263.2165 -13.42629 -431.7846 -263.652 -13.13623 -433.9359 -264.0131 -13.17118 -395.3694 -518.4657 -14.06767 198.0706 255.2055 20.60966 199.3177 254.8759 20.75637 200.7836 254.6696 20.63797 174.1679 515.5567 25.23604 175.2814 514.8942 25.41652 176.0988 514.3845 25.40659 -10.88967 149.7567 11.44091 266.2499 108.8516 -12.62904 263.0625 108.8561 -12.2656 0 0 0 0 0 0 -433.1481 -618.1591 -11.38786 483.0823 635.5203 -3.717609 481.4653 637.2532 -3.020283 478.5228 637.5191 -2.739227 150.6756 87.7534 -12.39096 150.7657 89.83733 -12.64488 150.3298 92.03789 -12.35091 127.9529 430.7067 29.47986 129.3439 430.2072 29.61745 130.7923 429.4796 29.58966 -508.6052 -426.6766 -13.80596 199.815 266.1376 22.14437 201.1664 266.2566 22.24616 202.6769 266.3515 22.10082 -362.4809 5.954792 -11.95765 -227.9568 78.13922 2.29977 -227.6038 81.03498 2.860654 477.3592 649.5415 -2.439364 475.8079 648.0602 -2.268025 190.8592 233.3079 17.89222 191.9481 233.3718 17.88488 -541.9268 -153.7835 -7.960815 -540.8851 -153.6304 -7.839437 -537.7513 -153.218 -7.424491 135.5725 440.8079 28.98526 136.4748 440.1137 28.95357 -137.9903 28.17186 -13.0566 -137.1487 31.13349 -12.15757 -136.8111 33.7882 -12.6845 -348.7886 -690.5658 -8.403632 -351.9193 -690.8273 -8.333021 -544.4459 -189.3016 -8.068524 -53.16985 41.44108 -12.80517 -57.45265 39.24104 -12.57857 122.1801 408.2072 30.9209 123.4942 407.4172 31.07719 125.1751 407.4223 30.98374 199.9335 277.3418 23.5256 201.2284 277.8868 23.5621 127.2137 85.5082 -12.59705 127.4654 87.75192 -12.32464 47.07773 164.5455 12.2708 47.38245 163.0933 12.57037 -59.36839 43.58613 -12.86143 -440.1411 -258.5775 -13.29569 -544.3236 -177.8336 -8.110297 -543.2163 -178.2053 -8.19752 -40.84417 48.70927 -13.67391 150.0418 475.7212 26.89277 -122.3293 104.7953 4.509485 -121.4859 103.6189 4.442447 -541.3623 -139.7589 -6.719966 -540.5962 -140.7404 -7.004135 -539.7037 -141.0508 -6.931768 138.5303 88.41621 -12.5527 138.8739 89.9639 -12.32993 138.7822 91.67901 -11.60604 -545.9105 -167.4184 -7.919146 -544.072 -165.7324 -8.201635 -542.9679 -165.8235 -8.602459 -542.1046 -165.8721 -8.473442 -41.55618 51.27326 -13.19458 170.9724 199.8462 13.4669 -540.0376 -129.3181 -6.706304 -539.2045 -129.5351 -7.114855 -538.2173 -129.6399 -6.965007 -236.5101 75.5902 1.775837 -236.8723 77.67918 2.28159 -357.3094 40.24249 -0.7367661 -515.9721 -416.9258 -13.63228 -515.0111 -416.7884 -13.45278 -514.0131 -416.6721 -13.57519 344.3164 151.1323 -9.356634 194.9153 301.8186 26.67262 197.6735 302.6265 26.44346 313.378 132.8939 -10.40076 -129.4385 96.40977 3.196004 -492.3897 17.35159 0.4441438 -492.6751 16.34987 0.2775825 -492.5536 15.32347 0.2922908 115.9082 81.80715 -12.80197 115.7912 84.1313 -13.11384 115.723 86.53044 -12.81326 -330.1024 -605.7659 -14.1775 -330.254 -607.6203 -13.99931 -330.7154 -609.5507 -12.78317 -538.3681 -118.5089 -6.194499 -536.3448 -119.4685 -6.489284 -147.8144 26.83454 -13.39415 -149.1593 28.71802 -13.1876 -148.3947 31.01239 -13.42529 -147.5228 33.38948 -13.46868 -256.2968 17.33622 -12.56964 0 0 0 0 0 0 -408.7858 -487.0203 -13.17925 -410.9657 -486.9873 -13.23767 -537.2485 -107.3428 -5.511138 -536.3189 -107.6826 -5.849428 -535.1532 -107.8769 -5.893629 -529.0038 -70.16328 -3.406733 246.0568 107.9539 -11.00948 245.0867 110.1201 -10.64436 358.7307 570.7806 10.34969 358.0368 568.1432 10.20544 -446.7837 -247.0739 -13.19467 -448.5442 -248.3836 -13.40072 334.9812 141.7593 -10.2572 334.7829 143.3214 -9.638499 334.2104 144.7346 -9.327363 -335.8604 -595.4826 -13.26483 -337.5309 -597.3572 -14.23358 -339.0177 -599.0153 -14.18304 -340.3498 -600.5749 -13.16376 -526.5502 -59.40379 -3.236854 -525.4817 -59.52785 -3.574316 -524.2187 -59.53361 -3.680112 -249.2102 81.04354 2.417562 -249.6009 79.51399 2.491436 -249.2967 78.11078 2.305123 -501.8375 7.797109 -0.3917508 -501.312 7.608562 -0.6308555 -500.4605 7.293677 -0.4965568 362.1992 575.7422 9.841701 -376.7949 -0.238797 -13.09 -376.0545 2.207923 -12.92656 -375.9783 4.524236 -12.47138 -70.22851 33.13089 -13.3 -342.6985 -589.4611 -13.50196 -524.7374 -48.35684 -2.427997 -523.7161 -48.48781 -2.580449 -364.3923 -690.6052 -10.54636 -364.4429 -689.5858 -10.55646 -364.5819 -686.5011 -10.29118 -445.0965 -594.8701 -11.25632 -443.9448 -595.0357 -11.03733 -443.1446 -594.6661 -11.09655 456.2858 657.1556 -1.538787 357.813 584.0342 10.55021 356.2318 583.08 10.83672 355.0219 582.723 11.31137 353.4907 582.252 11.40472 -409.814 -476.3423 -13.71303 -159.9065 28.30593 -12.7598 -160.4266 30.19093 -12.94445 -161.1316 32.58904 -12.75407 -473.1296 28.95153 0.5725983 -471.9151 27.79778 0.4613836 -512.9992 -12.96829 -1.16107 -512.2412 -13.62816 -1.432844 -511.3102 -14.2252 -1.510699 243.8632 613.7637 22.47849 245.5585 612.3425 22.78381 247.2019 611.2108 22.7341 34.07378 164.8237 12.34315 34.39329 163.3972 12.20128 34.60299 162.064 12.33481 -532.7575 -82.63359 -4.370813 -531.8833 -82.84649 -4.707182 396.9436 536.6174 6.031058 151.7373 188.6451 12.66708 153.2189 185.7621 11.89128 187.3093 326.8252 28.70517 -37.32418 146.3512 10.58578 -35.46309 145.1158 10.67734 -35.00166 143.6743 10.75879 230.6592 594.7814 22.72083 231.9106 592.4234 22.91794 397.9252 549.3618 3.808557 -412.7951 -475.825 -13.33793 -414.0721 -475.7918 -13.38247 -380.8601 -699.1252 -8.061122 0 0 0 0 0 0 -387.3283 1.256611 -13.10332 -387.3557 3.397029 -12.65684 -485.1854 22.529 0.9171816 -81.93935 20.4284 -13.18448 -85.22903 20.86649 -13.37082 0 0 0 0 0 0 23.07715 153.4059 12.4168 21.78308 162.487 12.33301 22.44995 161.1891 12.22989 22.56019 159.5707 12.43012 22.73408 155.0915 12.77661 400.2392 553.4783 3.631094 400.4744 554.7562 3.555051 -350.7586 -591.7773 -13.40034 -346.8928 -590.2803 -15.54347 -348.7836 -590.8074 -15.25218 303.3401 128.5798 -10.30647 -458.0045 -239.846 -13.74609 -456.2652 -239.3729 -13.51784 131.6933 175.2019 10.9754 446.8159 654.9799 -1.822098 445.7594 653.2362 -2.382876 445.1817 651.3701 -2.527838 348.5393 582.9218 11.15323 0 0 0 0 0 0 292.8888 666.1945 19.57525 293.263 665.0929 19.74205 293.6904 663.7001 19.60451 -146.731 99.61538 3.567326 -146.0022 98.6113 3.746204 -145.4854 97.44558 3.710673 222.941 584.481 22.75916 389.0669 539.7006 7.449256 389.3503 536.7944 7.103267 388.2243 534.004 7.530248 -530.572 -368.5181 -13.4194 -528.0716 -369.0013 -13.06717 -525.4401 -368.9583 -13.16232 352.6143 596.2857 11.28529 347.4536 592.2922 11.72134 -416.4834 -451.7531 -13.56975 -418.619 -453.2387 -13.63085 401.6186 543.4652 4.527755 -410.7494 -405.135 -13.775 -412.2345 -404.9812 -13.88659 -268.8804 66.36987 0.1585237 -376.0946 36.8245 -0.3415085 -377.6622 43.52366 0.4014478 -377.4446 42.22065 0.4865572 -377.1188 40.85169 0.3370628 350.8618 605.7177 11.8805 348.5747 605.5003 12.14097 346.1417 605.0355 12.54163 343.5551 604.7008 12.67059 -387.0834 -699.4816 -8.698713 -386.8995 -697.4794 -10.03855 -386.7569 -694.4555 -10.46911 389.6722 560.5955 2.777164 -158.7966 88.66132 2.512424 -91.02194 20.16782 -13.06935 -91.70303 21.9203 -12.82931 -88.50307 23.552 -11.81809 -89.74788 26.12999 -12.67216 -456.0283 -574.0083 -11.8488 -454.9556 -573.6704 -11.59234 -454.0379 -573.1401 -11.69475 -528.718 -346.2392 -13.01852 345.2537 616.6408 12.88145 342.4874 616.5951 13.05857 396.8594 229.3901 -8.141363 395.424 230.0987 -8.429289 393.0928 230.2271 -8.228764 -387.9815 41.3435 0.6377467 -388.2527 39.97053 0.7153186 -388.0733 38.65018 0.5719324 117.99 178.0567 11.15868 -158.3971 99.86528 3.225066 89.07596 85.72097 -11.77597 90.35757 78.38394 -13.33982 90.53623 80.61324 -13.91403 90.11854 83.02071 -13.41458 267.995 640.0982 21.92363 268.747 639.1047 21.76138 270.6873 635.9526 21.16473 348.626 628.7861 12.62766 347.8981 626.4267 12.42118 -56.97913 135.9562 9.373434 379.5874 539.3804 8.563002 383.1654 572.0729 1.591733 386.246 574.0244 2.316255 -358.9262 -568.6115 -13.14496 -360.8458 -570.3576 -14.02448 -362.6678 -571.1029 -15.12175 -363.9997 -571.822 -15.03548 -468.2854 -218.2508 -13.5321 -469.965 -218.6943 -13.45693 -285.1896 -652.0277 -10.43334 -409.009 3.795373 -12.65268 -407.8199 -5.72029 -14.74063 -408.1406 -3.198591 -14.77122 -409.5164 -0.7417591 -15.2191 -410.2808 0.9689058 -14.80693 -410.5259 2.017216 -13.51612 273.9216 652.3414 21.44882 274.5929 650.9833 21.60683 275.5579 650.2615 21.40119 -102.1353 22.85487 -12.83909 -100.9299 24.57441 -11.65697 -101.3489 27.19551 -12.14937 -398.1382 -698.4715 -9.181301 -398.356 -697.2269 -10.10297 -398.0805 -695.5302 -10.16705 434.5234 329.3224 -5.515548 432.293 330.7215 -5.229749 430.2415 331.247 -5.450671 -472.7845 -207.4399 -13.14907 377.2133 554.4095 8.568861 376.8861 552.6655 8.207818 375.247 552.3896 9.10169 373.8054 551.4335 9.288216 -400.6461 36.99851 0.7202131 -400.0089 35.96895 0.5844307 421.6675 297.3123 -6.483019 419.6639 297.6461 -6.545602 379.6221 198.8914 -7.546543 -534.9781 -346.8747 -12.66329 -531.5302 -345.9259 -12.25578 -532.4535 -346.117 -12.19506 -533.5371 -346.1917 -12.48801 -68.42423 130.5696 8.532814 -67.69715 129.2965 8.561822 -66.92932 128.1308 8.467853 402.6958 241.338 -8.104707 401.142 241.5652 -8.356472 399.8404 242.1244 -8.245087 456.2137 397.5448 -3.842045 454.8789 399.1737 -2.684213 452.7349 399.998 -2.372713 80.00381 78.38082 -12.74547 79.44509 80.28875 -12.44977 343.7986 627.9578 13.12671 341.6776 627.9381 13.23515 442.4593 367.4256 -3.739558 422.5053 308.5008 -5.872954 0 0 0 0 0 0 465.358 434.8593 -3.651135 463.7208 435.3732 -2.731726 461.9291 436.1697 -2.386437 -290.4721 -666.7931 -10.02946 378.3609 576.5256 1.869517 366.4837 176.2949 -8.170969 366.2199 178.2036 -7.935602 365.3757 179.7912 -7.882834 407.4523 249.9087 -8.191829 406.0094 252.1508 -8.344878 404.5186 253.7541 -8.05823 339.5428 639.3159 14.16576 449.1822 375.8033 -3.890344 447.9817 377.3263 -2.866787 446.2678 378.5831 -2.738869 169.5902 352.9744 30.07933 -285.6379 66.75801 1.116023 -285.4344 64.58087 0.9186827 -416.1775 -9.440934 -15.35579 -418.5792 -7.48555 -15.73759 -420.4227 -5.037516 -16.46283 417.9854 287.177 -7.415944 416.212 287.5414 -7.403749 97.6638 163.6109 10.83755 465.9803 446.4373 -2.895009 463.615 446.9873 -2.460158 440.0694 355.1605 -4.255165 438.3772 354.9585 -4.19331 -368.0993 -558.3869 -13.33077 -369.8989 -560.2656 -14.15787 -371.0034 -561.9843 -15.22953 -371.8726 -563.291 -15.10628 -76.01774 117.8073 6.814924 343.5362 642.3364 13.46455 0 0 0 0 0 0 -287.8059 -645.5192 -10.58233 -289.4414 -645.8632 -10.6327 -179.678 85.48932 2.498455 409.6883 263.0805 -8.14328 408.1738 264.3581 -7.999136 406.4015 265.7065 -6.432421 -470.6051 -538.2886 -12.74395 -469.5142 -538.0449 -12.86549 -466.2828 -537.1879 -13.28997 461.2473 423.931 -2.837867 459.5318 423.7752 -2.487721 457.3919 424.1367 -2.487153 369.4293 565.5435 9.268152 369.368 563.8781 8.957986 368.4593 562.8502 9.911076 368.1138 561.0758 10.02261 318.088 665.9319 16.88108 316.9277 664.6976 17.52115 315.6599 663.0877 17.80535 -414.6538 -355.3452 -14.12258 -473.7608 -196.1938 -12.98444 -475.0936 -196.1178 -12.92019 -476.3997 -196.3924 -13.10089 386.3695 635.9686 -0.628316 -536.6107 -308.9414 -11.51747 -535.7061 -309.4411 -11.35093 -534.7297 -309.6469 -11.51062 468.2313 471.1814 -2.953051 -298.516 -670.6903 -9.988106 -299.4133 -669.5578 -10.28469 -295.6066 56.76118 -0.5705183 -294.9411 58.50292 -0.1667187 -474.5072 -183.1462 -13.10711 -476.2536 -184.3928 -12.95778 -477.8975 -185.9081 -13.04255 -537.1312 -297.5014 -11.2568 -536.3483 -297.3094 -10.99962 -535.3594 -297.2737 -11.14361 -62.72332 40.22918 -12.72292 -64.9597 37.71551 -12.92345 -425.5237 -13.42922 -15.23004 368.0672 588.0021 1.913737 369.8591 588.8327 1.587985 161.1718 363.2344 30.6232 161.4122 364.4406 30.4467 -89.34463 120.8699 6.599141 -417.2838 29.909 0.1551488 -537.7063 -287.7061 -11.76214 -537.0608 -287.9583 -11.70339 -46.74256 49.54736 -12.82226 -412.1144 -696.1084 -8.632776 -413.5325 -691.8997 -9.558817 -412.6826 -691.6204 -10.32401 -410.7268 -690.3818 -10.48904 -190.2403 93.21347 3.070919 -190.908 91.79154 3.294033 -190.3957 90.22435 3.247249 -433.3042 -28.69241 -14.49771 -415.7662 -347.0408 -14.09182 -417.6052 -346.1752 -13.96776 -316.0552 9.700884 -12.86305 -316.0157 12.28781 -12.61127 477.8426 527.5355 -4.383392 475.3803 529.2162 -3.774047 472.5077 529.6421 -3.46699 -413.8316 37.77383 0.6717143 -308.2116 53.3627 -0.4664062 -532.6983 -268.3969 -10.8489 0 0 0 0 0 -28.8151 469.0645 494.8879 -2.791996 467.1056 494.6594 -2.811153 378.2725 632.0195 -0.1990454 379.6152 631.0788 -0.4493081 -416.2128 -683.7598 -9.54296 -416.1142 -682.8551 -9.50253 370.7142 601.9475 2.135894 368.1576 602.6229 1.180139 -419.7492 -322.2059 -13.51017 -421.874 -323.0567 -13.52977 -476.9608 -528.9047 -13.22847 -474.9335 -528.8833 -12.89055 -472.8787 -528.4617 -12.97324 -307.4812 61.46009 0.2364919 -307.1253 60.20539 0.3977344 -307.0391 58.8978 0.3338417 -309.6939 -667.1976 -10.6642 -309.5034 -671.0018 -11.6662 -309.0522 -669.8262 -11.72911 -309.2936 -668.2756 -10.98286 -480.6513 -518.8798 -13.44385 -479.1242 -518.1915 -12.98425 -477.463 -517.2556 -13.04198 -475.5849 -516.0334 -13.61781 369.7579 610.5119 2.061597 372.9859 615.3295 2.074395 371.0255 616.3346 0.8175846 -421.5339 -309.3421 -13.53162 -423.0433 -309.1531 -13.44144 -435.6355 -11.34573 -13.67789 -431.516 -11.16031 -16.29932 -433.5444 -11.22627 -15.9821 -435.1174 -12.47968 -14.44653 480.0143 543.9495 -4.718085 476.8627 543.1636 -3.843526 474.101 543.3641 -3.526014 -40.4822 62.48432 -12.57443 355.8939 628.7656 5.976662 358.2018 623.0988 3.051414 359.1289 602.174 2.998509 356.0223 637.6243 6.988383 358.669 608.7553 2.452422 359.6992 598.3015 2.772419 359.0591 633.0572 4.763737 360.8279 592.3612 3.550413</float_array>
          <technique_common>
            <accessor source="#Plane_002-mesh-positions-array" count="1550" stride="3">
              <param name="X" type="float"/>
              <param name="Y" type="float"/>
              <param name="Z" type="float"/>
            </accessor>
          </technique_common>
        </source>
        <source id="Plane_002-mesh-normals">
          <float_array id="Plane_002-mesh-normals-array" count="4680">0.833459 -0.05687421 0.5496466 0.9064708 0.0493384 -0.4193761 0.6766582 -0.06790912 0.733159 0.6508949 0.06571692 -0.7563181 -0.3250404 0.1038873 -0.9399768 -0.753479 0.0696156 -0.6537761 -0.995868 0.02071774 -0.08841836 -0.9260041 -0.0248028 0.3766979 -0.7774311 -0.0477789 0.6271508 -0.3936169 -0.07735621 0.9160141 -0.1547033 -0.08200353 0.9845519 -0.0741651 -7.157e-4 0.9972457 0.02165871 -0.2992864 0.9539175 0.06250751 -0.06658101 0.9958212 0.1811489 0.008363425 0.9834202 0.3072546 -0.1203472 0.943987 0.2492039 -0.04460895 0.9674232 -0.2670366 0.1428343 0.9530424 -0.1623375 0.09631091 0.9820238 -0.1764309 0.200031 0.9637737 0.1251308 -0.2947114 0.9473583 0.04120546 -0.1102947 0.9930444 0.05954939 -0.2982554 0.9526268 0.7402012 0.005809783 -0.6723603 0.2013607 -0.07978105 0.9762628 0.1811749 -0.006688237 0.9834282 0.2580174 -0.06248074 0.9641178 0.1482163 -0.967052 0.2069844 0.07284814 -0.1188729 0.9902336 0.00102204 -0.1214363 0.9925987 0.8480398 0.4000854 0.3475057 0.4790796 0.165314 0.8620639 0.466691 0.2454018 0.8496925 -0.302545 -0.9529254 -0.01999646 0.09184259 0.04597115 0.9947119 -0.04792213 -0.005085825 0.9988382 0.1016256 -0.3279685 0.9392066 0.04592227 -0.1663324 0.9849998 0.1286771 -0.3885805 0.9123856 -0.05996745 0.01326131 0.9981123 0.1135533 0.02717101 0.9931604 -0.04438221 -0.0160762 0.9988853 0.1014097 0.02997881 0.994393 0.1336883 -0.04389131 0.990051 0.1188719 -0.07063627 0.9903939 -0.1875837 -0.9768965 -0.1023995 -0.217763 -0.06044441 0.9741282 -0.09970819 0.2748975 0.9562896 -0.5025458 0.8622874 -0.06251758 0.07534283 0.03496831 0.9965444 0.003499329 0.04828113 0.9988278 0.02960044 -0.0664168 0.9973528 -0.04165577 -0.0891571 0.9951462 0.1304802 -0.3436415 0.9299922 -0.02573561 -0.02329504 0.9993974 -0.03919357 0.01384311 0.9991357 0.0363689 -0.1434796 0.9889848 0.157469 0.05039322 0.9862374 -0.02492636 -0.06044179 0.9978604 0.2641903 -0.0514878 0.9630953 0.04811662 -0.01240807 0.9987646 0.06869071 0.01991909 0.9974392 0.003381907 0.06619107 0.9978013 0.1050246 -0.01222699 0.9943946 0.04673671 -0.02470117 0.9986019 0.0484175 -0.09937012 0.9938719 0.6423015 -0.1110638 0.7583625 0.3838766 -0.1951323 0.9025311 0.4841952 -0.1368964 0.8641843 0.2446834 -0.1529135 0.9574694 -0.08817344 -0.02064102 0.9958913 0.2934089 -0.9511775 -0.09577393 -0.04366338 -0.09500801 0.9945185 0.1609653 -0.3931283 0.9052847 0.2223501 -0.1308135 0.9661513 -0.01760882 -0.998515 0.05155384 0.1034691 -0.03961133 0.9938437 0.3098856 -0.1438856 0.9398234 -0.07126289 0.0597307 0.9956676 0.05518305 0.04442 0.9974877 -0.1610954 0.06896024 0.9845268 0.9768794 -0.2026076 0.06824141 0.1783563 -0.02111953 0.9837394 -0.1012727 -0.02129477 0.9946308 0.043006 -0.0313633 0.9985825 0.1689592 0.03359556 0.9850503 0.02937752 -0.07595115 0.9966788 0.03340446 0.01922231 0.9992572 -0.05966639 0.07588952 0.9953294 -0.04708349 0.003269672 0.9988856 0.2956321 -0.08706974 0.9513257 0.05410838 -0.01458185 0.9984287 -0.7673997 -0.04140669 0.6398307 -0.9013583 0.04225319 -0.4310081 -0.1768699 0.2487373 0.9522851 0.07377362 -0.08014106 0.9940497 0.02242767 0.03356689 0.9991849 0.05999064 -0.01333034 0.9981099 0.00577116 0.03922903 0.9992136 -0.02726769 -0.2048161 0.9784206 0.01350539 -0.04463005 0.9989123 0.1001242 -0.04768627 0.9938316 0.1171869 -0.0852465 0.9894445 0.09167063 -0.02306431 0.9955223 0.2738936 -0.07529985 0.9588077 0.3225436 -0.06492847 0.9443252 0.06722849 -0.09371757 0.9933264 0.1455674 0.01051753 0.9892925 0.1545637 0.04756605 0.9868372 0.08619755 0.03004878 0.9958249 -0.01027131 -0.1141196 0.9934139 0.03494679 -0.1169834 0.9925189 0.2153963 -0.1631333 0.9628043 -0.06279921 -0.04018241 0.9972169 0.5663695 0.3083631 0.7642892 0.413064 0.02591478 0.9103333 0.5220674 0.06584531 0.8503589 0.01151281 -0.08281099 0.9964988 0.05592483 -0.02336543 0.9981616 -0.8746967 -0.3887968 0.2893833 0.0894882 -0.3203606 0.9430594 0.004730463 -0.04627507 0.9989176 0.02977311 -0.2342624 0.9717175 0.2369381 -0.06160724 0.9695695 -0.1333945 -0.08001291 0.9878278 0.2611209 -0.1551252 0.9527602 0.03313279 -0.1085952 0.9935338 0.04106652 -0.1745001 0.9838004 0.137508 -0.2157421 0.9667196 -0.009793102 0.007604658 0.9999232 -0.1137596 0.05697977 0.9918731 0.0270518 -0.06072807 0.9977877 0.06493276 0.02267873 0.9976319 0.05303937 0.03629112 0.9979328 -0.04217308 0.04980742 0.9978681 0.1233134 0.1618658 0.9790778 -0.06587237 0.1321998 0.9890319 0.0149573 0.1470506 0.9890159 0.1920668 -0.0411511 0.9805187 0.2533439 -0.1082216 0.9613038 -0.2532408 0.9654537 0.0613861 -0.006701052 -0.2382285 0.9711861 5.6508e-6 -0.1444465 0.9895126 0.01841682 0.1277083 0.9916408 0.06131416 0.1186887 0.9910367 0.2264048 0.1725588 0.9586263 0.07530158 -0.02231633 0.9969111 0.201875 0.009425938 0.979366 0.230493 0.08984309 0.9689176 0.2929959 0.2896762 0.9111757 0.04201686 0.1215156 0.9916998 0.2802104 0.2573356 0.924803 0.4452295 0.06576257 0.8929983 0.7112622 0.28849 0.6409989 -0.05378395 -0.08364135 0.9950435 0.2494544 0.1222822 0.960635 0.1183454 -0.1009756 0.9878251 0.1414808 -0.248283 0.9583 0.2313471 -0.2191368 0.94787 0.3053357 0.1691069 0.9371089 0.2315968 0.05824279 0.9710668 0.1169437 0.05933588 0.9913644 0.2365911 0.03310894 0.971045 0.1913947 0.03054386 0.9810379 -0.1092673 0.04304999 0.9930799 -0.2598154 0.07442599 0.9627859 0.4098553 0.1479497 0.900072 0.5459535 0.297977 0.7830355 0.4134507 0.2830564 0.8654119 0.02963507 -0.02790743 0.9991712 0.2500569 -0.04776626 0.9670522 -0.121428 0.9919941 0.03468459 0.0468077 0.0370472 0.9982167 0.1083148 -0.1883583 0.9761092 0.07675582 0.001936972 0.9970481 -0.1027277 -0.04598009 0.9936463 0.06722623 0.06867557 0.9953715 -0.1264309 0.03273212 0.9914352 0.4402606 0.01649904 0.8977185 0.3839355 -0.003428578 0.9233536 0.288994 0.06275928 0.9552716 0.09262531 -0.008438944 0.9956653 -0.02733737 -0.02722507 0.9992555 0.07966077 0.01165497 0.9967539 0.1230312 -0.01899278 0.9922211 0.1440394 0.001584529 0.9895707 0.1522722 0.09537076 0.9837264 0.1482279 0.1132631 0.9824459 0.07919448 0.08855545 0.992918 0.1204872 0.2113904 0.9699469 -0.08951592 0.2516031 0.9636819 -0.1330257 0.2937614 0.9465773 0.1864405 0.9772345 0.1012566 0.3829158 0.9195672 -0.08815699 0.1738909 0.1571984 0.9721372 0.1459364 -0.09924232 0.9843037 -0.2946889 -0.3295876 0.8969563 0.04197394 -0.06166929 0.9972137 -0.3241263 0.08154356 0.9424929 -0.8759151 0.3659287 0.3144344 0.1061382 -0.1113697 0.9880949 -0.6010574 0.7989067 -0.02186441 -0.8820293 -0.4707785 -0.01980268 0.2071568 0.1262666 0.9701251 0.08412843 0.01234143 0.9963785 -0.04247325 -0.0359959 0.998449 0.007223427 0.03180605 0.999468 -0.9049516 -0.4083023 0.1197992 -0.9774891 -0.182076 0.1065998 -0.8064531 -0.5907787 0.02477896 0.02155065 -0.03320795 0.9992162 0.8522143 -0.02108377 0.5227679 0.8335044 0.049344 0.550305 0.8255974 -0.09128284 0.5568273 -0.02495431 -0.1594869 0.9868847 -0.05027413 -0.1685003 0.9844188 -0.02932804 0.1178666 0.9925963 -0.02892863 -0.1866909 0.9819928 0.01991158 -0.199433 0.9797092 0.008950829 -0.2781758 0.9604884 -0.2428017 -0.2108016 0.946895 -0.3927012 -0.03796255 0.9188824 -0.09066748 -0.07663142 0.9929286 0.03893613 -0.009822905 0.9991934 -0.04856443 -0.1832649 0.9818633 -0.02831387 -0.01058971 0.9995431 -0.1231982 -0.09853672 0.987478 -0.003750681 -0.06490004 0.9978848 0.511249 -0.09414625 0.8542605 -0.02170854 -0.1545795 0.9877419 -0.1320748 0.1020304 0.9859747 -0.05875003 -0.07171249 0.9956936 0.02221328 -0.2413657 0.97018 0.02064728 -0.08617305 0.9960663 0.01254844 -0.05372822 0.9984768 -0.02856028 -0.2811974 0.9592249 0.02697592 -0.4119744 0.9107961 0.06179189 -0.3979201 0.9153367 0.07696682 -0.01843178 0.9968634 0.1210151 -0.1926687 0.9737731 0.04113966 0.0088436 0.9991143 0.09533375 -0.3728825 0.9229682 -0.02027016 -0.1878408 0.9819903 0.0246917 -0.378252 0.9253733 0.6843118 -0.726352 -0.06426674 0.3138625 0.02210903 0.9492111 0.06538009 -0.299533 0.9518432 -0.01370358 -0.007100582 0.9998809 0.1375705 -0.1290286 0.9820519 -0.005960166 -0.1188963 0.9928889 0.2795714 0.5876339 0.7592933 0.1757014 0.1121665 0.9780327 0.06039506 0.1436631 0.9877821 0.06154429 -0.2906184 0.9548577 0.08340275 -0.20896 0.9743612 -0.960665 -0.04534381 0.2739833 0.01926499 -0.002835154 0.9998105 0.02514719 0.09394222 0.9952601 -0.02510631 0.0732901 0.9969946 -0.2262596 0.1090711 0.9679412 0.0486682 0.005643784 0.9987991 0.005265831 0.008377611 0.9999511 -0.06440067 0.08241039 0.9945155 0.02313071 -0.003683865 0.9997258 0.1832191 -0.09799754 0.9781755 0.1859545 0.1008891 0.977365 0.4059239 0.01340216 0.9138087 0.04978066 -0.210147 0.9764017 0.0342465 -0.1350285 0.9902498 -0.01475876 -0.009894967 0.9998422 -0.06050378 0.2158885 0.9745417 0.02249437 0.09859389 0.9948736 0.009031593 0.01628232 0.9998267 -0.007544875 -0.08432495 0.9964098 -0.01374959 0.03205227 0.9993917 0.01859408 0.05018579 0.9985669 0.4258432 0.2857263 0.8584976 0.3149733 0.2659276 0.9110842 0.2388919 0.3103379 0.9201202 0.02592808 -0.101252 0.994523 -0.02542239 -0.4109214 0.9113163 0.003340005 -0.09874242 0.9951074 -0.1113258 0.06783509 0.9914661 -0.2344551 0.109613 0.9659275 -0.05510741 -0.003703474 0.9984736 -0.04492217 0.005823552 0.9989736 -0.05741894 -0.02875632 0.997936 -0.8540762 -0.5200933 -0.007539331 0.1305876 -0.171846 0.9764302 0.2633724 -0.1887336 0.9460522 0.1747986 -0.2688326 0.947193 0.01604843 0.02281683 0.9996109 0.00516659 0.01506209 0.9998732 -0.3198969 0.1727807 0.9315648 0.1248152 0.1312626 0.9834589 -0.1220123 0.1080473 0.98663 0.05012685 -0.04661685 0.9976544 -0.08083492 -0.06692904 0.9944779 0.215879 -0.1451083 0.9655776 0.2068144 -0.04879957 0.9771624 0.066105 -0.0973348 0.9930539 0.1016588 -0.1587131 0.9820773 0.08642327 -0.08343678 0.9927585 0.08360505 -0.09033697 0.9923958 0.1499075 -0.2212023 0.9636376 0.06649017 -0.3607262 0.9302988 0.02714943 -0.0833804 0.9961479 0.06501466 -0.3481424 0.9351845 0.01903325 0.008684575 0.9997811 0.07995253 0.08958703 0.9927647 0.04848748 7.55697e-4 0.9988235 -0.04559618 -0.2033531 0.9780432 0.04627281 -0.247473 0.9677892 -0.01586997 -0.2239856 0.9744632 0.07108223 0.005609393 0.9974547 0.09434688 -0.1170441 0.9886351 0.06207245 -0.1231802 0.9904412 0.076267 0.02417045 0.9967945 -0.004315018 -0.008562564 0.9999541 0.005169391 -0.01191329 0.9999157 -0.7628265 0.6425812 0.0720092 0.5625711 0.5277444 0.6363959 -0.01031386 -0.07642042 0.9970223 -0.08673417 -0.08058673 0.9929668 -0.05972343 -0.07060247 0.9957151 -0.001867175 -0.1425285 0.989789 0.7378833 0.538909 0.4063316 -0.04093247 0.2168691 0.9753422 -0.07381945 0.007381737 0.9972444 -0.08289694 -0.34534 0.9348093 -0.02083736 -0.1045457 0.9943018 -0.1023893 -0.1979807 0.9748436 0.499173 0.2492619 0.8298764 0.3543162 0.201407 0.9131786 0.4239863 0.4051638 0.8099864 0.01442635 -0.443951 0.8959349 0.003615617 -0.312415 0.9499389 -0.008889734 -0.1102254 0.9938669 0.2554427 0.09464687 0.9621804 0.2911788 0.192684 0.9370633 0.4312632 0.3542176 0.8297844 0.1820832 0.2484979 0.9513646 0.3006306 0.9288979 0.2162635 0.3217843 0.1869482 0.9281731 -0.006788969 -0.2628679 0.964808 0.5279254 -0.8492765 -0.004935324 0.06095844 -0.1542858 0.9861441 0.1815692 -0.1079234 0.9774381 0.1995496 -0.1764436 0.9638713 0.1269047 -0.2327522 0.9642208 -0.007218956 -0.06725609 0.9977096 -0.1057264 -0.4041696 0.9085533 0.3773967 -0.2024683 0.9036473 -0.03870719 -0.0280587 0.9988567 0.3808012 -0.03690665 0.9239202 0.045282 0.004306316 0.998965 0.7329979 -0.1622518 0.660597 0.7616762 -0.03067827 0.6472312 0.7538437 -0.1653128 0.6359179 0.8118855 -0.02272754 0.5833742 0.7945801 -0.1419314 0.5903372 0.7659077 0.113585 0.6328381 0.7377349 0.3816276 0.556873 0.8397198 0.1612563 0.5185238 -0.2985607 0.08131593 0.9509202 0.6798876 -0.3098323 0.6646479 0.6581028 -0.2761496 0.7004585 0.4935236 0.1191319 0.8615347 0.514824 0.03024649 0.8567622 0.472402 0.1658971 0.8656296 0.04951971 -0.217599 0.9747813 -0.2692667 0.007049798 0.9630399 0.01102173 -0.1108607 0.9937748 0.8940263 0.0219047 0.4474787 0.3712759 0.0851835 0.924607 0.8811575 -0.009584009 0.4727259 0.4540155 -1.70642e-4 0.8909938 0.4593732 0.0824694 0.8844066 0.4147357 0.05005896 0.908564 0.5288617 0.1092271 0.84165 0.3736712 0.003000259 0.9275564 0.597435 0.05304133 0.8001614 0.3639284 0.1419626 0.9205448 0.4346261 0.3260771 0.8395083 0.4624754 0.3770507 0.8024645 0.5063887 0.3940845 0.7669864 0.5052955 0.2970452 0.8102102 0.1038559 -0.3061343 0.9463064 -0.01236677 -0.177269 0.9840848 0.1435338 -0.3920917 0.9086596 0.1046438 -0.364494 0.9253074 0.0497533 -0.312673 0.9485569 0.05056214 -0.2853007 0.9571036 0.4872018 0.3317619 0.8078171 0.3524867 0.278729 0.8933439 0.45215 0.3185107 0.8331334 0.3428095 -0.1800323 0.9219924 0.6010099 -0.1217733 0.7899104 0.2042373 0.0194993 0.9787272 0.1151373 0.1241564 0.9855601 0.01299518 0.1928814 0.9811361 -0.04695391 0.2245615 0.9733281 -0.1548157 0.2857024 0.9457305 -0.004997491 -0.07652086 0.9970555 -0.1315996 0.08246326 0.9878671 0.002722084 -0.1036803 0.994607 -0.06281852 -0.03577232 0.9973837 -0.1831265 0.1689654 0.9684603 -0.006582915 0.1636956 0.986489 0.2140819 -0.2776913 0.936513 0.214468 -0.07534259 0.9738209 -0.06618165 -0.07200038 0.9952065 0.3675411 -0.1482324 0.9181181 0.4740647 -0.2313292 0.8495585 0.2898999 -0.09021687 0.9527955 0.1545608 -0.002150118 0.987981 -0.01781052 0.1631143 0.9864464 0.06434863 -9.65694e-4 0.997927 -0.04343569 -0.01555663 0.9989351 0.3757151 0.3591095 0.8543293 0.3680184 0.2446908 0.8970445 0.1461727 0.1127511 0.9828127 0.3673813 0.2003067 0.9082446 0.2953186 0.1944562 0.9354003 0.2753837 0.2852861 0.9180282 -0.01336348 -0.1147632 0.9933031 -0.0157454 -0.1000889 0.9948539 0.02413272 -0.2034498 0.9787879 0.1184729 0.09689182 0.9882187 0.1810582 0.1154571 0.9766718 -0.02909511 0.1749463 0.984148 0.1010699 0.1114664 0.9886152 -0.09626281 0.06510627 0.9932244 -0.03059232 0.005937576 0.9995143 0.2767429 0.1848881 0.9429898 0.7358279 0.2361028 0.6346753 -0.0682851 -0.09687227 0.9929517 -0.02096611 0.2825418 0.9590259 0.2183313 0.2036573 0.9543873 -0.03148466 0.0251879 0.9991869 -0.06177753 -0.1109759 0.9919012 -0.08740228 -0.04754769 0.9950377 0.05583757 -0.04998308 0.997188 0.1287843 0.07375109 0.9889264 0.07245039 0.07599109 0.9944729 0.3924357 0.214438 0.8944332 0.2239456 0.1803747 0.9577649 0.3314705 0.399186 0.8548555 0.07511419 0.05359339 0.9957337 0.3577308 0.2459615 0.9008505 0.1637012 0.08387899 0.9829376 0.1252676 0.1350176 0.9828928 0.375635 0.2642825 0.8882867 0.2396886 0.1459112 0.9598225 0.4708715 0.1817186 0.8632836 0.3722534 0.2399106 0.8965882 -0.115776 0.2912321 0.9496209 -0.0758751 -0.3106626 0.9474871 -0.1567207 -0.03817623 0.9869049 0.3896276 0.1378908 0.9105913 0.09834742 0.1350203 0.9859499 0.1412491 -0.4241367 0.8945149 0.07743549 -0.3398742 0.9372776 0.00610882 -0.1941487 0.9809532 0.02986788 0.02792453 0.9991638 0.064866 -0.05433189 0.9964139 -0.07825964 -0.1159241 0.9901703 -0.08529609 -0.003794014 0.9963485 0.187148 0.2079624 0.9600663 0.3604013 -0.04676395 0.9316245 0.3372422 0.2309713 0.9126445 -0.1006463 -0.03899395 0.9941579 0.3306823 0.4540454 0.8273404 0.3991447 0.1703161 0.9009307 0.2025567 0.1655438 0.9651767 0.1007482 0.05876922 0.9931747 0.08305209 0.0665003 0.994324 0.3917644 0.02644723 0.9196855 0.3421409 0.08871525 0.9354513 0.2857785 0.02195823 0.9580441 0.2557116 -0.1802054 0.9498093 -0.06946152 -0.1075658 0.9917685 -0.2593759 -0.288446 0.9216958 0.07319277 -0.142925 0.9870235 0.1817284 -0.2800744 0.9426203 0.176127 -0.2367061 0.9554839 0.2447541 -0.2507256 0.9366067 0.004780828 -0.252645 0.9675472 -0.01621294 -0.1406387 0.9899283 -0.01927411 -0.1344465 0.9907334 0.03486907 -0.3374859 0.9406846 0.05351328 -0.1815677 0.9819214 0.01758641 -0.191411 0.9813525 0.2338783 0.1214252 0.9646537 0.3315948 0.1438017 0.932398 0.2760193 0.09365832 0.956578 0.04641371 -0.2233888 0.9736238 -0.00372529 -0.1730412 0.9849076 -0.01935881 0.02058738 0.9996007 0.07040911 0.003026843 0.9975137 0.08426499 0.03939777 0.9956643 0.1368033 -0.01239991 0.9905206 0.02437973 -0.1717329 0.9848418 0.03325444 -0.1843634 0.9822954 0.0579375 -0.3531842 0.9337581 0.3942569 -0.04581207 0.9178578 0.2679322 -0.08071714 0.9600506 0.313001 -0.04362434 0.9487504 0.08140933 -0.02584987 0.9963455 0.04099214 -0.06966137 0.9967281 -0.155458 -0.01878637 0.9876639 0.03322249 -0.1259286 0.9914829 -0.0260964 -0.2402159 0.9703686 -0.02612572 -0.1471861 0.9887638 0.07996827 -0.07029759 0.9943156 0.2730882 0.01804304 0.9618198 -0.123543 -0.1529538 0.9804807 0.2777023 0.02200537 0.9604151 -0.08458894 -0.06140345 0.9945222 -0.0950551 -0.05852705 0.99375 -0.02109807 0.07044482 0.9972926 0.0831542 0.0632264 0.994529 -0.00779581 -0.04390919 0.9990051 0.08613443 0.08521819 0.9926322 -0.1104143 -0.001195609 0.993885 0.08184933 -0.03767031 0.9959326 0.1350327 0.008574903 0.9908041 0.0429247 0.02820307 0.9986802 -0.0427494 0.1037505 0.9936842 -0.01510047 0.5568547 0.8304727 0.4792933 0.5893014 0.650386 0.6996329 -0.4749074 0.5338322 0.1214745 -0.06355905 0.9905576 0.138108 -0.07483112 0.9875862 -0.2133885 -0.04763734 0.9758054 -0.01653891 -0.02024477 0.9996582 0.1958303 -0.05647629 0.9790102 0.1312969 -0.02262634 0.9910849 0.2002995 0.005658268 0.9797185 -0.02301353 -0.06770652 0.9974399 0.1046463 0.07072561 0.9919915 0.01556038 -0.1046332 0.9943892 0.03021156 0.0936141 0.9951502 0.4020835 0.6231495 0.6708306 0.05545312 -0.04483747 0.9974541 -0.01559847 -0.2237946 0.9745115 -0.01185703 -0.1763113 0.9842631 0.2433578 -0.1530926 0.9577785 0.1778382 -0.06714451 0.9817664 0.08186423 -0.1267853 0.9885464 -0.9528683 -0.1347622 0.2718111 -0.2123566 -0.03031796 0.9767218 0.146023 0.2367963 0.9605232 -0.05213522 -0.1684111 0.9843372 0.8959611 -0.4192059 0.146698 0.1289482 -0.06351602 0.9896152 0.2504085 0.01131165 0.9680743 0.05012226 -0.3396061 0.9392313 0.01176095 -0.2092407 0.9777935 -0.9708266 -0.1163182 0.2096806 0.1527128 -0.03059321 0.987797 0.01694142 -0.02727651 0.9994844 0.1231909 -0.2662343 0.9560039 0.148724 -0.1057662 0.9832064 -0.1485363 0.7662618 0.6251239 0.04748356 -0.04437482 0.9978859 0.1565262 -0.03993821 0.9868661 0.1109639 0.2104237 0.9712924 7.32971e-4 0.2490122 0.9685 0.09111821 0.3904994 0.9160828 0.6286674 -0.1602021 0.7609944 0.589214 -0.4373697 0.6793634 0.08748322 -0.3068863 0.947717 0.09535467 -0.211109 0.9728003 -0.01941794 -0.06362044 0.9977853 0.0966311 -0.3542142 0.9301584 -0.07461774 -0.0922355 0.9929375 -0.110462 -0.1205104 0.9865472 0.06132191 -0.1389446 0.9883998 0.1463101 -0.147026 0.9782519 0.04107695 -0.2329551 0.9716197 0.02100598 -0.004256308 0.9997703 0.0571736 0.1084819 0.992453 0.2469161 0.1045894 0.9633761 -0.007082641 0.06615966 0.997784 0.7834519 -0.5199717 0.3403418 -0.02989435 -0.03379851 0.9989815 -0.9777758 -0.1605949 -0.1347736 -0.4687573 0.5419254 0.6975554 0.4636849 0.8858466 -0.01650357 -0.9977834 -0.0424717 -0.05123162 -0.2044474 0.4904343 0.8471572 0.1373554 -0.08942437 0.986477 0.1627842 -0.01590073 0.9865337 0.1479357 -0.03529232 0.9883671 -0.1987579 0.0495029 0.9787977 0.03322982 -0.0363025 0.9987882 -0.04652214 -0.05155652 0.9975859 -0.06395643 -0.09173911 0.9937272 -0.1267457 -0.2160175 0.9681282 0.1579155 0.2130035 0.9642055 -0.05642974 0.09570801 0.9938087 -0.8694719 -0.07212173 0.4886893 -0.01489555 0.04082816 0.9990552 -0.008146464 -0.03076249 0.9994935 0.2542136 0.1376113 0.9573081 -0.03518933 0.2261051 0.9734672 -0.3065671 0.5361348 0.7864961 -0.07011711 -0.04633033 0.9964623 0.6223064 -0.07893693 0.7787835 -0.2379469 0.3278434 0.9142757 0.00660187 -0.2460865 0.9692255 0.03722786 -0.3702133 0.9282006 0.07986736 -0.1958745 0.9773712 -0.07253259 -0.100093 0.9923308 0.03773409 -0.3652217 0.9301556 0.051445 0.03683388 0.9979964 -0.0905925 0.1444749 0.9853528 -0.7587533 -0.6504641 0.0344969 0.6788904 0.07332837 0.7305688 -0.02469921 -0.06478857 0.9975934 0.02515178 0.07389432 0.9969489 0.0291171 -0.2130708 0.9766029 0.06765884 -0.01057648 0.9976525 0.04411053 -0.02524214 0.9987078 0.05359548 -0.002908766 0.9985585 -0.01093691 -0.04518878 0.9989186 0.02090877 -0.05691033 0.9981603 0.07101643 -0.008720338 0.9974371 -0.03382927 -0.04433602 0.9984437 -0.9137887 0.398046 0.08092993 -0.04592299 -0.07570946 0.9960719 -0.04645425 -0.1229945 0.9913195 0.002213716 0.03956449 0.9992147 -0.008094072 0.06118839 0.9980934 0.04217517 0.03192359 0.9986002 -0.05686235 -0.2018265 0.9777694 -0.1355022 -0.3303989 0.9340642 0.2814793 0.169464 0.9444847 0.1869369 -0.03139007 0.9818703 -0.004054903 0.007622539 0.9999628 0.02932149 -0.0803408 0.9963362 -0.06206566 0.07305616 0.9953948 -0.1522101 0.1628638 0.9748372 -0.130682 0.1522054 0.9796713 0.4716878 0.1432298 0.8700551 0.06857979 -0.1227354 0.9900671 -0.1423467 0.1098912 0.9836978 -0.3201656 -0.3072388 0.8961576 -0.4808756 -0.3480755 0.8047374 -0.06269365 -0.0985437 0.993156 0.008105695 -0.1207181 0.9926537 0.8071206 -0.2702463 0.5249032 -0.4901031 -0.4402632 0.7523081 0.5530932 -0.2741195 0.7867315 -0.04155212 -0.9944081 0.09708821 0.05556035 -0.1162739 0.991662 0.0748589 -0.3798783 0.9220026 0.04613947 -0.148195 0.9878814 -0.0583961 0.232564 0.9708265 0.03348851 -0.05763071 0.9977762 0.03505641 0.02940833 0.9989526 -0.009692192 -0.1229262 0.9923686 -0.01417034 0.06884247 0.9975269 -0.02024698 -0.001154482 0.9997944 -0.8701901 0.4838044 0.09328818 0.1096203 -0.3677803 0.923429 0.1059293 -0.2210844 0.9694848 0.0547316 -0.1905138 0.9801576 0.1110339 -0.05282884 0.9924115 0.9605168 -0.2572974 0.105857 0.02217739 0.01276159 0.9996727 0.04715585 -0.03211182 0.9983713 0.1182551 0.09710603 0.9882237 -0.0196309 -0.1430089 0.9895267 0.2842788 0.2037687 0.9368373 -0.05672347 0.01130127 0.9983261 -0.1464765 -0.05003041 0.9879482 -0.09366714 -1.84566e-4 0.9956036 -0.5290232 -0.8305297 -0.1742272 0.02439701 -0.003648042 0.9996957 -0.06721413 0.003631651 0.9977321 0.08432137 -0.1754518 0.9808703 -0.07034444 -0.1834358 0.9805117 0.2374354 -0.08513468 0.9676656 0.061908 -0.440747 0.8954941 0.04693716 -0.3305187 0.9426316 0.008995175 -0.07521778 0.9971266 0.05765819 -0.1442095 0.987866 0.1411185 -0.1101326 0.9838477 -0.06328898 -0.1304343 0.9894348 -0.008246958 0.3881804 0.9215465 -0.05403077 0.350486 0.9350082 0.08810335 -0.1525174 0.984366 0.02758783 -0.03415858 0.9990356 0.01586425 0.3069612 0.9515899 0.5174352 0.3539834 0.7790741 -0.03031933 0.04342103 0.9985967 0.05737262 -0.05615621 0.9967722 0.1085093 -0.1447601 0.983499 0.03451168 -0.02453273 0.9991032 -0.02856737 -0.09657579 0.9949157 -0.001660645 -0.1258638 0.9920462 0.05650603 0.007484734 0.9983743 0.1814429 -0.140903 0.9732548 0.01669555 -0.03939491 0.9990843 0.1022847 -0.03207427 0.994238 0.4369323 0.01564496 0.8993583 0.1826205 -0.1832125 0.9659622 0.1763739 0.05233615 0.9829309 0.0690515 -0.06761091 0.9953194 -0.08001041 -0.1810749 0.9802093 0.1649364 -0.1986501 0.9660922 0.05732989 -0.08836561 0.9944369 -0.01868122 -0.1545791 0.9878038 -0.04010355 -0.03519046 0.9985757 0.07252222 -0.1195579 0.990175 -0.1817505 -0.8473134 0.4990258 -0.08233463 -0.1485654 0.9854692 0.03496623 0.02808398 0.9989939 0.08910101 0.04329377 0.9950813 0.03177917 -0.02437645 0.9991976 0.3451608 0.6749325 0.6521734 0.1202102 -0.0478459 0.9915949 0.3521037 0.8712949 0.34186 -0.07027631 0.1201626 0.9902637 0.4818695 0.8561801 -0.1864332 -0.9803816 0.1739026 -0.09279012 0.06324875 -0.2302938 0.9710636 0.08574473 -0.166764 0.9822615 0.04697877 -0.6483821 0.7598643 -0.05368697 -0.1236187 0.9908764 -0.04699957 -0.1347899 0.9897589 0.002172708 0.1592543 0.9872353 -0.05859887 0.2747166 0.959738 0.01598125 -0.02144974 0.9996422 0.1404357 -0.09564101 0.9854596 0.2418127 -0.1048123 0.9646456 0.3156765 -0.7302259 0.6059031 0.01077646 -0.01044619 0.9998874 0.02741676 0.129258 0.9912319 -0.05627888 0.03265345 0.9978811 0.8597003 0.1380708 0.4917845 0.3202157 0.1440184 0.9363337 0.08593654 0.1149432 0.989648 0.853612 -0.5205314 -0.0198431 -0.9234381 0.3485082 0.1606364 0.1731525 0.0956093 0.9802434 -0.745652 -0.6661787 -0.01446491 0.0842694 0.01813566 0.9962781 0.1143187 0.05055356 0.9921571 0.008765697 0.1262337 0.9919619 0.9212377 0.3878282 -0.03017383 0.6485947 0.7264076 -0.2272819 0.03638678 -0.09120339 0.9951673 0.02135926 -0.1285323 0.9914754 -0.0440995 0.3148585 0.9481136 -0.05778974 0.3481075 0.9356718 0.1417582 -0.05017924 0.9886287 0.1070128 -0.03813946 0.9935259 0.4442373 -0.04119414 0.8949617 0.1308354 -0.2694049 0.9540981 0.07233309 -0.1048632 0.9918527 0.5854858 0.1761395 0.7913162 0.01069492 -0.09091573 0.9958012 0.01257342 -0.04177707 0.9990479 0.1147181 -0.08837133 0.9894596 0.03971493 0.01606577 0.999082 0.01101511 -0.01364797 0.9998462 0.009961903 -0.01675009 0.99981 0.1523256 -0.06335103 0.986298 -0.01221781 -0.0256403 0.9995967 0.004773616 -0.04804837 0.9988336 -0.098764 -0.09709638 0.9903627 0.03054666 -0.6121321 0.7901653 0.195968 -0.07413458 0.977804 0.07179063 -0.09336781 0.9930401 0.2930611 0.7817025 0.5505056 0.1378217 -0.03504967 0.9898368 -0.02840089 0.05427938 0.9981219 -0.06529855 0.0254991 0.9975399 -0.0573675 0.03341871 0.9977937 -0.08374959 -0.05095475 0.9951833 0.03177607 -0.5269232 0.8493186 -0.1218402 0.07086122 0.990017 0.1283298 -0.03738534 0.9910266 0.07422971 -0.1974214 0.9775044 0.3309111 -0.07129627 0.9409648 0.1167049 0.08668822 0.9893762 0.003478109 0.01324117 0.9999063 -0.01579135 -0.2417382 0.9702131 0.08338165 -0.3276649 0.9411075 -0.0262866 -0.1110423 0.9934681 0.07085692 -0.1192085 0.9903377 0.05139148 -0.5848417 0.8095178 0.05778461 0.02833139 0.997927 0.007651269 -0.2568655 0.9664169 -0.002612292 -0.01506203 0.9998832 0.04258382 -0.1484463 0.9880033 -0.09038072 -0.1538754 0.983948 -0.02524513 -0.06556439 0.997529 0.4726719 0.01275146 0.8811463 -0.1064977 -0.1030945 0.9889539 0.0307697 0.3071164 0.9511744 -0.1537169 -0.01770114 0.9879564 -0.2411088 -0.1161938 0.9635174 -0.0416252 0.05974036 0.9973458 -0.004473209 -0.3265793 0.9451593 0.02383393 0.05546987 0.9981759 0.06466388 -0.09279417 0.9935833 0.04178452 -0.02137106 0.9988981 -0.4846414 0.2275601 0.8445941 0.1838499 -0.1025883 0.9775862 -0.06783086 -0.04837912 0.9965233 -0.0486958 0.02135658 0.9985853 0.02196002 -0.04868245 0.998573 0.164098 0.004961729 0.9864315 -0.04950112 0.4817323 0.8749192 -0.02584469 0.393449 0.9189831 0.01949965 0.4162203 0.9090548 0.1301816 -0.5126047 0.8486986 0.1838683 -0.1137281 0.9763496 0.1199142 0.8462598 0.5191001 -0.04518657 0.0260986 0.9986376 0.1140027 -0.3521059 0.9289913 -0.02060049 -0.03854495 0.9990445 0.04672336 -0.2515711 0.9667103 0.07174009 -0.04087859 0.9965853 -0.02733713 -0.09627127 0.9949797 0.08086967 -0.2426258 0.9667434 0.1144562 -0.2554044 0.9600357 0.09977447 -0.1998839 0.9747264 0.3370131 -0.9300515 0.1463779 -0.120947 -0.06844085 0.9902969 -0.3422309 -0.2259334 0.9120484 -0.1687038 -0.1364116 0.9761818 0.2372348 0.1105785 0.9651384 0.09194505 0.01960742 0.9955711 -0.06345629 -0.05622196 0.9963998 0.09764653 0.1679627 0.9809454 0.624271 0.7149893 0.3147634 -0.1197189 0.2936548 0.9483851 0.4947063 -0.2727468 0.8251515 0.2596522 0.6444162 -0.7192416 0.5110948 -0.0644375 0.8571056 0.3294705 -0.07796388 0.9409415 0.3435851 -0.07201337 0.9363564 -0.05781298 0.224091 0.9728519 0.1439468 -0.3348267 0.9312199 0.04108452 -0.2266798 0.9731024 0.1980598 -0.076882 0.9771702 -0.117857 0.987383 0.1057572 0.1053284 -0.02985674 0.9939892 0.01536184 -0.1066625 0.9941766 -0.001071751 0.240119 0.970743 -0.0900554 -0.04085052 0.9950987 0.3213057 0.4635224 0.8257783 0.1692996 -0.04709124 0.984439 0.1076291 -0.212903 0.9711274 0.3705182 0.1539492 0.9159781 0.4609891 0.1870559 0.8674671 0.3717723 0.1994901 0.9066361 0.1380724 0.04366433 0.9894592 0.1197335 0.06429243 0.9907222 0.2350443 0.1053428 0.9662593 0.136689 -0.07370984 0.9878679 0.1182942 -0.06424623 0.9908981 0.01852107 7.21208e-4 0.9998283 0.01497828 -0.1512141 0.9883875 0.1676908 -0.03723609 0.9851362 -0.1558738 -0.3077098 0.9386257 0.1166442 -0.1951158 0.9738193 0.08400237 -0.1326355 0.9875989 0.1781628 -0.2059267 0.9622122 0.857905 0.0276302 0.513065 -0.4494392 0.3590229 0.8179896 -0.2287519 -0.09110879 0.9692119 -0.09141504 0.1031223 0.990459 0.174832 0.002619504 0.9845948 -0.955401 -0.2948511 0.01648658 0.1909524 0.03928428 0.9808129 0.2408045 0.05440163 0.9690479 0.05564939 -0.005245625 0.9984367 0.1447902 -0.06492155 0.9873303 0.2784662 -0.1607449 0.946899 0.2124279 -0.02818334 0.9767703 0.1878772 0.009293973 0.9821486 -0.3241733 0.9457781 -0.02038568 -0.02379739 0.05721372 0.9980783 3.77176e-5 0.02553683 0.9996739 0.5325918 0.114583 0.8385802 -0.01802211 0.009233355 0.999795 0.00274688 -0.1015565 0.9948261 0.04429054 -0.03204554 0.9985046 0.1745533 0.09128183 0.9804075 0.1975324 -0.07488757 0.9774318 -0.04404437 0.01116794 0.9989672 0.1535669 -0.2728614 0.9497178 0.0280295 -0.1990234 0.9795938 -0.07095009 0.07688301 0.9945126 0.02114003 0.06949335 0.9973585 0.07546019 0.01626539 0.9970163 0.05608773 0.03548693 0.9977951 -0.1850428 0.03382599 0.9821481 0.09937763 -0.4284771 0.8980711 0.05109906 0.101342 0.9935386 0.008575677 0.005123972 0.9999501 -0.1906442 0.2372028 0.95257 -0.1040175 0.4704179 0.8762919 -0.05689859 0.2416685 0.9686893 -0.03309959 -0.07265973 0.9968074 0.006194889 -0.2806707 0.9597842 0.02610743 -0.0972225 0.9949203 0.1487377 0.08130645 0.9855284 -0.02694964 -0.04557126 0.9985976 0.3756816 0.1014667 0.9211775 -0.1001212 -0.1288258 0.9866001 0.0145747 -0.1452358 0.9892898 -0.6759901 -0.7355211 0.04523497 -0.09137648 -0.165259 0.9820081 -0.07693338 -0.01249676 0.996958 0.04536581 0.006950855 0.9989463 0.05162954 -0.02453458 0.9983649 0.9914895 0.1180007 0.05499541 -0.6615642 0.7336674 -0.1551291 0.3116972 -0.7598414 0.5705137 0.5316002 0.8459749 -0.04156684 0.1399759 -0.06167513 0.9882323 0.6877228 0.2489034 0.681971 -0.1583561 0.9862371 0.04753893 -0.9506826 -0.2969266 0.08964973 -0.05625402 -0.09911572 0.9934846 -0.02426052 -0.02880388 0.9992907 -0.01972329 0.03849792 0.999064 -0.09041488 -0.08831125 0.991981 -0.05744284 -0.07481002 0.9955421 -0.2135803 -0.03163379 0.9764133 0.04490846 -0.04713714 0.9978785 -0.02078789 -0.03552776 0.9991525 -0.3815971 -0.9220069 -0.06547665 -0.07595056 -0.007166981 0.9970859 0.4703894 0.1584628 0.8681148 0.4443542 0.3003998 0.8439843 0.1943691 -0.2029804 0.9596977 0.2808519 -0.2919422 0.9142713 0.1390541 -0.553717 0.8210126 -0.06483894 0.4157012 0.9071871 0.2934438 -0.233005 0.9271459 0.2533209 -0.09479039 0.9627271 0.06042194 -0.1340051 0.989137 -0.0469461 -0.1677899 0.9847043 0.02431178 0.1407206 0.9897508 0.5189353 0.07363885 0.8516358 0.1584421 0.004050195 0.98736 0.6183095 0.2114672 0.7569512 -0.01499825 -0.003944993 0.9998798 0.04549521 0.01388424 0.9988682 0.06341922 -0.004577338 0.9979765 0.4013211 -0.09623396 0.910868 -0.01042789 -0.113873 0.9934406 0.1565141 -0.1411215 0.9775419 -0.6395667 -0.7666877 -0.05607628 -0.005367696 -0.2781197 0.9605314 0.3117392 -0.01269757 0.950083 -0.008460938 0.1911854 0.9815175 0.1813345 -0.04084914 0.9825728 0.02731883 -0.08883118 0.9956721 0.06856393 -0.005096256 0.9976337 0.0518614 0.09153139 0.9944509 -0.02978366 -0.2580412 0.9656748 0.09741127 -0.3927609 0.914467 0.4551305 0.8836953 -0.1092659 0.3025604 -2.31621e-4 0.9531302 0.06155329 -0.03054422 0.9976363 0.04677343 -0.1650021 0.9851835 -0.04915732 -0.1794298 0.9825419 0.08781641 -0.2727425 0.9580709 -0.01591038 -0.1562945 0.9875824 -0.3512902 -0.2123755 0.9118617 0.1647244 0.1916798 0.9675354 0.1447532 -0.05010026 0.9881986 -0.04003262 -0.03771179 0.9984865 0.05805951 -0.003757417 0.9983062 0.0266627 -0.006096959 0.9996259 0.00840193 -0.1333661 0.9910312 0.119443 -0.3477824 0.9299359 0.1098653 -0.1935204 0.9749254 -0.08725142 -0.09220296 0.9919102 -0.1482809 0.0449689 0.9879224 -0.003899216 -0.05633378 0.9984044 0.1688093 -0.4771413 0.8624613 0.1331776 -0.3065328 0.9424974 0.04084277 -0.4015355 0.9149324 0.4130741 -0.7087267 0.5719058 -0.1952531 0.04051703 -0.9799156 -0.1471633 0.9887295 -0.02751463 0.1022697 -0.09983706 0.9897341 -0.05208688 -0.08407312 0.9950974 0.7952251 0.1890461 0.5760891 0.07893276 0.4444632 0.8923128 0.2520888 0.1596566 0.9544428 0.08046019 -0.0185303 0.9965856 0.1304578 0.3271735 0.9359158 0.1835074 0.2040657 0.9616039 0.1426937 0.2499359 0.9576902 -0.1852847 -0.1687549 0.9680864 0.03796935 -0.1127592 0.9928967 -0.05424141 0.0771932 0.9955397 0.05728554 -0.08020812 0.9951307 0.2722408 -0.1398984 0.952005 0.07059442 -0.06491249 0.9953908 0.02931272 -0.04445093 0.9985814 0.3580763 -0.1176189 0.9262544 0.2484629 0.03985559 0.9678212 0.01147532 -0.01801651 0.9997718 -0.05420392 -0.04767394 0.9973912 0.008541047 -0.07047796 0.9974768 -0.1913802 -0.006158769 0.9814968 0.01959329 -0.006164669 0.9997891 -0.07608079 -0.02425581 0.9968067 0.3433121 0.1844116 0.9209393 -0.03825449 -0.120389 0.9919894 0.3501731 -0.1567355 0.9234787 0.1696209 0.02151125 0.9852747 -0.08352756 -0.04917871 0.9952913 -0.009775876 0.08947521 0.9959411 0.3880261 -0.02708339 0.9212504 -0.190575 0.03372484 0.9810932 0.1227319 -0.07468062 0.9896261 0.9881755 -0.1393886 0.06387519 -0.08268016 0.1657718 0.9826921 0.09715628 -0.2219421 0.9702075 0.1224758 -0.112557 0.9860683 -0.01455646 -0.09428757 0.9954386 -0.009123027 -0.1947013 0.9808202 -0.1230826 -0.07084804 0.9898642 0.04438638 -0.2888817 0.9563354 0.0409854 -0.03804892 0.998435 -0.05002903 -0.02510923 0.9984322 -0.831355 0.5166242 0.2048137 0.2037241 0.477106 0.8549073 0.2174367 0.2004497 0.9552702 -0.8808316 0.4700101 -0.05680114 0.09318345 0.1065408 0.9899323 0.1208428 7.51648e-4 0.9926714 0.138054 0.01129955 0.9903603 0.04055941 -0.08428275 0.9956161 0.02079814 -0.03283464 0.9992444 -0.1240089 0.0672127 0.9900022 0.3174489 -0.07016468 0.945676 0.0126754 -0.03280985 0.9993813 0.01076608 -0.2565314 0.966476 -0.0566563 0.04616016 0.9973261 0.07269519 -0.1777425 0.9813884 -0.1281833 -0.01762318 0.991594 0.2081863 -0.4153918 0.885499 0.6354228 -0.3229176 0.7014002 -0.1610933 -0.03961092 0.9861441 -0.07346302 0.96906 0.2356396 0.1598133 -0.4233253 0.891771 0.04578775 -0.2114856 0.976308 0.3178474 0.03155791 0.9476166 0.06599652 -0.1783713 0.9817475 0.0478878 0.08937835 0.9948459 0.08044159 -0.01476085 0.99665 0.2132422 -0.2108954 0.953966 0.17629 0.4380905 0.8814753 -0.9601105 -0.2613462 -0.09942954 0.04238969 0.03918582 0.9983325 -0.03460752 -0.2353551 0.9712931 0.02924335 -0.2319313 0.9722926 0.08458244 -0.1876407 0.9785892 0.02642536 -0.07167851 0.9970777 0.02491867 0.1474495 0.9887557 -0.1588644 -0.01420855 0.9871982 0.363686 -0.2542202 0.896161 0.3018363 -0.1003013 0.9480689 0.3835539 -0.1890859 0.9039541 0.08832603 0.1111647 0.9898692 -0.02014702 -0.01478898 0.9996877 0.006944239 -0.956202 0.2926254 0.7863372 0.616383 -0.04178529 -0.9904078 0.1276285 -0.05294567 0.3754844 -0.03271406 0.9262513 0.292491 0.0325036 0.9557157 0.2016081 0.1344954 0.9701883 0.4276378 0.3218097 0.8447275 0.0665304 -0.02991658 0.9973359 -0.2505212 0.9677226 0.02742648 0.05620205 -0.2622622 0.9633587 -0.0340777 -0.001933097 0.9994174 0.003424823 -0.01030302 0.9999411 0.0681318 0.1399012 0.9878187 0.08891004 -0.127269 0.9878754 0.05853837 0.02596187 0.9979475 0.07459115 0.2794085 0.9572706 0.211659 0.1029078 0.9719107 0.02212631 -0.04460656 0.9987596 0.02205967 0.005565643 0.9997412 -0.8522315 -0.01551926 0.5229347 0.09752821 0.02634447 0.9948841 0.01168715 0.08240187 0.9965307 0.1571922 0.1022435 0.9822612 -2.97458e-4 -0.06027805 0.9981817 0.01659977 0.09468275 0.9953691 -0.01667159 -0.09129124 0.9956847 0.05628561 0.009225487 0.9983721 -0.005698025 -0.04384583 0.9990221 0.1198612 0.04793882 0.9916326 0.0538637 -0.015693 0.998425 -0.02148211 -0.02959334 0.9993312 0.03028351 0.03469073 0.9989392 -0.1756749 0.2084419 0.9621281 -0.07078397 0.06264287 0.9955227 -0.08278411 0.117404 0.9896278 0.07930493 -0.2368822 0.9682962 -0.01018953 -0.1376721 0.9904255 0.7202872 -0.1182815 0.6835173 -0.1155872 0.7101603 0.6944869 -0.03827887 -0.06073409 0.9974198 0.9812087 -0.01950061 0.1919618 0.06750017 -0.05617386 0.9961367 0.06150031 -0.2372108 0.9695096 0.04747903 -0.05557847 0.9973248 -0.131836 -0.01448321 0.9911658 -0.01982992 -0.03041905 0.9993405 -0.05712372 0.01664054 0.9982285 0.1408324 -0.004353344 0.9900239 0.3000476 0.3360587 0.8927688 0.3334304 0.2945913 0.895567 0.1803135 0.2970104 0.937695 -0.5063241 0.09966617 0.8565645 -0.01641899 -0.26376 0.9644487 0.04382127 -0.02558368 0.9987118 -0.03778827 0.9858887 0.1630818 0.03312909 -0.181311 0.9828677 -0.3980246 0.9122945 0.09641128 0.05741393 0.08048766 0.9951007 0.1319754 0.03627401 0.9905892 0.0406571 -0.08908861 0.9951936 0.2069585 -0.1132724 0.9717703 -0.06509476 0.12084 0.9905354 0.04425454 0.01667803 0.9988812 0.1377508 -0.01616191 0.9903351 0.385314 -0.03016436 0.9222924 0.3159518 0.1548522 -0.9360531 0.2486727 0.09444415 0.9639722 -0.06140798 -0.08265763 0.9946843 -0.03043019 -0.2390674 0.9705261 0.02666479 0.02757871 0.999264 0.04667574 -0.1370738 0.9894606 0.01193052 0.04296928 0.9990051 0.0568791 0.2895665 0.9554665 0.1069843 0.08833479 0.990329 -0.0905441 0.119899 0.9886487 -0.07360917 -0.02538675 0.996964 -0.004833698 -0.1282254 0.9917333 -0.06242847 -0.06050825 0.9962136 -0.6140453 -0.2626504 0.744287 0.1988131 0.07203805 0.9773863 -0.0350551 0.06451004 0.9973012 0.4366169 0.01355868 0.8995454 0.09585791 -0.09055054 0.9912678 0.09544336 -0.05768281 0.9937622 0.1011267 -0.1105739 0.9887098 0.09164726 0.03378307 0.9952184 -0.06915503 -0.05717939 0.9959659 0.56871 -0.1781436 0.8030154 0.0499078 0.03738069 0.9980541 0.1142329 -0.05703854 0.9918152 0.01687443 -0.07807624 0.9968046 0.06840521 0.1656602 0.9838076 0.5662766 0.02712202 0.823769 0.1136398 0.05429971 0.9920371 0.01996886 0.1689826 0.9854167 0.09721601 0.1145887 0.9886448 0.1976868 -0.1207545 0.9727992 0.1617932 -0.08636409 0.9830383 0.100685 -0.08471465 0.9913053 0.003352701 -0.1670773 0.9859381 0.0305525 -0.3351839 0.9416573 0.1046536 -0.2959467 0.9494542 0.04963165 0.01522445 0.9986516 -0.0673592 0.01022052 0.9976764 0.1162875 0.03103029 0.9927307 0.9791986 -0.1906061 0.06956595 0.07975882 0.001171708 0.9968136 0.1275916 -0.01264196 0.9917463 0.06525492 -0.1947565 0.9786786 0.9345673 -0.1455991 0.3246305 -0.03692817 -0.05364066 0.9978772 -0.06375271 0.1046305 0.9924657 -0.06797814 -0.04188215 0.9968074 -0.04915201 -0.02949321 0.9983558 0.06602907 0.03194928 0.9973061 0.3738259 -0.1402573 0.9168327 0.05046439 -0.2986568 0.9530255 -0.002513885 -0.1156917 0.9932821 0.3932852 -0.2242841 0.8916409 -0.2094305 0.008964717 0.9777824 -0.03892928 -0.03131067 0.9987514 0.07277333 -0.05232614 0.9959749 0.1453201 -0.006682395 0.9893622 -0.8318812 0.5448517 -0.1054059 0.0841301 -0.02742666 0.9960773 0.1199234 -0.04555064 0.9917377 0.1423123 -0.07773333 0.9867649 -0.04900497 -0.009715616 0.9987513 0.08974653 -0.02600169 0.9956252 0.211107 0.01826232 0.9772924 -0.02312427 -0.17084 0.9850274 0.2183706 -0.07913011 0.9726524 -0.02369344 0.007999598 0.9996873 0.01192641 -0.1390305 0.9902163 0.1149836 -0.04739254 0.9922363 0.05195027 0.2750511 0.9600251 0.01936668 -0.06295812 0.9978283 0.06042075 0.08293151 0.994722 0.3042297 -0.9490814 0.0817855 0.04593807 -0.213189 0.9759304 0.134325 -0.03519195 0.9903122 -0.003541111 -0.2023285 0.9793114 0.05283468 -0.2953924 0.953914 0.05451649 0.05871301 0.9967852 -0.008977949 0.2075204 0.9781895 -0.1022843 0.2823404 0.9538458 0.05612772 -0.1082807 0.9925347 0.03618186 -0.01814556 0.9991805 -0.008403599 0.06980317 0.9975255 0.1734662 -0.2702409 0.9470372 0.01765334 -0.007038533 0.9998194 0.05244672 -0.1358152 0.989345 0.246405 -0.1789324 0.9525061 0.0639978 -0.1657544 0.9840884 -0.06900495 -0.07732379 0.9946152 0.03453058 -0.2309852 0.9723444 -0.08546978 -0.4550786 0.8863399 0.007506787 -0.1648309 0.9862934 0.1537321 0.04811102 0.9869406 0.04835206 -0.2260857 0.9729067 -0.1129493 -0.05683571 0.9919739 0.399707 -0.04067558 0.9157401 0.1428106 0.04171288 0.9888707 0.04174166 -0.2943245 0.9547936 0.5343446 -0.2794665 0.7977309 0.3634565 0.07926893 0.9282326 0.3269622 0.3866153 0.8623365 0.1067672 -0.1155679 0.9875448 0.04225289 -0.2212762 0.9742954 0.120958 -0.3803433 0.9169015 0.1838943 0.09869945 0.9779782 0.07767701 0.02656394 0.9966247 0.1179198 0.1007399 0.9879 -0.02473855 -0.09056192 0.9955835 0.0368092 -0.09504264 0.9947925 0.04539388 0.009706616 0.9989221 -0.569621 0.8129941 0.1207172 -0.1478512 0.1206912 0.9816179 0.3781403 0.0445767 0.9246745 0.290698 0.004110753 0.956806 0.2228283 0.1139689 0.9681729 0.2046098 0.05695062 0.9771854 0.01667064 0.00180298 0.9998595 0.2017908 0.1503655 0.9678176 0.305943 -0.1685082 0.9370186 -0.03467571 0.1077308 0.9935752 -0.09034156 -0.01248317 0.9958327 -0.1058576 0.0974701 0.9895928 -0.1046945 -0.09253323 0.9901903 0.2248266 -0.1371901 0.9646927 0.0259822 -0.2508527 0.9676766 -0.135188 -0.07787746 0.9877547 0.02906203 0.1017861 0.9943817 -0.009156644 0.04228651 0.9990636 0.003161668 -0.103843 0.9945887 0.3678581 -0.06749373 0.9274294 -0.067236 -0.1550558 0.985615 -0.2484507 -0.09713 0.9637625 0.01768875 -0.2707996 0.9624732 -0.9738207 0.1841564 0.1332656 0.006310164 0.1745096 -0.9846352 0.0235939 -0.1642906 0.9861298 0.0483765 -0.2388366 0.969854 0.09454548 -0.1144858 0.9889156 0.3091315 -0.9477143 -0.07921707 0.02195632 -0.08291077 0.9963151 0.05014824 0.005342423 0.9987276 0.06060695 0.1207193 0.9908348 0.05466723 0.02225095 0.9982568 -0.02564591 0.04763275 0.9985357 0.05236071 -0.2100134 0.9762954 0.04791939 -0.01186019 0.9987808 0.04040759 -0.0494734 0.9979578 -0.9911338 -0.1210402 -0.05480098 -0.9363487 -0.3401888 -0.08673393 -0.5812756 -0.4039521 0.7063579 0.05154436 -0.135537 0.9894306 -0.7975189 0.6012843 0.04920381 -0.9737996 -0.2226681 0.04618871 -0.005198776 -0.008477866 0.9999506 0.08394336 0.0295282 0.996033 -0.04596835 -0.2587991 0.9648368 0.1481587 0.157133 0.9764007 0.139479 -0.3683859 0.9191504 0.02406913 -0.1271127 0.9915962 -0.06114745 0.02951169 0.9976925 0.2332051 -0.04774707 0.9712547 0.04826843 0.03705936 0.9981467 0.1125363 0.003907442 0.99364 0.1024642 -0.1654679 0.980878 0.06153798 0.001327812 0.9981039 0.1411774 -0.02558505 0.9896537 0.06748145 -0.1810425 0.9811574 -0.1020174 0.09836888 0.9899072 0.07511889 -0.05181038 0.9958278 0.06840425 -0.07907211 0.9945193 -0.05710101 -0.03624778 0.9977102 0.04289084 -0.100836 0.9939782 0.05747681 -0.08382701 0.9948213 0.1108486 -0.0595234 0.9920532 0.005656898 -0.05429011 0.9985092 0.0158022 -0.2451669 0.9693522 0.05360674 -0.3208494 0.945612 -0.1105658 0.01741975 0.9937162 0.08603405 -0.1541519 0.9842944 0.006292998 -0.2085199 0.9779979 -0.004358291 -0.02958077 0.9995529 0.09781801 -0.06438416 0.9931195 0.05855941 0.0576089 0.9966203 0.2151122 -0.3345551 -0.9174965 0.009467959 -0.1942242 0.9809115 -0.02783334 -0.02075612 0.9993971 0.01654708 -0.05774641 0.9981942 -0.06976181 -0.9918586 0.1065361 -0.03978204 -0.05889827 0.997471 0.002216875 -0.1023918 0.9947417 0.07808732 -0.1946435 0.9777609 0.02035659 -0.1450673 0.9892124 0.1221748 -0.006046056 0.9924902 -0.09595233 0.003257274 0.9953807 0.7542534 -0.02349191 0.656163 0.006294369 -0.2711775 0.9625089 -0.01351553 -0.03343343 0.9993497 0.01429516 -0.3307602 0.9436066 0.05546253 -0.2043627 0.9773228 -0.09687656 -0.1040465 0.9898431 0.1034727 -0.1881816 0.9766684 -0.03838491 -0.2606514 0.9646697 -0.07086408 -0.01478177 0.9973765 -0.1064922 0.02566862 0.9939822 -5.08167e-5 -0.1962792 0.9805481 0.03352808 -0.0387724 0.9986855 0.05292075 -0.1203463 0.9913205 0.07304847 -0.01247406 0.9972504 0.03055042 0.09330558 0.9951687 0.1341189 -0.3254925 0.9359845 0.1357284 -0.04158002 0.9898732 -0.03196597 -0.1098624 0.9934327 0.05863052 -0.156069 0.9860045 0.1528674 -0.06452727 0.9861378 0.1342906 0.08637291 0.9871706 0.313839 -0.9492228 -0.0219419 -0.006942868 -0.1539765 0.9880502 0.1794632 -0.150967 0.9721121 0.2154173 -0.04278254 0.9755845 -0.7567693 0.6533721 -0.02013421 0.1097096 0.02938657 0.9935292 0.1710098 0.005177617 0.9852557 -0.100517 0.1056069 0.9893147 0.01575618 -0.01480656 0.9997663 -0.5844259 0.7061658 0.3997203 -0.1776546 -0.6965623 0.6951545 0.3638277 -0.6103074 0.7036721 -0.7737942 0.2708036 0.5726325 0.0901094 -0.3124191 0.945661 0.05448251 -0.2504717 0.9665898 0.03160578 -0.2715579 0.961903 0.1311584 -0.3355216 0.9328573 0.02923762 0.04939788 0.9983512 -0.06332033 -0.01645898 0.9978576 -0.1656416 -0.081842 0.9827842 -0.06040227 -0.003961801 0.9981663 -0.02661168 0.00365746 0.9996392 -0.08780372 0.3410678 0.9359291 -0.01294982 -0.04302906 0.9989899 0.01470994 -0.1572028 0.9874568 0.9249899 0.3774678 0.04372447 -0.05392187 0.07103991 0.996015 0.8283397 0.5343752 -0.168216 0.2262582 -0.1320005 0.965082 0.07929795 0.005540251 0.9968357 -0.006520152 0.09986108 0.99498 -0.8838762 0.1783595 -0.432378 -0.01349365 0.02285695 0.9996477 -0.2466281 -0.1061852 0.9632753 -0.1853109 -0.119846 0.9753445 0.3721076 -0.156008 0.914985 0.09862476 -0.005347907 0.9951104 0.1246103 -0.1806213 0.9756272 0.4097123 -0.1201777 0.9042639 0.3023608 0.05381554 0.9516733 0.01085788 -0.2827807 0.9591231 0.3606057 -0.0567224 0.9309921 0.1295666 0.05576968 0.9900012 0.5780186 -0.1133322 0.8081154 0.3517366 -0.2662901 0.8974247 -0.1309363 -0.1534401 0.9794447 0.2476933 -0.1509493 0.957007 0.7950811 0.2257922 -0.5629067 0.05616134 -0.02506405 0.9981071 0.1339277 -0.2566103 0.9571911 0.03992295 -0.1700904 0.9846195 0.2562699 0.2030888 0.9450295 -0.066051 0.1188635 0.9907112 0.9355163 -0.191254 -0.2970373 0.6968823 -0.5996183 0.393463 0.014795 0.1833027 0.9829453 -0.01981127 0.008866786 0.9997645 0.1402732 0.0467596 0.9890081 -0.1128678 0.2824022 0.9526331 0.01904726 0.04468256 0.9988197 0.007110893 -0.1898576 0.981786 0.05844706 -0.3096032 0.9490678 0.08939939 -0.2474596 0.964765 0.1360478 0.01013064 0.9906505 -0.9931229 -0.026753 0.1139792 0.3317232 -0.129689 0.9344199 0.02133834 0.0414043 0.9989147 0.01897317 -0.01579123 0.9996954 0.09627616 0.01556146 0.995233 -0.9486536 -0.3144224 0.0345661 0.2416148 0.1516569 0.958448 -0.9560194 -0.2910542 -0.03625637 -0.02837914 -0.0217489 0.9993607 0.1405506 0.02736276 0.9896953 0.2462548 0.0425499 0.9682708 0.9714326 0.2209248 0.08666712 0.9885308 -0.1487655 -0.02599716 -0.04726785 -0.006048262 0.9988639 -0.1136206 -0.004754006 0.9935129 -0.422943 -0.5022652 0.7542208 -0.7656069 -0.2322149 0.5999352 0.02033716 -0.02949035 0.9993582 0.1252573 -0.08875644 0.9881463 -0.1337912 -0.9862971 0.09653002 0.8848544 0.4628596 0.0528568 -0.9739838 -0.2263074 -0.0118559 -0.1491233 -0.01279634 0.9887358 0.1478682 -0.03564268 0.9883646 0.08034271 0.1233181 0.9891096 0.005378842 0.03199189 0.9994736 0.07287955 0.01679813 0.9971993 -0.1016024 0.1318333 0.9860513 0.09101325 -0.0358327 0.9952048 0.1512449 -0.02352994 0.9882163 0.09818768 -0.002612948 0.9951646 0.1733309 -0.09764796 0.9800109 0.08484911 -0.04630732 0.9953172 0.1681317 -0.03626757 0.9850972 -0.03188508 -0.07472509 0.9966943 0.1018213 -0.1330074 0.985871 0.1532361 0.01573401 0.9880644 -0.622212 0.7729161 0.1243105 0.3084776 0.9512226 -0.004133582 -0.1031767 0.02238142 -0.9944112 -0.08450192 -0.00491631 -0.9964113 -0.1615541 0.003847897 -0.9868565 -0.1179507 0.09227418 -0.988723 0.08606243 -0.02452117 0.995988 0.02289682 0.007618963 0.9997088 0.204633 -0.0767672 0.9758239 0.2030315 0.03980261 0.9783629 0.199697 -0.09520798 0.9752213 0.2173681 -0.1030403 0.9706358 0.004279792 -0.1754254 0.9844834 0.9082627 -0.4132055 -0.06572836 -0.02891939 0.8615259 -0.5068894 0.9803187 0.1971603 0.01015371 -0.04002767 0.1165169 0.9923818 -0.4553776 -0.7917892 -0.4070641 0.1867938 -0.03328782 0.981835 0.06760716 0.03961688 0.9969252 0.1093643 0.004249274 0.9939927 0.03492987 0.04413056 0.9984149 -0.3629782 -0.6675622 -0.6500828 0.847242 0.3449751 0.4039473 0.1423898 -0.1020096 0.9845401 -0.01995807 -0.08471751 0.9962052 0.06168514 -0.08438658 0.9945219 0.3840587 0.02107155 0.9230682 -0.2959616 0.6190255 0.7274712 -0.693184 0.04678541 0.7192407 -0.2676519 0.5831634 0.7669962 -0.7756304 0.1451721 0.614266 0.4959849 -0.7255097 0.4771108 0.3190192 0.3791832 -0.868589 0.4101163 -2.59802e-4 0.9120333 0.3892332 0.09541898 0.9161839 0.6407694 -0.3883005 0.662297 0.1997082 -0.01927655 0.9796658 0.204934 0.01423358 0.9786723 0.07232075 -0.243475 0.9672072 0.1156437 -0.2432319 0.9630498 0.08532381 -0.3468869 0.9340178 -0.09047812 0.2219406 0.9708533 0.1005771 -0.1640455 0.9813121 0.02182239 -0.1389341 0.9900612 -0.03013896 -0.05468273 0.9980489 0.06294929 -0.2002124 0.9777282 0.1493827 -0.0745064 0.9859684 0.1849086 -0.004698634 0.9827446 -0.004321038 -0.04104924 0.9991478 0.009679198 -0.01601791 0.999825 -0.101091 -0.01091146 0.9948173 -0.08594369 0.05067229 0.9950106 0.1314901 0.04615134 0.9902426 -0.08155339 -0.1148248 0.9900326 0.02030438 -0.02537149 0.9994719 0.1242094 -0.005413889 0.9922413 -0.01401096 -0.04568409 0.9988577 -0.01868188 0.00115174 0.9998248 0.01676154 0.06050556 0.9980272 -0.03930073 -0.1702356 0.9846194 0.08972543 -0.01470869 0.995858 -0.03702265 -0.09397268 0.9948862 -0.02867293 -0.09536063 0.9950298 -0.09688568 -0.1415521 0.9851783 0.02355307 -0.1522712 0.988058 0.05194407 -0.1456551 0.9879708 0.06711316 -0.08262658 0.9943182 -4.51184e-4 -0.1981256 0.9801765 0.06230372 -0.08262497 0.9946314 0.04611104 -0.1339514 0.9899146 0.02566301 -0.2082787 0.9777328 -0.005396723 -0.06861609 0.9976286 0.002558887 -0.005136072 0.9999836 0.001317262 -0.2620059 0.9650655 0.0660001 -0.1182623 0.9907866 -0.153395 -0.03397756 0.9875807 0.07056438 -0.2001882 0.977213 0.1401277 -0.3269123 0.9346083 0.1494166 -0.3643682 0.9191902 0.0469771 -0.318939 0.9466103 -0.06201422 -0.2700711 0.9608413 0.05374658 -0.262768 0.963361 -0.1759611 -0.5162141 -0.838189 0.1573624 -0.3757156 0.9132771 0.006846189 -0.1277748 0.9917796 -0.2995287 0.4311587 0.8511081 -0.03340405 -0.0157693 0.9993176 -0.009801745 -0.08750122 0.9961163 -0.002677261 -0.07266145 0.9973531 0.07744413 -0.22393 0.9715235 0.1313572 0.1552991 0.9790952 0.09317028 -0.1479644 0.9845943 0.03628903 -0.157535 0.9868465 0.06060975 -0.3292888 0.942282 -0.2925908 0.1524426 0.9440084 0.05796426 -0.1079732 0.9924626 0.1469245 -0.2678452 0.9521933</float_array>
          <technique_common>
            <accessor source="#Plane_002-mesh-normals-array" count="1560" stride="3">
              <param name="X" type="float"/>
              <param name="Y" type="float"/>
              <param name="Z" type="float"/>
            </accessor>
          </technique_common>
        </source>
        <source id="Plane_002-mesh-map-0">
          <float_array id="Plane_002-mesh-map-0-array" count="17820">0.9536424 0.9933775 0.9602648 1 0.9536424 1 0.9602649 0.9933775 0.9668874 1 0.9602648 1 0.9668874 0.9933775 0.9735099 1 0.9668874 1 0.97351 0.9933775 0.9801325 1 0.9735099 1 0.9801325 0.9933775 0.986755 1 0.9801325 1 0.2715231 0.5325922 0.2715231 0.5298013 0.2716997 0.5325698 0.7420493 0.9139073 0.7417219 0.9139073 0.7417219 0.9135514 0.7472546 0.9134143 0.7475088 0.9131547 0.7478686 0.9139073 0.6887416 0.5769656 0.6868647 0.5784884 0.686964 0.5781918 0.9602649 0.9933775 0.9536424 0.9933775 0.9602647 0.9867549 0.2044113 0.4834437 0.205298 0.4834437 0.2059225 0.4900661 0.2847682 0.5039463 0.2781457 0.5038953 0.2913907 0.5041809 0.3245033 0.04635757 0.3178808 0.05960255 0.3178808 0.04635757 0.1804361 0.1456953 0.1829914 0.1473275 0.1827049 0.1472073 0.2582782 0.5281988 0.2516556 0.5239105 0.2516556 0.5235627 0.2147701 0.3167217 0.2179135 0.3178808 0.2119206 0.3178808 0.1798731 0.410596 0.1854304 0.4179536 0.1854304 0.423841 0.9801325 0.9801325 0.9735099 0.9801325 0.9735099 0.9735099 0.1729366 0.1721854 0.175915 0.1704133 0.1784753 0.1721854 0.2485046 0.5261538 0.245033 0.5290252 0.2483288 0.5231788 0.1397917 0.4039735 0.1421865 0.4044894 0.1419277 0.4045229 0.8205902 0.9271522 0.8182848 0.9250789 0.8185634 0.9250721 0.1882556 0.3534609 0.1854304 0.3576158 0.1879423 0.3533546 0.1494802 0.253382 0.1464912 0.2516556 0.1523179 0.2516556 0.7350993 0.917794 0.7382499 0.9205297 0.7350993 0.9238805 0.7927 0.7367405 0.7947021 0.7360516 0.7929596 0.7366859 0.7735126 0.6622514 0.7710278 0.6678244 0.7682121 0.6622514 0.9602649 0.6092713 1 0.6225163 1 0.6556288 0.7417219 0.9076496 0.7472546 0.9134143 0.7423933 0.9139073 0.8206661 0.8609271 0.8206647 0.861353 0.8177776 0.8614992 0.2278712 0.1760641 0.231085 0.1721854 0.2281793 0.1761662 0.6264266 0.8553386 0.6239452 0.8609271 0.6261159 0.8555559 0.8129876 0.7880793 0.8107452 0.7893767 0.8104623 0.7894177 0.9735099 0.9867549 0.9668873 0.9867549 0.9668874 0.9801326 0.3576161 0.7549666 0.5975434 0.8161574 0.6133692 0.8446194 0.7962746 0.9362807 0.7962108 0.9365721 0.7947021 0.938839 0.7218545 0.9271522 0.7086095 0.9403973 0.6953645 0.9403973 0.7907104 0.7203637 0.7880799 0.7211309 0.7929477 0.7152314 0.7518724 0.8700804 0.752171 0.8702608 0.7483446 0.8734345 0.2715231 0.5325922 0.2716997 0.5325698 0.2781457 0.5358241 0.7842047 0.6972163 0.7839222 0.6973119 0.7863641 0.6953639 0.7386252 0.8940396 0.7417219 0.9006623 0.7391592 0.9006623 0.1622622 0.2161329 0.1448845 0.3328789 0.1456953 0.3178808 0.6636695 0.5726136 0.6635935 0.5729026 0.6622515 0.5701798 0.7807388 0.6887414 0.7794173 0.6904132 0.7791324 0.6905153 0.553655 0.5525861 0.5496692 0.5502569 0.5562914 0.5503212 0.7423236 0.9176231 0.7427534 0.9172663 0.7483447 0.9201769 0.8145697 0.8675495 0.8177346 0.8695217 0.8173999 0.8695356 0.7682121 0.8609271 0.7686164 0.8612709 0.7682121 0.8616486 0.7644535 0.653151 0.7615894 0.6545702 0.7672885 0.6490063 0.2913907 0.5041809 0.4039735 0.5165563 0.3302446 0.5099338 0.7629836 0.8665234 0.7621033 0.8675495 0.7615896 0.8675495 0.758198 0.8561431 0.7597497 0.858436 0.754967 0.8602622 0.754967 0.8741721 0.7553222 0.8807946 0.7549671 0.8807946 0.7344036 0.8966962 0.7350993 0.8940396 0.7391592 0.9006623 0.7498005 0.8688323 0.7500079 0.8689571 0.7483446 0.8734345 0.7486854 0.9205297 0.7549671 0.9266461 0.7483446 0.9205297 0.7443279 0.8748748 0.7464961 0.8762519 0.7417219 0.8800606 0.7417219 0.9006623 0.7420275 0.9006623 0.7417219 0.9009604 0.7417219 0.9072846 0.7431373 0.9079318 0.7417219 0.9076496 0.7391616 0.8904993 0.7417219 0.8874171 0.7417219 0.8940396 0.8079473 0.8013244 0.8110494 0.7977535 0.8139288 0.8013244 0.8172902 0.8535155 0.8203072 0.8543046 0.8145697 0.8543046 0.7423579 0.9006623 0.7423277 0.8940396 0.7472997 0.9006623 0.728477 0.9271522 0.7350993 0.9337747 0.7284769 0.9337747 0.1854304 0.3642383 0.1854304 0.3576158 0.1876181 0.3615732 0.8094941 0.8278145 0.7682123 0.821192 0.8085755 0.8145695 0.7427636 0.8920438 0.7483446 0.887825 0.7431501 0.8922653 0.2955044 0.05298012 0.2913907 0.04757624 0.2972761 0.05298012 0.7145848 0.9403973 0.710656 0.9456251 0.7094339 0.9431076 0.6298541 0.7019864 0.6318709 0.70311 0.6295509 0.7023827 0.152318 0.4759314 0.1538096 0.4900662 0.1548045 0.491927 0.6762599 0.9271523 0.6754968 0.926362 0.6782981 0.9263816 0.1494802 0.253382 0.1464061 0.2582781 0.1491566 0.2533007 0.1532317 0.2251655 0.1589404 0.2126394 0.1536642 0.221679 0.1829914 0.1473275 0.179598 0.1523178 0.1827049 0.1472073 0.2847682 0.5039463 0.2913907 0.5041809 0.2901175 0.5065954 0.3311257 0.01986747 0.3245033 0.02649003 0.3245033 0.01986747 0.4238411 0.5223919 0.4238411 0.5168995 0.4254173 0.5188592 0.4437088 0.5820228 0.4422105 0.5761588 0.4437087 0.5761588 0.2719287 0.1110746 0.2715231 0.1106824 0.2770938 0.1059603 0.8174381 0.8615166 0.8205932 0.8675495 0.8145697 0.8675495 0.1703054 0.5112167 0.170114 0.5114212 0.1663418 0.5099338 0.7379432 0.9139073 0.7382499 0.9205297 0.7350993 0.917794 0.4635764 0.5894038 0.4610459 0.593181 0.4627743 0.5894038 0.5936833 0.5577616 0.589404 0.5562914 0.5937438 0.5574837 0.5470203 0.6092713 0.5470915 0.6086842 0.5496693 0.6087395 0.4645631 0.5214622 0.4649587 0.5181189 0.4652005 0.5178498 0.3443709 0.5505216 0.3413298 0.5504128 0.3414186 0.550081 0.6782981 0.9263816 0.6804049 0.9247974 0.6785039 0.9262267 0.561707 0.5533282 0.5562914 0.5503212 0.5617652 0.5530129 0.1456953 0.4437085 0.1456953 0.449538 0.1436818 0.4445667 0.7686164 0.8612709 0.7682121 0.8604832 0.7682121 0.8675495 0.5562916 0.6026488 0.5551859 0.6092713 0.5496693 0.6087395 0.5547189 0.61244 0.5543351 0.6151053 0.5496693 0.6151212 0.546685 0.6120143 0.5466443 0.6123468 0.5430464 0.6151205 0.5386019 0.612058 0.5385669 0.6123836 0.5364239 0.6150624 0.3377484 0.0927152 0.3377484 0.1059603 0.3311258 0.09933775 0.6014604 0.559748 0.5960264 0.5569142 0.6015254 0.5594502 0.2803577 0.04689437 0.2847682 0.047091 0.2794857 0.04982167 0.5298016 0.6092714 0.5302869 0.6117773 0.5298016 0.614573 0.2847682 0.1721854 0.2781457 0.1788079 0.2781457 0.1721854 0.4437087 0.510663 0.4437087 0.5099338 0.448683 0.5106766 0.4992191 0.6053226 0.4991428 0.605622 0.4966889 0.6078907 0.7549671 0.8815633 0.7553769 0.8811299 0.7586906 0.8839815 0.4834438 0.5033112 0.4768212 0.5099338 0.4768212 0.5033112 0.1390728 0.3841059 0.1344777 0.3841059 0.1366262 0.3805348 0.9801325 0.9933775 0.97351 0.9933775 0.9735099 0.9867549 0.7417219 0.9012571 0.7462593 0.9022037 0.7417219 0.9072846 0.758198 0.8561431 0.754967 0.8543046 0.7571583 0.8543046 0.4635764 0.5165563 0.4652005 0.5178498 0.4635764 0.5176387 0.4635764 0.5231788 0.4569537 0.5298013 0.4569537 0.5231788 0.4635764 0.5298013 0.4569537 0.5364238 0.4569537 0.5298013 0.216848 0.519874 0.2119204 0.5178485 0.2119204 0.5175327 0.7476304 0.9006623 0.757386 0.8720599 0.7748346 0.9006623 0.4105961 0.5687573 0.4105961 0.5629138 0.4121531 0.5633675 0.1854304 0.3576158 0.1908206 0.3576158 0.1876181 0.3615732 0.3931313 0.5200658 0.3907285 0.517224 0.3931648 0.519764 0.6490067 0.8883997 0.6536337 0.8949292 0.6513698 0.8966139 0.4178925 0.5720077 0.4172185 0.5742347 0.4172185 0.5695363 0.4039735 0.5165563 0.4039735 0.5169182 0.4015374 0.5169239 0.4031535 0.5659137 0.4025605 0.5685587 0.3973511 0.5681673 0.231788 0.5029034 0.2265173 0.4998355 0.231788 0.4973914 0.3245034 0.1059603 0.3311258 0.1059603 0.3245034 0.1125828 0.3774835 0.5562914 0.3800805 0.55675 0.3774835 0.5568414 0.746874 0.8764923 0.7479981 0.8741721 0.7483445 0.8741721 0.2649007 0.1059603 0.2715232 0.1059603 0.2672743 0.1064431 0.3708609 0.5562914 0.3642385 0.5621308 0.3642385 0.5562914 0.1059603 0.5629138 0.1523179 0.5099338 0.1390728 0.5496688 0.1538096 0.4900662 0.1571797 0.4910501 0.1569422 0.4911367 0.3377484 0.0927152 0.3311258 0.09933775 0.3311258 0.0927152 0.3311258 0.09933775 0.3377484 0.1059603 0.3311258 0.1059603 0.8176857 0.9015095 0.8205525 0.9072846 0.815416 0.9072846 0.3245033 0 0.3311257 0.006622493 0.3245033 0.006622493 0.3245033 0.006622493 0.3311257 0.01324492 0.3245033 0.01324492 0.3245033 0.01324492 0.3311257 0.01986747 0.3245033 0.01986747 0.3311257 0.03311252 0.3245033 0.03973501 0.3245033 0.03311252 0.7462593 0.9022037 0.7472997 0.9006623 0.7466281 0.9022813 0.3178808 0 0.3245033 0.006622493 0.3178808 0.006622493 0.3245033 0.02649003 0.3178808 0.03311252 0.3178808 0.02649003 0.3245033 0.03311252 0.3178808 0.03973501 0.3178808 0.03311252 0.3245033 0.03973501 0.3178808 0.04635757 0.3178808 0.03973501 0.2980132 0.542281 0.2947013 0.5395333 0.2948057 0.5392047 0.3245033 0.05960255 0.3178808 0.06622517 0.3178808 0.05960255 0.3245033 0.06622517 0.3178808 0.07284766 0.3178808 0.06622517 0.7335496 0.904146 0.7343483 0.9006622 0.7379798 0.9018906 0.3178808 0.0927152 0.3245034 0.09933775 0.3178808 0.09933775 0.3245034 0.09933775 0.3178808 0.1059603 0.3178808 0.09933775 0.3178808 0.1125828 0.3245034 0.1192052 0.3178808 0.1192052 0.3105908 0.5430463 0.3046359 0.5430463 0.3046359 0.5416127 0.3178808 0.5430463 0.318645 0.5434982 0.3178808 0.5462315 0.2913907 0.1655629 0.2847682 0.1655629 0.2913907 0.1589403 0.3112582 0.01324492 0.3178808 0.01986747 0.3112582 0.01986747 0.3178808 0.01986747 0.3112582 0.02649003 0.3112582 0.01986747 0.3178808 0.02649003 0.3112582 0.03311252 0.3112582 0.02649003 0.3178808 0.03311252 0.3112582 0.03973501 0.3112582 0.03311252 0.3178808 0.03973501 0.3112582 0.04635757 0.3112582 0.03973501 0.5994082 0.6286092 0.5990908 0.6291388 0.5960264 0.6285674 0.2781457 0.05227088 0.2776235 0.04635757 0.2781457 0.04682642 0.754967 0.6307552 0.7536723 0.6315193 0.754967 0.6298605 0.3046357 0 0.3112582 0.006622493 0.3046357 0.006622493 0.3112582 0.006622493 0.3046357 0.01324492 0.3046357 0.006622493 0.3112582 0.01324492 0.3046357 0.01986747 0.3046357 0.01324492 0.8156796 0.9139073 0.815416 0.9072846 0.8178947 0.909517 0.3112583 0.1125828 0.3046358 0.1192052 0.2980132 0.1192052 0.3046358 0.1456953 0.3112583 0.1523178 0.3046358 0.1523178 0.2649006 0.4981126 0.2671874 0.498252 0.2715231 0.4985361 0.3046357 0 0.2980132 0.006622493 0.2980132 0 0.3046357 0.006622493 0.2980132 0.01324492 0.2980132 0.006622493 0.2516556 0.03973501 0.2566123 0.04183489 0.2559127 0.0443198 0.3046358 0.1192052 0.2980132 0.1258278 0.2980132 0.1192052 0.4761935 0.5982171 0.475385 0.6005569 0.4635764 0.5894038 0.2656052 0.0401743 0.2715231 0.04121714 0.2715231 0.04635757 0.4039735 0.5231788 0.4039735 0.5173087 0.4092462 0.5201085 0.2980132 0.1258278 0.2913907 0.1324503 0.2913907 0.1258278 0.2980132 0.1324503 0.2913907 0.1390728 0.2913907 0.1324503 0.2913907 0.1589403 0.2980132 0.1655629 0.2913907 0.1655629 0.7417219 0.8741721 0.7443279 0.8748748 0.7417219 0.8800606 0.2913907 0.1456953 0.2847682 0.1523178 0.2847682 0.1456953 0.2913907 0.1523178 0.2847682 0.1589403 0.2847682 0.1523178 0.2913907 0.1589403 0.2847682 0.1655629 0.2847682 0.1589403 0.2847682 0.1721854 0.2913907 0.1788079 0.2847682 0.1788079 0.2781457 0.04635757 0.2803577 0.04689437 0.2781457 0.04682642 0.2824177 0.09933775 0.2781457 0.1049165 0.2781457 0.09933775 0.2847682 0.1655629 0.2781457 0.1721854 0.2781457 0.1655629 0.2781457 0.5298013 0.2805706 0.5307332 0.2781457 0.5302199 0.2770938 0.1059603 0.2715231 0.1106824 0.2715232 0.1059603 0.8145697 0.8675495 0.8145697 0.8616611 0.8174381 0.8615166 0.8041445 0.9398409 0.7956958 0.9389577 0.8013248 0.9337747 0.2404408 0.1371393 0.2393743 0.1390728 0.2444375 0.1324503 0.2595465 0.1211038 0.2593564 0.1209472 0.2582781 0.1200597 0.3178808 0.006622493 0.3112582 0.01324492 0.3112582 0.006622493 0.2649007 0.1854304 0.2582781 0.1920529 0.2582781 0.1854304 0.2649006 0.231788 0.2582781 0.2384105 0.2582781 0.231788 0.7417219 0.9271522 0.7350993 0.9337747 0.7350993 0.9238805 0.2539814 0.1267223 0.2558469 0.1281746 0.2516556 0.1317163 0.2582782 0.4569536 0.2516556 0.4635761 0.2516556 0.4569536 0.2507818 0.5005191 0.245033 0.49744 0.2508213 0.500187 0.3443709 0.5364238 0.3377484 0.5298013 0.3443709 0.5298013 0.2384105 0.3377482 0.245033 0.3443708 0.2384105 0.3443708 0.231788 0.5231788 0.2322726 0.5257655 0.231788 0.528653 0.2251655 0.1788079 0.2262032 0.1840296 0.2251655 0.183741 0.1854304 0.5165563 0.1854304 0.5155593 0.192053 0.5159733 0.231788 0.423841 0.2251655 0.4304635 0.2251655 0.423841 0.2245218 0.1986754 0.2216253 0.1993665 0.2212957 0.1993257 0.2427753 0.5001794 0.2384105 0.5033112 0.2384105 0.4974377 0.2239314 0.2847682 0.2213498 0.2856436 0.2210536 0.2855829 0.219551 0.2934138 0.2192898 0.2933651 0.2185431 0.293226 0.7364326 0.8794043 0.7386559 0.8807946 0.7383866 0.8806264 0.179598 0.1523178 0.1822659 0.1557448 0.1819777 0.1556301 0.2145192 0.3249 0.2167419 0.3253905 0.2119206 0.3303923 0.97351 0.9933775 0.9668874 0.9933775 0.9668873 0.9867549 0.7468717 0.9139073 0.7427534 0.9172663 0.7423933 0.9139073 0.6003251 0.7477914 0.5968068 0.7483441 0.6001434 0.7475688 0.1854304 0.423841 0.1899247 0.423841 0.1878384 0.424932 0.8205805 0.9139074 0.8180911 0.9174615 0.8156796 0.9139073 0.1914259 0.450331 0.1889703 0.4492815 0.205298 0.4172185 0.2006544 0.519559 0.2005974 0.5198718 0.1986755 0.5224224 0.818208 0.9326716 0.8205902 0.9271522 0.8184874 0.9327718 0.5862933 0.5535948 0.5827814 0.5562914 0.5827814 0.5509285 0.08609265 0.4701986 0.1398535 0.4289056 0.1400226 0.437086 0.7562038 0.8741721 0.7556826 0.8807946 0.7558268 0.8741721 0.2508213 0.500187 0.2516556 0.4974386 0.2507818 0.5005191 0.8073291 0.7814568 0.8054598 0.7825278 0.8023751 0.7814568 0.2980132 0.5364238 0.3030605 0.5396734 0.2980132 0.542281 0.7417219 0.8741721 0.7382412 0.8807945 0.7407047 0.8874171 0.2913907 0.05298012 0.2955044 0.05298012 0.2943859 0.05687445 0.1428821 0.3008969 0.1425551 0.3008664 0.139844 0.2980132 0.8145697 0.8609271 0.8177776 0.8614992 0.8174381 0.8615166 0.231788 0.03403788 0.2251654 0.03451645 0.2251655 0.03417319 0.3311258 0.0927152 0.3245034 0.0927152 0.3245034 0.08609271 0.7012495 0.5827813 0.7012674 0.585331 0.6953643 0.5827813 0.3488376 0.55285 0.3443709 0.5508432 0.3443709 0.5505216 0.5968068 0.7483441 0.5982729 0.7452494 0.6001434 0.7475688 0.6001434 0.7475688 0.5982729 0.7452494 0.6003251 0.7477914 0.4304636 0.5165563 0.4254173 0.5188592 0.4252915 0.5185997 0.5827814 0.5509285 0.5780847 0.5535874 0.5781509 0.5532657 0.5543351 0.6151053 0.5547189 0.61244 0.5547649 0.6121194 0.736966 0.9072846 0.7417219 0.9012571 0.7417219 0.9072846 0.7483447 0.9201769 0.7427534 0.9172663 0.7483447 0.9198086 0.2516556 0.1258278 0.2509127 0.1324503 0.245033 0.1324503 0.1691222 0.1848874 0.1694365 0.1849957 0.1665732 0.1840042 0.1938363 0.4560202 0.192053 0.4510669 0.1940798 0.4559302 0.1938363 0.4560202 0.1940798 0.4559302 0.1974281 0.4569535 0.1420142 0.3327737 0.1397385 0.3326927 0.1397441 0.3311257 0.1420142 0.3327737 0.1422888 0.3327834 0.1397385 0.3326927 0.2425268 0.1383448 0.2393743 0.1390728 0.2423171 0.1382248 0.2423171 0.1382248 0.2404408 0.1371393 0.245033 0.1383441 0.245033 0.1324503 0.2404408 0.1371393 0.2444375 0.1324503 0.2878715 0.05039209 0.2871314 0.05298012 0.2847682 0.05298012 0.2879579 0.05008929 0.2878715 0.05039209 0.2886521 0.04763334 0.141864 0.3405851 0.1396714 0.3404356 0.1397634 0.3377482 0.141864 0.3405851 0.1421286 0.3406031 0.1396714 0.3404356 0.6566818 0.5675314 0.6572677 0.5651396 0.6615029 0.5695363 0.6556292 0.5642903 0.6572677 0.5651396 0.6566818 0.5675314 0.3046359 0.5416127 0.3030605 0.5396734 0.3032898 0.5389816 0.190528 0.1418707 0.1876518 0.1406148 0.1862094 0.1390728 0.5074006 0.6058511 0.5067485 0.6085069 0.5074797 0.6055324 0.5430465 0.6092713 0.5470915 0.6086842 0.5470203 0.6092713 0.6239452 0.8609271 0.629139 0.8609271 0.629139 0.8635337 0.6233031 0.8543044 0.6264266 0.8553386 0.6261159 0.8555559 0.7306028 0.9035318 0.7331747 0.9072847 0.7284769 0.9072846 0.7556826 0.8807946 0.7562038 0.8741721 0.7586906 0.8839815 0.7675032 0.6556288 0.7674026 0.6516976 0.7672885 0.6490063 0.4238411 0.5223919 0.4172185 0.5231788 0.4172186 0.5202187 0.5165564 0.6086276 0.5154501 0.6060243 0.5165564 0.6038092 0.4238411 0.5168995 0.4172186 0.5165563 0.4238411 0.5165563 0.2404688 0.1465188 0.2442535 0.1456953 0.240703 0.1466463 0.546307 0.6151006 0.5466443 0.6123468 0.546685 0.6120143 0.2636816 0.04635757 0.2582781 0.04038327 0.2649006 0.04048138 0.7344036 0.8966962 0.7350993 0.8936941 0.7350993 0.8940396 0.7644535 0.653151 0.7675032 0.6556288 0.7615894 0.6556288 0.6026494 0.742494 0.6003251 0.7477914 0.5982729 0.7452494 0.5930913 0.7515839 0.5933181 0.7518703 0.5912058 0.7491638 0.2781457 0.5302199 0.2715231 0.5298013 0.2781457 0.5298013 0.2781457 0.5302199 0.2805706 0.5307332 0.2804362 0.531219 0.3245034 0.07947015 0.3178808 0.07284766 0.3245033 0.06622517 0.2913907 0.1655629 0.2913907 0.1788079 0.2847682 0.1721854 0.5861176 0.7549666 0.5863258 0.7555958 0.5855857 0.7549666 0.2781457 0.04682642 0.2794857 0.04982167 0.2781457 0.05227088 0.2167587 0.5205456 0.2185431 0.5220263 0.2185431 0.5231788 0.2794857 0.04982167 0.2795758 0.04951667 0.2803577 0.04689437 0.4633844 0.5192049 0.4635764 0.5179044 0.4649587 0.5181189 0.4992191 0.6053226 0.4966889 0.6078907 0.4966888 0.6026487 0.6208766 0.8493565 0.6211028 0.8492048 0.6187096 0.8508166 0.6754965 0.5562914 0.668874 0.5496688 0.6754965 0.5496688 0.8179914 0.9014879 0.820525 0.9013081 0.8205525 0.9072846 0.8176857 0.9015095 0.8150939 0.901693 0.8150536 0.9006623 0.7549671 0.8811764 0.7489963 0.8860813 0.7483446 0.8874171 0.2582781 0.1324503 0.2432785 0.1480327 0.2443798 0.1390728 0.5933181 0.7518703 0.5894042 0.7549666 0.5894043 0.7493158 0.4985355 0.6080659 0.4991428 0.605622 0.4992191 0.6053226 0.6344839 0.6622514 0.6299189 0.6688738 0.6324445 0.6634673 0.3509933 0.5553236 0.3562664 0.555617 0.3509933 0.5562914 0.3509933 0.5562914 0.3562664 0.555617 0.3561458 0.5562914 0.4684504 0.5231788 0.4635764 0.5165563 0.4768212 0.5099338 0.4172186 0.5202187 0.4172185 0.5231788 0.410596 0.5231788 0.273428 0.04227018 0.2715231 0.04121714 0.2715231 0.04087543 0.2726659 0.04477113 0.2721906 0.04635757 0.2715231 0.04121714 0.2727414 0.04452013 0.273428 0.04227018 0.2776235 0.04635757 0.7417219 0.8874171 0.7417219 0.8807946 0.7483446 0.8874171 0.2001236 0.522482 0.2005974 0.5198718 0.2006544 0.519559 0.3245034 0.1125828 0.3245034 0.1192052 0.3178808 0.1125828 0.5382794 0.6150799 0.5385669 0.6123836 0.5386019 0.612058 0.4645631 0.5214622 0.4635764 0.5298013 0.4635764 0.5231788 0.5562915 0.5554032 0.553655 0.5525861 0.5562914 0.5503212 0.6321816 0.6635649 0.6299374 0.6644208 0.629785 0.6622514 0.6321816 0.6635649 0.6324445 0.6634673 0.6299374 0.6644208 0.8156796 0.9139073 0.8180911 0.9174615 0.8158565 0.9205297 0.4687869 0.5259021 0.4662049 0.5316933 0.4684504 0.5231788 0.7308133 0.9115796 0.7331747 0.9072847 0.733484 0.9072846 0.1523179 0.5099338 0.152318 0.5562914 0.1390728 0.5496688 0.2174382 0.3245033 0.2167419 0.3253905 0.217103 0.3245033 0.217103 0.3245033 0.2145192 0.3249 0.2142608 0.3248449 0.7483446 0.9205297 0.7549671 0.9266461 0.7483447 0.9271522 0.2251656 0.4972075 0.2245454 0.4966887 0.2207441 0.4927406 0.633152 0.671746 0.6328245 0.6718264 0.6300969 0.6725024 0.6158941 0.8468671 0.6153875 0.8432971 0.6158941 0.842965 0.6151852 0.8434295 0.6133692 0.8446194 0.610803 0.8410595 0.6151852 0.8434295 0.6153875 0.8432971 0.6133692 0.8446194 0.586095 0.785645 0.5834848 0.7867497 0.5834116 0.7814567 0.586095 0.785645 0.5864033 0.7855126 0.5834848 0.7867497 0.2781457 0.04635757 0.2776235 0.04635757 0.273428 0.04227018 0.2516556 0.5235627 0.2490419 0.523555 0.2483288 0.5231788 0.6333293 0.6797378 0.6330104 0.6797693 0.6303741 0.680033 0.3487261 0.5533845 0.3509933 0.5553236 0.3509933 0.5562914 0.818208 0.9326716 0.8184874 0.9327718 0.8206253 0.9337746 0.1412903 0.3963106 0.1435847 0.3962225 0.1440834 0.3973509 0.1390728 0.396619 0.1410239 0.3963207 0.1412903 0.3963106 0.2251655 0.1788079 0.2281793 0.1761662 0.2262032 0.1840296 0.7331747 0.9072847 0.7305519 0.9115929 0.7284769 0.9072846 0.5871648 0.7940891 0.5894042 0.7947019 0.5858424 0.7947019 0.5858424 0.7947019 0.5868989 0.794213 0.5871648 0.7940891 0.6821194 0.9337747 0.6802844 0.9349491 0.6769255 0.9337747 0.1798731 0.410596 0.1824454 0.4092935 0.1848118 0.410596 0.579944 0.7704526 0.5802217 0.7704375 0.5776446 0.7705708 0.3907285 0.5224134 0.3973511 0.5231788 0.3443709 0.5364238 0.2649006 0.04009145 0.2582781 0.04038327 0.2574654 0.03973501 0.7279844 0.9205297 0.728477 0.9199745 0.728477 0.9205297 0.4635764 0.5099338 0.4635764 0.5165563 0.4623149 0.5165563 0.5298016 0.614573 0.5302869 0.6117773 0.5302749 0.6120818 0.7423277 0.8940396 0.7417219 0.8940396 0.7427636 0.8920438 0.6324445 0.6634673 0.629785 0.6622514 0.6344839 0.6622514 0.4172185 0.5742347 0.4178925 0.5720077 0.4179843 0.5717343 0.7295987 0.9192063 0.728477 0.9190588 0.7284769 0.9139073 0.1421865 0.4044894 0.1443338 0.4039735 0.144591 0.410596 0.1419277 0.4045229 0.1421865 0.4044894 0.1397773 0.4047968 0.5430464 0.6151205 0.5386019 0.612058 0.5430465 0.6092713 0.1390728 0.3885004 0.1345414 0.3907284 0.136915 0.3885903 0.136915 0.3885903 0.1366555 0.3886011 0.1344777 0.3841059 0.1366555 0.3886011 0.136915 0.3885903 0.1345047 0.3886898 0.139897 0.4304635 0.1426402 0.4284372 0.1429756 0.4283806 0.4620013 0.5165563 0.4569537 0.5140851 0.4569537 0.5114575 0.1423365 0.4123416 0.1420564 0.412375 0.1397334 0.410596 0.1420564 0.412375 0.1423365 0.4123416 0.1397251 0.4126518 0.536424 0.6092714 0.5386019 0.612058 0.5364239 0.6150624 0.3642385 0.5562914 0.3562664 0.555617 0.3708609 0.5562914 0.8043782 0.7664704 0.8013246 0.7672532 0.8066092 0.7615891 0.1854304 0.5165563 0.192053 0.5159733 0.192053 0.5165563 0.2582782 0.5281988 0.2643586 0.5288949 0.2582782 0.5298013 0.2582782 0.5298013 0.2643586 0.5288949 0.2641457 0.5298013 0.1532317 0.2251655 0.1536642 0.221679 0.1561148 0.2224227 0.1561148 0.2224227 0.1536642 0.221679 0.1564164 0.2225145 0.509934 0.6026487 0.509934 0.6084023 0.5074797 0.6055324 0.4635764 0.5179044 0.4652005 0.5178498 0.4649587 0.5181189 0.170114 0.5114212 0.1703054 0.5112167 0.1683619 0.5133321 0.4304636 0.5165563 0.4316748 0.5114598 0.4319294 0.5140162 0.9602648 0.9801325 0.9602647 0.9867549 0.9536424 0.9933775 0.2817348 0.09848743 0.2781457 0.09933775 0.2815377 0.0982415 0.2847682 0.09857487 0.2839865 0.09933775 0.2815377 0.0982415 0.2847682 0.0927152 0.2793978 0.09555941 0.2829571 0.0927152 0.3973511 0.5172786 0.401496 0.5173075 0.4012045 0.5200154 0.2955044 0.05298012 0.2952021 0.05406218 0.2943859 0.05687445 0.1435847 0.3962225 0.1410239 0.3963207 0.1390728 0.3907284 0.2278712 0.1760641 0.2251655 0.1751553 0.2254869 0.1721854 0.7280589 0.9271522 0.728477 0.9271522 0.7284769 0.9337747 0.2418017 0.03357028 0.2384105 0.03348523 0.231788 0.02649003 0.1429756 0.4283806 0.1426402 0.4284372 0.1398535 0.4289056 0.1491717 0.4597981 0.1523179 0.4588513 0.1494989 0.4596994 0.5861176 0.7549666 0.583554 0.7549665 0.5894043 0.7493158 0.2804362 0.531219 0.2847682 0.5351203 0.2847682 0.5364238 0.7383866 0.8806264 0.7386559 0.8807946 0.7382412 0.8807945 0.7382412 0.8807945 0.7364326 0.8794043 0.7383866 0.8806264 0.5780847 0.5535874 0.5761591 0.550419 0.5781509 0.5532657 0.7234225 0.5944828 0.7225554 0.5960263 0.7218542 0.590306 0.7234225 0.5944828 0.72356 0.5942401 0.7280315 0.5960263 0.986755 0.9801325 0.9668874 0.9801326 0.9602648 0.9801325 0.2758945 0.1038514 0.2774699 0.105576 0.2770938 0.1059603 0.2770938 0.1059603 0.2774699 0.105576 0.2774639 0.1059603 0.7543181 0.8609271 0.7483445 0.8609271 0.7515329 0.8603016 0.2756727 0.1036081 0.2729484 0.1006106 0.2781457 0.09933775 0.2781457 0.09933775 0.2729484 0.1006106 0.2749923 0.09933775 1 0.9933775 0.9933776 1 0.9933775 0.9867549 0.8013248 0.9403973 0.7350993 0.9403973 0.7615897 0.9271522 0.1491717 0.4597981 0.1494989 0.4596994 0.1464533 0.460616 0.3316655 0.5555205 0.3324419 0.5527778 0.3325363 0.5524473 0.2384105 0.03387528 0.2384105 0.03348523 0.2418017 0.03357028 0.164375 0.5052087 0.164161 0.505373 0.1621845 0.5068787 0.3178808 0.5430463 0.3112583 0.5430463 0.3105908 0.5430463 0.7407047 0.8874171 0.7413067 0.8824555 0.7410762 0.8874171 0.7386559 0.8807946 0.7417219 0.8800606 0.7417219 0.8804503 0.2516556 0.2119204 0.2516556 0.205298 0.2582781 0.205298 0.1398555 0.423841 0.1397824 0.4207469 0.142656 0.4203335 0.5862933 0.5535948 0.5827814 0.5509285 0.589404 0.5514258 0.1397634 0.3377482 0.1396714 0.3404356 0.1421286 0.3406031 0.4569537 0.5140851 0.4566135 0.5140838 0.4569537 0.5114575 0.2715231 0.1106824 0.2719287 0.1110746 0.2715231 0.1113917 0.7293872 0.599957 0.768212 0.5894038 0.7476935 0.6158939 0.2566123 0.04183489 0.2574654 0.03973501 0.2582781 0.04038327 0.3245033 0.03311252 0.3245033 0.02649003 0.3311257 0.02649003 0.2566863 0.0415703 0.2574654 0.03973501 0.2566123 0.04183489 0.9801324 0.9867549 0.9735099 0.9867549 0.9735099 0.9801325 0.2039401 0.1041167 0.2041653 0.1042575 0.2018492 0.1028154 0.7366426 0.8890797 0.7387924 0.8902919 0.7350993 0.893302 0.7350993 0.8936941 0.7386252 0.8940396 0.7350993 0.8940396 0.7947022 0.7417215 0.7947022 0.7442607 0.7748347 0.7483441 0.1569422 0.4911367 0.1571797 0.4910501 0.1548045 0.491927 0.6613702 0.9090968 0.6622517 0.9131132 0.6611822 0.9092367 0.5231791 0.6141188 0.5225866 0.6114419 0.5226241 0.6111841 0.5226241 0.6111841 0.5225866 0.6114419 0.5222617 0.6136655 0.7284769 0.9006623 0.7306028 0.9035318 0.7284769 0.9072846 0.765519 0.8589411 0.7682121 0.8604832 0.7682121 0.8609271 0.9801324 0.9867549 0.986755 0.986755 0.9801325 0.9933775 0.5994067 0.6291388 0.601252 0.6256199 0.6026492 0.6291388 0.2384105 0.03387528 0.2414564 0.0367366 0.2384105 0.03973501 0.2238556 0.1833457 0.2251655 0.1846675 0.2236139 0.1832727 0.2649007 0.5298013 0.2641457 0.5298013 0.2643586 0.5288949 0.7968347 0.9337747 0.8013249 0.9329702 0.8013248 0.9337747 0.245033 0.03385454 0.245033 0.03346329 0.2502082 0.03440183 0.3973511 0.5172786 0.3931313 0.5200658 0.3931648 0.519764 0.4437087 0.510663 0.448683 0.5106766 0.4486587 0.5110378 0.5159828 0.6034382 0.5165564 0.6038092 0.5159168 0.6037576 0.5153934 0.6063 0.5154501 0.6060243 0.5165564 0.6086276 0.5154501 0.6060243 0.5153934 0.6063 0.5149198 0.6086089 0.509934 0.6084023 0.509934 0.6026487 0.5159168 0.6037576 0.5159168 0.6037576 0.509934 0.6026487 0.5159828 0.6034382 0.2700985 0.1092772 0.2715232 0.1059603 0.270326 0.1095027 0.2703493 0.1125828 0.2649007 0.1125828 0.2672743 0.1064431 0.2649007 0.1125828 0.2649007 0.1059603 0.2672743 0.1064431 0.2715231 0.1113917 0.2707128 0.1125828 0.2703493 0.1125828 0.7391616 0.8904993 0.7407047 0.8874171 0.7410762 0.8874171 0.7962746 0.9362807 0.7968347 0.9337747 0.8013248 0.9337747 0.7350992 0.8882057 0.734301 0.8877306 0.7350993 0.8874171 0.1967313 0.1182966 0.1929734 0.1192052 0.1964905 0.1181778 0.6953645 0.9462281 0.6944373 0.9426954 0.6953645 0.9403973 0.6943193 0.9429708 0.6931686 0.9455819 0.6895646 0.9403973 0.6943193 0.9429708 0.6944373 0.9426954 0.6931686 0.9455819 0.4025605 0.5685587 0.4031535 0.5659137 0.4032256 0.5655917 0.2071742 0.3293082 0.2036798 0.3353987 0.2024009 0.3332095 0.1494802 0.253382 0.1523179 0.2541298 0.1518821 0.2582781 0.7284769 0.9006623 0.7284769 0.8940396 0.7311112 0.8951941 0.1730517 0.1655629 0.175915 0.1704133 0.1755999 0.1702929 0.3112583 0.1324503 0.3112583 0.1192052 0.3178808 0.1192052 0.2052979 0.4966887 0.2089006 0.4944685 0.2119204 0.496048 0.2516556 0.03426671 0.245033 0.03346329 0.231788 0.02649003 0.7814571 0.6953639 0.7748345 0.6887413 0.7791324 0.6905153 0.2587644 0.5005626 0.2582782 0.4976288 0.2649006 0.4981126 0.247904 0.5290454 0.2484406 0.5264624 0.2485046 0.5261538 0.733223 0.9040733 0.733484 0.9072846 0.7331747 0.9072847 0.5960264 0.7490229 0.5968068 0.7483441 0.5933181 0.7518703 0.2414564 0.0367366 0.2411231 0.03973501 0.2384105 0.03973501 0.245033 0.03385454 0.2418017 0.03357028 0.245033 0.03346329 0.6211028 0.8492048 0.6167111 0.8476821 0.6225168 0.8476821 0.4403958 0.513538 0.4404302 0.5109803 0.4437088 0.5110307 0.1929734 0.1192052 0.1942712 0.1170775 0.1964905 0.1181778 0.1964905 0.1181778 0.1942712 0.1170775 0.1967313 0.1182966 0.4490763 0.5804368 0.4437088 0.5820228 0.4437087 0.5761588 0.2649006 0.231788 0.2649006 0.245033 0.2582781 0.2384105 0.2397835 0.5289539 0.2403064 0.5262219 0.2403694 0.5258921 0.8172902 0.8535155 0.8145697 0.8543046 0.8145697 0.8476821 0.7558268 0.8741721 0.7556826 0.8807946 0.7553222 0.8807946 0.2335451 0.03672254 0.2384105 0.03387528 0.2384105 0.03973501 0.5629139 0.5562914 0.5612177 0.5559744 0.561707 0.5533282 0.6772746 0.9271522 0.6782981 0.9263816 0.6785039 0.9262267 0.728477 0.9190588 0.7295987 0.9192063 0.728477 0.9199745 0.728477 0.9199745 0.7301623 0.9192872 0.728477 0.9205297 0.728477 0.9205297 0.7301623 0.9192872 0.7350993 0.917794 0.3178808 0.006622493 0.3245033 0.006622493 0.3245033 0.01324492 0.4039735 0.5687376 0.4039735 0.5629138 0.4105961 0.5629138 0.4999291 0.6026487 0.5082092 0.6026487 0.5033112 0.6026487 0.2595465 0.1211038 0.2612482 0.1225113 0.2582781 0.1250877 1 0.6225163 0.9602649 0.6092713 0.8543048 0.7682117 0.2119204 0.4919745 0.2114392 0.4900662 0.2130877 0.4909264 0.2872804 0.5364238 0.2958389 0.5359535 0.2956887 0.5364238 0.2251656 0.4972075 0.2268714 0.4970904 0.2268252 0.4974344 0.7863641 0.6953639 0.7873511 0.7019863 0.7842047 0.6972163 0.2265173 0.4998355 0.2264813 0.5001238 0.2251656 0.50234 0.2261459 0.5028434 0.2261877 0.5025054 0.231788 0.5029034 0.6802844 0.9349491 0.6804622 0.9347977 0.6787052 0.9362911 0.1655628 0.5095428 0.1655628 0.5091618 0.1663418 0.5099338 0.2335261 0.03639423 0.2335451 0.03672254 0.2333649 0.03360289 0.7483446 0.8734345 0.752171 0.8702608 0.7483446 0.8738247 0.7498005 0.8688323 0.7535562 0.8675495 0.7500079 0.8689571 0.2233222 0.03476738 0.2185429 0.03973501 0.2185429 0.03311252 0.231788 0.528653 0.2322726 0.5257655 0.2322206 0.526077 0.5770078 0.6216775 0.562914 0.6128451 0.5695363 0.6158939 0.7842047 0.6972163 0.7873511 0.7019863 0.7814571 0.7019864 0.7232939 0.9205297 0.7284769 0.9139073 0.7266714 0.9189996 0.1452236 0.2691551 0.1456953 0.2692089 0.1410215 0.2715231 0.1452236 0.2691551 0.1450808 0.2691388 0.1456953 0.2656356 0.1456953 0.2656356 0.1423497 0.2688143 0.1419277 0.2687613 0.4542781 0.5885268 0.4554574 0.5858492 0.455601 0.585524 0.2114392 0.4900662 0.209176 0.4942377 0.2062646 0.4900662 0.7682121 0.6563537 0.7691184 0.6599362 0.7688804 0.6600497 0.7691184 0.6599362 0.7713499 0.6588815 0.7735126 0.6622514 0.8040583 0.7665531 0.8043782 0.7664704 0.8072207 0.7682116 0.2414564 0.0367366 0.245033 0.03385454 0.245033 0.03973501 0.728477 0.9199745 0.7279844 0.9205297 0.7269535 0.9190088 0.1059603 0.5629138 0.152318 0.5562914 0.1324503 0.6026488 0.7457454 0.6174739 0.7459844 0.6173055 0.7483444 0.6166151 0.245033 0.49744 0.2427388 0.5005111 0.2427753 0.5001794 0.7710278 0.6678244 0.7713536 0.6676791 0.7743167 0.6688739 0.2516556 0.1248408 0.2528412 0.1258278 0.2516556 0.1258278 0.2582781 0.1200597 0.2574239 0.1192052 0.2582781 0.1192052 0.2384105 0.1456953 0.2829571 0.0927152 0.2582781 0.1250877 0.7277016 0.9271522 0.726067 0.9271523 0.7250775 0.9266886 0.7250775 0.9266886 0.726067 0.9271523 0.7252348 0.9271523 0.7277016 0.9271522 0.7279844 0.9205297 0.7280589 0.9271522 0.797734 0.7516089 0.7980379 0.7515231 0.8005381 0.7549666 0.1986755 0.5165563 0.1986755 0.5224224 0.192053 0.5165563 0.3095277 0.5459528 0.3096389 0.5456461 0.3112583 0.5430463 0.2205673 0.4930432 0.2185431 0.4966887 0.2194127 0.4947983 0.2245454 0.4966887 0.2205673 0.4930432 0.2207441 0.4927406 0.7794173 0.6904132 0.781457 0.6894996 0.7814571 0.6953639 0.3316655 0.5555205 0.3443709 0.5508432 0.3551426 0.5619136 0.563331 0.6100127 0.5695363 0.6158939 0.562914 0.6101658 0.7929596 0.7366859 0.7947022 0.7417215 0.7927 0.7367405 0.7927 0.7367405 0.7892475 0.735099 0.794057 0.735099 0.7507737 0.9205297 0.7498015 0.9222308 0.749561 0.9226402 0.253779 0.1265637 0.2575361 0.1258278 0.2539814 0.1267223 0.7277016 0.9271522 0.727764 0.9279407 0.726067 0.9271523 0.4768213 0.5423518 0.4701987 0.5403342 0.4768213 0.5384615 0.3907285 0.5629138 0.3774835 0.5568414 0.3800805 0.55675 0.77231 0.6759771 0.7742494 0.6754963 0.7748345 0.6762202 0.772093 0.6760684 0.7701515 0.6768807 0.769439 0.6754963 0.4754959 0.6002424 0.475385 0.6005569 0.4761935 0.5982171 0.1879179 0.1407312 0.1854304 0.1456953 0.1854304 0.1397784 0.1876518 0.1406148 0.1879179 0.1407312 0.1854304 0.1397784 0.8057191 0.7824695 0.8079473 0.7880793 0.8054598 0.7825278 0.753902 0.8675495 0.7535562 0.8675495 0.7543181 0.8609271 0.7417219 0.8804503 0.7483446 0.8807946 0.7417219 0.8807946 0.3112582 0.02649003 0.3112582 0.03311252 0.3046357 0.01986747 0.7093055 0.9428384 0.7094339 0.9431076 0.7086094 0.9462947 0.7012495 0.5827813 0.6887416 0.5769656 0.6887416 0.5562914 0.1834458 0.3690895 0.1808519 0.3687312 0.1854304 0.3642383 0.7615896 0.8680464 0.7621033 0.8675495 0.7629836 0.8665234 0.7565741 0.9267728 0.7615897 0.9265716 0.7615897 0.9271522 0.1426213 0.292815 0.1429504 0.2928437 0.1398928 0.2925795 0.8173999 0.8695356 0.8204646 0.8741721 0.8145697 0.8741721 0.5802217 0.7704375 0.5778974 0.7682117 0.5827816 0.7682117 0.3717717 0.5591424 0.3717341 0.5594665 0.3708609 0.562151 0.1797355 0.3774834 0.1821169 0.3770604 0.1824041 0.3770783 0.1394456 0.3178808 0.1448661 0.3245032 0.1397441 0.3311257 0.1425551 0.3008664 0.1398475 0.3006131 0.139844 0.2980132 0.1425551 0.3008664 0.1428821 0.3008969 0.1398475 0.3006131 0.3112582 0.05611753 0.308836 0.05960255 0.3107416 0.05668634 0.2130877 0.4909264 0.2171736 0.4966887 0.2119204 0.4919745 0.401496 0.5173075 0.4011694 0.5203416 0.4012045 0.5200154 0.6059488 0.7421218 0.606135 0.7423152 0.6034445 0.7417215 0.606135 0.7423152 0.6059488 0.7421218 0.6055628 0.7417215 0.562914 0.6128451 0.5562916 0.6151525 0.5562916 0.6092713 0.1599463 0.5033112 0.164375 0.5052087 0.1621845 0.5068787 0.2119206 0.3112582 0.2119206 0.3178808 0.1986755 0.3178808 0.7483447 0.9198086 0.7486854 0.9205297 0.7483447 0.9201769 0.2243153 0.03757244 0.2213931 0.03973501 0.2242363 0.03731137 0.2242363 0.03731137 0.2234639 0.03509581 0.2251654 0.03451645 0.2251654 0.03451645 0.2233222 0.03476738 0.2251655 0.03417319 0.7420275 0.9006623 0.7417219 0.9006623 0.7417219 0.8940396 0.5827816 0.7682117 0.5827815 0.7637463 0.5838491 0.7639269 0.3720703 0.5562914 0.3774835 0.5621364 0.3717717 0.5591424 0.3774835 0.5568414 0.3720703 0.5562914 0.3774835 0.5562914 0.3714199 0.5621629 0.3717341 0.5594665 0.3717717 0.5591424 0.5496693 0.6092713 0.5547649 0.6121194 0.5496693 0.6151212 0.3325363 0.5524473 0.3324419 0.5527778 0.3311257 0.5555166 0.2956887 0.5364238 0.2958389 0.5359535 0.2980132 0.5364238 0.1452339 0.3178808 0.1452723 0.3170195 0.1456953 0.3178808 0.7873637 0.7086089 0.7843179 0.705613 0.7873511 0.7019863 0.2871314 0.05298012 0.2879579 0.05008929 0.2913907 0.04790443 0.7498015 0.9222308 0.7549671 0.9266461 0.749561 0.9226402 0.8104623 0.7894177 0.8136312 0.7947018 0.8079473 0.7947018 0.2204121 0.04578369 0.2204121 0.04578369 0.2211378 0.03973501 0.7417219 0.9009604 0.7423579 0.9006623 0.7417219 0.9012571 0.7466281 0.9022813 0.7472997 0.9006623 0.7476304 0.9006623 0.2216253 0.1993665 0.2245218 0.1986754 0.2516556 0.2119204 0.4172186 0.5202187 0.4105961 0.5173165 0.4172186 0.5170811 0.2947013 0.5395333 0.2938324 0.5422601 0.2948057 0.5392047 0.2847682 0.5039463 0.2821432 0.5064408 0.2821855 0.5061706 0.2185429 0.03311252 0.2185429 0.02649003 0.2251655 0.03417319 0.2204121 0.04578369 0.2204121 0.04578369 0.2206399 0.04635757 0.2972761 0.05298012 0.2980132 0.05363941 0.2952021 0.05406218 0.2980132 0.05878531 0.2942355 0.05737489 0.2943859 0.05687445 0.2942355 0.05737489 0.2913907 0.05298012 0.2943859 0.05687445 0.7463397 0.8940396 0.7483446 0.8940396 0.7472997 0.9006623 0.1822659 0.1557448 0.1845807 0.1566604 0.1842504 0.1589403 0.7301623 0.9192872 0.7295987 0.9192063 0.7332522 0.9139073 0.1788079 0.510802 0.184997 0.5165563 0.179143 0.5165563 0.2192898 0.2933651 0.219551 0.2934138 0.2185431 0.2972821 0.2110745 0.4926667 0.2119204 0.496048 0.2108859 0.4928213 0.2062646 0.4900662 0.209176 0.4942377 0.2059225 0.4900661 0.209176 0.4942377 0.2089006 0.4944685 0.2059225 0.4900661 0.8156796 0.9139073 0.8181824 0.9094957 0.8205805 0.9139074 0.3245034 0.0927152 0.3311258 0.09933775 0.3245034 0.09933775 0.4653519 0.5360065 0.4649573 0.5364238 0.4662049 0.5316933 0.7553769 0.8811299 0.7549671 0.8807946 0.7553222 0.8807946 0.7472546 0.9134143 0.7468717 0.9139073 0.7423933 0.9139073 0.7468717 0.9139073 0.7483447 0.9142681 0.7483447 0.9198086 0.7391592 0.9006623 0.7417219 0.9009604 0.7379798 0.9018906 0.7379798 0.9018906 0.736966 0.9072846 0.7358781 0.9072846 0.2251655 0.0525465 0.08609271 0.1390728 0.08609271 0.1192052 0.9470198 0.9933775 0.9470198 1 0.9403974 1 0.9536424 0.9933775 0.9536424 1 0.9470198 1 0.1655628 0.5091618 0.164375 0.5052087 0.1655628 0.5033112 0.205298 0.5170252 0.1986755 0.5165563 0.1986755 0.5099338 0.231788 0.4973914 0.2268252 0.4974344 0.2268714 0.4970904 0.2178184 0.3112582 0.2148994 0.3086814 0.2152159 0.3087338 0.8205525 0.9072846 0.8178947 0.909517 0.815416 0.9072846 0.8145697 0.8616611 0.8145697 0.8609271 0.8174381 0.8615166 0.8129876 0.7880793 0.813075 0.7890525 0.8107452 0.7893767 0.8079473 0.7983161 0.8079473 0.7947018 0.8107243 0.7978123 0.5536054 0.5528616 0.5496692 0.5502569 0.553655 0.5525861 0.8066092 0.7615891 0.8069955 0.7657923 0.8043782 0.7664704 0.9933776 1 0.986755 1 0.986755 0.986755 0.7947022 0.7442607 0.7947022 0.7417215 0.7974926 0.7434834 0.245033 0.03973501 0.2502082 0.03440183 0.2516556 0.03426671 0.7487402 0.8874172 0.7483446 0.8874171 0.7489963 0.8860813 0.7947021 0.938839 0.7968347 0.9337747 0.7962746 0.9362807 0.7962108 0.9365721 0.7956958 0.9389577 0.7947021 0.938839 0.7929477 0.7152314 0.7935742 0.7195239 0.7910269 0.7202711 0.610803 0.8410595 0.5975434 0.8161574 0.6026493 0.8145695 0.7814571 0.6981464 0.7814571 0.6953639 0.7839222 0.6973119 0.7814571 0.6953639 0.7863641 0.6953639 0.7839222 0.6973119 0.7814571 0.7019864 0.7873511 0.7019863 0.7843179 0.705613 0.3642385 0.5562914 0.3642385 0.5621308 0.3551426 0.5619136 0.7748345 0.6887413 0.7807388 0.6887414 0.7791324 0.6905153 0.7807388 0.6887414 0.781457 0.6894996 0.7794173 0.6904132 0.2246506 0.5222434 0.231788 0.5231788 0.2245193 0.5231788 0.7682121 0.6688739 0.7682121 0.6622514 0.7710278 0.6678244 0.7735126 0.6622514 0.7739861 0.6665153 0.7713536 0.6676791 0.7672885 0.6490063 0.7674026 0.6516976 0.7647721 0.6529927 0.7647721 0.6529927 0.7644535 0.653151 0.7672885 0.6490063 0.7382499 0.9205297 0.7417219 0.9139073 0.7417219 0.9271522 0.8205991 0.9205297 0.8180911 0.9174615 0.818365 0.917444 0.754967 0.8741721 0.7558268 0.8741721 0.7553222 0.8807946 0.1794885 0.1589403 0.1822659 0.1557448 0.1842504 0.1589403 0.7483445 0.8675495 0.7483445 0.8609271 0.7535562 0.8675495 0.7483446 0.8734345 0.7483445 0.8675495 0.7498005 0.8688323 0.7500079 0.8689571 0.7518724 0.8700804 0.7483446 0.8734345 0.7483445 0.8741721 0.754967 0.8741721 0.7549671 0.8807946 0.7486854 0.9205297 0.749561 0.9226402 0.7549671 0.9266461 0.7417219 0.8741721 0.7432209 0.8741721 0.7440995 0.8747299 0.7350992 0.8882057 0.7350993 0.8874171 0.736415 0.8889509 0.7407047 0.8874171 0.7387924 0.8902919 0.7366426 0.8890797 0.7350993 0.8940396 0.7386252 0.8940396 0.7391592 0.9006623 0.7308877 0.9035876 0.7284769 0.9006623 0.7343483 0.9006622 0.7284769 0.9337747 0.7350993 0.9337747 0.7350993 0.9403973 0.7432209 0.8741721 0.7483446 0.8734345 0.7476089 0.8741721 0.2913907 0.5041809 0.2900782 0.5068906 0.2901175 0.5065954 0.1456953 0.4437085 0.1436818 0.4445667 0.1414669 0.4451178 0.4620013 0.5165563 0.4630537 0.5185715 0.4569537 0.5165563 0.7218545 0.9271522 0.7252348 0.9271523 0.7269265 0.9337747 0.7252348 0.9271523 0.726067 0.9271523 0.727764 0.9279407 0.1986754 0 0.2185429 0.02649003 0.2185429 0.03311252 0.7086095 0.9413725 0.7086095 0.9403973 0.7093055 0.9428384 0.7086095 0.9403973 0.7145848 0.9403973 0.7094339 0.9431076 0.7093055 0.9428384 0.7086095 0.9403973 0.7094339 0.9431076 0.7483447 0.9139073 0.7507737 0.9205297 0.7483447 0.9142681 0.7880797 0.5695363 0.768212 0.5894038 0.7417217 0.5761588 0.2205673 0.4930432 0.2185431 0.4911636 0.2207441 0.4927406 0.2821432 0.5064408 0.2781457 0.5038953 0.2821855 0.5061706 0.6782981 0.9263816 0.6772746 0.9271522 0.6762599 0.9271523 0.3245033 0.01986747 0.3178808 0.02649003 0.3178808 0.01986747 0.5960264 0.6285674 0.5960264 0.6225163 0.5994082 0.6286092 0.5931066 0.5604835 0.589404 0.5562914 0.5936833 0.5577616 0.589404 0.5562914 0.5940056 0.5562914 0.5937438 0.5574837 0.5470203 0.6092713 0.5496693 0.6092713 0.546685 0.6120143 0.2178184 0.3112582 0.2147701 0.3167217 0.2119206 0.3112582 0.2649006 0.04009145 0.2654925 0.04054528 0.2649006 0.04048138 0.5562916 0.6026488 0.5562916 0.6092713 0.5551859 0.6092713 0.5547649 0.6121194 0.5547189 0.61244 0.5496693 0.6151212 0.5466443 0.6123468 0.546307 0.6151006 0.5430464 0.6151205 0.6299189 0.6688738 0.633152 0.671746 0.6300969 0.6725024 0.2886521 0.04763334 0.2847682 0.047091 0.2847682 0.04669749 0.5385669 0.6123836 0.5382794 0.6150799 0.5364239 0.6150624 0.2090488 0.517674 0.2006544 0.519559 0.205298 0.5170252 0.144591 0.410596 0.1450012 0.4172185 0.1423365 0.4123416 0.2516556 0.03973501 0.2489796 0.03973501 0.2574654 0.03973501 0.7350993 0.917794 0.7332522 0.9139073 0.7379432 0.9139073 0.4768212 0.5033112 0.4768212 0.5099338 0.4701987 0.5099338 0.4635764 0.5165563 0.4684504 0.5231788 0.4652005 0.5178498 0.7407047 0.8874171 0.736415 0.8889509 0.7350993 0.8874171 0.4635764 0.5231788 0.4635764 0.5298013 0.4569537 0.5298013 0.5960264 0.7490229 0.5912058 0.7491638 0.5894043 0.7489383 0.2251656 0.4900662 0.2384105 0.437086 0.2516556 0.4635761 0.4569537 0.5231788 0.4569537 0.5298013 0.4503312 0.5298013 0.4554574 0.5858492 0.4542781 0.5885268 0.4503313 0.5883763 0.3178808 0.5462315 0.3245033 0.551514 0.3095277 0.5459528 0.4370861 0.5099338 0.4437087 0.5099338 0.4404351 0.5106176 0.7600001 0.8587543 0.754967 0.8602622 0.7597497 0.858436 0.7947022 0.7417215 0.7892475 0.735099 0.7927 0.7367405 0.9668873 0.9867549 0.9602647 0.9867549 0.9668874 0.9801326 0.6635935 0.5729026 0.6636695 0.5726136 0.668874 0.5701578 0.3717341 0.5594665 0.3714199 0.5621629 0.3708609 0.562151 0.2516556 0.1317163 0.251309 0.1324503 0.2509127 0.1324503 0.6887416 0.5562914 0.6754965 0.5562914 0.6754965 0.5496688 0.3324419 0.5527778 0.3316655 0.5555205 0.3311257 0.5555166 0.3245033 0.006622493 0.3311257 0.006622493 0.3311257 0.01324492 0.3245033 0.01324492 0.3311257 0.01324492 0.3311257 0.01986747 0.3311257 0.02649003 0.3311257 0.03311252 0.3245033 0.03311252 0.3311258 0.09933775 0.3311258 0.1059603 0.3245034 0.1059603 0.3178808 0 0.3245033 0 0.3245033 0.006622493 0.3245033 0.03311252 0.3245033 0.03973501 0.3178808 0.03973501 0.3245033 0.03973501 0.3245033 0.04635757 0.3178808 0.04635757 0.3245033 0.05960255 0.3245033 0.06622517 0.3178808 0.06622517 0.3245034 0.07947015 0.3245034 0.08609271 0.3178808 0.08609271 0.3178808 0.08609271 0.3245034 0.08609271 0.3245034 0.0927152 0.2119206 0.3307708 0.2174382 0.3245033 0.2384105 0.3377482 0.3178808 0.01986747 0.3178808 0.02649003 0.3112582 0.02649003 0.3178808 0.02649003 0.3178808 0.03311252 0.3112582 0.03311252 0.3178808 0.03311252 0.3178808 0.03973501 0.3112582 0.03973501 0.3178808 0.03973501 0.3178808 0.04635757 0.3112582 0.04635757 0.2875674 0.5354777 0.2847682 0.5364238 0.2847682 0.5351203 0.3178808 0.1059603 0.3178808 0.1125828 0.3112583 0.1125828 0.1448661 0.3245032 0.1420142 0.3327737 0.1397441 0.3311257 0.3046357 0 0.3112582 0 0.3112582 0.006622493 0.3112582 0.006622493 0.3112582 0.01324492 0.3046357 0.01324492 0.3112582 0.01324492 0.3112582 0.01986747 0.3046357 0.01986747 0.3046358 0.1456953 0.3112583 0.1456953 0.3112583 0.1523178 0.3046357 0 0.3046357 0.006622493 0.2980132 0.006622493 0.3046357 0.006622493 0.3046357 0.01324492 0.2980132 0.01324492 0.2980132 0.1192052 0.2980132 0.1258278 0.2913907 0.1258278 0.2980132 0.1258278 0.2980132 0.1324503 0.2913907 0.1324503 0.2913907 0.1589403 0.2980132 0.1589403 0.2980132 0.1655629 0.1429504 0.2928437 0.1426213 0.292815 0.1399126 0.2913907 0.2913907 0.1390728 0.2913907 0.1456953 0.2847682 0.1456953 0.2913907 0.1523178 0.2913907 0.1589403 0.2847682 0.1589403 0.2213931 0.03973501 0.2204121 0.04578369 0.2211378 0.03973501 0.2847682 0.1589403 0.2847682 0.1655629 0.2781457 0.1655629 0.2847682 0.1655629 0.2847682 0.1721854 0.2781457 0.1721854 0.3311257 0.5496688 0.318645 0.5434982 0.3393266 0.5496688 0.2119206 0.3509933 0.1986755 0.3509933 0.2119206 0.3307708 0.2649007 0.1788079 0.2781457 0.1721854 0.2781457 0.1788079 0.6556292 0.5695363 0.6566818 0.5675314 0.6566172 0.5677962 0.6490067 0.8874172 0.6490067 0.8883997 0.6458856 0.8907428 0.2582781 0.1200597 0.2582781 0.1192052 0.2595465 0.1211038 0.2582781 0.1192052 0.2639433 0.1192052 0.2595465 0.1211038 0.2639433 0.1192052 0.2612482 0.1225113 0.2595465 0.1211038 0.2649007 0.1788079 0.2649007 0.1854304 0.2582781 0.1854304 0.2649006 0.2251655 0.2582781 0.231788 0.2582781 0.2185429 0.2516556 0.1258278 0.2528412 0.1258278 0.253779 0.1265637 0.2582781 0.1986754 0.2582781 0.205298 0.2516556 0.205298 0.2582781 0.231788 0.2582781 0.2384105 0.2516556 0.2384105 0.2484406 0.5264624 0.247904 0.5290454 0.245033 0.5290252 0.2384105 0.1515871 0.2384105 0.1456953 0.2404688 0.1465188 0.2404688 0.1465188 0.240703 0.1466463 0.2384105 0.1515871 0.2384105 0.3377482 0.245033 0.3377482 0.245033 0.3443708 0.5074797 0.6055324 0.5067485 0.6085069 0.4985355 0.6080659 0.7483446 0.8940396 0.7549671 0.8815633 0.7586906 0.8839815 0.562914 0.6101658 0.5562916 0.6092713 0.563331 0.6100127 0.231788 0.423841 0.231788 0.4304635 0.2251655 0.4304635 0.2212957 0.1993257 0.2185429 0.1986754 0.2245218 0.1986754 0.2649007 0.118233 0.2703493 0.1125828 0.2707128 0.1125828 0.2210536 0.2855829 0.2185431 0.2847682 0.2239314 0.2847682 0.2119206 0.3303923 0.2119206 0.3245033 0.2142608 0.3248449 0.2142608 0.3248449 0.2145192 0.3249 0.2119206 0.3303923 0.1564164 0.2225145 0.1532317 0.2251655 0.1561148 0.2224227 0.2052979 0.4966887 0.2052979 0.4900662 0.2089006 0.4944685 0.7252348 0.9271523 0.7218545 0.9271522 0.7232939 0.9205297 0.2005974 0.5198718 0.2001236 0.522482 0.1986755 0.5224224 0.589404 0.5514258 0.5862312 0.5538804 0.5862933 0.5535948 0.7476089 0.8741721 0.7483446 0.8734345 0.7483446 0.8738247 0.2429016 0.1478319 0.2384105 0.1515871 0.240703 0.1466463 0.2251654 0.03451645 0.231788 0.03973501 0.2251655 0.03973501 0.9735099 0.9801325 0.9668874 0.9801326 0.9735099 0.9735099 0.2516556 0.1258278 0.2539814 0.1267223 0.2516556 0.1317163 0.6944373 0.9426954 0.6895646 0.9403973 0.6953645 0.9403973 0.2397835 0.5289539 0.2384105 0.5289616 0.2403064 0.5262219 0.1390728 0.396619 0.1390728 0.3907284 0.1410239 0.3963207 0.2980132 0.1324503 0.3112583 0.1324503 0.3046358 0.1456953 1 0.9867549 0.9933775 0.9867549 0.9933776 0.9801325 0.2185431 0.4911636 0.2171736 0.4966887 0.2130877 0.4909264 0.9933776 0.9801325 1 0.9801325 1 0.9867549 0.4238411 0.5168995 0.4242799 0.5165563 0.4252915 0.5185997 0.4254173 0.5188592 0.4238411 0.5168995 0.4252915 0.5185997 0.231788 0.4973914 0.2384105 0.5033112 0.231788 0.5029034 0.4252915 0.5185997 0.4242799 0.5165563 0.4304636 0.5165563 0.5562916 0.6151525 0.5543351 0.6151053 0.5547649 0.6121194 0.7423236 0.9176231 0.7420493 0.9139073 0.7423933 0.9139073 0.8177346 0.8695217 0.8205816 0.8694038 0.8204646 0.8741721 0.2825371 0.5039227 0.2847682 0.5039463 0.2821855 0.5061706 0.2847682 0.5088856 0.2817953 0.5086664 0.2821432 0.5064408 0.2825371 0.5039227 0.2821855 0.5061706 0.2781457 0.5038953 0.2821432 0.5064408 0.2817953 0.5086664 0.2781457 0.5084163 0.1665732 0.1840042 0.1673375 0.1788079 0.1691222 0.1848874 0.192053 0.4569536 0.192053 0.4510669 0.1938363 0.4560202 0.1974281 0.4569535 0.192053 0.4569536 0.1938363 0.4560202 0.1397634 0.3377482 0.1397385 0.3326927 0.1422888 0.3327834 0.1835929 0.521004 0.192053 0.5165563 0.1986755 0.5224224 0.2443798 0.1390728 0.2393743 0.1390728 0.2425268 0.1383448 0.2393743 0.1390728 0.2404408 0.1371393 0.2423171 0.1382248 0.245033 0.1324503 0.245033 0.1383441 0.2404408 0.1371393 0.245033 0.1383441 0.2443798 0.1390728 0.2425268 0.1383448 0.2423171 0.1382248 0.245033 0.1383441 0.2425268 0.1383448 0.2847682 0.05298012 0.2847682 0.047091 0.2878715 0.05039209 0.2913907 0.05298012 0.2871314 0.05298012 0.2913907 0.04790443 0.2879579 0.05008929 0.2886521 0.04763334 0.2913907 0.04790443 0.6342628 0.8693934 0.6322084 0.8709009 0.6299331 0.8675495 0.4635764 0.5894038 0.4569537 0.5827813 0.4768213 0.5423518 0.1397634 0.3377482 0.1444258 0.3377482 0.141864 0.3405851 0.6615029 0.5695363 0.6561929 0.5695363 0.6566172 0.5677962 0.6566172 0.5677962 0.6566818 0.5675314 0.6615029 0.5695363 0.6566172 0.5677962 0.6561929 0.5695363 0.6556292 0.5695363 0.5074797 0.6055324 0.509934 0.6084023 0.5074006 0.6058511 0.1655628 0.1927704 0.1662594 0.1920529 0.1679779 0.1930289 0.6233031 0.8543044 0.6279079 0.8543045 0.6264266 0.8553386 0.6261159 0.8555559 0.6236096 0.8573077 0.6233031 0.8543044 0.6236096 0.8573077 0.6261159 0.8555559 0.6239452 0.8609271 0.4238411 0.5168995 0.4238411 0.5223919 0.4172186 0.5202187 0.2384105 0.1456953 0.2442535 0.1456953 0.2404688 0.1465188 0.2442535 0.1456953 0.2429016 0.1478319 0.240703 0.1466463 0.5894043 0.7493158 0.5894042 0.7549666 0.5861176 0.7549666 0.5930913 0.7515839 0.5912058 0.7491638 0.5960264 0.7490229 0.1729725 0.1692939 0.1730517 0.1655629 0.1755999 0.1702929 0.1788079 0.1655629 0.1788079 0.1715295 0.175915 0.1704133 0.175915 0.1704133 0.1788079 0.1715295 0.1784753 0.1721854 0.1729366 0.1721854 0.1729725 0.1692939 0.1755999 0.1702929 0.583554 0.7549665 0.5855857 0.7549666 0.5863258 0.7555958 0.2781457 0.04682642 0.2803577 0.04689437 0.2795758 0.04951667 0.2781457 0.04682642 0.2795758 0.04951667 0.2794857 0.04982167 0.6208766 0.8493565 0.6187096 0.8508166 0.6167111 0.8476821 0.5629138 0.5503998 0.561707 0.5533282 0.5617652 0.5530129 0.815416 0.9072846 0.8150939 0.901693 0.8176857 0.9015095 0.1422888 0.3327834 0.1420142 0.3327737 0.1448845 0.3328789 0.820521 0.9006623 0.820525 0.9013081 0.8179914 0.9014879 0.3178808 0.1125828 0.3178808 0.1192052 0.3112583 0.1192052 0.686964 0.5781918 0.6878823 0.5761588 0.6887416 0.5769656 0.6821192 0.5761588 0.6878823 0.5761588 0.686964 0.5781918 0.686964 0.5781918 0.6868647 0.5784884 0.6821192 0.5761588 0.23811 0.1523178 0.2384105 0.1515871 0.2432785 0.1480327 0.7935742 0.7195239 0.7863641 0.6953639 0.7748344 0.6026488 0.1854304 0.3642383 0.1854304 0.370085 0.1837272 0.3691278 0.410596 0.5231788 0.4105961 0.5173165 0.4172186 0.5202187 0.2715231 0.04635757 0.2715231 0.04121714 0.2721906 0.04635757 0.2715231 0.04121714 0.273428 0.04227018 0.2727414 0.04452013 0.2726659 0.04477113 0.2715231 0.04121714 0.2727414 0.04452013 0.2776235 0.04635757 0.2721906 0.04635757 0.2726659 0.04477113 0.2726659 0.04477113 0.2727414 0.04452013 0.2776235 0.04635757 0.8136312 0.7947018 0.8107243 0.7978123 0.8079473 0.7947018 0.2781457 0.5302199 0.2781457 0.5358241 0.2716997 0.5325698 0.4635764 0.5099338 0.4768212 0.5033112 0.4701987 0.5099338 0.4635764 0.5364238 0.4635764 0.5298013 0.4646558 0.5240795 0.818365 0.917444 0.8206956 0.9172953 0.8205991 0.9205297 0.8205805 0.9139074 0.8206956 0.9172953 0.818365 0.917444 0.217103 0.3245033 0.2167419 0.3253905 0.2145192 0.3249 0.2142608 0.3248449 0.2119206 0.3245033 0.217103 0.3245033 0.6299118 0.6754963 0.6300969 0.6725024 0.6328245 0.6718264 0.3106653 0.05960255 0.3178808 0.05960255 0.3178808 0.06622517 0.6158941 0.8468671 0.6133692 0.8446194 0.6153875 0.8432971 0.6613702 0.9090968 0.6572077 0.9072846 0.6622516 0.9072846 0.2847682 0.1125828 0.2774639 0.1059603 0.2781457 0.1049165 0.3934447 0.517252 0.3907285 0.517224 0.3443709 0.5106527 0.5547649 0.6121194 0.5496693 0.6092713 0.5551859 0.6092713 0.4437087 0.510663 0.4486587 0.5110378 0.4437088 0.5110307 0.8185634 0.9250721 0.8208678 0.9250271 0.8205902 0.9271522 0.8158565 0.9205297 0.8205991 0.9205297 0.8182848 0.9250789 0.8205991 0.9205297 0.8208678 0.9250271 0.8182848 0.9250789 0.8208678 0.9250271 0.8185634 0.9250721 0.8182848 0.9250789 0.6020665 0.5569636 0.602649 0.5569796 0.6015254 0.5594502 0.6020665 0.5569636 0.6015254 0.5594502 0.5960264 0.5569142 0.2483288 0.5231788 0.2261459 0.5028434 0.2516556 0.5165563 0.7427316 0.9072846 0.7417219 0.9072846 0.7462593 0.9022037 0.6303001 0.6821188 0.6303741 0.680033 0.6330104 0.6797693 0.820521 0.9006623 0.8176857 0.9015095 0.8150536 0.9006623 0.2587644 0.5005626 0.2582782 0.5033112 0.2582782 0.4976288 0.3487261 0.5533845 0.3488376 0.55285 0.3509933 0.5553236 0.8206253 0.9337746 0.8145697 0.9337747 0.818208 0.9326716 0.8205902 0.9271522 0.8206253 0.9337746 0.8184874 0.9327718 0.3245034 0.0927152 0.3178808 0.0927152 0.3178808 0.08609271 0.1440834 0.3973509 0.1395127 0.3973509 0.1412903 0.3963106 0.1854304 0.1456953 0.1854304 0.1523178 0.1829914 0.1473275 0.5858424 0.7947019 0.584703 0.7947018 0.5868989 0.794213 0.5868989 0.794213 0.584703 0.7947018 0.5871648 0.7940891 0.4095106 0.5173487 0.4105961 0.5173165 0.4092462 0.5201085 0.4039735 0.5231788 0.410596 0.5231788 0.4172185 0.5298013 0.4092462 0.5201085 0.4105961 0.5173165 0.4092143 0.5204415 0.4095106 0.5173487 0.4092462 0.5201085 0.4039735 0.5173087 0.4092462 0.5201085 0.4092143 0.5204415 0.4039735 0.5231788 0.2656052 0.0401743 0.2715231 0.04087543 0.2715231 0.04121714 0.579944 0.7704526 0.5776446 0.7705708 0.5778974 0.7682117 0.4370861 0.5112087 0.4316748 0.5114598 0.4404351 0.5106176 0.6887416 0.5827813 0.6821192 0.5761588 0.6868647 0.5784884 0.5302749 0.6120818 0.5302869 0.6117773 0.5364239 0.6150624 0.7629836 0.8665234 0.7682121 0.8609271 0.7682121 0.8616486 0.144591 0.410596 0.1397334 0.410596 0.1397773 0.4047968 0.1397773 0.4047968 0.1421865 0.4044894 0.144591 0.410596 0.1419277 0.4045229 0.1397773 0.4047968 0.1397917 0.4039735 0.5960264 0.5617697 0.5931066 0.5604835 0.5936833 0.5577616 0.5937438 0.5574837 0.5940056 0.5562914 0.5952785 0.5562914 0.6187096 0.8508166 0.6236096 0.8573077 0.6239452 0.8609271 0.1390728 0.3841059 0.1390728 0.3885004 0.136915 0.3885903 0.1366555 0.3886011 0.1345047 0.3886898 0.1344777 0.3841059 0.1344777 0.3841059 0.1345047 0.3886898 0.1341997 0.3887022 0.4620013 0.5165563 0.4569537 0.5165563 0.4569537 0.5140851 0.1450012 0.4172185 0.1397839 0.4172185 0.1423365 0.4123416 0.1397334 0.410596 0.144591 0.410596 0.1423365 0.4123416 0.1420564 0.412375 0.1397251 0.4126518 0.1397334 0.410596 0.3443709 0.5505216 0.3414186 0.550081 0.3393266 0.5496688 0.3393266 0.5496688 0.3414186 0.550081 0.3413298 0.5504128 0.9536424 0.9933775 0.9470198 0.9933775 0.9470198 0.9867549 0.7311112 0.8951941 0.7343483 0.9006622 0.7284769 0.9006623 0.2246506 0.5222434 0.2185431 0.5231788 0.2185431 0.5220263 0.170114 0.5114212 0.1683619 0.5133321 0.1663418 0.5099338 0.3377484 0.5496688 0.3413298 0.5504128 0.3443709 0.5508432 0.5786977 0.5506222 0.5827814 0.5509285 0.5781509 0.5532657 0.5827814 0.5562914 0.5775296 0.5562914 0.5780847 0.5535874 0.5786977 0.5506222 0.5781509 0.5532657 0.5761591 0.550419 0.5780847 0.5535874 0.5775296 0.5562914 0.5761591 0.5562914 0.2824177 0.09933775 0.2781457 0.09933775 0.2817348 0.09848743 0.2781457 0.09933775 0.2793978 0.09555941 0.2815377 0.0982415 0.2839865 0.09933775 0.2824177 0.09933775 0.2817348 0.09848743 0.2815377 0.0982415 0.2793978 0.09555941 0.2847682 0.09857487 0.2793978 0.09555941 0.2847682 0.0927152 0.2847682 0.09857487 0.2839865 0.09933775 0.2817348 0.09848743 0.2815377 0.0982415 0.2839865 0.09933775 0.2847682 0.09857487 0.2847682 0.09896731 0.5304033 0.6092714 0.5302869 0.6117773 0.5298016 0.6092714 0.4039735 0.5231788 0.4008497 0.5231788 0.4011694 0.5203416 0.3088237 0.07234722 0.3136697 0.06550866 0.3178808 0.06622517 0.4011694 0.5203416 0.4008497 0.5231788 0.3973511 0.5231788 0.3297241 0.5117549 0.3302446 0.5099338 0.3311257 0.5105251 0.3245034 0.5099338 0.3302446 0.5099338 0.3297241 0.5117549 0.7358781 0.9072846 0.736966 0.9072846 0.7417219 0.9135514 0.7466281 0.9022813 0.7427316 0.9072846 0.7462593 0.9022037 0.7464961 0.8762519 0.746874 0.8764923 0.7417219 0.8800606 0.1589403 0.4900662 0.1538096 0.4900662 0.152318 0.4759314 0.2251655 0.1788079 0.2251655 0.1751553 0.2278712 0.1760641 0.8139288 0.8013244 0.8110494 0.7977535 0.8136312 0.7947018 0.139897 0.4304635 0.1398535 0.4289056 0.1426402 0.4284372 0.668874 0.5701578 0.6622515 0.5701798 0.6572677 0.5651396 0.2516556 0.03426671 0.2574654 0.03973501 0.2489796 0.03973501 0.2649007 0.1125828 0.2703493 0.1125828 0.2649007 0.118233 0.5936833 0.5577616 0.5952785 0.5562914 0.5960264 0.5617697 0.2024009 0.3332095 0.2036798 0.3353987 0.2045404 0.3377482 0.7218542 0.590306 0.7248774 0.5919657 0.72356 0.5942401 0.7234225 0.5944828 0.7218542 0.590306 0.72356 0.5942401 0.7280315 0.5960263 0.7225554 0.5960263 0.7234225 0.5944828 0.72356 0.5942401 0.7248774 0.5919657 0.7280315 0.5960263 0.2770938 0.1059603 0.2715232 0.1059603 0.2756727 0.1036081 0.2715232 0.1059603 0.2729484 0.1006106 0.2756727 0.1036081 0.2756727 0.1036081 0.2758945 0.1038514 0.2770938 0.1059603 0.2781457 0.09933775 0.2781457 0.1049165 0.2756727 0.1036081 0.2781457 0.1049165 0.2774699 0.105576 0.2758945 0.1038514 0.2756727 0.1036081 0.2781457 0.1049165 0.2758945 0.1038514 0.1491717 0.4597981 0.1464533 0.460616 0.1464756 0.4569536 0.1655628 0.5091618 0.1621845 0.5068787 0.164161 0.505373 0.7417219 0.8874171 0.7410762 0.8874171 0.7413067 0.8824555 0.2511491 0.4974347 0.2516556 0.4974386 0.2508213 0.500187 0.2511491 0.4974347 0.2508213 0.500187 0.245033 0.49744 0.4503312 0.5111331 0.4569537 0.5114575 0.4566135 0.5140838 0.9470198 0.9867549 0.9801324 0.735099 1 0.7549666 0.2559127 0.0443198 0.2566123 0.04183489 0.2582781 0.04038327 0.2516556 0.03973501 0.2574654 0.03973501 0.2566863 0.0415703 0.2039401 0.1041167 0.2018492 0.1028154 0.205298 0.1002076 0.7350993 0.893302 0.7350992 0.8882057 0.736415 0.8889509 0.736415 0.8889509 0.7366426 0.8890797 0.7350993 0.893302 0.7350993 0.893302 0.7387924 0.8902919 0.7391616 0.8904993 0.7350993 0.8936941 0.7391616 0.8904993 0.7386252 0.8940396 0.3934447 0.517252 0.3973511 0.5172786 0.3931648 0.519764 0.3934447 0.517252 0.3931648 0.519764 0.3907285 0.517224 0.6344839 0.6622514 0.6196178 0.6490063 0.7483444 0.6423838 0.1569422 0.4911367 0.1548045 0.491927 0.1538096 0.4900662 0.6622516 0.9084417 0.6622517 0.9131132 0.6613702 0.9090968 0.6622517 0.9131132 0.6595079 0.9104797 0.6611822 0.9092367 0.6622516 0.9072846 0.6622516 0.9084417 0.6613702 0.9090968 0.6611822 0.9092367 0.6595079 0.9104797 0.6572077 0.9072846 0.1456953 0.449538 0.1414669 0.4451178 0.1436818 0.4445667 0.1824041 0.3770783 0.1800571 0.3708608 0.1854304 0.370085 0.7615896 0.859098 0.765519 0.8589411 0.7682121 0.8609271 0.1456953 0.3112582 0.1398485 0.3112582 0.1425542 0.3088328 0.5994067 0.6291388 0.5994082 0.6286092 0.601252 0.6256199 0.6247934 0.7169305 0.6225168 0.7160037 0.6233161 0.7152314 0.2251655 0.1788079 0.2251655 0.183741 0.2238556 0.1833457 0.2238556 0.1833457 0.2236139 0.1832727 0.2251655 0.1788079 0.4635763 0.4966887 0.4569537 0.5099338 0.4503312 0.5099338 0.4437088 0.5110307 0.4486587 0.5110378 0.448683 0.5106766 0.8079473 0.7947018 0.8079473 0.7880793 0.8104623 0.7894177 0.2582781 0.1986754 0.2649007 0.1854304 0.2781457 0.1788079 0.2672743 0.1064431 0.2715232 0.1059603 0.2700985 0.1092772 0.2715232 0.1059603 0.2715231 0.1106824 0.270326 0.1095027 0.2672743 0.1064431 0.2700985 0.1092772 0.2703493 0.1125828 0.2700985 0.1092772 0.270326 0.1095027 0.2715231 0.1113917 0.2703493 0.1125828 0.2700985 0.1092772 0.2715231 0.1113917 0.270326 0.1095027 0.2715231 0.1106824 0.2715231 0.1113917 0.7475088 0.9131547 0.7431373 0.9079318 0.7483447 0.9139073 0.7012495 0.5827813 0.7019864 0.583429 0.7012674 0.585331 0.1979537 0.3443707 0.192053 0.3443708 0.1957947 0.3383486 0.1976746 0.3409388 0.1979537 0.3443707 0.1957947 0.3383486 0.757386 0.8720599 0.754967 0.8741721 0.7615896 0.8675495 0.7956958 0.9389577 0.7962108 0.9365721 0.8013248 0.9337747 0.7962108 0.9365721 0.7962746 0.9362807 0.8013248 0.9337747 0.734301 0.8877306 0.7350992 0.8882057 0.7350993 0.893302 0.1464061 0.2582781 0.1464565 0.2526255 0.1491566 0.2533007 0.1523179 0.2516556 0.1523179 0.2541298 0.1494802 0.253382 0.1491566 0.2533007 0.1464565 0.2526255 0.1464912 0.2516556 0.7308877 0.9035876 0.733223 0.9040733 0.7331747 0.9072847 0.733223 0.9040733 0.7335496 0.904146 0.733484 0.9072846 0.2427753 0.5001794 0.2384105 0.4974377 0.245033 0.49744 0.2384105 0.03387528 0.2418017 0.03357028 0.2414933 0.03640353 0.245033 0.03973501 0.2411231 0.03973501 0.2414564 0.0367366 0.2414933 0.03640353 0.2418017 0.03357028 0.245033 0.03385454 0.8145697 0.933041 0.818208 0.9326716 0.8145697 0.9337747 0.4437088 0.5110307 0.4403917 0.5138464 0.4403958 0.513538 0.4404302 0.5109803 0.4403958 0.513538 0.4403917 0.5138464 0.1986755 0.1133748 0.1986755 0.1192052 0.1967313 0.1182966 0.1456953 0.2692089 0.1456953 0.2656356 0.1482826 0.2694289 0.2045404 0.3377482 0.1976746 0.3409388 0.2024009 0.3332095 0.7647721 0.6529927 0.7674026 0.6516976 0.7675032 0.6556288 0.5871648 0.7940891 0.5894042 0.7947019 0.5902 0.8013243 0.5622534 0.5503807 0.5629138 0.5503998 0.5617652 0.5530129 0.5622534 0.5503807 0.5617652 0.5530129 0.5562914 0.5503212 0.561707 0.5533282 0.5612177 0.5559744 0.5562915 0.5554032 0.6772746 0.9271522 0.6785039 0.9262267 0.6804049 0.9247974 0.2582781 0.1250877 0.2582781 0.1200597 0.2593564 0.1209472 0.2593564 0.1209472 0.2595465 0.1211038 0.2582781 0.1250877 0.2582781 0.1250877 0.2612482 0.1225113 0.2615184 0.1227362 0.2615184 0.1227362 0.2612482 0.1225113 0.2639433 0.1192052 0.231788 0.5029034 0.2261877 0.5025054 0.2264813 0.5001238 0.2264813 0.5001238 0.2261877 0.5025054 0.2251656 0.50234 0.2251656 0.50234 0.2251656 0.4972075 0.2265173 0.4998355 0.2251656 0.4972075 0.2268252 0.4974344 0.2265173 0.4998355 0.7413067 0.8824555 0.7417219 0.8807946 0.7417219 0.8874171 0.6802844 0.9349491 0.6787052 0.9362911 0.6769255 0.9337747 0.4316748 0.5114598 0.4370861 0.5112087 0.4319001 0.5137398 0.4319001 0.5137398 0.4370861 0.5112087 0.4319294 0.5140162 0.4316748 0.5114598 0.4319001 0.5137398 0.4319294 0.5140162 0.231788 0.03973501 0.231788 0.03403788 0.2335451 0.03672254 0.2335261 0.03639423 0.2333649 0.03360289 0.2384105 0.03387528 0.2913907 0.04790443 0.2886521 0.04763334 0.2913907 0.04757624 0.7880799 0.721854 0.7880799 0.7211309 0.7907104 0.7203637 0.7910269 0.7202711 0.7935742 0.7195239 0.7939648 0.721854 0.7880799 0.721854 0.7907104 0.7203637 0.7939648 0.721854 0.7483445 0.8741721 0.7483446 0.8738247 0.754967 0.8741721 0.7483445 0.8675495 0.7535562 0.8675495 0.7498005 0.8688323 0.7535562 0.8675495 0.7518724 0.8700804 0.7500079 0.8689571 0.2384105 0.5289616 0.231788 0.528653 0.2322206 0.526077 0.7814571 0.7019864 0.7814571 0.6981464 0.7839222 0.6973119 0.7814571 0.7019864 0.7839222 0.6973119 0.7842047 0.6972163 0.152318 0.5562914 0.1655628 0.5099338 0.179143 0.5165563 0.1419277 0.2687613 0.1423497 0.2688143 0.1410215 0.2715231 0.1410215 0.2715231 0.1423497 0.2688143 0.1450808 0.2691388 0.1452236 0.2691551 0.1410215 0.2715231 0.1450808 0.2691388 0.1456953 0.2656356 0.1456953 0.2692089 0.1452236 0.2691551 0.1450808 0.2691388 0.1423497 0.2688143 0.1456953 0.2656356 0.7682121 0.6563537 0.7713499 0.6588815 0.7691184 0.6599362 0.7688804 0.6600497 0.7682121 0.6603685 0.7682121 0.6563537 0.7682121 0.6622514 0.7682121 0.6603685 0.7735126 0.6622514 0.7682121 0.6603685 0.7688804 0.6600497 0.7735126 0.6622514 0.7688804 0.6600497 0.7691184 0.6599362 0.7735126 0.6622514 0.8043782 0.7664704 0.8069955 0.7657923 0.8072207 0.7682116 0.8013246 0.7682117 0.8040583 0.7665531 0.8072207 0.7682116 0.7279844 0.9205297 0.7232939 0.9205297 0.7269535 0.9190088 0.986755 0.9801325 0.986755 0.986755 0.9801325 0.9801325 0.7232939 0.9205297 0.7266714 0.9189996 0.7269535 0.9190088 0.728477 0.9190588 0.728477 0.9199745 0.7269535 0.9190088 0.7284769 0.9139073 0.728477 0.9190588 0.7266714 0.9189996 0.728477 0.9190588 0.7269535 0.9190088 0.7266714 0.9189996 0.7947022 0.7442607 0.7974926 0.7434834 0.8005979 0.7483441 0.7814571 0.7086089 0.7843179 0.705613 0.7873637 0.7086089 0.8107452 0.7893767 0.813075 0.7890525 0.8136312 0.7947018 0.753902 0.8675495 0.7543181 0.8609271 0.754967 0.8741721 0.7487402 0.8874172 0.7489963 0.8860813 0.7549671 0.8815633 0.7483444 0.6166151 0.7431786 0.6192417 0.7457454 0.6174739 0.7459844 0.6173055 0.7476935 0.6158939 0.7483444 0.6166151 0.7743167 0.6688739 0.7682121 0.6688739 0.7710278 0.6678244 0.7713536 0.6676791 0.7739861 0.6665153 0.7743167 0.6688739 0.2575361 0.1258278 0.2528412 0.1258278 0.2516556 0.1248408 0.2574239 0.1192052 0.2582781 0.1200597 0.2582781 0.1250877 0.7279844 0.9205297 0.7277016 0.9271522 0.7250775 0.9266886 0.7980379 0.7515231 0.800597 0.7508166 0.8005381 0.7549666 0.7947022 0.7483441 0.8005979 0.7483441 0.7980379 0.7515231 0.8005979 0.7483441 0.800597 0.7508166 0.7980379 0.7515231 0.7980379 0.7515231 0.797734 0.7516089 0.7947022 0.7483441 0.7814571 0.7086089 0.7814571 0.7019864 0.7843179 0.705613 0.3096389 0.5456461 0.3105908 0.5430463 0.3112583 0.5430463 0.7686164 0.8612709 0.7682121 0.8675495 0.7682121 0.8616486 0.2185431 0.4966887 0.2185431 0.4911636 0.2194127 0.4947983 0.2245454 0.4966887 0.2185431 0.4966887 0.2205673 0.4930432 0.7791324 0.6905153 0.7794173 0.6904132 0.7814571 0.6953639 0.8079473 0.8013244 0.8079473 0.7983161 0.8107243 0.7978123 0.7947021 0.7360516 0.7947022 0.7417215 0.7929596 0.7366859 0.2516556 0.1317163 0.2558469 0.1281746 0.256157 0.1284139 0.256157 0.1284139 0.2558469 0.1281746 0.2575361 0.1258278 0.2528412 0.1258278 0.2575361 0.1258278 0.253779 0.1265637 0.2575361 0.1258278 0.2558469 0.1281746 0.2539814 0.1267223 0.7748345 0.6762202 0.7748345 0.6821188 0.772093 0.6760684 0.7748345 0.6821188 0.7701515 0.6768807 0.772093 0.6760684 0.772093 0.6760684 0.77231 0.6759771 0.7748345 0.6762202 0.769439 0.6754963 0.7742494 0.6754963 0.77231 0.6759771 0.77231 0.6759771 0.772093 0.6760684 0.769439 0.6754963 0.1879179 0.1407312 0.190528 0.1418707 0.1854304 0.1456953 0.1876518 0.1406148 0.1854304 0.1397784 0.1862094 0.1390728 0.8079472 0.7818611 0.8079473 0.7880793 0.8057191 0.7824695 0.8079473 0.7880793 0.8031052 0.7830798 0.8054598 0.7825278 0.8073291 0.7814568 0.8079472 0.7818611 0.8057191 0.7824695 0.8054598 0.7825278 0.8031052 0.7830798 0.8023751 0.7814568 0.7476089 0.8741721 0.7464961 0.8762519 0.7443279 0.8748748 0.7086094 0.9462947 0.7086095 0.9413725 0.7093055 0.9428384 0.7094339 0.9431076 0.710656 0.9456251 0.7086094 0.9462947 0.1800571 0.3708608 0.1808519 0.3687312 0.1834458 0.3690895 0.1854304 0.370085 0.1834458 0.3690895 0.1837272 0.3691278 0.1837272 0.3691278 0.1834458 0.3690895 0.1854304 0.3642383 0.7565741 0.9267728 0.7615897 0.9271522 0.7549671 0.9271522 0.1426213 0.292815 0.1398928 0.2925795 0.1399126 0.2913907 0.4503313 0.5827813 0.4569537 0.5827813 0.455601 0.585524 0.8110811 0.8139348 0.8085755 0.8145695 0.8079473 0.8079469 0.8085755 0.8145695 0.8110811 0.8139348 0.8139109 0.8145695 0.3107416 0.05668634 0.3027763 0.05636399 0.303499 0.05357587 0.1797355 0.3774834 0.17974 0.3769131 0.1821169 0.3770604 0.1824041 0.3770783 0.1847919 0.3774834 0.1797355 0.3774834 0.5302869 0.6117773 0.536424 0.6092714 0.5364239 0.6150624 0.3112582 0.05611753 0.3107416 0.05668634 0.30366 0.05298012 0.5838491 0.7639269 0.5827815 0.7637463 0.5778974 0.7682117 0.3112582 0.05611753 0.3106653 0.05960255 0.308836 0.05960255 0.7427636 0.8920438 0.7431501 0.8922653 0.7423277 0.8940396 0.6034445 0.7417215 0.6055628 0.7417215 0.6059488 0.7421218 0.1398485 0.3112582 0.1398472 0.3086217 0.1425542 0.3088328 0.2901175 0.5065954 0.2847682 0.5088856 0.2847682 0.5039463 0.5562916 0.6092713 0.562914 0.6101658 0.562914 0.6128451 0.602649 0.5569796 0.6014604 0.559748 0.6015254 0.5594502 0.4684504 0.5231788 0.4662049 0.5316933 0.4646558 0.5240795 0.4646558 0.5240795 0.4662049 0.5316933 0.4649573 0.5364238 0.2251655 0.03973501 0.2213931 0.03973501 0.2243153 0.03757244 0.2213931 0.03973501 0.2234639 0.03509581 0.2242363 0.03731137 0.2251654 0.03451645 0.2251655 0.03973501 0.2243153 0.03757244 0.2243153 0.03757244 0.2242363 0.03731137 0.2251654 0.03451645 0.2251654 0.03451645 0.2234639 0.03509581 0.2233222 0.03476738 0.7423277 0.8940396 0.7463397 0.8940396 0.7472997 0.9006623 0.3774835 0.5621364 0.3714199 0.5621629 0.3717717 0.5591424 0.4179843 0.5717343 0.4172185 0.5695363 0.4187272 0.5695363 0.6807168 0.5711466 0.6622515 0.5496688 0.6754965 0.5562914 0.8176118 0.8534953 0.8202727 0.8533272 0.8203072 0.8543046 0.1456953 0.3170377 0.1456953 0.3178808 0.1452723 0.3170195 0.8145698 0.834437 0.8105171 0.8300622 0.8129928 0.8298111 0.8129928 0.8298111 0.8105171 0.8300622 0.8094941 0.8278145 0.2119206 0.3178808 0.217103 0.3245033 0.2119206 0.3245033 0.7417219 0.9009604 0.7420275 0.9006623 0.7423579 0.9006623 0.7305519 0.9115929 0.7284769 0.9139073 0.7284769 0.9072846 0.9668874 0.9933775 0.9602649 0.9933775 0.9602647 0.9867549 0.1803233 0.1462092 0.1804361 0.1456953 0.1827049 0.1472073 0.1803233 0.1462092 0.1827049 0.1472073 0.179598 0.1523178 0.2980132 0.542281 0.2938324 0.5422601 0.2947013 0.5395333 0.4011694 0.5203416 0.3973511 0.5172786 0.4012045 0.5200154 0.2980132 0.05878531 0.2943859 0.05687445 0.2952021 0.05406218 0.2952823 0.0537765 0.2955044 0.05298012 0.2972761 0.05298012 0.2980132 0.05878531 0.2952021 0.05406218 0.2980132 0.05363941 0.2952021 0.05406218 0.2952823 0.0537765 0.2972761 0.05298012 0.3245034 0.1059603 0.3245034 0.09933775 0.3311258 0.09933775 0.2615184 0.1227362 0.2582781 0.1324503 0.256157 0.1284139 0.7907104 0.7203637 0.7910269 0.7202711 0.7939648 0.721854 0.2110745 0.4926667 0.209176 0.4942377 0.2119204 0.4919745 0.1794885 0.1589403 0.1795192 0.1546458 0.1819777 0.1556301 0.1854304 0.1523178 0.1845807 0.1566604 0.1822659 0.1557448 0.1819777 0.1556301 0.1795192 0.1546458 0.179598 0.1523178 0.7476089 0.8741721 0.7440995 0.8747299 0.7432209 0.8741721 0.7472546 0.9134143 0.7417219 0.9076496 0.7431373 0.9079318 0.2185431 0.2972821 0.2185431 0.293226 0.2192898 0.2933651 0.5786977 0.5506222 0.5761591 0.550419 0.5622534 0.5503807 0.2089006 0.4944685 0.209176 0.4942377 0.2119204 0.496048 0.2119204 0.4919745 0.2119204 0.496048 0.2110745 0.4926667 0.2119204 0.496048 0.209176 0.4942377 0.2108859 0.4928213 0.634482 0.869234 0.6322084 0.8709009 0.6342628 0.8693934 0.8177776 0.8614992 0.8206647 0.861353 0.8205932 0.8675495 0.2178891 0.3046357 0.2152159 0.3087338 0.2148994 0.3086814 0.4649573 0.5364238 0.4653519 0.5360065 0.4701987 0.5403342 0.2090488 0.517674 0.2119204 0.5175327 0.2119204 0.5178485 0.7553769 0.8811299 0.7549671 0.8811764 0.7549671 0.8807946 0.7472546 0.9134143 0.7478686 0.9139073 0.7468717 0.9139073 0.7468717 0.9139073 0.7478686 0.9139073 0.7483447 0.9142681 0.7483447 0.9201769 0.7486854 0.9205297 0.7483446 0.9205297 0.7350993 0.917794 0.7301623 0.9192872 0.7332522 0.9139073 0.7417219 0.8940396 0.7386252 0.8940396 0.7391616 0.8904993 0.7391592 0.9006623 0.7417219 0.9006623 0.7417219 0.9009604 0.7379798 0.9018906 0.7417219 0.9009604 0.736966 0.9072846 0.7417219 0.8940396 0.7483446 0.8874171 0.7483446 0.887825 0.2649007 0.5298013 0.2715231 0.5298013 0.2715231 0.5325922 0.2715231 0.5298013 0.2781457 0.5302199 0.2716997 0.5325698 0.7420493 0.9139073 0.7423236 0.9176231 0.7417219 0.9139073 0.7472546 0.9134143 0.7431373 0.9079318 0.7475088 0.9131547 0.6887416 0.5769656 0.6887416 0.5827813 0.6868647 0.5784884 0.9602649 0.9933775 0.9602648 1 0.9536424 0.9933775 0.205298 0.4834437 0.2062646 0.4900662 0.2059225 0.4900661 0.2059225 0.4900661 0.2089006 0.4944685 0.2052979 0.4900662 0.2052979 0.4900662 0.2044113 0.4834437 0.2059225 0.4900661 0.2847682 0.5039463 0.2825371 0.5039227 0.2781457 0.5038953 0.3245033 0.04635757 0.3245033 0.05960255 0.3178808 0.05960255 0.1804361 0.1456953 0.1854304 0.1456953 0.1829914 0.1473275 0.2582782 0.5298013 0.2516556 0.5239105 0.2582782 0.5281988 0.2516556 0.5239105 0.2490419 0.523555 0.2516556 0.5235627 0.2147701 0.3167217 0.2151025 0.3167809 0.2179135 0.3178808 0.1788079 0.1715295 0.1788079 0.1655629 0.1842504 0.1589403 0.1788079 0.1715295 0.1842504 0.1589403 0.1845807 0.1566604 0.1673375 0.1788079 0.1729366 0.1721854 0.1784753 0.1721854 0.1788079 0.1715295 0.1845807 0.1566604 0.1854304 0.1523178 0.1691222 0.1848874 0.1673375 0.1788079 0.1694365 0.1849957 0.1673375 0.1788079 0.1784753 0.1721854 0.1694365 0.1849957 0.1679779 0.1930289 0.1662594 0.1920529 0.1694365 0.1849957 0.1605001 0.1986754 0.1655628 0.1927704 0.162833 0.1996281 0.1655628 0.1927704 0.1679779 0.1930289 0.162833 0.1996281 0.1622622 0.2161329 0.1589404 0.2126394 0.162833 0.1996281 0.1679779 0.1930289 0.1694365 0.1849957 0.1784753 0.1721854 0.162833 0.1996281 0.1679779 0.1930289 0.1622622 0.2161329 0.1679779 0.1930289 0.1784753 0.1721854 0.205298 0.2847682 0.1448845 0.3328789 0.1622622 0.2161329 0.205298 0.2847682 0.1622622 0.2161329 0.1679779 0.1930289 0.205298 0.2847682 0.1421286 0.3406031 0.141864 0.3405851 0.1444258 0.3377482 0.1397441 0.3311257 0.1421286 0.3406031 0.1444258 0.3377482 0.1784753 0.1721854 0.1788079 0.1715295 0.205298 0.2847682 0.1394456 0.3178808 0.1397441 0.3311257 0.07284766 0.3311257 0.1397441 0.3311257 0.1444258 0.3377482 0.07284766 0.3311257 0.1394456 0.3178808 0.07284766 0.3311257 0.1398472 0.3086217 0.1788079 0.1715295 0.1854304 0.1523178 0.205298 0.2847682 0.1854304 0.1523178 0.1854304 0.1456953 0.190528 0.1418707 0.205298 0.2847682 0.1854304 0.1523178 0.190528 0.1418707 0.190528 0.1418707 0.1862094 0.1390728 0.1940155 0.1258278 0.190528 0.1418707 0.1940155 0.1258278 0.1986755 0.1192052 0.205298 0.2847682 0.190528 0.1418707 0.1986755 0.1192052 0.1940155 0.1258278 0.1929734 0.1192052 0.1986755 0.1192052 0.1986755 0.1192052 0.1986755 0.1133748 0.1996992 0.1059603 0.2041653 0.1042575 0.2039401 0.1041167 0.205298 0.1002076 0.1986755 0.1192052 0.1996992 0.1059603 0.2041653 0.1042575 0.1986755 0.1192052 0.2041653 0.1042575 0.205298 0.2847682 0.2041653 0.1042575 0.205298 0.1002076 0.205298 0.2847682 0.205298 0.2847682 0.205298 0.3046357 0.1986755 0.3178808 0.205298 0.2847682 0.1986755 0.3178808 0.1448845 0.3328789 0.1986755 0.3178808 0.192053 0.3443708 0.1448845 0.3328789 0.1448845 0.3328789 0.192053 0.3443708 0.1879423 0.3533546 0.1444258 0.3377482 0.1448845 0.3328789 0.1879423 0.3533546 0.1452723 0.3170195 0.1452339 0.3178808 0.1394456 0.3178808 0.192053 0.3443708 0.1979537 0.3443707 0.1882556 0.3534609 0.1444258 0.3377482 0.1879423 0.3533546 0.1854304 0.3576158 0.1456953 0.3170377 0.1452723 0.3170195 0.1394456 0.3178808 0.1456953 0.3112582 0.1456953 0.3170377 0.1398485 0.3112582 0.1456953 0.3170377 0.1394456 0.3178808 0.1398485 0.3112582 0.1398472 0.3086217 0.1398485 0.3112582 0.1394456 0.3178808 0.1398475 0.3006131 0.1398472 0.3086217 0.07284766 0.3311257 0.1398928 0.2925795 0.1429504 0.2928437 0.139844 0.2980132 0.1403282 0.2847682 0.1399126 0.2913907 0.07284766 0.3311257 0.1399126 0.2913907 0.1398928 0.2925795 0.07284766 0.3311257 0.1456953 0.2692089 0.1456953 0.2847682 0.1410215 0.2715231 0.1456953 0.2847682 0.1403282 0.2847682 0.1410215 0.2715231 0.1398928 0.2925795 0.139844 0.2980132 0.1398475 0.3006131 0.1410215 0.2715231 0.1403282 0.2847682 0.1419277 0.2687613 0.1419277 0.2687613 0.1403282 0.2847682 0.07284766 0.3311257 0.1398928 0.2925795 0.1398475 0.3006131 0.07284766 0.3311257 0.1518821 0.2582781 0.1482826 0.2694289 0.1456953 0.2656356 0.1518821 0.2582781 0.1456953 0.2656356 0.1464061 0.2582781 0.1456953 0.2656356 0.1419277 0.2687613 0.1464061 0.2582781 0.1464565 0.2526255 0.1464061 0.2582781 0.1419277 0.2687613 0.1589403 0.2232841 0.1523179 0.2516556 0.1532317 0.2251655 0.1523179 0.2516556 0.1464912 0.2516556 0.1532317 0.2251655 0.2251655 0.03973501 0.2124872 0.09019762 0.2251655 0.0525465 0.2124872 0.09019762 0.1532317 0.2251655 0.07947021 0.1390728 0.2251655 0.03973501 0.2251655 0.0525465 0.2206399 0.04635757 0.2204121 0.04578369 0.2213931 0.03973501 0.2251655 0.03973501 0.2206399 0.04635757 0.2204121 0.04578369 0.2251655 0.03973501 0.1532317 0.2251655 0.1464912 0.2516556 0.07947021 0.1390728 0.1464912 0.2516556 0.1464565 0.2526255 0.07947021 0.1390728 0.2251655 0.0525465 0.2124872 0.09019762 0.08609271 0.1390728 0.07947021 0.1390728 0.08609271 0.1390728 0.2124872 0.09019762 0.1341997 0.3887022 0.07284766 0.3311257 0.1344501 0.3724969 0.07284766 0.3311257 0.07947021 0.1390728 0.1464565 0.2526255 0.1344501 0.3724969 0.07284766 0.3311257 0.1444258 0.3377482 0.1344479 0.3805854 0.1344777 0.3841059 0.1341997 0.3887022 0.1344501 0.3724969 0.1366262 0.3805348 0.1344479 0.3805854 0.1344501 0.3724969 0.1344479 0.3805854 0.1341997 0.3887022 0.1464565 0.2526255 0.1419277 0.2687613 0.07284766 0.3311257 0.1390728 0.3841059 0.1344501 0.3724969 0.17974 0.3769131 0.1344501 0.3724969 0.1444258 0.3377482 0.1808519 0.3687312 0.1879423 0.3533546 0.192053 0.3443708 0.1882556 0.3534609 0.1979537 0.3443707 0.1976746 0.3409388 0.2045404 0.3377482 0.1390728 0.396619 0.1345414 0.3907284 0.1390728 0.3907284 0.1345414 0.3907284 0.1390728 0.3885004 0.1390728 0.3907284 0.1390728 0.3885004 0.1390728 0.3841059 0.1797355 0.3774834 0.1444258 0.3377482 0.1854304 0.3576158 0.1808519 0.3687312 0.2045404 0.3377482 0.2036798 0.3353987 0.2119206 0.3307708 0.2036798 0.3353987 0.2071742 0.3293082 0.2119206 0.3307708 0.2071742 0.3293082 0.2119206 0.3245033 0.2119206 0.3303923 0.2119206 0.3303923 0.2167419 0.3253905 0.2119206 0.3307708 0.2071742 0.3293082 0.2119206 0.3303923 0.2119206 0.3307708 0.2119206 0.3307708 0.1986755 0.3509933 0.2045404 0.3377482 0.1986755 0.3509933 0.1882556 0.3534609 0.1979537 0.3443707 0.1986755 0.3509933 0.1979537 0.3443707 0.2045404 0.3377482 0.1435847 0.3962225 0.1390728 0.3907284 0.1390728 0.3885004 0.1435847 0.3962225 0.1390728 0.3885004 0.1797355 0.3774834 0.1397917 0.4039735 0.1395127 0.3973509 0.1440834 0.3973509 0.1440834 0.3973509 0.1435847 0.3962225 0.1443338 0.4039735 0.1344501 0.3724969 0.1808519 0.3687312 0.17974 0.3769131 0.1443338 0.4039735 0.1397917 0.4039735 0.1440834 0.3973509 0.1450012 0.4172185 0.144591 0.410596 0.1798731 0.410596 0.144591 0.410596 0.1443338 0.4039735 0.1821635 0.4093084 0.142656 0.4203335 0.1397839 0.4172185 0.1450012 0.4172185 0.1429756 0.4283806 0.1398555 0.423841 0.142656 0.4203335 0.1400226 0.437086 0.139897 0.4304635 0.1456953 0.4437085 0.139897 0.4304635 0.1429756 0.4283806 0.1456953 0.4437085 0.1456953 0.4437085 0.1414669 0.4451178 0.1400226 0.437086 0.1463553 0.4523043 0.1456953 0.449538 0.1456953 0.4437085 0.205298 0.4834437 0.2044113 0.4834437 0.1974281 0.4569535 0.2044113 0.4834437 0.1788079 0.4569536 0.192053 0.4569536 0.1788079 0.4569536 0.1463553 0.4523043 0.1456953 0.4437085 0.1429756 0.4283806 0.142656 0.4203335 0.1450012 0.4172185 0.1390728 0.3841059 0.17974 0.3769131 0.1797355 0.3774834 0.1456953 0.4437085 0.1429756 0.4283806 0.1854304 0.423841 0.1429756 0.4283806 0.1450012 0.4172185 0.1854304 0.423841 0.144591 0.410596 0.1821635 0.4093084 0.1798731 0.410596 0.1854304 0.3576158 0.1854304 0.3642383 0.1808519 0.3687312 0.1821635 0.4093084 0.1435847 0.3962225 0.1797355 0.3774834 0.1788079 0.4569536 0.1456953 0.4437085 0.1878384 0.424932 0.2114392 0.4900662 0.2062646 0.4900662 0.2111026 0.4825693 0.2062646 0.4900662 0.205298 0.4834437 0.2111026 0.4825693 0.2044113 0.4834437 0.192053 0.4569536 0.1974281 0.4569535 0.1456953 0.4437085 0.1854304 0.423841 0.1878384 0.424932 0.192053 0.4569536 0.1788079 0.4569536 0.1889703 0.4492815 0.1435847 0.3962225 0.1821635 0.4093084 0.1443338 0.4039735 0.1808519 0.3687312 0.1800571 0.3708608 0.17974 0.3769131 0.1797355 0.3774834 0.1847919 0.3774834 0.1824454 0.4092935 0.1797355 0.3774834 0.1824454 0.4092935 0.1821635 0.4093084 0.2185431 0.4911636 0.2130877 0.4909264 0.2207441 0.4927406 0.2130877 0.4909264 0.2114392 0.4900662 0.2251656 0.4900662 0.2251656 0.4900662 0.2207441 0.4927406 0.2130877 0.4909264 0.1974281 0.4569535 0.2111026 0.4825693 0.205298 0.4834437 0.2111026 0.4825693 0.2251656 0.4900662 0.2114392 0.4900662 0.1914259 0.450331 0.192053 0.4510669 0.192053 0.4569536 0.1798731 0.410596 0.1848118 0.410596 0.1854304 0.4179536 0.1889703 0.4492815 0.1788079 0.4569536 0.1878384 0.424932 0.1889703 0.4492815 0.1914259 0.450331 0.192053 0.4569536 0.1854304 0.4179536 0.1899247 0.423841 0.1854304 0.423841 0.1450012 0.4172185 0.1798731 0.410596 0.1854304 0.423841 0.9801325 0.9801325 0.9801324 0.9867549 0.9735099 0.9801325 0.1729366 0.1721854 0.1755999 0.1702929 0.175915 0.1704133 0.2403694 0.5258921 0.2403064 0.5262219 0.2384105 0.5289616 0.2384105 0.5289616 0.2322206 0.526077 0.2322726 0.5257655 0.2322726 0.5257655 0.231788 0.5231788 0.2403694 0.5258921 0.231788 0.5231788 0.2483288 0.5231788 0.2403694 0.5258921 0.2490419 0.523555 0.2516556 0.5239105 0.2485046 0.5261538 0.2483288 0.5231788 0.2490419 0.523555 0.2485046 0.5261538 0.2403694 0.5258921 0.2483288 0.5231788 0.245033 0.5290252 0.2403694 0.5258921 0.2384105 0.5289616 0.2322726 0.5257655 0.2484406 0.5264624 0.245033 0.5290252 0.2485046 0.5261538 0.1397917 0.4039735 0.1443338 0.4039735 0.1421865 0.4044894 0.8205902 0.9271522 0.815738 0.9271523 0.8182848 0.9250789 0.1882556 0.3534609 0.1908206 0.3576158 0.1854304 0.3576158 0.1494802 0.253382 0.1491566 0.2533007 0.1464912 0.2516556 0.7927 0.7367405 0.794057 0.735099 0.7947021 0.7360516 0.7735126 0.6622514 0.7713536 0.6676791 0.7710278 0.6678244 1 0.6556288 1 0.7152314 0.9801324 0.735099 1 0.7152314 1 0.735099 0.9801324 0.735099 0.9801324 0.735099 0.9602649 0.6092713 1 0.6556288 0.7420493 0.9139073 0.7417219 0.9135514 0.7423933 0.9139073 0.7417219 0.9135514 0.736966 0.9072846 0.7417219 0.9076496 0.7423933 0.9139073 0.7417219 0.9135514 0.7417219 0.9076496 0.736966 0.9072846 0.7417219 0.9072846 0.7417219 0.9076496 0.2278712 0.1760641 0.2254869 0.1721854 0.231085 0.1721854 0.6264266 0.8553386 0.629139 0.8609271 0.6239452 0.8609271 0.9735099 0.9867549 0.97351 0.9933775 0.9668873 0.9867549 0.6622517 0.9131132 0.6622516 0.9084417 0.6804049 0.9247974 0.6622517 0.9131132 0.6804049 0.9247974 0.6513698 0.8966139 0.6804049 0.9247974 0.6754968 0.926362 0.6772746 0.9271522 0.6595079 0.9104797 0.6622517 0.9131132 0.6513698 0.8966139 0.6513698 0.8966139 0.6804049 0.9247974 0.7218545 0.9403973 0.6513698 0.8966139 0.7218545 0.9403973 0.6458856 0.8907428 0.6762599 0.9271523 0.6772746 0.9271522 0.6754968 0.926362 0.6772746 0.9271522 0.6769255 0.9337747 0.6821194 0.9337747 0.6804049 0.9247974 0.6772746 0.9271522 0.6821194 0.9337747 0.6536337 0.8949292 0.6622516 0.9072846 0.6572077 0.9072846 0.6536337 0.8949292 0.6572077 0.9072846 0.6513698 0.8966139 0.6572077 0.9072846 0.6595079 0.9104797 0.6513698 0.8966139 0.6458856 0.8907428 0.6490067 0.8883997 0.6513698 0.8966139 0.6769255 0.9337747 0.6787052 0.9362911 0.6804622 0.9347977 0.6769255 0.9337747 0.6804622 0.9347977 0.6821194 0.9337747 0.6458856 0.8907428 0.7218545 0.9403973 0.8013248 0.9403973 0.634482 0.869234 0.6490067 0.8874172 0.6322084 0.8709009 0.6490067 0.8874172 0.6458856 0.8907428 0.6322084 0.8709009 0.6322084 0.8709009 0.6458856 0.8907428 0.3576161 0.7549666 0.3576161 0.7549666 0.6458856 0.8907428 0.8013248 0.9403973 0.6239452 0.8609271 0.629139 0.8635337 0.6299331 0.8675495 0.6239452 0.8609271 0.6299331 0.8675495 0.6322084 0.8709009 0.6158941 0.842965 0.6225168 0.8476821 0.6158941 0.8468671 0.6225168 0.8476821 0.6167111 0.8476821 0.6158941 0.8468671 0.6133692 0.8446194 0.6158941 0.8468671 0.6167111 0.8476821 0.6133692 0.8446194 0.6167111 0.8476821 0.6239452 0.8609271 0.6133692 0.8446194 0.6239452 0.8609271 0.3576161 0.7549666 0.6239452 0.8609271 0.6322084 0.8709009 0.3576161 0.7549666 0.7615896 0.8476821 0.6026493 0.8145695 0.7682123 0.821192 0.6026493 0.8145695 0.5997912 0.8145695 0.5902 0.8013243 0.7682123 0.821192 0.6026493 0.8145695 0.754967 0.721854 0.754967 0.721854 0.6026493 0.8145695 0.6350315 0.7019864 0.633152 0.671746 0.7483445 0.6953639 0.6333293 0.6797378 0.7483445 0.6953639 0.754967 0.721854 0.6350315 0.7019864 0.6333293 0.6797378 0.7483445 0.6953639 0.632929 0.6874663 0.6299118 0.6754963 0.6328245 0.6718264 0.633152 0.671746 0.6303001 0.6821188 0.6330104 0.6797693 0.6333293 0.6797378 0.6333293 0.6797378 0.6299118 0.6754963 0.633152 0.671746 0.632929 0.6874663 0.7483445 0.6953639 0.6350315 0.7019864 0.6303047 0.68731 0.6303001 0.6821188 0.632929 0.6874663 0.6303001 0.6821188 0.6333293 0.6797378 0.632929 0.6874663 0.6350315 0.7019864 0.6298541 0.7019864 0.632929 0.6874663 0.6821194 0.9337747 0.6953645 0.9403973 0.6895646 0.9403973 0.6931686 0.9455819 0.6944373 0.9426954 0.6953645 0.9462281 0.6821194 0.9337747 0.6895646 0.9403973 0.6953645 0.9462281 0.6804049 0.9247974 0.6821194 0.9337747 0.7145848 0.9403973 0.5802217 0.7704375 0.5827816 0.7682117 0.5864033 0.7855126 0.5827816 0.7682117 0.6350315 0.7019864 0.5894042 0.7947019 0.6350315 0.7019864 0.6026493 0.8145695 0.5894042 0.7947019 0.5894042 0.7947019 0.6026493 0.8145695 0.5902 0.8013243 0.586095 0.785645 0.5834116 0.7814567 0.5864033 0.7855126 0.5834116 0.7814567 0.5802217 0.7704375 0.5864033 0.7855126 0.5894042 0.7947019 0.5871648 0.7940891 0.5864033 0.7855126 0.5997912 0.8145695 0.5975434 0.8161574 0.5902 0.8013243 0.5894042 0.7947019 0.5864033 0.7855126 0.5827816 0.7682117 0.6953645 0.9462281 0.7086095 0.9413725 0.7086094 0.9462947 0.6931686 0.9455819 0.6953645 0.9462281 0.6895646 0.9403973 0.6953645 0.9462281 0.7086094 0.9462947 0.6821194 0.9337747 0.7145848 0.9403973 0.7218545 0.9337747 0.7218545 0.9403973 0.7218545 0.9337747 0.7269265 0.9337747 0.7218545 0.9403973 0.7269265 0.9337747 0.7252348 0.9271523 0.727764 0.9279407 0.727764 0.9279407 0.7277016 0.9271522 0.7280589 0.9271522 0.727764 0.9279407 0.7280589 0.9271522 0.7218545 0.9403973 0.7269265 0.9337747 0.727764 0.9279407 0.7218545 0.9403973 0.710656 0.9456251 0.7145848 0.9403973 0.7086094 0.9462947 0.7145848 0.9403973 0.7218545 0.9403973 0.6804049 0.9247974 0.7145848 0.9403973 0.6821194 0.9337747 0.7086094 0.9462947 0.8041445 0.9398409 0.8013249 0.9329702 0.8145697 0.933041 0.8013249 0.9329702 0.8013249 0.9271522 0.8145697 0.933041 0.7748346 0.9006623 0.8094941 0.8278145 0.8105171 0.8300622 0.8105171 0.8300622 0.8145698 0.834437 0.8145698 0.8410595 0.8145698 0.8410595 0.8145697 0.8476821 0.7748346 0.9006623 0.8145697 0.8476821 0.8145697 0.8543046 0.7748346 0.9006623 0.8145697 0.8543046 0.8203072 0.8543046 0.8145697 0.8609271 0.8203072 0.8543046 0.8206661 0.8609271 0.8145697 0.8609271 0.8105171 0.8300622 0.8145698 0.8410595 0.7748346 0.9006623 0.8013249 0.9271522 0.7748346 0.9006623 0.8150939 0.901693 0.7748346 0.9006623 0.8145697 0.8543046 0.8145697 0.8616611 0.8145697 0.8543046 0.8145697 0.8609271 0.8145697 0.8616611 0.7748346 0.9006623 0.8145697 0.8616611 0.8145697 0.8675495 0.7748346 0.9006623 0.8145697 0.8675495 0.8145697 0.8741721 0.8145697 0.8675495 0.8204645 0.8807945 0.8145697 0.8741721 0.7748346 0.9006623 0.8145697 0.8741721 0.8150536 0.9006623 0.7748346 0.9006623 0.8150536 0.9006623 0.8150939 0.901693 0.8204646 0.8741721 0.8205816 0.8694038 0.820521 0.9006623 0.8145697 0.8741721 0.8204646 0.8741721 0.820521 0.9006623 0.8150536 0.9006623 0.8145697 0.8741721 0.820521 0.9006623 0.8150939 0.901693 0.815416 0.9072846 0.8013249 0.9271522 0.815416 0.9072846 0.8156796 0.9139073 0.8013249 0.9271522 0.8156796 0.9139073 0.8158565 0.9205297 0.8013249 0.9271522 0.8013249 0.9271522 0.8158565 0.9205297 0.8145697 0.933041 0.8158565 0.9205297 0.8182848 0.9250789 0.815738 0.9271523 0.815738 0.9271523 0.818208 0.9326716 0.8145697 0.933041 0.8158565 0.9205297 0.815738 0.9271523 0.8145697 0.933041 0.8041445 0.9398409 0.8145697 0.933041 0.8145697 0.9337747 0.8013248 0.9403973 0.8041445 0.9398409 0.8206253 0.9337746 0.8041445 0.9398409 0.8145697 0.9337747 0.8206253 0.9337746 0.8208678 0.9250271 0.8205991 0.9205297 0.8206956 0.9172953 0.7748344 0.6026488 0.768212 0.5894038 0.7880797 0.5695363 0.8206956 0.9172953 0.7748344 0.6026488 0.8543048 0.7682117 0.7748344 0.6026488 0.7880797 0.5695363 0.8543048 0.7682117 0.8206956 0.9172953 0.8543048 0.7682117 0.8543048 0.7947018 0.9536424 0.721854 0.9536424 0.6821188 0.9801324 0.735099 0.9536424 0.6821188 0.9602649 0.6092713 0.9801324 0.735099 0.8206956 0.9172953 0.8543048 0.7947018 0.9403974 1 0.8543048 0.7947018 0.9536424 0.721854 0.9801324 0.735099 0.8208678 0.9250271 0.8206956 0.9172953 0.9403974 1 0.8543048 0.7947018 0.9801324 0.735099 0.9403974 1 0.3576161 0.7549666 0.6241419 0.7086089 0.5894043 0.7489383 0.6241419 0.7086089 0.6233161 0.7152314 0.6225168 0.7160037 0.6034445 0.7417215 0.6241419 0.7086089 0.6225168 0.7160037 0.6225168 0.7160037 0.6174427 0.721854 0.6158943 0.729324 0.6241419 0.7086089 0.6034445 0.7417215 0.5894043 0.7489383 0.8205902 0.9271522 0.8208678 0.9250271 0.9403974 1 0.6225168 0.7160037 0.6158943 0.729324 0.6034445 0.7417215 0.6100789 0.735099 0.6117291 0.7365567 0.6034445 0.7417215 0.6117291 0.7365567 0.6055628 0.7417215 0.6034445 0.7417215 0.6158943 0.729324 0.6100789 0.735099 0.6034445 0.7417215 0.8206253 0.9337746 0.8205902 0.9271522 0.9403974 1 0.8013248 0.9403973 0.8206253 0.9337746 0.9403974 1 0.6034445 0.7417215 0.606135 0.7423152 0.6026494 0.742494 0.5982729 0.7452494 0.5968068 0.7483441 0.5894043 0.7489383 0.5968068 0.7483441 0.5960264 0.7490229 0.5894043 0.7489383 0.6034445 0.7417215 0.6026494 0.742494 0.5982729 0.7452494 0.5894043 0.7489383 0.6034445 0.7417215 0.5982729 0.7452494 0.8013248 0.9403973 0.9403974 1 0.3576161 0.7549666 0.5894043 0.7489383 0.5894043 0.7493158 0.583554 0.7549665 0.583554 0.7549665 0.5863258 0.7555958 0.5884915 0.7615891 0.583554 0.7549665 0.5884915 0.7615891 0.5838491 0.7639269 0.583554 0.7549665 0.5838491 0.7639269 0.5778974 0.7682117 0.3576161 0.7549666 0.5894043 0.7489383 0.583554 0.7549665 0.3576161 0.7549666 0.583554 0.7549665 0.5778974 0.7682117 0.3576161 0.7549666 0.5778974 0.7682117 0.5902 0.8013243 0.3576161 0.7549666 0.5902 0.8013243 0.5975434 0.8161574 0.7483445 0.8609271 0.7483445 0.8675495 0.7417219 0.8741721 0.7483445 0.8675495 0.7432209 0.8741721 0.7417219 0.8741721 0.7417219 0.8741721 0.7407047 0.8874171 0.7350993 0.8874171 0.754967 0.8602622 0.7543181 0.8609271 0.7515329 0.8603016 0.7483445 0.8609271 0.7417219 0.8741721 0.629139 0.8609271 0.7417219 0.8741721 0.7350993 0.8874171 0.6490067 0.8874172 0.7483445 0.8609271 0.629139 0.8609271 0.754967 0.8543046 0.754967 0.8543046 0.754967 0.8602622 0.7515329 0.8603016 0.7350993 0.8874171 0.734301 0.8877306 0.6490067 0.8874172 0.754967 0.8543046 0.7515329 0.8603016 0.7483445 0.8609271 0.7673438 0.8543045 0.758198 0.8561431 0.7615896 0.8476821 0.758198 0.8561431 0.7571583 0.8543046 0.7615896 0.8476821 0.7682121 0.8543046 0.7673438 0.8543045 0.7615896 0.8476821 0.6026493 0.8145695 0.7615896 0.8476821 0.6225168 0.8476821 0.6151852 0.8434295 0.610803 0.8410595 0.6153875 0.8432971 0.610803 0.8410595 0.6026493 0.8145695 0.6158941 0.842965 0.6153875 0.8432971 0.610803 0.8410595 0.6158941 0.842965 0.7615896 0.8476821 0.7571583 0.8543046 0.754967 0.8543046 0.7615896 0.8476821 0.754967 0.8543046 0.6225168 0.8476821 0.6279079 0.8543045 0.6211028 0.8492048 0.6225168 0.8476821 0.6225168 0.8476821 0.6158941 0.842965 0.6026493 0.8145695 0.6225168 0.8476821 0.754967 0.8543046 0.629139 0.8609271 0.629139 0.8609271 0.7417219 0.8741721 0.6490067 0.8874172 0.7350993 0.893302 0.7391616 0.8904993 0.7350993 0.8936941 0.734301 0.8877306 0.7350993 0.893302 0.7284769 0.8940396 0.629139 0.8609271 0.6264266 0.8553386 0.6279079 0.8543045 0.6279079 0.8543045 0.6225168 0.8476821 0.629139 0.8609271 0.7350993 0.893302 0.7350993 0.8936941 0.7311112 0.8951941 0.7350993 0.8936941 0.7344036 0.8966962 0.7311112 0.8951941 0.7344036 0.8966962 0.7343483 0.9006622 0.7311112 0.8951941 0.7311112 0.8951941 0.7284769 0.8940396 0.7350993 0.893302 0.6299331 0.8675495 0.629139 0.8635337 0.634482 0.869234 0.629139 0.8635337 0.629139 0.8609271 0.634482 0.869234 0.634482 0.869234 0.6342628 0.8693934 0.6299331 0.8675495 0.6536337 0.8949292 0.6490067 0.8883997 0.6622516 0.9072846 0.6490067 0.8883997 0.6490067 0.8874172 0.6622516 0.9072846 0.6490067 0.8874172 0.634482 0.869234 0.629139 0.8609271 0.734301 0.8877306 0.7284769 0.8940396 0.6622516 0.9072846 0.6490067 0.8874172 0.734301 0.8877306 0.6622516 0.9072846 0.6622516 0.9072846 0.7284769 0.9006623 0.6804049 0.9247974 0.6804049 0.9247974 0.6622516 0.9084417 0.6622516 0.9072846 0.7284769 0.9006623 0.6622516 0.9072846 0.7284769 0.8940396 0.6804049 0.9247974 0.7284769 0.9006623 0.7284769 0.9072846 0.7284769 0.9072846 0.7284769 0.9139073 0.7218545 0.9271522 0.7284769 0.9139073 0.7232939 0.9205297 0.7218545 0.9271522 0.6953645 0.9403973 0.6821194 0.9337747 0.7218545 0.9271522 0.6821194 0.9337747 0.6804049 0.9247974 0.7218545 0.9271522 0.7218545 0.9271522 0.7269265 0.9337747 0.7218545 0.9337747 0.7218545 0.9337747 0.7145848 0.9403973 0.7086095 0.9403973 0.7086095 0.9403973 0.7086095 0.9413725 0.6953645 0.9403973 0.7086095 0.9413725 0.6953645 0.9462281 0.6953645 0.9403973 0.6804049 0.9247974 0.7284769 0.9072846 0.7218545 0.9271522 0.7218545 0.9271522 0.7218545 0.9337747 0.7086095 0.9403973 0.7518724 0.8700804 0.753902 0.8675495 0.752171 0.8702608 0.7386252 0.8940396 0.7417219 0.8940396 0.7417219 0.9006623 0.1448845 0.3328789 0.1448661 0.3245032 0.1456953 0.3178808 0.1448661 0.3245032 0.1452339 0.3178808 0.1456953 0.3178808 0.1456953 0.3178808 0.1456953 0.3170377 0.1456953 0.3112582 0.1589403 0.2232841 0.1564164 0.2225145 0.1622622 0.2161329 0.1523179 0.2541298 0.1523179 0.2516556 0.1589403 0.2232841 0.1482826 0.2694289 0.1518821 0.2582781 0.1523179 0.2541298 0.1456953 0.2847682 0.1456953 0.2692089 0.1482826 0.2694289 0.1399126 0.2913907 0.1403282 0.2847682 0.1456953 0.2847682 0.1428821 0.3008969 0.139844 0.2980132 0.1429504 0.2928437 0.1429504 0.2928437 0.1399126 0.2913907 0.1456953 0.2847682 0.1456953 0.2847682 0.1482826 0.2694289 0.1523179 0.2541298 0.1456953 0.2847682 0.1523179 0.2541298 0.1456953 0.3112582 0.1523179 0.2541298 0.1589403 0.2232841 0.1456953 0.3112582 0.1428821 0.3008969 0.1429504 0.2928437 0.1456953 0.3112582 0.1429504 0.2928437 0.1456953 0.2847682 0.1456953 0.3112582 0.1589403 0.2232841 0.1622622 0.2161329 0.1456953 0.3178808 0.1456953 0.3112582 0.1589403 0.2232841 0.1456953 0.3178808 0.7423236 0.9176231 0.7423933 0.9139073 0.7427534 0.9172663 0.8145697 0.8675495 0.8205932 0.8675495 0.8177346 0.8695217 0.3377484 0.5298013 0.3178808 0.5298013 0.3245034 0.5099338 0.3178808 0.5298013 0.2980132 0.5298013 0.3245034 0.5099338 0.2582782 0.5165563 0.2516556 0.5165563 0.2582782 0.5033112 0.2980132 0.5298013 0.2582782 0.5165563 0.2817953 0.5086664 0.3245034 0.5099338 0.2980132 0.5298013 0.2913907 0.5041809 0.2900782 0.5068906 0.2980132 0.5298013 0.2847682 0.5088856 0.2582782 0.5165563 0.2582782 0.5033112 0.2781457 0.5084163 0.2582782 0.5033112 0.2587644 0.5005626 0.2781457 0.5084163 0.2781457 0.5084163 0.2817953 0.5086664 0.2582782 0.5165563 0.3302446 0.5099338 0.3245034 0.5099338 0.2913907 0.5041809 0.2980132 0.5298013 0.2900782 0.5068906 0.2913907 0.5041809 0.3443709 0.5106527 0.3311257 0.5105251 0.3302446 0.5099338 0.4039735 0.5165563 0.4015374 0.5169239 0.3443709 0.5106527 0.2715231 0.4985361 0.2671874 0.498252 0.2913907 0.5041809 0.2671874 0.498252 0.4039735 0.5165563 0.2913907 0.5041809 0.2913907 0.5041809 0.2781457 0.5038953 0.2715231 0.4985361 0.4039735 0.5165563 0.3443709 0.5106527 0.3302446 0.5099338 0.2817953 0.5086664 0.2847682 0.5088856 0.2980132 0.5298013 0.7391616 0.8904993 0.7410762 0.8874171 0.7417219 0.8874171 0.8079473 0.8013244 0.8107243 0.7978123 0.8110494 0.7977535 0.8172902 0.8535155 0.8176118 0.8534953 0.8203072 0.8543046 0.7423579 0.9006623 0.7420275 0.9006623 0.7423277 0.8940396 0.8013246 0.7672532 0.8040583 0.7665531 0.8013246 0.7682117 0.8013246 0.7682117 0.8023751 0.7814568 0.8031052 0.7830798 0.8031052 0.7830798 0.8079473 0.7880793 0.7682123 0.821192 0.8079473 0.7880793 0.8079473 0.7947018 0.8079473 0.7983161 0.8079473 0.7983161 0.8079473 0.8013244 0.7682123 0.821192 0.8079473 0.8013244 0.8079473 0.8079469 0.7682123 0.821192 0.8079473 0.7880793 0.8079473 0.7983161 0.7682123 0.821192 0.7748347 0.7483441 0.8013246 0.7672532 0.8013246 0.7682117 0.8013246 0.7682117 0.8031052 0.7830798 0.7682123 0.821192 0.8079473 0.8079469 0.8085755 0.8145695 0.7682123 0.821192 0.8085755 0.8145695 0.8139109 0.8145695 0.8094941 0.8278145 0.8139109 0.8145695 0.8202727 0.8533272 0.8129928 0.8298111 0.8094941 0.8278145 0.8139109 0.8145695 0.8129928 0.8298111 0.8202727 0.8533272 0.8176118 0.8534953 0.8145697 0.8476821 0.8176118 0.8534953 0.8172902 0.8535155 0.8145697 0.8476821 0.8145697 0.8476821 0.8145698 0.8410595 0.8202727 0.8533272 0.8145698 0.8410595 0.8145698 0.834437 0.8202727 0.8533272 0.8145698 0.834437 0.8129928 0.8298111 0.8202727 0.8533272 0.8094941 0.8278145 0.7748346 0.9006623 0.7682121 0.8675495 0.8094941 0.8278145 0.7682121 0.8675495 0.7682121 0.8543046 0.7682121 0.8675495 0.7682121 0.8604832 0.7682121 0.8543046 0.7682121 0.8604832 0.765519 0.8589411 0.7673438 0.8543045 0.7682121 0.8543046 0.7682121 0.8604832 0.7673438 0.8543045 0.765519 0.8589411 0.7597497 0.858436 0.758198 0.8561431 0.758198 0.8561431 0.7673438 0.8543045 0.765519 0.8589411 0.7682121 0.8543046 0.7615896 0.8476821 0.7682123 0.821192 0.7682123 0.821192 0.754967 0.721854 0.7748347 0.7483441 0.7748347 0.7483441 0.8013246 0.7682117 0.7682123 0.821192 0.7682121 0.8543046 0.7682123 0.821192 0.8094941 0.8278145 0.7427636 0.8920438 0.7417219 0.8940396 0.7483446 0.887825 0.2913907 0.04790443 0.2913907 0.04757624 0.2955044 0.05298012 0.2913907 0.04757624 0.297661 0.05298012 0.2972761 0.05298012 0.6298541 0.7019864 0.6350315 0.7019864 0.6318709 0.70311 0.1788079 0.4569536 0.2044113 0.4834437 0.1655628 0.4966887 0.2044113 0.4834437 0.2052979 0.4900662 0.1655628 0.4966887 0.2052979 0.4900662 0.2052979 0.4966887 0.1854304 0.5155593 0.1854304 0.5155593 0.184997 0.5165563 0.1788079 0.510802 0.1721854 0.5099338 0.1715141 0.5099338 0.1655628 0.4966887 0.1854304 0.5155593 0.1788079 0.510802 0.1721854 0.5099338 0.2052979 0.4900662 0.1854304 0.5155593 0.1655628 0.4966887 0.1495819 0.4680557 0.1494989 0.4596994 0.1523179 0.4588513 0.1523179 0.4588513 0.1788079 0.4569536 0.152318 0.4759314 0.1523179 0.4588513 0.152318 0.4759314 0.1495819 0.4680557 0.1854304 0.5155593 0.1721854 0.5099338 0.1655628 0.4966887 0.1655628 0.4966887 0.1589403 0.4900662 0.1788079 0.4569536 0.1589403 0.4900662 0.152318 0.4759314 0.1788079 0.4569536 0.1472403 0.4688152 0.1495819 0.4680557 0.152318 0.4759314 0.1548045 0.491927 0.1472403 0.4688152 0.152318 0.4759314 0.1494802 0.253382 0.1518821 0.2582781 0.1464061 0.2582781 0.2156226 0.3007515 0.2178891 0.3046357 0.2148994 0.3086814 0.2148994 0.3086814 0.205298 0.2847682 0.2156226 0.3007515 0.205298 0.2847682 0.205298 0.1002076 0.2185429 0.1986754 0.2156226 0.3007515 0.205298 0.2847682 0.2185431 0.293226 0.2018492 0.1028154 0.2041653 0.1042575 0.1996992 0.1059603 0.2185431 0.293226 0.205298 0.2847682 0.2185431 0.2847682 0.2018492 0.1028154 0.1996992 0.1059603 0.205298 0.1002076 0.1996992 0.1059603 0.1986755 0.1133748 0.1967313 0.1182966 0.2377004 0.1540336 0.1996992 0.1059603 0.1967313 0.1182966 0.1967313 0.1182966 0.1942712 0.1170775 0.1929734 0.1192052 0.2377004 0.1540336 0.1967313 0.1182966 0.1940155 0.1258278 0.1929734 0.1192052 0.1940155 0.1258278 0.1967313 0.1182966 0.1940155 0.1258278 0.1862094 0.1390728 0.2377004 0.1540336 0.1996992 0.1059603 0.2377004 0.1540336 0.205298 0.1002076 0.1854304 0.1397784 0.1854304 0.1456953 0.1862094 0.1390728 0.1854304 0.1456953 0.1804361 0.1456953 0.1803233 0.1462092 0.2377004 0.1540336 0.1854304 0.1456953 0.1794885 0.1589403 0.2377004 0.1540336 0.1862094 0.1390728 0.1854304 0.1456953 0.1803233 0.1462092 0.179598 0.1523178 0.1854304 0.1456953 0.179598 0.1523178 0.1795192 0.1546458 0.1794885 0.1589403 0.1794885 0.1589403 0.1842504 0.1589403 0.1788079 0.1655629 0.1794885 0.1589403 0.1788079 0.1655629 0.1730517 0.1655629 0.1794885 0.1589403 0.1730517 0.1655629 0.2377004 0.1540336 0.1729725 0.1692939 0.1729366 0.1721854 0.1730517 0.1655629 0.1729366 0.1721854 0.1673375 0.1788079 0.1694365 0.1849957 0.2377004 0.1540336 0.1729366 0.1721854 0.1694365 0.1849957 0.2377004 0.1540336 0.1730517 0.1655629 0.1729366 0.1721854 0.1794885 0.1589403 0.1854304 0.1456953 0.179598 0.1523178 0.1673375 0.1788079 0.1665732 0.1840042 0.1694365 0.1849957 0.1694365 0.1849957 0.1662594 0.1920529 0.2377004 0.1540336 0.1662594 0.1920529 0.1655628 0.1927704 0.162833 0.1996281 0.2377004 0.1540336 0.1662594 0.1920529 0.162833 0.1996281 0.162833 0.1996281 0.1589404 0.2126394 0.1532317 0.2251655 0.2377004 0.1540336 0.162833 0.1996281 0.1532317 0.2251655 0.1589404 0.2126394 0.1622622 0.2161329 0.1564164 0.2225145 0.1589404 0.2126394 0.1564164 0.2225145 0.1536642 0.221679 0.2124872 0.09019762 0.2251655 0.03973501 0.2411231 0.03973501 0.2251655 0.03973501 0.231788 0.03973501 0.2411231 0.03973501 0.231788 0.03973501 0.2335451 0.03672254 0.2384105 0.03973501 0.2411231 0.03973501 0.245033 0.03973501 0.2489796 0.03973501 0.231788 0.03973501 0.2384105 0.03973501 0.2411231 0.03973501 0.1532317 0.2251655 0.2124872 0.09019762 0.2377004 0.1540336 0.2124872 0.09019762 0.2411231 0.03973501 0.2489796 0.03973501 0.2489796 0.03973501 0.2516556 0.03973501 0.2559127 0.0443198 0.2124872 0.09019762 0.2489796 0.03973501 0.2636816 0.04635757 0.2636816 0.04635757 0.2489796 0.03973501 0.2559127 0.0443198 0.2124872 0.09019762 0.2636816 0.04635757 0.2829571 0.0927152 0.2829571 0.0927152 0.2636816 0.04635757 0.2715231 0.04635757 0.2847682 0.05298012 0.2715231 0.04635757 0.2781457 0.05227088 0.2715231 0.04635757 0.2721906 0.04635757 0.2781457 0.05227088 0.2781457 0.05227088 0.2794857 0.04982167 0.2847682 0.05298012 0.2794857 0.04982167 0.2847682 0.047091 0.2847682 0.05298012 0.2715231 0.04635757 0.2847682 0.05298012 0.2829571 0.0927152 0.2829571 0.0927152 0.2847682 0.05298012 0.2871314 0.05298012 0.2871314 0.05298012 0.2913907 0.05298012 0.2847682 0.0927152 0.2913907 0.05298012 0.2942355 0.05737489 0.2913907 0.09196799 0.2871314 0.05298012 0.2847682 0.0927152 0.2829571 0.0927152 0.2384105 0.1456953 0.2124872 0.09019762 0.2829571 0.0927152 0.2980132 0.05878531 0.2980132 0.05363941 0.3027763 0.05636399 0.2980132 0.05363941 0.303499 0.05357587 0.3027763 0.05636399 0.2124872 0.09019762 0.2384105 0.1456953 0.2377004 0.1540336 0.2942355 0.05737489 0.2980132 0.05878531 0.308586 0.07229328 0.3027763 0.05636399 0.3107416 0.05668634 0.308836 0.05960255 0.2980132 0.05878531 0.3027763 0.05636399 0.308836 0.05960255 0.2847682 0.0927152 0.2913907 0.05298012 0.2913907 0.09196799 0.308836 0.05960255 0.3112582 0.06529432 0.308586 0.07229328 0.3112582 0.06529432 0.3136697 0.06550866 0.308586 0.07229328 0.3136697 0.06550866 0.3088237 0.07234722 0.308586 0.07229328 0.308586 0.07229328 0.2913907 0.09196799 0.2942355 0.05737489 0.308836 0.05960255 0.308586 0.07229328 0.2980132 0.05878531 0.2384105 0.1456953 0.2384105 0.1515871 0.2377004 0.1540336 0.23811 0.1523178 0.2582781 0.1324503 0.2781457 0.1655629 0.2582781 0.1324503 0.2847682 0.1125828 0.2913907 0.1258278 0.2377004 0.1540336 0.23811 0.1523178 0.231085 0.1721854 0.205298 0.1002076 0.2377004 0.1540336 0.2254869 0.1721854 0.2582781 0.1324503 0.2913907 0.1258278 0.2913907 0.1324503 0.2847682 0.1125828 0.3178808 0.0927152 0.3178808 0.09933775 0.2913907 0.1258278 0.2847682 0.1125828 0.2980132 0.1192052 0.3178808 0.09933775 0.2980132 0.1192052 0.2847682 0.1125828 0.2847682 0.1456953 0.2582781 0.1324503 0.2913907 0.1324503 0.2913907 0.1324503 0.2913907 0.1390728 0.2847682 0.1456953 0.2847682 0.1523178 0.2847682 0.1589403 0.2781457 0.1655629 0.2847682 0.1456953 0.2847682 0.1523178 0.2582781 0.1324503 0.2847682 0.1523178 0.2781457 0.1655629 0.2582781 0.1324503 0.2781457 0.1655629 0.2649007 0.1788079 0.23811 0.1523178 0.2649007 0.1788079 0.2582781 0.1854304 0.23811 0.1523178 0.2582781 0.1920529 0.2582781 0.1986754 0.2516556 0.205298 0.2582781 0.1854304 0.2582781 0.1920529 0.231085 0.1721854 0.2582781 0.1920529 0.2516556 0.205298 0.231085 0.1721854 0.2516556 0.205298 0.2516556 0.2119204 0.231085 0.1721854 0.2185431 0.2972821 0.2179614 0.2980132 0.2185431 0.293226 0.2179614 0.2980132 0.2156226 0.3007515 0.2185431 0.293226 0.2213498 0.2856436 0.219551 0.2934138 0.2185431 0.293226 0.2185431 0.2847682 0.205298 0.2847682 0.2217062 0.2695434 0.2210536 0.2855829 0.2213498 0.2856436 0.2185431 0.293226 0.2217062 0.2695434 0.2239314 0.2847682 0.2185431 0.2847682 0.2185431 0.2847682 0.2210536 0.2855829 0.2185431 0.293226 0.2217062 0.2695434 0.205298 0.2847682 0.2245749 0.2620266 0.2245749 0.2620266 0.222006 0.2696051 0.2217062 0.2695434 0.2245749 0.2620266 0.205298 0.2847682 0.2251655 0.2516556 0.2251655 0.2516556 0.205298 0.2847682 0.2277551 0.2306964 0.2216253 0.1993665 0.2277551 0.2306964 0.2212957 0.1993257 0.2212957 0.1993257 0.2277551 0.2306964 0.2185429 0.1986754 0.2185429 0.1986754 0.2277551 0.2306964 0.205298 0.2847682 0.2244528 0.1920529 0.2245218 0.1986754 0.2185429 0.1986754 0.2251655 0.1846675 0.2244528 0.1920529 0.2236139 0.1832727 0.2244528 0.1920529 0.2185429 0.1986754 0.2236139 0.1832727 0.2251655 0.1751553 0.2251655 0.1788079 0.2236139 0.1832727 0.2236139 0.1832727 0.2185429 0.1986754 0.2251655 0.1751553 0.2185429 0.1986754 0.205298 0.1002076 0.2251655 0.1751553 0.2254869 0.1721854 0.2251655 0.1751553 0.205298 0.1002076 0.2582781 0.1854304 0.231085 0.1721854 0.23811 0.1523178 0.231085 0.1721854 0.2254869 0.1721854 0.2377004 0.1540336 0.1829914 0.1473275 0.1854304 0.1523178 0.179598 0.1523178 0.3311257 0.01986747 0.3311257 0.02649003 0.3245033 0.02649003 0.4304636 0.5165563 0.4172185 0.5231788 0.4254173 0.5188592 0.4172185 0.5231788 0.4238411 0.5223919 0.4254173 0.5188592 0.4437088 0.5820228 0.43968 0.5819552 0.4422105 0.5761588 0.8174381 0.8615166 0.8177776 0.8614992 0.8205932 0.8675495 0.1663418 0.5099338 0.1715141 0.5099338 0.1703054 0.5112167 0.1715141 0.5099338 0.1721854 0.5099338 0.1703054 0.5112167 0.5551859 0.6092713 0.5496693 0.6092713 0.5496693 0.6087395 0.5496693 0.6092713 0.5470203 0.6092713 0.5496693 0.6087395 0.4684504 0.5231788 0.4646558 0.5240795 0.4652005 0.5178498 0.4646558 0.5240795 0.4645631 0.5214622 0.4652005 0.5178498 0.4645631 0.5214622 0.4633844 0.5192049 0.4649587 0.5181189 0.3443709 0.5505216 0.3443709 0.5508432 0.3413298 0.5504128 0.6782981 0.9263816 0.6754968 0.926362 0.6804049 0.9247974 0.561707 0.5533282 0.5562915 0.5554032 0.5562914 0.5503212 0.7686164 0.8612709 0.7682121 0.8609271 0.7682121 0.8604832 0.6014604 0.559748 0.5960264 0.5617697 0.5960264 0.5569142 0.2803577 0.04689437 0.2847682 0.04669749 0.2847682 0.047091 0.2847682 0.1721854 0.2847682 0.1788079 0.2781457 0.1788079 0.4404351 0.5106176 0.4437087 0.5099338 0.4437087 0.510663 0.4437087 0.5099338 0.4503312 0.5099338 0.448683 0.5106766 0.7549671 0.8815633 0.7549671 0.8811764 0.7553769 0.8811299 0.1366262 0.3805348 0.1344501 0.3724969 0.1390728 0.3841059 0.1390728 0.3841059 0.136915 0.3885903 0.1344777 0.3841059 0.1344777 0.3841059 0.1344479 0.3805854 0.1366262 0.3805348 0.9801325 0.9933775 0.9801325 1 0.97351 0.9933775 0.7417219 0.9012571 0.7423579 0.9006623 0.7462593 0.9022037 0.758198 0.8561431 0.754967 0.8602622 0.754967 0.8543046 0.216848 0.519874 0.2167587 0.5205456 0.2119204 0.5178485 0.7565741 0.9267728 0.7549671 0.9266461 0.7498015 0.9222308 0.7565741 0.9267728 0.7498015 0.9222308 0.7507737 0.9205297 0.7968347 0.9337747 0.7947021 0.938839 0.8013249 0.9271522 0.7947021 0.938839 0.7615897 0.9265716 0.7748346 0.9006623 0.7615897 0.9265716 0.7565741 0.9267728 0.7507737 0.9205297 0.7483447 0.9139073 0.7431373 0.9079318 0.7427316 0.9072846 0.7615897 0.9265716 0.7507737 0.9205297 0.7483447 0.9139073 0.8013249 0.9329702 0.7968347 0.9337747 0.8013249 0.9271522 0.7947021 0.938839 0.7748346 0.9006623 0.8013249 0.9271522 0.7682121 0.8616486 0.7682121 0.8675495 0.7629836 0.8665234 0.7682121 0.8675495 0.7748346 0.9006623 0.757386 0.8720599 0.7629836 0.8665234 0.7682121 0.8675495 0.7615896 0.8680464 0.757386 0.8720599 0.7615896 0.8680464 0.7682121 0.8675495 0.7615897 0.9265716 0.7483447 0.9139073 0.7748346 0.9006623 0.7483447 0.9139073 0.7427316 0.9072846 0.7476304 0.9006623 0.7748346 0.9006623 0.7483447 0.9139073 0.7476304 0.9006623 0.4105961 0.5687573 0.4039735 0.5687376 0.4105961 0.5629138 0.3931313 0.5200658 0.3907285 0.5224134 0.3907285 0.517224 0.231788 0.5029034 0.2264813 0.5001238 0.2265173 0.4998355 0.7483446 0.8807946 0.7417219 0.8804503 0.746874 0.8764923 0.7479981 0.8741721 0.7483446 0.8738247 0.7483445 0.8741721 0.7483446 0.8807946 0.746874 0.8764923 0.7483445 0.8741721 0.1059603 0.5629138 0.08609265 0.4701986 0.1523179 0.5099338 0.1538096 0.4900662 0.1589403 0.4900662 0.1571797 0.4910501 0.8176857 0.9015095 0.8179914 0.9014879 0.8205525 0.9072846 0.7462593 0.9022037 0.7423579 0.9006623 0.7472997 0.9006623 0.2956887 0.5364238 0.2980132 0.5364238 0.2948057 0.5392047 0.2980132 0.5364238 0.2980132 0.542281 0.2948057 0.5392047 0.7344036 0.8966962 0.7391592 0.9006623 0.7343483 0.9006622 0.7391592 0.9006623 0.7379798 0.9018906 0.7343483 0.9006622 0.7379798 0.9018906 0.7358781 0.9072846 0.7335496 0.904146 0.7358781 0.9072846 0.7379432 0.9139073 0.733484 0.9072846 0.7379432 0.9139073 0.7332522 0.9139073 0.733484 0.9072846 0.733484 0.9072846 0.7335496 0.904146 0.7358781 0.9072846 0.3105908 0.5430463 0.3096389 0.5456461 0.3046359 0.5430463 0.2913907 0.1655629 0.2847682 0.1721854 0.2847682 0.1655629 0.5994082 0.6286092 0.5994067 0.6291388 0.5990908 0.6291388 0.2781457 0.05227088 0.2721906 0.04635757 0.2776235 0.04635757 0.754967 0.6307552 0.7549669 0.6357613 0.7536723 0.6315193 0.2980132 0.1192052 0.3178808 0.09933775 0.3112583 0.1125828 0.3178808 0.09933775 0.3178808 0.1059603 0.3112583 0.1125828 0.2516556 0.03973501 0.2566863 0.0415703 0.2566123 0.04183489 0.4025605 0.5685587 0.4032256 0.5655917 0.4039735 0.5687376 0.4105961 0.5687573 0.4121531 0.5633675 0.4172185 0.5695363 0.4025605 0.5685587 0.4039735 0.5687376 0.3946461 0.5682094 0.4039735 0.5687376 0.4105961 0.5687573 0.4172185 0.5742347 0.3946461 0.5682094 0.3973511 0.5681673 0.4025605 0.5685587 0.4768212 0.6013169 0.4754959 0.6002424 0.4761935 0.5982171 0.6299374 0.6644208 0.6324445 0.6634673 0.6299189 0.6688738 0.6275989 0.6569074 0.6344839 0.6622514 0.629785 0.6622514 0.6299374 0.6644208 0.6299189 0.6688738 0.5543351 0.6151053 0.6299189 0.6688738 0.4768212 0.6013169 0.4985355 0.6080659 0.6196178 0.6490063 0.6275989 0.6569074 0.629785 0.6622514 0.629785 0.6622514 0.6299374 0.6644208 0.5960264 0.6285674 0.6299189 0.6688738 0.4985355 0.6080659 0.5067485 0.6085069 0.6196178 0.6490063 0.629785 0.6622514 0.5960264 0.6285674 0.6299189 0.6688738 0.5067485 0.6085069 0.5149198 0.6086089 0.6026492 0.6291388 0.6154026 0.6347996 0.5990908 0.6291388 0.6154026 0.6347996 0.6196178 0.6490063 0.5990908 0.6291388 0.5990908 0.6291388 0.5994067 0.6291388 0.6026492 0.6291388 0.5937628 0.6225163 0.5960264 0.6225163 0.5960264 0.6285674 0.5868074 0.6177513 0.5937628 0.6225163 0.5960264 0.6285674 0.5960264 0.6285674 0.5990908 0.6291388 0.6196178 0.6490063 0.475385 0.6005569 0.3946461 0.5682094 0.4542781 0.5885268 0.43968 0.5819552 0.3946461 0.5682094 0.4172185 0.5742347 0.4105961 0.5687573 0.4172185 0.5695363 0.4172185 0.5742347 0.3946461 0.5682094 0.43968 0.5819552 0.4542781 0.5885268 0.4039735 0.5687376 0.4172185 0.5742347 0.3946461 0.5682094 0.4172185 0.5742347 0.4179843 0.5717343 0.4238411 0.5695363 0.4179843 0.5717343 0.4187272 0.5695363 0.4238411 0.5695363 0.4238411 0.5695363 0.4422105 0.5761588 0.43968 0.5819552 0.5827814 0.6158939 0.5868074 0.6177513 0.5770078 0.6216775 0.5868074 0.6177513 0.5960264 0.6285674 0.5770078 0.6216775 0.5770078 0.6216775 0.5761591 0.6158939 0.5827814 0.6158939 0.5543351 0.6151053 0.5562916 0.6151525 0.5770078 0.6216775 0.546307 0.6151006 0.5496693 0.6151212 0.5543351 0.6151053 0.5382794 0.6150799 0.5430464 0.6151205 0.546307 0.6151006 0.5302749 0.6120818 0.5364239 0.6150624 0.5298016 0.614573 0.5364239 0.6150624 0.5382794 0.6150799 0.5298016 0.614573 0.546307 0.6151006 0.5543351 0.6151053 0.6299189 0.6688738 0.5543351 0.6151053 0.5770078 0.6216775 0.6299374 0.6644208 0.6299374 0.6644208 0.5770078 0.6216775 0.5960264 0.6285674 0.5231791 0.6141188 0.5298016 0.614573 0.5222617 0.6136655 0.5298016 0.614573 0.5382794 0.6150799 0.5222617 0.6136655 0.5382794 0.6150799 0.546307 0.6151006 0.6299189 0.6688738 0.4172185 0.5742347 0.4238411 0.5695363 0.43968 0.5819552 0.4437088 0.5820228 0.4490763 0.5804368 0.4503313 0.5883763 0.4490763 0.5804368 0.4503313 0.5827813 0.4503313 0.5883763 0.5222617 0.6136655 0.5382794 0.6150799 0.6299189 0.6688738 0.5222617 0.6136655 0.5225866 0.6114419 0.5231791 0.6141188 0.5149198 0.6086089 0.5153934 0.6063 0.5165564 0.6086276 0.5149198 0.6086089 0.5165564 0.6086276 0.5222617 0.6136655 0.5074006 0.6058511 0.509934 0.6084023 0.5067485 0.6085069 0.509934 0.6084023 0.5149198 0.6086089 0.5067485 0.6085069 0.5149198 0.6086089 0.5222617 0.6136655 0.6299189 0.6688738 0.43968 0.5819552 0.4437088 0.5820228 0.4503313 0.5883763 0.4542781 0.5885268 0.455601 0.585524 0.4627743 0.5894038 0.455601 0.585524 0.4569537 0.5827813 0.4627743 0.5894038 0.43968 0.5819552 0.4503313 0.5883763 0.4542781 0.5885268 0.4966889 0.6078907 0.4991428 0.605622 0.4985355 0.6080659 0.4610459 0.593181 0.4635764 0.5894038 0.475385 0.6005569 0.4635764 0.5894038 0.4856545 0.5960263 0.4761935 0.5982171 0.4542781 0.5885268 0.4627743 0.5894038 0.4610459 0.593181 0.4834437 0.6020557 0.4917867 0.6026487 0.4966889 0.6078907 0.4966889 0.6078907 0.4985355 0.6080659 0.4768212 0.6013169 0.4834437 0.6020557 0.4966889 0.6078907 0.4768212 0.6013169 0.4856545 0.5960263 0.4966888 0.6026487 0.4834437 0.6020557 0.475385 0.6005569 0.4542781 0.5885268 0.4610459 0.593181 0.4856545 0.5960263 0.4834437 0.6020557 0.4761935 0.5982171 0.4834437 0.6020557 0.4768212 0.6013169 0.4761935 0.5982171 0.2715231 0.04635757 0.2636816 0.04635757 0.2656052 0.0401743 0.2636816 0.04635757 0.2654925 0.04054528 0.2656052 0.0401743 0.4039735 0.5231788 0.4011694 0.5203416 0.4039735 0.5173087 0.7417219 0.8741721 0.7440995 0.8747299 0.7443279 0.8748748 0.8041445 0.9398409 0.8013248 0.9403973 0.7956958 0.9389577 0.8013248 0.9337747 0.8013249 0.9329702 0.8041445 0.9398409 0.3178808 0.006622493 0.3178808 0.01986747 0.3112582 0.01324492 0.3112582 0.006622493 0.3112582 0 0.3178808 0.006622493 0.3112582 0 0.3178808 0 0.3178808 0.006622493 0.7417219 0.9271522 0.7483447 0.9271522 0.7350993 0.9337747 0.2507818 0.5005191 0.245033 0.5033112 0.245033 0.49744 0.3443709 0.5364238 0.3178808 0.5298013 0.3377484 0.5298013 0.1854304 0.5165563 0.184997 0.5165563 0.1854304 0.5155593 0.2427753 0.5001794 0.2427388 0.5005111 0.2384105 0.5033112 0.179598 0.1523178 0.1854304 0.1523178 0.1822659 0.1557448 0.97351 0.9933775 0.9735099 1 0.9668874 0.9933775 0.7468717 0.9139073 0.7483447 0.9198086 0.7427534 0.9172663 0.8205805 0.9139074 0.818365 0.917444 0.8180911 0.9174615 0.231788 0.4304635 0.2384105 0.437086 0.2251655 0.4304635 0.2384105 0.437086 0.2111026 0.4825693 0.1974281 0.4569535 0.1974281 0.4569535 0.1940798 0.4559302 0.192053 0.4510669 0.2384105 0.437086 0.1974281 0.4569535 0.2251655 0.4304635 0.205298 0.4172185 0.2251655 0.423841 0.2251655 0.4304635 0.2251655 0.4304635 0.1974281 0.4569535 0.192053 0.4510669 0.1854304 0.4179536 0.205298 0.4172185 0.1899247 0.423841 0.205298 0.4172185 0.2251655 0.4304635 0.1914259 0.450331 0.1899247 0.423841 0.205298 0.4172185 0.1878384 0.424932 0.1889703 0.4492815 0.1878384 0.424932 0.205298 0.4172185 0.2251655 0.4304635 0.192053 0.4510669 0.1914259 0.450331 0.818208 0.9326716 0.815738 0.9271523 0.8205902 0.9271522 0.5862933 0.5535948 0.5862312 0.5538804 0.5827814 0.5562914 0.1655628 0.5099338 0.1523179 0.5099338 0.1621845 0.5068787 0.1523179 0.5099338 0.08609265 0.4701986 0.1472403 0.4688152 0.08609265 0.4701986 0.07284766 0.3973509 0.1398535 0.4289056 0.07284766 0.3973509 0.07284766 0.3311257 0.1341997 0.3887022 0.07284766 0.3973509 0.1341997 0.3887022 0.1390728 0.396619 0.1655628 0.5095428 0.1655628 0.5099338 0.1621845 0.5068787 0.1621845 0.5068787 0.1523179 0.5099338 0.1599463 0.5033112 0.1548045 0.491927 0.1523179 0.5099338 0.1472403 0.4688152 0.1589403 0.4900662 0.1655628 0.4966887 0.1571797 0.4910501 0.1655628 0.4966887 0.1599463 0.5033112 0.1548045 0.491927 0.1548045 0.491927 0.1571797 0.4910501 0.1655628 0.4966887 0.1494989 0.4596994 0.1495819 0.4680557 0.1464533 0.460616 0.1495819 0.4680557 0.1472403 0.4688152 0.1464533 0.460616 0.1548045 0.491927 0.1599463 0.5033112 0.1523179 0.5099338 0.07284766 0.3973509 0.1390728 0.396619 0.1395127 0.3973509 0.1341997 0.3887022 0.1345047 0.3886898 0.1345414 0.3907284 0.1390728 0.396619 0.1341997 0.3887022 0.1345414 0.3907284 0.1345047 0.3886898 0.136915 0.3885903 0.1345414 0.3907284 0.1390728 0.396619 0.1412903 0.3963106 0.1395127 0.3973509 0.1464533 0.460616 0.1472403 0.4688152 0.08609265 0.4701986 0.1395127 0.3973509 0.1397917 0.4039735 0.1397773 0.4047968 0.07284766 0.3973509 0.1395127 0.3973509 0.1397773 0.4047968 0.1464756 0.4569536 0.1464533 0.460616 0.1463553 0.4523043 0.1464533 0.460616 0.08609265 0.4701986 0.1463553 0.4523043 0.1788079 0.4569536 0.1523179 0.4588513 0.1464756 0.4569536 0.1414669 0.4451178 0.1456953 0.449538 0.1463553 0.4523043 0.1463553 0.4523043 0.1788079 0.4569536 0.1464756 0.4569536 0.07284766 0.3973509 0.1397773 0.4047968 0.1397251 0.4126518 0.1397773 0.4047968 0.1397334 0.410596 0.1397251 0.4126518 0.1397251 0.4126518 0.1423365 0.4123416 0.1397839 0.4172185 0.1397839 0.4172185 0.142656 0.4203335 0.1397824 0.4207469 0.1397824 0.4207469 0.1398555 0.423841 0.1398535 0.4289056 0.1398555 0.423841 0.1429756 0.4283806 0.1398535 0.4289056 0.1398535 0.4289056 0.139897 0.4304635 0.1400226 0.437086 0.1397251 0.4126518 0.1397839 0.4172185 0.1397824 0.4207469 0.07284766 0.3973509 0.1397251 0.4126518 0.1397824 0.4207469 0.1414669 0.4451178 0.1463553 0.4523043 0.08609265 0.4701986 0.07284766 0.3973509 0.1397824 0.4207469 0.1398535 0.4289056 0.1400226 0.437086 0.1414669 0.4451178 0.08609265 0.4701986 0.8073291 0.7814568 0.8057191 0.7824695 0.8054598 0.7825278 0.2980132 0.5364238 0.3032898 0.5389816 0.3030605 0.5396734 0.7417219 0.8741721 0.7364326 0.8794043 0.7382412 0.8807945 0.2913907 0.05298012 0.2913907 0.04790443 0.2955044 0.05298012 0.8145697 0.8609271 0.8206661 0.8609271 0.8177776 0.8614992 0.2251655 0.03417319 0.2333649 0.03360289 0.231788 0.03403788 0.2333649 0.03360289 0.2335451 0.03672254 0.231788 0.03403788 0.3488376 0.55285 0.3487261 0.5533845 0.3443709 0.5508432 0.5827814 0.5509285 0.5827814 0.5562914 0.5780847 0.5535874 0.736966 0.9072846 0.7417219 0.9009604 0.7417219 0.9012571 0.2516556 0.1317163 0.2509127 0.1324503 0.2516556 0.1258278 0.2509127 0.1324503 0.245033 0.1383441 0.245033 0.1324503 0.3046359 0.5416127 0.3046359 0.5430463 0.3030605 0.5396734 0.190528 0.1418707 0.1879179 0.1407312 0.1876518 0.1406148 0.7306028 0.9035318 0.7308877 0.9035876 0.7331747 0.9072847 0.7586906 0.8839815 0.7553769 0.8811299 0.7556826 0.8807946 0.7553769 0.8811299 0.7553222 0.8807946 0.7556826 0.8807946 0.7293872 0.599957 0.7476935 0.6158939 0.7431786 0.6192417 0.7476935 0.6158939 0.7459844 0.6173055 0.7431786 0.6192417 0.7459844 0.6173055 0.7457454 0.6174739 0.7431786 0.6192417 0.7483444 0.6225163 0.754967 0.6298605 0.7536723 0.6315193 0.7431786 0.6192417 0.7483444 0.6225163 0.7483444 0.6423838 0.7483444 0.6225163 0.7536723 0.6315193 0.7483444 0.6423838 0.7549669 0.6357613 0.754967 0.6307552 0.7675032 0.6556288 0.7536723 0.6315193 0.7549669 0.6357613 0.7483444 0.6423838 0.7280315 0.5960263 0.7293872 0.599957 0.7225554 0.5960263 0.7293872 0.599957 0.7431786 0.6192417 0.7225554 0.5960263 0.7093886 0.5868184 0.7218542 0.590306 0.7225554 0.5960263 0.7549669 0.6357613 0.7675032 0.6556288 0.7483444 0.6423838 0.7431786 0.6192417 0.7483444 0.6423838 0.7225554 0.5960263 0.7225554 0.5960263 0.7483444 0.6423838 0.6953643 0.5827813 0.7019864 0.583429 0.7086094 0.5835215 0.7012674 0.585331 0.7086094 0.5835215 0.7093886 0.5868184 0.7012674 0.585331 0.7093886 0.5868184 0.7225554 0.5960263 0.6953643 0.5827813 0.7012674 0.585331 0.7093886 0.5868184 0.6953643 0.5827813 0.6887416 0.5827813 0.6887416 0.5769656 0.6953643 0.5827813 0.6807168 0.5711466 0.6808071 0.5708294 0.6821192 0.5761588 0.6887416 0.5827813 0.6953643 0.5827813 0.7483444 0.6423838 0.668874 0.5701578 0.6807168 0.5711466 0.6821192 0.5761588 0.6821192 0.5761588 0.6887416 0.5827813 0.6635935 0.5729026 0.668874 0.5701578 0.6821192 0.5761588 0.6635935 0.5729026 0.6887416 0.5827813 0.7483444 0.6423838 0.6556292 0.5695363 0.6615029 0.5695363 0.6622515 0.5701798 0.6561929 0.5695363 0.6622515 0.5701798 0.6635935 0.5729026 0.6561929 0.5695363 0.6635935 0.5729026 0.6887416 0.5827813 0.6556292 0.5695363 0.6561929 0.5695363 0.6635935 0.5729026 0.6556292 0.5695363 0.6490066 0.5633935 0.6556292 0.5642903 0.6556292 0.5695363 0.602649 0.5624161 0.602649 0.5569796 0.6490066 0.5633935 0.7483444 0.6423838 0.602649 0.5629138 0.6556292 0.5695363 0.602649 0.5629138 0.602649 0.5624161 0.6490066 0.5633935 0.6556292 0.5695363 0.602649 0.5629138 0.6490066 0.5633935 0.7672885 0.6490063 0.7615894 0.6545702 0.7483444 0.6423838 0.7672885 0.6490063 0.7483444 0.6423838 0.7675032 0.6556288 0.5154501 0.6060243 0.5149198 0.6086089 0.509934 0.6084023 0.509934 0.6084023 0.5159168 0.6037576 0.5154501 0.6060243 0.5159168 0.6037576 0.5165564 0.6038092 0.5154501 0.6060243 0.5165564 0.6038092 0.5298016 0.6092714 0.5226241 0.6111841 0.5298016 0.6092714 0.5298016 0.614573 0.5231791 0.6141188 0.5226241 0.6111841 0.5298016 0.6092714 0.5231791 0.6141188 0.5226241 0.6111841 0.5222617 0.6136655 0.5165564 0.6086276 0.5226241 0.6111841 0.5165564 0.6086276 0.5165564 0.6038092 0.2636816 0.04635757 0.2559127 0.0443198 0.2582781 0.04038327 0.2649006 0.04048138 0.2654925 0.04054528 0.2636816 0.04635757 0.7644535 0.653151 0.7647721 0.6529927 0.7675032 0.6556288 0.3245034 0.07947015 0.3178808 0.08609271 0.3178808 0.07284766 0.2167587 0.5205456 0.216848 0.519874 0.2185431 0.5220263 0.4633844 0.5192049 0.4630537 0.5185715 0.4635764 0.5179044 0.4834437 0.6020557 0.4966888 0.6026487 0.4917867 0.6026487 0.4966888 0.6026487 0.4999291 0.6026487 0.4992191 0.6053226 0.4917867 0.6026487 0.4966888 0.6026487 0.4966889 0.6078907 0.4999291 0.6026487 0.5033112 0.6026487 0.4992191 0.6053226 0.7549671 0.8811764 0.7549671 0.8815633 0.7489963 0.8860813 0.2443798 0.1390728 0.245033 0.1383441 0.251309 0.1324503 0.245033 0.1383441 0.2509127 0.1324503 0.251309 0.1324503 0.251309 0.1324503 0.2582781 0.1324503 0.2443798 0.1390728 0.2582781 0.1324503 0.23811 0.1523178 0.2432785 0.1480327 0.2429016 0.1478319 0.2442535 0.1456953 0.2432785 0.1480327 0.2442535 0.1456953 0.2443798 0.1390728 0.2432785 0.1480327 0.5894043 0.7489383 0.5912058 0.7491638 0.5894043 0.7493158 0.5912058 0.7491638 0.5933181 0.7518703 0.5894043 0.7493158 0.4635764 0.5165563 0.4701987 0.5099338 0.4768212 0.5099338 0.4768212 0.5099338 0.4834438 0.5033112 0.4687869 0.5259021 0.4687869 0.5259021 0.4684504 0.5231788 0.4768212 0.5099338 0.7483446 0.8807946 0.7483446 0.8874171 0.7417219 0.8807946 0.7483446 0.8874171 0.7417219 0.8940396 0.7417219 0.8874171 0.3178808 0.1059603 0.3245034 0.1059603 0.3178808 0.1125828 0.3245034 0.1059603 0.3245034 0.1125828 0.3178808 0.1125828 0.4645631 0.5214622 0.4646558 0.5240795 0.4635764 0.5298013 0.5562915 0.5554032 0.5536054 0.5528616 0.553655 0.5525861 0.733484 0.9072846 0.7332522 0.9139073 0.7308133 0.9115796 0.7332522 0.9139073 0.7295987 0.9192063 0.7308133 0.9115796 0.1523179 0.5099338 0.1655628 0.5099338 0.152318 0.5562914 0.7565741 0.9267728 0.7549671 0.9271522 0.7549671 0.9266461 0.7549671 0.9271522 0.7483447 0.9271522 0.7549671 0.9266461 0.7483447 0.9271522 0.7417219 0.9271522 0.7483446 0.9205297 0.7417219 0.9271522 0.7417219 0.9139073 0.7483446 0.9205297 0.7417219 0.9139073 0.7423236 0.9176231 0.7483446 0.9205297 0.7423236 0.9176231 0.7483447 0.9201769 0.7483446 0.9205297 0.2207441 0.4927406 0.2251656 0.4900662 0.2268714 0.4970904 0.2251656 0.4900662 0.2384105 0.4974377 0.2268714 0.4970904 0.2384105 0.4974377 0.231788 0.4973914 0.2268714 0.4970904 0.2251656 0.4972075 0.2251656 0.50234 0.2245454 0.4966887 0.2251656 0.50234 0.2185431 0.4966887 0.2245454 0.4966887 0.2207441 0.4927406 0.2268714 0.4970904 0.2251656 0.4972075 0.2781457 0.04635757 0.2781457 0.04682642 0.2776235 0.04635757 0.2251655 0.1788079 0.2278712 0.1760641 0.2281793 0.1761662 0.7331747 0.9072847 0.7308133 0.9115796 0.7305519 0.9115929 0.6821194 0.9337747 0.6804622 0.9347977 0.6802844 0.9349491 0.1798731 0.410596 0.1821635 0.4093084 0.1824454 0.4092935 0.4569537 0.5364238 0.3443709 0.5364238 0.4172185 0.5298013 0.3443709 0.5364238 0.3443709 0.5298013 0.3907285 0.5224134 0.4172185 0.5298013 0.3443709 0.5364238 0.3973511 0.5231788 0.3907285 0.5224134 0.3931313 0.5200658 0.3973511 0.5231788 0.4503312 0.5298013 0.4569537 0.5298013 0.4569537 0.5364238 0.3973511 0.5231788 0.4008497 0.5231788 0.4172185 0.5298013 0.4172185 0.5298013 0.4503312 0.5298013 0.4569537 0.5364238 0.2649006 0.04009145 0.2649006 0.04048138 0.2582781 0.04038327 0.728477 0.9271522 0.7280589 0.9271522 0.728477 0.9205297 0.7280589 0.9271522 0.7279844 0.9205297 0.728477 0.9205297 0.4635764 0.5099338 0.4701987 0.5099338 0.4635764 0.5165563 0.4635764 0.5165563 0.4635764 0.5176387 0.4623149 0.5165563 0.4623149 0.5165563 0.4569537 0.5099338 0.4635764 0.5099338 0.7423277 0.8940396 0.7420275 0.9006623 0.7417219 0.8940396 0.6324445 0.6634673 0.6321816 0.6635649 0.629785 0.6622514 0.7305519 0.9115929 0.7308133 0.9115796 0.7284769 0.9139073 0.7308133 0.9115796 0.7295987 0.9192063 0.7284769 0.9139073 0.5430464 0.6151205 0.5382794 0.6150799 0.5386019 0.612058 0.536424 0.6092714 0.5430465 0.6092713 0.5386019 0.612058 0.3642385 0.5562914 0.3561458 0.5562914 0.3562664 0.555617 0.8043782 0.7664704 0.8040583 0.7665531 0.8013246 0.7672532 0.5074797 0.6055324 0.5033112 0.6026487 0.5082092 0.6026487 0.5082092 0.6026487 0.509934 0.6026487 0.5074797 0.6055324 0.4304636 0.5165563 0.4242799 0.5165563 0.4316748 0.5114598 0.2955044 0.05298012 0.2952823 0.0537765 0.2952021 0.05406218 0.1435847 0.3962225 0.1412903 0.3963106 0.1410239 0.3963207 0.7284769 0.9337747 0.7350993 0.9403973 0.7218545 0.9403973 0.7218545 0.9403973 0.7280589 0.9271522 0.7284769 0.9337747 0.1491717 0.4597981 0.1464756 0.4569536 0.1523179 0.4588513 0.5861176 0.7549666 0.5855857 0.7549666 0.583554 0.7549665 0.2804362 0.531219 0.2805706 0.5307332 0.2847682 0.5351203 0.5780847 0.5535874 0.5761591 0.5562914 0.5761591 0.550419 0.9602648 0.9801325 0.9470198 0.9867549 1 0.7549666 1 0.7549666 1 0.9801325 0.9602648 0.9801325 1 0.9801325 0.9933776 0.9801325 0.9602648 0.9801325 0.9933776 0.9801325 0.9933775 0.9867549 0.986755 0.9801325 0.9668874 0.9801326 0.9602647 0.9867549 0.9602648 0.9801325 0.9933776 0.9801325 0.986755 0.9801325 0.9602648 0.9801325 0.7543181 0.8609271 0.7535562 0.8675495 0.7483445 0.8609271 0.7615897 0.9271522 0.7615897 0.9265716 0.7947021 0.938839 0.7947021 0.938839 0.7956958 0.9389577 0.8013248 0.9403973 0.8013248 0.9403973 0.7218545 0.9403973 0.7350993 0.9403973 0.7350993 0.9403973 0.7350993 0.9337747 0.7483447 0.9271522 0.7549671 0.9271522 0.7615897 0.9271522 0.7350993 0.9403973 0.7615897 0.9271522 0.7947021 0.938839 0.8013248 0.9403973 0.7350993 0.9403973 0.7483447 0.9271522 0.7549671 0.9271522 0.2384105 0.03387528 0.2333649 0.03360289 0.2384105 0.03348523 0.3105908 0.5430463 0.3046359 0.5416127 0.3178808 0.5430463 0.3178808 0.5430463 0.3178808 0.5462315 0.3112583 0.5430463 0.7386559 0.8807946 0.7364326 0.8794043 0.7417219 0.8800606 0.7364326 0.8794043 0.7417219 0.8741721 0.7417219 0.8800606 0.7417219 0.8800606 0.746874 0.8764923 0.7417219 0.8804503 0.7407047 0.8874171 0.7382412 0.8807945 0.7386559 0.8807946 0.7417219 0.8804503 0.7413067 0.8824555 0.7386559 0.8807946 0.7413067 0.8824555 0.7407047 0.8874171 0.7386559 0.8807946 0.2582781 0.205298 0.2582781 0.2185429 0.2516556 0.2119204 0.2582781 0.2185429 0.2582781 0.231788 0.2516556 0.2384105 0.2516556 0.2119204 0.2582781 0.2185429 0.2516556 0.2384105 0.1421286 0.3406031 0.1397441 0.3311257 0.1397634 0.3377482 0.1397441 0.3311257 0.1397385 0.3326927 0.1397634 0.3377482 0.7417217 0.5761588 0.768212 0.5894038 0.7293872 0.599957 0.768212 0.5894038 0.7748344 0.6026488 0.7476935 0.6158939 0.3245033 0.03311252 0.3178808 0.03311252 0.3245033 0.02649003 0.9801324 0.9867549 0.9801325 0.9933775 0.9735099 0.9867549 0.7748347 0.7483441 0.754967 0.721854 0.7880799 0.721854 0.754967 0.721854 0.7483445 0.6953639 0.7814571 0.6981464 0.7814571 0.6981464 0.7483445 0.6953639 0.7748345 0.6887413 0.7483445 0.6953639 0.7483444 0.6423838 0.7615894 0.6556288 0.7483444 0.6423838 0.7615894 0.6545702 0.7615894 0.6556288 0.7615894 0.6545702 0.7644535 0.653151 0.7615894 0.6556288 0.7615894 0.6556288 0.7682121 0.6603685 0.7682121 0.6622514 0.7682121 0.6622514 0.7682121 0.6688739 0.7483445 0.6953639 0.7682121 0.6688739 0.769439 0.6754963 0.7701515 0.6768807 0.7682121 0.6688739 0.7701515 0.6768807 0.7483445 0.6953639 0.7615894 0.6556288 0.7682121 0.6622514 0.7483445 0.6953639 0.7748345 0.6821188 0.7748345 0.6762202 0.7807388 0.6887414 0.7701515 0.6768807 0.7748345 0.6821188 0.7483445 0.6953639 0.8005979 0.7483441 0.7947022 0.7483441 0.7947022 0.7442607 0.7947022 0.7483441 0.7748347 0.7483441 0.7947022 0.7442607 0.7483445 0.6953639 0.7748345 0.6821188 0.7748345 0.6887413 0.7748345 0.6821188 0.7807388 0.6887414 0.7748345 0.6887413 0.7748345 0.6887413 0.7814571 0.6953639 0.7814571 0.6981464 0.7814571 0.6981464 0.7814571 0.7019864 0.754967 0.721854 0.7814571 0.7019864 0.7814571 0.7086089 0.754967 0.721854 0.7814571 0.7086089 0.7880799 0.7211309 0.754967 0.721854 0.7880799 0.7211309 0.7880799 0.721854 0.754967 0.721854 0.7880799 0.721854 0.7892475 0.735099 0.7748347 0.7483441 0.7892475 0.735099 0.7947022 0.7417215 0.7748347 0.7483441 0.9801325 0.9801325 0.986755 0.986755 0.9801324 0.9867549 0.986755 0.986755 0.986755 1 0.9801325 0.9933775 0.2384105 0.03387528 0.2414933 0.03640353 0.2414564 0.0367366 0.3973511 0.5172786 0.3973511 0.5231788 0.3931313 0.5200658 0.7391616 0.8904993 0.7387924 0.8902919 0.7407047 0.8874171 0.1967313 0.1182966 0.1986755 0.1192052 0.1929734 0.1192052 0.1730517 0.1655629 0.1788079 0.1655629 0.175915 0.1704133 0.2119204 0.496048 0.2119204 0.4919745 0.2171736 0.4966887 0.2171736 0.4966887 0.2185431 0.4966887 0.1986755 0.5099338 0.1986755 0.5099338 0.1986755 0.5165563 0.192053 0.5159733 0.1986755 0.5165563 0.192053 0.5165563 0.192053 0.5159733 0.192053 0.5159733 0.1854304 0.5155593 0.1986755 0.5099338 0.1854304 0.5155593 0.2052979 0.4966887 0.1986755 0.5099338 0.2119204 0.496048 0.2171736 0.4966887 0.2052979 0.4966887 0.2171736 0.4966887 0.1986755 0.5099338 0.2052979 0.4966887 0.30366 0.05298012 0.297661 0.05298012 0.3112582 0.03973501 0.297661 0.05298012 0.2913907 0.04757624 0.3112582 0.03973501 0.2913907 0.04757624 0.2886521 0.04763334 0.2847682 0.04669749 0.2847682 0.04669749 0.2803577 0.04689437 0.2781457 0.04635757 0.2781457 0.04635757 0.273428 0.04227018 0.2715231 0.04087543 0.2715231 0.04087543 0.2656052 0.0401743 0.2649006 0.04009145 0.2649006 0.04009145 0.2574654 0.03973501 0.2516556 0.03426671 0.2516556 0.03426671 0.2502082 0.03440183 0.245033 0.03346329 0.245033 0.03346329 0.2418017 0.03357028 0.231788 0.02649003 0.231788 0.02649003 0.3112582 0.03973501 0.2516556 0.03426671 0.3112582 0.03973501 0.3112582 0.04635757 0.30366 0.05298012 0.2649006 0.04009145 0.3112582 0.03973501 0.2715231 0.04087543 0.3112582 0.04635757 0.3178808 0.04635757 0.30366 0.05298012 0.2913907 0.04757624 0.2847682 0.04669749 0.3112582 0.03973501 0.2781457 0.04635757 0.2715231 0.04087543 0.3112582 0.03973501 0.2847682 0.04669749 0.2781457 0.04635757 0.3112582 0.03973501 0.3112582 0.03973501 0.2649006 0.04009145 0.2516556 0.03426671 0.2781457 0.5038953 0.2781457 0.5084163 0.2715231 0.4985361 0.2781457 0.5084163 0.2587644 0.5005626 0.2715231 0.4985361 0.2715231 0.4985361 0.2587644 0.5005626 0.2649006 0.4981126 0.5838491 0.7639269 0.5884915 0.7615891 0.5827816 0.7682117 0.5884915 0.7615891 0.5863258 0.7555958 0.5933181 0.7518703 0.5827816 0.7682117 0.5884915 0.7615891 0.5933181 0.7518703 0.5861176 0.7549666 0.5894042 0.7549666 0.5933181 0.7518703 0.5863258 0.7555958 0.5861176 0.7549666 0.5933181 0.7518703 0.6318709 0.70311 0.6350315 0.7019864 0.5827816 0.7682117 0.6241419 0.7086089 0.6318709 0.70311 0.6026494 0.742494 0.6318709 0.70311 0.5827816 0.7682117 0.6026494 0.742494 0.5933181 0.7518703 0.5930913 0.7515839 0.5960264 0.7490229 0.6026494 0.742494 0.5933181 0.7518703 0.5968068 0.7483441 0.5933181 0.7518703 0.6026494 0.742494 0.5827816 0.7682117 0.5968068 0.7483441 0.6003251 0.7477914 0.6026494 0.742494 0.6026494 0.742494 0.606135 0.7423152 0.6055628 0.7417215 0.6055628 0.7417215 0.6117291 0.7365567 0.6100789 0.735099 0.6055628 0.7417215 0.6100789 0.735099 0.6026494 0.742494 0.6100789 0.735099 0.6158943 0.729324 0.6026494 0.742494 0.6158943 0.729324 0.6225168 0.7160037 0.6241419 0.7086089 0.6158943 0.729324 0.6241419 0.7086089 0.6026494 0.742494 0.6211028 0.8492048 0.6208766 0.8493565 0.6167111 0.8476821 0.2335451 0.03672254 0.2335261 0.03639423 0.2384105 0.03387528 0.7350993 0.917794 0.7350993 0.9238805 0.728477 0.9205297 0.7350993 0.9238805 0.7350993 0.9337747 0.728477 0.9271522 0.728477 0.9205297 0.7350993 0.9238805 0.728477 0.9271522 0.3245033 0.01324492 0.3245033 0.01986747 0.3178808 0.01986747 0.3178808 0.01986747 0.3178808 0.006622493 0.3245033 0.01324492 0.4039735 0.5687376 0.4032256 0.5655917 0.4039735 0.5629138 0.668874 0.5430463 0.5430464 0.5033112 1 0.6225163 0.7880797 0.5695363 0.668874 0.5430463 1 0.6225163 0.9536424 0.721854 0.8543048 0.7947018 0.8543048 0.7682117 0.8543048 0.7682117 0.7880797 0.5695363 1 0.6225163 0.9536424 0.6821188 0.9536424 0.721854 0.8543048 0.7682117 0.9602649 0.6092713 0.9536424 0.6821188 0.8543048 0.7682117 0.2872804 0.5364238 0.2875674 0.5354777 0.2958389 0.5359535 0.1655628 0.4966887 0.1715141 0.5099338 0.1655628 0.5033112 0.1715141 0.5099338 0.1663418 0.5099338 0.1655628 0.5091618 0.1655628 0.5033112 0.1715141 0.5099338 0.1655628 0.5091618 0.1683619 0.5133321 0.1703054 0.5112167 0.1721854 0.5099338 0.1683619 0.5133321 0.1721854 0.5099338 0.1764386 0.5161451 0.1721854 0.5099338 0.1788079 0.510802 0.1764386 0.5161451 0.1764386 0.5161451 0.179143 0.5165563 0.1655628 0.5095428 0.1683619 0.5133321 0.1764386 0.5161451 0.1655628 0.5095428 0.1655628 0.5095428 0.1621845 0.5068787 0.1655628 0.5091618 0.1655628 0.5033112 0.1599463 0.5033112 0.1655628 0.4966887 0.1683619 0.5133321 0.1655628 0.5095428 0.1663418 0.5099338 0.2233222 0.03476738 0.2234639 0.03509581 0.2185429 0.03973501 0.5770078 0.6216775 0.5562916 0.6151525 0.562914 0.6128451 0.562914 0.6128451 0.562914 0.6101658 0.5695363 0.6158939 0.5695363 0.6158939 0.5761591 0.6158939 0.5770078 0.6216775 0.2114392 0.4900662 0.2119204 0.4919745 0.209176 0.4942377 0.2414564 0.0367366 0.2414933 0.03640353 0.245033 0.03385454 0.1059603 0.5629138 0.1390728 0.5496688 0.152318 0.5562914 0.245033 0.49744 0.245033 0.5033112 0.2427388 0.5005111 0.245033 0.1324503 0.2444375 0.1324503 0.2443798 0.1390728 0.2444375 0.1324503 0.2393743 0.1390728 0.2443798 0.1390728 0.2575361 0.1258278 0.2516556 0.1248408 0.2516556 0.1258278 0.2516556 0.1258278 0.245033 0.1324503 0.2575361 0.1258278 0.245033 0.1324503 0.2443798 0.1390728 0.2575361 0.1258278 0.2582781 0.1192052 0.2574239 0.1192052 0.2582781 0.1250877 0.2582781 0.1250877 0.2575361 0.1258278 0.2443798 0.1390728 0.2582781 0.1250877 0.2443798 0.1390728 0.2384105 0.1456953 0.2443798 0.1390728 0.2442535 0.1456953 0.2384105 0.1456953 0.2649007 0.1125828 0.2582781 0.1192052 0.2582781 0.1250877 0.2715232 0.1059603 0.2649007 0.1059603 0.2649007 0.1125828 0.2715232 0.1059603 0.2649007 0.1125828 0.2582781 0.1250877 0.2781457 0.09933775 0.2729484 0.1006106 0.2715232 0.1059603 0.2781457 0.09933775 0.2715232 0.1059603 0.2582781 0.1250877 0.2781457 0.09933775 0.2582781 0.1250877 0.2829571 0.0927152 0.2781457 0.09933775 0.2829571 0.0927152 0.2793978 0.09555941 0.247904 0.5290454 0.2485046 0.5261538 0.2516556 0.5239105 0.2582782 0.5298013 0.2641457 0.5298013 0.2781457 0.5358241 0.2641457 0.5298013 0.2649007 0.5298013 0.2715231 0.5325922 0.247904 0.5290454 0.2516556 0.5239105 0.2582782 0.5298013 0.2397835 0.5289539 0.2403694 0.5258921 0.245033 0.5290252 0.247904 0.5290454 0.2582782 0.5298013 0.2781457 0.5358241 0.2641457 0.5298013 0.2715231 0.5325922 0.2781457 0.5358241 0.2397835 0.5289539 0.245033 0.5290252 0.247904 0.5290454 0.231788 0.528653 0.2384105 0.5289616 0.223806 0.5280905 0.2384105 0.5289616 0.2397835 0.5289539 0.223806 0.5280905 0.2245193 0.5231788 0.231788 0.5231788 0.223806 0.5280905 0.231788 0.5231788 0.231788 0.528653 0.223806 0.5280905 0.223806 0.5280905 0.2185431 0.5231788 0.2245193 0.5231788 0.4032256 0.5655917 0.4031535 0.5659137 0.3973511 0.5681673 0.3954831 0.5629138 0.4039735 0.5629138 0.3973511 0.5681673 0.4039735 0.5629138 0.4032256 0.5655917 0.3973511 0.5681673 0.3907285 0.5629138 0.3954831 0.5629138 0.3946461 0.5682094 0.3954831 0.5629138 0.3973511 0.5681673 0.3946461 0.5682094 0.3774835 0.5621364 0.3720703 0.5562914 0.3774835 0.5568414 0.3774835 0.5568414 0.3907285 0.5629138 0.3774835 0.5621364 0.3907285 0.5629138 0.3946461 0.5682094 0.3774835 0.5621364 0.2000565 0.5228508 0.223806 0.5280905 0.2781457 0.5358241 0.223806 0.5280905 0.2397835 0.5289539 0.247904 0.5290454 0.223806 0.5280905 0.247904 0.5290454 0.2781457 0.5358241 0.3714199 0.5621629 0.3774835 0.5621364 0.3946461 0.5682094 0.3642385 0.5621308 0.3708609 0.5562914 0.3708609 0.562151 0.3714199 0.5621629 0.3946461 0.5682094 0.2000565 0.5228508 0.3642385 0.5621308 0.3708609 0.562151 0.3714199 0.5621629 0.3487261 0.5533845 0.3509933 0.5562914 0.3551426 0.5619136 0.3551426 0.5619136 0.3642385 0.5621308 0.2781457 0.5358241 0.3642385 0.5621308 0.3714199 0.5621629 0.2781457 0.5358241 0.3714199 0.5621629 0.2000565 0.5228508 0.2781457 0.5358241 0.2781457 0.5358241 0.2781457 0.5302199 0.2804362 0.531219 0.2847682 0.5364238 0.2872804 0.5364238 0.2938324 0.5422601 0.2872804 0.5364238 0.2956887 0.5364238 0.2948057 0.5392047 0.2938324 0.5422601 0.2872804 0.5364238 0.2948057 0.5392047 0.2781457 0.5358241 0.2804362 0.531219 0.2847682 0.5364238 0.3443709 0.5508432 0.3487261 0.5533845 0.3551426 0.5619136 0.2781457 0.5358241 0.2847682 0.5364238 0.2938324 0.5422601 0.2980132 0.542281 0.3030605 0.5396734 0.3046359 0.5430463 0.2938324 0.5422601 0.2980132 0.542281 0.3095277 0.5459528 0.2980132 0.542281 0.3046359 0.5430463 0.3095277 0.5459528 0.3046359 0.5430463 0.3096389 0.5456461 0.3095277 0.5459528 0.3245033 0.551514 0.3311257 0.5496688 0.3311257 0.5555166 0.3095277 0.5459528 0.3245033 0.551514 0.3311257 0.5555166 0.3316655 0.5555205 0.3325363 0.5524473 0.3377484 0.5496688 0.2938324 0.5422601 0.3095277 0.5459528 0.3311257 0.5555166 0.3316655 0.5555205 0.3377484 0.5496688 0.3443709 0.5508432 0.2938324 0.5422601 0.3311257 0.5555166 0.3551426 0.5619136 0.3311257 0.5555166 0.3316655 0.5555205 0.3551426 0.5619136 0.3551426 0.5619136 0.2781457 0.5358241 0.2938324 0.5422601 0.749561 0.9226402 0.7486854 0.9205297 0.7507737 0.9205297 0.7486854 0.9205297 0.7483447 0.9198086 0.7507737 0.9205297 0.3800805 0.55675 0.3956686 0.5618277 0.3907285 0.5629138 0.3956686 0.5618277 0.3954831 0.5629138 0.3907285 0.5629138 0.4754959 0.6002424 0.4768212 0.6013169 0.475385 0.6005569 0.753902 0.8675495 0.7518724 0.8700804 0.7535562 0.8675495 0.231788 0.02649003 0.2185429 0.02649003 0.1986754 0 0.1986754 0 0.2980132 0 0.231788 0.02649003 0.2980132 0 0.2980132 0.006622493 0.231788 0.02649003 0.2980132 0.01324492 0.3046357 0.01324492 0.3046357 0.01986747 0.2980132 0.006622493 0.2980132 0.01324492 0.231788 0.02649003 0.3112582 0.03973501 0.231788 0.02649003 0.2980132 0.01324492 0.3112582 0.03973501 0.3046357 0.01986747 0.3112582 0.03311252 0.3046357 0.01986747 0.3112582 0.03973501 0.2980132 0.01324492 0.3046357 0.01986747 0.3112582 0.01986747 0.3112582 0.02649003 0.6808071 0.5708294 0.6887416 0.5562914 0.6878823 0.5761588 0.6887416 0.5562914 0.7417217 0.5761588 0.7086094 0.5835215 0.7417217 0.5761588 0.7293872 0.599957 0.7280315 0.5960263 0.7248774 0.5919657 0.7218542 0.590306 0.7417217 0.5761588 0.7218542 0.590306 0.7093886 0.5868184 0.7417217 0.5761588 0.7417217 0.5761588 0.7280315 0.5960263 0.7248774 0.5919657 0.6878823 0.5761588 0.6821192 0.5761588 0.6808071 0.5708294 0.7012495 0.5827813 0.6953643 0.5827813 0.6887416 0.5769656 0.6887416 0.5769656 0.6878823 0.5761588 0.6887416 0.5562914 0.6887416 0.5562914 0.7086094 0.5835215 0.7019864 0.583429 0.7086094 0.5835215 0.7417217 0.5761588 0.7093886 0.5868184 0.7019864 0.583429 0.7012495 0.5827813 0.6887416 0.5562914 0.8173999 0.8695356 0.8177346 0.8695217 0.8204646 0.8741721 0.5802217 0.7704375 0.579944 0.7704526 0.5778974 0.7682117 0.3708609 0.562151 0.3708609 0.5562914 0.3717717 0.5591424 0.3708609 0.5562914 0.3720703 0.5562914 0.3717717 0.5591424 0.1394456 0.3178808 0.1452339 0.3178808 0.1448661 0.3245032 0.401496 0.5173075 0.4039735 0.5173087 0.4011694 0.5203416 0.1599463 0.5033112 0.1655628 0.5033112 0.164375 0.5052087 0.192053 0.3443708 0.1986755 0.3178808 0.1957947 0.3383486 0.1986755 0.3178808 0.205298 0.3046357 0.2119206 0.3112582 0.1957947 0.3383486 0.1986755 0.3178808 0.2024009 0.3332095 0.205298 0.3046357 0.205298 0.2847682 0.2148994 0.3086814 0.2119206 0.3112582 0.2147701 0.3167217 0.2119206 0.3178808 0.205298 0.3046357 0.2148994 0.3086814 0.2119206 0.3112582 0.2119206 0.3245033 0.1986755 0.3178808 0.2119206 0.3178808 0.2024009 0.3332095 0.1976746 0.3409388 0.1957947 0.3383486 0.2119206 0.3245033 0.2071742 0.3293082 0.1986755 0.3178808 0.2071742 0.3293082 0.2024009 0.3332095 0.1986755 0.3178808 0.5827816 0.7682117 0.5778974 0.7682117 0.5827815 0.7637463 0.546307 0.6151006 0.546685 0.6120143 0.5496693 0.6151212 0.546685 0.6120143 0.5496693 0.6092713 0.5496693 0.6151212 0.3311257 0.5555166 0.3311257 0.5496688 0.3325363 0.5524473 0.3311257 0.5496688 0.3377484 0.5496688 0.3325363 0.5524473 0.2871314 0.05298012 0.2878715 0.05039209 0.2879579 0.05008929 0.8104623 0.7894177 0.8107452 0.7893767 0.8136312 0.7947018 0.2516556 0.2119204 0.2516556 0.2384105 0.2277551 0.2306964 0.2516556 0.2384105 0.2174382 0.3245033 0.2185431 0.2972821 0.2185431 0.2972821 0.2174382 0.3245033 0.2178891 0.3046357 0.2174382 0.3245033 0.217103 0.3245033 0.2179135 0.3178808 0.2179135 0.3178808 0.2151025 0.3167809 0.2178184 0.3112582 0.2178184 0.3112582 0.2152159 0.3087338 0.2178891 0.3046357 0.2178891 0.3046357 0.2156226 0.3007515 0.2179614 0.2980132 0.2185431 0.2972821 0.219551 0.2934138 0.2239314 0.2847682 0.219551 0.2934138 0.2213498 0.2856436 0.2239314 0.2847682 0.2178891 0.3046357 0.2179614 0.2980132 0.2185431 0.2972821 0.2179135 0.3178808 0.2178184 0.3112582 0.2174382 0.3245033 0.2178184 0.3112582 0.2178891 0.3046357 0.2174382 0.3245033 0.2281793 0.1761662 0.231085 0.1721854 0.2262032 0.1840296 0.231085 0.1721854 0.2516556 0.2119204 0.2262032 0.1840296 0.2238556 0.1833457 0.2251655 0.183741 0.2251655 0.1846675 0.2251655 0.183741 0.2262032 0.1840296 0.2251655 0.1846675 0.2516556 0.2384105 0.2185431 0.2972821 0.2239314 0.2847682 0.2262032 0.1840296 0.2516556 0.2119204 0.2251655 0.1846675 0.2245218 0.1986754 0.2244528 0.1920529 0.2251655 0.1846675 0.2516556 0.2384105 0.2239314 0.2847682 0.222006 0.2696051 0.2245749 0.2620266 0.2516556 0.2384105 0.222006 0.2696051 0.2239314 0.2847682 0.2217062 0.2695434 0.222006 0.2696051 0.2245749 0.2620266 0.2251655 0.2516556 0.2516556 0.2384105 0.2251655 0.2516556 0.2277551 0.2306964 0.2516556 0.2384105 0.2245218 0.1986754 0.2251655 0.1846675 0.2516556 0.2119204 0.2277551 0.2306964 0.2216253 0.1993665 0.2516556 0.2119204 0.4172186 0.5170811 0.4172186 0.5165563 0.4238411 0.5168995 0.4238411 0.5168995 0.4172186 0.5202187 0.4172186 0.5170811 0.2847682 0.5039463 0.2847682 0.5088856 0.2821432 0.5064408 0.2185429 0.02649003 0.231788 0.02649003 0.2251655 0.03417319 0.231788 0.02649003 0.2384105 0.03348523 0.2333649 0.03360289 0.2251655 0.03417319 0.231788 0.02649003 0.2333649 0.03360289 0.2251655 0.03417319 0.2233222 0.03476738 0.2185429 0.03311252 0.2206399 0.04635757 0.2251655 0.0525465 0.2204121 0.04578369 0.2251655 0.0525465 0.2185429 0.04635757 0.2204121 0.04578369 0.2185429 0.04635757 0.2211378 0.03973501 0.2204121 0.04578369 0.7301623 0.9192872 0.728477 0.9199745 0.7295987 0.9192063 0.184997 0.5165563 0.1854304 0.5165563 0.1835929 0.521004 0.1835929 0.521004 0.1834629 0.521392 0.184997 0.5165563 0.1834629 0.521392 0.179143 0.5165563 0.184997 0.5165563 0.179143 0.5165563 0.1764386 0.5161451 0.1788079 0.510802 0.8156796 0.9139073 0.8178947 0.909517 0.8181824 0.9094957 0.3245034 0.0927152 0.3311258 0.0927152 0.3311258 0.09933775 0.08609271 0.1192052 0.2185429 0.03973501 0.2185429 0.04635757 0.2185429 0.04635757 0.2251655 0.0525465 0.08609271 0.1192052 0.1655628 0.5091618 0.164161 0.505373 0.164375 0.5052087 0.231788 0.4973914 0.2265173 0.4998355 0.2268252 0.4974344 0.2178184 0.3112582 0.2119206 0.3112582 0.2148994 0.3086814 0.8205525 0.9072846 0.8181824 0.9094957 0.8178947 0.909517 0.5536054 0.5528616 0.5496692 0.5548358 0.5496692 0.5502569 0.986755 0.9801325 0.9933775 0.9867549 0.986755 0.986755 0.9933775 0.9867549 0.9933776 1 0.986755 0.986755 0.2516556 0.03426671 0.2489796 0.03973501 0.245033 0.03973501 0.245033 0.03973501 0.245033 0.03385454 0.2502082 0.03440183 0.7487402 0.8874172 0.7483446 0.887825 0.7483446 0.8874171 0.6133692 0.8446194 0.5975434 0.8161574 0.610803 0.8410595 0.5975434 0.8161574 0.5997912 0.8145695 0.6026493 0.8145695 0.3509933 0.5562914 0.3561458 0.5562914 0.3551426 0.5619136 0.3561458 0.5562914 0.3642385 0.5562914 0.3551426 0.5619136 0.2246506 0.5222434 0.2483288 0.5231788 0.231788 0.5231788 0.7417219 0.9271522 0.7350993 0.9238805 0.7382499 0.9205297 0.7382499 0.9205297 0.7379432 0.9139073 0.7417219 0.9139073 0.8205991 0.9205297 0.8158565 0.9205297 0.8180911 0.9174615 0.1794885 0.1589403 0.1819777 0.1556301 0.1822659 0.1557448 0.7549671 0.8807946 0.7549671 0.8811764 0.7483446 0.8807946 0.7549671 0.8811764 0.7483446 0.8874171 0.7483446 0.8807946 0.7483446 0.8807946 0.7483445 0.8741721 0.7549671 0.8807946 0.7343483 0.9006622 0.7335496 0.904146 0.733223 0.9040733 0.7308877 0.9035876 0.7306028 0.9035318 0.7284769 0.9006623 0.7343483 0.9006622 0.733223 0.9040733 0.7308877 0.9035876 0.7432209 0.8741721 0.7483445 0.8675495 0.7483446 0.8734345 0.4620013 0.5165563 0.4635764 0.5179044 0.4630537 0.5185715 0.2185429 0.03311252 0.2185429 0.03973501 0.1986754 0 0.2185429 0.03973501 0.08609271 0.1192052 0.1986754 0 0.7507737 0.9205297 0.7483447 0.9198086 0.7483447 0.9142681 0.7483447 0.9142681 0.7478686 0.9139073 0.7483447 0.9139073 0.7478686 0.9139073 0.7475088 0.9131547 0.7483447 0.9139073 0.7417217 0.5761588 0.6887416 0.5562914 0.7880797 0.5695363 0.6887416 0.5562914 0.6754965 0.5496688 0.668874 0.5430463 0.7880797 0.5695363 0.6887416 0.5562914 0.668874 0.5430463 0.6754965 0.5496688 0.668874 0.5496688 0.668874 0.5430463 0.668874 0.5496688 0.6622515 0.5496688 0.668874 0.5430463 0.2205673 0.4930432 0.2194127 0.4947983 0.2185431 0.4911636 0.2821432 0.5064408 0.2781457 0.5084163 0.2781457 0.5038953 0.3245033 0.01986747 0.3245033 0.02649003 0.3178808 0.02649003 0.5430464 0.6151205 0.5430465 0.6092713 0.546685 0.6120143 0.5430465 0.6092713 0.5470203 0.6092713 0.546685 0.6120143 0.2178184 0.3112582 0.2151025 0.3167809 0.2147701 0.3167217 0.2649006 0.04009145 0.2656052 0.0401743 0.2654925 0.04054528 0.2886521 0.04763334 0.2878715 0.05039209 0.2847682 0.047091 0.1986755 0.5224224 0.1986755 0.5165563 0.2006544 0.519559 0.1986755 0.5165563 0.205298 0.5170252 0.2006544 0.519559 0.205298 0.5170252 0.2090973 0.5173512 0.2090488 0.517674 0.7407047 0.8874171 0.7366426 0.8890797 0.736415 0.8889509 0.2111026 0.4825693 0.2384105 0.437086 0.2251656 0.4900662 0.2384105 0.437086 0.2516556 0.4569536 0.2516556 0.4635761 0.3095277 0.5459528 0.3112583 0.5430463 0.3178808 0.5462315 0.3178808 0.5462315 0.318645 0.5434982 0.3245033 0.551514 0.765519 0.8589411 0.7615896 0.859098 0.7597497 0.858436 0.7615896 0.859098 0.7600001 0.8587543 0.7597497 0.858436 0.9668873 0.9867549 0.9668874 0.9933775 0.9602647 0.9867549 0.2516556 0.1317163 0.256157 0.1284139 0.251309 0.1324503 0.2174382 0.3245033 0.2516556 0.2384105 0.2649006 0.245033 0.2516556 0.2384105 0.2582781 0.2384105 0.2649006 0.245033 0.2649006 0.245033 0.245033 0.3377482 0.2174382 0.3245033 0.2384105 0.3377482 0.2384105 0.3443708 0.2119206 0.3509933 0.2384105 0.3443708 0.2251655 0.423841 0.2119206 0.3509933 0.245033 0.3377482 0.2384105 0.3377482 0.2174382 0.3245033 0.2119206 0.3307708 0.2167419 0.3253905 0.2174382 0.3245033 0.2251655 0.423841 0.205298 0.4172185 0.2119206 0.3509933 0.2119206 0.3509933 0.2119206 0.3307708 0.2384105 0.3377482 0.2875674 0.5354777 0.2872804 0.5364238 0.2847682 0.5364238 0.2211378 0.03973501 0.2185429 0.04635757 0.2185429 0.03973501 0.2185429 0.03973501 0.2234639 0.03509581 0.2211378 0.03973501 0.2234639 0.03509581 0.2213931 0.03973501 0.2211378 0.03973501 0.3311257 0.5496688 0.3245033 0.551514 0.318645 0.5434982 0.3393266 0.5496688 0.3413298 0.5504128 0.3377484 0.5496688 0.3377484 0.5496688 0.3311257 0.5496688 0.3393266 0.5496688 0.2649007 0.1788079 0.2781457 0.1655629 0.2781457 0.1721854 0.6556292 0.5695363 0.6556292 0.5642903 0.6566818 0.5675314 0.8145697 0.8675495 0.8173999 0.8695356 0.8145697 0.8741721 0.2649006 0.2251655 0.2649006 0.231788 0.2582781 0.231788 0.4985355 0.6080659 0.4992191 0.6053226 0.5033112 0.6026487 0.5033112 0.6026487 0.5074797 0.6055324 0.4985355 0.6080659 0.7483446 0.8940396 0.7463397 0.8940396 0.7431501 0.8922653 0.7463397 0.8940396 0.7423277 0.8940396 0.7431501 0.8922653 0.7431501 0.8922653 0.7483446 0.887825 0.7483446 0.8940396 0.7483446 0.887825 0.7487402 0.8874172 0.7483446 0.8940396 0.7476304 0.9006623 0.7472997 0.9006623 0.7483446 0.8940396 0.7562038 0.8741721 0.7558268 0.8741721 0.757386 0.8720599 0.7586906 0.8839815 0.7562038 0.8741721 0.7483446 0.8940396 0.7562038 0.8741721 0.757386 0.8720599 0.7483446 0.8940396 0.757386 0.8720599 0.7476304 0.9006623 0.7483446 0.8940396 0.7483446 0.8940396 0.7487402 0.8874172 0.7549671 0.8815633 0.2707128 0.1125828 0.2847682 0.1125828 0.2582781 0.1324503 0.2582781 0.1324503 0.2649007 0.118233 0.2707128 0.1125828 0.1564164 0.2225145 0.1589403 0.2232841 0.1532317 0.2251655 0.7279844 0.9205297 0.7250775 0.9266886 0.7232939 0.9205297 0.7250775 0.9266886 0.7252348 0.9271523 0.7232939 0.9205297 0.589404 0.5514258 0.589404 0.5562914 0.5862312 0.5538804 0.7483446 0.8738247 0.7479981 0.8741721 0.7476089 0.8741721 0.7479981 0.8741721 0.7464961 0.8762519 0.7476089 0.8741721 0.2429016 0.1478319 0.2432785 0.1480327 0.2384105 0.1515871 0.2251654 0.03451645 0.231788 0.03403788 0.231788 0.03973501 0.9735099 0.9801325 0.9735099 0.9867549 0.9668874 0.9801326 0.2516556 0.1258278 0.253779 0.1265637 0.2539814 0.1267223 0.6944373 0.9426954 0.6943193 0.9429708 0.6895646 0.9403973 0.2913907 0.1523178 0.2847682 0.1523178 0.2913907 0.1456953 0.2913907 0.1456953 0.2913907 0.1390728 0.2980132 0.1324503 0.2980132 0.1324503 0.2980132 0.1258278 0.3046358 0.1192052 0.3046358 0.1192052 0.3112583 0.1192052 0.2980132 0.1324503 0.3112583 0.1192052 0.3112583 0.1324503 0.2980132 0.1324503 0.3112583 0.1324503 0.3112583 0.1456953 0.3046358 0.1456953 0.3046358 0.1456953 0.3046358 0.1523178 0.2913907 0.1523178 0.3046358 0.1523178 0.2980132 0.1589403 0.2913907 0.1523178 0.2980132 0.1589403 0.2913907 0.1589403 0.2913907 0.1523178 0.2913907 0.1523178 0.2913907 0.1456953 0.3046358 0.1456953 0.2913907 0.1456953 0.2980132 0.1324503 0.3046358 0.1456953 1 0.9867549 1 0.9933775 0.9933775 0.9867549 0.2185431 0.4911636 0.2185431 0.4966887 0.2171736 0.4966887 0.231788 0.4973914 0.2384105 0.4974377 0.2384105 0.5033112 0.223806 0.5280905 0.2000565 0.5228508 0.2119204 0.5178485 0.2000565 0.5228508 0.1834629 0.521392 0.1986755 0.5224224 0.2001236 0.522482 0.2000565 0.5228508 0.1986755 0.5224224 0.1835929 0.521004 0.1854304 0.5165563 0.192053 0.5165563 0.2167587 0.5205456 0.2185431 0.5231788 0.223806 0.5280905 0.2006544 0.519559 0.2090488 0.517674 0.2001236 0.522482 0.2090488 0.517674 0.2119204 0.5178485 0.2000565 0.5228508 0.2001236 0.522482 0.2090488 0.517674 0.2000565 0.5228508 0.2119204 0.5178485 0.2167587 0.5205456 0.223806 0.5280905 0.1834629 0.521392 0.1835929 0.521004 0.1986755 0.5224224 0.5827814 0.5562914 0.5862312 0.5538804 0.589404 0.5562914 0.5827814 0.5562914 0.589404 0.5562914 0.5931066 0.5604835 0.5629139 0.5562914 0.5761591 0.5562914 0.5562916 0.6026488 0.5761591 0.5562914 0.5775296 0.5562914 0.5562916 0.6026488 0.5775296 0.5562914 0.5827814 0.5562914 0.5562916 0.6026488 0.5827814 0.5562914 0.5931066 0.5604835 0.5761591 0.6158939 0.5960264 0.5617697 0.6014604 0.559748 0.602649 0.5629138 0.6014604 0.559748 0.602649 0.5624161 0.602649 0.5629138 0.5827814 0.5562914 0.5761591 0.6158939 0.5562916 0.6026488 0.5761591 0.6158939 0.5931066 0.5604835 0.602649 0.5629138 0.5931066 0.5604835 0.5960264 0.5617697 0.602649 0.5629138 0.602649 0.5629138 0.6154026 0.6347996 0.601252 0.6256199 0.6154026 0.6347996 0.6026492 0.6291388 0.601252 0.6256199 0.5937628 0.6225163 0.602649 0.5629138 0.5960264 0.6225163 0.601252 0.6256199 0.5994082 0.6286092 0.5960264 0.6225163 0.601252 0.6256199 0.5960264 0.6225163 0.602649 0.5629138 0.602649 0.5629138 0.5937628 0.6225163 0.5868074 0.6177513 0.5612177 0.5559744 0.5629139 0.5562914 0.5562916 0.6026488 0.602649 0.5629138 0.5868074 0.6177513 0.5827814 0.6158939 0.602649 0.5629138 0.5827814 0.6158939 0.5761591 0.6158939 0.5496692 0.5548358 0.5536054 0.5528616 0.5562915 0.5554032 0.5562915 0.5554032 0.5612177 0.5559744 0.5496692 0.5548358 0.4768213 0.5423518 0.5496692 0.5548358 0.509934 0.6026487 0.509934 0.6026487 0.5496692 0.5548358 0.5159828 0.6034382 0.4569537 0.5364238 0.4635764 0.5364238 0.4701987 0.5403342 0.4569537 0.5364238 0.4701987 0.5403342 0.4437087 0.5761588 0.4701987 0.5403342 0.4768213 0.5423518 0.4569537 0.5827813 0.4437087 0.5761588 0.4701987 0.5403342 0.4490763 0.5804368 0.3956686 0.5618277 0.3443709 0.5364238 0.4569537 0.5364238 0.4039735 0.5629138 0.3954831 0.5629138 0.4105961 0.5629138 0.3954831 0.5629138 0.3956686 0.5618277 0.4105961 0.5629138 0.3956686 0.5618277 0.4569537 0.5364238 0.4105961 0.5629138 0.4105961 0.5629138 0.4569537 0.5364238 0.4121531 0.5633675 0.5761591 0.6158939 0.5695363 0.6158939 0.563331 0.6100127 0.5612177 0.5559744 0.5562916 0.6026488 0.5496692 0.5548358 0.4121531 0.5633675 0.4569537 0.5364238 0.4187272 0.5695363 0.4187272 0.5695363 0.4172185 0.5695363 0.4121531 0.5633675 0.4187272 0.5695363 0.4569537 0.5364238 0.4238411 0.5695363 0.563331 0.6100127 0.5562916 0.6092713 0.5562916 0.6026488 0.5562916 0.6026488 0.5496693 0.6087395 0.5470915 0.6086842 0.5470915 0.6086842 0.5430465 0.6092713 0.536424 0.6092714 0.536424 0.6092714 0.5304033 0.6092714 0.5159828 0.6034382 0.509934 0.6026487 0.5082092 0.6026487 0.4999291 0.6026487 0.536424 0.6092714 0.5159828 0.6034382 0.5496692 0.5548358 0.5562916 0.6026488 0.5470915 0.6086842 0.536424 0.6092714 0.5761591 0.6158939 0.563331 0.6100127 0.5562916 0.6026488 0.4422105 0.5761588 0.4238411 0.5695363 0.4569537 0.5364238 0.4437087 0.5761588 0.4422105 0.5761588 0.4569537 0.5364238 0.5562916 0.6026488 0.536424 0.6092714 0.5496692 0.5548358 0.509934 0.6026487 0.4999291 0.6026487 0.4768213 0.5423518 0.4999291 0.6026487 0.4966888 0.6026487 0.4768213 0.5423518 0.4966888 0.6026487 0.4856545 0.5960263 0.4768213 0.5423518 0.4490763 0.5804368 0.4701987 0.5403342 0.4503313 0.5827813 0.4569537 0.5827813 0.4503313 0.5827813 0.4701987 0.5403342 0.4635764 0.5894038 0.4627743 0.5894038 0.4569537 0.5827813 0.4768213 0.5423518 0.4856545 0.5960263 0.4635764 0.5894038 0.5629138 0.5503998 0.5629139 0.5562914 0.561707 0.5533282 0.1420142 0.3327737 0.1448661 0.3245032 0.1448845 0.3328789 0.1448845 0.3328789 0.1444258 0.3377482 0.1422888 0.3327834 0.1444258 0.3377482 0.1397634 0.3377482 0.1422888 0.3327834 0.3112583 0.1192052 0.3046358 0.1192052 0.3112583 0.1125828 0.3112583 0.1125828 0.3178808 0.1125828 0.3112583 0.1192052 0.23811 0.1523178 0.2377004 0.1540336 0.2384105 0.1515871 0.8139288 0.8013244 0.8136312 0.7947018 0.813075 0.7890525 0.8129876 0.7880793 0.8104623 0.7894177 0.8079473 0.7880793 0.8129876 0.7880793 0.8079473 0.7880793 0.8079472 0.7818611 0.8073291 0.7814568 0.8023751 0.7814568 0.8072207 0.7682116 0.8023751 0.7814568 0.8013246 0.7682117 0.8072207 0.7682116 0.813075 0.7890525 0.8129876 0.7880793 0.8079472 0.7818611 0.8139288 0.8013244 0.813075 0.7890525 0.8139109 0.8145695 0.813075 0.7890525 0.8079472 0.7818611 0.8073291 0.7814568 0.8139109 0.8145695 0.8072207 0.7682116 0.8205525 0.9072846 0.8073291 0.7814568 0.8072207 0.7682116 0.8139109 0.8145695 0.8139109 0.8145695 0.8205525 0.9072846 0.8202727 0.8533272 0.8072207 0.7682116 0.8069955 0.7657923 0.8205525 0.9072846 0.8202727 0.8533272 0.8205525 0.9072846 0.820525 0.9013081 0.8079473 0.8079469 0.8079473 0.8013244 0.8139288 0.8013244 0.8110811 0.8139348 0.8079473 0.8079469 0.8139109 0.8145695 0.8079473 0.8079469 0.8139288 0.8013244 0.8139109 0.8145695 0.8206661 0.8609271 0.8203072 0.8543046 0.8202727 0.8533272 0.8206647 0.861353 0.8206661 0.8609271 0.8202727 0.8533272 0.8206647 0.861353 0.8202727 0.8533272 0.8205816 0.8694038 0.8139109 0.8145695 0.813075 0.7890525 0.8073291 0.7814568 0.8205816 0.8694038 0.8202727 0.8533272 0.820525 0.9013081 0.8205816 0.8694038 0.8177346 0.8695217 0.8205932 0.8675495 0.8205816 0.8694038 0.8205932 0.8675495 0.8206647 0.861353 0.820525 0.9013081 0.820521 0.9006623 0.8205816 0.8694038 0.8205805 0.9139074 0.8181824 0.9094957 0.8205525 0.9072846 0.8205805 0.9139074 0.8205525 0.9072846 0.8206956 0.9172953 0.7748344 0.6026488 0.8205525 0.9072846 0.8069955 0.7657923 0.7748344 0.6026488 0.8206956 0.9172953 0.8205525 0.9072846 0.7483444 0.6166151 0.7476935 0.6158939 0.7748344 0.6026488 0.7483444 0.6225163 0.7431786 0.6192417 0.7483444 0.6166151 0.7675032 0.6556288 0.754967 0.6307552 0.754967 0.6298605 0.754967 0.6298605 0.7483444 0.6225163 0.7483444 0.6166151 0.754967 0.6298605 0.7483444 0.6166151 0.7748344 0.6026488 0.7682121 0.6603685 0.7615894 0.6556288 0.7682121 0.6563537 0.7615894 0.6556288 0.7675032 0.6556288 0.7682121 0.6563537 0.7675032 0.6556288 0.754967 0.6298605 0.7748344 0.6026488 0.7675032 0.6556288 0.7748344 0.6026488 0.7713499 0.6588815 0.7682121 0.6563537 0.7675032 0.6556288 0.7713499 0.6588815 0.7739861 0.6665153 0.7735126 0.6622514 0.7713499 0.6588815 0.769439 0.6754963 0.7682121 0.6688739 0.7743167 0.6688739 0.7739861 0.6665153 0.7713499 0.6588815 0.7748344 0.6026488 0.7742494 0.6754963 0.769439 0.6754963 0.7743167 0.6688739 0.7743167 0.6688739 0.7739861 0.6665153 0.7748344 0.6026488 0.7742494 0.6754963 0.7743167 0.6688739 0.7748344 0.6026488 0.7807388 0.6887414 0.7748345 0.6762202 0.781457 0.6894996 0.7748345 0.6762202 0.7742494 0.6754963 0.7748344 0.6026488 0.781457 0.6894996 0.7748345 0.6762202 0.7748344 0.6026488 0.7863641 0.6953639 0.7814571 0.6953639 0.781457 0.6894996 0.8066092 0.7615891 0.8013246 0.7672532 0.797734 0.7516089 0.8013246 0.7672532 0.7748347 0.7483441 0.7947022 0.7483441 0.797734 0.7516089 0.8013246 0.7672532 0.7947022 0.7483441 0.797734 0.7516089 0.8005381 0.7549666 0.8066092 0.7615891 0.8066092 0.7615891 0.8005381 0.7549666 0.8069955 0.7657923 0.8005381 0.7549666 0.800597 0.7508166 0.8069955 0.7657923 0.8005979 0.7483441 0.7974926 0.7434834 0.7947021 0.7360516 0.7974926 0.7434834 0.7947022 0.7417215 0.7947021 0.7360516 0.794057 0.735099 0.7892475 0.735099 0.7939648 0.721854 0.7892475 0.735099 0.7880799 0.721854 0.7939648 0.721854 0.8005979 0.7483441 0.7947021 0.7360516 0.800597 0.7508166 0.7947021 0.7360516 0.794057 0.735099 0.800597 0.7508166 0.794057 0.735099 0.7939648 0.721854 0.7935742 0.7195239 0.800597 0.7508166 0.794057 0.735099 0.7935742 0.7195239 0.7929477 0.7152314 0.7880799 0.7211309 0.7814571 0.7086089 0.8069955 0.7657923 0.800597 0.7508166 0.7748344 0.6026488 0.800597 0.7508166 0.7935742 0.7195239 0.7748344 0.6026488 0.7929477 0.7152314 0.7814571 0.7086089 0.7873637 0.7086089 0.7935742 0.7195239 0.7929477 0.7152314 0.7873511 0.7019863 0.7929477 0.7152314 0.7873637 0.7086089 0.7873511 0.7019863 0.7935742 0.7195239 0.7873511 0.7019863 0.7863641 0.6953639 0.7863641 0.6953639 0.781457 0.6894996 0.7748344 0.6026488 0.8136312 0.7947018 0.8110494 0.7977535 0.8107243 0.7978123 0.4635764 0.5099338 0.4635763 0.4966887 0.4768212 0.5033112 0.4635764 0.5364238 0.4569537 0.5364238 0.4635764 0.5298013 0.6613702 0.9090968 0.6611822 0.9092367 0.6572077 0.9072846 0.2781457 0.1049165 0.2824177 0.09933775 0.2839865 0.09933775 0.2839865 0.09933775 0.2847682 0.09896731 0.2847682 0.1125828 0.2847682 0.1125828 0.2707128 0.1125828 0.2774639 0.1059603 0.2707128 0.1125828 0.2715231 0.1113917 0.2719287 0.1110746 0.2719287 0.1110746 0.2770938 0.1059603 0.2774639 0.1059603 0.2707128 0.1125828 0.2719287 0.1110746 0.2774639 0.1059603 0.2781457 0.1049165 0.2839865 0.09933775 0.2847682 0.1125828 0.2774639 0.1059603 0.2774699 0.105576 0.2781457 0.1049165 0.3443709 0.5298013 0.3377484 0.5298013 0.3443709 0.5106527 0.3377484 0.5298013 0.3245034 0.5099338 0.3297241 0.5117549 0.3443709 0.5106527 0.3377484 0.5298013 0.3311257 0.5105251 0.3297241 0.5117549 0.3311257 0.5105251 0.3377484 0.5298013 0.3907285 0.5224134 0.3443709 0.5298013 0.3443709 0.5106527 0.3907285 0.517224 0.3907285 0.5224134 0.3443709 0.5106527 0.3443709 0.5106527 0.4015374 0.5169239 0.3934447 0.517252 0.4015374 0.5169239 0.4039735 0.5169182 0.4039735 0.5173087 0.4039735 0.5169182 0.4172186 0.5170811 0.4105961 0.5173165 0.4095106 0.5173487 0.4039735 0.5169182 0.4105961 0.5173165 0.4095106 0.5173487 0.4039735 0.5173087 0.4039735 0.5169182 0.4039735 0.5173087 0.401496 0.5173075 0.4015374 0.5169239 0.401496 0.5173075 0.3973511 0.5172786 0.4015374 0.5169239 0.3973511 0.5172786 0.3934447 0.517252 0.4015374 0.5169239 0.5551859 0.6092713 0.5562916 0.6092713 0.5547649 0.6121194 0.5562916 0.6092713 0.5562916 0.6151525 0.5547649 0.6121194 0.4404302 0.5109803 0.4404351 0.5106176 0.4437088 0.5110307 0.4404351 0.5106176 0.4437087 0.510663 0.4437088 0.5110307 0.3046359 0.5416127 0.3032898 0.5389816 0.2980132 0.5298013 0.3032898 0.5389816 0.2980132 0.5364238 0.2980132 0.5298013 0.2980132 0.5364238 0.2958389 0.5359535 0.2980132 0.5298013 0.2958389 0.5359535 0.2875674 0.5354777 0.2980132 0.5298013 0.2847682 0.5351203 0.2805706 0.5307332 0.2781457 0.5298013 0.2875674 0.5354777 0.2847682 0.5351203 0.2980132 0.5298013 0.3178808 0.5430463 0.3046359 0.5416127 0.3178808 0.5298013 0.3393266 0.5496688 0.318645 0.5434982 0.3443709 0.5364238 0.318645 0.5434982 0.3178808 0.5430463 0.3178808 0.5298013 0.3488376 0.55285 0.3443709 0.5505216 0.3509933 0.5553236 0.3443709 0.5505216 0.3393266 0.5496688 0.3443709 0.5364238 0.3708609 0.5562914 0.3562664 0.555617 0.3443709 0.5364238 0.3562664 0.555617 0.3509933 0.5553236 0.3443709 0.5364238 0.3443709 0.5505216 0.3443709 0.5364238 0.3509933 0.5553236 0.318645 0.5434982 0.3178808 0.5298013 0.3443709 0.5364238 0.3046359 0.5416127 0.2980132 0.5298013 0.3178808 0.5298013 0.2847682 0.5351203 0.2781457 0.5298013 0.2980132 0.5298013 0.2781457 0.5298013 0.2715231 0.5298013 0.2582782 0.5165563 0.2715231 0.5298013 0.2649007 0.5298013 0.2582782 0.5165563 0.2649007 0.5298013 0.2643586 0.5288949 0.2582782 0.5165563 0.2643586 0.5288949 0.2582782 0.5281988 0.2582782 0.5165563 0.3774835 0.5562914 0.3720703 0.5562914 0.3708609 0.5562914 0.3956686 0.5618277 0.3800805 0.55675 0.3774835 0.5562914 0.3443709 0.5364238 0.3956686 0.5618277 0.3774835 0.5562914 0.2516556 0.5165563 0.2582782 0.5165563 0.2516556 0.5235627 0.2582782 0.5165563 0.2980132 0.5298013 0.2781457 0.5298013 0.3443709 0.5364238 0.3774835 0.5562914 0.3708609 0.5562914 0.2582782 0.5281988 0.2516556 0.5235627 0.2582782 0.5165563 0.2483288 0.5231788 0.2246506 0.5222434 0.2261459 0.5028434 0.2246506 0.5222434 0.2185431 0.5220263 0.2261459 0.5028434 0.2516556 0.5235627 0.2483288 0.5231788 0.2516556 0.5165563 0.2185431 0.5220263 0.216848 0.519874 0.2119204 0.5175327 0.2119204 0.5175327 0.2090973 0.5173512 0.205298 0.5170252 0.205298 0.5170252 0.1986755 0.5099338 0.2119204 0.5175327 0.1986755 0.5099338 0.2185431 0.4966887 0.2119204 0.5175327 0.2185431 0.4966887 0.2251656 0.50234 0.2185431 0.5220263 0.2251656 0.50234 0.2261877 0.5025054 0.2261459 0.5028434 0.2185431 0.5220263 0.2251656 0.50234 0.2261459 0.5028434 0.2185431 0.5220263 0.2119204 0.5175327 0.2185431 0.4966887 0.7427316 0.9072846 0.7431373 0.9079318 0.7417219 0.9072846 0.820521 0.9006623 0.8179914 0.9014879 0.8176857 0.9015095 0.3245034 0.0927152 0.3245034 0.09933775 0.3178808 0.0927152 0.4092143 0.5204415 0.4105961 0.5173165 0.410596 0.5231788 0.410596 0.5231788 0.4172185 0.5231788 0.4172185 0.5298013 0.4172185 0.5298013 0.4008497 0.5231788 0.4039735 0.5231788 0.4039735 0.5231788 0.4092143 0.5204415 0.410596 0.5231788 0.4403917 0.5138464 0.4437088 0.5110307 0.4503312 0.5111331 0.4437088 0.5110307 0.448683 0.5106766 0.4503312 0.5111331 0.448683 0.5106766 0.4503312 0.5099338 0.4503312 0.5111331 0.4503312 0.5099338 0.4569537 0.5099338 0.4503312 0.5111331 0.4623149 0.5165563 0.4635764 0.5176387 0.4635764 0.5179044 0.4635764 0.5176387 0.4652005 0.5178498 0.4635764 0.5179044 0.4569537 0.5099338 0.4623149 0.5165563 0.4569537 0.5114575 0.4503312 0.5111331 0.4569537 0.5099338 0.4569537 0.5114575 0.4635764 0.5179044 0.4620013 0.5165563 0.4623149 0.5165563 0.4620013 0.5165563 0.4569537 0.5114575 0.4623149 0.5165563 0.4566135 0.5140838 0.4569537 0.5140851 0.4569537 0.5165563 0.4503312 0.5111331 0.4566135 0.5140838 0.4569537 0.5231788 0.4566135 0.5140838 0.4569537 0.5165563 0.4569537 0.5231788 0.4569537 0.5165563 0.4630537 0.5185715 0.4635764 0.5231788 0.4630537 0.5185715 0.4633844 0.5192049 0.4635764 0.5231788 0.4633844 0.5192049 0.4645631 0.5214622 0.4635764 0.5231788 0.4569537 0.5231788 0.4503312 0.5298013 0.4403917 0.5138464 0.4503312 0.5298013 0.4172185 0.5298013 0.4304636 0.5165563 0.4319294 0.5140162 0.4503312 0.5298013 0.4304636 0.5165563 0.4635764 0.5231788 0.4569537 0.5231788 0.4569537 0.5165563 0.4403917 0.5138464 0.4503312 0.5111331 0.4569537 0.5231788 0.4503312 0.5298013 0.4319294 0.5140162 0.4403917 0.5138464 0.4172185 0.5298013 0.4172185 0.5231788 0.4304636 0.5165563 0.4238411 0.5165563 0.4404351 0.5106176 0.4316748 0.5114598 0.4404351 0.5106176 0.4404302 0.5109803 0.4370861 0.5112087 0.4242799 0.5165563 0.4238411 0.5168995 0.4238411 0.5165563 0.4316748 0.5114598 0.4242799 0.5165563 0.4238411 0.5165563 0.4404302 0.5109803 0.4403917 0.5138464 0.4370861 0.5112087 0.4403917 0.5138464 0.4319294 0.5140162 0.4370861 0.5112087 0.7629836 0.8665234 0.7615896 0.8675495 0.7682121 0.8609271 0.6187096 0.8508166 0.6211028 0.8492048 0.6233031 0.8543044 0.6211028 0.8492048 0.6279079 0.8543045 0.6233031 0.8543044 0.6187096 0.8508166 0.6233031 0.8543044 0.6236096 0.8573077 0.6239452 0.8609271 0.6167111 0.8476821 0.6187096 0.8508166 0.9470198 0.9867549 0.9602648 0.9801325 0.9536424 0.9933775 0.9536424 0.9933775 0.9470198 1 0.9470198 0.9933775 0.2246506 0.5222434 0.2245193 0.5231788 0.2185431 0.5231788 0.5165564 0.6038092 0.5159828 0.6034382 0.5298016 0.6092714 0.5159828 0.6034382 0.5304033 0.6092714 0.5298016 0.6092714 0.3178808 0.08609271 0.3178808 0.0927152 0.2913907 0.09196799 0.3178808 0.0927152 0.2847682 0.1125828 0.2847682 0.09896731 0.2847682 0.09896731 0.2847682 0.09857487 0.2913907 0.09196799 0.2847682 0.09857487 0.2847682 0.0927152 0.2913907 0.09196799 0.3178808 0.0927152 0.2847682 0.09896731 0.2913907 0.09196799 0.3178808 0.06622517 0.3178808 0.07284766 0.3088237 0.07234722 0.3178808 0.07284766 0.3178808 0.08609271 0.3088237 0.07234722 0.308836 0.05960255 0.3106653 0.05960255 0.3112582 0.06529432 0.3106653 0.05960255 0.3178808 0.06622517 0.3112582 0.06529432 0.3088237 0.07234722 0.3178808 0.08609271 0.308586 0.07229328 0.2913907 0.09196799 0.308586 0.07229328 0.3178808 0.08609271 0.3136697 0.06550866 0.3112582 0.06529432 0.3178808 0.06622517 0.7417219 0.9139073 0.7379432 0.9139073 0.7417219 0.9135514 0.7379432 0.9139073 0.7358781 0.9072846 0.7417219 0.9135514 0.7466281 0.9022813 0.7476304 0.9006623 0.7427316 0.9072846 0.7464961 0.8762519 0.7479981 0.8741721 0.746874 0.8764923 0.6490066 0.5633935 0.6807168 0.5711466 0.6572677 0.5651396 0.6807168 0.5711466 0.668874 0.5701578 0.6572677 0.5651396 0.668874 0.5701578 0.6636695 0.5726136 0.6622515 0.5701798 0.6622515 0.5701798 0.6615029 0.5695363 0.6572677 0.5651396 0.6572677 0.5651396 0.6556292 0.5642903 0.6490066 0.5633935 0.2649007 0.118233 0.2639433 0.1192052 0.2582781 0.1192052 0.2582781 0.1192052 0.2649007 0.1125828 0.2649007 0.118233 0.5936833 0.5577616 0.5937438 0.5574837 0.5952785 0.5562914 0.9470198 0.9867549 0.9470198 0.9933775 0.9403974 1 0.9403974 1 0.9801324 0.735099 0.9470198 0.9867549 0.9801324 0.735099 1 0.735099 1 0.7549666 0.7483444 0.6423838 0.7483445 0.6953639 0.633152 0.671746 0.633152 0.671746 0.6299189 0.6688738 0.6344839 0.6622514 0.6344839 0.6622514 0.6275989 0.6569074 0.6196178 0.6490063 0.6196178 0.6490063 0.6154026 0.6347996 0.7483444 0.6423838 0.6154026 0.6347996 0.602649 0.5629138 0.7483444 0.6423838 0.7483444 0.6423838 0.633152 0.671746 0.6344839 0.6622514 0.1854304 0.3642383 0.1876181 0.3615732 0.1854304 0.370085 0.1876181 0.3615732 0.1908206 0.3576158 0.1854304 0.370085 0.1908206 0.3576158 0.1882556 0.3534609 0.1986755 0.3509933 0.1986755 0.3509933 0.2119206 0.3509933 0.1854304 0.370085 0.2119206 0.3509933 0.205298 0.4172185 0.1847919 0.3774834 0.1854304 0.370085 0.2119206 0.3509933 0.1847919 0.3774834 0.205298 0.4172185 0.1854304 0.4179536 0.1848118 0.410596 0.1848118 0.410596 0.1824454 0.4092935 0.205298 0.4172185 0.1824454 0.4092935 0.1847919 0.3774834 0.205298 0.4172185 0.1847919 0.3774834 0.1824041 0.3770783 0.1854304 0.370085 0.1824041 0.3770783 0.1821169 0.3770604 0.1800571 0.3708608 0.1821169 0.3770604 0.17974 0.3769131 0.1800571 0.3708608 0.1800571 0.3708608 0.1834458 0.3690895 0.1854304 0.370085 0.1908206 0.3576158 0.1986755 0.3509933 0.1854304 0.370085 0.1425542 0.3088328 0.1398472 0.3086217 0.1398475 0.3006131 0.1398475 0.3006131 0.1428821 0.3008969 0.1425542 0.3088328 0.1428821 0.3008969 0.1456953 0.3112582 0.1425542 0.3088328 0.4437087 0.5099338 0.4370861 0.5099338 0.4635763 0.4966887 0.4635763 0.4966887 0.4635764 0.5099338 0.4569537 0.5099338 0.4503312 0.5099338 0.4437087 0.5099338 0.4635763 0.4966887 0.2582781 0.1986754 0.2582781 0.1920529 0.2649007 0.1854304 0.2649007 0.1854304 0.2649007 0.1788079 0.2781457 0.1788079 0.2781457 0.1788079 0.2847682 0.1788079 0.2582781 0.205298 0.2847682 0.1788079 0.2649006 0.2251655 0.2582781 0.205298 0.2649006 0.2251655 0.2582781 0.2185429 0.2582781 0.205298 0.2582781 0.205298 0.2582781 0.1986754 0.2781457 0.1788079 0.7615896 0.8675495 0.7621033 0.8675495 0.7615896 0.8680464 0.7615896 0.8680464 0.757386 0.8720599 0.7615896 0.8675495 0.757386 0.8720599 0.7558268 0.8741721 0.754967 0.8741721 0.754967 0.8741721 0.7600001 0.8587543 0.7615896 0.8675495 0.7600001 0.8587543 0.7615896 0.859098 0.7615896 0.8675495 0.7615896 0.859098 0.7682121 0.8609271 0.7615896 0.8675495 0.5834116 0.7814567 0.5834848 0.7867497 0.5864033 0.7855126 0.5871648 0.7940891 0.584703 0.7947018 0.5858424 0.7947019 0.5802217 0.7704375 0.5864033 0.7855126 0.5871648 0.7940891 0.5778974 0.7682117 0.5776446 0.7705708 0.5802217 0.7704375 0.5902 0.8013243 0.5778974 0.7682117 0.5802217 0.7704375 0.5802217 0.7704375 0.5871648 0.7940891 0.5902 0.8013243 0.7413067 0.8824555 0.7417219 0.8804503 0.7417219 0.8807946 0.2000565 0.5228508 0.3946461 0.5682094 0.3576161 0.7549666 0.3946461 0.5682094 0.475385 0.6005569 0.3576161 0.7549666 0.4768212 0.6013169 0.6299189 0.6688738 0.6300969 0.6725024 0.475385 0.6005569 0.4768212 0.6013169 0.3576161 0.7549666 0.1834629 0.521392 0.2000565 0.5228508 0.152318 0.5562914 0.4768212 0.6013169 0.6300969 0.6725024 0.6295509 0.7023827 0.6300969 0.6725024 0.6299118 0.6754963 0.6303741 0.680033 0.6295509 0.7023827 0.6300969 0.6725024 0.6303047 0.68731 0.6299118 0.6754963 0.6333293 0.6797378 0.6303741 0.680033 0.6303741 0.680033 0.6303001 0.6821188 0.6303047 0.68731 0.6303047 0.68731 0.632929 0.6874663 0.6298541 0.7019864 0.6295509 0.7023827 0.6318709 0.70311 0.6241419 0.7086089 0.6303047 0.68731 0.6298541 0.7019864 0.6295509 0.7023827 0.6303741 0.680033 0.6303047 0.68731 0.6300969 0.6725024 0.2000565 0.5228508 0.3576161 0.7549666 0.1324503 0.6026488 0.3576161 0.7549666 0.4768212 0.6013169 0.6241419 0.7086089 0.1655628 0.5099338 0.1655628 0.5095428 0.179143 0.5165563 0.179143 0.5165563 0.1834629 0.521392 0.152318 0.5562914 0.152318 0.5562914 0.2000565 0.5228508 0.1324503 0.6026488 0.6295509 0.7023827 0.6241419 0.7086089 0.4768212 0.6013169 0.9801325 0.9801325 0.9735099 0.9735099 0.9668874 0.9801326 0.9801325 0.9801325 0.9668874 0.9801326 0.986755 0.9801325 0.7600001 0.8587543 0.754967 0.8741721 0.754967 0.8602622 0.754967 0.8741721 0.7483446 0.8738247 0.752171 0.8702608 0.754967 0.8602622 0.754967 0.8741721 0.7543181 0.8609271 0.752171 0.8702608 0.753902 0.8675495 0.754967 0.8741721 0.4554574 0.5858492 0.4503313 0.5883763 0.455601 0.585524 0.4503313 0.5883763 0.4503313 0.5827813 0.455601 0.585524 0.303499 0.05357587 0.2980132 0.05363941 0.30366 0.05298012 0.2980132 0.05363941 0.2972761 0.05298012 0.297661 0.05298012 0.297661 0.05298012 0.30366 0.05298012 0.2980132 0.05363941 0.30366 0.05298012 0.3107416 0.05668634 0.303499 0.05357587 0.5302869 0.6117773 0.5304033 0.6092714 0.536424 0.6092714 0.30366 0.05298012 0.3178808 0.04635757 0.3112582 0.05611753 0.3178808 0.04635757 0.3178808 0.05960255 0.3112582 0.05611753 0.3178808 0.05960255 0.3106653 0.05960255 0.3112582 0.05611753 0.2901175 0.5065954 0.2900782 0.5068906 0.2847682 0.5088856 0.602649 0.5569796 0.602649 0.5624161 0.6014604 0.559748 0.4179843 0.5717343 0.4178925 0.5720077 0.4172185 0.5695363 0.6754965 0.5562914 0.6887416 0.5562914 0.6808071 0.5708294 0.6808071 0.5708294 0.6807168 0.5711466 0.6754965 0.5562914 0.6807168 0.5711466 0.6490066 0.5633935 0.6622515 0.5496688 0.6754965 0.5562914 0.6622515 0.5496688 0.668874 0.5496688 0.2119206 0.3178808 0.2179135 0.3178808 0.217103 0.3245033 0.9668874 0.9933775 0.9668874 1 0.9602649 0.9933775 0.4011694 0.5203416 0.3973511 0.5231788 0.3973511 0.5172786 0.3245034 0.1059603 0.3178808 0.1059603 0.3245034 0.09933775 0.2575361 0.1258278 0.2582781 0.1250877 0.2615184 0.1227362 0.2615184 0.1227362 0.2639433 0.1192052 0.2649007 0.118233 0.2582781 0.1324503 0.251309 0.1324503 0.256157 0.1284139 0.256157 0.1284139 0.2575361 0.1258278 0.2615184 0.1227362 0.2615184 0.1227362 0.2649007 0.118233 0.2582781 0.1324503 0.7907104 0.7203637 0.7929477 0.7152314 0.7910269 0.7202711 0.2110745 0.4926667 0.2108859 0.4928213 0.209176 0.4942377 0.7476089 0.8741721 0.7443279 0.8748748 0.7440995 0.8747299 0.5496692 0.5548358 0.4768213 0.5423518 0.4768213 0.5384615 0.4653519 0.5360065 0.4662049 0.5316933 0.4687869 0.5259021 0.5496692 0.5548358 0.4768213 0.5384615 0.5496692 0.5502569 0.4768213 0.5384615 0.4653519 0.5360065 0.4687869 0.5259021 0.5496692 0.5502569 0.4768213 0.5384615 0.5430464 0.5033112 0.5622534 0.5503807 0.5562914 0.5503212 0.5496692 0.5502569 0.4687869 0.5259021 0.4834438 0.5033112 0.4768213 0.5384615 0.4768213 0.5384615 0.4834438 0.5033112 0.5430464 0.5033112 0.4834438 0.5033112 0.4768212 0.5033112 0.4900662 0.4900662 0.4768212 0.5033112 0.4635763 0.4966887 0.4701987 0.4900662 0.4370861 0.5099338 0.4404351 0.5106176 0.4238411 0.5165563 0.4635763 0.4966887 0.4370861 0.5099338 0.4701987 0.4900662 0.4370861 0.5099338 0.4238411 0.5165563 0.4172186 0.5165563 0.4172186 0.5165563 0.4172186 0.5170811 0.4039735 0.5169182 0.4370861 0.5099338 0.4172186 0.5165563 0.4039735 0.5165563 0.4370861 0.5099338 0.4039735 0.5165563 0.4701987 0.4900662 0.4172186 0.5165563 0.4039735 0.5169182 0.4039735 0.5165563 0.5622534 0.5503807 0.5496692 0.5502569 0.5430464 0.5033112 0.5629138 0.5503998 0.5622534 0.5503807 0.5761591 0.550419 0.4039735 0.5165563 0.2671874 0.498252 0.2582782 0.4569536 0.2582782 0.4569536 0.2671874 0.498252 0.2516556 0.4635761 0.2671874 0.498252 0.2649006 0.4981126 0.2516556 0.4635761 0.2649006 0.4981126 0.2582782 0.4976288 0.2516556 0.4635761 0.2582782 0.4976288 0.2582782 0.5033112 0.2516556 0.4974386 0.2582782 0.5033112 0.2516556 0.5165563 0.2507818 0.5005191 0.2516556 0.5165563 0.2261459 0.5028434 0.231788 0.5029034 0.2384105 0.5033112 0.2427388 0.5005111 0.245033 0.5033112 0.2516556 0.5165563 0.231788 0.5029034 0.2384105 0.5033112 0.2516556 0.5165563 0.2384105 0.5033112 0.245033 0.5033112 0.2516556 0.5165563 0.245033 0.5033112 0.2507818 0.5005191 0.2582782 0.5033112 0.2507818 0.5005191 0.2516556 0.4974386 0.2582782 0.4976288 0.2516556 0.4974386 0.2516556 0.4635761 0.2511491 0.4974347 0.245033 0.49744 0.2251656 0.4900662 0.245033 0.49744 0.2384105 0.4974377 0.2251656 0.4900662 0.2516556 0.4974386 0.2511491 0.4974347 0.2516556 0.4635761 0.2516556 0.4635761 0.2511491 0.4974347 0.2251656 0.4900662 0.2582782 0.4569536 0.4701987 0.4900662 0.4039735 0.5165563 0.4900662 0.4900662 0.5430464 0.5033112 0.4834438 0.5033112 0.5430464 0.5033112 0.668874 0.5430463 0.6020665 0.5569636 0.5430464 0.5033112 0.6020665 0.5569636 0.5952785 0.5562914 0.4701987 0.4900662 0.4900662 0.4900662 0.4768212 0.5033112 0.668874 0.5430463 0.6622515 0.5496688 0.6020665 0.5569636 0.5786977 0.5506222 0.5430464 0.5033112 0.589404 0.5514258 0.6622515 0.5496688 0.6490066 0.5633935 0.602649 0.5569796 0.6622515 0.5496688 0.602649 0.5569796 0.6020665 0.5569636 0.5430464 0.5033112 0.5786977 0.5506222 0.5622534 0.5503807 0.6020665 0.5569636 0.5960264 0.5569142 0.5952785 0.5562914 0.5960264 0.5569142 0.5960264 0.5617697 0.5952785 0.5562914 0.5940056 0.5562914 0.589404 0.5562914 0.589404 0.5514258 0.5952785 0.5562914 0.5940056 0.5562914 0.589404 0.5514258 0.589404 0.5514258 0.5827814 0.5509285 0.5786977 0.5506222 0.5761591 0.550419 0.5761591 0.5562914 0.5629138 0.5503998 0.5761591 0.5562914 0.5629139 0.5562914 0.5629138 0.5503998 0.5952785 0.5562914 0.589404 0.5514258 0.5430464 0.5033112 0.4768213 0.5384615 0.4701987 0.5403342 0.4653519 0.5360065 0.4701987 0.5403342 0.4635764 0.5364238 0.4649573 0.5364238 0.4635764 0.5364238 0.4646558 0.5240795 0.4649573 0.5364238 0.2090488 0.517674 0.2090973 0.5173512 0.2119204 0.5175327</float_array>
          <technique_common>
            <accessor source="#Plane_002-mesh-map-0-array" count="8910" stride="2">
              <param name="S" type="float"/>
              <param name="T" type="float"/>
            </accessor>
          </technique_common>
        </source>
        <vertices id="Plane_002-mesh-vertices">
          <input semantic="POSITION" source="#Plane_002-mesh-positions"/>
        </vertices>
        <lines count="4">
          <input semantic="VERTEX" source="#Plane_002-mesh-vertices" offset="0"/>
          <p>1072 721 1096 1097 1263 1264 1296 1297</p>
        </lines>
        <triangles material="Material_002-material" count="2970">
          <input semantic="VERTEX" source="#Plane_002-mesh-vertices" offset="0"/>
          <input semantic="NORMAL" source="#Plane_002-mesh-normals" offset="1"/>
          <input semantic="TEXCOORD" source="#Plane_002-mesh-map-0" offset="2" set="0"/>
          <p>408 0 0 11 1 1 12 2 2 412 3 3 10 4 4 11 1 5 415 5 6 9 6 7 10 4 8 419 7 9 8 8 10 9 6 11 423 9 12 7 10 13 8 8 14 684 11 15 133 12 16 1058 13 17 621 14 18 343 15 19 801 16 20 1531 17 21 1530 18 22 618 19 23 904 20 24 1033 21 25 1032 22 26 412 3 27 408 0 28 411 23 29 740 24 30 65 25 31 843 26 32 458 27 33 533 28 34 887 29 35 211 30 36 194 31 37 193 32 38 500 33 39 1517 34 40 1516 35 41 793 36 42 873 37 43 872 38 44 1038 39 45 892 40 46 69 41 47 791 42 48 726 43 49 52 44 50 421 45 51 417 46 52 416 47 53 502 48 54 1016 49 55 501 50 56 1302 51 57 435 52 58 888 53 59 814 54 60 1130 55 61 1129 56 62 489 57 63 1080 58 64 1079 59 65 1347 60 66 50 61 67 1348 62 68 1290 63 69 934 64 70 38 65 71 1542 66 72 1548 67 73 1545 68 74 1426 69 75 673 70 76 1425 71 77 678 72 78 1409 73 79 368 74 80 409 75 81 15 76 82 16 77 83 800 78 84 1531 17 85 620 79 86 815 80 87 1538 81 88 1539 82 89 1173 83 90 623 84 91 1172 85 92 997 86 93 504 87 94 996 88 95 503 89 96 1400 90 97 1401 91 98 418 92 99 414 93 100 413 94 101 238 95 102 1125 96 103 1069 97 104 1274 98 105 1273 99 106 769 100 107 322 101 108 321 102 109 320 103 110 1367 104 111 686 105 112 569 106 113 1370 107 114 1369 108 115 602 109 116 684 11 117 1058 13 118 617 110 119 1375 111 120 1376 112 121 938 113 122 1549 114 123 341 115 124 1547 116 125 1087 117 126 970 118 127 36 119 128 1178 120 129 1179 121 130 703 122 131 848 123 132 1420 124 133 1421 125 134 1391 126 135 727 127 136 647 128 137 954 129 138 955 130 139 743 131 140 399 132 141 959 133 142 960 134 143 372 135 144 1295 136 145 865 137 146 1324 138 147 812 139 148 565 140 149 887 29 150 244 141 151 772 142 152 1245 143 153 710 144 154 365 145 155 1287 146 156 1286 147 157 475 148 158 360 149 159 668 150 160 361 151 161 1291 152 162 333 153 163 1547 116 164 1372 154 165 1371 155 166 602 109 167 714 156 168 674 157 169 355 158 170 1449 159 171 1448 160 172 697 161 173 341 115 174 577 162 175 777 163 176 342 164 177 1529 165 178 800 78 179 1215 166 180 339 167 181 340 168 182 392 169 183 1423 170 184 547 171 185 1499 172 186 788 173 187 397 174 188 576 175 189 552 176 190 575 177 191 330 178 192 334 179 193 331 180 194 51 181 195 50 61 196 1368 182 197 633 183 198 370 184 199 592 185 200 1476 186 201 656 187 202 1477 188 203 530 189 204 539 190 205 529 191 206 755 192 207 1451 193 208 1452 194 209 628 195 210 1151 196 211 1150 197 212 775 198 213 711 199 214 1225 200 215 829 201 216 582 202 217 1334 203 218 1290 63 219 447 204 220 1289 205 221 933 206 222 937 207 223 1146 208 224 1517 34 225 522 209 226 1516 35 227 458 27 228 887 29 229 1495 210 230 224 211 231 208 212 232 207 213 233 478 214 234 477 215 235 947 216 236 929 217 237 514 218 238 258 219 239 1205 220 240 437 221 241 464 222 242 1540 223 243 834 224 244 399 132 245 1156 225 246 1155 226 247 922 227 248 1543 228 249 1548 67 250 1542 66 251 274 229 252 1339 230 253 805 231 254 1132 232 255 298 233 256 1131 234 257 858 235 258 993 236 259 889 237 260 1120 238 261 1110 239 262 1109 240 263 559 241 264 1144 242 265 1143 243 266 1334 203 267 1336 244 268 1335 245 269 1333 246 270 647 128 271 1332 247 272 37 248 273 773 249 274 1235 250 275 1295 136 276 845 251 277 373 252 278 289 253 279 930 254 280 889 237 281 952 255 282 951 256 283 900 257 284 1005 258 285 1004 259 286 641 260 287 1052 261 288 1051 262 289 716 263 290 231 264 291 232 265 292 228 266 293 1083 267 294 705 268 295 1082 269 296 1020 270 297 626 271 298 1022 272 299 284 273 300 1119 274 301 794 275 302 147 276 303 138 277 304 137 278 305 750 279 306 257 280 307 1254 281 308 1036 282 309 1035 283 310 659 284 311 555 285 312 1341 286 313 1342 287 314 279 288 315 278 289 316 277 290 317 31 291 318 780 292 319 1123 293 320 423 9 321 419 7 322 418 92 323 778 294 324 1512 295 325 342 164 326 1287 146 327 359 296 328 595 297 329 270 298 330 1109 240 331 509 299 332 271 300 333 265 301 334 264 302 335 272 303 336 266 304 337 265 301 338 949 305 339 822 306 340 821 307 341 574 308 342 1310 309 343 378 310 344 781 311 345 248 312 346 1153 313 347 50 61 348 707 314 349 1368 182 350 1222 315 351 925 316 352 1221 317 353 795 318 354 1244 319 355 1243 320 356 1126 321 357 719 322 358 252 323 359 244 141 360 731 324 361 1165 325 362 1282 326 363 1281 327 364 476 328 365 516 329 366 1353 330 367 515 331 368 218 332 369 229 333 370 219 334 371 241 335 372 1437 336 373 692 337 374 1447 338 375 486 339 376 350 340 377 123 341 378 132 342 379 1265 343 380 240 344 381 860 345 382 239 346 383 29 347 384 39 348 385 33 349 386 711 199 387 1227 350 388 1226 351 389 231 264 390 228 266 391 227 352 392 228 266 393 232 265 394 229 333 395 1029 353 396 941 354 397 942 355 398 5 356 399 222 357 400 205 358 401 205 358 402 223 359 403 206 360 404 206 360 405 224 211 406 207 213 407 226 361 408 210 362 409 209 363 410 1512 295 411 575 177 412 1511 364 413 4 365 414 205 358 415 188 366 416 208 212 417 191 367 418 190 368 419 209 363 420 192 369 421 191 367 422 210 362 423 193 32 424 192 369 425 898 370 426 1519 371 427 1520 372 428 212 373 429 195 374 430 194 31 431 213 375 432 196 376 433 195 374 434 1303 377 435 915 378 436 1544 379 437 198 380 438 217 381 439 199 382 440 217 381 441 200 383 442 199 382 443 201 384 444 220 385 445 202 386 446 640 387 447 174 388 448 835 389 449 204 390 450 1298 391 451 681 392 452 157 393 453 146 394 454 156 395 455 176 396 456 189 397 457 177 398 458 189 397 459 178 399 460 177 398 461 190 368 462 179 400 463 178 399 464 191 367 465 180 401 466 179 400 467 192 369 468 181 402 469 180 401 470 1237 403 471 512 404 472 895 405 473 701 406 474 803 407 475 700 408 476 831 409 477 1377 410 478 830 411 479 2 412 480 175 413 481 168 414 482 175 413 483 169 415 484 168 414 485 176 396 486 170 416 487 169 415 488 454 417 489 942 355 490 1041 418 491 182 419 492 171 420 493 161 421 494 172 422 495 186 423 496 173 424 497 670 425 498 1030 426 499 597 427 500 2 412 501 159 428 502 1 429 503 168 414 504 160 430 505 159 428 506 102 431 507 1209 432 508 1210 433 509 171 420 510 162 434 511 161 421 512 1242 435 513 1240 436 514 274 229 515 1106 437 516 762 438 517 131 439 518 245 440 519 732 441 520 1104 442 521 162 434 522 152 443 523 151 444 524 163 445 525 153 446 526 152 443 527 156 395 528 165 447 529 157 393 530 337 448 531 1449 159 532 697 161 533 154 449 534 144 450 535 143 451 536 155 452 537 145 453 538 144 450 539 156 395 540 146 394 541 145 453 542 147 276 543 158 454 544 148 455 545 134 456 546 1020 270 547 700 408 548 519 457 549 859 458 550 135 459 551 146 394 552 137 278 553 136 460 554 139 461 555 1012 462 556 616 463 557 464 222 558 437 221 559 132 342 560 399 132 561 826 464 562 1540 223 563 1214 465 564 1272 466 565 388 467 566 977 468 567 676 469 568 657 470 569 1345 471 570 1346 472 571 605 473 572 188 366 573 176 396 574 175 413 575 126 474 576 113 475 577 112 476 578 128 477 579 118 478 580 117 479 581 344 480 582 334 179 583 1545 68 584 1429 481 585 1428 482 586 694 483 587 119 484 588 108 485 589 107 486 590 1203 487 591 874 488 592 1202 489 593 236 490 594 233 491 595 235 492 596 93 493 597 100 494 598 94 495 599 90 496 600 1374 497 601 601 498 602 81 499 603 1219 500 604 662 501 605 53 502 606 492 503 607 517 504 608 88 505 609 84 506 610 83 507 611 632 508 612 1293 509 613 1294 510 614 1251 511 615 96 512 616 434 513 617 881 514 618 1513 515 619 1514 516 620 1532 517 621 1533 518 622 567 519 623 1181 520 624 430 521 625 1180 522 626 522 209 627 1527 523 628 1526 524 629 1063 525 630 1062 526 631 756 527 632 419 7 633 415 5 634 414 93 635 619 528 636 955 130 637 620 79 638 945 529 639 878 530 640 944 531 641 52 44 642 899 532 643 948 533 644 453 534 645 1061 535 646 454 417 647 474 536 648 998 537 649 64 538 650 1049 539 651 1048 540 652 462 541 653 1095 542 654 489 57 655 1094 543 656 1116 544 657 295 545 658 852 546 659 28 547 660 1174 548 661 894 549 662 649 550 663 667 551 664 650 552 665 1202 489 666 792 553 667 1203 487 668 908 554 669 1445 555 670 909 556 671 167 557 672 1466 558 673 898 370 674 337 448 675 431 559 676 457 560 677 150 561 678 530 189 679 1524 562 680 1472 563 681 1471 564 682 483 565 683 398 566 684 1539 82 685 1540 223 686 665 567 687 738 568 688 737 569 689 227 352 690 216 570 691 215 571 692 536 572 693 1268 573 694 319 574 695 1092 575 696 560 576 697 559 241 698 878 530 699 943 577 700 944 531 701 944 531 702 943 577 703 945 529 704 255 578 705 947 216 706 946 579 707 852 546 708 1159 580 709 1158 581 710 951 256 711 952 255 712 953 582 713 507 583 714 778 294 715 342 164 716 743 131 717 955 130 718 742 584 719 103 585 720 748 586 721 98 587 722 966 588 723 967 589 724 965 590 725 969 591 726 857 592 727 968 593 728 969 591 729 968 593 730 580 594 731 972 595 732 971 596 733 590 597 734 972 595 735 973 598 736 971 596 737 975 599 738 676 469 739 976 600 740 976 600 741 977 468 742 807 601 743 98 587 744 977 468 745 657 470 746 980 602 747 451 603 748 140 604 749 979 605 750 980 602 751 978 606 752 985 607 753 984 608 754 612 609 755 985 607 756 986 610 757 984 608 758 988 611 759 987 612 760 526 613 761 770 614 762 987 612 763 988 611 764 835 389 765 1466 558 766 1465 615 767 1443 616 768 1441 617 769 563 618 770 991 619 771 990 620 772 992 621 773 287 622 774 993 236 775 858 235 776 504 87 777 306 623 778 443 624 779 485 625 780 997 86 781 996 88 782 1306 626 783 429 627 784 327 628 785 667 551 786 649 550 787 1342 287 788 589 629 789 1322 630 790 565 140 791 478 214 792 250 631 793 557 632 794 928 633 795 1261 634 796 927 635 797 477 215 798 249 636 799 253 637 800 1002 638 801 691 639 802 1001 640 803 1003 641 804 1004 259 805 1005 258 806 644 642 807 880 643 808 840 644 809 1291 152 810 825 645 811 333 153 812 1324 138 813 589 629 814 363 646 815 671 647 816 945 529 817 943 577 818 1010 648 819 1011 649 820 1009 650 821 616 463 822 133 12 823 139 461 824 616 463 825 1012 462 826 1013 651 827 214 652 828 196 376 829 213 375 830 157 393 831 158 454 832 147 276 833 744 653 834 1019 654 835 745 655 836 700 408 837 1022 272 838 701 406 839 950 656 840 739 657 841 79 658 842 1022 272 843 1021 659 844 1020 270 845 1473 660 846 510 661 847 1110 239 848 1036 282 849 659 284 850 281 662 851 1024 663 852 1025 664 853 1023 665 854 314 666 855 312 667 856 313 668 857 1028 669 858 1027 670 859 941 354 860 1029 353 861 1026 671 862 914 672 863 554 673 864 1403 674 865 352 675 866 111 676 867 999 677 868 675 678 869 1011 649 870 299 679 871 856 680 872 1034 681 873 1035 283 874 1036 282 875 497 682 876 520 683 877 1057 684 878 479 685 879 1039 686 880 237 687 881 237 687 882 1039 686 883 720 688 884 677 689 885 270 298 886 278 289 887 557 632 888 250 631 889 247 690 890 1043 691 891 762 438 892 761 692 893 1045 693 894 804 694 895 762 438 896 1044 695 897 1043 691 898 803 407 899 339 167 900 338 696 901 352 675 902 1047 697 903 1048 540 904 1049 539 905 219 334 906 220 385 907 201 384 908 1050 698 909 1051 262 910 1052 261 911 1120 238 912 272 303 913 271 300 914 648 699 915 1391 126 916 647 128 917 1056 700 918 1055 701 919 498 702 920 1056 700 921 1057 684 922 1055 701 923 454 417 924 1061 535 925 470 703 926 1124 704 927 1484 705 928 677 689 929 1320 706 930 429 627 931 428 707 932 39 348 933 40 708 934 33 349 935 906 709 936 1062 526 937 907 710 938 907 710 939 1063 525 940 1064 711 941 355 158 942 674 157 943 356 712 944 607 713 945 491 714 946 1417 715 947 1068 716 948 1067 717 949 1066 718 950 820 719 951 1071 720 952 819 721 953 1070 722 954 1069 97 955 810 723 956 1070 722 957 1071 720 958 1069 97 959 1085 724 960 1084 725 961 827 726 962 1085 724 963 1086 727 964 1084 725 965 134 456 966 803 407 967 1043 691 968 872 38 969 1299 728 970 888 53 971 1090 729 972 1089 730 973 1088 731 974 1093 732 975 479 685 976 237 687 977 1095 542 978 1094 543 979 506 733 980 1099 734 981 1100 735 982 786 736 983 683 737 984 1098 738 985 1099 734 986 81 499 987 1172 85 988 1219 500 989 429 627 990 1321 739 991 327 628 992 1102 740 993 300 741 994 862 742 995 862 743 996 1101 744 997 1102 745 998 316 746 999 1357 747 1000 847 748 1001 791 42 1002 956 749 1003 790 750 1004 1112 751 1005 1113 752 1006 1111 753 1007 926 754 1008 243 755 1009 236 490 1010 839 756 1011 880 643 1012 538 757 1013 896 758 1014 466 759 1015 329 760 1016 269 761 1017 270 298 1018 583 762 1019 794 275 1020 1119 274 1021 1118 763 1022 552 176 1023 340 168 1024 1476 186 1025 1057 684 1026 498 702 1027 497 682 1028 719 322 1029 1126 321 1030 1127 764 1031 1338 765 1032 465 766 1033 328 767 1034 1130 55 1035 813 768 1036 832 769 1037 1129 56 1038 1130 55 1039 1128 770 1040 641 260 1041 1052 261 1042 287 622 1043 669 771 1044 802 772 1045 1137 773 1046 1137 773 1047 1136 774 1048 780 292 1049 1136 774 1050 1137 773 1051 1135 775 1052 884 776 1053 1175 777 1054 1176 778 1055 584 779 1056 579 780 1057 578 781 1058 1142 782 1059 1141 783 1060 833 784 1061 1141 783 1062 1142 782 1063 1140 785 1064 285 786 1065 1052 261 1066 716 263 1067 239 346 1068 1039 686 1069 240 344 1070 1389 787 1071 672 788 1072 866 789 1073 53 502 1074 517 504 1075 56 790 1076 793 36 1077 1145 791 1078 122 792 1079 122 792 1080 1145 791 1081 553 793 1082 933 206 1083 1146 208 1084 1147 794 1085 1147 794 1086 1146 208 1087 1148 795 1088 283 796 1089 495 797 1090 992 621 1091 510 661 1092 1109 240 1093 1110 239 1094 1155 226 1095 1156 225 1096 1154 798 1097 255 578 1098 1359 799 1099 1361 800 1100 410 801 1101 411 23 1102 408 0 1103 1160 802 1104 135 459 1105 1161 803 1106 765 804 1107 518 805 1108 1161 803 1109 141 806 1110 1162 807 1111 496 808 1112 854 809 1113 1166 810 1114 1167 811 1115 530 189 1116 1523 812 1117 1524 562 1118 1100 735 1119 1098 738 1120 32 813 1121 1173 83 1122 645 814 1123 624 815 1124 916 816 1125 330 178 1126 331 180 1127 1307 817 1128 585 818 1129 86 819 1130 1176 778 1131 1175 777 1132 1174 548 1133 1192 820 1134 733 821 1135 1193 822 1136 744 653 1137 746 823 1138 856 680 1139 1013 651 1140 535 824 1141 149 825 1142 1180 522 1143 430 521 1144 431 559 1145 431 559 1146 1181 520 1147 1180 522 1148 1159 580 1149 912 826 1150 1158 581 1151 1186 827 1152 440 828 1153 593 829 1154 1186 827 1155 1185 830 1156 439 831 1157 424 832 1158 413 94 1159 410 801 1160 1188 833 1161 1187 834 1162 464 222 1163 464 222 1164 1187 834 1165 463 835 1166 532 836 1167 348 837 1168 1340 838 1169 1189 839 1170 1190 840 1171 135 459 1172 135 841 1173 1190 842 1174 441 843 1175 22 844 1176 6 845 1177 427 846 1178 389 847 1179 335 848 1180 366 849 1181 1192 820 1182 1193 822 1183 1191 850 1184 1194 851 1185 1195 852 1186 1196 853 1187 586 854 1188 585 818 1189 1307 817 1190 1199 855 1191 1198 856 1192 1197 857 1193 204 390 1194 187 858 1195 640 387 1196 457 560 1197 1200 859 1198 456 860 1199 430 521 1200 697 161 1201 698 861 1202 105 862 1203 104 863 1204 115 864 1205 869 865 1206 1163 866 1207 1164 867 1208 1116 544 1209 852 546 1210 771 868 1211 612 609 1212 984 608 1213 986 610 1214 579 780 1215 1204 869 1216 578 781 1217 437 221 1218 1205 220 1219 438 870 1220 1149 871 1221 367 872 1222 749 873 1223 1209 432 1224 538 757 1225 880 643 1226 209 363 1227 208 212 1228 225 874 1229 1208 875 1230 538 757 1231 1209 432 1232 422 876 1233 418 92 1234 417 46 1235 1212 877 1236 1213 878 1237 1211 879 1238 1217 880 1239 1216 881 1240 824 882 1241 825 645 1242 1549 114 1243 333 153 1244 384 883 1245 687 884 1246 377 885 1247 1226 351 1248 1227 350 1249 1225 200 1250 1230 886 1251 689 887 1252 1229 888 1253 876 889 1254 1232 890 1255 1233 891 1256 1233 891 1257 1232 890 1258 1231 892 1259 326 893 1260 1306 626 1261 327 628 1262 1236 894 1263 845 251 1264 372 135 1265 422 876 1266 425 895 1267 423 9 1268 511 896 1269 1238 897 1270 303 898 1271 586 854 1272 1309 899 1273 91 900 1274 1246 901 1275 663 902 1276 1247 903 1277 130 904 1278 553 793 1279 1145 791 1280 789 905 1281 661 906 1282 388 467 1283 494 907 1284 493 908 1285 1248 909 1286 854 809 1287 1222 315 1288 1221 317 1289 750 279 1290 1254 281 1291 1255 910 1292 1258 911 1293 927 635 1294 1262 912 1295 1260 913 1296 1261 634 1297 928 633 1298 1261 634 1299 1260 913 1300 1259 914 1301 495 797 1302 283 796 1303 1262 912 1304 1262 912 1305 283 796 1306 1258 911 1307 1267 915 1308 132 342 1309 1266 916 1310 911 917 1311 124 918 1312 1265 343 1313 124 918 1314 123 341 1315 1265 343 1316 438 870 1317 910 919 1318 911 917 1319 1215 166 1320 457 560 1321 456 860 1322 1274 98 1323 789 905 1324 388 467 1325 823 920 1326 1275 921 1327 332 922 1328 1318 923 1329 588 924 1330 1317 925 1331 935 926 1332 1280 927 1333 320 103 1334 1279 928 1335 1278 929 1336 505 930 1337 1279 928 1338 1280 927 1339 1278 929 1340 1281 327 1341 1282 326 1342 1283 931 1343 1121 932 1344 1182 933 1345 1183 934 1346 1290 63 1347 634 935 1348 446 936 1349 326 893 1350 325 937 1351 1292 938 1352 481 939 1353 1016 49 1354 1015 940 1355 184 941 1356 183 942 1357 202 386 1358 67 943 1359 1534 944 1360 736 945 1361 924 946 1362 493 908 1363 86 819 1364 379 947 1365 376 948 1366 1421 125 1367 1091 949 1368 712 950 1369 670 425 1370 1300 951 1371 1301 952 1372 1302 51 1373 1304 953 1374 428 707 1375 429 627 1376 774 954 1377 878 530 1378 1011 649 1379 1309 899 1380 890 955 1381 91 900 1382 494 907 1383 1307 817 1384 493 908 1385 1025 664 1386 893 956 1387 305 957 1388 1314 958 1389 1313 959 1390 751 960 1391 588 924 1392 1316 961 1393 1317 925 1394 1317 925 1395 1316 961 1396 1318 923 1397 1431 962 1398 929 217 1399 258 219 1400 128 477 1401 129 963 1402 118 478 1403 1325 964 1404 1326 965 1405 1327 966 1406 1499 172 1407 397 174 1408 396 967 1409 650 552 1410 667 551 1411 668 150 1412 1364 968 1413 586 854 1414 91 900 1415 291 969 1416 1330 970 1417 1333 246 1418 828 971 1419 1334 203 1420 1335 245 1421 465 766 1422 1338 765 1423 466 759 1424 466 759 1425 1337 972 1426 329 760 1427 329 760 1428 1337 972 1429 1542 66 1430 188 366 1431 205 358 1432 206 360 1433 861 973 1434 246 974 1435 248 312 1436 808 975 1437 875 976 1438 282 977 1439 1345 471 1440 1344 978 1441 606 979 1442 15 76 1443 409 75 1444 402 980 1445 735 981 1446 841 982 1447 1475 983 1448 885 984 1449 1501 985 1450 452 986 1451 607 713 1452 1351 987 1453 1352 988 1454 938 113 1455 450 989 1456 1375 111 1457 1353 330 1458 1354 990 1459 608 991 1460 1350 992 1461 1355 993 1462 516 329 1463 1357 747 1464 1358 994 1465 1356 995 1466 718 996 1467 717 997 1468 922 227 1469 1363 998 1470 1364 968 1471 1362 999 1472 602 109 1473 1369 108 1474 603 1000 1475 1372 154 1476 550 1001 1477 1371 155 1478 1485 1002 1479 74 1003 1480 73 1004 1481 601 498 1482 1374 497 1483 1373 1005 1484 1328 1006 1485 760 1007 1486 292 1008 1487 1375 111 1488 450 989 1489 380 1009 1490 897 1010 1491 328 767 1492 1394 1011 1493 1379 1012 1494 754 1013 1495 905 1014 1496 1379 1012 1497 1380 1015 1498 753 1016 1499 753 1016 1500 1381 1017 1501 1378 1018 1502 1382 1019 1503 1383 1020 1504 1384 1021 1505 841 982 1506 1537 1022 1507 842 1023 1508 763 1024 1509 1386 1025 1510 1387 1026 1511 1386 1025 1512 1385 1027 1513 678 72 1514 1390 1028 1515 1389 787 1516 883 1029 1517 1309 899 1518 494 907 1519 97 1030 1520 466 759 1521 896 758 1522 1393 1031 1523 29 347 1524 40 708 1525 30 1032 1526 1405 1033 1527 1404 1034 1528 868 1035 1529 874 488 1530 1252 1036 1531 1251 511 1532 1409 73 1533 1408 1037 1534 704 1038 1535 811 1039 1536 798 1040 1537 103 585 1538 605 473 1539 785 1041 1540 110 1042 1541 92 1043 1542 496 808 1543 606 979 1544 917 1044 1545 918 1045 1546 1410 1046 1547 1410 1046 1548 918 1045 1549 919 1047 1550 917 1044 1551 896 758 1552 916 816 1553 1413 1048 1554 1412 1049 1555 768 1050 1556 61 1051 1557 462 541 1558 56 790 1559 1415 1052 1560 1416 1053 1561 187 858 1562 1418 1054 1563 78 1055 1564 1419 1056 1565 491 714 1566 1418 1054 1567 1417 715 1568 1420 124 1569 685 1057 1570 379 947 1571 1194 851 1572 560 576 1573 1054 1058 1574 1422 1059 1575 292 1008 1576 759 1060 1577 1425 71 1578 384 883 1579 1426 69 1580 1426 69 1581 638 1061 1582 637 1062 1583 713 1063 1584 1508 1064 1585 1507 1065 1586 1430 1066 1587 797 1067 1588 1429 481 1589 917 1044 1590 1432 1068 1591 918 1045 1592 695 1069 1593 1541 1070 1594 799 1071 1595 242 1072 1596 692 337 1597 1437 336 1598 1438 1073 1599 723 1074 1600 734 1075 1601 1439 1076 1602 1440 1077 1603 724 1078 1604 1241 1079 1605 1240 436 1606 1242 435 1607 1442 1080 1608 48 1081 1609 902 1082 1610 1441 617 1611 1442 1080 1612 902 1082 1613 1444 1083 1614 390 1084 1615 1445 555 1616 549 1085 1617 550 1001 1618 532 836 1619 698 861 1620 351 1086 1621 338 696 1622 178 399 1623 179 400 1624 170 416 1625 1453 1087 1626 1452 194 1627 784 1088 1628 536 572 1629 904 20 1630 317 1089 1631 1456 1090 1632 1457 1091 1633 51 181 1634 436 1092 1635 710 144 1636 1245 143 1637 1458 1093 1638 604 1094 1639 366 849 1640 1460 1095 1641 1461 1096 1642 1459 1097 1643 960 134 1644 851 1098 1645 400 1099 1646 1113 1100 1647 699 1101 1648 297 1102 1649 1491 1103 1650 1490 1104 1651 779 1105 1652 680 1106 1653 1468 1107 1654 1467 1108 1655 546 1109 1656 566 1110 1657 590 597 1658 1471 564 1659 1470 1111 1660 483 565 1661 1471 564 1662 1472 563 1663 1470 1111 1664 836 1112 1665 709 1113 1666 1402 1114 1667 1475 983 1668 920 1115 1669 735 981 1670 1166 810 1671 1168 1116 1672 1167 811 1673 1478 1117 1674 1479 1118 1675 932 1119 1676 1479 1118 1677 1478 1117 1678 931 1120 1679 760 1007 1680 837 1121 1681 290 1122 1682 838 1123 1683 1199 855 1684 1197 857 1685 68 1124 1686 69 41 1687 58 1125 1688 742 584 1689 714 156 1690 743 131 1691 1488 1126 1692 651 1127 1693 1487 1128 1694 1487 1128 1695 1486 1129 1696 738 568 1697 738 568 1698 1485 1002 1699 737 569 1700 577 162 1701 341 115 1702 340 168 1703 297 1102 1704 461 1130 1705 1031 1131 1706 940 1132 1707 693 1133 1708 1491 1103 1709 692 337 1710 940 1132 1711 241 335 1712 1489 1134 1713 1490 1104 1714 1491 1103 1715 288 1135 1716 953 582 1717 900 257 1718 1196 853 1719 1195 852 1720 548 1136 1721 452 986 1722 1501 985 1723 167 557 1724 545 1137 1725 1502 1138 1726 36 119 1727 468 1139 1728 1396 1140 1729 450 989 1730 451 603 1731 979 605 1732 540 1141 1733 1508 1064 1734 674 157 1735 1507 1065 1736 1401 91 1737 525 1142 1738 391 1143 1739 1509 1144 1740 1510 1145 1741 652 1146 1742 777 163 1743 576 175 1744 778 294 1745 1511 364 1746 575 177 1747 574 308 1748 1293 509 1749 632 508 1750 105 862 1751 557 632 1752 643 1147 1753 556 1148 1754 1519 371 1755 1518 1149 1756 1520 372 1757 458 27 1758 963 1150 1759 962 1151 1760 73 1004 1761 72 1152 1762 737 569 1763 1510 1145 1764 1509 1144 1765 702 1153 1766 529 191 1767 471 1154 1768 1523 812 1769 472 1155 1770 1521 1156 1771 1524 562 1772 1521 1156 1773 150 561 1774 1524 562 1775 551 1157 1776 353 1158 1777 575 177 1778 1527 523 1779 1528 1159 1780 543 1160 1781 1337 972 1782 1338 765 1783 455 1161 1784 581 1162 1785 599 1163 1786 600 1164 1787 1533 518 1788 1532 517 1789 568 1165 1790 1535 1166 1791 736 945 1792 1536 1167 1793 842 1023 1794 1537 1022 1795 843 26 1796 1537 1022 1797 1534 944 1798 843 26 1799 454 417 1800 1040 1168 1801 453 534 1802 216 570 1803 228 266 1804 217 381 1805 1138 1169 1806 722 1170 1807 1484 705 1808 1341 286 1809 361 151 1810 668 150 1811 1531 17 1812 619 528 1813 620 79 1814 619 528 1815 741 1171 1816 742 584 1817 1547 116 1818 777 163 1819 1544 379 1820 1544 379 1821 507 583 1822 1546 1172 1823 776 1173 1824 27 1174 1825 26 1175 1826 405 1176 1827 13 1177 1828 14 1178 1829 408 0 1830 12 2 1831 13 1177 1832 717 997 1833 1199 855 1834 43 1179 1835 891 1180 1836 61 1051 1837 60 1181 1838 515 331 1839 1352 988 1840 1351 987 1841 882 1182 1842 1018 1183 1843 1017 1184 1844 941 354 1845 1041 418 1846 942 355 1847 826 464 1848 398 566 1849 1540 223 1850 503 89 1851 1399 1185 1852 1400 90 1853 696 1186 1854 391 1143 1855 1424 1187 1856 1392 1188 1857 727 127 1858 1391 126 1859 866 789 1860 1388 1189 1861 1389 787 1862 6 845 1863 7 10 1864 425 895 1865 687 884 1866 384 883 1867 1395 1190 1868 97 1030 1869 1248 909 1870 924 946 1871 615 1191 1872 352 675 1873 1403 674 1874 769 100 1875 789 905 1876 1274 98 1877 1273 99 1878 1272 466 1879 769 100 1880 569 106 1881 1365 1192 1882 1366 1193 1883 810 723 1884 1125 96 1885 304 1194 1886 715 1195 1887 379 947 1888 1376 112 1889 379 947 1890 938 113 1891 1376 112 1892 380 1009 1893 450 989 1894 1396 1140 1895 239 346 1896 860 345 1897 1054 1058 1898 376 948 1899 848 123 1900 1421 125 1901 848 123 1902 685 1057 1903 1420 124 1904 1481 1196 1905 90 496 1906 573 1197 1907 369 1198 1908 368 74 1909 1409 73 1910 678 72 1911 1407 1199 1912 1408 1037 1913 565 140 1914 1322 630 1915 1323 1200 1916 1323 1200 1917 1324 138 1918 565 140 1919 1548 67 1920 343 15 1921 344 480 1922 469 1201 1923 1061 535 1924 1060 1202 1925 360 149 1926 650 552 1927 668 150 1928 544 1203 1929 1527 523 1930 543 1160 1931 349 1204 1932 348 837 1933 550 1001 1934 602 109 1935 349 1204 1936 1372 154 1937 1371 155 1938 1370 107 1939 602 109 1940 350 340 1941 360 149 1942 361 151 1943 714 156 1944 1507 1065 1945 674 157 1946 337 448 1947 488 1205 1948 1450 1206 1949 823 920 1950 332 922 1951 1218 1207 1952 457 560 1953 1216 881 1954 1217 880 1955 333 153 1956 1549 114 1957 1547 116 1958 1305 1208 1959 326 893 1960 915 378 1961 331 180 1962 334 179 1963 335 848 1964 488 1205 1965 602 109 1966 487 1209 1967 887 29 1968 1496 1210 1969 1495 210 1970 37 248 1971 1235 250 1972 1234 1211 1973 584 779 1974 1474 1212 1975 263 1213 1976 322 101 1977 919 1047 1978 432 1214 1979 919 1047 1980 918 1045 1981 1432 1068 1982 0 1215 1983 72 1152 1984 73 1004 1985 783 1216 1986 321 102 1987 1453 1087 1988 321 102 1989 755 192 1990 1452 194 1991 1453 1087 1992 321 102 1993 1452 194 1994 354 1217 1995 713 1063 1996 741 1171 1997 382 1218 1998 367 872 1999 336 1219 2000 1418 1054 2001 658 1220 2002 1417 715 2003 963 1150 2004 533 28 2005 962 1151 2006 1334 203 2007 828 971 2008 829 201 2009 207 213 2010 190 368 2011 189 397 2012 895 405 2013 301 1221 2014 1237 403 2015 1133 1222 2016 298 233 2017 1132 232 2018 298 233 2019 730 1223 2020 1131 234 2021 858 235 2022 288 1135 2023 1005 258 2024 882 1182 2025 1038 39 2026 68 1124 2027 839 756 2028 1107 1224 2029 840 644 2030 289 253 2031 290 1122 2032 930 254 2033 953 582 2034 952 255 2035 900 257 2036 1004 259 2037 1003 641 2038 641 260 2039 520 683 2040 1068 716 2041 1066 718 2042 978 606 2043 626 271 2044 625 1225 2045 1051 262 2046 1050 698 2047 716 263 2048 1007 1226 2049 1049 539 2050 891 1180 2051 832 769 2052 849 1227 2053 1142 782 2054 102 431 2055 460 1228 2056 538 757 2057 1542 66 2058 455 1161 2059 1543 228 2060 277 290 2061 278 289 2062 276 1229 2063 270 298 2064 677 689 2065 1109 240 2066 457 560 2067 1218 1207 2068 332 922 2069 271 300 2070 272 303 2071 265 301 2072 774 954 2073 1009 650 2074 855 1230 2075 85 1231 2076 95 1232 2077 108 485 2078 264 302 2079 265 301 2080 260 1233 2081 1383 1020 2082 1382 1019 2083 877 1234 2084 681 392 2085 639 1235 2086 1415 1052 2087 256 1236 2088 257 280 2089 1312 1237 2090 1285 1238 2091 475 148 2092 1286 147 2093 384 883 2094 638 1061 2095 1426 69 2096 414 93 2097 411 23 2098 413 94 2099 1179 121 2100 1178 120 2101 630 1239 2102 1490 1104 2103 1489 1134 2104 779 1105 2105 694 483 2106 747 1240 2107 748 586 2108 317 1089 2109 314 666 2110 313 668 2111 1195 852 2112 1194 851 2113 548 1136 2114 205 358 2115 222 357 2116 223 359 2117 206 360 2118 223 359 2119 224 211 2120 225 874 2121 226 361 2122 209 363 2123 228 266 2124 229 333 2125 218 332 2126 4 365 2127 5 356 2128 205 358 2129 209 363 2130 210 362 2131 192 369 2132 210 362 2133 211 30 2134 193 32 2135 212 373 2136 213 375 2137 195 374 2138 214 652 2139 215 571 2140 197 1241 2141 197 1241 2142 215 571 2143 216 570 2144 757 1242 2145 906 709 2146 93 493 2147 189 397 2148 190 368 2149 178 399 2150 190 368 2151 191 367 2152 179 400 2153 191 367 2154 192 369 2155 180 401 2156 192 369 2157 193 32 2158 181 402 2159 974 1243 2160 149 825 2161 535 824 2162 200 383 2163 201 384 2164 182 419 2165 566 1110 2166 972 595 2167 590 597 2168 2 412 2169 3 1244 2170 175 413 2171 175 413 2172 176 396 2173 169 415 2174 176 396 2175 177 398 2176 170 416 2177 172 422 2178 185 1245 2179 186 423 2180 2 412 2181 168 414 2182 159 428 2183 168 414 2184 169 415 2185 160 430 2186 161 421 2187 162 434 2188 151 444 2189 162 434 2190 163 445 2191 152 443 2192 156 395 2193 164 1246 2194 165 447 2195 1461 1096 2196 1460 1095 2197 467 1247 2198 153 446 2199 154 449 2200 143 451 2201 155 452 2202 156 395 2203 145 453 2204 651 1127 2205 1509 1144 2206 652 1146 2207 145 453 2208 146 394 2209 136 460 2210 146 394 2211 147 276 2212 137 278 2213 230 1248 2214 1298 391 2215 537 1249 2216 71 1250 2217 59 1251 2218 757 1242 2219 125 1252 2220 137 278 2221 138 277 2222 308 1253 2223 988 611 2224 989 1254 2225 307 1255 2226 795 318 2227 1284 1256 2228 605 473 2229 110 1042 2230 1345 471 2231 110 1042 2232 867 1257 2233 1345 471 2234 867 1257 2235 1344 978 2236 1345 471 2237 125 1252 2238 126 474 2239 112 476 2240 127 1258 2241 117 479 2242 116 1259 2243 103 585 2244 798 1040 2245 1430 1066 2246 114 1260 2247 115 864 2248 104 863 2249 117 479 2250 118 478 2251 106 1261 2252 1301 952 2253 1300 951 2254 435 52 2255 903 1262 2256 92 1043 2257 1002 638 2258 1002 638 2259 1001 640 2260 903 1262 2261 93 493 2262 99 1263 2263 100 494 2264 992 621 2265 990 620 2266 1034 681 2267 353 1158 2268 555 285 2269 1342 287 2270 759 1060 2271 290 1122 2272 1422 1059 2273 88 505 2274 89 1264 2275 84 506 2276 1294 510 2277 76 1265 2278 632 508 2279 542 1266 2280 911 917 2281 910 919 2282 1514 516 2283 77 1267 2284 881 514 2285 756 527 2286 70 1268 2287 1064 711 2288 1064 711 2289 1063 525 2290 756 527 2291 1148 795 2292 933 206 2293 1147 794 2294 67 943 2295 66 1269 2296 1534 944 2297 919 1047 2298 322 101 2299 897 1010 2300 1048 540 2301 1047 697 2302 462 541 2303 771 868 2304 1117 1270 2305 1116 544 2306 487 1209 2307 602 109 2308 603 1000 2309 1000 1271 2310 903 1262 2311 1001 640 2312 738 568 2313 87 1272 2314 80 1273 2315 417 46 2316 413 94 2317 416 47 2318 103 585 2319 1429 481 2320 694 483 2321 1280 927 2322 505 930 2323 320 103 2324 1325 964 2325 513 1274 2326 1326 965 2327 683 737 2328 32 813 2329 1098 738 2330 163 445 2331 184 941 2332 172 422 2333 21 1275 2334 427 846 2335 426 1276 2336 658 1220 2337 920 1115 2338 1475 983 2339 426 1276 2340 20 1277 2341 21 1275 2342 477 215 2343 433 1278 2344 946 579 2345 947 216 2346 477 215 2347 946 579 2348 515 331 2349 96 512 2350 516 329 2351 946 579 2352 433 1278 2353 255 578 2354 837 1121 2355 951 256 2356 953 582 2357 954 129 2358 621 14 2359 620 79 2360 959 133 2361 958 1279 2362 851 1098 2363 961 1280 2364 458 27 2365 962 1151 2366 459 1281 2367 964 1282 2368 963 1150 2369 961 1280 2370 962 1151 2371 533 28 2372 963 1150 2373 964 1282 2374 534 1283 2375 965 590 2376 445 1284 2377 966 588 2378 55 1285 2379 857 592 2380 969 591 2381 580 594 2382 55 1285 2383 969 591 2384 612 609 2385 971 596 2386 973 598 2387 1224 1286 2388 56 790 2389 462 541 2390 675 678 2391 676 469 2392 975 599 2393 676 469 2394 977 468 2395 976 600 2396 98 587 2397 807 601 2398 977 468 2399 807 601 2400 675 678 2401 975 599 2402 976 600 2403 807 601 2404 975 599 2405 140 604 2406 626 271 2407 980 602 2408 150 561 2409 451 603 2410 540 1141 2411 979 605 2412 978 606 2413 540 1141 2414 982 1287 2415 981 1288 2416 613 1289 2417 274 229 2418 267 1290 2419 695 1069 2420 612 609 2421 611 1291 2422 985 607 2423 526 613 2424 527 1292 2425 989 1254 2426 989 1254 2427 988 611 2428 526 613 2429 989 1254 2430 527 1292 2431 308 1253 2432 992 621 2433 495 797 2434 991 619 2435 809 1293 2436 482 1294 2437 994 1295 2438 485 625 2439 484 1296 2440 997 86 2441 996 88 2442 995 1297 2443 485 625 2444 995 1297 2445 996 88 2446 504 87 2447 477 215 2448 478 214 2449 557 632 2450 92 1043 2451 691 639 2452 1002 638 2453 691 639 2454 1000 1271 2455 1001 640 2456 856 680 2457 299 679 2458 744 653 2459 1010 648 2460 1009 650 2461 774 954 2462 1014 1298 2463 481 939 2464 1015 940 2465 46 1299 2466 562 1300 2467 1016 49 2468 1016 49 2469 562 1300 2470 501 50 2471 502 48 2472 1014 1298 2473 1015 940 2474 746 823 2475 745 655 2476 1019 654 2477 700 408 2478 1020 270 2479 1021 659 2480 700 408 2481 1021 659 2482 1022 272 2483 1024 663 2484 1023 665 2485 893 956 2486 571 1301 2487 1333 246 2488 1332 247 2489 942 355 2490 1026 671 2491 1029 353 2492 973 598 2493 972 595 2494 970 118 2495 913 1302 2496 1027 670 2497 1028 669 2498 201 384 2499 202 386 2500 183 942 2501 1032 22 2502 871 1303 2503 904 20 2504 315 1304 2505 871 1303 2506 1032 22 2507 1032 22 2508 1033 21 2509 315 1304 2510 642 1305 2511 903 1262 2512 999 677 2513 1365 1192 2514 938 113 2515 374 1306 2516 51 181 2517 570 1307 2518 1455 1308 2519 247 690 2520 643 1147 2521 557 632 2522 131 439 2523 762 438 2524 804 694 2525 762 438 2526 1043 691 2527 1044 695 2528 1045 693 2529 762 438 2530 1044 695 2531 803 407 2532 804 694 2533 1045 693 2534 1045 693 2535 1044 695 2536 803 407 2537 525 1142 2538 1424 1187 2539 391 1143 2540 616 463 2541 617 110 2542 1058 13 2543 269 761 2544 277 290 2545 276 1229 2546 273 1309 2547 272 303 2548 610 1310 2549 1060 1202 2550 1059 1311 2551 469 1201 2552 453 534 2553 1059 1311 2554 1060 1202 2555 907 710 2556 1062 526 2557 1063 525 2558 1064 711 2559 70 1268 2560 907 710 2561 541 1312 2562 1066 718 2563 1067 717 2564 708 1313 2565 194 31 2566 195 374 2567 820 719 2568 1069 97 2569 1071 720 2570 1230 886 2571 523 1314 2572 310 1315 2573 142 1316 2574 463 835 2575 859 458 2576 1220 1317 2577 925 316 2578 442 1318 2579 953 582 2580 288 1135 2581 930 254 2582 750 279 2583 1255 910 2584 751 960 2585 1079 59 2586 1078 1319 2587 489 57 2588 470 703 2589 469 1201 2590 1080 58 2591 469 1201 2592 1078 1319 2593 1080 58 2594 1078 1319 2595 1079 59 2596 1080 58 2597 1081 1320 2598 635 1321 2599 1082 269 2600 1081 1320 2601 1082 269 2602 705 268 2603 888 53 2604 1350 992 2605 109 1322 2606 598 1323 2607 342 164 2608 1512 295 2609 558 1324 2610 1088 731 2611 1089 730 2612 913 1302 2613 1029 353 2614 914 672 2615 1091 949 2616 120 1325 2617 712 950 2618 1093 732 2619 1092 575 2620 479 685 2621 506 733 2622 401 1326 2623 1095 542 2624 489 57 2625 506 733 2626 1094 543 2627 216 570 2628 198 380 2629 197 1241 2630 786 736 2631 787 1327 2632 1099 734 2633 48 1081 2634 49 1328 2635 1517 34 2636 862 743 2637 863 1329 2638 1101 744 2639 1101 744 2640 863 1329 2641 1102 745 2642 1103 1330 2643 643 1147 2644 1104 442 2645 245 440 2646 247 690 2647 251 1331 2648 1104 442 2649 643 1147 2650 1105 1332 2651 1103 1330 2652 1104 442 2653 732 441 2654 1104 442 2655 1105 1332 2656 245 440 2657 1106 437 2658 761 692 2659 762 438 2660 1112 751 2661 1111 753 2662 699 1333 2663 818 1334 2664 1359 799 2665 1312 1237 2666 318 1335 2667 315 1304 2668 1033 21 2669 1118 763 2670 1119 274 2671 716 263 2672 1245 143 2673 372 135 2674 865 137 2675 832 769 2676 833 784 2677 1128 770 2678 1128 770 2679 1130 55 2680 832 769 2681 1129 56 2682 1128 770 2683 814 54 2684 706 1336 2685 1133 1222 2686 1132 232 2687 1131 234 2688 730 1223 2689 729 1337 2690 1023 665 2691 995 1297 2692 504 87 2693 31 291 2694 669 771 2695 1137 773 2696 1136 774 2697 1135 775 2698 780 292 2699 780 292 2700 1135 775 2701 1134 1338 2702 584 779 2703 263 1213 2704 579 780 2705 849 1227 2706 850 1339 2707 1142 782 2708 833 784 2709 832 769 2710 1142 782 2711 1141 783 2712 1140 785 2713 833 784 2714 559 241 2715 1143 243 2716 537 1249 2717 537 1249 2718 1143 243 2719 1144 242 2720 408 0 2721 405 1176 2722 404 1340 2723 1292 938 2724 915 378 2725 326 893 2726 1481 1196 2727 79 658 2728 739 657 2729 1155 226 2730 1154 798 2731 922 227 2732 234 1341 2733 1144 242 2734 560 576 2735 1157 1342 2736 852 546 2737 1158 581 2738 295 545 2739 572 1343 2740 1159 580 2741 1157 1342 2742 1158 581 2743 912 826 2744 1159 580 2745 572 1343 2746 293 1344 2747 519 457 2748 135 459 2749 1160 802 2750 135 459 2751 1162 807 2752 1161 803 2753 518 805 2754 519 457 2755 1160 802 2756 1161 803 2757 1162 807 2758 765 804 2759 1162 807 2760 141 806 2761 765 804 2762 518 805 2763 1160 802 2764 1161 803 2765 518 805 2766 765 804 2767 766 1345 2768 690 1346 2769 1119 274 2770 284 273 2771 245 440 2772 646 1347 2773 1168 1116 2774 1435 1348 2775 1349 1349 2776 195 374 2777 1168 1116 2778 646 1347 2779 243 755 2780 1169 1350 2781 772 142 2782 939 1351 2783 221 1352 2784 772 142 2785 1169 1350 2786 1546 1172 2787 507 583 2788 801 16 2789 1511 364 2790 598 1323 2791 1512 295 2792 1448 160 2793 1447 338 2794 697 161 2795 41 1353 2796 711 199 2797 775 198 2798 81 499 2799 645 814 2800 1173 83 2801 547 171 2802 1423 170 2803 525 1142 2804 884 776 2805 1174 548 2806 1175 777 2807 630 1239 2808 703 122 2809 987 612 2810 924 946 2811 538 757 2812 460 1228 2813 124 918 2814 911 917 2815 542 1266 2816 1132 232 2817 729 1337 2818 706 1336 2819 1183 934 2820 1182 933 2821 817 1354 2822 593 829 2823 1184 1355 2824 1185 830 2825 1186 827 2826 593 829 2827 1185 830 2828 439 831 2829 440 828 2830 1186 827 2831 1185 830 2832 1184 1355 2833 439 831 2834 464 222 2835 132 342 2836 1189 839 2837 132 342 2838 1190 840 2839 1189 839 2840 1189 839 2841 1188 833 2842 464 222 2843 135 459 2844 859 458 2845 1189 839 2846 859 458 2847 1187 834 2848 1188 833 2849 1189 839 2850 859 458 2851 1188 833 2852 1192 820 2853 1191 850 2854 531 1356 2855 717 997 2856 1197 857 2857 1198 856 2858 339 167 2859 456 860 2860 1200 859 2861 1201 1357 2862 792 553 2863 1202 489 2864 1201 1357 2865 1202 489 2866 874 488 2867 654 1358 2868 578 781 2869 1204 869 2870 404 1340 2871 420 1359 2872 19 1360 2873 1210 433 2874 1209 432 2875 880 643 2876 102 431 2877 538 757 2878 1208 875 2879 1212 877 2880 1211 879 2881 660 1361 2882 824 882 2883 823 920 2884 1218 1207 2885 1218 1207 2886 1217 880 2887 824 882 2888 824 882 2889 1216 881 2890 1215 166 2891 825 645 2892 1215 166 2893 1549 114 2894 1220 1317 2895 854 809 2896 1221 317 2897 1220 1317 2898 1221 317 2899 925 316 2900 497 682 2901 796 1362 2902 346 1363 2903 1226 351 2904 1225 200 2905 711 199 2906 688 1364 2907 689 887 2908 1230 886 2909 689 887 2910 1228 1365 2911 1229 888 2912 310 1315 2913 688 1364 2914 1230 886 2915 1229 888 2916 1228 1365 2917 523 1314 2918 773 249 2919 1234 1211 2920 1235 250 2921 1467 1108 2922 664 1366 2923 570 1307 2924 901 1367 2925 1236 894 2926 372 135 2927 35 1368 2928 524 1369 2929 1483 1370 2930 511 896 2931 1237 403 2932 1238 897 2933 1239 1371 2934 596 1372 2935 587 1373 2936 81 499 2937 662 501 2938 1246 901 2939 1246 901 2940 1247 903 2941 81 499 2942 268 1374 2943 262 1375 2944 259 1376 2945 751 960 2946 1255 910 2947 1254 281 2948 391 1143 2949 390 1084 2950 1401 91 2951 114 1260 2952 126 474 2953 138 277 2954 1265 343 2955 132 342 2956 1267 915 2957 132 342 2958 437 221 2959 1266 916 2960 1265 343 2961 1267 915 2962 911 917 2963 1267 915 2964 1266 916 2965 438 870 2966 911 917 2967 1267 915 2968 438 870 2969 1266 916 2970 437 221 2971 438 870 2972 1530 18 2973 1529 165 2974 354 1217 2975 536 572 2976 816 1377 2977 1268 573 2978 758 1378 2979 54 1379 2980 1269 1380 2981 1270 1381 2982 758 1378 2983 1269 1380 2984 1310 309 2985 360 149 2986 365 145 2987 1272 466 2988 1273 99 2989 388 467 2990 1273 99 2991 1274 98 2992 388 467 2993 1275 921 2994 823 920 2995 824 882 2996 447 204 2997 1288 1382 2998 1289 205 2999 38 65 3000 634 935 3001 1290 63 3002 1289 205 3003 1288 1382 3004 934 64 3005 1305 1208 3006 1304 953 3007 429 627 3008 1304 953 3009 1303 377 3010 428 707 3011 1251 511 3012 434 513 3013 874 488 3014 586 854 3015 1307 817 3016 1308 1383 3017 97 1030 3018 890 955 3019 1309 899 3020 1308 1383 3021 1307 817 3022 494 907 3023 499 1384 3024 1095 542 3025 401 1326 3026 751 960 3027 1315 1385 3028 1314 958 3029 1313 959 3030 1314 958 3031 1315 1385 3032 782 1386 3033 57 1387 3034 1318 1388 3035 754 1013 3036 753 1016 3037 1319 1389 3038 817 1354 3039 1270 1381 3040 1183 934 3041 1323 1200 3042 1322 630 3043 589 629 3044 1102 1390 3045 300 1391 3046 444 1392 3047 1331 1393 3048 571 1301 3049 1332 247 3050 1331 1393 3051 1332 247 3052 647 128 3053 1333 246 3054 1330 970 3055 648 699 3056 828 971 3057 1335 245 3058 1336 244 3059 606 979 3060 605 473 3061 1346 472 3062 1346 472 3063 1345 471 3064 606 979 3065 606 979 3066 1344 978 3067 1343 1394 3068 1343 1394 3069 1344 978 3070 867 1257 3071 516 329 3072 1355 993 3073 1354 990 3074 1354 990 3075 1355 993 3076 608 991 3077 608 991 3078 607 713 3079 1353 330 3080 607 713 3081 1352 988 3082 1353 330 3083 1200 859 3084 338 696 3085 339 167 3086 1357 747 3087 1356 995 3088 847 748 3089 1359 799 3090 818 1334 3091 1360 1395 3092 1360 1395 3093 818 1334 3094 1361 800 3095 1359 799 3096 1360 1395 3097 1361 800 3098 87 1272 3099 665 567 3100 1364 968 3101 1363 998 3102 1362 999 3103 586 854 3104 540 1141 3105 978 606 3106 539 190 3107 383 1396 3108 686 105 3109 1367 104 3110 1366 1193 3111 1365 1192 3112 594 1397 3113 383 1396 3114 1367 104 3115 594 1397 3116 350 340 3117 603 1000 3118 360 149 3119 349 1204 3120 550 1001 3121 1372 154 3122 550 1001 3123 1370 107 3124 1371 155 3125 513 1274 3126 601 498 3127 1373 1005 3128 380 1009 3129 715 1195 3130 1376 112 3131 380 1009 3132 1376 112 3133 1375 111 3134 40 708 3135 44 1398 3136 600 1164 3137 1378 1018 3138 1381 1017 3139 905 1014 3140 905 1014 3141 1381 1017 3142 1380 1015 3143 1379 1012 3144 905 1014 3145 1380 1015 3146 753 1016 3147 754 1013 3148 1379 1012 3149 1380 1015 3150 1381 1017 3151 753 1016 3152 763 1024 3153 1385 1027 3154 1386 1025 3155 1387 1026 3156 764 1399 3157 763 1024 3158 368 74 3159 764 1399 3160 678 72 3161 764 1399 3162 1387 1026 3163 678 72 3164 1387 1026 3165 1386 1025 3166 678 72 3167 1389 787 3168 1388 1189 3169 883 1029 3170 386 1400 3171 1390 1028 3172 883 1029 3173 896 758 3174 897 1010 3175 1393 1031 3176 424 832 3177 425 895 3178 421 45 3179 897 1010 3180 1394 1011 3181 1393 1031 3182 465 766 3183 466 759 3184 1393 1031 3185 328 767 3186 465 766 3187 1394 1011 3188 465 766 3189 1393 1031 3190 1394 1011 3191 687 884 3192 1395 1190 3193 752 1401 3194 381 1402 3195 1396 1140 3196 468 1139 3197 1400 90 3198 1399 1185 3199 525 1142 3200 549 1085 3201 532 836 3202 360 149 3203 615 1191 3204 1403 674 3205 555 285 3206 868 1035 3207 1406 1403 3208 1405 1033 3209 1404 1034 3210 749 873 3211 868 1035 3212 704 1038 3213 369 1198 3214 1409 73 3215 1408 1037 3216 1407 1199 3217 704 1038 3218 797 1067 3219 798 1040 3220 811 1039 3221 785 1041 3222 605 473 3223 606 979 3224 896 758 3225 917 1044 3226 1410 1046 3227 1412 1049 3228 1411 1404 3229 768 1050 3230 385 1405 3231 752 1401 3232 1412 1049 3233 752 1401 3234 1411 1404 3235 1412 1049 3236 1412 1049 3237 1413 1048 3238 385 1405 3239 381 1402 3240 380 1009 3241 1396 1140 3242 1416 1053 3243 640 387 3244 187 858 3245 1295 136 3246 373 252 3247 865 137 3248 78 1055 3249 658 1220 3250 1419 1056 3251 491 714 3252 78 1055 3253 1418 1054 3254 1421 125 3255 1420 124 3256 379 947 3257 392 169 3258 696 1186 3259 1424 1187 3260 673 70 3261 384 883 3262 1425 71 3263 694 483 3264 1428 482 3265 1427 1406 3266 1427 1406 3267 1428 482 3268 797 1067 3269 798 1040 3270 797 1067 3271 1430 1066 3272 797 1067 3273 1428 482 3274 1429 481 3275 734 1075 3276 375 1407 3277 1439 1076 3278 375 1407 3279 1440 1077 3280 1439 1076 3281 1439 1076 3282 1438 1073 3283 734 1075 3284 724 1078 3285 723 1074 3286 1438 1073 3287 1438 1073 3288 1439 1076 3289 724 1078 3290 1442 1080 3291 1443 616 3292 48 1081 3293 1441 617 3294 902 1082 3295 563 618 3296 655 1408 3297 390 1084 3298 1444 1083 3299 390 1084 3300 1446 1409 3301 1445 555 3302 908 554 3303 655 1408 3304 1444 1083 3305 1445 555 3306 1446 1409 3307 909 556 3308 487 1209 3309 1448 160 3310 1449 159 3311 784 1088 3312 783 1216 3313 1453 1087 3314 1452 194 3315 1451 193 3316 784 1088 3317 664 1366 3318 1457 1091 3319 1456 1090 3320 570 1307 3321 1456 1090 3322 1455 1308 3323 1455 1308 3324 1456 1090 3325 51 181 3326 1458 1093 3327 366 849 3328 362 1410 3329 1460 1095 3330 1459 1097 3331 467 1247 3332 261 1411 3333 267 1290 3334 1384 1021 3335 1462 1412 3336 592 185 3337 393 1413 3338 592 185 3339 1462 1412 3340 591 1414 3341 1402 1114 3342 1464 1415 3343 1463 1416 3344 680 1106 3345 1469 1417 3346 1468 1107 3347 1467 1108 3348 679 1418 3349 680 1106 3350 1119 274 3351 285 786 3352 716 263 3353 836 1112 3354 1402 1114 3355 614 1419 3356 1031 1131 3357 461 1130 3358 699 1101 3359 836 1112 3360 708 1313 3361 709 1113 3362 1476 186 3363 1477 188 3364 552 176 3365 932 1119 3366 931 1120 3367 1478 1117 3368 524 1369 3369 1482 1420 3370 1483 1370 3371 1495 210 3372 459 1281 3373 458 27 3374 290 1122 3375 759 1060 3376 760 1007 3377 635 1321 3378 1083 267 3379 1082 269 3380 677 689 3381 1484 705 3382 610 1310 3383 610 1310 3384 1484 705 3385 722 1170 3386 80 1273 3387 651 1127 3388 1488 1126 3389 651 1127 3390 1486 1129 3391 1487 1128 3392 738 568 3393 80 1273 3394 1488 1126 3395 1488 1126 3396 1487 1128 3397 738 568 3398 738 568 3399 1486 1129 3400 1485 1002 3401 552 176 3402 551 1157 3403 575 177 3404 693 1133 3405 1489 1134 3406 1491 1103 3407 1127 764 3408 252 323 3409 508 1421 3410 1074 1422 3411 309 1423 3412 314 666 3413 1498 1424 3414 1497 1425 3415 788 173 3416 886 1426 3417 36 119 3418 1502 1138 3419 394 1427 3420 1506 1428 3421 1505 1429 3422 1505 1429 3423 1506 1428 3424 633 183 3425 69 41 3426 907 710 3427 70 1268 3428 777 163 3429 577 162 3430 576 175 3431 1321 739 3432 328 767 3433 327 628 3434 415 5 3435 412 3 3436 411 23 3437 1515 1430 3438 500 33 3439 1516 35 3440 1515 1430 3441 1516 35 3442 522 209 3443 898 370 3444 1518 1149 3445 1519 371 3446 1168 1116 3447 854 809 3448 1167 811 3449 472 1155 3450 1524 562 3451 1523 812 3452 1522 1431 3453 530 189 3454 529 191 3455 472 1155 3456 1523 812 3457 471 1154 3458 1523 812 3459 1522 1431 3460 529 191 3461 218 332 3462 217 381 3463 228 266 3464 1343 1394 3465 111 676 3466 1427 1406 3467 1367 104 3468 1366 1193 3469 594 1397 3470 1535 1166 3471 1537 1022 3472 735 981 3473 544 1203 3474 1525 1432 3475 1526 524 3476 49 1328 3477 1528 1159 3478 1527 523 3479 1526 524 3480 1525 1432 3481 522 209 3482 487 1209 3483 1450 1206 3484 488 1205 3485 1531 17 3486 800 78 3487 1529 165 3488 568 1165 3489 567 519 3490 1533 518 3491 1157 1342 3492 912 826 3493 1331 1393 3494 1534 944 3495 1537 1022 3496 736 945 3497 735 981 3498 736 945 3499 1535 1166 3500 736 945 3501 1537 1022 3502 1536 1167 3503 983 1433 3504 981 1288 3505 982 1287 3506 1539 82 3507 1538 81 3508 834 224 3509 864 1434 3510 1017 1184 3511 1018 1183 3512 722 1170 3513 1138 1169 3514 1541 1070 3515 1007 1226 3516 821 307 3517 822 306 3518 1341 286 3519 554 673 3520 361 151 3521 1531 17 3522 618 19 3523 619 528 3524 619 528 3525 618 19 3526 741 1171 3527 743 131 3528 714 156 3529 355 158 3530 1542 66 3531 1337 972 3532 455 1161 3533 340 168 3534 1549 114 3535 1215 166 3536 1547 116 3537 341 115 3538 777 163 3539 1544 379 3540 777 163 3541 507 583 3542 340 168 3543 352 675 3544 656 187 3545 130 904 3546 133 12 3547 684 11 3548 133 12 3549 616 463 3550 1058 13 3551 621 14 3552 954 129 3553 343 15 3554 1531 17 3555 1529 165 3556 1530 18 3557 904 20 3558 318 1335 3559 1033 21 3560 412 3 3561 11 1 3562 408 0 3563 65 25 3564 842 1023 3565 843 26 3566 843 26 3567 1534 944 3568 66 1269 3569 66 1269 3570 740 24 3571 843 26 3572 458 27 3573 961 1280 3574 533 28 3575 211 30 3576 212 373 3577 194 31 3578 500 33 3579 48 1081 3580 1517 34 3581 122 792 3582 873 37 3583 793 36 3584 873 37 3585 1299 728 3586 872 38 3587 1038 39 3588 1037 1435 3589 892 40 3590 562 1300 3591 46 1299 3592 543 1160 3593 562 1300 3594 543 1160 3595 1528 1159 3596 445 1436 3597 502 48 3598 501 50 3599 562 1300 3600 1528 1159 3601 49 1328 3602 966 588 3603 445 1284 3604 967 589 3605 445 1436 3606 501 50 3607 967 1437 3608 994 1295 3609 482 1294 3610 967 1437 3611 936 1438 3612 809 1439 3613 1053 1440 3614 809 1293 3615 994 1295 3616 1053 1441 3617 1087 117 3618 937 207 3619 1053 1441 3620 994 1295 3621 967 1437 3622 501 50 3623 1053 1441 3624 994 1295 3625 1087 117 3626 994 1295 3627 501 50 3628 62 1442 3629 970 118 3630 1087 117 3631 62 1442 3632 1087 117 3633 994 1295 3634 62 1442 3635 986 610 3636 985 607 3637 611 1291 3638 590 597 3639 986 610 3640 611 1291 3641 501 50 3642 562 1300 3643 62 1442 3644 546 1109 3645 590 597 3646 23 1443 3647 590 597 3648 611 1291 3649 23 1443 3650 546 1109 3651 23 1443 3652 1482 1420 3653 562 1300 3654 49 1328 3655 62 1442 3656 49 1328 3657 48 1081 3658 1443 616 3659 62 1442 3660 49 1328 3661 1443 616 3662 1443 616 3663 563 618 3664 622 1444 3665 1443 616 3666 622 1444 3667 57 1387 3668 62 1442 3669 1443 616 3670 57 1387 3671 622 1444 3672 588 1445 3673 57 1387 3674 57 1387 3675 782 1386 3676 631 1446 3677 1213 878 3678 1212 877 3679 660 1361 3680 57 1387 3681 631 1446 3682 1213 878 3683 57 1387 3684 1213 878 3685 62 1442 3686 1213 878 3687 660 1361 3688 62 1442 3689 62 1442 3690 63 1447 3691 58 1125 3692 62 1442 3693 58 1125 3694 970 118 3695 58 1125 3696 54 1379 3697 970 118 3698 970 118 3699 54 1379 3700 1348 62 3701 611 1291 3702 970 118 3703 1348 62 3704 1502 1138 3705 545 1137 3706 546 1109 3707 54 1379 3708 758 1378 3709 1347 60 3710 611 1291 3711 1348 62 3712 50 61 3713 886 1426 3714 1502 1138 3715 546 1109 3716 35 1368 3717 886 1426 3718 524 1369 3719 886 1426 3720 546 1109 3721 524 1369 3722 1482 1420 3723 524 1369 3724 546 1109 3725 1470 1111 3726 1482 1420 3727 23 1443 3728 1459 1097 3729 1461 1096 3730 483 565 3731 448 1448 3732 467 1247 3733 23 1443 3734 467 1247 3735 1459 1097 3736 23 1443 3737 754 1013 3738 34 1449 3739 905 1014 3740 34 1449 3741 448 1448 3742 905 1014 3743 1459 1097 3744 483 565 3745 1470 1111 3746 905 1014 3747 448 1448 3748 1378 1018 3749 1378 1018 3750 448 1448 3751 23 1443 3752 1459 1097 3753 1470 1111 3754 23 1443 3755 446 936 3756 1319 1389 3757 753 1016 3758 446 936 3759 753 1016 3760 447 204 3761 753 1016 3762 1378 1018 3763 447 204 3764 1288 1382 3765 447 204 3766 1378 1018 3767 449 1450 3768 38 65 3769 933 206 3770 38 65 3771 934 64 3772 933 206 3773 80 1273 3774 1077 1451 3775 776 1173 3776 1077 1451 3777 933 206 3778 25 1452 3779 80 1273 3780 776 1173 3781 702 1153 3782 1509 1144 3783 651 1127 3784 80 1273 3785 702 1153 3786 1509 1144 3787 80 1273 3788 933 206 3789 934 64 3790 25 1452 3791 934 64 3792 1288 1382 3793 25 1452 3794 776 1173 3795 1077 1451 3796 27 1174 3797 25 1452 3798 27 1174 3799 1077 1451 3800 1134 1338 3801 23 1443 3802 1108 1453 3803 23 1443 3804 25 1452 3805 1288 1382 3806 1108 1453 3807 23 1443 3808 611 1291 3809 1122 1454 3810 780 292 3811 1134 1338 3812 1108 1453 3813 1123 293 3814 1122 1454 3815 1108 1453 3816 1122 1454 3817 1134 1338 3818 1288 1382 3819 1378 1018 3820 23 1443 3821 31 291 3822 1108 1453 3823 1469 1417 3824 1108 1453 3825 611 1291 3826 1457 1091 3827 1348 62 3828 54 1379 3829 1347 60 3830 758 1378 3831 1270 1381 3832 817 1354 3833 683 737 3834 802 772 3835 32 813 3836 802 772 3837 669 771 3838 32 813 3839 669 771 3840 31 291 3841 680 1106 3842 611 1291 3843 50 61 3844 1457 1091 3845 817 1354 3846 1182 933 3847 757 1242 3848 1182 933 3849 1121 932 3850 757 1242 3851 1121 932 3852 70 1268 3853 756 527 3854 756 527 3855 1062 526 3856 757 1242 3857 1121 932 3858 756 527 3859 757 1242 3860 757 1242 3861 59 1251 3862 817 1354 3863 59 1251 3864 1347 60 3865 758 1378 3866 59 1251 3867 758 1378 3868 817 1354 3869 1100 735 3870 32 813 3871 669 771 3872 1100 735 3873 669 771 3874 680 1106 3875 814 54 3876 787 1327 3877 786 736 3878 786 736 3879 1100 735 3880 813 768 3881 1108 1453 3882 1457 1091 3883 1469 1417 3884 813 768 3885 814 54 3886 786 736 3887 849 1227 3888 832 769 3889 791 42 3890 832 769 3891 813 768 3892 957 1455 3893 1164 867 3894 850 1339 3895 849 1227 3896 1176 778 3897 869 865 3898 1164 867 3899 894 549 3900 884 776 3901 37 248 3902 884 776 3903 1176 778 3904 37 248 3905 37 248 3906 1234 1211 3907 894 549 3908 1177 1456 3909 773 249 3910 37 248 3911 65 25 3912 740 24 3913 580 594 3914 740 24 3915 47 1457 3916 55 1285 3917 47 1457 3918 1177 1456 3919 37 248 3920 1176 778 3921 1164 867 3922 849 1227 3923 31 291 3924 1469 1417 3925 680 1106 3926 37 248 3927 1176 778 3928 52 44 3929 1176 778 3930 849 1227 3931 52 44 3932 832 769 3933 957 1455 3934 791 42 3935 50 61 3936 51 181 3937 1457 1091 3938 957 1455 3939 1100 735 3940 680 1106 3941 47 1457 3942 37 248 3943 948 533 3944 841 982 3945 842 1023 3946 1492 1458 3947 842 1023 3948 65 25 3949 1492 1458 3950 740 24 3951 55 1285 3952 580 594 3953 37 248 3954 52 44 3955 948 533 3956 55 1285 3957 47 1457 3958 998 537 3959 1100 735 3960 957 1455 3961 813 768 3962 1457 1091 3963 664 1366 3964 1469 1417 3965 680 1106 3966 679 1418 3967 956 749 3968 680 1106 3969 956 749 3970 957 1455 3971 658 1220 3972 1475 983 3973 1417 715 3974 1475 983 3975 841 982 3976 85 1231 3977 85 1231 3978 1417 715 3979 1475 983 3980 580 594 3981 1492 1458 3982 65 25 3983 1492 1458 3984 85 1231 3985 841 982 3986 474 536 3987 857 592 3988 55 1285 3989 791 42 3990 790 750 3991 726 43 3992 998 537 3993 47 1457 3994 948 533 3995 998 537 3996 474 536 3997 55 1285 3998 726 43 3999 899 532 4000 52 44 4001 849 1227 4002 791 42 4003 52 44 4004 421 45 4005 422 876 4006 417 46 4007 502 48 4008 1015 940 4009 1016 49 4010 1327 966 4011 1326 965 4012 513 1274 4013 513 1274 4014 1373 1005 4015 1374 497 4016 1374 497 4017 90 496 4018 1327 966 4019 90 496 4020 888 53 4021 1327 966 4022 1299 728 4023 873 37 4024 1302 51 4025 888 53 4026 1299 728 4027 1302 51 4028 1327 966 4029 888 53 4030 435 52 4031 1327 966 4032 513 1274 4033 1374 497 4034 1301 952 4035 435 52 4036 1302 51 4037 814 54 4038 813 768 4039 1130 55 4040 489 57 4041 490 1459 4042 1080 58 4043 1347 60 4044 707 314 4045 50 61 4046 1290 63 4047 1289 205 4048 934 64 4049 1426 69 4050 637 1062 4051 673 70 4052 678 72 4053 1408 1037 4054 1409 73 4055 16 77 4056 17 1460 4057 420 1359 4058 17 1460 4059 18 1461 4060 420 1359 4061 420 1359 4062 409 75 4063 16 77 4064 621 14 4065 801 16 4066 620 79 4067 801 16 4068 507 583 4069 800 78 4070 620 79 4071 801 16 4072 800 78 4073 507 583 4074 342 164 4075 800 78 4076 1173 83 4077 624 815 4078 623 84 4079 997 86 4080 306 623 4081 504 87 4082 418 92 4083 419 7 4084 414 93 4085 689 887 4086 688 1364 4087 1336 1462 4088 689 887 4089 1336 1462 4090 1243 320 4091 1336 244 4092 582 202 4093 828 971 4094 1228 1365 4095 689 887 4096 1243 320 4097 1243 320 4098 1336 1462 4099 324 1463 4100 1243 320 4101 324 1463 4102 1284 1256 4103 829 201 4104 828 971 4105 582 202 4106 828 1464 4107 847 1465 4108 316 1466 4109 1336 1467 4110 828 1464 4111 316 1466 4112 1244 319 4113 310 1315 4114 523 1314 4115 1244 319 4116 523 1314 4117 1243 320 4118 523 1314 4119 1228 1365 4120 1243 320 4121 1284 1256 4122 795 318 4123 1243 320 4124 847 748 4125 1356 995 4126 1358 994 4127 847 748 4128 1358 994 4129 316 746 4130 1284 1256 4131 324 1463 4132 389 847 4133 983 1433 4134 307 1255 4135 981 1288 4136 307 1255 4137 1284 1256 4138 981 1288 4139 981 1288 4140 1284 1256 4141 238 95 4142 238 95 4143 1284 1256 4144 389 847 4145 504 87 4146 443 624 4147 613 1289 4148 504 87 4149 613 1289 4150 981 1288 4151 819 721 4152 305 957 4153 820 719 4154 305 957 4155 893 956 4156 820 719 4157 1069 97 4158 820 719 4159 893 956 4160 1069 97 4161 893 956 4162 504 87 4163 1069 97 4164 504 87 4165 238 95 4166 504 87 4167 981 1288 4168 238 95 4169 364 1468 4170 304 1194 4171 370 184 4172 304 1194 4173 564 1469 4174 444 1392 4175 370 184 4176 304 1194 4177 358 1470 4178 358 1470 4179 304 1194 4180 627 1471 4181 1068 716 4182 347 1472 4183 1090 729 4184 347 1472 4185 358 1470 4186 627 1471 4187 1090 729 4188 347 1472 4189 1115 1473 4190 541 1312 4191 1067 717 4192 1068 716 4193 558 1324 4194 1089 730 4195 1090 729 4196 1090 729 4197 541 1312 4198 1068 716 4199 1115 1473 4200 347 1472 4201 627 1471 4202 1114 1474 4203 558 1324 4204 1115 1473 4205 558 1324 4206 1090 729 4207 1115 1473 4208 627 1471 4209 628 195 4210 1115 1473 4211 316 1475 4212 320 103 4213 505 930 4214 1278 929 4215 1280 927 4216 935 926 4217 316 1475 4218 505 930 4219 935 926 4220 1336 1462 4221 316 1475 4222 755 192 4223 1113 1100 4224 297 1102 4225 1086 1476 4226 297 1102 4227 627 1471 4228 300 1391 4229 627 1471 4230 304 1194 4231 300 1391 4232 300 1391 4233 304 1194 4234 444 1392 4235 1085 724 4236 827 726 4237 1086 727 4238 827 1477 4239 1113 1478 4240 1086 1479 4241 300 1391 4242 1102 1390 4243 1086 1476 4244 564 1469 4245 1125 96 4246 444 1392 4247 300 1391 4248 1086 1476 4249 297 1102 4250 935 926 4251 783 1216 4252 784 1088 4253 1278 929 4254 935 926 4255 505 930 4256 935 926 4257 784 1088 4258 316 1475 4259 755 192 4260 323 1480 4261 324 1463 4262 323 1480 4263 432 1214 4264 324 1463 4265 432 1214 4266 919 1047 4267 1432 1068 4268 1432 1068 4269 917 1044 4270 916 816 4271 1432 1068 4272 916 816 4273 324 1463 4274 432 1214 4275 1432 1068 4276 324 1463 4277 1451 193 4278 755 192 4279 784 1088 4280 755 192 4281 324 1463 4282 1336 1462 4283 755 192 4284 316 1475 4285 784 1088 4286 1214 465 4287 661 906 4288 499 1384 4289 661 906 4290 387 1481 4291 499 1384 4292 378 310 4293 633 183 4294 1506 1428 4295 1506 1428 4296 394 1427 4297 395 1482 4298 395 1482 4299 396 967 4300 378 310 4301 396 967 4302 397 174 4303 378 310 4304 397 174 4305 788 173 4306 398 566 4307 788 173 4308 815 80 4309 398 566 4310 1506 1428 4311 395 1482 4312 378 310 4313 387 1481 4314 378 310 4315 1026 671 4316 378 310 4317 397 174 4318 826 464 4319 397 174 4320 398 566 4321 826 464 4322 378 310 4323 826 464 4324 399 132 4325 378 310 4326 399 132 4327 400 1099 4328 399 1483 4329 870 1484 4330 400 1485 4331 378 310 4332 400 1099 4333 914 672 4334 378 310 4335 914 672 4336 1026 671 4337 851 1098 4338 958 1279 4339 913 1302 4340 400 1099 4341 851 1098 4342 913 1302 4343 914 672 4344 400 1099 4345 913 1302 4346 1026 671 4347 942 355 4348 387 1481 4349 942 355 4350 454 417 4351 387 1481 4352 454 417 4353 470 703 4354 387 1481 4355 387 1481 4356 470 703 4357 499 1384 4358 470 703 4359 1080 58 4360 490 1459 4361 490 1459 4362 1095 542 4363 499 1384 4364 470 703 4365 490 1459 4366 499 1384 4367 1214 465 4368 499 1384 4369 401 1326 4370 389 847 4371 1214 465 4372 506 733 4373 1214 465 4374 401 1326 4375 506 733 4376 1078 1319 4377 469 1201 4378 1059 1311 4379 374 1306 4380 367 872 4381 382 1218 4382 1059 1311 4383 374 1306 4384 402 980 4385 374 1306 4386 382 1218 4387 402 980 4388 1059 1311 4389 402 980 4390 403 1486 4391 407 1487 4392 406 1488 4393 420 1359 4394 406 1488 4395 409 75 4396 420 1359 4397 1059 1311 4398 403 1486 4399 14 1178 4400 403 1486 4401 407 1487 4402 420 1359 4403 1078 1319 4404 1059 1311 4405 14 1178 4406 403 1486 4407 420 1359 4408 14 1178 4409 238 95 4410 561 1489 4411 855 1230 4412 561 1490 4413 587 1373 4414 596 1372 4415 932 1119 4416 561 1489 4417 596 1491 4418 596 1492 4419 521 1493 4420 473 1494 4421 561 1489 4422 932 1119 4423 855 1230 4424 489 57 4425 1078 1319 4426 14 1178 4427 596 1491 4428 473 1495 4429 932 1119 4430 480 1496 4431 1414 1497 4432 932 1119 4433 1414 1497 4434 931 1120 4435 932 1119 4436 473 1495 4437 480 1496 4438 932 1119 4439 506 733 4440 489 57 4441 14 1178 4442 389 847 4443 506 733 4444 14 1178 4445 932 1119 4446 1479 1118 4447 671 647 4448 943 577 4449 878 530 4450 855 1230 4451 878 530 4452 774 954 4453 855 1230 4454 932 1119 4455 671 647 4456 943 577 4457 855 1230 4458 932 1119 4459 943 577 4460 389 847 4461 14 1178 4462 238 95 4463 855 1230 4464 856 680 4465 746 823 4466 746 823 4467 1019 654 4468 767 1498 4469 746 823 4470 767 1498 4471 1031 1131 4472 746 823 4473 1031 1131 4474 699 1101 4475 238 95 4476 855 1230 4477 746 823 4478 238 95 4479 746 823 4480 699 1101 4481 238 95 4482 699 1101 4483 444 1392 4484 238 95 4485 444 1392 4486 1125 96 4487 348 837 4488 349 1204 4489 337 448 4490 349 1204 4491 488 1205 4492 337 448 4493 337 448 4494 457 560 4495 332 922 4496 475 148 4497 532 836 4498 1340 838 4499 348 837 4500 337 448 4501 306 623 4502 337 448 4503 332 922 4504 307 1255 4505 348 837 4506 306 623 4507 359 296 4508 359 296 4509 475 148 4510 1340 838 4511 332 922 4512 1275 921 4513 307 1255 4514 359 296 4515 1340 838 4516 348 837 4517 666 1499 4518 1287 146 4519 364 1468 4520 1287 146 4521 595 297 4522 364 1468 4523 371 1500 4524 666 1499 4525 364 1468 4526 304 1194 4527 364 1468 4528 305 957 4529 1070 722 4530 810 723 4531 1071 720 4532 810 723 4533 304 1194 4534 819 721 4535 1071 720 4536 810 723 4537 819 721 4538 364 1468 4539 595 297 4540 359 296 4541 364 1468 4542 359 296 4543 305 957 4544 484 1296 4545 1025 664 4546 305 957 4547 305 957 4548 819 721 4549 304 1194 4550 305 957 4551 359 296 4552 306 623 4553 306 623 4554 337 448 4555 307 1255 4556 824 882 4557 1215 166 4558 825 645 4559 1275 921 4560 824 882 4561 325 937 4562 306 623 4563 997 86 4564 484 1296 4565 484 1296 4566 305 957 4567 306 623 4568 824 882 4569 825 645 4570 1292 938 4571 825 645 4572 1291 152 4573 1292 938 4574 1291 152 4575 915 378 4576 1292 938 4577 1292 938 4578 325 937 4579 824 882 4580 613 1289 4581 443 624 4582 983 1433 4583 443 624 4584 306 623 4585 983 1433 4586 983 1433 4587 982 1287 4588 613 1289 4589 1244 319 4590 795 318 4591 310 1315 4592 795 318 4593 307 1255 4594 310 1315 4595 307 1255 4596 983 1433 4597 306 623 4598 1275 921 4599 325 937 4600 310 1315 4601 307 1255 4602 1275 921 4603 310 1315 4604 310 1315 4605 326 893 4606 1336 1462 4607 1336 1462 4608 688 1364 4609 310 1315 4610 326 893 4611 310 1315 4612 325 937 4613 1336 1462 4614 326 893 4615 327 628 4616 327 628 4617 328 767 4618 322 101 4619 328 767 4620 897 1010 4621 322 101 4622 320 103 4623 316 1475 4624 322 101 4625 316 1475 4626 1336 1462 4627 322 101 4628 322 101 4629 432 1214 4630 323 1480 4631 323 1480 4632 755 192 4633 321 102 4634 321 102 4635 783 1216 4636 320 103 4637 783 1216 4638 935 926 4639 320 103 4640 1336 1462 4641 327 628 4642 322 101 4643 322 101 4644 323 1480 4645 321 102 4646 1370 107 4647 549 1085 4648 1369 108 4649 1549 114 4650 340 168 4651 341 115 4652 970 118 4653 566 1110 4654 36 119 4655 566 1110 4656 545 1137 4657 36 119 4658 36 119 4659 886 1426 4660 35 1368 4661 449 1450 4662 1148 795 4663 1087 117 4664 634 935 4665 38 65 4666 449 1450 4667 1319 1389 4668 446 936 4669 634 935 4670 34 1449 4671 754 1013 4672 1319 1389 4673 467 1247 4674 448 1448 4675 34 1449 4676 1472 563 4677 483 565 4678 1461 1096 4679 1461 1096 4680 467 1247 4681 34 1449 4682 34 1449 4683 1319 1389 4684 634 935 4685 34 1449 4686 634 935 4687 35 1368 4688 634 935 4689 449 1450 4690 35 1368 4691 1472 563 4692 1461 1096 4693 35 1368 4694 1461 1096 4695 34 1449 4696 35 1368 4697 449 1450 4698 1087 117 4699 36 119 4700 35 1368 4701 449 1450 4702 36 119 4703 954 129 4704 620 79 4705 955 130 4706 399 132 4707 834 224 4708 959 133 4709 233 491 4710 203 1501 4711 221 1352 4712 203 1501 4713 166 1502 4714 221 1352 4715 121 1503 4716 109 1322 4717 120 1325 4718 166 1502 4719 121 1503 4720 964 1282 4721 221 1352 4722 166 1502 4723 887 29 4724 1496 1210 4725 166 1502 4726 459 1281 4727 121 1503 4728 120 1325 4729 534 1283 4730 120 1325 4731 1091 949 4732 534 1283 4733 534 1283 4734 964 1282 4735 121 1503 4736 772 142 4737 221 1352 4738 887 29 4739 166 1502 4740 1496 1210 4741 887 29 4742 442 1318 4743 939 1351 4744 772 142 4745 244 141 4746 1165 325 4747 442 1318 4748 597 427 4749 1030 426 4750 887 29 4751 1030 426 4752 244 141 4753 887 29 4754 887 29 4755 533 28 4756 597 427 4757 244 141 4758 442 1318 4759 772 142 4760 964 1282 4761 459 1281 4762 166 1502 4763 1215 166 4764 456 860 4765 339 167 4766 392 169 4767 1424 1187 4768 1423 170 4769 1499 172 4770 1498 1424 4771 788 173 4772 576 175 4773 577 162 4774 552 176 4775 672 788 4776 1390 1028 4777 386 1400 4778 386 1400 4779 909 556 4780 1446 1409 4781 1446 1409 4782 390 1084 4783 370 184 4784 390 1084 4785 391 1143 4786 696 1186 4787 696 1186 4788 392 169 4789 370 184 4790 392 169 4791 393 1413 4792 370 184 4793 390 1084 4794 696 1186 4795 370 184 4796 377 885 4797 672 788 4798 386 1400 4799 386 1400 4800 1446 1409 4801 370 184 4802 393 1413 4803 592 185 4804 370 184 4805 592 185 4806 591 1414 4807 633 183 4808 591 1414 4809 1497 1425 4810 1505 1429 4811 633 183 4812 591 1414 4813 1505 1429 4814 1497 1425 4815 1498 1424 4816 396 967 4817 1498 1424 4818 1499 172 4819 396 967 4820 396 967 4821 395 1482 4822 1497 1425 4823 395 1482 4824 394 1427 4825 1497 1425 4826 394 1427 4827 1505 1429 4828 1497 1425 4829 633 183 4830 378 310 4831 373 252 4832 633 183 4833 373 252 4834 371 1500 4835 373 252 4836 845 251 4837 371 1500 4838 845 251 4839 1236 894 4840 666 1499 4841 371 1500 4842 845 251 4843 666 1499 4844 1236 894 4845 1286 147 4846 1287 146 4847 1287 146 4848 666 1499 4849 1236 894 4850 371 1500 4851 364 1468 4852 370 184 4853 370 184 4854 358 1470 4855 377 885 4856 377 885 4857 386 1400 4858 370 184 4859 371 1500 4860 370 184 4861 633 183 4862 1476 186 4863 340 168 4864 656 187 4865 540 1141 4866 539 190 4867 530 189 4868 539 190 4869 528 1504 4870 529 191 4871 628 195 4872 627 1471 4873 1151 196 4874 47 1457 4875 740 24 4876 42 1505 4877 740 24 4878 66 1269 4879 42 1505 4880 66 1269 4881 67 943 4882 492 503 4883 492 503 4884 599 1163 4885 581 1162 4886 45 1506 4887 921 1507 4888 42 1505 4889 492 503 4890 581 1162 4891 45 1506 4892 66 1269 4893 492 503 4894 42 1505 4895 1207 1508 4896 1193 822 4897 733 821 4898 733 821 4899 47 1457 4900 775 198 4901 733 821 4902 775 198 4903 1207 1508 4904 492 503 4905 45 1506 4906 42 1505 4907 42 1505 4908 41 1353 4909 47 1457 4910 41 1353 4911 775 198 4912 47 1457 4913 1206 1509 4914 1207 1508 4915 775 198 4916 1225 200 4917 1206 1509 4918 775 198 4919 1290 63 4920 446 936 4921 447 204 4922 1008 1510 4923 864 1434 4924 1018 1183 4925 1018 1183 4926 62 1442 4927 1008 1510 4928 62 1442 4929 660 1361 4930 76 1265 4931 1008 1510 4932 62 1442 4933 567 519 4934 1211 879 4935 1213 878 4936 631 1446 4937 567 519 4938 62 1442 4939 77 1267 4940 1211 879 4941 631 1446 4942 660 1361 4943 631 1446 4944 782 1386 4945 1318 1388 4946 1065 1511 4947 631 1446 4948 1318 1388 4949 1318 923 4950 1316 961 4951 588 924 4952 1065 1511 4953 1318 1388 4954 622 1444 4955 588 1445 4956 622 1444 4957 1318 1388 4958 622 1444 4959 563 618 4960 1065 1511 4961 631 1446 4962 1065 1511 4963 660 1361 4964 902 1082 4965 48 1081 4966 563 618 4967 48 1081 4968 500 33 4969 1515 1430 4970 1065 1511 4971 48 1081 4972 544 1203 4973 1065 1511 4974 563 618 4975 48 1081 4976 1515 1430 4977 522 209 4978 48 1081 4979 522 209 4980 1525 1432 4981 544 1203 4982 544 1203 4983 543 1160 4984 46 1299 4985 544 1203 4986 46 1299 4987 481 939 4988 544 1203 4989 481 939 4990 1065 1511 4991 1014 1298 4992 502 48 4993 481 939 4994 502 48 4995 445 1436 4996 967 1437 4997 1065 1511 4998 502 48 4999 967 1437 5000 1065 1511 5001 481 939 5002 502 48 5003 544 1203 5004 48 1081 5005 522 209 5006 445 1284 5007 965 590 5008 967 589 5009 967 1437 5010 482 1294 5011 1065 1511 5012 482 1294 5013 809 1293 5014 1053 1441 5015 1065 1511 5016 482 1294 5017 1053 1441 5018 1053 1441 5019 937 207 5020 933 206 5021 1065 1511 5022 1053 1441 5023 933 206 5024 937 207 5025 1087 117 5026 1148 795 5027 937 207 5028 1148 795 5029 1146 208 5030 1077 1451 5031 80 1273 5032 890 955 5033 80 1273 5034 87 1272 5035 890 955 5036 87 1272 5037 1364 968 5038 91 900 5039 890 955 5040 97 1030 5041 460 1228 5042 87 1272 5043 91 900 5044 890 955 5045 933 206 5046 1077 1451 5047 1065 1511 5048 1077 1451 5049 890 955 5050 460 1228 5051 460 1228 5052 102 431 5053 1210 433 5054 1077 1451 5055 460 1228 5056 644 642 5057 644 642 5058 460 1228 5059 1210 433 5060 1077 1451 5061 644 642 5062 496 808 5063 496 808 5064 644 642 5065 131 439 5066 140 604 5067 131 439 5068 701 406 5069 131 439 5070 804 694 5071 701 406 5072 701 406 5073 1022 272 5074 140 604 5075 1022 272 5076 626 271 5077 140 604 5078 131 439 5079 140 604 5080 496 808 5081 496 808 5082 140 604 5083 451 603 5084 451 603 5085 150 561 5086 141 806 5087 150 561 5088 1521 1156 5089 653 1512 5090 451 603 5091 141 806 5092 496 808 5093 92 1043 5094 1077 1451 5095 496 808 5096 472 1155 5097 471 1154 5098 1464 1415 5099 471 1154 5100 1463 1416 5101 1464 1415 5102 1077 1451 5103 92 1043 5104 1065 1511 5105 1521 1156 5106 472 1155 5107 1436 1513 5108 1464 1415 5109 1402 1114 5110 709 1113 5111 472 1155 5112 1464 1415 5113 709 1113 5114 141 806 5115 150 561 5116 653 1512 5117 709 1113 5118 853 1514 5119 1436 1513 5120 853 1514 5121 1349 1349 5122 1436 1513 5123 1349 1349 5124 1435 1348 5125 1436 1513 5126 1436 1513 5127 653 1512 5128 1521 1156 5129 709 1113 5130 1436 1513 5131 472 1155 5132 92 1043 5133 903 1262 5134 1065 1511 5135 642 1305 5136 111 676 5137 136 460 5138 111 676 5139 142 1316 5140 151 444 5141 1065 1511 5142 642 1305 5143 623 84 5144 660 1361 5145 1065 1511 5146 624 815 5147 111 676 5148 151 444 5149 152 443 5150 142 1316 5151 198 380 5152 199 382 5153 151 444 5154 142 1316 5155 161 421 5156 199 382 5157 161 421 5158 142 1316 5159 143 451 5160 111 676 5161 152 443 5162 152 443 5163 153 446 5164 143 451 5165 144 450 5166 145 453 5167 136 460 5168 143 451 5169 144 450 5170 111 676 5171 144 450 5172 136 460 5173 111 676 5174 136 460 5175 125 1252 5176 642 1305 5177 125 1252 5178 112 476 5179 642 1305 5180 113 475 5181 114 1260 5182 104 863 5183 112 476 5184 113 475 5185 623 84 5186 113 475 5187 104 863 5188 623 84 5189 104 863 5190 105 862 5191 623 84 5192 568 1165 5193 844 1515 5194 567 519 5195 844 1515 5196 1008 1510 5197 567 519 5198 1513 515 5199 1532 517 5200 567 519 5201 77 1267 5202 62 1442 5203 1494 1516 5204 1514 516 5205 1513 515 5206 567 519 5207 1494 1516 5208 881 514 5209 77 1267 5210 77 1267 5211 1514 516 5212 567 519 5213 1494 1516 5214 62 1442 5215 1454 1517 5216 1454 1517 5217 1493 1518 5218 1494 1516 5219 1454 1517 5220 62 1442 5221 82 1519 5222 82 1519 5223 62 1442 5224 1297 1520 5225 1293 509 5226 1297 1520 5227 1294 510 5228 1294 510 5229 1297 1520 5230 76 1265 5231 76 1265 5232 1297 1520 5233 62 1442 5234 609 1521 5235 632 508 5236 76 1265 5237 663 902 5238 609 1521 5239 1247 903 5240 609 1521 5241 76 1265 5242 1247 903 5243 645 814 5244 81 499 5245 1247 903 5246 1247 903 5247 76 1265 5248 645 814 5249 76 1265 5250 660 1361 5251 645 814 5252 624 815 5253 645 814 5254 660 1361 5255 112 476 5256 623 84 5257 642 1305 5258 623 84 5259 624 815 5260 1065 1511 5261 1517 34 5262 49 1328 5263 522 209 5264 224 211 5265 225 874 5266 208 212 5267 255 578 5268 250 631 5269 947 216 5270 250 631 5271 478 214 5272 947 216 5273 929 217 5274 1480 1522 5275 514 218 5276 1540 223 5277 1539 82 5278 834 224 5279 922 227 5280 921 1507 5281 1156 225 5282 921 1507 5283 45 1506 5284 1156 225 5285 930 254 5286 288 1135 5287 889 237 5288 288 1135 5289 858 235 5290 889 237 5291 677 689 5292 610 1310 5293 1109 240 5294 610 1310 5295 1120 238 5296 1109 240 5297 1120 238 5298 1473 660 5299 1110 239 5300 559 241 5301 560 576 5302 1144 242 5303 1334 203 5304 582 202 5305 1336 244 5306 1333 246 5307 648 699 5308 647 128 5309 1295 136 5310 372 135 5311 845 251 5312 1083 267 5313 706 1336 5314 705 268 5315 1020 270 5316 625 1225 5317 626 271 5318 147 276 5319 148 455 5320 138 277 5321 1312 1237 5322 257 280 5323 750 279 5324 257 280 5325 259 1376 5326 1254 281 5327 555 285 5328 554 673 5329 1341 286 5330 1123 293 5331 1108 1453 5332 31 291 5333 31 291 5334 1137 773 5335 780 292 5336 780 292 5337 1122 1454 5338 1123 293 5339 423 9 5340 8 8 5341 419 7 5342 778 294 5343 576 175 5344 1512 295 5345 1287 146 5346 475 148 5347 359 296 5348 949 305 5349 950 656 5350 822 306 5351 1458 1093 5352 674 157 5353 1508 1064 5354 1458 1093 5355 1508 1064 5356 713 1063 5357 789 905 5358 769 100 5359 387 1481 5360 769 100 5361 604 1094 5362 378 310 5363 604 1094 5364 1458 1093 5365 713 1063 5366 354 1217 5367 1529 165 5368 598 1323 5369 604 1094 5370 713 1063 5371 354 1217 5372 661 906 5373 789 905 5374 387 1481 5375 769 100 5376 378 310 5377 387 1481 5378 865 137 5379 373 252 5380 1245 143 5381 373 252 5382 378 310 5383 1310 309 5384 1245 143 5385 373 252 5386 436 1092 5387 1310 309 5388 436 1092 5389 373 252 5390 604 1094 5391 354 1217 5392 378 310 5393 354 1217 5394 598 1323 5395 574 308 5396 378 310 5397 354 1217 5398 574 308 5399 781 311 5400 861 973 5401 248 312 5402 1222 315 5403 926 754 5404 925 316 5405 516 329 5406 1354 990 5407 1353 330 5408 351 1086 5409 698 861 5410 1447 338 5411 486 339 5412 603 1000 5413 350 340 5414 351 1086 5415 1447 338 5416 350 340 5417 29 347 5418 28 547 5419 39 348 5420 711 199 5421 41 1353 5422 1227 350 5423 1029 353 5424 1028 669 5425 941 354 5426 1512 295 5427 576 175 5428 575 177 5429 452 986 5430 167 557 5431 1520 372 5432 167 557 5433 898 370 5434 1520 372 5435 1291 152 5436 1547 116 5437 915 378 5438 1547 116 5439 1544 379 5440 915 378 5441 1544 379 5442 1546 1172 5443 1303 377 5444 1546 1172 5445 1543 228 5446 428 707 5447 1543 228 5448 455 1161 5449 428 707 5450 428 707 5451 1303 377 5452 1546 1172 5453 640 387 5454 1416 1053 5455 174 388 5456 157 393 5457 147 276 5458 146 394 5459 1237 403 5460 511 896 5461 512 404 5462 701 406 5463 804 694 5464 803 407 5465 831 409 5466 357 1523 5467 1377 410 5468 161 421 5469 199 382 5470 182 419 5471 199 382 5472 200 383 5473 182 419 5474 102 431 5475 1208 875 5476 1209 432 5477 1281 327 5478 1283 931 5479 861 973 5480 781 311 5481 1153 313 5482 252 323 5483 1281 327 5484 861 973 5485 1329 1524 5486 861 973 5487 781 311 5488 719 322 5489 1329 1524 5490 476 328 5491 1281 327 5492 879 1525 5493 1241 1079 5494 1242 435 5495 1055 701 5496 1057 684 5497 520 683 5498 1097 1526 5499 497 682 5500 498 702 5501 1055 701 5502 520 683 5503 951 256 5504 520 683 5505 879 1525 5506 1034 681 5507 796 1362 5508 1097 1526 5509 498 702 5510 498 702 5511 1055 701 5512 895 405 5513 520 683 5514 1034 681 5515 990 620 5516 796 1362 5517 498 702 5518 895 405 5519 520 683 5520 990 620 5521 1259 914 5522 303 898 5523 1139 1527 5524 512 404 5525 1139 1527 5526 796 1362 5527 512 404 5528 512 404 5529 511 896 5530 303 898 5531 923 1528 5532 301 1221 5533 895 405 5534 1271 1529 5535 923 1528 5536 895 405 5537 895 405 5538 512 404 5539 796 1362 5540 1240 436 5541 1329 1524 5542 1382 1019 5543 1480 1522 5544 1329 1524 5545 719 322 5546 781 311 5547 252 323 5548 719 322 5549 1329 1524 5550 1480 1522 5551 1382 1019 5552 861 973 5553 719 322 5554 1329 1524 5555 719 322 5556 1127 764 5557 254 1530 5558 1127 764 5559 508 1421 5560 254 1530 5561 254 1530 5562 514 218 5563 1480 1522 5564 296 1531 5565 1271 1529 5566 1328 1006 5567 1271 1529 5568 895 405 5569 1328 1006 5570 1328 1006 5571 294 1532 5572 296 1531 5573 951 256 5574 837 1121 5575 1328 1006 5576 1003 641 5577 900 257 5578 951 256 5579 1050 698 5580 641 260 5581 1003 641 5582 1118 763 5583 716 263 5584 794 275 5585 716 263 5586 1050 698 5587 794 275 5588 1003 641 5589 951 256 5590 520 683 5591 951 256 5592 1328 1006 5593 1055 701 5594 1055 701 5595 1328 1006 5596 895 405 5597 876 889 5598 794 275 5599 1231 892 5600 794 275 5601 1050 698 5602 1231 892 5603 1050 698 5604 1003 641 5605 520 683 5606 719 322 5607 254 1530 5608 1480 1522 5609 929 217 5610 1431 962 5611 877 1234 5612 1431 962 5613 261 1411 5614 877 1234 5615 1231 892 5616 1050 698 5617 520 683 5618 1231 892 5619 1232 890 5620 876 889 5621 1259 914 5622 1260 913 5623 928 633 5624 1259 914 5625 928 633 5626 1231 892 5627 991 619 5628 495 797 5629 990 620 5630 495 797 5631 1259 914 5632 990 620 5633 1259 914 5634 1231 892 5635 520 683 5636 1480 1522 5637 929 217 5638 877 1234 5639 1382 1019 5640 1384 1021 5641 805 231 5642 1384 1021 5643 267 1290 5644 805 231 5645 1480 1522 5646 877 1234 5647 1382 1019 5648 659 284 5649 1035 283 5650 1034 681 5651 1339 230 5652 274 229 5653 1240 436 5654 274 229 5655 629 1533 5656 1242 435 5657 1382 1019 5658 805 231 5659 1339 230 5660 806 1534 5661 721 1535 5662 659 284 5663 659 284 5664 1034 681 5665 879 1525 5666 806 1534 5667 659 284 5668 879 1525 5669 629 1533 5670 281 662 5671 806 1534 5672 1240 436 5673 1382 1019 5674 1339 230 5675 629 1533 5676 806 1534 5677 1242 435 5678 806 1534 5679 879 1525 5680 1242 435 5681 131 439 5682 644 642 5683 1106 437 5684 644 642 5685 1107 1224 5686 1106 437 5687 245 440 5688 1168 1116 5689 732 441 5690 337 448 5691 1450 1206 5692 1449 159 5693 1214 465 5694 389 847 5695 1272 466 5696 388 467 5697 661 906 5698 1214 465 5699 188 366 5700 189 397 5701 176 396 5702 175 413 5703 3 1244 5704 188 366 5705 3 1244 5706 4 365 5707 188 366 5708 344 480 5709 356 712 5710 334 179 5711 1203 487 5712 101 1536 5713 874 488 5714 236 490 5715 203 1501 5716 233 491 5717 53 502 5718 599 1163 5719 492 503 5720 1251 511 5721 1252 1036 5722 96 512 5723 522 209 5724 49 1328 5725 1527 523 5726 419 7 5727 9 6 5728 415 5 5729 619 528 5730 742 584 5731 955 130 5732 453 534 5733 1060 1202 5734 1061 535 5735 89 1264 5736 95 1232 5737 84 506 5738 95 1232 5739 1492 1458 5740 580 594 5741 580 594 5742 968 593 5743 857 592 5744 95 1232 5745 580 594 5746 84 506 5747 64 538 5748 83 507 5749 84 506 5750 84 506 5751 580 594 5752 857 592 5753 726 43 5754 64 538 5755 899 532 5756 64 538 5757 84 506 5758 474 536 5759 899 532 5760 64 538 5761 948 533 5762 998 537 5763 948 533 5764 64 538 5765 84 506 5766 857 592 5767 474 536 5768 1095 542 5769 490 1459 5770 489 57 5771 1116 544 5772 1117 1270 5773 295 545 5774 44 1398 5775 39 348 5776 1197 857 5777 39 348 5778 28 547 5779 1206 1509 5780 28 547 5781 24 1537 5782 1174 548 5783 24 1537 5784 23 1443 5785 1134 1338 5786 24 1537 5787 1134 1338 5788 683 737 5789 718 996 5790 44 1398 5791 1197 857 5792 1197 857 5793 39 348 5794 838 1123 5795 1225 200 5796 39 348 5797 1206 1509 5798 41 1353 5799 42 1505 5800 1227 350 5801 42 1505 5802 838 1123 5803 1225 200 5804 1225 200 5805 1227 350 5806 42 1505 5807 1193 822 5808 1207 1508 5809 1191 850 5810 1207 1508 5811 1206 1509 5812 1191 850 5813 1225 200 5814 838 1123 5815 39 348 5816 24 1537 5817 683 737 5818 787 1327 5819 1134 1338 5820 1135 775 5821 802 772 5822 683 737 5823 1134 1338 5824 802 772 5825 1135 775 5826 1137 773 5827 802 772 5828 683 737 5829 1099 734 5830 787 1327 5831 1191 850 5832 1206 1509 5833 28 547 5834 787 1327 5835 814 54 5836 1128 770 5837 24 1537 5838 787 1327 5839 1128 770 5840 531 1356 5841 1191 850 5842 1177 1456 5843 1191 850 5844 28 547 5845 1177 1456 5846 47 1457 5847 733 821 5848 531 1356 5849 1234 1211 5850 773 249 5851 1177 1456 5852 1177 1456 5853 47 1457 5854 531 1356 5855 24 1537 5856 1128 770 5857 1140 785 5858 1128 770 5859 833 784 5860 1140 785 5861 1140 785 5862 1142 782 5863 850 1339 5864 850 1339 5865 1164 867 5866 1163 866 5867 1163 866 5868 869 865 5869 1174 548 5870 869 865 5871 1176 778 5872 1174 548 5873 1174 548 5874 884 776 5875 894 549 5876 1140 785 5877 850 1339 5878 1163 866 5879 24 1537 5880 1140 785 5881 1163 866 5882 1234 1211 5883 1177 1456 5884 28 547 5885 24 1537 5886 1163 866 5887 1174 548 5888 894 549 5889 1234 1211 5890 28 547 5891 908 554 5892 1444 1083 5893 1445 555 5894 167 557 5895 1465 615 5896 1466 558 5897 337 448 5898 1181 520 5899 431 559 5900 150 561 5901 540 1141 5902 530 189 5903 398 566 5904 815 80 5905 1539 82 5906 737 569 5907 1362 999 5908 665 567 5909 1362 999 5910 1364 968 5911 665 567 5912 1092 575 5913 1093 732 5914 560 576 5915 852 546 5916 295 545 5917 1159 580 5918 507 583 5919 777 163 5920 778 294 5921 694 483 5922 748 586 5923 103 585 5924 748 586 5925 807 601 5926 98 587 5927 835 389 5928 174 388 5929 1466 558 5930 1443 616 5931 1442 1080 5932 1441 617 5933 1306 626 5934 1305 1208 5935 429 627 5936 1342 287 5937 1341 286 5938 667 551 5939 1341 286 5940 668 150 5941 667 551 5942 1149 871 5943 749 873 5944 1406 1403 5945 749 873 5946 1404 1034 5947 1406 1403 5948 1404 1034 5949 1405 1033 5950 1406 1403 5951 345 1538 5952 830 411 5953 1377 410 5954 1406 1403 5955 345 1538 5956 346 1363 5957 345 1538 5958 1377 410 5959 346 1363 5960 357 1523 5961 831 409 5962 589 629 5963 1377 410 5964 357 1523 5965 346 1363 5966 439 831 5967 1149 871 5968 440 828 5969 1149 871 5970 1406 1403 5971 440 828 5972 1152 1539 5973 593 829 5974 440 828 5975 357 1523 5976 589 629 5977 346 1363 5978 1406 1403 5979 346 1363 5980 440 828 5981 440 828 5982 346 1363 5983 319 574 5984 816 1377 5985 725 1540 5986 1268 573 5987 725 1540 5988 1152 1539 5989 1268 573 5990 1152 1539 5991 440 828 5992 319 574 5993 1268 573 5994 1152 1539 5995 319 574 5996 318 1335 5997 904 20 5998 319 574 5999 1074 1422 6000 1073 1541 6001 315 1304 6002 318 1335 6003 319 574 6004 346 1363 6005 630 1239 6006 1074 1422 6007 315 1304 6008 315 1304 6009 318 1335 6010 1179 121 6011 630 1239 6012 315 1304 6013 1179 121 6014 318 1335 6015 346 1363 6016 308 1253 6017 526 613 6018 703 122 6019 527 1292 6020 703 122 6021 1179 121 6022 527 1292 6023 1179 121 6024 318 1335 6025 308 1253 6026 527 1292 6027 1179 121 6028 308 1253 6029 846 1542 6030 770 614 6031 308 1253 6032 636 1543 6033 635 1321 6034 846 1542 6035 346 1363 6036 302 1544 6037 308 1253 6038 302 1544 6039 636 1543 6040 846 1542 6041 308 1253 6042 302 1544 6043 846 1542 6044 565 140 6045 812 139 6046 346 1363 6047 565 140 6048 346 1363 6049 589 629 6050 1261 634 6051 1259 914 6052 495 797 6053 495 797 6054 1262 912 6055 1261 634 6056 1262 912 6057 927 635 6058 1261 634 6059 927 635 6060 284 273 6061 1233 891 6062 284 273 6063 794 275 6064 876 889 6065 1233 891 6066 284 273 6067 876 889 6068 1233 891 6069 1231 892 6070 928 633 6071 1233 891 6072 928 633 6073 927 635 6074 644 642 6075 1210 433 6076 880 643 6077 840 644 6078 1107 1224 6079 644 642 6080 1324 138 6081 1323 1200 6082 589 629 6083 214 652 6084 197 1241 6085 196 376 6086 950 656 6087 949 305 6088 739 657 6089 1473 660 6090 1474 1212 6091 510 661 6092 806 1534 6093 281 662 6094 721 1535 6095 281 662 6096 808 975 6097 1036 282 6098 721 1535 6099 281 662 6100 659 284 6101 808 975 6102 282 977 6103 1036 282 6104 554 673 6105 555 285 6106 1403 674 6107 675 678 6108 807 601 6109 747 1240 6110 807 601 6111 748 586 6112 747 1240 6113 747 1240 6114 111 676 6115 675 678 6116 111 676 6117 642 1305 6118 999 677 6119 1000 1271 6120 691 639 6121 999 677 6122 691 639 6123 675 678 6124 999 677 6125 855 1230 6126 1009 650 6127 856 680 6128 1009 650 6129 1011 649 6130 856 680 6131 270 298 6132 276 1229 6133 278 289 6134 278 289 6135 279 288 6136 1124 704 6137 1124 704 6138 677 689 6139 278 289 6140 351 1086 6141 352 675 6142 338 696 6143 352 675 6144 340 168 6145 339 167 6146 200 383 6147 218 332 6148 201 384 6149 218 332 6150 219 334 6151 201 384 6152 1120 238 6153 610 1310 6154 272 303 6155 648 699 6156 1392 1188 6157 1391 126 6158 428 707 6159 455 1161 6160 1320 706 6161 455 1161 6162 1338 765 6163 1320 706 6164 39 348 6165 44 1398 6166 40 708 6167 1458 1093 6168 362 1410 6169 674 157 6170 362 1410 6171 356 712 6172 674 157 6173 356 712 6174 344 480 6175 355 158 6176 344 480 6177 343 15 6178 355 158 6179 343 15 6180 954 129 6181 355 158 6182 954 129 6183 743 131 6184 355 158 6185 1417 715 6186 85 1231 6187 1351 987 6188 85 1231 6189 434 513 6190 1351 987 6191 434 513 6192 515 331 6193 1351 987 6194 607 713 6195 608 991 6196 491 714 6197 608 991 6198 78 1055 6199 491 714 6200 1417 715 6201 1351 987 6202 607 713 6203 134 456 6204 700 408 6205 803 407 6206 81 499 6207 1173 83 6208 1172 85 6209 429 627 6210 1320 706 6211 1321 739 6212 316 746 6213 1358 994 6214 1357 747 6215 791 42 6216 957 1455 6217 956 749 6218 266 304 6219 236 490 6220 251 1331 6221 236 490 6222 235 492 6223 926 754 6224 251 1331 6225 236 490 6226 243 755 6227 926 754 6228 1222 315 6229 243 755 6230 260 1233 6231 265 301 6232 266 304 6233 243 755 6234 646 1347 6235 251 1331 6236 251 1331 6237 260 1233 6238 266 304 6239 839 756 6240 840 644 6241 880 643 6242 330 178 6243 916 816 6244 329 760 6245 916 816 6246 896 758 6247 329 760 6248 269 761 6249 276 1229 6250 270 298 6251 270 298 6252 509 299 6253 583 762 6254 583 762 6255 262 1375 6256 269 761 6257 552 176 6258 577 162 6259 340 168 6260 1057 684 6261 1056 700 6262 498 702 6263 1321 739 6264 1320 706 6265 328 767 6266 1320 706 6267 1338 765 6268 328 767 6269 641 260 6270 1050 698 6271 1052 261 6272 285 786 6273 287 622 6274 1052 261 6275 239 346 6276 720 688 6277 1039 686 6278 1389 787 6279 1390 1028 6280 672 788 6281 992 621 6282 282 977 6283 875 976 6284 875 976 6285 283 796 6286 992 621 6287 255 578 6288 433 1278 6289 1359 799 6290 530 189 6291 1522 1431 6292 1523 812 6293 1100 735 6294 1099 734 6295 1098 738 6296 331 180 6297 335 848 6298 324 1463 6299 324 1463 6300 916 816 6301 331 180 6302 1192 820 6303 531 1356 6304 733 821 6305 744 653 6306 745 655 6307 746 823 6308 1013 651 6309 1012 462 6310 535 824 6311 1159 580 6312 293 1344 6313 912 826 6314 410 801 6315 404 1340 6316 19 1360 6317 19 1360 6318 20 1277 6319 410 801 6320 20 1277 6321 426 1276 6322 410 801 6323 426 1276 6324 427 846 6325 424 832 6326 413 94 6327 411 23 6328 410 801 6329 426 1276 6330 424 832 6331 410 801 6332 532 836 6333 550 1001 6334 348 837 6335 366 849 6336 604 1094 6337 769 100 6338 769 100 6339 1272 466 6340 389 847 6341 389 847 6342 324 1463 6343 335 848 6344 335 848 6345 334 179 6346 356 712 6347 362 1410 6348 366 849 6349 335 848 6350 366 849 6351 769 100 6352 389 847 6353 335 848 6354 356 712 6355 362 1410 6356 586 854 6357 1362 999 6358 585 818 6359 640 387 6360 835 389 6361 204 390 6362 204 390 6363 681 392 6364 187 858 6365 430 521 6366 1181 520 6367 697 161 6368 1181 520 6369 337 448 6370 697 161 6371 697 161 6372 1447 338 6373 698 861 6374 457 560 6375 431 559 6376 430 521 6377 698 861 6378 1200 859 6379 430 521 6380 1200 859 6381 457 560 6382 430 521 6383 115 864 6384 116 1259 6385 105 862 6386 116 1259 6387 117 479 6388 106 1261 6389 105 862 6390 116 1259 6391 106 1261 6392 986 610 6393 590 597 6394 612 609 6395 590 597 6396 971 596 6397 612 609 6398 336 1219 6399 367 872 6400 1149 871 6401 367 872 6402 374 1306 6403 749 873 6404 209 363 6405 191 367 6406 208 212 6407 422 876 6408 423 9 6409 418 92 6410 377 885 6411 358 1470 6412 383 1396 6413 358 1470 6414 347 1472 6415 715 1195 6416 715 1195 6417 347 1472 6418 376 948 6419 347 1472 6420 346 1363 6421 363 646 6422 346 1363 6423 812 139 6424 363 646 6425 812 139 6426 1324 138 6427 363 646 6428 363 646 6429 764 1399 6430 368 74 6431 368 74 6432 369 1198 6433 347 1472 6434 369 1198 6435 724 1078 6436 1440 1077 6437 369 1198 6438 1440 1077 6439 347 1472 6440 363 646 6441 368 74 6442 347 1472 6443 375 1407 6444 734 1075 6445 848 123 6446 1440 1077 6447 375 1407 6448 347 1472 6449 752 1401 6450 385 1405 6451 687 884 6452 385 1405 6453 377 885 6454 687 884 6455 347 1472 6456 375 1407 6457 376 948 6458 375 1407 6459 848 123 6460 376 948 6461 376 948 6462 379 947 6463 715 1195 6464 715 1195 6465 380 1009 6466 358 1470 6467 380 1009 6468 381 1402 6469 358 1470 6470 381 1402 6471 686 105 6472 358 1470 6473 686 105 6474 383 1396 6475 358 1470 6476 383 1396 6477 638 1061 6478 377 885 6479 638 1061 6480 384 883 6481 377 885 6482 421 45 6483 425 895 6484 422 876 6485 425 895 6486 7 10 6487 423 9 6488 586 854 6489 1308 1383 6490 1309 899 6491 854 809 6492 243 755 6493 1222 315 6494 1215 166 6495 1216 881 6496 457 560 6497 1318 1388 6498 57 1387 6499 588 1445 6500 481 939 6501 46 1299 6502 1016 49 6503 736 945 6504 735 981 6505 920 1115 6506 920 1115 6507 78 1055 6508 60 1181 6509 60 1181 6510 61 1051 6511 517 504 6512 61 1051 6513 56 790 6514 517 504 6515 517 504 6516 492 503 6517 60 1181 6518 492 503 6519 67 943 6520 60 1181 6521 736 945 6522 920 1115 6523 67 943 6524 920 1115 6525 60 1181 6526 67 943 6527 614 1419 6528 528 1504 6529 180 401 6530 528 1504 6531 539 190 6532 180 401 6533 539 190 6534 978 606 6535 625 1225 6536 625 1225 6537 1020 270 6538 134 456 6539 134 456 6540 1043 691 6541 761 692 6542 761 692 6543 1106 437 6544 839 756 6545 839 756 6546 538 757 6547 924 946 6548 924 946 6549 1248 909 6550 493 908 6551 493 908 6552 1307 817 6553 86 819 6554 86 819 6555 180 401 6556 924 946 6557 180 401 6558 181 402 6559 614 1419 6560 839 756 6561 180 401 6562 761 692 6563 181 402 6564 193 32 6565 614 1419 6566 539 190 6567 625 1225 6568 180 401 6569 134 456 6570 761 692 6571 180 401 6572 625 1225 6573 134 456 6574 180 401 6575 180 401 6576 839 756 6577 924 946 6578 533 28 6579 534 1283 6580 597 427 6581 534 1283 6582 1091 949 6583 597 427 6584 597 427 6585 1091 949 6586 670 425 6587 1031 1131 6588 767 1498 6589 297 1102 6590 767 1498 6591 1019 654 6592 1011 649 6593 297 1102 6594 767 1498 6595 1011 649 6596 744 653 6597 299 679 6598 1011 649 6599 1019 654 6600 744 653 6601 1011 649 6602 1151 196 6603 627 1471 6604 297 1102 6605 561 1489 6606 1151 196 6607 671 647 6608 1151 196 6609 297 1102 6610 671 647 6611 1011 649 6612 1010 648 6613 774 954 6614 671 647 6615 1011 649 6616 878 530 6617 1011 649 6618 671 647 6619 297 1102 6620 878 530 6621 945 529 6622 671 647 6623 671 647 6624 1479 1118 6625 931 1120 6626 931 1120 6627 1414 1497 6628 480 1496 6629 931 1120 6630 480 1496 6631 671 647 6632 480 1496 6633 473 1495 6634 671 647 6635 473 1495 6636 596 1545 6637 561 1489 6638 473 1495 6639 561 1489 6640 671 647 6641 1025 664 6642 1024 663 6643 893 956 6644 1364 968 6645 1363 998 6646 586 854 6647 1542 66 6648 1545 68 6649 329 760 6650 1545 68 6651 334 179 6652 330 178 6653 329 760 6654 1545 68 6655 330 178 6656 206 360 6657 207 213 6658 189 397 6659 189 397 6660 188 366 6661 206 360 6662 861 973 6663 1283 931 6664 246 974 6665 311 1546 6666 286 1547 6667 15 76 6668 382 1218 6669 311 1546 6670 15 76 6671 407 1487 6672 403 1486 6673 402 980 6674 402 980 6675 382 1218 6676 15 76 6677 406 1488 6678 407 1487 6679 402 980 6680 409 75 6681 406 1488 6682 402 980 6683 885 984 6684 974 1243 6685 1501 985 6686 42 1505 6687 921 1507 6688 43 1179 6689 921 1507 6690 922 227 6691 717 997 6692 43 1179 6693 921 1507 6694 717 997 6695 1154 798 6696 1156 225 6697 45 1506 6698 1154 798 6699 45 1506 6700 1253 1548 6701 45 1506 6702 581 1162 6703 1253 1548 6704 1253 1548 6705 600 1164 6706 718 996 6707 1154 798 6708 1253 1548 6709 718 996 6710 718 996 6711 1197 857 6712 717 997 6713 43 1179 6714 838 1123 6715 42 1505 6716 1154 798 6717 718 996 6718 922 227 6719 1485 1002 6720 1486 1129 6721 74 1003 6722 1328 1006 6723 837 1121 6724 760 1007 6725 760 1007 6726 759 1060 6727 292 1008 6728 292 1008 6729 294 1532 6730 1328 1006 6731 841 982 6732 735 981 6733 1537 1022 6734 1309 899 6735 1308 1383 6736 494 907 6737 29 347 6738 33 349 6739 40 708 6740 874 488 6741 101 1536 6742 1252 1036 6743 98 587 6744 657 470 6745 675 678 6746 657 470 6747 676 469 6748 675 678 6749 797 1067 6750 811 1039 6751 103 585 6752 103 585 6753 98 587 6754 797 1067 6755 98 587 6756 675 678 6757 797 1067 6758 110 1042 6759 785 1041 6760 606 979 6761 606 979 6762 797 1067 6763 675 678 6764 606 979 6765 675 678 6766 92 1043 6767 675 678 6768 691 639 6769 92 1043 6770 124 918 6771 110 1042 6772 606 979 6773 132 342 6774 123 341 6775 124 918 6776 132 342 6777 124 918 6778 606 979 6779 135 459 6780 1190 840 6781 132 342 6782 135 459 6783 132 342 6784 606 979 6785 135 459 6786 606 979 6787 496 808 6788 135 459 6789 496 808 6790 1162 807 6791 1300 951 6792 1302 51 6793 873 37 6794 122 792 6795 553 793 6796 617 110 6797 553 793 6798 130 904 6799 684 11 6800 1300 951 6801 873 37 6802 122 792 6803 1325 964 6804 1327 966 6805 435 52 6806 1300 951 6807 122 792 6808 617 110 6809 553 793 6810 684 11 6811 617 110 6812 1325 964 6813 435 52 6814 1300 951 6815 601 498 6816 513 1274 6817 1500 1549 6818 513 1274 6819 1325 964 6820 1500 1549 6821 573 1197 6822 90 496 6823 1500 1549 6824 90 496 6825 601 498 6826 1500 1549 6827 1500 1549 6828 79 658 6829 573 1197 6830 1283 931 6831 1282 326 6832 476 328 6833 682 1550 6834 246 974 6835 476 328 6836 246 974 6837 1283 931 6838 476 328 6839 242 1072 6840 682 1550 6841 1329 1524 6842 682 1550 6843 476 328 6844 1329 1524 6845 693 1133 6846 940 1132 6847 692 337 6848 692 337 6849 242 1072 6850 693 1133 6851 242 1072 6852 1329 1524 6853 693 1133 6854 1046 1551 6855 1500 1549 6856 617 110 6857 1500 1549 6858 1325 964 6859 1300 951 6860 1500 1549 6861 1300 951 6862 617 110 6863 1489 1134 6864 693 1133 6865 1329 1524 6866 860 345 6867 240 344 6868 779 1105 6869 1489 1134 6870 1329 1524 6871 1046 1551 6872 860 345 6873 779 1105 6874 1489 1134 6875 1093 732 6876 237 687 6877 1054 1058 6878 1054 1058 6879 860 345 6880 617 110 6881 860 345 6882 1489 1134 6883 617 110 6884 1489 1134 6885 1046 1551 6886 617 110 6887 617 110 6888 616 463 6889 1013 651 6890 149 825 6891 885 984 6892 1518 1149 6893 885 984 6894 452 986 6895 1520 372 6896 1518 1149 6897 885 984 6898 1520 372 6899 617 110 6900 1013 651 6901 149 825 6902 560 576 6903 1093 732 6904 1054 1058 6905 617 110 6906 149 825 6907 1518 1149 6908 898 370 6909 1466 558 6910 174 388 6911 1518 1149 6912 898 370 6913 1415 1052 6914 898 370 6915 174 388 6916 1415 1052 6917 174 388 6918 1416 1053 6919 1415 1052 6920 639 1235 6921 230 1248 6922 548 1136 6923 1415 1052 6924 639 1235 6925 548 1136 6926 1194 851 6927 1196 853 6928 234 1341 6929 1518 1149 6930 1415 1052 6931 548 1136 6932 1194 851 6933 234 1341 6934 560 576 6935 1518 1149 6936 548 1136 6937 1054 1058 6938 548 1136 6939 1194 851 6940 1054 1058 6941 1054 1058 6942 617 110 6943 1518 1149 6944 1507 1065 6945 714 156 6946 713 1063 6947 714 156 6948 742 584 6949 713 1063 6950 1437 336 6951 1311 1552 6952 242 1072 6953 1311 1552 6954 682 1550 6955 242 1072 6956 1241 1079 6957 879 1525 6958 1240 436 6959 549 1085 6960 1370 107 6961 550 1001 6962 86 819 6963 72 1152 6964 0 1215 6965 0 1215 6966 1 429 6967 86 819 6968 1 429 6969 159 428 6970 86 819 6971 160 430 6972 169 415 6973 170 416 6974 159 428 6975 160 430 6976 86 819 6977 180 401 6978 86 819 6979 160 430 6980 180 401 6981 170 416 6982 179 400 6983 170 416 6984 180 401 6985 160 430 6986 170 416 6987 177 398 6988 178 399 6989 1073 1541 6990 317 1089 6991 871 1303 6992 317 1089 6993 336 1219 6994 725 1540 6995 336 1219 6996 1149 871 6997 439 831 6998 1184 1355 6999 593 829 7000 336 1219 7001 593 829 7002 1152 1539 7003 336 1219 7004 336 1219 7005 439 831 7006 1184 1355 7007 871 1303 7008 315 1304 7009 1073 1541 7010 536 572 7011 319 574 7012 904 20 7013 904 20 7014 871 1303 7015 317 1089 7016 317 1089 7017 725 1540 7018 816 1377 7019 725 1540 7020 336 1219 7021 1152 1539 7022 816 1377 7023 536 572 7024 317 1089 7025 960 134 7026 959 133 7027 851 1098 7028 1113 752 7029 1112 751 7030 699 1333 7031 779 1105 7032 240 344 7033 1491 1103 7034 240 344 7035 940 1132 7036 1491 1103 7037 546 1109 7038 545 1137 7039 566 1110 7040 1166 810 7041 732 441 7042 1168 1116 7043 838 1123 7044 43 1179 7045 1199 855 7046 54 1379 7047 58 1125 7048 1269 1380 7049 58 1125 7050 63 1447 7051 68 1124 7052 1269 1380 7053 58 1125 7054 1183 934 7055 63 1447 7056 62 1442 7057 1018 1183 7058 68 1124 7059 1038 39 7060 69 41 7061 63 1447 7062 1018 1183 7063 68 1124 7064 70 1268 7065 58 1125 7066 69 41 7067 1183 934 7068 1270 1381 7069 1269 1380 7070 70 1268 7071 1121 932 7072 58 1125 7073 1121 932 7074 1183 934 7075 58 1125 7076 297 1102 7077 699 1101 7078 461 1130 7079 1003 641 7080 1005 258 7081 900 257 7082 1005 258 7083 288 1135 7084 900 257 7085 548 1136 7086 230 1248 7087 1196 853 7088 230 1248 7089 234 1341 7090 1196 853 7091 451 603 7092 980 602 7093 979 605 7094 1401 91 7095 1400 90 7096 525 1142 7097 105 862 7098 106 1261 7099 1297 1520 7100 106 1261 7101 906 709 7102 568 1165 7103 568 1165 7104 906 709 7105 864 1434 7106 906 709 7107 907 710 7108 892 40 7109 892 40 7110 1037 1435 7111 882 1182 7112 882 1182 7113 1017 1184 7114 864 1434 7115 864 1434 7116 1008 1510 7117 844 1515 7118 568 1165 7119 1532 517 7120 881 514 7121 1532 517 7122 1513 515 7123 881 514 7124 864 1434 7125 844 1515 7126 568 1165 7127 892 40 7128 882 1182 7129 906 709 7130 882 1182 7131 864 1434 7132 906 709 7133 1172 85 7134 623 84 7135 1219 500 7136 623 84 7137 105 862 7138 1219 500 7139 1246 901 7140 662 501 7141 663 902 7142 662 501 7143 1219 500 7144 663 902 7145 106 1261 7146 568 1165 7147 881 514 7148 1219 500 7149 105 862 7150 663 902 7151 632 508 7152 609 1521 7153 663 902 7154 106 1261 7155 881 514 7156 1493 1518 7157 1454 1517 7158 106 1261 7159 1493 1518 7160 881 514 7161 1494 1516 7162 1493 1518 7163 1454 1517 7164 82 1519 7165 106 1261 7166 82 1519 7167 1297 1520 7168 106 1261 7169 632 508 7170 663 902 7171 105 862 7172 1297 1520 7173 1293 509 7174 105 862 7175 556 1148 7176 249 636 7177 477 215 7178 477 215 7179 557 632 7180 556 1148 7181 458 27 7182 459 1281 7183 963 1150 7184 72 1152 7185 86 819 7186 737 569 7187 86 819 7188 585 818 7189 1362 999 7190 737 569 7191 86 819 7192 1362 999 7193 737 569 7194 1485 1002 7195 73 1004 7196 702 1153 7197 776 1173 7198 1510 1145 7199 776 1173 7200 75 1553 7201 1510 1145 7202 75 1553 7203 652 1146 7204 1510 1145 7205 1337 972 7206 466 759 7207 1338 765 7208 599 1163 7209 53 502 7210 1224 1286 7211 1224 1286 7212 1223 1554 7213 599 1163 7214 1223 1554 7215 600 1164 7216 599 1163 7217 600 1164 7218 1253 1548 7219 581 1162 7220 454 417 7221 1041 418 7222 1040 1168 7223 216 570 7224 227 352 7225 228 266 7226 26 1175 7227 74 1003 7228 75 1553 7229 75 1553 7230 776 1173 7231 26 1175 7232 717 997 7233 1198 856 7234 1199 855 7235 515 331 7236 1353 330 7237 1352 988 7238 882 1182 7239 68 1124 7240 1018 1183 7241 941 354 7242 1040 1168 7243 1041 418 7244 1392 1188 7245 728 1555 7246 727 127 7247 424 832 7248 427 846 7249 425 895 7250 427 846 7251 6 845 7252 425 895 7253 924 946 7254 460 1228 7255 97 1030 7256 97 1030 7257 494 907 7258 1248 909 7259 615 1191 7260 656 187 7261 352 675 7262 1069 97 7263 1125 96 7264 810 723 7265 1125 96 7266 564 1469 7267 304 1194 7268 237 687 7269 720 688 7270 1054 1058 7271 720 688 7272 239 346 7273 1054 1058 7274 1481 1196 7275 888 53 7276 90 496 7277 344 480 7278 1545 68 7279 1548 67 7280 1548 67 7281 1543 228 7282 343 15 7283 469 1201 7284 470 703 7285 1061 535 7286 544 1203 7287 1526 524 7288 1527 523 7289 361 151 7290 554 673 7291 351 1086 7292 554 673 7293 352 675 7294 351 1086 7295 351 1086 7296 350 340 7297 361 151 7298 915 378 7299 1303 377 7300 1304 953 7301 1305 1208 7302 1306 626 7303 326 893 7304 915 378 7305 1304 953 7306 1305 1208 7307 488 1205 7308 349 1204 7309 602 109 7310 584 779 7311 510 661 7312 1474 1212 7313 73 1004 7314 74 1003 7315 0 1215 7316 74 1003 7317 26 1175 7318 0 1215 7319 713 1063 7320 742 584 7321 741 1171 7322 741 1171 7323 618 19 7324 354 1217 7325 618 19 7326 1530 18 7327 354 1217 7328 336 1219 7329 317 1089 7330 382 1218 7331 317 1089 7332 313 668 7333 311 1546 7334 382 1218 7335 317 1089 7336 311 1546 7337 313 668 7338 312 667 7339 311 1546 7340 312 667 7341 309 1423 7342 311 1546 7343 1418 1054 7344 1419 1056 7345 658 1220 7346 963 1150 7347 534 1283 7348 533 28 7349 207 213 7350 208 212 7351 190 368 7352 641 260 7353 287 622 7354 1005 258 7355 287 622 7356 858 235 7357 1005 258 7358 882 1182 7359 1037 1435 7360 1038 39 7361 839 756 7362 1106 437 7363 1107 1224 7364 978 606 7365 980 602 7366 626 271 7367 462 541 7368 61 1051 7369 1049 539 7370 61 1051 7371 891 1180 7372 1049 539 7373 891 1180 7374 1006 1556 7375 1007 1226 7376 457 560 7377 1217 880 7378 1218 1207 7379 1492 1458 7380 95 1232 7381 85 1231 7382 95 1232 7383 107 486 7384 108 485 7385 1415 1052 7386 187 858 7387 681 392 7388 681 392 7389 1298 391 7390 639 1235 7391 1236 894 7392 901 1367 7393 1286 147 7394 901 1367 7395 1285 1238 7396 1286 147 7397 414 93 7398 415 5 7399 411 23 7400 694 483 7401 1427 1406 7402 747 1240 7403 906 709 7404 106 1261 7405 129 963 7406 106 1261 7407 118 478 7408 129 963 7409 129 963 7410 99 1263 7411 906 709 7412 93 493 7413 94 495 7414 71 1250 7415 94 495 7416 83 507 7417 71 1250 7418 99 1263 7419 93 493 7420 906 709 7421 757 1242 7422 1062 526 7423 906 709 7424 83 507 7425 64 538 7426 71 1250 7427 71 1250 7428 757 1242 7429 93 493 7430 974 1243 7431 885 984 7432 149 825 7433 652 1146 7434 75 1553 7435 74 1003 7436 74 1003 7437 1486 1129 7438 652 1146 7439 1486 1129 7440 651 1127 7441 652 1146 7442 230 1248 7443 639 1235 7444 1298 391 7445 537 1249 7446 1144 242 7447 234 1341 7448 234 1341 7449 230 1248 7450 537 1249 7451 125 1252 7452 136 460 7453 137 278 7454 308 1253 7455 770 614 7456 988 611 7457 399 132 7458 960 134 7459 400 1099 7460 127 1258 7461 128 477 7462 117 479 7463 1034 681 7464 1036 282 7465 282 977 7466 282 977 7467 992 621 7468 1034 681 7469 353 1158 7470 551 1157 7471 1477 188 7472 551 1157 7473 552 176 7474 1477 188 7475 1477 188 7476 656 187 7477 353 1158 7478 656 187 7479 615 1191 7480 353 1158 7481 574 308 7482 575 177 7483 353 1158 7484 649 550 7485 650 552 7486 1310 309 7487 1342 287 7488 649 550 7489 353 1158 7490 649 550 7491 1310 309 7492 353 1158 7493 1310 309 7494 574 308 7495 353 1158 7496 353 1158 7497 615 1191 7498 555 285 7499 910 919 7500 142 1316 7501 111 676 7502 111 676 7503 542 1266 7504 910 919 7505 1148 795 7506 449 1450 7507 933 206 7508 896 758 7509 1410 1046 7510 897 1010 7511 1410 1046 7512 919 1047 7513 897 1010 7514 771 868 7515 298 233 7516 1117 1270 7517 603 1000 7518 486 339 7519 487 1209 7520 486 339 7521 1448 160 7522 487 1209 7523 1000 1271 7524 999 677 7525 903 1262 7526 738 568 7527 665 567 7528 87 1272 7529 417 46 7530 418 92 7531 413 94 7532 103 585 7533 1430 1066 7534 1429 481 7535 1280 927 7536 1279 928 7537 505 930 7538 155 452 7539 144 450 7540 154 449 7541 154 449 7542 153 446 7543 163 445 7544 163 445 7545 162 434 7546 171 420 7547 171 420 7548 183 942 7549 163 445 7550 183 942 7551 184 941 7552 163 445 7553 184 941 7554 185 1245 7555 172 422 7556 172 422 7557 173 424 7558 155 452 7559 173 424 7560 164 1246 7561 155 452 7562 164 1246 7563 156 395 7564 155 452 7565 155 452 7566 154 449 7567 172 422 7568 154 449 7569 163 445 7570 172 422 7571 21 1275 7572 22 844 7573 427 846 7574 658 1220 7575 78 1055 7576 920 1115 7577 515 331 7578 434 513 7579 96 512 7580 1500 1549 7581 1046 1551 7582 822 306 7583 1046 1551 7584 1223 1554 7585 462 541 7586 1047 697 7587 1046 1551 7588 462 541 7589 1224 1286 7590 53 502 7591 56 790 7592 950 656 7593 79 658 7594 1500 1549 7595 1049 539 7596 1007 1226 7597 1047 697 7598 1007 1226 7599 822 306 7600 1046 1551 7601 1047 697 7602 1007 1226 7603 1046 1551 7604 822 306 7605 950 656 7606 1500 1549 7607 1223 1554 7608 1224 1286 7609 462 541 7610 295 545 7611 1117 1270 7612 298 233 7613 295 545 7614 298 233 7615 1133 1222 7616 291 969 7617 293 1344 7618 289 253 7619 293 1344 7620 572 1343 7621 289 253 7622 572 1343 7623 295 545 7624 289 253 7625 295 545 7626 1133 1222 7627 294 1532 7628 706 1336 7629 1083 267 7630 302 1544 7631 1083 267 7632 636 1543 7633 302 1544 7634 295 545 7635 294 1532 7636 289 253 7637 294 1532 7638 1133 1222 7639 302 1544 7640 1133 1222 7641 706 1336 7642 302 1544 7643 302 1544 7644 1139 1527 7645 1238 897 7646 1139 1527 7647 303 898 7648 1238 897 7649 923 1528 7650 302 1544 7651 301 1221 7652 1238 897 7653 1237 403 7654 301 1221 7655 1238 897 7656 301 1221 7657 302 1544 7658 302 1544 7659 923 1528 7660 1271 1529 7661 1330 970 7662 291 969 7663 289 253 7664 302 1544 7665 1271 1529 7666 296 1531 7667 302 1544 7668 296 1531 7669 294 1532 7670 728 1555 7671 1392 1188 7672 648 699 7673 648 699 7674 1330 970 7675 728 1555 7676 695 1069 7677 728 1555 7678 283 796 7679 283 796 7680 728 1555 7681 1258 911 7682 266 304 7683 273 1309 7684 1541 1070 7685 266 304 7686 1541 1070 7687 258 219 7688 1541 1070 7689 695 1069 7690 267 1290 7691 258 219 7692 1541 1070 7693 1431 962 7694 1311 1552 7695 236 490 7696 266 304 7697 246 974 7698 682 1550 7699 248 312 7700 682 1550 7701 1311 1552 7702 248 312 7703 1311 1552 7704 266 304 7705 248 312 7706 248 312 7707 266 304 7708 1153 313 7709 294 1532 7710 292 1008 7711 1422 1059 7712 1330 970 7713 289 253 7714 728 1555 7715 1153 313 7716 266 304 7717 508 1421 7718 508 1421 7719 252 323 7720 1153 313 7721 508 1421 7722 266 304 7723 254 1530 7724 1422 1059 7725 290 1122 7726 289 253 7727 289 253 7728 889 237 7729 993 236 7730 993 236 7731 287 622 7732 285 786 7733 285 786 7734 690 1346 7735 1258 911 7736 283 796 7737 875 976 7738 808 975 7739 285 786 7740 1258 911 7741 728 1555 7742 289 253 7743 993 236 7744 285 786 7745 294 1532 7746 1422 1059 7747 289 253 7748 514 218 7749 254 1530 7750 266 304 7751 258 219 7752 514 218 7753 266 304 7754 289 253 7755 285 786 7756 728 1555 7757 283 796 7758 808 975 7759 695 1069 7760 808 975 7761 281 662 7762 695 1069 7763 281 662 7764 629 1533 7765 695 1069 7766 1431 962 7767 1541 1070 7768 261 1411 7769 267 1290 7770 261 1411 7771 1541 1070 7772 274 229 7773 805 231 7774 267 1290 7775 695 1069 7776 629 1533 7777 274 229 7778 571 1301 7779 291 969 7780 1333 246 7781 972 595 7782 566 1110 7783 970 118 7784 970 118 7785 611 1291 7786 973 598 7787 611 1291 7788 612 609 7789 973 598 7790 183 942 7791 171 420 7792 182 419 7793 182 419 7794 201 384 7795 183 942 7796 642 1305 7797 1065 1511 7798 903 1262 7799 547 171 7800 525 1142 7801 1399 1185 7802 503 89 7803 1401 91 7804 390 1084 7805 503 89 7806 390 1084 7807 655 1408 7808 908 554 7809 909 556 7810 883 1029 7811 909 556 7812 386 1400 7813 883 1029 7814 1399 1185 7815 503 89 7816 655 1408 7817 547 171 7818 1399 1185 7819 591 1414 7820 1399 1185 7821 655 1408 7822 908 554 7823 591 1414 7824 883 1029 7825 941 354 7826 908 554 7827 883 1029 7828 591 1414 7829 591 1414 7830 941 354 7831 1497 1425 7832 883 1029 7833 1388 1189 7834 941 354 7835 1497 1425 7836 941 354 7837 1027 670 7838 393 1413 7839 392 169 7840 547 171 7841 1462 1412 7842 393 1413 7843 591 1414 7844 393 1413 7845 547 171 7846 591 1414 7847 815 80 7848 788 173 7849 1497 1425 7850 1538 81 7851 815 80 7852 1497 1425 7853 1538 81 7854 1497 1425 7855 958 1279 7856 591 1414 7857 1399 1185 7858 908 554 7859 958 1279 7860 1497 1425 7861 1027 670 7862 958 1279 7863 959 133 7864 834 224 7865 958 1279 7866 834 224 7867 1538 81 7868 1027 670 7869 913 1302 7870 958 1279 7871 453 534 7872 1040 1168 7873 941 354 7874 453 534 7875 941 354 7876 1059 1311 7877 374 1306 7878 941 354 7879 1388 1189 7880 374 1306 7881 1059 1311 7882 941 354 7883 868 1035 7884 749 873 7885 374 1306 7886 345 1538 7887 1406 1403 7888 868 1035 7889 589 629 7890 831 409 7891 830 411 7892 830 411 7893 345 1538 7894 868 1035 7895 830 411 7896 868 1035 7897 374 1306 7898 764 1399 7899 363 646 7900 763 1024 7901 363 646 7902 589 629 7903 763 1024 7904 589 629 7905 830 411 7906 374 1306 7907 589 629 7908 374 1306 7909 1385 1027 7910 763 1024 7911 589 629 7912 1385 1027 7913 1407 1199 7914 678 72 7915 1385 1027 7916 724 1078 7917 369 1198 7918 704 1038 7919 1407 1199 7920 1385 1027 7921 374 1306 7922 723 1074 7923 724 1078 7924 704 1038 7925 704 1038 7926 1407 1199 7927 374 1306 7928 723 1074 7929 704 1038 7930 374 1306 7931 848 123 7932 734 1075 7933 685 1057 7934 734 1075 7935 723 1074 7936 374 1306 7937 685 1057 7938 734 1075 7939 374 1306 7940 938 113 7941 379 947 7942 685 1057 7943 866 789 7944 672 788 7945 1413 1048 7946 672 788 7947 377 885 7948 385 1405 7949 1413 1048 7950 672 788 7951 385 1405 7952 1413 1048 7953 768 1050 7954 866 789 7955 866 789 7956 768 1050 7957 1388 1189 7958 768 1050 7959 1411 1404 7960 1388 1189 7961 752 1401 7962 1395 1190 7963 673 70 7964 1395 1190 7965 384 883 7966 673 70 7967 637 1062 7968 638 1061 7969 594 1397 7970 638 1061 7971 383 1396 7972 594 1397 7973 752 1401 7974 673 70 7975 1411 1404 7976 673 70 7977 637 1062 7978 1411 1404 7979 637 1062 7980 594 1397 7981 1365 1192 7982 1411 1404 7983 637 1062 7984 1365 1192 7985 569 106 7986 686 105 7987 381 1402 7988 1388 1189 7989 1411 1404 7990 374 1306 7991 1411 1404 7992 1365 1192 7993 374 1306 7994 569 106 7995 381 1402 7996 468 1139 7997 1365 1192 7998 569 106 7999 450 989 8000 569 106 8001 468 1139 8002 450 989 8003 1365 1192 8004 450 989 8005 938 113 8006 938 113 8007 685 1057 8008 374 1306 8009 525 1142 8010 1423 170 8011 1424 1187 8012 269 761 8013 268 1374 8014 277 290 8015 273 1309 8016 266 304 8017 272 303 8018 1230 886 8019 1229 888 8020 523 1314 8021 859 458 8022 519 457 8023 518 805 8024 518 805 8025 766 1345 8026 142 1316 8027 142 1316 8028 910 919 8029 463 835 8030 910 919 8031 438 870 8032 1205 220 8033 1205 220 8034 464 222 8035 463 835 8036 910 919 8037 1205 220 8038 463 835 8039 859 458 8040 518 805 8041 142 1316 8042 463 835 8043 1187 834 8044 859 458 8045 235 492 8046 233 491 8047 442 1318 8048 233 491 8049 221 1352 8050 1169 1350 8051 442 1318 8052 233 491 8053 939 1351 8054 1169 1350 8055 939 1351 8056 233 491 8057 926 754 8058 235 492 8059 442 1318 8060 925 316 8061 926 754 8062 442 1318 8063 442 1318 8064 1165 325 8065 1220 1317 8066 1165 325 8067 731 324 8068 732 441 8069 731 324 8070 556 1148 8071 643 1147 8072 1103 1330 8073 731 324 8074 643 1147 8075 1103 1330 8076 732 441 8077 731 324 8078 732 441 8079 1166 810 8080 1165 325 8081 1166 810 8082 854 809 8083 1165 325 8084 854 809 8085 1220 1317 8086 1165 325 8087 930 254 8088 290 1122 8089 953 582 8090 290 1122 8091 837 1121 8092 953 582 8093 1313 959 8094 1312 1237 8095 751 960 8096 1312 1237 8097 750 279 8098 751 960 8099 835 389 8100 1465 615 8101 166 1502 8102 1465 615 8103 167 557 8104 166 1502 8105 167 557 8106 1501 985 8107 166 1502 8108 1501 985 8109 974 1243 8110 166 1502 8111 535 824 8112 1012 462 8113 139 461 8114 974 1243 8115 535 824 8116 166 1502 8117 204 390 8118 835 389 8119 203 1501 8120 537 1249 8121 1298 391 8122 236 490 8123 1298 391 8124 204 390 8125 203 1501 8126 1092 575 8127 559 241 8128 479 685 8129 559 241 8130 537 1249 8131 236 490 8132 240 344 8133 1039 686 8134 236 490 8135 1039 686 8136 479 685 8137 236 490 8138 559 241 8139 236 490 8140 479 685 8141 1298 391 8142 203 1501 8143 236 490 8144 835 389 8145 166 1502 8146 203 1501 8147 535 824 8148 139 461 8149 166 1502 8150 139 461 8151 133 12 8152 121 1503 8153 133 12 8154 130 904 8155 121 1503 8156 130 904 8157 1145 791 8158 121 1503 8159 1145 791 8160 793 36 8161 121 1503 8162 241 335 8163 940 1132 8164 240 344 8165 1311 1552 8166 1437 336 8167 241 335 8168 236 490 8169 1311 1552 8170 241 335 8171 109 1322 8172 121 1503 8173 872 38 8174 121 1503 8175 166 1502 8176 139 461 8177 236 490 8178 241 335 8179 240 344 8180 793 36 8181 872 38 8182 121 1503 8183 888 53 8184 1481 1196 8185 1350 992 8186 1481 1196 8187 739 657 8188 1350 992 8189 872 38 8190 888 53 8191 109 1322 8192 739 657 8193 949 305 8194 821 307 8195 821 307 8196 1006 1556 8197 891 1180 8198 891 1180 8199 60 1181 8200 821 307 8201 60 1181 8202 78 1055 8203 821 307 8204 78 1055 8205 608 991 8206 739 657 8207 608 991 8208 1355 993 8209 1350 992 8210 739 657 8211 608 991 8212 1350 992 8213 739 657 8214 821 307 8215 78 1055 8216 598 1323 8217 1529 165 8218 342 164 8219 913 1302 8220 1028 669 8221 1029 353 8222 216 570 8223 217 381 8224 198 380 8225 1105 1332 8226 643 1147 8227 247 690 8228 247 690 8229 250 631 8230 251 1331 8231 251 1331 8232 646 1347 8233 245 440 8234 245 440 8235 1105 1332 8236 247 690 8237 1315 1385 8238 751 960 8239 654 1358 8240 751 960 8241 1254 281 8242 654 1358 8243 1254 281 8244 259 1376 8245 654 1358 8246 259 1376 8247 262 1375 8248 654 1358 8249 583 762 8250 509 299 8251 510 661 8252 509 299 8253 1109 240 8254 510 661 8255 262 1375 8256 583 762 8257 578 781 8258 654 1358 8259 262 1375 8260 578 781 8261 510 661 8262 584 779 8263 583 762 8264 584 779 8265 578 781 8266 583 762 8267 1204 869 8268 579 780 8269 263 1213 8270 654 1358 8271 1204 869 8272 264 302 8273 1204 869 8274 263 1213 8275 264 302 8276 263 1213 8277 1474 1212 8278 271 300 8279 1474 1212 8280 1473 660 8281 271 300 8282 1473 660 8283 1120 238 8284 271 300 8285 264 302 8286 260 1233 8287 1315 1385 8288 260 1233 8289 251 1331 8290 255 578 8291 1361 800 8292 260 1233 8293 255 578 8294 271 300 8295 264 302 8296 263 1213 8297 1315 1385 8298 654 1358 8299 264 302 8300 260 1233 8301 1361 800 8302 1315 1385 8303 251 1331 8304 250 631 8305 255 578 8306 253 637 8307 1312 1237 8308 1359 799 8309 1312 1237 8310 1313 959 8311 818 1334 8312 433 1278 8313 477 215 8314 253 637 8315 1359 799 8316 433 1278 8317 253 637 8318 1313 959 8319 1315 1385 8320 818 1334 8321 1315 1385 8322 1361 800 8323 818 1334 8324 1245 143 8325 365 145 8326 372 135 8327 1023 665 8328 1025 664 8329 485 625 8330 1025 664 8331 484 1296 8332 485 625 8333 1023 665 8334 485 625 8335 995 1297 8336 504 87 8337 893 956 8338 1023 665 8339 404 1340 8340 410 801 8341 408 0 8342 408 0 8343 13 1177 8344 405 1176 8345 1481 1196 8346 573 1197 8347 79 658 8348 927 635 8349 1258 911 8350 284 273 8351 1258 911 8352 690 1346 8353 284 273 8354 197 1241 8355 198 380 8356 653 1512 8357 198 380 8358 142 1316 8359 766 1345 8360 766 1345 8361 765 804 8362 653 1512 8363 765 804 8364 141 806 8365 653 1512 8366 198 380 8367 766 1345 8368 653 1512 8369 195 374 8370 196 376 8371 1435 1348 8372 196 376 8373 197 1241 8374 1435 1348 8375 709 1113 8376 708 1313 8377 853 1514 8378 708 1313 8379 195 374 8380 853 1514 8381 1435 1348 8382 197 1241 8383 1436 1513 8384 653 1512 8385 1436 1513 8386 197 1241 8387 1349 1349 8388 853 1514 8389 195 374 8390 343 15 8391 1543 228 8392 801 16 8393 1543 228 8394 1546 1172 8395 801 16 8396 1511 364 8397 574 308 8398 598 1323 8399 1448 160 8400 486 339 8401 1447 338 8402 846 1542 8403 1074 1422 8404 987 612 8405 1074 1422 8406 630 1239 8407 987 612 8408 630 1239 8409 1178 120 8410 703 122 8411 703 122 8412 526 613 8413 987 612 8414 987 612 8415 770 614 8416 846 1542 8417 542 1266 8418 867 1257 8419 110 1042 8420 110 1042 8421 124 918 8422 542 1266 8423 1132 232 8424 1131 234 8425 729 1337 8426 404 1340 8427 405 1176 8428 14 1178 8429 14 1178 8430 420 1359 8431 404 1340 8432 420 1359 8433 18 1461 8434 19 1360 8435 346 1363 8436 347 1472 8437 1068 716 8438 1068 716 8439 520 683 8440 497 682 8441 497 682 8442 1097 1526 8443 796 1362 8444 796 1362 8445 1139 1527 8446 346 1363 8447 1139 1527 8448 302 1544 8449 346 1363 8450 346 1363 8451 1068 716 8452 497 682 8453 51 181 8454 1368 182 8455 570 1307 8456 1368 182 8457 707 314 8458 570 1307 8459 707 314 8460 1347 60 8461 59 1251 8462 59 1251 8463 71 1250 8464 570 1307 8465 71 1250 8466 64 538 8467 679 1418 8468 570 1307 8469 71 1250 8470 679 1418 8471 64 538 8472 726 43 8473 790 750 8474 790 750 8475 956 749 8476 64 538 8477 956 749 8478 679 1418 8479 64 538 8480 679 1418 8481 1467 1108 8482 570 1307 8483 1467 1108 8484 1468 1107 8485 664 1366 8486 1468 1107 8487 1469 1417 8488 664 1366 8489 664 1366 8490 1456 1090 8491 570 1307 8492 707 314 8493 59 1251 8494 570 1307 8495 1483 1370 8496 1482 1420 8497 1470 1111 8498 1470 1111 8499 1472 563 8500 1483 1370 8501 1472 563 8502 35 1368 8503 1483 1370 8504 257 280 8505 256 1236 8506 268 1374 8507 268 1374 8508 269 761 8509 262 1375 8510 259 1376 8511 257 280 8512 268 1374 8513 114 1260 8514 113 475 8515 126 474 8516 126 474 8517 125 1252 8518 138 277 8519 138 277 8520 148 455 8521 115 864 8522 148 455 8523 127 1258 8524 115 864 8525 127 1258 8526 116 1259 8527 115 864 8528 115 864 8529 114 1260 8530 138 277 8531 365 145 8532 710 144 8533 436 1092 8534 436 1092 8535 1310 309 8536 365 145 8537 1310 309 8538 650 552 8539 360 149 8540 360 149 8541 1285 1238 8542 365 145 8543 1285 1238 8544 901 1367 8545 365 145 8546 901 1367 8547 372 135 8548 365 145 8549 827 726 8550 1084 725 8551 1086 727 8552 1102 745 8553 863 1329 8554 862 743 8555 1113 1557 8556 1086 1476 8557 1102 1390 8558 699 1333 8559 1111 753 8560 1113 752 8561 444 1392 8562 699 1101 8563 1113 1557 8564 1113 1557 8565 1102 1390 8566 444 1392 8567 1200 859 8568 698 861 8569 338 696 8570 1046 1551 8571 1329 1524 8572 238 95 8573 1329 1524 8574 1240 436 8575 238 95 8576 879 1525 8577 520 683 8578 1066 718 8579 1240 436 8580 879 1525 8581 238 95 8582 1223 1554 8583 1046 1551 8584 40 708 8585 879 1525 8586 1066 718 8587 1150 197 8588 1066 718 8589 541 1312 8590 1088 731 8591 1150 197 8592 1066 718 8593 1114 1474 8594 541 1312 8595 1090 729 8596 1088 731 8597 1088 731 8598 558 1324 8599 1114 1474 8600 1114 1474 8601 1115 1473 8602 628 195 8603 1150 197 8604 1151 196 8605 561 1489 8606 1114 1474 8607 628 195 8608 1150 197 8609 1088 731 8610 1114 1474 8611 1066 718 8612 1046 1551 8613 238 95 8614 30 1032 8615 238 95 8616 879 1525 8617 561 1489 8618 44 1398 8619 718 996 8620 600 1164 8621 600 1164 8622 1223 1554 8623 40 708 8624 40 708 8625 1046 1551 8626 30 1032 8627 1150 197 8628 561 1489 8629 879 1525 8630 421 45 8631 416 47 8632 413 94 8633 421 45 8634 413 94 8635 424 832 8636 1285 1238 8637 360 149 8638 475 148 8639 360 149 8640 603 1000 8641 1369 108 8642 475 148 8643 360 149 8644 532 836 8645 1369 108 8646 549 1085 8647 360 149 8648 1383 1020 8649 877 1234 8650 1384 1021 8651 877 1234 8652 261 1411 8653 1384 1021 8654 1463 1416 8655 471 1154 8656 614 1419 8657 471 1154 8658 529 191 8659 528 1504 8660 528 1504 8661 614 1419 8662 471 1154 8663 614 1419 8664 1402 1114 8665 1463 1416 8666 1119 274 8667 690 1346 8668 285 786 8669 614 1419 8670 193 32 8671 836 1112 8672 193 32 8673 194 31 8674 836 1112 8675 194 31 8676 708 1313 8677 836 1112 8678 1495 210 8679 1496 1210 8680 459 1281 8681 635 1321 8682 636 1543 8683 1083 267 8684 1127 764 8685 1126 321 8686 252 323 8687 314 666 8688 317 1089 8689 1073 1541 8690 1073 1541 8691 1074 1422 8692 314 666 8693 1074 1422 8694 846 1542 8695 309 1423 8696 314 666 8697 309 1423 8698 312 667 8699 69 41 8700 892 40 8701 907 710 8702 415 5 8703 10 4 8704 412 3 8705 1168 1116 8706 243 755 8707 854 809 8708 218 332 8709 200 383 8710 217 381 8711 797 1067 8712 606 979 8713 1343 1394 8714 1343 1394 8715 867 1257 8716 542 1266 8717 111 676 8718 747 1240 8719 1427 1406 8720 1427 1406 8721 797 1067 8722 1343 1394 8723 1343 1394 8724 542 1266 8725 111 676 8726 1367 104 8727 569 106 8728 1366 1193 8729 1535 1166 8730 1536 1167 8731 1537 1022 8732 487 1209 8733 1449 159 8734 1450 1206 8735 728 1555 8736 695 1069 8737 799 1071 8738 1138 1169 8739 1484 705 8740 1124 704 8741 728 1555 8742 799 1071 8743 727 127 8744 799 1071 8745 1138 1169 8746 1124 704 8747 727 127 8748 799 1071 8749 286 1547 8750 1331 1393 8751 647 128 8752 727 127 8753 1124 704 8754 279 288 8755 799 1071 8756 799 1071 8757 279 288 8758 286 1547 8759 279 288 8760 277 290 8761 280 1558 8762 277 290 8763 268 1374 8764 275 1559 8765 256 1236 8766 1312 1237 8767 253 637 8768 268 1374 8769 256 1236 8770 275 1559 8771 256 1236 8772 253 637 8773 249 636 8774 249 636 8775 556 1148 8776 731 324 8777 256 1236 8778 249 636 8779 244 141 8780 256 1236 8781 244 141 8782 275 1559 8783 249 636 8784 731 324 8785 244 141 8786 1331 1393 8787 727 127 8788 286 1547 8789 571 1301 8790 1331 1393 8791 912 826 8792 244 141 8793 1030 426 8794 119 484 8795 119 484 8796 1030 426 8797 108 485 8798 1030 426 8799 670 425 8800 108 485 8801 670 425 8802 712 950 8803 108 485 8804 712 950 8805 120 1325 8806 792 553 8807 120 1325 8808 109 1322 8809 1203 487 8810 109 1322 8811 1350 992 8812 516 329 8813 96 512 8814 1252 1036 8815 101 1536 8816 109 1322 8817 516 329 8818 96 512 8819 109 1322 8820 96 512 8821 101 1536 8822 109 1322 8823 101 1536 8824 1203 487 8825 120 1325 8826 1203 487 8827 792 553 8828 712 950 8829 792 553 8830 108 485 8831 1201 1357 8832 874 488 8833 85 1231 8834 874 488 8835 434 513 8836 85 1231 8837 792 553 8838 1201 1357 8839 108 485 8840 108 485 8841 1201 1357 8842 85 1231 8843 119 484 8844 275 1559 8845 244 141 8846 280 1558 8847 286 1547 8848 279 288 8849 286 1547 8850 311 1546 8851 1081 1320 8852 286 1547 8853 1081 1320 8854 729 1337 8855 275 1559 8856 280 1558 8857 277 290 8858 311 1546 8859 309 1423 8860 1081 1320 8861 1157 1342 8862 286 1547 8863 771 868 8864 309 1423 8865 846 1542 8866 635 1321 8867 309 1423 8868 635 1321 8869 1081 1320 8870 286 1547 8871 1157 1342 8872 1331 1393 8873 1081 1320 8874 705 268 8875 729 1337 8876 705 268 8877 706 1336 8878 729 1337 8879 730 1223 8880 298 233 8881 771 868 8882 729 1337 8883 730 1223 8884 771 868 8885 771 868 8886 852 546 8887 1157 1342 8888 912 826 8889 293 1344 8890 571 1301 8891 293 1344 8892 291 969 8893 571 1301 8894 729 1337 8895 771 868 8896 286 1547 8897 799 1071 8898 1541 1070 8899 1138 1169 8900 1541 1070 8901 273 1309 8902 722 1170 8903 273 1309 8904 610 1310 8905 722 1170 8906 1007 1226 8907 1006 1556 8908 821 307 8909</p>
        </triangles>
      </mesh>
    </geometry>
    <geometry id="Plane-mesh" name="Plane">
      <mesh>
        <source id="Plane-mesh-positions">
          <float_array id="Plane-mesh-positions-array" count="12">-550 -550 0 550 -550 0 -550 550 0 550 550 0</float_array>
          <technique_common>
            <accessor source="#Plane-mesh-positions-array" count="4" stride="3">
              <param name="X" type="float"/>
              <param name="Y" type="float"/>
              <param name="Z" type="float"/>
            </accessor>
          </technique_common>
        </source>
        <source id="Plane-mesh-normals">
          <float_array id="Plane-mesh-normals-array" count="3">0 0 1</float_array>
          <technique_common>
            <accessor source="#Plane-mesh-normals-array" count="1" stride="3">
              <param name="X" type="float"/>
              <param name="Y" type="float"/>
              <param name="Z" type="float"/>
            </accessor>
          </technique_common>
        </source>
        <source id="Plane-mesh-map-0">
          <float_array id="Plane-mesh-map-0-array" count="12">1 0 0 1 0 0 1 0 1 1 0 1</float_array>
          <technique_common>
            <accessor source="#Plane-mesh-map-0-array" count="6" stride="2">
              <param name="S" type="float"/>
              <param name="T" type="float"/>
            </accessor>
          </technique_common>
        </source>
        <vertices id="Plane-mesh-vertices">
          <input semantic="POSITION" source="#Plane-mesh-positions"/>
        </vertices>
        <triangles material="Material_001-material" count="2">
          <input semantic="VERTEX" source="#Plane-mesh-vertices" offset="0"/>
          <input semantic="NORMAL" source="#Plane-mesh-normals" offset="1"/>
          <input semantic="TEXCOORD" source="#Plane-mesh-map-0" offset="2" set="0"/>
          <p>1 0 0 2 0 1 0 0 2 1 0 3 3 0 4 2 0 5</p>
        </triangles>
      </mesh>
    </geometry>
  </library_geometries>
  <library_visual_scenes>
    <visual_scene id="Scene" name="Scene">
      <node id="tierra" name="tierra" type="NODE">
        <matrix sid="transform">1 0 0 5.444679 0 1 0 -7.299347 0 0 1 2.128257 0 0 0 1</matrix>
        <instance_geometry url="#Plane_002-mesh" name="tierra">
          <bind_material>
            <technique_common>
              <instance_material symbol="Material_002-material" target="#Material_002-material">
                <bind_vertex_input semantic="Plane_002-mesh-map-0" input_semantic="TEXCOORD" input_set="0"/>
              </instance_material>
            </technique_common>
          </bind_material>
        </instance_geometry>
      </node>
      <node id="agua" name="agua" type="NODE">
        <matrix sid="transform">1 0 0 91.9072 0 1 0 -201.2023 0 0 1 -14.81114 0 0 0 1</matrix>
        <instance_geometry url="#Plane-mesh" name="agua">
          <bind_material>
            <technique_common>
              <instance_material symbol="Material_001-material" target="#Material_001-material">
                <bind_vertex_input semantic="Plane-mesh-map-0" input_semantic="TEXCOORD" input_set="0"/>
              </instance_material>
            </technique_common>
          </bind_material>
        </instance_geometry>
      </node>
    </visual_scene>
  </library_visual_scenes>
  <scene>
    <instance_visual_scene url="#Scene"/>
  </scene>
</COLLADA>