# Blender v3.3.21 OBJ File: ''
# www.blender.org
mtllib montreal_pared.mtl
o SketchUp_ID3
v 277.611053 -0.005500 -76.706787
v 276.885162 -0.005500 -76.497131
v 276.160217 -0.005500 -76.284607
v 276.160217 -0.005500 -76.284607
v 276.885162 -0.005500 -76.497131
v 277.611053 -0.005500 -76.706787
vt 0.000000 0.000000
vt 0.000000 0.000000
vt 0.000000 0.000000
vt 21814.009766 2213.654053
vt 21817.779297 2213.566162
vt 21821.558594 2213.464111
vn 0.0000 1.0000 0.0000
vn 0.0000 -1.0000 0.0000
usemtl Rondin_Orange
s off
f 1/1/1 2/2/1 3/3/1
usemtl Piste_gris_clair
f 4/4/2 5/5/2 6/6/2
o SketchUp.001_ID18
v -305.603394 -0.005500 95.332474
v -305.609222 0.494500 95.357674
v -305.609222 -0.005500 95.357674
v -305.603394 0.494500 95.332474
v -305.597809 -0.005500 95.307281
v -305.603394 0.494500 95.332474
v -305.603394 -0.005500 95.332474
v -305.597809 0.494500 95.307281
v -116.880341 0.494500 -74.319870
v -116.781990 0.494500 -74.324417
v -116.855453 0.494500 -77.271980
v -116.582802 0.494500 -71.388176
v -116.484993 0.494500 -71.398109
v -306.780182 0.494500 100.323959
v -306.763672 0.494500 101.221321
v -306.714386 0.494500 99.880829
v -306.779419 0.494500 101.665337
v -306.731659 0.494500 100.778191
v -306.682892 0.494500 100.336586
v -306.632080 0.494500 99.440491
v -306.617615 0.494500 99.897087
v -306.534058 0.494500 99.005928
v -306.535828 0.494500 99.460358
v -306.438019 0.494500 99.027588
v -305.486298 0.494500 94.367859
v -305.609222 0.494500 95.357674
v -305.603394 0.494500 95.332474
v -305.597809 0.494500 95.307281
v -305.381927 0.494500 94.351143
v -299.802551 0.494500 69.204437
v -299.706787 0.494500 69.226685
v -299.489349 0.494500 67.895119
v -299.393860 0.494500 67.919174
v -299.143158 0.494500 66.593292
v -299.048401 0.494500 66.619759
v -298.763916 0.494500 65.300606
v -298.669952 0.494500 65.329460
v -298.352722 0.494500 64.017906
v -298.259491 0.494500 64.049126
v -297.908997 0.494500 62.745979
v -297.816498 0.494500 62.779530
v -297.433472 0.494500 61.485630
v -297.341797 0.494500 61.521523
v -296.926239 0.494500 60.237705
v -296.835571 0.494500 60.275856
v -296.387756 0.494500 59.002930
v -296.298096 0.494500 59.043365
v -295.818298 0.494500 57.782135
v -295.729675 0.494500 57.824806
v -295.218109 0.494500 56.576061
v -295.130707 0.494500 56.620972
v -294.587921 0.494500 55.385544
v -294.501556 0.494500 55.432636
v -293.927246 0.494500 54.210079
v -293.842682 0.494500 54.260216
v -267.265900 0.494500 11.461805
v -293.395905 0.494500 53.543938
v -293.343842 0.494500 53.460526
v -267.184113 0.494500 11.516280
v -266.957794 0.494500 11.026716
v -266.880859 0.494500 11.088263
v -266.598145 0.494500 10.627883
v -266.529053 0.494500 10.698015
v -266.194031 0.494500 10.273952
v -266.133575 0.494500 10.351704
v -265.751556 0.494500 9.969799
v -265.700500 0.494500 10.054099
v -265.276337 0.494500 9.719620
v -265.235443 0.494500 9.809304
v -264.774933 0.494500 9.526858
v -264.744934 0.494500 9.620694
v -264.254486 0.494500 9.394175
v -264.235962 0.494500 9.490865
v -263.722107 0.494500 9.323395
v -263.714966 0.494500 9.421609
v -263.185150 0.494500 9.315495
v -263.189453 0.494500 9.413879
v -262.666718 0.494500 9.467783
v -262.650970 0.494500 9.370585
v -262.153900 0.494500 9.582579
v -262.126740 0.494500 9.487906
v -261.906769 0.494500 9.669310
v -261.627350 0.494500 9.663285
v -261.659851 0.494500 9.756041
v -253.931320 0.494500 12.469779
v -253.902496 0.494500 12.375697
v -252.204254 0.494500 12.922773
v -252.186401 0.494500 12.825816
v -251.128128 0.494500 13.038777
v -251.121643 0.494500 12.940596
v -249.909134 0.494500 13.068619
v -249.910797 0.494500 12.970240
v -248.701645 0.494500 12.899511
v -248.691849 0.494500 12.997416
v -247.502502 0.494500 12.728897
v -247.484619 0.494500 12.825651
v -246.321625 0.494500 12.459566
v -246.295807 0.494500 12.554509
v -245.167099 0.494500 12.093372
v -245.133514 0.494500 12.185847
v -244.046875 0.494500 11.632829
v -244.005722 0.494500 11.722203
v -242.968628 0.494500 11.081100
v -242.920212 0.494500 11.166759
v -241.939758 0.494500 10.441975
v -241.884445 0.494500 10.523332
v -240.967361 0.494500 9.719846
v -240.905502 0.494500 9.796340
v -240.058105 0.494500 8.919672
v -239.990112 0.494500 8.990779
v -239.309616 0.494500 8.141889
v -239.238113 0.494500 8.209366
v -211.890015 0.494500 -21.487892
v -211.817520 0.494500 -21.421526
v -211.690521 0.494500 -21.710993
v -211.817139 0.494500 -21.421938
v -211.616776 0.494500 -21.645977
v -211.410126 0.494500 -22.033638
v -211.334991 0.494500 -21.970205
v -211.139557 0.494500 -22.363396
v -211.062683 0.494500 -22.302118
v -210.878510 0.494500 -22.700703
v -210.799881 0.494500 -22.641634
v -210.627121 0.494500 -23.045284
v -210.546875 0.494500 -22.988474
v -210.385620 0.494500 -23.396866
v -210.303787 0.494500 -23.342354
v -210.154190 0.494500 -23.755163
v -210.070847 0.494500 -23.702997
v -209.933029 0.494500 -24.119884
v -209.848221 0.494500 -24.070107
v -209.722321 0.494500 -24.490740
v -209.636139 0.494500 -24.443386
v -209.522217 0.494500 -24.867428
v -209.434723 0.494500 -24.822540
v -209.332886 0.494500 -25.249645
v -209.244156 0.494500 -25.207260
v -209.154510 0.494500 -25.637085
v -209.064590 0.494500 -25.597233
v -208.989914 0.494500 -26.023012
v -208.896866 0.494500 -25.990549
v -208.882843 0.494500 -26.412266
v -208.788193 0.494500 -26.385698
v -208.769028 0.494500 -26.809547
v -208.674667 0.494500 -26.781965
v -208.651001 0.494500 -27.205585
v -208.556946 0.494500 -27.177011
v -208.528763 0.494500 -27.600351
v -208.435028 0.494500 -27.570787
v -208.402390 0.494500 -27.993822
v -208.308945 0.494500 -27.963242
v -208.271805 0.494500 -28.385899
v -208.178696 0.494500 -28.354353
v -208.137070 0.494500 -28.776575
v -208.044312 0.494500 -28.744038
v -207.998215 0.494500 -29.165804
v -207.905792 0.494500 -29.132275
v -207.855087 0.494500 -29.553892
v -207.763138 0.494500 -29.519115
v -207.755905 0.494500 -29.809795
v -207.664642 0.494500 -29.773247
v -207.650894 0.494500 -30.063795
v -207.560471 0.494500 -30.025215
v -207.540283 0.494500 -30.315359
v -207.450729 0.494500 -30.274794
v -207.424057 0.494500 -30.564432
v -207.335434 0.494500 -30.521860
v -207.302338 0.494500 -30.810835
v -207.214691 0.494500 -30.766312
v -207.175140 0.494500 -31.054449
v -207.088486 0.494500 -31.007992
v -207.113464 0.494500 -31.166410
v -207.042542 0.494500 -31.295191
v -207.027359 0.494500 -31.118990
v -206.904633 0.494500 -31.532934
v -206.956955 0.494500 -31.246803
v -206.820145 0.494500 -31.482639
v -206.761444 0.494500 -31.767502
v -206.678116 0.494500 -31.715357
v -206.613083 0.494500 -31.998871
v -206.530914 0.494500 -31.944872
v -206.459564 0.494500 -32.226837
v -206.378647 0.494500 -32.171032
v -206.303802 0.494500 -32.447407
v -206.222076 0.494500 -32.392773
v -205.217133 0.494500 -34.166176
v -205.136154 0.494500 -34.110271
v -202.769913 0.494500 -37.422813
v -202.693710 0.494500 -37.360580
v -200.068375 0.494500 -40.471802
v -199.997421 0.494500 -40.403629
v -197.130035 0.494500 -43.293312
v -197.064819 0.494500 -43.219650
v -193.974045 0.494500 -45.868999
v -193.914963 0.494500 -45.790333
v -190.620865 0.494500 -48.182152
v -190.568314 0.494500 -48.098961
v -187.092270 0.494500 -50.217731
v -187.046585 0.494500 -50.130611
v -183.411209 0.494500 -51.962532
v -183.372665 0.494500 -51.872009
v -179.601578 0.494500 -53.405205
v -179.570450 0.494500 -53.311859
v -175.688126 0.494500 -54.536392
v -175.664612 0.494500 -54.440830
v -171.696289 0.494500 -55.348709
v -171.680588 0.494500 -55.251579
v -167.646683 0.494500 -55.837532
v -167.642822 0.494500 -55.738979
v -129.595444 0.494500 -54.233093
v -129.594849 0.494500 -54.134666
v -127.599625 0.494500 -54.340534
v -127.584892 0.494500 -54.242870
v -125.077782 0.494500 -54.972763
v -125.044708 0.494500 -54.879700
v -122.722778 0.494500 -56.074265
v -122.672562 0.494500 -55.989220
v -120.621002 0.494500 -57.604614
v -120.555496 0.494500 -57.530697
v -118.849602 0.494500 -59.507629
v -118.771194 0.494500 -59.447559
v -117.473557 0.494500 -61.713490
v -117.385147 0.494500 -61.669498
v -116.543358 0.494500 -64.141296
v -116.448181 0.494500 -64.114960
v -116.093193 0.494500 -66.701897
v -115.994720 0.494500 -66.694206
v -116.041397 0.494500 -69.312584
v -115.999031 0.494500 -66.936646
v -116.582092 0.494500 -71.381088
v -116.484810 0.494500 -71.396332
v -116.139526 0.494500 -69.301361
v -306.876709 0.494500 102.111687
v -306.861969 0.494500 101.216003
v -306.877716 0.494500 101.663712
v -306.859161 0.494500 102.559311
v -306.829468 0.494500 100.769218
v -306.824615 0.494500 103.005943
v -306.778381 0.494500 102.109627
v -306.773590 0.494500 103.451004
v -306.760895 0.494500 102.553574
v -306.705750 0.494500 103.893822
v -306.726837 0.494500 102.996574
v -306.676025 0.494500 103.437973
v -306.620667 0.494500 104.339577
v -306.608978 0.494500 103.877159
v -306.525177 0.494500 104.314987
v -306.066437 0.494500 106.035759
v -305.976257 0.494500 105.995094
v -305.158386 0.494500 107.578758
v -305.079132 0.494500 107.519722
v -303.940948 0.494500 108.891273
v -303.875946 0.494500 108.816574
v -302.470276 0.494500 109.912239
v -302.422821 0.494500 109.825378
v -300.814972 0.494500 110.594170
v -300.787292 0.494500 110.499229
v -299.051971 0.494500 110.905418
v -299.045349 0.494500 110.806732
v -297.361877 0.494500 110.835518
v -297.649902 0.494500 110.749031
v -297.277771 0.494500 110.733665
v -297.263031 0.494500 110.831436
v -295.567108 0.494500 110.283379
v -295.531769 0.494500 110.375725
v -293.992554 0.494500 109.476791
v -293.938446 0.494500 109.559425
v -292.627777 0.494500 108.351479
v -292.556915 0.494500 108.420540
v -291.842163 0.494500 107.350136
v -291.750488 0.494500 107.392601
v -291.535858 0.494500 106.959709
v -291.452026 0.494500 107.012009
v -290.769287 0.494500 105.369415
v -290.680634 0.494500 105.412079
v -290.768524 0.494500 105.367821
v -290.754547 0.494500 105.328468
v -290.266602 0.494500 103.954323
v -290.677582 0.494500 105.405708
v -290.666656 0.494500 105.374825
v -288.142395 0.494500 98.265564
v -288.235138 0.494500 98.232674
v -288.032959 0.494500 97.663254
v -287.942261 0.494500 97.701309
v -287.674042 0.494500 96.924652
v -287.587921 0.494500 96.972527
v -287.235382 0.494500 96.230415
v -287.155121 0.494500 96.287544
v -286.722565 0.494500 95.589119
v -286.649170 0.494500 95.654778
v -286.141663 0.494500 95.008682
v -286.075867 0.494500 95.082085
v -285.499786 0.494500 94.496262
v -285.442902 0.494500 94.576492
v -284.805359 0.494500 94.058182
v -284.757355 0.494500 94.144264
v -284.066223 0.494500 93.699867
v -284.028381 0.494500 93.790718
v -283.797729 0.494500 93.604713
v -283.264587 0.494500 93.520241
v -283.292297 0.494500 93.425751
v -282.492432 0.494500 93.239166
v -282.475433 0.494500 93.336159
v -281.677094 0.494500 93.142464
v -281.671021 0.494500 93.240738
v -281.671509 0.494500 93.142441
v -281.073334 0.494500 93.138329
v -281.073853 0.494500 93.236649
v -280.859222 0.494500 93.241142
v -280.855652 0.494500 93.142868
v -246.206909 0.494500 94.930374
v -246.202103 0.494500 94.832199
v -242.725937 0.494500 95.100067
v -242.722702 0.494500 95.001801
v -240.570740 0.494500 95.138145
v -240.568985 0.494500 95.039841
v -239.300446 0.494500 95.160568
v -239.300247 0.494500 95.062248
v -235.874695 0.494500 95.114693
v -235.877548 0.494500 95.016426
v -233.106583 0.494500 94.893181
v -233.102203 0.494500 94.991402
v -232.457947 0.494500 94.864357
v -232.452042 0.494500 94.962502
v -229.044693 0.494500 94.606186
v -229.035736 0.494500 94.704102
v -225.641098 0.494500 94.242188
v -225.629120 0.494500 94.339767
v -222.250443 0.494500 93.772690
v -222.235458 0.494500 93.869865
v -218.876007 0.494500 93.198166
v -218.858002 0.494500 93.294838
v -215.521027 0.494500 92.519142
v -215.500015 0.494500 92.615211
v -212.427567 0.494500 91.792427
v -212.405090 0.494500 91.888130
v -212.188766 0.494500 91.736320
v -212.164780 0.494500 91.831665
v -208.882401 0.494500 90.850418
v -208.855469 0.494500 90.944984
v -205.600998 0.494500 89.861038
v -205.548004 0.494500 89.947731
v -205.576385 0.494500 89.853600
v -77.588188 0.494500 49.085728
v -77.566216 0.494500 49.181923
v -77.576424 0.494500 49.084053
v -76.923729 0.494500 48.991772
v -76.913536 0.494500 49.089619
v -76.920113 0.494500 48.991520
v -76.252602 0.494500 48.946716
v -76.249634 0.494500 49.045063
v -75.758621 0.494500 48.949894
v -75.759262 0.494500 49.048214
v -75.584229 0.494500 49.049332
v -75.579979 0.494500 48.951035
v -74.920959 0.494500 49.102421
v -74.909508 0.494500 49.004704
v -74.263351 0.494500 49.204018
v -74.244789 0.494500 49.107422
v -73.614990 0.494500 49.353626
v -73.589371 0.494500 49.258625
v -72.979332 0.494500 49.550373
v -72.946823 0.494500 49.457535
v -72.359856 0.494500 49.793247
v -72.320610 0.494500 49.703053
v -71.759857 0.494500 50.080925
v -71.714081 0.494500 49.993855
v -71.182587 0.494500 50.411865
v -71.130539 0.494500 50.328377
v -70.631126 0.494500 50.784252
v -70.573120 0.494500 50.704803
v -70.107803 0.494500 51.196674
v -70.044670 0.494500 51.121262
v -69.399208 0.494500 51.827484
v -69.329529 0.494500 51.757885
v -68.772049 0.494500 52.534264
v -68.694687 0.494500 52.473331
v -68.232178 0.494500 53.309750
v -68.148178 0.494500 53.258343
v -67.830727 0.494500 54.061485
v -67.742645 0.494500 54.017727
v -67.418083 0.494500 54.957245
v -67.329941 0.494500 54.913586
v -67.248581 0.494500 55.276142
v -67.164406 0.494500 55.225063
v -67.139091 0.494500 55.435474
v -67.058060 0.494500 55.379799
v -67.094765 0.494500 55.499943
v -66.916550 0.494500 55.704872
v -67.016914 0.494500 55.439667
v -66.846046 0.494500 55.636139
v -66.716248 0.494500 55.888260
v -66.653969 0.494500 55.811977
v -66.496437 0.494500 56.047771
v -66.443230 0.494500 55.964912
v -66.401115 0.494500 56.101593
v -66.351837 0.494500 56.016525
v -66.259964 0.494500 56.181297
v -66.216484 0.494500 56.092953
v -66.009857 0.494500 56.287163
v -65.976677 0.494500 56.194447
v -65.749374 0.494500 56.363976
v -65.726921 0.494500 56.268085
v -65.481865 0.494500 56.410759
v -65.470436 0.494500 56.312946
v -65.210770 0.494500 56.426888
v -65.210487 0.494500 56.328438
v -64.939568 0.494500 56.412186
v -64.950500 0.494500 56.314342
v -64.509369 0.494500 56.239594
v -64.485649 0.494500 56.335297
v -61.298325 0.494500 55.182850
v -61.268028 0.494500 55.276398
v -56.225819 0.494500 53.567131
v 119.916763 0.494500 -2.436129
v 80.393539 0.494500 10.049962
v 119.922852 0.494500 -2.438090
v 151.402954 0.494500 -12.568557
v 119.942482 0.494500 -2.444335
v 119.943832 0.494500 -2.444768
v 119.957375 0.494500 -2.449082
v 145.146988 0.494500 -10.472696
v 151.434402 0.494500 -12.475415
v 151.404556 0.494500 -12.569103
v 153.253525 0.494500 -13.193613
v 153.285721 0.494500 -13.100718
v 155.097076 0.494500 -13.848532
v 155.130707 0.494500 -13.756149
v 156.930176 0.494500 -14.532150
v 156.965256 0.494500 -14.440308
v 158.752365 0.494500 -15.244305
v 158.788849 0.494500 -15.153019
v 160.563232 0.494500 -15.984821
v 160.601151 0.494500 -15.894114
v 162.362320 0.494500 -16.753519
v 162.401627 0.494500 -16.663418
v 164.149185 0.494500 -17.550211
v 164.189896 0.494500 -17.460733
v 165.923370 0.494500 -18.374701
v 165.965515 0.494500 -18.285873
v 167.684479 0.494500 -19.226793
v 167.727997 0.494500 -19.138634
v 169.432068 0.494500 -20.106276
v 169.476959 0.494500 -20.018805
v 170.971848 0.494500 -20.911541
v 171.017410 0.494500 -20.824423
v 171.165726 0.494500 -21.012934
v 171.211990 0.494500 -20.926172
v 172.934555 0.494500 -21.973444
v 172.980637 0.494500 -21.886602
v 228.750015 0.494500 -50.913643
v 228.795288 0.494500 -50.826366
v 228.752518 0.494500 -50.914963
v 231.700531 0.494500 -52.471828
v 228.798431 0.494500 -50.828018
v 231.746750 0.494500 -52.385036
v 234.628250 0.494500 -54.043381
v 234.675064 0.494500 -53.956917
v 234.752945 0.494500 -54.111393
v 234.815781 0.494500 -54.033676
v 234.764908 0.494500 -54.117931
v 237.545334 0.494500 -55.634712
v 237.592682 0.494500 -55.548584
v 240.451584 0.494500 -57.245731
v 240.499527 0.494500 -57.159904
v 243.346832 0.494500 -58.876339
v 243.395370 0.494500 -58.790840
v 246.231049 0.494500 -60.526501
v 246.280136 0.494500 -60.441326
v 249.103973 0.494500 -62.196117
v 249.153656 0.494500 -62.111282
v 251.965591 0.494500 -63.885143
v 252.015869 0.494500 -63.800640
v 254.815582 0.494500 -65.593445
v 254.866653 0.494500 -65.509300
v 254.817612 0.494500 -65.594688
v 256.402069 0.494500 -66.708199
v 254.874268 0.494500 -65.514244
v 256.457458 0.494500 -66.627068
v 258.013458 0.494500 -67.781326
v 258.067047 0.494500 -67.698822
v 259.651489 0.494500 -68.813576
v 259.702789 0.494500 -68.729767
v 261.314941 0.494500 -69.804359
v 261.364197 0.494500 -69.719238
v 263.002747 0.494500 -70.752968
v 263.049774 0.494500 -70.666664
v 264.713715 0.494500 -71.658859
v 264.758667 0.494500 -71.571411
v 266.447266 0.494500 -72.521469
v 266.489929 0.494500 -72.432907
v 268.201660 0.494500 -73.340210
v 268.242035 0.494500 -73.250603
v 269.976074 0.494500 -74.114586
v 270.014435 0.494500 -74.023979
v 271.769592 0.494500 -74.844101
v 271.805634 0.494500 -74.752586
v 273.580872 0.494500 -75.528297
v 273.614380 0.494500 -75.435898
v 275.405853 0.494500 -76.165787
v 275.438354 0.494500 -76.072975
v 275.407593 0.494500 -76.166344
v 275.408386 0.494500 -76.166626
v 276.132538 0.494500 -76.378944
v 276.160217 0.494500 -76.284607
v 277.583649 0.494500 -76.801247
v 276.885162 0.494500 -76.497131
v 277.611053 0.494500 -76.706787
v 278.309570 0.494500 -77.010979
v 278.336731 0.494500 -76.916458
v 279.763214 0.494500 -77.424767
v 279.789886 0.494500 -77.330147
v 280.281616 0.494500 -77.570152
v 280.308044 0.494500 -77.475487
v 280.752533 0.494500 -77.702255
v 280.776398 0.494500 -77.606834
v 281.218140 0.494500 -77.832870
v 281.244537 0.494500 -77.738152
v 281.648407 0.494500 -77.951691
v 281.674561 0.494500 -77.856949
v 282.022308 0.494500 -78.055046
v 282.046173 0.494500 -77.959610
v 282.387787 0.494500 -78.156006
v 282.417755 0.494500 -78.062279
v 282.674805 0.494500 -78.235298
v 282.700989 0.494500 -78.140488
v 284.133026 0.494500 -78.632050
v 284.158691 0.494500 -78.537155
v 285.593018 0.494500 -79.023140
v 285.618164 0.494500 -78.928116
v 287.054291 0.494500 -79.408501
v 287.079193 0.494500 -79.313385
v 288.517059 0.494500 -79.788155
v 288.541473 0.494500 -79.692955
v 289.981384 0.494500 -80.162125
v 289.693359 0.494500 -79.987114
v 290.005524 0.494500 -80.066818
v 290.714172 0.494500 -80.346245
v 290.738037 0.494500 -80.250893
v 291.446960 0.494500 -80.530373
v 291.470825 0.494500 -80.434975
v 292.826935 0.494500 -80.871391
v 292.553894 0.494500 -80.702629
v 292.856903 0.494500 -80.777512
v 292.891479 0.494500 -80.887314
v 292.914825 0.494500 -80.791939
v 292.934387 0.494500 -80.897964
v 292.937683 0.494500 -80.797630
v 293.003448 0.494500 -80.915306
v 292.958252 0.494500 -80.802711
v 293.013641 0.494500 -80.816551
v 294.066711 0.494500 -81.182259
v 293.552368 0.494500 -80.951782
v 294.091095 0.494500 -81.087036
v 295.216064 0.494500 -81.484703
v 295.241455 0.494500 -81.389755
v 296.361603 0.494500 -81.800148
v 296.388275 0.494500 -81.705505
v 297.503845 0.494500 -82.128540
v 297.531525 0.494500 -82.034225
v 298.641998 0.494500 -82.469917
v 298.213776 0.494500 -82.238876
v 298.670990 0.494500 -82.375916
v 299.776367 0.494500 -82.824150
v 299.567841 0.494500 -82.656075
v 299.806366 0.494500 -82.730469
v 300.906677 0.494500 -83.191246
v 300.937653 0.494500 -83.097931
v 302.032654 0.494500 -83.571136
v 302.064667 0.494500 -83.478172
v 303.155853 0.494500 -83.964272
v 302.316376 0.494500 -83.566338
v 302.409332 0.494500 -83.598846
v 303.192932 0.494500 -83.873169
v 304.109619 0.494500 -84.412506
v 304.163208 0.494500 -84.329018
v 304.917084 0.494500 -85.094017
v 304.990234 0.494500 -85.027237
v 305.520599 0.494500 -85.961304
v 305.608490 0.494500 -85.915756
v 305.878967 0.494500 -86.955200
v 305.975769 0.494500 -86.934044
v 305.967865 0.494500 -88.008026
v -116.757179 0.494500 -77.265762
v -116.507874 0.494500 -80.203705
v -116.410866 0.494500 -80.186760
v -115.841812 0.494500 -83.079819
v -115.747238 0.494500 -83.052383
v -114.865211 0.494500 -85.865845
v -114.774216 0.494500 -85.828232
v -113.589813 0.494500 -88.528374
v -113.503487 0.494500 -88.481056
v -112.030914 0.494500 -91.035484
v -111.950272 0.494500 -90.978989
v -110.207222 0.494500 -93.357063
v -110.133232 0.494500 -93.292099
v -108.140587 0.494500 -95.465324
v -108.074158 0.494500 -95.392654
v -105.855804 0.494500 -97.334915
v -105.797707 0.494500 -97.255432
v -103.380264 0.494500 -98.943466
v -103.331215 0.494500 -98.858101
v -101.056717 0.494500 -100.113953
v -101.012497 0.494500 -100.026169
v -100.588821 0.494500 -100.349663
v -100.833992 0.494500 -100.116112
v -100.545166 0.494500 -100.261574
v -98.893478 0.494500 -101.175850
v -98.851593 0.494500 -101.086922
v -97.176163 0.494500 -101.957375
v -97.136635 0.494500 -101.867363
v -95.438828 0.494500 -102.693344
v -95.401665 0.494500 -102.602341
v -93.682671 0.494500 -103.383240
v -93.647949 0.494500 -103.291260
v -91.908936 0.494500 -104.026566
v -91.876656 0.494500 -103.933701
v -90.118874 0.494500 -104.622887
v -90.089027 0.494500 -104.529182
v -88.313675 0.494500 -105.171753
v -88.286316 0.494500 -105.077316
v -86.494621 0.494500 -105.672844
v -86.469788 0.494500 -105.577713
v -84.663002 0.494500 -106.125763
v -84.640671 0.494500 -106.030006
v -82.820076 0.494500 -106.530212
v -82.800270 0.494500 -106.433899
v -80.967102 0.494500 -106.885925
v -80.949852 0.494500 -106.789124
v -79.105301 0.494500 -107.192650
v -79.090675 0.494500 -107.095413
v -74.723221 0.494500 -107.789162
v -74.709961 0.494500 -107.691757
v -65.222878 0.494500 -109.082405
v -65.211075 0.494500 -108.984787
v -51.290554 0.494500 -110.560745
v -51.281609 0.494500 -110.462814
v -37.320576 0.494500 -111.626350
v -37.314529 0.494500 -111.528198
v -23.325178 0.494500 -112.278267
v -23.322058 0.494500 -112.179993
v -9.316638 0.494500 -112.515930
v -9.316425 0.494500 -112.417610
v 4.692802 0.494500 -112.339149
v 4.690110 0.494500 -112.240875
v 18.685286 0.494500 -111.649887
v 18.690887 0.494500 -111.748055
v 32.656857 0.494500 -110.645248
v 32.665367 0.494500 -110.743195
v 46.592621 0.494500 -109.227776
v 46.604000 0.494500 -109.325447
v 60.480328 0.494500 -107.398727
v 60.494595 0.494500 -107.496002
v 74.307877 0.494500 -105.159706
v 74.325027 0.494500 -105.256508
v 88.062668 0.494500 -102.512756
v 88.081230 0.494500 -102.609299
v 88.065033 0.494500 -102.512192
v 89.046944 0.494500 -102.246765
v 88.090683 0.494500 -102.607109
v 88.102036 0.494500 -102.604042
v 89.077324 0.494500 -102.340408
v 89.999237 0.494500 -101.884712
v 90.038742 0.494500 -101.974884
v 90.910912 0.494500 -101.430023
v 90.959152 0.494500 -101.515831
v 91.773048 0.494500 -100.887177
v 91.829559 0.494500 -100.967773
v 92.577080 0.494500 -100.261551
v 92.641319 0.494500 -100.336128
v 93.315132 0.494500 -99.559265
v 93.386452 0.494500 -99.627106
v 93.979927 0.494500 -98.787262
v 94.057602 0.494500 -98.847710
v 94.564888 0.494500 -97.953148
v 94.648201 0.494500 -98.005600
v 95.064278 0.494500 -97.065163
v 95.152367 0.494500 -97.109077
v 95.473167 0.494500 -96.132019
v 95.565170 0.494500 -96.167000
v 95.787491 0.494500 -95.162933
v 95.882515 0.494500 -95.188614
v 96.003853 0.494500 -94.169212
v 96.099815 0.494500 -94.190514
v 96.332169 0.494500 -92.721786
v 96.426201 0.494500 -92.751732
v 96.426773 0.494500 -92.749146
v 96.826271 0.494500 -91.324158
v 96.917053 0.494500 -91.362328
v 97.479813 0.494500 -89.993576
v 97.565514 0.494500 -90.042084
v 98.283905 0.494500 -88.748192
v 98.363358 0.494500 -88.806358
v 99.227570 0.494500 -87.604935
v 99.299728 0.494500 -87.671959
v 100.297974 0.494500 -86.579384
v 100.361832 0.494500 -86.654366
v 101.480545 0.494500 -85.685501
v 101.535225 0.494500 -85.767395
v 102.759209 0.494500 -84.935440
v 102.803986 0.494500 -85.023148
v 104.114960 0.494500 -84.340118
v 104.144554 0.494500 -84.434502
v 108.010941 0.494500 -83.574715
v 104.153061 0.494500 -84.432831
v 108.029884 0.494500 -83.671181
v 118.169136 0.494500 -81.579041
v 118.186447 0.494500 -81.675835
v 119.079338 0.494500 -81.431923
v 119.096382 0.494500 -81.528748
v 127.165047 0.494500 -79.892960
v 127.181915 0.494500 -79.989830
v 139.478424 0.494500 -77.947952
v 139.492218 0.494500 -78.045303
v 151.846817 0.494500 -76.390656
v 145.220322 0.494500 -77.324081
v 145.317856 0.494500 -77.311813
v 151.857559 0.494500 -76.488396
v 164.258011 0.494500 -75.222641
v 164.265686 0.494500 -75.320648
v 176.699783 0.494500 -74.444984
v 164.276337 0.494500 -75.320000
v 176.704346 0.494500 -74.543213
v 189.159821 0.494500 -74.058556
v 189.161331 0.494500 -74.156853
v 201.625870 0.494500 -74.063660
v 201.624268 0.494500 -74.161957
v 214.080917 0.494500 -74.558533
v 214.085587 0.494500 -74.460304
v 226.518951 0.494500 -75.346153
v 226.526703 0.494500 -75.248138
v 238.926117 0.494500 -76.524055
v 238.936951 0.494500 -76.426338
v 251.290833 0.494500 -78.091187
v 251.304230 0.494500 -77.993774
v 252.833313 0.494500 -78.319481
v 252.848190 0.494500 -78.222298
v 254.373871 0.494500 -78.563805
v 254.389877 0.494500 -78.466797
v 255.912094 0.494500 -78.824051
v 255.928864 0.494500 -78.727203
v 257.447266 0.494500 -79.100197
v 257.465302 0.494500 -79.003532
v 258.979675 0.494500 -79.392174
v 258.998718 0.494500 -79.295708
v 260.509003 0.494500 -79.699974
v 260.529053 0.494500 -79.603706
v 262.035034 0.494500 -80.023567
v 262.056122 0.494500 -79.927505
v 263.557770 0.494500 -80.362907
v 263.579590 0.494500 -80.267044
v 265.076691 0.494500 -80.717972
v 265.099548 0.494500 -80.622345
v 266.592041 0.494500 -81.088715
v 266.615906 0.494500 -80.993340
v 268.103333 0.494500 -81.475098
v 268.128235 0.494500 -81.379974
v 269.608307 0.494500 -81.876450
v 269.635742 0.494500 -81.782059
v 300.666901 0.494500 -91.769493
v 300.696625 0.494500 -91.675819
v 300.683411 0.494500 -91.773613
v 301.731934 0.494500 -91.961670
v 300.700958 0.494500 -91.676857
v 301.736481 0.494500 -91.862610
v 302.810669 0.494500 -91.870483
v 302.789337 0.494500 -91.773613
v 303.783234 0.494500 -91.415161
v 303.828949 0.494500 -91.503242
v 304.650635 0.494500 -90.811684
v 304.717438 0.494500 -90.884987
v 305.332123 0.494500 -90.004288
v 305.415680 0.494500 -90.057816
v 305.781433 0.494500 -89.048012
v 305.875916 0.494500 -89.078110
v 306.066956 0.494500 -88.012657
v -305.609222 -0.005500 95.357674
v -306.438019 0.494500 99.027588
v -306.438019 -0.005500 99.027588
v -305.609222 0.494500 95.357674
v -305.381927 -0.005500 94.351143
v -305.597809 0.494500 95.307281
v -305.597809 -0.005500 95.307281
v -305.381927 0.494500 94.351143
v -299.706787 -0.005500 69.226685
v -305.381927 0.494500 94.351143
v -305.381927 -0.005500 94.351143
v -299.706787 0.494500 69.226685
v -299.393860 -0.005500 67.919174
v -299.706787 0.494500 69.226685
v -299.706787 -0.005500 69.226685
v -299.393860 0.494500 67.919174
v -299.048401 -0.005500 66.619759
v -299.048401 0.494500 66.619759
v -298.669952 -0.005500 65.329460
v -298.669952 0.494500 65.329460
v -298.259491 -0.005500 64.049126
v -298.259491 0.494500 64.049126
v -297.816498 -0.005500 62.779530
v -297.816498 0.494500 62.779530
v -297.341797 -0.005500 61.521523
v -297.341797 0.494500 61.521523
v -296.835571 -0.005500 60.275856
v -296.835571 0.494500 60.275856
v -296.298096 -0.005500 59.043365
v -296.298096 0.494500 59.043365
v -295.729675 -0.005500 57.824806
v -295.729675 0.494500 57.824806
v -295.130707 -0.005500 56.620972
v -295.130707 0.494500 56.620972
v -294.501556 -0.005500 55.432636
v -294.501556 0.494500 55.432636
v -293.842682 -0.005500 54.260216
v -293.842682 0.494500 54.260216
v -293.395905 -0.005500 53.543938
v -293.842682 0.494500 54.260216
v -293.842682 -0.005500 54.260216
v -293.395905 0.494500 53.543938
v -293.343842 -0.005500 53.460526
v -293.395905 0.494500 53.543938
v -293.395905 -0.005500 53.543938
v -293.343842 0.494500 53.460526
v -267.184113 -0.005500 11.516280
v -293.343842 0.494500 53.460526
v -293.343842 -0.005500 53.460526
v -267.184113 0.494500 11.516280
v -266.880859 -0.005500 11.088263
v -267.184113 0.494500 11.516280
v -267.184113 -0.005500 11.516280
v -266.880859 0.494500 11.088263
v -266.529053 -0.005500 10.698015
v -266.529053 0.494500 10.698015
v -266.133575 0.494500 10.351704
v -266.133575 -0.005500 10.351704
v -265.700500 0.494500 10.054099
v -265.700500 -0.005500 10.054099
v -265.235443 0.494500 9.809304
v -265.235443 -0.005500 9.809304
v -264.744934 0.494500 9.620694
v -264.744934 -0.005500 9.620694
v -264.235962 0.494500 9.490865
v -264.235962 -0.005500 9.490865
v -263.714966 0.494500 9.421609
v -263.714966 -0.005500 9.421609
v -263.189453 0.494500 9.413879
v -263.189453 -0.005500 9.413879
v -262.666718 -0.005500 9.467783
v -262.666718 0.494500 9.467783
v -262.153900 0.494500 9.582579
v -262.153900 -0.005500 9.582579
v -261.906769 0.494500 9.669310
v -262.153900 -0.005500 9.582579
v -261.906769 -0.005500 9.669310
v -262.153900 0.494500 9.582579
v -261.659851 -0.005500 9.756041
v -261.906769 0.494500 9.669310
v -261.906769 -0.005500 9.669310
v -261.659851 0.494500 9.756041
v -253.931320 -0.005500 12.469779
v -261.659851 0.494500 9.756041
v -261.659851 -0.005500 9.756041
v -253.931320 0.494500 12.469779
v -252.204254 -0.005500 12.922773
v -253.931320 0.494500 12.469779
v -253.931320 -0.005500 12.469779
v -252.204254 0.494500 12.922773
v -251.128128 0.494500 13.038777
v -252.204254 -0.005500 12.922773
v -251.128128 -0.005500 13.038777
v -252.204254 0.494500 12.922773
v -249.909134 -0.005500 13.068619
v -249.909134 0.494500 13.068619
v -248.691849 0.494500 12.997416
v -248.691849 -0.005500 12.997416
v -247.484619 0.494500 12.825651
v -247.484619 -0.005500 12.825651
v -246.295807 0.494500 12.554509
v -246.295807 -0.005500 12.554509
v -245.133514 0.494500 12.185847
v -245.133514 -0.005500 12.185847
v -244.005722 0.494500 11.722203
v -244.005722 -0.005500 11.722203
v -242.920212 0.494500 11.166759
v -242.920212 -0.005500 11.166759
v -241.884445 0.494500 10.523332
v -241.884445 -0.005500 10.523332
v -240.905502 0.494500 9.796340
v -240.905502 -0.005500 9.796340
v -239.990112 0.494500 8.990779
v -239.990112 -0.005500 8.990779
v -239.238113 -0.005500 8.209366
v -239.990112 0.494500 8.990779
v -239.990112 -0.005500 8.990779
v -239.238113 0.494500 8.209366
v -211.817520 -0.005500 -21.421526
v -239.238113 0.494500 8.209366
v -239.238113 -0.005500 8.209366
v -211.817520 0.494500 -21.421526
v -211.817139 -0.005500 -21.421938
v -211.817520 0.494500 -21.421526
v -211.817520 -0.005500 -21.421526
v -211.817139 0.494500 -21.421938
v -211.616776 -0.005500 -21.645977
v -211.817139 0.494500 -21.421938
v -211.817139 -0.005500 -21.421938
v -211.616776 0.494500 -21.645977
v -211.334991 -0.005500 -21.970205
v -211.616776 0.494500 -21.645977
v -211.616776 -0.005500 -21.645977
v -211.334991 0.494500 -21.970205
v -211.062683 -0.005500 -22.302118
v -211.062683 0.494500 -22.302118
v -210.799881 -0.005500 -22.641634
v -210.799881 0.494500 -22.641634
v -210.546875 -0.005500 -22.988474
v -210.546875 0.494500 -22.988474
v -210.303787 -0.005500 -23.342354
v -210.303787 0.494500 -23.342354
v -210.070847 -0.005500 -23.702997
v -210.070847 0.494500 -23.702997
v -209.848221 -0.005500 -24.070107
v -209.848221 0.494500 -24.070107
v -209.636139 -0.005500 -24.443386
v -209.636139 0.494500 -24.443386
v -209.434723 -0.005500 -24.822540
v -209.434723 0.494500 -24.822540
v -209.244156 -0.005500 -25.207260
v -209.244156 0.494500 -25.207260
v -209.064590 -0.005500 -25.597233
v -209.064590 0.494500 -25.597233
v -208.896866 -0.005500 -25.990549
v -208.896866 0.494500 -25.990549
v -208.788193 -0.005500 -26.385698
v -208.896866 0.494500 -25.990549
v -208.896866 -0.005500 -25.990549
v -208.788193 0.494500 -26.385698
v -208.674667 -0.005500 -26.781965
v -208.674667 0.494500 -26.781965
v -208.556946 -0.005500 -27.177011
v -208.556946 0.494500 -27.177011
v -208.435028 -0.005500 -27.570787
v -208.435028 0.494500 -27.570787
v -208.308945 -0.005500 -27.963242
v -208.308945 0.494500 -27.963242
v -208.178696 -0.005500 -28.354353
v -208.178696 0.494500 -28.354353
v -208.044312 -0.005500 -28.744038
v -208.044312 0.494500 -28.744038
v -207.905792 -0.005500 -29.132275
v -208.044312 0.494500 -28.744038
v -208.044312 -0.005500 -28.744038
v -207.905792 0.494500 -29.132275
v -207.763138 -0.005500 -29.519115
v -207.763138 0.494500 -29.519115
v -207.664642 -0.005500 -29.773247
v -207.763138 0.494500 -29.519115
v -207.763138 -0.005500 -29.519115
v -207.664642 0.494500 -29.773247
v -207.560471 -0.005500 -30.025215
v -207.560471 0.494500 -30.025215
v -207.450729 -0.005500 -30.274794
v -207.450729 0.494500 -30.274794
v -207.335434 -0.005500 -30.521860
v -207.335434 0.494500 -30.521860
v -207.214691 -0.005500 -30.766312
v -207.214691 0.494500 -30.766312
v -207.088486 -0.005500 -31.007992
v -207.088486 0.494500 -31.007992
v -207.027359 -0.005500 -31.118990
v -207.027359 0.494500 -31.118990
v -206.956955 -0.005500 -31.246803
v -207.027359 0.494500 -31.118990
v -207.027359 -0.005500 -31.118990
v -206.956955 0.494500 -31.246803
v -206.820145 -0.005500 -31.482639
v -206.820145 0.494500 -31.482639
v -206.678116 -0.005500 -31.715357
v -206.678116 0.494500 -31.715357
v -206.530914 -0.005500 -31.944872
v -206.530914 0.494500 -31.944872
v -206.378647 -0.005500 -32.171032
v -206.378647 0.494500 -32.171032
v -206.222076 -0.005500 -32.392773
v -206.222076 0.494500 -32.392773
v -205.136154 -0.005500 -34.110271
v -206.222076 0.494500 -32.392773
v -206.222076 -0.005500 -32.392773
v -205.136154 0.494500 -34.110271
v -202.693710 -0.005500 -37.360580
v -202.693710 0.494500 -37.360580
v -199.997421 -0.005500 -40.403629
v -199.997421 0.494500 -40.403629
v -197.064819 0.494500 -43.219650
v -197.064819 -0.005500 -43.219650
v -193.914963 0.494500 -45.790333
v -193.914963 -0.005500 -45.790333
v -190.568314 0.494500 -48.098961
v -190.568314 -0.005500 -48.098961
v -187.046585 0.494500 -50.130611
v -187.046585 -0.005500 -50.130611
v -183.372665 0.494500 -51.872009
v -183.372665 -0.005500 -51.872009
v -179.570450 0.494500 -53.311859
v -179.570450 -0.005500 -53.311859
v -175.664612 0.494500 -54.440830
v -175.664612 -0.005500 -54.440830
v -171.680588 0.494500 -55.251579
v -171.680588 -0.005500 -55.251579
v -167.642822 -0.005500 -55.738979
v -167.642822 0.494500 -55.738979
v -129.594849 -0.005500 -54.134666
v -167.642822 0.494500 -55.738979
v -167.642822 -0.005500 -55.738979
v -129.594849 0.494500 -54.134666
v -127.584892 -0.005500 -54.242870
v -129.594849 0.494500 -54.134666
v -129.594849 -0.005500 -54.134666
v -127.584892 0.494500 -54.242870
v -125.044708 0.494500 -54.879700
v -125.044708 -0.005500 -54.879700
v -122.672562 0.494500 -55.989220
v -122.672562 -0.005500 -55.989220
v -120.555496 0.494500 -57.530697
v -120.555496 -0.005500 -57.530697
v -118.771194 -0.005500 -59.447559
v -118.771194 0.494500 -59.447559
v -117.385147 -0.005500 -61.669498
v -117.385147 0.494500 -61.669498
v -116.448181 -0.005500 -64.114960
v -116.448181 0.494500 -64.114960
v -115.994720 -0.005500 -66.694206
v -115.994720 0.494500 -66.694206
v -115.999031 -0.005500 -66.936646
v -115.999031 0.494500 -66.936646
v -116.041397 -0.005500 -69.312584
v -115.999031 0.494500 -66.936646
v -115.999031 -0.005500 -66.936646
v -116.041397 0.494500 -69.312584
v -116.484810 -0.005500 -71.396332
v -116.041397 0.494500 -69.312584
v -116.041397 -0.005500 -69.312584
v -116.484810 0.494500 -71.396332
v -116.484993 -0.005500 -71.398109
v -116.484810 0.494500 -71.396332
v -116.484810 -0.005500 -71.396332
v -116.484993 0.494500 -71.398109
v -116.582802 0.494500 -71.388176
v -116.484993 -0.005500 -71.398109
v -116.582802 -0.005500 -71.388176
v -116.484993 0.494500 -71.398109
v -116.582802 0.494500 -71.388176
v -116.582092 -0.005500 -71.381088
v -116.582092 0.494500 -71.381088
v -116.582802 -0.005500 -71.388176
v -116.582092 0.494500 -71.381088
v -116.139526 -0.005500 -69.301361
v -116.139526 0.494500 -69.301361
v -116.582092 -0.005500 -71.381088
v -116.139526 0.494500 -69.301361
v -116.093193 -0.005500 -66.701897
v -116.093193 0.494500 -66.701897
v -116.139526 -0.005500 -69.301361
v -116.543358 -0.005500 -64.141296
v -116.543358 0.494500 -64.141296
v -117.473557 -0.005500 -61.713490
v -117.473557 0.494500 -61.713490
v -118.849602 -0.005500 -59.507629
v -118.849602 0.494500 -59.507629
v -120.621002 -0.005500 -57.604614
v -120.621002 0.494500 -57.604614
v -122.722778 -0.005500 -56.074265
v -122.722778 0.494500 -56.074265
v -125.077782 0.494500 -54.972763
v -125.077782 -0.005500 -54.972763
v -127.599625 0.494500 -54.340534
v -125.077782 -0.005500 -54.972763
v -127.599625 -0.005500 -54.340534
v -125.077782 0.494500 -54.972763
v -129.595444 0.494500 -54.233093
v -127.599625 -0.005500 -54.340534
v -129.595444 -0.005500 -54.233093
v -127.599625 0.494500 -54.340534
v -167.646683 0.494500 -55.837532
v -129.595444 -0.005500 -54.233093
v -167.646683 -0.005500 -55.837532
v -129.595444 0.494500 -54.233093
v -171.696289 0.494500 -55.348709
v -167.646683 -0.005500 -55.837532
v -171.696289 -0.005500 -55.348709
v -167.646683 0.494500 -55.837532
v -175.688126 0.494500 -54.536392
v -175.688126 -0.005500 -54.536392
v -179.601578 0.494500 -53.405205
v -179.601578 -0.005500 -53.405205
v -183.411209 -0.005500 -51.962532
v -183.411209 0.494500 -51.962532
v -187.092270 -0.005500 -50.217731
v -187.092270 0.494500 -50.217731
v -190.620865 -0.005500 -48.182152
v -190.620865 0.494500 -48.182152
v -193.974045 -0.005500 -45.868999
v -193.974045 0.494500 -45.868999
v -197.130035 -0.005500 -43.293312
v -197.130035 0.494500 -43.293312
v -200.068375 -0.005500 -40.471802
v -200.068375 0.494500 -40.471802
v -202.769913 -0.005500 -37.422813
v -202.769913 0.494500 -37.422813
v -205.217133 -0.005500 -34.166176
v -205.217133 0.494500 -34.166176
v -206.303802 -0.005500 -32.447407
v -206.303802 0.494500 -32.447407
v -206.303802 0.494500 -32.447407
v -206.459564 -0.005500 -32.226837
v -206.459564 0.494500 -32.226837
v -206.303802 -0.005500 -32.447407
v -206.613083 -0.005500 -31.998871
v -206.613083 0.494500 -31.998871
v -206.761444 -0.005500 -31.767502
v -206.761444 0.494500 -31.767502
v -206.904633 -0.005500 -31.532934
v -206.904633 0.494500 -31.532934
v -207.042542 -0.005500 -31.295191
v -207.042542 0.494500 -31.295191
v -207.113464 -0.005500 -31.166410
v -207.113464 0.494500 -31.166410
v -207.113464 0.494500 -31.166410
v -207.175140 -0.005500 -31.054449
v -207.175140 0.494500 -31.054449
v -207.113464 -0.005500 -31.166410
v -207.302338 -0.005500 -30.810835
v -207.302338 0.494500 -30.810835
v -207.424057 -0.005500 -30.564432
v -207.424057 0.494500 -30.564432
v -207.540283 -0.005500 -30.315359
v -207.540283 0.494500 -30.315359
v -207.650894 -0.005500 -30.063795
v -207.650894 0.494500 -30.063795
v -207.755905 -0.005500 -29.809795
v -207.755905 0.494500 -29.809795
v -207.855087 -0.005500 -29.553892
v -207.855087 0.494500 -29.553892
v -207.855087 0.494500 -29.553892
v -207.998215 -0.005500 -29.165804
v -207.998215 0.494500 -29.165804
v -207.855087 -0.005500 -29.553892
v -208.137070 -0.005500 -28.776575
v -208.137070 0.494500 -28.776575
v -208.137070 0.494500 -28.776575
v -208.271805 -0.005500 -28.385899
v -208.271805 0.494500 -28.385899
v -208.137070 -0.005500 -28.776575
v -208.402390 -0.005500 -27.993822
v -208.402390 0.494500 -27.993822
v -208.528763 -0.005500 -27.600351
v -208.528763 0.494500 -27.600351
v -208.651001 -0.005500 -27.205585
v -208.651001 0.494500 -27.205585
v -208.769028 -0.005500 -26.809547
v -208.769028 0.494500 -26.809547
v -208.882843 -0.005500 -26.412266
v -208.882843 0.494500 -26.412266
v -208.989914 -0.005500 -26.023012
v -208.989914 0.494500 -26.023012
v -208.989914 0.494500 -26.023012
v -209.154510 -0.005500 -25.637085
v -209.154510 0.494500 -25.637085
v -208.989914 -0.005500 -26.023012
v -209.332886 -0.005500 -25.249645
v -209.332886 0.494500 -25.249645
v -209.522217 -0.005500 -24.867428
v -209.522217 0.494500 -24.867428
v -209.722321 -0.005500 -24.490740
v -209.722321 0.494500 -24.490740
v -209.933029 -0.005500 -24.119884
v -209.933029 0.494500 -24.119884
v -210.154190 -0.005500 -23.755163
v -210.154190 0.494500 -23.755163
v -210.385620 -0.005500 -23.396866
v -210.385620 0.494500 -23.396866
v -210.627121 -0.005500 -23.045284
v -210.627121 0.494500 -23.045284
v -210.878510 -0.005500 -22.700703
v -210.878510 0.494500 -22.700703
v -211.139557 -0.005500 -22.363396
v -211.139557 0.494500 -22.363396
v -211.410126 -0.005500 -22.033638
v -211.410126 0.494500 -22.033638
v -211.690521 -0.005500 -21.710993
v -211.690521 0.494500 -21.710993
v -211.690521 0.494500 -21.710993
v -211.890015 -0.005500 -21.487892
v -211.890015 0.494500 -21.487892
v -211.690521 -0.005500 -21.710993
v -211.890015 0.494500 -21.487892
v -239.309616 -0.005500 8.141889
v -239.309616 0.494500 8.141889
v -211.890015 -0.005500 -21.487892
v -239.309616 0.494500 8.141889
v -240.058105 -0.005500 8.919672
v -240.058105 0.494500 8.919672
v -239.309616 -0.005500 8.141889
v -240.967361 0.494500 9.719846
v -240.058105 -0.005500 8.919672
v -240.967361 -0.005500 9.719846
v -240.058105 0.494500 8.919672
v -241.939758 0.494500 10.441975
v -241.939758 -0.005500 10.441975
v -242.968628 -0.005500 11.081100
v -242.968628 0.494500 11.081100
v -244.046875 0.494500 11.632829
v -244.046875 -0.005500 11.632829
v -245.167099 0.494500 12.093372
v -245.167099 -0.005500 12.093372
v -246.321625 0.494500 12.459566
v -246.321625 -0.005500 12.459566
v -247.502502 0.494500 12.728897
v -247.502502 -0.005500 12.728897
v -248.701645 0.494500 12.899511
v -248.701645 -0.005500 12.899511
v -249.910797 0.494500 12.970240
v -249.910797 -0.005500 12.970240
v -251.121643 0.494500 12.940596
v -251.121643 -0.005500 12.940596
v -252.186401 0.494500 12.825816
v -252.186401 -0.005500 12.825816
v -253.902496 0.494500 12.375697
v -252.186401 -0.005500 12.825816
v -253.902496 -0.005500 12.375697
v -252.186401 0.494500 12.825816
v -261.627350 0.494500 9.663285
v -253.902496 -0.005500 12.375697
v -261.627350 -0.005500 9.663285
v -253.902496 0.494500 12.375697
v -262.126740 -0.005500 9.487906
v -261.627350 0.494500 9.663285
v -261.627350 -0.005500 9.663285
v -262.126740 0.494500 9.487906
v -262.650970 0.494500 9.370585
v -262.650970 -0.005500 9.370585
v -263.185150 0.494500 9.315495
v -263.185150 -0.005500 9.315495
v -263.722107 0.494500 9.323395
v -263.722107 -0.005500 9.323395
v -264.254486 0.494500 9.394175
v -264.254486 -0.005500 9.394175
v -264.774933 0.494500 9.526858
v -264.774933 -0.005500 9.526858
v -265.276337 0.494500 9.719620
v -265.276337 -0.005500 9.719620
v -265.751556 0.494500 9.969799
v -265.751556 -0.005500 9.969799
v -266.194031 0.494500 10.273952
v -266.194031 -0.005500 10.273952
v -266.598145 -0.005500 10.627883
v -266.598145 0.494500 10.627883
v -266.957794 -0.005500 11.026716
v -266.957794 0.494500 11.026716
v -267.265900 -0.005500 11.461805
v -267.265900 0.494500 11.461805
v -267.265900 0.494500 11.461805
v -293.927246 -0.005500 54.210079
v -293.927246 0.494500 54.210079
v -267.265900 -0.005500 11.461805
v -293.927246 0.494500 54.210079
v -294.587921 -0.005500 55.385544
v -294.587921 0.494500 55.385544
v -293.927246 -0.005500 54.210079
v -295.218109 -0.005500 56.576061
v -295.218109 0.494500 56.576061
v -295.818298 -0.005500 57.782135
v -295.818298 0.494500 57.782135
v -296.387756 -0.005500 59.002930
v -296.387756 0.494500 59.002930
v -296.926239 -0.005500 60.237705
v -296.926239 0.494500 60.237705
v -297.433472 -0.005500 61.485630
v -297.433472 0.494500 61.485630
v -297.908997 -0.005500 62.745979
v -297.908997 0.494500 62.745979
v -298.352722 -0.005500 64.017906
v -298.352722 0.494500 64.017906
v -298.763916 -0.005500 65.300606
v -298.763916 0.494500 65.300606
v -299.143158 -0.005500 66.593292
v -299.143158 0.494500 66.593292
v -299.489349 -0.005500 67.895119
v -299.489349 0.494500 67.895119
v -299.802551 -0.005500 69.204437
v -299.802551 0.494500 69.204437
v -299.802551 0.494500 69.204437
v -305.486298 -0.005500 94.367859
v -305.486298 0.494500 94.367859
v -299.802551 -0.005500 69.204437
v -305.486298 0.494500 94.367859
v -306.534058 -0.005500 99.005928
v -306.534058 0.494500 99.005928
v -305.486298 -0.005500 94.367859
v -306.534058 0.494500 99.005928
v -306.632080 -0.005500 99.440491
v -306.632080 0.494500 99.440491
v -306.534058 -0.005500 99.005928
v -306.714386 -0.005500 99.880829
v -306.714386 0.494500 99.880829
v -306.780182 -0.005500 100.323959
v -306.780182 0.494500 100.323959
v -306.829468 -0.005500 100.769218
v -306.829468 0.494500 100.769218
v -306.861969 -0.005500 101.216003
v -306.861969 0.494500 101.216003
v -306.877716 -0.005500 101.663712
v -306.877716 0.494500 101.663712
v -306.876709 -0.005500 102.111687
v -306.876709 0.494500 102.111687
v -306.859161 -0.005500 102.559311
v -306.859161 0.494500 102.559311
v -306.824615 -0.005500 103.005943
v -306.824615 0.494500 103.005943
v -306.773590 -0.005500 103.451004
v -306.773590 0.494500 103.451004
v -306.705750 -0.005500 103.893822
v -306.705750 0.494500 103.893822
v -306.620667 -0.005500 104.339577
v -306.620667 0.494500 104.339577
v -306.620667 0.494500 104.339577
v -306.066437 -0.005500 106.035759
v -306.066437 0.494500 106.035759
v -306.620667 -0.005500 104.339577
v -305.158386 -0.005500 107.578758
v -305.158386 0.494500 107.578758
v -303.940948 -0.005500 108.891273
v -303.940948 0.494500 108.891273
v -302.470276 -0.005500 109.912239
v -302.470276 0.494500 109.912239
v -300.814972 -0.005500 110.594170
v -300.814972 0.494500 110.594170
v -299.051971 -0.005500 110.905418
v -299.051971 0.494500 110.905418
v -297.361877 -0.005500 110.835518
v -297.361877 0.494500 110.835518
v -297.263031 0.494500 110.831436
v -297.361877 -0.005500 110.835518
v -297.263031 -0.005500 110.831436
v -297.361877 0.494500 110.835518
v -295.531769 0.494500 110.375725
v -297.263031 -0.005500 110.831436
v -295.531769 -0.005500 110.375725
v -297.263031 0.494500 110.831436
v -293.938446 0.494500 109.559425
v -293.938446 -0.005500 109.559425
v -292.556915 0.494500 108.420540
v -292.556915 -0.005500 108.420540
v -291.750488 -0.005500 107.392601
v -291.750488 0.494500 107.392601
v -291.452026 -0.005500 107.012009
v -291.750488 0.494500 107.392601
v -291.750488 -0.005500 107.392601
v -291.452026 0.494500 107.012009
v -290.680634 -0.005500 105.412079
v -290.680634 0.494500 105.412079
v -290.677582 -0.005500 105.405708
v -290.680634 0.494500 105.412079
v -290.680634 -0.005500 105.412079
v -290.677582 0.494500 105.405708
v -290.666656 -0.005500 105.374825
v -290.677582 0.494500 105.405708
v -290.677582 -0.005500 105.405708
v -290.666656 0.494500 105.374825
v -288.142395 -0.005500 98.265564
v -290.666656 0.494500 105.374825
v -290.666656 -0.005500 105.374825
v -288.142395 0.494500 98.265564
v -287.942261 -0.005500 97.701309
v -288.142395 0.494500 98.265564
v -288.142395 -0.005500 98.265564
v -287.942261 0.494500 97.701309
v -287.587921 -0.005500 96.972527
v -287.587921 0.494500 96.972527
v -287.155121 -0.005500 96.287544
v -287.155121 0.494500 96.287544
v -286.649170 -0.005500 95.654778
v -286.649170 0.494500 95.654778
v -286.075867 0.494500 95.082085
v -286.075867 -0.005500 95.082085
v -285.442902 0.494500 94.576492
v -285.442902 -0.005500 94.576492
v -284.757355 0.494500 94.144264
v -284.757355 -0.005500 94.144264
v -284.028381 0.494500 93.790718
v -284.028381 -0.005500 93.790718
v -283.264587 0.494500 93.520241
v -283.264587 -0.005500 93.520241
v -282.475433 -0.005500 93.336159
v -282.475433 0.494500 93.336159
v -281.671021 0.494500 93.240738
v -281.671021 -0.005500 93.240738
v -281.073853 0.494500 93.236649
v -281.671021 -0.005500 93.240738
v -281.073853 -0.005500 93.236649
v -281.671021 0.494500 93.240738
v -280.859222 0.494500 93.241142
v -281.073853 -0.005500 93.236649
v -280.859222 -0.005500 93.241142
v -281.073853 0.494500 93.236649
v -246.206909 -0.005500 94.930374
v -280.859222 0.494500 93.241142
v -280.859222 -0.005500 93.241142
v -246.206909 0.494500 94.930374
v -242.725937 -0.005500 95.100067
v -246.206909 0.494500 94.930374
v -246.206909 -0.005500 94.930374
v -242.725937 0.494500 95.100067
v -240.570740 -0.005500 95.138145
v -240.570740 0.494500 95.138145
v -239.300446 0.494500 95.160568
v -240.570740 -0.005500 95.138145
v -239.300446 -0.005500 95.160568
v -240.570740 0.494500 95.138145
v -235.874695 -0.005500 95.114693
v -235.874695 0.494500 95.114693
v -233.102203 -0.005500 94.991402
v -233.102203 0.494500 94.991402
v -232.452042 0.494500 94.962502
v -233.102203 -0.005500 94.991402
v -232.452042 -0.005500 94.962502
v -233.102203 0.494500 94.991402
v -229.035736 0.494500 94.704102
v -229.035736 -0.005500 94.704102
v -225.629120 -0.005500 94.339767
v -225.629120 0.494500 94.339767
v -222.235458 -0.005500 93.869865
v -222.235458 0.494500 93.869865
v -218.858002 -0.005500 93.294838
v -218.858002 0.494500 93.294838
v -215.500015 0.494500 92.615211
v -215.500015 -0.005500 92.615211
v -212.405090 0.494500 91.888130
v -212.405090 -0.005500 91.888130
v -212.164780 0.494500 91.831665
v -212.405090 -0.005500 91.888130
v -212.164780 -0.005500 91.831665
v -212.405090 0.494500 91.888130
v -208.855469 0.494500 90.944984
v -208.855469 -0.005500 90.944984
v -205.548004 0.494500 89.947731
v -205.548004 -0.005500 89.947731
v -77.566216 0.494500 49.181923
v -205.548004 -0.005500 89.947731
v -77.566216 -0.005500 49.181923
v -205.548004 0.494500 89.947731
v -76.913536 0.494500 49.089619
v -77.566216 -0.005500 49.181923
v -76.913536 -0.005500 49.089619
v -77.566216 0.494500 49.181923
v -76.249634 0.494500 49.045063
v -76.913536 -0.005500 49.089619
v -76.249634 -0.005500 49.045063
v -76.913536 0.494500 49.089619
v -75.759262 0.494500 49.048214
v -75.759262 -0.005500 49.048214
v -75.584229 0.494500 49.049332
v -75.759262 -0.005500 49.048214
v -75.584229 -0.005500 49.049332
v -75.759262 0.494500 49.048214
v -74.920959 0.494500 49.102421
v -74.920959 -0.005500 49.102421
v -74.263351 -0.005500 49.204018
v -74.263351 0.494500 49.204018
v -73.614990 0.494500 49.353626
v -73.614990 -0.005500 49.353626
v -72.979332 -0.005500 49.550373
v -73.614990 0.494500 49.353626
v -73.614990 -0.005500 49.353626
v -72.979332 0.494500 49.550373
v -72.359856 -0.005500 49.793247
v -72.359856 0.494500 49.793247
v -71.759857 0.494500 50.080925
v -71.759857 -0.005500 50.080925
v -71.182587 0.494500 50.411865
v -71.182587 -0.005500 50.411865
v -70.631126 -0.005500 50.784252
v -70.631126 0.494500 50.784252
v -70.107803 -0.005500 51.196674
v -70.107803 0.494500 51.196674
v -69.399208 -0.005500 51.827484
v -70.107803 0.494500 51.196674
v -70.107803 -0.005500 51.196674
v -69.399208 0.494500 51.827484
v -68.772049 -0.005500 52.534264
v -68.772049 0.494500 52.534264
v -68.232178 -0.005500 53.309750
v -68.232178 0.494500 53.309750
v -67.830727 -0.005500 54.061485
v -67.830727 0.494500 54.061485
v -67.830727 0.494500 54.061485
v -67.418083 -0.005500 54.957245
v -67.418083 0.494500 54.957245
v -67.830727 -0.005500 54.061485
v -67.418083 0.494500 54.957245
v -67.248581 -0.005500 55.276142
v -67.248581 0.494500 55.276142
v -67.418083 -0.005500 54.957245
v -67.248581 0.494500 55.276142
v -67.139091 -0.005500 55.435474
v -67.139091 0.494500 55.435474
v -67.248581 -0.005500 55.276142
v -67.139091 0.494500 55.435474
v -67.094765 -0.005500 55.499943
v -67.094765 0.494500 55.499943
v -67.139091 -0.005500 55.435474
v -67.094765 0.494500 55.499943
v -66.916550 -0.005500 55.704872
v -66.916550 0.494500 55.704872
v -67.094765 -0.005500 55.499943
v -66.716248 -0.005500 55.888260
v -66.716248 0.494500 55.888260
v -66.496437 0.494500 56.047771
v -66.496437 -0.005500 56.047771
v -66.401115 0.494500 56.101593
v -66.401115 -0.005500 56.101593
v -66.259964 0.494500 56.181297
v -66.401115 -0.005500 56.101593
v -66.259964 -0.005500 56.181297
v -66.401115 0.494500 56.101593
v -66.009857 0.494500 56.287163
v -66.009857 -0.005500 56.287163
v -65.749374 0.494500 56.363976
v -65.749374 -0.005500 56.363976
v -65.481865 0.494500 56.410759
v -65.481865 -0.005500 56.410759
v -65.210770 0.494500 56.426888
v -65.210770 -0.005500 56.426888
v -64.939568 -0.005500 56.412186
v -64.939568 0.494500 56.412186
v -64.485649 0.494500 56.335297
v -64.485649 -0.005500 56.335297
v -61.268028 0.494500 55.276398
v -64.485649 -0.005500 56.335297
v -61.268028 -0.005500 55.276398
v -64.485649 0.494500 56.335297
v 119.916763 0.494500 -2.436129
v -61.268028 -0.005500 55.276398
v 119.916763 -0.005500 -2.436129
v -61.268028 0.494500 55.276398
v 119.922852 0.494500 -2.438090
v 119.916763 -0.005500 -2.436129
v 119.922852 -0.005500 -2.438090
v 119.916763 0.494500 -2.436129
v 119.942482 0.494500 -2.444335
v 119.922852 -0.005500 -2.438090
v 119.942482 -0.005500 -2.444335
v 119.922852 0.494500 -2.438090
v 119.943832 0.494500 -2.444768
v 119.942482 -0.005500 -2.444335
v 119.943832 -0.005500 -2.444768
v 119.942482 0.494500 -2.444335
v 119.957375 0.494500 -2.449082
v 119.943832 -0.005500 -2.444768
v 119.957375 -0.005500 -2.449082
v 119.943832 0.494500 -2.444768
v 145.146988 0.494500 -10.472696
v 119.957375 -0.005500 -2.449082
v 145.146988 -0.005500 -10.472696
v 119.957375 0.494500 -2.449082
v 151.434402 0.494500 -12.475415
v 145.146988 -0.005500 -10.472696
v 151.434402 -0.005500 -12.475415
v 145.146988 0.494500 -10.472696
v 153.285721 0.494500 -13.100718
v 151.434402 -0.005500 -12.475415
v 153.285721 -0.005500 -13.100718
v 151.434402 0.494500 -12.475415
v 155.130707 0.494500 -13.756149
v 155.130707 -0.005500 -13.756149
v 156.965256 0.494500 -14.440308
v 156.965256 -0.005500 -14.440308
v 158.788849 0.494500 -15.153019
v 158.788849 -0.005500 -15.153019
v 160.601151 0.494500 -15.894114
v 160.601151 -0.005500 -15.894114
v 162.401627 0.494500 -16.663418
v 162.401627 -0.005500 -16.663418
v 164.189896 0.494500 -17.460733
v 164.189896 -0.005500 -17.460733
v 165.965515 0.494500 -18.285873
v 165.965515 -0.005500 -18.285873
v 167.727997 0.494500 -19.138634
v 167.727997 -0.005500 -19.138634
v 169.476959 0.494500 -20.018805
v 169.476959 -0.005500 -20.018805
v 171.017410 0.494500 -20.824423
v 171.017410 -0.005500 -20.824423
v 171.211990 0.494500 -20.926172
v 171.017410 -0.005500 -20.824423
v 171.211990 -0.005500 -20.926172
v 171.017410 0.494500 -20.824423
v 172.980637 0.494500 -21.886602
v 172.980637 -0.005500 -21.886602
v 228.795288 0.494500 -50.826366
v 172.980637 -0.005500 -21.886602
v 228.795288 -0.005500 -50.826366
v 172.980637 0.494500 -21.886602
v 228.798431 0.494500 -50.828018
v 228.795288 -0.005500 -50.826366
v 228.798431 -0.005500 -50.828018
v 228.795288 0.494500 -50.826366
v 231.746750 0.494500 -52.385036
v 228.798431 -0.005500 -50.828018
v 231.746750 -0.005500 -52.385036
v 228.798431 0.494500 -50.828018
v 234.675064 0.494500 -53.956917
v 234.675064 -0.005500 -53.956917
v 234.815781 0.494500 -54.033676
v 234.815781 -0.005500 -54.033676
v 237.592682 0.494500 -55.548584
v 234.815781 -0.005500 -54.033676
v 237.592682 -0.005500 -55.548584
v 234.815781 0.494500 -54.033676
v 240.499527 0.494500 -57.159904
v 240.499527 -0.005500 -57.159904
v 243.395370 0.494500 -58.790840
v 243.395370 -0.005500 -58.790840
v 246.280136 0.494500 -60.441326
v 246.280136 -0.005500 -60.441326
v 249.153656 0.494500 -62.111282
v 249.153656 -0.005500 -62.111282
v 252.015869 0.494500 -63.800640
v 252.015869 -0.005500 -63.800640
v 254.866653 0.494500 -65.509300
v 254.866653 -0.005500 -65.509300
v 254.874268 0.494500 -65.514244
v 254.866653 -0.005500 -65.509300
v 254.874268 -0.005500 -65.514244
v 254.866653 0.494500 -65.509300
v 256.457458 0.494500 -66.627068
v 254.874268 -0.005500 -65.514244
v 256.457458 -0.005500 -66.627068
v 254.874268 0.494500 -65.514244
v 258.067047 0.494500 -67.698822
v 258.067047 -0.005500 -67.698822
v 259.702789 0.494500 -68.729767
v 259.702789 -0.005500 -68.729767
v 261.364197 0.494500 -69.719238
v 261.364197 -0.005500 -69.719238
v 263.049774 0.494500 -70.666664
v 263.049774 -0.005500 -70.666664
v 264.758667 0.494500 -71.571411
v 264.758667 -0.005500 -71.571411
v 266.489929 0.494500 -72.432907
v 266.489929 -0.005500 -72.432907
v 268.242035 0.494500 -73.250603
v 268.242035 -0.005500 -73.250603
v 270.014435 0.494500 -74.023979
v 270.014435 -0.005500 -74.023979
v 271.805634 0.494500 -74.752586
v 271.805634 -0.005500 -74.752586
v 273.614380 0.494500 -75.435898
v 273.614380 -0.005500 -75.435898
v 275.438354 0.494500 -76.072975
v 275.438354 -0.005500 -76.072975
v 276.160217 0.494500 -76.284607
v 275.438354 -0.005500 -76.072975
v 276.160217 -0.005500 -76.284607
v 275.438354 0.494500 -76.072975
v 276.885162 0.494500 -76.497131
v 276.160217 -0.005500 -76.284607
v 276.885162 -0.005500 -76.497131
v 276.160217 0.494500 -76.284607
v 277.611053 0.494500 -76.706787
v 277.611053 -0.005500 -76.706787
v 278.336731 0.494500 -76.916458
v 277.611053 -0.005500 -76.706787
v 278.336731 -0.005500 -76.916458
v 277.611053 0.494500 -76.706787
v 279.789886 0.494500 -77.330147
v 279.789886 -0.005500 -77.330147
v 280.308044 0.494500 -77.475487
v 280.308044 -0.005500 -77.475487
v 280.776398 0.494500 -77.606834
v 280.308044 -0.005500 -77.475487
v 280.776398 -0.005500 -77.606834
v 280.308044 0.494500 -77.475487
v 281.244537 0.494500 -77.738152
v 280.776398 -0.005500 -77.606834
v 281.244537 -0.005500 -77.738152
v 280.776398 0.494500 -77.606834
v 281.674561 0.494500 -77.856949
v 281.244537 -0.005500 -77.738152
v 281.674561 -0.005500 -77.856949
v 281.244537 0.494500 -77.738152
v 282.046173 0.494500 -77.959610
v 281.674561 -0.005500 -77.856949
v 282.046173 -0.005500 -77.959610
v 281.674561 0.494500 -77.856949
v 282.417755 -0.005500 -78.062279
v 282.046173 0.494500 -77.959610
v 282.046173 -0.005500 -77.959610
v 282.417755 0.494500 -78.062279
v 282.700989 0.494500 -78.140488
v 282.417755 -0.005500 -78.062279
v 282.700989 -0.005500 -78.140488
v 282.417755 0.494500 -78.062279
v 284.158691 0.494500 -78.537155
v 284.158691 -0.005500 -78.537155
v 285.618164 0.494500 -78.928116
v 284.158691 -0.005500 -78.537155
v 285.618164 -0.005500 -78.928116
v 284.158691 0.494500 -78.537155
v 287.079193 0.494500 -79.313385
v 287.079193 -0.005500 -79.313385
v 288.541473 0.494500 -79.692955
v 288.541473 -0.005500 -79.692955
v 289.693359 0.494500 -79.987114
v 289.693359 -0.005500 -79.987114
v 290.005524 0.494500 -80.066818
v 289.693359 -0.005500 -79.987114
v 290.005524 -0.005500 -80.066818
v 289.693359 0.494500 -79.987114
v 290.738037 0.494500 -80.250893
v 290.738037 -0.005500 -80.250893
v 291.470825 0.494500 -80.434975
v 290.738037 -0.005500 -80.250893
v 291.470825 -0.005500 -80.434975
v 290.738037 0.494500 -80.250893
v 292.553894 0.494500 -80.702629
v 292.553894 -0.005500 -80.702629
v 292.856903 0.494500 -80.777512
v 292.553894 -0.005500 -80.702629
v 292.856903 -0.005500 -80.777512
v 292.553894 0.494500 -80.702629
v 292.914825 0.494500 -80.791939
v 292.856903 -0.005500 -80.777512
v 292.914825 -0.005500 -80.791939
v 292.856903 0.494500 -80.777512
v 292.937683 0.494500 -80.797630
v 292.914825 -0.005500 -80.791939
v 292.937683 -0.005500 -80.797630
v 292.914825 0.494500 -80.791939
v 292.958252 0.494500 -80.802711
v 292.937683 -0.005500 -80.797630
v 292.958252 -0.005500 -80.802711
v 292.937683 0.494500 -80.797630
v 293.013641 0.494500 -80.816551
v 292.958252 -0.005500 -80.802711
v 293.013641 -0.005500 -80.816551
v 292.958252 0.494500 -80.802711
v 293.552368 0.494500 -80.951782
v 293.013641 -0.005500 -80.816551
v 293.552368 -0.005500 -80.951782
v 293.013641 0.494500 -80.816551
v 294.091095 0.494500 -81.087036
v 293.552368 -0.005500 -80.951782
v 294.091095 -0.005500 -81.087036
v 293.552368 0.494500 -80.951782
v 295.241455 0.494500 -81.389755
v 295.241455 -0.005500 -81.389755
v 296.388275 0.494500 -81.705505
v 296.388275 -0.005500 -81.705505
v 297.531525 0.494500 -82.034225
v 297.531525 -0.005500 -82.034225
v 298.213776 0.494500 -82.238876
v 298.213776 -0.005500 -82.238876
v 298.670990 0.494500 -82.375916
v 298.213776 -0.005500 -82.238876
v 298.670990 -0.005500 -82.375916
v 298.213776 0.494500 -82.238876
v 299.567841 0.494500 -82.656075
v 299.567841 -0.005500 -82.656075
v 299.806366 0.494500 -82.730469
v 299.567841 -0.005500 -82.656075
v 299.806366 -0.005500 -82.730469
v 299.567841 0.494500 -82.656075
v 300.937653 0.494500 -83.097931
v 300.937653 -0.005500 -83.097931
v 302.064667 0.494500 -83.478172
v 302.064667 -0.005500 -83.478172
v 302.316376 -0.005500 -83.566338
v 302.316376 0.494500 -83.566338
v 302.409332 0.494500 -83.598846
v 302.316376 -0.005500 -83.566338
v 302.409332 -0.005500 -83.598846
v 302.316376 0.494500 -83.566338
v 303.192932 0.494500 -83.873169
v 302.409332 -0.005500 -83.598846
v 303.192932 -0.005500 -83.873169
v 302.409332 0.494500 -83.598846
v 304.163208 0.494500 -84.329018
v 303.192932 -0.005500 -83.873169
v 304.163208 -0.005500 -84.329018
v 303.192932 0.494500 -83.873169
v 304.990234 0.494500 -85.027237
v 304.990234 -0.005500 -85.027237
v 305.608490 -0.005500 -85.915756
v 305.608490 0.494500 -85.915756
v 305.975769 -0.005500 -86.934044
v 305.975769 0.494500 -86.934044
v 306.066956 -0.005500 -88.012657
v 306.066956 0.494500 -88.012657
v 305.875916 -0.005500 -89.078110
v 305.875916 0.494500 -89.078110
v 305.415680 -0.005500 -90.057816
v 305.415680 0.494500 -90.057816
v 304.717438 -0.005500 -90.884987
v 304.717438 0.494500 -90.884987
v 303.828949 0.494500 -91.503242
v 303.828949 -0.005500 -91.503242
v 302.810669 0.494500 -91.870483
v 302.810669 -0.005500 -91.870483
v 301.731934 0.494500 -91.961670
v 301.731934 -0.005500 -91.961670
v 300.683411 0.494500 -91.773613
v 300.683411 -0.005500 -91.773613
v 300.666901 0.494500 -91.769493
v 300.683411 -0.005500 -91.773613
v 300.666901 -0.005500 -91.769493
v 300.683411 0.494500 -91.773613
v 269.608307 0.494500 -81.876450
v 300.666901 -0.005500 -91.769493
v 269.608307 -0.005500 -81.876450
v 300.666901 0.494500 -91.769493
v 268.103333 0.494500 -81.475098
v 269.608307 -0.005500 -81.876450
v 268.103333 -0.005500 -81.475098
v 269.608307 0.494500 -81.876450
v 266.592041 0.494500 -81.088715
v 266.592041 -0.005500 -81.088715
v 265.076691 0.494500 -80.717972
v 265.076691 -0.005500 -80.717972
v 263.557770 0.494500 -80.362907
v 263.557770 -0.005500 -80.362907
v 262.035034 0.494500 -80.023567
v 262.035034 -0.005500 -80.023567
v 260.509003 0.494500 -79.699974
v 260.509003 -0.005500 -79.699974
v 258.979675 0.494500 -79.392174
v 258.979675 -0.005500 -79.392174
v 257.447266 0.494500 -79.100197
v 257.447266 -0.005500 -79.100197
v 255.912094 0.494500 -78.824051
v 255.912094 -0.005500 -78.824051
v 254.373871 0.494500 -78.563805
v 254.373871 -0.005500 -78.563805
v 252.833313 0.494500 -78.319481
v 252.833313 -0.005500 -78.319481
v 251.290833 0.494500 -78.091187
v 251.290833 -0.005500 -78.091187
v 238.926117 0.494500 -76.524055
v 251.290833 -0.005500 -78.091187
v 238.926117 -0.005500 -76.524055
v 251.290833 0.494500 -78.091187
v 226.518951 0.494500 -75.346153
v 226.518951 -0.005500 -75.346153
v 214.080917 0.494500 -74.558533
v 214.080917 -0.005500 -74.558533
v 201.624268 0.494500 -74.161957
v 201.624268 -0.005500 -74.161957
v 189.161331 0.494500 -74.156853
v 189.161331 -0.005500 -74.156853
v 176.704346 0.494500 -74.543213
v 176.704346 -0.005500 -74.543213
v 164.276337 0.494500 -75.320000
v 164.276337 -0.005500 -75.320000
v 164.265686 0.494500 -75.320648
v 164.276337 -0.005500 -75.320000
v 164.265686 -0.005500 -75.320648
v 164.276337 0.494500 -75.320000
v 151.857559 0.494500 -76.488396
v 164.265686 -0.005500 -75.320648
v 151.857559 -0.005500 -76.488396
v 164.265686 0.494500 -75.320648
v 145.317856 0.494500 -77.311813
v 145.317856 -0.005500 -77.311813
v 145.220322 0.494500 -77.324081
v 145.317856 -0.005500 -77.311813
v 145.220322 -0.005500 -77.324081
v 145.317856 0.494500 -77.311813
v 139.492218 -0.005500 -78.045303
v 145.220322 0.494500 -77.324081
v 145.220322 -0.005500 -77.324081
v 139.492218 0.494500 -78.045303
v 127.181915 0.494500 -79.989830
v 127.181915 -0.005500 -79.989830
v 119.096382 0.494500 -81.528748
v 119.096382 -0.005500 -81.528748
v 118.186447 0.494500 -81.675835
v 119.096382 -0.005500 -81.528748
v 118.186447 -0.005500 -81.675835
v 119.096382 0.494500 -81.528748
v 108.029884 0.494500 -83.671181
v 108.029884 -0.005500 -83.671181
v 104.153061 0.494500 -84.432831
v 108.029884 -0.005500 -83.671181
v 104.153061 -0.005500 -84.432831
v 108.029884 0.494500 -83.671181
v 104.144554 0.494500 -84.434502
v 104.153061 -0.005500 -84.432831
v 104.144554 -0.005500 -84.434502
v 104.153061 0.494500 -84.432831
v 102.803986 0.494500 -85.023148
v 104.144554 -0.005500 -84.434502
v 102.803986 -0.005500 -85.023148
v 104.144554 0.494500 -84.434502
v 101.535225 0.494500 -85.767395
v 101.535225 -0.005500 -85.767395
v 100.361832 0.494500 -86.654366
v 100.361832 -0.005500 -86.654366
v 99.299728 0.494500 -87.671959
v 99.299728 -0.005500 -87.671959
v 98.363358 -0.005500 -88.806358
v 98.363358 0.494500 -88.806358
v 97.565514 -0.005500 -90.042084
v 97.565514 0.494500 -90.042084
v 96.917053 -0.005500 -91.362328
v 96.917053 0.494500 -91.362328
v 96.426773 -0.005500 -92.749146
v 96.426773 0.494500 -92.749146
v 96.426201 -0.005500 -92.751732
v 96.426773 0.494500 -92.749146
v 96.426773 -0.005500 -92.749146
v 96.426201 0.494500 -92.751732
v 96.099815 -0.005500 -94.190514
v 96.426201 0.494500 -92.751732
v 96.426201 -0.005500 -92.751732
v 96.099815 0.494500 -94.190514
v 95.882515 -0.005500 -95.188614
v 96.099815 0.494500 -94.190514
v 96.099815 -0.005500 -94.190514
v 95.882515 0.494500 -95.188614
v 95.565170 -0.005500 -96.167000
v 95.565170 0.494500 -96.167000
v 95.152367 -0.005500 -97.109077
v 95.152367 0.494500 -97.109077
v 94.648201 -0.005500 -98.005600
v 94.648201 0.494500 -98.005600
v 94.057602 -0.005500 -98.847710
v 94.057602 0.494500 -98.847710
v 93.386452 -0.005500 -99.627106
v 93.386452 0.494500 -99.627106
v 92.641319 0.494500 -100.336128
v 92.641319 -0.005500 -100.336128
v 91.829559 0.494500 -100.967773
v 92.641319 -0.005500 -100.336128
v 91.829559 -0.005500 -100.967773
v 92.641319 0.494500 -100.336128
v 90.959152 0.494500 -101.515831
v 90.959152 -0.005500 -101.515831
v 90.038742 0.494500 -101.974884
v 90.038742 -0.005500 -101.974884
v 89.077324 0.494500 -102.340408
v 89.077324 -0.005500 -102.340408
v 88.102036 0.494500 -102.604042
v 88.102036 -0.005500 -102.604042
v 88.090683 0.494500 -102.607109
v 88.102036 -0.005500 -102.604042
v 88.090683 -0.005500 -102.607109
v 88.102036 0.494500 -102.604042
v 88.081230 0.494500 -102.609299
v 88.090683 -0.005500 -102.607109
v 88.081230 -0.005500 -102.609299
v 88.090683 0.494500 -102.607109
v 74.325027 0.494500 -105.256508
v 88.081230 -0.005500 -102.609299
v 74.325027 -0.005500 -105.256508
v 88.081230 0.494500 -102.609299
v 60.494595 0.494500 -107.496002
v 60.494595 -0.005500 -107.496002
v 46.604000 0.494500 -109.325447
v 46.604000 -0.005500 -109.325447
v 32.665367 0.494500 -110.743195
v 32.665367 -0.005500 -110.743195
v 18.690887 0.494500 -111.748055
v 18.690887 -0.005500 -111.748055
v 4.692802 0.494500 -112.339149
v 4.692802 -0.005500 -112.339149
v -9.316638 0.494500 -112.515930
v -9.316638 -0.005500 -112.515930
v -23.325178 0.494500 -112.278267
v -23.325178 -0.005500 -112.278267
v -37.320576 0.494500 -111.626350
v -37.320576 -0.005500 -111.626350
v -51.290554 0.494500 -110.560745
v -51.290554 -0.005500 -110.560745
v -65.222878 0.494500 -109.082405
v -65.222878 -0.005500 -109.082405
v -74.723221 0.494500 -107.789162
v -74.723221 -0.005500 -107.789162
v -79.105301 0.494500 -107.192650
v -74.723221 -0.005500 -107.789162
v -79.105301 -0.005500 -107.192650
v -74.723221 0.494500 -107.789162
v -80.967102 0.494500 -106.885925
v -79.105301 -0.005500 -107.192650
v -80.967102 -0.005500 -106.885925
v -79.105301 0.494500 -107.192650
v -82.820076 0.494500 -106.530212
v -82.820076 -0.005500 -106.530212
v -84.663002 0.494500 -106.125763
v -84.663002 -0.005500 -106.125763
v -86.494621 0.494500 -105.672844
v -86.494621 -0.005500 -105.672844
v -88.313675 0.494500 -105.171753
v -88.313675 -0.005500 -105.171753
v -90.118874 0.494500 -104.622887
v -90.118874 -0.005500 -104.622887
v -91.908936 0.494500 -104.026566
v -91.908936 -0.005500 -104.026566
v -93.682671 0.494500 -103.383240
v -93.682671 -0.005500 -103.383240
v -95.438828 0.494500 -102.693344
v -95.438828 -0.005500 -102.693344
v -97.176163 0.494500 -101.957375
v -97.176163 -0.005500 -101.957375
v -98.893478 0.494500 -101.175850
v -98.893478 -0.005500 -101.175850
v -100.588821 -0.005500 -100.349663
v -100.588821 0.494500 -100.349663
v -101.056717 0.494500 -100.113953
v -100.588821 -0.005500 -100.349663
v -101.056717 -0.005500 -100.113953
v -100.588821 0.494500 -100.349663
v -103.380264 -0.005500 -98.943466
v -101.056717 0.494500 -100.113953
v -101.056717 -0.005500 -100.113953
v -103.380264 0.494500 -98.943466
v -105.855804 -0.005500 -97.334915
v -105.855804 0.494500 -97.334915
v -108.140587 -0.005500 -95.465324
v -108.140587 0.494500 -95.465324
v -110.207222 -0.005500 -93.357063
v -110.207222 0.494500 -93.357063
v -112.030914 -0.005500 -91.035484
v -112.030914 0.494500 -91.035484
v -113.589813 -0.005500 -88.528374
v -113.589813 0.494500 -88.528374
v -114.865211 -0.005500 -85.865845
v -114.865211 0.494500 -85.865845
v -115.841812 -0.005500 -83.079819
v -115.841812 0.494500 -83.079819
v -116.507874 -0.005500 -80.203705
v -116.507874 0.494500 -80.203705
v -116.855453 -0.005500 -77.271980
v -116.855453 0.494500 -77.271980
v -116.880341 -0.005500 -74.319870
v -116.880341 0.494500 -74.319870
v -116.582802 -0.005500 -71.388176
v -116.582802 0.494500 -71.388176
v -116.781990 -0.005500 -74.324417
v -116.484993 0.494500 -71.398109
v -116.484993 -0.005500 -71.398109
v -116.781990 0.494500 -74.324417
v -116.757179 -0.005500 -77.265762
v -116.757179 0.494500 -77.265762
v -116.410866 -0.005500 -80.186760
v -116.410866 0.494500 -80.186760
v -115.747238 -0.005500 -83.052383
v -115.747238 0.494500 -83.052383
v -114.774216 -0.005500 -85.828232
v -114.774216 0.494500 -85.828232
v -113.503487 -0.005500 -88.481056
v -113.503487 0.494500 -88.481056
v -111.950272 -0.005500 -90.978989
v -111.950272 0.494500 -90.978989
v -110.133232 -0.005500 -93.292099
v -110.133232 0.494500 -93.292099
v -108.074158 -0.005500 -95.392654
v -108.074158 0.494500 -95.392654
v -105.797707 0.494500 -97.255432
v -105.797707 -0.005500 -97.255432
v -103.331215 0.494500 -98.858101
v -103.331215 -0.005500 -98.858101
v -101.012497 0.494500 -100.026169
v -101.012497 -0.005500 -100.026169
v -100.833992 0.494500 -100.116112
v -101.012497 -0.005500 -100.026169
v -100.833992 -0.005500 -100.116112
v -101.012497 0.494500 -100.026169
v -100.545166 0.494500 -100.261574
v -100.833992 -0.005500 -100.116112
v -100.545166 -0.005500 -100.261574
v -100.833992 0.494500 -100.116112
v -98.851593 0.494500 -101.086922
v -100.545166 -0.005500 -100.261574
v -98.851593 -0.005500 -101.086922
v -100.545166 0.494500 -100.261574
v -97.136635 0.494500 -101.867363
v -97.136635 -0.005500 -101.867363
v -95.401665 0.494500 -102.602341
v -95.401665 -0.005500 -102.602341
v -93.647949 0.494500 -103.291260
v -93.647949 -0.005500 -103.291260
v -91.876656 0.494500 -103.933701
v -91.876656 -0.005500 -103.933701
v -90.089027 0.494500 -104.529182
v -90.089027 -0.005500 -104.529182
v -88.286316 0.494500 -105.077316
v -88.286316 -0.005500 -105.077316
v -86.469788 0.494500 -105.577713
v -86.469788 -0.005500 -105.577713
v -84.640671 0.494500 -106.030006
v -84.640671 -0.005500 -106.030006
v -82.800270 0.494500 -106.433899
v -82.800270 -0.005500 -106.433899
v -80.949852 0.494500 -106.789124
v -80.949852 -0.005500 -106.789124
v -79.090675 0.494500 -107.095413
v -79.090675 -0.005500 -107.095413
v -74.709961 -0.005500 -107.691757
v -79.090675 0.494500 -107.095413
v -79.090675 -0.005500 -107.095413
v -74.709961 0.494500 -107.691757
v -65.211075 -0.005500 -108.984787
v -74.709961 0.494500 -107.691757
v -74.709961 -0.005500 -107.691757
v -65.211075 0.494500 -108.984787
v -51.281609 -0.005500 -110.462814
v -51.281609 0.494500 -110.462814
v -37.314529 -0.005500 -111.528198
v -37.314529 0.494500 -111.528198
v -23.322058 -0.005500 -112.179993
v -23.322058 0.494500 -112.179993
v -9.316425 -0.005500 -112.417610
v -9.316425 0.494500 -112.417610
v 4.690110 -0.005500 -112.240875
v 4.690110 0.494500 -112.240875
v 18.685286 -0.005500 -111.649887
v 18.685286 0.494500 -111.649887
v 32.656857 -0.005500 -110.645248
v 32.656857 0.494500 -110.645248
v 46.592621 -0.005500 -109.227776
v 46.592621 0.494500 -109.227776
v 60.480328 -0.005500 -107.398727
v 60.480328 0.494500 -107.398727
v 74.307877 -0.005500 -105.159706
v 74.307877 0.494500 -105.159706
v 88.062668 -0.005500 -102.512756
v 88.062668 0.494500 -102.512756
v 88.065033 0.494500 -102.512192
v 88.062668 -0.005500 -102.512756
v 88.065033 -0.005500 -102.512192
v 88.062668 0.494500 -102.512756
v 89.046944 -0.005500 -102.246765
v 88.065033 0.494500 -102.512192
v 88.065033 -0.005500 -102.512192
v 89.046944 0.494500 -102.246765
v 89.999237 -0.005500 -101.884712
v 89.999237 0.494500 -101.884712
v 90.910912 -0.005500 -101.430023
v 90.910912 0.494500 -101.430023
v 91.773048 0.494500 -100.887177
v 91.773048 -0.005500 -100.887177
v 92.577080 -0.005500 -100.261551
v 92.577080 0.494500 -100.261551
v 93.315132 -0.005500 -99.559265
v 92.577080 0.494500 -100.261551
v 92.577080 -0.005500 -100.261551
v 93.315132 0.494500 -99.559265
v 93.979927 -0.005500 -98.787262
v 93.979927 0.494500 -98.787262
v 94.564888 -0.005500 -97.953148
v 94.564888 0.494500 -97.953148
v 95.064278 -0.005500 -97.065163
v 95.064278 0.494500 -97.065163
v 95.473167 -0.005500 -96.132019
v 95.473167 0.494500 -96.132019
v 95.787491 -0.005500 -95.162933
v 95.787491 0.494500 -95.162933
v 96.003853 -0.005500 -94.169212
v 96.003853 0.494500 -94.169212
v 96.003853 0.494500 -94.169212
v 96.332169 -0.005500 -92.721786
v 96.332169 0.494500 -92.721786
v 96.003853 -0.005500 -94.169212
v 96.332169 0.494500 -92.721786
v 96.826271 -0.005500 -91.324158
v 96.826271 0.494500 -91.324158
v 96.332169 -0.005500 -92.721786
v 97.479813 -0.005500 -89.993576
v 97.479813 0.494500 -89.993576
v 98.283905 -0.005500 -88.748192
v 98.283905 0.494500 -88.748192
v 99.227570 -0.005500 -87.604935
v 99.227570 0.494500 -87.604935
v 100.297974 -0.005500 -86.579384
v 100.297974 0.494500 -86.579384
v 101.480545 -0.005500 -85.685501
v 101.480545 0.494500 -85.685501
v 102.759209 -0.005500 -84.935440
v 102.759209 0.494500 -84.935440
v 104.114960 -0.005500 -84.340118
v 104.114960 0.494500 -84.340118
v 108.010941 -0.005500 -83.574715
v 104.114960 0.494500 -84.340118
v 104.114960 -0.005500 -84.340118
v 108.010941 0.494500 -83.574715
v 118.169136 -0.005500 -81.579041
v 108.010941 0.494500 -83.574715
v 108.010941 -0.005500 -83.574715
v 118.169136 0.494500 -81.579041
v 119.079338 0.494500 -81.431923
v 119.079338 -0.005500 -81.431923
v 127.165047 -0.005500 -79.892960
v 119.079338 0.494500 -81.431923
v 119.079338 -0.005500 -81.431923
v 127.165047 0.494500 -79.892960
v 139.478424 -0.005500 -77.947952
v 139.478424 0.494500 -77.947952
v 151.846817 -0.005500 -76.390656
v 151.846817 0.494500 -76.390656
v 164.258011 -0.005500 -75.222641
v 164.258011 0.494500 -75.222641
v 176.699783 -0.005500 -74.444984
v 164.258011 0.494500 -75.222641
v 164.258011 -0.005500 -75.222641
v 176.699783 0.494500 -74.444984
v 189.159821 -0.005500 -74.058556
v 189.159821 0.494500 -74.058556
v 201.625870 -0.005500 -74.063660
v 201.625870 0.494500 -74.063660
v 214.085587 -0.005500 -74.460304
v 214.085587 0.494500 -74.460304
v 226.526703 -0.005500 -75.248138
v 226.526703 0.494500 -75.248138
v 238.936951 -0.005500 -76.426338
v 238.936951 0.494500 -76.426338
v 251.304230 -0.005500 -77.993774
v 251.304230 0.494500 -77.993774
v 252.848190 -0.005500 -78.222298
v 251.304230 0.494500 -77.993774
v 251.304230 -0.005500 -77.993774
v 252.848190 0.494500 -78.222298
v 254.389877 -0.005500 -78.466797
v 254.389877 0.494500 -78.466797
v 255.928864 0.494500 -78.727203
v 255.928864 -0.005500 -78.727203
v 257.465302 0.494500 -79.003532
v 257.465302 -0.005500 -79.003532
v 258.998718 0.494500 -79.295708
v 258.998718 -0.005500 -79.295708
v 260.529053 0.494500 -79.603706
v 260.529053 -0.005500 -79.603706
v 262.056122 0.494500 -79.927505
v 262.056122 -0.005500 -79.927505
v 263.579590 0.494500 -80.267044
v 263.579590 -0.005500 -80.267044
v 265.099548 0.494500 -80.622345
v 265.099548 -0.005500 -80.622345
v 266.615906 0.494500 -80.993340
v 266.615906 -0.005500 -80.993340
v 268.128235 -0.005500 -81.379974
v 268.128235 0.494500 -81.379974
v 269.635742 0.494500 -81.782059
v 269.635742 -0.005500 -81.782059
v 300.696625 0.494500 -91.675819
v 269.635742 -0.005500 -81.782059
v 300.696625 -0.005500 -91.675819
v 269.635742 0.494500 -81.782059
v 300.700958 0.494500 -91.676857
v 300.696625 -0.005500 -91.675819
v 300.700958 -0.005500 -91.676857
v 300.696625 0.494500 -91.675819
v 301.736481 0.494500 -91.862610
v 300.700958 -0.005500 -91.676857
v 301.736481 -0.005500 -91.862610
v 300.700958 0.494500 -91.676857
v 302.789337 0.494500 -91.773613
v 302.789337 -0.005500 -91.773613
v 303.783234 -0.005500 -91.415161
v 303.783234 0.494500 -91.415161
v 304.650635 -0.005500 -90.811684
v 304.650635 0.494500 -90.811684
v 305.332123 -0.005500 -90.004288
v 305.332123 0.494500 -90.004288
v 305.332123 0.494500 -90.004288
v 305.781433 -0.005500 -89.048012
v 305.781433 0.494500 -89.048012
v 305.332123 -0.005500 -90.004288
v 305.967865 -0.005500 -88.008026
v 305.967865 0.494500 -88.008026
v 305.878967 -0.005500 -86.955200
v 305.878967 0.494500 -86.955200
v 305.520599 -0.005500 -85.961304
v 305.520599 0.494500 -85.961304
v 304.917084 -0.005500 -85.094017
v 304.917084 0.494500 -85.094017
v 304.109619 -0.005500 -84.412506
v 304.109619 0.494500 -84.412506
v 303.155853 0.494500 -83.964272
v 303.155853 -0.005500 -83.964272
v 302.032654 0.494500 -83.571136
v 303.155853 -0.005500 -83.964272
v 302.032654 -0.005500 -83.571136
v 303.155853 0.494500 -83.964272
v 300.906677 0.494500 -83.191246
v 300.906677 -0.005500 -83.191246
v 299.776367 0.494500 -82.824150
v 299.776367 -0.005500 -82.824150
v 298.641998 0.494500 -82.469917
v 298.641998 -0.005500 -82.469917
v 297.503845 0.494500 -82.128540
v 297.503845 -0.005500 -82.128540
v 296.361603 0.494500 -81.800148
v 296.361603 -0.005500 -81.800148
v 295.216064 0.494500 -81.484703
v 295.216064 -0.005500 -81.484703
v 294.066711 0.494500 -81.182259
v 294.066711 -0.005500 -81.182259
v 293.003448 0.494500 -80.915306
v 293.003448 -0.005500 -80.915306
v 292.934387 0.494500 -80.897964
v 293.003448 -0.005500 -80.915306
v 292.934387 -0.005500 -80.897964
v 293.003448 0.494500 -80.915306
v 292.891479 0.494500 -80.887314
v 292.934387 -0.005500 -80.897964
v 292.891479 -0.005500 -80.887314
v 292.934387 0.494500 -80.897964
v 292.826935 0.494500 -80.871391
v 292.891479 -0.005500 -80.887314
v 292.826935 -0.005500 -80.871391
v 292.891479 0.494500 -80.887314
v 291.446960 0.494500 -80.530373
v 292.826935 -0.005500 -80.871391
v 291.446960 -0.005500 -80.530373
v 292.826935 0.494500 -80.871391
v 290.714172 0.494500 -80.346245
v 290.714172 -0.005500 -80.346245
v 289.981384 0.494500 -80.162125
v 290.714172 -0.005500 -80.346245
v 289.981384 -0.005500 -80.162125
v 290.714172 0.494500 -80.346245
v 288.517059 0.494500 -79.788155
v 288.517059 -0.005500 -79.788155
v 287.054291 0.494500 -79.408501
v 287.054291 -0.005500 -79.408501
v 285.593018 0.494500 -79.023140
v 285.593018 -0.005500 -79.023140
v 284.133026 0.494500 -78.632050
v 284.133026 -0.005500 -78.632050
v 282.674805 0.494500 -78.235298
v 282.674805 -0.005500 -78.235298
v 282.387787 0.494500 -78.156006
v 282.387787 -0.005500 -78.156006
v 282.022308 0.494500 -78.055046
v 282.387787 -0.005500 -78.156006
v 282.022308 -0.005500 -78.055046
v 282.387787 0.494500 -78.156006
v 281.648407 -0.005500 -77.951691
v 282.022308 0.494500 -78.055046
v 282.022308 -0.005500 -78.055046
v 281.648407 0.494500 -77.951691
v 281.218140 0.494500 -77.832870
v 281.648407 -0.005500 -77.951691
v 281.218140 -0.005500 -77.832870
v 281.648407 0.494500 -77.951691
v 280.752533 0.494500 -77.702255
v 281.218140 -0.005500 -77.832870
v 280.752533 -0.005500 -77.702255
v 281.218140 0.494500 -77.832870
v 280.281616 -0.005500 -77.570152
v 280.752533 0.494500 -77.702255
v 280.752533 -0.005500 -77.702255
v 280.281616 0.494500 -77.570152
v 279.763214 0.494500 -77.424767
v 280.281616 -0.005500 -77.570152
v 279.763214 -0.005500 -77.424767
v 280.281616 0.494500 -77.570152
v 278.309570 0.494500 -77.010979
v 278.309570 -0.005500 -77.010979
v 277.583649 0.494500 -76.801247
v 277.583649 -0.005500 -76.801247
v 276.132538 -0.005500 -76.378944
v 277.583649 0.494500 -76.801247
v 277.583649 -0.005500 -76.801247
v 276.132538 0.494500 -76.378944
v 275.408386 0.494500 -76.166626
v 276.132538 -0.005500 -76.378944
v 275.408386 -0.005500 -76.166626
v 276.132538 0.494500 -76.378944
v 275.407593 0.494500 -76.166344
v 275.408386 -0.005500 -76.166626
v 275.407593 -0.005500 -76.166344
v 275.408386 0.494500 -76.166626
v 275.405853 0.494500 -76.165787
v 275.407593 -0.005500 -76.166344
v 275.405853 -0.005500 -76.165787
v 275.407593 0.494500 -76.166344
v 273.580872 0.494500 -75.528297
v 275.405853 -0.005500 -76.165787
v 273.580872 -0.005500 -75.528297
v 275.405853 0.494500 -76.165787
v 271.769592 -0.005500 -74.844101
v 271.769592 0.494500 -74.844101
v 269.976074 0.494500 -74.114586
v 269.976074 -0.005500 -74.114586
v 268.201660 0.494500 -73.340210
v 268.201660 -0.005500 -73.340210
v 266.447266 0.494500 -72.521469
v 266.447266 -0.005500 -72.521469
v 264.713715 0.494500 -71.658859
v 264.713715 -0.005500 -71.658859
v 263.002747 -0.005500 -70.752968
v 263.002747 0.494500 -70.752968
v 261.314941 0.494500 -69.804359
v 261.314941 -0.005500 -69.804359
v 259.651489 0.494500 -68.813576
v 259.651489 -0.005500 -68.813576
v 258.013458 -0.005500 -67.781326
v 258.013458 0.494500 -67.781326
v 256.402069 0.494500 -66.708199
v 256.402069 -0.005500 -66.708199
v 254.817612 -0.005500 -65.594688
v 254.817612 0.494500 -65.594688
v 254.815582 0.494500 -65.593445
v 254.817612 -0.005500 -65.594688
v 254.815582 -0.005500 -65.593445
v 254.817612 0.494500 -65.594688
v 251.965591 -0.005500 -63.885143
v 254.815582 0.494500 -65.593445
v 254.815582 -0.005500 -65.593445
v 251.965591 0.494500 -63.885143
v 249.103973 0.494500 -62.196117
v 249.103973 -0.005500 -62.196117
v 246.231049 -0.005500 -60.526501
v 246.231049 0.494500 -60.526501
v 243.346832 -0.005500 -58.876339
v 243.346832 0.494500 -58.876339
v 240.451584 0.494500 -57.245731
v 240.451584 -0.005500 -57.245731
v 237.545334 -0.005500 -55.634712
v 237.545334 0.494500 -55.634712
v 234.764908 0.494500 -54.117931
v 234.764908 -0.005500 -54.117931
v 234.752945 0.494500 -54.111393
v 234.764908 -0.005500 -54.117931
v 234.752945 -0.005500 -54.111393
v 234.764908 0.494500 -54.117931
v 234.628250 0.494500 -54.043381
v 234.752945 -0.005500 -54.111393
v 234.628250 -0.005500 -54.043381
v 234.752945 0.494500 -54.111393
v 231.700531 -0.005500 -52.471828
v 231.700531 0.494500 -52.471828
v 228.752518 0.494500 -50.914963
v 228.752518 -0.005500 -50.914963
v 228.750015 0.494500 -50.913643
v 228.752518 -0.005500 -50.914963
v 228.750015 -0.005500 -50.913643
v 228.752518 0.494500 -50.914963
v 172.934555 -0.005500 -21.973444
v 228.750015 0.494500 -50.913643
v 228.750015 -0.005500 -50.913643
v 172.934555 0.494500 -21.973444
v 171.165726 -0.005500 -21.012934
v 172.934555 0.494500 -21.973444
v 172.934555 -0.005500 -21.973444
v 171.165726 0.494500 -21.012934
v 170.971848 0.494500 -20.911541
v 170.971848 -0.005500 -20.911541
v 169.432068 0.494500 -20.106276
v 170.971848 -0.005500 -20.911541
v 169.432068 -0.005500 -20.106276
v 170.971848 0.494500 -20.911541
v 167.684479 -0.005500 -19.226793
v 167.684479 0.494500 -19.226793
v 165.923370 0.494500 -18.374701
v 165.923370 -0.005500 -18.374701
v 164.149185 -0.005500 -17.550211
v 164.149185 0.494500 -17.550211
v 162.362320 0.494500 -16.753519
v 162.362320 -0.005500 -16.753519
v 160.563232 0.494500 -15.984821
v 160.563232 -0.005500 -15.984821
v 158.752365 0.494500 -15.244305
v 158.752365 -0.005500 -15.244305
v 156.930176 0.494500 -14.532150
v 156.930176 -0.005500 -14.532150
v 155.097076 -0.005500 -13.848532
v 155.097076 0.494500 -13.848532
v 153.253525 0.494500 -13.193613
v 153.253525 -0.005500 -13.193613
v 151.404556 0.494500 -12.569103
v 151.404556 -0.005500 -12.569103
v 151.402954 0.494500 -12.568557
v 151.404556 -0.005500 -12.569103
v 151.402954 -0.005500 -12.568557
v 151.404556 0.494500 -12.569103
v 80.393539 -0.005500 10.049962
v 151.402954 0.494500 -12.568557
v 151.402954 -0.005500 -12.568557
v 80.393539 0.494500 10.049962
v -56.225819 -0.005500 53.567131
v 80.393539 0.494500 10.049962
v 80.393539 -0.005500 10.049962
v -56.225819 0.494500 53.567131
v -61.298325 0.494500 55.182850
v -56.225819 -0.005500 53.567131
v -61.298325 -0.005500 55.182850
v -56.225819 0.494500 53.567131
v -64.509369 0.494500 56.239594
v -61.298325 -0.005500 55.182850
v -64.509369 -0.005500 56.239594
v -61.298325 0.494500 55.182850
v -64.950500 0.494500 56.314342
v -64.509369 -0.005500 56.239594
v -64.950500 -0.005500 56.314342
v -64.509369 0.494500 56.239594
v -65.210487 0.494500 56.328438
v -65.210487 -0.005500 56.328438
v -65.470436 0.494500 56.312946
v -65.470436 -0.005500 56.312946
v -65.726921 0.494500 56.268085
v -65.726921 -0.005500 56.268085
v -65.976677 0.494500 56.194447
v -65.976677 -0.005500 56.194447
v -66.216484 0.494500 56.092953
v -66.216484 -0.005500 56.092953
v -66.351837 0.494500 56.016525
v -66.351837 -0.005500 56.016525
v -66.443230 0.494500 55.964912
v -66.351837 -0.005500 56.016525
v -66.443230 -0.005500 55.964912
v -66.351837 0.494500 56.016525
v -66.653969 0.494500 55.811977
v -66.653969 -0.005500 55.811977
v -66.846046 0.494500 55.636139
v -66.846046 -0.005500 55.636139
v -67.016914 -0.005500 55.439667
v -67.016914 0.494500 55.439667
v -67.058060 -0.005500 55.379799
v -67.058060 0.494500 55.379799
v -67.164406 -0.005500 55.225063
v -67.058060 0.494500 55.379799
v -67.058060 -0.005500 55.379799
v -67.164406 0.494500 55.225063
v -67.329941 -0.005500 54.913586
v -67.329941 0.494500 54.913586
v -67.742645 -0.005500 54.017727
v -67.329941 0.494500 54.913586
v -67.329941 -0.005500 54.913586
v -67.742645 0.494500 54.017727
v -68.148178 -0.005500 53.258343
v -67.742645 0.494500 54.017727
v -67.742645 -0.005500 54.017727
v -68.148178 0.494500 53.258343
v -68.694687 -0.005500 52.473331
v -68.694687 0.494500 52.473331
v -69.329529 -0.005500 51.757885
v -69.329529 0.494500 51.757885
v -70.044670 0.494500 51.121262
v -70.044670 -0.005500 51.121262
v -70.573120 0.494500 50.704803
v -70.044670 -0.005500 51.121262
v -70.573120 -0.005500 50.704803
v -70.044670 0.494500 51.121262
v -71.130539 0.494500 50.328377
v -71.130539 -0.005500 50.328377
v -71.714081 0.494500 49.993855
v -71.714081 -0.005500 49.993855
v -72.320610 0.494500 49.703053
v -72.320610 -0.005500 49.703053
v -72.946823 0.494500 49.457535
v -72.946823 -0.005500 49.457535
v -73.589371 0.494500 49.258625
v -73.589371 -0.005500 49.258625
v -74.244789 0.494500 49.107422
v -73.589371 -0.005500 49.258625
v -74.244789 -0.005500 49.107422
v -73.589371 0.494500 49.258625
v -74.909508 0.494500 49.004704
v -74.909508 -0.005500 49.004704
v -75.579979 0.494500 48.951035
v -75.579979 -0.005500 48.951035
v -75.758621 0.494500 48.949894
v -75.758621 -0.005500 48.949894
v -76.252602 0.494500 48.946716
v -75.758621 -0.005500 48.949894
v -76.252602 -0.005500 48.946716
v -75.758621 0.494500 48.949894
v -76.920113 0.494500 48.991520
v -76.920113 -0.005500 48.991520
v -76.923729 0.494500 48.991772
v -76.920113 -0.005500 48.991520
v -76.923729 -0.005500 48.991772
v -76.920113 0.494500 48.991520
v -77.576424 0.494500 49.084053
v -76.923729 -0.005500 48.991772
v -77.576424 -0.005500 49.084053
v -76.923729 0.494500 48.991772
v -77.588188 0.494500 49.085728
v -77.576424 -0.005500 49.084053
v -77.588188 -0.005500 49.085728
v -77.576424 0.494500 49.084053
v -205.576385 -0.005500 89.853600
v -77.588188 0.494500 49.085728
v -77.588188 -0.005500 49.085728
v -205.576385 0.494500 89.853600
v -205.600998 0.494500 89.861038
v -205.576385 -0.005500 89.853600
v -205.600998 -0.005500 89.861038
v -205.576385 0.494500 89.853600
v -208.882401 0.494500 90.850418
v -205.600998 -0.005500 89.861038
v -208.882401 -0.005500 90.850418
v -205.600998 0.494500 89.861038
v -212.188766 0.494500 91.736320
v -212.188766 -0.005500 91.736320
v -212.427567 0.494500 91.792427
v -212.427567 -0.005500 91.792427
v -215.521027 0.494500 92.519142
v -212.427567 -0.005500 91.792427
v -215.521027 -0.005500 92.519142
v -212.427567 0.494500 91.792427
v -218.876007 0.494500 93.198166
v -218.876007 -0.005500 93.198166
v -222.250443 0.494500 93.772690
v -222.250443 -0.005500 93.772690
v -225.641098 0.494500 94.242188
v -225.641098 -0.005500 94.242188
v -229.044693 0.494500 94.606186
v -229.044693 -0.005500 94.606186
v -232.457947 0.494500 94.864357
v -232.457947 -0.005500 94.864357
v -233.106583 0.494500 94.893181
v -233.106583 -0.005500 94.893181
v -235.877548 0.494500 95.016426
v -233.106583 -0.005500 94.893181
v -235.877548 -0.005500 95.016426
v -233.106583 0.494500 94.893181
v -239.300247 0.494500 95.062248
v -239.300247 -0.005500 95.062248
v -240.568985 0.494500 95.039841
v -240.568985 -0.005500 95.039841
v -242.722702 0.494500 95.001801
v -240.568985 -0.005500 95.039841
v -242.722702 -0.005500 95.001801
v -240.568985 0.494500 95.039841
v -246.202103 0.494500 94.832199
v -246.202103 -0.005500 94.832199
v -280.855652 0.494500 93.142868
v -246.202103 -0.005500 94.832199
v -280.855652 -0.005500 93.142868
v -246.202103 0.494500 94.832199
v -281.073334 0.494500 93.138329
v -280.855652 -0.005500 93.142868
v -281.073334 -0.005500 93.138329
v -280.855652 0.494500 93.142868
v -281.671509 -0.005500 93.142441
v -281.073334 0.494500 93.138329
v -281.073334 -0.005500 93.138329
v -281.671509 0.494500 93.142441
v -281.677094 0.494500 93.142464
v -281.671509 -0.005500 93.142441
v -281.677094 -0.005500 93.142464
v -281.671509 0.494500 93.142441
v -282.492432 0.494500 93.239166
v -281.677094 -0.005500 93.142464
v -282.492432 -0.005500 93.239166
v -281.677094 0.494500 93.142464
v -283.292297 0.494500 93.425751
v -283.292297 -0.005500 93.425751
v -283.797729 -0.005500 93.604713
v -283.797729 0.494500 93.604713
v -284.066223 0.494500 93.699867
v -283.797729 -0.005500 93.604713
v -284.066223 -0.005500 93.699867
v -283.797729 0.494500 93.604713
v -284.805359 -0.005500 94.058182
v -284.805359 0.494500 94.058182
v -285.499786 0.494500 94.496262
v -285.499786 -0.005500 94.496262
v -286.141663 0.494500 95.008682
v -286.141663 -0.005500 95.008682
v -286.722565 0.494500 95.589119
v -286.722565 -0.005500 95.589119
v -287.235382 -0.005500 96.230415
v -287.235382 0.494500 96.230415
v -287.674042 -0.005500 96.924652
v -287.674042 0.494500 96.924652
v -288.032959 -0.005500 97.663254
v -288.032959 0.494500 97.663254
v -288.235138 -0.005500 98.232674
v -288.235138 0.494500 98.232674
v -288.235138 0.494500 98.232674
v -290.266602 -0.005500 103.954323
v -290.266602 0.494500 103.954323
v -288.235138 -0.005500 98.232674
v -290.266602 0.494500 103.954323
v -290.754547 -0.005500 105.328468
v -290.754547 0.494500 105.328468
v -290.266602 -0.005500 103.954323
v -290.754547 0.494500 105.328468
v -290.768524 -0.005500 105.367821
v -290.768524 0.494500 105.367821
v -290.754547 -0.005500 105.328468
v -290.768524 0.494500 105.367821
v -290.769287 -0.005500 105.369415
v -290.769287 0.494500 105.369415
v -290.768524 -0.005500 105.367821
v -290.769287 0.494500 105.369415
v -291.535858 -0.005500 106.959709
v -291.535858 0.494500 106.959709
v -290.769287 -0.005500 105.369415
v -291.842163 -0.005500 107.350136
v -291.842163 0.494500 107.350136
v -291.842163 0.494500 107.350136
v -292.627777 -0.005500 108.351479
v -292.627777 0.494500 108.351479
v -291.842163 -0.005500 107.350136
v -293.992554 -0.005500 109.476791
v -293.992554 0.494500 109.476791
v -295.567108 -0.005500 110.283379
v -295.567108 0.494500 110.283379
v -297.277771 0.494500 110.733665
v -297.277771 -0.005500 110.733665
v -297.649902 0.494500 110.749031
v -297.649902 -0.005500 110.749031
v -299.045349 0.494500 110.806732
v -297.649902 -0.005500 110.749031
v -299.045349 -0.005500 110.806732
v -297.649902 0.494500 110.749031
v -300.787292 0.494500 110.499229
v -300.787292 -0.005500 110.499229
v -302.422821 0.494500 109.825378
v -302.422821 -0.005500 109.825378
v -303.875946 0.494500 108.816574
v -303.875946 -0.005500 108.816574
v -305.079132 -0.005500 107.519722
v -305.079132 0.494500 107.519722
v -305.976257 -0.005500 105.995094
v -305.976257 0.494500 105.995094
v -306.525177 -0.005500 104.314987
v -306.525177 0.494500 104.314987
v -306.608978 -0.005500 103.877159
v -306.525177 0.494500 104.314987
v -306.525177 -0.005500 104.314987
v -306.608978 0.494500 103.877159
v -306.676025 -0.005500 103.437973
v -306.676025 0.494500 103.437973
v -306.726837 -0.005500 102.996574
v -306.726837 0.494500 102.996574
v -306.760895 -0.005500 102.553574
v -306.760895 0.494500 102.553574
v -306.778381 -0.005500 102.109627
v -306.778381 0.494500 102.109627
v -306.779419 -0.005500 101.665337
v -306.779419 0.494500 101.665337
v -306.763672 -0.005500 101.221321
v -306.763672 0.494500 101.221321
v -306.731659 -0.005500 100.778191
v -306.731659 0.494500 100.778191
v -306.682892 -0.005500 100.336586
v -306.682892 0.494500 100.336586
v -306.617615 -0.005500 99.897087
v -306.617615 0.494500 99.897087
v -306.535828 -0.005500 99.460358
v -306.535828 0.494500 99.460358
v -306.438019 -0.005500 99.027588
v -306.438019 0.494500 99.027588
v 292.937683 -0.005500 -80.797478
v 292.958252 -0.005500 -80.802711
v 292.937683 -0.005500 -80.797630
v 292.938202 -0.005500 -80.797577
v 292.958252 -0.005500 -80.802605
vn 0.9743 0.0000 0.2254
vn 0.9743 0.0000 0.2253
vn 0.9763 0.0000 0.2164
vn 0.0000 1.0000 0.0000
vn 0.0000 1.0000 0.0002
vn 0.0000 -1.0000 0.0002
vn 0.0000 1.0000 0.0015
vn 0.0000 1.0000 -0.0006
vn 0.0000 -0.9908 0.1352
vn 0.0000 1.0000 -0.0001
vn 0.9754 0.0000 0.2203
vn 0.9754 0.0000 0.2202
vn 0.8485 0.0000 0.5292
vn 0.8483 0.0000 0.5295
vn -0.3311 0.0000 0.9436
vn -0.3314 0.0000 0.9435
vn -0.3313 0.0000 0.9435
vn -0.2537 0.0000 0.9673
vn 0.7205 0.0000 0.6934
vn 0.7340 0.0000 0.6792
vn 0.7338 0.0000 0.6794
vn 0.7454 0.0000 0.6666
vn -0.0421 0.0000 0.9991
vn 0.9998 0.0000 -0.0178
vn 0.9781 0.0000 -0.2081
vn 0.9947 0.0000 -0.1029
vn 0.9948 0.0000 -0.1020
vn -0.1010 0.0000 -0.9949
vn -0.9950 0.0000 0.0997
vn -0.9950 0.0000 0.0995
vn -0.9781 0.0000 0.2081
vn -0.2432 0.0000 -0.9700
vn -0.0538 0.0000 -0.9986
vn 0.0421 0.0000 -0.9991
vn -0.7454 0.0000 -0.6666
vn -0.7340 0.0000 -0.6792
vn -0.7205 0.0000 -0.6934
vn 0.2537 0.0000 -0.9673
vn 0.3313 0.0000 -0.9435
vn -0.8485 0.0000 -0.5292
vn -0.9754 0.0000 -0.2203
vn -0.9754 0.0000 -0.2204
vn 0.0413 0.0000 0.9991
vn 0.0412 0.0000 0.9992
vn 0.9021 0.0000 0.4316
vn 0.9017 0.0000 0.4324
vn 0.9427 0.0000 0.3335
vn 0.9424 0.0000 0.3346
vn 0.0068 0.0000 1.0000
vn -0.0210 0.0000 0.9998
vn -0.0209 0.0000 0.9998
vn -0.0487 0.0000 0.9988
vn 0.3035 0.0000 0.9528
vn 0.1400 0.0000 0.9901
vn -0.9083 0.0000 0.4184
vn -0.8830 0.0000 0.4693
vn -0.8242 0.0000 0.5663
vn -0.8240 0.0000 0.5666
vn 0.3126 0.0000 0.9499
vn 0.3066 0.0000 0.9518
vn 0.3067 0.0000 0.9518
vn 0.3032 0.0000 0.9529
vn 0.3050 0.0000 0.9523
vn 0.3036 0.0000 0.9528
vn 0.4603 0.0000 0.8878
vn 0.4643 0.0000 0.8857
vn 0.4660 0.0000 0.8848
vn 0.4670 0.0000 0.8843
vn 0.4789 0.0000 0.8779
vn 0.5141 0.0000 0.8577
vn 0.5446 0.0000 0.8387
vn 0.2813 0.0000 0.9596
vn 0.2775 0.0000 0.9607
vn 0.2776 0.0000 0.9607
vn 0.2738 0.0000 0.9618
vn 0.2701 0.0000 0.9628
vn 0.2700 0.0000 0.9629
vn 0.2663 0.0000 0.9639
vn 0.2662 0.0000 0.9639
vn 0.2661 0.0000 0.9639
vn 0.2626 0.0000 0.9649
vn 0.2588 0.0000 0.9659
vn 0.2550 0.0000 0.9669
vn 0.2512 0.0000 0.9679
vn 0.2513 0.0000 0.9679
vn 0.2474 0.0000 0.9689
vn 0.2473 0.0000 0.9689
vn 0.2437 0.0000 0.9698
vn 0.2436 0.0000 0.9699
vn 0.2399 0.0000 0.9708
vn 0.2416 0.0000 0.9704
vn 0.2418 0.0000 0.9703
vn 0.2398 0.0000 0.9708
vn 0.2424 0.0000 0.9702
vn 0.2435 0.0000 0.9699
vn 0.3300 0.0000 0.9440
vn 0.3302 0.0000 0.9439
vn 0.3304 0.0000 0.9438
vn -0.2421 0.0000 -0.9702
vn -0.3035 0.0000 -0.9528
vn 0.0601 0.0000 -0.9982
vn 0.0615 0.0000 -0.9981
vn 0.1248 0.0000 -0.9922
vn 0.1928 0.0000 -0.9812
vn 0.1919 0.0000 -0.9814
vn 0.1936 0.0000 -0.9811
vn 0.9765 0.0000 -0.2154
vn 0.9763 0.0000 -0.2166
vn 0.9752 0.0000 -0.2212
vn 0.2608 0.0000 -0.9654
vn 0.2264 0.0000 -0.9740
vn 0.2249 0.0000 -0.9744
vn -0.1349 0.0000 -0.9909
vn -0.4499 0.0000 -0.8931
vn 0.4500 0.0000 0.8930
vn 0.4499 0.0000 0.8931
vn 0.4498 0.0000 0.8931
vn 0.1349 0.0000 0.9909
vn -0.2322 0.0000 0.9727
vn -0.9752 0.0000 0.2212
vn -0.1928 0.0000 0.9812
vn 0.2329 0.0000 0.9725
vn -0.2434 0.0000 -0.9699
vn -0.2436 0.0000 -0.9699
vn -0.2409 0.0000 -0.9705
vn -0.2394 0.0000 -0.9709
vn -0.2396 0.0000 -0.9709
vn -0.2399 0.0000 -0.9708
vn -0.2437 0.0000 -0.9699
vn -0.2475 0.0000 -0.9689
vn -0.2474 0.0000 -0.9689
vn -0.2512 0.0000 -0.9679
vn -0.2550 0.0000 -0.9669
vn -0.2587 0.0000 -0.9659
vn -0.2588 0.0000 -0.9659
vn -0.2625 0.0000 -0.9649
vn -0.2663 0.0000 -0.9639
vn -0.2662 0.0000 -0.9639
vn -0.2664 0.0000 -0.9639
vn -0.2665 0.0000 -0.9638
vn -0.2701 0.0000 -0.9628
vn -0.2700 0.0000 -0.9629
vn -0.2738 0.0000 -0.9618
vn -0.2776 0.0000 -0.9607
vn -0.2794 0.0000 -0.9602
vn -0.2813 0.0000 -0.9596
vn -0.2814 0.0000 -0.9596
vn -0.3432 0.0000 -0.9393
vn -0.3271 0.0000 -0.9450
vn -0.3011 0.0000 -0.9536
vn -0.3087 0.0000 -0.9512
vn -0.5248 0.0000 -0.8512
vn -0.5202 0.0000 -0.8541
vn -0.5141 0.0000 -0.8577
vn -0.4789 0.0000 -0.8779
vn -0.4796 0.0000 -0.8775
vn -0.4788 0.0000 -0.8779
vn -0.4670 0.0000 -0.8843
vn -0.4665 0.0000 -0.8845
vn -0.4603 0.0000 -0.8878
vn -0.3233 0.0000 -0.9463
vn -0.3223 0.0000 -0.9466
vn -0.3126 0.0000 -0.9499
vn 0.9083 0.0000 -0.4184
vn -0.0695 0.0000 -0.9976
vn -0.1400 0.0000 -0.9902
vn -0.1406 0.0000 -0.9901
vn -0.1412 0.0000 -0.9900
vn -0.2896 0.0000 -0.9572
vn -0.2890 0.0000 -0.9573
vn 0.0487 0.0000 -0.9988
vn 0.0208 0.0000 -0.9998
vn 0.0209 0.0000 -0.9998
vn -0.0069 0.0000 -1.0000
vn -0.0027 0.0000 -1.0000
vn -0.0055 0.0000 -1.0000
vn -0.9424 0.0000 -0.3346
vn -0.9423 0.0000 -0.3347
vn -0.9013 0.0000 -0.4333
vn -0.9029 0.0000 -0.4299
vn 0.9696 0.0000 0.2449
vn 0.9725 0.0000 0.2328
vn 0.9631 0.0000 0.2692
vn 0.9560 0.0000 0.2934
vn 0.9483 0.0000 0.3174
vn 0.9400 0.0000 0.3413
vn 0.9311 0.0000 0.3648
vn 0.9216 0.0000 0.3881
vn 0.9115 0.0000 0.4113
vn 0.9008 0.0000 0.4341
vn 0.8896 0.0000 0.4567
vn 0.8778 0.0000 0.4790
vn 0.8718 0.0000 0.4899
vn 0.7807 0.0000 0.6249
vn 0.8160 0.0000 0.5781
vn 0.7020 0.0000 0.7122
vn 0.6136 0.0000 0.7896
vn 0.5170 0.0000 0.8560
vn 0.4131 0.0000 0.9107
vn 0.1898 0.0000 0.9818
vn 0.0734 0.0000 0.9973
vn -0.0440 0.0000 0.9990
vn -0.1608 0.0000 0.9870
vn -0.2184 0.0000 0.9758
vn -0.0659 0.0000 0.9978
vn -0.1072 0.0000 0.9942
vn 0.0170 0.0000 0.9999
vn 0.0997 0.0000 0.9950
vn 0.1818 0.0000 0.9833
vn 0.3416 0.0000 0.9399
vn 0.4182 0.0000 0.9083
vn 0.4920 0.0000 0.8706
vn 0.5624 0.0000 0.8268
vn 0.6290 0.0000 0.7774
vn 0.6606 0.0000 0.7507
vn 0.7640 0.0000 0.6452
vn 0.7548 0.0000 0.6560
vn 0.7820 0.0000 0.6233
vn 0.7994 0.0000 0.6008
vn 0.8162 0.0000 0.5778
vn 0.8322 0.0000 0.5544
vn 0.8476 0.0000 0.5306
vn 0.8623 0.0000 0.5063
vn 0.8764 0.0000 0.4816
vn 0.8897 0.0000 0.4565
vn 0.9023 0.0000 0.4311
vn 0.9142 0.0000 0.4053
vn 0.9199 0.0000 0.3923
vn 0.9628 0.0000 0.2703
vn 0.9642 0.0000 0.2652
vn 0.9599 0.0000 0.2805
vn 0.9568 0.0000 0.2907
vn 0.9537 0.0000 0.3008
vn 0.9504 0.0000 0.3109
vn 0.9471 0.0000 0.3210
vn 0.9454 0.0000 0.3260
vn 0.9401 0.0000 0.3410
vn 0.9418 0.0000 0.3360
vn 0.9382 0.0000 0.3460
vn 0.9283 0.0000 0.3717
vn 0.9324 0.0000 0.3614
vn 0.9198 0.0000 0.3923
vn 0.9109 0.0000 0.4127
vn 0.9014 0.0000 0.4329
vn 0.8916 0.0000 0.4529
vn 0.8812 0.0000 0.4727
vn 0.8760 0.0000 0.4824
vn 0.8705 0.0000 0.4922
vn 0.8759 0.0000 0.4825
vn 0.8593 0.0000 0.5114
vn 0.8477 0.0000 0.5304
vn 0.8357 0.0000 0.5492
vn 0.8233 0.0000 0.5677
vn 0.8232 0.0000 0.5677
vn 0.8169 0.0000 0.5768
vn 0.8230 0.0000 0.5680
vn 0.8452 0.0000 0.5344
vn 0.7746 0.0000 0.6325
vn 0.7211 0.0000 0.6928
vn 0.6630 0.0000 0.7486
vn 0.6005 0.0000 0.7996
vn 0.5342 0.0000 0.8454
vn 0.4644 0.0000 0.8856
vn 0.3915 0.0000 0.9202
vn 0.3162 0.0000 0.9487
vn 0.2387 0.0000 0.9711
vn 0.1598 0.0000 0.9872
vn 0.1198 0.0000 0.9928
vn 0.1492 0.0000 0.9888
vn 0.0538 0.0000 0.9986
vn 0.3350 0.0000 0.9422
vn 0.5085 0.0000 0.8611
vn 0.6633 0.0000 0.7483
vn 0.7939 0.0000 0.6081
vn 0.8952 0.0000 0.4456
vn 0.9638 0.0000 0.2667
vn 0.9969 0.0000 0.0780
vn -0.9998 0.0000 0.0178
vn -0.9970 0.0000 -0.0780
vn -0.9638 0.0000 -0.2667
vn -0.8952 0.0000 -0.4456
vn -0.7939 0.0000 -0.6081
vn -0.6633 0.0000 -0.7483
vn -0.5085 0.0000 -0.8611
vn -0.4237 0.0000 -0.9058
vn -0.1598 0.0000 -0.9872
vn -0.1198 0.0000 -0.9928
vn -0.2387 0.0000 -0.9711
vn -0.3162 0.0000 -0.9487
vn -0.3915 0.0000 -0.9202
vn -0.4644 0.0000 -0.8856
vn -0.5342 0.0000 -0.8454
vn -0.6005 0.0000 -0.7996
vn -0.6630 0.0000 -0.7486
vn -0.7211 0.0000 -0.6928
vn -0.7746 0.0000 -0.6325
vn -0.8230 0.0000 -0.5680
vn -0.8452 0.0000 -0.5344
vn -0.8169 0.0000 -0.5768
vn -0.8232 0.0000 -0.5677
vn -0.8357 0.0000 -0.5492
vn -0.8477 0.0000 -0.5304
vn -0.8593 0.0000 -0.5114
vn -0.8705 0.0000 -0.4921
vn -0.8759 0.0000 -0.4824
vn -0.8759 0.0000 -0.4825
vn -0.8812 0.0000 -0.4727
vn -0.8916 0.0000 -0.4529
vn -0.9014 0.0000 -0.4329
vn -0.9109 0.0000 -0.4127
vn -0.9198 0.0000 -0.3923
vn -0.9283 0.0000 -0.3717
vn -0.9324 0.0000 -0.3614
vn -0.9382 0.0000 -0.3460
vn -0.9401 0.0000 -0.3410
vn -0.9419 0.0000 -0.3360
vn -0.9454 0.0000 -0.3260
vn -0.9471 0.0000 -0.3210
vn -0.9504 0.0000 -0.3109
vn -0.9537 0.0000 -0.3008
vn -0.9568 0.0000 -0.2907
vn -0.9599 0.0000 -0.2805
vn -0.9628 0.0000 -0.2703
vn -0.9642 0.0000 -0.2652
vn -0.9142 0.0000 -0.4053
vn -0.9023 0.0000 -0.4311
vn -0.8897 0.0000 -0.4566
vn -0.8764 0.0000 -0.4816
vn -0.8624 0.0000 -0.5063
vn -0.8476 0.0000 -0.5306
vn -0.8322 0.0000 -0.5544
vn -0.8161 0.0000 -0.5778
vn -0.7994 0.0000 -0.6008
vn -0.7820 0.0000 -0.6232
vn -0.7640 0.0000 -0.6452
vn -0.7548 0.0000 -0.6560
vn -0.6290 0.0000 -0.7774
vn -0.6606 0.0000 -0.7507
vn -0.5624 0.0000 -0.8269
vn -0.4920 0.0000 -0.8706
vn -0.4182 0.0000 -0.9083
vn -0.3416 0.0000 -0.9399
vn -0.2626 0.0000 -0.9649
vn -0.1818 0.0000 -0.9833
vn -0.0997 0.0000 -0.9950
vn -0.0170 0.0000 -0.9999
vn 0.0659 0.0000 -0.9978
vn 0.1072 0.0000 -0.9942
vn 0.2753 0.0000 -0.9613
vn 0.1608 0.0000 -0.9870
vn 0.0440 0.0000 -0.9990
vn -0.0734 0.0000 -0.9973
vn -0.1897 0.0000 -0.9818
vn -0.4131 0.0000 -0.9107
vn -0.5170 0.0000 -0.8560
vn -0.6137 0.0000 -0.7895
vn -0.7020 0.0000 -0.7122
vn -0.7807 0.0000 -0.6249
vn -0.8161 0.0000 -0.5779
vn -0.8717 0.0000 -0.4900
vn -0.8778 0.0000 -0.4789
vn -0.8896 0.0000 -0.4567
vn -0.9008 0.0000 -0.4342
vn -0.9115 0.0000 -0.4113
vn -0.9216 0.0000 -0.3882
vn -0.9311 0.0000 -0.3648
vn -0.9400 0.0000 -0.3412
vn -0.9483 0.0000 -0.3174
vn -0.9560 0.0000 -0.2934
vn -0.9631 0.0000 -0.2693
vn -0.9696 0.0000 -0.2448
vn -0.9726 0.0000 -0.2326
vn -0.9755 0.0000 -0.2200
vn -0.9794 0.0000 -0.2019
vn -0.9862 0.0000 -0.1653
vn -0.9917 0.0000 -0.1285
vn -0.9958 0.0000 -0.0913
vn -0.9985 0.0000 -0.0539
vn -0.9999 0.0000 -0.0165
vn -0.9998 0.0000 0.0207
vn -0.9983 0.0000 0.0582
vn -0.9954 0.0000 0.0955
vn -0.9912 0.0000 0.1327
vn -0.9855 0.0000 0.1695
vn -0.9823 0.0000 0.1875
vn -0.9505 0.0000 0.3106
vn -0.9115 0.0000 0.4113
vn -0.8022 0.0000 0.5971
vn -0.6555 0.0000 0.7552
vn -0.4784 0.0000 0.8782
vn -0.2790 0.0000 0.9603
vn -0.0667 0.0000 0.9978
vn 0.3573 0.0000 0.9340
vn 0.2546 0.0000 0.9671
vn 0.5492 0.0000 0.8357
vn 0.7156 0.0000 0.6985
vn 0.7868 0.0000 0.6172
vn 0.8488 0.0000 0.5288
vn 0.7869 0.0000 0.6171
vn 0.9008 0.0000 0.4343
vn 0.9223 0.0000 0.3864
vn 0.9425 0.0000 0.3343
vn 0.8737 0.0000 0.4865
vn 0.8145 0.0000 0.5802
vn 0.7450 0.0000 0.6670
vn 0.6664 0.0000 0.7456
vn 0.5796 0.0000 0.8149
vn 0.4856 0.0000 0.8742
vn 0.3857 0.0000 0.9226
vn 0.2809 0.0000 0.9597
vn 0.1727 0.0000 0.9850
vn 0.1178 0.0000 0.9930
vn -0.0332 0.0000 0.9994
vn -0.0177 0.0000 0.9998
vn -0.0021 0.0000 1.0000
vn -0.0176 0.0000 0.9998
vn 0.0289 0.0000 0.9996
vn 0.0444 0.0000 0.9990
vn 0.0599 0.0000 0.9982
vn 0.0909 0.0000 0.9959
vn 0.1218 0.0000 0.9926
vn 0.1525 0.0000 0.9883
vn 0.1831 0.0000 0.9831
vn 0.2136 0.0000 0.9769
vn 0.2287 0.0000 0.9735
vn 0.2438 0.0000 0.9698
vn 0.2288 0.0000 0.9735
vn 0.2887 0.0000 0.9574
vn 0.0303 0.0000 0.9995
vn 0.0670 0.0000 0.9978
vn -0.0064 0.0000 1.0000
vn -0.0431 0.0000 0.9991
vn -0.1163 0.0000 0.9932
vn -0.1889 0.0000 0.9820
vn -0.2248 0.0000 0.9744
vn -0.3306 0.0000 0.9438
vn -0.2957 0.0000 0.9553
vn -0.3989 0.0000 0.9170
vn -0.4652 0.0000 0.8852
vn -0.5288 0.0000 0.8487
vn -0.5897 0.0000 0.8076
vn -0.6190 0.0000 0.7854
vn -0.7077 0.0000 0.7065
vn -0.6649 0.0000 0.7469
vn -0.7857 0.0000 0.6186
vn -0.8529 0.0000 0.5221
vn -0.8821 0.0000 0.4711
vn -0.7546 0.0000 0.6562
vn -0.7161 0.0000 0.6980
vn -0.6323 0.0000 0.7747
vn -0.5404 0.0000 0.8414
vn -0.5403 0.0000 0.8414
vn -0.4917 0.0000 0.8708
vn -0.4916 0.0000 0.8708
vn -0.4415 0.0000 0.8973
vn -0.3369 0.0000 0.9416
vn -0.2279 0.0000 0.9737
vn -0.1160 0.0000 0.9932
vn -0.0026 0.0000 1.0000
vn 0.1107 0.0000 0.9938
vn 0.1670 0.0000 0.9860
vn 0.3274 0.0000 0.9449
vn 0.3200 0.0000 0.9474
vn 0.3421 0.0000 0.9397
vn 0.3567 0.0000 0.9342
vn 0.3713 0.0000 0.9285
vn 0.4001 0.0000 0.9165
vn 0.4143 0.0000 0.9101
vn 0.4285 0.0000 0.9035
vn 0.4426 0.0000 0.8967
vn 0.4565 0.0000 0.8897
vn 0.4634 0.0000 0.8861
vn 0.4703 0.0000 0.8825
vn 0.4634 0.0000 0.8862
vn 0.4772 0.0000 0.8788
vn 0.4759 0.0000 0.8795
vn 0.4700 0.0000 0.8827
vn 0.4878 0.0000 0.8730
vn 0.4819 0.0000 0.8762
vn 0.4937 0.0000 0.8697
vn 0.4995 0.0000 0.8663
vn 0.5054 0.0000 0.8629
vn 0.5112 0.0000 0.8595
vn 0.5647 0.0000 0.8253
vn 0.5751 0.0000 0.8181
vn 0.5438 0.0000 0.8392
vn 0.5225 0.0000 0.8526
vn 0.5009 0.0000 0.8655
vn 0.4790 0.0000 0.8778
vn 0.4567 0.0000 0.8896
vn 0.4342 0.0000 0.9008
vn 0.4115 0.0000 0.9114
vn 0.3884 0.0000 0.9215
vn 0.3651 0.0000 0.9310
vn 0.3416 0.0000 0.9398
vn 0.3297 0.0000 0.9441
vn 0.2490 0.0000 0.9685
vn 0.2600 0.0000 0.9656
vn 0.2709 0.0000 0.9626
vn 0.2818 0.0000 0.9595
vn 0.2873 0.0000 0.9578
vn 0.2926 0.0000 0.9562
vn 0.2871 0.0000 0.9579
vn 0.2982 0.0000 0.9545
vn 0.3033 0.0000 0.9529
vn 0.2978 0.0000 0.9546
vn 0.3034 0.0000 0.9529
vn 0.2977 0.0000 0.9547
vn 0.3143 0.0000 0.9493
vn 0.3251 0.0000 0.9457
vn 0.3306 0.0000 0.9438
vn 0.5398 0.0000 0.8418
vn 0.4252 0.0000 0.9051
vn 0.7393 0.0000 0.6734
vn 0.8884 0.0000 0.4592
vn 0.9769 0.0000 0.2136
vn 0.9989 0.0000 -0.0465
vn 0.9529 0.0000 -0.3034
vn 0.8418 0.0000 -0.5397
vn 0.6734 0.0000 -0.7393
vn 0.4591 0.0000 -0.8884
vn 0.2136 0.0000 -0.9769
vn -0.0465 0.0000 -0.9989
vn -0.0466 0.0000 -0.9989
vn -0.1765 0.0000 -0.9843
vn -0.2527 0.0000 -0.9675
vn -0.2577 0.0000 -0.9662
vn -0.2427 0.0000 -0.9701
vn -0.2326 0.0000 -0.9726
vn -0.2226 0.0000 -0.9749
vn -0.2125 0.0000 -0.9772
vn -0.2024 0.0000 -0.9793
vn -0.1922 0.0000 -0.9813
vn -0.1821 0.0000 -0.9833
vn -0.1719 0.0000 -0.9851
vn -0.1617 0.0000 -0.9868
vn -0.1515 0.0000 -0.9885
vn -0.1464 0.0000 -0.9892
vn -0.1101 0.0000 -0.9939
vn -0.1257 0.0000 -0.9921
vn -0.0789 0.0000 -0.9969
vn -0.0475 0.0000 -0.9989
vn -0.0161 0.0000 -0.9999
vn 0.0153 0.0000 -0.9999
vn 0.0467 0.0000 -0.9989
vn 0.0624 0.0000 -0.9981
vn 0.1093 0.0000 -0.9940
vn 0.0937 0.0000 -0.9956
vn 0.1249 0.0000 -0.9922
vn 0.1405 0.0000 -0.9901
vn 0.1715 0.0000 -0.9852
vn 0.1870 0.0000 -0.9824
vn 0.1762 0.0000 -0.9844
vn 0.1596 0.0000 -0.9872
vn 0.4548 0.0000 -0.8906
vn 0.4020 0.0000 -0.9156
vn 0.5554 0.0000 -0.8316
vn 0.6485 0.0000 -0.7612
vn 0.7328 0.0000 -0.6805
vn 0.8070 0.0000 -0.5905
vn 0.8703 0.0000 -0.4925
vn 0.9218 0.0000 -0.3877
vn 0.9428 0.0000 -0.3333
vn 0.9654 0.0000 -0.2610
vn 0.9771 0.0000 -0.2127
vn 0.9347 0.0000 -0.3554
vn 0.8949 0.0000 -0.4463
vn 0.8462 0.0000 -0.5328
vn 0.7892 0.0000 -0.6141
vn 0.7244 0.0000 -0.6893
vn 0.6893 0.0000 -0.7244
vn 0.5742 0.0000 -0.8187
vn 0.6141 0.0000 -0.7892
vn 0.4902 0.0000 -0.8716
vn 0.4013 0.0000 -0.9159
vn 0.3085 0.0000 -0.9512
vn 0.2609 0.0000 -0.9654
vn 0.1744 0.0000 -0.9847
vn 0.1890 0.0000 -0.9820
vn 0.1452 0.0000 -0.9894
vn 0.1159 0.0000 -0.9933
vn 0.0865 0.0000 -0.9963
vn 0.0570 0.0000 -0.9984
vn 0.0274 0.0000 -0.9996
vn -0.0022 0.0000 -1.0000
vn -0.0317 0.0000 -0.9995
vn -0.0613 0.0000 -0.9981
vn -0.0908 0.0000 -0.9959
vn -0.1202 0.0000 -0.9927
vn -0.1756 0.0000 -0.9845
vn -0.1626 0.0000 -0.9867
vn -0.2015 0.0000 -0.9795
vn -0.2272 0.0000 -0.9738
vn -0.2528 0.0000 -0.9675
vn -0.2783 0.0000 -0.9605
vn -0.3285 0.0000 -0.9445
vn -0.3533 0.0000 -0.9355
vn -0.3779 0.0000 -0.9259
vn -0.4022 0.0000 -0.9156
vn -0.4262 0.0000 -0.9046
vn -0.4381 0.0000 -0.8989
vn -0.4981 0.0000 -0.8671
vn -0.5900 0.0000 -0.8074
vn -0.6747 0.0000 -0.7381
vn -0.7514 0.0000 -0.6599
vn -0.8190 0.0000 -0.5737
vn -0.8769 0.0000 -0.4807
vn -0.9242 0.0000 -0.3820
vn -0.9604 0.0000 -0.2786
vn -0.9851 0.0000 -0.1719
vn -0.9980 0.0000 -0.0632
vn -0.9989 0.0000 0.0463
vn -0.9949 0.0000 0.1010
vn 0.9989 0.0000 -0.0463
vn 0.9949 0.0000 -0.1010
vn 0.9980 0.0000 0.0632
vn 0.9851 0.0000 0.1719
vn 0.9604 0.0000 0.2786
vn 0.9242 0.0000 0.3820
vn 0.8769 0.0000 0.4807
vn 0.8190 0.0000 0.5738
vn 0.7514 0.0000 0.6599
vn 0.6747 0.0000 0.7381
vn 0.5900 0.0000 0.8074
vn 0.4981 0.0000 0.8671
vn 0.4262 0.0000 0.9046
vn 0.4381 0.0000 0.8989
vn 0.4022 0.0000 0.9156
vn 0.3779 0.0000 0.9259
vn 0.3533 0.0000 0.9355
vn 0.3285 0.0000 0.9445
vn 0.2783 0.0000 0.9605
vn 0.2528 0.0000 0.9675
vn 0.2272 0.0000 0.9738
vn 0.2015 0.0000 0.9795
vn 0.1756 0.0000 0.9845
vn 0.1626 0.0000 0.9867
vn 0.1202 0.0000 0.9927
vn 0.0908 0.0000 0.9959
vn 0.0613 0.0000 0.9981
vn 0.0318 0.0000 0.9995
vn 0.0022 0.0000 1.0000
vn -0.0274 0.0000 0.9996
vn -0.0570 0.0000 0.9984
vn -0.0865 0.0000 0.9963
vn -0.1159 0.0000 0.9933
vn -0.1452 0.0000 0.9894
vn -0.1744 0.0000 0.9847
vn -0.1890 0.0000 0.9820
vn -0.3085 0.0000 0.9512
vn -0.2610 0.0000 0.9654
vn -0.4013 0.0000 0.9159
vn -0.4902 0.0000 0.8716
vn -0.5742 0.0000 0.8187
vn -0.6141 0.0000 0.7892
vn -0.7244 0.0000 0.6893
vn -0.6893 0.0000 0.7244
vn -0.7892 0.0000 0.6141
vn -0.8462 0.0000 0.5328
vn -0.8949 0.0000 0.4463
vn -0.9347 0.0000 0.3554
vn -0.9654 0.0000 0.2610
vn -0.9771 0.0000 0.2127
vn -0.9428 0.0000 0.3333
vn -0.9218 0.0000 0.3877
vn -0.8703 0.0000 0.4925
vn -0.8070 0.0000 0.5905
vn -0.7328 0.0000 0.6805
vn -0.6485 0.0000 0.7612
vn -0.5554 0.0000 0.8316
vn -0.4548 0.0000 0.8906
vn -0.4021 0.0000 0.9156
vn -0.1762 0.0000 0.9844
vn -0.1596 0.0000 0.9872
vn -0.1715 0.0000 0.9852
vn -0.1870 0.0000 0.9824
vn -0.1405 0.0000 0.9901
vn -0.1093 0.0000 0.9940
vn -0.0937 0.0000 0.9956
vn -0.0467 0.0000 0.9989
vn -0.0624 0.0000 0.9981
vn -0.0153 0.0000 0.9999
vn 0.0161 0.0000 0.9999
vn 0.0475 0.0000 0.9989
vn 0.0789 0.0000 0.9969
vn 0.1101 0.0000 0.9939
vn 0.1257 0.0000 0.9921
vn 0.1515 0.0000 0.9885
vn 0.1464 0.0000 0.9892
vn 0.1617 0.0000 0.9868
vn 0.1719 0.0000 0.9851
vn 0.1821 0.0000 0.9833
vn 0.1922 0.0000 0.9813
vn 0.2024 0.0000 0.9793
vn 0.2125 0.0000 0.9772
vn 0.2226 0.0000 0.9749
vn 0.2326 0.0000 0.9726
vn 0.2427 0.0000 0.9701
vn 0.2527 0.0000 0.9675
vn 0.2577 0.0000 0.9662
vn 0.0466 0.0000 0.9989
vn 0.1766 0.0000 0.9843
vn -0.2136 0.0000 0.9769
vn -0.4591 0.0000 0.8884
vn -0.6734 0.0000 0.7393
vn -0.7642 0.0000 0.6450
vn -0.9051 0.0000 0.4253
vn -0.9528 0.0000 0.3034
vn -0.9989 0.0000 0.0466
vn -0.9769 0.0000 -0.2135
vn -0.8884 0.0000 -0.4591
vn -0.7392 0.0000 -0.6735
vn -0.5398 0.0000 -0.8418
vn -0.4253 0.0000 -0.9050
vn -0.3250 0.0000 -0.9457
vn -0.3304 0.0000 -0.9439
vn -0.3143 0.0000 -0.9493
vn -0.2927 0.0000 -0.9562
vn -0.2818 0.0000 -0.9595
vn -0.2709 0.0000 -0.9626
vn -0.2600 0.0000 -0.9656
vn -0.2490 0.0000 -0.9685
vn -0.2435 0.0000 -0.9699
vn -0.3416 0.0000 -0.9398
vn -0.3298 0.0000 -0.9441
vn -0.3651 0.0000 -0.9310
vn -0.3884 0.0000 -0.9215
vn -0.4115 0.0000 -0.9114
vn -0.4342 0.0000 -0.9008
vn -0.4567 0.0000 -0.8896
vn -0.4790 0.0000 -0.8778
vn -0.5009 0.0000 -0.8655
vn -0.5225 0.0000 -0.8527
vn -0.5438 0.0000 -0.8392
vn -0.5647 0.0000 -0.8253
vn -0.5750 0.0000 -0.8182
vn -0.5054 0.0000 -0.8629
vn -0.5112 0.0000 -0.8595
vn -0.4995 0.0000 -0.8663
vn -0.4937 0.0000 -0.8697
vn -0.4878 0.0000 -0.8730
vn -0.4819 0.0000 -0.8762
vn -0.4700 0.0000 -0.8827
vn -0.4759 0.0000 -0.8795
vn -0.4703 0.0000 -0.8825
vn -0.4772 0.0000 -0.8788
vn -0.4634 0.0000 -0.8861
vn -0.4565 0.0000 -0.8897
vn -0.4426 0.0000 -0.8967
vn -0.4285 0.0000 -0.9035
vn -0.4143 0.0000 -0.9101
vn -0.4001 0.0000 -0.9165
vn -0.3857 0.0000 -0.9226
vn -0.3713 0.0000 -0.9285
vn -0.3567 0.0000 -0.9342
vn -0.3421 0.0000 -0.9397
vn -0.3274 0.0000 -0.9449
vn -0.3200 0.0000 -0.9474
vn -0.1108 0.0000 -0.9938
vn -0.1671 0.0000 -0.9859
vn 0.0027 0.0000 -1.0000
vn 0.1161 0.0000 -0.9932
vn 0.2279 0.0000 -0.9737
vn 0.3368 0.0000 -0.9416
vn 0.4414 0.0000 -0.8973
vn 0.4917 0.0000 -0.8708
vn 0.5404 0.0000 -0.8414
vn 0.4917 0.0000 -0.8707
vn 0.6323 0.0000 -0.7747
vn 0.7161 0.0000 -0.6980
vn 0.7906 0.0000 -0.6123
vn 0.8241 0.0000 -0.5664
vn 0.8550 0.0000 -0.5187
vn 0.8830 0.0000 -0.4693
vn 0.8529 0.0000 -0.5221
vn 0.8821 0.0000 -0.4711
vn 0.7857 0.0000 -0.6186
vn 0.7077 0.0000 -0.7065
vn 0.6649 0.0000 -0.7469
vn 0.5897 0.0000 -0.8076
vn 0.6190 0.0000 -0.7854
vn 0.5288 0.0000 -0.8487
vn 0.4651 0.0000 -0.8852
vn 0.3989 0.0000 -0.9170
vn 0.3306 0.0000 -0.9438
vn 0.2957 0.0000 -0.9553
vn 0.1889 0.0000 -0.9820
vn 0.2248 0.0000 -0.9744
vn 0.1163 0.0000 -0.9932
vn 0.0431 0.0000 -0.9991
vn 0.0064 0.0000 -1.0000
vn -0.0303 0.0000 -0.9995
vn -0.0670 0.0000 -0.9978
vn -0.2887 0.0000 -0.9574
vn -0.2438 0.0000 -0.9698
vn -0.2287 0.0000 -0.9735
vn -0.2136 0.0000 -0.9769
vn -0.1831 0.0000 -0.9831
vn -0.1525 0.0000 -0.9883
vn -0.1218 0.0000 -0.9926
vn -0.0909 0.0000 -0.9959
vn -0.0599 0.0000 -0.9982
vn -0.0444 0.0000 -0.9990
vn -0.0289 0.0000 -0.9996
vn 0.0021 0.0000 -1.0000
vn 0.0177 0.0000 -0.9998
vn 0.0332 0.0000 -0.9994
vn -0.1727 0.0000 -0.9850
vn -0.1178 0.0000 -0.9930
vn -0.2809 0.0000 -0.9597
vn -0.3338 0.0000 -0.9427
vn -0.3338 0.0000 -0.9426
vn -0.3340 0.0000 -0.9426
vn -0.4856 0.0000 -0.8742
vn -0.5796 0.0000 -0.8149
vn -0.6664 0.0000 -0.7456
vn -0.7451 0.0000 -0.6670
vn -0.8144 0.0000 -0.5802
vn -0.8738 0.0000 -0.4864
vn -0.9223 0.0000 -0.3864
vn -0.8487 0.0000 -0.5288
vn -0.7868 0.0000 -0.6172
vn -0.7868 0.0000 -0.6173
vn -0.7156 0.0000 -0.6985
vn -0.5492 0.0000 -0.8357
vn -0.3573 0.0000 -0.9340
vn -0.1488 0.0000 -0.9889
vn -0.0413 0.0000 -0.9991
vn 0.0666 0.0000 -0.9978
vn 0.2790 0.0000 -0.9603
vn 0.4784 0.0000 -0.8781
vn 0.6555 0.0000 -0.7552
vn 0.8022 0.0000 -0.5971
vn 0.9115 0.0000 -0.4112
vn 0.9506 0.0000 -0.3106
vn 0.9855 0.0000 -0.1695
vn 0.9822 0.0000 -0.1880
vn 0.9912 0.0000 -0.1327
vn 0.9954 0.0000 -0.0955
vn 0.9983 0.0000 -0.0580
vn 0.9998 0.0000 -0.0209
vn 0.9999 0.0000 0.0166
vn 0.9986 0.0000 0.0538
vn 0.9959 0.0000 0.0909
vn 0.9917 0.0000 0.1284
vn 0.9862 0.0000 0.1655
vn 0.9793 0.0000 0.2023
vn 0.9754 0.0000 0.2204
usemtl material
s off
f 7//3 8//3 9//3
f 8//4 7//4 10//4
f 11//5 12//5 13//5
f 12//5 11//5 14//5
f 15//6 16//6 17//6
f 16//6 15//6 18//6
f 16//6 18//6 19//6
f 20//6 21//6 22//6
f 21//6 20//6 23//6
f 22//6 21//6 24//6
f 22//6 24//6 25//6
f 22//6 25//6 26//6
f 26//6 25//6 27//6
f 26//6 27//6 28//6
f 28//6 27//6 29//6
f 28//6 29//6 30//6
f 28//6 30//6 31//6
f 31//6 30//6 32//6
f 31//6 32//6 33//6
f 31//6 33//6 34//6
f 31//6 34//6 35//6
f 31//6 35//6 36//6
f 36//6 35//6 37//6
f 36//6 37//6 38//6
f 38//6 37//6 39//6
f 38//6 39//6 40//6
f 40//6 39//6 41//6
f 40//6 41//6 42//6
f 42//6 41//6 43//6
f 42//6 43//6 44//6
f 44//6 43//6 45//6
f 44//6 45//6 46//6
f 46//6 45//6 47//6
f 46//6 47//6 48//6
f 48//6 47//6 49//6
f 48//6 49//6 50//6
f 50//6 49//6 51//6
f 50//6 51//6 52//6
f 52//6 51//6 53//6
f 52//6 53//6 54//6
f 54//6 53//6 55//6
f 54//6 55//6 56//6
f 56//6 55//6 57//6
f 56//6 57//6 58//6
f 58//6 57//6 59//6
f 58//6 59//6 60//6
f 60//6 59//6 61//6
f 60//6 61//6 62//6
f 62//6 61//6 63//6
f 62//6 63//6 64//6
f 62//6 64//6 65//6
f 62//6 65//6 66//6
f 66//6 65//6 67//6
f 66//6 67//6 68//6
f 68//6 67//6 69//6
f 68//6 69//6 70//6
f 70//6 69//6 71//6
f 70//6 71//6 72//6
f 72//6 71//6 73//6
f 72//6 73//6 74//6
f 74//6 73//6 75//6
f 74//6 75//6 76//6
f 76//6 75//6 77//6
f 76//6 77//6 78//6
f 78//6 77//6 79//6
f 78//6 79//6 80//6
f 80//6 79//6 81//6
f 80//6 81//6 82//6
f 82//6 81//6 83//6
f 82//6 83//6 84//6
f 82//6 84//6 85//6
f 85//6 84//6 86//6
f 85//6 86//6 87//6
f 87//6 86//6 88//6
f 87//6 88//6 89//6
f 89//6 88//6 90//6
f 89//6 90//6 91//6
f 89//6 91//6 92//6
f 92//6 91//6 93//6
f 92//6 93//6 94//6
f 94//6 93//6 95//6
f 94//6 95//6 96//6
f 96//6 95//6 97//6
f 96//6 97//6 98//6
f 98//6 97//6 99//6
f 99//6 97//6 100//6
f 99//6 100//6 101//6
f 101//6 100//6 102//6
f 101//6 102//6 103//6
f 103//6 102//6 104//6
f 103//6 104//6 105//6
f 105//6 104//6 106//6
f 105//6 106//6 107//6
f 107//6 106//6 108//6
f 107//6 108//6 109//6
f 109//6 108//6 110//6
f 109//6 110//6 111//6
f 111//6 110//6 112//6
f 111//6 112//6 113//6
f 113//6 112//6 114//6
f 113//6 114//6 115//6
f 115//6 114//6 116//6
f 115//6 116//6 117//6
f 117//6 116//6 118//6
f 117//6 118//6 119//6
f 119//6 118//6 120//6
f 119//6 120//6 121//6
f 121//7 120//7 122//7
f 121//6 122//6 123//6
f 121//6 123//6 124//6
f 124//6 123//6 125//6
f 124//6 125//6 126//6
f 126//6 125//6 127//6
f 126//6 127//6 128//6
f 128//6 127//6 129//6
f 128//6 129//6 130//6
f 130//6 129//6 131//6
f 130//6 131//6 132//6
f 132//6 131//6 133//6
f 132//6 133//6 134//6
f 134//6 133//6 135//6
f 134//6 135//6 136//6
f 136//6 135//6 137//6
f 136//6 137//6 138//6
f 138//6 137//6 139//6
f 138//6 139//6 140//6
f 140//6 139//6 141//6
f 140//6 141//6 142//6
f 142//6 141//6 143//6
f 142//6 143//6 144//6
f 144//6 143//6 145//6
f 144//6 145//6 146//6
f 146//6 145//6 147//6
f 146//6 147//6 148//6
f 148//6 147//6 149//6
f 148//6 149//6 150//6
f 150//6 149//6 151//6
f 150//6 151//6 152//6
f 152//6 151//6 153//6
f 152//6 153//6 154//6
f 154//6 153//6 155//6
f 154//6 155//6 156//6
f 156//6 155//6 157//6
f 156//6 157//6 158//6
f 158//6 157//6 159//6
f 158//6 159//6 160//6
f 160//6 159//6 161//6
f 160//6 161//6 162//6
f 162//6 161//6 163//6
f 162//6 163//6 164//6
f 164//6 163//6 165//6
f 164//6 165//6 166//6
f 166//6 165//6 167//6
f 166//6 167//6 168//6
f 168//6 167//6 169//6
f 168//6 169//6 170//6
f 170//6 169//6 171//6
f 170//6 171//6 172//6
f 172//6 171//6 173//6
f 172//6 173//6 174//6
f 174//6 173//6 175//6
f 174//6 175//6 176//6
f 176//6 175//6 177//6
f 176//6 177//6 178//6
f 178//6 177//6 179//6
f 179//6 177//6 180//6
f 179//6 180//6 181//6
f 181//6 180//6 182//6
f 181//6 182//6 183//6
f 181//6 183//6 184//6
f 184//6 183//6 185//6
f 184//6 185//6 186//6
f 186//6 185//6 187//6
f 186//6 187//6 188//6
f 188//6 187//6 189//6
f 188//6 189//6 190//6
f 190//6 189//6 191//6
f 190//6 191//6 192//6
f 192//6 191//6 193//6
f 192//6 193//6 194//6
f 194//6 193//6 195//6
f 194//6 195//6 196//6
f 196//6 195//6 197//6
f 196//6 197//6 198//6
f 198//6 197//6 199//6
f 198//6 199//6 200//6
f 200//6 199//6 201//6
f 200//6 201//6 202//6
f 202//6 201//6 203//6
f 202//6 203//6 204//6
f 204//6 203//6 205//6
f 204//6 205//6 206//6
f 206//6 205//6 207//6
f 206//6 207//6 208//6
f 208//6 207//6 209//6
f 208//6 209//6 210//6
f 210//6 209//6 211//6
f 210//6 211//6 212//6
f 212//6 211//6 213//6
f 212//6 213//6 214//6
f 214//6 213//6 215//6
f 214//6 215//6 216//6
f 216//6 215//6 217//6
f 216//6 217//6 218//6
f 218//6 217//6 219//6
f 218//6 219//6 220//6
f 220//6 219//6 221//6
f 220//6 221//6 222//6
f 222//6 221//6 223//6
f 222//6 223//6 224//6
f 224//6 223//6 225//6
f 224//6 225//6 226//6
f 226//6 225//6 227//6
f 226//6 227//6 228//6
f 228//6 227//6 229//6
f 228//6 229//6 230//6
f 230//6 229//6 231//6
f 230//6 231//6 232//6
f 232//6 231//6 233//6
f 232//6 233//6 234//6
f 234//8 233//8 235//8
f 236//6 19//6 18//6
f 19//6 236//6 237//6
f 237//6 236//6 238//6
f 237//6 238//6 234//6
f 234//6 238//6 232//6
f 239//6 240//6 241//6
f 240//6 239//6 242//6
f 240//6 242//6 243//6
f 243//6 242//6 244//6
f 243//6 244//6 20//6
f 20//6 244//6 23//6
f 23//6 244//6 245//6
f 245//6 244//6 246//6
f 245//6 246//6 247//6
f 247//6 246//6 248//6
f 247//6 248//6 249//6
f 249//6 248//6 250//6
f 250//6 248//6 251//6
f 250//6 251//6 252//6
f 252//6 251//6 253//6
f 253//6 251//6 254//6
f 253//6 254//6 255//6
f 255//6 254//6 256//6
f 255//6 256//6 257//6
f 257//6 256//6 258//6
f 257//6 258//6 259//6
f 259//6 258//6 260//6
f 259//6 260//6 261//6
f 261//6 260//6 262//6
f 261//6 262//6 263//6
f 263//6 262//6 264//6
f 263//6 264//6 265//6
f 265//6 264//6 266//6
f 265//6 266//6 267//6
f 267//6 266//6 268//6
f 268//6 266//6 269//6
f 268//6 269//6 270//6
f 270//6 269//6 271//6
f 270//6 271//6 272//6
f 272//6 271//6 273//6
f 272//6 273//6 274//6
f 274//6 273//6 275//6
f 274//6 275//6 276//6
f 276//6 275//6 277//6
f 276//6 277//6 278//6
f 278//6 277//6 279//6
f 278//6 279//6 280//6
f 280//6 279//6 281//6
f 280//6 281//6 282//6
f 282//6 281//6 283//6
f 283//6 281//6 284//6
f 284//6 281//6 285//6
f 284//6 285//6 286//6
f 284//6 286//6 287//6
f 284//6 287//6 288//6
f 288//6 287//6 289//6
f 289//6 287//6 290//6
f 289//6 290//6 291//6
f 291//6 290//6 292//6
f 291//6 292//6 293//6
f 293//6 292//6 294//6
f 293//6 294//6 295//6
f 295//6 294//6 296//6
f 295//6 296//6 297//6
f 297//6 296//6 298//6
f 297//6 298//6 299//6
f 299//6 298//6 300//6
f 299//6 300//6 301//6
f 301//6 300//6 302//6
f 301//6 302//6 303//6
f 303//6 302//6 304//6
f 303//6 304//6 305//6
f 305//6 304//6 306//6
f 305//6 306//6 307//6
f 307//6 306//6 308//6
f 308//6 306//6 309//6
f 308//6 309//6 310//6
f 310//6 309//6 311//6
f 310//6 311//6 312//6
f 312//6 311//6 313//6
f 313//6 311//6 314//6
f 313//6 314//6 315//6
f 313//6 315//6 316//6
f 316//6 315//6 317//6
f 316//6 317//6 318//6
f 318//6 317//6 319//6
f 318//6 319//6 320//6
f 320//6 319//6 321//6
f 320//6 321//6 322//6
f 322//6 321//6 323//6
f 322//6 323//6 324//6
f 324//6 323//6 325//6
f 324//6 325//6 326//6
f 326//6 325//6 327//6
f 327//6 325//6 328//6
f 327//6 328//6 329//6
f 329//6 328//6 330//6
f 329//6 330//6 331//6
f 331//6 330//6 332//6
f 331//6 332//6 333//6
f 333//6 332//6 334//6
f 333//6 334//6 335//6
f 335//6 334//6 336//6
f 335//6 336//6 337//6
f 337//6 336//6 338//6
f 337//6 338//6 339//6
f 339//6 338//6 340//6
f 339//6 340//6 341//6
f 341//6 340//6 342//6
f 341//6 342//6 343//6
f 343//6 342//6 344//6
f 343//6 344//6 345//6
f 345//6 344//6 346//6
f 345//6 346//6 347//6
f 347//6 346//6 348//6
f 347//6 348//6 349//6
f 349//6 348//6 350//6
f 350//6 348//6 351//6
f 350//6 351//6 352//6
f 352//6 351//6 353//6
f 353//6 351//6 354//6
f 353//6 354//6 355//6
f 355//6 354//6 356//6
f 356//6 354//6 357//6
f 356//6 357//6 358//6
f 358//6 357//6 359//6
f 358//6 359//6 360//6
f 358//6 360//6 361//6
f 361//6 360//6 362//6
f 361//6 362//6 363//6
f 363//6 362//6 364//6
f 363//6 364//6 365//6
f 365//6 364//6 366//6
f 365//6 366//6 367//6
f 367//6 366//6 368//6
f 367//6 368//6 369//6
f 369//6 368//6 370//6
f 369//6 370//6 371//6
f 371//6 370//6 372//6
f 371//6 372//6 373//6
f 373//6 372//6 374//6
f 373//6 374//6 375//6
f 375//6 374//6 376//6
f 375//6 376//6 377//6
f 377//6 376//6 378//6
f 377//6 378//6 379//6
f 379//6 378//6 380//6
f 379//6 380//6 381//6
f 381//6 380//6 382//6
f 381//6 382//6 383//6
f 383//6 382//6 384//6
f 383//6 384//6 385//6
f 385//6 384//6 386//6
f 385//6 386//6 387//6
f 387//6 386//6 388//6
f 387//6 388//6 389//6
f 389//6 388//6 390//6
f 389//6 390//6 391//6
f 391//6 390//6 392//6
f 391//6 392//6 393//6
f 393//6 392//6 394//6
f 393//6 394//6 395//6
f 393//6 395//6 396//6
f 396//6 395//6 397//6
f 397//6 395//6 398//6
f 397//6 398//6 399//6
f 399//6 398//6 400//6
f 399//6 400//6 401//6
f 401//6 400//6 402//6
f 401//6 402//6 403//6
f 403//6 402//6 404//6
f 403//6 404//6 405//6
f 405//6 404//6 406//6
f 405//6 406//6 407//6
f 407//6 406//6 408//6
f 407//6 408//6 409//6
f 409//6 408//6 410//6
f 409//6 410//6 411//6
f 411//6 410//6 412//6
f 411//6 412//6 413//6
f 413//6 412//6 414//6
f 413//6 414//6 415//6
f 415//6 414//6 416//6
f 416//6 414//6 417//6
f 416//6 417//6 418//6
f 418//6 417//6 419//6
f 418//6 419//6 420//6
f 420//6 419//6 421//6
f 420//6 421//6 422//6
f 422//9 421//9 423//9
f 422//6 423//6 424//6
f 424//10 423//10 425//10
f 424//11 425//11 426//11
f 424//7 426//7 427//7
f 424//6 427//6 428//6
f 424//6 428//6 429//6
f 424//6 429//6 430//6
f 430//6 429//6 431//6
f 431//6 429//6 432//6
f 431//6 432//6 433//6
f 433//6 432//6 434//6
f 433//6 434//6 435//6
f 435//6 434//6 436//6
f 435//6 436//6 437//6
f 437//6 436//6 438//6
f 437//6 438//6 439//6
f 439//6 438//6 440//6
f 439//6 440//6 441//6
f 441//6 440//6 442//6
f 441//6 442//6 443//6
f 443//6 442//6 444//6
f 443//6 444//6 445//6
f 445//6 444//6 446//6
f 445//6 446//6 447//6
f 447//6 446//6 448//6
f 447//6 448//6 449//6
f 449//6 448//6 450//6
f 449//6 450//6 451//6
f 451//6 450//6 452//6
f 451//6 452//6 453//6
f 453//6 452//6 454//6
f 453//6 454//6 455//6
f 455//6 454//6 456//6
f 455//6 456//6 457//6
f 457//6 456//6 458//6
f 457//6 458//6 459//6
f 459//6 458//6 460//6
f 460//6 458//6 461//6
f 460//6 461//6 462//6
f 460//6 462//6 463//6
f 463//6 462//6 464//6
f 463//6 464//6 465//6
f 465//6 464//6 466//6
f 465//6 466//6 467//6
f 467//6 466//6 468//6
f 468//6 466//6 469//6
f 468//6 469//6 470//6
f 470//6 469//6 471//6
f 470//6 471//6 472//6
f 472//6 471//6 473//6
f 472//6 473//6 474//6
f 474//6 473//6 475//6
f 474//6 475//6 476//6
f 476//6 475//6 477//6
f 476//6 477//6 478//6
f 478//6 477//6 479//6
f 478//6 479//6 480//6
f 480//6 479//6 481//6
f 480//6 481//6 482//6
f 482//6 481//6 483//6
f 483//6 481//6 484//6
f 483//6 484//6 485//6
f 483//6 485//6 486//6
f 486//6 485//6 487//6
f 486//6 487//6 488//6
f 488//6 487//6 489//6
f 488//6 489//6 490//6
f 490//6 489//6 491//6
f 490//6 491//6 492//6
f 492//6 491//6 493//6
f 492//6 493//6 494//6
f 494//6 493//6 495//6
f 494//6 495//6 496//6
f 496//6 495//6 497//6
f 496//6 497//6 498//6
f 498//6 497//6 499//6
f 498//6 499//6 500//6
f 500//6 499//6 501//6
f 500//6 501//6 502//6
f 502//6 501//6 503//6
f 502//6 503//6 504//6
f 504//6 503//6 505//6
f 504//6 505//6 506//6
f 506//6 505//6 507//6
f 506//6 507//6 508//6
f 508//6 507//6 509//6
f 509//6 507//6 510//6
f 510//6 507//6 511//6
f 510//6 511//6 512//6
f 512//6 511//6 513//6
f 512//6 513//6 514//6
f 512//6 514//6 515//6
f 515//6 514//6 516//6
f 515//6 516//6 517//6
f 517//6 516//6 518//6
f 517//6 518//6 519//6
f 519//6 518//6 520//6
f 519//6 520//6 521//6
f 521//6 520//6 522//6
f 521//6 522//6 523//6
f 523//6 522//6 524//6
f 523//6 524//6 525//6
f 525//6 524//6 526//6
f 525//6 526//6 527//6
f 527//6 526//6 528//6
f 527//6 528//6 529//6
f 529//6 528//6 530//6
f 529//6 530//6 531//6
f 531//6 530//6 532//6
f 531//6 532//6 533//6
f 533//6 532//6 534//6
f 533//6 534//6 535//6
f 535//6 534//6 536//6
f 535//6 536//6 537//6
f 537//6 536//6 538//6
f 537//6 538//6 539//6
f 539//6 538//6 540//6
f 539//6 540//6 541//6
f 541//6 540//6 542//6
f 541//6 542//6 543//6
f 541//6 543//6 544//6
f 544//6 543//6 545//6
f 544//6 545//6 546//6
f 546//6 545//6 547//6
f 546//6 547//6 548//6
f 548//6 547//6 549//6
f 548//6 549//6 550//6
f 548//6 550//6 551//6
f 551//6 550//6 552//6
f 551//6 552//6 553//6
f 553//6 552//6 554//6
f 553//6 554//6 555//6
f 555//6 554//6 556//6
f 555//6 556//6 557//6
f 555//6 557//6 558//6
f 558//6 557//6 559//6
f 558//6 559//6 560//6
f 558//6 560//6 561//6
f 561//6 560//6 562//6
f 561//6 562//6 563//6
f 563//6 562//6 564//6
f 563//6 564//6 565//6
f 565//6 564//6 566//6
f 565//6 566//6 567//6
f 567//6 566//6 568//6
f 567//6 568//6 569//6
f 567//6 569//6 570//6
f 570//6 569//6 571//6
f 570//6 571//6 572//6
f 570//6 572//6 573//6
f 573//6 572//6 574//6
f 573//6 574//6 575//6
f 575//6 574//6 576//6
f 575//6 576//6 577//6
f 577//6 576//6 578//6
f 577//6 578//6 579//6
f 577//6 579//6 580//6
f 577//6 580//6 581//6
f 581//6 580//6 582//6
f 581//6 582//6 583//6
f 583//6 582//6 584//6
f 583//6 584//6 585//6
f 585//6 584//6 586//6
f 585//6 586//6 587//6
f 587//6 586//6 588//6
f 587//6 588//6 589//6
f 17//6 590//6 591//6
f 590//6 17//6 16//6
f 591//6 590//6 592//6
f 591//6 592//6 593//6
f 593//6 592//6 594//6
f 593//6 594//6 595//6
f 595//6 594//6 596//6
f 595//6 596//6 597//6
f 597//6 596//6 598//6
f 597//6 598//6 599//6
f 599//6 598//6 600//6
f 599//6 600//6 601//6
f 601//6 600//6 602//6
f 601//6 602//6 603//6
f 603//6 602//6 604//6
f 603//6 604//6 605//6
f 605//6 604//6 606//6
f 605//6 606//6 607//6
f 607//6 606//6 608//6
f 607//6 608//6 609//6
f 609//6 608//6 610//6
f 609//6 610//6 611//6
f 611//6 610//6 612//6
f 611//6 612//6 613//6
f 611//6 613//6 614//6
f 614//6 613//6 615//6
f 614//6 615//6 616//6
f 616//6 615//6 617//6
f 616//6 617//6 618//6
f 618//6 617//6 619//6
f 618//6 619//6 620//6
f 620//6 619//6 621//6
f 620//6 621//6 622//6
f 622//6 621//6 623//6
f 622//6 623//6 624//6
f 624//6 623//6 625//6
f 624//6 625//6 626//6
f 626//6 625//6 627//6
f 626//6 627//6 628//6
f 628//6 627//6 629//6
f 628//6 629//6 630//6
f 630//6 629//6 631//6
f 630//6 631//6 632//6
f 632//6 631//6 633//6
f 632//6 633//6 634//6
f 634//6 633//6 635//6
f 634//6 635//6 636//6
f 636//6 635//6 637//6
f 636//6 637//6 638//6
f 638//6 637//6 639//6
f 638//6 639//6 640//6
f 640//6 639//6 641//6
f 640//6 641//6 642//6
f 642//6 641//6 643//6
f 642//6 643//6 644//6
f 644//6 643//6 645//6
f 644//6 645//6 646//6
f 646//6 645//6 647//6
f 646//6 647//6 648//6
f 648//6 647//6 649//6
f 648//6 649//6 650//6
f 650//6 649//6 651//6
f 650//6 651//6 652//6
f 650//6 652//6 653//6
f 653//6 652//6 654//6
f 653//6 654//6 655//6
f 655//6 654//6 656//6
f 655//6 656//6 657//6
f 657//6 656//6 658//6
f 657//6 658//6 659//6
f 659//6 658//6 660//6
f 659//6 660//6 661//6
f 661//6 660//6 662//6
f 661//6 662//6 663//6
f 663//6 662//6 664//6
f 663//6 664//6 665//6
f 663//6 665//6 666//6
f 666//6 665//6 667//6
f 667//6 665//6 668//6
f 668//6 665//6 669//6
f 668//6 669//6 670//6
f 670//6 669//6 671//6
f 670//6 671//6 672//6
f 672//6 671//6 673//6
f 672//6 673//6 674//6
f 674//6 673//6 675//6
f 674//6 675//6 676//6
f 676//6 675//6 677//6
f 676//6 677//6 678//6
f 678//6 677//6 679//6
f 678//6 679//6 680//6
f 680//6 679//6 681//6
f 680//6 681//6 682//6
f 682//6 681//6 683//6
f 682//6 683//6 684//6
f 684//6 683//6 685//6
f 684//6 685//6 686//6
f 686//6 685//6 687//6
f 686//6 687//6 688//6
f 688//6 687//6 689//6
f 688//6 689//6 690//6
f 690//6 689//6 691//6
f 690//6 691//6 692//6
f 692//6 691//6 693//6
f 693//6 691//6 694//6
f 693//6 694//6 695//6
f 695//6 694//6 696//6
f 695//6 696//6 697//6
f 697//6 696//6 698//6
f 697//6 698//6 699//6
f 699//6 698//6 700//6
f 699//6 700//6 701//6
f 701//6 700//6 702//6
f 701//6 702//6 703//6
f 703//6 702//6 704//6
f 703//6 704//6 705//6
f 705//6 704//6 706//6
f 705//6 706//6 707//6
f 707//6 706//6 708//6
f 707//6 708//6 709//6
f 709//6 708//6 710//6
f 709//6 710//6 711//6
f 711//6 710//6 712//6
f 712//6 710//6 713//6
f 712//6 713//6 714//6
f 714//6 713//6 715//6
f 714//6 715//6 716//6
f 716//6 715//6 717//6
f 716//6 717//6 718//6
f 718//6 717//6 719//6
f 718//6 719//6 720//6
f 720//6 719//6 721//6
f 720//6 721//6 722//6
f 722//6 721//6 723//6
f 723//6 721//6 724//6
f 724//6 721//6 725//6
f 724//6 725//6 726//6
f 726//6 725//6 727//6
f 726//6 727//6 728//6
f 728//6 727//6 729//6
f 729//6 727//6 730//6
f 729//6 730//6 731//6
f 731//6 730//6 732//6
f 731//6 732//6 733//6
f 733//6 732//6 734//6
f 734//6 732//6 735//6
f 734//6 735//6 736//6
f 736//6 735//6 737//6
f 736//6 737//6 738//6
f 738//6 737//6 739//6
f 738//6 739//6 740//6
f 740//6 739//6 741//6
f 740//6 741//6 742//6
f 742//6 741//6 743//6
f 742//6 743//6 744//6
f 744//6 743//6 745//6
f 744//6 745//6 746//6
f 746//6 745//6 747//6
f 746//6 747//6 748//6
f 748//6 747//6 749//6
f 748//6 749//6 750//6
f 750//6 749//6 751//6
f 750//6 751//6 752//6
f 752//6 751//6 753//6
f 752//6 753//6 754//6
f 754//6 753//6 755//6
f 754//6 755//6 756//6
f 756//6 755//6 757//6
f 756//6 757//6 758//6
f 758//6 757//6 759//6
f 758//6 759//6 760//6
f 760//6 759//6 761//6
f 760//6 761//6 762//6
f 762//6 761//6 763//6
f 762//6 763//6 764//6
f 764//6 763//6 765//6
f 764//6 765//6 766//6
f 766//6 765//6 767//6
f 766//6 767//6 768//6
f 768//6 767//6 769//6
f 769//12 767//12 770//12
f 769//6 770//6 771//6
f 769//6 771//6 772//6
f 772//6 771//6 773//6
f 772//6 773//6 774//6
f 772//6 774//6 775//6
f 775//6 774//6 776//6
f 775//6 776//6 777//6
f 777//6 776//6 778//6
f 777//6 778//6 779//6
f 779//6 778//6 780//6
f 779//6 780//6 781//6
f 781//6 780//6 589//6
f 781//6 589//6 782//6
f 782//6 589//6 588//6
f 783//13 784//13 785//13
f 784//13 783//13 786//13
f 787//14 788//14 789//14
f 788//14 787//14 790//14
f 791//13 792//13 793//13
f 792//13 791//13 794//13
f 821//15 822//15 823//15
f 822//15 821//15 824//15
f 825//16 826//16 827//16
f 826//16 825//16 828//16
f 829//15 830//15 831//15
f 830//15 829//15 832//15
f 857//17 858//17 859//17
f 858//17 857//17 860//17
f 861//18 862//18 863//18
f 862//18 861//18 864//18
f 865//19 866//19 867//19
f 866//19 865//19 868//19
f 869//20 870//20 871//20
f 870//20 869//20 872//20
f 897//21 898//21 899//21
f 898//21 897//21 900//21
f 901//22 902//22 903//22
f 902//22 901//22 904//22
f 905//23 906//23 907//23
f 906//23 905//23 908//23
f 909//24 910//24 911//24
f 910//24 909//24 912//24
f 1017//25 1018//25 1019//25
f 1018//25 1017//25 1020//25
f 1041//26 1042//26 1043//26
f 1042//26 1041//26 1044//26
f 1045//27 1046//27 1047//27
f 1046//27 1045//27 1048//27
f 1049//28 1050//28 1051//28
f 1050//29 1049//29 1052//29
f 1053//30 1054//30 1055//30
f 1054//30 1053//30 1056//30
f 1057//31 1058//31 1059//31
f 1058//32 1057//32 1060//32
f 1061//33 1062//33 1063//33
f 1062//33 1061//33 1064//33
f 1081//34 1082//34 1083//34
f 1082//34 1081//34 1084//34
f 1085//35 1086//35 1087//35
f 1086//35 1085//35 1088//35
f 1089//36 1090//36 1091//36
f 1090//36 1089//36 1092//36
f 1197//37 1198//37 1199//37
f 1198//37 1197//37 1200//37
f 1201//38 1202//38 1203//38
f 1202//38 1201//38 1204//38
f 1205//39 1206//39 1207//39
f 1206//39 1205//39 1208//39
f 1233//40 1234//40 1235//40
f 1234//40 1233//40 1236//40
f 1237//41 1238//41 1239//41
f 1238//41 1237//41 1240//41
f 1267//42 1268//42 1269//42
f 1268//42 1267//42 1270//42
f 1297//43 1298//43 1299//43
f 1298//43 1297//43 1300//43
f 1301//44 1302//44 1303//44
f 1302//44 1301//44 1304//44
f 1347//45 1348//45 1349//45
f 1348//46 1347//46 1350//46
f 1367//47 1368//47 1369//47
f 1368//48 1367//48 1370//48
f 1371//49 1372//49 1373//49
f 1372//49 1371//49 1374//49
f 1375//50 1376//50 1377//50
f 1376//50 1375//50 1378//50
f 1403//51 1404//51 1405//51
f 1404//51 1403//51 1406//51
f 1407//52 1408//52 1409//52
f 1408//53 1407//53 1410//53
f 1411//54 1412//54 1413//54
f 1412//54 1411//54 1414//54
f 1453//55 1454//55 1455//55
f 1454//55 1453//55 1456//55
f 1457//56 1458//56 1459//56
f 1458//56 1457//56 1460//56
f 1501//57 1502//57 1503//57
f 1502//57 1501//57 1504//57
f 1505//58 1506//58 1507//58
f 1506//58 1505//58 1508//58
f 1509//59 1510//59 1511//59
f 1510//59 1509//59 1512//59
f 1513//60 1514//60 1515//60
f 1514//60 1513//60 1516//60
f 1543//61 1544//61 1545//61
f 1544//61 1543//61 1546//61
f 1547//55 1548//55 1549//55
f 1548//55 1547//55 1550//55
f 1551//62 1552//62 1553//62
f 1552//63 1551//63 1554//63
f 1555//64 1556//64 1557//64
f 1556//64 1555//64 1558//64
f 1559//65 1560//65 1561//65
f 1560//65 1559//65 1562//65
f 1563//55 1564//55 1565//55
f 1564//66 1563//66 1566//66
f 1567//55 1568//55 1569//55
f 1568//55 1567//55 1570//55
f 1571//55 1572//55 1573//55
f 1572//55 1571//55 1574//55
f 1605//67 1606//67 1607//67
f 1606//67 1605//67 1608//67
f 1609//68 1610//68 1611//68
f 1610//69 1609//69 1612//69
f 1613//70 1614//70 1615//70
f 1614//70 1613//70 1616//70
f 1619//71 1618//71 1620//71
f 1618//71 1619//71 1617//71
f 1621//71 1622//71 1623//71
f 1622//71 1621//71 1624//71
f 1635//72 1634//72 1636//72
f 1634//72 1635//72 1633//72
f 1637//73 1638//73 1639//73
f 1638//73 1637//73 1640//73
f 1667//74 1668//74 1669//74
f 1668//74 1667//74 1670//74
f 1671//74 1672//74 1673//74
f 1672//74 1671//74 1674//74
f 1675//75 1673//75 1676//75
f 1673//75 1675//75 1671//75
f 1677//76 1678//76 1679//76
f 1678//76 1677//76 1680//76
f 1681//77 1679//77 1682//77
f 1679//77 1681//77 1677//77
f 1683//78 1682//78 1684//78
f 1682//78 1683//78 1681//78
f 1685//79 1686//79 1687//79
f 1686//79 1685//79 1688//79
f 1689//78 1690//78 1691//78
f 1690//78 1689//78 1692//78
f 1693//80 1694//80 1695//80
f 1694//80 1693//80 1696//80
f 1697//80 1698//80 1699//80
f 1698//80 1697//80 1700//80
f 1701//80 1702//80 1703//80
f 1702//80 1701//80 1704//80
f 1705//81 1706//81 1707//81
f 1706//82 1705//82 1708//82
f 1709//83 1707//83 1710//83
f 1707//83 1709//83 1705//83
f 1711//84 1712//84 1713//84
f 1712//84 1711//84 1714//84
f 1715//85 1713//85 1716//85
f 1713//85 1715//85 1711//85
f 1717//86 1716//86 1718//86
f 1716//87 1717//87 1715//87
f 1719//88 1718//88 1720//88
f 1718//88 1719//88 1717//88
f 1721//88 1722//88 1723//88
f 1722//89 1721//89 1724//89
f 1725//90 1723//90 1726//90
f 1723//90 1725//90 1721//90
f 1727//91 1728//91 1729//91
f 1728//91 1727//91 1730//91
f 1731//92 1729//92 1732//92
f 1729//92 1731//92 1727//92
f 1733//92 1734//92 1735//92
f 1734//92 1733//92 1736//92
f 1737//93 1738//93 1739//93
f 1738//94 1737//94 1740//94
f 1741//93 1742//93 1743//93
f 1742//93 1741//93 1744//93
f 1745//95 1746//95 1747//95
f 1746//95 1745//95 1748//95
f 1749//96 1750//96 1751//96
f 1750//96 1749//96 1752//96
f 1753//97 1754//97 1755//97
f 1754//97 1753//97 1756//97
f 1785//98 1786//98 1787//98
f 1786//99 1785//99 1788//99
f 1789//100 1790//100 1791//100
f 1790//100 1789//100 1792//100
f 1819//101 1820//101 1821//101
f 1820//101 1819//101 1822//101
f 1823//102 1824//102 1825//102
f 1824//102 1823//102 1826//102
f 1869//103 1870//103 1871//103
f 1870//104 1869//104 1872//104
f 1879//105 1880//105 1881//105
f 1880//105 1879//105 1882//105
f 1897//106 1898//106 1899//106
f 1898//106 1897//106 1900//106
f 1901//107 1902//107 1903//107
f 1902//108 1901//108 1904//108
f 1923//109 1924//109 1925//109
f 1924//110 1923//110 1926//110
f 1927//111 1928//111 1929//111
f 1928//111 1927//111 1930//111
f 1959//112 1960//112 1961//112
f 1960//112 1959//112 1962//112
f 1963//113 1964//113 1965//113
f 1964//114 1963//114 1966//114
f 1993//115 1994//115 1995//115
f 1994//115 1993//115 1996//115
f 2023//116 2024//116 2025//116
f 2024//116 2023//116 2026//116
f 2079//117 2080//117 2081//117
f 2080//118 2079//118 2082//118
f 2083//119 2084//119 2085//119
f 2084//119 2083//119 2086//119
f 2113//120 2114//120 2115//120
f 2114//120 2113//120 2116//120
f 2143//121 2144//121 2145//121
f 2144//121 2143//121 2146//121
f 2175//122 2176//122 2177//122
f 2176//122 2175//122 2178//122
f 2197//123 2198//123 2199//123
f 2198//123 2197//123 2200//123
f 2259//55 2260//55 2261//55
f 2260//55 2259//55 2262//55
f 2263//124 2264//124 2265//124
f 2264//124 2263//124 2266//124
f 2315//125 2316//125 2317//125
f 2316//126 2315//126 2318//126
f 2319//127 2320//127 2321//127
f 2320//127 2319//127 2322//127
f 2323//128 2324//128 2325//128
f 2324//129 2323//129 2326//129
f 2327//130 2328//130 2329//130
f 2328//130 2327//130 2330//130
f 2331//131 2329//131 2332//131
f 2329//131 2331//131 2327//131
f 2333//131 2334//131 2335//131
f 2334//131 2333//131 2336//131
f 2337//132 2335//132 2338//132
f 2335//133 2337//133 2333//133
f 2339//134 2338//134 2340//134
f 2338//134 2339//134 2337//134
f 2341//135 2340//135 2342//135
f 2340//135 2341//135 2339//135
f 2343//136 2342//136 2344//136
f 2342//137 2343//137 2341//137
f 2345//138 2344//138 2346//138
f 2344//138 2345//138 2343//138
f 2347//139 2346//139 2348//139
f 2346//139 2347//139 2345//139
f 2349//139 2350//139 2351//139
f 2350//140 2349//140 2352//140
f 2353//141 2354//141 2355//141
f 2354//142 2353//142 2356//142
f 2357//140 2358//140 2359//140
f 2358//140 2357//140 2360//140
f 2361//143 2362//143 2363//143
f 2362//143 2361//143 2364//143
f 2365//143 2366//143 2367//143
f 2366//143 2365//143 2368//143
f 2369//144 2370//144 2371//144
f 2370//144 2369//144 2372//144
f 2373//145 2371//145 2374//145
f 2371//145 2373//145 2369//145
f 2375//146 2374//146 2376//146
f 2374//146 2375//146 2373//146
f 2377//147 2378//147 2379//147
f 2378//147 2377//147 2380//147
f 2381//148 2382//148 2383//148
f 2382//149 2381//149 2384//149
f 2385//150 2386//150 2387//150
f 2386//151 2385//151 2388//151
f 2389//152 2390//152 2391//152
f 2390//153 2389//153 2392//153
f 2419//154 2420//154 2421//154
f 2420//155 2419//155 2422//155
f 2423//156 2424//156 2425//156
f 2424//156 2423//156 2426//156
f 2437//157 2435//157 2438//157
f 2435//157 2437//157 2436//157
f 2439//158 2440//158 2441//158
f 2440//158 2439//158 2442//158
f 2443//159 2444//159 2445//159
f 2444//157 2443//157 2446//157
f 2449//160 2447//160 2450//160
f 2447//160 2449//160 2448//160
f 2451//161 2452//161 2453//161
f 2452//161 2451//161 2454//161
f 2455//162 2456//162 2457//162
f 2456//162 2455//162 2458//162
f 2489//163 2490//163 2491//163
f 2490//164 2489//164 2492//164
f 2493//102 2494//102 2495//102
f 2494//102 2493//102 2496//102
f 2497//102 2498//102 2499//102
f 2498//102 2497//102 2500//102
f 2501//102 2502//102 2503//102
f 2502//102 2501//102 2504//102
f 2505//165 2506//165 2507//165
f 2506//165 2505//165 2508//165
f 2543//166 2544//166 2545//166
f 2544//166 2543//166 2546//166
f 2587//167 2588//167 2589//167
f 2588//167 2587//167 2590//167
f 2591//168 2592//168 2593//168
f 2592//168 2591//168 2594//168
f 2595//169 2596//169 2597//169
f 2596//170 2595//170 2598//170
f 2599//102 2600//102 2601//102
f 2600//102 2599//102 2602//102
f 2603//171 2604//171 2605//171
f 2604//172 2603//172 2606//172
f 2645//173 2646//173 2647//173
f 2646//173 2645//173 2648//173
f 2649//174 2650//174 2651//174
f 2650//175 2649//175 2652//175
f 2653//176 2654//176 2655//176
f 2654//176 2653//176 2656//176
f 2657//177 2658//177 2659//177
f 2658//178 2657//178 2660//178
f 2689//179 2690//179 2691//179
f 2690//179 2689//179 2692//179
f 2693//179 2694//179 2695//179
f 2694//179 2693//179 2696//179
f 2697//180 2698//180 2699//180
f 2698//180 2697//180 2700//180
f 2701//181 2702//181 2703//181
f 2702//182 2701//182 2704//182
f 2765//6 2766//6 2767//6
f 2766//6 2765//6 2768//6
f 2766//6 2768//6 2769//6
s 1
f 795//183 796//184 797//184
f 796//184 795//183 798//183
f 799//185 798//183 795//183
f 798//183 799//185 800//185
f 801//186 800//185 799//185
f 800//185 801//186 802//186
f 803//187 802//186 801//186
f 802//186 803//187 804//187
f 805//188 804//187 803//187
f 804//187 805//188 806//188
f 807//189 806//188 805//188
f 806//188 807//189 808//189
f 809//190 808//189 807//189
f 808//189 809//190 810//190
f 811//191 810//190 809//190
f 810//190 811//191 812//191
f 813//192 812//191 811//191
f 812//191 813//192 814//192
f 815//193 814//192 813//192
f 814//192 815//193 816//193
f 817//194 816//193 815//193
f 816//193 817//194 818//194
f 819//195 818//194 817//194
f 818//194 819//195 820//195
f 833//196 834//197 835//197
f 834//197 833//196 836//196
f 837//198 836//196 833//196
f 836//196 837//198 838//198
f 839//199 837//198 840//199
f 837//198 839//199 838//198
f 841//200 840//199 842//200
f 840//199 841//200 839//199
f 843//201 842//200 844//201
f 842//200 843//201 841//200
f 845//66 844//201 846//66
f 844//201 845//66 843//201
f 847//202 846//66 848//202
f 846//66 847//202 845//66
f 849//203 848//202 850//203
f 848//202 849//203 847//202
f 851//204 850//203 852//204
f 850//203 851//204 849//203
f 853//205 851//204 852//204
f 851//204 853//205 854//205
f 855//206 853//205 856//206
f 853//205 855//206 854//205
f 873//207 874//208 875//207
f 874//208 873//207 876//208
f 877//209 873//207 875//207
f 873//207 877//209 878//209
f 879//210 877//209 880//210
f 877//209 879//210 878//209
f 881//211 880//210 882//211
f 880//210 881//211 879//210
f 883//83 882//211 884//83
f 882//211 883//83 881//211
f 885//212 884//83 886//212
f 884//83 885//212 883//83
f 887//213 886//212 888//213
f 886//212 887//213 885//212
f 889//214 888//213 890//214
f 888//213 889//214 887//213
f 891//215 890//214 892//215
f 890//214 891//215 889//214
f 893//216 892//215 894//216
f 892//215 893//216 891//215
f 895//217 894//216 896//217
f 894//216 895//217 893//216
f 913//218 914//219 915//219
f 914//219 913//218 916//218
f 917//220 916//218 913//218
f 916//218 917//220 918//220
f 919//221 918//220 917//220
f 918//220 919//221 920//221
f 921//222 920//221 919//221
f 920//221 921//222 922//222
f 923//223 922//222 921//222
f 922//222 923//223 924//223
f 925//224 924//223 923//223
f 924//223 925//224 926//224
f 927//225 926//224 925//224
f 926//224 927//225 928//225
f 929//226 928//225 927//225
f 928//225 929//226 930//226
f 931//227 930//226 929//226
f 930//226 931//227 932//227
f 933//228 932//227 931//227
f 932//227 933//228 934//228
f 935//229 934//228 933//228
f 934//228 935//229 936//229
f 937//230 936//229 935//229
f 936//229 937//230 938//230
f 939//231 940//232 941//232
f 940//232 939//231 942//231
f 943//233 942//231 939//231
f 942//231 943//233 944//233
f 945//234 944//233 943//233
f 944//233 945//234 946//234
f 947//235 946//234 945//234
f 946//234 947//235 948//235
f 949//236 948//235 947//235
f 948//235 949//236 950//236
f 951//237 950//236 949//236
f 950//236 951//237 952//237
f 953//238 952//237 951//237
f 952//237 953//238 954//238
f 955//239 956//240 957//240
f 956//240 955//239 958//239
f 959//241 958//239 955//239
f 958//239 959//241 960//241
f 961//242 962//243 963//243
f 962//243 961//242 964//242
f 965//244 964//242 961//242
f 964//242 965//244 966//244
f 967//245 966//244 965//244
f 966//244 967//245 968//245
f 969//246 968//245 967//245
f 968//245 969//246 970//246
f 971//247 970//246 969//246
f 970//246 971//247 972//247
f 973//248 972//247 971//247
f 972//247 973//248 974//248
f 975//249 974//248 973//248
f 974//248 975//249 976//249
f 977//250 978//251 979//251
f 978//251 977//250 980//250
f 981//252 980//250 977//250
f 980//250 981//252 982//252
f 983//253 982//252 981//252
f 982//252 983//253 984//253
f 985//254 984//253 983//253
f 984//253 985//254 986//254
f 987//255 986//254 985//254
f 986//254 987//255 988//256
f 989//257 988//256 987//255
f 988//256 989//257 990//257
f 991//258 992//259 993//259
f 992//259 991//258 994//258
f 995//260 994//258 991//258
f 994//258 995//260 996//260
f 997//261 996//260 995//260
f 996//260 997//261 998//261
f 999//262 997//261 1000//262
f 997//261 999//262 998//261
f 1001//263 1000//262 1002//263
f 1000//262 1001//263 999//262
f 1003//264 1002//263 1004//264
f 1002//263 1003//264 1001//263
f 1005//265 1004//264 1006//265
f 1004//264 1005//265 1003//264
f 1007//266 1006//265 1008//266
f 1006//265 1007//266 1005//265
f 1009//267 1008//266 1010//267
f 1008//266 1009//267 1007//266
f 1011//268 1010//267 1012//268
f 1010//267 1011//268 1009//267
f 1013//269 1012//268 1014//269
f 1012//268 1013//269 1011//268
f 1015//270 1013//269 1014//269
f 1013//269 1015//270 1016//270
f 1021//271 1022//272 1023//272
f 1022//272 1021//271 1024//271
f 1025//273 1021//271 1026//273
f 1021//271 1025//273 1024//271
f 1027//274 1026//273 1028//274
f 1026//273 1027//274 1025//273
f 1029//275 1028//274 1030//275
f 1028//274 1029//275 1027//274
f 1031//276 1029//275 1030//275
f 1029//275 1031//276 1032//276
f 1033//277 1032//276 1031//276
f 1032//276 1033//277 1034//277
f 1035//278 1034//277 1033//277
f 1034//277 1035//278 1036//278
f 1037//279 1036//278 1035//278
f 1036//278 1037//279 1038//279
f 1039//26 1038//279 1037//279
f 1038//279 1039//26 1040//26
f 1065//280 1066//281 1067//281
f 1066//281 1065//280 1068//280
f 1067//281 1069//282 1070//282
f 1069//282 1067//281 1066//281
f 1070//282 1071//283 1072//283
f 1071//283 1070//282 1069//282
f 1072//283 1073//284 1074//284
f 1073//284 1072//283 1071//283
f 1074//284 1075//285 1076//285
f 1075//285 1074//284 1073//284
f 1077//286 1076//285 1075//285
f 1076//285 1077//286 1078//286
f 1079//287 1077//286 1080//287
f 1077//286 1079//287 1078//286
f 1093//288 1094//289 1095//288
f 1094//289 1093//288 1096//289
f 1097//290 1095//288 1098//290
f 1095//288 1097//290 1093//288
f 1099//291 1098//290 1100//291
f 1098//290 1099//291 1097//290
f 1101//292 1099//291 1100//291
f 1099//291 1101//292 1102//292
f 1103//293 1102//292 1101//292
f 1102//292 1103//293 1104//293
f 1105//294 1104//293 1103//293
f 1104//293 1105//294 1106//294
f 1107//295 1106//294 1105//294
f 1106//294 1107//295 1108//295
f 1109//296 1108//295 1107//295
f 1108//295 1109//296 1110//296
f 1111//297 1110//296 1109//296
f 1110//296 1111//297 1112//297
f 1112//297 1113//298 1114//298
f 1113//298 1112//297 1111//297
f 1114//298 1115//299 1116//299
f 1115//299 1114//298 1113//298
f 1116//299 1117//300 1118//300
f 1117//300 1116//299 1115//299
f 1119//301 1120//302 1121//302
f 1120//302 1119//301 1122//301
f 1121//302 1123//303 1124//303
f 1123//303 1121//302 1120//302
f 1124//303 1125//304 1126//304
f 1125//304 1124//303 1123//303
f 1126//304 1127//305 1128//305
f 1127//305 1126//304 1125//304
f 1128//305 1129//306 1130//306
f 1129//306 1128//305 1127//305
f 1130//306 1131//307 1132//307
f 1131//307 1130//306 1129//306
f 1133//308 1134//309 1135//309
f 1134//309 1133//308 1136//308
f 1135//309 1137//310 1138//310
f 1137//310 1135//309 1134//309
f 1138//310 1139//311 1140//311
f 1139//311 1138//310 1137//310
f 1140//311 1141//312 1142//312
f 1141//312 1140//311 1139//311
f 1142//312 1143//313 1144//313
f 1143//313 1142//312 1141//312
f 1144//313 1145//314 1146//314
f 1145//314 1144//313 1143//313
f 1146//314 1147//315 1148//315
f 1147//315 1146//314 1145//314
f 1149//316 1150//317 1151//317
f 1150//317 1149//316 1152//316
f 1151//317 1153//318 1154//318
f 1153//318 1151//317 1150//317
f 1155//319 1156//320 1157//320
f 1156//320 1155//319 1158//319
f 1157//320 1159//321 1160//321
f 1159//321 1157//320 1156//320
f 1160//321 1161//322 1162//322
f 1161//322 1160//321 1159//321
f 1162//322 1163//323 1164//323
f 1163//323 1162//322 1161//322
f 1164//323 1165//324 1166//324
f 1165//324 1164//323 1163//323
f 1166//324 1167//325 1168//325
f 1167//325 1166//324 1165//324
f 1168//325 1169//326 1170//326
f 1169//326 1168//325 1167//325
f 1171//313 1172//327 1173//327
f 1172//327 1171//313 1174//313
f 1173//327 1175//328 1176//328
f 1175//328 1173//327 1172//327
f 1176//328 1177//329 1178//329
f 1177//329 1176//328 1175//328
f 1178//329 1179//330 1180//330
f 1179//330 1178//329 1177//329
f 1180//330 1181//331 1182//331
f 1181//331 1180//330 1179//330
f 1182//331 1183//332 1184//332
f 1183//332 1182//331 1181//331
f 1184//332 1185//333 1186//333
f 1185//333 1184//332 1183//332
f 1186//333 1187//334 1188//334
f 1187//334 1186//333 1185//333
f 1188//334 1189//335 1190//335
f 1189//335 1188//334 1187//334
f 1190//335 1191//336 1192//336
f 1191//336 1190//335 1189//335
f 1192//336 1193//337 1194//337
f 1193//337 1192//336 1191//336
f 1194//337 1195//338 1196//338
f 1195//338 1194//337 1193//337
f 1209//339 1210//340 1211//339
f 1210//340 1209//339 1212//340
f 1213//341 1211//339 1214//341
f 1211//339 1213//341 1209//339
f 1215//342 1213//341 1214//341
f 1213//341 1215//342 1216//342
f 1217//343 1215//342 1218//343
f 1215//342 1217//343 1216//342
f 1219//344 1218//343 1220//344
f 1218//343 1219//344 1217//343
f 1221//345 1220//344 1222//345
f 1220//344 1221//345 1219//344
f 1223//346 1222//345 1224//346
f 1222//345 1223//346 1221//345
f 1225//347 1224//346 1226//347
f 1224//346 1225//347 1223//346
f 1227//348 1226//347 1228//348
f 1226//347 1227//348 1225//347
f 1229//349 1228//348 1230//349
f 1228//348 1229//349 1227//348
f 1231//350 1230//349 1232//350
f 1230//349 1231//350 1229//349
f 1241//351 1242//41 1243//41
f 1242//41 1241//351 1244//351
f 1245//352 1241//351 1246//352
f 1241//351 1245//352 1244//351
f 1247//353 1246//352 1248//353
f 1246//352 1247//353 1245//352
f 1249//354 1248//353 1250//354
f 1248//353 1249//354 1247//353
f 1251//355 1250//354 1252//355
f 1250//354 1251//355 1249//354
f 1253//102 1252//355 1254//102
f 1252//355 1253//102 1251//355
f 1255//356 1254//102 1256//356
f 1254//102 1255//356 1253//102
f 1257//357 1256//356 1258//357
f 1256//356 1257//357 1255//356
f 1259//358 1258//357 1260//358
f 1258//357 1259//358 1257//357
f 1261//359 1259//358 1260//358
f 1259//358 1261//359 1262//359
f 1262//359 1263//360 1264//360
f 1263//360 1262//359 1261//359
f 1264//360 1265//361 1266//361
f 1265//361 1264//360 1263//360
f 1271//362 1272//363 1273//363
f 1272//363 1271//362 1274//362
f 1273//363 1275//364 1276//364
f 1275//364 1273//363 1272//363
f 1276//364 1277//365 1278//365
f 1277//365 1276//364 1275//364
f 1278//365 1279//366 1280//366
f 1279//366 1278//365 1277//365
f 1280//366 1281//367 1282//367
f 1281//367 1280//366 1279//366
f 1282//367 1283//368 1284//368
f 1283//368 1282//367 1281//367
f 1284//368 1285//369 1286//369
f 1285//369 1284//368 1283//368
f 1286//369 1287//370 1288//370
f 1287//370 1286//369 1285//369
f 1288//370 1289//371 1290//371
f 1289//371 1288//370 1287//370
f 1290//371 1291//372 1292//372
f 1291//372 1290//371 1289//371
f 1292//372 1293//373 1294//373
f 1293//373 1292//372 1291//372
f 1294//373 1295//374 1296//374
f 1295//374 1294//373 1293//373
f 1305//375 1306//376 1307//376
f 1306//376 1305//375 1308//375
f 1307//376 1309//377 1310//377
f 1309//377 1307//376 1306//376
f 1310//377 1311//378 1312//378
f 1311//378 1310//377 1309//377
f 1312//378 1313//379 1314//379
f 1313//379 1312//378 1311//378
f 1314//379 1315//380 1316//380
f 1315//380 1314//379 1313//379
f 1316//380 1317//381 1318//381
f 1317//381 1316//380 1315//380
f 1318//381 1319//382 1320//382
f 1319//382 1318//381 1317//381
f 1320//382 1321//383 1322//383
f 1321//383 1320//382 1319//382
f 1322//383 1323//384 1324//384
f 1323//384 1322//383 1321//383
f 1324//384 1325//385 1326//385
f 1325//385 1324//384 1323//384
f 1326//385 1327//386 1328//386
f 1327//386 1326//385 1325//385
f 1328//386 1329//387 1330//387
f 1329//387 1328//386 1327//386
f 1331//388 1332//389 1333//389
f 1332//389 1331//388 1334//388
f 1333//389 1335//390 1336//390
f 1335//390 1333//389 1332//389
f 1336//390 1337//391 1338//391
f 1337//391 1336//390 1335//390
f 1339//392 1338//391 1337//391
f 1338//391 1339//392 1340//392
f 1341//393 1340//392 1339//392
f 1340//392 1341//393 1342//393
f 1343//394 1342//393 1341//393
f 1342//393 1343//394 1344//394
f 1345//45 1344//394 1343//394
f 1344//394 1345//45 1346//45
f 1351//395 1352//396 1353//395
f 1352//396 1351//395 1354//396
f 1355//397 1353//395 1356//397
f 1353//395 1355//397 1351//395
f 1357//398 1356//397 1358//398
f 1356//397 1357//398 1355//397
f 1359//399 1357//398 1358//398
f 1357//398 1359//399 1360//399
f 1361//400 1362//401 1363//401
f 1362//401 1361//400 1364//400
f 1365//402 1364//400 1361//400
f 1364//400 1365//402 1366//402
f 1379//403 1380//404 1381//404
f 1380//404 1379//403 1382//403
f 1383//405 1382//403 1379//403
f 1382//403 1383//405 1384//405
f 1385//406 1384//405 1383//405
f 1384//405 1385//406 1386//406
f 1387//407 1386//406 1385//406
f 1386//406 1387//407 1388//407
f 1389//408 1387//407 1390//408
f 1387//407 1389//408 1388//407
f 1391//409 1390//408 1392//409
f 1390//408 1391//409 1389//408
f 1393//410 1392//409 1394//410
f 1392//409 1393//410 1391//409
f 1395//411 1394//410 1396//411
f 1394//410 1395//411 1393//410
f 1397//412 1396//411 1398//412
f 1396//411 1397//412 1395//411
f 1399//413 1397//412 1398//412
f 1397//412 1399//413 1400//413
f 1401//414 1399//413 1402//414
f 1399//413 1401//414 1400//413
f 1415//415 1416//54 1417//54
f 1416//54 1415//415 1418//415
f 1419//416 1418//415 1415//415
f 1418//415 1419//416 1420//416
f 1421//417 1422//418 1423//417
f 1422//418 1421//417 1424//418
f 1425//419 1421//417 1423//417
f 1421//417 1425//419 1426//419
f 1427//420 1426//419 1425//419
f 1426//419 1427//420 1428//420
f 1429//421 1430//420 1431//421
f 1430//420 1429//421 1432//420
f 1433//422 1431//421 1434//422
f 1431//421 1433//422 1429//421
f 1435//423 1433//422 1434//422
f 1433//422 1435//423 1436//423
f 1437//424 1436//423 1435//423
f 1436//423 1437//424 1438//424
f 1439//425 1438//424 1437//424
f 1438//424 1439//425 1440//425
f 1441//426 1439//425 1442//426
f 1439//425 1441//426 1440//425
f 1443//427 1442//426 1444//427
f 1442//426 1443//427 1441//426
f 1445//428 1446//427 1447//428
f 1446//427 1445//428 1448//429
f 1449//77 1447//428 1450//77
f 1447//428 1449//77 1445//428
f 1451//430 1450//77 1452//430
f 1450//77 1451//430 1449//77
f 1461//431 1462//432 1463//431
f 1462//432 1461//431 1464//432
f 1465//433 1463//431 1466//433
f 1463//431 1465//433 1461//431
f 1467//434 1468//433 1469//434
f 1468//433 1467//434 1470//433
f 1471//435 1469//434 1472//435
f 1469//434 1471//435 1467//434
f 1473//436 1471//435 1472//435
f 1471//435 1473//436 1474//436
f 1475//437 1473//436 1476//437
f 1473//436 1475//437 1474//436
f 1477//438 1478//439 1479//439
f 1478//439 1477//438 1480//438
f 1481//440 1480//438 1477//438
f 1480//438 1481//440 1482//440
f 1483//441 1481//440 1484//441
f 1481//440 1483//441 1482//440
f 1485//442 1484//441 1486//442
f 1484//441 1485//442 1483//441
f 1487//443 1485//442 1486//442
f 1485//442 1487//443 1488//443
f 1489//444 1488//443 1487//443
f 1488//443 1489//444 1490//444
f 1491//445 1492//446 1493//446
f 1492//446 1491//445 1494//445
f 1494//445 1495//447 1496//447
f 1495//447 1494//445 1491//445
f 1496//447 1497//448 1498//448
f 1497//448 1496//447 1495//447
f 1498//448 1499//449 1500//449
f 1499//449 1498//448 1497//448
f 1517//450 1518//451 1519//451
f 1518//451 1517//450 1520//450
f 1521//452 1519//451 1518//451
f 1519//451 1521//452 1522//452
f 1523//453 1521//452 1524//454
f 1521//452 1523//453 1522//452
f 1525//455 1524//454 1526//456
f 1524//454 1525//455 1523//453
f 1527//457 1528//455 1529//457
f 1528//455 1527//457 1530//455
f 1531//458 1529//457 1532//458
f 1529//457 1531//458 1527//457
f 1533//459 1532//458 1534//459
f 1532//458 1533//459 1531//458
f 1535//460 1534//459 1536//460
f 1534//459 1535//460 1533//459
f 1537//461 1536//460 1538//461
f 1536//460 1537//461 1535//460
f 1539//462 1537//461 1538//461
f 1537//461 1539//462 1540//462
f 1541//463 1539//462 1542//463
f 1539//462 1541//463 1540//462
f 1575//464 1576//465 1577//464
f 1576//465 1575//464 1578//465
f 1579//466 1577//464 1580//466
f 1577//464 1579//466 1575//464
f 1581//467 1580//466 1582//467
f 1580//466 1581//467 1579//466
f 1583//468 1582//467 1584//468
f 1582//467 1583//468 1581//467
f 1585//411 1584//468 1586//411
f 1584//468 1585//411 1583//468
f 1587//469 1586//411 1588//469
f 1586//411 1587//469 1585//411
f 1589//470 1588//469 1590//470
f 1588//469 1589//470 1587//469
f 1591//471 1590//470 1592//471
f 1590//470 1591//471 1589//470
f 1593//472 1592//471 1594//472
f 1592//471 1593//472 1591//471
f 1595//473 1594//472 1596//473
f 1594//472 1595//473 1593//472
f 1597//474 1596//473 1598//474
f 1596//473 1597//474 1595//473
f 1599//475 1600//476 1601//475
f 1600//476 1599//475 1602//476
f 1603//477 1601//475 1604//477
f 1601//475 1603//477 1599//475
f 1617//478 1615//479 1618//478
f 1615//479 1617//478 1613//479
f 1625//480 1623//481 1626//480
f 1623//481 1625//480 1621//481
f 1627//482 1626//480 1628//482
f 1626//480 1627//482 1625//480
f 1629//483 1628//482 1630//483
f 1628//482 1629//483 1627//482
f 1631//484 1630//483 1632//484
f 1630//483 1631//484 1629//483
f 1633//485 1632//484 1634//485
f 1632//484 1633//485 1631//484
f 1641//486 1642//487 1643//486
f 1642//487 1641//486 1644//487
f 1645//488 1643//486 1646//488
f 1643//486 1645//488 1641//486
f 1647//489 1646//488 1648//489
f 1646//488 1647//489 1645//488
f 1649//490 1648//489 1650//490
f 1648//489 1649//490 1647//489
f 1651//491 1650//490 1652//491
f 1650//490 1651//491 1649//490
f 1653//492 1652//491 1654//492
f 1652//491 1653//492 1651//491
f 1655//493 1654//492 1656//493
f 1654//492 1655//493 1653//492
f 1657//494 1656//493 1658//494
f 1656//493 1657//494 1655//493
f 1659//495 1658//494 1660//495
f 1658//494 1659//495 1657//494
f 1661//496 1660//495 1662//496
f 1660//495 1661//496 1659//495
f 1663//497 1662//496 1664//497
f 1662//496 1663//497 1661//496
f 1665//498 1664//497 1666//498
f 1664//497 1665//498 1663//497
f 1757//499 1758//97 1759//499
f 1758//97 1757//499 1760//97
f 1761//500 1759//499 1762//500
f 1759//499 1761//500 1757//499
f 1763//501 1762//500 1764//501
f 1762//500 1763//501 1761//500
f 1765//502 1764//501 1766//502
f 1764//501 1765//502 1763//501
f 1767//503 1766//502 1768//503
f 1766//502 1767//503 1765//502
f 1769//504 1770//505 1771//504
f 1770//505 1769//504 1772//505
f 1773//506 1771//504 1774//506
f 1771//504 1773//506 1769//504
f 1775//507 1776//508 1777//509
f 1776//508 1775//507 1778//510
f 1779//511 1777//509 1780//511
f 1777//509 1779//511 1775//507
f 1781//512 1780//511 1782//512
f 1780//511 1781//512 1779//511
f 1783//513 1781//512 1782//512
f 1781//512 1783//513 1784//513
f 1793//514 1794//515 1795//514
f 1794//515 1793//514 1796//515
f 1797//516 1795//514 1798//516
f 1795//514 1797//516 1793//514
f 1799//517 1797//516 1798//516
f 1797//516 1799//517 1800//517
f 1801//518 1800//517 1799//517
f 1800//517 1801//518 1802//518
f 1803//519 1802//518 1801//518
f 1802//518 1803//519 1804//519
f 1805//520 1804//519 1803//519
f 1804//519 1805//520 1806//520
f 1807//521 1806//520 1805//520
f 1806//520 1807//521 1808//521
f 1809//522 1808//521 1807//521
f 1808//521 1809//522 1810//522
f 1811//523 1809//522 1812//523
f 1809//522 1811//523 1810//522
f 1813//524 1812//523 1814//524
f 1812//523 1813//524 1811//523
f 1815//525 1814//524 1816//526
f 1814//524 1815//525 1813//524
f 1817//527 1816//526 1818//527
f 1816//526 1817//527 1815//525
f 1827//528 1828//529 1829//528
f 1828//529 1827//528 1830//529
f 1831//530 1829//528 1832//530
f 1829//528 1831//530 1827//528
f 1833//531 1832//530 1834//531
f 1832//530 1833//531 1831//530
f 1835//532 1834//531 1836//532
f 1834//531 1835//532 1833//531
f 1837//533 1836//532 1838//533
f 1836//532 1837//533 1835//532
f 1839//534 1838//533 1840//534
f 1838//533 1839//534 1837//533
f 1841//535 1840//534 1842//535
f 1840//534 1841//535 1839//534
f 1843//536 1842//535 1844//536
f 1842//535 1843//536 1841//535
f 1845//537 1844//536 1846//537
f 1844//536 1845//537 1843//536
f 1847//538 1846//537 1848//538
f 1846//537 1847//538 1845//537
f 1849//539 1848//538 1850//539
f 1848//538 1849//539 1847//538
f 1851//540 1850//539 1852//540
f 1850//539 1851//540 1849//539
f 1853//541 1854//542 1855//541
f 1854//542 1853//541 1856//542
f 1857//543 1855//541 1858//543
f 1855//541 1857//543 1853//541
f 1859//544 1858//543 1860//544
f 1858//543 1859//544 1857//543
f 1861//545 1860//544 1862//545
f 1860//544 1861//545 1859//544
f 1863//546 1862//545 1864//546
f 1862//545 1863//546 1861//545
f 1865//547 1864//546 1866//547
f 1864//546 1865//547 1863//546
f 1867//548 1866//547 1868//548
f 1866//547 1867//548 1865//547
f 1873//549 1874//550 1875//549
f 1874//550 1873//549 1876//550
f 1877//551 1875//549 1878//551
f 1875//549 1877//551 1873//549
f 1883//552 1884//551 1885//551
f 1884//551 1883//552 1886//552
f 1887//553 1883//552 1888//553
f 1883//552 1887//553 1886//552
f 1889//554 1888//553 1890//554
f 1888//553 1889//554 1887//553
f 1891//555 1892//556 1893//555
f 1892//556 1891//555 1894//556
f 1895//106 1893//555 1896//106
f 1893//555 1895//106 1891//555
f 1905//557 1906//558 1907//557
f 1906//558 1905//557 1908//558
f 1909//559 1907//557 1910//559
f 1907//557 1909//559 1905//557
f 1911//560 1910//559 1912//560
f 1910//559 1911//560 1909//559
f 1913//561 1912//560 1914//561
f 1912//560 1913//561 1911//560
f 1915//562 1913//561 1914//561
f 1913//561 1915//562 1916//562
f 1917//563 1916//562 1915//562
f 1916//562 1917//563 1918//563
f 1919//564 1918//563 1917//563
f 1918//563 1919//564 1920//564
f 1921//565 1920//564 1919//564
f 1920//564 1921//565 1922//565
f 1931//566 1932//567 1933//567
f 1932//567 1931//566 1934//566
f 1935//568 1934//566 1931//566
f 1934//566 1935//568 1936//568
f 1937//569 1936//568 1935//568
f 1936//568 1937//569 1938//569
f 1939//570 1938//569 1937//569
f 1938//569 1939//570 1940//570
f 1941//571 1940//570 1939//570
f 1940//570 1941//571 1942//571
f 1943//572 1942//571 1941//571
f 1942//571 1943//572 1944//572
f 1945//573 1943//572 1946//573
f 1943//572 1945//573 1944//572
f 1947//574 1948//575 1949//574
f 1948//575 1947//574 1950//575
f 1951//576 1949//574 1952//576
f 1949//574 1951//576 1947//574
f 1953//577 1952//576 1954//577
f 1952//576 1953//577 1951//576
f 1955//578 1954//577 1956//578
f 1954//577 1955//578 1953//577
f 1957//579 1956//578 1958//579
f 1956//578 1957//579 1955//578
f 1967//580 1968//581 1969//580
f 1968//581 1967//580 1970//581
f 1971//582 1969//580 1972//582
f 1969//580 1971//582 1967//580
f 1973//583 1972//582 1974//583
f 1972//582 1973//583 1971//582
f 1975//584 1974//583 1976//584
f 1974//583 1975//584 1973//583
f 1977//585 1976//584 1978//585
f 1976//584 1977//585 1975//584
f 1979//586 1978//585 1980//586
f 1978//585 1979//586 1977//585
f 1981//587 1980//586 1982//587
f 1980//586 1981//587 1979//586
f 1983//588 1982//587 1984//588
f 1982//587 1983//588 1981//587
f 1985//589 1984//588 1986//589
f 1984//588 1985//589 1983//588
f 1987//590 1986//589 1988//590
f 1986//589 1987//590 1985//589
f 1989//591 1988//590 1990//591
f 1988//590 1989//591 1987//590
f 1991//115 1990//591 1992//115
f 1990//591 1991//115 1989//591
f 1997//592 1998//593 1999//592
f 1998//593 1997//592 2000//593
f 2001//594 1999//592 2002//594
f 1999//592 2001//594 1997//592
f 2003//595 2002//594 2004//595
f 2002//594 2003//595 2001//594
f 2005//596 2004//595 2006//596
f 2004//595 2005//596 2003//595
f 2007//597 2006//596 2008//597
f 2006//596 2007//597 2005//596
f 2009//102 2008//597 2010//102
f 2008//597 2009//102 2007//597
f 2011//598 2010//102 2012//598
f 2010//102 2011//598 2009//102
f 2013//599 2012//598 2014//599
f 2012//598 2013//599 2011//598
f 2015//600 2014//599 2016//600
f 2014//599 2015//600 2013//599
f 2017//601 2016//600 2018//601
f 2016//600 2017//601 2015//600
f 2019//602 2018//601 2020//602
f 2018//601 2019//602 2017//601
f 2021//603 2019//602 2020//602
f 2019//602 2021//603 2022//603
f 2027//604 2028//116 2029//116
f 2028//116 2027//604 2030//604
f 2031//605 2030//604 2027//604
f 2030//604 2031//605 2032//605
f 2033//606 2032//605 2031//605
f 2032//605 2033//606 2034//606
f 2034//606 2035//607 2036//607
f 2035//607 2034//606 2033//606
f 2036//607 2037//608 2038//608
f 2037//608 2036//607 2035//607
f 2038//608 2039//609 2040//609
f 2039//609 2038//608 2037//608
f 2040//609 2041//610 2042//610
f 2041//610 2040//609 2039//609
f 2042//610 2043//611 2044//611
f 2043//611 2042//610 2041//610
f 2044//611 2045//612 2046//612
f 2045//612 2044//611 2043//611
f 2046//612 2047//613 2048//613
f 2047//613 2046//612 2045//612
f 2048//613 2049//614 2050//614
f 2049//614 2048//613 2047//613
f 2050//614 2051//615 2052//615
f 2051//615 2050//614 2049//614
f 2053//616 2054//617 2055//617
f 2054//617 2053//616 2056//616
f 2057//618 2056//616 2053//616
f 2056//616 2057//618 2058//618
f 2059//619 2058//618 2057//618
f 2058//618 2059//619 2060//619
f 2061//620 2060//619 2059//619
f 2060//619 2061//620 2062//620
f 2063//621 2062//620 2061//620
f 2062//620 2063//621 2064//621
f 2065//622 2064//621 2063//621
f 2064//621 2065//622 2066//622
f 2067//623 2066//622 2065//622
f 2066//622 2067//623 2068//623
f 2069//624 2068//623 2067//623
f 2068//623 2069//624 2070//624
f 2071//625 2070//624 2069//624
f 2070//624 2071//625 2072//625
f 2073//626 2071//625 2074//626
f 2071//625 2073//626 2072//625
f 2075//627 2074//626 2076//627
f 2074//626 2075//627 2073//626
f 2077//118 2076//627 2078//118
f 2076//627 2077//118 2075//627
f 2087//628 2088//629 2089//628
f 2088//629 2087//628 2090//629
f 2091//630 2089//628 2092//630
f 2089//628 2091//630 2087//628
f 2093//631 2092//630 2094//631
f 2092//630 2093//631 2091//630
f 2095//632 2094//631 2096//632
f 2094//631 2095//632 2093//631
f 2097//633 2096//632 2098//633
f 2096//632 2097//633 2095//632
f 2099//55 2098//633 2100//55
f 2098//633 2099//55 2097//633
f 2101//634 2100//55 2102//634
f 2100//55 2101//634 2099//55
f 2103//635 2102//634 2104//635
f 2102//634 2103//635 2101//634
f 2105//636 2104//635 2106//636
f 2104//635 2105//636 2103//635
f 2107//637 2106//636 2108//637
f 2106//636 2107//637 2105//636
f 2109//638 2108//637 2110//638
f 2108//637 2109//638 2107//637
f 2111//639 2110//638 2112//639
f 2110//638 2111//639 2109//638
f 2117//640 2118//120 2119//120
f 2118//120 2117//640 2120//640
f 2121//641 2120//640 2117//640
f 2120//640 2121//641 2122//641
f 2123//642 2122//641 2121//641
f 2122//641 2123//642 2124//642
f 2125//643 2124//642 2123//642
f 2124//642 2125//643 2126//643
f 2127//644 2126//643 2125//643
f 2126//643 2127//644 2128//644
f 2129//645 2128//644 2127//644
f 2128//644 2129//645 2130//645
f 2131//646 2130//645 2129//645
f 2130//645 2131//646 2132//646
f 2133//647 2132//646 2131//646
f 2132//646 2133//647 2134//647
f 2135//648 2134//647 2133//647
f 2134//647 2135//648 2136//648
f 2137//649 2136//648 2135//648
f 2136//648 2137//649 2138//649
f 2139//650 2138//649 2137//649
f 2138//649 2139//650 2140//650
f 2141//651 2140//650 2139//650
f 2140//650 2141//651 2142//651
f 2147//652 2148//653 2149//653
f 2148//653 2147//652 2150//652
f 2151//654 2150//652 2147//652
f 2150//652 2151//654 2152//654
f 2153//655 2152//654 2151//654
f 2152//654 2153//655 2154//655
f 2155//656 2153//655 2156//656
f 2153//655 2155//656 2154//655
f 2157//657 2155//656 2156//656
f 2155//656 2157//657 2158//657
f 2159//658 2160//659 2161//659
f 2160//659 2159//658 2162//658
f 2162//658 2163//660 2164//660
f 2163//660 2162//658 2159//658
f 2164//660 2165//661 2166//661
f 2165//661 2164//660 2163//660
f 2166//661 2167//662 2168//662
f 2167//662 2166//661 2165//661
f 2168//662 2169//663 2170//663
f 2169//663 2168//662 2167//662
f 2170//663 2171//664 2172//664
f 2171//664 2170//663 2169//663
f 2172//664 2173//665 2174//665
f 2173//665 2172//664 2171//664
f 2179//666 2180//667 2181//667
f 2180//667 2179//666 2182//666
f 2181//667 2183//668 2184//668
f 2183//668 2181//667 2180//667
f 2184//668 2185//669 2186//669
f 2185//669 2184//668 2183//668
f 2186//669 2187//670 2188//670
f 2187//670 2186//669 2185//669
f 2189//671 2188//670 2187//670
f 2188//670 2189//671 2190//671
f 2191//672 2190//671 2189//671
f 2190//671 2191//672 2192//672
f 2193//673 2192//672 2191//672
f 2192//672 2193//673 2194//673
f 2195//674 2194//673 2193//673
f 2194//673 2195//674 2196//674
f 2201//675 2202//123 2203//123
f 2202//123 2201//675 2204//675
f 2205//676 2201//675 2206//676
f 2201//675 2205//676 2204//675
f 2207//677 2208//678 2209//678
f 2208//678 2207//677 2210//677
f 2211//679 2210//677 2207//677
f 2210//677 2211//679 2212//679
f 2213//680 2212//679 2211//679
f 2212//679 2213//680 2214//680
f 2215//681 2214//680 2213//680
f 2214//680 2215//681 2216//681
f 2217//682 2218//683 2219//683
f 2218//683 2217//682 2220//682
f 2221//684 2220//682 2217//682
f 2220//682 2221//684 2222//684
f 2223//685 2222//684 2221//684
f 2222//684 2223//685 2224//685
f 2225//686 2224//685 2223//685
f 2224//685 2225//686 2226//686
f 2227//687 2226//686 2225//686
f 2226//686 2227//687 2228//687
f 2229//688 2228//687 2227//687
f 2228//687 2229//688 2230//688
f 2231//689 2230//688 2229//688
f 2230//688 2231//689 2232//689
f 2233//690 2234//691 2235//691
f 2234//691 2233//690 2236//690
f 2237//692 2236//690 2233//690
f 2236//690 2237//692 2238//692
f 2239//693 2237//692 2240//693
f 2237//692 2239//693 2238//692
f 2241//694 2240//693 2242//694
f 2240//693 2241//694 2239//693
f 2243//695 2242//694 2244//695
f 2242//694 2243//695 2241//694
f 2245//696 2244//695 2246//696
f 2244//695 2245//696 2243//695
f 2247//697 2246//696 2248//697
f 2246//696 2247//697 2245//696
f 2249//698 2248//697 2250//698
f 2248//697 2249//698 2247//697
f 2251//699 2250//698 2252//699
f 2250//698 2251//699 2249//698
f 2253//700 2252//699 2254//700
f 2252//699 2253//700 2251//699
f 2255//701 2253//700 2254//700
f 2253//700 2255//701 2256//701
f 2257//702 2255//701 2258//702
f 2255//701 2257//702 2256//701
f 2267//703 2268//704 2269//703
f 2268//704 2267//703 2270//704
f 2271//705 2269//703 2272//705
f 2269//703 2271//705 2267//703
f 2273//706 2271//705 2272//705
f 2271//705 2273//706 2274//706
f 2275//707 2274//706 2273//706
f 2274//706 2275//707 2276//707
f 2276//707 2277//708 2278//708
f 2277//708 2276//707 2275//707
f 2279//709 2280//710 2281//710
f 2280//710 2279//709 2282//709
f 2281//710 2283//711 2284//711
f 2283//711 2281//710 2280//710
f 2284//711 2285//712 2286//712
f 2285//712 2284//711 2283//711
f 2286//712 2287//713 2288//713
f 2287//713 2286//712 2285//712
f 2288//713 2289//714 2290//714
f 2289//714 2288//713 2287//713
f 2291//715 2290//714 2289//714
f 2290//714 2291//715 2292//715
f 2293//716 2291//715 2294//716
f 2291//715 2293//716 2292//715
f 2295//717 2296//718 2297//717
f 2296//718 2295//717 2298//718
f 2299//719 2297//717 2300//719
f 2297//717 2299//719 2295//717
f 2301//102 2300//719 2302//102
f 2300//719 2301//102 2299//719
f 2303//720 2302//102 2304//720
f 2302//102 2303//720 2301//102
f 2305//721 2304//720 2306//721
f 2304//720 2305//721 2303//720
f 2307//722 2306//721 2308//722
f 2306//721 2307//722 2305//721
f 2309//723 2308//722 2310//723
f 2308//722 2309//723 2307//722
f 2311//724 2310//723 2312//724
f 2310//723 2311//724 2309//723
f 2313//725 2312//724 2314//725
f 2312//724 2313//725 2311//724
f 2393//726 2394//727 2395//726
f 2394//727 2393//726 2396//727
f 2397//728 2393//726 2395//726
f 2393//726 2397//728 2398//728
f 2399//729 2397//728 2400//729
f 2397//728 2399//729 2398//728
f 2401//730 2400//729 2402//730
f 2400//729 2401//730 2399//729
f 2403//731 2402//730 2404//731
f 2402//730 2403//731 2401//730
f 2405//732 2404//731 2406//732
f 2404//731 2405//732 2403//731
f 2407//733 2405//732 2406//732
f 2405//732 2407//733 2408//733
f 2409//734 2407//733 2410//734
f 2407//733 2409//734 2408//733
f 2411//735 2410//734 2412//735
f 2410//734 2411//735 2409//734
f 2413//736 2411//735 2412//735
f 2411//735 2413//736 2414//736
f 2415//737 2413//736 2416//737
f 2413//736 2415//737 2414//736
f 2417//738 2415//737 2416//737
f 2415//737 2417//738 2418//738
f 2427//739 2423//740 2428//739
f 2423//740 2427//739 2426//740
f 2429//741 2427//739 2428//739
f 2427//739 2429//741 2430//741
f 2431//742 2430//741 2429//741
f 2430//741 2431//742 2432//742
f 2433//743 2431//742 2434//743
f 2431//742 2433//743 2432//742
f 2435//744 2433//743 2434//743
f 2433//743 2435//744 2436//744
f 2447//745 2443//746 2445//746
f 2443//746 2447//745 2448//745
f 2459//747 2460//748 2461//748
f 2460//748 2459//747 2462//747
f 2463//749 2459//747 2464//749
f 2459//747 2463//749 2462//747
f 2465//750 2466//749 2467//750
f 2466//749 2465//750 2468//749
f 2469//751 2465//750 2467//750
f 2465//750 2469//751 2470//751
f 2471//752 2469//751 2472//752
f 2469//751 2471//752 2470//751
f 2473//753 2471//752 2472//752
f 2471//752 2473//753 2474//753
f 2475//754 2473//753 2476//754
f 2473//753 2475//754 2474//753
f 2477//755 2476//754 2478//755
f 2476//754 2477//755 2475//754
f 2479//756 2478//755 2480//756
f 2478//755 2479//756 2477//755
f 2481//757 2480//756 2482//757
f 2480//756 2481//757 2479//756
f 2483//758 2481//757 2482//757
f 2481//757 2483//758 2484//758
f 2485//759 2483//758 2486//759
f 2483//758 2485//759 2484//758
f 2487//760 2486//759 2488//760
f 2486//759 2487//760 2485//759
f 2509//761 2510//762 2511//761
f 2510//762 2509//761 2512//762
f 2513//763 2511//761 2514//763
f 2511//761 2513//763 2509//761
f 2515//764 2514//763 2516//764
f 2514//763 2515//764 2513//763
f 2517//765 2516//764 2518//765
f 2516//764 2517//765 2515//764
f 2519//766 2518//765 2520//766
f 2518//765 2519//766 2517//765
f 2521//767 2520//766 2522//767
f 2520//766 2521//767 2519//766
f 2523//768 2522//767 2524//768
f 2522//767 2523//768 2521//767
f 2525//769 2526//770 2527//769
f 2526//770 2525//769 2528//768
f 2529//771 2527//769 2530//771
f 2527//769 2529//771 2525//769
f 2531//772 2530//771 2532//772
f 2530//771 2531//772 2529//771
f 2533//773 2531//772 2532//772
f 2531//772 2533//773 2534//773
f 2535//774 2534//773 2533//773
f 2534//773 2535//774 2536//774
f 2537//775 2538//774 2539//774
f 2538//774 2537//775 2540//775
f 2541//776 2540//775 2537//775
f 2540//775 2541//776 2542//776
f 2547//777 2548//778 2549//778
f 2548//778 2547//777 2550//777
f 2551//779 2550//777 2547//777
f 2550//777 2551//779 2552//779
f 2553//780 2552//779 2551//779
f 2552//779 2553//780 2554//780
f 2555//781 2553//780 2556//781
f 2553//780 2555//781 2554//780
f 2557//782 2558//783 2559//782
f 2558//783 2557//782 2560//783
f 2561//784 2559//782 2562//784
f 2559//782 2561//784 2557//782
f 2563//785 2562//784 2564//785
f 2562//784 2563//785 2561//784
f 2565//786 2564//785 2566//786
f 2564//785 2565//786 2563//785
f 2567//787 2566//786 2568//787
f 2566//786 2567//787 2565//786
f 2569//788 2568//787 2570//788
f 2568//787 2569//788 2567//787
f 2571//789 2572//790 2573//789
f 2572//790 2571//789 2574//790
f 2575//791 2573//789 2576//791
f 2573//789 2575//791 2571//789
f 2577//792 2576//791 2578//792
f 2576//791 2577//792 2575//791
f 2579//793 2578//792 2580//793
f 2578//792 2579//793 2577//792
f 2581//794 2582//793 2583//794
f 2582//793 2581//794 2584//793
f 2585//795 2583//794 2586//795
f 2583//794 2585//795 2581//794
f 2607//145 2608//796 2609//145
f 2608//796 2607//145 2610//796
f 2611//797 2609//145 2612//797
f 2609//145 2611//797 2607//145
f 2613//798 2612//797 2614//798
f 2612//797 2613//798 2611//797
f 2615//799 2616//798 2617//799
f 2616//798 2615//799 2618//798
f 2619//800 2617//799 2620//800
f 2617//799 2619//800 2615//799
f 2621//801 2620//800 2622//801
f 2620//800 2621//801 2619//800
f 2623//802 2622//801 2624//802
f 2622//801 2623//802 2621//801
f 2625//803 2624//802 2626//803
f 2624//802 2625//803 2623//802
f 2627//804 2626//803 2628//804
f 2626//803 2627//804 2625//803
f 2629//805 2628//804 2630//805
f 2628//804 2629//805 2627//804
f 2631//806 2632//805 2633//806
f 2632//805 2631//806 2634//805
f 2635//807 2633//806 2636//807
f 2633//806 2635//807 2631//806
f 2637//808 2636//807 2638//808
f 2636//807 2637//808 2635//807
f 2639//809 2640//808 2641//809
f 2640//808 2639//809 2642//808
f 2643//173 2641//809 2644//173
f 2641//809 2643//173 2639//809
f 2661//810 2662//811 2663//810
f 2662//811 2661//810 2664//811
f 2665//812 2663//810 2666//812
f 2663//810 2665//812 2661//810
f 2667//813 2665//812 2666//812
f 2665//812 2667//813 2668//814
f 2669//755 2670//815 2671//755
f 2670//815 2669//755 2672//815
f 2673//816 2669//755 2671//755
f 2669//755 2673//816 2674//816
f 2675//817 2673//816 2676//817
f 2673//816 2675//817 2674//816
f 2677//818 2676//817 2678//818
f 2676//817 2677//818 2675//817
f 2679//819 2678//818 2680//819
f 2678//818 2679//819 2677//818
f 2679//819 2681//820 2682//820
f 2681//820 2679//819 2680//819
f 2682//820 2683//821 2684//821
f 2683//821 2682//820 2681//820
f 2684//821 2685//822 2686//822
f 2685//822 2684//821 2683//821
f 2686//822 2687//179 2688//179
f 2687//179 2686//822 2685//822
f 2705//365 2706//823 2707//823
f 2706//823 2705//365 2708//365
f 2707//823 2709//824 2710//824
f 2709//824 2707//823 2706//823
f 2711//825 2712//826 2713//826
f 2712//826 2711//825 2714//825
f 2715//827 2713//826 2712//826
f 2713//826 2715//827 2716//827
f 2717//828 2716//827 2715//827
f 2716//827 2717//828 2718//828
f 2719//829 2717//828 2720//829
f 2717//828 2719//829 2718//828
f 2721//830 2720//829 2722//830
f 2720//829 2721//830 2719//829
f 2723//831 2724//830 2725//831
f 2724//830 2723//831 2726//830
f 2727//832 2725//831 2728//832
f 2725//831 2727//832 2723//831
f 2729//833 2728//832 2730//833
f 2728//832 2729//833 2727//832
f 2731//834 2730//833 2732//834
f 2730//833 2731//834 2729//833
f 2733//835 2731//834 2732//834
f 2731//834 2733//835 2734//835
f 2735//836 2734//835 2733//835
f 2734//835 2735//836 2736//836
f 2737//837 2736//836 2735//836
f 2736//836 2737//837 2738//837
f 2739//838 2740//839 2741//839
f 2740//839 2739//838 2742//838
f 2743//840 2742//838 2739//838
f 2742//838 2743//840 2744//840
f 2745//841 2744//840 2743//840
f 2744//840 2745//841 2746//841
f 2747//842 2746//841 2745//841
f 2746//841 2747//842 2748//842
f 2749//843 2748//842 2747//842
f 2748//842 2749//843 2750//843
f 2751//844 2750//843 2749//843
f 2750//843 2751//844 2752//844
f 2753//845 2752//844 2751//844
f 2752//844 2753//845 2754//845
f 2755//846 2754//845 2753//845
f 2754//845 2755//846 2756//846
f 2757//847 2756//846 2755//846
f 2756//846 2757//847 2758//847
f 2759//848 2758//847 2757//847
f 2758//847 2759//848 2760//848
f 2761//849 2760//848 2759//848
f 2760//848 2761//849 2762//849
f 2763//850 2762//849 2761//849
f 2762//849 2763//850 2764//850
o SketchUp.002_ID26
v 292.891479 -0.005500 -80.887314
v 293.003448 -0.005500 -80.915306
v 292.826935 -0.005500 -80.871391
v 292.934387 -0.005500 -80.897964
v 292.934387 -0.005500 -80.897964
v 292.891479 -0.005500 -80.887314
v 293.003448 -0.005500 -80.915306
v 292.826935 -0.005500 -80.871391
vn 0.0000 1.0000 0.0000
vn 0.0000 -1.0000 0.0000
usemtl Rondin_Orange
s off
f 2770//851 2771//851 2772//851
f 2771//851 2770//851 2773//851
usemtl Ligne_Blanche
f 2774//852 2775//852 2776//852
f 2777//852 2776//852 2775//852
o SketchUp.003_ID34
v 292.914825 -0.005500 -80.791840
v 292.937683 -0.005500 -80.797630
v 292.914825 -0.005500 -80.791939
v 292.934631 -0.005500 -80.796692
v 292.937683 -0.005500 -80.797478
v 292.937683 -0.005500 -80.797478
v 292.934631 -0.005500 -80.796692
v 292.937683 -0.005500 -80.797630
v 292.914825 -0.005500 -80.791840
v 292.914825 -0.005500 -80.791939
vt 0.000000 0.000000
vt 0.000000 0.000000
vt 0.000000 0.000000
vt 0.000000 0.000000
vt 0.000000 0.000000
vt 21900.830078 2209.692139
vt 21900.808594 2209.693115
vt 21900.830078 2209.692139
vt 21900.708984 2209.699219
vt 21900.708984 2209.699951
vn 0.0000 1.0000 0.0000
vn 0.0000 -1.0000 0.0000
usemtl Rondin_Orange
s off
f 2778/7/853 2779/8/853 2780/9/853
f 2779/8/853 2778/7/853 2781/10/853
f 2779/8/853 2781/10/853 2782/11/853
usemtl Piste_gris_clair
f 2783/12/854 2784/13/854 2785/14/854
f 2784/13/854 2786/15/854 2785/14/854
f 2787/16/854 2785/14/854 2786/15/854
o SketchUp.004_ID42
v 275.408386 -0.005500 -76.166626
v 275.407349 -0.005500 -76.166405
v 275.407593 -0.005500 -76.166344
v 275.407593 -0.005500 -76.166344
v 275.407349 -0.005500 -76.166405
v 275.408386 -0.005500 -76.166626
vn 0.0000 1.0000 0.0000
vn 0.0000 -1.0000 -0.0000
usemtl Rondin_Orange
s off
f 2788//855 2789//855 2790//855
usemtl Casino_murs_blanc
f 2791//856 2792//856 2793//856
o SketchUp.005_ID50
v 292.914825 -0.005500 -80.791840
v 292.914825 -0.005500 -80.791939
v 292.856903 -0.005500 -80.777512
v 292.856903 -0.005500 -80.777512
v 292.914825 -0.005500 -80.791939
v 292.914825 -0.005500 -80.791840
vn 0.0000 1.0000 0.0000
vn 0.0000 -1.0000 0.0000
usemtl Rondin_Orange
s off
f 2794//857 2795//857 2796//857
usemtl Ligne_Blanche
f 2797//858 2798//858 2799//858
o SketchUp.006_ID56
v 293.013641 -0.005500 -80.816551
v 292.958252 -0.005500 -80.802711
v 292.958252 -0.005500 -80.802605
v 292.958252 -0.005500 -80.802605
v 292.958252 -0.005500 -80.802711
v 293.013641 -0.005500 -80.816551
vn 0.0000 1.0000 0.0000
vn 0.0000 -1.0000 0.0000
usemtl Rondin_Orange
s off
f 2800//859 2801//859 2802//859
usemtl Ligne_Blanche
f 2803//860 2804//860 2805//860
o SketchUp.007_ID62
v -310.193665 0.494500 103.958641
v -310.220856 0.494500 102.475410
v -310.224670 0.494500 103.217354
v -310.182251 0.494500 101.734474
v -310.127655 0.494500 104.697655
v -310.126373 0.494500 103.215546
v -310.122559 0.494500 102.478210
v -310.108856 0.494500 100.996140
v -310.084198 0.494500 101.741890
v -310.000885 0.494500 100.262108
v -310.011322 0.494500 101.008179
v -309.903870 0.494500 100.278687
v -309.858398 0.494500 99.533943
v -309.762390 0.494500 99.555077
v -309.681885 0.494500 98.812225
v -309.586121 0.494500 98.834755
v -309.570618 0.494500 98.320000
v -309.490356 0.494500 98.410500
v -302.834808 0.494500 68.499382
v -309.474854 0.494500 98.341667
v -309.459351 0.494500 98.272835
v -302.739014 0.494500 68.521637
v -302.507904 0.494500 67.132790
v -302.412659 0.494500 67.156868
v -302.141388 0.494500 65.755119
v -302.046875 0.494500 65.781586
v -301.740326 0.494500 64.387123
v -301.646332 0.494500 64.415977
v -301.717957 0.494500 64.317352
v -301.304962 0.494500 63.029671
v -301.529480 0.494500 64.051003
v -301.211731 0.494500 63.060863
v -300.835571 0.494500 61.683620
v -300.743103 0.494500 61.717175
v -300.332153 0.494500 60.349842
v -300.240692 0.494500 60.385704
v -299.795441 0.494500 59.029171
v -299.704773 0.494500 59.067345
v -299.225433 0.494500 57.722466
v -299.136047 0.494500 57.762897
v -298.622955 0.494500 56.430519
v -298.534302 0.494500 56.473221
v -297.987946 0.494500 55.154194
v -297.900330 0.494500 55.199104
v -297.320953 0.494500 53.894279
v -297.234589 0.494500 53.941372
v -296.606201 0.494500 52.622810
v -296.521637 0.494500 52.672920
v -284.392365 0.494500 33.039253
v -284.309052 0.494500 33.091274
v -283.257996 0.494500 31.220537
v -283.174683 0.494500 31.272556
v -269.909790 0.494500 9.818027
v -269.827240 0.494500 9.871279
v -269.803894 0.494500 9.658607
v -269.722595 0.494500 9.714260
v -269.392151 0.494500 9.077685
v -269.315430 0.494500 9.139232
v -268.787354 0.494500 8.406981
v -268.718292 0.494500 8.477115
v -268.107910 0.494500 7.811788
v -268.047455 0.494500 7.889542
v -267.363708 0.494500 7.300308
v -267.312653 0.494500 7.384608
v -266.564362 0.494500 6.879590
v -266.523712 0.494500 6.969275
v -265.721313 0.494500 6.555432
v -265.691620 0.494500 6.649268
v -264.846283 0.494500 6.332301
v -264.827484 0.494500 6.428994
v -263.950928 0.494500 6.213274
v -263.943848 0.494500 6.311488
v -263.047974 0.494500 6.199990
v -263.052307 0.494500 6.298374
v -262.165314 0.494500 6.389832
v -262.149323 0.494500 6.292631
v -261.295135 0.494500 6.584597
v -261.268188 0.494500 6.489923
v -260.628387 0.494500 6.818706
v -260.595856 0.494500 6.725947
v -252.976105 0.494500 9.505680
v -252.945999 0.494500 9.412072
v -251.884659 0.494500 9.826038
v -251.865387 0.494500 9.729237
v -251.873001 0.494500 9.827292
v -250.922852 0.494500 9.929718
v -251.862503 0.494500 9.729548
v -250.916382 0.494500 9.831539
v -249.962021 0.494500 9.953243
v -249.963684 0.494500 9.854862
v -249.012344 0.494500 9.799212
v -249.002518 0.494500 9.897118
v -248.068878 0.494500 9.664977
v -248.050995 0.494500 9.761733
v -247.139771 0.494500 9.453072
v -247.113937 0.494500 9.548013
v -246.231400 0.494500 9.164955
v -246.197800 0.494500 9.257431
v -245.350006 0.494500 8.802604
v -245.308853 0.494500 8.891978
v -244.501663 0.494500 8.368510
v -244.453262 0.494500 8.454171
v -243.692154 0.494500 7.865655
v -243.636826 0.494500 7.947012
v -242.927109 0.494500 7.297493
v -242.865219 0.494500 7.373988
v -242.211716 0.494500 6.667926
v -242.143723 0.494500 6.739034
v -241.551834 0.494500 5.982259
v -241.481049 0.494500 6.050429
v -241.551636 0.494500 5.982028
v -214.100891 0.494500 -23.681450
v -241.480148 0.494500 6.049505
v -214.028732 0.494500 -23.614679
v -214.099899 0.494500 -23.682560
v -214.040756 0.494500 -23.752596
v -213.788895 0.494500 -24.042406
v -214.024811 0.494500 -23.619120
v -213.966080 0.494500 -23.688629
v -213.713760 0.494500 -23.978973
v -213.574402 0.494500 -24.303818
v -213.497513 0.494500 -24.242542
v -213.367432 0.494500 -24.571213
v -213.288834 0.494500 -24.512146
v -213.168152 0.494500 -24.844376
v -213.087921 0.494500 -24.787563
v -212.976715 0.494500 -25.123087
v -212.894882 0.494500 -25.068575
v -212.793259 0.494500 -25.407110
v -212.709915 0.494500 -25.354954
v -212.617935 0.494500 -25.696241
v -212.533157 0.494500 -25.646482
v -212.450882 0.494500 -25.990246
v -212.364731 0.494500 -25.942875
v -212.292282 0.494500 -26.288847
v -212.204788 0.494500 -26.243967
v -212.142181 0.494500 -26.591846
v -212.053482 0.494500 -26.549452
v -212.000778 0.494500 -26.898981
v -211.910889 0.494500 -26.859129
v -211.936783 0.494500 -27.049046
v -211.935318 0.494500 -27.053211
v -211.880142 0.494500 -27.253794
v -211.846344 0.494500 -27.010487
v -211.757248 0.494500 -27.682825
v -211.840530 0.494500 -27.027149
v -211.785492 0.494500 -27.227228
v -211.662857 0.494500 -27.655241
v -211.629745 0.494500 -28.110538
v -211.535706 0.494500 -28.081963
v -211.497787 0.494500 -28.536850
v -211.404022 0.494500 -28.507286
v -211.361267 0.494500 -28.961767
v -211.267853 0.494500 -28.931210
v -211.220276 0.494500 -29.385210
v -211.127151 0.494500 -29.353638
v -211.074768 0.494500 -29.807104
v -210.981979 0.494500 -29.774567
v -210.924805 0.494500 -30.227448
v -210.832382 0.494500 -30.193920
v -210.788818 0.494500 -30.596182
v -210.696671 0.494500 -30.561941
v -210.757385 0.494500 -30.680101
v -210.646149 0.494500 -30.967171
v -210.665512 0.494500 -30.645100
v -210.554855 0.494500 -30.930624
v -210.514633 0.494500 -31.285255
v -210.424194 0.494500 -31.246700
v -210.376068 0.494500 -31.600344
v -210.286530 0.494500 -31.559753
v -210.230515 0.494500 -31.912256
v -210.141907 0.494500 -31.869686
v -210.078064 0.494500 -32.220840
v -209.990433 0.494500 -32.176315
v -209.918762 0.494500 -32.525967
v -209.832123 0.494500 -32.479488
v -209.840393 0.494500 -32.668289
v -209.792664 0.494500 -32.754978
v -209.754257 0.494500 -32.620865
v -209.752731 0.494500 -32.827465
v -209.706512 0.494500 -32.707558
v -209.580017 0.494500 -33.125183
v -209.667130 0.494500 -32.779079
v -209.495499 0.494500 -33.074890
v -209.400681 0.494500 -33.418983
v -209.317337 0.494500 -33.366837
v -209.214859 0.494500 -33.708725
v -209.132660 0.494500 -33.654720
v -209.022629 0.494500 -33.994244
v -208.941711 0.494500 -33.938416
v -208.893143 0.494500 -34.177555
v -208.812881 0.494500 -34.120861
v -208.892258 0.494500 -34.178951
v -207.781326 0.494500 -35.935997
v -208.809128 0.494500 -34.126423
v -207.700348 0.494500 -35.880093
v -205.183273 0.494500 -39.393394
v -205.107025 0.494500 -39.331165
v -202.315170 0.494500 -42.630344
v -202.244232 0.494500 -42.562172
v -199.195724 0.494500 -45.625763
v -199.130493 0.494500 -45.552135
v -195.845154 0.494500 -48.360256
v -195.786072 0.494500 -48.281590
v -192.285248 0.494500 -50.816029
v -192.232697 0.494500 -50.732845
v -188.539124 0.494500 -52.977089
v -188.493454 0.494500 -52.889961
v -184.631134 0.494500 -54.829453
v -184.592621 0.494500 -54.738934
v -180.586670 0.494500 -56.361053
v -180.555557 0.494500 -56.267735
v -176.431946 0.494500 -57.561962
v -176.408463 0.494500 -57.466434
v -172.194046 0.494500 -58.424370
v -172.178329 0.494500 -58.327244
v -168.032990 0.494500 -58.926655
v -168.029160 0.494500 -58.828106
v -130.063980 0.494500 -57.325665
v -130.068130 0.494500 -57.227448
v -130.055557 0.494500 -57.227520
v -130.060852 0.494500 -57.325691
v -128.066116 0.494500 -57.433083
v -128.051376 0.494500 -57.335419
v -126.125412 0.494500 -57.919621
v -126.092308 0.494500 -57.826553
v -124.313065 0.494500 -58.767296
v -124.262848 0.494500 -58.682259
v -122.695618 0.494500 -59.944992
v -122.630104 0.494500 -59.871078
v -121.332397 0.494500 -61.409477
v -121.253990 0.494500 -61.349407
v -120.273453 0.494500 -63.107037
v -120.185036 0.494500 -63.063046
v -119.557625 0.494500 -64.975388
v -119.462425 0.494500 -64.949043
v -119.211166 0.494500 -66.945915
v -119.112717 0.494500 -66.938217
v -119.148705 0.494500 -68.957603
v -119.994804 0.494500 -74.175400
v -119.896454 0.494500 -74.179939
v -119.967049 0.494500 -77.468964
v -119.662254 0.494500 -70.898514
v -119.564995 0.494500 -70.913750
v -119.246834 0.494500 -68.946396
v -308.627777 0.494500 109.706009
v -309.116211 0.494500 108.552086
v -309.116974 0.494500 108.551201
v -308.965088 0.494500 108.656982
v -308.543182 0.494500 109.654266
v -307.332886 0.494500 111.593323
v -307.260223 0.494500 111.525993
v -305.687744 0.494500 113.184746
v -305.629822 0.494500 113.104416
v -303.758606 0.494500 114.416405
v -303.717682 0.494500 114.326241
v -301.622711 0.494500 115.238892
v -301.600098 0.494500 115.142418
v -299.365662 0.494500 115.619202
v -299.362610 0.494500 115.520187
v -297.078400 0.494500 115.542091
v -297.094635 0.494500 115.444397
v -294.887360 0.494500 114.918083
v -295.053497 0.494500 115.058701
v -295.052216 0.494500 115.058350
v -294.842926 0.494500 114.992210
v -292.829224 0.494500 113.962379
v -294.668945 0.494500 114.925499
v -292.776398 0.494500 114.046158
v -291.002716 0.494500 112.615623
v -290.934662 0.494500 112.687386
v -289.481506 0.494500 110.931854
v -289.400482 0.494500 110.988808
v -288.326324 0.494500 108.978645
v -288.236664 0.494500 109.020187
v -288.322479 0.494500 108.972092
v -287.285431 0.494500 106.820717
v -288.235626 0.494500 109.018562
v -287.194489 0.494500 106.858643
v -284.683685 0.494500 99.493576
v -286.246033 0.494500 104.187645
v -284.591248 0.494500 99.526474
v -284.551880 0.494500 99.121750
v -284.460938 0.494500 99.159798
v -284.376129 0.494500 98.760307
v -284.289978 0.494500 98.808212
v -284.161469 0.494500 98.420586
v -284.081207 0.494500 98.477730
v -283.910522 0.494500 98.106766
v -283.837097 0.494500 98.172447
v -283.626282 0.494500 97.822716
v -283.560516 0.494500 97.896126
v -283.312103 0.494500 97.571968
v -283.255188 0.494500 97.652206
v -282.972229 0.494500 97.357590
v -282.924500 0.494500 97.443672
v -282.610809 0.494500 97.182259
v -282.572723 0.494500 97.273109
v -282.231842 0.494500 97.048119
v -282.204163 0.494500 97.142609
v -281.840424 0.494500 96.956810
v -281.823425 0.494500 97.053780
v -281.441406 0.494500 96.909485
v -281.435303 0.494500 97.007759
v -281.043396 0.494500 96.906769
v -281.045380 0.494500 97.005089
v -278.412689 0.494500 97.133408
v -246.385574 0.494500 98.596275
v -246.390396 0.494500 98.694473
v -242.851013 0.494500 98.866989
v -242.847763 0.494500 98.768745
v -239.308502 0.494500 98.929573
v -239.308304 0.494500 98.831253
v -235.765717 0.494500 98.882126
v -235.768570 0.494500 98.783852
v -232.939163 0.494500 98.658020
v -232.934784 0.494500 98.756248
v -232.232056 0.494500 98.626579
v -232.226166 0.494500 98.724724
v -228.702087 0.494500 98.359604
v -228.693161 0.494500 98.457512
v -225.182159 0.494500 97.983147
v -225.170197 0.494500 98.080734
v -221.675613 0.494500 97.497604
v -221.660614 0.494500 97.594780
v -218.185806 0.494500 96.903442
v -218.167786 0.494500 97.000084
v -214.716141 0.494500 96.201210
v -214.695129 0.494500 96.297272
v -211.269958 0.494500 95.391609
v -211.245941 0.494500 95.486961
v -207.850510 0.494500 94.475403
v -207.823624 0.494500 94.569969
v -204.460251 0.494500 93.453201
v -204.431122 0.494500 93.547112
v -115.527184 0.494500 65.125473
v -115.496529 0.494500 65.218895
v -77.169243 0.494500 52.171017
v -78.236954 0.494500 52.635380
v -77.144836 0.494500 52.266544
v -76.872826 0.494500 52.118748
v -76.842728 0.494500 52.213253
v -76.855453 0.494500 52.115669
v -76.511078 0.494500 52.054935
v -76.838379 0.494500 52.212490
v -76.499519 0.494500 52.152729
v -75.846382 0.494500 52.014755
v -75.846054 0.494500 52.113235
v -75.181435 0.494500 52.050621
v -75.192337 0.494500 52.148483
v -74.546898 0.494500 52.258038
v -74.524895 0.494500 52.162048
v -73.918144 0.494500 52.440434
v -73.885376 0.494500 52.347569
v -73.314301 0.494500 52.693317
v -73.271126 0.494500 52.604801
v -72.743217 0.494500 53.013351
v -72.690224 0.494500 52.930351
v -72.647934 0.494500 53.082092
v -72.150215 0.494500 53.320011
v -72.212303 0.494500 53.396442
v -71.728539 0.494500 53.837540
v -71.658157 0.494500 53.768681
v -71.298210 0.494500 54.330879
v -71.220436 0.494500 54.270504
v -70.926910 0.494500 54.870071
v -70.842766 0.494500 54.818943
v -70.773216 0.494500 55.159077
v -70.686417 0.494500 55.112919
v -70.771034 0.494500 55.163189
v -70.668564 0.494500 55.355820
v -70.677689 0.494500 55.129330
v -70.581772 0.494500 55.309669
v -70.619957 0.494500 55.447262
v -70.208603 0.494500 56.340176
v -70.531845 0.494500 55.403576
v -70.120491 0.494500 56.296513
v -69.914490 0.494500 56.893562
v -69.830315 0.494500 56.842484
v -69.704689 0.494500 57.198822
v -69.623665 0.494500 57.143143
v -69.560066 0.494500 57.409260
v -69.482208 0.494500 57.348957
v -69.149422 0.494500 57.881420
v -69.078911 0.494500 57.812683
v -68.687874 0.494500 58.304001
v -68.625618 0.494500 58.227699
v -68.181427 0.494500 58.671490
v -68.128212 0.494500 58.588634
v -67.962120 0.494500 58.795311
v -67.913788 0.494500 58.709713
v -67.961792 0.494500 58.795494
v -67.935631 0.494500 58.810268
v -67.896690 0.494500 58.832272
v -67.912514 0.494500 58.710426
v -67.807793 0.494500 58.769558
v -67.779846 0.494500 58.898235
v -67.768852 0.494500 58.791553
v -67.636520 0.494500 58.979183
v -67.652039 0.494500 58.857517
v -67.593056 0.494500 58.890816
v -67.060272 0.494500 59.223099
v -67.027092 0.494500 59.130386
v -66.460068 0.494500 59.400089
v -66.437614 0.494500 59.304199
v -65.843658 0.494500 59.507877
v -65.832222 0.494500 59.410065
v -65.219025 0.494500 59.545071
v -65.218750 0.494500 59.446590
v -64.636726 0.494500 59.513496
v -64.605080 0.494500 59.413322
v -63.975388 0.494500 59.406357
v -63.991795 0.494500 59.309433
v 120.837860 0.494500 0.434559
v 120.867706 0.494500 0.528232
v 148.253860 0.494500 -8.298213
v 149.527771 0.494500 -8.600815
v 148.425354 0.494500 -8.352842
v 152.373291 0.494500 -9.610364
v 149.651657 0.494500 -8.640269
v 152.403946 0.494500 -9.516951
v 154.272781 0.494500 -10.251938
v 154.304947 0.494500 -10.159041
v 156.162125 0.494500 -10.923128
v 156.195755 0.494500 -10.830745
v 158.040756 0.494500 -11.623731
v 158.075851 0.494500 -11.531887
v 159.908218 0.494500 -12.353580
v 159.944717 0.494500 -12.262292
v 161.764069 0.494500 -13.112493
v 161.801987 0.494500 -13.021787
v 163.607864 0.494500 -13.900290
v 163.647171 0.494500 -13.810188
v 165.439087 0.494500 -14.716774
v 165.479828 0.494500 -14.627297
v 167.257385 0.494500 -15.561749
v 167.299515 0.494500 -15.472920
v 169.062256 0.494500 -16.435011
v 169.105774 0.494500 -16.346848
v 170.853256 0.494500 -17.336344
v 170.898148 0.494500 -17.248869
v 172.629990 0.494500 -18.265526
v 172.676224 0.494500 -18.178764
v 174.392868 0.494500 -19.222824
v 174.439819 0.494500 -19.136429
v 174.395111 0.494500 -19.224001
v 174.440338 0.494500 -19.136723
v 230.182785 0.494500 -48.149792
v 230.228226 0.494500 -48.062595
v 230.206497 0.494500 -48.162209
v 233.163620 0.494500 -49.723881
v 230.252258 0.494500 -48.075218
v 233.209824 0.494500 -49.637112
v 236.109909 0.494500 -51.305412
v 236.156723 0.494500 -51.218952
v 239.045456 0.494500 -52.906803
v 239.092819 0.494500 -52.820675
v 241.970093 0.494500 -54.528038
v 242.018036 0.494500 -54.442207
v 244.883728 0.494500 -56.168980
v 244.932220 0.494500 -56.083477
v 247.786179 0.494500 -57.829578
v 247.835281 0.494500 -57.744411
v 250.677338 0.494500 -59.509789
v 250.727020 0.494500 -59.424953
v 253.557053 0.494500 -61.209480
v 253.607315 0.494500 -61.125000
v 256.425171 0.494500 -62.928631
v 256.475983 0.494500 -62.844479
v 259.281647 0.494500 -64.667107
v 259.333221 0.494500 -64.583305
v 262.126465 0.494500 -66.424866
v 262.178284 0.494500 -66.341400
v 264.959564 0.494500 -68.202042
v 265.011627 0.494500 -68.118759
v 264.961365 0.494500 -68.203270
v 266.470642 0.494500 -69.112770
v 265.012177 0.494500 -68.119064
v 266.519653 0.494500 -69.027504
v 268.019531 0.494500 -69.958588
v 268.065002 0.494500 -69.871315
v 269.603210 0.494500 -70.737785
v 269.644623 0.494500 -70.648651
v 271.218384 0.494500 -71.448906
v 271.256012 0.494500 -71.358078
v 272.862549 0.494500 -72.090691
v 272.896332 0.494500 -71.998360
v 274.532318 0.494500 -72.661957
v 274.562042 0.494500 -72.568283
v 276.225006 0.494500 -73.161728
v 276.250641 0.494500 -73.066841
v 277.937225 0.494500 -73.589035
v 277.959045 0.494500 -73.493149
v 278.422852 0.494500 -73.688499
v 279.683960 0.494500 -73.846390
v 279.666168 0.494500 -73.943138
v 281.408630 0.494500 -74.223366
v 281.422089 0.494500 -74.125969
v 283.155640 0.494500 -74.428581
v 283.169373 0.494500 -74.331192
v 284.067505 0.494500 -74.578697
v 284.084259 0.494500 -74.481796
v 284.979614 0.494500 -74.741180
v 284.997406 0.494500 -74.644501
v 285.889435 0.494500 -74.915627
v 285.908508 0.494500 -74.819206
v 286.796722 0.494500 -75.102036
v 286.817047 0.494500 -75.005867
v 287.701477 0.494500 -75.300362
v 287.723297 0.494500 -75.204475
v 288.603668 0.494500 -75.510574
v 288.626801 0.494500 -75.414970
v 289.503082 0.494500 -75.732620
v 289.527222 0.494500 -75.637314
v 290.399475 0.494500 -75.966476
v 290.424866 0.494500 -75.871506
v 291.292786 0.494500 -76.212090
v 291.319427 0.494500 -76.117477
v 292.182556 0.494500 -76.469421
v 292.210480 0.494500 -76.375160
v 292.590454 0.494500 -76.593224
v 292.618652 0.494500 -76.499016
v 304.394348 0.494500 -80.059784
v 304.425842 0.494500 -79.966568
v 305.396881 0.494500 -80.444366
v 305.438293 0.494500 -80.354881
v 306.337433 0.494500 -80.955544
v 306.390289 0.494500 -80.872261
v 307.203064 0.494500 -81.585716
v 307.266083 0.494500 -81.510048
v 307.978302 0.494500 -82.323944
v 308.050690 0.494500 -82.257217
v 308.649872 0.494500 -83.157494
v 308.730652 0.494500 -83.100853
v 309.206635 0.494500 -84.071968
v 309.294006 0.494500 -84.026405
v 309.638428 0.494500 -85.051567
v 309.730896 0.494500 -85.017845
v 309.937897 0.494500 -86.079330
v 310.034149 0.494500 -86.058022
v 310.100220 0.494500 -87.137489
v 310.198242 0.494500 -87.129013
v 310.122040 0.494500 -88.207832
v -119.868774 0.494500 -77.462738
v -119.579269 0.494500 -80.739738
v -119.482292 0.494500 -80.722832
v -118.836166 0.494500 -83.948517
v -118.741600 0.494500 -83.921089
v -117.746635 0.494500 -87.056778
v -117.655624 0.494500 -87.019157
v -116.323723 0.494500 -90.027245
v -116.237396 0.494500 -89.979935
v -114.584534 0.494500 -92.824333
v -114.503891 0.494500 -92.767838
v -112.549889 0.494500 -95.414444
v -112.475899 0.494500 -95.349472
v -110.244232 0.494500 -97.766510
v -110.177780 0.494500 -97.693840
v -107.695168 0.494500 -99.852356
v -107.637100 0.494500 -99.772858
v -104.933327 0.494500 -101.646965
v -104.884277 0.494500 -101.561577
v -101.990204 0.494500 -103.129585
v -101.945946 0.494500 -103.041786
v -101.951843 0.494500 -103.148590
v -100.220375 0.494500 -103.992378
v -101.908768 0.494500 -103.060204
v -100.178467 0.494500 -103.903427
v -100.097954 0.494500 -104.048088
v -99.547379 0.494500 -104.190628
v -98.428299 0.494500 -104.807930
v -98.388756 0.494500 -104.717896
v -96.615326 0.494500 -105.575943
v -96.578194 0.494500 -105.484909
v -94.782745 0.494500 -106.295845
v -94.747993 0.494500 -106.203857
v -92.931793 0.494500 -106.967178
v -92.899513 0.494500 -106.874306
v -91.063805 0.494500 -107.589424
v -91.033958 0.494500 -107.495750
v -89.180038 0.494500 -108.162216
v -89.152687 0.494500 -108.067787
v -87.281799 0.494500 -108.685112
v -87.256958 0.494500 -108.589981
v -85.370445 0.494500 -109.157753
v -85.348114 0.494500 -109.061996
v -83.447311 0.494500 -109.579788
v -83.427498 0.494500 -109.483498
v -81.513680 0.494500 -109.950996
v -81.496407 0.494500 -109.854195
v -79.568367 0.494500 -110.271454
v -79.553741 0.494500 -110.174232
v -65.597183 0.494500 -112.173309
v -65.585342 0.494500 -112.075714
v -51.573231 0.494500 -113.661377
v -51.564312 0.494500 -113.563461
v -37.511433 0.494500 -114.733994
v -37.505386 0.494500 -114.635841
v -23.424034 0.494500 -115.390167
v -23.420914 0.494500 -115.291901
v -9.323405 0.494500 -115.629417
v -9.323192 0.494500 -115.531090
v 4.778131 0.494500 -115.451454
v 4.775436 0.494500 -115.353195
v 18.862633 0.494500 -114.758354
v 18.868235 0.494500 -114.856491
v 32.926071 0.494500 -113.747078
v 32.934582 0.494500 -113.845047
v 46.953449 0.494500 -112.320274
v 46.964855 0.494500 -112.417946
v 60.932491 0.494500 -110.479210
v 60.946766 0.494500 -110.576492
v 74.850960 0.494500 -108.225464
v 74.868103 0.494500 -108.322266
v 84.450989 0.494500 -106.378052
v 84.469582 0.494500 -106.474564
v 85.316620 0.494500 -106.211449
v 85.335213 0.494500 -106.307991
v 88.648590 0.494500 -105.570251
v 88.668938 0.494500 -105.666466
v 88.879730 0.494500 -105.516861
v 88.903633 0.494500 -105.612244
v 90.008659 0.494500 -105.211685
v 90.039040 0.494500 -105.305336
v 91.250191 0.494500 -104.739677
v 91.289688 0.494500 -104.829819
v 92.438782 0.494500 -104.146881
v 92.487045 0.494500 -104.232697
v 93.562759 0.494500 -103.439171
v 93.619270 0.494500 -103.519760
v 94.611015 0.494500 -102.623497
v 94.675224 0.494500 -102.698097
v 95.573219 0.494500 -101.707932
v 95.644539 0.494500 -101.775764
v 96.439919 0.494500 -100.701454
v 96.517616 0.494500 -100.761879
v 97.202553 0.494500 -99.614006
v 97.285835 0.494500 -99.666428
v 97.853607 0.494500 -98.456299
v 97.941689 0.494500 -98.500214
v 98.386673 0.494500 -97.239738
v 98.478676 0.494500 -97.274712
v 98.796501 0.494500 -95.976318
v 98.891525 0.494500 -96.002022
v 99.042862 0.494500 -94.844673
v 99.138824 0.494500 -94.866005
v 99.042976 0.494500 -94.844109
v 99.327942 0.494500 -93.587929
v 99.138847 0.494500 -94.865852
v 99.422539 0.494500 -93.615250
v 99.700775 0.494500 -92.533318
v 99.791550 0.494500 -92.571518
v 100.193886 0.494500 -91.529358
v 100.279610 0.494500 -91.577850
v 100.800613 0.494500 -90.589661
v 100.880089 0.494500 -90.647804
v 101.512657 0.494500 -89.726997
v 101.584808 0.494500 -89.794037
v 102.320320 0.494500 -88.953194
v 102.384178 0.494500 -89.028145
v 103.212646 0.494500 -88.278694
v 103.267342 0.494500 -88.360580
v 104.177444 0.494500 -87.712753
v 104.222229 0.494500 -87.800461
v 105.038887 0.494500 -87.334473
v 105.078407 0.494500 -87.424492
v 105.052101 0.494500 -87.328659
v 105.081711 0.494500 -87.423042
v 108.611069 0.494500 -86.629471
v 108.630005 0.494500 -86.725945
v 118.717728 0.494500 -84.643929
v 118.735054 0.494500 -84.740700
v 119.618866 0.494500 -84.498260
v 119.635910 0.494500 -84.595085
v 127.699097 0.494500 -82.960365
v 127.715950 0.494500 -83.057220
v 139.915848 0.494500 -81.030602
v 139.929672 0.494500 -81.127960
v 145.596909 0.494500 -80.315308
v 152.197952 0.494500 -79.583275
v 145.694458 0.494500 -80.303040
v 152.187195 0.494500 -79.485542
v 164.501022 0.494500 -78.326668
v 164.508682 0.494500 -78.424690
v 176.845169 0.494500 -77.555138
v 176.849747 0.494500 -77.653366
v 189.207443 0.494500 -77.171730
v 189.208954 0.494500 -77.270027
v 201.575668 0.494500 -77.176781
v 201.574097 0.494500 -77.275085
v 213.932983 0.494500 -77.668533
v 213.937653 0.494500 -77.570328
v 226.273392 0.494500 -78.449982
v 226.281158 0.494500 -78.351967
v 238.583191 0.494500 -79.618637
v 238.594025 0.494500 -79.520927
v 250.867172 0.494500 -81.175537
v 250.880554 0.494500 -81.078125
v 252.361572 0.494500 -81.396721
v 252.376450 0.494500 -81.299530
v 253.870499 0.494500 -81.636009
v 253.886398 0.494500 -81.539009
v 255.376923 0.494500 -81.890900
v 255.393692 0.494500 -81.794044
v 256.880615 0.494500 -82.161331
v 256.898376 0.494500 -82.064659
v 258.381256 0.494500 -82.447281
v 258.400299 0.494500 -82.350815
v 259.879089 0.494500 -82.748734
v 259.898895 0.494500 -82.652466
v 261.373627 0.494500 -83.065651
v 261.394440 0.494500 -82.969582
v 262.864838 0.494500 -83.398010
v 262.886688 0.494500 -83.302170
v 264.352539 0.494500 -83.745735
v 264.375366 0.494500 -83.650131
v 265.836395 0.494500 -84.108849
v 265.860260 0.494500 -84.013474
v 267.316681 0.494500 -84.487259
v 267.341583 0.494500 -84.392136
v 268.734283 0.494500 -84.865311
v 268.761719 0.494500 -84.770927
v 301.587402 0.494500 -95.329964
v 301.615845 0.494500 -95.235878
v 301.911774 0.494500 -95.423592
v 301.936401 0.494500 -95.328384
v 302.240417 0.494500 -95.499168
v 302.259735 0.494500 -95.402756
v 302.572662 0.494500 -95.556633
v 302.586884 0.494500 -95.459297
v 302.907684 0.494500 -95.595779
v 302.916565 0.494500 -95.497803
v 303.244232 0.494500 -95.616478
v 303.247803 0.494500 -95.518196
v 303.581543 0.494500 -95.618706
v 303.579529 0.494500 -95.520386
v 303.911011 0.494500 -95.504356
v 303.918365 0.494500 -95.602432
v 304.241211 0.494500 -95.470200
v 304.253906 0.494500 -95.567703
v 304.568878 0.494500 -95.417976
v 304.586884 0.494500 -95.514618
v 304.893219 0.494500 -95.347847
v 304.916565 0.494500 -95.443375
v 305.213257 0.494500 -95.260040
v 305.241974 0.494500 -95.354141
v 305.521088 0.494500 -95.157166
v 305.559967 0.494500 -95.247787
v 306.164978 0.494500 -94.813705
v 306.215271 0.494500 -94.898346
v 306.779663 0.494500 -94.410431
v 306.837341 0.494500 -94.490189
v 307.354980 0.494500 -93.953056
v 307.419739 0.494500 -94.027237
v 307.886353 0.494500 -93.445358
v 307.957458 0.494500 -93.513351
v 308.369720 0.494500 -92.891510
v 308.446655 0.494500 -92.952751
v 308.800507 0.494500 -92.296082
v 308.882782 0.494500 -92.350075
v 309.175629 0.494500 -91.664001
v 309.262512 0.494500 -91.710335
v 309.491882 0.494500 -91.000488
v 309.582550 0.494500 -91.038734
v 309.746124 0.494500 -90.312263
v 309.840118 0.494500 -90.341194
v 310.003418 0.494500 -89.271759
v 310.100464 0.494500 -89.289101
v 310.220612 0.494500 -88.212273
v -310.095367 0.494500 103.952225
v -310.027313 0.494500 105.432785
v -310.030121 0.494500 104.686630
v -309.930023 0.494500 105.417168
v -309.892181 0.494500 106.162346
v -309.795898 0.494500 106.142212
v -309.723267 0.494500 106.884796
v -309.628021 0.494500 106.860146
v -309.520813 0.494500 107.597275
v -309.427887 0.494500 107.564537
v 149.651657 0.494500 -8.640269
v 149.527771 -0.005500 -8.600815
v 149.651657 -0.005500 -8.640269
v 149.527771 0.494500 -8.600815
v 152.403946 0.494500 -9.516951
v 149.651657 -0.005500 -8.640269
v 152.403946 -0.005500 -9.516951
v 149.651657 0.494500 -8.640269
v 154.304947 0.494500 -10.159041
v 152.403946 -0.005500 -9.516951
v 154.304947 -0.005500 -10.159041
v 152.403946 0.494500 -9.516951
v 156.195755 0.494500 -10.830745
v 156.195755 -0.005500 -10.830745
v 158.075851 0.494500 -11.531887
v 158.075851 -0.005500 -11.531887
v 159.944717 0.494500 -12.262292
v 159.944717 -0.005500 -12.262292
v 161.801987 0.494500 -13.021787
v 161.801987 -0.005500 -13.021787
v 163.647171 0.494500 -13.810188
v 163.647171 -0.005500 -13.810188
v 165.479828 0.494500 -14.627297
v 165.479828 -0.005500 -14.627297
v 167.299515 0.494500 -15.472920
v 167.299515 -0.005500 -15.472920
v 169.105774 0.494500 -16.346848
v 169.105774 -0.005500 -16.346848
v 170.898148 0.494500 -17.248869
v 170.898148 -0.005500 -17.248869
v 172.676224 0.494500 -18.178764
v 172.676224 -0.005500 -18.178764
v 174.439819 0.494500 -19.136429
v 174.439819 -0.005500 -19.136429
v 174.440338 0.494500 -19.136723
v 174.439819 -0.005500 -19.136429
v 174.440338 -0.005500 -19.136723
v 174.439819 0.494500 -19.136429
v 230.228226 0.494500 -48.062595
v 174.440338 -0.005500 -19.136723
v 230.228226 -0.005500 -48.062595
v 174.440338 0.494500 -19.136723
v 230.252258 0.494500 -48.075218
v 230.228226 -0.005500 -48.062595
v 230.252258 -0.005500 -48.075218
v 230.228226 0.494500 -48.062595
v 233.209824 0.494500 -49.637112
v 230.252258 -0.005500 -48.075218
v 233.209824 -0.005500 -49.637112
v 230.252258 0.494500 -48.075218
v 236.156723 0.494500 -51.218952
v 236.156723 -0.005500 -51.218952
v 239.092819 0.494500 -52.820675
v 239.092819 -0.005500 -52.820675
v 242.018036 0.494500 -54.442207
v 242.018036 -0.005500 -54.442207
v 244.932220 0.494500 -56.083477
v 244.932220 -0.005500 -56.083477
v 247.835281 0.494500 -57.744411
v 247.835281 -0.005500 -57.744411
v 250.727020 0.494500 -59.424953
v 250.727020 -0.005500 -59.424953
v 253.607315 0.494500 -61.125000
v 253.607315 -0.005500 -61.125000
v 256.475983 0.494500 -62.844479
v 256.475983 -0.005500 -62.844479
v 259.333221 0.494500 -64.583305
v 259.333221 -0.005500 -64.583305
v 262.178284 0.494500 -66.341400
v 262.178284 -0.005500 -66.341400
v 265.011627 0.494500 -68.118759
v 265.011627 -0.005500 -68.118759
v 265.012177 0.494500 -68.119064
v 265.011627 -0.005500 -68.118759
v 265.012177 -0.005500 -68.119064
v 265.011627 0.494500 -68.118759
v 266.519653 0.494500 -69.027504
v 265.012177 -0.005500 -68.119064
v 266.519653 -0.005500 -69.027504
v 265.012177 0.494500 -68.119064
v 268.065002 0.494500 -69.871315
v 268.065002 -0.005500 -69.871315
v 269.644623 0.494500 -70.648651
v 269.644623 -0.005500 -70.648651
v 271.256012 0.494500 -71.358078
v 271.256012 -0.005500 -71.358078
v 272.896332 0.494500 -71.998360
v 272.896332 -0.005500 -71.998360
v 274.562042 0.494500 -72.568283
v 274.562042 -0.005500 -72.568283
v 276.250641 0.494500 -73.066841
v 276.250641 -0.005500 -73.066841
v 277.959045 0.494500 -73.493149
v 277.959045 -0.005500 -73.493149
v 279.683960 0.494500 -73.846390
v 279.683960 -0.005500 -73.846390
v 281.422089 0.494500 -74.125969
v 281.422089 -0.005500 -74.125969
v 283.169373 -0.005500 -74.331192
v 283.169373 0.494500 -74.331192
v 284.084259 0.494500 -74.481796
v 283.169373 -0.005500 -74.331192
v 284.084259 -0.005500 -74.481796
v 283.169373 0.494500 -74.331192
v 284.997406 0.494500 -74.644501
v 284.997406 -0.005500 -74.644501
v 285.908508 0.494500 -74.819206
v 285.908508 -0.005500 -74.819206
v 286.817047 0.494500 -75.005867
v 286.817047 -0.005500 -75.005867
v 287.723297 0.494500 -75.204475
v 287.723297 -0.005500 -75.204475
v 288.626801 0.494500 -75.414970
v 288.626801 -0.005500 -75.414970
v 289.527222 0.494500 -75.637314
v 289.527222 -0.005500 -75.637314
v 290.424866 0.494500 -75.871506
v 290.424866 -0.005500 -75.871506
v 291.319427 0.494500 -76.117477
v 291.319427 -0.005500 -76.117477
v 292.210480 0.494500 -76.375160
v 291.319427 -0.005500 -76.117477
v 292.210480 -0.005500 -76.375160
v 291.319427 0.494500 -76.117477
v 292.618652 0.494500 -76.499016
v 292.618652 -0.005500 -76.499016
v 304.425842 0.494500 -79.966568
v 292.618652 -0.005500 -76.499016
v 304.425842 -0.005500 -79.966568
v 292.618652 0.494500 -76.499016
v 305.438293 0.494500 -80.354881
v 304.425842 -0.005500 -79.966568
v 305.438293 -0.005500 -80.354881
v 304.425842 0.494500 -79.966568
v 306.390289 0.494500 -80.872261
v 306.390289 -0.005500 -80.872261
v 307.266083 0.494500 -81.510048
v 307.266083 -0.005500 -81.510048
v 308.050690 0.494500 -82.257217
v 308.050690 -0.005500 -82.257217
v 308.730652 -0.005500 -83.100853
v 308.730652 0.494500 -83.100853
v 309.294006 -0.005500 -84.026405
v 309.294006 0.494500 -84.026405
v 309.730896 -0.005500 -85.017845
v 309.730896 0.494500 -85.017845
v 310.034149 -0.005500 -86.058022
v 310.034149 0.494500 -86.058022
v 310.198242 -0.005500 -87.129013
v 310.198242 0.494500 -87.129013
v 310.220612 -0.005500 -88.212273
v 310.220612 0.494500 -88.212273
v 310.100464 -0.005500 -89.289101
v 310.100464 0.494500 -89.289101
v 309.840118 -0.005500 -90.341194
v 309.840118 0.494500 -90.341194
v 309.582550 -0.005500 -91.038734
v 309.840118 0.494500 -90.341194
v 309.840118 -0.005500 -90.341194
v 309.582550 0.494500 -91.038734
v 309.262512 -0.005500 -91.710335
v 309.262512 0.494500 -91.710335
v 308.882782 -0.005500 -92.350075
v 308.882782 0.494500 -92.350075
v 308.446655 -0.005500 -92.952751
v 308.446655 0.494500 -92.952751
v 307.957458 -0.005500 -93.513351
v 307.957458 0.494500 -93.513351
v 307.419739 0.494500 -94.027237
v 307.419739 -0.005500 -94.027237
v 306.837341 0.494500 -94.490189
v 306.837341 -0.005500 -94.490189
v 306.215271 0.494500 -94.898346
v 306.215271 -0.005500 -94.898346
v 305.559967 0.494500 -95.247787
v 305.559967 -0.005500 -95.247787
v 305.241974 0.494500 -95.354141
v 305.559967 -0.005500 -95.247787
v 305.241974 -0.005500 -95.354141
v 305.559967 0.494500 -95.247787
v 304.916565 0.494500 -95.443375
v 304.916565 -0.005500 -95.443375
v 304.586884 0.494500 -95.514618
v 304.586884 -0.005500 -95.514618
v 304.253906 0.494500 -95.567703
v 304.253906 -0.005500 -95.567703
v 303.918365 0.494500 -95.602432
v 303.918365 -0.005500 -95.602432
v 303.581543 0.494500 -95.618706
v 303.581543 -0.005500 -95.618706
v 303.244232 0.494500 -95.616478
v 303.244232 -0.005500 -95.616478
v 302.907684 0.494500 -95.595779
v 302.907684 -0.005500 -95.595779
v 302.572662 0.494500 -95.556633
v 302.572662 -0.005500 -95.556633
v 302.240417 0.494500 -95.499168
v 302.240417 -0.005500 -95.499168
v 301.911774 0.494500 -95.423592
v 301.911774 -0.005500 -95.423592
v 301.587402 0.494500 -95.329964
v 301.587402 -0.005500 -95.329964
v 268.734283 0.494500 -84.865311
v 301.587402 -0.005500 -95.329964
v 268.734283 -0.005500 -84.865311
v 301.587402 0.494500 -95.329964
v 267.316681 0.494500 -84.487259
v 268.734283 -0.005500 -84.865311
v 267.316681 -0.005500 -84.487259
v 268.734283 0.494500 -84.865311
v 265.836395 0.494500 -84.108849
v 265.836395 -0.005500 -84.108849
v 264.352539 0.494500 -83.745735
v 264.352539 -0.005500 -83.745735
v 262.864838 0.494500 -83.398010
v 262.864838 -0.005500 -83.398010
v 261.373627 0.494500 -83.065651
v 261.373627 -0.005500 -83.065651
v 259.879089 0.494500 -82.748734
v 259.879089 -0.005500 -82.748734
v 258.381256 0.494500 -82.447281
v 258.381256 -0.005500 -82.447281
v 256.880615 0.494500 -82.161331
v 256.880615 -0.005500 -82.161331
v 255.376923 -0.005500 -81.890900
v 255.376923 0.494500 -81.890900
v 253.870499 0.494500 -81.636009
v 253.870499 -0.005500 -81.636009
v 252.361572 0.494500 -81.396721
v 252.361572 -0.005500 -81.396721
v 250.867172 0.494500 -81.175537
v 250.867172 -0.005500 -81.175537
v 238.583191 0.494500 -79.618637
v 250.867172 -0.005500 -81.175537
v 238.583191 -0.005500 -79.618637
v 250.867172 0.494500 -81.175537
v 226.273392 0.494500 -78.449982
v 226.273392 -0.005500 -78.449982
v 213.932983 0.494500 -77.668533
v 213.932983 -0.005500 -77.668533
v 201.574097 0.494500 -77.275085
v 201.574097 -0.005500 -77.275085
v 189.208954 0.494500 -77.270027
v 189.208954 -0.005500 -77.270027
v 176.849747 0.494500 -77.653366
v 176.849747 -0.005500 -77.653366
v 164.508682 0.494500 -78.424690
v 164.508682 -0.005500 -78.424690
v 152.197952 0.494500 -79.583275
v 152.197952 -0.005500 -79.583275
v 139.929672 0.494500 -81.127960
v 139.929672 -0.005500 -81.127960
v 127.715950 0.494500 -83.057220
v 127.715950 -0.005500 -83.057220
v 119.635910 0.494500 -84.595085
v 119.635910 -0.005500 -84.595085
v 118.735054 0.494500 -84.740700
v 119.635910 -0.005500 -84.595085
v 118.735054 -0.005500 -84.740700
v 119.635910 0.494500 -84.595085
v 108.630005 0.494500 -86.725945
v 108.630005 -0.005500 -86.725945
v 105.081711 0.494500 -87.423042
v 108.630005 -0.005500 -86.725945
v 105.081711 -0.005500 -87.423042
v 108.630005 0.494500 -86.725945
v 105.078407 0.494500 -87.424492
v 105.081711 -0.005500 -87.423042
v 105.078407 -0.005500 -87.424492
v 105.081711 0.494500 -87.423042
v 104.222229 0.494500 -87.800461
v 105.078407 -0.005500 -87.424492
v 104.222229 -0.005500 -87.800461
v 105.078407 0.494500 -87.424492
v 103.267342 0.494500 -88.360580
v 103.267342 -0.005500 -88.360580
v 102.384178 0.494500 -89.028145
v 103.267342 -0.005500 -88.360580
v 102.384178 -0.005500 -89.028145
v 103.267342 0.494500 -88.360580
v 101.584808 0.494500 -89.794037
v 101.584808 -0.005500 -89.794037
v 100.880089 -0.005500 -90.647804
v 100.880089 0.494500 -90.647804
v 100.279610 -0.005500 -91.577850
v 100.279610 0.494500 -91.577850
v 99.791550 -0.005500 -92.571518
v 99.791550 0.494500 -92.571518
v 99.422539 -0.005500 -93.615250
v 99.422539 0.494500 -93.615250
v 99.138847 -0.005500 -94.865852
v 99.138847 0.494500 -94.865852
v 99.138824 -0.005500 -94.866005
v 99.138847 0.494500 -94.865852
v 99.138847 -0.005500 -94.865852
v 99.138824 0.494500 -94.866005
v 98.891525 -0.005500 -96.002022
v 99.138824 0.494500 -94.866005
v 99.138824 -0.005500 -94.866005
v 98.891525 0.494500 -96.002022
v 98.478676 -0.005500 -97.274712
v 98.478676 0.494500 -97.274712
v 97.941689 -0.005500 -98.500214
v 97.941689 0.494500 -98.500214
v 97.285835 -0.005500 -99.666428
v 97.285835 0.494500 -99.666428
v 96.517616 -0.005500 -100.761879
v 96.517616 0.494500 -100.761879
v 95.644539 -0.005500 -101.775764
v 95.644539 0.494500 -101.775764
v 94.675224 0.494500 -102.698097
v 94.675224 -0.005500 -102.698097
v 93.619270 0.494500 -103.519760
v 93.619270 -0.005500 -103.519760
v 92.487045 0.494500 -104.232697
v 92.487045 -0.005500 -104.232697
v 91.289688 0.494500 -104.829819
v 91.289688 -0.005500 -104.829819
v 90.039040 0.494500 -105.305336
v 90.039040 -0.005500 -105.305336
v 88.903633 0.494500 -105.612244
v 88.903633 -0.005500 -105.612244
v 88.668938 0.494500 -105.666466
v 88.903633 -0.005500 -105.612244
v 88.668938 -0.005500 -105.666466
v 88.903633 0.494500 -105.612244
v 85.335213 0.494500 -106.307991
v 88.668938 -0.005500 -105.666466
v 85.335213 -0.005500 -106.307991
v 88.668938 0.494500 -105.666466
v 84.469582 0.494500 -106.474564
v 85.335213 -0.005500 -106.307991
v 84.469582 -0.005500 -106.474564
v 85.335213 0.494500 -106.307991
v 74.868103 0.494500 -108.322266
v 84.469582 -0.005500 -106.474564
v 74.868103 -0.005500 -108.322266
v 84.469582 0.494500 -106.474564
v 60.946766 0.494500 -110.576492
v 60.946766 -0.005500 -110.576492
v 46.964855 0.494500 -112.417946
v 46.964855 -0.005500 -112.417946
v 32.934582 0.494500 -113.845047
v 32.934582 -0.005500 -113.845047
v 18.868235 0.494500 -114.856491
v 18.868235 -0.005500 -114.856491
v 4.778131 0.494500 -115.451454
v 4.778131 -0.005500 -115.451454
v -9.323405 0.494500 -115.629417
v -9.323405 -0.005500 -115.629417
v -23.424034 0.494500 -115.390167
v -23.424034 -0.005500 -115.390167
v -37.511433 0.494500 -114.733994
v -37.511433 -0.005500 -114.733994
v -51.573231 0.494500 -113.661377
v -51.573231 -0.005500 -113.661377
v -65.597183 0.494500 -112.173309
v -65.597183 -0.005500 -112.173309
v -79.568367 0.494500 -110.271454
v -65.597183 -0.005500 -112.173309
v -79.568367 -0.005500 -110.271454
v -65.597183 0.494500 -112.173309
v -81.513680 0.494500 -109.950996
v -79.568367 -0.005500 -110.271454
v -81.513680 -0.005500 -109.950996
v -79.568367 0.494500 -110.271454
v -83.447311 0.494500 -109.579788
v -83.447311 -0.005500 -109.579788
v -85.370445 0.494500 -109.157753
v -85.370445 -0.005500 -109.157753
v -87.281799 0.494500 -108.685112
v -87.281799 -0.005500 -108.685112
v -89.180038 0.494500 -108.162216
v -89.180038 -0.005500 -108.162216
v -91.063805 0.494500 -107.589424
v -91.063805 -0.005500 -107.589424
v -92.931793 0.494500 -106.967178
v -92.931793 -0.005500 -106.967178
v -94.782745 0.494500 -106.295845
v -94.782745 -0.005500 -106.295845
v -96.615326 0.494500 -105.575943
v -96.615326 -0.005500 -105.575943
v -98.428299 -0.005500 -104.807930
v -98.428299 0.494500 -104.807930
v -100.097954 0.494500 -104.048088
v -100.097954 -0.005500 -104.048088
v -100.220375 -0.005500 -103.992378
v -100.097954 0.494500 -104.048088
v -100.097954 -0.005500 -104.048088
v -100.220375 0.494500 -103.992378
v -101.951843 0.494500 -103.148590
v -101.951843 -0.005500 -103.148590
v -101.990204 0.494500 -103.129585
v -101.951843 -0.005500 -103.148590
v -101.990204 -0.005500 -103.129585
v -101.951843 0.494500 -103.148590
v -104.933327 -0.005500 -101.646965
v -101.990204 0.494500 -103.129585
v -101.990204 -0.005500 -103.129585
v -104.933327 0.494500 -101.646965
v -107.695168 -0.005500 -99.852356
v -107.695168 0.494500 -99.852356
v -110.244232 -0.005500 -97.766510
v -110.244232 0.494500 -97.766510
v -112.549889 -0.005500 -95.414444
v -112.549889 0.494500 -95.414444
v -114.584534 -0.005500 -92.824333
v -114.584534 0.494500 -92.824333
v -116.323723 -0.005500 -90.027245
v -116.323723 0.494500 -90.027245
v -117.746635 -0.005500 -87.056778
v -117.746635 0.494500 -87.056778
v -118.836166 -0.005500 -83.948517
v -118.836166 0.494500 -83.948517
v -119.579269 -0.005500 -80.739738
v -119.579269 0.494500 -80.739738
v -119.967049 -0.005500 -77.468964
v -119.967049 0.494500 -77.468964
v -119.994804 -0.005500 -74.175400
v -119.994804 0.494500 -74.175400
v -119.662254 -0.005500 -70.898514
v -119.662254 0.494500 -70.898514
v -119.662254 0.494500 -70.898514
v -119.246834 -0.005500 -68.946396
v -119.246834 0.494500 -68.946396
v -119.662254 -0.005500 -70.898514
v -119.246834 0.494500 -68.946396
v -119.211166 -0.005500 -66.945915
v -119.211166 0.494500 -66.945915
v -119.246834 -0.005500 -68.946396
v -119.557625 -0.005500 -64.975388
v -119.557625 0.494500 -64.975388
v -120.273453 -0.005500 -63.107037
v -120.273453 0.494500 -63.107037
v -121.332397 -0.005500 -61.409477
v -121.332397 0.494500 -61.409477
v -122.695618 -0.005500 -59.944992
v -122.695618 0.494500 -59.944992
v -124.313065 -0.005500 -58.767296
v -124.313065 0.494500 -58.767296
v -126.125412 0.494500 -57.919621
v -126.125412 -0.005500 -57.919621
v -128.066116 0.494500 -57.433083
v -128.066116 -0.005500 -57.433083
v -130.060852 0.494500 -57.325691
v -130.060852 -0.005500 -57.325691
v -130.063980 -0.005500 -57.325665
v -130.060852 0.494500 -57.325691
v -130.060852 -0.005500 -57.325691
v -130.063980 0.494500 -57.325665
v -168.032990 0.494500 -58.926655
v -130.063980 -0.005500 -57.325665
v -168.032990 -0.005500 -58.926655
v -130.063980 0.494500 -57.325665
v -172.194046 0.494500 -58.424370
v -168.032990 -0.005500 -58.926655
v -172.194046 -0.005500 -58.424370
v -168.032990 0.494500 -58.926655
v -176.431946 0.494500 -57.561962
v -176.431946 -0.005500 -57.561962
v -180.586670 0.494500 -56.361053
v -180.586670 -0.005500 -56.361053
v -184.631134 0.494500 -54.829453
v -184.631134 -0.005500 -54.829453
v -188.539124 -0.005500 -52.977089
v -188.539124 0.494500 -52.977089
v -192.285248 -0.005500 -50.816029
v -192.285248 0.494500 -50.816029
v -195.845154 -0.005500 -48.360256
v -195.845154 0.494500 -48.360256
v -199.195724 -0.005500 -45.625763
v -195.845154 0.494500 -48.360256
v -195.845154 -0.005500 -48.360256
v -199.195724 0.494500 -45.625763
v -202.315170 -0.005500 -42.630344
v -199.195724 0.494500 -45.625763
v -199.195724 -0.005500 -45.625763
v -202.315170 0.494500 -42.630344
v -205.183273 -0.005500 -39.393394
v -205.183273 0.494500 -39.393394
v -207.781326 -0.005500 -35.935997
v -207.781326 0.494500 -35.935997
v -208.892258 -0.005500 -34.178951
v -208.892258 0.494500 -34.178951
v -208.892258 0.494500 -34.178951
v -208.893143 -0.005500 -34.177555
v -208.893143 0.494500 -34.177555
v -208.892258 -0.005500 -34.178951
v -208.893143 0.494500 -34.177555
v -209.022629 -0.005500 -33.994244
v -209.022629 0.494500 -33.994244
v -208.893143 -0.005500 -34.177555
v -209.214859 -0.005500 -33.708725
v -209.214859 0.494500 -33.708725
v -209.400681 -0.005500 -33.418983
v -209.400681 0.494500 -33.418983
v -209.580017 -0.005500 -33.125183
v -209.580017 0.494500 -33.125183
v -209.752731 -0.005500 -32.827465
v -209.752731 0.494500 -32.827465
v -209.792664 -0.005500 -32.754978
v -209.792664 0.494500 -32.754978
v -209.792664 0.494500 -32.754978
v -209.840393 -0.005500 -32.668289
v -209.840393 0.494500 -32.668289
v -209.792664 -0.005500 -32.754978
v -209.840393 0.494500 -32.668289
v -209.918762 -0.005500 -32.525967
v -209.918762 0.494500 -32.525967
v -209.840393 -0.005500 -32.668289
v -210.078064 -0.005500 -32.220840
v -210.078064 0.494500 -32.220840
v -210.230515 -0.005500 -31.912256
v -210.230515 0.494500 -31.912256
v -210.376068 -0.005500 -31.600344
v -210.376068 0.494500 -31.600344
v -210.514633 -0.005500 -31.285255
v -210.514633 0.494500 -31.285255
v -210.646149 -0.005500 -30.967171
v -210.646149 0.494500 -30.967171
v -210.757385 -0.005500 -30.680101
v -210.757385 0.494500 -30.680101
v -210.757385 0.494500 -30.680101
v -210.788818 -0.005500 -30.596182
v -210.788818 0.494500 -30.596182
v -210.757385 -0.005500 -30.680101
v -210.788818 0.494500 -30.596182
v -210.924805 -0.005500 -30.227448
v -210.924805 0.494500 -30.227448
v -210.788818 -0.005500 -30.596182
v -211.074768 -0.005500 -29.807104
v -211.074768 0.494500 -29.807104
v -211.220276 -0.005500 -29.385210
v -211.220276 0.494500 -29.385210
v -211.361267 -0.005500 -28.961767
v -211.361267 0.494500 -28.961767
v -211.497787 -0.005500 -28.536850
v -211.497787 0.494500 -28.536850
v -211.629745 -0.005500 -28.110538
v -211.629745 0.494500 -28.110538
v -211.757248 -0.005500 -27.682825
v -211.757248 0.494500 -27.682825
v -211.880142 -0.005500 -27.253794
v -211.880142 0.494500 -27.253794
v -211.935318 -0.005500 -27.053211
v -211.935318 0.494500 -27.053211
v -211.935318 0.494500 -27.053211
v -211.936783 -0.005500 -27.049046
v -211.936783 0.494500 -27.049046
v -211.935318 -0.005500 -27.053211
v -211.936783 0.494500 -27.049046
v -212.000778 -0.005500 -26.898981
v -212.000778 0.494500 -26.898981
v -211.936783 -0.005500 -27.049046
v -212.142181 -0.005500 -26.591846
v -212.142181 0.494500 -26.591846
v -212.292282 -0.005500 -26.288847
v -212.292282 0.494500 -26.288847
v -212.450882 -0.005500 -25.990246
v -212.450882 0.494500 -25.990246
v -212.617935 -0.005500 -25.696241
v -212.617935 0.494500 -25.696241
v -212.793259 -0.005500 -25.407110
v -212.793259 0.494500 -25.407110
v -212.976715 -0.005500 -25.123087
v -212.976715 0.494500 -25.123087
v -213.168152 -0.005500 -24.844376
v -213.168152 0.494500 -24.844376
v -213.367432 -0.005500 -24.571213
v -213.367432 0.494500 -24.571213
v -213.574402 -0.005500 -24.303818
v -213.574402 0.494500 -24.303818
v -213.788895 -0.005500 -24.042406
v -213.788895 0.494500 -24.042406
v -214.040756 -0.005500 -23.752596
v -214.040756 0.494500 -23.752596
v -214.040756 0.494500 -23.752596
v -214.099899 -0.005500 -23.682560
v -214.099899 0.494500 -23.682560
v -214.040756 -0.005500 -23.752596
v -214.099899 0.494500 -23.682560
v -214.100891 -0.005500 -23.681450
v -214.100891 0.494500 -23.681450
v -214.099899 -0.005500 -23.682560
v -214.100891 0.494500 -23.681450
v -241.551636 -0.005500 5.982028
v -241.551636 0.494500 5.982028
v -214.100891 -0.005500 -23.681450
v -241.551636 0.494500 5.982028
v -241.551834 -0.005500 5.982259
v -241.551834 0.494500 5.982259
v -241.551636 -0.005500 5.982028
v -241.551834 0.494500 5.982259
v -242.211716 -0.005500 6.667926
v -242.211716 0.494500 6.667926
v -241.551834 -0.005500 5.982259
v -242.927109 -0.005500 7.297493
v -242.927109 0.494500 7.297493
v -243.692154 0.494500 7.865655
v -243.692154 -0.005500 7.865655
v -244.501663 0.494500 8.368510
v -244.501663 -0.005500 8.368510
v -245.350006 0.494500 8.802604
v -245.350006 -0.005500 8.802604
v -246.231400 0.494500 9.164955
v -246.231400 -0.005500 9.164955
v -247.139771 0.494500 9.453072
v -247.139771 -0.005500 9.453072
v -248.068878 0.494500 9.664977
v -248.068878 -0.005500 9.664977
v -249.012344 0.494500 9.799212
v -249.012344 -0.005500 9.799212
v -249.963684 0.494500 9.854862
v -249.963684 -0.005500 9.854862
v -250.916382 0.494500 9.831539
v -250.916382 -0.005500 9.831539
v -251.862503 0.494500 9.729548
v -251.862503 -0.005500 9.729548
v -251.865387 0.494500 9.729237
v -251.862503 -0.005500 9.729548
v -251.865387 -0.005500 9.729237
v -251.862503 0.494500 9.729548
v -252.945999 0.494500 9.412072
v -251.865387 -0.005500 9.729237
v -252.945999 -0.005500 9.412072
v -251.865387 0.494500 9.729237
v -260.595856 0.494500 6.725947
v -252.945999 -0.005500 9.412072
v -260.595856 -0.005500 6.725947
v -252.945999 0.494500 9.412072
v -261.268188 -0.005500 6.489923
v -260.595856 0.494500 6.725947
v -260.595856 -0.005500 6.725947
v -261.268188 0.494500 6.489923
v -262.149323 0.494500 6.292631
v -262.149323 -0.005500 6.292631
v -263.047974 0.494500 6.199990
v -263.047974 -0.005500 6.199990
v -263.950928 0.494500 6.213274
v -263.950928 -0.005500 6.213274
v -264.846283 0.494500 6.332301
v -264.846283 -0.005500 6.332301
v -265.721313 0.494500 6.555432
v -265.721313 -0.005500 6.555432
v -266.564362 0.494500 6.879590
v -266.564362 -0.005500 6.879590
v -267.363708 0.494500 7.300308
v -267.363708 -0.005500 7.300308
v -268.107910 0.494500 7.811788
v -268.107910 -0.005500 7.811788
v -268.787354 0.494500 8.406981
v -268.787354 -0.005500 8.406981
v -269.392151 -0.005500 9.077685
v -269.392151 0.494500 9.077685
v -269.803894 -0.005500 9.658607
v -269.803894 0.494500 9.658607
v -269.803894 0.494500 9.658607
v -269.909790 -0.005500 9.818027
v -269.909790 0.494500 9.818027
v -269.803894 -0.005500 9.658607
v -269.909790 0.494500 9.818027
v -283.257996 -0.005500 31.220537
v -283.257996 0.494500 31.220537
v -269.909790 -0.005500 9.818027
v -283.257996 0.494500 31.220537
v -284.392365 -0.005500 33.039253
v -284.392365 0.494500 33.039253
v -283.257996 -0.005500 31.220537
v -284.392365 0.494500 33.039253
v -296.606201 -0.005500 52.622810
v -296.606201 0.494500 52.622810
v -284.392365 -0.005500 33.039253
v -296.606201 0.494500 52.622810
v -297.320953 -0.005500 53.894279
v -297.320953 0.494500 53.894279
v -296.606201 -0.005500 52.622810
v -297.987946 -0.005500 55.154194
v -297.987946 0.494500 55.154194
v -298.622955 -0.005500 56.430519
v -298.622955 0.494500 56.430519
v -299.225433 -0.005500 57.722466
v -299.225433 0.494500 57.722466
v -299.795441 -0.005500 59.029171
v -299.795441 0.494500 59.029171
v -300.332153 -0.005500 60.349842
v -300.332153 0.494500 60.349842
v -300.835571 -0.005500 61.683620
v -300.835571 0.494500 61.683620
v -301.304962 -0.005500 63.029671
v -301.304962 0.494500 63.029671
v -301.717957 -0.005500 64.317352
v -301.717957 0.494500 64.317352
v -301.717957 0.494500 64.317352
v -301.740326 -0.005500 64.387123
v -301.740326 0.494500 64.387123
v -301.717957 -0.005500 64.317352
v -301.740326 0.494500 64.387123
v -302.141388 -0.005500 65.755119
v -302.141388 0.494500 65.755119
v -301.740326 -0.005500 64.387123
v -302.507904 -0.005500 67.132790
v -302.507904 0.494500 67.132790
v -302.834808 -0.005500 68.499382
v -302.834808 0.494500 68.499382
v -302.834808 0.494500 68.499382
v -309.570618 -0.005500 98.320000
v -309.570618 0.494500 98.320000
v -302.834808 -0.005500 68.499382
v -309.570618 0.494500 98.320000
v -309.681885 -0.005500 98.812225
v -309.681885 0.494500 98.812225
v -309.570618 -0.005500 98.320000
v -309.681885 0.494500 98.812225
v -309.858398 -0.005500 99.533943
v -309.858398 0.494500 99.533943
v -309.681885 -0.005500 98.812225
v -310.000885 -0.005500 100.262108
v -310.000885 0.494500 100.262108
v -310.108856 -0.005500 100.996140
v -310.108856 0.494500 100.996140
v -310.182251 -0.005500 101.734474
v -310.182251 0.494500 101.734474
v -310.220856 -0.005500 102.475410
v -310.220856 0.494500 102.475410
v -310.224670 -0.005500 103.217354
v -310.224670 0.494500 103.217354
v -310.193665 -0.005500 103.958641
v -310.193665 0.494500 103.958641
v -310.127655 -0.005500 104.697655
v -310.127655 0.494500 104.697655
v -310.027313 -0.005500 105.432785
v -310.027313 0.494500 105.432785
v -309.892181 -0.005500 106.162346
v -309.892181 0.494500 106.162346
v -309.723267 -0.005500 106.884796
v -309.723267 0.494500 106.884796
v -309.520813 -0.005500 107.597275
v -309.520813 0.494500 107.597275
v -309.520813 0.494500 107.597275
v -309.116211 -0.005500 108.552086
v -309.116211 0.494500 108.552086
v -309.520813 -0.005500 107.597275
v -309.116974 -0.005500 108.551201
v -309.116211 0.494500 108.552086
v -309.116211 -0.005500 108.552086
v -309.116974 0.494500 108.551201
v -309.116974 0.494500 108.551201
v -308.627777 -0.005500 109.706009
v -308.627777 0.494500 109.706009
v -309.116974 -0.005500 108.551201
v -307.332886 -0.005500 111.593323
v -307.332886 0.494500 111.593323
v -305.687744 -0.005500 113.184746
v -305.687744 0.494500 113.184746
v -303.758606 -0.005500 114.416405
v -303.758606 0.494500 114.416405
v -301.622711 -0.005500 115.238892
v -301.622711 0.494500 115.238892
v -299.365662 -0.005500 115.619202
v -299.365662 0.494500 115.619202
v -297.078400 -0.005500 115.542091
v -297.078400 0.494500 115.542091
v -295.053497 -0.005500 115.058701
v -295.053497 0.494500 115.058701
v -295.052216 -0.005500 115.058350
v -295.053497 0.494500 115.058701
v -295.053497 -0.005500 115.058701
v -295.052216 0.494500 115.058350
v -294.842926 0.494500 114.992210
v -295.052216 -0.005500 115.058350
v -294.842926 -0.005500 114.992210
v -295.052216 0.494500 115.058350
v -294.668945 0.494500 114.925499
v -294.668945 -0.005500 114.925499
v -292.776398 -0.005500 114.046158
v -294.668945 0.494500 114.925499
v -294.668945 -0.005500 114.925499
v -292.776398 0.494500 114.046158
v -290.934662 -0.005500 112.687386
v -290.934662 0.494500 112.687386
v -289.400482 -0.005500 110.988808
v -289.400482 0.494500 110.988808
v -288.236664 -0.005500 109.020187
v -288.236664 0.494500 109.020187
v -288.235626 -0.005500 109.018562
v -288.236664 0.494500 109.020187
v -288.236664 -0.005500 109.020187
v -288.235626 0.494500 109.018562
v -287.194489 -0.005500 106.858643
v -288.235626 0.494500 109.018562
v -288.235626 -0.005500 109.018562
v -287.194489 0.494500 106.858643
v -286.246033 -0.005500 104.187645
v -287.194489 0.494500 106.858643
v -287.194489 -0.005500 106.858643
v -286.246033 0.494500 104.187645
v -284.591248 -0.005500 99.526474
v -286.246033 0.494500 104.187645
v -286.246033 -0.005500 104.187645
v -284.591248 0.494500 99.526474
v -284.460938 -0.005500 99.159798
v -284.591248 0.494500 99.526474
v -284.591248 -0.005500 99.526474
v -284.460938 0.494500 99.159798
v -284.289978 -0.005500 98.808212
v -284.289978 0.494500 98.808212
v -284.081207 -0.005500 98.477730
v -284.081207 0.494500 98.477730
v -283.837097 -0.005500 98.172447
v -283.837097 0.494500 98.172447
v -283.560516 0.494500 97.896126
v -283.560516 -0.005500 97.896126
v -283.255188 0.494500 97.652206
v -283.255188 -0.005500 97.652206
v -282.924500 0.494500 97.443672
v -282.924500 -0.005500 97.443672
v -282.572723 0.494500 97.273109
v -282.572723 -0.005500 97.273109
v -282.204163 0.494500 97.142609
v -282.204163 -0.005500 97.142609
v -281.823425 0.494500 97.053780
v -281.823425 -0.005500 97.053780
v -281.435303 0.494500 97.007759
v -281.435303 -0.005500 97.007759
v -281.045380 0.494500 97.005089
v -281.045380 -0.005500 97.005089
v -278.412689 -0.005500 97.133408
v -281.045380 0.494500 97.005089
v -281.045380 -0.005500 97.005089
v -278.412689 0.494500 97.133408
v -246.390396 -0.005500 98.694473
v -278.412689 0.494500 97.133408
v -278.412689 -0.005500 97.133408
v -246.390396 0.494500 98.694473
v -242.851013 -0.005500 98.866989
v -246.390396 0.494500 98.694473
v -246.390396 -0.005500 98.694473
v -242.851013 0.494500 98.866989
v -239.308502 -0.005500 98.929573
v -239.308502 0.494500 98.929573
v -235.765717 -0.005500 98.882126
v -235.765717 0.494500 98.882126
v -232.934784 -0.005500 98.756248
v -232.934784 0.494500 98.756248
v -232.226166 0.494500 98.724724
v -232.934784 -0.005500 98.756248
v -232.226166 -0.005500 98.724724
v -232.934784 0.494500 98.756248
v -228.693161 -0.005500 98.457512
v -228.693161 0.494500 98.457512
v -225.170197 -0.005500 98.080734
v -225.170197 0.494500 98.080734
v -221.660614 0.494500 97.594780
v -221.660614 -0.005500 97.594780
v -218.167786 -0.005500 97.000084
v -218.167786 0.494500 97.000084
v -214.695129 0.494500 96.297272
v -214.695129 -0.005500 96.297272
v -211.245941 -0.005500 95.486961
v -211.245941 0.494500 95.486961
v -207.823624 0.494500 94.569969
v -207.823624 -0.005500 94.569969
v -204.431122 0.494500 93.547112
v -204.431122 -0.005500 93.547112
v -115.496529 0.494500 65.218895
v -204.431122 -0.005500 93.547112
v -115.496529 -0.005500 65.218895
v -204.431122 0.494500 93.547112
v -78.236954 0.494500 52.635380
v -115.496529 -0.005500 65.218895
v -78.236954 -0.005500 52.635380
v -115.496529 0.494500 65.218895
v -77.144836 0.494500 52.266544
v -78.236954 -0.005500 52.635380
v -77.144836 -0.005500 52.266544
v -78.236954 0.494500 52.635380
v -76.842728 0.494500 52.213253
v -77.144836 -0.005500 52.266544
v -76.842728 -0.005500 52.213253
v -77.144836 0.494500 52.266544
v -76.838379 -0.005500 52.212490
v -76.842728 0.494500 52.213253
v -76.842728 -0.005500 52.213253
v -76.838379 0.494500 52.212490
v -76.499519 0.494500 52.152729
v -76.838379 -0.005500 52.212490
v -76.499519 -0.005500 52.152729
v -76.838379 0.494500 52.212490
v -75.846054 0.494500 52.113235
v -75.846054 -0.005500 52.113235
v -75.192337 0.494500 52.148483
v -75.192337 -0.005500 52.148483
v -74.546898 0.494500 52.258038
v -74.546898 -0.005500 52.258038
v -73.918144 -0.005500 52.440434
v -73.918144 0.494500 52.440434
v -73.314301 0.494500 52.693317
v -73.314301 -0.005500 52.693317
v -72.743217 0.494500 53.013351
v -72.743217 -0.005500 53.013351
v -72.647934 0.494500 53.082092
v -72.647934 -0.005500 53.082092
v -72.212303 0.494500 53.396442
v -72.647934 -0.005500 53.082092
v -72.212303 -0.005500 53.396442
v -72.647934 0.494500 53.082092
v -71.728539 0.494500 53.837540
v -71.728539 -0.005500 53.837540
v -71.298210 -0.005500 54.330879
v -71.298210 0.494500 54.330879
v -70.926910 -0.005500 54.870071
v -70.926910 0.494500 54.870071
v -70.773216 -0.005500 55.159077
v -70.773216 0.494500 55.159077
v -70.773216 0.494500 55.159077
v -70.771034 -0.005500 55.163189
v -70.771034 0.494500 55.163189
v -70.773216 -0.005500 55.159077
v -70.771034 0.494500 55.163189
v -70.668564 -0.005500 55.355820
v -70.668564 0.494500 55.355820
v -70.771034 -0.005500 55.163189
v -70.668564 0.494500 55.355820
v -70.619957 -0.005500 55.447262
v -70.619957 0.494500 55.447262
v -70.668564 -0.005500 55.355820
v -70.619957 0.494500 55.447262
v -70.208603 -0.005500 56.340176
v -70.208603 0.494500 56.340176
v -70.619957 -0.005500 55.447262
v -70.208603 0.494500 56.340176
v -69.914490 -0.005500 56.893562
v -69.914490 0.494500 56.893562
v -70.208603 -0.005500 56.340176
v -69.704689 -0.005500 57.198822
v -69.704689 0.494500 57.198822
v -69.704689 0.494500 57.198822
v -69.560066 -0.005500 57.409260
v -69.560066 0.494500 57.409260
v -69.704689 -0.005500 57.198822
v -69.149422 -0.005500 57.881420
v -69.149422 0.494500 57.881420
v -68.687874 0.494500 58.304001
v -68.687874 -0.005500 58.304001
v -68.181427 -0.005500 58.671490
v -68.181427 0.494500 58.671490
v -67.962120 0.494500 58.795311
v -67.962120 -0.005500 58.795311
v -67.961792 0.494500 58.795494
v -67.962120 -0.005500 58.795311
v -67.961792 -0.005500 58.795494
v -67.962120 0.494500 58.795311
v -67.935631 0.494500 58.810268
v -67.961792 -0.005500 58.795494
v -67.935631 -0.005500 58.810268
v -67.961792 0.494500 58.795494
v -67.896690 0.494500 58.832272
v -67.935631 -0.005500 58.810268
v -67.896690 -0.005500 58.832272
v -67.935631 0.494500 58.810268
v -67.779846 0.494500 58.898235
v -67.896690 -0.005500 58.832272
v -67.779846 -0.005500 58.898235
v -67.896690 0.494500 58.832272
v -67.636520 0.494500 58.979183
v -67.779846 -0.005500 58.898235
v -67.636520 -0.005500 58.979183
v -67.779846 0.494500 58.898235
v -67.060272 0.494500 59.223099
v -67.060272 -0.005500 59.223099
v -66.460068 0.494500 59.400089
v -66.460068 -0.005500 59.400089
v -65.843658 0.494500 59.507877
v -65.843658 -0.005500 59.507877
v -65.219025 0.494500 59.545071
v -65.219025 -0.005500 59.545071
v -64.636726 0.494500 59.513496
v -64.636726 -0.005500 59.513496
v -63.975388 0.494500 59.406357
v -64.636726 -0.005500 59.513496
v -63.975388 -0.005500 59.406357
v -64.636726 0.494500 59.513496
v 120.867706 0.494500 0.528232
v -63.975388 -0.005500 59.406357
v 120.867706 -0.005500 0.528232
v -63.975388 0.494500 59.406357
v 149.527771 0.494500 -8.600815
v 120.867706 -0.005500 0.528232
v 149.527771 -0.005500 -8.600815
v 120.867706 0.494500 0.528232
v -310.127655 -0.005500 104.697655
v -310.095367 -0.005500 103.952225
v -310.027313 -0.005500 105.432785
v -310.126373 -0.005500 103.215546
v -310.030121 -0.005500 104.686630
v -309.930023 -0.005500 105.417168
v -309.892181 -0.005500 106.162346
v -309.795898 -0.005500 106.142212
v -309.723267 -0.005500 106.884796
v -309.628021 -0.005500 106.860146
v -309.520813 -0.005500 107.597275
v -309.427887 -0.005500 107.564537
v -309.116211 -0.005500 108.552086
v -308.965088 -0.005500 108.656982
v -119.967049 -0.005500 -77.468964
v -119.868774 -0.005500 -77.462738
v -119.896454 -0.005500 -74.179939
v -119.579269 -0.005500 -80.739738
v -119.482292 -0.005500 -80.722832
v -118.836166 -0.005500 -83.948517
v -118.741600 -0.005500 -83.921089
v -117.746635 -0.005500 -87.056778
v -117.655624 -0.005500 -87.019157
v -116.323723 -0.005500 -90.027245
v -116.237396 -0.005500 -89.979935
v -114.584534 -0.005500 -92.824333
v -114.503891 -0.005500 -92.767838
v -112.549889 -0.005500 -95.414444
v -112.475899 -0.005500 -95.349472
v -110.244232 -0.005500 -97.766510
v -110.177780 -0.005500 -97.693840
v -107.695168 -0.005500 -99.852356
v -107.637100 -0.005500 -99.772858
v -104.933327 -0.005500 -101.646965
v -104.884277 -0.005500 -101.561577
v -101.990204 -0.005500 -103.129585
v -101.945946 -0.005500 -103.041786
v -101.951843 -0.005500 -103.148590
v -100.220375 -0.005500 -103.992378
v -101.908768 -0.005500 -103.060204
v -100.178467 -0.005500 -103.903427
v -100.097954 -0.005500 -104.048088
v -99.547379 -0.005500 -104.190628
v -98.428299 -0.005500 -104.807930
v -98.388756 -0.005500 -104.717896
v -96.615326 -0.005500 -105.575943
v -96.578194 -0.005500 -105.484909
v -94.782745 -0.005500 -106.295845
v -94.747993 -0.005500 -106.203857
v -92.931793 -0.005500 -106.967178
v -92.899513 -0.005500 -106.874306
v -91.063805 -0.005500 -107.589424
v -91.033958 -0.005500 -107.495750
v -89.180038 -0.005500 -108.162216
v -89.152687 -0.005500 -108.067787
v -87.281799 -0.005500 -108.685112
v -87.256958 -0.005500 -108.589981
v -85.370445 -0.005500 -109.157753
v -85.348114 -0.005500 -109.061996
v -83.447311 -0.005500 -109.579788
v -83.427498 -0.005500 -109.483498
v -81.513680 -0.005500 -109.950996
v -81.496407 -0.005500 -109.854195
v -79.568367 -0.005500 -110.271454
v -79.553741 -0.005500 -110.174232
v -65.597183 -0.005500 -112.173309
v -65.585342 -0.005500 -112.075714
v -51.573231 -0.005500 -113.661377
v -51.564312 -0.005500 -113.563461
v -37.511433 -0.005500 -114.733994
v -37.505386 -0.005500 -114.635841
v -23.424034 -0.005500 -115.390167
v -23.420914 -0.005500 -115.291901
v -9.323405 -0.005500 -115.629417
v -9.323192 -0.005500 -115.531090
v 4.778131 -0.005500 -115.451454
v 4.775436 -0.005500 -115.353195
v 18.862633 -0.005500 -114.758354
v 18.868235 -0.005500 -114.856491
v 32.926071 -0.005500 -113.747078
v 32.934582 -0.005500 -113.845047
v 46.953449 -0.005500 -112.320274
v 46.964855 -0.005500 -112.417946
v 60.932491 -0.005500 -110.479210
v 60.946766 -0.005500 -110.576492
v 74.850960 -0.005500 -108.225464
v 74.868103 -0.005500 -108.322266
v 84.450989 -0.005500 -106.378052
v 84.469582 -0.005500 -106.474564
v 85.316620 -0.005500 -106.211449
v 85.335213 -0.005500 -106.307991
v 88.648590 -0.005500 -105.570251
v 88.668938 -0.005500 -105.666466
v 88.879730 -0.005500 -105.516861
v 88.903633 -0.005500 -105.612244
v 90.008659 -0.005500 -105.211685
v 90.039040 -0.005500 -105.305336
v 91.250191 -0.005500 -104.739677
v 91.289688 -0.005500 -104.829819
v 92.438782 -0.005500 -104.146881
v 92.487045 -0.005500 -104.232697
v 93.562759 -0.005500 -103.439171
v 93.619270 -0.005500 -103.519760
v 94.611015 -0.005500 -102.623497
v 94.675224 -0.005500 -102.698097
v 95.573219 -0.005500 -101.707932
v 95.644539 -0.005500 -101.775764
v 96.439919 -0.005500 -100.701454
v 96.517616 -0.005500 -100.761879
v 97.202553 -0.005500 -99.614006
v 97.285835 -0.005500 -99.666428
v 97.853607 -0.005500 -98.456299
v 97.941689 -0.005500 -98.500214
v 98.386673 -0.005500 -97.239738
v 98.478676 -0.005500 -97.274712
v 98.796501 -0.005500 -95.976318
v 98.891525 -0.005500 -96.002022
v 99.042862 -0.005500 -94.844673
v 99.138824 -0.005500 -94.866005
v 99.042976 -0.005500 -94.844109
v 99.327942 -0.005500 -93.587929
v 99.138847 -0.005500 -94.865852
v 99.422539 -0.005500 -93.615250
v 99.700775 -0.005500 -92.533318
v 99.791550 -0.005500 -92.571518
v 100.193886 -0.005500 -91.529358
v 100.279610 -0.005500 -91.577850
v 100.800613 -0.005500 -90.589661
v 100.880089 -0.005500 -90.647804
v 101.512657 -0.005500 -89.726997
v 101.584808 -0.005500 -89.794037
v 102.320320 -0.005500 -88.953194
v 102.384178 -0.005500 -89.028145
v 103.212646 -0.005500 -88.278694
v 103.267342 -0.005500 -88.360580
v 104.177444 -0.005500 -87.712753
v 104.222229 -0.005500 -87.800461
v 105.038887 -0.005500 -87.334473
v 105.078407 -0.005500 -87.424492
v 105.052101 -0.005500 -87.328659
v 105.081711 -0.005500 -87.423042
v 108.611069 -0.005500 -86.629471
v 108.630005 -0.005500 -86.725945
v 118.717728 -0.005500 -84.643929
v 118.735054 -0.005500 -84.740700
v 119.618866 -0.005500 -84.498260
v 119.635910 -0.005500 -84.595085
v 127.699097 -0.005500 -82.960365
v 127.715950 -0.005500 -83.057220
v 139.915848 -0.005500 -81.030602
v 139.929672 -0.005500 -81.127960
v 145.596909 -0.005500 -80.315308
v 152.197952 -0.005500 -79.583275
v 145.694458 -0.005500 -80.303040
v 152.187195 -0.005500 -79.485542
v 164.501022 -0.005500 -78.326668
v 164.508682 -0.005500 -78.424690
v 176.845169 -0.005500 -77.555138
v 176.849747 -0.005500 -77.653366
v 189.207443 -0.005500 -77.171730
v 189.208954 -0.005500 -77.270027
v 201.575668 -0.005500 -77.176781
v 201.574097 -0.005500 -77.275085
v 213.932983 -0.005500 -77.668533
v 213.937653 -0.005500 -77.570328
v 226.273392 -0.005500 -78.449982
v 226.281158 -0.005500 -78.351967
v 238.583191 -0.005500 -79.618637
v 238.594025 -0.005500 -79.520927
v 250.867172 -0.005500 -81.175537
v 250.880554 -0.005500 -81.078125
v 252.361572 -0.005500 -81.396721
v 252.376450 -0.005500 -81.299530
v 253.870499 -0.005500 -81.636009
v 253.886398 -0.005500 -81.539009
v 255.376923 -0.005500 -81.890900
v 255.393692 -0.005500 -81.794044
v 256.880615 -0.005500 -82.161331
v 256.898376 -0.005500 -82.064659
v 258.381256 -0.005500 -82.447281
v 258.400299 -0.005500 -82.350815
v 259.879089 -0.005500 -82.748734
v 259.898895 -0.005500 -82.652466
v 261.373627 -0.005500 -83.065651
v 261.394440 -0.005500 -82.969582
v 262.864838 -0.005500 -83.398010
v 262.886688 -0.005500 -83.302170
v 264.352539 -0.005500 -83.745735
v 264.375366 -0.005500 -83.650131
v 265.836395 -0.005500 -84.108849
v 265.860260 -0.005500 -84.013474
v 267.316681 -0.005500 -84.487259
v 267.341583 -0.005500 -84.392136
v 268.734283 -0.005500 -84.865311
v 268.761719 -0.005500 -84.770927
v 301.587402 -0.005500 -95.329964
v 301.615845 -0.005500 -95.235878
v 301.911774 -0.005500 -95.423592
v 301.936401 -0.005500 -95.328384
v 302.240417 -0.005500 -95.499168
v 302.259735 -0.005500 -95.402756
v 302.572662 -0.005500 -95.556633
v 302.586884 -0.005500 -95.459297
v 302.907684 -0.005500 -95.595779
v 302.916565 -0.005500 -95.497803
v 303.244232 -0.005500 -95.616478
v 303.247803 -0.005500 -95.518196
v 303.581543 -0.005500 -95.618706
v 303.579529 -0.005500 -95.520386
v 303.911011 -0.005500 -95.504356
v 303.918365 -0.005500 -95.602432
v 304.241211 -0.005500 -95.470200
v 304.253906 -0.005500 -95.567703
v 304.568878 -0.005500 -95.417976
v 304.586884 -0.005500 -95.514618
v 304.893219 -0.005500 -95.347847
v 304.916565 -0.005500 -95.443375
v 305.213257 -0.005500 -95.260040
v 305.241974 -0.005500 -95.354141
v 305.521088 -0.005500 -95.157166
v 305.559967 -0.005500 -95.247787
v 306.164978 -0.005500 -94.813705
v 306.215271 -0.005500 -94.898346
v 306.779663 -0.005500 -94.410431
v 306.837341 -0.005500 -94.490189
v 307.354980 -0.005500 -93.953056
v 307.419739 -0.005500 -94.027237
v 307.886353 -0.005500 -93.445358
v 307.957458 -0.005500 -93.513351
v 308.369720 -0.005500 -92.891510
v 308.446655 -0.005500 -92.952751
v 308.800507 -0.005500 -92.296082
v 308.882782 -0.005500 -92.350075
v 309.175629 -0.005500 -91.664001
v 309.262512 -0.005500 -91.710335
v 309.491882 -0.005500 -91.000488
v 309.582550 -0.005500 -91.038734
v 309.746124 -0.005500 -90.312263
v 309.840118 -0.005500 -90.341194
v 310.003418 -0.005500 -89.271759
v 310.100464 -0.005500 -89.289101
v 310.122040 -0.005500 -88.207832
v 310.220612 -0.005500 -88.212273
v 310.198242 -0.005500 -87.129013
v -308.627777 -0.005500 109.706009
v -309.116974 -0.005500 108.551201
v -308.543182 -0.005500 109.654266
v -307.332886 -0.005500 111.593323
v -307.260223 -0.005500 111.525993
v -305.687744 -0.005500 113.184746
v -305.629822 -0.005500 113.104416
v -303.758606 -0.005500 114.416405
v -303.717682 -0.005500 114.326241
v -301.622711 -0.005500 115.238892
v -301.600098 -0.005500 115.142418
v -299.365662 -0.005500 115.619202
v -299.362610 -0.005500 115.520187
v -297.078400 -0.005500 115.542091
v -297.094635 -0.005500 115.444397
v -294.887360 -0.005500 114.918083
v -295.053497 -0.005500 115.058701
v -295.052216 -0.005500 115.058350
v -294.842926 -0.005500 114.992210
v -292.829224 -0.005500 113.962379
v -294.668945 -0.005500 114.925499
v -292.776398 -0.005500 114.046158
v -291.002716 -0.005500 112.615623
v -290.934662 -0.005500 112.687386
v -289.481506 -0.005500 110.931854
v -289.400482 -0.005500 110.988808
v -288.326324 -0.005500 108.978645
v -288.236664 -0.005500 109.020187
v -288.322479 -0.005500 108.972092
v -287.285431 -0.005500 106.820717
v -288.235626 -0.005500 109.018562
v -287.194489 -0.005500 106.858643
v -284.683685 -0.005500 99.493576
v -286.246033 -0.005500 104.187645
v -284.591248 -0.005500 99.526474
v -284.551880 -0.005500 99.121750
v -284.460938 -0.005500 99.159798
v -284.376129 -0.005500 98.760307
v -284.289978 -0.005500 98.808212
v -284.161469 -0.005500 98.420586
v -284.081207 -0.005500 98.477730
v -283.910522 -0.005500 98.106766
v -283.837097 -0.005500 98.172447
v -283.626282 -0.005500 97.822716
v -283.560516 -0.005500 97.896126
v -283.312103 -0.005500 97.571968
v -283.255188 -0.005500 97.652206
v -282.972229 -0.005500 97.357590
v -282.924500 -0.005500 97.443672
v -282.610809 -0.005500 97.182259
v -282.572723 -0.005500 97.273109
v -282.231842 -0.005500 97.048119
v -282.204163 -0.005500 97.142609
v -281.840424 -0.005500 96.956810
v -281.823425 -0.005500 97.053780
v -281.441406 -0.005500 96.909485
v -281.435303 -0.005500 97.007759
v -281.043396 -0.005500 96.906769
v -281.045380 -0.005500 97.005089
v -278.412689 -0.005500 97.133408
v -246.385574 -0.005500 98.596275
v -246.390396 -0.005500 98.694473
v -242.851013 -0.005500 98.866989
v -242.847763 -0.005500 98.768745
v -239.308502 -0.005500 98.929573
v -239.308304 -0.005500 98.831253
v -235.765717 -0.005500 98.882126
v -235.768570 -0.005500 98.783852
v -232.939163 -0.005500 98.658020
v -232.934784 -0.005500 98.756248
v -232.232056 -0.005500 98.626579
v -232.226166 -0.005500 98.724724
v -228.702087 -0.005500 98.359604
v -228.693161 -0.005500 98.457512
v -225.182159 -0.005500 97.983147
v -225.170197 -0.005500 98.080734
v -221.675613 -0.005500 97.497604
v -221.660614 -0.005500 97.594780
v -218.185806 -0.005500 96.903442
v -218.167786 -0.005500 97.000084
v -214.716141 -0.005500 96.201210
v -214.695129 -0.005500 96.297272
v -211.269958 -0.005500 95.391609
v -211.245941 -0.005500 95.486961
v -207.850510 -0.005500 94.475403
v -207.823624 -0.005500 94.569969
v -204.460251 -0.005500 93.453201
v -204.431122 -0.005500 93.547112
v -115.527184 -0.005500 65.125473
v -115.496529 -0.005500 65.218895
v -77.169243 -0.005500 52.171017
v -78.236954 -0.005500 52.635380
v -77.144836 -0.005500 52.266544
v -76.872826 -0.005500 52.118748
v -76.842728 -0.005500 52.213253
v -76.855453 -0.005500 52.115669
v -76.511078 -0.005500 52.054935
v -76.838379 -0.005500 52.212490
v -76.499519 -0.005500 52.152729
v -75.846382 -0.005500 52.014755
v -75.846054 -0.005500 52.113235
v -75.181435 -0.005500 52.050621
v -75.192337 -0.005500 52.148483
v -74.546898 -0.005500 52.258038
v -74.524895 -0.005500 52.162048
v -73.918144 -0.005500 52.440434
v -73.885376 -0.005500 52.347569
v -73.314301 -0.005500 52.693317
v -73.271126 -0.005500 52.604801
v -72.743217 -0.005500 53.013351
v -72.690224 -0.005500 52.930351
v -72.647934 -0.005500 53.082092
v -72.150215 -0.005500 53.320011
v -72.212303 -0.005500 53.396442
v -71.728539 -0.005500 53.837540
v -71.658157 -0.005500 53.768681
v -71.298210 -0.005500 54.330879
v -71.220436 -0.005500 54.270504
v -70.926910 -0.005500 54.870071
v -70.842766 -0.005500 54.818943
v -70.773216 -0.005500 55.159077
v -70.686417 -0.005500 55.112919
v -70.771034 -0.005500 55.163189
v -70.668564 -0.005500 55.355820
v -70.677689 -0.005500 55.129330
v -70.581772 -0.005500 55.309669
v -70.619957 -0.005500 55.447262
v -70.208603 -0.005500 56.340176
v -70.531845 -0.005500 55.403576
v -70.120491 -0.005500 56.296513
v -69.914490 -0.005500 56.893562
v -69.830315 -0.005500 56.842484
v -69.704689 -0.005500 57.198822
v -69.623665 -0.005500 57.143143
v -69.560066 -0.005500 57.409260
v -69.482208 -0.005500 57.348957
v -69.149422 -0.005500 57.881420
v -69.078911 -0.005500 57.812683
v -68.687874 -0.005500 58.304001
v -68.625618 -0.005500 58.227699
v -68.181427 -0.005500 58.671490
v -68.128212 -0.005500 58.588634
v -67.962120 -0.005500 58.795311
v -67.913788 -0.005500 58.709713
v -67.961792 -0.005500 58.795494
v -67.935631 -0.005500 58.810268
v -67.896690 -0.005500 58.832272
v -67.912514 -0.005500 58.710426
v -67.807793 -0.005500 58.769558
v -67.779846 -0.005500 58.898235
v -67.768852 -0.005500 58.791553
v -67.636520 -0.005500 58.979183
v -67.652039 -0.005500 58.857517
v -67.593056 -0.005500 58.890816
v -67.060272 -0.005500 59.223099
v -67.027092 -0.005500 59.130386
v -66.460068 -0.005500 59.400089
v -66.437614 -0.005500 59.304199
v -65.843658 -0.005500 59.507877
v -65.832222 -0.005500 59.410065
v -65.219025 -0.005500 59.545071
v -65.218750 -0.005500 59.446590
v -64.636726 -0.005500 59.513496
v -64.605080 -0.005500 59.413322
v -63.975388 -0.005500 59.406357
v -63.991795 -0.005500 59.309433
v 120.837860 -0.005500 0.434559
v 120.867706 -0.005500 0.528232
v 148.253860 -0.005500 -8.298213
v 149.527771 -0.005500 -8.600815
v 148.425354 -0.005500 -8.352842
v 152.373291 -0.005500 -9.610364
v 149.651657 -0.005500 -8.640269
v 152.403946 -0.005500 -9.516951
v 154.272781 -0.005500 -10.251938
v 154.304947 -0.005500 -10.159041
v 156.162125 -0.005500 -10.923128
v 156.195755 -0.005500 -10.830745
v 158.040756 -0.005500 -11.623731
v 158.075851 -0.005500 -11.531887
v 159.908218 -0.005500 -12.353580
v 159.944717 -0.005500 -12.262292
v 161.764069 -0.005500 -13.112493
v 161.801987 -0.005500 -13.021787
v 163.607864 -0.005500 -13.900290
v 163.647171 -0.005500 -13.810188
v 165.439087 -0.005500 -14.716774
v 165.479828 -0.005500 -14.627297
v 167.257385 -0.005500 -15.561749
v 167.299515 -0.005500 -15.472920
v 169.062256 -0.005500 -16.435011
v 169.105774 -0.005500 -16.346848
v 170.853256 -0.005500 -17.336344
v 170.898148 -0.005500 -17.248869
v 172.629990 -0.005500 -18.265526
v 172.676224 -0.005500 -18.178764
v 174.392868 -0.005500 -19.222824
v 174.439819 -0.005500 -19.136429
v 174.395111 -0.005500 -19.224001
v 174.440338 -0.005500 -19.136723
v 230.182785 -0.005500 -48.149792
v 230.228226 -0.005500 -48.062595
v 230.206497 -0.005500 -48.162209
v 233.163620 -0.005500 -49.723881
v 230.252258 -0.005500 -48.075218
v 233.209824 -0.005500 -49.637112
v 236.109909 -0.005500 -51.305412
v 236.156723 -0.005500 -51.218952
v 239.045456 -0.005500 -52.906803
v 239.092819 -0.005500 -52.820675
v 241.970093 -0.005500 -54.528038
v 242.018036 -0.005500 -54.442207
v 244.883728 -0.005500 -56.168980
v 244.932220 -0.005500 -56.083477
v 247.786179 -0.005500 -57.829578
v 247.835281 -0.005500 -57.744411
v 250.677338 -0.005500 -59.509789
v 250.727020 -0.005500 -59.424953
v 253.557053 -0.005500 -61.209480
v 253.607315 -0.005500 -61.125000
v 256.425171 -0.005500 -62.928631
v 256.475983 -0.005500 -62.844479
v 259.281647 -0.005500 -64.667107
v 259.333221 -0.005500 -64.583305
v 262.126465 -0.005500 -66.424866
v 262.178284 -0.005500 -66.341400
v 264.959564 -0.005500 -68.202042
v 265.011627 -0.005500 -68.118759
v 264.961365 -0.005500 -68.203270
v 266.470642 -0.005500 -69.112770
v 265.012177 -0.005500 -68.119064
v 266.519653 -0.005500 -69.027504
v 268.019531 -0.005500 -69.958588
v 268.065002 -0.005500 -69.871315
v 269.603210 -0.005500 -70.737785
v 269.644623 -0.005500 -70.648651
v 271.218384 -0.005500 -71.448906
v 271.256012 -0.005500 -71.358078
v 272.862549 -0.005500 -72.090691
v 272.896332 -0.005500 -71.998360
v 274.532318 -0.005500 -72.661957
v 274.562042 -0.005500 -72.568283
v 276.225006 -0.005500 -73.161728
v 276.250641 -0.005500 -73.066841
v 277.937225 -0.005500 -73.589035
v 277.959045 -0.005500 -73.493149
v 278.422852 -0.005500 -73.688499
v 279.683960 -0.005500 -73.846390
v 279.666168 -0.005500 -73.943138
v 281.408630 -0.005500 -74.223366
v 281.422089 -0.005500 -74.125969
v 283.155640 -0.005500 -74.428581
v 283.169373 -0.005500 -74.331192
v 284.067505 -0.005500 -74.578697
v 284.084259 -0.005500 -74.481796
v 284.979614 -0.005500 -74.741180
v 284.997406 -0.005500 -74.644501
v 285.889435 -0.005500 -74.915627
v 285.908508 -0.005500 -74.819206
v 286.796722 -0.005500 -75.102036
v 286.817047 -0.005500 -75.005867
v 287.701477 -0.005500 -75.300362
v 287.723297 -0.005500 -75.204475
v 288.603668 -0.005500 -75.510574
v 288.626801 -0.005500 -75.414970
v 289.503082 -0.005500 -75.732620
v 289.527222 -0.005500 -75.637314
v 290.399475 -0.005500 -75.966476
v 290.424866 -0.005500 -75.871506
v 291.292786 -0.005500 -76.212090
v 291.319427 -0.005500 -76.117477
v 292.182556 -0.005500 -76.469421
v 292.210480 -0.005500 -76.375160
v 292.590454 -0.005500 -76.593224
v 292.618652 -0.005500 -76.499016
v 304.394348 -0.005500 -80.059784
v 304.425842 -0.005500 -79.966568
v 305.396881 -0.005500 -80.444366
v 305.438293 -0.005500 -80.354881
v 306.337433 -0.005500 -80.955544
v 306.390289 -0.005500 -80.872261
v 307.203064 -0.005500 -81.585716
v 307.266083 -0.005500 -81.510048
v 307.978302 -0.005500 -82.323944
v 308.050690 -0.005500 -82.257217
v 308.649872 -0.005500 -83.157494
v 308.730652 -0.005500 -83.100853
v 309.206635 -0.005500 -84.071968
v 309.294006 -0.005500 -84.026405
v 309.638428 -0.005500 -85.051567
v 309.730896 -0.005500 -85.017845
v 309.937897 -0.005500 -86.079330
v 310.034149 -0.005500 -86.058022
v 310.100220 -0.005500 -87.137489
v -119.994804 -0.005500 -74.175400
v -119.662254 -0.005500 -70.898514
v -119.564995 -0.005500 -70.913750
v -119.246834 -0.005500 -68.946396
v -119.148705 -0.005500 -68.957603
v -119.211166 -0.005500 -66.945915
v -310.220856 -0.005500 102.475410
v -310.193665 -0.005500 103.958641
v -310.224670 -0.005500 103.217354
v -310.182251 -0.005500 101.734474
v -310.122559 -0.005500 102.478210
v -310.108856 -0.005500 100.996140
v -310.084198 -0.005500 101.741890
v -310.000885 -0.005500 100.262108
v -310.011322 -0.005500 101.008179
v -309.903870 -0.005500 100.278687
v -309.858398 -0.005500 99.533943
v -309.762390 -0.005500 99.555077
v -309.681885 -0.005500 98.812225
v -309.586121 -0.005500 98.834755
v -309.570618 -0.005500 98.320000
v -309.490356 -0.005500 98.410500
v -302.834808 -0.005500 68.499382
v -309.474854 -0.005500 98.341667
v -309.459351 -0.005500 98.272835
v -302.739014 -0.005500 68.521637
v -302.507904 -0.005500 67.132790
v -302.412659 -0.005500 67.156868
v -302.141388 -0.005500 65.755119
v -302.046875 -0.005500 65.781586
v -301.740326 -0.005500 64.387123
v -301.646332 -0.005500 64.415977
v -301.717957 -0.005500 64.317352
v -301.304962 -0.005500 63.029671
v -301.529480 -0.005500 64.051003
v -301.211731 -0.005500 63.060863
v -300.835571 -0.005500 61.683620
v -300.743103 -0.005500 61.717175
v -300.332153 -0.005500 60.349842
v -300.240692 -0.005500 60.385704
v -299.795441 -0.005500 59.029171
v -299.704773 -0.005500 59.067345
v -299.225433 -0.005500 57.722466
v -299.136047 -0.005500 57.762897
v -298.622955 -0.005500 56.430519
v -298.534302 -0.005500 56.473221
v -297.987946 -0.005500 55.154194
v -297.900330 -0.005500 55.199104
v -297.320953 -0.005500 53.894279
v -297.234589 -0.005500 53.941372
v -296.606201 -0.005500 52.622810
v -296.521637 -0.005500 52.672920
v -284.392365 -0.005500 33.039253
v -284.309052 -0.005500 33.091274
v -283.257996 -0.005500 31.220537
v -283.174683 -0.005500 31.272556
v -269.909790 -0.005500 9.818027
v -269.827240 -0.005500 9.871279
v -269.803894 -0.005500 9.658607
v -269.722595 -0.005500 9.714260
v -269.392151 -0.005500 9.077685
v -269.315430 -0.005500 9.139232
v -268.787354 -0.005500 8.406981
v -268.718292 -0.005500 8.477115
v -268.107910 -0.005500 7.811788
v -268.047455 -0.005500 7.889542
v -267.363708 -0.005500 7.300308
v -267.312653 -0.005500 7.384608
v -266.564362 -0.005500 6.879590
v -266.523712 -0.005500 6.969275
v -265.721313 -0.005500 6.555432
v -265.691620 -0.005500 6.649268
v -264.846283 -0.005500 6.332301
v -264.827484 -0.005500 6.428994
v -263.950928 -0.005500 6.213274
v -263.943848 -0.005500 6.311488
v -263.047974 -0.005500 6.199990
v -263.052307 -0.005500 6.298374
v -262.165314 -0.005500 6.389832
v -262.149323 -0.005500 6.292631
v -261.295135 -0.005500 6.584597
v -261.268188 -0.005500 6.489923
v -260.628387 -0.005500 6.818706
v -260.595856 -0.005500 6.725947
v -252.976105 -0.005500 9.505680
v -252.945999 -0.005500 9.412072
v -251.884659 -0.005500 9.826038
v -251.865387 -0.005500 9.729237
v -251.873001 -0.005500 9.827292
v -250.922852 -0.005500 9.929718
v -251.862503 -0.005500 9.729548
v -250.916382 -0.005500 9.831539
v -249.962021 -0.005500 9.953243
v -249.963684 -0.005500 9.854862
v -249.012344 -0.005500 9.799212
v -249.002518 -0.005500 9.897118
v -248.068878 -0.005500 9.664977
v -248.050995 -0.005500 9.761733
v -247.139771 -0.005500 9.453072
v -247.113937 -0.005500 9.548013
v -246.231400 -0.005500 9.164955
v -246.197800 -0.005500 9.257431
v -245.350006 -0.005500 8.802604
v -245.308853 -0.005500 8.891978
v -244.501663 -0.005500 8.368510
v -244.453262 -0.005500 8.454171
v -243.692154 -0.005500 7.865655
v -243.636826 -0.005500 7.947012
v -242.927109 -0.005500 7.297493
v -242.865219 -0.005500 7.373988
v -242.211716 -0.005500 6.667926
v -242.143723 -0.005500 6.739034
v -241.551834 -0.005500 5.982259
v -241.481049 -0.005500 6.050429
v -241.551636 -0.005500 5.982028
v -214.100891 -0.005500 -23.681450
v -241.480148 -0.005500 6.049505
v -214.028732 -0.005500 -23.614679
v -214.099899 -0.005500 -23.682560
v -214.040756 -0.005500 -23.752596
v -213.788895 -0.005500 -24.042406
v -214.024811 -0.005500 -23.619120
v -213.966080 -0.005500 -23.688629
v -213.713760 -0.005500 -23.978973
v -213.574402 -0.005500 -24.303818
v -213.497513 -0.005500 -24.242542
v -213.367432 -0.005500 -24.571213
v -213.288834 -0.005500 -24.512146
v -213.168152 -0.005500 -24.844376
v -213.087921 -0.005500 -24.787563
v -212.976715 -0.005500 -25.123087
v -212.894882 -0.005500 -25.068575
v -212.793259 -0.005500 -25.407110
v -212.709915 -0.005500 -25.354954
v -212.617935 -0.005500 -25.696241
v -212.533157 -0.005500 -25.646482
v -212.450882 -0.005500 -25.990246
v -212.364731 -0.005500 -25.942875
v -212.292282 -0.005500 -26.288847
v -212.204788 -0.005500 -26.243967
v -212.142181 -0.005500 -26.591846
v -212.053482 -0.005500 -26.549452
v -212.000778 -0.005500 -26.898981
v -211.910889 -0.005500 -26.859129
v -211.936783 -0.005500 -27.049046
v -211.935318 -0.005500 -27.053211
v -211.880142 -0.005500 -27.253794
v -211.846344 -0.005500 -27.010487
v -211.757248 -0.005500 -27.682825
v -211.840530 -0.005500 -27.027149
v -211.785492 -0.005500 -27.227228
v -211.662857 -0.005500 -27.655241
v -211.629745 -0.005500 -28.110538
v -211.535706 -0.005500 -28.081963
v -211.497787 -0.005500 -28.536850
v -211.404022 -0.005500 -28.507286
v -211.361267 -0.005500 -28.961767
v -211.267853 -0.005500 -28.931210
v -211.220276 -0.005500 -29.385210
v -211.127151 -0.005500 -29.353638
v -211.074768 -0.005500 -29.807104
v -210.981979 -0.005500 -29.774567
v -210.924805 -0.005500 -30.227448
v -210.832382 -0.005500 -30.193920
v -210.788818 -0.005500 -30.596182
v -210.696671 -0.005500 -30.561941
v -210.757385 -0.005500 -30.680101
v -210.646149 -0.005500 -30.967171
v -210.665512 -0.005500 -30.645100
v -210.554855 -0.005500 -30.930624
v -210.514633 -0.005500 -31.285255
v -210.424194 -0.005500 -31.246700
v -210.376068 -0.005500 -31.600344
v -210.286530 -0.005500 -31.559753
v -210.230515 -0.005500 -31.912256
v -210.141907 -0.005500 -31.869686
v -210.078064 -0.005500 -32.220840
v -209.990433 -0.005500 -32.176315
v -209.918762 -0.005500 -32.525967
v -209.832123 -0.005500 -32.479488
v -209.840393 -0.005500 -32.668289
v -209.792664 -0.005500 -32.754978
v -209.754257 -0.005500 -32.620865
v -209.752731 -0.005500 -32.827465
v -209.706512 -0.005500 -32.707558
v -209.580017 -0.005500 -33.125183
v -209.667130 -0.005500 -32.779079
v -209.495499 -0.005500 -33.074890
v -209.400681 -0.005500 -33.418983
v -209.317337 -0.005500 -33.366837
v -209.214859 -0.005500 -33.708725
v -209.132660 -0.005500 -33.654720
v -209.022629 -0.005500 -33.994244
v -208.941711 -0.005500 -33.938416
v -208.893143 -0.005500 -34.177555
v -208.812881 -0.005500 -34.120861
v -208.892258 -0.005500 -34.178951
v -207.781326 -0.005500 -35.935997
v -208.809128 -0.005500 -34.126423
v -207.700348 -0.005500 -35.880093
v -205.183273 -0.005500 -39.393394
v -205.107025 -0.005500 -39.331165
v -202.315170 -0.005500 -42.630344
v -202.244232 -0.005500 -42.562172
v -199.195724 -0.005500 -45.625763
v -199.130493 -0.005500 -45.552135
v -195.845154 -0.005500 -48.360256
v -195.786072 -0.005500 -48.281590
v -192.285248 -0.005500 -50.816029
v -192.232697 -0.005500 -50.732845
v -188.539124 -0.005500 -52.977089
v -188.493454 -0.005500 -52.889961
v -184.631134 -0.005500 -54.829453
v -184.592621 -0.005500 -54.738934
v -180.586670 -0.005500 -56.361053
v -180.555557 -0.005500 -56.267735
v -176.431946 -0.005500 -57.561962
v -176.408463 -0.005500 -57.466434
v -172.194046 -0.005500 -58.424370
v -172.178329 -0.005500 -58.327244
v -168.032990 -0.005500 -58.926655
v -168.029160 -0.005500 -58.828106
v -130.063980 -0.005500 -57.325665
v -130.068130 -0.005500 -57.227448
v -130.055557 -0.005500 -57.227520
v -130.060852 -0.005500 -57.325691
v -128.066116 -0.005500 -57.433083
v -128.051376 -0.005500 -57.335419
v -126.125412 -0.005500 -57.919621
v -126.092308 -0.005500 -57.826553
v -124.313065 -0.005500 -58.767296
v -124.262848 -0.005500 -58.682259
v -122.695618 -0.005500 -59.944992
v -122.630104 -0.005500 -59.871078
v -121.332397 -0.005500 -61.409477
v -121.253990 -0.005500 -61.349407
v -120.273453 -0.005500 -63.107037
v -120.185036 -0.005500 -63.063046
v -119.557625 -0.005500 -64.975388
v -119.462425 -0.005500 -64.949043
v -119.112717 -0.005500 -66.938217
vn 0.0000 1.0000 -0.0000
vn 0.0000 1.0000 -0.0002
vn 0.0000 1.0000 0.0004
vn 0.0000 1.0000 -0.0005
vn 0.3034 0.0000 0.9528
vn 0.3035 0.0000 0.9528
vn 0.4927 0.0000 0.8702
vn 0.4603 0.0000 0.8878
vn 0.4649 0.0000 0.8854
vn 0.4651 0.0000 0.8853
vn 0.4670 0.0000 0.8843
vn 0.5314 0.0000 0.8471
vn 0.4856 0.0000 0.8742
vn 0.2818 0.0000 0.9595
vn -0.3035 0.0000 -0.9528
vn 0.1928 0.0000 -0.9812
vn 0.4018 0.0000 -0.9157
vn 0.9889 0.0000 -0.1483
vn 0.2251 0.0000 -0.9743
vn 0.1890 0.0000 -0.9820
vn -0.1349 0.0000 -0.9909
vn -0.4438 0.0000 -0.8961
vn -0.4441 0.0000 -0.8960
vn -0.9781 0.0000 0.2081
vn -0.0098 0.0000 -1.0000
vn -0.0073 0.0000 -1.0000
vn 0.0421 0.0000 -0.9991
vn -0.6323 0.0000 -0.7747
vn -0.8446 0.0000 -0.5354
vn -0.8760 0.0000 -0.4823
vn -0.9365 0.0000 -0.3508
vn -0.9434 0.0000 -0.3317
vn -0.7640 0.0000 -0.6452
vn -0.7457 0.0000 -0.6663
vn -0.7340 0.0000 -0.6792
vn -0.7597 0.0000 -0.6503
vn 0.1078 0.0000 -0.9942
vn 0.1072 0.0000 -0.9942
vn 0.2816 0.0000 -0.9595
vn 0.3313 0.0000 -0.9435
vn -0.8330 0.0000 -0.5533
vn -0.8485 0.0000 -0.5292
vn -0.9523 0.0000 -0.3053
vn -0.9522 0.0000 -0.3053
vn -0.9754 0.0000 -0.2203
vn -0.9754 0.0000 -0.2205
vn -0.9207 0.0000 0.3902
vn 0.7574 0.0000 -0.6529
vn 0.2641 0.0000 0.9645
vn 0.8417 0.0000 0.5400
vn 0.8440 0.0000 0.5364
vn 0.9008 0.0000 0.4342
vn 0.9424 0.0000 0.3346
vn -0.0487 0.0000 0.9988
vn 0.3200 0.0000 0.9474
vn 0.1737 0.0000 0.9848
vn 0.1728 0.0000 0.9850
vn -0.8833 0.0000 0.4687
vn -0.8829 0.0000 0.4696
vn -0.8830 0.0000 0.4694
vn -0.9083 0.0000 0.4184
vn -0.4874 0.0000 0.8732
vn -0.4918 0.0000 0.8707
vn -0.4916 0.0000 0.8708
vn -0.4919 0.0000 0.8706
vn 0.1599 0.0000 0.9871
vn 0.0000 -1.0000 -0.0000
vn 0.3274 0.0000 0.9449
vn 0.3421 0.0000 0.9397
vn 0.3567 0.0000 0.9342
vn 0.3713 0.0000 0.9285
vn 0.3857 0.0000 0.9226
vn 0.4001 0.0000 0.9165
vn 0.4143 0.0000 0.9101
vn 0.4285 0.0000 0.9035
vn 0.4425 0.0000 0.8967
vn 0.4565 0.0000 0.8897
vn 0.4703 0.0000 0.8825
vn 0.4772 0.0000 0.8788
vn 0.4759 0.0000 0.8795
vn 0.4700 0.0000 0.8827
vn 0.4819 0.0000 0.8762
vn 0.4878 0.0000 0.8730
vn 0.4937 0.0000 0.8697
vn 0.4995 0.0000 0.8663
vn 0.5054 0.0000 0.8629
vn 0.5112 0.0000 0.8595
vn 0.5170 0.0000 0.8560
vn 0.5228 0.0000 0.8525
vn 0.5285 0.0000 0.8489
vn 0.4978 0.0000 0.8673
vn 0.5161 0.0000 0.8565
vn 0.4605 0.0000 0.8877
vn 0.4223 0.0000 0.9064
vn 0.3834 0.0000 0.9236
vn 0.3438 0.0000 0.9391
vn 0.3437 0.0000 0.9391
vn 0.2627 0.0000 0.9649
vn 0.2214 0.0000 0.9752
vn 0.1798 0.0000 0.9837
vn 0.1378 0.0000 0.9905
vn 0.1167 0.0000 0.9932
vn 0.1689 0.0000 0.9856
vn 0.1624 0.0000 0.9867
vn 0.1819 0.0000 0.9833
vn 0.1948 0.0000 0.9808
vn 0.2077 0.0000 0.9782
vn 0.2205 0.0000 0.9754
vn 0.2333 0.0000 0.9724
vn 0.2461 0.0000 0.9692
vn 0.2588 0.0000 0.9659
vn 0.2651 0.0000 0.9642
vn 0.2841 0.0000 0.9588
vn 0.2778 0.0000 0.9606
vn 0.2904 0.0000 0.9569
vn 0.4187 0.0000 0.9081
vn 0.3581 0.0000 0.9337
vn 0.5343 0.0000 0.8453
vn 0.6405 0.0000 0.7679
vn 0.7357 0.0000 0.6773
vn 0.8182 0.0000 0.5750
vn 0.8866 0.0000 0.4626
vn 0.9396 0.0000 0.3423
vn 0.9764 0.0000 0.2161
vn 0.9963 0.0000 0.0862
vn 0.9990 0.0000 -0.0452
vn 0.9844 0.0000 -0.1759
vn 0.9707 0.0000 -0.2402
vn 0.9214 0.0000 -0.3887
vn 0.9381 0.0000 -0.3464
vn 0.8822 0.0000 -0.4708
vn 0.8359 0.0000 -0.5489
vn 0.7826 0.0000 -0.6225
vn 0.7229 0.0000 -0.6909
vn 0.6573 0.0000 -0.7537
vn 0.5860 0.0000 -0.8103
vn 0.5101 0.0000 -0.8601
vn 0.4705 0.0000 -0.8824
vn 0.2909 0.0000 -0.9567
vn 0.3172 0.0000 -0.9484
vn 0.2379 0.0000 -0.9713
vn 0.1844 0.0000 -0.9829
vn 0.1302 0.0000 -0.9915
vn 0.0756 0.0000 -0.9971
vn 0.0208 0.0000 -0.9998
vn -0.0340 0.0000 -0.9994
vn -0.0888 0.0000 -0.9961
vn -0.0887 0.0000 -0.9961
vn -0.1433 0.0000 -0.9897
vn -0.1973 0.0000 -0.9803
vn -0.2508 0.0000 -0.9680
vn -0.2773 0.0000 -0.9608
vn -0.2527 0.0000 -0.9676
vn -0.2577 0.0000 -0.9662
vn -0.2427 0.0000 -0.9701
vn -0.2327 0.0000 -0.9726
vn -0.2226 0.0000 -0.9749
vn -0.2125 0.0000 -0.9772
vn -0.2024 0.0000 -0.9793
vn -0.1922 0.0000 -0.9813
vn -0.1821 0.0000 -0.9833
vn -0.1719 0.0000 -0.9851
vn -0.1617 0.0000 -0.9868
vn -0.1515 0.0000 -0.9885
vn -0.1464 0.0000 -0.9892
vn -0.1101 0.0000 -0.9939
vn -0.1257 0.0000 -0.9921
vn -0.0789 0.0000 -0.9969
vn -0.0475 0.0000 -0.9989
vn -0.0161 0.0000 -0.9999
vn 0.0153 0.0000 -0.9999
vn 0.0467 0.0000 -0.9989
vn 0.0780 0.0000 -0.9969
vn 0.1093 0.0000 -0.9940
vn 0.1405 0.0000 -0.9901
vn 0.1715 0.0000 -0.9852
vn 0.1870 0.0000 -0.9824
vn 0.1762 0.0000 -0.9844
vn 0.1596 0.0000 -0.9872
vn 0.4548 0.0000 -0.8906
vn 0.4021 0.0000 -0.9156
vn 0.5060 0.0000 -0.8626
vn 0.6485 0.0000 -0.7612
vn 0.6030 0.0000 -0.7977
vn 0.7328 0.0000 -0.6805
vn 0.8070 0.0000 -0.5905
vn 0.8703 0.0000 -0.4925
vn 0.9218 0.0000 -0.3878
vn 0.9607 0.0000 -0.2777
vn 0.9752 0.0000 -0.2212
vn 0.9654 0.0000 -0.2610
vn 0.9771 0.0000 -0.2127
vn 0.9347 0.0000 -0.3554
vn 0.8949 0.0000 -0.4463
vn 0.8462 0.0000 -0.5328
vn 0.7892 0.0000 -0.6141
vn 0.7244 0.0000 -0.6893
vn 0.6525 0.0000 -0.7578
vn 0.5742 0.0000 -0.8187
vn 0.4902 0.0000 -0.8716
vn 0.4013 0.0000 -0.9159
vn 0.3085 0.0000 -0.9512
vn 0.2609 0.0000 -0.9654
vn 0.1744 0.0000 -0.9847
vn 0.1452 0.0000 -0.9894
vn 0.1159 0.0000 -0.9933
vn 0.0865 0.0000 -0.9963
vn 0.0570 0.0000 -0.9984
vn 0.0274 0.0000 -0.9996
vn -0.0022 0.0000 -1.0000
vn -0.0318 0.0000 -0.9995
vn -0.0613 0.0000 -0.9981
vn -0.0908 0.0000 -0.9959
vn -0.1055 0.0000 -0.9944
vn -0.1755 0.0000 -0.9845
vn -0.1625 0.0000 -0.9867
vn -0.2015 0.0000 -0.9795
vn -0.2272 0.0000 -0.9738
vn -0.2528 0.0000 -0.9675
vn -0.2783 0.0000 -0.9605
vn -0.3285 0.0000 -0.9445
vn -0.3533 0.0000 -0.9355
vn -0.3779 0.0000 -0.9259
vn -0.4022 0.0000 -0.9156
vn -0.4142 0.0000 -0.9102
vn -0.4262 0.0000 -0.9046
vn -0.4381 0.0000 -0.8989
vn -0.4981 0.0000 -0.8671
vn -0.4499 0.0000 -0.8931
vn -0.5900 0.0000 -0.8074
vn -0.6747 0.0000 -0.7381
vn -0.7514 0.0000 -0.6599
vn -0.8190 0.0000 -0.5737
vn -0.8769 0.0000 -0.4807
vn -0.9242 0.0000 -0.3820
vn -0.9604 0.0000 -0.2786
vn -0.9851 0.0000 -0.1719
vn -0.9980 0.0000 -0.0632
vn -0.9989 0.0000 0.0463
vn -0.9949 0.0000 0.1010
vn -0.9998 0.0000 0.0178
vn -0.9970 0.0000 -0.0780
vn -0.9638 0.0000 -0.2667
vn -0.8952 0.0000 -0.4456
vn -0.7939 0.0000 -0.6081
vn -0.6633 0.0000 -0.7483
vn -0.5085 0.0000 -0.8611
vn -0.3350 0.0000 -0.9422
vn -0.1492 0.0000 -0.9888
vn -0.0538 0.0000 -0.9986
vn -0.1598 0.0000 -0.9872
vn -0.1198 0.0000 -0.9928
vn -0.2387 0.0000 -0.9711
vn -0.3162 0.0000 -0.9487
vn -0.3915 0.0000 -0.9202
vn -0.4644 0.0000 -0.8856
vn -0.5342 0.0000 -0.8454
vn -0.5678 0.0000 -0.8231
vn -0.7211 0.0000 -0.6928
vn -0.6926 0.0000 -0.7213
vn -0.7746 0.0000 -0.6325
vn -0.8230 0.0000 -0.5680
vn -0.8452 0.0000 -0.5344
vn -0.8168 0.0000 -0.5770
vn -0.8232 0.0000 -0.5678
vn -0.8357 0.0000 -0.5492
vn -0.8477 0.0000 -0.5305
vn -0.8593 0.0000 -0.5114
vn -0.8705 0.0000 -0.4922
vn -0.8759 0.0000 -0.4825
vn -0.8813 0.0000 -0.4726
vn -0.8760 0.0000 -0.4824
vn -0.8916 0.0000 -0.4529
vn -0.9014 0.0000 -0.4329
vn -0.9108 0.0000 -0.4127
vn -0.9198 0.0000 -0.3923
vn -0.9283 0.0000 -0.3717
vn -0.9324 0.0000 -0.3613
vn -0.9382 0.0000 -0.3460
vn -0.9401 0.0000 -0.3410
vn -0.9436 0.0000 -0.3310
vn -0.9471 0.0000 -0.3210
vn -0.9504 0.0000 -0.3109
vn -0.9537 0.0000 -0.3008
vn -0.9568 0.0000 -0.2907
vn -0.9598 0.0000 -0.2805
vn -0.9628 0.0000 -0.2703
vn -0.9642 0.0000 -0.2652
vn -0.9199 0.0000 -0.3923
vn -0.9142 0.0000 -0.4053
vn -0.9023 0.0000 -0.4311
vn -0.8897 0.0000 -0.4565
vn -0.8764 0.0000 -0.4816
vn -0.8624 0.0000 -0.5063
vn -0.8623 0.0000 -0.5063
vn -0.8476 0.0000 -0.5306
vn -0.8322 0.0000 -0.5544
vn -0.8162 0.0000 -0.5778
vn -0.7994 0.0000 -0.6008
vn -0.7820 0.0000 -0.6233
vn -0.7548 0.0000 -0.6560
vn -0.7205 0.0000 -0.6934
vn -0.6912 0.0000 -0.7227
vn -0.6290 0.0000 -0.7774
vn -0.5624 0.0000 -0.8268
vn -0.4920 0.0000 -0.8706
vn -0.4182 0.0000 -0.9083
vn -0.3416 0.0000 -0.9399
vn -0.2626 0.0000 -0.9649
vn -0.1818 0.0000 -0.9833
vn -0.0997 0.0000 -0.9950
vn -0.0170 0.0000 -0.9999
vn 0.0659 0.0000 -0.9978
vn 0.2753 0.0000 -0.9613
vn 0.3312 0.0000 -0.9435
vn 0.1608 0.0000 -0.9870
vn 0.0440 0.0000 -0.9990
vn -0.0734 0.0000 -0.9973
vn -0.1898 0.0000 -0.9818
vn -0.4130 0.0000 -0.9107
vn -0.5170 0.0000 -0.8560
vn -0.6137 0.0000 -0.7895
vn -0.7020 0.0000 -0.7122
vn -0.7806 0.0000 -0.6250
vn -0.8159 0.0000 -0.5783
vn -0.8717 0.0000 -0.4900
vn -0.8778 0.0000 -0.4790
vn -0.8896 0.0000 -0.4567
vn -0.9009 0.0000 -0.4341
vn -0.9115 0.0000 -0.4113
vn -0.9216 0.0000 -0.3882
vn -0.9311 0.0000 -0.3648
vn -0.9400 0.0000 -0.3412
vn -0.9483 0.0000 -0.3174
vn -0.9522 0.0000 -0.3054
vn -0.9596 0.0000 -0.2813
vn -0.9631 0.0000 -0.2692
vn -0.9696 0.0000 -0.2449
vn -0.9726 0.0000 -0.2326
vn -0.9714 0.0000 -0.2376
vn -0.9766 0.0000 -0.2149
vn -0.9856 0.0000 -0.1688
vn -0.9925 0.0000 -0.1223
vn -0.9971 0.0000 -0.0755
vn -0.9996 0.0000 -0.0286
vn -0.9998 0.0000 0.0183
vn -0.9979 0.0000 0.0654
vn -0.9937 0.0000 0.1121
vn -0.9873 0.0000 0.1587
vn -0.9788 0.0000 0.2050
vn -0.9681 0.0000 0.2506
vn -0.9619 0.0000 0.2733
vn -0.9208 0.0000 0.3901
vn -0.8771 0.0000 0.4803
vn -0.7638 0.0000 0.6455
vn -0.6198 0.0000 0.7847
vn -0.4510 0.0000 0.8925
vn -0.2641 0.0000 0.9645
vn -0.0666 0.0000 0.9978
vn 0.1336 0.0000 0.9910
vn 0.2322 0.0000 0.9727
vn 0.3298 0.0000 0.9440
vn 0.3013 0.0000 0.9535
vn 0.3580 0.0000 0.9337
vn 0.5101 0.0000 0.8601
vn 0.4214 0.0000 0.9069
vn 0.6713 0.0000 0.7412
vn 0.8055 0.0000 0.5926
vn 0.8608 0.0000 0.5089
vn 0.9222 0.0000 0.3867
vn 0.9423 0.0000 0.3349
vn 0.8737 0.0000 0.4864
vn 0.8145 0.0000 0.5802
vn 0.7450 0.0000 0.6670
vn 0.6665 0.0000 0.7455
vn 0.5797 0.0000 0.8148
vn 0.3856 0.0000 0.9227
vn 0.2809 0.0000 0.9597
vn 0.1727 0.0000 0.9850
vn 0.0624 0.0000 0.9981
vn 0.0068 0.0000 1.0000
vn -0.0332 0.0000 0.9994
vn -0.0021 0.0000 1.0000
vn 0.0289 0.0000 0.9996
vn 0.0444 0.0000 0.9990
vn 0.0599 0.0000 0.9982
vn 0.0909 0.0000 0.9959
vn 0.1218 0.0000 0.9926
vn 0.1525 0.0000 0.9883
vn 0.1831 0.0000 0.9831
vn 0.2136 0.0000 0.9769
vn 0.2438 0.0000 0.9698
vn 0.2738 0.0000 0.9618
vn 0.2887 0.0000 0.9574
vn 0.1172 0.0000 0.9931
vn 0.0032 0.0000 1.0000
vn -0.1108 0.0000 0.9938
vn -0.2233 0.0000 0.9747
vn -0.3330 0.0000 0.9429
vn -0.4383 0.0000 0.8988
vn -0.5378 0.0000 0.8430
vn -0.5851 0.0000 0.8110
vn -0.6305 0.0000 0.7762
vn -0.5852 0.0000 0.8109
vn -0.7148 0.0000 0.6993
vn -0.7899 0.0000 0.6132
vn -0.8547 0.0000 0.5192
vn -0.8829 0.0000 0.4695
vn -0.8830 0.0000 0.4693
vn -0.8550 0.0000 0.5187
vn -0.8241 0.0000 0.5664
vn -0.7906 0.0000 0.6123
vn -0.7161 0.0000 0.6980
vn -0.6323 0.0000 0.7747
vn -0.5403 0.0000 0.8414
vn -0.4917 0.0000 0.8708
vn -0.4415 0.0000 0.8973
vn -0.3369 0.0000 0.9416
vn -0.2279 0.0000 0.9737
vn -0.1160 0.0000 0.9932
vn -0.0026 0.0000 1.0000
vn -0.0027 0.0000 1.0000
vn 0.0541 0.0000 0.9985
usemtl material
s off
f 2806//861 2807//861 2808//861
f 2807//861 2806//861 2809//861
f 2809//861 2806//861 2810//861
f 2809//861 2810//861 2811//861
f 2809//861 2811//861 2812//861
f 2809//861 2812//861 2813//861
f 2813//861 2812//861 2814//861
f 2813//861 2814//861 2815//861
f 2815//861 2814//861 2816//861
f 2815//861 2816//861 2817//861
f 2815//861 2817//861 2818//861
f 2818//861 2817//861 2819//861
f 2818//861 2819//861 2820//861
f 2820//861 2819//861 2821//861
f 2820//861 2821//861 2822//861
f 2822//861 2821//861 2823//861
f 2822//861 2823//861 2824//861
f 2824//861 2823//861 2825//861
f 2824//861 2825//861 2826//861
f 2824//861 2826//861 2827//861
f 2824//861 2827//861 2828//861
f 2828//861 2827//861 2829//861
f 2828//861 2829//861 2830//861
f 2830//861 2829//861 2831//861
f 2830//861 2831//861 2832//861
f 2832//861 2831//861 2833//861
f 2832//861 2833//861 2834//861
f 2834//861 2833//861 2835//861
f 2835//861 2833//861 2836//861
f 2835//861 2836//861 2837//861
f 2835//861 2837//861 2838//861
f 2838//861 2837//861 2839//861
f 2838//861 2839//861 2840//861
f 2840//861 2839//861 2841//861
f 2840//861 2841//861 2842//861
f 2842//861 2841//861 2843//861
f 2842//861 2843//861 2844//861
f 2844//861 2843//861 2845//861
f 2844//861 2845//861 2846//861
f 2846//861 2845//861 2847//861
f 2846//861 2847//861 2848//861
f 2848//861 2847//861 2849//861
f 2848//861 2849//861 2850//861
f 2850//861 2849//861 2851//861
f 2850//861 2851//861 2852//861
f 2852//861 2851//861 2853//861
f 2852//861 2853//861 2854//861
f 2854//861 2853//861 2855//861
f 2854//861 2855//861 2856//861
f 2856//861 2855//861 2857//861
f 2856//861 2857//861 2858//861
f 2858//861 2857//861 2859//861
f 2858//861 2859//861 2860//861
f 2860//861 2859//861 2861//861
f 2860//861 2861//861 2862//861
f 2862//861 2861//861 2863//861
f 2862//861 2863//861 2864//861
f 2864//861 2863//861 2865//861
f 2864//861 2865//861 2866//861
f 2866//861 2865//861 2867//861
f 2866//861 2867//861 2868//861
f 2868//861 2867//861 2869//861
f 2868//861 2869//861 2870//861
f 2870//861 2869//861 2871//861
f 2870//861 2871//861 2872//861
f 2872//861 2871//861 2873//861
f 2872//861 2873//861 2874//861
f 2874//861 2873//861 2875//861
f 2874//861 2875//861 2876//861
f 2876//861 2875//861 2877//861
f 2876//861 2877//861 2878//861
f 2878//861 2877//861 2879//861
f 2878//861 2879//861 2880//861
f 2878//861 2880//861 2881//861
f 2881//861 2880//861 2882//861
f 2881//861 2882//861 2883//861
f 2883//861 2882//861 2884//861
f 2883//861 2884//861 2885//861
f 2885//861 2884//861 2886//861
f 2885//861 2886//861 2887//861
f 2887//861 2886//861 2888//861
f 2887//861 2888//861 2889//861
f 2889//861 2888//861 2890//861
f 2889//861 2890//861 2891//861
f 2889//861 2891//861 2892//861
f 2892//861 2891//861 2893//861
f 2893//861 2891//861 2894//861
f 2893//861 2894//861 2895//861
f 2895//861 2894//861 2896//861
f 2896//861 2894//861 2897//861
f 2896//861 2897//861 2898//861
f 2898//861 2897//861 2899//861
f 2898//861 2899//861 2900//861
f 2900//861 2899//861 2901//861
f 2900//861 2901//861 2902//861
f 2902//861 2901//861 2903//861
f 2902//861 2903//861 2904//861
f 2904//861 2903//861 2905//861
f 2904//861 2905//861 2906//861
f 2906//861 2905//861 2907//861
f 2906//861 2907//861 2908//861
f 2908//861 2907//861 2909//861
f 2908//861 2909//861 2910//861
f 2910//861 2909//861 2911//861
f 2910//861 2911//861 2912//861
f 2912//861 2911//861 2913//861
f 2912//861 2913//861 2914//861
f 2914//861 2913//861 2915//861
f 2914//862 2915//862 2916//862
f 2916//861 2915//861 2917//861
f 2917//863 2915//863 2918//863
f 2917//861 2918//861 2919//861
f 2917//861 2919//861 2920//861
f 2920//861 2919//861 2921//861
f 2921//861 2919//861 2922//861
f 2922//861 2919//861 2923//861
f 2922//861 2923//861 2924//861
f 2922//861 2924//861 2925//861
f 2922//861 2925//861 2926//861
f 2926//861 2925//861 2927//861
f 2926//861 2927//861 2928//861
f 2928//861 2927//861 2929//861
f 2928//861 2929//861 2930//861
f 2930//861 2929//861 2931//861
f 2930//861 2931//861 2932//861
f 2932//861 2931//861 2933//861
f 2932//861 2933//861 2934//861
f 2934//861 2933//861 2935//861
f 2934//861 2935//861 2936//861
f 2936//861 2935//861 2937//861
f 2936//861 2937//861 2938//861
f 2938//861 2937//861 2939//861
f 2938//861 2939//861 2940//861
f 2940//861 2939//861 2941//861
f 2940//861 2941//861 2942//861
f 2942//861 2941//861 2943//861
f 2942//861 2943//861 2944//861
f 2944//861 2943//861 2945//861
f 2944//861 2945//861 2946//861
f 2946//861 2945//861 2947//861
f 2947//861 2945//861 2948//861
f 2948//861 2945//861 2949//861
f 2948//861 2949//861 2950//861
f 2950//861 2949//861 2951//861
f 2950//861 2951//861 2952//861
f 2950//861 2952//861 2953//861
f 2950//861 2953//861 2954//861
f 2954//861 2953//861 2955//861
f 2954//861 2955//861 2956//861
f 2956//861 2955//861 2957//861
f 2956//861 2957//861 2958//861
f 2958//861 2957//861 2959//861
f 2958//861 2959//861 2960//861
f 2960//861 2959//861 2961//861
f 2960//861 2961//861 2962//861
f 2962//861 2961//861 2963//861
f 2962//861 2963//861 2964//861
f 2964//861 2963//861 2965//861
f 2964//861 2965//861 2966//861
f 2966//861 2965//861 2967//861
f 2966//861 2967//861 2968//861
f 2968//861 2967//861 2969//861
f 2969//861 2967//861 2970//861
f 2969//861 2970//861 2971//861
f 2969//861 2971//861 2972//861
f 2972//861 2971//861 2973//861
f 2972//861 2973//861 2974//861
f 2974//861 2973//861 2975//861
f 2974//861 2975//861 2976//861
f 2976//861 2975//861 2977//861
f 2976//861 2977//861 2978//861
f 2978//861 2977//861 2979//861
f 2978//861 2979//861 2980//861
f 2980//861 2979//861 2981//861
f 2980//861 2981//861 2982//861
f 2982//861 2981//861 2983//861
f 2983//861 2981//861 2984//861
f 2983//861 2984//861 2985//861
f 2985//861 2984//861 2986//861
f 2985//861 2986//861 2987//861
f 2987//861 2986//861 2988//861
f 2987//861 2988//861 2989//861
f 2987//861 2989//861 2990//861
f 2990//861 2989//861 2991//861
f 2990//861 2991//861 2992//861
f 2992//861 2991//861 2993//861
f 2992//861 2993//861 2994//861
f 2994//861 2993//861 2995//861
f 2994//861 2995//861 2996//861
f 2996//861 2995//861 2997//861
f 2996//861 2997//861 2998//861
f 2998//861 2997//861 2999//861
f 2999//861 2997//861 3000//861
f 2999//861 3000//861 3001//861
f 2999//861 3001//861 3002//861
f 3002//861 3001//861 3003//861
f 3002//861 3003//861 3004//861
f 3004//861 3003//861 3005//861
f 3004//861 3005//861 3006//861
f 3006//861 3005//861 3007//861
f 3006//861 3007//861 3008//861
f 3008//861 3007//861 3009//861
f 3008//861 3009//861 3010//861
f 3010//861 3009//861 3011//861
f 3010//861 3011//861 3012//861
f 3012//861 3011//861 3013//861
f 3012//861 3013//861 3014//861
f 3014//861 3013//861 3015//861
f 3014//861 3015//861 3016//861
f 3016//861 3015//861 3017//861
f 3016//861 3017//861 3018//861
f 3018//861 3017//861 3019//861
f 3018//861 3019//861 3020//861
f 3020//861 3019//861 3021//861
f 3020//861 3021//861 3022//861
f 3022//861 3021//861 3023//861
f 3022//861 3023//861 3024//861
f 3024//861 3023//861 3025//861
f 3024//861 3025//861 3026//861
f 3024//861 3026//861 3027//861
f 3027//861 3026//861 3028//861
f 3028//861 3026//861 3029//861
f 3028//861 3029//861 3030//861
f 3030//861 3029//861 3031//861
f 3030//861 3031//861 3032//861
f 3032//861 3031//861 3033//861
f 3032//861 3033//861 3034//861
f 3034//861 3033//861 3035//861
f 3034//861 3035//861 3036//861
f 3036//861 3035//861 3037//861
f 3036//861 3037//861 3038//861
f 3038//861 3037//861 3039//861
f 3038//861 3039//861 3040//861
f 3040//861 3039//861 3041//861
f 3040//861 3041//861 3042//861
f 3042//861 3041//861 3043//861
f 3042//861 3043//861 3044//861
f 3045//861 3046//861 3047//861
f 3046//861 3045//861 3048//861
f 3046//861 3048//861 3049//861
f 3049//861 3048//861 3050//861
f 3049//861 3050//861 3044//861
f 3044//861 3050//861 3042//861
f 3051//861 3052//861 3053//861
f 3052//861 3051//861 3054//861
f 3054//861 3051//861 3055//861
f 3055//861 3051//861 3056//861
f 3055//861 3056//861 3057//861
f 3057//861 3056//861 3058//861
f 3057//861 3058//861 3059//861
f 3059//861 3058//861 3060//861
f 3059//861 3060//861 3061//861
f 3061//861 3060//861 3062//861
f 3061//861 3062//861 3063//861
f 3063//861 3062//861 3064//861
f 3063//861 3064//861 3065//861
f 3065//861 3064//861 3066//861
f 3065//861 3066//861 3067//861
f 3067//861 3066//861 3068//861
f 3068//861 3066//861 3069//861
f 3068//861 3069//861 3070//861
f 3068//861 3070//861 3071//861
f 3068//861 3071//861 3072//861
f 3072//861 3071//861 3073//861
f 3072//861 3073//861 3074//861
f 3072//861 3074//861 3075//861
f 3075//861 3074//861 3076//861
f 3075//861 3076//861 3077//861
f 3077//861 3076//861 3078//861
f 3077//861 3078//861 3079//861
f 3079//861 3078//861 3080//861
f 3079//861 3080//861 3081//861
f 3081//861 3080//861 3082//861
f 3082//861 3080//861 3083//861
f 3082//861 3083//861 3084//861
f 3082//861 3084//861 3085//861
f 3085//861 3084//861 3086//861
f 3085//861 3086//861 3087//861
f 3085//861 3087//861 3088//861
f 3088//861 3087//861 3089//861
f 3088//861 3089//861 3090//861
f 3090//861 3089//861 3091//861
f 3090//861 3091//861 3092//861
f 3092//861 3091//861 3093//861
f 3092//861 3093//861 3094//861
f 3094//861 3093//861 3095//861
f 3094//861 3095//861 3096//861
f 3096//861 3095//861 3097//861
f 3096//861 3097//861 3098//861
f 3098//861 3097//861 3099//861
f 3098//861 3099//861 3100//861
f 3100//861 3099//861 3101//861
f 3100//861 3101//861 3102//861
f 3102//861 3101//861 3103//861
f 3102//861 3103//861 3104//861
f 3104//861 3103//861 3105//861
f 3104//861 3105//861 3106//861
f 3106//861 3105//861 3107//861
f 3106//861 3107//861 3108//861
f 3108//861 3107//861 3109//861
f 3108//861 3109//861 3110//861
f 3110//861 3109//861 3111//861
f 3110//861 3111//861 3112//861
f 3110//861 3112//861 3113//861
f 3113//861 3112//861 3114//861
f 3113//861 3114//861 3115//861
f 3113//861 3115//861 3116//861
f 3116//861 3115//861 3117//861
f 3116//861 3117//861 3118//861
f 3118//861 3117//861 3119//861
f 3118//861 3119//861 3120//861
f 3120//861 3119//861 3121//861
f 3121//861 3119//861 3122//861
f 3121//861 3122//861 3123//861
f 3123//861 3122//861 3124//861
f 3123//861 3124//861 3125//861
f 3125//861 3124//861 3126//861
f 3125//861 3126//861 3127//861
f 3127//861 3126//861 3128//861
f 3127//861 3128//861 3129//861
f 3129//861 3128//861 3130//861
f 3129//861 3130//861 3131//861
f 3131//861 3130//861 3132//861
f 3131//861 3132//861 3133//861
f 3133//861 3132//861 3134//861
f 3133//861 3134//861 3135//861
f 3135//861 3134//861 3136//861
f 3135//861 3136//861 3137//861
f 3137//861 3136//861 3138//861
f 3137//861 3138//861 3139//861
f 3139//861 3138//861 3140//861
f 3139//861 3140//861 3141//861
f 3141//861 3140//861 3142//861
f 3141//861 3142//861 3143//861
f 3143//861 3142//861 3144//861
f 3143//861 3144//861 3145//861
f 3143//861 3145//861 3146//861
f 3146//861 3145//861 3147//861
f 3146//861 3147//861 3148//861
f 3148//861 3147//861 3149//861
f 3149//861 3147//861 3150//861
f 3149//861 3150//861 3151//861
f 3149//861 3151//861 3152//861
f 3152//861 3151//861 3153//861
f 3152//861 3153//861 3154//861
f 3154//861 3153//861 3155//861
f 3154//861 3155//861 3156//861
f 3154//861 3156//861 3157//861
f 3157//861 3156//861 3158//861
f 3157//861 3158//861 3159//861
f 3159//861 3158//861 3160//861
f 3159//861 3160//861 3161//861
f 3161//861 3160//861 3162//861
f 3161//861 3162//861 3163//861
f 3163//861 3162//861 3164//861
f 3163//861 3164//861 3165//861
f 3165//861 3164//861 3166//861
f 3165//861 3166//861 3167//861
f 3165//861 3167//861 3168//861
f 3168//861 3167//861 3169//861
f 3168//861 3169//861 3170//861
f 3170//861 3169//861 3171//861
f 3170//861 3171//861 3172//861
f 3172//861 3171//861 3173//861
f 3172//861 3173//861 3174//861
f 3174//861 3173//861 3175//861
f 3174//861 3175//861 3176//861
f 3174//861 3176//861 3177//861
f 3177//861 3176//861 3178//861
f 3178//861 3176//861 3179//861
f 3178//861 3179//861 3180//861
f 3178//861 3180//861 3181//861
f 3181//861 3180//861 3182//861
f 3182//861 3180//861 3183//861
f 3182//861 3183//861 3184//861
f 3184//861 3183//861 3185//861
f 3184//861 3185//861 3186//861
f 3186//861 3185//861 3187//861
f 3186//861 3187//861 3188//861
f 3188//861 3187//861 3189//861
f 3188//861 3189//861 3190//861
f 3190//861 3189//861 3191//861
f 3190//861 3191//861 3192//861
f 3192//861 3191//861 3193//861
f 3192//861 3193//861 3194//861
f 3194//861 3193//861 3195//861
f 3194//861 3195//861 3196//861
f 3196//861 3195//861 3197//861
f 3196//861 3197//861 3198//861
f 3196//861 3198//861 3199//861
f 3196//861 3199//861 3200//861
f 3200//861 3199//861 3201//861
f 3201//861 3199//861 3202//861
f 3201//861 3202//861 3203//861
f 3203//861 3202//861 3204//861
f 3203//861 3204//861 3205//861
f 3205//861 3204//861 3206//861
f 3206//861 3204//861 3207//861
f 3206//861 3207//861 3208//861
f 3208//861 3207//861 3209//861
f 3208//861 3209//861 3210//861
f 3210//861 3209//861 3211//861
f 3210//861 3211//861 3212//861
f 3212//861 3211//861 3213//861
f 3212//861 3213//861 3214//861
f 3214//861 3213//861 3215//861
f 3214//861 3215//861 3216//861
f 3216//861 3215//861 3217//861
f 3216//861 3217//861 3218//861
f 3218//861 3217//861 3219//861
f 3219//861 3217//861 3220//861
f 3219//861 3220//861 3221//861
f 3221//861 3220//861 3222//861
f 3221//861 3222//861 3223//861
f 3223//861 3222//861 3224//861
f 3224//861 3222//861 3225//861
f 3224//861 3225//861 3226//861
f 3224//861 3226//861 3227//861
f 3227//861 3226//861 3228//861
f 3227//861 3228//861 3229//861
f 3229//861 3228//861 3230//861
f 3229//861 3230//861 3231//861
f 3231//861 3230//861 3232//861
f 3231//861 3232//861 3233//861
f 3233//861 3232//861 3234//861
f 3233//861 3234//861 3235//861
f 3235//861 3234//861 3236//861
f 3235//861 3236//861 3237//861
f 3237//861 3236//861 3238//861
f 3237//861 3238//861 3239//861
f 3239//861 3238//861 3240//861
f 3239//861 3240//861 3241//861
f 3241//861 3240//861 3242//861
f 3241//861 3242//861 3243//861
f 3243//861 3242//861 3244//861
f 3243//861 3244//861 3245//861
f 3245//861 3244//861 3246//861
f 3245//861 3246//861 3247//861
f 3247//861 3246//861 3248//861
f 3247//861 3248//861 3249//861
f 3249//861 3248//861 3250//861
f 3249//861 3250//861 3251//861
f 3251//861 3250//861 3252//861
f 3251//861 3252//861 3253//861
f 3253//861 3252//861 3254//861
f 3253//861 3254//861 3255//861
f 3255//861 3254//861 3256//861
f 3256//861 3254//861 3257//861
f 3256//861 3257//861 3258//861
f 3256//861 3258//861 3259//861
f 3259//861 3258//861 3260//861
f 3259//861 3260//861 3261//861
f 3261//861 3260//861 3262//861
f 3261//861 3262//861 3263//861
f 3263//861 3262//861 3264//861
f 3263//861 3264//861 3265//861
f 3265//861 3264//861 3266//861
f 3265//861 3266//861 3267//861
f 3267//861 3266//861 3268//861
f 3267//861 3268//861 3269//861
f 3269//861 3268//861 3270//861
f 3269//861 3270//861 3271//861
f 3271//861 3270//861 3272//861
f 3271//861 3272//861 3273//861
f 3273//861 3272//861 3274//861
f 3273//861 3274//861 3275//861
f 3275//861 3274//861 3276//861
f 3275//861 3276//861 3277//861
f 3277//861 3276//861 3278//861
f 3277//861 3278//861 3279//861
f 3279//861 3278//861 3280//861
f 3279//861 3280//861 3281//861
f 3281//861 3280//861 3282//861
f 3282//864 3280//864 3283//864
f 3282//861 3283//861 3284//861
f 3282//861 3284//861 3285//861
f 3285//861 3284//861 3286//861
f 3285//861 3286//861 3287//861
f 3287//861 3286//861 3288//861
f 3287//861 3288//861 3289//861
f 3289//861 3288//861 3290//861
f 3289//861 3290//861 3291//861
f 3291//861 3290//861 3292//861
f 3291//861 3292//861 3293//861
f 3293//861 3292//861 3294//861
f 3293//861 3294//861 3295//861
f 3295//861 3294//861 3296//861
f 3295//861 3296//861 3297//861
f 3297//861 3296//861 3298//861
f 3297//861 3298//861 3299//861
f 3299//861 3298//861 3300//861
f 3299//861 3300//861 3301//861
f 3301//861 3300//861 3302//861
f 3302//861 3300//861 3303//861
f 3302//861 3303//861 3304//861
f 3304//861 3303//861 3305//861
f 3304//861 3305//861 3306//861
f 3306//861 3305//861 3307//861
f 3306//861 3307//861 3308//861
f 3308//861 3307//861 3309//861
f 3308//861 3309//861 3310//861
f 3310//861 3309//861 3311//861
f 3310//861 3311//861 3312//861
f 3312//861 3311//861 3313//861
f 3312//861 3313//861 3314//861
f 3314//861 3313//861 3315//861
f 3314//861 3315//861 3316//861
f 3316//861 3315//861 3317//861
f 3316//861 3317//861 3318//861
f 3318//861 3317//861 3319//861
f 3318//861 3319//861 3320//861
f 3320//861 3319//861 3321//861
f 3320//861 3321//861 3322//861
f 3322//861 3321//861 3323//861
f 3322//861 3323//861 3324//861
f 3324//861 3323//861 3325//861
f 3324//861 3325//861 3326//861
f 3326//861 3325//861 3327//861
f 3326//861 3327//861 3328//861
f 3328//861 3327//861 3329//861
f 3328//861 3329//861 3330//861
f 3330//861 3329//861 3331//861
f 3330//861 3331//861 3332//861
f 3332//861 3331//861 3333//861
f 3332//861 3333//861 3334//861
f 3334//861 3333//861 3335//861
f 3334//861 3335//861 3336//861
f 3336//861 3335//861 3337//861
f 3336//861 3337//861 3338//861
f 3338//861 3337//861 3339//861
f 3338//861 3339//861 3340//861
f 3340//861 3339//861 3341//861
f 3340//861 3341//861 3342//861
f 3342//861 3341//861 3343//861
f 3342//861 3343//861 3344//861
f 3344//861 3343//861 3345//861
f 3344//861 3345//861 3346//861
f 3346//861 3345//861 3347//861
f 3346//861 3347//861 3348//861
f 3047//861 3349//861 3350//861
f 3349//861 3047//861 3046//861
f 3350//861 3349//861 3351//861
f 3350//861 3351//861 3352//861
f 3352//861 3351//861 3353//861
f 3352//861 3353//861 3354//861
f 3354//861 3353//861 3355//861
f 3354//861 3355//861 3356//861
f 3356//861 3355//861 3357//861
f 3356//861 3357//861 3358//861
f 3358//861 3357//861 3359//861
f 3358//861 3359//861 3360//861
f 3360//861 3359//861 3361//861
f 3360//861 3361//861 3362//861
f 3362//861 3361//861 3363//861
f 3362//861 3363//861 3364//861
f 3364//861 3363//861 3365//861
f 3364//861 3365//861 3366//861
f 3366//861 3365//861 3367//861
f 3366//861 3367//861 3368//861
f 3368//861 3367//861 3369//861
f 3368//861 3369//861 3370//861
f 3370//861 3369//861 3371//861
f 3371//861 3369//861 3372//861
f 3371//861 3372//861 3373//861
f 3371//861 3373//861 3374//861
f 3374//861 3373//861 3375//861
f 3374//861 3375//861 3376//861
f 3376//861 3375//861 3377//861
f 3376//861 3377//861 3378//861
f 3378//861 3377//861 3379//861
f 3378//861 3379//861 3380//861
f 3380//861 3379//861 3381//861
f 3380//861 3381//861 3382//861
f 3382//861 3381//861 3383//861
f 3382//861 3383//861 3384//861
f 3384//861 3383//861 3385//861
f 3384//861 3385//861 3386//861
f 3386//861 3385//861 3387//861
f 3386//861 3387//861 3388//861
f 3388//861 3387//861 3389//861
f 3388//861 3389//861 3390//861
f 3390//861 3389//861 3391//861
f 3390//861 3391//861 3392//861
f 3392//861 3391//861 3393//861
f 3392//861 3393//861 3394//861
f 3394//861 3393//861 3395//861
f 3394//861 3395//861 3396//861
f 3396//861 3395//861 3397//861
f 3396//861 3397//861 3398//861
f 3398//861 3397//861 3399//861
f 3398//861 3399//861 3400//861
f 3400//861 3399//861 3401//861
f 3400//861 3401//861 3402//861
f 3402//861 3401//861 3403//861
f 3402//861 3403//861 3404//861
f 3404//861 3403//861 3405//861
f 3404//861 3405//861 3406//861
f 3406//861 3405//861 3407//861
f 3406//861 3407//861 3408//861
f 3408//861 3407//861 3409//861
f 3408//861 3409//861 3410//861
f 3408//861 3410//861 3411//861
f 3411//861 3410//861 3412//861
f 3411//861 3412//861 3413//861
f 3413//861 3412//861 3414//861
f 3413//861 3414//861 3415//861
f 3415//861 3414//861 3416//861
f 3415//861 3416//861 3417//861
f 3417//861 3416//861 3418//861
f 3417//861 3418//861 3419//861
f 3419//861 3418//861 3420//861
f 3419//861 3420//861 3421//861
f 3421//861 3420//861 3422//861
f 3421//861 3422//861 3423//861
f 3423//861 3422//861 3424//861
f 3423//861 3424//861 3425//861
f 3425//861 3424//861 3426//861
f 3425//861 3426//861 3427//861
f 3427//861 3426//861 3428//861
f 3427//861 3428//861 3429//861
f 3429//861 3428//861 3430//861
f 3429//861 3430//861 3431//861
f 3431//861 3430//861 3432//861
f 3431//861 3432//861 3433//861
f 3433//861 3432//861 3434//861
f 3433//861 3434//861 3435//861
f 3435//861 3434//861 3436//861
f 3435//861 3436//861 3437//861
f 3437//861 3436//861 3438//861
f 3437//861 3438//861 3439//861
f 3439//861 3438//861 3440//861
f 3439//861 3440//861 3441//861
f 3441//861 3440//861 3442//861
f 3441//861 3442//861 3443//861
f 3443//861 3442//861 3444//861
f 3443//861 3444//861 3445//861
f 3445//861 3444//861 3446//861
f 3445//861 3446//861 3447//861
f 3447//861 3446//861 3448//861
f 3447//861 3448//861 3449//861
f 3449//861 3448//861 3450//861
f 3449//861 3450//861 3451//861
f 3451//861 3450//861 3452//861
f 3451//861 3452//861 3453//861
f 3451//861 3453//861 3454//861
f 3454//861 3453//861 3455//861
f 3455//861 3453//861 3456//861
f 3455//861 3456//861 3457//861
f 3457//861 3456//861 3458//861
f 3457//861 3458//861 3459//861
f 3459//861 3458//861 3460//861
f 3459//861 3460//861 3461//861
f 3461//861 3460//861 3462//861
f 3461//861 3462//861 3463//861
f 3463//861 3462//861 3464//861
f 3463//861 3464//861 3465//861
f 3465//861 3464//861 3466//861
f 3465//861 3466//861 3467//861
f 3467//861 3466//861 3468//861
f 3467//861 3468//861 3469//861
f 3469//861 3468//861 3470//861
f 3469//861 3470//861 3471//861
f 3471//861 3470//861 3472//861
f 3471//861 3472//861 3473//861
f 3473//861 3472//861 3474//861
f 3473//861 3474//861 3475//861
f 3475//861 3474//861 3476//861
f 3475//861 3476//861 3477//861
f 3477//861 3476//861 3478//861
f 3477//861 3478//861 3479//861
f 3479//861 3478//861 3480//861
f 3479//861 3480//861 3481//861
f 3481//861 3480//861 3482//861
f 3481//861 3482//861 3483//861
f 3483//861 3482//861 3484//861
f 3483//861 3484//861 3485//861
f 3485//861 3484//861 3486//861
f 3485//861 3486//861 3487//861
f 3485//861 3487//861 3488//861
f 3485//861 3488//861 3489//861
f 3489//861 3488//861 3490//861
f 3489//861 3490//861 3491//861
f 3491//861 3490//861 3492//861
f 3491//861 3492//861 3493//861
f 3493//861 3492//861 3494//861
f 3493//861 3494//861 3495//861
f 3495//861 3494//861 3496//861
f 3496//861 3494//861 3497//861
f 3496//861 3497//861 3498//861
f 3498//861 3497//861 3499//861
f 3498//861 3499//861 3500//861
f 3500//861 3499//861 3501//861
f 3500//861 3501//861 3502//861
f 3502//861 3501//861 3503//861
f 3502//861 3503//861 3504//861
f 3504//861 3503//861 3505//861
f 3504//861 3505//861 3506//861
f 3506//861 3505//861 3507//861
f 3506//861 3507//861 3508//861
f 3508//861 3507//861 3509//861
f 3508//861 3509//861 3510//861
f 3510//861 3509//861 3511//861
f 3510//861 3511//861 3512//861
f 3512//861 3511//861 3513//861
f 3512//861 3513//861 3514//861
f 3514//861 3513//861 3515//861
f 3514//861 3515//861 3516//861
f 3516//861 3515//861 3517//861
f 3516//861 3517//861 3518//861
f 3518//861 3517//861 3519//861
f 3518//861 3519//861 3520//861
f 3520//861 3519//861 3521//861
f 3520//861 3521//861 3522//861
f 3522//861 3521//861 3523//861
f 3522//861 3523//861 3524//861
f 3524//861 3523//861 3525//861
f 3524//861 3525//861 3526//861
f 3526//861 3525//861 3527//861
f 3526//861 3527//861 3528//861
f 3528//861 3527//861 3529//861
f 3528//861 3529//861 3530//861
f 3530//861 3529//861 3531//861
f 3530//861 3531//861 3532//861
f 3532//861 3531//861 3533//861
f 3532//861 3533//861 3534//861
f 3534//861 3533//861 3535//861
f 3534//861 3535//861 3536//861
f 3536//861 3535//861 3537//861
f 3536//861 3537//861 3538//861
f 3538//861 3537//861 3539//861
f 3538//861 3539//861 3540//861
f 3540//861 3539//861 3541//861
f 3540//861 3541//861 3542//861
f 3540//861 3542//861 3543//861
f 3543//861 3542//861 3544//861
f 3543//861 3544//861 3545//861
f 3545//861 3544//861 3546//861
f 3545//861 3546//861 3547//861
f 3547//861 3546//861 3548//861
f 3547//861 3548//861 3549//861
f 3549//861 3548//861 3550//861
f 3549//861 3550//861 3551//861
f 3551//861 3550//861 3552//861
f 3551//861 3552//861 3553//861
f 3553//861 3552//861 3554//861
f 3553//861 3554//861 3555//861
f 3555//861 3554//861 3556//861
f 3555//861 3556//861 3557//861
f 3557//861 3556//861 3558//861
f 3557//861 3558//861 3559//861
f 3559//861 3558//861 3560//861
f 3559//861 3560//861 3561//861
f 3561//861 3560//861 3562//861
f 3561//861 3562//861 3563//861
f 3563//861 3562//861 3564//861
f 3563//861 3564//861 3565//861
f 3565//861 3564//861 3566//861
f 3565//861 3566//861 3567//861
f 3567//861 3566//861 3568//861
f 3567//861 3568//861 3569//861
f 3569//861 3568//861 3570//861
f 3569//861 3570//861 3571//861
f 3571//861 3570//861 3572//861
f 3571//861 3572//861 3573//861
f 3573//861 3572//861 3348//861
f 3573//861 3348//861 3574//861
f 3574//861 3348//861 3347//861
f 2810//861 3575//861 2811//861
f 3575//861 2810//861 3576//861
f 3575//861 3576//861 3577//861
f 3577//861 3576//861 3578//861
f 3578//861 3576//861 3579//861
f 3578//861 3579//861 3580//861
f 3580//861 3579//861 3581//861
f 3580//861 3581//861 3582//861
f 3582//861 3581//861 3583//861
f 3582//861 3583//861 3584//861
f 3584//861 3583//861 3052//861
f 3584//861 3052//861 3054//861
f 3585//865 3586//865 3587//865
f 3586//866 3585//866 3588//866
f 3589//866 3590//866 3591//866
f 3590//866 3589//866 3592//866
f 3619//867 3620//867 3621//867
f 3620//867 3619//867 3622//867
f 3623//868 3624//868 3625//868
f 3624//868 3623//868 3626//868
f 3627//869 3628//869 3629//869
f 3628//870 3627//870 3630//870
f 3631//871 3632//871 3633//871
f 3632//871 3631//871 3634//871
f 3655//872 3654//872 3656//872
f 3654//872 3655//872 3653//872
f 3657//873 3658//873 3659//873
f 3658//873 3657//873 3660//873
f 3711//874 3712//874 3713//874
f 3712//874 3711//874 3714//874
f 3787//875 3788//875 3789//875
f 3788//875 3787//875 3790//875
f 3847//876 3848//876 3849//876
f 3848//876 3847//876 3850//876
f 3851//877 3852//877 3853//877
f 3852//877 3851//877 3854//877
f 3877//878 3878//878 3879//878
f 3878//878 3877//878 3880//878
f 3907//879 3908//879 3909//879
f 3908//879 3907//879 3910//879
f 3911//880 3912//880 3913//880
f 3912//880 3911//880 3914//880
f 3915//880 3916//880 3917//880
f 3916//880 3915//880 3918//880
f 3943//881 3944//881 3945//881
f 3944//881 3943//881 3946//881
f 3977//882 3978//882 3979//882
f 3978//883 3977//883 3980//883
f 4007//884 4008//884 4009//884
f 4008//884 4007//884 4010//884
f 4031//885 4032//885 4033//885
f 4032//886 4031//886 4034//886
f 4035//887 4036//887 4037//887
f 4036//887 4035//887 4038//887
f 4055//888 4056//888 4057//888
f 4056//888 4055//888 4058//888
f 4069//889 4070//889 4071//889
f 4070//889 4069//889 4072//889
f 4087//890 4088//890 4089//890
f 4088//890 4087//890 4090//890
f 4107//891 4108//891 4109//891
f 4108//891 4107//891 4110//891
f 4131//892 4132//892 4133//892
f 4132//892 4131//892 4134//892
f 4161//893 4162//893 4163//893
f 4162//893 4161//893 4164//893
f 4165//894 4166//894 4167//894
f 4166//894 4165//894 4168//894
f 4169//895 4170//895 4171//895
f 4170//895 4169//895 4172//895
f 4173//896 4174//896 4175//896
f 4174//896 4173//896 4176//896
f 4203//897 4204//897 4205//897
f 4204//898 4203//898 4206//898
f 4207//899 4208//899 4209//899
f 4208//899 4207//899 4210//899
f 4211//900 4212//900 4213//900
f 4212//900 4211//900 4214//900
f 4241//901 4242//901 4243//901
f 4242//901 4241//901 4244//901
f 4245//902 4246//902 4247//902
f 4246//902 4245//902 4248//902
f 4249//902 4250//902 4251//902
f 4250//902 4249//902 4252//902
f 4253//902 4254//902 4255//902
f 4254//902 4253//902 4256//902
f 4277//903 4278//903 4279//903
f 4278//904 4277//904 4280//904
f 4289//905 4290//905 4291//905
f 4290//905 4289//905 4292//905
f 4293//906 4294//906 4295//906
f 4294//906 4293//906 4296//906
f 4323//907 4324//907 4325//907
f 4324//907 4323//907 4326//907
f 4327//908 4328//908 4329//908
f 4328//908 4327//908 4330//908
f 4349//909 4350//909 4351//909
f 4350//909 4349//909 4352//909
f 4369//910 4370//910 4371//910
f 4370//911 4369//911 4372//911
f 4373//912 4374//912 4375//912
f 4374//912 4373//912 4376//912
f 4377//913 4378//913 4379//913
f 4378//913 4377//913 4380//913
f 4381//913 4382//913 4383//913
f 4382//913 4381//913 4384//913
f 4411//914 4412//914 4413//914
f 4412//914 4411//914 4414//914
f 4415//914 4416//914 4417//914
f 4416//914 4415//914 4418//914
f 4449//866 4450//866 4451//866
f 4450//866 4449//866 4452//866
f 4453//915 4454//915 4455//915
f 4454//915 4453//915 4456//915
f 4457//915 4458//915 4459//915
f 4458//915 4457//915 4460//915
f 4461//916 4462//916 4463//916
f 4462//916 4461//916 4464//916
f 4465//917 4466//917 4467//917
f 4466//917 4465//917 4468//917
f 4499//918 4500//918 4501//918
f 4500//918 4499//918 4502//918
f 4503//919 4504//919 4505//919
f 4504//919 4503//919 4506//919
f 4507//920 4508//920 4509//920
f 4508//920 4507//920 4510//920
f 4511//921 4512//921 4513//921
f 4512//921 4511//921 4514//921
f 4533//922 4534//922 4535//922
f 4534//922 4533//922 4536//922
f 4537//923 4538//923 4539//923
f 4538//924 4537//924 4540//924
f 4541//925 4542//925 4543//925
f 4542//925 4541//925 4544//925
f 4545//924 4546//924 4547//924
f 4546//924 4545//924 4548//924
f 4563//926 4564//926 4565//926
f 4564//926 4563//926 4566//926
f 4567//866 4568//866 4569//866
f 4568//866 4567//866 4570//866
f 4571//866 4572//866 4573//866
f 4572//866 4571//866 4574//866
f 4575//927 4576//927 4577//927
f 4576//927 4575//927 4578//927
f 4577//927 4576//927 4579//927
f 4577//927 4579//927 4580//927
f 4577//927 4580//927 4581//927
f 4581//927 4580//927 4582//927
f 4581//927 4582//927 4583//927
f 4583//927 4582//927 4584//927
f 4583//927 4584//927 4585//927
f 4585//927 4584//927 4586//927
f 4585//927 4586//927 4587//927
f 4587//927 4586//927 4588//927
f 4589//927 4590//927 4591//927
f 4590//927 4589//927 4592//927
f 4590//927 4592//927 4593//927
f 4593//927 4592//927 4594//927
f 4593//927 4594//927 4595//927
f 4595//927 4594//927 4596//927
f 4595//927 4596//927 4597//927
f 4597//927 4596//927 4598//927
f 4597//927 4598//927 4599//927
f 4599//927 4598//927 4600//927
f 4599//927 4600//927 4601//927
f 4601//927 4600//927 4602//927
f 4601//927 4602//927 4603//927
f 4603//927 4602//927 4604//927
f 4603//927 4604//927 4605//927
f 4605//927 4604//927 4606//927
f 4605//927 4606//927 4607//927
f 4607//927 4606//927 4608//927
f 4607//927 4608//927 4609//927
f 4609//927 4608//927 4610//927
f 4609//927 4610//927 4611//927
f 4611//927 4610//927 4612//927
f 4611//927 4612//927 4613//927
f 4611//927 4613//927 4614//927
f 4614//927 4613//927 4615//927
f 4615//927 4613//927 4616//927
f 4615//927 4616//927 4617//927
f 4617//927 4616//927 4618//927
f 4617//927 4618//927 4619//927
f 4619//927 4618//927 4620//927
f 4619//927 4620//927 4621//927
f 4621//927 4620//927 4622//927
f 4621//927 4622//927 4623//927
f 4623//927 4622//927 4624//927
f 4623//927 4624//927 4625//927
f 4625//927 4624//927 4626//927
f 4625//927 4626//927 4627//927
f 4627//927 4626//927 4628//927
f 4627//927 4628//927 4629//927
f 4629//927 4628//927 4630//927
f 4629//927 4630//927 4631//927
f 4631//927 4630//927 4632//927
f 4631//927 4632//927 4633//927
f 4633//927 4632//927 4634//927
f 4633//927 4634//927 4635//927
f 4635//927 4634//927 4636//927
f 4635//927 4636//927 4637//927
f 4637//927 4636//927 4638//927
f 4637//927 4638//927 4639//927
f 4639//927 4638//927 4640//927
f 4639//927 4640//927 4641//927
f 4641//927 4640//927 4642//927
f 4641//927 4642//927 4643//927
f 4643//927 4642//927 4644//927
f 4643//927 4644//927 4645//927
f 4645//927 4644//927 4646//927
f 4645//927 4646//927 4647//927
f 4647//927 4646//927 4648//927
f 4647//927 4648//927 4649//927
f 4649//927 4648//927 4650//927
f 4649//927 4650//927 4651//927
f 4651//927 4650//927 4652//927
f 4652//927 4650//927 4653//927
f 4652//927 4653//927 4654//927
f 4654//927 4653//927 4655//927
f 4654//927 4655//927 4656//927
f 4656//927 4655//927 4657//927
f 4656//927 4657//927 4658//927
f 4658//927 4657//927 4659//927
f 4658//927 4659//927 4660//927
f 4660//927 4659//927 4661//927
f 4660//927 4661//927 4662//927
f 4662//927 4661//927 4663//927
f 4662//927 4663//927 4664//927
f 4664//927 4663//927 4665//927
f 4664//927 4665//927 4666//927
f 4666//927 4665//927 4667//927
f 4666//927 4667//927 4668//927
f 4668//927 4667//927 4669//927
f 4668//927 4669//927 4670//927
f 4670//927 4669//927 4671//927
f 4670//927 4671//927 4672//927
f 4672//927 4671//927 4673//927
f 4672//927 4673//927 4674//927
f 4674//927 4673//927 4675//927
f 4674//927 4675//927 4676//927
f 4676//927 4675//927 4677//927
f 4676//927 4677//927 4678//927
f 4678//927 4677//927 4679//927
f 4678//927 4679//927 4680//927
f 4680//927 4679//927 4681//927
f 4680//927 4681//927 4682//927
f 4682//927 4681//927 4683//927
f 4682//927 4683//927 4684//927
f 4684//927 4683//927 4685//927
f 4684//927 4685//927 4686//927
f 4686//927 4685//927 4687//927
f 4686//927 4687//927 4688//927
f 4688//927 4687//927 4689//927
f 4688//927 4689//927 4690//927
f 4690//927 4689//927 4691//927
f 4690//927 4691//927 4692//927
f 4692//927 4691//927 4693//927
f 4692//927 4693//927 4694//927
f 4694//927 4693//927 4695//927
f 4695//927 4693//927 4696//927
f 4695//927 4696//927 4697//927
f 4695//927 4697//927 4698//927
f 4698//927 4697//927 4699//927
f 4698//927 4699//927 4700//927
f 4700//927 4699//927 4701//927
f 4700//927 4701//927 4702//927
f 4702//927 4701//927 4703//927
f 4702//927 4703//927 4704//927
f 4704//927 4703//927 4705//927
f 4704//927 4705//927 4706//927
f 4706//927 4705//927 4707//927
f 4706//927 4707//927 4708//927
f 4708//927 4707//927 4709//927
f 4708//927 4709//927 4710//927
f 4710//927 4709//927 4711//927
f 4710//927 4711//927 4712//927
f 4712//927 4711//927 4713//927
f 4712//927 4713//927 4714//927
f 4714//927 4713//927 4715//927
f 4714//927 4715//927 4716//927
f 4716//927 4715//927 4717//927
f 4716//927 4717//927 4718//927
f 4718//927 4717//927 4719//927
f 4718//927 4719//927 4720//927
f 4720//927 4719//927 4721//927
f 4720//927 4721//927 4722//927
f 4722//927 4721//927 4723//927
f 4722//927 4723//927 4724//927
f 4724//927 4723//927 4725//927
f 4724//927 4725//927 4726//927
f 4726//927 4725//927 4727//927
f 4726//927 4727//927 4728//927
f 4728//927 4727//927 4729//927
f 4729//927 4727//927 4730//927
f 4730//927 4727//927 4731//927
f 4730//927 4731//927 4732//927
f 4732//927 4731//927 4733//927
f 4732//927 4733//927 4734//927
f 4734//927 4733//927 4735//927
f 4734//927 4735//927 4736//927
f 4736//927 4735//927 4737//927
f 4736//927 4737//927 4738//927
f 4736//927 4738//927 4739//927
f 4739//927 4738//927 4740//927
f 4739//927 4740//927 4741//927
f 4741//927 4740//927 4742//927
f 4741//927 4742//927 4743//927
f 4743//927 4742//927 4744//927
f 4743//927 4744//927 4745//927
f 4745//927 4744//927 4746//927
f 4745//927 4746//927 4747//927
f 4747//927 4746//927 4748//927
f 4747//927 4748//927 4749//927
f 4749//927 4748//927 4750//927
f 4749//927 4750//927 4751//927
f 4751//927 4750//927 4752//927
f 4751//927 4752//927 4753//927
f 4753//927 4752//927 4754//927
f 4753//927 4754//927 4755//927
f 4755//927 4754//927 4756//927
f 4755//927 4756//927 4757//927
f 4757//927 4756//927 4758//927
f 4757//927 4758//927 4759//927
f 4759//927 4758//927 4760//927
f 4759//927 4760//927 4761//927
f 4761//927 4760//927 4762//927
f 4761//927 4762//927 4763//927
f 4763//927 4762//927 4764//927
f 4763//927 4764//927 4765//927
f 4765//927 4764//927 4766//927
f 4765//927 4766//927 4767//927
f 4767//927 4766//927 4768//927
f 4767//927 4768//927 4769//927
f 4769//927 4768//927 4770//927
f 4769//927 4770//927 4771//927
f 4771//927 4770//927 4772//927
f 4771//927 4772//927 4773//927
f 4773//927 4772//927 4774//927
f 4773//927 4774//927 4775//927
f 4775//927 4774//927 4776//927
f 4775//927 4776//927 4777//927
f 4777//927 4776//927 4778//927
f 4777//927 4778//927 4779//927
f 4779//927 4778//927 4780//927
f 4779//927 4780//927 4781//927
f 4781//927 4780//927 4782//927
f 4781//927 4782//927 4783//927
f 4783//927 4782//927 4784//927
f 4784//927 4782//927 4785//927
f 4784//927 4785//927 4786//927
f 4786//927 4785//927 4787//927
f 4786//927 4787//927 4788//927
f 4788//927 4787//927 4789//927
f 4788//927 4789//927 4790//927
f 4790//927 4789//927 4791//927
f 4790//927 4791//927 4792//927
f 4792//927 4791//927 4793//927
f 4792//927 4793//927 4794//927
f 4794//927 4793//927 4795//927
f 4794//927 4795//927 4796//927
f 4796//927 4795//927 4797//927
f 4796//927 4797//927 4798//927
f 4798//927 4797//927 4799//927
f 4798//927 4799//927 4800//927
f 4800//927 4799//927 4801//927
f 4800//927 4801//927 4802//927
f 4802//927 4801//927 4803//927
f 4802//927 4803//927 4804//927
f 4804//927 4803//927 4805//927
f 4804//927 4805//927 4806//927
f 4806//927 4805//927 4807//927
f 4806//927 4807//927 4808//927
f 4808//927 4807//927 4809//927
f 4808//927 4809//927 4810//927
f 4810//927 4809//927 4811//927
f 4810//927 4811//927 4812//927
f 4812//927 4811//927 4813//927
f 4812//927 4813//927 4814//927
f 4814//927 4813//927 4815//927
f 4814//927 4815//927 4816//927
f 4816//927 4815//927 4817//927
f 4816//927 4817//927 4818//927
f 4587//927 4819//927 4820//927
f 4819//927 4587//927 4588//927
f 4819//927 4588//927 4821//927
f 4819//927 4821//927 4822//927
f 4822//927 4821//927 4823//927
f 4822//927 4823//927 4824//927
f 4824//927 4823//927 4825//927
f 4824//927 4825//927 4826//927
f 4826//927 4825//927 4827//927
f 4826//927 4827//927 4828//927
f 4828//927 4827//927 4829//927
f 4828//927 4829//927 4830//927
f 4830//927 4829//927 4831//927
f 4830//927 4831//927 4832//927
f 4832//927 4831//927 4833//927
f 4832//927 4833//927 4834//927
f 4832//927 4834//927 4835//927
f 4835//927 4834//927 4836//927
f 4836//927 4834//927 4837//927
f 4837//927 4834//927 4838//927
f 4837//927 4838//927 4839//927
f 4839//927 4838//927 4840//927
f 4840//927 4838//927 4841//927
f 4840//927 4841//927 4842//927
f 4842//927 4841//927 4843//927
f 4842//927 4843//927 4844//927
f 4844//927 4843//927 4845//927
f 4844//927 4845//927 4846//927
f 4846//927 4845//927 4847//927
f 4846//927 4847//927 4848//927
f 4846//927 4848//927 4849//927
f 4849//927 4848//927 4850//927
f 4850//927 4848//927 4851//927
f 4850//927 4851//927 4852//927
f 4852//927 4851//927 4853//927
f 4853//927 4851//927 4854//927
f 4853//927 4854//927 4855//927
f 4855//927 4854//927 4856//927
f 4855//927 4856//927 4857//927
f 4857//927 4856//927 4858//927
f 4857//927 4858//927 4859//927
f 4859//927 4858//927 4860//927
f 4859//927 4860//927 4861//927
f 4861//927 4860//927 4862//927
f 4861//927 4862//927 4863//927
f 4863//927 4862//927 4864//927
f 4863//927 4864//927 4865//927
f 4865//927 4864//927 4866//927
f 4865//927 4866//927 4867//927
f 4867//927 4866//927 4868//927
f 4867//927 4868//927 4869//927
f 4869//927 4868//927 4870//927
f 4869//927 4870//927 4871//927
f 4871//927 4870//927 4872//927
f 4871//927 4872//927 4873//927
f 4873//927 4872//927 4874//927
f 4873//927 4874//927 4875//927
f 4875//927 4874//927 4876//927
f 4875//927 4876//927 4877//927
f 4877//927 4876//927 4878//927
f 4878//927 4876//927 4879//927
f 4878//927 4879//927 4880//927
f 4880//927 4879//927 4881//927
f 4881//927 4879//927 4882//927
f 4881//927 4882//927 4883//927
f 4883//927 4882//927 4884//927
f 4883//927 4884//927 4885//927
f 4885//927 4884//927 4886//927
f 4885//927 4886//927 4887//927
f 4885//927 4887//927 4888//927
f 4888//927 4887//927 4889//927
f 4888//927 4889//927 4890//927
f 4890//927 4889//927 4891//927
f 4890//927 4891//927 4892//927
f 4892//927 4891//927 4893//927
f 4892//927 4893//927 4894//927
f 4894//927 4893//927 4895//927
f 4894//927 4895//927 4896//927
f 4896//927 4895//927 4897//927
f 4896//927 4897//927 4898//927
f 4898//927 4897//927 4899//927
f 4898//927 4899//927 4900//927
f 4900//927 4899//927 4901//927
f 4900//927 4901//927 4902//927
f 4902//927 4901//927 4903//927
f 4902//927 4903//927 4904//927
f 4904//927 4903//927 4905//927
f 4904//927 4905//927 4906//927
f 4906//927 4905//927 4907//927
f 4906//927 4907//927 4908//927
f 4908//927 4907//927 4909//927
f 4908//927 4909//927 4910//927
f 4910//927 4909//927 4911//927
f 4911//927 4909//927 4912//927
f 4911//927 4912//927 4913//927
f 4913//927 4912//927 4914//927
f 4913//927 4914//927 4915//927
f 4913//927 4915//927 4916//927
f 4916//927 4915//927 4917//927
f 4917//927 4915//927 4918//927
f 4917//927 4918//927 4919//927
f 4919//927 4918//927 4920//927
f 4919//927 4920//927 4921//927
f 4921//927 4920//927 4922//927
f 4922//927 4920//927 4923//927
f 4922//927 4923//927 4924//927
f 4924//927 4923//927 4925//927
f 4924//927 4925//927 4926//927
f 4926//927 4925//927 4927//927
f 4926//927 4927//927 4928//927
f 4928//927 4927//927 4929//927
f 4928//927 4929//927 4930//927
f 4930//927 4929//927 4931//927
f 4930//927 4931//927 4932//927
f 4932//927 4931//927 4933//927
f 4933//927 4931//927 4934//927
f 4933//927 4934//927 4935//927
f 4935//927 4934//927 4936//927
f 4935//927 4936//927 4937//927
f 4937//927 4936//927 4938//927
f 4937//927 4938//927 4939//927
f 4939//927 4938//927 4940//927
f 4939//927 4940//927 4941//927
f 4941//927 4940//927 4942//927
f 4942//927 4940//927 4943//927
f 4942//927 4943//927 4944//927
f 4942//927 4944//927 4945//927
f 4945//927 4944//927 4946//927
f 4946//927 4944//927 4947//927
f 4946//927 4947//927 4948//927
f 4946//927 4948//927 4949//927
f 4949//927 4948//927 4950//927
f 4949//927 4950//927 4951//927
f 4951//927 4950//927 4952//927
f 4951//927 4952//927 4953//927
f 4953//927 4952//927 4954//927
f 4953//927 4954//927 4955//927
f 4955//927 4954//927 4956//927
f 4955//927 4956//927 4957//927
f 4957//927 4956//927 4958//927
f 4957//927 4958//927 4959//927
f 4959//927 4958//927 4960//927
f 4959//927 4960//927 4961//927
f 4961//927 4960//927 4962//927
f 4961//927 4962//927 4963//927
f 4963//927 4962//927 4964//927
f 4964//927 4962//927 4965//927
f 4965//927 4962//927 4966//927
f 4965//927 4966//927 4967//927
f 4965//927 4967//927 4968//927
f 4968//927 4967//927 4969//927
f 4968//927 4969//927 4970//927
f 4970//927 4969//927 4971//927
f 4970//927 4971//927 4972//927
f 4970//927 4972//927 4973//927
f 4973//927 4972//927 4974//927
f 4973//927 4974//927 4975//927
f 4975//927 4974//927 4976//927
f 4975//927 4976//927 4977//927
f 4977//927 4976//927 4978//927
f 4977//927 4978//927 4979//927
f 4979//927 4978//927 4980//927
f 4979//927 4980//927 4981//927
f 4981//927 4980//927 4982//927
f 4981//927 4982//927 4983//927
f 4983//927 4982//927 4984//927
f 4983//927 4984//927 4985//927
f 4983//927 4985//927 4986//927
f 4986//927 4985//927 4987//927
f 4986//927 4987//927 4988//927
f 4988//927 4987//927 4989//927
f 4988//927 4989//927 4990//927
f 4988//927 4990//927 4991//927
f 4991//927 4990//927 4992//927
f 4992//927 4990//927 4993//927
f 4992//927 4993//927 4994//927
f 4994//927 4993//927 4995//927
f 4994//927 4995//927 4996//927
f 4996//927 4995//927 4997//927
f 4996//927 4997//927 4998//927
f 4998//927 4997//927 4999//927
f 4998//927 4999//927 5000//927
f 5000//927 4999//927 5001//927
f 5000//927 5001//927 5002//927
f 5002//927 5001//927 5003//927
f 5002//927 5003//927 5004//927
f 5004//927 5003//927 5005//927
f 5004//927 5005//927 5006//927
f 5006//927 5005//927 5007//927
f 5006//927 5007//927 5008//927
f 5008//927 5007//927 5009//927
f 5008//927 5009//927 5010//927
f 5010//927 5009//927 5011//927
f 5010//927 5011//927 5012//927
f 5012//927 5011//927 5013//927
f 5012//927 5013//927 5014//927
f 5014//927 5013//927 5015//927
f 5014//927 5015//927 5016//927
f 5016//927 5015//927 5017//927
f 5016//927 5017//927 5018//927
f 5018//927 5017//927 5019//927
f 5018//927 5019//927 5020//927
f 5020//927 5019//927 5021//927
f 5020//927 5021//927 5022//927
f 5020//927 5022//927 5023//927
f 5023//927 5022//927 5024//927
f 5024//927 5022//927 5025//927
f 5024//927 5025//927 5026//927
f 5026//927 5025//927 5027//927
f 5026//927 5027//927 5028//927
f 5028//927 5027//927 5029//927
f 5028//927 5029//927 5030//927
f 5030//927 5029//927 5031//927
f 5030//927 5031//927 5032//927
f 5032//927 5031//927 5033//927
f 5032//927 5033//927 5034//927
f 5034//927 5033//927 5035//927
f 5034//927 5035//927 5036//927
f 5036//927 5035//927 5037//927
f 5036//927 5037//927 5038//927
f 5038//927 5037//927 5039//927
f 5038//927 5039//927 5040//927
f 5040//927 5039//927 5041//927
f 5040//927 5041//927 5042//927
f 5042//927 5041//927 5043//927
f 5042//927 5043//927 5044//927
f 5044//927 5043//927 5045//927
f 5044//927 5045//927 5046//927
f 5046//927 5045//927 5047//927
f 5046//927 5047//927 5048//927
f 5046//927 5048//927 5049//927
f 5049//927 5048//927 5050//927
f 5050//927 5048//927 5051//927
f 5050//927 5051//927 5052//927
f 5052//927 5051//927 5053//927
f 5052//927 5053//927 5054//927
f 5054//927 5053//927 5055//927
f 5054//927 5055//927 5056//927
f 5056//927 5055//927 5057//927
f 5056//927 5057//927 5058//927
f 5058//927 5057//927 5059//927
f 5058//927 5059//927 5060//927
f 5060//927 5059//927 5061//927
f 5060//927 5061//927 5062//927
f 5062//927 5061//927 5063//927
f 5062//927 5063//927 5064//927
f 5064//927 5063//927 5065//927
f 5064//927 5065//927 5066//927
f 5066//927 5065//927 5067//927
f 5066//927 5067//927 5068//927
f 5066//927 5068//927 5069//927
f 5069//927 5068//927 5070//927
f 5069//927 5070//927 5071//927
f 5071//927 5070//927 5072//927
f 5071//927 5072//927 5073//927
f 5073//927 5072//927 5074//927
f 5073//927 5074//927 5075//927
f 5075//927 5074//927 5076//927
f 5075//927 5076//927 5077//927
f 5077//927 5076//927 5078//927
f 5077//927 5078//927 5079//927
f 5079//927 5078//927 5080//927
f 5079//927 5080//927 5081//927
f 5081//927 5080//927 5082//927
f 5081//927 5082//927 5083//927
f 5083//927 5082//927 5084//927
f 5083//927 5084//927 5085//927
f 5085//927 5084//927 5086//927
f 5085//927 5086//927 5087//927
f 5087//927 5086//927 5088//927
f 5087//927 5088//927 5089//927
f 5089//927 5088//927 5090//927
f 5089//927 5090//927 5091//927
f 5091//927 5090//927 5092//927
f 5091//927 5092//927 5093//927
f 5093//927 5092//927 5094//927
f 5093//927 5094//927 5095//927
f 5095//927 5094//927 5096//927
f 5095//927 5096//927 5097//927
f 5097//927 5096//927 5098//927
f 5097//927 5098//927 5099//927
f 5099//927 5098//927 5100//927
f 5099//927 5100//927 5101//927
f 5101//927 5100//927 5102//927
f 5101//927 5102//927 5103//927
f 5103//927 5102//927 5104//927
f 5103//927 5104//927 5105//927
f 5105//927 5104//927 5106//927
f 5105//927 5106//927 5107//927
f 5107//927 5106//927 5108//927
f 5107//927 5108//927 5109//927
f 5109//927 5108//927 5110//927
f 5109//927 5110//927 5111//927
f 5111//927 5110//927 5112//927
f 5111//927 5112//927 4818//927
f 4818//927 5112//927 4816//927
f 5113//927 4591//927 5114//927
f 4591//927 5113//927 4589//927
f 5114//927 4591//927 5115//927
f 5114//927 5115//927 5116//927
f 5116//927 5115//927 5117//927
f 5116//927 5117//927 5118//927
f 5119//927 5120//927 5121//927
f 5120//927 5119//927 5122//927
f 5120//927 5122//927 4575//927
f 4575//927 5122//927 4578//927
f 4578//927 5122//927 5123//927
f 5123//927 5122//927 5124//927
f 5123//927 5124//927 5125//927
f 5125//927 5124//927 5126//927
f 5125//927 5126//927 5127//927
f 5127//927 5126//927 5128//927
f 5128//927 5126//927 5129//927
f 5128//927 5129//927 5130//927
f 5130//927 5129//927 5131//927
f 5130//927 5131//927 5132//927
f 5132//927 5131//927 5133//927
f 5132//927 5133//927 5134//927
f 5134//927 5133//927 5135//927
f 5134//927 5135//927 5136//927
f 5136//927 5135//927 5137//927
f 5137//927 5135//927 5138//927
f 5138//927 5135//927 5139//927
f 5138//927 5139//927 5140//927
f 5140//927 5139//927 5141//927
f 5140//927 5141//927 5142//927
f 5142//927 5141//927 5143//927
f 5142//927 5143//927 5144//927
f 5144//927 5143//927 5145//927
f 5144//927 5145//927 5146//927
f 5144//927 5146//927 5147//927
f 5147//927 5146//927 5148//927
f 5148//927 5146//927 5149//927
f 5148//927 5149//927 5150//927
f 5150//927 5149//927 5151//927
f 5150//927 5151//927 5152//927
f 5152//927 5151//927 5153//927
f 5152//927 5153//927 5154//927
f 5154//927 5153//927 5155//927
f 5154//927 5155//927 5156//927
f 5156//927 5155//927 5157//927
f 5156//927 5157//927 5158//927
f 5158//927 5157//927 5159//927
f 5158//927 5159//927 5160//927
f 5160//927 5159//927 5161//927
f 5160//927 5161//927 5162//927
f 5162//927 5161//927 5163//927
f 5162//927 5163//927 5164//927
f 5164//927 5163//927 5165//927
f 5164//927 5165//927 5166//927
f 5166//927 5165//927 5167//927
f 5166//927 5167//927 5168//927
f 5168//927 5167//927 5169//927
f 5168//927 5169//927 5170//927
f 5170//927 5169//927 5171//927
f 5170//927 5171//927 5172//927
f 5172//927 5171//927 5173//927
f 5172//927 5173//927 5174//927
f 5174//927 5173//927 5175//927
f 5174//927 5175//927 5176//927
f 5176//927 5175//927 5177//927
f 5176//927 5177//927 5178//927
f 5178//927 5177//927 5179//927
f 5178//927 5179//927 5180//927
f 5180//927 5179//927 5181//927
f 5180//927 5181//927 5182//927
f 5182//927 5181//927 5183//927
f 5182//927 5183//927 5184//927
f 5184//927 5183//927 5185//927
f 5184//927 5185//927 5186//927
f 5186//927 5185//927 5187//927
f 5186//927 5187//927 5188//927
f 5188//927 5187//927 5189//927
f 5188//927 5189//927 5190//927
f 5190//927 5189//927 5191//927
f 5191//927 5189//927 5192//927
f 5191//927 5192//927 5193//927
f 5193//927 5192//927 5194//927
f 5193//927 5194//927 5195//927
f 5195//927 5194//927 5196//927
f 5195//927 5196//927 5197//927
f 5197//927 5196//927 5198//927
f 5197//927 5198//927 5199//927
f 5199//927 5198//927 5200//927
f 5199//927 5200//927 5201//927
f 5201//927 5200//927 5202//927
f 5202//927 5200//927 5203//927
f 5202//927 5203//927 5204//927
f 5202//927 5204//927 5205//927
f 5205//927 5204//927 5206//927
f 5205//927 5206//927 5207//927
f 5205//927 5207//927 5208//927
f 5208//927 5207//927 5209//927
f 5208//927 5209//927 5210//927
f 5210//927 5209//927 5211//927
f 5210//927 5211//927 5212//927
f 5212//927 5211//927 5213//927
f 5212//927 5213//927 5214//927
f 5214//927 5213//927 5215//927
f 5214//927 5215//927 5216//927
f 5216//927 5215//927 5217//927
f 5216//927 5217//927 5218//927
f 5218//927 5217//927 5219//927
f 5218//927 5219//927 5220//927
f 5220//927 5219//927 5221//927
f 5220//927 5221//927 5222//927
f 5222//927 5221//927 5223//927
f 5222//927 5223//927 5224//927
f 5224//927 5223//927 5225//927
f 5224//927 5225//927 5226//927
f 5226//927 5225//927 5227//927
f 5226//927 5227//927 5228//927
f 5226//927 5228//927 5229//927
f 5229//927 5228//927 5230//927
f 5230//927 5228//927 5231//927
f 5230//927 5231//927 5232//927
f 5230//927 5232//927 5233//927
f 5230//927 5233//927 5234//927
f 5234//927 5233//927 5235//927
f 5235//927 5233//927 5236//927
f 5236//927 5233//927 5237//927
f 5236//927 5237//927 5238//927
f 5238//927 5237//927 5239//927
f 5238//927 5239//927 5240//927
f 5240//927 5239//927 5241//927
f 5240//927 5241//927 5242//927
f 5242//927 5241//927 5243//927
f 5242//927 5243//927 5244//927
f 5244//927 5243//927 5245//927
f 5244//927 5245//927 5246//927
f 5246//927 5245//927 5247//927
f 5246//927 5247//927 5248//927
f 5248//927 5247//927 5249//927
f 5248//927 5249//927 5250//927
f 5250//927 5249//927 5251//927
f 5250//927 5251//927 5252//927
f 5252//927 5251//927 5253//927
f 5252//927 5253//927 5254//927
f 5254//927 5253//927 5255//927
f 5254//927 5255//927 5256//927
f 5256//927 5255//927 5257//927
f 5256//927 5257//927 5258//927
f 5256//927 5258//927 5259//927
f 5256//927 5259//927 5260//927
f 5260//927 5259//927 5261//927
f 5260//927 5261//927 5262//927
f 5262//927 5261//927 5263//927
f 5263//927 5261//927 5264//927
f 5264//927 5261//927 5265//927
f 5264//927 5265//927 5266//927
f 5266//927 5265//927 5267//927
f 5266//927 5267//927 5268//927
f 5268//927 5267//927 5269//927
f 5268//927 5269//927 5270//927
f 5270//927 5269//927 5271//927
f 5270//927 5271//927 5272//927
f 5272//927 5271//927 5273//927
f 5272//927 5273//927 5274//927
f 5274//927 5273//927 5275//927
f 5274//927 5275//927 5276//927
f 5276//927 5275//927 5277//927
f 5276//927 5277//927 5278//927
f 5278//927 5277//927 5279//927
f 5278//927 5279//927 5280//927
f 5278//927 5280//927 5281//927
f 5281//927 5280//927 5282//927
f 5282//927 5280//927 5283//927
f 5282//927 5283//927 5284//927
f 5284//927 5283//927 5285//927
f 5284//927 5285//927 5286//927
f 5286//927 5285//927 5287//927
f 5286//927 5287//927 5288//927
f 5288//927 5287//927 5289//927
f 5288//927 5289//927 5290//927
f 5290//927 5289//927 5291//927
f 5290//927 5291//927 5292//927
f 5292//927 5291//927 5293//927
f 5292//927 5293//927 5294//927
f 5292//927 5294//927 5295//927
f 5295//927 5294//927 5296//927
f 5295//927 5296//927 5297//927
f 5297//927 5296//927 5298//927
f 5297//927 5298//927 5299//927
f 5299//927 5298//927 5300//927
f 5300//927 5298//927 5301//927
f 5300//927 5301//927 5302//927
f 5302//927 5301//927 5303//927
f 5302//927 5303//927 5304//927
f 5304//927 5303//927 5305//927
f 5304//927 5305//927 5306//927
f 5306//927 5305//927 5307//927
f 5306//927 5307//927 5308//927
f 5308//927 5307//927 5309//927
f 5308//927 5309//927 5310//927
f 5308//927 5310//927 5311//927
f 5311//927 5310//927 5312//927
f 5312//927 5310//927 5313//927
f 5312//927 5313//927 5314//927
f 5314//927 5313//927 5315//927
f 5314//927 5315//927 5316//927
f 5316//927 5315//927 5317//927
f 5316//927 5317//927 5318//927
f 5318//927 5317//927 5319//927
f 5318//927 5319//927 5320//927
f 5320//927 5319//927 5321//927
f 5320//927 5321//927 5322//927
f 5322//927 5321//927 5323//927
f 5322//927 5323//927 5324//927
f 5324//927 5323//927 5325//927
f 5324//927 5325//927 5326//927
f 5326//927 5325//927 5327//927
f 5326//927 5327//927 5328//927
f 5328//927 5327//927 5329//927
f 5328//927 5329//927 5330//927
f 5330//927 5329//927 5331//927
f 5330//927 5331//927 5332//927
f 5332//927 5331//927 5333//927
f 5332//927 5333//927 5334//927
f 5334//927 5333//927 5335//927
f 5334//927 5335//927 5336//927
f 5336//927 5335//927 5337//927
f 5337//927 5335//927 5338//927
f 5337//927 5338//927 5339//927
f 5337//927 5339//927 5340//927
f 5340//927 5339//927 5341//927
f 5340//927 5341//927 5342//927
f 5342//927 5341//927 5343//927
f 5342//927 5343//927 5344//927
f 5344//927 5343//927 5345//927
f 5344//927 5345//927 5346//927
f 5346//927 5345//927 5347//927
f 5346//927 5347//927 5348//927
f 5348//927 5347//927 5349//927
f 5348//927 5349//927 5350//927
f 5350//927 5349//927 5351//927
f 5350//927 5351//927 5352//927
f 5352//927 5351//927 5118//927
f 5352//927 5118//927 5353//927
f 5353//927 5118//927 5117//927
s 1
f 3593//928 3594//915 3595//928
f 3594//915 3593//928 3596//915
f 3597//929 3595//928 3598//929
f 3595//928 3597//929 3593//928
f 3599//930 3598//929 3600//930
f 3598//929 3599//930 3597//929
f 3601//931 3600//930 3602//931
f 3600//930 3601//931 3599//930
f 3603//932 3602//931 3604//932
f 3602//931 3603//932 3601//931
f 3605//933 3604//932 3606//933
f 3604//932 3605//933 3603//932
f 3607//934 3606//933 3608//934
f 3606//933 3607//934 3605//933
f 3609//935 3608//934 3610//935
f 3608//934 3609//935 3607//934
f 3611//936 3610//935 3612//936
f 3610//935 3611//936 3609//935
f 3613//937 3612//936 3614//937
f 3612//936 3613//937 3611//936
f 3615//938 3614//937 3616//938
f 3614//937 3615//938 3613//937
f 3617//939 3616//938 3618//939
f 3616//938 3617//939 3615//938
f 3635//940 3633//941 3636//940
f 3633//941 3635//940 3631//941
f 3637//942 3636//940 3638//942
f 3636//940 3637//942 3635//940
f 3639//943 3638//942 3640//943
f 3638//942 3639//943 3637//942
f 3641//944 3640//943 3642//944
f 3640//943 3641//944 3639//943
f 3643//945 3642//944 3644//945
f 3642//944 3643//945 3641//944
f 3645//946 3644//945 3646//946
f 3644//945 3645//946 3643//945
f 3647//947 3646//946 3648//947
f 3646//946 3647//947 3645//946
f 3649//948 3648//947 3650//948
f 3648//947 3649//948 3647//947
f 3651//949 3650//948 3652//949
f 3650//948 3651//949 3649//948
f 3653//950 3652//949 3654//950
f 3652//949 3653//950 3651//949
f 3661//951 3662//952 3663//951
f 3662//952 3661//951 3664//952
f 3665//953 3663//951 3666//953
f 3663//951 3665//953 3661//951
f 3667//954 3666//953 3668//954
f 3666//953 3667//954 3665//953
f 3669//955 3668//954 3670//955
f 3668//954 3669//955 3667//954
f 3671//956 3670//955 3672//957
f 3670//955 3671//956 3669//955
f 3673//866 3672//957 3674//866
f 3672//957 3673//866 3671//956
f 3675//958 3674//866 3676//958
f 3674//866 3675//958 3673//866
f 3677//959 3676//958 3678//959
f 3676//958 3677//959 3675//958
f 3679//960 3678//959 3680//960
f 3678//959 3679//960 3677//959
f 3681//961 3680//960 3682//961
f 3680//960 3681//961 3679//960
f 3683//962 3681//961 3682//961
f 3681//961 3683//962 3684//962
f 3685//963 3686//964 3687//963
f 3686//964 3685//963 3688//964
f 3689//965 3687//963 3690//965
f 3687//963 3689//965 3685//963
f 3691//966 3690//965 3692//966
f 3690//965 3691//966 3689//965
f 3693//967 3692//966 3694//967
f 3692//966 3693//967 3691//966
f 3695//968 3694//967 3696//968
f 3694//967 3695//968 3693//967
f 3697//969 3696//968 3698//969
f 3696//968 3697//969 3695//968
f 3699//970 3698//969 3700//970
f 3698//969 3699//970 3697//969
f 3701//971 3700//970 3702//971
f 3700//970 3701//971 3699//970
f 3703//972 3702//971 3704//972
f 3702//971 3703//972 3701//971
f 3705//973 3706//974 3707//973
f 3706//974 3705//973 3708//974
f 3709//975 3707//973 3710//975
f 3707//973 3709//975 3705//973
f 3715//976 3716//977 3717//976
f 3716//977 3715//976 3718//977
f 3719//978 3717//976 3720//978
f 3717//976 3719//978 3715//976
f 3721//979 3720//978 3722//979
f 3720//978 3721//979 3719//978
f 3723//980 3722//979 3724//980
f 3722//979 3723//980 3721//979
f 3725//981 3723//980 3724//980
f 3723//980 3725//981 3726//981
f 3727//982 3726//981 3725//981
f 3726//981 3727//982 3728//982
f 3729//983 3728//982 3727//982
f 3728//982 3729//983 3730//983
f 3731//984 3730//983 3729//983
f 3730//983 3731//984 3732//984
f 3733//985 3732//984 3731//984
f 3732//984 3733//985 3734//985
f 3735//986 3734//985 3733//985
f 3734//985 3735//986 3736//986
f 3737//987 3736//986 3735//986
f 3736//986 3737//987 3738//987
f 3739//988 3738//987 3737//987
f 3738//987 3739//988 3740//988
f 3741//989 3742//990 3743//990
f 3742//990 3741//989 3744//989
f 3745//991 3744//989 3741//989
f 3744//989 3745//991 3746//991
f 3747//992 3746//991 3745//991
f 3746//991 3747//992 3748//992
f 3749//993 3748//992 3747//992
f 3748//992 3749//993 3750//993
f 3751//994 3750//993 3749//993
f 3750//993 3751//994 3752//994
f 3753//995 3751//994 3754//995
f 3751//994 3753//995 3752//994
f 3755//996 3754//995 3756//996
f 3754//995 3755//996 3753//995
f 3757//997 3756//996 3758//997
f 3756//996 3757//997 3755//996
f 3759//998 3758//997 3760//998
f 3758//997 3759//998 3757//997
f 3761//999 3762//1000 3763//999
f 3762//1000 3761//999 3764//1000
f 3765//1001 3763//999 3766//1001
f 3763//999 3765//1001 3761//999
f 3767//1002 3766//1001 3768//1002
f 3766//1001 3767//1002 3765//1001
f 3769//1003 3768//1002 3770//1003
f 3768//1002 3769//1003 3767//1002
f 3771//1004 3770//1003 3772//1004
f 3770//1003 3771//1004 3769//1003
f 3773//1005 3772//1004 3774//1005
f 3772//1004 3773//1005 3771//1004
f 3775//1006 3774//1005 3776//1006
f 3774//1005 3775//1006 3773//1005
f 3777//1007 3776//1006 3778//1008
f 3776//1006 3777//1007 3775//1006
f 3779//1009 3778//1008 3780//1009
f 3778//1008 3779//1009 3777//1007
f 3781//1010 3780//1009 3782//1010
f 3780//1009 3781//1010 3779//1009
f 3783//1011 3782//1010 3784//1011
f 3782//1010 3783//1011 3781//1010
f 3785//1012 3784//1011 3786//1012
f 3784//1011 3785//1012 3783//1011
f 3791//1013 3792//1014 3793//1013
f 3792//1014 3791//1013 3794//1014
f 3795//1015 3793//1013 3796//1015
f 3793//1013 3795//1015 3791//1013
f 3797//1016 3796//1015 3798//1016
f 3796//1015 3797//1016 3795//1015
f 3799//1017 3798//1016 3800//1017
f 3798//1016 3799//1017 3797//1016
f 3801//1018 3800//1017 3802//1018
f 3800//1017 3801//1018 3799//1017
f 3803//1019 3802//1018 3804//1019
f 3802//1018 3803//1019 3801//1018
f 3805//1020 3804//1019 3806//1020
f 3804//1019 3805//1020 3803//1019
f 3807//1021 3806//1020 3808//1021
f 3806//1020 3807//1021 3805//1020
f 3809//1022 3807//1021 3808//1021
f 3807//1021 3809//1022 3810//1022
f 3811//1023 3809//1022 3812//1023
f 3809//1022 3811//1023 3810//1022
f 3813//1024 3812//1023 3814//1024
f 3812//1023 3813//1024 3811//1023
f 3815//1025 3814//1024 3816//1025
f 3814//1024 3815//1025 3813//1024
f 3817//1026 3818//1027 3819//1026
f 3818//1027 3817//1026 3820//1027
f 3821//1028 3819//1026 3822//1028
f 3819//1026 3821//1028 3817//1026
f 3823//1029 3822//1028 3824//1029
f 3822//1028 3823//1029 3821//1028
f 3825//1030 3824//1029 3826//1030
f 3824//1029 3825//1030 3823//1029
f 3827//1031 3826//1030 3828//1031
f 3826//1030 3827//1031 3825//1030
f 3829//1032 3828//1031 3830//1032
f 3828//1031 3829//1032 3827//1031
f 3831//1033 3830//1032 3832//1033
f 3830//1032 3831//1033 3829//1032
f 3833//1034 3832//1033 3834//1034
f 3832//1033 3833//1034 3831//1033
f 3835//1035 3834//1034 3836//1035
f 3834//1034 3835//1035 3833//1034
f 3837//1036 3836//1035 3838//1036
f 3836//1035 3837//1036 3835//1035
f 3839//1037 3838//1036 3840//1037
f 3838//1036 3839//1037 3837//1036
f 3841//1038 3842//1039 3843//1038
f 3842//1039 3841//1038 3844//1039
f 3845//876 3843//1038 3846//876
f 3843//1038 3845//876 3841//1038
f 3855//1040 3856//1041 3857//1040
f 3856//1041 3855//1040 3858//1041
f 3859//1042 3857//1040 3860//1042
f 3857//1040 3859//1042 3855//1040
f 3861//1043 3862//1044 3863//1043
f 3862//1044 3861//1043 3864//1044
f 3865//1045 3863//1043 3866//1045
f 3863//1043 3865//1045 3861//1043
f 3867//1046 3865//1045 3866//1045
f 3865//1045 3867//1046 3868//1046
f 3869//1047 3868//1046 3867//1046
f 3868//1046 3869//1047 3870//1047
f 3871//1048 3870//1047 3869//1047
f 3870//1047 3871//1048 3872//1048
f 3873//1049 3872//1048 3871//1048
f 3872//1048 3873//1049 3874//1049
f 3875//1050 3874//1049 3873//1049
f 3874//1049 3875//1050 3876//1050
f 3881//1051 3882//1052 3883//1052
f 3882//1052 3881//1051 3884//1051
f 3885//1053 3884//1051 3881//1051
f 3884//1051 3885//1053 3886//1053
f 3887//1054 3886//1053 3885//1053
f 3886//1053 3887//1054 3888//1054
f 3889//1055 3888//1054 3887//1054
f 3888//1054 3889//1055 3890//1055
f 3891//1056 3890//1055 3889//1055
f 3890//1055 3891//1056 3892//1056
f 3893//1057 3892//1056 3891//1056
f 3892//1056 3893//1057 3894//1057
f 3895//1058 3893//1057 3896//1058
f 3893//1057 3895//1058 3894//1057
f 3897//1059 3896//1058 3898//1059
f 3896//1058 3897//1059 3895//1058
f 3899//1060 3898//1059 3900//1060
f 3898//1059 3899//1060 3897//1059
f 3901//1061 3900//1060 3902//1061
f 3900//1060 3901//1061 3899//1060
f 3903//1062 3902//1061 3904//1062
f 3902//1061 3903//1062 3901//1061
f 3905//1063 3904//1062 3906//1063
f 3904//1062 3905//1063 3903//1062
f 3919//1064 3920//880 3921//1064
f 3920//880 3919//1064 3922//880
f 3923//1065 3921//1064 3924//1065
f 3921//1064 3923//1065 3919//1064
f 3925//1066 3924//1065 3926//1066
f 3924//1065 3925//1066 3923//1065
f 3927//1067 3926//1066 3928//1067
f 3926//1066 3927//1067 3925//1066
f 3929//1068 3928//1067 3930//1068
f 3928//1067 3929//1068 3927//1067
f 3931//1069 3930//1068 3932//1069
f 3930//1068 3931//1069 3929//1068
f 3933//1070 3932//1069 3934//1070
f 3932//1069 3933//1070 3931//1069
f 3935//1071 3934//1070 3936//1071
f 3934//1070 3935//1071 3933//1070
f 3937//1072 3936//1071 3938//1072
f 3936//1071 3937//1072 3935//1071
f 3939//1073 3938//1072 3940//1073
f 3938//1072 3939//1073 3937//1072
f 3941//1074 3940//1073 3942//1074
f 3940//1073 3941//1074 3939//1073
f 3947//1075 3948//1076 3949//1075
f 3948//1076 3947//1075 3950//1076
f 3951//1077 3949//1075 3952//1077
f 3949//1075 3951//1077 3947//1075
f 3953//1078 3952//1077 3954//1078
f 3952//1077 3953//1078 3951//1077
f 3955//1079 3954//1078 3956//1079
f 3954//1078 3955//1079 3953//1078
f 3957//1080 3956//1079 3958//1080
f 3956//1079 3957//1080 3955//1079
f 3959//875 3958//1080 3960//875
f 3958//1080 3959//875 3957//1080
f 3961//1081 3960//875 3962//1081
f 3960//875 3961//1081 3959//875
f 3963//1082 3962//1081 3964//1082
f 3962//1081 3963//1082 3961//1081
f 3965//1083 3964//1082 3966//1083
f 3964//1082 3965//1083 3963//1082
f 3967//1084 3965//1083 3966//1083
f 3965//1083 3967//1084 3968//1084
f 3969//1085 3967//1084 3970//1085
f 3967//1084 3969//1085 3968//1084
f 3971//1086 3972//1085 3973//1085
f 3972//1085 3971//1086 3974//1086
f 3975//1087 3971//1086 3976//1087
f 3971//1086 3975//1087 3974//1086
f 3981//1088 3982//1089 3983//1089
f 3982//1089 3981//1088 3984//1088
f 3985//1090 3984//1088 3981//1088
f 3984//1088 3985//1090 3986//1090
f 3987//1091 3986//1090 3985//1090
f 3986//1090 3987//1091 3988//1091
f 3988//1091 3989//1092 3990//1092
f 3989//1092 3988//1091 3987//1091
f 3990//1092 3991//1093 3992//1093
f 3991//1093 3990//1092 3989//1092
f 3992//1093 3993//1094 3994//1094
f 3993//1094 3992//1093 3991//1093
f 3994//1094 3995//1095 3996//1095
f 3995//1095 3994//1094 3993//1094
f 3996//1095 3997//1096 3998//1096
f 3997//1096 3996//1095 3995//1095
f 3998//1096 3999//1097 4000//1097
f 3999//1097 3998//1096 3997//1096
f 4000//1097 4001//1098 4002//1098
f 4001//1098 4000//1097 3999//1097
f 4002//1098 4003//1099 4004//1099
f 4003//1099 4002//1098 4001//1098
f 4004//1099 4005//1100 4006//1100
f 4005//1100 4004//1099 4003//1099
f 4011//1101 4012//1102 4013//1102
f 4012//1102 4011//1101 4014//1101
f 4013//1102 4015//1103 4016//1103
f 4015//1103 4013//1102 4012//1102
f 4016//1103 4017//1104 4018//1104
f 4017//1104 4016//1103 4015//1103
f 4018//1104 4019//1105 4020//1105
f 4019//1105 4018//1104 4017//1104
f 4020//1105 4021//1106 4022//1106
f 4021//1106 4020//1105 4019//1105
f 4023//1107 4022//1106 4021//1106
f 4022//1106 4023//1107 4024//1107
f 4025//1108 4023//1107 4026//1108
f 4023//1107 4025//1108 4024//1107
f 4027//1109 4026//1108 4028//1109
f 4026//1108 4027//1109 4025//1108
f 4029//1110 4028//1109 4030//1110
f 4028//1109 4029//1110 4027//1109
f 4039//1111 4040//1112 4041//1111
f 4040//1112 4039//1111 4042//1112
f 4043//1113 4041//1111 4044//1113
f 4041//1111 4043//1113 4039//1111
f 4045//1114 4044//1113 4046//1114
f 4044//1113 4045//1114 4043//1113
f 4047//1115 4046//1114 4048//1115
f 4046//1114 4047//1115 4045//1114
f 4049//1116 4047//1115 4048//1115
f 4047//1115 4049//1116 4050//1116
f 4051//1117 4050//1116 4049//1116
f 4050//1116 4051//1117 4052//1117
f 4053//1118 4052//1117 4051//1117
f 4052//1117 4053//1118 4054//1118
f 4059//1119 4060//1120 4061//1120
f 4060//1120 4059//1119 4062//1119
f 4062//1119 4063//1121 4064//1121
f 4063//1121 4062//1119 4059//1119
f 4064//1121 4065//1122 4066//1122
f 4065//1122 4064//1121 4063//1121
f 4066//1122 4067//1123 4068//1123
f 4067//1123 4066//1122 4065//1122
f 4073//1124 4074//1125 4075//1125
f 4074//1125 4073//1124 4076//1124
f 4075//1125 4077//1126 4078//1126
f 4077//1126 4075//1125 4074//1125
f 4078//1126 4079//1127 4080//1127
f 4079//1127 4078//1126 4077//1126
f 4080//1127 4081//1128 4082//1128
f 4081//1128 4080//1127 4079//1127
f 4082//1128 4083//1129 4084//1129
f 4083//1129 4082//1128 4081//1128
f 4084//1129 4085//1130 4086//1130
f 4085//1130 4084//1129 4083//1129
f 4091//890 4092//1131 4093//1131
f 4092//1131 4091//890 4094//1132
f 4093//1131 4095//1133 4096//1133
f 4095//1133 4093//1131 4092//1131
f 4096//1133 4097//1134 4098//1134
f 4097//1134 4096//1133 4095//1133
f 4098//1134 4099//1135 4100//1135
f 4099//1135 4098//1134 4097//1134
f 4100//1135 4101//1136 4102//1136
f 4101//1136 4100//1135 4099//1135
f 4102//1136 4103//1137 4104//1137
f 4103//1137 4102//1136 4101//1136
f 4104//1137 4105//1138 4106//1138
f 4105//1138 4104//1137 4103//1137
f 4111//1139 4112//1140 4113//1140
f 4112//1140 4111//1139 4114//1139
f 4113//1140 4115//1141 4116//1141
f 4115//1141 4113//1140 4112//1140
f 4116//1141 4117//1142 4118//1142
f 4117//1142 4116//1141 4115//1141
f 4118//1142 4119//1143 4120//1143
f 4119//1143 4118//1142 4117//1142
f 4120//1143 4121//1144 4122//1144
f 4121//1144 4120//1143 4119//1143
f 4122//1144 4123//1145 4124//1145
f 4123//1145 4122//1144 4121//1144
f 4124//1145 4125//1146 4126//1146
f 4125//1146 4124//1145 4123//1145
f 4126//1146 4127//1147 4128//1147
f 4127//1147 4126//1146 4125//1146
f 4128//1147 4129//1148 4130//1148
f 4129//1148 4128//1147 4127//1147
f 4135//1149 4136//1150 4137//1150
f 4136//1150 4135//1149 4138//1136
f 4137//1150 4139//1151 4140//1151
f 4139//1151 4137//1150 4136//1150
f 4140//1151 4141//1152 4142//1152
f 4141//1152 4140//1151 4139//1151
f 4142//1152 4143//1153 4144//1153
f 4143//1153 4142//1152 4141//1152
f 4144//1153 4145//1154 4146//1155
f 4145//1154 4144//1153 4143//1153
f 4146//1155 4147//1156 4148//1156
f 4147//1156 4146//1155 4145//1154
f 4148//1156 4149//1157 4150//1157
f 4149//1157 4148//1156 4147//1156
f 4150//1157 4151//1158 4152//1158
f 4151//1158 4150//1157 4149//1157
f 4152//1158 4153//1159 4154//1159
f 4153//1159 4152//1158 4151//1158
f 4154//1159 4155//1160 4156//1160
f 4155//1160 4154//1159 4153//1159
f 4156//1160 4157//893 4158//893
f 4157//893 4156//1160 4155//1160
f 4158//893 4159//1161 4160//1161
f 4159//1161 4158//893 4157//893
f 4177//1162 4178//1163 4179//1163
f 4178//1163 4177//1162 4180//1162
f 4181//1164 4179//1163 4178//1163
f 4179//1163 4181//1164 4182//1164
f 4183//1165 4181//1164 4184//1165
f 4181//1164 4183//1165 4182//1164
f 4185//1166 4184//1165 4186//1166
f 4184//1165 4185//1166 4183//1165
f 4187//1167 4186//1166 4188//1167
f 4186//1166 4187//1167 4185//1166
f 4189//1168 4188//1167 4190//1168
f 4188//1167 4189//1168 4187//1167
f 4191//1169 4190//1168 4192//1169
f 4190//1168 4191//1169 4189//1168
f 4193//1170 4192//1169 4194//1170
f 4192//1169 4193//1170 4191//1169
f 4195//1171 4194//1170 4196//1171
f 4194//1170 4195//1171 4193//1170
f 4197//1172 4196//1171 4198//1172
f 4196//1171 4197//1172 4195//1171
f 4199//1173 4198//1172 4200//1173
f 4198//1172 4199//1173 4197//1172
f 4201//898 4200//1173 4202//898
f 4200//1173 4201//898 4199//1173
f 4215//1174 4216//1175 4217//1175
f 4216//1175 4215//1174 4218//1174
f 4219//1176 4215//1174 4220//1176
f 4215//1174 4219//1176 4218//1174
f 4221//1177 4220//1176 4222//1177
f 4220//1176 4221//1177 4219//1176
f 4223//1178 4222//1177 4224//1178
f 4222//1177 4223//1178 4221//1177
f 4225//1179 4224//1178 4226//1179
f 4224//1178 4225//1179 4223//1178
f 4227//875 4226//1179 4228//875
f 4226//1179 4227//875 4225//1179
f 4229//1180 4228//875 4230//1180
f 4228//875 4229//1180 4227//875
f 4231//1181 4230//1180 4232//1181
f 4230//1180 4231//1181 4229//1180
f 4233//1182 4232//1181 4234//1182
f 4232//1181 4233//1182 4231//1181
f 4235//1183 4234//1182 4236//1183
f 4234//1182 4235//1183 4233//1182
f 4235//1183 4237//1184 4238//1184
f 4237//1184 4235//1183 4236//1183
f 4238//1184 4239//1185 4240//1185
f 4239//1185 4238//1184 4237//1184
f 4257//1186 4258//1187 4259//1187
f 4258//1187 4257//1186 4260//1186
f 4259//1187 4261//1188 4262//1188
f 4261//1188 4259//1187 4258//1187
f 4262//1188 4263//1189 4264//1189
f 4263//1189 4262//1188 4261//1188
f 4264//1189 4265//1190 4266//1190
f 4265//1190 4264//1189 4263//1189
f 4266//1190 4267//1191 4268//1191
f 4267//1191 4266//1190 4265//1190
f 4268//1191 4269//1192 4270//1192
f 4269//1192 4268//1191 4267//1191
f 4270//1192 4271//1193 4272//1193
f 4271//1193 4270//1192 4269//1192
f 4272//1193 4273//1194 4274//1194
f 4273//1194 4272//1193 4271//1193
f 4274//1194 4275//1195 4276//1195
f 4275//1195 4274//1194 4273//1194
f 4281//1196 4282//1197 4283//1197
f 4282//1197 4281//1196 4284//1196
f 4283//1197 4285//1198 4286//1198
f 4285//1198 4283//1197 4282//1197
f 4286//1198 4287//1199 4288//1199
f 4287//1199 4286//1198 4285//1198
f 4297//1200 4298//1201 4299//1201
f 4298//1201 4297//1200 4300//1200
f 4299//1201 4301//1202 4302//1202
f 4301//1202 4299//1201 4298//1201
f 4302//1202 4303//1203 4304//1203
f 4303//1203 4302//1202 4301//1202
f 4304//1203 4305//1204 4306//1204
f 4305//1204 4304//1203 4303//1203
f 4306//1204 4307//1205 4308//1205
f 4307//1205 4306//1204 4305//1204
f 4308//1205 4309//1206 4310//1206
f 4309//1206 4308//1205 4307//1205
f 4310//1206 4311//1207 4312//1207
f 4311//1207 4310//1206 4309//1206
f 4312//1207 4313//1208 4314//1208
f 4313//1208 4312//1207 4311//1207
f 4314//1208 4315//1209 4316//1209
f 4315//1209 4314//1208 4313//1208
f 4316//1209 4317//1210 4318//1210
f 4317//1210 4316//1209 4315//1209
f 4318//1210 4319//1211 4320//1211
f 4319//1211 4318//1210 4317//1210
f 4320//1211 4321//1212 4322//1212
f 4321//1212 4320//1211 4319//1211
f 4331//1213 4332//1214 4333//1214
f 4332//1214 4331//1213 4334//1213
f 4333//1214 4335//1215 4336//1215
f 4335//1215 4333//1214 4332//1214
f 4337//1216 4336//1215 4335//1215
f 4336//1215 4337//1216 4338//1216
f 4339//1217 4338//1216 4337//1216
f 4338//1216 4339//1217 4340//1217
f 4341//1218 4340//1217 4339//1217
f 4340//1217 4341//1218 4342//1218
f 4343//1219 4342//1218 4341//1218
f 4342//1218 4343//1219 4344//1219
f 4345//1220 4344//1219 4343//1219
f 4344//1219 4345//1220 4346//1220
f 4347//1221 4346//1220 4345//1220
f 4346//1220 4347//1221 4348//1221
f 4353//1222 4354//1223 4355//1222
f 4354//1223 4353//1222 4356//1223
f 4357//1224 4355//1222 4358//1224
f 4355//1222 4357//1224 4353//1222
f 4359//1225 4360//1226 4361//1226
f 4360//1226 4359//1225 4362//1225
f 4363//1227 4362//1225 4359//1225
f 4362//1225 4363//1227 4364//1227
f 4365//1228 4364//1227 4363//1227
f 4364//1227 4365//1228 4366//1228
f 4367//1229 4366//1228 4365//1228
f 4366//1228 4367//1229 4368//1229
f 4385//1230 4386//1231 4387//1231
f 4386//1231 4385//1230 4388//1230
f 4389//1232 4388//1230 4385//1230
f 4388//1230 4389//1232 4390//1232
f 4391//1233 4390//1232 4389//1232
f 4390//1232 4391//1233 4392//1233
f 4393//1234 4392//1233 4391//1233
f 4392//1233 4393//1234 4394//1234
f 4395//1235 4393//1234 4396//1235
f 4393//1234 4395//1235 4394//1234
f 4397//1236 4396//1235 4398//1236
f 4396//1235 4397//1236 4395//1235
f 4399//873 4398//1236 4400//873
f 4398//1236 4399//873 4397//1236
f 4401//1237 4400//873 4402//1237
f 4400//873 4401//1237 4399//873
f 4403//1238 4402//1237 4404//1238
f 4402//1237 4403//1238 4401//1237
f 4405//1239 4404//1238 4406//1239
f 4404//1238 4405//1239 4403//1238
f 4407//1240 4406//1239 4408//1240
f 4406//1239 4407//1240 4405//1239
f 4409//1241 4408//1240 4410//1241
f 4408//1240 4409//1241 4407//1240
f 4419//1242 4420//914 4421//914
f 4420//914 4419//1242 4422//1242
f 4423//1243 4422//1242 4419//1242
f 4422//1242 4423//1243 4424//1243
f 4425//1244 4424//1243 4423//1243
f 4424//1243 4425//1244 4426//1244
f 4427//1245 4426//1244 4425//1244
f 4426//1244 4427//1245 4428//1245
f 4429//1246 4430//1245 4431//1246
f 4430//1245 4429//1246 4432//1245
f 4433//1247 4429//1246 4431//1246
f 4429//1246 4433//1247 4434//1247
f 4435//1248 4434//1247 4433//1247
f 4434//1247 4435//1248 4436//1248
f 4437//1249 4435//1248 4438//1249
f 4435//1248 4437//1249 4436//1248
f 4439//1250 4437//1249 4438//1249
f 4437//1249 4439//1250 4440//1250
f 4441//1251 4439//1250 4442//1251
f 4439//1250 4441//1251 4440//1250
f 4443//1252 4441//1251 4442//1251
f 4441//1251 4443//1252 4444//1252
f 4445//1253 4443//1252 4446//1253
f 4443//1252 4445//1253 4444//1252
f 4447//1254 4446//1253 4448//1254
f 4446//1253 4447//1254 4445//1253
f 4469//1255 4470//916 4471//1255
f 4470//916 4469//1255 4472//916
f 4473//1256 4471//1255 4474//1256
f 4471//1255 4473//1256 4469//1255
f 4475//1257 4474//1256 4476//1257
f 4474//1256 4475//1257 4473//1256
f 4477//1258 4476//1257 4478//1258
f 4476//1257 4477//1258 4475//1257
f 4479//1259 4477//1258 4478//1258
f 4477//1258 4479//1259 4480//1259
f 4481//1260 4479//1259 4482//1260
f 4479//1259 4481//1260 4480//1259
f 4483//1261 4482//1260 4484//1261
f 4482//1260 4483//1261 4481//1260
f 4485//1262 4484//1261 4486//1262
f 4484//1261 4485//1262 4483//1261
f 4487//1263 4488//1264 4489//1263
f 4488//1264 4487//1263 4490//1264
f 4491//1265 4489//1263 4492//1265
f 4489//1263 4491//1265 4487//1263
f 4491//1265 4493//1266 4494//1266
f 4493//1266 4491//1265 4492//1265
f 4494//1266 4495//1267 4496//1267
f 4495//1267 4494//1266 4493//1266
f 4496//1267 4497//1268 4498//1268
f 4497//1268 4496//1267 4495//1267
f 4515//1269 4516//1270 4517//1270
f 4516//1270 4515//1269 4518//1269
f 4517//1270 4519//1271 4520//1271
f 4519//1271 4517//1270 4516//1270
f 4521//1271 4522//1272 4523//1272
f 4522//1272 4521//1271 4524//1271
f 4523//1272 4525//1273 4526//1273
f 4525//1273 4523//1272 4522//1272
f 4527//1274 4525//1273 4528//1274
f 4525//1273 4527//1274 4526//1273
f 4529//1275 4527//1274 4528//1274
f 4527//1274 4529//1275 4530//1275
f 4531//924 4529//1275 4532//1276
f 4529//1275 4531//924 4530//1275
f 4549//1277 4550//923 4551//1277
f 4550//923 4549//1277 4552//923
f 4553//1278 4551//1277 4554//1278
f 4551//1277 4553//1278 4549//1277
f 4555//1279 4554//1278 4556//1279
f 4554//1278 4555//1279 4553//1278
f 4557//1280 4556//1279 4558//1280
f 4556//1279 4557//1280 4555//1279
f 4559//1281 4558//1280 4560//1282
f 4558//1280 4559//1281 4557//1280
f 4561//1283 4560//1282 4562//1283
f 4560//1282 4561//1283 4559//1281
o SketchUp.008_ID68
v 154.272781 0.494500 -10.251938
v 156.162125 -0.005500 -10.923128
v 154.272781 -0.005500 -10.251938
v 156.162125 0.494500 -10.923128
v 152.373291 0.494500 -9.610364
v 152.373291 -0.005500 -9.610364
v 158.040756 0.494500 -11.623731
v 158.040756 -0.005500 -11.623731
v 148.425354 0.494500 -8.352842
v 152.373291 -0.005500 -9.610364
v 148.425354 -0.005500 -8.352842
v 152.373291 0.494500 -9.610364
v 159.908218 -0.005500 -12.353580
v 159.908218 0.494500 -12.353580
v 148.253860 0.494500 -8.298213
v 148.425354 -0.005500 -8.352842
v 148.253860 -0.005500 -8.298213
v 148.425354 0.494500 -8.352842
v 161.764069 -0.005500 -13.112493
v 161.764069 0.494500 -13.112493
v 120.837860 -0.005500 0.434559
v 148.253860 0.494500 -8.298213
v 148.253860 -0.005500 -8.298213
v 120.837860 0.494500 0.434559
v 163.607864 0.494500 -13.900290
v 163.607864 -0.005500 -13.900290
v -63.991795 -0.005500 59.309433
v 120.837860 0.494500 0.434559
v 120.837860 -0.005500 0.434559
v -63.991795 0.494500 59.309433
v 165.439087 -0.005500 -14.716774
v 165.439087 0.494500 -14.716774
v -64.605080 0.494500 59.413322
v -63.991795 -0.005500 59.309433
v -64.605080 -0.005500 59.413322
v -63.991795 0.494500 59.309433
v 167.257385 -0.005500 -15.561749
v 167.257385 0.494500 -15.561749
v -65.218750 0.494500 59.446590
v -65.218750 -0.005500 59.446590
v 169.062256 -0.005500 -16.435011
v 169.062256 0.494500 -16.435011
v -65.832222 0.494500 59.410065
v -65.832222 -0.005500 59.410065
v 170.853256 0.494500 -17.336344
v 170.853256 -0.005500 -17.336344
v -66.437614 0.494500 59.304199
v -66.437614 -0.005500 59.304199
v 172.629990 -0.005500 -18.265526
v 172.629990 0.494500 -18.265526
v -67.027092 0.494500 59.130386
v -67.027092 -0.005500 59.130386
v 174.392868 0.494500 -19.222824
v 174.392868 -0.005500 -19.222824
v -67.593056 0.494500 58.890816
v -67.593056 -0.005500 58.890816
v 174.392868 0.494500 -19.222824
v 174.395111 -0.005500 -19.224001
v 174.392868 -0.005500 -19.222824
v 174.395111 0.494500 -19.224001
v -67.652039 0.494500 58.857517
v -67.652039 -0.005500 58.857517
v 174.395111 -0.005500 -19.224001
v 230.182785 0.494500 -48.149792
v 230.182785 -0.005500 -48.149792
v 174.395111 0.494500 -19.224001
v -67.768852 0.494500 58.791553
v -67.652039 -0.005500 58.857517
v -67.768852 -0.005500 58.791553
v -67.652039 0.494500 58.857517
v 230.182785 0.494500 -48.149792
v 230.206497 -0.005500 -48.162209
v 230.182785 -0.005500 -48.149792
v 230.206497 0.494500 -48.162209
v -67.807793 0.494500 58.769558
v -67.768852 -0.005500 58.791553
v -67.807793 -0.005500 58.769558
v -67.768852 0.494500 58.791553
v 230.206497 -0.005500 -48.162209
v 233.163620 0.494500 -49.723881
v 233.163620 -0.005500 -49.723881
v 230.206497 0.494500 -48.162209
v -67.912514 0.494500 58.710426
v -67.807793 -0.005500 58.769558
v -67.912514 -0.005500 58.710426
v -67.807793 0.494500 58.769558
v 236.109909 -0.005500 -51.305412
v 236.109909 0.494500 -51.305412
v -67.913788 0.494500 58.709713
v -67.912514 -0.005500 58.710426
v -67.913788 -0.005500 58.709713
v -67.912514 0.494500 58.710426
v 239.045456 0.494500 -52.906803
v 239.045456 -0.005500 -52.906803
v -68.128212 0.494500 58.588634
v -67.913788 -0.005500 58.709713
v -68.128212 -0.005500 58.588634
v -67.913788 0.494500 58.709713
v 241.970093 0.494500 -54.528038
v 241.970093 -0.005500 -54.528038
v -68.625618 0.494500 58.227699
v -68.625618 -0.005500 58.227699
v 244.883728 -0.005500 -56.168980
v 244.883728 0.494500 -56.168980
v -69.078911 -0.005500 57.812683
v -69.078911 0.494500 57.812683
v 247.786179 0.494500 -57.829578
v 247.786179 -0.005500 -57.829578
v -69.482208 -0.005500 57.348957
v -69.482208 0.494500 57.348957
v 250.677338 -0.005500 -59.509789
v 250.677338 0.494500 -59.509789
v -69.623665 -0.005500 57.143143
v -69.623665 0.494500 57.143143
v 253.557053 0.494500 -61.209480
v 253.557053 -0.005500 -61.209480
v -69.830315 -0.005500 56.842484
v -69.623665 0.494500 57.143143
v -69.623665 -0.005500 57.143143
v -69.830315 0.494500 56.842484
v 256.425171 0.494500 -62.928631
v 256.425171 -0.005500 -62.928631
v -70.120491 -0.005500 56.296513
v -70.120491 0.494500 56.296513
v 259.281647 -0.005500 -64.667107
v 259.281647 0.494500 -64.667107
v -70.531845 -0.005500 55.403576
v -70.120491 0.494500 56.296513
v -70.120491 -0.005500 56.296513
v -70.531845 0.494500 55.403576
v 262.126465 0.494500 -66.424866
v 262.126465 -0.005500 -66.424866
v -70.581772 -0.005500 55.309669
v -70.531845 0.494500 55.403576
v -70.531845 -0.005500 55.403576
v -70.581772 0.494500 55.309669
v 264.959564 0.494500 -68.202042
v 264.959564 -0.005500 -68.202042
v -70.677689 -0.005500 55.129330
v -70.581772 0.494500 55.309669
v -70.581772 -0.005500 55.309669
v -70.677689 0.494500 55.129330
v 264.959564 0.494500 -68.202042
v 264.961365 -0.005500 -68.203270
v 264.959564 -0.005500 -68.202042
v 264.961365 0.494500 -68.203270
v -70.686417 -0.005500 55.112919
v -70.677689 0.494500 55.129330
v -70.677689 -0.005500 55.129330
v -70.686417 0.494500 55.112919
v 264.961365 0.494500 -68.203270
v 266.470642 -0.005500 -69.112770
v 264.961365 -0.005500 -68.203270
v 266.470642 0.494500 -69.112770
v -70.842766 -0.005500 54.818943
v -70.686417 0.494500 55.112919
v -70.686417 -0.005500 55.112919
v -70.842766 0.494500 54.818943
v 268.019531 0.494500 -69.958588
v 268.019531 -0.005500 -69.958588
v -71.220436 -0.005500 54.270504
v -71.220436 0.494500 54.270504
v 269.603210 -0.005500 -70.737785
v 269.603210 0.494500 -70.737785
v -71.658157 -0.005500 53.768681
v -71.658157 0.494500 53.768681
v 271.218384 -0.005500 -71.448906
v 271.218384 0.494500 -71.448906
v -72.150215 0.494500 53.320011
v -72.150215 -0.005500 53.320011
v 272.862549 -0.005500 -72.090691
v 272.862549 0.494500 -72.090691
v -72.690224 0.494500 52.930351
v -72.690224 -0.005500 52.930351
v 274.532318 -0.005500 -72.661957
v 274.532318 0.494500 -72.661957
v -73.271126 0.494500 52.604801
v -73.271126 -0.005500 52.604801
v 276.225006 -0.005500 -73.161728
v 276.225006 0.494500 -73.161728
v -73.885376 0.494500 52.347569
v -73.885376 -0.005500 52.347569
v 277.937225 -0.005500 -73.589035
v 277.937225 0.494500 -73.589035
v -74.524895 0.494500 52.162048
v -74.524895 -0.005500 52.162048
v 278.422852 -0.005500 -73.688499
v 278.422852 0.494500 -73.688499
v -75.181435 0.494500 52.050621
v -75.181435 -0.005500 52.050621
v 278.422852 0.494500 -73.688499
v 279.666168 -0.005500 -73.943138
v 278.422852 -0.005500 -73.688499
v 279.666168 0.494500 -73.943138
v -75.846382 0.494500 52.014755
v -75.846382 -0.005500 52.014755
v 281.408630 -0.005500 -74.223366
v 281.408630 0.494500 -74.223366
v -76.511078 0.494500 52.054935
v -76.511078 -0.005500 52.054935
v 283.155640 -0.005500 -74.428581
v 283.155640 0.494500 -74.428581
v -76.855453 0.494500 52.115669
v -76.855453 -0.005500 52.115669
v 283.155640 0.494500 -74.428581
v 284.067505 -0.005500 -74.578697
v 283.155640 -0.005500 -74.428581
v 284.067505 0.494500 -74.578697
v -76.872826 0.494500 52.118748
v -76.855453 -0.005500 52.115669
v -76.872826 -0.005500 52.118748
v -76.855453 0.494500 52.115669
v 284.979614 -0.005500 -74.741180
v 284.979614 0.494500 -74.741180
v -77.169243 0.494500 52.171017
v -76.872826 -0.005500 52.118748
v -77.169243 -0.005500 52.171017
v -76.872826 0.494500 52.118748
v 285.889435 -0.005500 -74.915627
v 285.889435 0.494500 -74.915627
v -115.527184 -0.005500 65.125473
v -77.169243 0.494500 52.171017
v -77.169243 -0.005500 52.171017
v -115.527184 0.494500 65.125473
v 286.796722 -0.005500 -75.102036
v 286.796722 0.494500 -75.102036
v -204.460251 -0.005500 93.453201
v -115.527184 0.494500 65.125473
v -115.527184 -0.005500 65.125473
v -204.460251 0.494500 93.453201
v 287.701477 -0.005500 -75.300362
v 287.701477 0.494500 -75.300362
v -207.850510 0.494500 94.475403
v -204.460251 -0.005500 93.453201
v -207.850510 -0.005500 94.475403
v -204.460251 0.494500 93.453201
v 288.603668 -0.005500 -75.510574
v 288.603668 0.494500 -75.510574
v -211.269958 0.494500 95.391609
v -211.269958 -0.005500 95.391609
v 289.503082 -0.005500 -75.732620
v 289.503082 0.494500 -75.732620
v -214.716141 -0.005500 96.201210
v -214.716141 0.494500 96.201210
v 290.399475 -0.005500 -75.966476
v 290.399475 0.494500 -75.966476
v -218.185806 0.494500 96.903442
v -218.185806 -0.005500 96.903442
v 291.292786 -0.005500 -76.212090
v 291.292786 0.494500 -76.212090
v -221.675613 0.494500 97.497604
v -221.675613 -0.005500 97.497604
v 291.292786 0.494500 -76.212090
v 292.182556 -0.005500 -76.469421
v 291.292786 -0.005500 -76.212090
v 292.182556 0.494500 -76.469421
v -225.182159 0.494500 97.983147
v -225.182159 -0.005500 97.983147
v 292.590454 -0.005500 -76.593224
v 292.590454 0.494500 -76.593224
v -228.702087 0.494500 98.359604
v -228.702087 -0.005500 98.359604
v 292.590454 0.494500 -76.593224
v 304.394348 -0.005500 -80.059784
v 292.590454 -0.005500 -76.593224
v 304.394348 0.494500 -80.059784
v -232.232056 0.494500 98.626579
v -232.232056 -0.005500 98.626579
v 304.394348 0.494500 -80.059784
v 305.396881 -0.005500 -80.444366
v 304.394348 -0.005500 -80.059784
v 305.396881 0.494500 -80.444366
v -232.939163 0.494500 98.658020
v -232.939163 -0.005500 98.658020
v 306.337433 -0.005500 -80.955544
v 306.337433 0.494500 -80.955544
v -235.768570 0.494500 98.783852
v -232.939163 -0.005500 98.658020
v -235.768570 -0.005500 98.783852
v -232.939163 0.494500 98.658020
v 307.203064 0.494500 -81.585716
v 307.203064 -0.005500 -81.585716
v -239.308304 0.494500 98.831253
v -239.308304 -0.005500 98.831253
v 307.978302 -0.005500 -82.323944
v 307.978302 0.494500 -82.323944
v -242.847763 0.494500 98.768745
v -242.847763 -0.005500 98.768745
v 308.649872 0.494500 -83.157494
v 308.649872 -0.005500 -83.157494
v -246.385574 0.494500 98.596275
v -246.385574 -0.005500 98.596275
v 309.206635 0.494500 -84.071968
v 309.206635 -0.005500 -84.071968
v -281.043396 0.494500 96.906769
v -246.385574 -0.005500 98.596275
v -281.043396 -0.005500 96.906769
v -246.385574 0.494500 98.596275
v 309.638428 0.494500 -85.051567
v 309.638428 -0.005500 -85.051567
v -281.441406 0.494500 96.909485
v -281.043396 -0.005500 96.906769
v -281.441406 -0.005500 96.909485
v -281.043396 0.494500 96.906769
v 309.937897 0.494500 -86.079330
v 309.937897 -0.005500 -86.079330
v -281.840424 0.494500 96.956810
v -281.840424 -0.005500 96.956810
v 310.100220 0.494500 -87.137489
v 310.100220 -0.005500 -87.137489
v -282.231842 0.494500 97.048119
v -282.231842 -0.005500 97.048119
v 310.122040 0.494500 -88.207832
v 310.122040 -0.005500 -88.207832
v -282.610809 0.494500 97.182259
v -282.610809 -0.005500 97.182259
v 310.003418 0.494500 -89.271759
v 310.003418 -0.005500 -89.271759
v -282.972229 0.494500 97.357590
v -282.972229 -0.005500 97.357590
v 309.746124 0.494500 -90.312263
v 309.746124 -0.005500 -90.312263
v -283.312103 0.494500 97.571968
v -283.312103 -0.005500 97.571968
v 309.491882 0.494500 -91.000488
v 309.746124 -0.005500 -90.312263
v 309.746124 0.494500 -90.312263
v 309.491882 -0.005500 -91.000488
v -283.626282 0.494500 97.822716
v -283.626282 -0.005500 97.822716
v 309.175629 0.494500 -91.664001
v 309.175629 -0.005500 -91.664001
v -283.910522 0.494500 98.106766
v -283.910522 -0.005500 98.106766
v 308.800507 0.494500 -92.296082
v 308.800507 -0.005500 -92.296082
v -284.161469 -0.005500 98.420586
v -284.161469 0.494500 98.420586
v 308.369720 0.494500 -92.891510
v 308.369720 -0.005500 -92.891510
v -284.376129 -0.005500 98.760307
v -284.376129 0.494500 98.760307
v 307.886353 0.494500 -93.445358
v 307.886353 -0.005500 -93.445358
v -284.551880 -0.005500 99.121750
v -284.551880 0.494500 99.121750
v 307.354980 -0.005500 -93.953056
v 307.354980 0.494500 -93.953056
v -284.683685 -0.005500 99.493576
v -284.683685 0.494500 99.493576
v 306.779663 0.494500 -94.410431
v 306.779663 -0.005500 -94.410431
v -284.683685 0.494500 99.493576
v -287.285431 -0.005500 106.820717
v -287.285431 0.494500 106.820717
v -284.683685 -0.005500 99.493576
v 306.164978 -0.005500 -94.813705
v 306.164978 0.494500 -94.813705
v -287.285431 0.494500 106.820717
v -288.322479 -0.005500 108.972092
v -288.322479 0.494500 108.972092
v -287.285431 -0.005500 106.820717
v 305.521088 0.494500 -95.157166
v 305.521088 -0.005500 -95.157166
v -288.322479 0.494500 108.972092
v -288.326324 -0.005500 108.978645
v -288.326324 0.494500 108.978645
v -288.322479 -0.005500 108.972092
v 305.521088 0.494500 -95.157166
v 305.213257 -0.005500 -95.260040
v 305.521088 -0.005500 -95.157166
v 305.213257 0.494500 -95.260040
v -288.326324 0.494500 108.978645
v -289.481506 -0.005500 110.931854
v -289.481506 0.494500 110.931854
v -288.326324 -0.005500 108.978645
v 304.893219 -0.005500 -95.347847
v 304.893219 0.494500 -95.347847
v -291.002716 -0.005500 112.615623
v -291.002716 0.494500 112.615623
v 304.568878 -0.005500 -95.417976
v 304.568878 0.494500 -95.417976
v -292.829224 0.494500 113.962379
v -292.829224 -0.005500 113.962379
v 304.241211 -0.005500 -95.470200
v 304.241211 0.494500 -95.470200
v -294.887360 0.494500 114.918083
v -294.887360 -0.005500 114.918083
v 303.911011 -0.005500 -95.504356
v 303.911011 0.494500 -95.504356
v -297.094635 0.494500 115.444397
v -297.094635 -0.005500 115.444397
v 303.579529 -0.005500 -95.520386
v 303.579529 0.494500 -95.520386
v -299.362610 0.494500 115.520187
v -299.362610 -0.005500 115.520187
v 303.247803 -0.005500 -95.518196
v 303.247803 0.494500 -95.518196
v -301.600098 0.494500 115.142418
v -301.600098 -0.005500 115.142418
v 302.916565 0.494500 -95.497803
v 302.916565 -0.005500 -95.497803
v -303.717682 0.494500 114.326241
v -303.717682 -0.005500 114.326241
v 302.586884 -0.005500 -95.459297
v 302.586884 0.494500 -95.459297
v -305.629822 0.494500 113.104416
v -305.629822 -0.005500 113.104416
v 302.259735 -0.005500 -95.402756
v 302.259735 0.494500 -95.402756
v -307.260223 0.494500 111.525993
v -307.260223 -0.005500 111.525993
v 301.936401 -0.005500 -95.328384
v 301.936401 0.494500 -95.328384
v -308.543182 -0.005500 109.654266
v -308.543182 0.494500 109.654266
v 301.615845 -0.005500 -95.235878
v 301.615845 0.494500 -95.235878
v -308.965088 -0.005500 108.656982
v -308.965088 0.494500 108.656982
v 301.615845 0.494500 -95.235878
v 268.761719 -0.005500 -84.770927
v 301.615845 -0.005500 -95.235878
v 268.761719 0.494500 -84.770927
v -309.427887 -0.005500 107.564537
v -308.965088 0.494500 108.656982
v -308.965088 -0.005500 108.656982
v -309.427887 0.494500 107.564537
v 268.761719 0.494500 -84.770927
v 267.341583 -0.005500 -84.392136
v 268.761719 -0.005500 -84.770927
v 267.341583 0.494500 -84.392136
v -309.628021 -0.005500 106.860146
v -309.427887 0.494500 107.564537
v -309.427887 -0.005500 107.564537
v -309.628021 0.494500 106.860146
v 265.860260 -0.005500 -84.013474
v 265.860260 0.494500 -84.013474
v -309.795898 -0.005500 106.142212
v -309.795898 0.494500 106.142212
v 264.375366 -0.005500 -83.650131
v 264.375366 0.494500 -83.650131
v -309.930023 -0.005500 105.417168
v -309.930023 0.494500 105.417168
v 262.886688 -0.005500 -83.302170
v 262.886688 0.494500 -83.302170
v -310.030121 -0.005500 104.686630
v -310.030121 0.494500 104.686630
v 261.394440 -0.005500 -82.969582
v 261.394440 0.494500 -82.969582
v -310.095367 -0.005500 103.952225
v -310.095367 0.494500 103.952225
v 259.898895 -0.005500 -82.652466
v 259.898895 0.494500 -82.652466
v -310.126373 -0.005500 103.215546
v -310.126373 0.494500 103.215546
v 258.400299 0.494500 -82.350815
v 258.400299 -0.005500 -82.350815
v -310.122559 -0.005500 102.478210
v -310.122559 0.494500 102.478210
v 256.898376 -0.005500 -82.064659
v 256.898376 0.494500 -82.064659
v -310.084198 -0.005500 101.741890
v -310.084198 0.494500 101.741890
v 255.393692 0.494500 -81.794044
v 255.393692 -0.005500 -81.794044
v -310.011322 -0.005500 101.008179
v -310.011322 0.494500 101.008179
v 253.886398 -0.005500 -81.539009
v 253.886398 0.494500 -81.539009
v -309.903870 -0.005500 100.278687
v -309.903870 0.494500 100.278687
v 252.376450 -0.005500 -81.299530
v 252.376450 0.494500 -81.299530
v -309.762390 -0.005500 99.555077
v -309.762390 0.494500 99.555077
v 250.880554 -0.005500 -81.078125
v 250.880554 0.494500 -81.078125
v -309.586121 -0.005500 98.834755
v -309.586121 0.494500 98.834755
v 250.880554 -0.005500 -81.078125
v 238.594025 0.494500 -79.520927
v 238.594025 -0.005500 -79.520927
v 250.880554 0.494500 -81.078125
v -309.490356 -0.005500 98.410500
v -309.586121 0.494500 98.834755
v -309.586121 -0.005500 98.834755
v -309.490356 0.494500 98.410500
v 226.281158 0.494500 -78.351967
v 226.281158 -0.005500 -78.351967
v -309.474854 -0.005500 98.341667
v -309.490356 0.494500 98.410500
v -309.490356 -0.005500 98.410500
v -309.474854 0.494500 98.341667
v 213.937653 0.494500 -77.570328
v 213.937653 -0.005500 -77.570328
v -309.459351 -0.005500 98.272835
v -309.474854 0.494500 98.341667
v -309.474854 -0.005500 98.341667
v -309.459351 0.494500 98.272835
v 201.575668 0.494500 -77.176781
v 201.575668 -0.005500 -77.176781
v -302.739014 -0.005500 68.521637
v -309.459351 0.494500 98.272835
v -309.459351 -0.005500 98.272835
v -302.739014 0.494500 68.521637
v 189.207443 0.494500 -77.171730
v 189.207443 -0.005500 -77.171730
v -302.412659 -0.005500 67.156868
v -302.739014 0.494500 68.521637
v -302.739014 -0.005500 68.521637
v -302.412659 0.494500 67.156868
v 176.845169 0.494500 -77.555138
v 176.845169 -0.005500 -77.555138
v -302.046875 -0.005500 65.781586
v -302.046875 0.494500 65.781586
v 164.501022 0.494500 -78.326668
v 164.501022 -0.005500 -78.326668
v -301.646332 -0.005500 64.415977
v -301.646332 0.494500 64.415977
v 152.187195 0.494500 -79.485542
v 152.187195 -0.005500 -79.485542
v -301.529480 -0.005500 64.051003
v -301.646332 0.494500 64.415977
v -301.646332 -0.005500 64.415977
v -301.529480 0.494500 64.051003
v 145.694458 0.494500 -80.303040
v 145.694458 -0.005500 -80.303040
v -301.211731 -0.005500 63.060863
v -301.529480 0.494500 64.051003
v -301.529480 -0.005500 64.051003
v -301.211731 0.494500 63.060863
v 145.694458 -0.005500 -80.303040
v 145.596909 0.494500 -80.315308
v 145.596909 -0.005500 -80.315308
v 145.694458 0.494500 -80.303040
v -300.743103 -0.005500 61.717175
v -300.743103 0.494500 61.717175
v 145.596909 -0.005500 -80.315308
v 139.915848 0.494500 -81.030602
v 139.915848 -0.005500 -81.030602
v 145.596909 0.494500 -80.315308
v -300.240692 -0.005500 60.385704
v -300.240692 0.494500 60.385704
v 127.699097 0.494500 -82.960365
v 127.699097 -0.005500 -82.960365
v -299.704773 -0.005500 59.067345
v -299.704773 0.494500 59.067345
v 119.618866 0.494500 -84.498260
v 119.618866 -0.005500 -84.498260
v -299.136047 -0.005500 57.762897
v -299.136047 0.494500 57.762897
v 119.618866 0.494500 -84.498260
v 118.717728 -0.005500 -84.643929
v 119.618866 -0.005500 -84.498260
v 118.717728 0.494500 -84.643929
v -298.534302 -0.005500 56.473221
v -298.534302 0.494500 56.473221
v 108.611069 0.494500 -86.629471
v 108.611069 -0.005500 -86.629471
v -297.900330 -0.005500 55.199104
v -297.900330 0.494500 55.199104
v 108.611069 -0.005500 -86.629471
v 105.052101 0.494500 -87.328659
v 105.052101 -0.005500 -87.328659
v 108.611069 0.494500 -86.629471
v -297.234589 -0.005500 53.941372
v -297.234589 0.494500 53.941372
v 105.052101 0.494500 -87.328659
v 105.038887 -0.005500 -87.334473
v 105.052101 -0.005500 -87.328659
v 105.038887 0.494500 -87.334473
v -296.521637 -0.005500 52.672920
v -296.521637 0.494500 52.672920
v 105.038887 0.494500 -87.334473
v 104.177444 -0.005500 -87.712753
v 105.038887 -0.005500 -87.334473
v 104.177444 0.494500 -87.712753
v -284.309052 -0.005500 33.091274
v -296.521637 0.494500 52.672920
v -296.521637 -0.005500 52.672920
v -284.309052 0.494500 33.091274
v 103.212646 0.494500 -88.278694
v 103.212646 -0.005500 -88.278694
v -283.174683 -0.005500 31.272556
v -284.309052 0.494500 33.091274
v -284.309052 -0.005500 33.091274
v -283.174683 0.494500 31.272556
v 102.320320 0.494500 -88.953194
v 102.320320 -0.005500 -88.953194
v -269.827240 -0.005500 9.871279
v -283.174683 0.494500 31.272556
v -283.174683 -0.005500 31.272556
v -269.827240 0.494500 9.871279
v 101.512657 -0.005500 -89.726997
v 101.512657 0.494500 -89.726997
v -269.722595 -0.005500 9.714260
v -269.827240 0.494500 9.871279
v -269.827240 -0.005500 9.871279
v -269.722595 0.494500 9.714260
v 100.800613 0.494500 -90.589661
v 100.800613 -0.005500 -90.589661
v -269.315430 -0.005500 9.139232
v -269.722595 0.494500 9.714260
v -269.722595 -0.005500 9.714260
v -269.315430 0.494500 9.139232
v 100.193886 0.494500 -91.529358
v 100.193886 -0.005500 -91.529358
v -268.718292 -0.005500 8.477115
v -268.718292 0.494500 8.477115
v 99.700775 0.494500 -92.533318
v 99.700775 -0.005500 -92.533318
v -268.047455 0.494500 7.889542
v -268.047455 -0.005500 7.889542
v 99.327942 0.494500 -93.587929
v 99.327942 -0.005500 -93.587929
v -267.312653 0.494500 7.384608
v -267.312653 -0.005500 7.384608
v 99.042976 0.494500 -94.844109
v 99.042976 -0.005500 -94.844109
v -266.523712 0.494500 6.969275
v -266.523712 -0.005500 6.969275
v 99.042862 0.494500 -94.844673
v 99.042976 -0.005500 -94.844109
v 99.042976 0.494500 -94.844109
v 99.042862 -0.005500 -94.844673
v -265.691620 0.494500 6.649268
v -265.691620 -0.005500 6.649268
v 98.796501 0.494500 -95.976318
v 99.042862 -0.005500 -94.844673
v 99.042862 0.494500 -94.844673
v 98.796501 -0.005500 -95.976318
v -264.827484 0.494500 6.428994
v -264.827484 -0.005500 6.428994
v 98.386673 0.494500 -97.239738
v 98.386673 -0.005500 -97.239738
v -263.943848 0.494500 6.311488
v -263.943848 -0.005500 6.311488
v 97.853607 0.494500 -98.456299
v 97.853607 -0.005500 -98.456299
v -263.052307 0.494500 6.298374
v -263.052307 -0.005500 6.298374
v 97.202553 0.494500 -99.614006
v 97.202553 -0.005500 -99.614006
v -262.165314 0.494500 6.389832
v -262.165314 -0.005500 6.389832
v 96.439919 0.494500 -100.701454
v 96.439919 -0.005500 -100.701454
v -261.295135 -0.005500 6.584597
v -261.295135 0.494500 6.584597
v 95.573219 0.494500 -101.707932
v 95.573219 -0.005500 -101.707932
v -260.628387 -0.005500 6.818706
v -260.628387 0.494500 6.818706
v 94.611015 0.494500 -102.623497
v 94.611015 -0.005500 -102.623497
v -252.976105 -0.005500 9.505680
v -260.628387 0.494500 6.818706
v -260.628387 -0.005500 6.818706
v -252.976105 0.494500 9.505680
v 93.562759 0.494500 -103.439171
v 93.562759 -0.005500 -103.439171
v -251.884659 -0.005500 9.826038
v -252.976105 0.494500 9.505680
v -252.976105 -0.005500 9.505680
v -251.884659 0.494500 9.826038
v 92.438782 -0.005500 -104.146881
v 92.438782 0.494500 -104.146881
v -251.873001 0.494500 9.827292
v -251.884659 -0.005500 9.826038
v -251.873001 -0.005500 9.827292
v -251.884659 0.494500 9.826038
v 91.250191 0.494500 -104.739677
v 91.250191 -0.005500 -104.739677
v -250.922852 -0.005500 9.929718
v -251.873001 0.494500 9.827292
v -251.873001 -0.005500 9.827292
v -250.922852 0.494500 9.929718
v 90.008659 0.494500 -105.211685
v 90.008659 -0.005500 -105.211685
v -249.962021 0.494500 9.953243
v -249.962021 -0.005500 9.953243
v 88.879730 0.494500 -105.516861
v 88.879730 -0.005500 -105.516861
v -249.002518 0.494500 9.897118
v -249.002518 -0.005500 9.897118
v 88.879730 0.494500 -105.516861
v 88.648590 -0.005500 -105.570251
v 88.879730 -0.005500 -105.516861
v 88.648590 0.494500 -105.570251
v -248.050995 0.494500 9.761733
v -248.050995 -0.005500 9.761733
v 88.648590 -0.005500 -105.570251
v 85.316620 0.494500 -106.211449
v 85.316620 -0.005500 -106.211449
v 88.648590 0.494500 -105.570251
v -247.113937 0.494500 9.548013
v -247.113937 -0.005500 9.548013
v 85.316620 -0.005500 -106.211449
v 84.450989 0.494500 -106.378052
v 84.450989 -0.005500 -106.378052
v 85.316620 0.494500 -106.211449
v -246.197800 0.494500 9.257431
v -246.197800 -0.005500 9.257431
v 84.450989 -0.005500 -106.378052
v 74.850960 0.494500 -108.225464
v 74.850960 -0.005500 -108.225464
v 84.450989 0.494500 -106.378052
v -245.308853 0.494500 8.891978
v -245.308853 -0.005500 8.891978
v 60.932491 0.494500 -110.479210
v 60.932491 -0.005500 -110.479210
v -244.453262 0.494500 8.454171
v -244.453262 -0.005500 8.454171
v 46.953449 0.494500 -112.320274
v 46.953449 -0.005500 -112.320274
v -243.636826 0.494500 7.947012
v -243.636826 -0.005500 7.947012
v 32.926071 0.494500 -113.747078
v 32.926071 -0.005500 -113.747078
v -242.865219 0.494500 7.373988
v -242.865219 -0.005500 7.373988
v 18.862633 0.494500 -114.758354
v 18.862633 -0.005500 -114.758354
v -242.143723 0.494500 6.739034
v -242.143723 -0.005500 6.739034
v 4.775436 0.494500 -115.353195
v 4.775436 -0.005500 -115.353195
v -241.481049 -0.005500 6.050429
v -241.481049 0.494500 6.050429
v -9.323192 0.494500 -115.531090
v -9.323192 -0.005500 -115.531090
v -241.480148 -0.005500 6.049505
v -241.481049 0.494500 6.050429
v -241.481049 -0.005500 6.050429
v -241.480148 0.494500 6.049505
v -23.420914 0.494500 -115.291901
v -23.420914 -0.005500 -115.291901
v -214.028732 -0.005500 -23.614679
v -241.480148 0.494500 6.049505
v -241.480148 -0.005500 6.049505
v -214.028732 0.494500 -23.614679
v -37.505386 0.494500 -114.635841
v -37.505386 -0.005500 -114.635841
v -214.024811 -0.005500 -23.619120
v -214.028732 0.494500 -23.614679
v -214.028732 -0.005500 -23.614679
v -214.024811 0.494500 -23.619120
v -51.564312 0.494500 -113.563461
v -51.564312 -0.005500 -113.563461
v -213.966080 -0.005500 -23.688629
v -214.024811 0.494500 -23.619120
v -214.024811 -0.005500 -23.619120
v -213.966080 0.494500 -23.688629
v -65.585342 0.494500 -112.075714
v -65.585342 -0.005500 -112.075714
v -213.713760 -0.005500 -23.978973
v -213.966080 0.494500 -23.688629
v -213.966080 -0.005500 -23.688629
v -213.713760 0.494500 -23.978973
v -65.585342 -0.005500 -112.075714
v -79.553741 0.494500 -110.174232
v -79.553741 -0.005500 -110.174232
v -65.585342 0.494500 -112.075714
v -213.497513 -0.005500 -24.242542
v -213.497513 0.494500 -24.242542
v -79.553741 0.494500 -110.174232
v -81.496407 -0.005500 -109.854195
v -79.553741 -0.005500 -110.174232
v -81.496407 0.494500 -109.854195
v -213.288834 -0.005500 -24.512146
v -213.288834 0.494500 -24.512146
v -83.427498 0.494500 -109.483498
v -83.427498 -0.005500 -109.483498
v -213.087921 -0.005500 -24.787563
v -213.087921 0.494500 -24.787563
v -85.348114 -0.005500 -109.061996
v -85.348114 0.494500 -109.061996
v -212.894882 -0.005500 -25.068575
v -212.894882 0.494500 -25.068575
v -87.256958 -0.005500 -108.589981
v -87.256958 0.494500 -108.589981
v -212.709915 -0.005500 -25.354954
v -212.709915 0.494500 -25.354954
v -89.152687 -0.005500 -108.067787
v -89.152687 0.494500 -108.067787
v -212.533157 -0.005500 -25.646482
v -212.533157 0.494500 -25.646482
v -91.033958 -0.005500 -107.495750
v -91.033958 0.494500 -107.495750
v -212.364731 -0.005500 -25.942875
v -212.364731 0.494500 -25.942875
v -92.899513 -0.005500 -106.874306
v -92.899513 0.494500 -106.874306
v -212.204788 -0.005500 -26.243967
v -212.204788 0.494500 -26.243967
v -94.747993 -0.005500 -106.203857
v -94.747993 0.494500 -106.203857
v -212.053482 -0.005500 -26.549452
v -212.053482 0.494500 -26.549452
v -96.578194 -0.005500 -105.484909
v -96.578194 0.494500 -105.484909
v -211.910889 -0.005500 -26.859129
v -211.910889 0.494500 -26.859129
v -98.388756 -0.005500 -104.717896
v -98.388756 0.494500 -104.717896
v -211.846344 -0.005500 -27.010487
v -211.846344 0.494500 -27.010487
v -99.547379 0.494500 -104.190628
v -99.547379 -0.005500 -104.190628
v -211.840530 -0.005500 -27.027149
v -211.846344 0.494500 -27.010487
v -211.846344 -0.005500 -27.010487
v -211.840530 0.494500 -27.027149
v -99.547379 0.494500 -104.190628
v -100.178467 -0.005500 -103.903427
v -99.547379 -0.005500 -104.190628
v -100.178467 0.494500 -103.903427
v -211.785492 -0.005500 -27.227228
v -211.840530 0.494500 -27.027149
v -211.840530 -0.005500 -27.027149
v -211.785492 0.494500 -27.227228
v -101.908768 -0.005500 -103.060204
v -101.908768 0.494500 -103.060204
v -211.662857 -0.005500 -27.655241
v -211.662857 0.494500 -27.655241
v -101.908768 0.494500 -103.060204
v -101.945946 -0.005500 -103.041786
v -101.908768 -0.005500 -103.060204
v -101.945946 0.494500 -103.041786
v -211.535706 -0.005500 -28.081963
v -211.535706 0.494500 -28.081963
v -101.945946 0.494500 -103.041786
v -104.884277 -0.005500 -101.561577
v -101.945946 -0.005500 -103.041786
v -104.884277 0.494500 -101.561577
v -211.404022 -0.005500 -28.507286
v -211.404022 0.494500 -28.507286
v -107.637100 -0.005500 -99.772858
v -107.637100 0.494500 -99.772858
v -211.267853 -0.005500 -28.931210
v -211.267853 0.494500 -28.931210
v -110.177780 -0.005500 -97.693840
v -110.177780 0.494500 -97.693840
v -211.127151 -0.005500 -29.353638
v -211.127151 0.494500 -29.353638
v -112.475899 0.494500 -95.349472
v -112.475899 -0.005500 -95.349472
v -210.981979 -0.005500 -29.774567
v -210.981979 0.494500 -29.774567
v -114.503891 0.494500 -92.767838
v -114.503891 -0.005500 -92.767838
v -210.832382 -0.005500 -30.193920
v -210.832382 0.494500 -30.193920
v -116.237396 0.494500 -89.979935
v -116.237396 -0.005500 -89.979935
v -210.696671 -0.005500 -30.561941
v -210.696671 0.494500 -30.561941
v -117.655624 0.494500 -87.019157
v -117.655624 -0.005500 -87.019157
v -210.665512 -0.005500 -30.645100
v -210.696671 0.494500 -30.561941
v -210.696671 -0.005500 -30.561941
v -210.665512 0.494500 -30.645100
v -118.741600 0.494500 -83.921089
v -118.741600 -0.005500 -83.921089
v -210.554855 -0.005500 -30.930624
v -210.665512 0.494500 -30.645100
v -210.665512 -0.005500 -30.645100
v -210.554855 0.494500 -30.930624
v -119.482292 0.494500 -80.722832
v -119.482292 -0.005500 -80.722832
v -210.424194 -0.005500 -31.246700
v -210.424194 0.494500 -31.246700
v -119.868774 0.494500 -77.462738
v -119.868774 -0.005500 -77.462738
v -210.286530 -0.005500 -31.559753
v -210.286530 0.494500 -31.559753
v -119.896454 0.494500 -74.179939
v -119.896454 -0.005500 -74.179939
v -210.141907 -0.005500 -31.869686
v -210.141907 0.494500 -31.869686
v -119.564995 0.494500 -70.913750
v -119.564995 -0.005500 -70.913750
v -209.990433 -0.005500 -32.176315
v -209.990433 0.494500 -32.176315
v -119.564995 -0.005500 -70.913750
v -119.148705 0.494500 -68.957603
v -119.148705 -0.005500 -68.957603
v -119.564995 0.494500 -70.913750
v -209.832123 -0.005500 -32.479488
v -209.832123 0.494500 -32.479488
v -119.148705 -0.005500 -68.957603
v -119.112717 0.494500 -66.938217
v -119.112717 -0.005500 -66.938217
v -119.148705 0.494500 -68.957603
v -209.754257 -0.005500 -32.620865
v -209.754257 0.494500 -32.620865
v -119.462425 0.494500 -64.949043
v -119.462425 -0.005500 -64.949043
v -209.706512 -0.005500 -32.707558
v -209.754257 0.494500 -32.620865
v -209.754257 -0.005500 -32.620865
v -209.706512 0.494500 -32.707558
v -120.185036 0.494500 -63.063046
v -120.185036 -0.005500 -63.063046
v -209.667130 -0.005500 -32.779079
v -209.706512 0.494500 -32.707558
v -209.706512 -0.005500 -32.707558
v -209.667130 0.494500 -32.779079
v -121.253990 0.494500 -61.349407
v -121.253990 -0.005500 -61.349407
v -209.495499 -0.005500 -33.074890
v -209.495499 0.494500 -33.074890
v -122.630104 0.494500 -59.871078
v -122.630104 -0.005500 -59.871078
v -209.317337 -0.005500 -33.366837
v -209.317337 0.494500 -33.366837
v -124.262848 -0.005500 -58.682259
v -124.262848 0.494500 -58.682259
v -209.132660 -0.005500 -33.654720
v -209.132660 0.494500 -33.654720
v -126.092308 -0.005500 -57.826553
v -126.092308 0.494500 -57.826553
v -208.941711 -0.005500 -33.938416
v -208.941711 0.494500 -33.938416
v -128.051376 -0.005500 -57.335419
v -128.051376 0.494500 -57.335419
v -208.812881 -0.005500 -34.120861
v -208.812881 0.494500 -34.120861
v -130.055557 -0.005500 -57.227520
v -130.055557 0.494500 -57.227520
v -208.809128 -0.005500 -34.126423
v -208.812881 0.494500 -34.120861
v -208.812881 -0.005500 -34.120861
v -208.809128 0.494500 -34.126423
v -130.055557 0.494500 -57.227520
v -130.068130 -0.005500 -57.227448
v -130.055557 -0.005500 -57.227520
v -130.068130 0.494500 -57.227448
v -207.700348 -0.005500 -35.880093
v -208.809128 0.494500 -34.126423
v -208.809128 -0.005500 -34.126423
v -207.700348 0.494500 -35.880093
v -130.068130 -0.005500 -57.227448
v -168.029160 0.494500 -58.828106
v -168.029160 -0.005500 -58.828106
v -130.068130 0.494500 -57.227448
v -205.107025 -0.005500 -39.331165
v -205.107025 0.494500 -39.331165
v -168.029160 -0.005500 -58.828106
v -172.178329 0.494500 -58.327244
v -172.178329 -0.005500 -58.327244
v -168.029160 0.494500 -58.828106
v -202.244232 -0.005500 -42.562172
v -202.244232 0.494500 -42.562172
v -176.408463 -0.005500 -57.466434
v -176.408463 0.494500 -57.466434
v -199.130493 0.494500 -45.552135
v -199.130493 -0.005500 -45.552135
v -180.555557 0.494500 -56.267735
v -180.555557 -0.005500 -56.267735
v -195.786072 0.494500 -48.281590
v -199.130493 -0.005500 -45.552135
v -195.786072 -0.005500 -48.281590
v -199.130493 0.494500 -45.552135
v -184.592621 -0.005500 -54.738934
v -184.592621 0.494500 -54.738934
v -192.232697 0.494500 -50.732845
v -192.232697 -0.005500 -50.732845
v -188.493454 -0.005500 -52.889961
v -188.493454 0.494500 -52.889961
vn -0.3035 0.0000 -0.9528
vn -0.4640 0.0000 -0.8858
vn -0.4652 0.0000 -0.8852
vn -0.4603 0.0000 -0.8878
vn 0.4917 0.0000 -0.8708
vn -0.4638 0.0000 -0.8859
vn 0.4918 0.0000 -0.8707
vn -0.4670 0.0000 -0.8843
vn 0.4865 0.0000 -0.8737
vn 0.4905 0.0000 -0.8714
vn 0.9083 0.0000 -0.4184
vn 0.8830 0.0000 -0.4694
vn 0.8830 0.0000 -0.4695
vn -0.5314 0.0000 -0.8471
vn 0.8829 0.0000 -0.4696
vn -0.5612 0.0000 -0.8277
vn -0.5659 0.0000 -0.8244
vn -0.1743 0.0000 -0.9847
vn -0.1747 0.0000 -0.9846
vn -0.1737 0.0000 -0.9848
vn -0.3200 0.0000 -0.9474
vn -0.2818 0.0000 -0.9595
vn 0.0487 0.0000 -0.9988
vn -0.9424 0.0000 -0.3346
vn -0.9008 0.0000 -0.4342
vn -0.8622 0.0000 -0.5065
vn -0.8628 0.0000 -0.5056
vn 0.3035 0.0000 0.9528
vn 0.9208 0.0000 -0.3901
vn 0.9755 0.0000 0.2202
vn 0.9756 0.0000 0.2197
vn 0.9754 0.0000 0.2203
vn 0.9524 0.0000 0.3049
vn -0.1248 0.0000 0.9922
vn -0.1928 0.0000 0.9812
vn -0.4027 0.0000 0.9153
vn 0.8485 0.0000 0.5292
vn 0.8321 0.0000 0.5546
vn -0.9801 0.0000 0.1987
vn -0.3313 0.0000 0.9435
vn -0.2816 0.0000 0.9595
vn -0.1069 0.0000 0.9943
vn -0.1070 0.0000 0.9943
vn -0.2251 0.0000 0.9743
vn -0.1890 0.0000 0.9820
vn 0.7163 0.0000 0.6978
vn 0.7340 0.0000 0.6792
vn 0.7495 0.0000 0.6620
vn 0.7638 0.0000 0.6454
vn 0.7639 0.0000 0.6454
vn 0.1349 0.0000 0.9909
vn 0.9442 0.0000 0.3294
vn 0.4439 0.0000 0.8961
vn 0.9364 0.0000 0.3509
vn 0.9781 0.0000 -0.2082
vn 0.8759 0.0000 0.4824
vn 0.8289 0.0000 0.5594
vn 0.0055 0.0000 1.0000
vn 0.0061 0.0000 1.0000
vn -0.0421 0.0000 0.9991
vn -0.3274 0.0000 -0.9449
vn -0.3421 0.0000 -0.9397
vn -0.3567 0.0000 -0.9342
vn -0.3713 0.0000 -0.9285
vn -0.3857 0.0000 -0.9226
vn -0.4001 0.0000 -0.9165
vn -0.4143 0.0000 -0.9101
vn -0.1108 0.0000 -0.9938
vn -0.1670 0.0000 -0.9860
vn -0.4285 0.0000 -0.9035
vn 0.0027 0.0000 -1.0000
vn -0.4426 0.0000 -0.8967
vn 0.1160 0.0000 -0.9932
vn -0.4565 0.0000 -0.8897
vn 0.2279 0.0000 -0.9737
vn -0.4703 0.0000 -0.8825
vn 0.3369 0.0000 -0.9416
vn -0.4772 0.0000 -0.8788
vn 0.4414 0.0000 -0.8973
vn 0.4916 0.0000 -0.8708
vn -0.4700 0.0000 -0.8827
vn -0.4759 0.0000 -0.8795
vn -0.4819 0.0000 -0.8762
vn 0.5404 0.0000 -0.8414
vn -0.4878 0.0000 -0.8730
vn 0.6323 0.0000 -0.7747
vn -0.4937 0.0000 -0.8697
vn 0.7161 0.0000 -0.6980
vn -0.4995 0.0000 -0.8663
vn 0.7906 0.0000 -0.6123
vn -0.5054 0.0000 -0.8629
vn 0.8241 0.0000 -0.5664
vn -0.5112 0.0000 -0.8595
vn 0.8550 0.0000 -0.5187
vn 0.8549 0.0000 -0.5187
vn -0.5170 0.0000 -0.8560
vn 0.8830 0.0000 -0.4693
vn -0.5228 0.0000 -0.8525
vn -0.5285 0.0000 -0.8489
vn -0.5161 0.0000 -0.8565
vn -0.4978 0.0000 -0.8673
vn 0.8546 0.0000 -0.5192
vn -0.4605 0.0000 -0.8877
vn 0.7899 0.0000 -0.6132
vn -0.4223 0.0000 -0.9065
vn 0.7149 0.0000 -0.6993
vn -0.3834 0.0000 -0.9236
vn 0.6305 0.0000 -0.7762
vn -0.3437 0.0000 -0.9391
vn 0.5379 0.0000 -0.8430
vn 0.4383 0.0000 -0.8988
vn -0.2627 0.0000 -0.9649
vn 0.3330 0.0000 -0.9429
vn -0.2214 0.0000 -0.9752
vn 0.2233 0.0000 -0.9747
vn -0.2007 0.0000 -0.9797
vn 0.1108 0.0000 -0.9938
vn -0.2006 0.0000 -0.9797
vn -0.1798 0.0000 -0.9837
vn -0.0032 0.0000 -1.0000
vn -0.1378 0.0000 -0.9905
vn -0.1172 0.0000 -0.9931
vn -0.1167 0.0000 -0.9932
vn -0.1624 0.0000 -0.9867
vn -0.1689 0.0000 -0.9856
vn -0.1818 0.0000 -0.9833
vn -0.1948 0.0000 -0.9808
vn -0.2077 0.0000 -0.9782
vn -0.2205 0.0000 -0.9754
vn -0.2738 0.0000 -0.9618
vn -0.2887 0.0000 -0.9574
vn -0.2333 0.0000 -0.9724
vn -0.2438 0.0000 -0.9698
vn -0.2461 0.0000 -0.9693
vn -0.2136 0.0000 -0.9769
vn -0.2588 0.0000 -0.9659
vn -0.1831 0.0000 -0.9831
vn -0.2651 0.0000 -0.9642
vn -0.1525 0.0000 -0.9883
vn -0.2778 0.0000 -0.9606
vn -0.2841 0.0000 -0.9588
vn -0.1218 0.0000 -0.9926
vn -0.2904 0.0000 -0.9569
vn -0.0909 0.0000 -0.9959
vn -0.0599 0.0000 -0.9982
vn -0.3582 0.0000 -0.9337
vn -0.4187 0.0000 -0.9081
vn -0.0444 0.0000 -0.9990
vn -0.5342 0.0000 -0.8454
vn -0.0289 0.0000 -0.9996
vn -0.6405 0.0000 -0.7680
vn 0.0021 0.0000 -1.0000
vn -0.7358 0.0000 -0.6773
vn 0.0332 0.0000 -0.9994
vn -0.8182 0.0000 -0.5749
vn -0.8865 0.0000 -0.4627
vn -0.9396 0.0000 -0.3423
vn -0.0624 0.0000 -0.9981
vn -0.0068 0.0000 -1.0000
vn -0.9764 0.0000 -0.2162
vn -0.1727 0.0000 -0.9850
vn -0.9963 0.0000 -0.0862
vn -0.2809 0.0000 -0.9597
vn -0.9990 0.0000 0.0453
vn -0.9844 0.0000 0.1758
vn -0.4857 0.0000 -0.8741
vn -0.9708 0.0000 0.2400
vn -0.5795 0.0000 -0.8149
vn -0.5795 0.0000 -0.8150
vn -0.9213 0.0000 0.3888
vn -0.9380 0.0000 0.3465
vn -0.6664 0.0000 -0.7456
vn -0.8822 0.0000 0.4708
vn -0.7451 0.0000 -0.6670
vn -0.8359 0.0000 0.5488
vn -0.8144 0.0000 -0.5802
vn -0.7826 0.0000 0.6225
vn -0.8737 0.0000 -0.4865
vn -0.7229 0.0000 0.6910
vn -0.9224 0.0000 -0.3863
vn -0.6572 0.0000 0.7537
vn -0.9425 0.0000 -0.3341
vn -0.5860 0.0000 0.8103
vn -0.5101 0.0000 0.8601
vn -0.4706 0.0000 0.8823
vn -0.3170 0.0000 0.9484
vn -0.2909 0.0000 0.9568
vn -0.8607 0.0000 -0.5091
vn -0.8054 0.0000 -0.5927
vn -0.2380 0.0000 0.9713
vn -0.2381 0.0000 0.9712
vn -0.6711 0.0000 -0.7414
vn -0.1844 0.0000 0.9828
vn -0.5099 0.0000 -0.8602
vn -0.1302 0.0000 0.9915
vn -0.3282 0.0000 -0.9446
vn -0.0756 0.0000 0.9971
vn -0.1333 0.0000 -0.9911
vn -0.0208 0.0000 0.9998
vn 0.0669 0.0000 -0.9978
vn 0.0340 0.0000 0.9994
vn 0.2644 0.0000 -0.9644
vn 0.0888 0.0000 0.9961
vn 0.4513 0.0000 -0.8924
vn 0.1432 0.0000 0.9897
vn 0.6201 0.0000 -0.7845
vn 0.1973 0.0000 0.9803
vn 0.7640 0.0000 -0.6452
vn 0.2508 0.0000 0.9680
vn 0.8773 0.0000 -0.4799
vn 0.2773 0.0000 0.9608
vn 0.9210 0.0000 -0.3896
vn 0.2577 0.0000 0.9662
vn 0.2527 0.0000 0.9675
vn 0.9681 0.0000 -0.2506
vn 0.9619 0.0000 -0.2733
vn 0.2427 0.0000 0.9701
vn 0.9788 0.0000 -0.2049
vn 0.2326 0.0000 0.9726
vn 0.9873 0.0000 -0.1589
vn 0.2226 0.0000 0.9749
vn 0.9937 0.0000 -0.1122
vn 0.2125 0.0000 0.9772
vn 0.9979 0.0000 -0.0653
vn 0.2024 0.0000 0.9793
vn 0.9998 0.0000 -0.0184
vn 0.1922 0.0000 0.9813
vn 0.1923 0.0000 0.9813
vn 0.9996 0.0000 0.0286
vn 0.1821 0.0000 0.9833
vn 0.9971 0.0000 0.0755
vn 0.1719 0.0000 0.9851
vn 0.9925 0.0000 0.1223
vn 0.1617 0.0000 0.9868
vn 0.9856 0.0000 0.1689
vn 0.1515 0.0000 0.9885
vn 0.9766 0.0000 0.2148
vn 0.1464 0.0000 0.9892
vn 0.9713 0.0000 0.2377
vn 0.1257 0.0000 0.9921
vn 0.1101 0.0000 0.9939
vn 0.0789 0.0000 0.9969
vn 0.0475 0.0000 0.9989
vn 0.0161 0.0000 0.9999
vn -0.0153 0.0000 0.9999
vn 0.9696 0.0000 0.2448
vn 0.9726 0.0000 0.2326
vn -0.0467 0.0000 0.9989
vn 0.9631 0.0000 0.2693
vn -0.0780 0.0000 0.9969
vn 0.9596 0.0000 0.2814
vn -0.1093 0.0000 0.9940
vn -0.1249 0.0000 0.9922
vn 0.9483 0.0000 0.3175
vn 0.9522 0.0000 0.3056
vn 0.9400 0.0000 0.3412
vn -0.1405 0.0000 0.9901
vn 0.9311 0.0000 0.3648
vn -0.1715 0.0000 0.9852
vn 0.9216 0.0000 0.3881
vn -0.1870 0.0000 0.9824
vn 0.9115 0.0000 0.4113
vn -0.1596 0.0000 0.9872
vn -0.1762 0.0000 0.9844
vn 0.9008 0.0000 0.4342
vn 0.8896 0.0000 0.4567
vn 0.8778 0.0000 0.4789
vn 0.8717 0.0000 0.4900
vn -0.4021 0.0000 0.9156
vn -0.4548 0.0000 0.8906
vn -0.5554 0.0000 0.8316
vn -0.6485 0.0000 0.7612
vn -0.7328 0.0000 0.6805
vn -0.8070 0.0000 0.5905
vn 0.7807 0.0000 0.6249
vn 0.8161 0.0000 0.5779
vn -0.8703 0.0000 0.4925
vn 0.7020 0.0000 0.7122
vn -0.9218 0.0000 0.3877
vn 0.6137 0.0000 0.7896
vn -0.9607 0.0000 0.2777
vn 0.5170 0.0000 0.8560
vn -0.9752 0.0000 0.2212
vn 0.4131 0.0000 0.9107
vn -0.9654 0.0000 0.2610
vn -0.9771 0.0000 0.2127
vn 0.1897 0.0000 0.9818
vn -0.9347 0.0000 0.3554
vn 0.0734 0.0000 0.9973
vn -0.8949 0.0000 0.4463
vn -0.0440 0.0000 0.9990
vn -0.8462 0.0000 0.5328
vn -0.1608 0.0000 0.9870
vn -0.7892 0.0000 0.6141
vn -0.2753 0.0000 0.9613
vn -0.7244 0.0000 0.6893
vn -0.6525 0.0000 0.7578
vn -0.5742 0.0000 0.8187
vn -0.4902 0.0000 0.8716
vn -0.4013 0.0000 0.9159
vn -0.0659 0.0000 0.9978
vn -0.1072 0.0000 0.9942
vn -0.3085 0.0000 0.9512
vn 0.0170 0.0000 0.9999
vn -0.2610 0.0000 0.9654
vn 0.0997 0.0000 0.9950
vn 0.1818 0.0000 0.9833
vn 0.2626 0.0000 0.9649
vn 0.3416 0.0000 0.9399
vn -0.1744 0.0000 0.9847
vn 0.4182 0.0000 0.9083
vn -0.1452 0.0000 0.9894
vn 0.4920 0.0000 0.8706
vn -0.1159 0.0000 0.9933
vn 0.5624 0.0000 0.8268
vn -0.0865 0.0000 0.9963
vn 0.6290 0.0000 0.7774
vn -0.0570 0.0000 0.9984
vn 0.6912 0.0000 0.7227
vn -0.0274 0.0000 0.9996
vn 0.7205 0.0000 0.6934
vn 0.0022 0.0000 1.0000
vn 0.0318 0.0000 0.9995
vn 0.0613 0.0000 0.9981
vn 0.0908 0.0000 0.9959
vn 0.1055 0.0000 0.9944
vn 0.7640 0.0000 0.6452
vn 0.7548 0.0000 0.6560
vn 0.7820 0.0000 0.6233
vn 0.1626 0.0000 0.9867
vn 0.1756 0.0000 0.9845
vn 0.7994 0.0000 0.6008
vn 0.2015 0.0000 0.9795
vn 0.8162 0.0000 0.5778
vn 0.2272 0.0000 0.9738
vn 0.8322 0.0000 0.5544
vn 0.2528 0.0000 0.9675
vn 0.8476 0.0000 0.5306
vn 0.2783 0.0000 0.9605
vn 0.8624 0.0000 0.5063
vn 0.8764 0.0000 0.4816
vn 0.3285 0.0000 0.9445
vn 0.8897 0.0000 0.4565
vn 0.3533 0.0000 0.9355
vn 0.9023 0.0000 0.4311
vn 0.3779 0.0000 0.9259
vn 0.9142 0.0000 0.4053
vn 0.4022 0.0000 0.9156
vn 0.9199 0.0000 0.3923
vn 0.4142 0.0000 0.9102
vn 0.4262 0.0000 0.9046
vn 0.9628 0.0000 0.2703
vn 0.9642 0.0000 0.2652
vn 0.4381 0.0000 0.8989
vn 0.9599 0.0000 0.2805
vn 0.9568 0.0000 0.2907
vn 0.4499 0.0000 0.8931
vn 0.4981 0.0000 0.8671
vn 0.9537 0.0000 0.3008
vn 0.5900 0.0000 0.8074
vn 0.9504 0.0000 0.3109
vn 0.6747 0.0000 0.7381
vn 0.9471 0.0000 0.3210
vn 0.7514 0.0000 0.6599
vn 0.9436 0.0000 0.3310
vn 0.8190 0.0000 0.5738
vn 0.9401 0.0000 0.3410
vn 0.8769 0.0000 0.4807
vn 0.9382 0.0000 0.3460
vn 0.9242 0.0000 0.3820
vn 0.9604 0.0000 0.2786
vn 0.9283 0.0000 0.3717
vn 0.9324 0.0000 0.3614
vn 0.9851 0.0000 0.1719
vn 0.9198 0.0000 0.3923
vn 0.9980 0.0000 0.0632
vn 0.9109 0.0000 0.4127
vn 0.9989 0.0000 -0.0463
vn 0.9014 0.0000 0.4329
vn 0.9949 0.0000 -0.1010
vn 0.8916 0.0000 0.4529
vn 0.8812 0.0000 0.4727
vn 0.9998 0.0000 -0.0178
vn 0.9970 0.0000 0.0780
vn 0.9638 0.0000 0.2667
vn 0.8952 0.0000 0.4456
vn 0.8705 0.0000 0.4921
vn 0.8760 0.0000 0.4823
vn 0.8760 0.0000 0.4824
vn 0.7939 0.0000 0.6081
vn 0.8593 0.0000 0.5114
vn 0.6633 0.0000 0.7483
vn 0.8477 0.0000 0.5305
vn 0.5085 0.0000 0.8611
vn 0.8357 0.0000 0.5492
vn 0.3350 0.0000 0.9422
vn 0.8233 0.0000 0.5676
vn 0.1492 0.0000 0.9888
vn 0.8169 0.0000 0.5768
vn 0.0538 0.0000 0.9986
vn 0.8230 0.0000 0.5680
vn 0.8452 0.0000 0.5344
vn 0.7746 0.0000 0.6325
vn 0.1198 0.0000 0.9928
vn 0.1598 0.0000 0.9872
vn 0.7211 0.0000 0.6928
vn 0.2387 0.0000 0.9711
vn 0.6926 0.0000 0.7213
vn 0.3162 0.0000 0.9487
vn 0.6005 0.0000 0.7996
vn 0.6323 0.0000 0.7747
vn 0.3916 0.0000 0.9202
vn 0.5342 0.0000 0.8454
vn 0.4644 0.0000 0.8856
usemtl material
s off
f 5362//1284 5363//1284 5364//1284
f 5363//1284 5362//1284 5365//1284
f 5368//1284 5369//1284 5370//1284
f 5369//1284 5368//1284 5371//1284
f 5374//1284 5375//1284 5376//1284
f 5375//1284 5374//1284 5377//1284
f 5380//1284 5381//1284 5382//1284
f 5381//1284 5380//1284 5383//1284
f 5410//1285 5411//1285 5412//1285
f 5411//1286 5410//1286 5413//1286
f 5416//1287 5417//1287 5418//1287
f 5417//1287 5416//1287 5419//1287
f 5420//1288 5421//1288 5422//1288
f 5421//1288 5420//1288 5423//1288
f 5424//1289 5425//1289 5426//1289
f 5425//1285 5424//1285 5427//1285
f 5428//1290 5429//1290 5430//1290
f 5429//1290 5428//1290 5431//1290
f 5432//1291 5433//1291 5434//1291
f 5433//1291 5432//1291 5435//1291
f 5436//1288 5437//1288 5438//1288
f 5437//1288 5436//1288 5439//1288
f 5442//1292 5443//1292 5444//1292
f 5443//1293 5442//1293 5445//1293
f 5480//1294 5481//1294 5482//1294
f 5481//1294 5480//1294 5483//1294
f 5486//1295 5487//1295 5488//1295
f 5487//1296 5486//1296 5489//1296
f 5485//1297 5490//1297 5491//1297
f 5490//1297 5485//1297 5484//1297
f 5492//1298 5493//1298 5494//1298
f 5493//1298 5492//1298 5495//1298
f 5496//1299 5497//1299 5498//1299
f 5497//1300 5496//1300 5499//1300
f 5500//1298 5501//1298 5502//1298
f 5501//1298 5500//1298 5503//1298
f 5562//1301 5563//1301 5564//1301
f 5563//1302 5562//1302 5565//1302
f 5568//1303 5569//1303 5570//1303
f 5569//1303 5568//1303 5571//1303
f 5574//1304 5575//1304 5576//1304
f 5575//1304 5574//1304 5577//1304
f 5580//1284 5581//1284 5582//1284
f 5581//1284 5580//1284 5583//1284
f 5616//1305 5617//1305 5618//1305
f 5617//1305 5616//1305 5619//1305
f 5648//1306 5649//1306 5650//1306
f 5649//1306 5648//1306 5651//1306
f 5706//1307 5707//1307 5708//1307
f 5707//1307 5706//1307 5709//1307
f 5712//1308 5713//1308 5714//1308
f 5713//1308 5712//1308 5715//1308
f 5718//1309 5719//1309 5720//1309
f 5719//1310 5718//1310 5721//1310
f 5774//1311 5775//1311 5776//1311
f 5775//1311 5774//1311 5777//1311
f 5778//1312 5779//1312 5780//1312
f 5779//1312 5778//1312 5781//1312
f 5838//1313 5839//1313 5840//1313
f 5839//1313 5838//1313 5841//1313
f 5844//1314 5845//1314 5846//1314
f 5845//1314 5844//1314 5847//1314
f 5850//1314 5851//1314 5852//1314
f 5851//1314 5850//1314 5853//1314
f 5856//1315 5857//1315 5858//1315
f 5857//1315 5856//1315 5859//1315
f 5876//1316 5877//1316 5878//1316
f 5877//1316 5876//1316 5879//1316
f 5886//1317 5887//1317 5888//1317
f 5887//1317 5886//1317 5889//1317
f 5916//1318 5917//1318 5918//1318
f 5917//1318 5916//1318 5919//1318
f 5922//1319 5923//1319 5924//1319
f 5923//1319 5922//1319 5925//1319
f 5932//1320 5933//1320 5934//1320
f 5933//1320 5932//1320 5935//1320
f 5938//1320 5939//1320 5940//1320
f 5939//1320 5938//1320 5941//1320
f 5944//1320 5945//1320 5946//1320
f 5945//1320 5944//1320 5947//1320
f 5950//1321 5951//1321 5952//1321
f 5951//1321 5950//1321 5953//1321
f 5976//1322 5977//1322 5978//1322
f 5977//1322 5976//1322 5979//1322
f 6010//1323 6011//1323 6012//1323
f 6011//1323 6010//1323 6013//1323
f 6016//1324 6017//1324 6018//1324
f 6017//1324 6016//1324 6019//1324
f 6022//1325 6023//1325 6024//1325
f 6023//1326 6022//1326 6025//1326
f 6040//1327 6041//1327 6042//1327
f 6041//1327 6040//1327 6043//1327
f 6046//1328 6047//1328 6048//1328
f 6047//1328 6046//1328 6049//1328
f 6052//1328 6053//1328 6054//1328
f 6053//1328 6052//1328 6055//1328
f 6086//1329 6087//1329 6088//1329
f 6087//1329 6086//1329 6089//1329
f 6092//1330 6093//1330 6094//1330
f 6093//1330 6092//1330 6095//1330
f 6098//1331 6099//1331 6100//1331
f 6099//1331 6098//1331 6101//1331
f 6104//1332 6105//1332 6106//1332
f 6105//1333 6104//1333 6107//1333
f 6114//1334 6115//1334 6116//1334
f 6115//1334 6114//1334 6117//1334
f 6164//1335 6165//1335 6166//1335
f 6165//1335 6164//1335 6167//1335
f 6180//1336 6181//1336 6182//1336
f 6181//1336 6180//1336 6183//1336
f 6214//1337 6215//1337 6216//1337
f 6215//1337 6214//1337 6217//1337
f 6240//1338 6241//1338 6242//1338
f 6241//1338 6240//1338 6243//1338
f 6254//1339 6255//1339 6256//1339
f 6255//1339 6254//1339 6257//1339
f 6286//1340 6287//1340 6288//1340
f 6287//1340 6286//1340 6289//1340
f 6290//1341 6291//1341 6292//1341
f 6291//1342 6290//1342 6293//1342
f 6298//1343 6299//1343 6300//1343
f 6299//1343 6298//1343 6301//1343
s 1
f 5354//1344 5355//1345 5356//1344
f 5355//1345 5354//1344 5357//1345
f 5358//1304 5356//1344 5359//1304
f 5356//1344 5358//1304 5354//1344
f 5355//1345 5360//1346 5361//1346
f 5360//1346 5355//1345 5357//1345
f 5360//1346 5366//1347 5361//1346
f 5366//1347 5360//1346 5367//1347
f 5367//1347 5372//1348 5366//1347
f 5372//1348 5367//1347 5373//1348
f 5372//1348 5378//1349 5379//1349
f 5378//1349 5372//1348 5373//1348
f 5378//1349 5384//1350 5379//1349
f 5384//1350 5378//1349 5385//1350
f 5386//1351 5387//1352 5388//1351
f 5387//1352 5386//1351 5389//1352
f 5385//1350 5390//1353 5384//1350
f 5390//1353 5385//1350 5391//1353
f 5392//1354 5388//1351 5393//1354
f 5388//1351 5392//1354 5386//1351
f 5391//1353 5394//1355 5390//1353
f 5394//1355 5391//1353 5395//1355
f 5396//1356 5393//1354 5397//1356
f 5393//1354 5396//1356 5392//1354
f 5394//1355 5398//1357 5399//1357
f 5398//1357 5394//1355 5395//1355
f 5400//1358 5397//1356 5401//1358
f 5397//1356 5400//1358 5396//1356
f 5398//1357 5402//1359 5399//1357
f 5402//1359 5398//1357 5403//1359
f 5404//1360 5401//1358 5405//1360
f 5401//1358 5404//1360 5400//1358
f 5402//1359 5406//1361 5407//1361
f 5406//1361 5402//1359 5403//1359
f 5408//1362 5405//1360 5409//1362
f 5405//1360 5408//1362 5404//1360
f 5414//1363 5409//1362 5415//1288
f 5409//1362 5414//1363 5408//1362
f 5433//1364 5440//1365 5434//1364
f 5440//1365 5433//1364 5441//1365
f 5440//1365 5446//1366 5447//1366
f 5446//1366 5440//1365 5441//1365
f 5448//1367 5449//1288 5450//1367
f 5449//1288 5448//1367 5451//1288
f 5447//1366 5452//1368 5453//1368
f 5452//1368 5447//1366 5446//1366
f 5454//1369 5450//1367 5455//1369
f 5450//1367 5454//1369 5448//1367
f 5452//1368 5456//1370 5453//1368
f 5456//1370 5452//1368 5457//1370
f 5458//1371 5454//1369 5455//1369
f 5454//1369 5458//1371 5459//1371
f 5456//1370 5460//1372 5461//1372
f 5460//1372 5456//1370 5457//1370
f 5462//1373 5459//1371 5458//1371
f 5459//1371 5462//1373 5463//1373
f 5460//1372 5464//1374 5461//1372
f 5464//1374 5460//1372 5465//1374
f 5466//1375 5463//1373 5462//1373
f 5463//1373 5466//1375 5467//1375
f 5464//1374 5468//1376 5469//1376
f 5468//1376 5464//1374 5465//1374
f 5470//1377 5471//1375 5472//1375
f 5471//1375 5470//1377 5473//1378
f 5469//1376 5474//1379 5475//1379
f 5474//1379 5469//1376 5468//1376
f 5476//1380 5473//1378 5470//1377
f 5473//1378 5476//1380 5477//1380
f 5474//1379 5478//1381 5475//1379
f 5478//1381 5474//1379 5479//1381
f 5478//1381 5484//1382 5485//1382
f 5484//1382 5478//1381 5479//1381
f 5504//1383 5505//1384 5506//1383
f 5505//1384 5504//1383 5507//1384
f 5508//1385 5509//1298 5510//1298
f 5509//1298 5508//1385 5511//1385
f 5505//1384 5512//1386 5513//1386
f 5512//1386 5505//1384 5507//1384
f 5514//1387 5511//1385 5508//1385
f 5511//1385 5514//1387 5515//1387
f 5512//1386 5516//1388 5513//1386
f 5516//1388 5512//1386 5517//1388
f 5518//1389 5515//1387 5514//1387
f 5515//1387 5518//1389 5519//1389
f 5517//1388 5520//1390 5516//1388
f 5520//1390 5517//1388 5521//1390
f 5522//1391 5518//1389 5523//1391
f 5518//1389 5522//1391 5519//1389
f 5521//1390 5524//1392 5520//1390
f 5524//1392 5521//1390 5525//1392
f 5526//1393 5523//1391 5527//1393
f 5523//1391 5526//1393 5522//1391
f 5525//1392 5528//1284 5524//1392
f 5528//1284 5525//1392 5529//1284
f 5530//1394 5527//1393 5531//1394
f 5527//1393 5530//1394 5526//1393
f 5529//1284 5532//1395 5528//1284
f 5532//1395 5529//1284 5533//1395
f 5534//1396 5531//1394 5535//1396
f 5531//1394 5534//1396 5530//1394
f 5533//1395 5536//1397 5532//1395
f 5536//1397 5533//1395 5537//1397
f 5538//1398 5535//1396 5539//1398
f 5535//1396 5538//1398 5534//1396
f 5537//1397 5540//1399 5536//1397
f 5540//1399 5537//1397 5541//1399
f 5542//1400 5539//1398 5543//1400
f 5539//1398 5542//1400 5538//1398
f 5544//1401 5545//1402 5546//1401
f 5545//1402 5544//1401 5547//1402
f 5548//1403 5543//1400 5549//1403
f 5543//1400 5548//1403 5542//1400
f 5547//1402 5550//1404 5545//1402
f 5550//1404 5547//1402 5551//1404
f 5552//1405 5549//1403 5553//1405
f 5549//1403 5552//1405 5548//1403
f 5551//1404 5554//1406 5550//1404
f 5554//1406 5551//1404 5555//1406
f 5556//1303 5553//1405 5557//1303
f 5553//1405 5556//1303 5552//1405
f 5558//1407 5559//1408 5560//1407
f 5559//1408 5558//1407 5561//1408
f 5561//1408 5566//1409 5559//1408
f 5566//1409 5561//1408 5567//1409
f 5567//1409 5572//1410 5566//1409
f 5572//1410 5567//1409 5573//1410
f 5573//1410 5578//1411 5572//1410
f 5578//1411 5573//1410 5579//1411
f 5579//1411 5584//1412 5578//1411
f 5584//1412 5579//1411 5585//1412
f 5586//1413 5587//1414 5588//1413
f 5587//1414 5586//1413 5589//1414
f 5585//1412 5590//1415 5584//1412
f 5590//1415 5585//1412 5591//1415
f 5592//1416 5588//1413 5593//1416
f 5588//1413 5592//1416 5586//1413
f 5591//1415 5594//1417 5590//1415
f 5594//1417 5591//1415 5595//1417
f 5596//1418 5592//1416 5593//1416
f 5592//1416 5596//1418 5597//1418
f 5595//1417 5598//1419 5594//1417
f 5598//1419 5595//1417 5599//1419
f 5600//1420 5596//1418 5601//1420
f 5596//1418 5600//1420 5597//1418
f 5599//1419 5602//1421 5598//1419
f 5602//1421 5599//1419 5603//1421
f 5604//1422 5601//1420 5605//1422
f 5601//1420 5604//1422 5600//1420
f 5606//1423 5607//1424 5608//1423
f 5607//1424 5606//1423 5609//1424
f 5610//1425 5605//1422 5611//1425
f 5605//1422 5610//1425 5604//1422
f 5609//1424 5612//1426 5607//1424
f 5612//1426 5609//1424 5613//1426
f 5614//1427 5611//1425 5615//1427
f 5611//1425 5614//1427 5610//1425
f 5620//1428 5615//1427 5621//1428
f 5615//1427 5620//1428 5614//1427
f 5622//1429 5623//1430 5624//1429
f 5623//1430 5622//1429 5625//1430
f 5626//1431 5621//1428 5627//1431
f 5621//1428 5626//1431 5620//1428
f 5625//1430 5628//1432 5623//1430
f 5628//1432 5625//1430 5629//1432
f 5630//1433 5631//1431 5632//1433
f 5631//1431 5630//1433 5633//1431
f 5628//1432 5634//1434 5635//1434
f 5634//1434 5628//1432 5629//1432
f 5636//1435 5632//1433 5637//1435
f 5632//1433 5636//1435 5630//1433
f 5634//1434 5638//1436 5635//1434
f 5638//1436 5634//1434 5639//1436
f 5640//1437 5637//1435 5641//1437
f 5637//1435 5640//1437 5636//1435
f 5642//1438 5638//1436 5639//1436
f 5638//1436 5642//1438 5643//1438
f 5644//1306 5641//1437 5645//1306
f 5641//1437 5644//1306 5640//1437
f 5646//1439 5643//1438 5642//1438
f 5643//1438 5646//1439 5647//1439
f 5652//1440 5647//1439 5646//1439
f 5647//1439 5652//1440 5653//1440
f 5654//1441 5655//1442 5656//1441
f 5655//1442 5654//1441 5657//1442
f 5658//1443 5653//1440 5652//1440
f 5653//1440 5658//1443 5659//1443
f 5660//1444 5656//1441 5661//1444
f 5656//1441 5660//1444 5654//1441
f 5662//1445 5659//1443 5658//1443
f 5659//1443 5662//1445 5663//1445
f 5664//1446 5661//1444 5665//1446
f 5661//1444 5664//1446 5660//1444
f 5666//1447 5663//1445 5662//1445
f 5663//1445 5666//1447 5667//1447
f 5668//1348 5665//1446 5669//1348
f 5665//1446 5668//1348 5664//1446
f 5670//1448 5667//1447 5666//1447
f 5667//1447 5670//1448 5671//1448
f 5672//1449 5669//1348 5673//1449
f 5669//1348 5672//1449 5668//1348
f 5674//1450 5671//1448 5670//1448
f 5671//1448 5674//1450 5675//1450
f 5676//1451 5673//1449 5677//1452
f 5673//1449 5676//1451 5672//1449
f 5678//1453 5679//1454 5680//1454
f 5679//1454 5678//1453 5681//1453
f 5682//1455 5677//1452 5683//1455
f 5677//1452 5682//1455 5676//1451
f 5684//1456 5681//1453 5678//1453
f 5681//1453 5684//1456 5685//1456
f 5686//1457 5683//1455 5687//1457
f 5683//1455 5686//1457 5682//1455
f 5688//1458 5685//1456 5684//1456
f 5685//1456 5688//1458 5689//1458
f 5686//1457 5690//1459 5691//1459
f 5690//1459 5686//1457 5687//1457
f 5692//1460 5689//1458 5688//1458
f 5689//1458 5692//1460 5693//1460
f 5691//1459 5694//1461 5695//1461
f 5694//1461 5691//1459 5690//1459
f 5696//1462 5693//1460 5692//1460
f 5693//1460 5696//1462 5697//1462
f 5695//1461 5698//1463 5699//1463
f 5698//1463 5695//1461 5694//1461
f 5696//1462 5700//1464 5697//1462
f 5700//1464 5696//1462 5701//1464
f 5699//1463 5702//1465 5703//1465
f 5702//1465 5699//1463 5698//1463
f 5700//1464 5704//1466 5705//1466
f 5704//1466 5700//1464 5701//1464
f 5704//1466 5710//1467 5705//1466
f 5710//1467 5704//1466 5711//1467
f 5710//1467 5716//1468 5717//1468
f 5716//1468 5710//1467 5711//1467
f 5722//1469 5723//1470 5724//1469
f 5723//1470 5722//1469 5725//1470
f 5726//1471 5727//1472 5728//1472
f 5727//1472 5726//1471 5729//1471
f 5725//1470 5730//1473 5723//1470
f 5730//1473 5725//1470 5731//1474
f 5728//1472 5732//1475 5733//1475
f 5732//1475 5728//1472 5727//1472
f 5731//1474 5734//1476 5730//1473
f 5734//1476 5731//1474 5735//1476
f 5736//1477 5732//1475 5737//1477
f 5732//1475 5736//1477 5733//1475
f 5735//1476 5738//1478 5734//1476
f 5738//1478 5735//1476 5739//1478
f 5740//1479 5737//1477 5741//1479
f 5737//1477 5740//1479 5736//1477
f 5739//1478 5742//1480 5738//1478
f 5742//1480 5739//1478 5743//1480
f 5744//1481 5741//1479 5745//1481
f 5741//1479 5744//1481 5740//1479
f 5743//1480 5746//1482 5742//1480
f 5746//1482 5743//1480 5747//1482
f 5748//1483 5745//1481 5749//1483
f 5745//1481 5748//1483 5744//1481
f 5747//1482 5750//1484 5746//1482
f 5750//1484 5747//1482 5751//1484
f 5752//1485 5749//1483 5753//1485
f 5749//1483 5752//1485 5748//1483
f 5750//1484 5754//1486 5755//1486
f 5754//1486 5750//1484 5751//1484
f 5756//1487 5753//1485 5757//1487
f 5753//1485 5756//1487 5752//1485
f 5754//1486 5758//1488 5755//1486
f 5758//1488 5754//1486 5759//1488
f 5760//1489 5757//1487 5761//1489
f 5757//1487 5760//1489 5756//1487
f 5759//1488 5762//1490 5758//1488
f 5762//1490 5759//1488 5763//1490
f 5764//1491 5761//1489 5765//1491
f 5761//1489 5764//1491 5760//1489
f 5763//1490 5766//1492 5762//1490
f 5766//1492 5763//1490 5767//1492
f 5768//1493 5764//1491 5765//1491
f 5764//1491 5768//1493 5769//1493
f 5767//1492 5770//1494 5766//1492
f 5770//1494 5767//1492 5771//1494
f 5772//1495 5769//1493 5768//1493
f 5769//1493 5772//1495 5773//1495
f 5782//1496 5783//1497 5784//1496
f 5783//1497 5782//1496 5785//1497
f 5786//1498 5787//1499 5788//1499
f 5787//1499 5786//1498 5789//1498
f 5785//1497 5790//1500 5783//1497
f 5790//1500 5785//1497 5791//1500
f 5792//1501 5789//1498 5786//1498
f 5789//1498 5792//1501 5793//1501
f 5791//1500 5794//1502 5790//1500
f 5794//1502 5791//1500 5795//1502
f 5796//1503 5793//1501 5792//1501
f 5793//1501 5796//1503 5797//1503
f 5795//1502 5798//1504 5794//1502
f 5798//1504 5795//1502 5799//1504
f 5800//1505 5797//1503 5796//1503
f 5797//1503 5800//1505 5801//1505
f 5799//1504 5802//1506 5798//1504
f 5802//1506 5799//1504 5803//1506
f 5804//1507 5801//1505 5800//1505
f 5801//1505 5804//1507 5805//1507
f 5803//1506 5806//1508 5802//1506
f 5806//1508 5803//1506 5807//1508
f 5808//1509 5805//1507 5804//1507
f 5805//1507 5808//1509 5809//1509
f 5806//1508 5810//1510 5811//1511
f 5810//1510 5806//1508 5807//1508
f 5812//1512 5809//1509 5808//1509
f 5809//1509 5812//1512 5813//1512
f 5810//1510 5814//1513 5811//1511
f 5814//1513 5810//1510 5815//1513
f 5816//1514 5813//1512 5812//1512
f 5813//1512 5816//1514 5817//1514
f 5814//1513 5818//1515 5819//1515
f 5818//1515 5814//1513 5815//1513
f 5820//1516 5817//1514 5816//1514
f 5817//1514 5820//1516 5821//1516
f 5818//1515 5822//1517 5819//1515
f 5822//1517 5818//1515 5823//1517
f 5824//1518 5821//1516 5820//1516
f 5821//1516 5824//1518 5825//1518
f 5823//1517 5826//1519 5822//1517
f 5826//1519 5823//1517 5827//1519
f 5828//1520 5825//1518 5824//1518
f 5825//1518 5828//1520 5829//1520
f 5827//1519 5830//1521 5826//1519
f 5830//1521 5827//1519 5831//1521
f 5832//1522 5829//1520 5828//1520
f 5829//1520 5832//1522 5833//1522
f 5834//1523 5835//1524 5836//1524
f 5835//1524 5834//1523 5837//1523
f 5836//1524 5842//1525 5843//1525
f 5842//1525 5836//1524 5835//1524
f 5843//1525 5848//1526 5849//1526
f 5848//1526 5843//1525 5842//1525
f 5849//1526 5854//1527 5855//1527
f 5854//1527 5849//1526 5848//1526
f 5855//1527 5860//1528 5861//1528
f 5860//1528 5855//1527 5854//1527
f 5862//1529 5863//1530 5864//1530
f 5863//1530 5862//1529 5865//1529
f 5861//1528 5866//1531 5867//1531
f 5866//1531 5861//1528 5860//1528
f 5868//1532 5865//1529 5862//1529
f 5865//1529 5868//1532 5869//1532
f 5867//1531 5870//1533 5871//1533
f 5870//1533 5867//1531 5866//1531
f 5872//1534 5869//1532 5868//1532
f 5869//1532 5872//1534 5873//1534
f 5871//1533 5874//1535 5875//1535
f 5874//1535 5871//1533 5870//1533
f 5875//1535 5880//1536 5881//1536
f 5880//1536 5875//1535 5874//1535
f 5882//1537 5883//1538 5884//1538
f 5883//1538 5882//1537 5885//1537
f 5890//1539 5885//1537 5882//1537
f 5885//1537 5890//1539 5891//1539
f 5892//1536 5893//1540 5894//1540
f 5893//1540 5892//1536 5895//1536
f 5896//1541 5891//1539 5890//1539
f 5891//1539 5896//1541 5897//1541
f 5894//1540 5898//1542 5899//1542
f 5898//1542 5894//1540 5893//1540
f 5900//1543 5897//1541 5896//1541
f 5897//1541 5900//1543 5901//1543
f 5899//1542 5902//1544 5903//1544
f 5902//1544 5899//1542 5898//1542
f 5904//1545 5901//1543 5900//1543
f 5901//1543 5904//1545 5905//1545
f 5906//1546 5907//1547 5908//1546
f 5907//1547 5906//1546 5909//1547
f 5910//1548 5905//1545 5904//1545
f 5905//1545 5910//1548 5911//1548
f 5907//1547 5912//1318 5913//1318
f 5912//1318 5907//1547 5909//1547
f 5914//1549 5911//1548 5910//1548
f 5911//1548 5914//1549 5915//1549
f 5920//1550 5915//1549 5914//1549
f 5915//1549 5920//1550 5921//1550
f 5926//1551 5921//1550 5920//1550
f 5921//1550 5926//1551 5927//1551
f 5928//1552 5929//1553 5930//1552
f 5929//1553 5928//1552 5931//1553
f 5929//1553 5936//1554 5937//1554
f 5936//1554 5929//1553 5931//1553
f 5937//1554 5942//1555 5943//1555
f 5942//1555 5937//1554 5936//1554
f 5942//1555 5948//1556 5943//1555
f 5948//1556 5942//1555 5949//1556
f 5954//1557 5948//1556 5949//1556
f 5948//1556 5954//1557 5955//1557
f 5956//1558 5957//1559 5958//1559
f 5957//1559 5956//1558 5959//1558
f 5960//1560 5955//1557 5954//1557
f 5955//1557 5960//1560 5961//1560
f 5962//1561 5959//1558 5956//1558
f 5959//1558 5962//1561 5963//1561
f 5964//1562 5961//1560 5960//1560
f 5961//1560 5964//1562 5965//1562
f 5966//1563 5962//1561 5967//1563
f 5962//1561 5966//1563 5963//1561
f 5968//1564 5965//1562 5964//1562
f 5965//1562 5968//1564 5969//1564
f 5970//1565 5967//1563 5971//1565
f 5967//1563 5970//1565 5966//1563
f 5972//1566 5969//1564 5968//1564
f 5969//1564 5972//1566 5973//1566
f 5974//1567 5971//1565 5975//1567
f 5971//1565 5974//1567 5970//1565
f 5980//1311 5975//1567 5981//1311
f 5975//1567 5980//1311 5974//1567
f 5982//1568 5983//1569 5984//1569
f 5983//1569 5982//1568 5985//1568
f 5986//1570 5981//1311 5987//1570
f 5981//1311 5986//1570 5980//1311
f 5988//1571 5985//1568 5982//1568
f 5985//1568 5988//1571 5989//1571
f 5990//1572 5987//1570 5991//1572
f 5987//1570 5990//1572 5986//1570
f 5992//1573 5989//1571 5988//1571
f 5989//1571 5992//1573 5993//1573
f 5994//1574 5991//1572 5995//1574
f 5991//1572 5994//1574 5990//1572
f 5996//1575 5993//1573 5992//1573
f 5993//1573 5996//1575 5997//1575
f 5998//1576 5995//1574 5999//1576
f 5995//1574 5998//1576 5994//1574
f 6000//1577 5997//1575 5996//1575
f 5997//1575 6000//1577 6001//1577
f 6002//1578 5998//1576 5999//1576
f 5998//1576 6002//1578 6003//1578
f 6004//1579 6001//1577 6000//1577
f 6001//1577 6004//1579 6005//1579
f 6006//1323 6003//1578 6002//1578
f 6003//1578 6006//1323 6007//1323
f 6005//1579 6008//1580 6009//1580
f 6008//1580 6005//1579 6004//1579
f 6009//1580 6014//1581 6015//1581
f 6014//1581 6009//1580 6008//1580
f 6014//1581 6020//1582 6015//1581
f 6020//1582 6014//1581 6021//1582
f 6020//1582 6026//1583 6027//1583
f 6026//1583 6020//1582 6021//1582
f 6028//1584 6029//1585 6030//1585
f 6029//1585 6028//1584 6031//1584
f 6027//1583 6032//1586 6033//1586
f 6032//1586 6027//1583 6026//1583
f 6034//1587 6028//1584 6035//1587
f 6028//1584 6034//1587 6031//1584
f 6033//1586 6036//1588 6037//1588
f 6036//1588 6033//1586 6032//1586
f 6038//1589 6035//1587 6039//1589
f 6035//1587 6038//1589 6034//1587
f 6044//1590 6039//1589 6045//1590
f 6039//1589 6044//1590 6038//1589
f 6050//1591 6045//1590 6051//1591
f 6045//1590 6050//1591 6044//1590
f 6056//1592 6051//1591 6057//1592
f 6051//1591 6056//1592 6050//1591
f 6058//1328 6059//1593 6060//1593
f 6059//1593 6058//1328 6061//1328
f 6062//1594 6057//1592 6063//1594
f 6057//1592 6062//1594 6056//1592
f 6060//1593 6064//1595 6065//1595
f 6064//1595 6060//1593 6059//1593
f 6066//1596 6063//1594 6067//1596
f 6063//1594 6066//1596 6062//1594
f 6065//1595 6068//1597 6069//1597
f 6068//1597 6065//1595 6064//1595
f 6070//1598 6067//1596 6071//1598
f 6067//1596 6070//1598 6066//1596
f 6069//1597 6072//1599 6073//1599
f 6072//1599 6069//1597 6068//1597
f 6074//1600 6071//1598 6075//1600
f 6071//1598 6074//1600 6070//1598
f 6073//1599 6076//1601 6077//1601
f 6076//1601 6073//1599 6072//1599
f 6078//1602 6075//1600 6079//1602
f 6075//1600 6078//1602 6074//1600
f 6077//1601 6080//1603 6081//1603
f 6080//1603 6077//1601 6076//1601
f 6082//1604 6078//1602 6079//1602
f 6078//1602 6082//1604 6083//1604
f 6081//1603 6084//1605 6085//1605
f 6084//1605 6081//1603 6080//1603
f 6085//1605 6090//1606 6091//1606
f 6090//1606 6085//1605 6084//1605
f 6091//1606 6096//1607 6097//1607
f 6096//1607 6091//1606 6090//1606
f 6097//1607 6102//1608 6103//1608
f 6102//1608 6097//1607 6096//1607
f 6103//1608 6108//1609 6109//1609
f 6108//1609 6103//1608 6102//1608
f 6110//1610 6111//1611 6112//1611
f 6111//1611 6110//1610 6113//1610
f 6118//1612 6113//1610 6110//1610
f 6113//1610 6118//1612 6119//1612
f 6120//1613 6121//1614 6122//1613
f 6121//1614 6120//1613 6123//1614
f 6124//1615 6119//1612 6118//1612
f 6119//1612 6124//1615 6125//1615
f 6121//1614 6126//1616 6127//1616
f 6126//1616 6121//1614 6123//1614
f 6128//1617 6125//1615 6124//1615
f 6125//1615 6128//1617 6129//1617
f 6126//1616 6130//1618 6127//1616
f 6130//1618 6126//1616 6131//1618
f 6132//1619 6129//1617 6128//1617
f 6129//1617 6132//1619 6133//1619
f 6131//1618 6134//1620 6130//1618
f 6134//1620 6131//1618 6135//1620
f 6136//1621 6133//1619 6132//1619
f 6133//1619 6136//1621 6137//1621
f 6135//1620 6138//1622 6134//1620
f 6138//1622 6135//1620 6139//1622
f 6140//1623 6137//1621 6136//1621
f 6137//1621 6140//1623 6141//1623
f 6139//1622 6142//1311 6138//1622
f 6142//1311 6139//1622 6143//1311
f 6144//1624 6141//1623 6140//1623
f 6141//1623 6144//1624 6145//1624
f 6143//1311 6146//1625 6142//1311
f 6146//1625 6143//1311 6147//1625
f 6148//1626 6145//1624 6144//1624
f 6145//1624 6148//1626 6149//1626
f 6147//1625 6150//1627 6146//1625
f 6150//1627 6147//1625 6151//1627
f 6152//1628 6149//1626 6148//1626
f 6149//1626 6152//1628 6153//1628
f 6151//1627 6154//1629 6150//1627
f 6154//1629 6151//1627 6155//1629
f 6156//1630 6153//1628 6152//1628
f 6153//1628 6156//1630 6157//1630
f 6155//1629 6158//1631 6154//1629
f 6158//1631 6155//1629 6159//1631
f 6160//1632 6157//1630 6156//1630
f 6157//1630 6160//1632 6161//1632
f 6158//1631 6162//1633 6163//1633
f 6162//1633 6158//1631 6159//1631
f 6168//1633 6169//1634 6170//1633
f 6169//1634 6168//1633 6171//1634
f 6172//1635 6173//1636 6174//1636
f 6173//1636 6172//1635 6175//1635
f 6171//1634 6176//1637 6169//1634
f 6176//1637 6171//1634 6177//1637
f 6178//1638 6175//1635 6172//1635
f 6175//1635 6178//1638 6179//1638
f 6184//1639 6179//1638 6178//1638
f 6179//1638 6184//1639 6185//1639
f 6186//1640 6187//1641 6188//1640
f 6187//1641 6186//1640 6189//1641
f 6190//1642 6185//1639 6184//1639
f 6185//1639 6190//1642 6191//1642
f 6189//1641 6192//1643 6187//1641
f 6192//1643 6189//1641 6193//1643
f 6194//1644 6191//1642 6190//1642
f 6191//1642 6194//1644 6195//1644
f 6193//1643 6196//1645 6192//1643
f 6196//1645 6193//1643 6197//1645
f 6198//1646 6195//1644 6194//1644
f 6195//1644 6198//1646 6199//1646
f 6196//1645 6200//1647 6201//1647
f 6200//1647 6196//1645 6197//1645
f 6202//1648 6199//1646 6198//1646
f 6199//1646 6202//1648 6203//1648
f 6201//1647 6204//1649 6205//1649
f 6204//1649 6201//1647 6200//1647
f 6206//1650 6203//1648 6202//1648
f 6203//1648 6206//1650 6207//1650
f 6205//1649 6208//1651 6209//1651
f 6208//1651 6205//1649 6204//1649
f 6210//1652 6207//1650 6206//1650
f 6207//1650 6210//1652 6211//1652
f 6209//1651 6212//1653 6213//1653
f 6212//1653 6209//1651 6208//1651
f 6213//1653 6218//1654 6219//1654
f 6218//1654 6213//1653 6212//1653
f 6220//1655 6221//1656 6222//1656
f 6221//1656 6220//1655 6223//1655
f 6219//1654 6224//1657 6225//1657
f 6224//1657 6219//1654 6218//1654
f 6226//1658 6223//1655 6220//1655
f 6223//1655 6226//1658 6227//1658
f 6225//1657 6228//1659 6229//1659
f 6228//1659 6225//1657 6224//1657
f 6230//1660 6227//1658 6226//1658
f 6227//1658 6230//1660 6231//1660
f 6229//1659 6232//1661 6233//1661
f 6232//1661 6229//1659 6228//1659
f 6234//1662 6231//1660 6230//1660
f 6231//1660 6234//1662 6235//1662
f 6233//1661 6236//1663 6237//1663
f 6236//1663 6233//1661 6232//1661
f 6238//1664 6235//1662 6234//1662
f 6235//1662 6238//1664 6239//1664
f 6244//1665 6239//1664 6238//1664
f 6239//1664 6244//1665 6245//1665
f 6246//1666 6247//1667 6248//1667
f 6247//1667 6246//1666 6249//1666
f 6250//1339 6245//1665 6244//1665
f 6245//1665 6250//1339 6251//1339
f 6248//1667 6252//1668 6253//1668
f 6252//1668 6248//1667 6247//1667
f 6253//1668 6258//1669 6259//1669
f 6258//1669 6253//1668 6252//1668
f 6260//1670 6261//1671 6262//1672
f 6261//1671 6260//1670 6263//1670
f 6259//1669 6264//1673 6265//1673
f 6264//1673 6259//1669 6258//1669
f 6266//1674 6263//1670 6260//1670
f 6263//1670 6266//1674 6267//1674
f 6265//1673 6268//1675 6269//1675
f 6268//1675 6265//1673 6264//1673
f 6270//1676 6267//1674 6266//1674
f 6267//1674 6270//1676 6271//1676
f 6268//1675 6272//1677 6269//1675
f 6272//1677 6268//1675 6273//1677
f 6274//1678 6271//1676 6270//1676
f 6271//1676 6274//1678 6275//1678
f 6273//1677 6276//1679 6272//1677
f 6276//1679 6273//1677 6277//1679
f 6278//1680 6275//1678 6274//1678
f 6275//1678 6278//1680 6279//1680
f 6277//1679 6280//1681 6276//1679
f 6280//1681 6277//1679 6281//1681
f 6282//1682 6279//1680 6278//1680
f 6279//1680 6282//1682 6283//1682
f 6281//1681 6284//1683 6280//1681
f 6284//1683 6281//1681 6285//1683
f 6294//1684 6295//1685 6296//1685
f 6295//1685 6294//1684 6297//1684
f 6302//1686 6297//1684 6294//1684
f 6297//1684 6302//1686 6303//1686
f 6304//1687 6305//1688 6306//1688
f 6305//1688 6304//1687 6307//1687
f 6308//1689 6303//1686 6302//1686
f 6303//1686 6308//1689 6309//1689
f 6305//1688 6310//1690 6306//1688
f 6310//1690 6305//1688 6311//1690
f 6312//1691 6308//1689 6313//1691
f 6308//1689 6312//1691 6309//1689
f 6310//1690 6314//1692 6315//1692
f 6314//1692 6310//1690 6311//1690
f 6316//1693 6317//1694 6318//1693
f 6317//1694 6316//1693 6319//1694
f 6314//1692 6320//1695 6315//1692
f 6320//1695 6314//1692 6321//1695
f 6322//1696 6318//1693 6323//1696
f 6318//1693 6322//1696 6316//1693
f 6321//1695 6324//1697 6320//1695
f 6324//1697 6321//1695 6325//1697
f 6325//1697 6323//1696 6324//1697
f 6323//1696 6325//1697 6322//1696
o SketchUp.009_ID74
v 292.219879 -0.005500 -76.343742
v 291.328339 -0.005500 -76.085930
v 292.627777 -0.005500 -76.467613
l 6327 6326
l 6326 6328
o SketchUp.010_ID80
v -295.493683 -0.005500 115.197838
v -295.487854 -0.005500 115.195969
l 6330 6329
o SketchUp.011_ID84
v 144.706726 -0.005500 -73.245094
v 144.804260 -0.005500 -73.232826
l 6332 6331
o SketchUp.012_ID88
v -79.573250 -0.005500 -110.303879
v -65.601120 -0.005500 -112.205849
l 6334 6333
o SketchUp.013_ID92
v 92.086510 -0.005500 -93.298500
v 92.093521 -0.005500 -93.267654
l 6336 6335
o SketchUp.014_ID96
v -301.779694 -0.005500 64.404221
v -301.771790 -0.005500 64.377495
l 6338 6337
o SketchUp.015_ID100
v 276.857727 -0.005500 -76.591515
v 277.583649 -0.005500 -76.801247
v 276.132538 -0.005500 -76.378944
l 6340 6339
l 6339 6341
o SketchUp.016_ID104
v 292.934387 -0.005500 -80.897964
v 292.914307 -0.005500 -80.892937
l 6343 6342
o SketchUp.017_ID108
v 292.891479 -0.005500 -80.887314
v 292.914062 -0.005500 -80.892906
l 6345 6344
o SketchUp.018_ID112
v 270.976837 -0.005500 -70.841309
v 271.293091 -0.005500 -70.980476
v 270.677124 -0.005500 -70.709366
v 270.386780 -0.005500 -70.581520
v 270.091919 -0.005500 -70.451683
v 269.796997 -0.005500 -70.321831
v 269.502106 -0.005500 -70.176674
v 269.208740 -0.005500 -70.032402
v 268.906982 -0.005500 -69.883965
v 268.618713 -0.005500 -69.741997
v 268.331177 -0.005500 -69.600571
v 268.230835 -0.005500 -69.551247
v 268.043671 -0.005500 -69.448929
v 267.760956 -0.005500 -69.294556
v 267.467590 -0.005500 -69.134384
v 267.194275 -0.005500 -68.985107
v 266.903442 -0.005500 -68.826363
v 266.699219 -0.005500 -68.714798
v 266.623291 -0.005500 -68.669151
v 266.346161 -0.005500 -68.502098
v 266.062469 -0.005500 -68.331161
v 265.788147 -0.005500 -68.165726
v 265.509247 -0.005500 -67.997658
v 265.228546 -0.005500 -67.828598
v 271.394409 -0.005500 -71.025085
v 271.601440 -0.005500 -71.105881
v 271.902405 -0.005500 -71.223404
v 272.205688 -0.005500 -71.341820
v 272.510254 -0.005500 -71.460739
v 272.825958 -0.005500 -71.583984
v 273.020294 -0.005500 -71.659782
v 273.134308 -0.005500 -71.698845
v 273.443451 -0.005500 -71.804527
v 273.754333 -0.005500 -71.910934
v 274.071838 -0.005500 -72.019516
v 274.386047 -0.005500 -72.127090
v 274.671539 -0.005500 -72.224724
v 274.695679 -0.005500 -72.231865
v 275.013153 -0.005500 -72.325615
v 275.323792 -0.005500 -72.417336
v 275.628357 -0.005500 -72.507278
v 275.934174 -0.005500 -72.597519
v 276.252686 -0.005500 -72.691551
v 276.345398 -0.005500 -72.718956
v 276.560272 -0.005500 -72.772552
v 276.872437 -0.005500 -72.850456
v 277.189423 -0.005500 -72.929573
v 277.510986 -0.005500 -73.009811
v 277.827759 -0.005500 -73.088837
v 278.038818 -0.005500 -73.141541
v 278.150055 -0.005500 -73.164345
v 278.463501 -0.005500 -73.228508
v 278.785065 -0.005500 -73.294395
v 279.095947 -0.005500 -73.358047
v 279.420319 -0.005500 -73.424492
v 279.748718 -0.005500 -73.491730
v 280.077423 -0.005500 -73.544609
v 280.406342 -0.005500 -73.597488
v 280.714691 -0.005500 -73.647079
v 281.045654 -0.005500 -73.700310
v 281.368988 -0.005500 -73.752304
v 281.471863 -0.005500 -73.768867
v 281.686737 -0.005500 -73.794113
v 282.015961 -0.005500 -73.832779
v 282.331909 -0.005500 -73.869911
v 282.663635 -0.005500 -73.908875
v 282.986969 -0.005500 -73.946823
v 283.219635 -0.005500 -73.974152
v 283.312622 -0.005500 -73.989464
v 283.648895 -0.005500 -74.044807
v 283.973022 -0.005500 -74.098206
v 284.144958 -0.005500 -74.126503
v 284.300934 -0.005500 -74.154282
v 284.625519 -0.005500 -74.212120
v 284.953430 -0.005500 -74.270538
v 285.062927 -0.005500 -74.290024
v 285.281616 -0.005500 -74.331932
v 285.636963 -0.005500 -74.400085
v 285.976562 -0.005500 -74.465233
v 270.844757 -0.005500 -71.141235
v 270.545288 -0.005500 -71.009285
v 270.254730 -0.005500 -70.881447
v 269.959839 -0.005500 -70.751602
v 269.658569 -0.005500 -70.618935
v 269.357361 -0.005500 -70.470734
v 269.064240 -0.005500 -70.326431
v 268.762482 -0.005500 -70.177994
v 268.473938 -0.005500 -70.036057
v 268.186401 -0.005500 -69.894608
v 267.886444 -0.005500 -69.736542
v 267.603729 -0.005500 -69.582184
v 267.310333 -0.005500 -69.421989
v 267.037048 -0.005500 -69.272736
v 266.746490 -0.005500 -69.113960
v 266.454376 -0.005500 -68.949821
v 266.177002 -0.005500 -68.782768
v 265.893311 -0.005500 -68.611832
v 265.618958 -0.005500 -68.446396
v 265.340088 -0.005500 -68.278351
v 265.059418 -0.005500 -68.109261
v 271.161011 -0.005500 -71.280403
v 271.482056 -0.005500 -71.411140
v 271.783295 -0.005500 -71.528664
v 272.086548 -0.005500 -71.647102
v 272.391113 -0.005500 -71.765999
v 272.706848 -0.005500 -71.889244
v 273.028381 -0.005500 -72.008904
v 273.337250 -0.005500 -72.114594
v 273.648163 -0.005500 -72.220993
v 273.965668 -0.005500 -72.329575
v 274.280121 -0.005500 -72.437119
v 274.602936 -0.005500 -72.546165
v 274.920441 -0.005500 -72.639915
v 275.231110 -0.005500 -72.731606
v 275.535614 -0.005500 -72.821548
v 275.841187 -0.005500 -72.911797
v 276.159698 -0.005500 -73.005829
v 276.480743 -0.005500 -73.090508
v 276.792938 -0.005500 -73.168381
v 277.110168 -0.005500 -73.247536
v 277.431732 -0.005500 -73.327766
v 277.748230 -0.005500 -73.406792
v 278.084290 -0.005500 -73.485382
v 278.397705 -0.005500 -73.549538
v 278.719543 -0.005500 -73.615425
v 279.030151 -0.005500 -73.679077
v 279.354523 -0.005500 -73.745529
v 279.689819 -0.005500 -73.814156
v 280.025360 -0.005500 -73.868156
v 280.354248 -0.005500 -73.921036
v 280.662628 -0.005500 -73.970619
v 280.993591 -0.005500 -74.023857
v 281.316925 -0.005500 -74.075851
v 281.648651 -0.005500 -74.119560
v 281.977844 -0.005500 -74.158249
v 282.293823 -0.005500 -74.195358
v 282.625549 -0.005500 -74.234322
v 282.948639 -0.005500 -74.272293
v 283.259521 -0.005500 -74.312805
v 283.595551 -0.005500 -74.368179
v 283.919922 -0.005500 -74.421547
v 284.243500 -0.005500 -74.476913
v 284.568115 -0.005500 -74.534729
v 284.896057 -0.005500 -74.593147
v 285.219910 -0.005500 -74.653778
v 285.575256 -0.005500 -74.721924
v 285.914856 -0.005500 -74.787048
l 6347 6346
l 6346 6348
l 6348 6349
l 6349 6350
l 6350 6351
l 6351 6352
l 6352 6353
l 6353 6354
l 6354 6355
l 6355 6356
l 6356 6357
l 6357 6358
l 6358 6359
l 6359 6360
l 6360 6361
l 6361 6362
l 6362 6363
l 6363 6364
l 6364 6365
l 6365 6366
l 6366 6367
l 6367 6368
l 6368 6369
l 6371 6370
l 6370 6347
l 6372 6371
l 6373 6372
l 6374 6373
l 6375 6374
l 6377 6376
l 6376 6375
l 6378 6377
l 6379 6378
l 6380 6379
l 6381 6380
l 6383 6382
l 6382 6381
l 6384 6383
l 6385 6384
l 6386 6385
l 6387 6386
l 6388 6387
l 6390 6389
l 6389 6388
l 6391 6390
l 6392 6391
l 6393 6392
l 6394 6393
l 6396 6395
l 6395 6394
l 6397 6396
l 6398 6397
l 6399 6398
l 6400 6399
l 6401 6400
l 6402 6401
l 6403 6402
l 6404 6403
l 6405 6404
l 6406 6405
l 6408 6407
l 6407 6406
l 6409 6408
l 6410 6409
l 6411 6410
l 6412 6411
l 6413 6412
l 6414 6413
l 6415 6414
l 6416 6415
l 6418 6417
l 6417 6416
l 6419 6418
l 6420 6419
l 6422 6421
l 6421 6420
l 6423 6422
l 6424 6423
l 6346 6425
l 6348 6426
l 6349 6427
l 6350 6428
l 6351 6429
l 6352 6430
l 6353 6431
l 6354 6432
l 6355 6433
l 6356 6434
l 6358 6435
l 6359 6436
l 6360 6437
l 6361 6438
l 6362 6439
l 6364 6440
l 6365 6441
l 6366 6442
l 6367 6443
l 6368 6444
l 6369 6445
l 6347 6446
l 6371 6447
l 6372 6448
l 6373 6449
l 6374 6450
l 6375 6451
l 6377 6452
l 6378 6453
l 6379 6454
l 6380 6455
l 6381 6456
l 6383 6457
l 6384 6458
l 6385 6459
l 6386 6460
l 6387 6461
l 6388 6462
l 6390 6463
l 6391 6464
l 6392 6465
l 6393 6466
l 6394 6467
l 6396 6468
l 6397 6469
l 6398 6470
l 6399 6471
l 6400 6472
l 6401 6473
l 6402 6474
l 6403 6475
l 6404 6476
l 6405 6477
l 6406 6478
l 6409 6480
l 6410 6481
l 6411 6482
l 6412 6483
l 6414 6484
l 6415 6485
l 6416 6486
l 6418 6487
l 6419 6488
l 6420 6489
l 6422 6490
l 6423 6491
l 6492 6424
l 6408 6479
o SketchUp.019_ID118
v 275.438354 -0.005500 -76.072975
v 275.439880 -0.005500 -76.073540
v 275.435303 -0.005500 -76.072090
l 6494 6493
l 6493 6495
o SketchUp.020_ID122
v 275.408386 -0.005500 -76.166626
v 275.409149 -0.005500 -76.166901
l 6497 6496
o SketchUp.021_ID126
v 171.084702 -0.005500 -25.534519
v 171.022247 -0.005500 -25.501398
l 6499 6498
o SketchUp.022_ID130
v 261.256012 -0.005500 -74.290230
v 261.199890 -0.005500 -74.255608
l 6501 6500
o SketchUp.023_ID134
v 125.991394 -0.005500 -79.918770
v 125.991455 -0.005500 -79.919067
l 6503 6502
o SketchUp.024_ID138
v 124.703720 -0.005500 -80.163872
v 124.703743 -0.005500 -80.164078
l 6505 6504
o SketchUp.025_ID142
v 123.737930 -0.005500 -80.347649
v 123.737984 -0.005500 -80.347855
l 6507 6506
o SketchUp.026_ID146
v 123.416046 -0.005500 -80.409111
v 123.416016 -0.005500 -80.408905
l 6509 6508
o SketchUp.027_ID150
v 119.956223 -0.005500 -2.452631
v 119.957375 -0.005500 -2.449082
v 119.921707 -0.005500 -2.441639
l 6511 6510
l 6510 6512
