<?xml version="1.0" encoding="utf-8"?>
<COLLADA xmlns="http://www.collada.org/2005/11/COLLADASchema" version="1.4.1" xmlns:xsi="http://www.w3.org/2001/XMLSchema-instance">
  <asset>
    <contributor>
      <author>Blender User</author>
      <authoring_tool>Blender 3.3.16 commit date:2024-02-19, commit time:16:47, hash:d980adcac794</authoring_tool>
    </contributor>
    <created>2026-10-06T11:14:54</created>
    <modified>2026-10-06T11:14:54</modified>
    <unit name="meter" meter="0.11"/>
    <up_axis>Z_UP</up_axis>
  </asset>
  <library_effects>
    <effect id="Grey-effect">
      <profile_COMMON>
        <technique sid="common">
          <lambert>
            <emission>
              <color sid="emission">0 0 0 1</color>
            </emission>
            <diffuse>
              <color sid="diffuse">0.42 0.42 0.45 1</color>
            </diffuse>
            <reflectivity>
              <float sid="specular">0.5</float>
            </reflectivity>
          </lambert>
        </technique>
      </profile_COMMON>
    </effect>
    <effect id="White-effect">
      <profile_COMMON>
        <technique sid="common">
          <lambert>
            <emission>
              <color sid="emission">0 0 0 1</color>
            </emission>
            <diffuse>
              <color sid="diffuse">0.95 0.95 0.93 1</color>
            </diffuse>
            <reflectivity>
              <float sid="specular">0.5</float>
            </reflectivity>
          </lambert>
        </technique>
      </profile_COMMON>
    </effect>
    <effect id="Pink-effect">
      <profile_COMMON>
        <technique sid="common">
          <lambert>
            <emission>
              <color sid="emission">0 0 0 1</color>
            </emission>
            <diffuse>
              <color sid="diffuse">0.92 0.62 0.66 1</color>
            </diffuse>
            <reflectivity>
              <float sid="specular">0.5</float>
            </reflectivity>
          </lambert>
        </technique>
      </profile_COMMON>
    </effect>
  </library_effects>
  <library_images/>
  <library_materials>
    <material id="Grey-material" name="Grey">
      <instance_effect url="#Grey-effect"/>
    </material>
    <material id="White-material" name="White">
      <instance_effect url="#White-effect"/>
    </material>
    <material id="Pink-material" name="Pink">
      <instance_effect url="#Pink-effect"/>
    </material>
  </library_materials>
  <library_geometries>
    <geometry id="Cat-mesh" name="Cat">
      <mesh>
        <source id="Cat-mesh-positions">
          <float_array id="Cat-mesh-positions-array" count="1218">-0.7506734 -0.5634113 1.459605 0.1408083 -0.6512173 1.408341 -0.759002 -0.6676719 1.963844 0.1403185 -0.6150472 1.982331 -0.7589024 -0.5494904 2.628675 0.14036 -0.5303856 2.50165 -0.9395222 -0.461533 1.473503 -1.390675 -0.6467802 2.063188 -1.316325 -0.4837561 2.700834 -1.690066 -0.366496 1.483905 -1.81177 -0.4038805 2.118176 -1.680396 -0.2933771 2.600629 0.8905494 -0.5300168 1.521125 0.7663028 -0.6306881 1.976727 0.8519737 -0.5359596 2.560622 1.101769 -0.5948097 1.221019 1.098634 -0.682261 1.982274 1.099156 -0.5356198 2.577413 1.33186 -0.4959285 1.339576 1.406901 -0.5780999 1.979672 1.329876 -0.4919334 2.616574 1.373591 -0.2994986 1.429453 0.9083412 -0.3438993 1.295951 1.10114 -0.2896303 1.364428 0.9763546 -0.4845595 0.6893328 1.109336 -0.5538197 0.6972736 1.25616 -0.5301267 0.70411 1.256415 -0.3811687 0.685701 0.9765504 -0.3982843 0.6770525 1.109538 -0.3449235 0.6749303 1.034658 -0.5166568 0.1124843 1.130076 -0.5772705 0.1202771 1.235409 -0.5573825 0.1282296 1.236415 -0.3953194 0.1034277 1.034788 -0.4144954 0.1005229 1.130252 -0.3698494 0.09827649 1.079548 -0.5242255 0.0200926 1.172323 -0.5907838 0.02165448 1.280419 -0.5803342 0.0170868 1.283101 -0.3950592 -0.01157677 1.08309 -0.4224761 0.006114721 1.179876 -0.3844715 -0.007119834 1.436636 -0.5422906 0.1158176 1.436757 -0.4035174 0.09365016 1.4595 -0.5619134 0.02184766 1.460943 -0.4041715 -0.002620995 1.467317 -0.5162915 0.09185367 1.467387 -0.4232366 0.07627922 1.485718 -0.5320838 0.01622754 1.486851 -0.4237631 -0.001199007 -0.8928719 -0.5857145 1.439342 -0.9532362 -0.7120354 1.523039 -1.056944 -0.469123 1.43167 -1.466431 -0.6835559 1.507848 -1.641294 -0.3891273 1.373485 -1.645827 -0.5271185 1.490884 -1.296849 -0.6068298 0.7581698 -1.322121 -0.6952082 0.8132092 -1.32448 -0.5034238 0.7735812 -1.659845 -0.6801429 0.7363336 -1.740617 -0.4914703 0.7694333 -1.801178 -0.6058229 0.7551774 -1.716537 -0.5708059 0.450785 -1.763302 -0.6306694 0.4445587 -1.760068 -0.4878036 0.4405243 -1.942147 -0.6076369 0.443064 -1.969757 -0.477859 0.4416554 -2.002312 -0.5684316 0.4410572 -1.742993 -0.5400378 0.005167961 -1.789759 -0.5999014 -0.001058399 -1.806821 -0.4666495 -0.004815518 -1.968603 -0.5768688 -0.002553045 -1.996213 -0.4470907 -0.003961563 -2.028769 -0.5376633 -0.004559755 -1.749932 -0.5316141 0.1576916 -1.814162 -0.457993 0.1263391 -1.7971 -0.5912449 0.1300963 -2.003555 -0.4384343 0.1271931 -2.03611 -0.5290068 0.1265949 -1.975944 -0.5682123 0.1286017 -1.478696 -0.5466119 0.007719576 -1.557273 -0.60633 0.002093017 -1.547205 -0.4854324 -0.002308905 -1.51814 -0.5376417 0.1240135 -1.565307 -0.5972725 0.09641832 -1.555239 -0.4763749 0.0920161 1.4905 -0.4707334 0.1064852 1.435874 -0.4705631 0.1256501 1.235113 -0.4693219 0.1361286 1.510242 -0.479222 0.008669674 1.965927 -0.3520827 2.26899 1.967568 -0.399405 2.567244 1.960938 -0.3785569 2.940371 2.144226 -0.3564418 2.311907 2.144999 -0.4523811 2.564519 2.114934 -0.355584 3.072741 2.489509 -0.3904933 2.321691 2.496865 -0.5067868 2.628175 2.573204 -0.4731694 3.065594 2.726765 -0.4359906 2.634425 2.750932 -0.3256773 2.995573 3.072939 -0.2060915 2.395963 3.107736 -0.2136785 2.597778 3.075757 -0.2526054 2.535303 2.217428 -0.4182224 3.158186 2.217736 -0.4947704 2.999839 2.217612 -0.2211073 3.22596 2.396408 -0.3687009 3.151612 2.400147 -0.4886241 3.003313 2.396584 -0.2193502 3.203401 2.94842 -0.3071447 2.543468 2.94819 -0.2616963 2.708477 2.945125 -0.241975 2.350966 2.274602 -0.4182224 3.258131 2.274909 -0.4856525 3.2267 2.274786 -0.256651 3.325905 2.390605 -0.3687009 3.240247 2.400147 -0.479506 3.218863 2.396584 -0.2548938 3.292035 2.438396 -0.417047 3.413851 2.438459 -0.4328041 3.381256 2.438434 -0.3837885 3.427802 2.46103 -0.4110867 3.407991 2.462995 -0.4315389 3.381972 2.462262 -0.3834268 3.423158 3.183656 -0.1016198 2.638659 2.982266 -0.109947 2.776106 2.859736 -0.1272137 3.050611 3.215419 -0.06171423 2.626957 -1.84244 -0.1676632 2.392025 -1.792705 -0.1740731 2.644756 -2.046835 -0.1783877 2.587249 -1.894647 -0.1739389 2.782697 -2.223753 -0.1082978 4.408848 -2.296308 -0.1105075 4.422875 -2.300955 -0.156035 4.373798 -2.178121 -0.1482422 4.350052 -2.149708 -0.1577551 4.276461 -2.304375 -0.1689037 4.306363 -2.321091 -0.1563814 3.437952 -2.163668 -0.1526157 3.432105 -2.005415 -0.1419426 2.994832 -2.169093 -0.1458626 2.984844 3.02248 -0.0853275 2.809539 3.207916 -0.07598292 2.672092 0.9138104 -0.2885208 2.750755 0.1404284 -0.2839151 2.683124 -0.7571429 -0.3135932 2.804371 1.330286 -0.2604258 2.795222 -1.67845 -0.1409029 2.760234 1.132431 -0.3033181 2.786764 1.960938 -0.2011798 3.051437 -1.389878 -0.2707779 2.852351 -2.225724 -0.1551854 3.948183 -2.381768 -0.1656893 3.966058 2.129557 -0.208418 3.175021 1.627964 -0.4165086 2.716105 1.669701 -0.4445236 2.261065 1.62422 -0.4403377 1.887974 1.627964 -0.2108507 2.861762 1.53341 -0.3429064 1.674521 -0.3007925 -0.5884811 1.432937 -0.3088636 -0.6627691 1.973186 -0.308371 -0.5508815 2.564813 -0.3080933 -0.2888174 2.743614 -1.073096 -0.5953127 1.072989 -1.178286 -0.5044412 1.05471 -1.683514 -0.4587293 0.9624898 -1.719468 -0.5730561 1.116519 -1.559319 -0.6882477 1.119233 -1.144335 -0.7090339 1.093869 3.207553 -0.09408724 2.63509 3.227528 -0.07297861 2.662618 3.233706 -0.04218 2.625454 1.105222 -0.3308059 0.8606368 1.275068 -0.5174152 0.8666963 1.288782 -0.3577546 0.8860062 1.105396 -0.5645245 0.825984 -0.7508406 -9.78353e-6 1.218259 0.1411671 -1.52102e-4 1.16966 -0.7540236 0.5633772 1.452121 0.1409932 0.6510958 1.406071 -0.757158 0.667645 1.959945 0.140127 0.6151559 1.981687 -0.7571173 0.5494803 2.627652 0.1402363 0.5304498 2.5015 -0.7566151 0 2.842871 0.1404284 0 2.716879 -0.9446609 0.4615039 1.4657 -1.382604 0.646789 2.06502 -1.312761 0.4837515 2.700926 -1.387532 -1.91512e-7 2.926325 -1.693819 2.76782e-5 1.467787 -1.695235 0.3665804 1.492583 -1.809017 0.403901 2.121703 -1.678866 0.2933775 2.601307 -1.67845 -2.32091e-7 2.766655 0.8916857 0.5295581 1.519087 0.9092861 -5.70971e-4 1.286038 0.7653117 0.6311911 1.975338 0.851125 0.5363623 2.560339 0.9070903 1.2503e-7 2.785401 1.105605 0.593078 1.220339 1.096697 0.6831891 1.981483 1.098085 0.5361189 2.577353 1.099742 1.51584e-7 2.793295 1.334646 0.4946049 1.341246 1.331385 -1.61548e-4 1.448184 1.405074 0.5788983 1.981009 1.328971 0.4923437 2.616764 1.330368 1.83372e-7 2.791351 1.375367 0.2985886 1.431837 0.911169 0.3426539 1.294726 1.103667 0.288484 1.364921 0.9845023 0.4805737 0.6886681 1.117418 0.5498698 0.6969114 1.264202 0.5262275 0.7046353 1.264566 0.3771598 0.6872048 0.9847615 0.3942216 0.6769302 1.117748 0.340841 0.6758959 1.045605 0.5091211 0.1119083 1.141014 0.5702103 0.1190752 1.246443 0.5535287 0.1248031 1.247223 0.3904736 0.1090726 1.04578 0.4068768 0.1010427 1.141214 0.3625717 0.1005247 1.090991 0.5152353 0.01864188 1.183928 0.5811909 0.0162267 1.292056 0.5699984 0.01199012 1.294417 0.3831878 -0.004843592 1.094478 0.4130104 0.008248746 1.191198 0.3736205 -0.00136578 1.447725 0.5379777 0.1135464 1.447603 0.3980653 0.1003563 1.471073 0.5514615 0.01861917 1.472237 0.3924689 0.004359543 1.478451 0.5104231 0.09145265 1.478362 0.4165588 0.08189934 1.497243 0.5212747 0.01505607 1.498188 0.4120547 0.00464195 -0.8989658 0.5856807 1.430194 -0.9577633 0.7120037 1.514701 -1.063874 0.4691124 1.425585 -1.472475 0.683611 1.512633 -1.650957 0.3892269 1.383148 -1.652197 0.5272057 1.500795 -1.322882 0.6069237 0.7632502 -1.348134 0.6955046 0.8169531 -1.35008 0.5035385 0.7796357 -1.683764 0.6789121 0.7417435 -1.764254 0.4904295 0.7748831 -1.824727 0.6043578 0.7587036 -1.733984 0.5674596 0.4551945 -1.780822 0.6271203 0.4476994 -1.777051 0.4842419 0.4447229 -1.959534 0.6034744 0.4431089 -1.986693 0.4735976 0.4421044 -2.019526 0.5640534 0.4402806 -1.75221 0.5335167 0.00939548 -1.799048 0.5931776 0.001900255 -1.815606 0.4598461 -0.001235842 -1.97776 0.5695316 -0.002690196 -2.004918 0.4396545 -0.003694534 -2.037751 0.5301103 -0.005518317 -1.761902 0.5261262 0.1618225 -1.825309 0.4520734 0.1298206 -1.808751 0.5854049 0.1329569 -2.014622 0.431882 0.1273619 -2.047455 0.5223377 0.1255381 -1.987463 0.5617591 0.1283664 -1.488025 0.5410003 0.01671397 -1.566681 0.6004124 0.009240269 -1.556142 0.4795219 0.005867123 -1.529554 0.5327026 0.1323301 -1.576404 0.5919813 0.1034646 -1.565865 0.471091 0.1000912 1.501453 0.4658505 0.1090966 1.446739 0.4670335 0.1279707 1.245929 0.4664749 0.1375198 1.521671 0.4679826 0.01103329 1.96547 0.3522709 2.269659 2.037416 1.71722e-5 2.141058 1.967568 0.3994055 2.567244 1.960938 0.3785575 2.940371 1.960938 2.70287e-7 3.046155 2.144154 0.3564705 2.312025 2.144264 2.95556e-7 2.154363 2.144999 0.4523817 2.564519 2.114934 0.3555846 3.072741 2.228209 3.07127e-7 3.234279 2.489509 0.3904941 2.321691 2.489509 3.43143e-7 2.255416 2.496865 0.5067875 2.628175 2.573204 0.4731701 3.065594 2.489509 3.43143e-7 3.204926 2.726765 0.4359914 2.634425 2.750932 0.3256781 2.995573 2.836984 3.91038e-7 3.063812 3.072939 0.2060923 2.395963 3.129156 4.3131e-7 2.327131 3.107736 0.2136794 2.597778 3.075757 0.2526063 2.535303 3.184207 4.38898e-7 2.643644 2.217428 0.418223 3.158186 2.217736 0.494771 2.999839 2.217612 0.221108 3.22596 2.396408 0.3687016 3.151612 2.400147 0.4886248 3.003313 2.396584 0.2193508 3.203401 2.967945 4.09089e-7 2.27413 2.948419 0.3071455 2.543468 2.94819 0.2616972 2.708477 2.945125 0.2419758 2.350966 2.274602 0.418223 3.258131 2.274909 0.4856531 3.2267 2.274786 0.2566516 3.325905 2.390605 0.3687016 3.240247 2.400147 0.4795067 3.218863 2.396584 0.2548944 3.292035 2.438396 0.4170477 3.413851 2.438459 0.4328047 3.381256 2.438434 0.3837891 3.427802 2.46103 0.4110874 3.407991 2.462995 0.4315395 3.381972 2.462262 0.3834275 3.423158 3.183656 0.1016207 2.638659 2.982266 0.1099478 2.776106 2.859736 0.1272144 3.050611 3.205644 4.41852e-7 2.564721 3.215839 4.43258e-7 2.63076 3.215419 0.06171512 2.626957 -1.808499 1.90776e-5 1.698725 -1.84244 0.1676627 2.392025 -1.792705 0.1740726 2.644756 -1.78909 -2.47445e-7 2.712002 -1.842646 2.48326e-6 2.128733 -2.046835 0.1783873 2.587249 -1.894647 0.1739385 2.782697 -1.869681 -2.1473e-7 2.836333 -2.072331 -2.17187e-7 2.520564 -2.324509 -5.56058e-7 4.419987 -2.200273 -5.5974e-7 4.409591 -2.223753 0.1082967 4.408848 -2.296308 0.1105064 4.422875 -2.300955 0.1560339 4.373798 -2.178121 0.1482412 4.350052 -2.13837 -5.44666e-7 4.351308 -2.348698 -5.38431e-7 4.368909 -2.364492 -5.15684e-7 4.300205 -2.099655 -5.23544e-7 4.278044 -2.149708 0.157754 4.276461 -2.304375 0.1689026 4.306363 -2.321091 0.156381 3.437953 -2.163668 0.1526151 3.432105 -2.114449 -2.56465e-7 3.441338 -2.379554 -2.35824e-7 3.422656 -2.2281 0 2.963037 -1.955367 0 3.009416 -2.005415 0.1419424 2.994832 -2.169093 0.1458625 2.984844 3.013888 4.15422e-7 2.824459 3.208467 4.42241e-7 2.677077 3.02248 0.08532834 2.809539 3.207916 0.07598382 2.672092 0.9133682 0.2887302 2.750706 0.1404284 0.2839152 2.683124 -0.7567259 0.3135898 2.804171 1.330135 0.260496 2.795264 -1.67845 0.1409025 2.760234 1.131987 0.3035253 2.786801 1.960938 0.2011803 3.051437 -1.388038 0.2707758 2.85252 -2.176088 -4.16349e-7 3.953591 -2.225724 0.1551846 3.948183 -2.381768 0.1656885 3.966058 -2.441059 -4.02002e-7 3.955331 2.129557 0.2084186 3.175021 1.627964 0.4165091 2.716105 1.627964 2.24392e-7 2.85697 1.668648 0.444972 2.262041 1.623374 0.4406614 1.889871 1.627964 0.2108511 2.861762 1.506373 -1.09297e-4 1.559229 1.533327 0.3428617 1.676769 -0.3005278 -1.72369e-5 1.196347 -0.3016616 0.5884377 1.42876 -0.3082636 0.6627544 1.971058 -0.3081511 0.5508778 2.564566 -0.3080933 0 2.779875 -0.3080934 0.2888173 2.743614 -1.092324 0.5955588 1.066692 -1.198626 0.5047122 1.052646 -1.706402 0.4589085 0.9732229 -1.737866 0.5732719 1.128536 -1.577412 0.6883056 1.126949 -1.162782 0.7093275 1.089012 3.207553 0.09408813 2.63509 3.227528 0.0729795 2.662618 3.234052 4.45768e-7 2.628586 3.233706 0.04218089 2.625454 3.227981 4.44931e-7 2.666722 3.222156 4.44128e-7 2.574211 1.112132 0.3277028 0.8611395 1.281929 0.5142732 0.8677971 1.295449 0.3546956 0.8878625 1.112635 0.5612707 0.8254835</float_array>
          <technique_common>
            <accessor source="#Cat-mesh-positions-array" count="406" stride="3">
              <param name="X" type="float"/>
              <param name="Y" type="float"/>
              <param name="Z" type="float"/>
            </accessor>
          </technique_common>
        </source>
        <source id="Cat-mesh-normals">
          <float_array id="Cat-mesh-normals-array" count="2421">-0.05608481 -0.372418 -0.926369 0.107391 -0.985164 -0.1338625 0.07085007 -0.9801244 0.1853011 0.1167541 -0.5598266 0.820343 -0.02436661 -0.9977254 0.06285125 -0.9430326 -0.2682802 -0.1967621 -0.4905692 -0.6112554 0.6210545 -0.005037844 -0.9845527 0.1750165 0.03332555 -0.5971536 0.8014345 0.179185 -0.9640187 -0.1963691 -0.4435243 -0.8397863 0.3131217 -0.1443552 -0.9571961 -0.250873 -0.02124583 -0.9863739 0.1631419 0.1497229 -0.0289461 -0.9883043 -0.07347184 -0.596042 0.7995848 0.1590625 -0.9756175 0.1512278 -0.01491647 -0.9708489 0.2392281 -0.1663694 -0.6468717 0.74423 0.3149481 -0.9360198 -0.1570822 -0.5370108 -0.8434424 0.01497733 0.9993183 0.006620049 -0.03632104 0.986211 -0.06636959 -0.1516014 0.2570835 -0.9653141 0.0455724 -0.9940657 -0.03109359 -0.1042439 0.2437226 0.9674663 -0.0678839 0.1034718 -0.9649504 0.241173 -0.8999379 -0.04957127 -0.4331911 0.2347015 0.9714879 -0.03356224 -0.9949263 -0.01195693 -0.09989333 0.1573131 -0.986696 0.04103088 -0.3725059 0.9258438 -0.06366133 -0.08008956 -0.1348124 -0.9876291 -0.02859115 -0.1370495 -0.9901515 -0.4116844 0.8659976 -0.2838386 0.04202079 -0.1533488 -0.9872783 -0.5759676 -0.8060328 -0.1362811 0.2343471 0.9718446 -0.02448874 0.0389508 -0.1591147 -0.9864915 0.05086886 0.9986874 0.005993783 0.08710849 -0.9680395 0.2351843 0.06154215 0.4292619 0.9010809 0.841469 -0.4965777 0.2129335 0.7430641 -0.5955909 0.3051676 0.6179299 0.332022 0.712688 0.5919103 0.7931603 0.1433141 0.03001636 0.9839764 -0.1757541 0.8488523 0.2924533 -0.4403646 0.14762 0.9797054 -0.1355944 -0.01603305 -0.9941174 0.1071147 -0.6582934 -0.7398554 0.1387941 0.293398 0.3544596 -0.8878492 -0.7925878 0.2813112 0.5409886 0.04741561 0.9988406 0.00833112 -0.8653493 0.4774404 0.1523852 -0.05104655 -0.9985541 -0.01685392 0.7113484 -0.5067275 -0.4870428 -0.5800614 -0.8032599 0.1352861 -0.00644952 -0.9862812 -0.164948 0.4574161 -0.5606608 -0.6902391 -0.4347089 -0.8777522 0.2014431 0.5977053 0.2180994 -0.7714798 -0.931815 0.3339921 0.1420217 -0.1260492 -0.9859002 -0.1100562 -0.5442676 -0.837621 -0.0465188 0.8869016 0.4602658 -0.03950941 0.04765999 0.995136 0.08621472 -0.01651185 -0.9977533 0.064929 0.1486291 0.4943944 0.8564366 0.1022736 0.9929566 -0.05981183 -0.9382606 0.3377442 -0.07480728 -0.1279928 -0.9900671 0.05818265 -0.5463578 -0.8371884 0.0246756 -0.005755841 -0.01207661 -0.9999106 0.6671991 0.7447346 -0.01468509 0.6838098 -0.6722137 0.2837833 0.005666732 -0.1555758 -0.9878077 0.07272928 0.9933556 -0.08919095 0.1129065 -0.4894564 0.8646876 0.01601541 0.09105384 -0.9957172 0.298317 -0.4260988 0.8540766 0.05081152 -0.1351065 0.9895274 0.8843632 0.4120387 0.2193764 0.7046111 -0.4827159 -0.5201046 -0.4234215 -0.4807801 0.7678313 0.298712 -0.95318 -0.04710853 0.08014059 -0.9944221 0.06857317 -0.495302 0.01973932 0.8684966 -0.5446168 -0.4450913 0.7108349 -0.2850751 -0.9572814 0.0484215 -0.7023923 -0.2308487 0.6733157 -0.08052635 -0.9325598 -0.3519201 -0.139514 -0.9875368 -0.0728501 0.01143383 -0.1673157 -0.9858371 0.6687703 -0.7223625 0.175894 0.3761126 -0.02883583 0.9261252 0.4288942 -0.8707705 0.2404341 0.4795907 -0.5687142 0.6682491 0.3922083 -0.3117922 -0.8654237 0.3588863 -0.8831508 -0.3020688 0.111473 -0.05411899 0.9922928 -0.6739609 -0.6656383 0.3204724 0.06549543 -0.9957274 0.06509494 0.561386 -0.8012049 0.2071631 -0.49288 -0.4630122 0.7366743 -0.8449138 -0.2291451 0.4833356 0.0330531 -0.998947 0.03181958 0.9975802 -0.02382677 0.06531441 -0.8799963 -0.1828789 0.4383626 0.0897485 0.9244053 0.3707023 0.9994581 0.03288763 -0.001391053 0.1701779 0.7403037 0.6503769 0.9059265 0.1541285 -0.3943876 0.06365031 -0.9629872 0.2619242 0.9282259 0.1125801 -0.3545736 -0.6581933 -0.2905758 0.6945123 0.3224658 -0.3664636 0.872766 -0.1539679 -0.7701975 0.6189425 0.7522527 -0.5233961 0.4002155 0.1170807 -0.1661759 -0.979121 -0.8952769 -0.02871769 -0.4445837 -0.8065886 -0.4892737 0.3317021 0.780757 -0.2392073 0.5772334 -0.9941333 -0.07393503 -0.07894676 -0.6469842 -0.2630407 0.7156962 0.1910145 -0.04813933 0.9804061 -0.6752386 -0.6223982 -0.3958197 0.0237587 -0.999267 -0.03001922 0.2691832 -0.9011463 0.3398173 0.2847012 -0.8939781 -0.3460468 0.3097915 -0.8788337 -0.3628785 0.1507784 -0.7318143 0.6646155 0.7061694 -0.195131 0.6806238 -0.8827646 -0.2143551 0.4180653 -0.9357207 -0.2795702 0.2150982 0.8939777 -0.242917 0.3765572 0.09722363 -0.978518 0.1817974 0.06439733 -0.9976341 -0.02406871 0.9317314 -0.290417 -0.2180247 -0.9255828 -0.3179134 0.2054935 -0.8722001 -0.3958063 -0.2874099 0.896857 -0.3084223 0.3170542 0.02334088 -0.9996094 -0.01537573 -0.05416452 -0.9964236 0.06485682 0.8370367 -0.2673442 0.4773855 -0.9131387 -0.25068 -0.3214614 -0.2697268 -0.3792384 -0.8851134 0.601933 -0.07834756 0.7946938 0.8014903 0.08187651 0.5923761 0.4320364 -0.8914243 0.1367753 0.4680662 -0.05251342 0.8821318 0.8768121 -0.4504873 -0.1681123 0.32933 -0.8494079 0.4123688 -0.0406472 -0.1200621 0.991934 -0.3913704 -0.2393532 0.8885603 0.1380243 -0.1233807 0.9827139 -0.08840423 -0.1175976 0.9891185 0.008426189 0.01485824 0.9998542 0.06686073 -0.1216941 0.9903132 -0.5832116 -0.3453729 0.7352428 0.09814757 -0.6080832 0.7877829 -0.9278077 -0.3573465 -0.1071286 0.9437515 -0.3111343 0.111932 0.0660181 -0.9977684 -0.0100004 0.4667568 -0.148549 0.8718207 -0.5751286 0.03990936 0.817089 0.5314182 0.1273363 -0.8374845 -0.2204333 0.01456475 0.9752933 0.3021636 -0.9391133 0.1635952 0.4767811 -0.8630725 -0.1666902 -0.0858404 -0.575837 0.8130456 0.841127 0.06686973 -0.536688 0.7283609 -0.1661275 -0.6647496 0.1131013 -0.4016795 -0.9087693 0.01358997 -0.9875428 -0.1567624 0.1396447 -0.1208933 0.9827941 0.1400434 -0.5921105 0.7935949 0.02176338 -0.9843327 0.1749732 0.01486253 -0.9792259 -0.2022274 -0.04469054 -0.3933829 -0.918288 0.2343309 0.09359306 -0.9676412 -0.6569891 -0.7354165 0.1659153 0.7596713 -0.5418931 -0.3595159 -0.05592936 -0.9982739 0.01792222 -0.9697779 0.1757986 0.169192 0.6552763 0.7028539 -0.2767841 0.1208173 0.9766216 -0.1778014 0.844956 -0.4723062 -0.2509506 0.9873728 -0.01976591 0.1571761 0.9768639 0.007857084 -0.2137178 0.5396075 -0.5539134 -0.6340377 -0.0738089 -0.2261019 -0.9713034 0.777024 -0.5607748 -0.2859465 0.7851487 -0.5957672 -0.1691246 0.1555071 0.9846534 -0.07921683 -0.3237044 0.9387502 -0.1181673 0.39745 -0.917604 -0.006039023 0.9798079 -0.1453185 -0.1373288 -0.3723089 0.9247446 -0.07895296 -0.4560301 -0.8856405 -0.08762085 -0.469362 -0.8800836 -0.07177996 -0.05599749 0.3666723 -0.9286634 -0.1367954 0.9886869 0.06152492 0.1004498 0.981993 0.1599994 0.1388981 0.5874502 0.7972514 -0.02495872 0.9977479 0.06225931 -0.9464963 0.2631604 -0.1867926 -0.4880745 0.6140261 0.6202864 -0.003559291 0.9846928 0.1742625 0.03468036 0.5988088 0.8001409 0.1781372 0.9641138 -0.1968548 -0.5007312 0.8236632 0.2661719 -0.1453723 0.9563999 -0.2533106 -0.02367496 0.9867042 0.1607931 0.1497703 0.02419573 -0.9884247 -0.07138991 0.59158 0.8030796 0.3123214 0.9224685 0.2269524 -0.1557357 0.9712087 0.180278 -0.0543974 0.599939 0.7981944 0.4373535 0.8936364 -0.1006783 -0.4620441 0.8868427 -0.005054533 0.9994616 -0.01044577 -0.03110295 0.9873178 0.0654655 -0.1446306 0.2573075 0.9653825 0.04277396 -0.993093 0.03198611 -0.1128856 0.1635254 -0.9773164 -0.1345815 0.1454024 0.9755465 0.1648243 -0.8994375 0.04466873 -0.4347609 0.242178 -0.9697803 -0.02959769 -0.9944301 0.01126223 -0.1047946 0.1567445 0.9867602 0.04166048 -0.3722427 -0.9262074 -0.05979442 -0.05842769 0.09900236 -0.9933705 -0.0303983 0.08335578 -0.9960561 -0.4065323 -0.8725131 -0.2710209 0.04618257 0.09023112 -0.9948495 -0.5180369 0.8322375 -0.1975315 0.2530348 -0.9672659 0.01924294 -0.06030327 0.09422838 -0.9937226 0.04124468 -0.9958782 0.08078086 0.08568191 0.9803359 0.1777643 0.04547351 -0.3495052 0.9358302 0.8417038 0.5074151 0.1845666 0.74312 0.6123725 0.2697643 0.613787 -0.2868126 0.7355298 0.589257 -0.7835875 0.1968933 0.09745025 -0.9939944 -0.04978787 0.6048129 -0.6329867 -0.4832488 0.09586811 -0.8863381 -0.4530059 -0.01535093 0.9942508 0.1059707 -0.4893876 0.8706717 0.04930227 0.09616005 -0.3061919 -0.9471007 -0.7752587 -0.3355031 0.5351744 0.03142952 -0.9993526 0.01751095 -0.8702421 -0.4640321 0.1653873 -0.05202454 0.9985288 -0.015289 0.6906016 0.5252338 -0.4971911 -0.5760578 0.8054343 0.1394029 -0.0106064 0.9853769 -0.1700589 0.4654021 0.5520884 -0.6918087 -0.4417451 0.8775976 0.186236 0.5932064 -0.2759226 -0.756289 -0.9331609 -0.3361413 0.1273579 -0.1272236 0.9846833 -0.1192188 -0.546046 0.8354375 -0.06227451 0.8889675 -0.4575275 -0.02013391 0.04931229 -0.9943484 0.09401929 -0.02093356 0.9981176 0.05764657 0.1345922 -0.4879462 0.8624347 0.1065723 -0.9929962 -0.05100083 -0.9356386 -0.3414171 -0.08952629 -0.1322472 0.9900088 0.04892313 -0.5494337 0.8354903 0.00886929 0.04870295 -0.002460122 -0.9988103 0.7774301 -0.5824248 0.2374532 0.6763329 0.6764679 0.2914876 0.01743191 0.1280972 -0.9916085 0.06682556 -0.9962949 -0.05413961 0.09552919 0.4958131 0.8631592 0.03446525 -0.09789317 -0.9945999 0.658279 0.1411849 0.7394158 0.06633186 0.1438424 0.987375 0.854833 -0.4917865 0.1655493 0.7026653 0.4858003 -0.5198649 -0.4354799 0.5202883 0.7346138 0.298885 0.9531113 -0.04739814 0.08056241 0.9943204 0.06954687 -0.495302 -0.01973903 0.8684966 -0.5446156 0.4450916 0.7108357 -0.2850758 0.9572811 0.04842168 -0.7023925 0.2308487 0.6733155 -0.08189821 0.9317791 -0.3536672 -0.1395143 0.9875367 -0.07284992 0.2585742 0.3907985 -0.8834117 0.2936818 0.9556457 0.02219098 0.3363914 0.1489686 0.9298651 0.4288928 0.8707715 0.240433 0.5980471 0.4344496 0.6734933 0.3922066 0.3117924 -0.8654246 0.3554672 0.8834666 -0.305172 0.1114691 0.05411905 0.9922933 -0.7842169 0.6164101 0.0710113 0.06549501 0.9957274 0.06509536 0.561385 0.8012057 0.2071629 -0.4928798 0.463012 0.7366746 -0.8439589 0.4835789 0.2321315 0.03305274 0.998947 0.03181892 0.9975802 0.02382677 0.06531435 -0.855743 0.167516 0.4895328 0.03092873 -0.9471961 0.3191596 0.9994582 -0.03288757 -0.001391053 0.1701774 -0.7403042 0.6503764 0.8713781 -0.415526 -0.2608416 0.04186546 0.9627845 0.2670084 0.928226 -0.1125795 -0.3545736 -0.6581917 0.2905836 0.6945106 0.1748811 0.4793664 0.8600143 -0.1539679 0.7701976 0.6189423 0.8617881 0.3550053 0.3623432 0.1170815 0.166176 -0.9791209 -0.8953301 0.0266152 -0.4446073 -0.8039226 0.493515 0.3318908 0.7807565 0.2392076 0.5772339 -0.9935581 0.08135145 -0.07889509 -0.4425145 0.0408287 0.8958315 0.08330255 -0.04726904 0.9954026 -0.6752386 0.6224041 -0.3958106 0.02375912 0.9992669 -0.03001928 0.2691817 0.9011474 0.3398157 0.2847008 0.8939781 -0.3460472 0.3097912 0.8788336 -0.3628787 0.1714122 0.7479864 0.6411975 0.7061608 0.1951327 0.6806322 -0.9046061 0.2663729 0.3327664 -0.9376044 0.3296885 0.1104692 0.8502446 0.2742735 0.4492865 0.1028742 0.9806628 0.1664852 0.06439805 0.9976341 -0.02406769 0.9317312 0.2904182 -0.218024 -0.9255827 0.3179139 0.2054936 -0.8721997 0.3958076 -0.2874096 0.8811027 0.3440123 0.3245209 0.02487885 0.999572 -0.01539319 -0.05416411 0.9964236 0.06485641 0.837037 0.2673443 0.4773848 -0.9131386 0.2506799 -0.3214616 -0.04420548 0.06725418 -0.9967561 0.6019314 0.07834666 0.7946953 0.8014914 -0.08187633 0.5923749 0.4320363 0.8914242 0.1367751 1.37835e-7 -1 0 0.4418292 0.06191468 0.8949602 0.8858762 0.4320514 -0.1689823 0.3293289 0.8494108 0.4123637 1.37837e-7 -1 0 -0.04064577 0.120079 0.991932 -0.3903044 0.2414371 0.8884653 0.1339929 0.1169953 0.9840519 -0.08840471 0.1175976 0.9891186 -0.03716605 0.02532291 0.9989882 0.06754612 0.1222245 0.9902014 -0.5832103 0.3453733 0.7352436 2.88395e-5 0.6691688 0.7431104 -0.9278079 0.3573457 -0.1071284 0.9437514 0.3111345 0.1119318 0.02383631 0.9997137 -0.002111136 0.4667557 0.1485491 0.8718212 -0.5016374 0.008508205 0.8650363 0.5316887 -0.1241194 -0.8377956 -0.2202428 -0.0148459 0.9753322 0.3022425 0.9390136 0.1640214 0.4770873 0.862993 -0.1662254 -0.1080773 0.6061314 0.7879873 0.8440541 -0.07035112 -0.5316236 0.7277778 0.1704648 -0.6642901 0.113211 0.4019166 -0.9086508 -0.2737751 0.8994162 -0.3407316 0.1393567 0.1213341 0.9827806 0.1135226 0.560503 0.8203348 0.006120502 0.9826755 0.1852339 -0.06181198 0.9887443 -0.1362503 -0.04489535 0.3827787 -0.9227486 0.3585495 0.01361364 -0.9334115 -0.6519372 0.735024 0.1863268 0.7327634 0.5795918 -0.3565546 -0.0551483 0.9982722 0.02028465 -0.9634231 -0.1788338 0.1995854 0.5536158 -0.7707225 -0.3154308 0.1437065 -0.9788856 -0.1453666 0.8449535 0.4723082 -0.2509555 0.9882542 0.01468187 0.1521123 0.9768637 -0.007857143 -0.2137189 0.5395969 0.5539171 -0.6340435 -0.07378906 0.2260879 -0.9713082 0.7760426 0.5579298 -0.2940616 0.8096197 0.56821 -0.1471517 0.06440037 -0.9916482 -0.1117429 -0.2431138 -0.9667472 -0.07934516 0.3977188 0.9174867 -0.006170213 0.9810875 0.1440663 -0.1292768 -0.3719209 -0.9250748 -0.07688599 -0.455526 0.8850927 -0.09543144 -0.4079447 0.9076087 -0.09913396 -0.1006723 -0.3424025 -0.9341444 -0.1369853 -0.9886195 0.06218129 0.1010619 -0.9819188 0.1600682 0.1390637 -0.5871757 0.7974247 0.181505 -0.9694955 -0.164725 -0.9012766 -0.2631825 -0.3441445 -0.4789124 -0.6318353 0.6094481 -0.08050954 -0.9633993 0.2556955 0.02320337 -0.5742041 0.8183834 -0.5033819 -0.8212369 0.2686572 -0.4250282 -0.8990656 -0.1050336 -0.02321374 -0.9867045 0.1608587 0.2150924 -0.7610239 -0.6120278 3.33914e-4 -0.3442002 -0.9388962 -0.07119643 -0.5913942 0.8032335 0.3134794 -0.9220825 0.2269241 -0.1537756 -0.971539 0.1801807 -0.05339866 -0.6000044 0.7982125 0.436257 -0.8941448 -0.1009206 -0.4620504 -0.8868499 0.002646148 0.9989133 -0.03238075 -0.03352421 0.9992684 -0.006373703 -0.03770977 0.9933218 -0.01582747 -0.1142866 0.1623247 -0.9837403 -0.07684808 -0.9940208 -0.01317167 -0.1083941 0.1627914 0.9766111 -0.1404633 0.1667797 -0.9647377 0.2036316 -0.8908801 -0.03123897 -0.4531632 0.2416661 0.9698359 -0.03187012 -0.9949118 -0.01046448 -0.1002054 0.1819446 -0.9822106 0.04645967 -0.4240589 0.9040049 -0.05430775 -0.08291071 -0.132795 -0.9876697 -0.05817365 -0.151808 -0.9866966 -0.3839288 0.8726375 -0.301832 0.04185026 -0.1535243 -0.9872583 -0.5165414 -0.8366014 -0.182437 0.1038306 0.9936036 0.04439741 -0.03779488 -0.1528385 -0.9875282 -0.06527233 -0.1578321 -0.9853064 0.04181545 0.9989402 0.01923435 0.09376281 -0.9697629 0.2253185 0.05018854 0.4029368 0.9138507 0.8829277 -0.3679325 0.2916582 0.7430638 -0.5955912 0.3051679 0.265034 0.6059656 0.7500419 0.5919057 0.7931639 0.1433137 0.09863948 0.9939795 -0.04769766 0.6233807 0.6278652 -0.4660278 0.1055373 0.883433 -0.4565172 -0.05743515 -0.9956203 0.07376658 -0.495405 -0.8677669 0.03942829 0.08925342 0.2952117 -0.951254 -0.7650923 0.3367646 0.5488381 0.02861762 0.9995458 0.009450733 -0.8778537 0.4418737 0.1847175 -0.04227912 -0.9990553 -0.01004743 0.7051359 -0.5285159 -0.4727097 -0.4390823 -0.8804095 0.1791256 -0.1257648 -0.9844881 -0.1223369 0.5651238 -0.3644951 -0.7401206 -0.5348832 -0.8082354 0.2462832 0.5838982 0.2701222 -0.7655697 -0.9318162 0.3339887 0.142022 -0.1260497 -0.9859003 -0.1100561 -0.544262 -0.8376246 -0.0465179 0.7664778 0.6382895 -0.07140278 0.1025714 0.9883 0.112881 -0.02878224 -0.9952392 0.09311616 0.1359151 0.5220547 0.8420131 0.1022744 0.9929565 -0.05981355 -0.9382636 0.3377345 -0.07481235 -0.1279923 -0.9900671 0.05818247 -0.5463573 -0.8371888 0.02467465 0.1438827 -0.009477555 -0.9895495 0.00480324 -0.02756941 -0.9996084 0.03049623 -0.0043599 -0.9995254 0.7796577 0.5865889 0.2191969 0.594413 -0.7940877 0.1268786 -1.97821e-4 -0.1349645 -0.9908505 0.06246542 0.9961041 -0.06224834 0.1129057 -0.4894574 0.8646872 0.0115807 0.07868146 -0.9968326 0.6615037 -0.09494942 0.7439069 0.06796211 -0.08890771 0.9937186 0.8566896 0.4992913 0.1295809 -0.4354792 -0.5202884 0.7346141 0.2981539 -0.9424701 -0.1511771 0.07510691 -0.9955474 0.05695956 -0.4938715 0.02282011 0.8692354 -0.542418 -0.4424419 0.7141625 -0.01358979 -0.9823979 0.1863057 -0.08187264 -0.9317934 -0.3536353 0.03254252 -0.9978606 0.05670267 0.2586067 -0.3905342 -0.883519 0.293682 -0.9556456 0.0221911 0.3363909 -0.1489686 0.9298654 0.3889889 -0.8579843 0.3354857 0.5980471 -0.4344496 0.6734933 0.2897371 -0.3733696 -0.8812762 0.3554664 -0.8834668 -0.3051721 0.1253552 -0.04330188 0.9911666 -0.7842169 -0.6164101 0.07101118 0.5563893 -0.8008924 0.2213648 -0.8439586 -0.4835792 0.2321316 0.05161005 -0.997775 0.042207 0.9988561 -0.04438191 -0.01779788 -0.8557434 -0.1675158 0.4895322 0.03092873 0.9471961 0.3191599 0.9951916 0.07313162 0.06515812 0.1182376 0.7380836 0.6642685 0.871378 0.4155259 -0.260842 0.04186546 -0.9627843 0.2670088 0.9245166 0.150795 -0.3500428 -0.6581917 -0.2905836 0.6945106 0.3302066 -0.8495687 0.4113355 0.02243775 -0.7851757 0.6188665 0.1748714 -0.479369 0.8600147 0.8617879 -0.3550056 0.3623434 0.03721261 -0.305623 -0.9514252 -0.9609012 -0.1956728 -0.1959114 -0.7003406 -0.7036544 0.1199737 0.8063195 -0.2769005 0.5226615 -0.9960844 -0.07492119 -0.04693293 -0.4416621 -0.6460331 0.6225559 -0.442516 -0.040829 0.8958307 0.08328968 0.0472691 0.9954038 -0.6379145 -0.347989 -0.6869999 0.01435446 -0.99983 0.01158094 0.3415948 -0.8489921 0.4031448 0.3834062 -0.8727959 -0.3020381 0.1714122 -0.7479867 0.6411971 0.6775432 -0.1518387 0.7196391 -0.9046061 -0.2663728 0.3327663 -0.9376048 -0.3296886 0.1104662 0.8502423 -0.2742754 0.4492896 0.1028741 -0.9806627 0.1664862 0.06737154 -0.9974533 -0.02340847 0.9306171 -0.2930703 -0.2192299 -0.9240372 -0.32134 0.2071132 -0.8821291 -0.3595458 -0.3042616 0.8811031 -0.3440117 0.3245201 0.02487891 -0.999572 -0.01539379 0.01411259 -0.9876044 0.1563283 0.8427928 -0.340031 0.4172282 -0.8868088 -0.3946877 -0.2403998 -0.01942938 -0.04412227 -0.9988372 -0.2350168 -0.3950696 -0.8880806 0.5963525 -0.05685073 0.8007071 0.8298614 -0.01397746 0.5577946 0.4418193 -0.06191504 0.8949649 0.8950489 -0.3403832 -0.2881438 0.4885217 -0.5800048 -0.651875 0.8858757 -0.4320523 -0.1689827 0.829812 -0.4344102 -0.3502854 0.3293293 -0.8494085 0.4123683 -0.1649701 -0.03899931 0.9855272 -0.4807605 -0.03992187 0.8759428 0.133992 -0.1169953 0.984052 -0.08719086 -0.1207751 0.9888435 -0.03716939 -0.02551603 0.9989833 0.1265368 -0.2624335 0.9566175 -0.3767465 -0.8342635 0.4025748 6.94771e-4 -0.6695138 0.7427994 -0.93313 -0.3412446 -0.113228 0.9451286 -0.3062652 0.1137261 0.02383607 -0.9997137 -0.002111732 0.3587639 -0.4268866 0.8300942 0.256958 -0.3168926 0.9129906 -0.5904256 0.02118223 0.8068141 -0.5016359 -0.008508026 0.8650372 0.821219 -0.1226569 -0.5572743 -0.2152689 0.02218955 0.9763027 0.2193309 -0.9723666 0.07998204 0.5121538 -0.8558677 -0.07203644 -0.1091687 -0.6071513 0.7870512 0.8767229 -0.1692409 -0.4502383 0.7535867 -0.3542082 -0.5537542 0.2087199 -0.371135 -0.9048177 -0.2737741 -0.8994096 -0.3407493 0.1380226 -0.1233808 0.9827141 0.1145839 -0.5599674 0.820553 0.006845235 -0.9825609 0.185815 -0.0632025 -0.9885695 -0.1368794 -0.0755701 -0.3719308 -0.9251794 0.3415656 -0.02806329 -0.9394389 0.3585661 -0.01513737 -0.9333816 -0.573248 -0.7920273 0.2099511 0.7441017 -0.5777883 -0.3353707 -0.04856932 -0.9985395 0.02366507 -0.9375742 0.3457291 0.03776377 0.562328 0.7717941 -0.2968522 0.1479155 0.9791334 -0.139351 0.9882546 -0.01468169 0.1521099 0.3673152 -0.6757834 -0.639059 0.2334814 -0.2899034 -0.9281393 0.8087154 -0.5665959 -0.1579519 0.06362974 0.9911876 -0.1161826 -0.2433096 0.9665632 -0.0809701 0.2825821 -0.9566308 -0.07074528 0.9907303 -0.07109534 -0.1157544 -0.4089493 -0.9079276 -0.0918039 -0.09603279 0.339625 -0.9356455 0.1077467 0.9851481 -0.1336933 0.07064574 0.9802408 0.1847624 0.1167162 0.5602945 0.820029 0.1818518 0.9692907 -0.1655463 -0.9125102 0.2606214 -0.3152806 -0.4769323 0.6336205 0.6091476 -0.08022797 0.9633919 0.2558118 0.02374094 0.5741449 0.8184096 -0.4382937 0.8425359 0.3131006 -0.4226756 0.8994052 -0.1114264 -0.02170115 0.986375 0.163075 7.60106e-4 0.3412248 -0.9399815 0.2153759 0.7594136 -0.6139253 -0.07361912 0.596121 0.7995124 0.1590362 0.975525 0.15185 -0.01555204 0.9707397 0.2396302 -0.1666866 0.6462783 0.7446745 0.3161227 0.93546 -0.1580539 -0.5396178 0.8418759 0.007600069 0.9994401 0.006281197 -0.03286492 0.9991777 0.02799952 -0.02932822 0.9941557 0.01492971 -0.1069187 0.1626561 0.9833407 -0.08114337 -0.9930228 0.01295381 -0.117209 0.2441272 -0.9678077 -0.06123924 0.1083799 0.9764819 0.1863786 -0.8858042 0.01693618 -0.46375 0.2564095 -0.9662176 -0.02603513 -0.9944108 0.00947839 -0.1051545 0.1539756 0.9872221 0.04103875 -0.4207562 -0.9057184 -0.0513674 -0.08347427 0.08125406 -0.9931918 -0.04179269 0.0891453 -0.9951415 -0.3857166 -0.8776917 -0.2843944 0.04681539 0.08957082 -0.9948796 -0.5745111 0.8038997 -0.1538908 0.0952385 -0.990134 0.1027827 -0.0328288 0.08904349 -0.9954866 0.04392617 0.09520512 -0.9944881 0.0483545 -0.9963396 0.07049345 0.09564578 0.9819777 0.1630086 0.05437254 -0.3705697 0.9272119 0.8824791 0.3840059 0.2716068 0.7431162 0.6123765 0.2697656 0.2600409 -0.5570118 0.7887437 0.589262 -0.7835832 0.1968954 0.03310078 -0.9855232 -0.1662781 0.8364998 -0.2934113 -0.4627938 0.143661 -0.9790247 -0.1444724 -0.05522364 0.9956266 0.0753532 -0.654282 0.7400324 0.155779 0.2773499 -0.357094 -0.8919422 -0.8025217 -0.2806788 0.5264774 0.05049228 -0.9985839 0.01675754 -0.8785235 -0.4398543 0.1863455 -0.04681813 0.998838 -0.01143163 0.6953459 0.5070177 -0.50934 -0.4432502 0.8785572 0.177951 -0.1267164 0.983204 -0.131351 0.5730161 0.3571997 -0.7376049 -0.5420572 0.8084591 0.2292773 0.6083247 -0.2188199 -0.762928 -0.93316 -0.3361437 0.1273574 -0.1272239 0.9846832 -0.1192188 -0.5460414 0.8354405 -0.06227385 0.7697181 -0.6361826 -0.05297029 0.1037057 -0.9871428 0.121632 -0.03370773 0.9957575 0.08562046 0.1222334 -0.5157486 0.8479756 0.1065726 -0.9929961 -0.05100089 -0.9356372 -0.3414211 -0.08952444 -0.1322485 0.9900085 0.04892355 -0.5494283 0.8354939 0.008868932 0.02294063 0.02066147 -0.9995234 0.1618716 0.003108978 -0.986807 0.01243913 0.005131363 -0.9999095 0.6697714 -0.7425626 0.002672255 0.5894157 0.7969503 0.1321341 0.02317297 0.1487482 -0.9886035 0.07756996 -0.9936984 -0.08090978 0.09552949 0.4958117 0.8631598 0.03001165 -0.08554434 -0.9958823 0.2954089 0.4795351 0.8263048 0.04600387 0.198417 0.9790375 0.8823058 -0.3989989 0.2496725 -0.4234213 0.4807795 0.7678318 0.2982151 0.9424192 -0.1513734 0.07510656 0.9955475 0.0569598 -0.4938707 -0.02282035 0.8692359 -0.5424178 0.442442 0.7141625 -0.01359015 0.9823979 0.1863057 -0.08052694 0.9325597 -0.3519203 0.03254216 0.9978606 0.05670285 0.01110994 0.1673166 -0.9858406 0.6687703 0.7223625 0.175894 0.3761115 0.02883583 0.9261257 0.3889864 0.8579851 0.3354866 0.4795917 0.5687136 0.6682491 0.2897366 0.3733697 -0.8812763 0.3588852 0.8831512 -0.3020688 0.1253569 0.04330193 0.9911664 -0.6739609 0.6656383 0.3204724 0.5563893 0.8008929 0.2213629 -0.844913 0.2291458 0.4833367 0.05160993 0.9977751 0.04220724 0.9988562 0.0443806 -0.01779782 -0.8799951 0.1828798 0.4383648 0.0897485 -0.9244053 0.3707023 0.9951916 -0.0731309 0.06515812 0.1182425 -0.7380819 0.6642695 0.9059265 -0.1541285 -0.3943876 0.06365031 0.9629874 0.2619235 0.9245163 -0.1507976 -0.3500427 -0.6581933 0.2905758 0.6945123 0.02243775 0.7851764 0.6188656 0.3302104 0.8495675 0.4113349 0.3224658 0.3664636 0.872766 0.7522527 0.5233961 0.4002155 0.03721308 0.305623 -0.9514251 -0.9634148 0.1932503 -0.1857052 -0.6963189 0.7077857 0.1190777 0.8063179 0.276902 0.5226633 -0.9953068 0.08197534 -0.05142402 -0.4407982 0.6471379 0.6220206 -0.6469842 0.2630407 0.7156962 0.1910145 0.04813933 0.9804061 -0.6379151 0.3479884 -0.6869996 0.01435494 0.99983 0.0115807 0.3415957 0.8489913 0.4031456 0.3834065 0.8727965 -0.3020364 0.1507725 0.7318152 0.6646159 0.6775423 0.1518385 0.7196398 -0.8827666 0.2143533 0.4180621 -0.9357194 0.2795729 0.2151005 0.8939778 0.242917 0.3765572 0.09722375 0.9785178 0.1817977 0.06737166 0.9974533 -0.02340775 0.930617 0.2930709 -0.2192294 -0.9240373 0.32134 0.2071132 -0.8821282 0.3595486 -0.3042609 0.8968567 0.3084231 0.3170543 0.02334105 0.9996094 -0.01537495 0.01411241 0.9876044 0.1563276 0.8427941 0.3400302 0.417226 -0.8868086 0.3946876 -0.2404001 -0.2606669 0.3688708 -0.8921811 -0.2366029 0.3800551 -0.8941908 0.5963522 0.05685096 0.8007073 0.829861 0.01397895 0.5577952 1.37835e-7 -1 0 0.468095 0.05251252 0.8821165 0.4885101 0.5800129 -0.6518765 0.8950483 0.3403842 -0.2881446 0.8298147 0.4344096 -0.3502798 0.8768121 0.4504873 -0.1681125 0.3293225 0.8494111 0.4123684 -0.1653221 0.03864866 0.985482 -0.4807595 0.03992211 0.8759433 0.1380237 0.1233808 0.982714 -0.0872122 0.1207208 0.9888481 0.008427917 -0.01500946 0.9998519 0.1265837 0.2610793 0.9569819 -0.3767453 0.8342633 0.4025765 0.0982334 0.607404 0.788296 -0.9331299 0.3412452 -0.1132279 0.9451287 0.3062649 0.1137263 0.06601816 0.9977683 -0.00999993 0.2569562 0.3168919 0.9129914 0.3587644 0.4268864 0.830094 -0.5904266 -0.02118176 0.8068134 -0.5751261 -0.03990989 0.8170907 0.8233545 0.1250151 -0.553587 -0.2152688 -0.02218949 0.9763028 0.2197927 0.9722083 0.0806359 0.5119159 0.8559972 -0.07218843 -0.08554893 0.5758512 0.8130664 0.8795376 0.1637038 -0.4467827 0.7524813 0.3559894 -0.5541152 0.2058106 0.3724197 -0.9049562 0.01389932 0.9875769 -0.1565207 0.1380245 0.1233807 0.9827138 0.1397643 0.5934006 0.7926801 0.021416 0.9844736 0.1742218 0.01564723 0.9794644 -0.2010098 -0.06821852 0.3663725 -0.9279642 0.3479218 0.0218141 -0.9372698 0.2413018 -0.08840602 -0.966415 -0.5657856 0.7923297 0.2282552 0.7493907 0.5394284 -0.3839669 -0.0483101 0.998512 0.02529805 -0.9348981 -0.3484939 0.06721299 0.6424272 -0.7054151 -0.299461 0.1165037 -0.9764215 -0.1817362 0.9873735 0.01976537 0.1571719 0.367338 0.6757736 -0.6390563 0.2334435 0.2899134 -0.9281457 0.786162 0.597229 -0.158956 0.1558348 -0.9850028 -0.07406264 -0.3218212 -0.9395732 -0.1167625 0.2834635 0.9562774 -0.07198572 0.9917024 0.07050853 -0.1074945 -0.4693161 0.8794714 -0.07920002</float_array>
          <technique_common>
            <accessor source="#Cat-mesh-normals-array" count="807" stride="3">
              <param name="X" type="float"/>
              <param name="Y" type="float"/>
              <param name="Z" type="float"/>
            </accessor>
          </technique_common>
        </source>
        <vertices id="Cat-mesh-vertices">
          <input semantic="POSITION" source="#Cat-mesh-positions"/>
        </vertices>
        <triangles material="Grey-material" count="587">
          <input semantic="VERTEX" source="#Cat-mesh-vertices" offset="0"/>
          <input semantic="NORMAL" source="#Cat-mesh-normals" offset="1"/>
          <p>161 1 3 1 162 1 162 2 5 2 163 2 163 3 146 3 164 3 1 4 13 4 3 4 9 5 55 5 10 5 152 6 11 6 8 6 4 7 7 7 2 7 147 8 8 8 4 8 0 9 2 9 50 9 7 10 11 10 10 10 12 11 16 11 13 11 5 12 13 12 14 12 146 14 14 14 145 14 17 15 19 15 20 15 14 16 16 16 17 16 145 17 17 17 150 17 16 18 18 18 19 18 25 19 30 19 31 19 26 20 32 20 88 20 175 21 27 21 176 21 177 22 26 22 175 22 22 23 24 23 12 23 174 24 27 24 29 24 29 27 33 27 35 27 28 28 30 28 24 28 25 29 32 29 26 29 29 30 34 30 28 30 167 45 58 45 60 45 166 46 56 46 58 46 9 47 52 47 54 47 7 48 51 48 2 48 7 49 55 49 53 49 6 50 50 50 52 50 61 51 66 51 67 51 60 52 64 52 66 52 167 53 61 53 168 53 169 54 57 54 170 54 165 55 57 55 56 55 168 56 59 56 169 56 59 57 63 57 57 57 57 58 62 58 56 58 61 59 65 59 59 59 58 60 62 60 64 60 66 61 78 61 67 61 65 62 76 62 63 62 67 63 79 63 65 63 74 64 64 64 62 64 75 65 66 65 64 65 160 82 90 82 158 82 159 83 92 83 151 83 90 84 157 84 158 84 91 85 156 85 157 85 151 86 378 86 159 86 95 87 151 87 92 87 94 88 92 88 91 88 95 89 104 89 106 89 94 90 96 90 97 90 97 91 105 91 94 91 98 93 99 93 100 93 294 94 127 94 297 94 110 95 102 95 111 95 126 96 102 96 125 96 309 97 101 97 112 97 110 98 101 98 103 98 289 99 109 99 294 99 95 100 105 100 104 100 97 101 98 101 108 101 99 102 111 102 100 102 155 103 95 103 106 103 104 104 114 104 113 104 108 105 114 105 105 105 106 107 113 107 115 107 109 108 115 108 118 108 121 110 118 110 115 110 117 112 120 112 114 112 113 114 121 114 115 114 122 115 121 115 119 115 98 116 107 116 108 116 111 117 127 117 100 117 9 119 331 119 192 119 11 120 129 120 10 120 334 121 132 121 130 121 10 122 335 122 331 122 149 123 334 123 130 123 341 124 134 124 133 124 129 125 339 125 335 125 130 126 131 126 129 126 125 127 143 127 126 127 97 128 96 128 99 128 112 129 99 129 96 129 135 130 133 130 134 130 346 131 133 131 136 131 347 132 134 132 340 132 348 133 135 133 347 133 137 134 346 134 136 134 138 135 136 135 135 135 153 136 138 136 154 136 372 137 137 137 153 137 154 138 348 138 375 138 142 139 355 139 356 139 141 140 354 140 140 140 142 141 140 141 139 141 132 142 142 142 131 142 338 143 141 143 132 143 131 144 356 144 339 144 143 146 361 146 360 146 127 147 360 147 297 147 127 148 126 148 143 148 102 150 103 150 101 150 145 152 205 152 201 152 191 153 149 153 152 153 164 154 187 154 388 154 146 155 201 155 187 155 205 156 148 156 210 156 186 157 152 157 147 157 120 158 113 158 114 158 150 159 20 159 148 159 139 160 375 160 355 160 354 161 153 161 140 161 139 162 153 162 154 162 100 163 109 163 98 163 155 164 289 164 284 164 159 166 210 166 148 166 157 167 20 167 19 167 158 168 19 168 18 168 148 169 156 169 159 169 160 170 18 170 21 170 93 173 91 173 90 173 164 174 186 174 147 174 4 175 164 175 147 175 2 176 163 176 4 176 0 177 162 177 2 177 55 180 169 180 53 180 50 181 170 181 165 181 53 182 170 182 51 182 54 183 168 183 55 183 52 184 165 184 166 184 54 185 166 185 167 185 2 191 51 191 50 191 63 192 74 192 62 192 23 193 176 193 174 193 22 194 174 194 28 194 15 195 175 195 18 195 18 196 176 196 21 196 28 197 174 197 29 197 177 198 24 198 25 198 15 199 24 199 177 199 385 201 183 201 181 201 386 202 185 202 183 202 387 203 365 203 185 203 199 204 181 204 183 204 245 205 193 205 194 205 195 206 371 206 190 206 189 207 184 207 182 207 190 208 366 208 184 208 180 209 240 209 182 209 189 210 195 210 190 210 203 211 197 211 199 211 185 212 199 212 183 212 365 214 200 214 185 214 204 215 208 215 203 215 200 216 203 216 199 216 364 217 204 217 200 217 203 218 206 218 202 218 215 219 220 219 214 219 278 220 222 220 216 220 217 221 403 221 404 221 216 222 405 222 403 222 214 223 212 223 197 223 402 224 217 224 404 224 219 227 223 227 217 227 220 228 218 228 214 228 222 229 215 229 216 229 224 230 219 230 218 230 392 245 248 245 391 245 391 246 246 246 390 246 193 247 242 247 188 247 241 248 189 248 182 248 189 249 245 249 194 249 188 250 240 250 180 250 251 251 256 251 250 251 250 252 254 252 248 252 251 253 392 253 393 253 247 254 394 254 395 254 390 255 247 255 395 255 249 256 393 256 394 256 253 257 249 257 247 257 252 258 247 258 246 258 255 259 251 259 249 259 248 260 252 260 246 260 256 261 268 261 267 261 255 262 266 262 269 262 257 263 269 263 268 263 254 264 264 264 252 264 256 265 265 265 254 265 383 282 380 282 280 282 381 283 283 283 377 283 379 284 280 284 380 284 377 285 282 285 379 285 378 286 370 286 381 286 370 287 288 287 283 287 283 288 287 288 282 288 288 289 305 289 303 289 287 290 290 290 285 290 304 291 292 291 287 291 293 293 295 293 292 293 294 294 327 294 308 294 300 295 310 295 311 295 326 296 300 296 311 296 298 297 309 297 312 297 310 298 298 298 312 298 308 299 289 299 294 299 288 300 304 300 287 300 292 301 307 301 293 301 311 302 295 302 296 302 376 303 305 303 288 303 303 304 314 304 304 304 314 305 307 305 304 305 305 307 313 307 303 307 308 308 315 308 305 308 318 310 321 310 315 310 317 312 320 312 323 312 313 314 321 314 319 314 321 315 324 315 322 315 293 316 307 316 306 316 311 317 327 317 326 317 331 319 193 319 192 319 332 320 195 320 194 320 337 321 334 321 333 321 335 322 194 322 331 322 334 323 196 323 368 323 341 324 343 324 340 324 339 325 332 325 335 325 336 326 333 326 332 326 362 327 325 327 326 327 292 328 295 328 290 328 295 329 312 329 290 329 344 330 342 330 345 330 342 331 346 331 345 331 347 332 343 332 344 332 348 333 344 333 351 333 350 334 346 334 349 334 351 335 345 335 350 335 351 336 373 336 374 336 350 337 372 337 373 337 348 338 374 338 375 338 355 339 359 339 356 339 358 340 354 340 357 340 359 341 353 341 358 341 359 342 337 342 336 342 358 343 338 343 337 343 356 344 336 344 339 344 361 346 362 346 360 346 360 347 327 347 297 347 327 348 362 348 326 348 401 349 329 349 328 349 298 351 300 351 328 351 328 353 329 353 302 353 205 354 364 354 201 354 368 355 191 355 371 355 389 356 187 356 365 356 201 357 365 357 187 357 205 358 367 358 369 358 371 359 186 359 366 359 313 360 320 360 314 360 369 361 209 361 204 361 375 362 352 362 355 362 373 363 354 363 353 363 352 364 373 364 353 364 296 365 293 365 308 365 289 366 305 366 376 366 210 368 381 368 367 368 209 369 379 369 208 369 208 370 380 370 206 370 367 371 377 371 209 371 206 372 383 372 211 372 285 375 282 375 287 375 186 376 389 376 366 376 184 377 389 377 387 377 182 378 387 378 386 378 180 379 386 379 385 379 394 382 245 382 243 382 240 383 395 383 241 383 395 384 243 384 241 384 393 385 244 385 245 385 242 386 390 386 240 386 244 387 391 387 242 387 182 393 240 393 241 393 253 394 264 394 266 394 213 395 404 395 211 395 212 396 402 396 213 396 403 397 202 397 206 397 404 398 206 398 211 398 218 399 219 399 402 399 405 400 215 400 214 400 202 401 214 401 197 401 161 403 1 403 3 403 162 404 3 404 5 404 163 405 5 405 146 405 1 406 12 406 13 406 9 407 54 407 55 407 152 408 149 408 11 408 4 409 8 409 7 409 147 410 152 410 8 410 7 411 8 411 11 411 12 412 15 412 16 412 5 413 3 413 13 413 146 416 5 416 14 416 17 417 16 417 19 417 14 418 13 418 16 418 145 419 14 419 17 419 16 420 15 420 18 420 25 421 24 421 30 421 33 422 27 422 88 422 27 423 26 423 88 423 175 424 26 424 27 424 177 425 25 425 26 425 22 426 28 426 24 426 174 427 176 427 27 427 29 430 27 430 33 430 28 431 34 431 30 431 25 432 31 432 32 432 29 433 35 433 34 433 167 449 166 449 58 449 166 450 165 450 56 450 9 451 6 451 52 451 7 452 53 452 51 452 7 453 10 453 55 453 6 454 0 454 50 454 61 455 60 455 66 455 60 456 58 456 64 456 167 457 60 457 61 457 169 458 59 458 57 458 165 459 170 459 57 459 168 460 61 460 59 460 59 461 65 461 63 461 57 462 63 462 62 462 61 463 67 463 65 463 58 464 56 464 62 464 66 465 77 465 78 465 65 466 79 466 76 466 67 467 78 467 79 467 74 468 75 468 64 468 75 469 77 469 66 469 159 488 156 488 92 488 90 489 91 489 157 489 91 490 92 490 156 490 151 491 284 491 378 491 95 492 155 492 151 492 94 493 95 493 92 493 94 494 93 494 96 494 97 495 108 495 105 495 98 497 97 497 99 497 294 498 109 498 127 498 110 499 103 499 102 499 126 500 111 500 102 500 309 501 299 501 101 501 110 502 112 502 101 502 289 503 106 503 109 503 95 504 94 504 105 504 99 505 110 505 111 505 104 506 105 506 114 506 108 507 117 507 114 507 106 509 104 509 113 509 109 510 106 510 115 510 121 512 124 512 118 512 117 514 123 514 120 514 113 516 119 516 121 516 119 517 120 517 122 517 120 518 123 518 122 518 122 519 124 519 121 519 111 520 126 520 127 520 9 522 10 522 331 522 11 523 130 523 129 523 334 524 338 524 132 524 10 525 129 525 335 525 130 526 11 526 149 526 149 527 196 527 334 527 341 528 340 528 134 528 129 529 131 529 339 529 130 530 132 530 131 530 125 531 144 531 143 531 112 532 110 532 99 532 135 533 136 533 133 533 346 534 341 534 133 534 347 535 135 535 134 535 348 536 138 536 135 536 137 537 349 537 346 537 138 538 137 538 136 538 153 539 137 539 138 539 372 540 349 540 137 540 154 541 138 541 348 541 142 542 139 542 355 542 141 543 357 543 354 543 142 544 141 544 140 544 132 545 141 545 142 545 338 546 357 546 141 546 131 547 142 547 356 547 143 550 144 550 361 550 127 551 143 551 360 551 299 553 328 553 101 553 328 554 128 554 125 554 101 555 328 555 102 555 125 556 102 556 328 556 145 558 150 558 205 558 191 559 196 559 149 559 164 560 146 560 187 560 146 561 145 561 201 561 205 562 150 562 148 562 186 563 191 563 152 563 120 564 119 564 113 564 150 565 17 565 20 565 139 566 154 566 375 566 354 567 372 567 153 567 139 568 140 568 153 568 127 569 109 569 100 569 109 570 107 570 98 570 284 571 151 571 155 571 155 572 106 572 289 572 159 574 378 574 210 574 157 575 156 575 20 575 158 576 157 576 19 576 148 577 20 577 156 577 160 578 158 578 18 578 93 581 94 581 91 581 164 582 388 582 186 582 4 583 163 583 164 583 2 584 162 584 163 584 0 585 161 585 162 585 55 589 168 589 169 589 50 590 51 590 170 590 53 591 169 591 170 591 54 592 167 592 168 592 52 593 50 593 165 593 54 594 52 594 166 594 63 598 76 598 74 598 23 599 21 599 176 599 22 600 23 600 174 600 15 601 177 601 175 601 18 602 175 602 176 602 15 603 12 603 24 603 385 605 386 605 183 605 386 606 387 606 185 606 387 607 389 607 365 607 199 608 197 608 181 608 245 609 244 609 193 609 195 610 368 610 371 610 189 611 190 611 184 611 190 612 371 612 366 612 189 613 194 613 195 613 203 614 202 614 197 614 185 615 200 615 199 615 365 618 364 618 200 618 204 619 209 619 208 619 200 620 204 620 203 620 364 621 369 621 204 621 203 622 208 622 206 622 215 623 221 623 220 623 216 624 217 624 278 624 217 625 223 625 278 625 217 626 216 626 403 626 216 627 215 627 405 627 214 628 218 628 212 628 402 629 219 629 217 629 219 632 225 632 223 632 220 633 224 633 218 633 222 634 221 634 215 634 224 635 225 635 219 635 392 651 250 651 248 651 391 652 248 652 246 652 193 653 244 653 242 653 241 654 243 654 189 654 189 655 243 655 245 655 188 656 242 656 240 656 251 657 257 657 256 657 250 658 256 658 254 658 251 659 250 659 392 659 247 660 249 660 394 660 390 661 246 661 247 661 249 662 251 662 393 662 253 663 255 663 249 663 252 664 253 664 247 664 255 665 257 665 251 665 248 666 254 666 252 666 256 667 257 667 268 667 255 668 253 668 266 668 257 669 255 669 269 669 254 670 265 670 264 670 256 671 267 671 265 671 381 690 370 690 283 690 379 691 282 691 280 691 377 692 283 692 282 692 378 693 284 693 370 693 370 694 376 694 288 694 283 695 288 695 287 695 287 696 292 696 290 696 304 697 307 697 292 697 293 699 296 699 295 699 294 700 297 700 327 700 300 701 301 701 310 701 326 702 325 702 300 702 298 703 299 703 309 703 310 704 301 704 298 704 308 705 305 705 289 705 288 706 303 706 304 706 311 707 310 707 295 707 303 708 313 708 314 708 314 709 317 709 307 709 305 711 315 711 313 711 308 712 318 712 315 712 318 714 324 714 321 714 317 716 314 716 320 716 313 718 315 718 321 718 323 719 320 719 322 719 320 720 319 720 322 720 319 721 321 721 322 721 311 722 296 722 327 722 331 724 194 724 193 724 332 725 333 725 195 725 337 726 338 726 334 726 335 727 332 727 194 727 368 728 195 728 333 728 333 729 334 729 368 729 341 730 342 730 343 730 339 731 336 731 332 731 336 732 337 732 333 732 362 733 363 733 325 733 295 734 310 734 312 734 344 735 343 735 342 735 342 736 341 736 346 736 347 737 340 737 343 737 348 738 347 738 344 738 350 739 345 739 346 739 351 740 344 740 345 740 351 741 350 741 373 741 350 742 349 742 372 742 348 743 351 743 374 743 355 744 352 744 359 744 358 745 353 745 354 745 359 746 352 746 353 746 359 747 358 747 337 747 358 748 357 748 338 748 356 749 359 749 336 749 361 752 363 752 362 752 360 753 362 753 327 753 401 754 398 754 329 754 330 756 328 756 325 756 328 757 299 757 298 757 325 758 328 758 300 758 298 759 301 759 300 759 205 761 369 761 364 761 368 762 196 762 191 762 389 763 388 763 187 763 201 764 364 764 365 764 205 765 210 765 367 765 371 766 191 766 186 766 313 767 319 767 320 767 369 768 367 768 209 768 375 769 374 769 352 769 373 770 372 770 354 770 352 771 374 771 373 771 306 772 308 772 293 772 308 773 327 773 296 773 376 774 370 774 284 774 284 775 289 775 376 775 210 777 378 777 381 777 209 778 377 778 379 778 208 779 379 779 380 779 367 780 381 780 377 780 206 781 380 781 383 781 285 784 280 784 282 784 186 785 388 785 389 785 184 786 366 786 389 786 182 787 184 787 387 787 180 788 182 788 386 788 394 792 393 792 245 792 240 793 390 793 395 793 395 794 394 794 243 794 393 795 392 795 244 795 242 796 391 796 390 796 244 797 392 797 391 797 253 801 252 801 264 801 213 802 402 802 404 802 212 803 218 803 402 803 403 804 405 804 202 804 404 805 403 805 206 805 202 806 405 806 214 806</p>
        </triangles>
        <triangles material="White-material" count="180">
          <input semantic="VERTEX" source="#Cat-mesh-vertices" offset="0"/>
          <input semantic="NORMAL" source="#Cat-mesh-normals" offset="1"/>
          <p>179 0 161 0 384 0 179 13 198 13 22 13 32 25 37 25 38 25 34 26 36 26 30 26 36 31 41 31 37 31 41 32 38 32 37 32 35 33 40 33 34 33 39 34 44 34 38 34 31 35 36 35 37 35 33 36 41 36 35 36 49 37 89 37 48 37 39 38 43 38 45 38 38 39 42 39 32 39 33 40 87 40 43 40 46 41 89 41 86 41 44 42 46 42 42 42 87 43 47 43 43 43 45 44 47 44 49 44 69 66 84 66 76 66 74 67 85 67 75 67 75 68 72 68 77 68 78 69 72 69 73 69 76 70 71 70 69 70 79 71 73 71 71 71 72 72 70 72 71 72 85 73 80 73 82 73 84 74 80 74 83 74 68 75 82 75 80 75 70 76 85 76 82 76 74 77 84 77 83 77 68 78 81 78 69 78 87 79 46 79 86 79 88 80 42 80 87 80 47 81 89 81 49 81 93 92 291 92 96 92 291 118 112 118 96 118 178 145 0 145 6 145 382 165 21 165 207 165 281 171 160 171 382 171 93 172 281 172 286 172 384 178 0 178 178 178 207 179 21 179 23 179 385 200 179 200 384 200 212 213 198 213 179 213 222 225 227 225 221 225 226 226 224 226 220 226 226 231 231 231 230 231 228 232 231 232 227 232 230 233 225 233 224 233 234 234 229 234 228 234 221 235 226 235 220 235 231 236 223 236 225 236 238 237 239 237 235 237 229 238 233 238 223 238 232 239 228 239 222 239 223 240 277 240 278 240 279 241 236 241 276 241 236 242 234 242 232 242 237 243 277 243 233 243 235 244 237 244 233 244 274 266 259 266 266 266 275 267 264 267 265 267 262 268 265 268 267 268 268 269 262 269 267 269 266 270 261 270 269 270 269 271 263 271 268 271 262 272 263 272 261 272 275 273 270 273 273 273 270 274 274 274 273 274 258 275 272 275 260 275 260 276 275 276 265 276 264 277 274 277 266 277 271 278 258 278 259 278 277 279 236 279 232 279 278 280 232 280 222 280 237 281 279 281 276 281 285 292 291 292 286 292 312 318 291 318 290 318 192 345 193 345 188 345 211 367 382 367 207 367 383 373 281 373 382 373 281 374 285 374 286 374 180 380 384 380 178 380 213 381 207 381 198 381 179 402 1 402 161 402 12 414 1 414 22 414 1 415 179 415 22 415 32 428 31 428 37 428 34 429 40 429 36 429 36 434 40 434 41 434 41 435 39 435 38 435 35 436 41 436 40 436 39 437 45 437 44 437 31 438 30 438 36 438 33 439 39 439 41 439 48 440 44 440 45 440 45 441 49 441 48 441 39 442 33 442 43 442 38 443 44 443 42 443 33 444 88 444 87 444 46 445 48 445 89 445 44 446 48 446 46 446 87 447 86 447 47 447 45 448 43 448 47 448 69 470 81 470 84 470 74 471 83 471 85 471 75 472 70 472 72 472 78 473 77 473 72 473 76 474 79 474 71 474 79 475 78 475 73 475 68 476 69 476 70 476 69 477 71 477 70 477 71 478 73 478 72 478 85 479 83 479 80 479 84 480 81 480 80 480 68 481 70 481 82 481 70 482 75 482 85 482 74 483 76 483 84 483 68 484 80 484 81 484 87 485 42 485 46 485 88 486 32 486 42 486 47 487 86 487 89 487 93 496 286 496 291 496 291 521 309 521 112 521 6 548 9 548 192 548 192 549 178 549 6 549 382 573 160 573 21 573 281 579 90 579 160 579 93 580 90 580 281 580 384 586 161 586 0 586 23 587 22 587 198 587 198 588 207 588 23 588 385 604 181 604 179 604 179 616 181 616 212 616 181 617 197 617 212 617 222 630 228 630 227 630 226 631 230 631 224 631 226 636 227 636 231 636 228 637 229 637 231 637 230 638 231 638 225 638 234 639 235 639 229 639 221 640 227 640 226 640 231 641 229 641 223 641 235 642 234 642 238 642 238 643 279 643 239 643 229 644 235 644 233 644 232 645 234 645 228 645 223 646 233 646 277 646 279 647 238 647 236 647 236 648 238 648 234 648 237 649 276 649 277 649 235 650 239 650 237 650 274 672 271 672 259 672 275 673 273 673 264 673 262 674 260 674 265 674 268 675 263 675 262 675 266 676 259 676 261 676 269 677 261 677 263 677 261 678 259 678 260 678 259 679 258 679 260 679 260 680 262 680 261 680 275 681 272 681 270 681 270 682 271 682 274 682 258 683 270 683 272 683 260 684 272 684 275 684 264 685 273 685 274 685 271 686 270 686 258 686 277 687 276 687 236 687 278 688 277 688 232 688 237 689 239 689 279 689 285 698 290 698 291 698 312 723 309 723 291 723 188 750 180 750 178 750 178 751 192 751 188 751 211 776 383 776 382 776 383 782 280 782 281 782 281 783 280 783 285 783 180 789 385 789 384 789 198 790 212 790 213 790 213 791 211 791 207 791</p>
        </triangles>
        <triangles material="Pink-material" count="40">
          <input semantic="VERTEX" source="#Cat-mesh-vertices" offset="0"/>
          <input semantic="NORMAL" source="#Cat-mesh-normals" offset="1"/>
          <p>109 106 116 106 107 106 107 109 117 109 108 109 116 111 123 111 117 111 124 113 116 113 118 113 361 149 172 149 400 149 144 151 171 151 172 151 173 186 172 186 171 186 400 187 173 187 398 187 173 188 401 188 398 188 328 189 173 189 128 189 128 190 171 190 125 190 316 306 308 306 306 306 317 309 306 309 307 309 316 311 323 311 322 311 316 313 324 313 318 313 361 350 397 350 363 350 363 352 396 352 325 352 399 388 396 388 397 388 400 389 399 389 397 389 399 390 398 390 401 390 399 391 328 391 330 391 396 392 330 392 325 392 109 508 118 508 116 508 107 511 116 511 117 511 116 513 122 513 123 513 124 515 122 515 116 515 361 552 144 552 172 552 144 557 125 557 171 557 400 595 172 595 173 595 328 596 401 596 173 596 128 597 173 597 171 597 316 710 318 710 308 710 317 713 316 713 306 713 316 715 317 715 323 715 316 717 322 717 324 717 361 755 400 755 397 755 363 760 397 760 396 760 400 798 398 798 399 798 399 799 401 799 328 799 396 800 399 800 330 800</p>
        </triangles>
      </mesh>
    </geometry>
  </library_geometries>
  <library_controllers>
    <controller id="CatArmature_Cat-skin" name="CatArmature">
      <skin source="#Cat-mesh">
        <bind_shape_matrix>1 0 0 0 0 1 0 0 0 0 1 0 0 0 0 1</bind_shape_matrix>
        <source id="CatArmature_Cat-skin-joints">
          <Name_array id="CatArmature_Cat-skin-joints-array" count="20">Bone Bone_001 Bone_002 Bone_003 Bone_014 Bone_015 Bone_016 Bone_017 Bone_018 Bone_019 Bone_004 Bone_005 Bone_006 Bone_007 Bone_008 Bone_009 Bone_010 Bone_011 Bone_012 Bone_013</Name_array>
          <technique_common>
            <accessor source="#CatArmature_Cat-skin-joints-array" count="20" stride="1">
              <param name="JOINT" type="name"/>
            </accessor>
          </technique_common>
        </source>
        <source id="CatArmature_Cat-skin-bind_poses">
          <float_array id="CatArmature_Cat-skin-bind_poses-array" count="320">-0.2509344 4.04948e-7 -0.9680041 1.819678 0.9680041 0 -0.2509344 1.809526 0 -1 -3.78773e-7 2.03739e-7 0 0 0 1 0 -0.9999999 0 -5.39044e-7 0.9998025 0 0.01986366 0.3571654 -0.01986366 0 0.9998026 -1.990129 0 0 0 1 0 -0.9999999 0 -4.2236e-7 0.8180885 0 0.575092 -2.012837 -0.5750919 0 0.8180885 -1.043587 0 0 0 1 0 -0.9999999 0 -9.43315e-7 0.9906209 0 -0.1366373 -1.625397 0.1366374 0 0.990621 -2.939538 0 0 0 1 0.9976116 -0.0111376 0.06816953 -1.232788 0.06796491 -0.01781839 -0.9975289 1.576111 0.01232475 0.9997793 -0.01701897 0.4149388 0 0 0 1 0.9951081 0.02598237 -0.09531211 -1.091508 -0.0959109 0.02286487 -0.9951274 0.8705131 -0.02367645 0.9994007 0.02524489 0.4254918 0 0 0 1 0 -1 1.546e-7 -0.4004936 1 0 0 -1.111414 0 0 1 -0.04262906 0 0 0 1 0.997535 -0.01315265 0.06892466 -1.2243 0.06915342 0.01781719 -0.9974467 1.57474 0.011891 0.9997547 0.01868271 -0.439494 0 0 0 1 0.9949336 0.02266031 -0.09794503 -1.110564 -0.09742891 -0.0228613 -0.9949797 0.8721773 -0.02478569 0.9994817 -0.02053779 -0.3665987 0 0 0 1 0 -0.9999999 0 0.3952262 0.9999997 -1.54599e-7 0 -1.111413 0 0 0.9999999 -0.04262894 0 0 0 1 7.83353e-7 0.9999997 0 -0.003946006 -0.4072185 1.43033e-7 0.9133306 -2.937075 0.9133307 -7.30903e-7 0.4072186 0.6891312 0 0 0 1 -7.02715e-7 0.9999997 0 -0.003948926 -0.251201 -3.22316e-7 0.9679347 -3.272937 0.9679349 7.01803e-7 0.2512011 1.245299 0 0 0 1 -7.05309e-7 0.9999997 0 -0.003948926 -0.2633202 -3.28392e-7 0.9647084 -3.845532 0.9647085 7.01131e-7 0.2633203 1.197167 0 0 0 1 -1.21762e-6 0.9999997 2.29956e-7 -0.003951311 0.09188908 -3.04735e-7 0.995769 -3.719518 0.9957691 1.3087e-6 -0.0918889 2.672027 0 0 0 1 0.03099381 0.9931057 0.113052 -0.6761546 -0.2625808 0.1172236 -0.9577632 1.232012 -0.9644123 -5.1409e-7 0.2644037 -1.730682 0 0 0 1 -0.05176079 0.9938766 -0.09762459 -0.6228858 -0.4655642 -0.1104977 -0.878089 0.1059084 -0.8834993 0 0.4684327 -1.781543 0 0 0 1 0 -1 0 0.5270712 1 0 0 1.993861 0 0 1 -0.04262882 0 0 0 1 -0.01394611 0.9998911 -0.004800379 0.5151837 -0.2750731 -0.008451998 -0.961386 1.282281 -0.9613221 -0.0120871 0.275161 -1.739981 0 0 0 1 0.01991152 0.9998002 -0.001736521 0.5651354 -0.4758704 0.007949709 -0.8794793 0.0264222 -0.8792899 0.01833814 0.4759337 -1.770208 0 0 0 1 0 -1 -1.21072e-7 -0.5253212 1 0 0 2.001107 0 -2.24449e-7 1 -0.042629 0 0 0 1</float_array>
          <technique_common>
            <accessor source="#CatArmature_Cat-skin-bind_poses-array" count="20" stride="16">
              <param name="TRANSFORM" type="float4x4"/>
            </accessor>
          </technique_common>
        </source>
        <source id="CatArmature_Cat-skin-weights">
          <float_array id="CatArmature_Cat-skin-weights-array" count="836">0.3397249 0.2129686 0.4473064 0.03988558 0.7865489 0.1539301 0.01963543 0.5750949 0.185873 0.239032 0.05218082 0.8760173 0.07180178 0.7234029 0.172829 0.03919357 0.06457459 0.102463 0.816366 0.06366324 0.01750767 0.1600553 0.08356541 0.02253633 0.7338429 0.1679477 0.05921226 0.7728399 0.6569625 0.03304207 0.1888586 0.1211367 0.1117294 0.03719365 0.04469782 0.8063791 0.4578775 0.3091612 0.2329614 0.1978682 0.7438427 0.05828887 0.09409517 0.9059048 0.5610613 0.0641359 0.3748029 0.5354738 0.3536222 0.110904 1 0.1649881 0.1104168 0.7245951 0.2329964 0.6299646 0.1370388 1 0.05460751 0.2671338 0.6782586 0.09708631 0.7587141 0.03353571 0.110664 0.07309514 0.9126543 0.01425057 0.0779311 0.8831584 0.02053612 0.01837432 0.001788794 0.9982112 0.1486806 0.8513193 0.07404613 0.9259538 0.04913222 0.9508678 0.03583776 0.9641622 0.1431303 0.8568697 0.06870198 0.931298 0.9367972 0.06320285 0.8494672 0.1505328 0.1713601 0.8286398 0.1281985 0.8718015 0.9242583 0.07574176 0.8064502 0.1935498 0.5087406 0.4912594 0.1691742 0.8308258 0.0302816 0.9697184 1 0.5074187 0.4925813 0.1957545 0.8042455 1 1 1 1 1 1 1 1 0.1675791 0.09413844 0.7382824 0.1481972 0.06339812 0.7884045 0.1174398 0.05660277 0.004302203 0.8216551 1 0.02285277 0.006487786 0.9706594 0.021039 0.978961 0.5550083 0.4449917 0.6478683 0.3521318 0.5273723 0.4726277 0.1257498 0.8742502 0.1165044 0.8834956 0.07359325 0.9264067 1 1 1 1 1 1 1 1 0.006774485 0.9932255 0.1324582 0.8675418 0.4915062 0.5084938 0.4760414 0.5239586 0.1136218 0.8863782 0.1084955 0.8915045 0.1349986 0.8650013 0.900579 0.09942096 0.9460086 0.05399131 0.9351913 0.06480872 1 1 1 1 1 1 1 1 0.08252626 0.9174737 1 0.6669851 0.2459294 0.08708548 0.6863808 0.3136192 0.5227043 0.4772958 0.3253765 0.6619215 0.01270198 0.2960246 0.7039754 0.2870709 0.712929 0.08284026 0.9171597 0.08216273 0.9178372 0.07981383 0.9201862 0.02029949 0.9797005 0.03338968 0.9666103 1 1 1 0.201485 0.798515 0.1871027 0.8128973 0.1938266 0.8061733 0.1273605 0.8726395 0.1151329 0.884867 0.1329782 0.8670218 1 1 1 0.1783139 0.8216861 0.1724832 0.8275167 0.1803328 0.8196672 0.1572892 0.8427107 0.1549474 0.8450525 0.1704763 0.8295236 0.1836955 0.8163045 0.1813676 0.8186324 0.1848783 0.8151217 0.1862863 0.8137137 0.1835577 0.8164422 0.1859555 0.8140445 1 1 0.005066633 0.9949333 1 0.05575215 0.9442479 0.0706588 0.9293412 0.9377323 0.06226766 1 1 1 0.02315223 0.9768477 0.03477901 0.965221 0.08771026 0.9122898 0.07153785 0.9284621 0.1514549 0.8485452 0.7457428 0.2542572 0.465486 0.534514 0.1032559 0.8967441 1 1 0.2769032 0.675313 0.04778385 0.1414081 0.7666764 0.09191536 0.7921679 0.1379134 0.05730915 0.01260948 0.07326465 0.8708682 0.04018926 0.01567775 0.2235782 0.7764218 0.1509734 0.8026663 0.04636019 0.4824445 0.5175555 0.6747419 0.004787564 0.2661455 0.05432498 0.9605878 0.03941214 0.9557845 0.04421555 0.2532025 0.7467975 0.005373537 0.8734994 0.1211271 0.7177726 0.07824552 0.2039817 0.5209877 0.04676538 0.4322469 0.8772913 0.1227087 0.3225847 0.6360593 0.04135602 0.1262413 0.7130557 0.03917092 0.121532 0.180014 0.7483254 0.07166057 0.3443425 0.6473267 0.008330762 0.598092 0.3988595 0.003048539 0.005116343 0.9719632 0.02292031 0.9165709 0.08342909 0.847775 0.1522249 0.9359533 0.06404674 0.9634603 0.03653967 1 1 1 1 0.8794072 0.1205929 0.9307334 0.06926655 0.9489179 0.05108207 0.7972775 0.2027226 0.4470968 0.2144448 0.1683924 0.1700659 0.03939884 0.798133 0.08147466 0.08099341 0.3421349 0.2143083 0.4435567 0.04013305 0.7871308 0.1538274 0.01890861 0.576312 0.1863695 0.2373185 0.05223149 0.876057 0.07171142 0.7234351 0.1728798 0.03945708 0.06422805 0.1024832 0.8164126 0.06367933 0.01742494 0.8181911 0.1222342 0.05957478 0.152252 0.74462 0.1031278 0.1628411 0.08500212 0.727942 0.02421468 0.1678525 0.05948108 0.7726663 0.6566112 0.03302299 0.18941 0.1209558 0.7181357 0.002115547 0.2797487 0.3761445 0.08153182 0.2708255 0.2714981 0.1115627 0.03690636 0.8061732 0.04535758 0.4564113 0.3105857 0.233003 0.1958585 0.7465124 0.05762892 0.2045662 0.7954338 0.0946027 0.9053974 0.3534911 0.3267664 0.3197425 0.5613887 0.064278 0.3743333 0.5355616 0.3536775 0.1107609 0.2380721 0.7619279 1 0.1658536 0.1108341 0.7233123 0.2331089 0.6300329 0.1368581 0.1429586 0.8570414 1 0.1979374 0.2937955 0.2497472 0.2585199 0.05497235 0.2669878 0.6780399 0.09719002 0.7590638 0.03312855 0.1106175 0.06273549 0.9074087 0.02985584 0.06613737 0.01744502 0.9164175 0.07726728 0.01863676 0.8843789 0.01971697 1 0.1488488 0.8511512 0.07743674 0.9225633 0.05242121 0.9475788 0.030972 0.9690281 0.143586 0.8564139 0.0666989 0.933301 0.934962 0.06503796 0.8391243 0.1608757 0.1748493 0.8251508 0.1241898 0.8758102 0.927695 0.07230502 0.8169081 0.1830918 0.5092938 0.4907062 0.177404 0.822596 0.0378322 0.9621679 1 0.5063608 0.4936392 0.1880495 0.8119504 1 1 1 1 1 1 1 1 0.1712158 0.0960707 0.7327135 0.1518611 0.06516599 0.7829729 0.1197002 0.05776411 0.8169184 0.005617141 1 0.02409803 0.9678317 0.00807023 0.02074718 0.9792528 0.4942301 0.50577 0.4759467 0.5240533 0.5123033 0.4876967 0.04374045 0.9562596 0.1206861 0.8793139 0.05261254 0.9473874 1 1 1 1 1 1 1 1 0.008116602 0.9918834 0.1286011 0.8713988 0.4899655 0.5100345 0.473282 0.526718 0.1142489 0.8857511 0.107184 0.892816 0.1350758 0.8649242 0.8841682 0.1158317 0.9412968 0.05870324 0.9400318 0.05996811 1 1 1 1 1 1 1 1 0.08204269 0.9179573 1 0.6672676 0.2456104 0.0871219 0.6879196 0.2812729 0.01519489 0.0156126 0.6872972 0.3127027 0.5259487 0.4740513 0.4930675 0.5069325 0.3260685 0.6611878 0.01274371 0.4211492 0.5788508 0.2986273 0.7013728 0.3000155 0.6999845 0.1873138 0.8126862 0.08405441 0.9159456 0.07112979 0.9288702 0.08765232 0.9123476 0.1068594 0.8931406 0.1010528 0.8989472 0.02718901 0.9728109 0.05347263 0.9465273 0.01303488 0.9869651 1 1 1 1 1 0.2201741 0.7798259 0.2033504 0.7966496 0.205368 0.7946321 0.1996715 0.8003286 0.1414998 0.8585002 0.1629499 0.83705 1 1 1 1 0.2016953 0.7983047 0.1984105 0.8015896 0.203141 0.796859 0.2122301 0.7877699 0.1910963 0.8089036 0.2025962 0.7974038 0.2122317 0.7877683 0.2111549 0.788845 0.2119852 0.7880148 0.2146604 0.7853397 0.2143089 0.7856911 0.2127476 0.7872523 1 1 0.009586036 0.9904139 1 1 1 0.4298988 0.2212954 0.1742783 0.1745275 0.05220866 0.9477913 0.06881153 0.9311885 0.09333735 0.9066626 0.1125577 0.8219715 0.032413 0.03305768 0.9409456 0.05905431 1 1 0.952142 0.04785794 1 1 1 1 0.01748025 0.9825197 0.02888906 0.9711109 1 1 0.0413112 0.9586888 0.0632438 0.9367562 0.0841763 0.9158237 0.0677846 0.9322153 0.145411 0.854589 0.7568644 0.2431356 0.536317 0.463683 0.04102551 0.9589744 0.04935634 0.9506437 0.4944717 0.5055283 0.466859 0.533141 0.09707355 0.9029265 1 1 1 1 0.2769539 0.6753783 0.04766774 0.1414109 0.7666686 0.09192055 0.7923625 0.1379632 0.05737543 0.01229894 0.07330673 0.8712571 0.0397982 0.01563781 0.2244418 0.7755581 0.1510076 0.8027321 0.04626029 0.4873553 0.5126447 0.674781 0.004794239 0.2662301 0.05419456 0.9714854 0.02851456 0.9652996 0.03470039 0.9609224 0.03907763 1 0.2770948 0.7229052 0.005440056 0.8741093 0.1204506 0.8957313 0.1042687 0.7176871 0.07817918 0.2041335 0.520402 0.0467565 0.4328415 0.8779771 0.1220228 0.06563138 0.4872191 0.222239 0.2249104 0.320224 0.04182446 0.6379514 0.1452447 0.7297537 0.002141356 0.001866638 0.06018906 0.06080442 0.1267402 0.713824 0.03907847 0.1203573 0.1802675 0.7486714 0.07106107 0.3445051 0.647589 0.0079059 0.6491495 0.3431773 0.007673025 0.5980852 0.3988614 0.003053367 0.00472939 0.9429375 0.05233305 0.9099584 0.09004157 0.8246867 0.1753134 0.9313502 0.06864982 0.9908393 0.009160757 0.9519298 0.04807025 1 1 1 1 1 1 0.8835787 0.1164212 0.9285969 0.07140308 0.9517251 0.04827487 0.7897329 0.2102671</float_array>
          <technique_common>
            <accessor source="#CatArmature_Cat-skin-weights-array" count="836" stride="1">
              <param name="WEIGHT" type="float"/>
            </accessor>
          </technique_common>
        </source>
        <joints>
          <input semantic="JOINT" source="#CatArmature_Cat-skin-joints"/>
          <input semantic="INV_BIND_MATRIX" source="#CatArmature_Cat-skin-bind_poses"/>
        </joints>
        <vertex_weights count="406">
          <input semantic="JOINT" source="#CatArmature_Cat-skin-joints" offset="0"/>
          <input semantic="WEIGHT" source="#CatArmature_Cat-skin-weights" offset="1"/>
          <vcount>3 4 3 3 4 4 4 3 4 4 3 3 2 3 3 1 3 3 1 3 4 3 4 2 2 2 2 2 2 2 2 2 2 2 2 2 2 2 2 1 2 2 1 1 1 1 1 1 1 1 3 3 4 1 3 2 2 2 2 2 2 2 1 1 1 1 1 1 1 1 2 2 2 2 2 2 2 2 2 2 1 1 1 1 1 1 1 1 2 1 3 2 2 3 2 2 2 2 2 2 2 1 1 1 2 2 2 2 2 2 1 1 1 2 2 2 2 2 2 2 2 2 2 2 2 1 1 2 1 2 2 2 1 1 1 2 2 2 2 2 2 2 2 1 1 3 3 4 4 2 3 2 4 2 2 2 3 3 3 2 3 4 3 3 3 3 2 2 2 2 1 1 1 1 2 2 2 2 4 4 3 4 3 3 4 4 3 3 4 3 4 3 4 4 3 3 2 2 3 3 3 2 1 3 3 2 1 4 3 4 3 3 4 1 2 2 2 2 2 2 2 2 2 2 2 2 2 2 2 1 2 2 1 1 1 1 1 1 1 1 3 3 4 1 3 2 2 2 2 2 2 2 1 1 1 1 1 1 1 1 2 2 2 2 2 2 2 2 2 2 1 1 1 1 1 1 1 1 2 1 3 4 2 2 2 3 2 2 2 2 2 2 2 2 2 2 2 2 1 1 1 1 1 2 2 2 2 2 2 1 1 1 1 2 2 2 2 2 2 2 2 2 2 2 2 1 1 2 1 1 1 4 2 2 2 4 2 1 1 2 1 1 1 1 2 2 1 1 2 2 2 2 2 2 2 2 2 2 2 2 1 1 1 1 3 3 4 4 2 3 2 4 2 2 2 1 2 3 2 3 3 2 4 3 6 4 3 3 3 3 3 2 2 2 2 2 1 1 1 1 1 1 2 2 2 2 </vcount>
          <v>0 0 1 1 17 2 0 3 1 4 4 5 17 6 0 7 1 8 17 9 0 10 1 11 4 12 0 13 1 14 10 15 17 16 0 17 1 18 2 19 4 20 0 21 1 22 14 23 17 24 0 25 10 26 17 27 0 28 1 29 10 30 17 31 0 32 10 33 14 34 17 35 0 36 10 37 17 38 0 39 10 40 17 41 1 42 4 43 1 44 2 45 4 46 1 47 2 48 4 49 4 50 1 51 2 52 4 53 1 54 2 55 4 56 4 57 1 58 2 59 4 60 1 61 2 62 3 63 4 64 2 65 4 66 7 67 1 68 4 69 5 70 7 71 1 72 4 73 4 74 5 75 4 76 5 77 4 78 5 79 4 80 5 81 4 82 5 83 4 84 5 85 5 86 6 87 5 88 6 89 5 90 6 91 5 92 6 93 5 94 6 95 5 96 6 97 5 98 6 99 5 100 6 101 5 102 6 103 6 104 5 105 6 106 5 107 6 108 6 109 6 110 6 111 6 112 6 113 6 114 6 115 6 116 0 117 1 118 17 119 0 120 1 121 17 122 0 123 1 124 14 125 17 126 17 127 0 128 14 129 17 130 0 131 17 132 17 133 18 134 17 135 18 136 17 137 18 138 17 139 18 140 17 141 18 142 17 143 18 144 18 145 18 146 18 147 18 148 18 149 18 150 19 151 19 152 18 153 19 154 18 155 19 156 18 157 19 158 18 159 19 160 18 161 19 162 18 163 19 164 18 165 19 166 18 167 19 168 18 169 19 170 18 171 19 172 19 173 19 174 19 175 19 176 19 177 19 178 6 179 6 180 5 181 6 182 6 183 2 184 3 185 4 186 2 187 3 188 2 189 3 190 2 191 3 192 4 193 2 194 3 195 2 196 3 197 2 198 3 199 2 200 3 201 2 202 3 203 2 204 3 205 2 206 3 207 3 208 3 209 3 210 2 211 3 212 2 213 3 214 2 215 3 216 2 217 3 218 2 219 3 220 2 221 3 222 3 223 3 224 3 225 2 226 3 227 2 228 3 229 2 230 3 231 2 232 3 233 2 234 3 235 2 236 3 237 2 238 3 239 2 240 3 241 2 242 3 243 2 244 3 245 2 246 3 247 2 248 3 249 3 250 3 251 2 252 3 253 3 254 0 255 10 256 0 257 10 258 10 259 11 260 10 261 13 262 13 263 12 264 13 265 12 266 13 267 12 268 13 269 12 270 13 271 11 272 12 273 11 274 12 275 10 276 11 277 10 278 11 279 3 280 3 281 1 282 2 283 4 284 0 285 1 286 2 287 0 288 1 289 10 290 17 291 1 292 2 293 3 294 4 295 0 296 10 297 1 298 2 299 4 300 2 301 3 302 0 303 1 304 10 305 17 306 12 307 13 308 12 309 13 310 2 311 3 312 1 313 2 314 3 315 2 316 3 317 4 318 2 319 3 320 4 321 2 322 3 323 2 324 4 325 7 326 0 327 1 328 4 329 17 330 0 331 1 332 17 333 0 334 1 335 17 336 0 337 1 338 2 339 0 340 17 341 18 342 17 343 18 344 17 345 18 346 17 347 18 348 17 349 18 350 17 351 3 352 3 353 3 354 4 355 5 356 4 357 5 358 4 359 5 360 4 361 5 362 0 363 1 364 14 365 17 366 0 367 1 368 4 369 7 370 0 371 1 372 14 373 0 374 1 375 7 376 14 377 0 378 1 379 14 380 0 381 1 382 7 383 0 384 1 385 10 386 14 387 0 388 1 389 2 390 7 391 0 392 1 393 10 394 0 395 1 396 2 397 0 398 1 399 14 400 17 401 0 402 10 403 14 404 0 405 1 406 10 407 14 408 0 409 1 410 10 411 0 412 10 413 14 414 17 415 0 416 10 417 14 418 17 419 0 420 10 421 14 422 0 423 10 424 14 425 0 426 10 427 1 428 7 429 1 430 4 431 7 432 1 433 2 434 7 435 1 436 2 437 7 438 1 439 2 440 7 441 1 442 2 443 7 444 1 445 2 446 7 447 1 448 2 449 7 450 1 451 2 452 4 453 7 454 1 455 2 456 7 457 1 458 2 459 3 460 7 461 1 462 2 463 3 464 2 465 4 466 7 467 1 468 4 469 7 470 8 471 7 472 7 473 8 474 7 475 8 476 7 477 8 478 7 479 8 480 7 481 8 482 7 483 8 484 8 485 9 486 8 487 9 488 8 489 9 490 8 491 9 492 8 493 9 494 8 495 9 496 8 497 9 498 8 499 9 500 8 501 9 502 9 503 8 504 9 505 8 506 9 507 9 508 9 509 9 510 9 511 9 512 9 513 9 514 9 515 0 516 1 517 14 518 0 519 1 520 14 521 0 522 1 523 14 524 17 525 14 526 0 527 14 528 17 529 0 530 14 531 14 532 15 533 14 534 15 535 14 536 15 537 14 538 15 539 14 540 15 541 14 542 15 543 15 544 15 545 15 546 15 547 15 548 15 549 16 550 16 551 15 552 16 553 15 554 16 555 15 556 16 557 15 558 16 559 15 560 16 561 15 562 16 563 15 564 16 565 15 566 16 567 15 568 16 569 15 570 16 571 16 572 16 573 16 574 16 575 16 576 16 577 9 578 9 579 8 580 9 581 9 582 2 583 3 584 7 585 2 586 3 587 4 588 7 589 2 590 3 591 2 592 3 593 2 594 3 595 2 596 3 597 7 598 2 599 3 600 2 601 3 602 2 603 3 604 2 605 3 606 2 607 3 608 2 609 3 610 2 611 3 612 2 613 3 614 2 615 3 616 2 617 3 618 2 619 3 620 2 621 3 622 3 623 3 624 3 625 3 626 3 627 2 628 3 629 2 630 3 631 2 632 3 633 2 634 3 635 2 636 3 637 2 638 3 639 3 640 3 641 3 642 3 643 2 644 3 645 2 646 3 647 2 648 3 649 2 650 3 651 2 652 3 653 2 654 3 655 2 656 3 657 2 658 3 659 2 660 3 661 2 662 3 663 2 664 3 665 2 666 3 667 3 668 3 669 2 670 3 671 3 672 3 673 3 674 0 675 10 676 14 677 17 678 0 679 10 680 0 681 10 682 0 683 10 684 0 685 10 686 14 687 17 688 10 689 11 690 10 691 10 692 10 693 11 694 13 695 13 696 13 697 13 698 12 699 13 700 12 701 13 702 13 703 13 704 12 705 13 706 12 707 13 708 12 709 13 710 12 711 13 712 11 713 12 714 11 715 12 716 11 717 12 718 11 719 12 720 10 721 11 722 10 723 11 724 10 725 11 726 10 727 11 728 3 729 3 730 3 731 3 732 1 733 2 734 7 735 0 736 1 737 2 738 0 739 1 740 10 741 14 742 1 743 2 744 3 745 7 746 0 747 10 748 1 749 2 750 7 751 2 752 3 753 0 754 1 755 10 756 14 757 12 758 13 759 12 760 13 761 12 762 13 763 12 764 2 765 3 766 1 767 2 768 3 769 2 770 3 771 2 772 3 773 7 774 2 775 3 776 7 777 2 778 3 779 1 780 2 781 4 782 7 783 2 784 4 785 7 786 0 787 1 788 4 789 7 790 14 791 17 792 0 793 1 794 7 795 14 796 0 797 1 798 14 799 0 800 1 801 14 802 0 803 1 804 2 805 0 806 1 807 2 808 0 809 14 810 15 811 14 812 15 813 14 814 15 815 14 816 15 817 14 818 15 819 14 820 15 821 3 822 3 823 3 824 3 825 3 826 3 827 7 828 8 829 7 830 8 831 7 832 8 833 7 834 8 835</v>
        </vertex_weights>
      </skin>
    </controller>
  </library_controllers>
  <library_animations>
    <animation id="action_container-CatArmature" name="CatArmature">
      <animation id="CatArmature_baked_idle_Bone_pose_matrix" name="CatArmature">
        <source id="CatArmature_baked_idle_Bone_pose_matrix-input">
          <float_array id="CatArmature_baked_idle_Bone_pose_matrix-input-array" count="41">0 0.04166662 0.08333331 0.125 0.1666666 0.2083333 0.25 0.2916666 0.3333333 0.375 0.4166666 0.4583333 0.5 0.5416667 0.5833333 0.625 0.6666667 0.7083333 0.75 0.7916667 0.8333333 0.875 0.9166667 0.9583333 1 1.041667 1.083333 1.125 1.166667 1.208333 1.25 1.291667 1.333333 1.375 1.416667 1.458333 1.5 1.541667 1.583333 1.625 1.666667</float_array>
          <technique_common>
            <accessor source="#CatArmature_baked_idle_Bone_pose_matrix-input-array" count="41" stride="1">
              <param name="TIME" type="float"/>
            </accessor>
          </technique_common>
        </source>
        <source id="CatArmature_baked_idle_Bone_pose_matrix-output">
          <float_array id="CatArmature_baked_idle_Bone_pose_matrix-output-array" count="656">-0.2509344 0.9680041 -1.19209e-7 -1.295009 3.8743e-7 1.49012e-8 -1 -5.28223e-7 -0.9680041 -0.2509344 -3.8743e-7 2.215528 0 0 0 1 -0.2509344 0.9680041 -1.19209e-7 -1.295009 3.8743e-7 1.49012e-8 -1 -5.28184e-7 -0.9680041 -0.2509344 -3.8743e-7 2.215426 0 0 0 1 -0.2509344 0.9680041 -1.19209e-7 -1.295009 3.8743e-7 1.49012e-8 -1 -5.28067e-7 -0.9680041 -0.2509344 -3.8743e-7 2.215117 0 0 0 1 -0.2509344 0.9680041 -1.19209e-7 -1.295009 3.8743e-7 1.49012e-8 -1 -5.27872e-7 -0.9680041 -0.2509344 -3.8743e-7 2.2146 0 0 0 1 -0.2509344 0.9680041 -1.19209e-7 -1.295009 3.8743e-7 1.49012e-8 -1 -5.27599e-7 -0.9680041 -0.2509344 -3.8743e-7 2.21388 0 0 0 1 -0.2509344 0.9680041 -1.19209e-7 -1.295009 3.8743e-7 1.49012e-8 -1 -5.27252e-7 -0.9680041 -0.2509344 -3.8743e-7 2.212964 0 0 0 1 -0.2509344 0.9680041 -1.19209e-7 -1.295009 3.8743e-7 1.49012e-8 -1 -5.26837e-7 -0.9680041 -0.2509344 -3.8743e-7 2.211868 0 0 0 1 -0.2509344 0.9680041 -1.19209e-7 -1.295009 3.8743e-7 1.49012e-8 -1 -5.26362e-7 -0.9680041 -0.2509344 -3.8743e-7 2.210615 0 0 0 1 -0.2509344 0.9680041 -1.19209e-7 -1.295009 3.8743e-7 1.49012e-8 -1 -5.2584e-7 -0.9680041 -0.2509344 -3.8743e-7 2.209237 0 0 0 1 -0.2509344 0.9680041 -1.19209e-7 -1.295009 3.8743e-7 1.49012e-8 -1 -5.25284e-7 -0.9680041 -0.2509344 -3.8743e-7 2.207769 0 0 0 1 -0.2509344 0.9680041 -1.19209e-7 -1.295009 3.8743e-7 1.49012e-8 -1 -5.24711e-7 -0.9680041 -0.2509344 -3.8743e-7 2.206256 0 0 0 1 -0.2509344 0.9680041 -1.19209e-7 -1.295009 3.8743e-7 1.49012e-8 -1 -5.24138e-7 -0.9680041 -0.2509344 -3.8743e-7 2.204742 0 0 0 1 -0.2509344 0.9680041 -1.19209e-7 -1.295009 3.8743e-7 1.49012e-8 -1 -5.23582e-7 -0.9680041 -0.2509344 -3.8743e-7 2.203275 0 0 0 1 -0.2509344 0.9680041 -1.19209e-7 -1.295009 3.8743e-7 1.49012e-8 -1 -5.2306e-7 -0.9680041 -0.2509344 -3.8743e-7 2.201896 0 0 0 1 -0.2509344 0.9680041 -1.19209e-7 -1.295009 3.8743e-7 1.49012e-8 -1 -5.22585e-7 -0.9680041 -0.2509344 -3.8743e-7 2.200644 0 0 0 1 -0.2509344 0.9680041 -1.19209e-7 -1.295009 3.8743e-7 1.49012e-8 -1 -5.2217e-7 -0.9680041 -0.2509344 -3.8743e-7 2.199548 0 0 0 1 -0.2509344 0.9680041 -1.19209e-7 -1.295009 3.8743e-7 1.49012e-8 -1 -5.21823e-7 -0.9680041 -0.2509344 -3.8743e-7 2.198632 0 0 0 1 -0.2509344 0.9680041 -1.19209e-7 -1.295009 3.8743e-7 1.49012e-8 -1 -5.2155e-7 -0.9680041 -0.2509344 -3.8743e-7 2.197911 0 0 0 1 -0.2509344 0.9680041 -1.19209e-7 -1.295009 3.8743e-7 1.49012e-8 -1 -5.21355e-7 -0.9680041 -0.2509344 -3.8743e-7 2.197394 0 0 0 1 -0.2509344 0.9680041 -1.19209e-7 -1.295009 3.8743e-7 1.49012e-8 -1 -5.21238e-7 -0.9680041 -0.2509344 -3.8743e-7 2.197086 0 0 0 1 -0.2509344 0.9680041 -1.19209e-7 -1.295009 3.8743e-7 1.49012e-8 -1 -5.28223e-7 -0.9680041 -0.2509344 -3.8743e-7 2.196983 0 0 0 1 -0.2509344 0.9680041 -1.19209e-7 -1.295009 3.8743e-7 1.49012e-8 -1 -5.28262e-7 -0.9680041 -0.2509344 -3.8743e-7 2.197086 0 0 0 1 -0.2509344 0.9680041 -1.19209e-7 -1.295009 3.8743e-7 1.49012e-8 -1 -5.28379e-7 -0.9680041 -0.2509344 -3.8743e-7 2.197394 0 0 0 1 -0.2509344 0.9680041 -1.19209e-7 -1.295009 3.8743e-7 1.49012e-8 -1 -5.28574e-7 -0.9680041 -0.2509344 -3.8743e-7 2.197911 0 0 0 1 -0.2509344 0.9680041 -1.19209e-7 -1.295009 3.8743e-7 1.49012e-8 -1 -5.28848e-7 -0.9680041 -0.2509344 -3.8743e-7 2.198632 0 0 0 1 -0.2509344 0.9680041 -1.19209e-7 -1.295009 3.8743e-7 1.49012e-8 -1 -5.29194e-7 -0.9680041 -0.2509344 -3.8743e-7 2.199548 0 0 0 1 -0.2509344 0.9680041 -1.19209e-7 -1.295009 3.8743e-7 1.49012e-8 -1 -5.2961e-7 -0.9680041 -0.2509344 -3.8743e-7 2.200644 0 0 0 1 -0.2509344 0.9680041 -1.19209e-7 -1.295009 3.8743e-7 1.49012e-8 -1 -5.30084e-7 -0.9680041 -0.2509344 -3.8743e-7 2.201896 0 0 0 1 -0.2509344 0.9680041 -1.19209e-7 -1.295009 3.8743e-7 1.49012e-8 -1 -5.30606e-7 -0.9680041 -0.2509344 -3.8743e-7 2.203275 0 0 0 1 -0.2509344 0.9680041 -1.19209e-7 -1.295009 3.8743e-7 1.49012e-8 -1 -5.31162e-7 -0.9680041 -0.2509344 -3.8743e-7 2.204742 0 0 0 1 -0.2509344 0.9680041 -1.19209e-7 -1.295009 3.8743e-7 1.49012e-8 -1 -5.31735e-7 -0.9680041 -0.2509344 -3.8743e-7 2.206256 0 0 0 1 -0.2509344 0.9680041 -1.19209e-7 -1.295009 3.8743e-7 1.49012e-8 -1 -5.32308e-7 -0.9680041 -0.2509344 -3.8743e-7 2.207769 0 0 0 1 -0.2509344 0.9680041 -1.19209e-7 -1.295009 3.8743e-7 1.49012e-8 -1 -5.32864e-7 -0.9680041 -0.2509344 -3.8743e-7 2.209237 0 0 0 1 -0.2509344 0.9680041 -1.19209e-7 -1.295009 3.8743e-7 1.49012e-8 -1 -5.33387e-7 -0.9680041 -0.2509344 -3.8743e-7 2.210615 0 0 0 1 -0.2509344 0.9680041 -1.19209e-7 -1.295009 3.8743e-7 1.49012e-8 -1 -5.33861e-7 -0.9680041 -0.2509344 -3.8743e-7 2.211868 0 0 0 1 -0.2509344 0.9680041 -1.19209e-7 -1.295009 3.8743e-7 1.49012e-8 -1 -5.34276e-7 -0.9680041 -0.2509344 -3.8743e-7 2.212964 0 0 0 1 -0.2509344 0.9680041 -1.19209e-7 -1.295009 3.8743e-7 1.49012e-8 -1 -5.34623e-7 -0.9680041 -0.2509344 -3.8743e-7 2.21388 0 0 0 1 -0.2509344 0.9680041 -1.19209e-7 -1.295009 3.8743e-7 1.49012e-8 -1 -5.34896e-7 -0.9680041 -0.2509344 -3.8743e-7 2.2146 0 0 0 1 -0.2509344 0.9680041 -1.19209e-7 -1.295009 3.8743e-7 1.49012e-8 -1 -5.35092e-7 -0.9680041 -0.2509344 -3.8743e-7 2.215117 0 0 0 1 -0.2509344 0.9680041 -1.19209e-7 -1.295009 3.8743e-7 1.49012e-8 -1 -5.35209e-7 -0.9680041 -0.2509344 -3.8743e-7 2.215426 0 0 0 1 -0.2509344 0.9680041 -1.19209e-7 -1.295009 3.8743e-7 1.49012e-8 -1 -5.28223e-7 -0.9680041 -0.2509344 -3.8743e-7 2.215528 0 0 0 1</float_array>
          <technique_common>
            <accessor source="#CatArmature_baked_idle_Bone_pose_matrix-output-array" count="41" stride="16">
              <param name="TRANSFORM" type="float4x4"/>
            </accessor>
          </technique_common>
        </source>
        <source id="CatArmature_baked_idle_Bone_pose_matrix-interpolation">
          <Name_array id="CatArmature_baked_idle_Bone_pose_matrix-interpolation-array" count="41">LINEAR LINEAR LINEAR LINEAR LINEAR LINEAR LINEAR LINEAR LINEAR LINEAR LINEAR LINEAR LINEAR LINEAR LINEAR LINEAR LINEAR LINEAR LINEAR LINEAR LINEAR LINEAR LINEAR LINEAR LINEAR LINEAR LINEAR LINEAR LINEAR LINEAR LINEAR LINEAR LINEAR LINEAR LINEAR LINEAR LINEAR LINEAR LINEAR LINEAR LINEAR</Name_array>
          <technique_common>
            <accessor source="#CatArmature_baked_idle_Bone_pose_matrix-interpolation-array" count="41" stride="1">
              <param name="INTERPOLATION" type="name"/>
            </accessor>
          </technique_common>
        </source>
        <sampler id="CatArmature_baked_idle_Bone_pose_matrix-sampler">
          <input semantic="INPUT" source="#CatArmature_baked_idle_Bone_pose_matrix-input"/>
          <input semantic="OUTPUT" source="#CatArmature_baked_idle_Bone_pose_matrix-output"/>
          <input semantic="INTERPOLATION" source="#CatArmature_baked_idle_Bone_pose_matrix-interpolation"/>
        </sampler>
        <channel source="#CatArmature_baked_idle_Bone_pose_matrix-sampler" target="CatArmature_Bone/transform"/>
      </animation>
      <animation id="CatArmature_baked_idle_Bone_001_pose_matrix" name="CatArmature">
        <source id="CatArmature_baked_idle_Bone_001_pose_matrix-input">
          <float_array id="CatArmature_baked_idle_Bone_001_pose_matrix-input-array" count="41">0 0.04166662 0.08333331 0.125 0.1666666 0.2083333 0.25 0.2916666 0.3333333 0.375 0.4166666 0.4583333 0.5 0.5416667 0.5833333 0.625 0.6666667 0.7083333 0.75 0.7916667 0.8333333 0.875 0.9166667 0.9583333 1 1.041667 1.083333 1.125 1.166667 1.208333 1.25 1.291667 1.333333 1.375 1.416667 1.458333 1.5 1.541667 1.583333 1.625 1.666667</float_array>
          <technique_common>
            <accessor source="#CatArmature_baked_idle_Bone_001_pose_matrix-input-array" count="41" stride="1">
              <param name="TIME" type="float"/>
            </accessor>
          </technique_common>
        </source>
        <source id="CatArmature_baked_idle_Bone_001_pose_matrix-output">
          <float_array id="CatArmature_baked_idle_Bone_001_pose_matrix-output-array" count="656">-3.98171e-7 -0.2701131 -0.9628288 -2.23517e-8 3.25747e-9 0.9628289 -0.2701131 0.928077 1 -8.94069e-8 -3.8928e-7 -5.68434e-14 0 0 0 1 -3.98171e-7 -0.2699986 -0.962861 6.70552e-8 3.25747e-9 0.9628611 -0.2699986 0.928077 1 -8.93606e-8 -3.8929e-7 -5.68434e-14 0 0 0 1 -3.98171e-7 -0.2696524 -0.9629579 -5.21541e-8 3.25747e-9 0.962958 -0.2696524 0.928077 1 -8.92207e-8 -3.89322e-7 -5.68434e-14 0 0 0 1 -3.98171e-7 -0.2690735 -0.9631198 9.68575e-8 3.25747e-9 0.9631199 -0.2690735 0.9280769 1 -8.89866e-8 -3.89376e-7 -5.68434e-14 0 0 0 1 -3.98171e-7 -0.2682655 -0.9633451 -2.23517e-8 3.25747e-9 0.9633452 -0.2682655 0.928077 1 -8.866e-8 -3.8945e-7 0 0 0 0 1 -3.98171e-7 -0.2672384 -0.9636305 -2.23517e-8 3.25747e-9 0.9636306 -0.2672384 0.928077 1 -8.82448e-8 -3.89545e-7 -5.68434e-14 0 0 0 1 -3.98171e-7 -0.2660094 -0.9639706 -2.23517e-8 3.25747e-9 0.9639707 -0.2660094 0.9280769 1 -8.7748e-8 -3.89657e-7 0 0 0 0 1 -3.98171e-7 -0.264604 -0.9643573 -1.41561e-7 3.25747e-9 0.9643574 -0.2646039 0.928077 1 -8.71799e-8 -3.89784e-7 -5.68434e-14 0 0 0 1 -3.98171e-7 -0.2630562 -0.9647806 -1.71363e-7 3.25747e-9 0.9647807 -0.2630562 0.928077 1 -8.65543e-8 -3.89924e-7 -5.68434e-14 0 0 0 1 -3.98171e-7 -0.2614082 -0.9652284 -1.41561e-7 3.25747e-9 0.9652286 -0.2614081 0.928077 1 -8.58883e-8 -3.90071e-7 0 0 0 0 1 -3.98171e-7 -0.2597078 -0.9656874 -1.41561e-7 3.25747e-9 0.9656875 -0.2597077 0.928077 1 -8.52011e-8 -3.90222e-7 -5.68434e-14 0 0 0 1 -3.98171e-7 -0.2580066 -0.9661432 -1.41561e-7 3.25747e-9 0.9661433 -0.2580065 0.9280769 1 -8.45137e-8 -3.90371e-7 0 0 0 0 1 -3.98171e-7 -0.2563562 -0.9665824 -1.41561e-7 3.25747e-9 0.9665825 -0.2563561 0.928077 1 -8.38469e-8 -3.90515e-7 0 0 0 0 1 -3.98171e-7 -0.2548049 -0.9669926 -1.41561e-7 3.25747e-9 0.9669927 -0.2548049 0.9280769 1 -8.32202e-8 -3.90649e-7 -1.13687e-13 0 0 0 1 -3.98171e-7 -0.2533951 -0.9673629 6.70552e-8 3.25747e-9 0.9673631 -0.253395 0.928077 1 -8.26507e-8 -3.9077e-7 -5.68434e-14 0 0 0 1 -3.98171e-7 -0.2521613 -0.9676853 9.68575e-8 3.25747e-9 0.9676855 -0.2521612 0.928077 1 -8.21523e-8 -3.90875e-7 -5.68434e-14 0 0 0 1 -3.98171e-7 -0.2511296 -0.9679536 -1.41561e-7 3.25747e-9 0.9679538 -0.2511295 0.928077 1 -8.17356e-8 -3.90962e-7 -5.68434e-14 0 0 0 1 -3.98171e-7 -0.2503176 -0.968164 -2.23517e-8 3.25747e-9 0.9681643 -0.2503175 0.9280769 1 -8.14076e-8 -3.91031e-7 -5.68434e-14 0 0 0 1 -3.98171e-7 -0.2497355 -0.9683142 6.70552e-8 3.25747e-9 0.9683143 -0.2497355 0.928077 1 -8.11725e-8 -3.9108e-7 -5.68434e-14 0 0 0 1 -3.98171e-7 -0.2493874 -0.968404 -2.23517e-8 3.25747e-9 0.9684041 -0.2493873 0.928077 1 -8.10319e-8 -3.91109e-7 0 0 0 0 1 -3.98997e-7 -0.2492722 -0.9684337 9.68575e-8 5.80946e-9 0.9684338 -0.2492722 0.928077 1 -8.36628e-8 -3.91282e-7 -5.68434e-14 0 0 0 1 -3.98997e-7 -0.2493874 -0.968404 -2.23517e-8 5.80941e-9 0.9684041 -0.2493873 0.928077 1 -8.37093e-8 -3.91273e-7 0 0 0 0 1 -3.98997e-7 -0.2497355 -0.9683142 6.70552e-8 5.80926e-9 0.9683143 -0.2497355 0.928077 1 -8.38499e-8 -3.91243e-7 -5.68434e-14 0 0 0 1 -3.98998e-7 -0.2503176 -0.968164 -2.23517e-8 5.80902e-9 0.9681643 -0.2503175 0.9280769 1 -8.40851e-8 -3.91193e-7 0 0 0 0 1 -3.98999e-7 -0.2511296 -0.9679536 -1.41561e-7 5.80868e-9 0.9679538 -0.2511295 0.928077 1 -8.44131e-8 -3.91124e-7 0 0 0 0 1 -3.99e-7 -0.2521613 -0.9676853 9.68575e-8 5.80824e-9 0.9676855 -0.2521612 0.928077 1 -8.48299e-8 -3.91035e-7 0 0 0 0 1 -3.99002e-7 -0.2533951 -0.9673629 6.70552e-8 5.80772e-9 0.9673631 -0.253395 0.928077 1 -8.53284e-8 -3.90928e-7 -5.68434e-14 0 0 0 1 -3.99004e-7 -0.2548049 -0.9669926 -1.41561e-7 5.80712e-9 0.9669927 -0.2548049 0.9280769 1 -8.5898e-8 -3.90805e-7 -1.13687e-13 0 0 0 1 -3.99006e-7 -0.2563562 -0.9665824 -1.41561e-7 5.80645e-9 0.9665825 -0.2563561 0.928077 1 -8.65249e-8 -3.90669e-7 -5.68434e-14 0 0 0 1 -3.99008e-7 -0.2580066 -0.9661432 -1.41561e-7 5.80574e-9 0.9661433 -0.2580065 0.9280769 1 -8.71918e-8 -3.90523e-7 0 0 0 0 1 -3.9901e-7 -0.2597078 -0.9656874 -1.41561e-7 5.805e-9 0.9656875 -0.2597077 0.928077 1 -8.78794e-8 -3.90371e-7 -5.68434e-14 0 0 0 1 -3.99013e-7 -0.2614082 -0.9652284 -1.41561e-7 5.80426e-9 0.9652286 -0.2614081 0.928077 1 -8.85666e-8 -3.90218e-7 0 0 0 0 1 -3.99015e-7 -0.2630562 -0.9647806 -1.71363e-7 5.80354e-9 0.9647807 -0.2630562 0.928077 1 -8.92328e-8 -3.90069e-7 -5.68434e-14 0 0 0 1 -3.99017e-7 -0.264604 -0.9643573 -1.41561e-7 5.80285e-9 0.9643574 -0.2646039 0.928077 1 -8.98585e-8 -3.89927e-7 -5.68434e-14 0 0 0 1 -3.99019e-7 -0.2660094 -0.9639706 -2.23517e-8 5.80223e-9 0.9639707 -0.2660094 0.9280769 1 -9.04267e-8 -3.89798e-7 -5.68434e-14 0 0 0 1 -3.9902e-7 -0.2672384 -0.9636305 -2.23517e-8 5.80168e-9 0.9636306 -0.2672384 0.928077 1 -9.09236e-8 -3.89684e-7 0 0 0 0 1 -3.99022e-7 -0.2682656 -0.9633451 -2.23517e-8 5.80123e-9 0.9633452 -0.2682655 0.928077 1 -9.13388e-8 -3.89588e-7 -5.68434e-14 0 0 0 1 -3.99023e-7 -0.2690735 -0.9631198 9.68575e-8 5.80086e-9 0.9631199 -0.2690735 0.9280769 1 -9.16655e-8 -3.89512e-7 0 0 0 0 1 -3.99024e-7 -0.2696524 -0.9629579 -5.21541e-8 5.8006e-9 0.962958 -0.2696524 0.928077 1 -9.18996e-8 -3.89458e-7 -5.68434e-14 0 0 0 1 -3.99024e-7 -0.2699986 -0.962861 6.70552e-8 5.80045e-9 0.9628611 -0.2699986 0.928077 1 -9.20396e-8 -3.89426e-7 -5.68434e-14 0 0 0 1 -3.98171e-7 -0.2701131 -0.9628288 -2.23517e-8 3.25747e-9 0.9628289 -0.2701131 0.928077 1 -8.94069e-8 -3.8928e-7 -5.68434e-14 0 0 0 1</float_array>
          <technique_common>
            <accessor source="#CatArmature_baked_idle_Bone_001_pose_matrix-output-array" count="41" stride="16">
              <param name="TRANSFORM" type="float4x4"/>
            </accessor>
          </technique_common>
        </source>
        <source id="CatArmature_baked_idle_Bone_001_pose_matrix-interpolation">
          <Name_array id="CatArmature_baked_idle_Bone_001_pose_matrix-interpolation-array" count="41">LINEAR LINEAR LINEAR LINEAR LINEAR LINEAR LINEAR LINEAR LINEAR LINEAR LINEAR LINEAR LINEAR LINEAR LINEAR LINEAR LINEAR LINEAR LINEAR LINEAR LINEAR LINEAR LINEAR LINEAR LINEAR LINEAR LINEAR LINEAR LINEAR LINEAR LINEAR LINEAR LINEAR LINEAR LINEAR LINEAR LINEAR LINEAR LINEAR LINEAR LINEAR</Name_array>
          <technique_common>
            <accessor source="#CatArmature_baked_idle_Bone_001_pose_matrix-interpolation-array" count="41" stride="1">
              <param name="INTERPOLATION" type="name"/>
            </accessor>
          </technique_common>
        </source>
        <sampler id="CatArmature_baked_idle_Bone_001_pose_matrix-sampler">
          <input semantic="INPUT" source="#CatArmature_baked_idle_Bone_001_pose_matrix-input"/>
          <input semantic="OUTPUT" source="#CatArmature_baked_idle_Bone_001_pose_matrix-output"/>
          <input semantic="INTERPOLATION" source="#CatArmature_baked_idle_Bone_001_pose_matrix-interpolation"/>
        </sampler>
        <channel source="#CatArmature_baked_idle_Bone_001_pose_matrix-sampler" target="CatArmature_Bone_001/transform"/>
      </animation>
      <animation id="CatArmature_baked_idle_Bone_002_pose_matrix" name="CatArmature">
        <source id="CatArmature_baked_idle_Bone_002_pose_matrix-input">
          <float_array id="CatArmature_baked_idle_Bone_002_pose_matrix-input-array" count="41">0 0.04166662 0.08333331 0.125 0.1666666 0.2083333 0.25 0.2916666 0.3333333 0.375 0.4166666 0.4583333 0.5 0.5416667 0.5833333 0.625 0.6666667 0.7083333 0.75 0.7916667 0.8333333 0.875 0.9166667 0.9583333 1 1.041667 1.083333 1.125 1.166667 1.208333 1.25 1.291667 1.333333 1.375 1.416667 1.458333 1.5 1.541667 1.583333 1.625 1.666667</float_array>
          <technique_common>
            <accessor source="#CatArmature_baked_idle_Bone_002_pose_matrix-input-array" count="41" stride="1">
              <param name="TIME" type="float"/>
            </accessor>
          </technique_common>
        </source>
        <source id="CatArmature_baked_idle_Bone_002_pose_matrix-output">
          <float_array id="CatArmature_baked_idle_Bone_002_pose_matrix-output-array" count="656">1 8.33566e-8 -4.89648e-8 0 -9.64899e-8 0.8293507 -0.5587283 1.443431 -5.96477e-9 0.5587283 0.8293508 8.3819e-8 0 0 0 1 1 8.33637e-8 -4.89527e-8 0 -9.64899e-8 0.8294313 -0.5586087 1.443431 -5.96477e-9 0.5586087 0.8294312 9.31323e-9 0 0 0 1 1 8.33851e-8 -4.89163e-8 1.13687e-13 -9.64899e-8 0.8296749 -0.5582467 1.443431 -5.96477e-9 0.5582466 0.829675 -1.37836e-7 0 0 0 1 1 8.34207e-8 -4.88555e-8 -5.68434e-14 -9.64899e-8 0.830082 -0.5576413 1.443431 -5.96476e-9 0.5576413 0.8300821 -1.63913e-7 0 0 0 1 1 8.34704e-8 -4.87706e-8 1.7053e-13 -9.64899e-8 0.8306493 -0.5567961 1.443431 -5.96477e-9 0.556796 0.8306492 -1.41561e-7 0 0 0 1 1 8.35334e-8 -4.86625e-8 -5.68434e-14 -9.64899e-8 0.8313689 -0.555721 1.443431 -5.96477e-9 0.555721 0.8313689 -4.28408e-8 0 0 0 1 1 8.36086e-8 -4.85332e-8 0 -9.64899e-8 0.8322279 -0.5544337 1.443431 -5.96476e-9 0.5544338 0.8322278 1.11759e-7 0 0 0 1 1 8.36944e-8 -4.83852e-8 5.68434e-14 -9.64899e-8 0.8332073 -0.5529607 1.443431 -5.96476e-9 0.5529607 0.8332073 -2.98023e-8 0 0 0 1 1 8.37884e-8 -4.82222e-8 0 -9.64899e-8 0.8342826 -0.5513371 1.443431 -5.96476e-9 0.5513371 0.8342826 -5.12227e-8 0 0 0 1 1 8.38882e-8 -4.80484e-8 5.68434e-14 -9.64899e-8 0.8354235 -0.5496068 1.443431 -5.96476e-9 0.5496067 0.8354234 4.56348e-8 0 0 0 1 1 8.39907e-8 -4.7869e-8 0 -9.64899e-8 0.8365961 -0.5478197 1.443431 -5.96476e-9 0.5478197 0.8365962 1.15484e-7 0 0 0 1 1 8.40928e-8 -4.76894e-8 5.68434e-14 -9.64899e-8 0.8377652 -0.5460305 1.443431 -5.96476e-9 0.5460305 0.8377652 -1.58325e-8 0 0 0 1 1 8.41915e-8 -4.7515e-8 5.68434e-14 -9.64899e-8 0.8388952 -0.5442929 1.443431 -5.96477e-9 0.544293 0.8388952 -7.77654e-8 0 0 0 1 1 8.42838e-8 -4.73509e-8 -5.68434e-14 -9.64899e-8 0.8399535 -0.5426585 1.443431 -5.96477e-9 0.5426585 0.8399535 8.9407e-8 0 0 0 1 1 8.43675e-8 -4.72017e-8 0 -9.64899e-8 0.8409122 -0.5411716 1.443431 -5.96476e-9 0.5411716 0.8409121 6.28643e-8 0 0 0 1 1 8.44404e-8 -4.70711e-8 0 -9.64899e-8 0.8417487 -0.5398697 1.443431 -5.96476e-9 0.5398697 0.8417486 3.24799e-8 0 0 0 1 1 8.45013e-8 -4.69619e-8 -5.68434e-14 -9.64899e-8 0.8424464 -0.5387802 1.443431 -5.96476e-9 0.5387802 0.8424463 4.49363e-8 0 0 0 1 0.9999999 8.4549e-8 -4.68758e-8 5.68434e-14 -9.64899e-8 0.8429943 -0.5379223 1.443431 -5.96477e-9 0.5379224 0.8429943 -7.39237e-9 0 0 0 1 1 8.45832e-8 -4.68141e-8 0 -9.64899e-8 0.8433865 -0.5373073 1.443431 -5.96477e-9 0.5373074 0.8433865 -4.51691e-8 0 0 0 1 1 8.46036e-8 -4.67772e-8 0 -9.64899e-8 0.8436208 -0.5369393 1.443431 -5.96477e-9 0.5369392 0.8436209 -5.65778e-8 0 0 0 1 0.9999999 8.05464e-8 -4.73209e-8 0 -9.33595e-8 0.8436983 -0.5368174 1.443431 -3.31411e-9 0.5368174 0.8436982 1.07568e-7 0 0 0 1 1 8.05396e-8 -4.73329e-8 5.68434e-14 -9.33597e-8 0.8436208 -0.5369393 1.443431 -3.31388e-9 0.5369393 0.8436209 -5.85569e-8 0 0 0 1 1 8.0519e-8 -4.73689e-8 1.13687e-13 -9.33603e-8 0.8433865 -0.5373073 1.443431 -3.3132e-9 0.5373074 0.8433865 -4.71482e-8 0 0 0 1 0.9999999 8.04846e-8 -4.74291e-8 0 -9.33613e-8 0.8429944 -0.5379223 1.443431 -3.31204e-9 0.5379224 0.8429945 -9.37143e-9 0 0 0 1 1 8.04366e-8 -4.75131e-8 0 -9.33626e-8 0.8424464 -0.5387802 1.443431 -3.31045e-9 0.5387802 0.8424463 4.49363e-8 0 0 0 1 1 8.03754e-8 -4.76197e-8 -5.68434e-14 -9.33643e-8 0.8417487 -0.5398697 1.443431 -3.30841e-9 0.5398697 0.8417487 3.05008e-8 0 0 0 1 1 8.0302e-8 -4.77472e-8 -1.13687e-13 -9.33664e-8 0.8409122 -0.5411716 1.443431 -3.30598e-9 0.5411716 0.8409122 6.10016e-8 0 0 0 1 1 8.02179e-8 -4.78928e-8 0 -9.33687e-8 0.8399535 -0.5426584 1.443431 -3.30322e-9 0.5426585 0.8399535 8.75443e-8 0 0 0 1 1 8.0125e-8 -4.80528e-8 5.68434e-14 -9.33713e-8 0.8388952 -0.5442929 1.443431 -3.30017e-9 0.544293 0.8388952 -8.05594e-8 0 0 0 1 1 8.00258e-8 -4.8223e-8 0 -9.3374e-8 0.8377652 -0.5460305 1.443431 -3.29694e-9 0.5460305 0.8377652 -1.58325e-8 0 0 0 1 1 7.9923e-8 -4.83983e-8 1.13687e-13 -9.33769e-8 0.8365961 -0.5478197 1.443431 -3.2936e-9 0.5478197 0.8365962 1.14553e-7 0 0 0 1 1 7.982e-8 -4.85734e-8 -5.68434e-14 -9.33798e-8 0.8354235 -0.5496068 1.443431 -3.29029e-9 0.5496067 0.8354234 4.47035e-8 0 0 0 1 1 7.97197e-8 -4.87429e-8 -1.13687e-13 -9.33825e-8 0.8342826 -0.5513371 1.443431 -3.28707e-9 0.5513371 0.8342826 -5.21541e-8 0 0 0 1 1 7.96251e-8 -4.8902e-8 5.68434e-14 -9.33851e-8 0.8332073 -0.5529607 1.443431 -3.28405e-9 0.5529607 0.8332073 -3.1665e-8 0 0 0 1 1 7.9539e-8 -4.90464e-8 0 -9.33875e-8 0.8322279 -0.5544337 1.443431 -3.28131e-9 0.5544338 0.8322278 1.11759e-7 0 0 0 1 1 7.94634e-8 -4.91726e-8 0 -9.33896e-8 0.8313689 -0.555721 1.443431 -3.27892e-9 0.555721 0.8313689 -4.47035e-8 0 0 0 1 1 7.94001e-8 -4.9278e-8 0 -9.33914e-8 0.8306493 -0.5567961 1.443431 -3.27693e-9 0.556796 0.8306492 -1.43424e-7 0 0 0 1 1 7.93501e-8 -4.93608e-8 5.68434e-14 -9.33927e-8 0.830082 -0.5576413 1.443431 -3.27535e-9 0.5576413 0.8300821 -1.63913e-7 0 0 0 1 1 7.93143e-8 -4.94202e-8 5.68434e-14 -9.33937e-8 0.8296749 -0.5582467 1.443431 -3.27424e-9 0.5582466 0.829675 -1.39698e-7 0 0 0 1 1 7.92928e-8 -4.94557e-8 0 -9.33943e-8 0.8294313 -0.5586087 1.443431 -3.27357e-9 0.5586087 0.8294312 9.31323e-9 0 0 0 1 1 8.33566e-8 -4.89648e-8 0 -9.64899e-8 0.8293507 -0.5587283 1.443431 -5.96477e-9 0.5587283 0.8293508 8.3819e-8 0 0 0 1</float_array>
          <technique_common>
            <accessor source="#CatArmature_baked_idle_Bone_002_pose_matrix-output-array" count="41" stride="16">
              <param name="TRANSFORM" type="float4x4"/>
            </accessor>
          </technique_common>
        </source>
        <source id="CatArmature_baked_idle_Bone_002_pose_matrix-interpolation">
          <Name_array id="CatArmature_baked_idle_Bone_002_pose_matrix-interpolation-array" count="41">LINEAR LINEAR LINEAR LINEAR LINEAR LINEAR LINEAR LINEAR LINEAR LINEAR LINEAR LINEAR LINEAR LINEAR LINEAR LINEAR LINEAR LINEAR LINEAR LINEAR LINEAR LINEAR LINEAR LINEAR LINEAR LINEAR LINEAR LINEAR LINEAR LINEAR LINEAR LINEAR LINEAR LINEAR LINEAR LINEAR LINEAR LINEAR LINEAR LINEAR LINEAR</Name_array>
          <technique_common>
            <accessor source="#CatArmature_baked_idle_Bone_002_pose_matrix-interpolation-array" count="41" stride="1">
              <param name="INTERPOLATION" type="name"/>
            </accessor>
          </technique_common>
        </source>
        <sampler id="CatArmature_baked_idle_Bone_002_pose_matrix-sampler">
          <input semantic="INPUT" source="#CatArmature_baked_idle_Bone_002_pose_matrix-input"/>
          <input semantic="OUTPUT" source="#CatArmature_baked_idle_Bone_002_pose_matrix-output"/>
          <input semantic="INTERPOLATION" source="#CatArmature_baked_idle_Bone_002_pose_matrix-interpolation"/>
        </sampler>
        <channel source="#CatArmature_baked_idle_Bone_002_pose_matrix-sampler" target="CatArmature_Bone_002/transform"/>
      </animation>
      <animation id="CatArmature_baked_idle_Bone_003_pose_matrix" name="CatArmature">
        <source id="CatArmature_baked_idle_Bone_003_pose_matrix-input">
          <float_array id="CatArmature_baked_idle_Bone_003_pose_matrix-input-array" count="41">0 0.04166662 0.08333331 0.125 0.1666666 0.2083333 0.25 0.2916666 0.3333333 0.375 0.4166666 0.4583333 0.5 0.5416667 0.5833333 0.625 0.6666667 0.7083333 0.75 0.7916667 0.8333333 0.875 0.9166667 0.9583333 1 1.041667 1.083333 1.125 1.166667 1.208333 1.25 1.291667 1.333333 1.375 1.416667 1.458333 1.5 1.541667 1.583333 1.625 1.666667</float_array>
          <technique_common>
            <accessor source="#CatArmature_baked_idle_Bone_003_pose_matrix-input-array" count="41" stride="1">
              <param name="TIME" type="float"/>
            </accessor>
          </technique_common>
        </source>
        <source id="CatArmature_baked_idle_Bone_003_pose_matrix-output">
          <float_array id="CatArmature_baked_idle_Bone_003_pose_matrix-output-array" count="656">1 -1.15526e-7 -1.13344e-7 2.84217e-14 1.61788e-7 0.7318368 0.6814798 1.179925 4.22094e-9 -0.6814798 0.7318368 0 0 0 0 1 1 -1.15581e-7 -1.13288e-7 2.84217e-14 1.61788e-7 0.732171 0.6811208 1.179925 4.22095e-9 -0.6811209 0.7321711 2.38419e-7 0 0 0 1 1 -1.15749e-7 -1.13116e-7 -8.52651e-14 1.61788e-7 0.7331799 0.6800345 1.179925 4.22094e-9 -0.6800345 0.73318 -1.19209e-7 0 0 0 1 1 -1.16029e-7 -1.12829e-7 0 1.61788e-7 0.7348637 0.6782147 1.179925 4.22094e-9 -0.6782148 0.7348637 0 0 0 0 1 1 -1.16419e-7 -1.12427e-7 -2.84217e-14 1.61788e-7 0.7372055 0.6756684 1.179925 4.22094e-9 -0.6756684 0.7372056 0 0 0 0 1 1 -1.16912e-7 -1.11914e-7 -2.84217e-14 1.61788e-7 0.7401695 0.6724204 1.179925 4.22095e-9 -0.6724204 0.7401695 -2.38419e-7 0 0 0 1 1 -1.17499e-7 -1.11297e-7 2.84217e-14 1.61788e-7 0.7436963 0.6685176 1.179925 4.22095e-9 -0.6685176 0.7436962 0 0 0 0 1 0.9999999 -1.18166e-7 -1.10589e-7 -1.13687e-13 1.61788e-7 0.7477026 0.6640333 1.179925 4.22096e-9 -0.6640333 0.7477026 0 0 0 0 1 0.9999999 -1.18896e-7 -1.09804e-7 -2.84217e-14 1.61788e-7 0.7520822 0.6590694 1.179925 4.22095e-9 -0.6590694 0.7520821 0 0 0 0 1 1 -1.19667e-7 -1.08964e-7 0 1.61788e-7 0.7567074 0.6537538 1.179925 4.22095e-9 -0.6537538 0.7567073 -1.19209e-7 0 0 0 1 1 -1.20455e-7 -1.08091e-7 -5.68434e-14 1.61788e-7 0.7614378 0.6482379 1.179925 4.22094e-9 -0.6482379 0.7614378 1.19209e-7 0 0 0 1 1 -1.21238e-7 -1.07213e-7 5.68434e-14 1.61788e-7 0.7661279 0.642688 1.179925 4.22096e-9 -0.6426879 0.7661279 0 0 0 0 1 1 -1.2199e-7 -1.06356e-7 -5.68434e-14 1.61788e-7 0.7706374 0.6372737 1.179925 4.22094e-9 -0.6372738 0.7706375 -1.19209e-7 0 0 0 1 1 -1.22691e-7 -1.05546e-7 8.52651e-14 1.61788e-7 0.7748392 0.6321585 1.179925 4.22094e-9 -0.6321585 0.7748392 -1.19209e-7 0 0 0 1 1 -1.23324e-7 -1.04807e-7 2.84217e-14 1.61788e-7 0.7786266 0.6274877 1.179925 4.22095e-9 -0.6274877 0.7786266 3.57628e-7 0 0 0 1 1 -1.23873e-7 -1.04156e-7 8.52651e-14 1.61788e-7 0.7819163 0.6233832 1.179925 4.22094e-9 -0.6233832 0.7819163 0 0 0 0 1 1 -1.2433e-7 -1.03611e-7 5.68434e-14 1.61788e-7 0.7846498 0.619939 1.179925 4.22094e-9 -0.619939 0.7846498 -2.38419e-7 0 0 0 1 1 -1.24688e-7 -1.0318e-7 0 1.61788e-7 0.7867898 0.6172209 1.179925 4.22096e-9 -0.6172209 0.7867899 -1.19209e-7 0 0 0 1 0.9999999 -1.24943e-7 -1.0287e-7 -8.52651e-14 1.61788e-7 0.7883177 0.6152683 1.179925 4.22095e-9 -0.6152684 0.7883176 -1.19209e-7 0 0 0 1 1 -1.25096e-7 -1.02685e-7 2.84217e-14 1.61788e-7 0.789229 0.6140989 1.179925 4.22096e-9 -0.6140989 0.789229 -1.19209e-7 0 0 0 1 1 -1.06133e-7 -1.03119e-7 0 1.47081e-7 0.7895302 0.6137118 1.179925 1.62802e-8 -0.6137118 0.7895302 2.38419e-7 0 0 0 1 1 -1.06083e-7 -1.03176e-7 0 1.47084e-7 0.7892291 0.614099 1.179925 1.62839e-8 -0.614099 0.789229 0 0 0 0 1 0.9999999 -1.0593e-7 -1.03347e-7 -5.68434e-14 1.47092e-7 0.7883177 0.6152683 1.179925 1.6295e-8 -0.6152684 0.7883176 -1.19209e-7 0 0 0 1 1 -1.05673e-7 -1.03633e-7 -2.84217e-14 1.47107e-7 0.7867899 0.6172209 1.179925 1.63135e-8 -0.6172209 0.7867898 0 0 0 0 1 1 -1.05314e-7 -1.04031e-7 2.84217e-14 1.47127e-7 0.7846498 0.619939 1.179925 1.63392e-8 -0.619939 0.7846498 -2.38419e-7 0 0 0 1 1 -1.04856e-7 -1.04535e-7 2.84217e-14 1.47154e-7 0.7819164 0.6233832 1.179925 1.63719e-8 -0.6233832 0.7819164 2.38419e-7 0 0 0 1 0.9999999 -1.04305e-7 -1.05135e-7 2.84217e-14 1.47185e-7 0.7786265 0.6274877 1.179925 1.64108e-8 -0.6274877 0.7786264 1.19209e-7 0 0 0 1 1 -1.0367e-7 -1.05817e-7 5.68434e-14 1.47221e-7 0.7748392 0.6321585 1.179925 1.64551e-8 -0.6321585 0.7748392 -1.19209e-7 0 0 0 1 1 -1.02968e-7 -1.06564e-7 -2.84217e-14 1.47261e-7 0.7706376 0.6372738 1.179925 1.65037e-8 -0.6372738 0.7706376 0 0 0 0 1 1 -1.02214e-7 -1.07354e-7 2.84217e-14 1.47304e-7 0.7661279 0.642688 1.179925 1.6555e-8 -0.6426879 0.7661279 0 0 0 0 1 1 -1.01432e-7 -1.08163e-7 -5.68434e-14 1.47349e-7 0.7614378 0.6482379 1.179925 1.66076e-8 -0.6482379 0.7614378 1.19209e-7 0 0 0 1 1 -1.00643e-7 -1.08966e-7 -1.42109e-13 1.47394e-7 0.7567074 0.6537538 1.179925 1.66599e-8 -0.6537538 0.7567073 -1.19209e-7 0 0 0 1 0.9999999 -9.98727e-8 -1.0974e-7 -2.84217e-14 1.47439e-7 0.7520822 0.6590694 1.179925 1.67103e-8 -0.6590694 0.7520821 0 0 0 0 1 0.9999999 -9.91441e-8 -1.10461e-7 2.84217e-14 1.4748e-7 0.7477026 0.6640333 1.179925 1.67573e-8 -0.6640333 0.7477026 0 0 0 0 1 1 -9.84781e-8 -1.11113e-7 8.52651e-14 1.47519e-7 0.7436963 0.6685176 1.179925 1.67999e-8 -0.6685176 0.7436962 0 0 0 0 1 1 -9.78923e-8 -1.11679e-7 5.68434e-14 1.47552e-7 0.7401695 0.6724204 1.179925 1.68369e-8 -0.6724204 0.7401695 -2.38419e-7 0 0 0 1 1 -9.74004e-8 -1.12151e-7 0 1.47581e-7 0.7372055 0.6756684 1.179925 1.68676e-8 -0.6756684 0.7372056 0 0 0 0 1 1 -9.70119e-8 -1.1252e-7 -2.84217e-14 1.47603e-7 0.7348637 0.6782147 1.179925 1.68918e-8 -0.6782148 0.7348637 0 0 0 0 1 1 -9.67327e-8 -1.12783e-7 2.84217e-14 1.47619e-7 0.7331799 0.6800345 1.179925 1.6909e-8 -0.6800345 0.7331799 -1.19209e-7 0 0 0 1 1 -9.65654e-8 -1.12941e-7 5.68434e-14 1.47629e-7 0.732171 0.6811208 1.179925 1.69193e-8 -0.6811209 0.7321711 2.38419e-7 0 0 0 1 1 -1.15526e-7 -1.13344e-7 2.84217e-14 1.61788e-7 0.7318368 0.6814798 1.179925 4.22094e-9 -0.6814798 0.7318368 0 0 0 0 1</float_array>
          <technique_common>
            <accessor source="#CatArmature_baked_idle_Bone_003_pose_matrix-output-array" count="41" stride="16">
              <param name="TRANSFORM" type="float4x4"/>
            </accessor>
          </technique_common>
        </source>
        <source id="CatArmature_baked_idle_Bone_003_pose_matrix-interpolation">
          <Name_array id="CatArmature_baked_idle_Bone_003_pose_matrix-interpolation-array" count="41">LINEAR LINEAR LINEAR LINEAR LINEAR LINEAR LINEAR LINEAR LINEAR LINEAR LINEAR LINEAR LINEAR LINEAR LINEAR LINEAR LINEAR LINEAR LINEAR LINEAR LINEAR LINEAR LINEAR LINEAR LINEAR LINEAR LINEAR LINEAR LINEAR LINEAR LINEAR LINEAR LINEAR LINEAR LINEAR LINEAR LINEAR LINEAR LINEAR LINEAR LINEAR</Name_array>
          <technique_common>
            <accessor source="#CatArmature_baked_idle_Bone_003_pose_matrix-interpolation-array" count="41" stride="1">
              <param name="INTERPOLATION" type="name"/>
            </accessor>
          </technique_common>
        </source>
        <sampler id="CatArmature_baked_idle_Bone_003_pose_matrix-sampler">
          <input semantic="INPUT" source="#CatArmature_baked_idle_Bone_003_pose_matrix-input"/>
          <input semantic="OUTPUT" source="#CatArmature_baked_idle_Bone_003_pose_matrix-output"/>
          <input semantic="INTERPOLATION" source="#CatArmature_baked_idle_Bone_003_pose_matrix-interpolation"/>
        </sampler>
        <channel source="#CatArmature_baked_idle_Bone_003_pose_matrix-sampler" target="CatArmature_Bone_003/transform"/>
      </animation>
      <animation id="CatArmature_baked_idle_Bone_014_pose_matrix" name="CatArmature">
        <source id="CatArmature_baked_idle_Bone_014_pose_matrix-input">
          <float_array id="CatArmature_baked_idle_Bone_014_pose_matrix-input-array" count="41">0 0.04166662 0.08333331 0.125 0.1666666 0.2083333 0.25 0.2916666 0.3333333 0.375 0.4166666 0.4583333 0.5 0.5416667 0.5833333 0.625 0.6666667 0.7083333 0.75 0.7916667 0.8333333 0.875 0.9166667 0.9583333 1 1.041667 1.083333 1.125 1.166667 1.208333 1.25 1.291667 1.333333 1.375 1.416667 1.458333 1.5 1.541667 1.583333 1.625 1.666667</float_array>
          <technique_common>
            <accessor source="#CatArmature_baked_idle_Bone_014_pose_matrix-input-array" count="41" stride="1">
              <param name="TIME" type="float"/>
            </accessor>
          </technique_common>
        </source>
        <source id="CatArmature_baked_idle_Bone_014_pose_matrix-output">
          <float_array id="CatArmature_baked_idle_Bone_014_pose_matrix-output-array" count="656">0.008456235 0.05875612 -0.9982369 0.4004929 0.9985388 0.05278568 0.01156576 1.507594 0.05337214 -0.996876 -0.05822378 -0.3493411 0 0 0 1 0.008343966 0.05922008 -0.9982103 0.4004929 0.9984079 0.05518763 0.0116197 1.507594 0.05577696 -0.996718 -0.05866523 -0.349341 0 0 0 1 0.008025758 0.06056726 -0.9981322 0.4004929 0.9980087 0.06195921 0.0117845 1.507594 0.06255718 -0.9962391 -0.05994929 -0.3493413 0 0 0 1 0.0074482 0.06220287 -0.9980358 0.4004929 0.9973236 0.07213423 0.01193867 1.507594 0.07273516 -0.9954534 -0.06149899 -0.3493414 0 0 0 1 0.006717396 0.06419019 -0.9979155 0.4004929 0.9963408 0.08459908 0.01214858 1.507594 0.08520248 -0.9943454 -0.06338692 -0.3493417 0 0 0 1 0.005864217 0.06634162 -0.9977801 0.4004929 0.9950567 0.09853055 0.01239943 1.507594 0.09913434 -0.9929204 -0.06543577 -0.3493418 0 0 0 1 0.004913531 0.06851528 -0.9976382 0.4004929 0.9934769 0.1133233 0.0126758 1.507594 0.1139241 -0.9911925 -0.06751148 -0.3493411 0 0 0 1 0.003906252 0.07071166 -0.9974894 0.4004929 0.9916244 0.1284986 0.01299251 1.507594 0.1290947 -0.9891855 -0.06961736 -0.3493415 0 0 0 1 0.002869815 0.07289229 -0.997336 0.4004929 0.9895351 0.1436742 0.01334808 1.507594 0.1442643 -0.9869373 -0.07171701 -0.3493416 0 0 0 1 0.001828389 0.07501614 -0.997181 0.4004929 0.98726 0.1585204 0.0137354 1.507594 0.1591038 -0.9845018 -0.0737705 -0.3493413 0 0 0 1 8.05194e-4 0.07704413 -0.9970275 0.4004929 0.984865 0.1727424 0.01414384 1.507594 0.1733186 -0.981949 -0.0757389 -0.349341 0 0 0 1 -1.77961e-4 0.0789431 -0.9968795 0.4004929 0.9824253 0.1860883 0.01456098 1.507594 0.1866569 -0.9793569 -0.07758866 -0.3493414 0 0 0 1 -0.001100437 0.08068432 -0.9967395 0.4004929 0.9800184 0.1983416 0.01497344 1.507594 0.1989029 -0.9768062 -0.07929029 -0.3493416 0 0 0 1 -0.001944063 0.08224499 -0.9966106 0.4004929 0.9777242 0.2093306 0.01536773 1.507594 0.209885 -0.9743799 -0.08081977 -0.3493414 0 0 0 1 -0.002694159 0.0836089 -0.9964954 0.4004929 0.9756126 0.2189344 0.01573155 1.507594 0.2194823 -0.9721507 -0.08215966 -0.3493416 0 0 0 1 -0.003339289 0.08476511 -0.9963958 0.4004929 0.9737455 0.2270731 0.01605412 1.507594 0.2276154 -0.9701819 -0.08329777 -0.3493412 0 0 0 1 -0.003871124 0.08570711 -0.9963131 0.4004929 0.9721715 0.233701 0.01632663 1.507594 0.2342386 -0.9685237 -0.08422657 -0.3493412 0 0 0 1 -0.004285295 0.086434 -0.9962488 0.4004929 0.9709246 0.2388124 0.01654287 1.507594 0.2393462 -0.9672115 -0.0849442 -0.3493412 0 0 0 1 -0.004579999 0.08694775 -0.9962028 0.4004929 0.9700265 0.2424235 0.01669887 1.507594 0.2429547 -0.9662663 -0.08545184 -0.3493413 0 0 0 1 -0.004755468 0.08725235 -0.9961752 0.4004929 0.9694878 0.2445633 0.01679258 1.507594 0.2450929 -0.9656996 -0.08575301 -0.3493415 0 0 0 1 -0.004813397 0.08735267 -0.9961662 0.4004929 0.969309 0.245268 0.01682364 1.507594 0.245797 -0.9655119 -0.08585223 -0.349341 0 0 0 1 -0.004755468 0.08725233 -0.9961752 0.4004929 0.9694878 0.2445633 0.01679258 1.507594 0.2450929 -0.9656996 -0.08575299 -0.3493415 0 0 0 1 -0.004580001 0.08694775 -0.9962028 0.4004929 0.9700265 0.2424235 0.01669888 1.507594 0.2429547 -0.9662663 -0.08545186 -0.3493412 0 0 0 1 -0.004285296 0.08643402 -0.9962488 0.4004929 0.9709247 0.2388124 0.01654287 1.507594 0.2393463 -0.9672115 -0.08494423 -0.3493412 0 0 0 1 -0.003871117 0.08570708 -0.9963131 0.4004929 0.9721715 0.2337009 0.01632663 1.507594 0.2342385 -0.9685237 -0.08422655 -0.3493412 0 0 0 1 -0.003339289 0.0847651 -0.9963958 0.4004929 0.9737455 0.2270731 0.01605412 1.507594 0.2276154 -0.9701819 -0.08329777 -0.3493412 0 0 0 1 -0.00269416 0.08360889 -0.9964954 0.4004929 0.9756126 0.2189344 0.01573155 1.507594 0.2194823 -0.9721507 -0.08215965 -0.3493415 0 0 0 1 -0.001944066 0.08224498 -0.9966106 0.4004929 0.9777242 0.2093307 0.01536773 1.507594 0.209885 -0.9743799 -0.08081976 -0.3493414 0 0 0 1 -0.001100435 0.08068431 -0.9967395 0.4004929 0.9800184 0.1983416 0.01497344 1.507594 0.1989029 -0.9768062 -0.07929028 -0.3493416 0 0 0 1 -1.77962e-4 0.07894309 -0.9968795 0.400493 0.9824253 0.1860883 0.01456098 1.507594 0.1866569 -0.9793569 -0.07758866 -0.3493414 0 0 0 1 8.05198e-4 0.07704411 -0.9970276 0.400493 0.984865 0.1727424 0.01414384 1.507594 0.1733186 -0.981949 -0.07573889 -0.349341 0 0 0 1 0.001828389 0.07501612 -0.997181 0.4004929 0.98726 0.1585204 0.0137354 1.507594 0.1591038 -0.9845018 -0.07377048 -0.3493413 0 0 0 1 0.002869816 0.07289229 -0.997336 0.4004929 0.9895352 0.1436742 0.01334808 1.507593 0.1442644 -0.9869373 -0.07171699 -0.3493416 0 0 0 1 0.003906253 0.07071166 -0.9974894 0.4004929 0.9916244 0.1284986 0.01299251 1.507594 0.1290946 -0.9891855 -0.06961736 -0.3493415 0 0 0 1 0.004913533 0.06851526 -0.9976382 0.4004929 0.9934769 0.1133232 0.01267581 1.507594 0.1139241 -0.9911924 -0.06751145 -0.3493411 0 0 0 1 0.005864216 0.06634162 -0.9977801 0.4004929 0.9950567 0.09853055 0.01239943 1.507594 0.09913435 -0.9929204 -0.06543577 -0.3493418 0 0 0 1 0.006717396 0.06419019 -0.9979155 0.4004929 0.9963408 0.08459906 0.01214858 1.507594 0.08520247 -0.9943454 -0.06338692 -0.3493417 0 0 0 1 0.0074482 0.06220285 -0.998036 0.4004929 0.9973236 0.07213423 0.01193867 1.507594 0.07273516 -0.9954534 -0.06149897 -0.3493414 0 0 0 1 0.008025757 0.06056725 -0.9981322 0.4004929 0.9980087 0.06195921 0.0117845 1.507594 0.06255719 -0.9962391 -0.05994929 -0.3493413 0 0 0 1 0.008343965 0.05922007 -0.9982103 0.4004929 0.9984079 0.05518764 0.0116197 1.507594 0.05577697 -0.996718 -0.05866523 -0.349341 0 0 0 1 0.008456235 0.05875612 -0.9982369 0.4004929 0.9985388 0.05278568 0.01156576 1.507594 0.05337214 -0.996876 -0.05822378 -0.3493411 0 0 0 1</float_array>
          <technique_common>
            <accessor source="#CatArmature_baked_idle_Bone_014_pose_matrix-output-array" count="41" stride="16">
              <param name="TRANSFORM" type="float4x4"/>
            </accessor>
          </technique_common>
        </source>
        <source id="CatArmature_baked_idle_Bone_014_pose_matrix-interpolation">
          <Name_array id="CatArmature_baked_idle_Bone_014_pose_matrix-interpolation-array" count="41">LINEAR LINEAR LINEAR LINEAR LINEAR LINEAR LINEAR LINEAR LINEAR LINEAR LINEAR LINEAR LINEAR LINEAR LINEAR LINEAR LINEAR LINEAR LINEAR LINEAR LINEAR LINEAR LINEAR LINEAR LINEAR LINEAR LINEAR LINEAR LINEAR LINEAR LINEAR LINEAR LINEAR LINEAR LINEAR LINEAR LINEAR LINEAR LINEAR LINEAR LINEAR</Name_array>
          <technique_common>
            <accessor source="#CatArmature_baked_idle_Bone_014_pose_matrix-interpolation-array" count="41" stride="1">
              <param name="INTERPOLATION" type="name"/>
            </accessor>
          </technique_common>
        </source>
        <sampler id="CatArmature_baked_idle_Bone_014_pose_matrix-sampler">
          <input semantic="INPUT" source="#CatArmature_baked_idle_Bone_014_pose_matrix-input"/>
          <input semantic="OUTPUT" source="#CatArmature_baked_idle_Bone_014_pose_matrix-output"/>
          <input semantic="INTERPOLATION" source="#CatArmature_baked_idle_Bone_014_pose_matrix-interpolation"/>
        </sampler>
        <channel source="#CatArmature_baked_idle_Bone_014_pose_matrix-sampler" target="CatArmature_Bone_014/transform"/>
      </animation>
      <animation id="CatArmature_baked_idle_Bone_015_pose_matrix" name="CatArmature">
        <source id="CatArmature_baked_idle_Bone_015_pose_matrix-input">
          <float_array id="CatArmature_baked_idle_Bone_015_pose_matrix-input-array" count="41">0 0.04166662 0.08333331 0.125 0.1666666 0.2083333 0.25 0.2916666 0.3333333 0.375 0.4166666 0.4583333 0.5 0.5416667 0.5833333 0.625 0.6666667 0.7083333 0.75 0.7916667 0.8333333 0.875 0.9166667 0.9583333 1 1.041667 1.083333 1.125 1.166667 1.208333 1.25 1.291667 1.333333 1.375 1.416667 1.458333 1.5 1.541667 1.583333 1.625 1.666667</float_array>
          <technique_common>
            <accessor source="#CatArmature_baked_idle_Bone_015_pose_matrix-input-array" count="41" stride="1">
              <param name="TIME" type="float"/>
            </accessor>
          </technique_common>
        </source>
        <source id="CatArmature_baked_idle_Bone_015_pose_matrix-output">
          <float_array id="CatArmature_baked_idle_Bone_015_pose_matrix-output-array" count="656">0.9908984 -0.1295155 -0.03668576 -1.19209e-7 0.128777 0.9914331 -0.02183643 0.914079 0.03919963 0.01691341 0.9990883 0 0 0 0 1 0.9902193 -0.1346464 -0.03655434 0 0.1338663 0.9907323 -0.02301975 0.9140788 0.03931508 0.0179012 0.9990665 -2.98023e-8 0 0 0 1 0.9881719 -0.1490296 -0.03614619 0 0.1481293 0.9886146 -0.02643749 0.914079 0.03967462 0.02077048 0.9989966 0 0 0 0 1 0.9847321 -0.1704189 -0.03549661 -2.38419e-7 0.1693721 0.9850749 -0.03068224 0.9140789 0.04019562 0.02420165 0.998899 -2.98023e-8 0 0 0 1 0.9799423 -0.1962586 -0.03458294 2.38419e-7 0.1950346 0.9801426 -0.03581883 0.914079 0.04092595 0.02835552 0.9987599 -2.98023e-8 0 0 0 1 0.9738626 -0.2246666 -0.03342343 2.38419e-7 0.2232516 0.9738831 -0.04136732 0.914079 0.04184438 0.03282426 0.9985848 2.98023e-8 0 0 0 1 0.9665977 -0.2542856 -0.03205097 0 0.2526786 0.9664098 -0.04696911 0.914079 0.04291793 0.03730164 0.998382 2.98023e-8 0 0 0 1 0.9583142 -0.2840863 -0.03048399 -1.19209e-7 0.2822867 0.9578878 -0.05259428 0.914079 0.04414154 0.04179664 0.9981509 0 0 0 0 1 0.9492202 -0.3132957 -0.02875732 0 0.3113066 0.9485298 -0.05813473 0.9140789 0.04549054 0.04623034 0.9978942 2.98023e-8 0 0 0 1 0.9395698 -0.3412991 -0.02691641 0 0.3391269 0.9385968 -0.06348381 0.914079 0.0469306 0.05051938 0.99762 2.98023e-8 0 0 0 1 0.9296504 -0.3675928 -0.02501488 1.19209e-7 0.3652472 0.9283841 -0.06854505 0.9140788 0.04842005 0.05458635 0.9973343 -5.96046e-8 0 0 0 1 0.9197631 -0.3917931 -0.02310971 0 0.3892872 0.9182001 -0.07324049 0.914079 0.04991445 0.05836757 0.9970469 0 0 0 0 1 0.9102062 -0.4136087 -0.02125883 -1.19209e-7 0.4109566 0.9083542 -0.07750735 0.914079 0.05136824 0.06181125 0.9967651 0 0 0 0 1 0.9012578 -0.4328437 -0.01951713 0 0.4300618 0.8991317 -0.08129885 0.914079 0.05273814 0.06487767 0.9964987 0 0 0 0 1 0.8931512 -0.4493991 -0.01793209 0 0.4465047 0.8907744 -0.08458611 0.9140791 0.05398634 0.06754143 0.9962549 0 0 0 0 1 0.886077 -0.4632431 -0.01654319 1.19209e-7 0.4602541 0.8834799 -0.08735323 0.914079 0.05508132 0.06978763 0.9960403 8.9407e-8 0 0 0 1 0.8801808 -0.4743891 -0.01538145 1.19209e-7 0.4713233 0.8773983 -0.08959398 0.9140789 0.05599802 0.07160928 0.9958597 2.98023e-8 0 0 0 1 0.8755525 -0.482907 -0.01446675 -1.19209e-7 0.4797825 0.8726232 -0.09131442 0.914079 0.05672038 0.07300967 0.9957173 2.98023e-8 0 0 0 1 0.8722395 -0.4888838 -0.01381068 0 0.4857175 0.8692054 -0.09252614 0.9140791 0.05723877 0.07399686 0.9956151 -2.98023e-8 0 0 0 1 0.8702599 -0.4924094 -0.01341807 0 0.4892187 0.8671627 -0.09324252 0.914079 0.0575491 0.07458091 0.9955531 0 0 0 0 1 0.8696053 -0.4935682 -0.01328811 1.19209e-7 0.4903695 0.866487 -0.09347826 0.914079 0.05765185 0.07477314 0.9955327 -2.98023e-8 0 0 0 1 0.87026 -0.4924094 -0.01341807 0 0.4892187 0.8671628 -0.09324252 0.9140789 0.05754911 0.07458092 0.9955531 -2.98023e-8 0 0 0 1 0.8722395 -0.4888837 -0.01381068 -1.19209e-7 0.4857175 0.8692054 -0.09252612 0.914079 0.05723877 0.07399685 0.995615 -2.98023e-8 0 0 0 1 0.8755525 -0.482907 -0.01446675 1.19209e-7 0.4797825 0.8726231 -0.09131443 0.9140789 0.05672039 0.07300965 0.9957172 2.98023e-8 0 0 0 1 0.8801808 -0.4743888 -0.01538147 1.19209e-7 0.4713231 0.8773982 -0.08959393 0.9140788 0.055998 0.07160924 0.9958596 -2.98023e-8 0 0 0 1 0.886077 -0.4632431 -0.01654319 -1.19209e-7 0.4602541 0.8834799 -0.08735323 0.9140788 0.05508131 0.06978763 0.9960403 2.98023e-8 0 0 0 1 0.8931512 -0.4493991 -0.01793209 1.19209e-7 0.4465047 0.8907745 -0.08458609 0.914079 0.05398635 0.06754142 0.9962549 2.98023e-8 0 0 0 1 0.9012578 -0.4328437 -0.01951713 1.19209e-7 0.4300618 0.8991317 -0.08129885 0.9140791 0.05273814 0.06487767 0.9964987 2.98023e-8 0 0 0 1 0.9102063 -0.4136086 -0.02125883 -1.19209e-7 0.4109565 0.9083542 -0.07750734 0.9140789 0.05136824 0.06181124 0.9967651 2.98023e-8 0 0 0 1 0.9197631 -0.3917931 -0.02310971 0 0.3892871 0.9182001 -0.0732405 0.9140788 0.04991445 0.05836757 0.9970468 0 0 0 0 1 0.9296504 -0.3675927 -0.02501488 1.19209e-7 0.3652471 0.928384 -0.06854506 0.9140789 0.04842005 0.05458634 0.9973344 0 0 0 0 1 0.9395698 -0.3412991 -0.02691641 0 0.3391269 0.9385967 -0.06348382 0.914079 0.0469306 0.05051939 0.99762 0 0 0 0 1 0.9492202 -0.3132957 -0.02875732 -2.38419e-7 0.3113066 0.9485298 -0.05813473 0.9140788 0.04549055 0.04623035 0.9978942 0 0 0 0 1 0.9583139 -0.2840863 -0.03048399 -1.19209e-7 0.2822867 0.9578878 -0.0525943 0.9140791 0.04414153 0.04179665 0.9981509 -2.98023e-8 0 0 0 1 0.9665978 -0.2542856 -0.03205097 -1.19209e-7 0.2526786 0.9664099 -0.04696913 0.914079 0.04291793 0.03730166 0.9983821 2.98023e-8 0 0 0 1 0.9738626 -0.2246666 -0.03342344 1.19209e-7 0.2232516 0.9738831 -0.04136733 0.914079 0.04184438 0.03282427 0.9985848 2.98023e-8 0 0 0 1 0.9799423 -0.1962586 -0.03458294 0 0.1950346 0.9801426 -0.03581883 0.914079 0.04092595 0.02835553 0.9987599 -2.98023e-8 0 0 0 1 0.984732 -0.1704189 -0.0354966 0 0.1693721 0.9850748 -0.03068224 0.914079 0.04019561 0.02420166 0.9988989 -2.98023e-8 0 0 0 1 0.9881719 -0.1490296 -0.03614619 0 0.1481293 0.9886146 -0.0264375 0.914079 0.03967462 0.02077049 0.9989966 -2.98023e-8 0 0 0 1 0.9902193 -0.1346465 -0.03655434 0 0.1338664 0.9907323 -0.02301975 0.9140788 0.03931508 0.0179012 0.9990665 -2.98023e-8 0 0 0 1 0.9908984 -0.1295155 -0.03668576 -1.19209e-7 0.128777 0.9914331 -0.02183643 0.914079 0.03919963 0.01691341 0.9990883 0 0 0 0 1</float_array>
          <technique_common>
            <accessor source="#CatArmature_baked_idle_Bone_015_pose_matrix-output-array" count="41" stride="16">
              <param name="TRANSFORM" type="float4x4"/>
            </accessor>
          </technique_common>
        </source>
        <source id="CatArmature_baked_idle_Bone_015_pose_matrix-interpolation">
          <Name_array id="CatArmature_baked_idle_Bone_015_pose_matrix-interpolation-array" count="41">LINEAR LINEAR LINEAR LINEAR LINEAR LINEAR LINEAR LINEAR LINEAR LINEAR LINEAR LINEAR LINEAR LINEAR LINEAR LINEAR LINEAR LINEAR LINEAR LINEAR LINEAR LINEAR LINEAR LINEAR LINEAR LINEAR LINEAR LINEAR LINEAR LINEAR LINEAR LINEAR LINEAR LINEAR LINEAR LINEAR LINEAR LINEAR LINEAR LINEAR LINEAR</Name_array>
          <technique_common>
            <accessor source="#CatArmature_baked_idle_Bone_015_pose_matrix-interpolation-array" count="41" stride="1">
              <param name="INTERPOLATION" type="name"/>
            </accessor>
          </technique_common>
        </source>
        <sampler id="CatArmature_baked_idle_Bone_015_pose_matrix-sampler">
          <input semantic="INPUT" source="#CatArmature_baked_idle_Bone_015_pose_matrix-input"/>
          <input semantic="OUTPUT" source="#CatArmature_baked_idle_Bone_015_pose_matrix-output"/>
          <input semantic="INTERPOLATION" source="#CatArmature_baked_idle_Bone_015_pose_matrix-interpolation"/>
        </sampler>
        <channel source="#CatArmature_baked_idle_Bone_015_pose_matrix-sampler" target="CatArmature_Bone_015/transform"/>
      </animation>
      <animation id="CatArmature_baked_idle_Bone_017_pose_matrix" name="CatArmature">
        <source id="CatArmature_baked_idle_Bone_017_pose_matrix-input">
          <float_array id="CatArmature_baked_idle_Bone_017_pose_matrix-input-array" count="41">0 0.04166662 0.08333331 0.125 0.1666666 0.2083333 0.25 0.2916666 0.3333333 0.375 0.4166666 0.4583333 0.5 0.5416667 0.5833333 0.625 0.6666667 0.7083333 0.75 0.7916667 0.8333333 0.875 0.9166667 0.9583333 1 1.041667 1.083333 1.125 1.166667 1.208333 1.25 1.291667 1.333333 1.375 1.416667 1.458333 1.5 1.541667 1.583333 1.625 1.666667</float_array>
          <technique_common>
            <accessor source="#CatArmature_baked_idle_Bone_017_pose_matrix-input-array" count="41" stride="1">
              <param name="TIME" type="float"/>
            </accessor>
          </technique_common>
        </source>
        <source id="CatArmature_baked_idle_Bone_017_pose_matrix-output">
          <float_array id="CatArmature_baked_idle_Bone_017_pose_matrix-output-array" count="656">0.01580468 -0.05483728 -0.9983706 -0.3952266 0.9979675 0.06251165 0.01236475 1.507594 0.06173166 -0.9965373 0.05571388 -0.3493411 0 0 0 1 0.01590525 -0.05529161 -0.9983439 -0.3952266 0.9978219 0.0648021 0.01230799 1.507593 0.06401418 -0.9963654 0.05620198 -0.3493411 0 0 0 1 0.01619598 -0.05659452 -0.9982661 -0.3952266 0.9973808 0.07130275 0.01213927 1.507594 0.07049204 -0.9958482 0.05760119 -0.3493413 0 0 0 1 0.01672226 -0.05822263 -0.9981639 -0.3952266 0.99663 0.08114925 0.01196317 1.507594 0.08030361 -0.9950008 0.0593835 -0.3493413 0 0 0 1 0.0173882 -0.06024468 -0.9980323 -0.3952266 0.9955688 0.09330305 0.01171319 1.507594 0.09241373 -0.9938142 0.06160014 -0.3493415 0 0 0 1 0.01817457 -0.06243974 -0.9978835 -0.3952266 0.9941968 0.1069675 0.01141426 1.507594 0.1060282 -0.9923009 0.06402156 -0.3493416 0 0 0 1 0.0190532 -0.06469732 -0.9977232 -0.3952265 0.9925249 0.1215356 0.01107298 1.507594 0.1205424 -0.9904768 0.06652943 -0.3493414 0 0 0 1 0.019989 -0.06699208 -0.9975535 -0.3952266 0.9905792 0.1365235 0.01068084 1.507594 0.1354738 -0.9883696 0.06909001 -0.3493412 0 0 0 1 0.02095664 -0.06927781 -0.9973775 -0.3952266 0.9883977 0.1515427 0.01024182 1.507594 0.1504356 -0.9860208 0.0716499 -0.3493415 0 0 0 1 0.02193316 -0.07150895 -0.997199 -0.3952266 0.986034 0.1662579 0.009765268 1.507594 0.1650938 -0.9834864 0.0741569 -0.3493411 0 0 0 1 0.02289611 -0.07364339 -0.997022 -0.3952266 0.9835551 0.1803698 0.009264144 1.507594 0.1791503 -0.9808387 0.07656218 -0.349341 0 0 0 1 0.02382428 -0.07564501 -0.9968505 -0.3952265 0.9810372 0.1936223 0.008753535 1.507594 0.1923501 -0.9781564 0.07882352 -0.3493415 0 0 0 1 0.02469751 -0.07748284 -0.9966881 -0.3952266 0.9785598 0.2057971 0.008249602 1.507594 0.204476 -0.9755233 0.08090433 -0.3493415 0 0 0 1 0.02549794 -0.07913194 -0.9965384 -0.3952266 0.9762027 0.2167204 0.007768569 1.507594 0.2153553 -0.9730219 0.08277483 -0.3493413 0 0 0 1 0.02621092 -0.08057436 -0.9964043 -0.3952266 0.9740372 0.226269 0.007325295 1.507594 0.2248649 -0.9707273 0.08441324 -0.3493415 0 0 0 1 0.02682509 -0.08179816 -0.9962881 -0.3952266 0.9721247 0.2343628 0.006932637 1.507594 0.2329256 -0.9687026 0.08580487 -0.3493412 0 0 0 1 0.02733201 -0.08279585 -0.996192 -0.3952266 0.9705139 0.2409549 0.006601183 1.507594 0.2394906 -0.966999 0.08694039 -0.3493414 0 0 0 1 0.02772714 -0.08356611 -0.9961167 -0.3952266 0.9692393 0.2460392 0.006338327 1.507594 0.2445539 -0.9656515 0.08781759 -0.3493414 0 0 0 1 0.02800857 -0.08411088 -0.996063 -0.3952266 0.9683211 0.2496322 0.006148741 1.507594 0.248132 -0.9646814 0.08843824 -0.3493412 0 0 0 1 0.02817621 -0.08443392 -0.9960309 -0.3952266 0.9677709 0.2517614 0.006034882 1.507594 0.2502525 -0.9640999 0.08880641 -0.3493415 0 0 0 1 0.02823156 -0.08454034 -0.9960202 -0.3952266 0.9675878 0.2524625 0.005997154 1.507594 0.2509505 -0.9639071 0.08892768 -0.3493415 0 0 0 1 0.02817622 -0.08443392 -0.9960309 -0.3952266 0.9677709 0.2517614 0.006034882 1.507594 0.2502524 -0.9640999 0.08880641 -0.3493415 0 0 0 1 0.02800857 -0.08411089 -0.996063 -0.3952266 0.9683211 0.2496323 0.006148737 1.507594 0.2481321 -0.9646814 0.08843825 -0.3493412 0 0 0 1 0.02772714 -0.08356613 -0.9961167 -0.3952266 0.9692393 0.2460392 0.006338325 1.507594 0.2445539 -0.9656515 0.08781761 -0.3493414 0 0 0 1 0.02733201 -0.08279587 -0.996192 -0.3952266 0.9705139 0.240955 0.006601179 1.507594 0.2394906 -0.966999 0.0869404 -0.3493414 0 0 0 1 0.02682509 -0.08179816 -0.9962881 -0.3952266 0.9721247 0.2343628 0.006932639 1.507594 0.2329256 -0.9687026 0.08580487 -0.3493412 0 0 0 1 0.02621092 -0.08057438 -0.9964043 -0.3952266 0.9740372 0.226269 0.007325292 1.507594 0.2248649 -0.9707273 0.08441325 -0.3493414 0 0 0 1 0.02549794 -0.07913193 -0.9965384 -0.3952266 0.9762027 0.2167204 0.007768571 1.507594 0.2153553 -0.9730219 0.08277482 -0.3493413 0 0 0 1 0.02469751 -0.07748283 -0.9966881 -0.3952266 0.9785598 0.2057971 0.008249604 1.507594 0.204476 -0.9755233 0.08090431 -0.3493415 0 0 0 1 0.02382428 -0.07564501 -0.9968505 -0.3952265 0.9810372 0.1936223 0.008753534 1.507594 0.1923501 -0.9781564 0.07882352 -0.3493415 0 0 0 1 0.02289611 -0.0736434 -0.997022 -0.3952265 0.9835551 0.1803698 0.009264144 1.507594 0.1791503 -0.9808387 0.07656219 -0.349341 0 0 0 1 0.02193316 -0.07150899 -0.997199 -0.3952266 0.986034 0.1662579 0.009765268 1.507594 0.1650938 -0.9834864 0.07415693 -0.3493411 0 0 0 1 0.02095664 -0.06927782 -0.9973775 -0.3952265 0.9883977 0.1515427 0.01024182 1.507594 0.1504356 -0.9860208 0.07164991 -0.3493415 0 0 0 1 0.01998901 -0.06699209 -0.9975535 -0.3952266 0.9905792 0.1365235 0.01068084 1.507594 0.1354738 -0.9883696 0.06909002 -0.3493412 0 0 0 1 0.0190532 -0.06469735 -0.9977232 -0.3952266 0.9925249 0.1215356 0.01107298 1.507594 0.1205424 -0.9904768 0.06652945 -0.3493414 0 0 0 1 0.01817458 -0.06243976 -0.9978835 -0.3952265 0.9941968 0.1069675 0.01141426 1.507594 0.1060282 -0.9923009 0.06402158 -0.3493416 0 0 0 1 0.0173882 -0.06024469 -0.9980323 -0.3952265 0.9955688 0.09330305 0.01171319 1.507594 0.09241372 -0.9938142 0.06160016 -0.3493415 0 0 0 1 0.01672227 -0.05822263 -0.9981639 -0.3952266 0.99663 0.08114925 0.01196317 1.507594 0.08030361 -0.9950008 0.0593835 -0.3493413 0 0 0 1 0.01619595 -0.05659444 -0.9982662 -0.3952266 0.9973809 0.07130215 0.01213928 1.507594 0.07049143 -0.9958483 0.0576011 -0.3493413 0 0 0 1 0.01590525 -0.05529163 -0.9983439 -0.3952266 0.9978219 0.06480209 0.01230799 1.507593 0.06401417 -0.9963654 0.056202 -0.3493411 0 0 0 1 0.01580468 -0.05483728 -0.9983706 -0.3952266 0.9979675 0.06251165 0.01236475 1.507594 0.06173166 -0.9965373 0.05571389 -0.3493411 0 0 0 1</float_array>
          <technique_common>
            <accessor source="#CatArmature_baked_idle_Bone_017_pose_matrix-output-array" count="41" stride="16">
              <param name="TRANSFORM" type="float4x4"/>
            </accessor>
          </technique_common>
        </source>
        <source id="CatArmature_baked_idle_Bone_017_pose_matrix-interpolation">
          <Name_array id="CatArmature_baked_idle_Bone_017_pose_matrix-interpolation-array" count="41">LINEAR LINEAR LINEAR LINEAR LINEAR LINEAR LINEAR LINEAR LINEAR LINEAR LINEAR LINEAR LINEAR LINEAR LINEAR LINEAR LINEAR LINEAR LINEAR LINEAR LINEAR LINEAR LINEAR LINEAR LINEAR LINEAR LINEAR LINEAR LINEAR LINEAR LINEAR LINEAR LINEAR LINEAR LINEAR LINEAR LINEAR LINEAR LINEAR LINEAR LINEAR</Name_array>
          <technique_common>
            <accessor source="#CatArmature_baked_idle_Bone_017_pose_matrix-interpolation-array" count="41" stride="1">
              <param name="INTERPOLATION" type="name"/>
            </accessor>
          </technique_common>
        </source>
        <sampler id="CatArmature_baked_idle_Bone_017_pose_matrix-sampler">
          <input semantic="INPUT" source="#CatArmature_baked_idle_Bone_017_pose_matrix-input"/>
          <input semantic="OUTPUT" source="#CatArmature_baked_idle_Bone_017_pose_matrix-output"/>
          <input semantic="INTERPOLATION" source="#CatArmature_baked_idle_Bone_017_pose_matrix-interpolation"/>
        </sampler>
        <channel source="#CatArmature_baked_idle_Bone_017_pose_matrix-sampler" target="CatArmature_Bone_017/transform"/>
      </animation>
      <animation id="CatArmature_baked_idle_Bone_018_pose_matrix" name="CatArmature">
        <source id="CatArmature_baked_idle_Bone_018_pose_matrix-input">
          <float_array id="CatArmature_baked_idle_Bone_018_pose_matrix-input-array" count="41">0 0.04166662 0.08333331 0.125 0.1666666 0.2083333 0.25 0.2916666 0.3333333 0.375 0.4166666 0.4583333 0.5 0.5416667 0.5833333 0.625 0.6666667 0.7083333 0.75 0.7916667 0.8333333 0.875 0.9166667 0.9583333 1 1.041667 1.083333 1.125 1.166667 1.208333 1.25 1.291667 1.333333 1.375 1.416667 1.458333 1.5 1.541667 1.583333 1.625 1.666667</float_array>
          <technique_common>
            <accessor source="#CatArmature_baked_idle_Bone_018_pose_matrix-input-array" count="41" stride="1">
              <param name="TIME" type="float"/>
            </accessor>
          </technique_common>
        </source>
        <source id="CatArmature_baked_idle_Bone_018_pose_matrix-output">
          <float_array id="CatArmature_baked_idle_Bone_018_pose_matrix-output-array" count="656">0.9901348 -0.135352 -0.03624623 1.19209e-7 0.1360671 0.9905355 0.01803205 0.9141538 0.03346252 -0.02278607 0.9991802 0 0 0 0 1 0.9894552 -0.1402009 -0.03635085 0 0.1409508 0.9898349 0.01894955 0.9141536 0.0333246 -0.02387341 0.9991593 -2.98023e-8 0 0 0 1 0.9874077 -0.153887 -0.03667416 -1.19209e-7 0.1547373 0.9877203 0.0215818 0.9141538 0.03290263 -0.02698488 0.9990947 -2.98023e-8 0 0 0 1 0.9839679 -0.1744276 -0.03718152 0 0.1754028 0.9841844 0.02478621 0.9141538 0.03227009 -0.03091057 0.999001 -2.98023e-8 0 0 0 1 0.9791777 -0.199437 -0.03789966 0 0.2005665 0.9792581 0.02876056 0.9141539 0.03137764 -0.03576311 0.9988674 0 0 0 0 1 0.9730971 -0.2271054 -0.03880795 1.19209e-7 0.228402 0.973006 0.03304 0.9141538 0.03025682 -0.04101493 0.9987003 0 0 0 0 1 0.9658322 -0.2560798 -0.03988551 0 0.2575473 0.9655411 0.03740127 0.9141536 0.0289334 -0.04639575 0.9985038 -5.96046e-8 0 0 0 1 0.9575499 -0.2853209 -0.04111783 -1.19209e-7 0.2869611 0.9570296 0.0418065 0.9141539 0.02742271 -0.05183101 0.9982795 0 0 0 0 1 0.9484575 -0.3140442 -0.04247816 -1.19209e-7 0.3158557 0.947683 0.04616776 0.9141538 0.02575711 -0.05720511 0.9980299 5.96046e-8 0 0 0 1 0.9388092 -0.3416249 -0.04393139 0 0.3436022 0.9377623 0.05039836 0.9141539 0.02397985 -0.06240935 0.9977627 -5.96046e-8 0 0 0 1 0.928893 -0.3675506 -0.04543561 -1.19209e-7 0.3696859 0.9275615 0.0544196 0.9141538 0.02214237 -0.06734687 0.997484 2.98023e-8 0 0 0 1 0.9190089 -0.3914313 -0.04694589 0 0.3937134 0.9173909 0.05816613 0.9141536 0.0202997 -0.07193844 0.9972023 0 0 0 0 1 0.9094558 -0.4129713 -0.04841624 0 0.4153875 0.9075574 0.06158458 0.9141538 0.01850784 -0.07612 0.9969266 5.96046e-8 0 0 0 1 0.9005108 -0.431972 -0.04980272 0 0.4345077 0.8983462 0.06463367 0.9141538 0.01682014 -0.07984301 0.9966658 -2.98023e-8 0 0 0 1 0.8924093 -0.448329 -0.05106672 0 0.4509691 0.8900001 0.06728602 0.9141538 0.0152831 -0.08307616 0.9964262 0 0 0 0 1 0.8853385 -0.4620098 -0.05217616 0 0.4647379 0.8827141 0.06952539 0.9141538 0.01393522 -0.08580173 0.9962147 0 0 0 0 1 0.8794467 -0.4730259 -0.05310545 0 0.4758252 0.8766418 0.07134339 0.9141536 0.01280719 -0.08801163 0.996037 -2.98023e-8 0 0 0 1 0.8748213 -0.4814451 -0.05383795 1.19209e-7 0.4842993 0.8718731 0.07274208 0.9141537 0.01191855 -0.08971006 0.995896 -2.98023e-8 0 0 0 1 0.8715101 -0.4873546 -0.054364 1.19209e-7 0.4902475 0.8684589 0.07372897 0.9141539 0.01128077 -0.09090734 0.9957955 -2.98023e-8 0 0 0 1 0.8695319 -0.4908406 -0.05467893 1.19209e-7 0.4937565 0.8664193 0.07431307 0.9141539 0.01089901 -0.09161568 0.9957346 0 0 0 0 1 0.8688772 -0.4919863 -0.05478318 1.19209e-7 0.4949096 0.8657439 0.07450528 0.9141538 0.01077264 -0.09184872 0.9957143 -2.98023e-8 0 0 0 1 0.8695319 -0.4908406 -0.05467893 1.19209e-7 0.4937565 0.8664193 0.07431307 0.9141539 0.010899 -0.09161568 0.9957346 -2.98023e-8 0 0 0 1 0.8715101 -0.4873545 -0.05436399 1.19209e-7 0.4902475 0.8684589 0.07372896 0.914154 0.01128076 -0.09090734 0.9957955 2.98023e-8 0 0 0 1 0.8748214 -0.481445 -0.05383795 1.19209e-7 0.4842993 0.8718731 0.07274209 0.9141538 0.01191856 -0.08971006 0.995896 0 0 0 0 1 0.8794467 -0.4730259 -0.05310546 -1.19209e-7 0.4758253 0.8766417 0.07134341 0.9141538 0.01280718 -0.08801165 0.996037 -5.96046e-8 0 0 0 1 0.8853385 -0.4620098 -0.05217617 0 0.4647378 0.8827142 0.06952539 0.9141537 0.01393523 -0.08580174 0.9962147 -2.98023e-8 0 0 0 1 0.8924093 -0.448329 -0.05106672 0 0.4509692 0.8900001 0.06728602 0.9141537 0.0152831 -0.08307616 0.9964262 5.96046e-8 0 0 0 1 0.9005108 -0.431972 -0.04980272 0 0.4345077 0.8983462 0.06463367 0.9141538 0.01682014 -0.079843 0.9966658 -2.98023e-8 0 0 0 1 0.9094559 -0.4129714 -0.04841624 1.19209e-7 0.4153875 0.9075575 0.06158458 0.9141538 0.01850785 -0.07612001 0.9969267 0 0 0 0 1 0.9190089 -0.3914312 -0.04694589 1.19209e-7 0.3937133 0.9173908 0.05816612 0.9141537 0.0202997 -0.07193842 0.9972023 0 0 0 0 1 0.928893 -0.3675506 -0.0454356 -1.19209e-7 0.3696859 0.9275615 0.05441958 0.9141538 0.02214238 -0.06734686 0.997484 0 0 0 0 1 0.9388092 -0.341625 -0.04393139 0 0.3436022 0.9377623 0.05039835 0.9141539 0.02397986 -0.06240935 0.9977627 -5.96046e-8 0 0 0 1 0.9484575 -0.3140442 -0.04247816 1.19209e-7 0.3158557 0.9476829 0.04616775 0.9141537 0.02575712 -0.05720511 0.9980299 0 0 0 0 1 0.9575499 -0.2853209 -0.04111783 -1.19209e-7 0.2869611 0.9570296 0.04180649 0.9141538 0.02742271 -0.051831 0.9982795 -2.98023e-8 0 0 0 1 0.9658321 -0.2560798 -0.03988551 0 0.2575472 0.965541 0.03740126 0.9141536 0.0289334 -0.04639573 0.9985037 -5.96046e-8 0 0 0 1 0.9730971 -0.2271054 -0.03880795 1.19209e-7 0.228402 0.973006 0.03303999 0.9141537 0.03025682 -0.04101492 0.9987003 -5.96046e-8 0 0 0 1 0.9791777 -0.199437 -0.03789965 0 0.2005665 0.9792581 0.02876055 0.9141537 0.03137764 -0.0357631 0.9988673 -2.98023e-8 0 0 0 1 0.9839679 -0.1744276 -0.03718152 0 0.1754027 0.9841844 0.0247862 0.9141538 0.03227009 -0.03091056 0.999001 0 0 0 0 1 0.9874077 -0.1538856 -0.03667412 -1.19209e-7 0.1547358 0.9877201 0.02158158 0.914154 0.03290266 -0.02698461 0.9990945 0 0 0 0 1 0.9894552 -0.1402009 -0.03635085 0 0.1409508 0.9898349 0.01894954 0.9141536 0.03332461 -0.0238734 0.9991593 -5.96046e-8 0 0 0 1 0.9901348 -0.135352 -0.03624624 1.19209e-7 0.1360671 0.9905355 0.01803205 0.9141538 0.03346252 -0.02278607 0.9991802 0 0 0 0 1</float_array>
          <technique_common>
            <accessor source="#CatArmature_baked_idle_Bone_018_pose_matrix-output-array" count="41" stride="16">
              <param name="TRANSFORM" type="float4x4"/>
            </accessor>
          </technique_common>
        </source>
        <source id="CatArmature_baked_idle_Bone_018_pose_matrix-interpolation">
          <Name_array id="CatArmature_baked_idle_Bone_018_pose_matrix-interpolation-array" count="41">LINEAR LINEAR LINEAR LINEAR LINEAR LINEAR LINEAR LINEAR LINEAR LINEAR LINEAR LINEAR LINEAR LINEAR LINEAR LINEAR LINEAR LINEAR LINEAR LINEAR LINEAR LINEAR LINEAR LINEAR LINEAR LINEAR LINEAR LINEAR LINEAR LINEAR LINEAR LINEAR LINEAR LINEAR LINEAR LINEAR LINEAR LINEAR LINEAR LINEAR LINEAR</Name_array>
          <technique_common>
            <accessor source="#CatArmature_baked_idle_Bone_018_pose_matrix-interpolation-array" count="41" stride="1">
              <param name="INTERPOLATION" type="name"/>
            </accessor>
          </technique_common>
        </source>
        <sampler id="CatArmature_baked_idle_Bone_018_pose_matrix-sampler">
          <input semantic="INPUT" source="#CatArmature_baked_idle_Bone_018_pose_matrix-input"/>
          <input semantic="OUTPUT" source="#CatArmature_baked_idle_Bone_018_pose_matrix-output"/>
          <input semantic="INTERPOLATION" source="#CatArmature_baked_idle_Bone_018_pose_matrix-interpolation"/>
        </sampler>
        <channel source="#CatArmature_baked_idle_Bone_018_pose_matrix-sampler" target="CatArmature_Bone_018/transform"/>
      </animation>
      <animation id="CatArmature_baked_idle_Bone_005_pose_matrix" name="CatArmature">
        <source id="CatArmature_baked_idle_Bone_005_pose_matrix-input">
          <float_array id="CatArmature_baked_idle_Bone_005_pose_matrix-input-array" count="41">0 0.04166662 0.08333331 0.125 0.1666666 0.2083333 0.25 0.2916666 0.3333333 0.375 0.4166666 0.4583333 0.5 0.5416667 0.5833333 0.625 0.6666667 0.7083333 0.75 0.7916667 0.8333333 0.875 0.9166667 0.9583333 1 1.041667 1.083333 1.125 1.166667 1.208333 1.25 1.291667 1.333333 1.375 1.416667 1.458333 1.5 1.541667 1.583333 1.625 1.666667</float_array>
          <technique_common>
            <accessor source="#CatArmature_baked_idle_Bone_005_pose_matrix-input-array" count="41" stride="1">
              <param name="TIME" type="float"/>
            </accessor>
          </technique_common>
        </source>
        <source id="CatArmature_baked_idle_Bone_005_pose_matrix-output">
          <float_array id="CatArmature_baked_idle_Bone_005_pose_matrix-output-array" count="656">0.9999999 -3.42992e-7 1.44628e-6 -4.65661e-10 5.76555e-7 0.9863383 -0.1647315 0.4962884 -1.37002e-6 0.1647314 0.9863383 1.19209e-7 0 0 0 1 0.9999999 -3.42285e-7 1.44645e-6 -4.65661e-10 5.76555e-7 0.9862576 -0.1652138 0.4962889 -1.37002e-6 0.1652138 0.9862576 1.19209e-7 0 0 0 1 0.9999999 -3.40146e-7 1.44696e-6 -4.65661e-10 5.76555e-7 0.9860123 -0.1666716 0.4962889 -1.37002e-6 0.1666716 0.9860123 1.19209e-7 0 0 0 1 0.9999999 -3.36586e-7 1.44779e-6 -4.65661e-10 5.76555e-7 0.9855993 -0.1690966 0.4962887 -1.37002e-6 0.1690966 0.9855993 3.57628e-7 0 0 0 1 0.9999999 -3.31675e-7 1.44892e-6 -4.65661e-10 5.76555e-7 0.9850202 -0.172437 0.4962889 -1.37002e-6 0.1724371 0.9850203 1.19209e-7 0 0 0 1 0.9999999 -3.25567e-7 1.45031e-6 -4.65661e-10 5.76555e-7 0.984285 -0.1765862 0.4962887 -1.37002e-6 0.1765861 0.9842851 1.19209e-7 0 0 0 1 0.9999999 -3.18505e-7 1.45187e-6 -4.65661e-10 5.76555e-7 0.9834139 -0.1813745 0.4962888 -1.37002e-6 0.1813745 0.983414 1.19209e-7 0 0 0 1 0.9999999 -3.10822e-7 1.45354e-6 -4.65661e-10 5.76555e-7 0.9824409 -0.1865731 0.4962885 -1.37002e-6 0.1865731 0.9824409 1.19209e-7 0 0 0 1 0.9999999 -3.02917e-7 1.4552e-6 -4.65661e-10 5.76555e-7 0.9814122 -0.1919101 0.4962887 -1.37002e-6 0.1919101 0.9814124 1.19209e-7 0 0 0 1 0.9999999 -2.95216e-7 1.45679e-6 -4.65661e-10 5.76555e-7 0.9803835 -0.197098 0.4962888 -1.37002e-6 0.1970981 0.9803836 1.19209e-7 0 0 0 1 0.9999999 -2.88122e-7 1.45821e-6 0 5.76555e-7 0.9794127 -0.2018672 0.4962888 -1.37002e-6 0.2018672 0.9794127 1.19209e-7 0 0 0 1 0.9999999 -2.81975e-7 1.45941e-6 0 5.76555e-7 0.9785533 -0.2059924 0.4962885 -1.37002e-6 0.2059924 0.9785533 1.19209e-7 0 0 0 1 0.9999999 -2.77026e-7 1.46035e-6 -4.65661e-10 5.76555e-7 0.9778494 -0.2093089 0.4962887 -1.37002e-6 0.2093089 0.9778495 1.19209e-7 0 0 0 1 0.9999999 -2.73432e-7 1.46103e-6 -4.65661e-10 5.76555e-7 0.9773315 -0.2117139 0.4962887 -1.37002e-6 0.2117139 0.9773316 1.19209e-7 0 0 0 1 0.9999999 -2.71272e-7 1.46143e-6 0 5.76555e-7 0.9770173 -0.2131588 0.4962884 -1.37002e-6 0.2131589 0.9770173 2.38419e-7 0 0 0 1 0.9999999 -3.0646e-7 1.45654e-6 -4.65661e-10 6.10556e-7 0.9769128 -0.213637 0.4962889 -1.35744e-6 0.213637 0.9769129 2.38419e-7 0 0 0 1 0.9999999 -3.08092e-7 1.45621e-6 0 6.10564e-7 0.9771512 -0.2125446 0.4962887 -1.35746e-6 0.2125446 0.9771513 2.38419e-7 0 0 0 1 0.9999999 -3.13024e-7 1.45522e-6 -4.65661e-10 6.10586e-7 0.9778641 -0.2092399 0.4962889 -1.35752e-6 0.2092399 0.9778642 2.38419e-7 0 0 0 1 0.9999999 -3.21207e-7 1.45354e-6 -4.65661e-10 6.10624e-7 0.9790235 -0.2037466 0.4962887 -1.35761e-6 0.2037466 0.9790235 2.38419e-7 0 0 0 1 0.9999999 -3.32413e-7 1.45117e-6 -4.65661e-10 6.10674e-7 0.9805632 -0.1962019 0.4962889 -1.35774e-6 0.1962019 0.9805632 1.19209e-7 0 0 0 1 0.9999999 -3.46194e-7 1.44812e-6 -4.65661e-10 6.10734e-7 0.9823804 -0.1868911 0.4962889 -1.3579e-6 0.1868911 0.9823804 2.38419e-7 0 0 0 1 0.9999999 -3.61854e-7 1.44448e-6 -4.65661e-10 6.10801e-7 0.9843426 -0.176265 0.4962889 -1.35809e-6 0.176265 0.9843426 1.19209e-7 0 0 0 1 0.9999999 -3.78491e-7 1.44043e-6 -4.65661e-10 6.1087e-7 0.9863061 -0.1649239 0.4962887 -1.35828e-6 0.1649239 0.9863061 2.38419e-7 0 0 0 1 0.9999999 -3.95081e-7 1.43618e-6 -4.65661e-10 6.10936e-7 0.988139 -0.1535609 0.4962889 -1.35848e-6 0.1535609 0.988139 2.38419e-7 0 0 0 1 0.9999999 -4.1061e-7 1.43202e-6 -4.65661e-10 6.10997e-7 0.9897407 -0.1428742 0.4962887 -1.35867e-6 0.1428742 0.9897407 2.38419e-7 0 0 0 1 0.9999999 -4.24206e-7 1.42823e-6 -4.65661e-10 6.11048e-7 0.9910516 -0.1334783 0.4962889 -1.35883e-6 0.1334783 0.9910517 2.38419e-7 0 0 0 1 0.9999999 -4.35215e-7 1.42506e-6 -4.65661e-10 6.11089e-7 0.9920501 -0.1258425 0.4962884 -1.35897e-6 0.1258425 0.9920502 2.38419e-7 0 0 0 1 0.9999999 -4.43227e-7 1.4227e-6 -4.65661e-10 6.11117e-7 0.992741 -0.1202703 0.4962887 -1.35906e-6 0.1202703 0.992741 1.19209e-7 0 0 0 1 0.9999999 -4.48045e-7 1.42125e-6 0 6.11135e-7 0.993142 -0.1169129 0.4962887 -1.35912e-6 0.1169128 0.9931421 1.19209e-7 0 0 0 1 0.9999999 -4.03739e-7 1.43032e-6 0 5.66656e-7 0.9932721 -0.1158017 0.4962885 -1.37394e-6 0.1158017 0.9932721 1.19209e-7 0 0 0 1 0.9999999 -4.02446e-7 1.43069e-6 -4.65661e-10 5.66658e-7 0.9931669 -0.1167002 0.4962888 -1.37394e-6 0.1167002 0.993167 1.19209e-7 0 0 0 1 0.9999999 -3.98545e-7 1.43179e-6 -4.65661e-10 5.66663e-7 0.9928451 -0.1194092 0.4962888 -1.37396e-6 0.1194092 0.9928451 1.19209e-7 0 0 0 1 0.9999999 -3.92143e-7 1.43358e-6 -4.65661e-10 5.66672e-7 0.9923008 -0.1238489 0.4962887 -1.37398e-6 0.1238489 0.9923009 1.19209e-7 0 0 0 1 0.9999999 -3.83599e-7 1.43593e-6 -4.65661e-10 5.66683e-7 0.9915451 -0.1297609 0.4962885 -1.37401e-6 0.129761 0.9915451 1.19209e-7 0 0 0 1 0.9999999 -3.73581e-7 1.4386e-6 -4.65661e-10 5.66697e-7 0.9906157 -0.1366755 0.4962888 -1.37404e-6 0.1366755 0.9906158 1.19209e-7 0 0 0 1 0.9999999 -3.63021e-7 1.44135e-6 -4.65661e-10 5.66712e-7 0.9895858 -0.1439429 0.4962887 -1.37408e-6 0.1439429 0.9895858 1.19209e-7 0 0 0 1 0.9999999 -3.52966e-7 1.44388e-6 -4.65661e-10 5.66726e-7 0.9885575 -0.1508431 0.4962889 -1.37411e-6 0.1508431 0.9885576 1.19209e-7 0 0 0 1 0.9999999 -3.44362e-7 1.44599e-6 -4.65661e-10 5.66739e-7 0.987641 -0.156732 0.4962887 -1.37414e-6 0.156732 0.987641 3.57628e-7 0 0 0 1 0.9999999 -3.37898e-7 1.44754e-6 -4.65661e-10 5.66748e-7 0.9869301 -0.1611476 0.4962889 -1.37417e-6 0.1611476 0.9869301 1.19209e-7 0 0 0 1 0.9999999 -3.33951e-7 1.44847e-6 -4.65661e-10 5.66754e-7 0.9864868 -0.1638391 0.4962889 -1.37418e-6 0.1638391 0.9864868 1.19209e-7 0 0 0 1 0.9999999 -3.42992e-7 1.44628e-6 -4.65661e-10 5.76555e-7 0.9863383 -0.1647315 0.4962884 -1.37002e-6 0.1647314 0.9863383 1.19209e-7 0 0 0 1</float_array>
          <technique_common>
            <accessor source="#CatArmature_baked_idle_Bone_005_pose_matrix-output-array" count="41" stride="16">
              <param name="TRANSFORM" type="float4x4"/>
            </accessor>
          </technique_common>
        </source>
        <source id="CatArmature_baked_idle_Bone_005_pose_matrix-interpolation">
          <Name_array id="CatArmature_baked_idle_Bone_005_pose_matrix-interpolation-array" count="41">LINEAR LINEAR LINEAR LINEAR LINEAR LINEAR LINEAR LINEAR LINEAR LINEAR LINEAR LINEAR LINEAR LINEAR LINEAR LINEAR LINEAR LINEAR LINEAR LINEAR LINEAR LINEAR LINEAR LINEAR LINEAR LINEAR LINEAR LINEAR LINEAR LINEAR LINEAR LINEAR LINEAR LINEAR LINEAR LINEAR LINEAR LINEAR LINEAR LINEAR LINEAR</Name_array>
          <technique_common>
            <accessor source="#CatArmature_baked_idle_Bone_005_pose_matrix-interpolation-array" count="41" stride="1">
              <param name="INTERPOLATION" type="name"/>
            </accessor>
          </technique_common>
        </source>
        <sampler id="CatArmature_baked_idle_Bone_005_pose_matrix-sampler">
          <input semantic="INPUT" source="#CatArmature_baked_idle_Bone_005_pose_matrix-input"/>
          <input semantic="OUTPUT" source="#CatArmature_baked_idle_Bone_005_pose_matrix-output"/>
          <input semantic="INTERPOLATION" source="#CatArmature_baked_idle_Bone_005_pose_matrix-interpolation"/>
        </sampler>
        <channel source="#CatArmature_baked_idle_Bone_005_pose_matrix-sampler" target="CatArmature_Bone_005/transform"/>
      </animation>
      <animation id="CatArmature_baked_idle_Bone_006_pose_matrix" name="CatArmature">
        <source id="CatArmature_baked_idle_Bone_006_pose_matrix-input">
          <float_array id="CatArmature_baked_idle_Bone_006_pose_matrix-input-array" count="41">0 0.04166662 0.08333331 0.125 0.1666666 0.2083333 0.25 0.2916666 0.3333333 0.375 0.4166666 0.4583333 0.5 0.5416667 0.5833333 0.625 0.6666667 0.7083333 0.75 0.7916667 0.8333333 0.875 0.9166667 0.9583333 1 1.041667 1.083333 1.125 1.166667 1.208333 1.25 1.291667 1.333333 1.375 1.416667 1.458333 1.5 1.541667 1.583333 1.625 1.666667</float_array>
          <technique_common>
            <accessor source="#CatArmature_baked_idle_Bone_006_pose_matrix-input-array" count="41" stride="1">
              <param name="TIME" type="float"/>
            </accessor>
          </technique_common>
        </source>
        <source id="CatArmature_baked_idle_Bone_006_pose_matrix-output">
          <float_array id="CatArmature_baked_idle_Bone_006_pose_matrix-output-array" count="656">1 2.69955e-9 3.42574e-9 4.65661e-10 -2.74231e-9 0.9999213 0.01254104 0.557279 -3.3915e-9 -0.01254109 0.9999214 0 0 0 0 1 1 2.70406e-9 3.42215e-9 0 -2.74231e-9 0.9999371 0.01121417 0.5572791 -3.39168e-9 -0.01121414 0.9999372 0 0 0 0 1 0.9999999 2.71779e-9 3.41112e-9 0 -2.74231e-9 0.999974 0.007202655 0.5572786 -3.39161e-9 -0.00720267 0.999974 2.38419e-7 0 0 0 1 1 2.74055e-9 3.39308e-9 -4.65661e-10 -2.74231e-9 0.9999998 5.26443e-4 0.557279 -3.39158e-9 -5.26428e-4 0.9999999 0 0 0 0 1 0.9999999 2.77166e-9 3.36766e-9 4.65661e-10 -2.74235e-9 0.9999622 -0.008676767 0.5572789 -3.39156e-9 0.008676752 0.9999622 0 0 0 0 1 1 2.80995e-9 3.33574e-9 0 -2.7423e-9 0.9997976 -0.02011652 0.5572788 -3.39161e-9 0.02011652 0.9997976 -2.38419e-7 0 0 0 1 1 2.85379e-9 3.29822e-9 0 -2.7423e-9 0.9994445 -0.03332868 0.5572791 -3.39159e-9 0.03332868 0.9994445 0 0 0 0 1 0.9999999 2.90091e-9 3.257e-9 -4.65661e-10 -2.74233e-9 0.9988625 -0.04768187 0.5572791 -3.39157e-9 0.04768188 0.9988625 2.38419e-7 0 0 0 1 0.9999999 2.94868e-9 3.21381e-9 -4.65661e-10 -2.74235e-9 0.9980498 -0.06242231 0.557279 -3.3915e-9 0.06242232 0.9980498 0 0 0 0 1 1 2.99451e-9 3.17108e-9 -4.65661e-10 -2.74233e-9 0.9970502 -0.07675251 0.5572789 -3.39155e-9 0.0767525 0.9970502 0 0 0 0 1 1 3.03618e-9 3.13117e-9 0 -2.74228e-9 0.9959487 -0.08992342 0.5572788 -3.39163e-9 0.0899234 0.9959487 2.38419e-7 0 0 0 1 1 3.07181e-9 3.09636e-9 0 -2.74233e-9 0.9948545 -0.1013119 0.5572789 -3.39161e-9 0.1013119 0.9948546 -2.38419e-7 0 0 0 1 1 3.10017e-9 3.06782e-9 4.65661e-10 -2.74233e-9 0.9938803 -0.1104634 0.5572791 -3.39155e-9 0.1104635 0.9938802 2.38419e-7 0 0 0 1 1 3.12059e-9 3.04708e-9 4.65661e-10 -2.74235e-9 0.9931206 -0.1170963 0.5572789 -3.39143e-9 0.1170963 0.9931206 0 0 0 0 1 0.9999999 3.13279e-9 3.03458e-9 4.65661e-10 -2.74231e-9 0.9926428 -0.1210795 0.557279 -3.39155e-9 0.1210795 0.9926429 2.38419e-7 0 0 0 1 1 -9.44311e-8 -7.30951e-9 0 9.28264e-8 0.9924812 -0.1223966 0.557279 1.88126e-8 0.1223966 0.9924812 0 0 0 0 1 1 -9.4431e-8 -7.30977e-9 0 9.28264e-8 0.9924819 -0.1223915 0.5572789 1.88123e-8 0.1223916 0.9924819 0 0 0 0 1 1 -9.44311e-8 -7.31137e-9 4.65661e-10 9.2827e-8 0.9924866 -0.1223527 0.5572791 1.88104e-8 0.1223527 0.9924867 0 0 0 0 1 1 -9.44311e-8 -7.31682e-9 0 9.28286e-8 0.9925009 -0.1222367 0.5572789 1.88049e-8 0.1222367 0.992501 2.38419e-7 0 0 0 1 1 -9.44312e-8 -7.3284e-9 0 9.28319e-8 0.9925314 -0.1219894 0.557279 1.87933e-8 0.1219894 0.9925315 2.38419e-7 0 0 0 1 1 -9.44313e-8 -7.34873e-9 0 9.28379e-8 0.9925854 -0.1215478 0.557279 1.87721e-8 0.1215477 0.9925855 -2.38419e-7 0 0 0 1 1 -9.44315e-8 -7.38133e-9 4.65661e-10 9.28475e-8 0.9926713 -0.1208445 0.557279 1.87386e-8 0.1208445 0.9926714 0 0 0 0 1 0.9999999 -9.44317e-8 -7.42899e-9 0 9.28613e-8 0.9927959 -0.1198159 0.5572791 1.86898e-8 0.1198159 0.9927961 0 0 0 0 1 1 -9.4432e-8 -7.49378e-9 0 9.28803e-8 0.9929646 -0.1184107 0.5572788 1.86228e-8 0.1184107 0.9929647 0 0 0 0 1 1 -9.44322e-8 -7.57758e-9 4.65661e-10 9.29045e-8 0.9931794 -0.1165975 0.5572789 1.85365e-8 0.1165975 0.9931793 2.38419e-7 0 0 0 1 1 -9.44321e-8 -7.68069e-9 4.65661e-10 9.29341e-8 0.9934385 -0.1143678 0.5572793 1.84302e-8 0.1143678 0.9934385 0 0 0 0 1 1 -9.44318e-8 -7.80229e-9 0 9.29687e-8 0.9937381 -0.1117339 0.5572791 1.83047e-8 0.1117338 0.9937382 2.38419e-7 0 0 0 1 0.9999999 -9.44311e-8 -7.94136e-9 -4.65661e-10 9.30079e-8 0.994072 -0.1087232 0.5572793 1.81612e-8 0.1087232 0.9940719 -2.38419e-7 0 0 0 1 0.9999999 -9.44297e-8 -8.09633e-9 -9.31323e-10 9.30509e-8 0.9944327 -0.1053722 0.5572795 1.80013e-8 0.1053722 0.9944329 0 0 0 0 1 1 -1.4845e-7 -1.90672e-8 0 1.4574e-7 0.994813 -0.1017205 0.5572789 3.40687e-8 0.1017205 0.994813 2.38419e-7 0 0 0 1 1 -1.48418e-7 -1.94636e-8 0 1.45854e-7 0.9953504 -0.09631929 0.5572788 3.36688e-8 0.09631924 0.9953505 0 0 0 0 1 1 -1.4836e-7 -2.00943e-8 -4.65661e-10 1.46026e-7 0.9961464 -0.08770496 0.5572794 3.30288e-8 0.08770493 0.9961466 2.38419e-7 0 0 0 1 1 -1.4827e-7 -2.0943e-8 0 1.46247e-7 0.997101 -0.07608864 0.5572788 3.21639e-8 0.07608859 0.9971011 0 0 0 0 1 1 -1.48146e-7 -2.19675e-8 0 1.46498e-7 0.9980747 -0.06202482 0.5572791 3.11139e-8 0.06202479 0.9980746 -2.38419e-7 0 0 0 1 1 -1.47991e-7 -2.30974e-8 -4.65661e-10 1.46758e-7 0.9989198 -0.04646482 0.5572792 2.99489e-8 0.04646482 0.9989198 -2.38419e-7 0 0 0 1 1 -1.47815e-7 -2.42399e-8 4.65661e-10 1.47001e-7 0.9995289 -0.03068526 0.5572792 2.87642e-8 0.03068528 0.9995292 2.38419e-7 0 0 0 1 1 -1.47635e-7 -2.52952e-8 0 1.47209e-7 0.9998709 -0.0160657 0.5572789 2.76638e-8 0.01606569 0.9998709 2.38419e-7 0 0 0 1 1 -1.47472e-7 -2.61774e-8 -4.65661e-10 1.47371e-7 0.9999926 -0.003807142 0.5572784 2.67388e-8 0.003807157 0.9999927 0 0 0 0 1 1 -1.47344e-7 -2.68292e-8 0 1.47483e-7 0.9999861 0.005264774 0.557279 2.60531e-8 -0.005264774 0.9999861 2.38419e-7 0 0 0 1 1 -1.47264e-7 -2.7222e-8 4.65661e-10 1.47548e-7 0.9999424 0.01073931 0.5572792 2.56388e-8 -0.01073934 0.9999424 0 0 0 0 1 1 2.69955e-9 3.42574e-9 4.65661e-10 -2.74231e-9 0.9999213 0.01254104 0.557279 -3.3915e-9 -0.01254109 0.9999214 0 0 0 0 1</float_array>
          <technique_common>
            <accessor source="#CatArmature_baked_idle_Bone_006_pose_matrix-output-array" count="41" stride="16">
              <param name="TRANSFORM" type="float4x4"/>
            </accessor>
          </technique_common>
        </source>
        <source id="CatArmature_baked_idle_Bone_006_pose_matrix-interpolation">
          <Name_array id="CatArmature_baked_idle_Bone_006_pose_matrix-interpolation-array" count="41">LINEAR LINEAR LINEAR LINEAR LINEAR LINEAR LINEAR LINEAR LINEAR LINEAR LINEAR LINEAR LINEAR LINEAR LINEAR LINEAR LINEAR LINEAR LINEAR LINEAR LINEAR LINEAR LINEAR LINEAR LINEAR LINEAR LINEAR LINEAR LINEAR LINEAR LINEAR LINEAR LINEAR LINEAR LINEAR LINEAR LINEAR LINEAR LINEAR LINEAR LINEAR</Name_array>
          <technique_common>
            <accessor source="#CatArmature_baked_idle_Bone_006_pose_matrix-interpolation-array" count="41" stride="1">
              <param name="INTERPOLATION" type="name"/>
            </accessor>
          </technique_common>
        </source>
        <sampler id="CatArmature_baked_idle_Bone_006_pose_matrix-sampler">
          <input semantic="INPUT" source="#CatArmature_baked_idle_Bone_006_pose_matrix-input"/>
          <input semantic="OUTPUT" source="#CatArmature_baked_idle_Bone_006_pose_matrix-output"/>
          <input semantic="INTERPOLATION" source="#CatArmature_baked_idle_Bone_006_pose_matrix-interpolation"/>
        </sampler>
        <channel source="#CatArmature_baked_idle_Bone_006_pose_matrix-sampler" target="CatArmature_Bone_006/transform"/>
      </animation>
      <animation id="CatArmature_baked_idle_Bone_007_pose_matrix" name="CatArmature">
        <source id="CatArmature_baked_idle_Bone_007_pose_matrix-input">
          <float_array id="CatArmature_baked_idle_Bone_007_pose_matrix-input-array" count="41">0 0.04166662 0.08333331 0.125 0.1666666 0.2083333 0.25 0.2916666 0.3333333 0.375 0.4166666 0.4583333 0.5 0.5416667 0.5833333 0.625 0.6666667 0.7083333 0.75 0.7916667 0.8333333 0.875 0.9166667 0.9583333 1 1.041667 1.083333 1.125 1.166667 1.208333 1.25 1.291667 1.333333 1.375 1.416667 1.458333 1.5 1.541667 1.583333 1.625 1.666667</float_array>
          <technique_common>
            <accessor source="#CatArmature_baked_idle_Bone_007_pose_matrix-input-array" count="41" stride="1">
              <param name="TIME" type="float"/>
            </accessor>
          </technique_common>
        </source>
        <source id="CatArmature_baked_idle_Bone_007_pose_matrix-output">
          <float_array id="CatArmature_baked_idle_Bone_007_pose_matrix-output-array" count="656">1 -2.43212e-7 5.36927e-7 0 4.16133e-7 0.936431 -0.3508524 0.575026 -4.17464e-7 0.3508524 0.9364309 0 0 0 0 1 1 -2.43555e-7 5.36771e-7 4.65661e-10 4.16133e-7 0.9366552 -0.3502529 0.5750258 -4.17463e-7 0.3502529 0.936655 0 0 0 0 1 1 -2.44594e-7 5.36299e-7 0 4.16133e-7 0.9373312 -0.34844 0.5750262 -4.17463e-7 0.34844 0.9373311 2.38419e-7 0 0 0 1 0.9999999 -2.46319e-7 5.35508e-7 0 4.16133e-7 0.938448 -0.3454203 0.5750257 -4.17463e-7 0.3454203 0.9384479 -2.38419e-7 0 0 0 1 1 -2.48693e-7 5.3441e-7 4.65661e-10 4.16133e-7 0.9399717 -0.3412527 0.5750261 -4.17464e-7 0.3412527 0.9399717 -2.38419e-7 0 0 0 1 1 -2.51636e-7 5.33031e-7 0 4.16133e-7 0.9418394 -0.3360631 0.5750258 -4.17464e-7 0.3360631 0.9418393 0 0 0 0 1 0.9999999 -2.55027e-7 5.31417e-7 -4.65661e-10 4.16133e-7 0.9439611 -0.3300563 0.5750258 -4.17463e-7 0.3300563 0.9439611 2.38419e-7 0 0 0 1 1 -2.587e-7 5.29638e-7 0 4.16133e-7 0.9462236 -0.3235133 0.5750259 -4.17463e-7 0.3235133 0.9462236 -2.38419e-7 0 0 0 1 1 -2.62462e-7 5.27784e-7 0 4.16133e-7 0.9485013 -0.3167731 0.5750257 -4.17463e-7 0.3167732 0.9485012 0 0 0 0 1 1 -2.66109e-7 5.25955e-7 0 4.16133e-7 0.9506717 -0.3101991 0.5750262 -4.17463e-7 0.3101991 0.9506717 0 0 0 0 1 1 -2.69454e-7 5.24249e-7 4.65661e-10 4.16133e-7 0.9526284 -0.3041364 0.5750262 -4.17463e-7 0.3041364 0.9526284 0 0 0 0 1 1 -2.72342e-7 5.22755e-7 -4.65661e-10 4.16133e-7 0.9542915 -0.2988777 0.5750263 -4.17464e-7 0.2988777 0.9542913 0 0 0 0 1 0.9999999 -2.74659e-7 5.21541e-7 -4.65661e-10 4.16133e-7 0.9556081 -0.2946401 0.5750263 -4.17464e-7 0.2946401 0.9556081 0 0 0 0 1 0.9999999 -2.76336e-7 5.20654e-7 -4.65661e-10 4.16133e-7 0.9565519 -0.291562 0.5750257 -4.17463e-7 0.291562 0.9565519 0 0 0 0 1 1 -2.77343e-7 5.20118e-7 0 4.16133e-7 0.9571143 -0.2897107 0.5750261 -4.17463e-7 0.2897107 0.9571143 0 0 0 0 1 0.9999999 -1.95769e-7 5.29395e-7 0 3.40457e-7 0.9572994 -0.289098 0.575026 -4.50193e-7 0.289098 0.9572994 0 0 0 0 1 0.9999998 3.86898e-4 -2.05773e-4 0 -4.29924e-4 0.9571033 -0.289747 0.5750262 8.48438e-5 0.2897471 0.9571033 -2.38419e-7 0 0 0 1 0.9999985 0.001555972 -8.30902e-4 4.65661e-10 -0.00173068 0.9565053 -0.2917103 0.5750261 3.40869e-4 0.2917113 0.9565064 0 0 0 0 1 0.9999921 0.00349437 -0.001874243 0 -0.003891744 0.9554979 -0.2949726 0.5750262 7.60092e-4 0.2949776 0.9555038 0 0 0 0 1 0.9999756 0.006146885 -0.003315893 4.65661e-10 -0.006857777 0.9540877 -0.2994491 0.5750261 0.001322973 0.2994646 0.9541066 0 0 0 0 1 0.9999427 0.00940505 -0.00510902 0 -0.01051516 0.952305 -0.3049669 0.5750259 0.001997115 0.3050032 0.9523492 -2.38419e-7 0 0 0 1 0.9998883 0.01310322 -0.00717456 -4.65661e-10 -0.01468561 0.9502121 -0.3112576 0.5750262 0.002738877 0.3113283 0.9502983 0 0 0 0 1 0.9998108 0.0170267 -0.009401813 0 -0.01913286 0.9479076 -0.3179704 0.5750263 0.003498062 0.3180901 0.9480541 -2.38419e-7 0 0 0 1 0.9997128 0.02093372 -0.01165734 4.65661e-10 -0.02358526 0.9455207 -0.3247066 0.575026 0.004224936 0.3248883 0.9457428 0 0 0 0 1 0.9996023 0.02458632 -0.01380108 -4.65661e-10 -0.02776993 0.9431969 -0.3310714 0.575026 0.004877311 0.331323 0.9435048 0 0 0 0 1 0.9994906 0.02778004 -0.01570467 0 -0.03144734 0.9410788 -0.3367226 0.575026 0.005425157 0.337045 0.9414729 0 0 0 0 1 0.9993896 0.03036276 -0.01726567 0 -0.03443488 0.9392861 -0.3414027 0.5750257 0.005851471 0.3417889 0.9397584 0 0 0 0 1 0.9993104 0.0322393 -0.01841432 0 -0.0366147 0.9379073 -0.3449483 0.5750257 0.006150033 0.3453847 0.938441 0 0 0 0 1 0.9992604 0.03336491 -0.01911285 0 -0.03792828 0.9369946 -0.3472788 0.5750255 0.006321712 0.3477469 0.9375672 -2.38419e-7 0 0 0 1 0.9992435 0.03373304 -0.01935023 4.65661e-10 -0.03836353 0.9365687 -0.3483779 0.575026 0.006370973 0.3488567 0.9371543 -2.38419e-7 0 0 0 1 0.9992708 0.03311042 -0.01900404 0 -0.03766238 0.9364182 -0.3488585 0.5750258 0.006244878 0.3493199 0.9369826 2.38419e-7 0 0 0 1 0.9993507 0.03124501 -0.01794256 0 -0.03554635 0.9363315 -0.3493136 0.5750258 0.005885881 0.3497245 0.9368341 0 0 0 0 1 0.9994714 0.0281906 -0.01619567 -4.65661e-10 -0.03207597 0.9363015 -0.3497296 0.5750255 0.005304938 0.3500643 0.9367106 0 0 0 0 1 0.9996129 0.02412287 -0.01386365 4.65661e-10 -0.02745073 0.9363136 -0.3500902 0.5750259 0.004535552 0.3503352 0.9366133 2.38419e-7 0 0 0 1 0.9997507 0.01936248 -0.0111308 4.65661e-10 -0.02203554 0.9363484 -0.3503807 0.5750259 0.003638067 0.3505386 0.9365414 -2.38419e-7 0 0 0 1 0.9998629 0.01435476 -0.00825354 -4.65661e-10 -0.01633747 0.9363853 -0.350593 0.5750259 0.002695817 0.3506797 0.9364915 0 0 0 0 1 0.9999387 0.009595188 -0.005517487 4.65661e-10 -0.01092088 0.9364128 -0.3507304 0.5750262 0.001801321 0.3507692 0.9364601 0 0 0 0 1 0.9999796 0.005529277 -0.003179534 -4.65661e-10 -0.006293294 0.9364266 -0.3508067 0.5750262 0.001037693 0.3508196 0.9364424 0 0 0 0 1 0.9999958 0.002477968 -0.001424749 4.65661e-10 -0.002820317 0.9364308 -0.3508407 0.575026 4.64807e-4 0.3508433 0.936434 0 0 0 0 1 0.9999998 6.16943e-4 -3.54428e-4 -4.65661e-10 -7.02077e-4 0.9364311 -0.3508512 0.5750261 1.15442e-4 0.3508513 0.9364312 2.38419e-7 0 0 0 1 1 -2.43212e-7 5.36927e-7 0 4.16133e-7 0.936431 -0.3508524 0.575026 -4.17464e-7 0.3508524 0.9364309 0 0 0 0 1</float_array>
          <technique_common>
            <accessor source="#CatArmature_baked_idle_Bone_007_pose_matrix-output-array" count="41" stride="16">
              <param name="TRANSFORM" type="float4x4"/>
            </accessor>
          </technique_common>
        </source>
        <source id="CatArmature_baked_idle_Bone_007_pose_matrix-interpolation">
          <Name_array id="CatArmature_baked_idle_Bone_007_pose_matrix-interpolation-array" count="41">LINEAR LINEAR LINEAR LINEAR LINEAR LINEAR LINEAR LINEAR LINEAR LINEAR LINEAR LINEAR LINEAR LINEAR LINEAR LINEAR LINEAR LINEAR LINEAR LINEAR LINEAR LINEAR LINEAR LINEAR LINEAR LINEAR LINEAR LINEAR LINEAR LINEAR LINEAR LINEAR LINEAR LINEAR LINEAR LINEAR LINEAR LINEAR LINEAR LINEAR LINEAR</Name_array>
          <technique_common>
            <accessor source="#CatArmature_baked_idle_Bone_007_pose_matrix-interpolation-array" count="41" stride="1">
              <param name="INTERPOLATION" type="name"/>
            </accessor>
          </technique_common>
        </source>
        <sampler id="CatArmature_baked_idle_Bone_007_pose_matrix-sampler">
          <input semantic="INPUT" source="#CatArmature_baked_idle_Bone_007_pose_matrix-input"/>
          <input semantic="OUTPUT" source="#CatArmature_baked_idle_Bone_007_pose_matrix-output"/>
          <input semantic="INTERPOLATION" source="#CatArmature_baked_idle_Bone_007_pose_matrix-interpolation"/>
        </sampler>
        <channel source="#CatArmature_baked_idle_Bone_007_pose_matrix-sampler" target="CatArmature_Bone_007/transform"/>
      </animation>
      <animation id="CatArmature_baked_idle_Bone_008_pose_matrix" name="CatArmature">
        <source id="CatArmature_baked_idle_Bone_008_pose_matrix-input">
          <float_array id="CatArmature_baked_idle_Bone_008_pose_matrix-input-array" count="41">0 0.04166662 0.08333331 0.125 0.1666666 0.2083333 0.25 0.2916666 0.3333333 0.375 0.4166666 0.4583333 0.5 0.5416667 0.5833333 0.625 0.6666667 0.7083333 0.75 0.7916667 0.8333333 0.875 0.9166667 0.9583333 1 1.041667 1.083333 1.125 1.166667 1.208333 1.25 1.291667 1.333333 1.375 1.416667 1.458333 1.5 1.541667 1.583333 1.625 1.666667</float_array>
          <technique_common>
            <accessor source="#CatArmature_baked_idle_Bone_008_pose_matrix-input-array" count="41" stride="1">
              <param name="TIME" type="float"/>
            </accessor>
          </technique_common>
        </source>
        <source id="CatArmature_baked_idle_Bone_008_pose_matrix-output">
          <float_array id="CatArmature_baked_idle_Bone_008_pose_matrix-output-array" count="656">-0.1137283 0.9934972 -0.005437344 0.4929003 1.93661e-4 -0.005450696 -0.999985 0.09717202 -0.993512 -0.1137277 4.27503e-4 -0.5270713 0 0 0 1 -0.1139563 0.9934721 -0.005232885 0.4929005 1.97697e-4 -0.005244508 -0.9999862 0.09717202 -0.993486 -0.1139557 4.01241e-4 -0.5270713 0 0 0 1 -0.1146412 0.9933964 -0.004618749 0.4929003 2.09598e-4 -0.004625246 -0.9999891 0.09717178 -0.9934071 -0.1146409 3.22031e-4 -0.5270712 0 0 0 1 -0.1157784 0.9932687 -0.003599346 0.4929005 2.28532e-4 -0.003597081 -0.9999934 0.09717214 -0.9932752 -0.1157785 1.89472e-4 -0.5270712 0 0 0 1 -0.1173473 0.9930884 -0.002193868 0.4929003 2.52973e-4 -0.002179235 -0.9999976 0.09717202 -0.9930911 -0.1173475 4.50408e-6 -0.5270712 0 0 0 1 -0.1193121 0.9928569 -4.35114e-4 0.4929003 2.80842e-4 -4.04507e-4 -0.9999999 0.09717214 -0.9928569 -0.1193122 -2.30571e-4 -0.5270713 0 0 0 1 -0.121622 0.9925752 0.001630351 0.4929004 3.09711e-4 0.001680449 -0.9999984 0.0971719 -0.9925766 -0.1216213 -5.11793e-4 -0.5270713 0 0 0 1 -0.1242108 0.9922482 0.00394243 0.4929004 3.37066e-4 0.004015386 -0.9999918 0.09717214 -0.992256 -0.1242085 -8.33202e-4 -0.5270712 0 0 0 1 -0.1270012 0.9918818 0.006431058 0.4929001 3.60636e-4 0.006529748 -0.9999784 0.09717202 -0.9919026 -0.1269962 -0.00118699 -0.5270712 0 0 0 1 -0.1299259 0.991483 0.008999556 0.4929004 3.71221e-4 0.009125099 -0.9999583 0.09717214 -0.9915239 -0.1299172 -0.001553651 -0.5270712 0 0 0 1 -0.1328818 0.9910643 0.01157969 0.4929003 3.72838e-4 0.01173328 -0.999931 0.09717214 -0.991132 -0.1328683 -0.001928642 -0.5270712 0 0 0 1 -0.1357738 0.9906397 0.01410119 0.4929 3.68223e-4 0.01428346 -0.999898 0.09717202 -0.9907399 -0.1357547 -0.002304097 -0.5270712 0 0 0 1 -0.1385218 0.9902222 0.01649465 0.4929 3.58187e-4 0.01670527 -0.9998603 0.09717226 -0.9903595 -0.1384965 -0.002668726 -0.5270712 0 0 0 1 -0.1410547 0.9898254 0.01869847 0.4929 3.44075e-4 0.01893625 -0.9998206 0.0971719 -0.9900018 -0.141023 -0.003011623 -0.5270713 0 0 0 1 -0.1433166 0.9894612 0.02066469 0.4929005 3.27557e-4 0.02092764 -0.999781 0.0971719 -0.9896769 -0.1432785 -0.003323382 -0.5270712 0 0 0 1 -0.1452667 0.98914 0.02235843 0.4929006 3.1035e-4 0.02264373 -0.9997435 0.09717214 -0.9893926 -0.1452226 -0.003596352 -0.5270712 0 0 0 1 -0.1468769 0.9888695 0.02375598 0.4929001 2.94078e-4 0.0240601 -0.9997104 0.09717202 -0.9891549 -0.1468274 -0.003824671 -0.5270712 0 0 0 1 -0.1481315 0.9886557 0.02484441 0.4929003 2.80108e-4 0.02516352 -0.9996831 0.0971719 -0.9889678 -0.1480776 -0.004004434 -0.5270713 0 0 0 1 -0.1490244 0.9885017 0.0256182 0.4929005 2.69361e-4 0.02594808 -0.9996631 0.09717202 -0.9888337 -0.1489674 -0.004133155 -0.5270713 0 0 0 1 -0.1495561 0.9884095 0.02607776 0.4929003 2.62439e-4 0.02641404 -0.9996509 0.09717214 -0.9887536 -0.149497 -0.004209776 -0.5270712 0 0 0 1 -0.1497318 0.9883788 0.02622963 0.4929004 2.60115e-4 0.02656806 -0.9996468 0.09717214 -0.9887267 -0.1496721 -0.004235174 -0.5270713 0 0 0 1 -0.149556 0.9884095 0.02607776 0.4929003 2.62443e-4 0.02641404 -0.9996509 0.09717214 -0.9887536 -0.149497 -0.004209775 -0.5270712 0 0 0 1 -0.1490244 0.9885017 0.0256182 0.4929005 2.69361e-4 0.02594808 -0.9996631 0.09717202 -0.9888337 -0.1489674 -0.004133155 -0.5270713 0 0 0 1 -0.1481315 0.9886557 0.02484441 0.4929003 2.80108e-4 0.02516352 -0.9996831 0.0971719 -0.9889678 -0.1480776 -0.004004434 -0.5270713 0 0 0 1 -0.1468769 0.9888695 0.02375598 0.4929001 2.94078e-4 0.0240601 -0.9997104 0.09717202 -0.9891549 -0.1468274 -0.003824671 -0.5270712 0 0 0 1 -0.1452667 0.98914 0.02235843 0.4929006 3.1035e-4 0.02264373 -0.9997435 0.09717214 -0.9893926 -0.1452226 -0.003596352 -0.5270712 0 0 0 1 -0.1433166 0.9894612 0.02066469 0.4929005 3.27561e-4 0.02092765 -0.999781 0.0971719 -0.9896769 -0.1432785 -0.003323383 -0.5270712 0 0 0 1 -0.1410547 0.9898254 0.01869845 0.4929 3.44075e-4 0.01893625 -0.9998206 0.0971719 -0.9900018 -0.141023 -0.003011622 -0.5270714 0 0 0 1 -0.1385218 0.9902222 0.01649463 0.4929 3.5819e-4 0.01670526 -0.9998603 0.09717226 -0.9903595 -0.1384965 -0.002668724 -0.5270713 0 0 0 1 -0.1357738 0.9906397 0.01410119 0.4929 3.68223e-4 0.01428346 -0.999898 0.09717202 -0.9907399 -0.1357547 -0.002304097 -0.5270714 0 0 0 1 -0.1328818 0.9910643 0.01157971 0.4929003 3.72838e-4 0.01173329 -0.999931 0.09717214 -0.991132 -0.1328683 -0.001928643 -0.5270714 0 0 0 1 -0.1299259 0.991483 0.008999541 0.4929004 3.71221e-4 0.009125099 -0.9999583 0.09717214 -0.9915239 -0.1299172 -0.001553651 -0.5270714 0 0 0 1 -0.1270012 0.9918818 0.006431058 0.4929001 3.60636e-4 0.006529748 -0.9999784 0.09717202 -0.9919026 -0.1269962 -0.001186991 -0.5270714 0 0 0 1 -0.1242108 0.9922482 0.00394243 0.4929004 3.37066e-4 0.004015386 -0.9999918 0.09717214 -0.992256 -0.1242085 -8.33201e-4 -0.5270714 0 0 0 1 -0.121622 0.9925752 0.001630351 0.4929004 3.09711e-4 0.001680464 -0.9999984 0.0971719 -0.9925766 -0.1216213 -5.11793e-4 -0.5270714 0 0 0 1 -0.1193121 0.9928569 -4.35114e-4 0.4929003 2.80842e-4 -4.04507e-4 -0.9999999 0.09717214 -0.9928569 -0.1193122 -2.30571e-4 -0.5270714 0 0 0 1 -0.1173473 0.9930884 -0.002193868 0.4929003 2.52971e-4 -0.002179235 -0.9999976 0.09717202 -0.9930911 -0.1173475 4.50396e-6 -0.5270714 0 0 0 1 -0.1157784 0.9932687 -0.003599346 0.4929005 2.28532e-4 -0.003597081 -0.9999934 0.09717214 -0.9932752 -0.1157785 1.89472e-4 -0.5270714 0 0 0 1 -0.1146412 0.9933964 -0.004618749 0.4929003 2.09598e-4 -0.004625246 -0.9999891 0.09717178 -0.9934071 -0.1146409 3.22031e-4 -0.5270714 0 0 0 1 -0.1139563 0.9934721 -0.005232885 0.4929006 1.97696e-4 -0.005244508 -0.9999862 0.09717202 -0.993486 -0.1139557 4.01241e-4 -0.5270714 0 0 0 1 -0.1137283 0.9934972 -0.005437344 0.4929003 1.93661e-4 -0.005450696 -0.999985 0.09717202 -0.993512 -0.1137277 4.27502e-4 -0.5270713 0 0 0 1</float_array>
          <technique_common>
            <accessor source="#CatArmature_baked_idle_Bone_008_pose_matrix-output-array" count="41" stride="16">
              <param name="TRANSFORM" type="float4x4"/>
            </accessor>
          </technique_common>
        </source>
        <source id="CatArmature_baked_idle_Bone_008_pose_matrix-interpolation">
          <Name_array id="CatArmature_baked_idle_Bone_008_pose_matrix-interpolation-array" count="41">LINEAR LINEAR LINEAR LINEAR LINEAR LINEAR LINEAR LINEAR LINEAR LINEAR LINEAR LINEAR LINEAR LINEAR LINEAR LINEAR LINEAR LINEAR LINEAR LINEAR LINEAR LINEAR LINEAR LINEAR LINEAR LINEAR LINEAR LINEAR LINEAR LINEAR LINEAR LINEAR LINEAR LINEAR LINEAR LINEAR LINEAR LINEAR LINEAR LINEAR LINEAR</Name_array>
          <technique_common>
            <accessor source="#CatArmature_baked_idle_Bone_008_pose_matrix-interpolation-array" count="41" stride="1">
              <param name="INTERPOLATION" type="name"/>
            </accessor>
          </technique_common>
        </source>
        <sampler id="CatArmature_baked_idle_Bone_008_pose_matrix-sampler">
          <input semantic="INPUT" source="#CatArmature_baked_idle_Bone_008_pose_matrix-input"/>
          <input semantic="OUTPUT" source="#CatArmature_baked_idle_Bone_008_pose_matrix-output"/>
          <input semantic="INTERPOLATION" source="#CatArmature_baked_idle_Bone_008_pose_matrix-interpolation"/>
        </sampler>
        <channel source="#CatArmature_baked_idle_Bone_008_pose_matrix-sampler" target="CatArmature_Bone_008/transform"/>
      </animation>
      <animation id="CatArmature_baked_idle_Bone_009_pose_matrix" name="CatArmature">
        <source id="CatArmature_baked_idle_Bone_009_pose_matrix-input">
          <float_array id="CatArmature_baked_idle_Bone_009_pose_matrix-input-array" count="41">0 0.04166662 0.08333331 0.125 0.1666666 0.2083333 0.25 0.2916666 0.3333333 0.375 0.4166666 0.4583333 0.5 0.5416667 0.5833333 0.625 0.6666667 0.7083333 0.75 0.7916667 0.8333333 0.875 0.9166667 0.9583333 1 1.041667 1.083333 1.125 1.166667 1.208333 1.25 1.291667 1.333333 1.375 1.416667 1.458333 1.5 1.541667 1.583333 1.625 1.666667</float_array>
          <technique_common>
            <accessor source="#CatArmature_baked_idle_Bone_009_pose_matrix-input-array" count="41" stride="1">
              <param name="TIME" type="float"/>
            </accessor>
          </technique_common>
        </source>
        <source id="CatArmature_baked_idle_Bone_009_pose_matrix-output">
          <float_array id="CatArmature_baked_idle_Bone_009_pose_matrix-output-array" count="656">0.9707009 -0.2386896 0.02768928 0 0.2386963 0.9445872 -0.2253427 0.8846593 0.02763201 0.2253496 0.9738863 -1.19209e-7 0 0 0 1 0.9705942 -0.2391112 0.02779292 0 0.239118 0.9443811 -0.2257586 0.8846593 0.0277343 0.2257658 0.9737869 -1.19209e-7 0 0 0 1 0.9702722 -0.2403775 0.02810553 0 0.2403848 0.9437596 -0.2270084 0.8846592 0.02804284 0.2270162 0.9734874 0 0 0 0 1 0.9697342 -0.2424786 0.02862853 0 0.2424868 0.9427202 -0.229083 0.8846592 0.02855901 0.2290915 0.9729862 1.19209e-7 0 0 0 1 0.9689838 -0.2453737 0.02935799 0 0.2453832 0.9412702 -0.2319429 0.8846591 0.02927891 0.2319529 0.9722867 1.19209e-7 0 0 0 1 0.9680313 -0.2489939 0.03028461 -5.96046e-8 0.249005 0.9394287 -0.235522 0.8846593 0.03019326 0.2355336 0.9713974 -1.19209e-7 0 0 0 1 0.9668935 -0.2532416 0.03139254 0 0.2532548 0.9372268 -0.239725 0.8846591 0.03128641 0.2397389 0.9703332 0 0 0 0 1 0.9655948 -0.2579917 0.03265809 -5.96046e-8 0.2580073 0.934712 -0.2444295 0.8846592 0.03253489 0.2444459 0.9691171 0 0 0 0 1 0.9641678 -0.2630989 0.03405038 -5.96046e-8 0.2631173 0.9319457 -0.2494929 0.8846592 0.03390818 0.2495123 0.967778 0 0 0 0 1 0.9626418 -0.2684368 0.03553295 0 0.2684589 0.9290035 -0.2547204 0.8846591 0.03536609 0.2547435 0.966362 0 0 0 0 1 0.9610676 -0.2738161 0.03706084 5.96046e-8 0.2738423 0.9259726 -0.2599714 0.8846592 0.03686702 0.2599989 0.9649051 0 0 0 0 1 0.9594969 -0.2790641 0.03858729 0 0.2790945 0.922945 -0.2651021 0.8846591 0.0383665 0.265134 0.9634482 0 0 0 0 1 0.9579759 -0.2840364 0.04006668 5.96046e-8 0.2840712 0.9200106 -0.2699707 0.8846591 0.03981971 0.2700071 0.9620349 -1.19209e-7 0 0 0 1 0.9565496 -0.2886072 0.04145532 5.96046e-8 0.2886461 0.9172564 -0.2744524 0.8846592 0.04118376 0.2744932 0.9607072 -2.38419e-7 0 0 0 1 0.9552563 -0.2926788 0.04271575 0 0.2927216 0.9147569 -0.2784499 0.8846592 0.04242184 0.2784947 0.9595008 0 0 0 0 1 0.9541261 -0.2961811 0.04381778 5.96046e-8 0.2962273 0.9125712 -0.2818924 0.8846591 0.04350432 0.2819409 0.9584453 0 0 0 0 1 0.9531827 -0.2990672 0.04473849 0 0.2991163 0.9107455 -0.2847321 0.8846593 0.04440864 0.2847837 0.9575629 -1.19209e-7 0 0 0 1 0.9524411 -0.3013126 0.04546265 5.96046e-8 0.3013641 0.9093094 -0.2869431 0.8846591 0.04511994 0.2869971 0.9568686 0 0 0 0 1 0.9519095 -0.3029086 0.04598152 0 0.3029619 0.9082804 -0.2885149 0.8846589 0.04562951 0.2885706 0.9563709 1.19209e-7 0 0 0 1 0.951592 -0.3038582 0.0462916 -5.96046e-8 0.3039124 0.9076658 -0.2894483 0.8846592 0.04593389 0.2895051 0.956074 2.38419e-7 0 0 0 1 0.9514868 -0.3041719 0.04639435 0 0.3042266 0.907462 -0.2897568 0.8846592 0.04603477 0.2898141 0.9559754 2.38419e-7 0 0 0 1 0.951592 -0.3038581 0.04629159 0 0.3039124 0.9076658 -0.2894482 0.8846591 0.04593389 0.2895051 0.956074 2.38419e-7 0 0 0 1 0.9519095 -0.3029086 0.04598152 0 0.3029619 0.9082804 -0.2885149 0.8846589 0.04562951 0.2885706 0.9563709 1.19209e-7 0 0 0 1 0.9524411 -0.3013126 0.04546265 5.96046e-8 0.3013641 0.9093094 -0.2869431 0.8846591 0.04511994 0.2869971 0.9568686 0 0 0 0 1 0.9531827 -0.2990672 0.04473849 0 0.2991164 0.9107455 -0.2847321 0.8846593 0.04440864 0.2847837 0.9575629 -1.19209e-7 0 0 0 1 0.9541261 -0.296181 0.04381779 5.96046e-8 0.2962273 0.9125712 -0.2818924 0.8846591 0.04350432 0.2819409 0.9584453 0 0 0 0 1 0.9552563 -0.2926788 0.04271575 -5.96046e-8 0.2927216 0.9147569 -0.2784499 0.8846592 0.04242184 0.2784948 0.9595008 0 0 0 0 1 0.9565496 -0.2886072 0.04145533 5.96046e-8 0.2886461 0.9172564 -0.2744524 0.8846592 0.04118376 0.2744932 0.9607071 -2.38419e-7 0 0 0 1 0.9579759 -0.2840364 0.04006669 0 0.2840711 0.9200106 -0.2699707 0.8846591 0.03981972 0.2700071 0.962035 -1.19209e-7 0 0 0 1 0.9594969 -0.2790641 0.03858729 0 0.2790945 0.922945 -0.2651021 0.8846591 0.0383665 0.265134 0.9634482 0 0 0 0 1 0.9610676 -0.2738161 0.03706085 0 0.2738423 0.9259726 -0.2599714 0.8846592 0.03686702 0.2599989 0.9649051 0 0 0 0 1 0.9626418 -0.2684368 0.03553295 5.96046e-8 0.2684589 0.9290035 -0.2547204 0.8846591 0.03536609 0.2547435 0.966362 0 0 0 0 1 0.9641678 -0.2630989 0.03405038 0 0.2631173 0.9319457 -0.2494929 0.8846592 0.03390818 0.2495123 0.967778 0 0 0 0 1 0.9655948 -0.2579917 0.03265809 -1.19209e-7 0.2580073 0.934712 -0.2444295 0.8846592 0.03253489 0.2444459 0.9691171 0 0 0 0 1 0.9668935 -0.2532416 0.03139254 0 0.2532548 0.9372268 -0.239725 0.884659 0.03128641 0.2397389 0.9703332 -1.19209e-7 0 0 0 1 0.9680313 -0.2489939 0.03028461 -5.96046e-8 0.249005 0.9394287 -0.235522 0.8846593 0.03019326 0.2355336 0.9713974 -1.19209e-7 0 0 0 1 0.9689838 -0.2453737 0.02935799 0 0.2453832 0.9412702 -0.2319429 0.8846591 0.0292789 0.2319529 0.9722867 1.19209e-7 0 0 0 1 0.9697342 -0.2424786 0.02862853 0 0.2424868 0.9427202 -0.229083 0.8846592 0.02855901 0.2290915 0.9729862 1.19209e-7 0 0 0 1 0.9702722 -0.2403775 0.02810553 5.96046e-8 0.2403848 0.9437596 -0.2270084 0.8846592 0.02804284 0.2270162 0.9734874 0 0 0 0 1 0.9705942 -0.2391112 0.02779292 0 0.239118 0.9443811 -0.2257586 0.8846593 0.0277343 0.2257658 0.9737869 -1.19209e-7 0 0 0 1 0.9707009 -0.2386896 0.02768928 0 0.2386963 0.9445872 -0.2253427 0.8846593 0.02763201 0.2253496 0.9738863 -1.19209e-7 0 0 0 1</float_array>
          <technique_common>
            <accessor source="#CatArmature_baked_idle_Bone_009_pose_matrix-output-array" count="41" stride="16">
              <param name="TRANSFORM" type="float4x4"/>
            </accessor>
          </technique_common>
        </source>
        <source id="CatArmature_baked_idle_Bone_009_pose_matrix-interpolation">
          <Name_array id="CatArmature_baked_idle_Bone_009_pose_matrix-interpolation-array" count="41">LINEAR LINEAR LINEAR LINEAR LINEAR LINEAR LINEAR LINEAR LINEAR LINEAR LINEAR LINEAR LINEAR LINEAR LINEAR LINEAR LINEAR LINEAR LINEAR LINEAR LINEAR LINEAR LINEAR LINEAR LINEAR LINEAR LINEAR LINEAR LINEAR LINEAR LINEAR LINEAR LINEAR LINEAR LINEAR LINEAR LINEAR LINEAR LINEAR LINEAR LINEAR</Name_array>
          <technique_common>
            <accessor source="#CatArmature_baked_idle_Bone_009_pose_matrix-interpolation-array" count="41" stride="1">
              <param name="INTERPOLATION" type="name"/>
            </accessor>
          </technique_common>
        </source>
        <sampler id="CatArmature_baked_idle_Bone_009_pose_matrix-sampler">
          <input semantic="INPUT" source="#CatArmature_baked_idle_Bone_009_pose_matrix-input"/>
          <input semantic="OUTPUT" source="#CatArmature_baked_idle_Bone_009_pose_matrix-output"/>
          <input semantic="INTERPOLATION" source="#CatArmature_baked_idle_Bone_009_pose_matrix-interpolation"/>
        </sampler>
        <channel source="#CatArmature_baked_idle_Bone_009_pose_matrix-sampler" target="CatArmature_Bone_009/transform"/>
      </animation>
      <animation id="CatArmature_baked_idle_Bone_011_pose_matrix" name="CatArmature">
        <source id="CatArmature_baked_idle_Bone_011_pose_matrix-input">
          <float_array id="CatArmature_baked_idle_Bone_011_pose_matrix-input-array" count="41">0 0.04166662 0.08333331 0.125 0.1666666 0.2083333 0.25 0.2916666 0.3333333 0.375 0.4166666 0.4583333 0.5 0.5416667 0.5833333 0.625 0.6666667 0.7083333 0.75 0.7916667 0.8333333 0.875 0.9166667 0.9583333 1 1.041667 1.083333 1.125 1.166667 1.208333 1.25 1.291667 1.333333 1.375 1.416667 1.458333 1.5 1.541667 1.583333 1.625 1.666667</float_array>
          <technique_common>
            <accessor source="#CatArmature_baked_idle_Bone_011_pose_matrix-input-array" count="41" stride="1">
              <param name="TIME" type="float"/>
            </accessor>
          </technique_common>
        </source>
        <source id="CatArmature_baked_idle_Bone_011_pose_matrix-output">
          <float_array id="CatArmature_baked_idle_Bone_011_pose_matrix-output-array" count="656">0.004984394 0.9999009 0.01321557 0.4899251 -0.01146661 0.01327199 -0.9998464 0.1086478 -0.9999227 0.004832192 0.01153161 0.5253208 0 0 0 1 0.005022008 0.9998959 0.01358454 0.4899255 -0.01146637 0.01364137 -0.9998414 0.1086478 -0.9999225 0.004865548 0.01153367 0.5253208 0 0 0 1 0.00513481 0.9998798 0.0146911 0.4899254 -0.01146557 0.01474918 -0.9998256 0.1086477 -0.999922 0.004965575 0.01153991 0.5253208 0 0 0 1 0.005321384 0.9998501 0.01652156 0.4899256 -0.01146399 0.01658162 -0.9997972 0.1086478 -0.999921 0.005131002 0.0115505 0.5253208 0 0 0 1 0.005578732 0.9998038 0.0190329 0.4899251 -0.011461 0.01909585 -0.9997522 0.1086478 -0.9999195 0.005359313 0.01156527 0.5253208 0 0 0 1 0.005903784 0.9997377 0.02215616 0.4899254 -0.01145531 0.02222267 -0.9996877 0.1086478 -0.9999179 0.005648235 0.0115835 0.5253208 0 0 0 1 0.006283003 0.9996481 0.02579917 0.4899252 -0.01144747 0.02586986 -0.9996 0.1086477 -0.9999155 0.005985256 0.01160596 0.5253208 0 0 0 1 0.006704506 0.9995328 0.02984767 0.4899254 -0.01143721 0.02992301 -0.999487 0.1086478 -0.999913 0.006359793 0.01163247 0.5253208 0 0 0 1 0.007154946 0.999391 0.03417324 0.4899253 -0.01142447 0.03425352 -0.9993481 0.1086477 -0.9999101 0.006759972 0.01166259 0.5253208 0 0 0 1 0.00762021 0.999225 0.03863849 0.4899251 -0.01140935 0.03872399 -0.9991851 0.1086477 -0.9999066 0.007173262 0.01169559 0.5253208 0 0 0 1 0.008087216 0.9990385 0.04310441 0.4899251 -0.01139184 0.04319502 -0.9990019 0.1086479 -0.9999031 0.007588207 0.0117302 0.5253208 0 0 0 1 0.008540801 0.9988382 0.04744078 0.4899251 -0.01137295 0.04753645 -0.9988049 0.1086477 -0.9998996 0.007991154 0.01176573 0.5253208 0 0 0 1 0.008968988 0.9986317 0.05153342 0.4899251 -0.01135342 0.05163385 -0.9986019 0.1086478 -0.9998962 0.008371468 0.01180097 0.5253208 0 0 0 1 0.009361282 0.9984276 0.05528221 0.4899251 -0.01133407 0.05538701 -0.9984009 0.1086476 -0.9998928 0.008719841 0.01183473 0.5253208 0 0 0 1 0.00970987 0.9982343 0.05861284 0.4899254 -0.01131573 0.05872153 -0.9982105 0.1086477 -0.9998897 0.009029347 0.01186592 0.5253208 0 0 0 1 0.01000917 0.9980592 0.06147158 0.4899255 -0.01129909 0.06158362 -0.9980382 0.1086478 -0.999887 0.009295057 0.01189356 0.5253208 0 0 0 1 0.01025555 0.9979092 0.06382352 0.4899254 -0.01128476 0.06393832 -0.9978903 0.1086478 -0.9998844 0.009513785 0.01191688 0.5253208 0 0 0 1 0.01044702 0.9977887 0.06565109 0.4899252 -0.01127325 0.06576805 -0.9977715 0.1086477 -0.9998828 0.009683741 0.0119354 0.5253208 0 0 0 1 0.01058298 0.997701 0.06694876 0.4899255 -0.01126488 0.06706721 -0.9976851 0.1086477 -0.9998813 0.009804415 0.01194875 0.5253208 0 0 0 1 0.01066373 0.9976482 0.06771946 0.489925 -0.01125983 0.0678388 -0.997633 0.1086478 -0.9998807 0.009876084 0.01195676 0.5253208 0 0 0 1 0.01069042 0.9976305 0.06797406 0.4899257 -0.01125815 0.0680937 -0.9976156 0.1086479 -0.9998803 0.009899765 0.01195941 0.5253208 0 0 0 1 0.01066373 0.9976482 0.06771946 0.489925 -0.01125983 0.0678388 -0.997633 0.1086478 -0.9998807 0.009876084 0.01195676 0.5253208 0 0 0 1 0.01058298 0.997701 0.06694876 0.4899255 -0.01126488 0.06706721 -0.9976851 0.1086477 -0.9998813 0.009804415 0.01194875 0.5253208 0 0 0 1 0.01044702 0.9977887 0.06565109 0.4899252 -0.01127325 0.06576805 -0.9977715 0.1086477 -0.9998828 0.009683741 0.0119354 0.5253208 0 0 0 1 0.01025555 0.9979092 0.06382357 0.4899254 -0.01128476 0.06393835 -0.9978903 0.1086478 -0.9998844 0.009513784 0.01191688 0.5253208 0 0 0 1 0.01000917 0.9980592 0.06147154 0.4899255 -0.01129909 0.06158359 -0.9980382 0.1086478 -0.999887 0.009295057 0.01189356 0.5253208 0 0 0 1 0.00970987 0.9982343 0.05861284 0.4899254 -0.01131573 0.05872151 -0.9982105 0.1086477 -0.9998897 0.009029347 0.01186592 0.5253208 0 0 0 1 0.009361283 0.9984276 0.05528221 0.4899251 -0.01133407 0.05538702 -0.9984009 0.1086476 -0.9998928 0.008719841 0.01183473 0.5253206 0 0 0 1 0.008968988 0.9986317 0.05153342 0.4899251 -0.01135342 0.05163385 -0.9986019 0.1086478 -0.9998962 0.008371468 0.01180097 0.5253206 0 0 0 1 0.008540801 0.9988382 0.04744078 0.4899251 -0.01137295 0.04753645 -0.9988049 0.1086477 -0.9998996 0.007991154 0.01176573 0.5253207 0 0 0 1 0.008087216 0.9990385 0.04310441 0.4899251 -0.01139184 0.04319504 -0.9990019 0.1086479 -0.9999031 0.007588207 0.0117302 0.5253207 0 0 0 1 0.00762021 0.999225 0.03863849 0.4899251 -0.01140935 0.03872399 -0.9991851 0.1086477 -0.9999066 0.007173262 0.01169559 0.5253206 0 0 0 1 0.007154946 0.999391 0.03417322 0.4899253 -0.01142447 0.03425352 -0.9993481 0.1086477 -0.9999101 0.006759972 0.01166259 0.5253207 0 0 0 1 0.006704506 0.9995328 0.02984767 0.4899254 -0.01143721 0.02992301 -0.999487 0.1086478 -0.999913 0.006359793 0.01163247 0.5253207 0 0 0 1 0.006283003 0.9996481 0.02579917 0.4899252 -0.01144747 0.02586986 -0.9996 0.1086477 -0.9999155 0.005985256 0.01160597 0.5253207 0 0 0 1 0.005903784 0.9997377 0.02215618 0.4899254 -0.01145531 0.02222267 -0.9996877 0.1086478 -0.9999179 0.005648235 0.0115835 0.5253207 0 0 0 1 0.005578732 0.9998038 0.0190329 0.4899251 -0.011461 0.01909585 -0.9997522 0.1086478 -0.9999195 0.005359313 0.01156527 0.5253207 0 0 0 1 0.005321384 0.9998501 0.01652154 0.4899256 -0.01146399 0.01658162 -0.9997972 0.1086478 -0.999921 0.005131003 0.0115505 0.5253207 0 0 0 1 0.005134811 0.9998798 0.01469108 0.4899254 -0.01146557 0.01474917 -0.9998256 0.1086477 -0.999922 0.004965576 0.01153991 0.5253206 0 0 0 1 0.005022009 0.9998959 0.01358454 0.4899255 -0.01146637 0.01364137 -0.9998414 0.1086478 -0.9999225 0.004865548 0.01153367 0.5253206 0 0 0 1 0.004984394 0.9999009 0.01321557 0.4899251 -0.01146661 0.01327199 -0.9998464 0.1086478 -0.9999227 0.004832192 0.01153161 0.5253208 0 0 0 1</float_array>
          <technique_common>
            <accessor source="#CatArmature_baked_idle_Bone_011_pose_matrix-output-array" count="41" stride="16">
              <param name="TRANSFORM" type="float4x4"/>
            </accessor>
          </technique_common>
        </source>
        <source id="CatArmature_baked_idle_Bone_011_pose_matrix-interpolation">
          <Name_array id="CatArmature_baked_idle_Bone_011_pose_matrix-interpolation-array" count="41">LINEAR LINEAR LINEAR LINEAR LINEAR LINEAR LINEAR LINEAR LINEAR LINEAR LINEAR LINEAR LINEAR LINEAR LINEAR LINEAR LINEAR LINEAR LINEAR LINEAR LINEAR LINEAR LINEAR LINEAR LINEAR LINEAR LINEAR LINEAR LINEAR LINEAR LINEAR LINEAR LINEAR LINEAR LINEAR LINEAR LINEAR LINEAR LINEAR LINEAR LINEAR</Name_array>
          <technique_common>
            <accessor source="#CatArmature_baked_idle_Bone_011_pose_matrix-interpolation-array" count="41" stride="1">
              <param name="INTERPOLATION" type="name"/>
            </accessor>
          </technique_common>
        </source>
        <sampler id="CatArmature_baked_idle_Bone_011_pose_matrix-sampler">
          <input semantic="INPUT" source="#CatArmature_baked_idle_Bone_011_pose_matrix-input"/>
          <input semantic="OUTPUT" source="#CatArmature_baked_idle_Bone_011_pose_matrix-output"/>
          <input semantic="INTERPOLATION" source="#CatArmature_baked_idle_Bone_011_pose_matrix-interpolation"/>
        </sampler>
        <channel source="#CatArmature_baked_idle_Bone_011_pose_matrix-sampler" target="CatArmature_Bone_011/transform"/>
      </animation>
      <animation id="CatArmature_baked_idle_Bone_012_pose_matrix" name="CatArmature">
        <source id="CatArmature_baked_idle_Bone_012_pose_matrix-input">
          <float_array id="CatArmature_baked_idle_Bone_012_pose_matrix-input-array" count="41">0 0.04166662 0.08333331 0.125 0.1666666 0.2083333 0.25 0.2916666 0.3333333 0.375 0.4166666 0.4583333 0.5 0.5416667 0.5833333 0.625 0.6666667 0.7083333 0.75 0.7916667 0.8333333 0.875 0.9166667 0.9583333 1 1.041667 1.083333 1.125 1.166667 1.208333 1.25 1.291667 1.333333 1.375 1.416667 1.458333 1.5 1.541667 1.583333 1.625 1.666667</float_array>
          <technique_common>
            <accessor source="#CatArmature_baked_idle_Bone_012_pose_matrix-input-array" count="41" stride="1">
              <param name="TIME" type="float"/>
            </accessor>
          </technique_common>
        </source>
        <source id="CatArmature_baked_idle_Bone_012_pose_matrix-output">
          <float_array id="CatArmature_baked_idle_Bone_012_pose_matrix-output-array" count="656">0.9992585 0.02747314 0.02696335 -5.96046e-8 -0.01913371 0.9622816 -0.2713815 0.8813252 -0.03340203 0.2706645 0.9620939 0 0 0 0 1 0.999257 0.02754456 0.02694282 0 -0.01918271 0.9620746 -0.2721114 0.8813252 -0.03341618 0.2713926 0.9618884 -1.19209e-7 0 0 0 1 0.9992526 0.0277587 0.02688093 5.96046e-8 -0.01932957 0.9614497 -0.2743003 0.8813251 -0.03345887 0.273576 0.9612681 1.19209e-7 0 0 0 1 0.9992456 0.02811264 0.02677744 0 -0.01957226 0.9604048 -0.2779207 0.8813252 -0.03353025 0.277187 0.9602308 1.19209e-7 0 0 0 1 0.9992357 0.02860029 0.02663272 5.96046e-8 -0.01990734 0.9589469 -0.2828859 0.8813251 -0.03362999 0.2821397 0.9587836 1.19209e-7 0 0 0 1 0.9992226 0.0292152 0.02644743 5.96046e-8 -0.02033266 0.9570953 -0.2890587 0.8813251 -0.03375761 0.2882966 0.9569458 0 0 0 0 1 0.9992075 0.02993141 0.02622602 5.96046e-8 -0.02082786 0.9548819 -0.2962549 0.8813249 -0.03391007 0.2954741 0.9547486 0 0 0 0 1 0.99919 0.03072595 0.02597332 0 -0.02137697 0.9523537 -0.3042465 0.8813251 -0.03408403 0.303445 0.9522391 1.19209e-7 0 0 0 1 0.9991707 0.0315732 0.02569554 0 -0.02196222 0.9495723 -0.3127781 0.881325 -0.03427517 0.3119546 0.9494785 -1.19209e-7 0 0 0 1 0.9991503 0.03244627 0.0254003 5.96046e-8 -0.0225651 0.9466141 -0.3215775 0.881325 -0.03447827 0.3207313 0.9465423 1.19209e-7 0 0 0 1 0.999129 0.03332039 0.02509581 5.96046e-8 -0.02316929 0.943567 -0.3303696 0.8813249 -0.03468762 0.3295007 0.9435175 -1.19209e-7 0 0 0 1 0.9991082 0.03416727 0.02479186 -5.96046e-8 -0.02375436 0.9405231 -0.3388981 0.881325 -0.03489654 0.3380072 0.9404963 0 0 0 0 1 0.9990879 0.03496473 0.0244975 0 -0.024305 0.9375728 -0.3469384 0.8813252 -0.0350988 0.3460269 0.9375675 2.38419e-7 0 0 0 1 0.9990687 0.0356936 0.02422145 0 -0.02480804 0.9348042 -0.3542958 0.8813251 -0.0352884 0.3533653 0.9348193 1.19209e-7 0 0 0 1 0.9990516 0.03633984 0.02397105 -5.96046e-8 -0.02525386 0.9322911 -0.3608263 0.881325 -0.03546035 0.3598788 0.9323248 0 0 0 0 1 0.9990364 0.0368936 0.02375222 0 -0.02563574 0.930094 -0.3664265 0.8813251 -0.03561057 0.3654647 0.9301438 1.19209e-7 0 0 0 1 0.9990238 0.03734869 0.02356945 -5.96046e-8 -0.02594955 0.9282581 -0.3710302 0.8813253 -0.03573602 0.3700566 0.9283216 0 0 0 0 1 0.999014 0.03770184 0.02342575 0 -0.02619301 0.9268144 -0.3746051 0.8813251 -0.03583462 0.3736224 0.9268882 0 0 0 0 1 0.999007 0.03795234 0.02332283 -5.96046e-8 -0.02636565 0.9257799 -0.3771422 0.8813252 -0.03590523 0.3761529 0.9258616 -1.19209e-7 0 0 0 1 0.9990027 0.03810103 0.02326135 0 -0.02646812 0.9251621 -0.3786485 0.8813251 -0.0359474 0.3776555 0.925248 0 0 0 0 1 0.9990014 0.03815014 0.02324098 -5.96046e-8 -0.02650196 0.9249572 -0.3791462 0.8813252 -0.03596139 0.3781518 0.9250447 -1.19209e-7 0 0 0 1 0.9990027 0.03810103 0.02326135 0 -0.02646811 0.9251621 -0.3786485 0.8813251 -0.0359474 0.3776555 0.925248 0 0 0 0 1 0.999007 0.03795234 0.02332283 -5.96046e-8 -0.02636565 0.9257799 -0.3771422 0.8813252 -0.03590523 0.3761529 0.9258616 -1.19209e-7 0 0 0 1 0.999014 0.03770184 0.02342575 0 -0.026193 0.9268144 -0.3746051 0.8813251 -0.03583462 0.3736224 0.9268882 0 0 0 0 1 0.9990237 0.03734868 0.02356945 -5.96046e-8 -0.02594955 0.9282581 -0.3710302 0.8813252 -0.03573601 0.3700566 0.9283215 1.19209e-7 0 0 0 1 0.9990364 0.0368936 0.02375222 0 -0.02563574 0.9300941 -0.3664265 0.881325 -0.03561057 0.3654647 0.9301438 1.19209e-7 0 0 0 1 0.9990516 0.03633985 0.02397105 -5.96046e-8 -0.02525386 0.9322911 -0.3608263 0.881325 -0.03546035 0.3598788 0.9323248 0 0 0 0 1 0.9990687 0.03569359 0.02422145 0 -0.02480804 0.9348042 -0.3542958 0.8813251 -0.0352884 0.3533653 0.9348193 1.19209e-7 0 0 0 1 0.9990879 0.03496473 0.0244975 0 -0.024305 0.9375728 -0.3469384 0.8813252 -0.0350988 0.3460269 0.9375675 2.38419e-7 0 0 0 1 0.9991082 0.03416727 0.02479186 -5.96046e-8 -0.02375436 0.9405231 -0.338898 0.8813251 -0.03489654 0.3380071 0.9404962 0 0 0 0 1 0.9991291 0.0333204 0.02509581 5.96046e-8 -0.02316929 0.9435672 -0.3303696 0.881325 -0.03468763 0.3295006 0.9435176 -1.19209e-7 0 0 0 1 0.9991503 0.03244628 0.0254003 5.96046e-8 -0.0225651 0.9466141 -0.3215775 0.881325 -0.03447827 0.3207313 0.9465423 1.19209e-7 0 0 0 1 0.9991707 0.0315732 0.02569554 5.96046e-8 -0.02196222 0.9495723 -0.3127781 0.8813251 -0.03427517 0.3119546 0.9494785 -1.19209e-7 0 0 0 1 0.99919 0.03072595 0.02597332 -5.96046e-8 -0.02137697 0.9523537 -0.3042465 0.8813251 -0.03408403 0.303445 0.9522391 1.19209e-7 0 0 0 1 0.9992075 0.02993141 0.02622602 5.96046e-8 -0.02082786 0.9548819 -0.2962549 0.8813249 -0.03391007 0.2954741 0.9547486 0 0 0 0 1 0.9992226 0.0292152 0.02644743 5.96046e-8 -0.02033265 0.9570954 -0.2890588 0.881325 -0.03375761 0.2882966 0.9569458 0 0 0 0 1 0.9992357 0.02860029 0.02663272 5.96046e-8 -0.01990734 0.9589469 -0.2828859 0.8813251 -0.03362999 0.2821397 0.9587836 1.19209e-7 0 0 0 1 0.9992456 0.02811264 0.02677744 0 -0.01957226 0.9604048 -0.2779207 0.8813252 -0.03353025 0.277187 0.9602308 1.19209e-7 0 0 0 1 0.9992526 0.0277587 0.02688093 1.19209e-7 -0.01932957 0.9614497 -0.2743003 0.8813252 -0.03345887 0.273576 0.9612681 1.19209e-7 0 0 0 1 0.999257 0.02754456 0.02694282 5.96046e-8 -0.01918271 0.9620746 -0.2721114 0.8813252 -0.03341618 0.2713926 0.9618884 -1.19209e-7 0 0 0 1 0.9992585 0.02747314 0.02696334 -5.96046e-8 -0.01913371 0.9622816 -0.2713816 0.8813252 -0.03340203 0.2706645 0.9620939 0 0 0 0 1</float_array>
          <technique_common>
            <accessor source="#CatArmature_baked_idle_Bone_012_pose_matrix-output-array" count="41" stride="16">
              <param name="TRANSFORM" type="float4x4"/>
            </accessor>
          </technique_common>
        </source>
        <source id="CatArmature_baked_idle_Bone_012_pose_matrix-interpolation">
          <Name_array id="CatArmature_baked_idle_Bone_012_pose_matrix-interpolation-array" count="41">LINEAR LINEAR LINEAR LINEAR LINEAR LINEAR LINEAR LINEAR LINEAR LINEAR LINEAR LINEAR LINEAR LINEAR LINEAR LINEAR LINEAR LINEAR LINEAR LINEAR LINEAR LINEAR LINEAR LINEAR LINEAR LINEAR LINEAR LINEAR LINEAR LINEAR LINEAR LINEAR LINEAR LINEAR LINEAR LINEAR LINEAR LINEAR LINEAR LINEAR LINEAR</Name_array>
          <technique_common>
            <accessor source="#CatArmature_baked_idle_Bone_012_pose_matrix-interpolation-array" count="41" stride="1">
              <param name="INTERPOLATION" type="name"/>
            </accessor>
          </technique_common>
        </source>
        <sampler id="CatArmature_baked_idle_Bone_012_pose_matrix-sampler">
          <input semantic="INPUT" source="#CatArmature_baked_idle_Bone_012_pose_matrix-input"/>
          <input semantic="OUTPUT" source="#CatArmature_baked_idle_Bone_012_pose_matrix-output"/>
          <input semantic="INTERPOLATION" source="#CatArmature_baked_idle_Bone_012_pose_matrix-interpolation"/>
        </sampler>
        <channel source="#CatArmature_baked_idle_Bone_012_pose_matrix-sampler" target="CatArmature_Bone_012/transform"/>
      </animation>
    </animation>
  </library_animations>
  <library_visual_scenes>
    <visual_scene id="Scene" name="Scene">
      <node id="CatArmature" name="CatArmature" type="NODE">
        <matrix sid="transform">1 0 0 0 0 1 0 0 0 0 1 0 0 0 0 1</matrix>
        <node id="CatArmature_Bone" name="Bone" sid="Bone" type="JOINT">
          <matrix sid="transform">-0.2509344 0.9680041 -1.19209e-7 -1.295009 3.8743e-7 1.49012e-8 -1 -5.28223e-7 -0.9680041 -0.2509344 -3.8743e-7 2.215528 0 0 0 1</matrix>
          <node id="CatArmature_Bone_001" name="Bone.001" sid="Bone_001" type="JOINT">
            <matrix sid="transform">-3.98171e-7 -0.2701131 -0.9628288 -2.23517e-8 3.25747e-9 0.9628289 -0.2701131 0.928077 1 -8.94069e-8 -3.8928e-7 -5.68434e-14 0 0 0 1</matrix>
            <node id="CatArmature_Bone_002" name="Bone.002" sid="Bone_002" type="JOINT">
              <matrix sid="transform">1 8.33566e-8 -4.89648e-8 0 -9.64899e-8 0.8293507 -0.5587283 1.443431 -5.96476e-9 0.5587283 0.8293508 8.3819e-8 0 0 0 1</matrix>
              <node id="CatArmature_Bone_003" name="Bone.003" sid="Bone_003" type="JOINT">
                <matrix sid="transform">1 -1.15526e-7 -1.13344e-7 5.68434e-14 1.61788e-7 0.7318368 0.6814799 1.179925 4.22094e-9 -0.6814798 0.7318369 0 0 0 0 1</matrix>
                <extra>
                  <technique profile="blender">
                    <connect sid="connect" type="bool">1</connect>
                    <layer sid="layer" type="string">0</layer>
                    <roll sid="roll" type="float">0.1370661</roll>
                    <tip_x sid="tip_x" type="float">1.108642</tip_x>
                    <tip_y sid="tip_y" type="float">0</tip_y>
                    <tip_z sid="tip_z" type="float">-0.1529161</tip_z>
                  </technique>
                </extra>
              </node>
              <extra>
                <technique profile="blender">
                  <connect sid="connect" type="bool">1</connect>
                  <layer sid="layer" type="string">0</layer>
                  <roll sid="roll" type="float">-0.6127167</roll>
                </technique>
              </extra>
            </node>
            <node id="CatArmature_Bone_014" name="Bone.014" sid="Bone_014" type="JOINT">
              <matrix sid="transform">0.01113763 0.01781851 -0.9997791 0.4004929 0.9987687 0.04813688 0.01198429 1.507594 0.04833979 -0.9986815 -0.01726033 -0.3493412 0 0 0 1</matrix>
              <node id="CatArmature_Bone_015" name="Bone.015" sid="Bone_015" type="JOINT">
                <matrix sid="transform">0.9859449 -0.1637739 -0.03302998 1.19209e-7 0.1622461 0.985742 -0.04459957 0.9140792 0.03986328 0.03861373 0.9984589 0 0 0 0 1</matrix>
                <node id="CatArmature_Bone_016" name="Bone.016" sid="Bone_016" type="JOINT">
                  <matrix sid="transform">-0.02598241 0.9951081 -0.0953121 0 -0.02286494 -0.09591092 -0.9951272 0.7123377 -0.9994009 -0.02367651 0.02524508 -2.98023e-8 0 0 0 1</matrix>
                  <extra>
                    <technique profile="blender">
                      <connect sid="connect" type="bool">1</connect>
                      <layer sid="layer" type="string">0</layer>
                      <roll sid="roll" type="float">0</roll>
                      <tip_x sid="tip_x" type="float">0.3097153</tip_x>
                      <tip_y sid="tip_y" type="float">0</tip_y>
                      <tip_z sid="tip_z" type="float">0</tip_z>
                    </technique>
                  </extra>
                </node>
                <extra>
                  <technique profile="blender">
                    <connect sid="connect" type="bool">1</connect>
                    <layer sid="layer" type="string">0</layer>
                    <roll sid="roll" type="float">0.07009166</roll>
                  </technique>
                </extra>
              </node>
              <extra>
                <technique profile="blender">
                  <layer sid="layer" type="string">0</layer>
                  <roll sid="roll" type="float">-0.05688852</roll>
                </technique>
              </extra>
            </node>
            <node id="CatArmature_Bone_017" name="Bone.017" sid="Bone_017" type="JOINT">
              <matrix sid="transform">0.01315266 -0.01781713 -0.9997547 -0.3952266 0.9987074 0.04932684 0.0122598 1.507594 0.0490963 -0.9986237 0.01844297 -0.3493412 0 0 0 1</matrix>
              <node id="CatArmature_Bone_018" name="Bone.018" sid="Bone_018" type="JOINT">
                <matrix sid="transform">0.9854326 -0.1654668 -0.03928603 1.19209e-7 0.1669019 0.9852946 0.03657924 0.9141536 0.03265567 -0.04260329 0.9985582 -2.98023e-8 0 0 0 1</matrix>
                <node id="CatArmature_Bone_019" name="Bone.019" sid="Bone_019" type="JOINT">
                  <matrix sid="transform">-0.02266047 0.994934 -0.09794511 0 0.02286132 -0.09742898 -0.9949799 0.7124429 -0.9994819 -0.02478571 -0.02053772 0 0 0 0 1</matrix>
                  <extra>
                    <technique profile="blender">
                      <connect sid="connect" type="bool">1</connect>
                      <layer sid="layer" type="string">0</layer>
                      <roll sid="roll" type="float">0</roll>
                      <tip_x sid="tip_x" type="float">0.3097153</tip_x>
                      <tip_y sid="tip_y" type="float">0</tip_y>
                      <tip_z sid="tip_z" type="float">0</tip_z>
                    </technique>
                  </extra>
                </node>
                <extra>
                  <technique profile="blender">
                    <connect sid="connect" type="bool">1</connect>
                    <layer sid="layer" type="string">0</layer>
                    <roll sid="roll" type="float">0.07494115</roll>
                  </technique>
                </extra>
              </node>
              <extra>
                <technique profile="blender">
                  <layer sid="layer" type="string">0</layer>
                  <roll sid="roll" type="float">-0.0560646</roll>
                </technique>
              </extra>
            </node>
            <extra>
              <technique profile="blender">
                <connect sid="connect" type="bool">1</connect>
                <layer sid="layer" type="string">0</layer>
                <roll sid="roll" type="float">-0.01986497</roll>
              </technique>
            </extra>
          </node>
          <node id="CatArmature_Bone_004" name="Bone.004" sid="Bone_004" type="JOINT">
            <matrix sid="transform">6.11615e-8 -0.7819229 -0.6233754 -0.04730085 6.42498e-7 -0.6233755 0.7819228 -0.560222 -1 -6.55652e-7 4.74707e-7 -0.00394811 0 0 0 1</matrix>
            <node id="CatArmature_Bone_005" name="Bone.005" sid="Bone_005" type="JOINT">
              <matrix sid="transform">1 -3.42992e-7 1.44628e-6 -4.65661e-10 5.76555e-7 0.9863385 -0.1647314 0.4962883 -1.37002e-6 0.1647314 0.9863384 1.19209e-7 0 0 0 1</matrix>
              <node id="CatArmature_Bone_006" name="Bone.006" sid="Bone_006" type="JOINT">
                <matrix sid="transform">1 2.69955e-9 3.42579e-9 4.65661e-10 -2.7423e-9 0.9999213 0.01254104 0.5572788 -3.39155e-9 -0.01254107 0.9999213 0 0 0 0 1</matrix>
                <node id="CatArmature_Bone_007" name="Bone.007" sid="Bone_007" type="JOINT">
                  <matrix sid="transform">1 -2.43212e-7 5.36927e-7 0 4.16133e-7 0.9364309 -0.3508524 0.575026 -4.17464e-7 0.3508524 0.9364309 2.38419e-7 0 0 0 1</matrix>
                  <extra>
                    <technique profile="blender">
                      <connect sid="connect" type="bool">1</connect>
                      <layer sid="layer" type="string">0</layer>
                      <roll sid="roll" type="float">1.662816</roll>
                      <tip_x sid="tip_x" type="float">0.03544521</tip_x>
                      <tip_y sid="tip_y" type="float">0</tip_y>
                      <tip_z sid="tip_z" type="float">0.3841078</tip_z>
                    </technique>
                  </extra>
                </node>
                <extra>
                  <technique profile="blender">
                    <connect sid="connect" type="bool">1</connect>
                    <layer sid="layer" type="string">0</layer>
                    <roll sid="roll" type="float">1.304335</roll>
                  </technique>
                </extra>
              </node>
              <extra>
                <technique profile="blender">
                  <connect sid="connect" type="bool">1</connect>
                  <layer sid="layer" type="string">0</layer>
                  <roll sid="roll" type="float">1.316876</roll>
                </technique>
              </extra>
            </node>
            <extra>
              <technique profile="blender">
                <layer sid="layer" type="string">0</layer>
                <roll sid="roll" type="float">1.151389</roll>
              </technique>
            </extra>
          </node>
          <node id="CatArmature_Bone_008" name="Bone.008" sid="Bone_008" type="JOINT">
            <matrix sid="transform">-0.1172118 0.993009 -0.01393962 0.4929004 0.001633525 -0.0138436 -0.9999027 0.09717214 -0.9931055 -0.1172232 5.28991e-7 -0.5270713 0 0 0 1</matrix>
            <node id="CatArmature_Bone_009" name="Bone.009" sid="Bone_009" type="JOINT">
              <matrix sid="transform">0.9743832 -0.2234352 0.02557415 0 0.2235984 0.9502965 -0.2166576 0.8846591 0.02410589 0.2168259 0.9759127 -1.19209e-7 0 0 0 1</matrix>
              <node id="CatArmature_Bone_010" name="Bone.010" sid="Bone_010" type="JOINT">
                <matrix sid="transform">-0.9938764 -0.05176077 -0.0976245 0 0.1104976 -0.4655641 -0.8780889 0.9385065 1.10076e-7 -0.8834992 0.4684327 0 0 0 0 1</matrix>
                <extra>
                  <technique profile="blender">
                    <connect sid="connect" type="bool">1</connect>
                    <layer sid="layer" type="string">0</layer>
                    <roll sid="roll" type="float">0</roll>
                    <tip_x sid="tip_x" type="float">0.464589</tip_x>
                    <tip_y sid="tip_y" type="float">0</tip_y>
                    <tip_z sid="tip_z" type="float">0</tip_z>
                  </technique>
                </extra>
              </node>
              <extra>
                <technique profile="blender">
                  <connect sid="connect" type="bool">1</connect>
                  <layer sid="layer" type="string">0</layer>
                  <roll sid="roll" type="float">-1.08328</roll>
                </technique>
              </extra>
            </node>
            <extra>
              <technique profile="blender">
                <layer sid="layer" type="string">0</layer>
                <roll sid="roll" type="float">-1.303211</roll>
              </technique>
            </extra>
          </node>
          <node id="CatArmature_Bone_011" name="Bone.011" sid="Bone_011" type="JOINT">
            <matrix sid="transform">0.008146657 0.9996512 -0.02512819 0.4899252 -0.01229531 -0.02502701 -0.9996113 0.1086478 -0.9998914 0.008452551 0.01208713 0.5253208 0 0 0 1</matrix>
            <node id="CatArmature_Bone_012" name="Bone.012" sid="Bone_012" type="JOINT">
              <matrix sid="transform">0.999422 0.01880716 0.02831418 5.96046e-8 -0.01225809 0.9763513 -0.2158421 0.8813253 -0.03170396 0.2153703 0.9760176 1.19209e-7 0 0 0 1</matrix>
              <node id="CatArmature_Bone_013" name="Bone.013" sid="Bone_013" type="JOINT">
                <matrix sid="transform">-0.9998001 0.01991152 -0.001736689 0 -0.007949516 -0.4758704 -0.8794793 0.9370224 -0.01833821 -0.8792899 0.4759336 -1.19209e-7 0 0 0 1</matrix>
                <extra>
                  <technique profile="blender">
                    <connect sid="connect" type="bool">1</connect>
                    <layer sid="layer" type="string">0</layer>
                    <roll sid="roll" type="float">1.42958e-7</roll>
                    <tip_x sid="tip_x" type="float">0.503294</tip_x>
                    <tip_y sid="tip_y" type="float">0</tip_y>
                    <tip_z sid="tip_z" type="float">0</tip_z>
                  </technique>
                </extra>
              </node>
              <extra>
                <technique profile="blender">
                  <connect sid="connect" type="bool">1</connect>
                  <layer sid="layer" type="string">0</layer>
                  <roll sid="roll" type="float">-1.056486</roll>
                </technique>
              </extra>
            </node>
            <extra>
              <technique profile="blender">
                <layer sid="layer" type="string">0</layer>
                <roll sid="roll" type="float">-1.304208</roll>
              </technique>
            </extra>
          </node>
          <extra>
            <technique profile="blender">
              <layer sid="layer" type="string">0</layer>
              <roll sid="roll" type="float">1.824442</roll>
            </technique>
          </extra>
        </node>
        <node id="Cat" name="Cat" type="NODE">
          <matrix sid="transform">1 0 0 0 0 1 0 0 0 0 1 0 0 0 0 1</matrix>
          <instance_controller url="#CatArmature_Cat-skin">
            <skeleton>#CatArmature_Bone</skeleton>
            <bind_material>
              <technique_common>
                <instance_material symbol="Grey-material" target="#Grey-material"/>
                <instance_material symbol="White-material" target="#White-material"/>
                <instance_material symbol="Pink-material" target="#Pink-material"/>
              </technique_common>
            </bind_material>
          </instance_controller>
        </node>
      </node>
    </visual_scene>
  </library_visual_scenes>
  <scene>
    <instance_visual_scene url="#Scene"/>
  </scene>
</COLLADA>