<?xml version="1.0" encoding="utf-8"?>
<COLLADA xmlns="http://www.collada.org/2005/11/COLLADASchema" version="1.4.1" xmlns:xsi="http://www.w3.org/2001/XMLSchema-instance">
  <asset>
    <contributor>
      <author>Blender User</author>
      <authoring_tool>Blender 3.0.1</authoring_tool>
    </contributor>
    <created>2025-12-16T01:25:50</created>
    <modified>2025-12-16T01:25:50</modified>
    <unit name="meter" meter="1"/>
    <up_axis>Z_UP</up_axis>
  </asset>
  <library_effects>
    <effect id="aws_robomaker_hospital_floor_01_doorsign_001-effect">
      <profile_COMMON>
        <newparam sid="aws_robomaker_hospital_floor_01_doorsign_png-surface">
          <surface type="2D">
            <init_from>aws_robomaker_hospital_floor_01_doorsign_png</init_from>
          </surface>
        </newparam>
        <newparam sid="aws_robomaker_hospital_floor_01_doorsign_png-sampler">
          <sampler2D>
            <source>aws_robomaker_hospital_floor_01_doorsign_png-surface</source>
          </sampler2D>
        </newparam>
        <technique sid="common">
          <lambert>
            <emission>
              <color sid="emission">0.2 0.2 0.2 1</color>
            </emission>
            <diffuse>
              <texture texture="aws_robomaker_hospital_floor_01_doorsign_png-sampler" texcoord="ID111"/>
            </diffuse>
            <index_of_refraction>
              <float sid="ior">1.45</float>
            </index_of_refraction>
          </lambert>
        </technique>
      </profile_COMMON>
    </effect>
    <effect id="aws_robomaker_hospital_floor_01_bumprail_001-effect">
      <profile_COMMON>
        <newparam sid="aws_robomaker_hospital_floor_01_bumprail_png-surface">
          <surface type="2D">
            <init_from>aws_robomaker_hospital_floor_01_bumprail_png</init_from>
          </surface>
        </newparam>
        <newparam sid="aws_robomaker_hospital_floor_01_bumprail_png-sampler">
          <sampler2D>
            <source>aws_robomaker_hospital_floor_01_bumprail_png-surface</source>
          </sampler2D>
        </newparam>
        <technique sid="common">
          <lambert>
            <emission>
              <color sid="emission">1 1 1 1</color>
            </emission>
            <diffuse>
              <texture texture="aws_robomaker_hospital_floor_01_bumprail_png-sampler" texcoord="ID102"/>
            </diffuse>
            <index_of_refraction>
              <float sid="ior">1.45</float>
            </index_of_refraction>
          </lambert>
        </technique>
      </profile_COMMON>
    </effect>
    <effect id="aws_robomaker_hospital_floor_01_handrail_001-effect">
      <profile_COMMON>
        <newparam sid="aws_robomaker_hospital_floor_01_handrail_png-surface">
          <surface type="2D">
            <init_from>aws_robomaker_hospital_floor_01_handrail_png</init_from>
          </surface>
        </newparam>
        <newparam sid="aws_robomaker_hospital_floor_01_handrail_png-sampler">
          <sampler2D>
            <source>aws_robomaker_hospital_floor_01_handrail_png-surface</source>
          </sampler2D>
        </newparam>
        <technique sid="common">
          <lambert>
            <emission>
              <color sid="emission">0.3 0.3 0.3 1</color>
            </emission>
            <diffuse>
              <texture texture="aws_robomaker_hospital_floor_01_handrail_png-sampler" texcoord="ID93"/>
            </diffuse>
            <index_of_refraction>
              <float sid="ior">1.45</float>
            </index_of_refraction>
          </lambert>
        </technique>
      </profile_COMMON>
    </effect>
    <effect id="aws_robomaker_hospital_floor_01_doorframes_big_001-effect">
      <profile_COMMON>
        <newparam sid="aws_robomaker_hospital_floor_01_doorframes_big_png-surface">
          <surface type="2D">
            <init_from>aws_robomaker_hospital_floor_01_doorframes_big_png</init_from>
          </surface>
        </newparam>
        <newparam sid="aws_robomaker_hospital_floor_01_doorframes_big_png-sampler">
          <sampler2D>
            <source>aws_robomaker_hospital_floor_01_doorframes_big_png-surface</source>
          </sampler2D>
        </newparam>
        <technique sid="common">
          <lambert>
            <emission>
              <color sid="emission">0.3 0.3 0.3 1</color>
            </emission>
            <diffuse>
              <texture texture="aws_robomaker_hospital_floor_01_doorframes_big_png-sampler" texcoord="ID84"/>
            </diffuse>
            <index_of_refraction>
              <float sid="ior">1.45</float>
            </index_of_refraction>
          </lambert>
        </technique>
      </profile_COMMON>
    </effect>
    <effect id="aws_robomaker_hospital_floor_01_doorframes_small_001-effect">
      <profile_COMMON>
        <newparam sid="aws_robomaker_hospital_floor_01_doorframes_small_png-surface">
          <surface type="2D">
            <init_from>aws_robomaker_hospital_floor_01_doorframes_small_png</init_from>
          </surface>
        </newparam>
        <newparam sid="aws_robomaker_hospital_floor_01_doorframes_small_png-sampler">
          <sampler2D>
            <source>aws_robomaker_hospital_floor_01_doorframes_small_png-surface</source>
          </sampler2D>
        </newparam>
        <technique sid="common">
          <lambert>
            <emission>
              <color sid="emission">0.3 0.3 0.3 1</color>
            </emission>
            <diffuse>
              <texture texture="aws_robomaker_hospital_floor_01_doorframes_small_png-sampler" texcoord="ID75"/>
            </diffuse>
            <index_of_refraction>
              <float sid="ior">1.45</float>
            </index_of_refraction>
          </lambert>
        </technique>
      </profile_COMMON>
    </effect>
    <effect id="aws_robomaker_hospital_floor_01_windows_001-effect">
      <profile_COMMON>
        <newparam sid="aws_robomaker_hospital_floor_01_windows_png-surface">
          <surface type="2D">
            <init_from>aws_robomaker_hospital_floor_01_windows_png</init_from>
          </surface>
        </newparam>
        <newparam sid="aws_robomaker_hospital_floor_01_windows_png-sampler">
          <sampler2D>
            <source>aws_robomaker_hospital_floor_01_windows_png-surface</source>
          </sampler2D>
        </newparam>
        <technique sid="common">
          <lambert>
            <emission>
              <color sid="emission">0.3 0.3 0.3 1</color>
            </emission>
            <diffuse>
              <texture texture="aws_robomaker_hospital_floor_01_windows_png-sampler" texcoord="ID66"/>
            </diffuse>
            <index_of_refraction>
              <float sid="ior">1.45</float>
            </index_of_refraction>
          </lambert>
        </technique>
      </profile_COMMON>
    </effect>
    <effect id="aws_robomaker_hospital_floor_01_stairs_001-effect">
      <profile_COMMON>
        <newparam sid="aws_robomaker_hospital_floor_01_stairs_png-surface">
          <surface type="2D">
            <init_from>aws_robomaker_hospital_floor_01_stairs_png</init_from>
          </surface>
        </newparam>
        <newparam sid="aws_robomaker_hospital_floor_01_stairs_png-sampler">
          <sampler2D>
            <source>aws_robomaker_hospital_floor_01_stairs_png-surface</source>
          </sampler2D>
        </newparam>
        <technique sid="common">
          <lambert>
            <emission>
              <color sid="emission">0.3 0.3 0.3 1</color>
            </emission>
            <diffuse>
              <texture texture="aws_robomaker_hospital_floor_01_stairs_png-sampler" texcoord="ID57"/>
            </diffuse>
            <index_of_refraction>
              <float sid="ior">1.45</float>
            </index_of_refraction>
          </lambert>
        </technique>
      </profile_COMMON>
    </effect>
    <effect id="aws_robomaker_hospital_floor_01_walls_001-effect">
      <profile_COMMON>
        <newparam sid="aws_robomaker_hospital_floor_01_walls_png-surface">
          <surface type="2D">
            <init_from>aws_robomaker_hospital_floor_01_walls_png</init_from>
          </surface>
        </newparam>
        <newparam sid="aws_robomaker_hospital_floor_01_walls_png-sampler">
          <sampler2D>
            <source>aws_robomaker_hospital_floor_01_walls_png-surface</source>
          </sampler2D>
        </newparam>
        <technique sid="common">
          <lambert>
            <emission>
              <color sid="emission">0.3 0.3 0.3 1</color>
            </emission>
            <diffuse>
              <texture texture="aws_robomaker_hospital_floor_01_walls_png-sampler" texcoord="ID48"/>
            </diffuse>
            <index_of_refraction>
              <float sid="ior">1.45</float>
            </index_of_refraction>
          </lambert>
        </technique>
      </profile_COMMON>
    </effect>
  </library_effects>
  <library_images>
    <image id="aws_robomaker_hospital_floor_01_bumprail_png" name="aws_robomaker_hospital_floor_01_bumprail_png">
      <init_from>aws_robomaker_hospital_floor_01_bumprail.png</init_from>
    </image>
    <image id="aws_robomaker_hospital_floor_01_doorframes_big_png" name="aws_robomaker_hospital_floor_01_doorframes_big_png">
      <init_from>aws_robomaker_hospital_floor_01_doorframes_big.png</init_from>
    </image>
    <image id="aws_robomaker_hospital_floor_01_doorframes_small_png" name="aws_robomaker_hospital_floor_01_doorframes_small_png">
      <init_from>aws_robomaker_hospital_floor_01_doorframes_small.png</init_from>
    </image>
    <image id="aws_robomaker_hospital_floor_01_doorsign_png" name="aws_robomaker_hospital_floor_01_doorsign_png">
      <init_from>aws_robomaker_hospital_floor_01_doorsign.png</init_from>
    </image>
    <image id="aws_robomaker_hospital_floor_01_handrail_png" name="aws_robomaker_hospital_floor_01_handrail_png">
      <init_from>aws_robomaker_hospital_floor_01_handrail.png</init_from>
    </image>
    <image id="aws_robomaker_hospital_floor_01_stairs_png" name="aws_robomaker_hospital_floor_01_stairs_png">
      <init_from>aws_robomaker_hospital_floor_01_stairs.png</init_from>
    </image>
    <image id="aws_robomaker_hospital_floor_01_walls_png" name="aws_robomaker_hospital_floor_01_walls_png">
      <init_from>aws_robomaker_hospital_floor_01_walls.png</init_from>
    </image>
    <image id="aws_robomaker_hospital_floor_01_windows_png" name="aws_robomaker_hospital_floor_01_windows_png">
      <init_from>aws_robomaker_hospital_floor_01_windows.png</init_from>
    </image>
  </library_images>
  <library_materials>
    <material id="aws_robomaker_hospital_floor_01_doorsign_001-material" name="aws_robomaker_hospital_floor_01_doorsign.001">
      <instance_effect url="#aws_robomaker_hospital_floor_01_doorsign_001-effect"/>
    </material>
    <material id="aws_robomaker_hospital_floor_01_bumprail_001-material" name="aws_robomaker_hospital_floor_01_bumprail.001">
      <instance_effect url="#aws_robomaker_hospital_floor_01_bumprail_001-effect"/>
    </material>
    <material id="aws_robomaker_hospital_floor_01_handrail_001-material" name="aws_robomaker_hospital_floor_01_handrail.001">
      <instance_effect url="#aws_robomaker_hospital_floor_01_handrail_001-effect"/>
    </material>
    <material id="aws_robomaker_hospital_floor_01_doorframes_big_001-material" name="aws_robomaker_hospital_floor_01_doorframes_big.001">
      <instance_effect url="#aws_robomaker_hospital_floor_01_doorframes_big_001-effect"/>
    </material>
    <material id="aws_robomaker_hospital_floor_01_doorframes_small_001-material" name="aws_robomaker_hospital_floor_01_doorframes_small.001">
      <instance_effect url="#aws_robomaker_hospital_floor_01_doorframes_small_001-effect"/>
    </material>
    <material id="aws_robomaker_hospital_floor_01_windows_001-material" name="aws_robomaker_hospital_floor_01_windows.001">
      <instance_effect url="#aws_robomaker_hospital_floor_01_windows_001-effect"/>
    </material>
    <material id="aws_robomaker_hospital_floor_01_stairs_001-material" name="aws_robomaker_hospital_floor_01_stairs.001">
      <instance_effect url="#aws_robomaker_hospital_floor_01_stairs_001-effect"/>
    </material>
    <material id="aws_robomaker_hospital_floor_01_walls_001-material" name="aws_robomaker_hospital_floor_01_walls.001">
      <instance_effect url="#aws_robomaker_hospital_floor_01_walls_001-effect"/>
    </material>
  </library_materials>
  <library_geometries>
    <geometry id="ID106_001-mesh" name="ID106.001">
      <mesh>
        <source id="ID106_001-mesh-positions">
          <float_array id="ID106_001-mesh-positions-array" count="1560">1493.28 168.444 440.856 1493.28 168.444 454.064 1493.28 181.652 440.856 1493.28 181.652 454.064 1492.53 167.613 440.121 1492.53 169.017 440.121 1493.36 181.166 454.176 1492.53 182.291 440.121 1492.53 167.613 441.61 1492.53 169.017 441.61 1493.36 181.166 440.744 1492.53 182.291 441.61 1492.53 167.613 453.31 1492.53 169.017 453.31 1493.36 182.291 453.31 1492.53 182.291 453.31 1492.53 167.613 454.799 1492.53 169.017 454.799 1493.36 182.291 454.176 1492.53 182.291 454.799 1493.98 167.613 454.799 1493.98 169.017 454.799 1493.36 181.166 441.61 1493.98 182.291 454.799 1493.98 167.613 453.31 1493.15 169.015 453.31 1493.15 169.015 441.61 1493.98 182.291 453.31 1493.98 167.613 441.61 1493.36 181.166 453.31 1493.36 182.291 440.744 1493.98 182.291 441.61 1493.98 167.613 440.121 1493.98 169.017 440.121 1493.36 182.291 441.61 1493.98 182.291 440.121 1493.15 182.291 440.744 1493.15 182.291 441.61 1493.15 182.291 453.31 1493.15 182.291 454.176 1493.28 168.444 -454.046 1493.28 168.444 -440.838 1493.28 181.652 -454.046 1493.28 181.652 -440.838 1492.53 167.613 -454.781 1492.53 169.017 -454.781 1493.36 181.166 -440.726 1492.53 182.291 -454.781 1492.53 167.613 -453.292 1492.53 169.017 -453.292 1493.36 181.166 -454.158 1492.53 182.291 -453.292 1492.53 167.613 -441.592 1492.53 169.017 -441.592 1493.36 182.291 -441.592 1492.53 182.291 -441.592 1492.53 167.613 -440.103 1492.53 169.017 -440.103 1493.36 182.291 -440.726 1492.53 182.291 -440.103 1493.98 167.613 -440.103 1493.98 169.017 -440.103 1493.36 181.166 -453.292 1493.98 182.291 -440.103 1493.98 167.613 -441.592 1493.15 169.015 -441.592 1493.15 169.015 -453.292 1493.98 182.291 -441.592 1493.98 167.613 -453.292 1493.36 181.166 -441.592 1493.36 182.291 -454.158 1493.98 182.291 -453.292 1493.98 167.613 -454.781 1493.98 169.017 -454.781 1493.36 182.291 -453.292 1493.98 182.291 -454.781 1493.15 182.291 -454.158 1493.15 182.291 -453.292 1493.15 182.291 -441.592 1493.15 182.291 -440.726 6.59745 168.444 214.176 6.59745 168.444 200.968 6.59745 181.652 214.176 6.59745 181.652 200.968 7.34959 167.613 214.911 7.34959 169.017 214.911 6.52194 181.166 200.856 7.34959 182.291 214.911 7.34959 167.613 213.422 7.34959 169.017 213.422 6.52194 181.166 214.288 7.34959 182.291 213.422 7.34959 167.613 201.722 7.34959 169.017 201.722 6.52194 182.291 201.722 7.34959 182.291 201.722 7.34959 167.613 200.233 7.34959 169.017 200.233 6.52194 182.291 200.856 7.34959 182.291 200.233 5.89924 167.613 200.233 5.89924 169.017 200.233 6.52194 181.166 213.422 5.89924 182.291 200.233 5.89924 167.613 201.722 6.7269 169.015 201.722 6.7269 169.015 213.422 5.89924 182.291 201.722 5.89924 167.613 213.422 6.52194 181.166 201.722 6.52194 182.291 214.288 5.89924 182.291 213.422 5.89924 167.613 214.911 5.89924 169.017 214.911 6.52194 182.291 213.422 5.89924 182.291 214.911 6.7269 182.291 214.288 6.7269 182.291 213.422 6.7269 182.291 201.722 6.7269 182.291 200.856 6.59745 168.444 -201.138 6.59745 168.444 -214.346 6.59745 181.652 -201.138 6.59745 181.652 -214.346 7.34959 167.613 -200.403 7.34959 169.017 -200.403 6.52194 181.166 -214.458 7.34959 182.291 -200.403 7.34959 167.613 -201.892 7.34959 169.017 -201.892 6.52194 181.166 -201.026 7.34959 182.291 -201.892 7.34959 167.613 -213.592 7.34959 169.017 -213.592 6.52194 182.291 -213.592 7.34959 182.291 -213.592 7.34959 167.613 -215.081 7.34959 169.017 -215.081 6.52194 182.291 -214.458 7.34959 182.291 -215.081 5.89924 167.613 -215.081 5.89924 169.017 -215.081 6.52194 181.166 -201.892 5.89924 182.291 -215.081 5.89924 167.613 -213.592 6.7269 169.015 -213.592 6.7269 169.015 -201.892 5.89924 182.291 -213.592 5.89924 167.613 -201.892 6.52194 181.166 -213.592 6.52194 182.291 -201.026 5.89924 182.291 -201.892 5.89924 167.613 -200.403 5.89924 169.017 -200.403 6.52194 182.291 -201.892 5.89924 182.291 -200.403 6.7269 182.291 -201.026 6.7269 182.291 -201.892 6.7269 182.291 -213.592 6.7269 182.291 -214.458 -810.762 168.444 -643.3811 -797.554 168.444 -643.3811 -810.762 181.652 -643.3811 -797.554 181.652 -643.3811 -811.497 167.613 -642.629 -811.497 169.017 -642.629 -797.4411 181.166 -643.457 -811.497 182.291 -642.629 -810.0081 167.613 -642.629 -810.0081 169.017 -642.629 -810.874 181.166 -643.457 -810.0081 182.291 -642.629 -798.3071 167.613 -642.629 -798.3071 169.017 -642.629 -798.3071 182.291 -643.457 -798.3071 182.291 -642.629 -796.819 167.613 -642.629 -796.819 169.017 -642.629 -797.4411 182.291 -643.457 -796.819 182.291 -642.629 -796.819 167.613 -644.0791 -796.819 169.017 -644.0791 -810.0081 181.166 -643.457 -796.819 182.291 -644.0791 -798.3071 167.613 -644.0791 -798.3071 169.015 -643.252 -810.0081 169.015 -643.252 -798.3071 182.291 -644.0791 -810.0081 167.613 -644.0791 -798.3071 181.166 -643.457 -810.874 182.291 -643.457 -810.0081 182.291 -644.0791 -811.497 167.613 -644.0791 -811.497 169.017 -644.0791 -810.0081 182.291 -643.457 -811.497 182.291 -644.0791 -810.874 182.291 -643.252 -810.0081 182.291 -643.252 -798.3071 182.291 -643.252 -797.4411 182.291 -643.252 -797.554 168.444 643.3731 -810.762 168.444 643.3731 -797.554 181.652 643.3731 -810.762 181.652 643.3731 -796.819 167.613 642.621 -796.819 169.017 642.621 -810.874 181.166 643.4481 -796.819 182.291 642.621 -798.3071 167.613 642.621 -798.3071 169.017 642.621 -797.4411 181.166 643.4481 -798.3071 182.291 642.621 -810.0081 167.613 642.621 -810.0081 169.017 642.621 -810.0081 182.291 643.4481 -810.0081 182.291 642.621 -811.497 167.613 642.621 -811.497 169.017 642.621 -810.874 182.291 643.4481 -811.497 182.291 642.621 -811.497 167.613 644.0711 -811.497 169.017 644.0711 -798.3071 181.166 643.4481 -811.497 182.291 644.0711 -810.0081 167.613 644.0711 -810.0081 169.015 643.2431 -798.3071 169.015 643.2431 -810.0081 182.291 644.0711 -798.3071 167.613 644.0711 -810.0081 181.166 643.4481 -797.4411 182.291 643.4481 -798.3071 182.291 644.0711 -796.819 167.613 644.0711 -796.819 169.017 644.0711 -798.3071 182.291 643.4481 -796.819 182.291 644.0711 -797.4411 182.291 643.2431 -798.3071 182.291 643.2431 -810.0081 182.291 643.2431 -810.874 182.291 643.2431 1054.62 168.444 893.351 1041.42 168.444 893.351 1054.62 181.652 893.351 1041.42 181.652 893.351 1055.36 167.613 892.5991 1055.36 169.017 892.5991 1041.3 181.166 893.4271 1055.36 182.291 892.5991 1053.87 167.613 892.5991 1053.87 169.017 892.5991 1054.74 181.166 893.4271 1053.87 182.291 892.5991 1042.17 167.613 892.5991 1042.17 169.017 892.5991 1042.17 182.291 893.4271 1042.17 182.291 892.5991 1040.68 167.613 892.5991 1040.68 169.017 892.5991 1041.3 182.291 893.4271 1040.68 182.291 892.5991 1040.68 167.613 894.05 1040.68 169.017 894.05 1053.87 181.166 893.4271 1040.68 182.291 894.05 1042.17 167.613 894.05 1042.17 169.015 893.2221 1053.87 169.015 893.2221 1042.17 182.291 894.05 1053.87 167.613 894.05 1042.17 181.166 893.4271 1054.74 182.291 893.4271 1053.87 182.291 894.05 1055.36 167.613 894.05 1055.36 169.017 894.05 1053.87 182.291 893.4271 1055.36 182.291 894.05 1054.74 182.291 893.2221 1053.87 182.291 893.2221 1042.17 182.291 893.2221 1041.3 182.291 893.2221 559.03 168.444 893.351 545.822 168.444 893.351 559.03 181.652 893.351 545.822 181.652 893.351 559.765 167.613 892.5991 559.765 169.017 892.5991 545.71 181.166 893.4271 559.765 182.291 892.5991 558.276 167.613 892.5991 558.276 169.017 892.5991 559.142 181.166 893.4271 558.276 182.291 892.5991 546.5761 167.613 892.5991 546.5761 169.017 892.5991 546.5761 182.291 893.4271 546.5761 182.291 892.5991 545.087 167.613 892.5991 545.087 169.017 892.5991 545.71 182.291 893.4271 545.087 182.291 892.5991 545.087 167.613 894.05 545.087 169.017 894.05 558.276 181.166 893.4271 545.087 182.291 894.05 546.5761 167.613 894.05 546.5761 169.015 893.2221 558.276 169.015 893.2221 546.5761 182.291 894.05 558.276 167.613 894.05 546.5761 181.166 893.4271 559.142 182.291 893.4271 558.276 182.291 894.05 559.765 167.613 894.05 559.765 169.017 894.05 558.276 182.291 893.4271 559.765 182.291 894.05 559.142 182.291 893.2221 558.276 182.291 893.2221 546.5761 182.291 893.2221 545.71 182.291 893.2221 545.822 168.444 -893.4821 559.03 168.444 -893.4821 545.822 181.652 -893.4821 559.03 181.652 -893.4821 545.087 167.613 -892.73 545.087 169.017 -892.73 559.142 181.166 -893.5571 545.087 182.291 -892.73 546.5761 167.613 -892.73 546.5761 169.017 -892.73 545.71 181.166 -893.5571 546.5761 182.291 -892.73 558.276 167.613 -892.73 558.276 169.017 -892.73 558.276 182.291 -893.5571 558.276 182.291 -892.73 559.765 167.613 -892.73 559.765 169.017 -892.73 559.142 182.291 -893.5571 559.765 182.291 -892.73 559.765 167.613 -894.18 559.765 169.017 -894.18 546.5761 181.166 -893.5571 559.765 182.291 -894.18 558.276 167.613 -894.18 558.276 169.015 -893.3521 546.5761 169.015 -893.3521 558.276 182.291 -894.18 546.5761 167.613 -894.18 558.276 181.166 -893.5571 545.71 182.291 -893.5571 546.5761 182.291 -894.18 545.087 167.613 -894.18 545.087 169.017 -894.18 546.5761 182.291 -893.5571 545.087 182.291 -894.18 545.71 182.291 -893.3521 546.5761 182.291 -893.3521 558.276 182.291 -893.3521 559.142 182.291 -893.3521 1193.34 168.444 735.944 1193.34 168.444 749.152 1193.34 181.652 735.944 1193.34 181.652 749.152 1192.59 167.613 735.2091 1192.59 169.017 735.2091 1193.42 181.166 749.265 1192.59 182.291 735.2091 1192.59 167.613 736.6981 1192.59 169.017 736.6981 1193.42 181.166 735.832 1192.59 182.291 736.6981 1192.59 167.613 748.3991 1192.59 169.017 748.3991 1193.42 182.291 748.3991 1192.59 182.291 748.3991 1192.59 167.613 749.887 1192.59 169.017 749.887 1193.42 182.291 749.265 1192.59 182.291 749.887 1194.04 167.613 749.887 1194.04 169.017 749.887 1193.42 181.166 736.6981 1194.04 182.291 749.887 1194.04 167.613 748.3991 1193.22 169.015 748.3991 1193.22 169.015 736.6981 1194.04 182.291 748.3991 1194.04 167.613 736.6981 1193.42 181.166 748.3991 1193.42 182.291 735.832 1194.04 182.291 736.6981 1194.04 167.613 735.2091 1194.04 169.017 735.2091 1193.42 182.291 736.6981 1194.04 182.291 735.2091 1193.22 182.291 735.832 1193.22 182.291 736.6981 1193.22 182.291 748.3991 1193.22 182.291 749.265 1193.34 168.444 -749.11 1193.34 168.444 -735.902 1193.34 181.652 -749.11 1193.34 181.652 -735.902 1192.59 167.613 -749.845 1192.59 169.017 -749.845 1193.42 181.166 -735.7891 1192.59 182.291 -749.845 1192.59 167.613 -748.356 1192.59 169.017 -748.356 1193.42 181.166 -749.2221 1192.59 182.291 -748.356 1192.59 167.613 -736.655 1192.59 169.017 -736.655 1193.42 182.291 -736.655 1192.59 182.291 -736.655 1192.59 167.613 -735.1671 1192.59 169.017 -735.1671 1193.42 182.291 -735.7891 1192.59 182.291 -735.1671 1194.04 167.613 -735.1671 1194.04 169.017 -735.1671 1193.42 181.166 -748.356 1194.04 182.291 -735.1671 1194.04 167.613 -736.655 1193.22 169.015 -736.655 1193.22 169.015 -748.356 1194.04 182.291 -736.655 1194.04 167.613 -748.356 1193.42 181.166 -736.655 1193.42 182.291 -749.2221 1194.04 182.291 -748.356 1194.04 167.613 -749.845 1194.04 169.017 -749.845 1193.42 182.291 -748.356 1194.04 182.291 -749.845 1193.22 182.291 -749.2221 1193.22 182.291 -748.356 1193.22 182.291 -736.655 1193.22 182.291 -735.7891 1041.42 168.444 -893.4821 1054.62 168.444 -893.4821 1041.42 181.652 -893.4821 1054.62 181.652 -893.4821 1040.68 167.613 -892.73 1040.68 169.017 -892.73 1054.74 181.166 -893.5571 1040.68 182.291 -892.73 1042.17 167.613 -892.73 1042.17 169.017 -892.73 1041.3 181.166 -893.5571 1042.17 182.291 -892.73 1053.87 167.613 -892.73 1053.87 169.017 -892.73 1053.87 182.291 -893.5571 1053.87 182.291 -892.73 1055.36 167.613 -892.73 1055.36 169.017 -892.73 1054.74 182.291 -893.5571 1055.36 182.291 -892.73 1055.36 167.613 -894.18 1055.36 169.017 -894.18 1042.17 181.166 -893.5571 1055.36 182.291 -894.18 1053.87 167.613 -894.18 1053.87 169.015 -893.3521 1042.17 169.015 -893.3521 1053.87 182.291 -894.18 1042.17 167.613 -894.18 1053.87 181.166 -893.5571 1041.3 182.291 -893.5571 1042.17 182.291 -894.18 1040.68 167.613 -894.18 1040.68 169.017 -894.18 1042.17 182.291 -893.5571 1040.68 182.291 -894.18 1041.3 182.291 -893.3521 1042.17 182.291 -893.3521 1053.87 182.291 -893.3521 1054.74 182.291 -893.3521 545.822 168.444 -893.4821 559.03 168.444 -893.4821 545.822 181.652 -893.4821 559.03 181.652 -893.4821 545.087 167.613 -892.73 545.087 169.017 -892.73 559.142 181.166 -893.5571 545.087 182.291 -892.73 546.5761 167.613 -892.73 546.5761 169.017 -892.73 545.71 181.166 -893.5571 546.5761 182.291 -892.73 558.276 167.613 -892.73 558.276 169.017 -892.73 558.276 182.291 -893.5571 558.276 182.291 -892.73 559.765 167.613 -892.73 559.765 169.017 -892.73 559.142 182.291 -893.5571 559.765 182.291 -892.73 559.765 167.613 -894.18 559.765 169.017 -894.18 546.5761 181.166 -893.5571 559.765 182.291 -894.18 558.276 167.613 -894.18 558.276 169.015 -893.3521 546.5761 169.015 -893.3521 558.276 182.291 -894.18 546.5761 167.613 -894.18 558.276 181.166 -893.5571 545.71 182.291 -893.5571 546.5761 182.291 -894.18 545.087 167.613 -894.18 545.087 169.017 -894.18 546.5761 182.291 -893.5571 545.087 182.291 -894.18 545.71 182.291 -893.3521 546.5761 182.291 -893.3521 558.276 182.291 -893.3521 559.142 182.291 -893.3521</float_array>
          <technique_common>
            <accessor source="#ID106_001-mesh-positions-array" count="520" stride="3">
              <param name="X" type="float"/>
              <param name="Y" type="float"/>
              <param name="Z" type="float"/>
            </accessor>
          </technique_common>
        </source>
        <source id="ID106_001-mesh-normals">
          <float_array id="ID106_001-mesh-normals-array" count="132">-1 0 0 0 -1 0 0 0 -1 0 0 1 0 1 0 0.003222286 0.9999948 0 0.003222286 0.9999948 0 1 0 0 0 1 -1.68872e-5 -0.003210067 0.9999949 0 -0.003210067 0.9999949 0 0 1 -1.64485e-5 0 0.9999949 -0.003181636 0 0.999995 0.003186702 0 1 6.57549e-5 0 1 -3.28818e-5 0 1 1.64344e-5 0 0.9999949 0.003181874 0 1 1.64506e-5 0 0.9999949 0.003181934 0 1 -1.64506e-5 0 1 1.64734e-5 0 0.9999949 -0.003186643 0 1 -1.69216e-5 0.003172159 0.999995 0 0 1 6.57635e-5 0 1 1.64366e-5 0 1 -3.29251e-5 3.11031e-5 0 -1 0.003224015 0.9999949 0 -2.75989e-5 0 -1 2.36852e-5 0 1 -0.003210067 0.9999949 0 -1.27258e-5 0 1 0 0.9999949 -0.003215193 0 0.9999948 0.0032202 0 0.9999948 0.003248929 0 0.9999948 0.003248989 0 0.9999948 -0.003253757 -2.05325e-4 0 -1 0.003173053 0.9999951 0 -2.33517e-4 0 1 -3.71712e-5 0 -1 0 0.9999947 -0.003253698</float_array>
          <technique_common>
            <accessor source="#ID106_001-mesh-normals-array" count="44" stride="3">
              <param name="X" type="float"/>
              <param name="Y" type="float"/>
              <param name="Z" type="float"/>
            </accessor>
          </technique_common>
        </source>
        <source id="ID106_001-mesh-map-0">
          <float_array id="ID106_001-mesh-map-0-array" count="4056">0.98812 0.6601 0.0111925 0.01474618 0.98812 0.01474618 0.592355 0.87067 0.537227 0.705287 0.592355 0.705287 0.827066 0.899739 0.787501 0.935279 0.827066 0.899739 0.928603 0.899739 0.968167 0.935279 0.928603 0.899739 0.517888 0.8117 0.349624 0.74037 0.517888 0.74037 0.659028 0.988219 0.758984 0.888275 0.659028 0.888275 0.928603 0.816585 0.900012 0.985511 0.900012 0.730813 0.639506 0.884275 0.536448 0.987322 0.536448 0.884275 0.827066 0.816585 0.770757 0.730813 0.855657 0.730813 0.116816 0.778129 0.01176095 0.673074 0.116816 0.673074 0.221871 0.778129 0.116816 0.673074 0.221871 0.673074 0.326926 0.778129 0.221871 0.673074 0.326926 0.673074 0.116816 0.988239 0.01176095 0.778129 0.116816 0.778129 0.946907 0.674639 0.361168 0.674639 0.946907 0.674639 0.326926 0.988239 0.221871 0.778129 0.326926 0.778129 0.928603 0.899739 0.984911 0.985511 0.900012 0.985511 0.855657 0.985511 0.827066 0.816585 0.855657 0.730813 0.515831 0.877983 0.350448 0.822856 0.515831 0.822856 0.515831 0.988239 0.350448 0.877983 0.515831 0.877983 0.770757 0.985511 0.827066 0.899739 0.855657 0.985511 0.517888 0.74037 0.349624 0.704705 0.517888 0.704705 0.984911 0.730813 0.928603 0.816585 0.900012 0.730813 0.702542 0.870465 0.647482 0.705287 0.702542 0.705287 0.758984 0.888275 0.659028 0.988231 0.659028 0.888275 0.361168 0.674639 0.952439 0.691237 0.355635 0.691237 0.647482 0.87067 0.592355 0.705287 0.647482 0.705287 0.98812 0.6601 0.0111925 0.01474618 0.98812 0.01474618 0.592355 0.87067 0.537227 0.705287 0.592355 0.705287 0.827066 0.899739 0.787501 0.935279 0.827066 0.899739 0.928603 0.899739 0.968167 0.935279 0.928603 0.899739 0.517888 0.8117 0.349624 0.74037 0.517888 0.74037 0.659028 0.988219 0.758984 0.888275 0.659028 0.888275 0.928603 0.816585 0.900012 0.985511 0.900012 0.730813 0.639506 0.884275 0.536448 0.987322 0.536448 0.884275 0.827066 0.816585 0.770757 0.730813 0.855657 0.730813 0.116816 0.778129 0.01176095 0.673074 0.116816 0.673074 0.221871 0.778129 0.116816 0.673074 0.221871 0.673074 0.326926 0.778129 0.221871 0.673074 0.326926 0.673074 0.116816 0.988239 0.01176095 0.778129 0.116816 0.778129 0.946907 0.674639 0.361168 0.674639 0.946907 0.674639 0.326926 0.988239 0.221871 0.778129 0.326926 0.778129 0.928603 0.899739 0.984911 0.985511 0.900012 0.985511 0.855657 0.985511 0.827066 0.816585 0.855657 0.730813 0.515831 0.877983 0.350448 0.822856 0.515831 0.822856 0.515831 0.988239 0.350448 0.877983 0.515831 0.877983 0.770757 0.985511 0.827066 0.899739 0.855657 0.985511 0.517888 0.74037 0.349624 0.704705 0.517888 0.704705 0.984911 0.730813 0.928603 0.816585 0.900012 0.730813 0.702542 0.870465 0.647482 0.705287 0.702542 0.705287 0.758984 0.888275 0.659028 0.988231 0.659028 0.888275 0.361168 0.674639 0.952439 0.691237 0.355635 0.691237 0.647482 0.87067 0.592355 0.705287 0.647482 0.705287 0.98812 0.6601 0.0111925 0.01474618 0.98812 0.01474618 0.592355 0.87067 0.537227 0.705287 0.592355 0.705287 0.827066 0.899739 0.787501 0.935279 0.827066 0.899739 0.928603 0.899739 0.968167 0.935279 0.928603 0.899739 0.517888 0.8117 0.349624 0.74037 0.517888 0.74037 0.659028 0.988219 0.758984 0.888275 0.659028 0.888275 0.900012 0.730813 0.928603 0.899739 0.900012 0.985511 0.639506 0.884275 0.536448 0.987322 0.536448 0.884275 0.827066 0.816585 0.770757 0.730813 0.855657 0.730813 0.116816 0.778129 0.01176095 0.673074 0.116816 0.673074 0.221871 0.778129 0.116816 0.673074 0.221871 0.673074 0.326926 0.778129 0.221871 0.673074 0.326926 0.673074 0.116816 0.988239 0.01176095 0.778129 0.116816 0.778129 0.946907 0.674639 0.361168 0.674639 0.946907 0.674639 0.326926 0.988239 0.221871 0.778129 0.326926 0.778129 0.928603 0.899739 0.984911 0.985511 0.900012 0.985511 0.827066 0.899739 0.855657 0.730813 0.855657 0.985511 0.515831 0.877983 0.350448 0.822856 0.515831 0.822856 0.515831 0.988239 0.350448 0.877983 0.515831 0.877983 0.770757 0.985511 0.827066 0.899739 0.855657 0.985511 0.517888 0.74037 0.349624 0.704705 0.517888 0.704705 0.984911 0.730813 0.928603 0.816585 0.900012 0.730813 0.702542 0.870465 0.647482 0.705287 0.702542 0.705287 0.758984 0.888275 0.659028 0.988231 0.659028 0.888275 0.361168 0.674639 0.952439 0.691237 0.355635 0.691237 0.647482 0.87067 0.592355 0.705287 0.647482 0.705287 0.98812 0.6601 0.0111925 0.01474618 0.98812 0.01474618 0.592355 0.87067 0.537227 0.705287 0.592355 0.705287 0.827066 0.899739 0.787501 0.935279 0.827066 0.899739 0.928603 0.899739 0.968167 0.935279 0.928603 0.899739 0.517888 0.8117 0.349624 0.74037 0.517888 0.74037 0.659028 0.988219 0.758984 0.888275 0.659028 0.888275 0.900012 0.730813 0.928603 0.899739 0.900012 0.985511 0.639506 0.884275 0.536448 0.987322 0.536448 0.884275 0.827066 0.816585 0.770757 0.730813 0.855657 0.730813 0.116816 0.778129 0.01176095 0.673074 0.116816 0.673074 0.221871 0.778129 0.116816 0.673074 0.221871 0.673074 0.326926 0.778129 0.221871 0.673074 0.326926 0.673074 0.116816 0.988239 0.01176095 0.778129 0.116816 0.778129 0.946907 0.674639 0.361168 0.674639 0.946907 0.674639 0.326926 0.988239 0.221871 0.778129 0.326926 0.778129 0.928603 0.899739 0.984911 0.985511 0.900012 0.985511 0.827066 0.899739 0.855657 0.730813 0.855657 0.985511 0.515831 0.877983 0.350448 0.822856 0.515831 0.822856 0.515831 0.988239 0.350448 0.877983 0.515831 0.877983 0.770757 0.985511 0.827066 0.899739 0.855657 0.985511 0.517888 0.74037 0.349624 0.704705 0.517888 0.704705 0.984911 0.730813 0.928603 0.816585 0.900012 0.730813 0.702542 0.870465 0.647482 0.705287 0.702542 0.705287 0.758984 0.888275 0.659028 0.988231 0.659028 0.888275 0.361168 0.674639 0.952439 0.691237 0.355635 0.691237 0.647482 0.87067 0.592355 0.705287 0.647482 0.705287 0.98812 0.6601 0.0111925 0.01474618 0.98812 0.01474618 0.592355 0.87067 0.537227 0.705287 0.592355 0.705287 0.827066 0.899739 0.787501 0.935279 0.827066 0.899739 0.928603 0.899739 0.968167 0.935279 0.928603 0.899739 0.517888 0.8117 0.349624 0.74037 0.517888 0.74037 0.659028 0.988219 0.758984 0.888275 0.659028 0.888275 0.928603 0.816585 0.900012 0.985511 0.900012 0.730813 0.639506 0.884275 0.536448 0.987322 0.536448 0.884275 0.827066 0.816585 0.770757 0.730813 0.855657 0.730813 0.116816 0.778129 0.01176095 0.673074 0.116816 0.673074 0.221871 0.778129 0.116816 0.673074 0.221871 0.673074 0.326926 0.778129 0.221871 0.673074 0.326926 0.673074 0.116816 0.988239 0.01176095 0.778129 0.116816 0.778129 0.946907 0.674639 0.361168 0.674639 0.946907 0.674639 0.326926 0.988239 0.221871 0.778129 0.326926 0.778129 0.928603 0.899739 0.984911 0.985511 0.900012 0.985511 0.855657 0.985511 0.827066 0.816585 0.855657 0.730813 0.515831 0.877983 0.350448 0.822856 0.515831 0.822856 0.515831 0.988239 0.350448 0.877983 0.515831 0.877983 0.770757 0.985511 0.827066 0.899739 0.855657 0.985511 0.517888 0.74037 0.349624 0.704705 0.517888 0.704705 0.984911 0.730813 0.928603 0.816585 0.900012 0.730813 0.702542 0.870465 0.647482 0.705287 0.702542 0.705287 0.758984 0.888275 0.659028 0.988231 0.659028 0.888275 0.361168 0.674639 0.952439 0.691237 0.355635 0.691237 0.647482 0.87067 0.592355 0.705287 0.647482 0.705287 0.98812 0.6601 0.0111925 0.01474618 0.98812 0.01474618 0.592355 0.87067 0.537227 0.705287 0.592355 0.705287 0.827066 0.899739 0.787501 0.935279 0.827066 0.899739 0.928603 0.899739 0.968167 0.935279 0.928603 0.899739 0.517888 0.8117 0.349624 0.74037 0.517888 0.74037 0.659028 0.988219 0.758984 0.888275 0.659028 0.888275 0.900012 0.730813 0.928603 0.899739 0.900012 0.985511 0.639506 0.884275 0.536448 0.987322 0.536448 0.884275 0.827066 0.816585 0.770757 0.730813 0.855657 0.730813 0.116816 0.778129 0.01176095 0.673074 0.116816 0.673074 0.221871 0.778129 0.116816 0.673074 0.221871 0.673074 0.326926 0.778129 0.221871 0.673074 0.326926 0.673074 0.116816 0.988239 0.01176095 0.778129 0.116816 0.778129 0.946907 0.674639 0.361168 0.674639 0.946907 0.674639 0.326926 0.988239 0.221871 0.778129 0.326926 0.778129 0.928603 0.899739 0.984911 0.985511 0.900012 0.985511 0.827066 0.899739 0.855657 0.730813 0.855657 0.985511 0.515831 0.877983 0.350448 0.822856 0.515831 0.822856 0.515831 0.988239 0.350448 0.877983 0.515831 0.877983 0.770757 0.985511 0.827066 0.899739 0.855657 0.985511 0.517888 0.74037 0.349624 0.704705 0.517888 0.704705 0.984911 0.730813 0.928603 0.816585 0.900012 0.730813 0.702542 0.870465 0.647482 0.705287 0.702542 0.705287 0.758984 0.888275 0.659028 0.988231 0.659028 0.888275 0.361168 0.674639 0.952439 0.691237 0.355635 0.691237 0.647482 0.87067 0.592355 0.705287 0.647482 0.705287 0.98812 0.6601 0.0111925 0.01474618 0.98812 0.01474618 0.592355 0.87067 0.537227 0.705287 0.592355 0.705287 0.827066 0.899739 0.787501 0.935279 0.827066 0.899739 0.928603 0.899739 0.968167 0.935279 0.928603 0.899739 0.517888 0.8117 0.349624 0.74037 0.517888 0.74037 0.659028 0.988219 0.758984 0.888275 0.659028 0.888275 0.928603 0.816585 0.900012 0.985511 0.900012 0.730813 0.639506 0.884275 0.536448 0.987322 0.536448 0.884275 0.827066 0.816585 0.770757 0.730813 0.855657 0.730813 0.116816 0.778129 0.01176095 0.673074 0.116816 0.673074 0.221871 0.778129 0.116816 0.673074 0.221871 0.673074 0.326926 0.778129 0.221871 0.673074 0.326926 0.673074 0.116816 0.988239 0.01176095 0.778129 0.116816 0.778129 0.946907 0.674639 0.361168 0.674639 0.946907 0.674639 0.326926 0.988239 0.221871 0.778129 0.326926 0.778129 0.928603 0.899739 0.984911 0.985511 0.900012 0.985511 0.855657 0.985511 0.827066 0.816585 0.855657 0.730813 0.515831 0.877983 0.350448 0.822856 0.515831 0.822856 0.515831 0.988239 0.350448 0.877983 0.515831 0.877983 0.770757 0.985511 0.827066 0.899739 0.855657 0.985511 0.517888 0.74037 0.349624 0.704705 0.517888 0.704705 0.984911 0.730813 0.928603 0.816585 0.900012 0.730813 0.702542 0.870465 0.647482 0.705287 0.702542 0.705287 0.758984 0.888275 0.659028 0.988231 0.659028 0.888275 0.361168 0.674639 0.952439 0.691237 0.355635 0.691237 0.647482 0.87067 0.592355 0.705287 0.647482 0.705287 0.98812 0.6601 0.0111925 0.01474618 0.98812 0.01474618 0.592355 0.87067 0.537227 0.705287 0.592355 0.705287 0.827066 0.899739 0.787501 0.935279 0.827066 0.899739 0.928603 0.899739 0.968167 0.935279 0.928603 0.899739 0.517888 0.8117 0.349624 0.74037 0.517888 0.74037 0.659028 0.988219 0.758984 0.888275 0.659028 0.888275 0.928603 0.816585 0.900012 0.985511 0.900012 0.730813 0.639506 0.884275 0.536448 0.987322 0.536448 0.884275 0.827066 0.816585 0.770757 0.730813 0.855657 0.730813 0.116816 0.778129 0.01176095 0.673074 0.116816 0.673074 0.221871 0.778129 0.116816 0.673074 0.221871 0.673074 0.326926 0.778129 0.221871 0.673074 0.326926 0.673074 0.116816 0.988239 0.01176095 0.778129 0.116816 0.778129 0.946907 0.674639 0.361168 0.674639 0.946907 0.674639 0.326926 0.988239 0.221871 0.778129 0.326926 0.778129 0.928603 0.899739 0.984911 0.985511 0.900012 0.985511 0.855657 0.985511 0.827066 0.816585 0.855657 0.730813 0.515831 0.877983 0.350448 0.822856 0.515831 0.822856 0.515831 0.988239 0.350448 0.877983 0.515831 0.877983 0.770757 0.985511 0.827066 0.899739 0.855657 0.985511 0.517888 0.74037 0.349624 0.704705 0.517888 0.704705 0.984911 0.730813 0.928603 0.816585 0.900012 0.730813 0.702542 0.870465 0.647482 0.705287 0.702542 0.705287 0.758984 0.888275 0.659028 0.988231 0.659028 0.888275 0.361168 0.674639 0.952439 0.691237 0.355635 0.691237 0.647482 0.87067 0.592355 0.705287 0.647482 0.705287 0.98812 0.6601 0.0111925 0.01474618 0.98812 0.01474618 0.592355 0.87067 0.537227 0.705287 0.592355 0.705287 0.827066 0.899739 0.787501 0.935279 0.827066 0.899739 0.928603 0.899739 0.968167 0.935279 0.928603 0.899739 0.517888 0.8117 0.349624 0.74037 0.517888 0.74037 0.659028 0.988219 0.758984 0.888275 0.659028 0.888275 0.900012 0.730813 0.928603 0.899739 0.900012 0.985511 0.639506 0.884275 0.536448 0.987322 0.536448 0.884275 0.827066 0.816585 0.770757 0.730813 0.855657 0.730813 0.116816 0.778129 0.01176095 0.673074 0.116816 0.673074 0.221871 0.778129 0.116816 0.673074 0.221871 0.673074 0.326926 0.778129 0.221871 0.673074 0.326926 0.673074 0.116816 0.988239 0.01176095 0.778129 0.116816 0.778129 0.946907 0.674639 0.361168 0.674639 0.946907 0.674639 0.326926 0.988239 0.221871 0.778129 0.326926 0.778129 0.928603 0.899739 0.984911 0.985511 0.900012 0.985511 0.827066 0.899739 0.855657 0.730813 0.855657 0.985511 0.515831 0.877983 0.350448 0.822856 0.515831 0.822856 0.515831 0.988239 0.350448 0.877983 0.515831 0.877983 0.770757 0.985511 0.827066 0.899739 0.855657 0.985511 0.517888 0.74037 0.349624 0.704705 0.517888 0.704705 0.984911 0.730813 0.928603 0.816585 0.900012 0.730813 0.702542 0.870465 0.647482 0.705287 0.702542 0.705287 0.758984 0.888275 0.659028 0.988231 0.659028 0.888275 0.361168 0.674639 0.952439 0.691237 0.355635 0.691237 0.647482 0.87067 0.592355 0.705287 0.647482 0.705287 0.98812 0.6601 0.0111925 0.01474618 0.98812 0.01474618 0.592355 0.87067 0.537227 0.705287 0.592355 0.705287 0.827066 0.899739 0.787501 0.935279 0.827066 0.899739 0.928603 0.899739 0.968167 0.935279 0.928603 0.899739 0.517888 0.8117 0.349624 0.74037 0.517888 0.74037 0.659028 0.988219 0.758984 0.888275 0.659028 0.888275 0.928603 0.816585 0.900012 0.985511 0.900012 0.730813 0.639506 0.884275 0.536448 0.987322 0.536448 0.884275 0.827066 0.816585 0.770757 0.730813 0.855657 0.730813 0.116816 0.778129 0.01176095 0.673074 0.116816 0.673074 0.221871 0.778129 0.116816 0.673074 0.221871 0.673074 0.326926 0.778129 0.221871 0.673074 0.326926 0.673074 0.116816 0.988239 0.01176095 0.778129 0.116816 0.778129 0.946907 0.674639 0.361168 0.674639 0.946907 0.674639 0.326926 0.988239 0.221871 0.778129 0.326926 0.778129 0.928603 0.899739 0.984911 0.985511 0.900012 0.985511 0.855657 0.985511 0.827066 0.816585 0.855657 0.730813 0.515831 0.877983 0.350448 0.822856 0.515831 0.822856 0.515831 0.988239 0.350448 0.877983 0.515831 0.877983 0.770757 0.985511 0.827066 0.899739 0.855657 0.985511 0.517888 0.74037 0.349624 0.704705 0.517888 0.704705 0.984911 0.730813 0.928603 0.816585 0.900012 0.730813 0.702542 0.870465 0.647482 0.705287 0.702542 0.705287 0.758984 0.888275 0.659028 0.988231 0.659028 0.888275 0.361168 0.674639 0.952439 0.691237 0.355635 0.691237 0.647482 0.87067 0.592355 0.705287 0.647482 0.705287 0.98812 0.6601 0.0111925 0.01474618 0.98812 0.01474618 0.592355 0.87067 0.537227 0.705287 0.592355 0.705287 0.827066 0.899739 0.787501 0.935279 0.827066 0.899739 0.928603 0.899739 0.968167 0.935279 0.928603 0.899739 0.517888 0.8117 0.349624 0.74037 0.517888 0.74037 0.659028 0.988219 0.758984 0.888275 0.659028 0.888275 0.928603 0.816585 0.900012 0.985511 0.900012 0.730813 0.639506 0.884275 0.536448 0.987322 0.536448 0.884275 0.827066 0.816585 0.770757 0.730813 0.855657 0.730813 0.116816 0.778129 0.01176095 0.673074 0.116816 0.673074 0.221871 0.778129 0.116816 0.673074 0.221871 0.673074 0.326926 0.778129 0.221871 0.673074 0.326926 0.673074 0.116816 0.988239 0.01176095 0.778129 0.116816 0.778129 0.946907 0.674639 0.361168 0.674639 0.946907 0.674639 0.326926 0.988239 0.221871 0.778129 0.326926 0.778129 0.928603 0.899739 0.984911 0.985511 0.900012 0.985511 0.855657 0.985511 0.827066 0.816585 0.855657 0.730813 0.515831 0.877983 0.350448 0.822856 0.515831 0.822856 0.515831 0.988239 0.350448 0.877983 0.515831 0.877983 0.770757 0.985511 0.827066 0.899739 0.855657 0.985511 0.517888 0.74037 0.349624 0.704705 0.517888 0.704705 0.984911 0.730813 0.928603 0.816585 0.900012 0.730813 0.702542 0.870465 0.647482 0.705287 0.702542 0.705287 0.758984 0.888275 0.659028 0.988231 0.659028 0.888275 0.361168 0.674639 0.952439 0.691237 0.355635 0.691237 0.647482 0.87067 0.592355 0.705287 0.647482 0.705287 0.98812 0.6601 0.0111925 0.01474618 0.98812 0.01474618 0.592355 0.87067 0.537227 0.705287 0.592355 0.705287 0.827066 0.899739 0.787501 0.935279 0.827066 0.899739 0.928603 0.899739 0.968167 0.935279 0.928603 0.899739 0.517888 0.8117 0.349624 0.74037 0.517888 0.74037 0.659028 0.988219 0.758984 0.888275 0.659028 0.888275 0.900012 0.730813 0.928603 0.899739 0.900012 0.985511 0.639506 0.884275 0.536448 0.987322 0.536448 0.884275 0.827066 0.816585 0.770757 0.730813 0.855657 0.730813 0.116816 0.778129 0.01176095 0.673074 0.116816 0.673074 0.221871 0.778129 0.116816 0.673074 0.221871 0.673074 0.326926 0.778129 0.221871 0.673074 0.326926 0.673074 0.116816 0.988239 0.01176095 0.778129 0.116816 0.778129 0.946907 0.674639 0.361168 0.674639 0.946907 0.674639 0.326926 0.988239 0.221871 0.778129 0.326926 0.778129 0.928603 0.899739 0.984911 0.985511 0.900012 0.985511 0.827066 0.899739 0.855657 0.730813 0.855657 0.985511 0.515831 0.877983 0.350448 0.822856 0.515831 0.822856 0.515831 0.988239 0.350448 0.877983 0.515831 0.877983 0.770757 0.985511 0.827066 0.899739 0.855657 0.985511 0.517888 0.74037 0.349624 0.704705 0.517888 0.704705 0.984911 0.730813 0.928603 0.816585 0.900012 0.730813 0.702542 0.870465 0.647482 0.705287 0.702542 0.705287 0.758984 0.888275 0.659028 0.988231 0.659028 0.888275 0.361168 0.674639 0.952439 0.691237 0.355635 0.691237 0.647482 0.87067 0.592355 0.705287 0.647482 0.705287 0.98812 0.6601 0.0111925 0.01474618 0.98812 0.01474618 0.592355 0.87067 0.537227 0.705287 0.592355 0.705287 0.827066 0.899739 0.787501 0.935279 0.827066 0.899739 0.928603 0.899739 0.968167 0.935279 0.928603 0.899739 0.517888 0.8117 0.349624 0.74037 0.517888 0.74037 0.659028 0.988219 0.758984 0.888275 0.659028 0.888275 0.900012 0.730813 0.928603 0.899739 0.900012 0.985511 0.639506 0.884275 0.536448 0.987322 0.536448 0.884275 0.827066 0.816585 0.770757 0.730813 0.855657 0.730813 0.116816 0.778129 0.01176095 0.673074 0.116816 0.673074 0.221871 0.778129 0.116816 0.673074 0.221871 0.673074 0.326926 0.778129 0.221871 0.673074 0.326926 0.673074 0.116816 0.988239 0.01176095 0.778129 0.116816 0.778129 0.946907 0.674639 0.361168 0.674639 0.946907 0.674639 0.326926 0.988239 0.221871 0.778129 0.326926 0.778129 0.928603 0.899739 0.984911 0.985511 0.900012 0.985511 0.827066 0.899739 0.855657 0.730813 0.855657 0.985511 0.515831 0.877983 0.350448 0.822856 0.515831 0.822856 0.515831 0.988239 0.350448 0.877983 0.515831 0.877983 0.770757 0.985511 0.827066 0.899739 0.855657 0.985511 0.517888 0.74037 0.349624 0.704705 0.517888 0.704705 0.984911 0.730813 0.928603 0.816585 0.900012 0.730813 0.702542 0.870465 0.647482 0.705287 0.702542 0.705287 0.758984 0.888275 0.659028 0.988231 0.659028 0.888275 0.361168 0.674639 0.952439 0.691237 0.355635 0.691237 0.647482 0.87067 0.592355 0.705287 0.647482 0.705287 0.98812 0.6601 0.0111925 0.6601 0.0111925 0.01474618 0.592355 0.87067 0.537227 0.87067 0.537227 0.705287 0.827066 0.899739 0.787501 0.935279 0.787501 0.935279 0.928603 0.899739 0.968167 0.935279 0.968167 0.935279 0.517888 0.8117 0.349624 0.8117 0.349624 0.74037 0.659028 0.988219 0.758984 0.988231 0.758984 0.888275 0.928603 0.816585 0.928603 0.899739 0.900012 0.985511 0.639506 0.884275 0.639506 0.987334 0.536448 0.987322 0.827066 0.816585 0.787501 0.781045 0.770757 0.730813 0.116816 0.778129 0.01176095 0.778129 0.01176095 0.673074 0.221871 0.778129 0.116816 0.778129 0.116816 0.673074 0.326926 0.778129 0.221871 0.778129 0.221871 0.673074 0.116816 0.988239 0.01176095 0.988239 0.01176095 0.778129 0.946907 0.674639 0.361168 0.674639 0.361168 0.674639 0.326926 0.988239 0.221871 0.988239 0.221871 0.778129 0.928603 0.899739 0.968167 0.935279 0.984911 0.985511 0.855657 0.985511 0.827066 0.899739 0.827066 0.816585 0.515831 0.877983 0.350448 0.877983 0.350448 0.822856 0.515831 0.988239 0.350448 0.988239 0.350448 0.877983 0.770757 0.985511 0.787501 0.935279 0.827066 0.899739 0.517888 0.74037 0.349624 0.74037 0.349624 0.704705 0.984911 0.730813 0.968167 0.781045 0.928603 0.816585 0.702542 0.870465 0.647482 0.870465 0.647482 0.705287 0.758984 0.888275 0.758984 0.988231 0.659028 0.988231 0.361168 0.674639 0.946907 0.674639 0.952439 0.691237 0.647482 0.87067 0.592355 0.87067 0.592355 0.705287 0.98812 0.6601 0.0111925 0.6601 0.0111925 0.01474618 0.592355 0.87067 0.537227 0.87067 0.537227 0.705287 0.827066 0.899739 0.787501 0.935279 0.787501 0.935279 0.928603 0.899739 0.968167 0.935279 0.968167 0.935279 0.517888 0.8117 0.349624 0.8117 0.349624 0.74037 0.659028 0.988219 0.758984 0.988231 0.758984 0.888275 0.928603 0.816585 0.928603 0.899739 0.900012 0.985511 0.639506 0.884275 0.639506 0.987334 0.536448 0.987322 0.827066 0.816585 0.787501 0.781045 0.770757 0.730813 0.116816 0.778129 0.01176095 0.778129 0.01176095 0.673074 0.221871 0.778129 0.116816 0.778129 0.116816 0.673074 0.326926 0.778129 0.221871 0.778129 0.221871 0.673074 0.116816 0.988239 0.01176095 0.988239 0.01176095 0.778129 0.946907 0.674639 0.361168 0.674639 0.361168 0.674639 0.326926 0.988239 0.221871 0.988239 0.221871 0.778129 0.928603 0.899739 0.968167 0.935279 0.984911 0.985511 0.855657 0.985511 0.827066 0.899739 0.827066 0.816585 0.515831 0.877983 0.350448 0.877983 0.350448 0.822856 0.515831 0.988239 0.350448 0.988239 0.350448 0.877983 0.770757 0.985511 0.787501 0.935279 0.827066 0.899739 0.517888 0.74037 0.349624 0.74037 0.349624 0.704705 0.984911 0.730813 0.968167 0.781045 0.928603 0.816585 0.702542 0.870465 0.647482 0.870465 0.647482 0.705287 0.758984 0.888275 0.758984 0.988231 0.659028 0.988231 0.361168 0.674639 0.946907 0.674639 0.952439 0.691237 0.647482 0.87067 0.592355 0.87067 0.592355 0.705287 0.98812 0.6601 0.0111925 0.6601 0.0111925 0.01474618 0.592355 0.87067 0.537227 0.87067 0.537227 0.705287 0.827066 0.899739 0.787501 0.935279 0.787501 0.935279 0.928603 0.899739 0.968167 0.935279 0.968167 0.935279 0.517888 0.8117 0.349624 0.8117 0.349624 0.74037 0.659028 0.988219 0.758984 0.988231 0.758984 0.888275 0.900012 0.730813 0.928603 0.816585 0.928603 0.899739 0.639506 0.884275 0.639506 0.987334 0.536448 0.987322 0.827066 0.816585 0.787501 0.781045 0.770757 0.730813 0.116816 0.778129 0.01176095 0.778129 0.01176095 0.673074 0.221871 0.778129 0.116816 0.778129 0.116816 0.673074 0.326926 0.778129 0.221871 0.778129 0.221871 0.673074 0.116816 0.988239 0.01176095 0.988239 0.01176095 0.778129 0.946907 0.674639 0.361168 0.674639 0.361168 0.674639 0.326926 0.988239 0.221871 0.988239 0.221871 0.778129 0.928603 0.899739 0.968167 0.935279 0.984911 0.985511 0.827066 0.899739 0.827066 0.816585 0.855657 0.730813 0.515831 0.877983 0.350448 0.877983 0.350448 0.822856 0.515831 0.988239 0.350448 0.988239 0.350448 0.877983 0.770757 0.985511 0.787501 0.935279 0.827066 0.899739 0.517888 0.74037 0.349624 0.74037 0.349624 0.704705 0.984911 0.730813 0.968167 0.781045 0.928603 0.816585 0.702542 0.870465 0.647482 0.870465 0.647482 0.705287 0.758984 0.888275 0.758984 0.988231 0.659028 0.988231 0.361168 0.674639 0.946907 0.674639 0.952439 0.691237 0.647482 0.87067 0.592355 0.87067 0.592355 0.705287 0.98812 0.6601 0.0111925 0.6601 0.0111925 0.01474618 0.592355 0.87067 0.537227 0.87067 0.537227 0.705287 0.827066 0.899739 0.787501 0.935279 0.787501 0.935279 0.928603 0.899739 0.968167 0.935279 0.968167 0.935279 0.517888 0.8117 0.349624 0.8117 0.349624 0.74037 0.659028 0.988219 0.758984 0.988231 0.758984 0.888275 0.900012 0.730813 0.928603 0.816585 0.928603 0.899739 0.639506 0.884275 0.639506 0.987334 0.536448 0.987322 0.827066 0.816585 0.787501 0.781045 0.770757 0.730813 0.116816 0.778129 0.01176095 0.778129 0.01176095 0.673074 0.221871 0.778129 0.116816 0.778129 0.116816 0.673074 0.326926 0.778129 0.221871 0.778129 0.221871 0.673074 0.116816 0.988239 0.01176095 0.988239 0.01176095 0.778129 0.946907 0.674639 0.361168 0.674639 0.361168 0.674639 0.326926 0.988239 0.221871 0.988239 0.221871 0.778129 0.928603 0.899739 0.968167 0.935279 0.984911 0.985511 0.827066 0.899739 0.827066 0.816585 0.855657 0.730813 0.515831 0.877983 0.350448 0.877983 0.350448 0.822856 0.515831 0.988239 0.350448 0.988239 0.350448 0.877983 0.770757 0.985511 0.787501 0.935279 0.827066 0.899739 0.517888 0.74037 0.349624 0.74037 0.349624 0.704705 0.984911 0.730813 0.968167 0.781045 0.928603 0.816585 0.702542 0.870465 0.647482 0.870465 0.647482 0.705287 0.758984 0.888275 0.758984 0.988231 0.659028 0.988231 0.361168 0.674639 0.946907 0.674639 0.952439 0.691237 0.647482 0.87067 0.592355 0.87067 0.592355 0.705287 0.98812 0.6601 0.0111925 0.6601 0.0111925 0.01474618 0.592355 0.87067 0.537227 0.87067 0.537227 0.705287 0.827066 0.899739 0.787501 0.935279 0.787501 0.935279 0.928603 0.899739 0.968167 0.935279 0.968167 0.935279 0.517888 0.8117 0.349624 0.8117 0.349624 0.74037 0.659028 0.988219 0.758984 0.988231 0.758984 0.888275 0.928603 0.816585 0.928603 0.899739 0.900012 0.985511 0.639506 0.884275 0.639506 0.987334 0.536448 0.987322 0.827066 0.816585 0.787501 0.781045 0.770757 0.730813 0.116816 0.778129 0.01176095 0.778129 0.01176095 0.673074 0.221871 0.778129 0.116816 0.778129 0.116816 0.673074 0.326926 0.778129 0.221871 0.778129 0.221871 0.673074 0.116816 0.988239 0.01176095 0.988239 0.01176095 0.778129 0.946907 0.674639 0.361168 0.674639 0.361168 0.674639 0.326926 0.988239 0.221871 0.988239 0.221871 0.778129 0.928603 0.899739 0.968167 0.935279 0.984911 0.985511 0.855657 0.985511 0.827066 0.899739 0.827066 0.816585 0.515831 0.877983 0.350448 0.877983 0.350448 0.822856 0.515831 0.988239 0.350448 0.988239 0.350448 0.877983 0.770757 0.985511 0.787501 0.935279 0.827066 0.899739 0.517888 0.74037 0.349624 0.74037 0.349624 0.704705 0.984911 0.730813 0.968167 0.781045 0.928603 0.816585 0.702542 0.870465 0.647482 0.870465 0.647482 0.705287 0.758984 0.888275 0.758984 0.988231 0.659028 0.988231 0.361168 0.674639 0.946907 0.674639 0.952439 0.691237 0.647482 0.87067 0.592355 0.87067 0.592355 0.705287 0.98812 0.6601 0.0111925 0.6601 0.0111925 0.01474618 0.592355 0.87067 0.537227 0.87067 0.537227 0.705287 0.827066 0.899739 0.787501 0.935279 0.787501 0.935279 0.928603 0.899739 0.968167 0.935279 0.968167 0.935279 0.517888 0.8117 0.349624 0.8117 0.349624 0.74037 0.659028 0.988219 0.758984 0.988231 0.758984 0.888275 0.900012 0.730813 0.928603 0.816585 0.928603 0.899739 0.639506 0.884275 0.639506 0.987334 0.536448 0.987322 0.827066 0.816585 0.787501 0.781045 0.770757 0.730813 0.116816 0.778129 0.01176095 0.778129 0.01176095 0.673074 0.221871 0.778129 0.116816 0.778129 0.116816 0.673074 0.326926 0.778129 0.221871 0.778129 0.221871 0.673074 0.116816 0.988239 0.01176095 0.988239 0.01176095 0.778129 0.946907 0.674639 0.361168 0.674639 0.361168 0.674639 0.326926 0.988239 0.221871 0.988239 0.221871 0.778129 0.928603 0.899739 0.968167 0.935279 0.984911 0.985511 0.827066 0.899739 0.827066 0.816585 0.855657 0.730813 0.515831 0.877983 0.350448 0.877983 0.350448 0.822856 0.515831 0.988239 0.350448 0.988239 0.350448 0.877983 0.770757 0.985511 0.787501 0.935279 0.827066 0.899739 0.517888 0.74037 0.349624 0.74037 0.349624 0.704705 0.984911 0.730813 0.968167 0.781045 0.928603 0.816585 0.702542 0.870465 0.647482 0.870465 0.647482 0.705287 0.758984 0.888275 0.758984 0.988231 0.659028 0.988231 0.361168 0.674639 0.946907 0.674639 0.952439 0.691237 0.647482 0.87067 0.592355 0.87067 0.592355 0.705287 0.98812 0.6601 0.0111925 0.6601 0.0111925 0.01474618 0.592355 0.87067 0.537227 0.87067 0.537227 0.705287 0.827066 0.899739 0.787501 0.935279 0.787501 0.935279 0.928603 0.899739 0.968167 0.935279 0.968167 0.935279 0.517888 0.8117 0.349624 0.8117 0.349624 0.74037 0.659028 0.988219 0.758984 0.988231 0.758984 0.888275 0.928603 0.816585 0.928603 0.899739 0.900012 0.985511 0.639506 0.884275 0.639506 0.987334 0.536448 0.987322 0.827066 0.816585 0.787501 0.781045 0.770757 0.730813 0.116816 0.778129 0.01176095 0.778129 0.01176095 0.673074 0.221871 0.778129 0.116816 0.778129 0.116816 0.673074 0.326926 0.778129 0.221871 0.778129 0.221871 0.673074 0.116816 0.988239 0.01176095 0.988239 0.01176095 0.778129 0.946907 0.674639 0.361168 0.674639 0.361168 0.674639 0.326926 0.988239 0.221871 0.988239 0.221871 0.778129 0.928603 0.899739 0.968167 0.935279 0.984911 0.985511 0.855657 0.985511 0.827066 0.899739 0.827066 0.816585 0.515831 0.877983 0.350448 0.877983 0.350448 0.822856 0.515831 0.988239 0.350448 0.988239 0.350448 0.877983 0.770757 0.985511 0.787501 0.935279 0.827066 0.899739 0.517888 0.74037 0.349624 0.74037 0.349624 0.704705 0.984911 0.730813 0.968167 0.781045 0.928603 0.816585 0.702542 0.870465 0.647482 0.870465 0.647482 0.705287 0.758984 0.888275 0.758984 0.988231 0.659028 0.988231 0.361168 0.674639 0.946907 0.674639 0.952439 0.691237 0.647482 0.87067 0.592355 0.87067 0.592355 0.705287 0.98812 0.6601 0.0111925 0.6601 0.0111925 0.01474618 0.592355 0.87067 0.537227 0.87067 0.537227 0.705287 0.827066 0.899739 0.787501 0.935279 0.787501 0.935279 0.928603 0.899739 0.968167 0.935279 0.968167 0.935279 0.517888 0.8117 0.349624 0.8117 0.349624 0.74037 0.659028 0.988219 0.758984 0.988231 0.758984 0.888275 0.928603 0.816585 0.928603 0.899739 0.900012 0.985511 0.639506 0.884275 0.639506 0.987334 0.536448 0.987322 0.827066 0.816585 0.787501 0.781045 0.770757 0.730813 0.116816 0.778129 0.01176095 0.778129 0.01176095 0.673074 0.221871 0.778129 0.116816 0.778129 0.116816 0.673074 0.326926 0.778129 0.221871 0.778129 0.221871 0.673074 0.116816 0.988239 0.01176095 0.988239 0.01176095 0.778129 0.946907 0.674639 0.361168 0.674639 0.361168 0.674639 0.326926 0.988239 0.221871 0.988239 0.221871 0.778129 0.928603 0.899739 0.968167 0.935279 0.984911 0.985511 0.855657 0.985511 0.827066 0.899739 0.827066 0.816585 0.515831 0.877983 0.350448 0.877983 0.350448 0.822856 0.515831 0.988239 0.350448 0.988239 0.350448 0.877983 0.770757 0.985511 0.787501 0.935279 0.827066 0.899739 0.517888 0.74037 0.349624 0.74037 0.349624 0.704705 0.984911 0.730813 0.968167 0.781045 0.928603 0.816585 0.702542 0.870465 0.647482 0.870465 0.647482 0.705287 0.758984 0.888275 0.758984 0.988231 0.659028 0.988231 0.361168 0.674639 0.946907 0.674639 0.952439 0.691237 0.647482 0.87067 0.592355 0.87067 0.592355 0.705287 0.98812 0.6601 0.0111925 0.6601 0.0111925 0.01474618 0.592355 0.87067 0.537227 0.87067 0.537227 0.705287 0.827066 0.899739 0.787501 0.935279 0.787501 0.935279 0.928603 0.899739 0.968167 0.935279 0.968167 0.935279 0.517888 0.8117 0.349624 0.8117 0.349624 0.74037 0.659028 0.988219 0.758984 0.988231 0.758984 0.888275 0.900012 0.730813 0.928603 0.816585 0.928603 0.899739 0.639506 0.884275 0.639506 0.987334 0.536448 0.987322 0.827066 0.816585 0.787501 0.781045 0.770757 0.730813 0.116816 0.778129 0.01176095 0.778129 0.01176095 0.673074 0.221871 0.778129 0.116816 0.778129 0.116816 0.673074 0.326926 0.778129 0.221871 0.778129 0.221871 0.673074 0.116816 0.988239 0.01176095 0.988239 0.01176095 0.778129 0.946907 0.674639 0.361168 0.674639 0.361168 0.674639 0.326926 0.988239 0.221871 0.988239 0.221871 0.778129 0.928603 0.899739 0.968167 0.935279 0.984911 0.985511 0.827066 0.899739 0.827066 0.816585 0.855657 0.730813 0.515831 0.877983 0.350448 0.877983 0.350448 0.822856 0.515831 0.988239 0.350448 0.988239 0.350448 0.877983 0.770757 0.985511 0.787501 0.935279 0.827066 0.899739 0.517888 0.74037 0.349624 0.74037 0.349624 0.704705 0.984911 0.730813 0.968167 0.781045 0.928603 0.816585 0.702542 0.870465 0.647482 0.870465 0.647482 0.705287 0.758984 0.888275 0.758984 0.988231 0.659028 0.988231 0.361168 0.674639 0.946907 0.674639 0.952439 0.691237 0.647482 0.87067 0.592355 0.87067 0.592355 0.705287 0.98812 0.6601 0.0111925 0.6601 0.0111925 0.01474618 0.592355 0.87067 0.537227 0.87067 0.537227 0.705287 0.827066 0.899739 0.787501 0.935279 0.787501 0.935279 0.928603 0.899739 0.968167 0.935279 0.968167 0.935279 0.517888 0.8117 0.349624 0.8117 0.349624 0.74037 0.659028 0.988219 0.758984 0.988231 0.758984 0.888275 0.928603 0.816585 0.928603 0.899739 0.900012 0.985511 0.639506 0.884275 0.639506 0.987334 0.536448 0.987322 0.827066 0.816585 0.787501 0.781045 0.770757 0.730813 0.116816 0.778129 0.01176095 0.778129 0.01176095 0.673074 0.221871 0.778129 0.116816 0.778129 0.116816 0.673074 0.326926 0.778129 0.221871 0.778129 0.221871 0.673074 0.116816 0.988239 0.01176095 0.988239 0.01176095 0.778129 0.946907 0.674639 0.361168 0.674639 0.361168 0.674639 0.326926 0.988239 0.221871 0.988239 0.221871 0.778129 0.928603 0.899739 0.968167 0.935279 0.984911 0.985511 0.855657 0.985511 0.827066 0.899739 0.827066 0.816585 0.515831 0.877983 0.350448 0.877983 0.350448 0.822856 0.515831 0.988239 0.350448 0.988239 0.350448 0.877983 0.770757 0.985511 0.787501 0.935279 0.827066 0.899739 0.517888 0.74037 0.349624 0.74037 0.349624 0.704705 0.984911 0.730813 0.968167 0.781045 0.928603 0.816585 0.702542 0.870465 0.647482 0.870465 0.647482 0.705287 0.758984 0.888275 0.758984 0.988231 0.659028 0.988231 0.361168 0.674639 0.946907 0.674639 0.952439 0.691237 0.647482 0.87067 0.592355 0.87067 0.592355 0.705287 0.98812 0.6601 0.0111925 0.6601 0.0111925 0.01474618 0.592355 0.87067 0.537227 0.87067 0.537227 0.705287 0.827066 0.899739 0.787501 0.935279 0.787501 0.935279 0.928603 0.899739 0.968167 0.935279 0.968167 0.935279 0.517888 0.8117 0.349624 0.8117 0.349624 0.74037 0.659028 0.988219 0.758984 0.988231 0.758984 0.888275 0.928603 0.816585 0.928603 0.899739 0.900012 0.985511 0.639506 0.884275 0.639506 0.987334 0.536448 0.987322 0.827066 0.816585 0.787501 0.781045 0.770757 0.730813 0.116816 0.778129 0.01176095 0.778129 0.01176095 0.673074 0.221871 0.778129 0.116816 0.778129 0.116816 0.673074 0.326926 0.778129 0.221871 0.778129 0.221871 0.673074 0.116816 0.988239 0.01176095 0.988239 0.01176095 0.778129 0.946907 0.674639 0.361168 0.674639 0.361168 0.674639 0.326926 0.988239 0.221871 0.988239 0.221871 0.778129 0.928603 0.899739 0.968167 0.935279 0.984911 0.985511 0.855657 0.985511 0.827066 0.899739 0.827066 0.816585 0.515831 0.877983 0.350448 0.877983 0.350448 0.822856 0.515831 0.988239 0.350448 0.988239 0.350448 0.877983 0.770757 0.985511 0.787501 0.935279 0.827066 0.899739 0.517888 0.74037 0.349624 0.74037 0.349624 0.704705 0.984911 0.730813 0.968167 0.781045 0.928603 0.816585 0.702542 0.870465 0.647482 0.870465 0.647482 0.705287 0.758984 0.888275 0.758984 0.988231 0.659028 0.988231 0.361168 0.674639 0.946907 0.674639 0.952439 0.691237 0.647482 0.87067 0.592355 0.87067 0.592355 0.705287 0.98812 0.6601 0.0111925 0.6601 0.0111925 0.01474618 0.592355 0.87067 0.537227 0.87067 0.537227 0.705287 0.827066 0.899739 0.787501 0.935279 0.787501 0.935279 0.928603 0.899739 0.968167 0.935279 0.968167 0.935279 0.517888 0.8117 0.349624 0.8117 0.349624 0.74037 0.659028 0.988219 0.758984 0.988231 0.758984 0.888275 0.900012 0.730813 0.928603 0.816585 0.928603 0.899739 0.639506 0.884275 0.639506 0.987334 0.536448 0.987322 0.827066 0.816585 0.787501 0.781045 0.770757 0.730813 0.116816 0.778129 0.01176095 0.778129 0.01176095 0.673074 0.221871 0.778129 0.116816 0.778129 0.116816 0.673074 0.326926 0.778129 0.221871 0.778129 0.221871 0.673074 0.116816 0.988239 0.01176095 0.988239 0.01176095 0.778129 0.946907 0.674639 0.361168 0.674639 0.361168 0.674639 0.326926 0.988239 0.221871 0.988239 0.221871 0.778129 0.928603 0.899739 0.968167 0.935279 0.984911 0.985511 0.827066 0.899739 0.827066 0.816585 0.855657 0.730813 0.515831 0.877983 0.350448 0.877983 0.350448 0.822856 0.515831 0.988239 0.350448 0.988239 0.350448 0.877983 0.770757 0.985511 0.787501 0.935279 0.827066 0.899739 0.517888 0.74037 0.349624 0.74037 0.349624 0.704705 0.984911 0.730813 0.968167 0.781045 0.928603 0.816585 0.702542 0.870465 0.647482 0.870465 0.647482 0.705287 0.758984 0.888275 0.758984 0.988231 0.659028 0.988231 0.361168 0.674639 0.946907 0.674639 0.952439 0.691237 0.647482 0.87067 0.592355 0.87067 0.592355 0.705287 0.98812 0.6601 0.0111925 0.6601 0.0111925 0.01474618 0.592355 0.87067 0.537227 0.87067 0.537227 0.705287 0.827066 0.899739 0.787501 0.935279 0.787501 0.935279 0.928603 0.899739 0.968167 0.935279 0.968167 0.935279 0.517888 0.8117 0.349624 0.8117 0.349624 0.74037 0.659028 0.988219 0.758984 0.988231 0.758984 0.888275 0.900012 0.730813 0.928603 0.816585 0.928603 0.899739 0.639506 0.884275 0.639506 0.987334 0.536448 0.987322 0.827066 0.816585 0.787501 0.781045 0.770757 0.730813 0.116816 0.778129 0.01176095 0.778129 0.01176095 0.673074 0.221871 0.778129 0.116816 0.778129 0.116816 0.673074 0.326926 0.778129 0.221871 0.778129 0.221871 0.673074 0.116816 0.988239 0.01176095 0.988239 0.01176095 0.778129 0.946907 0.674639 0.361168 0.674639 0.361168 0.674639 0.326926 0.988239 0.221871 0.988239 0.221871 0.778129 0.928603 0.899739 0.968167 0.935279 0.984911 0.985511 0.827066 0.899739 0.827066 0.816585 0.855657 0.730813 0.515831 0.877983 0.350448 0.877983 0.350448 0.822856 0.515831 0.988239 0.350448 0.988239 0.350448 0.877983 0.770757 0.985511 0.787501 0.935279 0.827066 0.899739 0.517888 0.74037 0.349624 0.74037 0.349624 0.704705 0.984911 0.730813 0.968167 0.781045 0.928603 0.816585 0.702542 0.870465 0.647482 0.870465 0.647482 0.705287 0.758984 0.888275 0.758984 0.988231 0.659028 0.988231 0.361168 0.674639 0.946907 0.674639 0.952439 0.691237 0.647482 0.87067 0.592355 0.87067 0.592355 0.705287</float_array>
          <technique_common>
            <accessor source="#ID106_001-mesh-map-0-array" count="2028" stride="2">
              <param name="S" type="float"/>
              <param name="T" type="float"/>
            </accessor>
          </technique_common>
        </source>
        <vertices id="ID106_001-mesh-vertices">
          <input semantic="POSITION" source="#ID106_001-mesh-positions"/>
        </vertices>
        <triangles material="aws_robomaker_hospital_floor_01_doorsign_001-material" count="676">
          <input semantic="VERTEX" source="#ID106_001-mesh-vertices" offset="0"/>
          <input semantic="NORMAL" source="#ID106_001-mesh-normals" offset="1"/>
          <input semantic="TEXCOORD" source="#ID106_001-mesh-map-0" offset="2" set="0"/>
          <p>3 0 0 0 0 1 1 0 2 8 1 3 32 1 4 28 1 5 18 0 6 29 0 7 6 0 8 10 0 9 34 0 10 30 0 11 7 2 12 33 2 13 5 2 14 9 3 15 37 3 16 11 3 17 36 4 18 35 4 19 7 4 20 38 2 21 13 2 22 15 2 23 39 4 24 15 4 25 19 4 26 9 0 27 4 0 28 8 0 29 13 0 30 8 0 31 12 0 32 17 0 33 12 0 34 16 0 35 11 0 36 5 0 37 9 0 38 14 0 39 22 0 40 29 0 41 19 0 42 13 0 43 17 0 44 30 4 45 31 4 46 35 4 47 23 4 48 39 4 49 19 4 50 21 3 51 16 3 52 20 3 53 23 3 54 17 3 55 21 3 56 27 4 57 18 4 58 23 4 59 5 2 60 32 2 61 4 2 62 11 4 63 36 4 64 7 4 65 16 1 66 24 1 67 20 1 68 25 5 69 9 5 70 13 5 71 34 4 72 27 4 73 31 4 74 12 1 75 28 1 76 24 1 77 43 0 78 40 0 79 41 0 80 48 1 81 72 1 82 68 1 83 58 0 84 69 0 85 46 0 86 50 0 87 74 0 88 70 0 89 47 2 90 73 2 91 45 2 92 49 3 93 77 3 94 51 3 95 76 4 96 75 4 97 47 4 98 78 2 99 53 2 100 55 2 101 79 4 102 55 4 103 59 4 104 49 0 105 44 0 106 48 0 107 53 0 108 48 0 109 52 0 110 57 0 111 52 0 112 56 0 113 51 0 114 45 0 115 49 0 116 54 0 117 62 0 118 69 0 119 59 0 120 53 0 121 57 0 122 70 4 123 71 4 124 75 4 125 63 4 126 79 4 127 59 4 128 61 3 129 56 3 130 60 3 131 63 3 132 57 3 133 61 3 134 67 4 135 58 4 136 63 4 137 45 2 138 72 2 139 44 2 140 51 4 141 76 4 142 47 4 143 56 1 144 64 1 145 60 1 146 65 6 147 49 6 148 53 6 149 74 4 150 67 4 151 71 4 152 52 1 153 68 1 154 64 1 155 83 7 156 80 7 157 81 7 158 88 1 159 112 1 160 108 1 161 98 7 162 109 7 163 86 7 164 90 7 165 114 7 166 110 7 167 87 3 168 113 3 169 85 3 170 89 2 171 117 2 172 91 2 173 87 8 174 110 8 175 115 8 176 118 3 177 93 3 178 95 3 179 119 4 180 95 4 181 99 4 182 89 7 183 84 7 184 88 7 185 93 7 186 88 7 187 92 7 188 97 7 189 92 7 190 96 7 191 91 7 192 85 7 193 89 7 194 94 7 195 102 7 196 109 7 197 99 7 198 93 7 199 97 7 200 110 4 201 111 4 202 115 4 203 98 4 204 99 4 205 103 4 206 101 2 207 96 2 208 100 2 209 103 2 210 97 2 211 101 2 212 107 4 213 98 4 214 103 4 215 85 3 216 112 3 217 84 3 218 91 4 219 116 4 220 87 4 221 96 1 222 104 1 223 100 1 224 105 9 225 89 9 226 93 9 227 114 4 228 107 4 229 111 4 230 92 1 231 108 1 232 104 1 233 123 7 234 120 7 235 121 7 236 128 1 237 152 1 238 148 1 239 138 7 240 149 7 241 126 7 242 130 7 243 154 7 244 150 7 245 127 3 246 153 3 247 125 3 248 129 2 249 157 2 250 131 2 251 127 8 252 150 8 253 155 8 254 158 3 255 133 3 256 135 3 257 159 4 258 135 4 259 139 4 260 129 7 261 124 7 262 128 7 263 133 7 264 128 7 265 132 7 266 137 7 267 132 7 268 136 7 269 131 7 270 125 7 271 129 7 272 134 7 273 142 7 274 149 7 275 139 7 276 133 7 277 137 7 278 150 4 279 151 4 280 155 4 281 138 4 282 139 4 283 143 4 284 141 2 285 136 2 286 140 2 287 143 2 288 137 2 289 141 2 290 147 4 291 138 4 292 143 4 293 125 3 294 152 3 295 124 3 296 131 4 297 156 4 298 127 4 299 136 1 300 144 1 301 140 1 302 145 10 303 129 10 304 133 10 305 154 4 306 147 4 307 151 4 308 132 1 309 148 1 310 144 1 311 163 3 312 160 3 313 161 3 314 168 1 315 192 1 316 188 1 317 178 3 318 189 3 319 166 3 320 170 3 321 194 3 322 190 3 323 167 0 324 193 0 325 165 0 326 169 7 327 197 7 328 171 7 329 196 4 330 195 4 331 167 4 332 198 0 333 173 0 334 175 0 335 199 4 336 175 4 337 179 4 338 169 3 339 164 3 340 168 3 341 173 3 342 168 3 343 172 3 344 177 3 345 172 3 346 176 3 347 171 3 348 165 3 349 169 3 350 174 3 351 182 3 352 189 3 353 179 3 354 173 3 355 177 3 356 190 4 357 191 4 358 195 4 359 183 4 360 199 4 361 179 4 362 181 7 363 176 7 364 180 7 365 183 7 366 177 7 367 181 7 368 187 4 369 178 4 370 183 4 371 165 0 372 192 0 373 164 0 374 171 11 375 196 11 376 167 11 377 176 1 378 184 1 379 180 1 380 185 12 381 169 12 382 173 12 383 194 4 384 187 4 385 191 4 386 172 1 387 188 1 388 184 1 389 203 2 390 200 2 391 201 2 392 208 1 393 232 1 394 228 1 395 218 2 396 229 2 397 206 2 398 210 2 399 234 2 400 230 2 401 207 7 402 233 7 403 205 7 404 209 0 405 237 0 406 211 0 407 207 4 408 230 4 409 235 4 410 238 7 411 213 7 412 215 7 413 239 4 414 215 4 415 219 4 416 209 2 417 204 2 418 208 2 419 213 2 420 208 2 421 212 2 422 217 2 423 212 2 424 216 2 425 211 2 426 205 2 427 209 2 428 214 2 429 222 2 430 229 2 431 219 2 432 213 2 433 217 2 434 230 4 435 231 4 436 235 4 437 218 4 438 219 4 439 223 4 440 221 0 441 216 0 442 220 0 443 223 0 444 217 0 445 221 0 446 227 11 447 218 11 448 223 11 449 205 7 450 232 7 451 204 7 452 211 4 453 236 4 454 207 4 455 216 1 456 224 1 457 220 1 458 225 13 459 209 13 460 213 13 461 234 4 462 227 4 463 231 4 464 212 1 465 228 1 466 224 1 467 243 2 468 240 2 469 241 2 470 248 1 471 272 1 472 268 1 473 258 2 474 269 2 475 246 2 476 250 2 477 274 2 478 270 2 479 247 7 480 273 7 481 245 7 482 249 0 483 277 0 484 251 0 485 276 4 486 275 4 487 247 4 488 278 7 489 253 7 490 255 7 491 279 14 492 255 14 493 259 14 494 249 2 495 244 2 496 248 2 497 253 2 498 248 2 499 252 2 500 257 2 501 252 2 502 256 2 503 251 2 504 245 2 505 249 2 506 254 2 507 262 2 508 269 2 509 259 2 510 253 2 511 257 2 512 270 4 513 271 4 514 275 4 515 263 4 516 279 4 517 259 4 518 261 0 519 256 0 520 260 0 521 263 0 522 257 0 523 261 0 524 267 15 525 258 15 526 263 15 527 245 7 528 272 7 529 244 7 530 251 16 531 276 16 532 247 16 533 256 1 534 264 1 535 260 1 536 265 17 537 249 17 538 253 17 539 274 4 540 267 4 541 271 4 542 252 1 543 268 1 544 264 1 545 283 2 546 280 2 547 281 2 548 288 1 549 312 1 550 308 1 551 298 2 552 309 2 553 286 2 554 290 2 555 314 2 556 310 2 557 287 7 558 313 7 559 285 7 560 289 0 561 317 0 562 291 0 563 316 4 564 315 4 565 287 4 566 318 7 567 293 7 568 295 7 569 319 4 570 295 4 571 299 4 572 289 2 573 284 2 574 288 2 575 293 2 576 288 2 577 292 2 578 297 2 579 292 2 580 296 2 581 291 2 582 285 2 583 289 2 584 294 2 585 302 2 586 309 2 587 299 2 588 293 2 589 297 2 590 310 4 591 311 4 592 315 4 593 303 4 594 319 4 595 299 4 596 301 0 597 296 0 598 300 0 599 303 0 600 297 0 601 301 0 602 307 18 603 298 18 604 303 18 605 285 7 606 312 7 607 284 7 608 291 11 609 316 11 610 287 11 611 296 1 612 304 1 613 300 1 614 305 19 615 289 19 616 293 19 617 314 4 618 307 4 619 311 4 620 292 1 621 308 1 622 304 1 623 323 3 624 320 3 625 321 3 626 328 1 627 352 1 628 348 1 629 338 3 630 349 3 631 326 3 632 330 3 633 354 3 634 350 3 635 327 0 636 353 0 637 325 0 638 329 7 639 357 7 640 331 7 641 327 4 642 350 4 643 355 4 644 358 0 645 333 0 646 335 0 647 359 4 648 335 4 649 339 4 650 329 3 651 324 3 652 328 3 653 333 3 654 328 3 655 332 3 656 337 3 657 332 3 658 336 3 659 331 3 660 325 3 661 329 3 662 334 3 663 342 3 664 349 3 665 339 3 666 333 3 667 337 3 668 350 4 669 351 4 670 355 4 671 338 4 672 339 4 673 343 4 674 341 7 675 336 7 676 340 7 677 343 7 678 337 7 679 341 7 680 347 20 681 338 20 682 343 20 683 325 0 684 352 0 685 324 0 686 331 21 687 356 21 688 327 21 689 336 1 690 344 1 691 340 1 692 345 22 693 329 22 694 333 22 695 354 4 696 347 4 697 351 4 698 332 1 699 348 1 700 344 1 701 363 0 702 360 0 703 361 0 704 368 1 705 392 1 706 388 1 707 378 0 708 389 0 709 366 0 710 370 0 711 394 0 712 390 0 713 367 2 714 393 2 715 365 2 716 369 3 717 397 3 718 371 3 719 396 4 720 395 4 721 367 4 722 398 2 723 373 2 724 375 2 725 399 4 726 375 4 727 379 4 728 369 0 729 364 0 730 368 0 731 373 0 732 368 0 733 372 0 734 377 0 735 372 0 736 376 0 737 371 0 738 365 0 739 369 0 740 374 0 741 382 0 742 389 0 743 379 0 744 373 0 745 377 0 746 390 4 747 391 4 748 395 4 749 383 23 750 399 23 751 379 23 752 381 3 753 376 3 754 380 3 755 383 3 756 377 3 757 381 3 758 387 4 759 378 4 760 383 4 761 365 2 762 392 2 763 364 2 764 371 4 765 396 4 766 367 4 767 376 1 768 384 1 769 380 1 770 385 24 771 369 24 772 373 24 773 394 4 774 387 4 775 391 4 776 372 1 777 388 1 778 384 1 779 403 0 780 400 0 781 401 0 782 408 1 783 432 1 784 428 1 785 418 0 786 429 0 787 406 0 788 410 0 789 434 0 790 430 0 791 407 2 792 433 2 793 405 2 794 409 3 795 437 3 796 411 3 797 436 4 798 435 4 799 407 4 800 438 2 801 413 2 802 415 2 803 439 4 804 415 4 805 419 4 806 409 0 807 404 0 808 408 0 809 413 0 810 408 0 811 412 0 812 417 0 813 412 0 814 416 0 815 411 0 816 405 0 817 409 0 818 414 0 819 422 0 820 429 0 821 419 0 822 413 0 823 417 0 824 430 4 825 431 4 826 435 4 827 423 23 828 439 23 829 419 23 830 421 3 831 416 3 832 420 3 833 423 3 834 417 3 835 421 3 836 427 4 837 418 4 838 423 4 839 405 2 840 432 2 841 404 2 842 411 4 843 436 4 844 407 4 845 416 1 846 424 1 847 420 1 848 425 24 849 409 24 850 413 24 851 434 4 852 427 4 853 431 4 854 412 1 855 428 1 856 424 1 857 443 3 858 440 3 859 441 3 860 448 1 861 472 1 862 468 1 863 458 3 864 469 3 865 446 3 866 450 3 867 474 3 868 470 3 869 447 0 870 473 0 871 445 0 872 449 7 873 477 7 874 451 7 875 447 4 876 470 4 877 475 4 878 478 0 879 453 0 880 455 0 881 479 4 882 455 4 883 459 4 884 449 3 885 444 3 886 448 3 887 453 3 888 448 3 889 452 3 890 457 3 891 452 3 892 456 3 893 451 3 894 445 3 895 449 3 896 454 3 897 462 3 898 469 3 899 459 3 900 453 3 901 457 3 902 470 25 903 471 25 904 475 25 905 458 4 906 459 4 907 463 4 908 461 7 909 456 7 910 460 7 911 463 7 912 457 7 913 461 7 914 467 26 915 458 26 916 463 26 917 445 0 918 472 0 919 444 0 920 451 27 921 476 27 922 447 27 923 456 1 924 464 1 925 460 1 926 465 22 927 449 22 928 453 22 929 474 4 930 467 4 931 471 4 932 452 1 933 468 1 934 464 1 935 483 3 936 480 3 937 481 3 938 488 1 939 512 1 940 508 1 941 498 3 942 509 3 943 486 3 944 490 3 945 514 3 946 510 3 947 487 0 948 513 0 949 485 0 950 489 7 951 517 7 952 491 7 953 487 4 954 510 4 955 515 4 956 518 0 957 493 0 958 495 0 959 519 4 960 495 4 961 499 4 962 489 3 963 484 3 964 488 3 965 493 3 966 488 3 967 492 3 968 497 3 969 492 3 970 496 3 971 491 3 972 485 3 973 489 3 974 494 3 975 502 3 976 509 3 977 499 3 978 493 3 979 497 3 980 510 4 981 511 4 982 515 4 983 498 4 984 499 4 985 503 4 986 501 7 987 496 7 988 500 7 989 503 7 990 497 7 991 501 7 992 507 20 993 498 20 994 503 20 995 485 0 996 512 0 997 484 0 998 491 21 999 516 21 1000 487 21 1001 496 1 1002 504 1 1003 500 1 1004 505 22 1005 489 22 1006 493 22 1007 514 4 1008 507 4 1009 511 4 1010 492 1 1011 508 1 1012 504 1 1013 3 0 1014 2 0 1015 0 0 1016 8 1 1017 4 1 1018 32 1 1019 18 0 1020 14 0 1021 29 0 1022 10 0 1023 22 0 1024 34 0 1025 7 2 1026 35 2 1027 33 2 1028 9 3 1029 26 3 1030 37 3 1031 36 4 1032 30 4 1033 35 4 1034 38 28 1035 25 28 1036 13 28 1037 39 4 1038 38 4 1039 15 4 1040 9 0 1041 5 0 1042 4 0 1043 13 0 1044 9 0 1045 8 0 1046 17 0 1047 13 0 1048 12 0 1049 11 0 1050 7 0 1051 5 0 1052 14 0 1053 34 0 1054 22 0 1055 19 0 1056 15 0 1057 13 0 1058 30 4 1059 34 4 1060 31 4 1061 23 4 1062 18 4 1063 39 4 1064 21 3 1065 17 3 1066 16 3 1067 23 3 1068 19 3 1069 17 3 1070 27 4 1071 14 4 1072 18 4 1073 5 2 1074 33 2 1075 32 2 1076 11 4 1077 37 4 1078 36 4 1079 16 1 1080 12 1 1081 24 1 1082 25 29 1083 26 29 1084 9 29 1085 34 4 1086 14 4 1087 27 4 1088 12 1 1089 8 1 1090 28 1 1091 43 0 1092 42 0 1093 40 0 1094 48 1 1095 44 1 1096 72 1 1097 58 0 1098 54 0 1099 69 0 1100 50 0 1101 62 0 1102 74 0 1103 47 2 1104 75 2 1105 73 2 1106 49 3 1107 66 3 1108 77 3 1109 76 4 1110 70 4 1111 75 4 1112 78 30 1113 65 30 1114 53 30 1115 79 4 1116 78 4 1117 55 4 1118 49 0 1119 45 0 1120 44 0 1121 53 0 1122 49 0 1123 48 0 1124 57 0 1125 53 0 1126 52 0 1127 51 0 1128 47 0 1129 45 0 1130 54 0 1131 74 0 1132 62 0 1133 59 0 1134 55 0 1135 53 0 1136 70 4 1137 74 4 1138 71 4 1139 63 4 1140 58 4 1141 79 4 1142 61 3 1143 57 3 1144 56 3 1145 63 3 1146 59 3 1147 57 3 1148 67 4 1149 54 4 1150 58 4 1151 45 2 1152 73 2 1153 72 2 1154 51 4 1155 77 4 1156 76 4 1157 56 1 1158 52 1 1159 64 1 1160 65 29 1161 66 29 1162 49 29 1163 74 4 1164 54 4 1165 67 4 1166 52 1 1167 48 1 1168 68 1 1169 83 7 1170 82 7 1171 80 7 1172 88 1 1173 84 1 1174 112 1 1175 98 7 1176 94 7 1177 109 7 1178 90 7 1179 102 7 1180 114 7 1181 87 3 1182 115 3 1183 113 3 1184 89 2 1185 106 2 1186 117 2 1187 87 4 1188 116 4 1189 110 4 1190 118 31 1191 105 31 1192 93 31 1193 119 4 1194 118 4 1195 95 4 1196 89 7 1197 85 7 1198 84 7 1199 93 7 1200 89 7 1201 88 7 1202 97 7 1203 93 7 1204 92 7 1205 91 7 1206 87 7 1207 85 7 1208 94 7 1209 114 7 1210 102 7 1211 99 7 1212 95 7 1213 93 7 1214 110 4 1215 114 4 1216 111 4 1217 98 4 1218 119 4 1219 99 4 1220 101 2 1221 97 2 1222 96 2 1223 103 2 1224 99 2 1225 97 2 1226 107 4 1227 94 4 1228 98 4 1229 85 3 1230 113 3 1231 112 3 1232 91 4 1233 117 4 1234 116 4 1235 96 1 1236 92 1 1237 104 1 1238 105 32 1239 106 32 1240 89 32 1241 114 4 1242 94 4 1243 107 4 1244 92 1 1245 88 1 1246 108 1 1247 123 7 1248 122 7 1249 120 7 1250 128 1 1251 124 1 1252 152 1 1253 138 7 1254 134 7 1255 149 7 1256 130 7 1257 142 7 1258 154 7 1259 127 3 1260 155 3 1261 153 3 1262 129 2 1263 146 2 1264 157 2 1265 127 4 1266 156 4 1267 150 4 1268 158 33 1269 145 33 1270 133 33 1271 159 4 1272 158 4 1273 135 4 1274 129 7 1275 125 7 1276 124 7 1277 133 7 1278 129 7 1279 128 7 1280 137 7 1281 133 7 1282 132 7 1283 131 7 1284 127 7 1285 125 7 1286 134 7 1287 154 7 1288 142 7 1289 139 7 1290 135 7 1291 133 7 1292 150 4 1293 154 4 1294 151 4 1295 138 4 1296 159 4 1297 139 4 1298 141 2 1299 137 2 1300 136 2 1301 143 2 1302 139 2 1303 137 2 1304 147 4 1305 134 4 1306 138 4 1307 125 3 1308 153 3 1309 152 3 1310 131 4 1311 157 4 1312 156 4 1313 136 1 1314 132 1 1315 144 1 1316 145 10 1317 146 10 1318 129 10 1319 154 4 1320 134 4 1321 147 4 1322 132 1 1323 128 1 1324 148 1 1325 163 3 1326 162 3 1327 160 3 1328 168 1 1329 164 1 1330 192 1 1331 178 3 1332 174 3 1333 189 3 1334 170 3 1335 182 3 1336 194 3 1337 167 0 1338 195 0 1339 193 0 1340 169 7 1341 186 7 1342 197 7 1343 196 4 1344 190 4 1345 195 4 1346 198 0 1347 185 0 1348 173 0 1349 199 4 1350 198 4 1351 175 4 1352 169 3 1353 165 3 1354 164 3 1355 173 3 1356 169 3 1357 168 3 1358 177 3 1359 173 3 1360 172 3 1361 171 3 1362 167 3 1363 165 3 1364 174 3 1365 194 3 1366 182 3 1367 179 3 1368 175 3 1369 173 3 1370 190 4 1371 194 4 1372 191 4 1373 183 4 1374 178 4 1375 199 4 1376 181 7 1377 177 7 1378 176 7 1379 183 7 1380 179 7 1381 177 7 1382 187 4 1383 174 4 1384 178 4 1385 165 0 1386 193 0 1387 192 0 1388 171 4 1389 197 4 1390 196 4 1391 176 1 1392 172 1 1393 184 1 1394 185 34 1395 186 34 1396 169 34 1397 194 4 1398 174 4 1399 187 4 1400 172 1 1401 168 1 1402 188 1 1403 203 2 1404 202 2 1405 200 2 1406 208 1 1407 204 1 1408 232 1 1409 218 2 1410 214 2 1411 229 2 1412 210 2 1413 222 2 1414 234 2 1415 207 7 1416 235 7 1417 233 7 1418 209 0 1419 226 0 1420 237 0 1421 207 4 1422 236 4 1423 230 4 1424 238 7 1425 225 7 1426 213 7 1427 239 4 1428 238 4 1429 215 4 1430 209 2 1431 205 2 1432 204 2 1433 213 2 1434 209 2 1435 208 2 1436 217 2 1437 213 2 1438 212 2 1439 211 2 1440 207 2 1441 205 2 1442 214 2 1443 234 2 1444 222 2 1445 219 2 1446 215 2 1447 213 2 1448 230 4 1449 234 4 1450 231 4 1451 218 4 1452 239 4 1453 219 4 1454 221 0 1455 217 0 1456 216 0 1457 223 0 1458 219 0 1459 217 0 1460 227 4 1461 214 4 1462 218 4 1463 205 7 1464 233 7 1465 232 7 1466 211 4 1467 237 4 1468 236 4 1469 216 1 1470 212 1 1471 224 1 1472 225 35 1473 226 35 1474 209 35 1475 234 4 1476 214 4 1477 227 4 1478 212 1 1479 208 1 1480 228 1 1481 243 2 1482 242 2 1483 240 2 1484 248 1 1485 244 1 1486 272 1 1487 258 2 1488 254 2 1489 269 2 1490 250 2 1491 262 2 1492 274 2 1493 247 7 1494 275 7 1495 273 7 1496 249 0 1497 266 0 1498 277 0 1499 276 4 1500 270 4 1501 275 4 1502 278 7 1503 265 7 1504 253 7 1505 279 4 1506 278 4 1507 255 4 1508 249 2 1509 245 2 1510 244 2 1511 253 2 1512 249 2 1513 248 2 1514 257 2 1515 253 2 1516 252 2 1517 251 2 1518 247 2 1519 245 2 1520 254 2 1521 274 2 1522 262 2 1523 259 2 1524 255 2 1525 253 2 1526 270 4 1527 274 4 1528 271 4 1529 263 4 1530 258 4 1531 279 4 1532 261 0 1533 257 0 1534 256 0 1535 263 0 1536 259 0 1537 257 0 1538 267 4 1539 254 4 1540 258 4 1541 245 7 1542 273 7 1543 272 7 1544 251 4 1545 277 4 1546 276 4 1547 256 1 1548 252 1 1549 264 1 1550 265 36 1551 266 36 1552 249 36 1553 274 4 1554 254 4 1555 267 4 1556 252 1 1557 248 1 1558 268 1 1559 283 2 1560 282 2 1561 280 2 1562 288 1 1563 284 1 1564 312 1 1565 298 2 1566 294 2 1567 309 2 1568 290 2 1569 302 2 1570 314 2 1571 287 7 1572 315 7 1573 313 7 1574 289 0 1575 306 0 1576 317 0 1577 316 4 1578 310 4 1579 315 4 1580 318 7 1581 305 7 1582 293 7 1583 319 4 1584 318 4 1585 295 4 1586 289 2 1587 285 2 1588 284 2 1589 293 2 1590 289 2 1591 288 2 1592 297 2 1593 293 2 1594 292 2 1595 291 2 1596 287 2 1597 285 2 1598 294 2 1599 314 2 1600 302 2 1601 299 2 1602 295 2 1603 293 2 1604 310 4 1605 314 4 1606 311 4 1607 303 4 1608 298 4 1609 319 4 1610 301 0 1611 297 0 1612 296 0 1613 303 0 1614 299 0 1615 297 0 1616 307 4 1617 294 4 1618 298 4 1619 285 7 1620 313 7 1621 312 7 1622 291 4 1623 317 4 1624 316 4 1625 296 1 1626 292 1 1627 304 1 1628 305 37 1629 306 37 1630 289 37 1631 314 4 1632 294 4 1633 307 4 1634 292 1 1635 288 1 1636 308 1 1637 323 3 1638 322 3 1639 320 3 1640 328 1 1641 324 1 1642 352 1 1643 338 3 1644 334 3 1645 349 3 1646 330 3 1647 342 3 1648 354 3 1649 327 0 1650 355 0 1651 353 0 1652 329 7 1653 346 7 1654 357 7 1655 327 4 1656 356 4 1657 350 4 1658 358 0 1659 345 0 1660 333 0 1661 359 4 1662 358 4 1663 335 4 1664 329 3 1665 325 3 1666 324 3 1667 333 3 1668 329 3 1669 328 3 1670 337 3 1671 333 3 1672 332 3 1673 331 3 1674 327 3 1675 325 3 1676 334 3 1677 354 3 1678 342 3 1679 339 3 1680 335 3 1681 333 3 1682 350 4 1683 354 4 1684 351 4 1685 338 4 1686 359 4 1687 339 4 1688 341 7 1689 337 7 1690 336 7 1691 343 7 1692 339 7 1693 337 7 1694 347 4 1695 334 4 1696 338 4 1697 325 0 1698 353 0 1699 352 0 1700 331 4 1701 357 4 1702 356 4 1703 336 1 1704 332 1 1705 344 1 1706 345 38 1707 346 38 1708 329 38 1709 354 4 1710 334 4 1711 347 4 1712 332 1 1713 328 1 1714 348 1 1715 363 0 1716 362 0 1717 360 0 1718 368 1 1719 364 1 1720 392 1 1721 378 0 1722 374 0 1723 389 0 1724 370 0 1725 382 0 1726 394 0 1727 367 2 1728 395 2 1729 393 2 1730 369 3 1731 386 3 1732 397 3 1733 396 4 1734 390 4 1735 395 4 1736 398 39 1737 385 39 1738 373 39 1739 399 4 1740 398 4 1741 375 4 1742 369 0 1743 365 0 1744 364 0 1745 373 0 1746 369 0 1747 368 0 1748 377 0 1749 373 0 1750 372 0 1751 371 0 1752 367 0 1753 365 0 1754 374 0 1755 394 0 1756 382 0 1757 379 0 1758 375 0 1759 373 0 1760 390 4 1761 394 4 1762 391 4 1763 383 4 1764 378 4 1765 399 4 1766 381 3 1767 377 3 1768 376 3 1769 383 3 1770 379 3 1771 377 3 1772 387 4 1773 374 4 1774 378 4 1775 365 2 1776 393 2 1777 392 2 1778 371 4 1779 397 4 1780 396 4 1781 376 1 1782 372 1 1783 384 1 1784 385 40 1785 386 40 1786 369 40 1787 394 4 1788 374 4 1789 387 4 1790 372 1 1791 368 1 1792 388 1 1793 403 0 1794 402 0 1795 400 0 1796 408 1 1797 404 1 1798 432 1 1799 418 0 1800 414 0 1801 429 0 1802 410 0 1803 422 0 1804 434 0 1805 407 2 1806 435 2 1807 433 2 1808 409 41 1809 426 41 1810 437 41 1811 436 4 1812 430 4 1813 435 4 1814 438 42 1815 425 42 1816 413 42 1817 439 4 1818 438 4 1819 415 4 1820 409 0 1821 405 0 1822 404 0 1823 413 0 1824 409 0 1825 408 0 1826 417 0 1827 413 0 1828 412 0 1829 411 0 1830 407 0 1831 405 0 1832 414 0 1833 434 0 1834 422 0 1835 419 0 1836 415 0 1837 413 0 1838 430 4 1839 434 4 1840 431 4 1841 423 4 1842 418 4 1843 439 4 1844 421 3 1845 417 3 1846 416 3 1847 423 3 1848 419 3 1849 417 3 1850 427 4 1851 414 4 1852 418 4 1853 405 2 1854 433 2 1855 432 2 1856 411 4 1857 437 4 1858 436 4 1859 416 1 1860 412 1 1861 424 1 1862 425 40 1863 426 40 1864 409 40 1865 434 4 1866 414 4 1867 427 4 1868 412 1 1869 408 1 1870 428 1 1871 443 3 1872 442 3 1873 440 3 1874 448 1 1875 444 1 1876 472 1 1877 458 3 1878 454 3 1879 469 3 1880 450 3 1881 462 3 1882 474 3 1883 447 0 1884 475 0 1885 473 0 1886 449 7 1887 466 7 1888 477 7 1889 447 4 1890 476 4 1891 470 4 1892 478 0 1893 465 0 1894 453 0 1895 479 4 1896 478 4 1897 455 4 1898 449 3 1899 445 3 1900 444 3 1901 453 3 1902 449 3 1903 448 3 1904 457 3 1905 453 3 1906 452 3 1907 451 3 1908 447 3 1909 445 3 1910 454 3 1911 474 3 1912 462 3 1913 459 3 1914 455 3 1915 453 3 1916 470 4 1917 474 4 1918 471 4 1919 458 4 1920 479 4 1921 459 4 1922 461 7 1923 457 7 1924 456 7 1925 463 7 1926 459 7 1927 457 7 1928 467 4 1929 454 4 1930 458 4 1931 445 0 1932 473 0 1933 472 0 1934 451 4 1935 477 4 1936 476 4 1937 456 1 1938 452 1 1939 464 1 1940 465 43 1941 466 43 1942 449 43 1943 474 4 1944 454 4 1945 467 4 1946 452 1 1947 448 1 1948 468 1 1949 483 3 1950 482 3 1951 480 3 1952 488 1 1953 484 1 1954 512 1 1955 498 3 1956 494 3 1957 509 3 1958 490 3 1959 502 3 1960 514 3 1961 487 0 1962 515 0 1963 513 0 1964 489 7 1965 506 7 1966 517 7 1967 487 4 1968 516 4 1969 510 4 1970 518 0 1971 505 0 1972 493 0 1973 519 4 1974 518 4 1975 495 4 1976 489 3 1977 485 3 1978 484 3 1979 493 3 1980 489 3 1981 488 3 1982 497 3 1983 493 3 1984 492 3 1985 491 3 1986 487 3 1987 485 3 1988 494 3 1989 514 3 1990 502 3 1991 499 3 1992 495 3 1993 493 3 1994 510 4 1995 514 4 1996 511 4 1997 498 4 1998 519 4 1999 499 4 2000 501 7 2001 497 7 2002 496 7 2003 503 7 2004 499 7 2005 497 7 2006 507 4 2007 494 4 2008 498 4 2009 485 0 2010 513 0 2011 512 0 2012 491 4 2013 517 4 2014 516 4 2015 496 1 2016 492 1 2017 504 1 2018 505 38 2019 506 38 2020 489 38 2021 514 4 2022 494 4 2023 507 4 2024 492 1 2025 488 1 2026 508 1 2027</p>
        </triangles>
      </mesh>
    </geometry>
    <geometry id="ID97_001-mesh" name="ID97.001">
      <mesh>
        <source id="ID97_001-mesh-positions">
          <float_array id="ID97_001-mesh-positions-array" count="624">1936.45 33.0447 -294.945 1936.45 33.0518 -292.945 1936.45 18.0519 -292.892 1936.45 18.0448 -294.892 1740.62 33.0397 -294.942 1740.62 33.0468 -292.942 1741.17 18.0569 -292.889 1741.17 18.0498 -294.889 1494.87 15.0371 -295.124 1492.87 14.9478 -293.125 1493.54 -0.03723937 -292.7 1495.54 0.05213195 -294.699 1494.81 15.0424 -470.002 1492.81 14.9365 -470.002 1493.61 -0.04248696 -470.002 1495.6 0.0634554 -470.002 1495.31 14.9998 -570.002 1493.31 15.0001 -570.0031 1493.31 1.12108e-4 -570.0031 1495.31 -2.02932e-4 -570.002 1495.32 14.9998 -594.6151 1493.32 15.0001 -592.6151 1493.32 6.58992e-5 -592.614 1495.32 -1.56816e-4 -594.614 1195.19 14.9998 -594.611 1193.19 15.0001 -592.611 1193.19 6.58992e-5 -592.609 1195.19 -1.56816e-4 -594.61 1195.19 14.9999 -620 1193.19 15 -620 1193.19 3.32619e-5 -620 1195.19 -1.24225e-4 -620 1195.18 14.9998 -720 1193.18 15.0001 -720 1193.18 1.13811e-4 -720 1195.18 -2.04631e-4 -720 1195.18 14.9998 -895.2141 1193.18 15.0001 -893.2141 1193.18 6.71303e-5 -893.212 1195.18 -1.58045e-4 -895.212 1170 14.9999 -895.2141 1170 15 -893.2141 1170 3.41313e-5 -893.212 1170 -1.25094e-4 -895.212 1070 14.9964 -895.239 1070 15.0034 -893.24 1070 0.003543496 -893.186 1070 -0.003540396 -895.186 530 14.9964 -895.239 530 15.0034 -893.24 530 0.003543496 -893.186 530 -0.003540396 -895.186 430 14.9964 -895.239 430 15.0034 -893.24 430 0.003543496 -893.186 430 -0.003540396 -895.186 404.055 14.9974 -895.2321 406.059 15.0024 -893.2321 406.097 0.002479434 -893.194 404.092 -0.002523481 -895.194 404.664 14.9974 -645.1461 406.669 15.0024 -643.1461 406.706 0.002479434 -643.108 404.702 -0.002523481 -645.108 -826.4921 14.9982 -645.14 -826.4921 15.0017 -643.14 -826.4921 0.001732826 -643.114 -826.4921 -0.001800477 -645.114 -983.512 14.9964 -645.1541 -983.512 15.0034 -643.1541 -983.512 0.003543496 -643.101 -983.512 -0.003540396 -645.101 -983.512 15.0034 645.1621 -983.512 14.9964 643.1621 -983.512 -0.003540396 643.215 -983.512 0.003543496 645.215 -826.4921 15.0034 645.1621 -826.4921 14.9964 643.1621 -826.4921 -0.003540396 643.215 -826.4921 0.003543496 645.215 405.212 15.0024 645.169 407.216 14.9974 643.169 407.178 -0.002523958 643.207 405.174 0.002479851 645.207 404.689 15.0024 895.194 406.693 14.9974 893.194 406.656 -0.002523958 893.2321 404.651 0.002479851 895.2321 430 15.0017 895.2 430 14.9982 893.2 430 -0.001801073 893.226 430 0.001733481 895.226 530 15.0034 895.186 530 14.9964 893.186 530 -0.003540396 893.24 530 0.003543496 895.239 1070 15.0034 895.186 1070 14.9964 893.186 1070 -0.003540396 893.24 1070 0.003543496 895.239 1170 15.0034 895.186 1170 14.9964 893.186 1170 -0.003540396 893.24 1170 0.003543496 895.239 1196.09 15.0024 895.194 1193.11 14.9974 893.194 1193.15 -0.002526521 893.2321 1196.12 0.002482593 895.2321 1196.1 15.0017 720 1193.12 14.9982 720 1193.14 -0.001804769 720 1196.12 0.001737236 720 1196.12 14.9998 620 1193.12 15.0001 620 1193.12 1.13511e-4 620 1196.11 -2.04332e-4 620 1196.12 14.9998 593.9121 1193.12 15.0001 591.9121 1193.12 6.69196e-5 591.911 1196.12 -1.57835e-4 593.911 1495.32 14.9998 593.916 1493.31 15.0001 591.916 1493.31 6.69195e-5 591.9151 1495.32 -1.57835e-4 593.9151 1495.24 14.9999 569.999 1493.24 15 570.0061 1493.24 3.38555e-5 570.0061 1495.24 -1.24818e-4 569.999 1495.2 14.9998 470.003 1493.2 15.0001 470.003 1493.2 1.13868e-4 470.003 1495.2 -2.04687e-4 470.003 1495.03 15.0195 295.672 1493.03 14.977 293.674 1493.35 -0.01959478 292.897 1495.35 0.02288818 294.895 1740.62 33.0016 295.671 1740.62 33.0748 293.673 1741.17 18.0949 293.123 1741.17 18.0217 295.122 1936.57 33.0066 295.761 1936.57 33.0799 293.762 1936.57 18.09 293.213 1936.57 18.0167 295.211 4.90475 15.0001 330.027 6.90475 14.9998 330.027 6.90237 -2.04543e-4 330.027 4.90237 1.13724e-4 330.027 4.9044 15.0001 354.803 6.9044 14.9998 356.803 6.90272 -1.57982e-4 356.802 4.90272 6.7067e-5 354.802 -198.739 15 354.803 -200.739 15 356.803 -200.739 -4.55031e-5 356.803 -198.739 -4.55066e-5 354.803 -198.736 15 254.803 -200.736 15 256.803 -200.736 -4.55031e-5 256.803 -198.736 -4.55066e-5 254.803 -501.133 15 254.803 -499.133 15 256.803 -499.133 -4.55049e-5 256.803 -501.133 -4.55049e-5 254.803 -501.13 15 354.803 -499.13 15 356.803 -499.13 -4.55049e-5 356.803 -501.13 -4.55049e-5 354.803 -704.83 15 354.803 -706.83 15 356.803 -706.83 -4.55049e-5 356.803 -704.83 -4.55049e-5 354.803 -704.83 15 -354.752 -706.83 15 -356.752 -706.83 -4.55049e-5 -356.752 -704.83 -4.55049e-5 -354.752 -501.13 15 -354.752 -499.13 15 -356.752 -499.13 -4.55049e-5 -356.752 -501.13 -4.55049e-5 -354.752 -501.133 15 -254.803 -499.133 15 -256.803 -499.133 -4.55049e-5 -256.803 -501.133 -4.55049e-5 -254.803 -198.736 15 -254.803 -200.736 15 -256.803 -200.736 -4.55049e-5 -256.803 -198.736 -4.55049e-5 -254.803 -198.739 15 -354.752 -200.739 15 -356.752 -200.739 -4.55049e-5 -356.752 -198.739 -4.55049e-5 -354.752 4.90356 15 -354.752 6.90356 15 -356.752 6.90356 -4.55049e-5 -356.752 4.90356 -4.55049e-5 -354.752 4.90356 15 -329.968 6.90356 15 -329.968 6.90356 -4.55049e-5 -329.968 4.90356 -4.55049e-5 -329.968 4.90475 15.0001 -229.968 6.90475 14.9998 -229.968 6.90237 -2.04543e-4 -229.968 4.90237 1.13724e-4 -229.968 4.90475 15.0001 230.028 6.90475 14.9998 230.028 6.90237 -2.04543e-4 230.028 4.90237 1.13724e-4 230.028</float_array>
          <technique_common>
            <accessor source="#ID97_001-mesh-positions-array" count="208" stride="3">
              <param name="X" type="float"/>
              <param name="Y" type="float"/>
              <param name="Z" type="float"/>
            </accessor>
          </technique_common>
        </source>
        <source id="ID97_001-mesh-normals">
          <float_array id="ID97_001-mesh-normals-array" count="552">-0.03656214 0.9993252 -0.003540217 0 0.709605 0.7045998 0 0.9999938 -0.003540217 0.02517831 -0.6955624 0.7180245 -0.02646034 0.7170243 0.6965458 0.03653168 -0.9993264 0.003540217 0 -0.7045998 0.709605 -0.05874836 0.9981728 -0.01413011 -0.6089773 0.5545617 0.5671051 0.05881094 -0.9981692 0.01413047 -0.5450522 -0.598187 0.5874441 -0.7437205 0.6684908 2.74672e-4 -0.05285835 0.9986021 3.05187e-5 -0.9985756 -0.05335503 3.42474e-4 -0.6685228 -0.7436916 1.52596e-4 1.49797e-4 1 0 -1 -2.30335e-5 -4.42676e-4 -1.57528e-4 -1 1.97403e-6 0 1 -1.4934e-4 1.38828e-5 1.34277e-4 1 0 -1 1.11305e-4 5.00684e-5 1 3.98168e-6 -1 0 0 -1.10162e-4 -1 1.1915e-6 1.49736e-4 1 0 -1.59215e-4 -1 2.6949e-7 3.97681e-6 1 -1.46271e-4 0 1.34277e-4 1 1.42343e-6 -1 7.96126e-5 0 0.9999939 -0.003500998 0 0.003596961 0.9999935 0 -0.9999938 0.003541946 3.78431e-5 0.9999968 -0.002537608 3.36965e-4 0.00253582 0.9999968 4.33287e-5 -0.9999938 0.003541946 -0.00250113 0.999997 6.08889e-6 0.9999939 0.002521812 -0.002439081 0.00250256 -0.999997 -6.09429e-6 6.41237e-7 0.9999985 -0.001749813 4.85679e-6 0.001733362 0.9999985 5.93535e-7 -0.9999969 0.002500891 8.3195e-7 0.999994 -0.003499627 5.56845e-6 -0.002534985 -0.9999969 8.40585e-7 -0.999997 0.002502739 0.002500176 0.999997 5.23358e-6 0.9999947 -0.002529263 0.002091765 -0.002502143 -0.9999969 -5.22408e-6 2.82332e-5 0.999997 -0.002471864 2.57945e-4 -0.001733362 -0.9999985 3.14262e-5 -0.9999985 0.001767277 0 0.9999939 -0.003500223 0 -0.003596961 -0.9999936 0 -0.9999938 0.003543674 3.9125e-5 0.9999967 -0.002558112 3.49325e-4 -0.003596961 -0.9999935 4.50072e-5 -0.9999938 0.003543674 -0.001675128 0.9999987 -4.07699e-6 -0.9999992 -0.001335203 -5.78012e-5 0.001188635 -0.9999993 -4.23536e-6 9.98204e-5 1 0 -7.6025e-5 -1 1.65873e-6 0 1 1.4851e-4 1.30126e-5 6.51039e-5 -1 0 -1 -1.1238e-4 1.45279e-4 1 3.74147e-6 -0.999995 4.10096e-6 0.003192424 -7.93271e-5 -1 1.76235e-6 -0.04693889 0.9985657 0.02575838 -0.7068625 0.7073507 7.32468e-4 1.22074e-4 1 9.15555e-5 -0.9999995 0 9.65048e-4 0.04696929 -0.9985634 -0.02578884 -0.7069236 -0.7072898 5.18832e-4 -0.5537392 -0.5818168 -0.595703 -0.02685636 0.7394356 -0.6726914 -0.03653085 0.9986636 0.03656136 -0.002678811 0.036592 -0.9993267 0.02469009 -0.6712106 -0.7408555 2.74673e-4 0.7326457 -0.6806103 -3.05195e-5 0.9993292 0.03662329 4.52825e-4 0.03670686 -0.9993261 3.0519e-4 -0.6808478 -0.7324249 0.03653085 -0.9986636 -0.03656136 1.49727e-4 1 0 1 -1.11922e-4 1.30714e-5 -1.14265e-4 -1 1.74047e-6 -4.87038e-7 1 0 0 -6.71389e-5 1 -5.41712e-7 -1 -5.39945e-7 0 1 0 -1 0 -3.00598e-5 0 -1 0 0 0 1 0 -1 0 1 0 -3.05176e-5 0 -1 0 0 -1 0 0 0 -1 1 0 3.05331e-5 -1 0 3.00752e-5 0 -1 0 1 0 0 1.49727e-4 1 0 1 -1.58657e-4 0 -1.59134e-4 -1 0 0 -0.9999938 0.003540217 -0.9990016 -0.04467403 -3.93475e-4 0.0531643 -0.9985859 -3.05191e-5 1.49716e-4 1 0 -1 0 -4.42695e-4 -1.1328e-4 -1 -1.91982e-6 0 1 -1.49677e-4 1.6052e-5 6.9173e-5 1 0 -1 1.11359e-4 1.46102e-4 1 -3.62115e-6 -1 4.53664e-6 0 -7.87417e-5 -1 -1.28358e-6 1.49723e-4 1 0 -1.12859e-4 -1 -2.65897e-7 -4.27879e-6 1 -5.0029e-5 6.64249e-6 1.34278e-4 1 -1.30844e-6 -1 1.11279e-4 0 0.9999939 -0.003501892 0 -0.9999938 0.003541946 -4.29621e-5 0.9999939 -0.003500699 -3.43185e-4 0.003596961 0.9999936 -4.00247e-5 -0.9999969 0.002541601 -0.002499878 0.999997 6.0972e-6 0.9999941 0.002465784 -0.002435147 0.002501368 -0.999997 -6.10148e-6 -5.7982e-7 0.999997 -0.002499103 -4.75138e-6 0.002534985 0.9999969 -5.96048e-7 -0.9999985 0.001766622 -7.96005e-7 0.999997 -0.002501308 -6.43826e-6 -0.003531873 -0.9999938 -8.4088e-7 -0.9999938 0.003541946 0.002500236 0.999997 5.22608e-6 0.9999948 -0.002462208 0.002087771 -0.00250101 -0.999997 -5.23139e-6 -3.38774e-5 0.9999985 -0.001750588 -2.5658e-4 -0.002534329 -0.9999968 -2.88627e-5 -0.999997 0.002472996 0 0.999994 -0.003499269 0 -0.003596961 -0.9999935 0 -0.9999938 0.003543674 -4.20302e-5 0.9999939 -0.003500699 -3.46747e-4 -0.002535879 -0.9999968 -3.99273e-5 -0.9999968 0.002563834 -0.001174449 0.9999994 4.55616e-6 -0.9999964 -0.002674698 5.77711e-5 0.001683712 -0.9999986 4.25337e-6 9.98159e-5 1 0 -1.063e-4 -1 -1.82299e-6 0 1 1.50156e-4 1.38801e-5 6.91731e-5 -1 0 -1 -1.12379e-4 5.00515e-5 1 -4.68455e-6 -0.999995 0 0.003192543 -1.10802e-4 -1 -1.00998e-6 -0.6009443 0.5717074 -0.5585843 -0.999773 -0.02129149 -8.43837e-4 -1.52593e-4 -1 -1.22074e-4 -0.002867102 0.05168169 -0.9986596 4.61466e-4 0.03660082 -0.9993299 0 -0.9993281 -0.03665381 1.49725e-4 1 0 1 -1.58733e-4 -1.30715e-5 -1.59133e-4 -1 -1.88098e-6 9.64462e-7 1 1.48836e-4 5.0768e-6 0 1 5.52237e-7 -1 -1.13077e-4 -1 0 -3.00598e-5 0 -1 0 0 -1 0 1 0 -3.05176e-5 0 -1 0 0 -1 0 1 0 3.05332e-5 0 -1 0 0 -1 0 -1 0 3.00751e-5 0 -1 0 1.49727e-4 1 0 -1.59133e-4 -1 0</float_array>
          <technique_common>
            <accessor source="#ID97_001-mesh-normals-array" count="184" stride="3">
              <param name="X" type="float"/>
              <param name="Y" type="float"/>
              <param name="Z" type="float"/>
            </accessor>
          </technique_common>
        </source>
        <source id="ID97_001-mesh-map-0">
          <float_array id="ID97_001-mesh-map-0-array" count="1368">0.706835 0.428775 0.762293 0.428216 0.762293 0.428776 0.08461576 0.151519 0.139919 0.155718 0.08446067 0.155717 0.706785 0.412754 0.762088 0.413314 0.706785 0.413314 0.637236 0.428826 0.706835 0.428215 0.706835 0.428775 0.01429659 0.1506479 0.08461576 0.151519 0.08446067 0.155717 0.637221 0.412807 0.706785 0.413314 0.636655 0.413367 0.636655 0.4778 0.637236 0.428826 0.637221 0.4778 0.77728 0.280224 0.827371 0.284422 0.77728 0.284418 0.636675 0.363715 0.637221 0.412807 0.636655 0.413367 0.09250468 0.272628 0.0930683 0.266295 0.0930714 0.273188 0.812986 0.449319 0.81939 0.45352 0.812986 0.45352 0.193084 0.273965 0.193647 0.280297 0.19308 0.280297 0.008074462 0.273187 0.09250468 0.272628 0.0930714 0.273188 0.739151 0.670621 0.824148 0.674821 0.739151 0.674821 0.108653 0.273406 0.193084 0.273965 0.108087 0.273966 0.007507503 0.280297 0.008074462 0.273187 0.008073925 0.280297 0.391148 0.335945 0.398905 0.340145 0.391148 0.340145 0.108086 0.266295 0.108653 0.273406 0.108087 0.273966 0.432037 0.498755 0.432604 0.450247 0.432603 0.499315 0.77728 0.242126 0.826334 0.246327 0.77728 0.246327 0.397712 0.450796 0.39828 0.499303 0.397713 0.499303 0.425472 0.499315 0.432037 0.498755 0.432603 0.499315 0.812958 0.434471 0.819522 0.43027 0.819522 0.434471 0.391148 0.450236 0.397712 0.450796 0.391148 0.450796 0.812986 0.502824 0.965914 0.503385 0.812986 0.503385 0.73915 0.845803 0.892077 0.850004 0.73915 0.850004 0.01429659 0.05849045 0.167224 0.05905055 0.01429659 0.05905055 0.61486 0.317246 0.62164 0.317809 0.614292 0.317806 0.812997 0.468368 0.819766 0.472569 0.812986 0.472568 0.61487 0.162327 0.62164 0.161769 0.62164 0.162329 0.614465 0.247771 0.61486 0.317246 0.614292 0.317806 0.739161 0.56053 0.809975 0.556329 0.809985 0.56053 0.614475 0.231802 0.61487 0.162327 0.615043 0.232362 0.265802 0.24721 0.614465 0.247771 0.265802 0.24777 0.636655 0.142718 0.985885 0.146919 0.636655 0.146919 0.265802 0.23236 0.614475 0.231802 0.615043 0.232362 0.61462 0.146356 0.265802 0.146919 0.265802 0.146359 0.636665 0.199864 0.98604 0.204064 0.636655 0.204064 0.985462 0.922558 0.636655 0.9220001 0.986029 0.921998 0.615039 0.07689845 0.61462 0.146356 0.614472 0.07633841 0.739161 0.541482 0.809957 0.537281 0.809968 0.541482 0.985881 0.992016 0.985462 0.922558 0.986029 0.921998 0.62164 0.07633686 0.615039 0.07689845 0.614472 0.07633841 0.79136 0.449319 0.79796 0.45352 0.79136 0.45352 0.992492 0.992574 0.985881 0.992016 0.992492 0.992014 0.965914 0.487977 0.812986 0.487417 0.965914 0.487417 0.73915 0.864852 0.892077 0.869052 0.73915 0.869052 0.167224 0.07445847 0.01429659 0.07389837 0.167224 0.07389837 0.432294 0.514723 0.425472 0.514165 0.43286 0.514162 0.209429 0.2133499 0.216251 0.209149 0.216251 0.2133499 0.39798 0.562664 0.391148 0.563226 0.391148 0.562666 0.432863 0.563225 0.432294 0.514723 0.43286 0.514162 0.77728 0.261175 0.826328 0.265375 0.77728 0.265376 0.398546 0.514151 0.39798 0.562664 0.39798 0.514151 0.108916 0.244751 0.10835 0.2374449 0.108916 0.2374449 0.415501 0.359194 0.423455 0.354993 0.423455 0.359194 0.008074462 0.244141 0.007507503 0.251447 0.007508099 0.2435809 0.193082 0.24531 0.108916 0.244751 0.19365 0.24475 0.739151 0.651572 0.823883 0.655773 0.739151 0.655773 0.09224015 0.243582 0.008074462 0.244141 0.007508099 0.2435809 0.193629 0.251447 0.193082 0.24531 0.19365 0.24475 0.814109 0.716664 0.820314 0.712464 0.820314 0.716664 0.09278708 0.2374449 0.09224015 0.243582 0.09222066 0.237447 0.637221 0.283862 0.636703 0.235041 0.637269 0.235041 0.777323 0.375264 0.82726 0.37107 0.82726 0.37527 0.637265 0.299829 0.636655 0.348867 0.636699 0.299269 0.706772 0.284422 0.637221 0.283862 0.706773 0.283862 0.06964695 0.175639 0.139919 0.174766 0.06980198 0.179834 0.706881 0.299333 0.637265 0.299829 0.636699 0.299269 0.762264 0.284396 0.706773 0.283862 0.762264 0.283837 0.01431006 0.179835 0.06964695 0.175639 0.06980198 0.179834 0.762218 0.299358 0.706881 0.299892 0.706881 0.299333 0.403933 0.793309 0.404499 0.800247 0.403933 0.800247 0.2086679 0.228198 0.216251 0.232399 0.2086679 0.232399 0.403933 0.77734 0.404499 0.770402 0.404499 0.7779 0.345695 0.792749 0.403933 0.793309 0.346261 0.793309 0.777103 0.413367 0.835907 0.409167 0.835908 0.413367 0.346262 0.777341 0.404499 0.7779 0.345695 0.777901 0.345696 0.820753 0.346261 0.793309 0.346262 0.821313 0.391148 0.412139 0.419468 0.41634 0.391148 0.41634 0.345696 0.749896 0.346262 0.777341 0.345695 0.777901 0.26119 0.820753 0.346262 0.821313 0.260623 0.821313 0.739151 0.632524 0.823656 0.636724 0.739151 0.636724 0.260624 0.749336 0.345696 0.749896 0.26119 0.749896 0.260624 0.793309 0.26119 0.820753 0.260623 0.821313 0.391148 0.431187 0.419468 0.435388 0.391148 0.435388 0.260624 0.777341 0.26119 0.749896 0.261191 0.777901 0.2023699 0.792749 0.260624 0.793309 0.202937 0.793309 0.739151 0.499184 0.797971 0.503385 0.739151 0.503385 0.202937 0.777341 0.261191 0.777901 0.202371 0.777901 0.2023699 0.992576 0.202937 0.793309 0.202937 0.992016 0.01429659 0.08930635 0.2163749 0.09350711 0.01429659 0.09350711 0.202937 0.578634 0.202371 0.777901 0.202371 0.578074 0.261191 0.992576 0.202937 0.992016 0.260624 0.992016 0.154934 0.175635 0.213755 0.179835 0.154934 0.179835 0.260624 0.578634 0.202371 0.578074 0.261191 0.578074 0.26119 0.964586 0.260624 0.992016 0.260623 0.964025 0.391148 0.374042 0.419454 0.378242 0.391148 0.378242 0.26119 0.606064 0.260624 0.578634 0.261191 0.578074 0.345696 0.964586 0.260623 0.964025 0.346262 0.964025 0.739151 0.613475 0.823656 0.617676 0.739151 0.617676 0.346262 0.606624 0.26119 0.606064 0.345696 0.606064 0.346261 0.992016 0.345696 0.964586 0.346262 0.964025 0.391148 0.39309 0.419454 0.397291 0.391148 0.397291 0.346262 0.578634 0.345696 0.606064 0.345695 0.578074 0.404499 0.992576 0.346261 0.992016 0.403933 0.992016 0.777103 0.390118 0.835908 0.394319 0.777103 0.394319 0.403933 0.578634 0.345695 0.578074 0.404499 0.578074 0.404499 0.985075 0.403933 0.992016 0.403933 0.985075 0.41587 0.335945 0.423455 0.340145 0.41587 0.340145 0.404499 0.585575 0.403933 0.578634 0.404499 0.578074 0.855046 0.526953 0.85448 0.655773 0.85448 0.526953 0.73915 0.807706 0.86942 0.811907 0.73915 0.811907 0.838898 0.655773 0.839465 0.526953 0.839465 0.655773 0.706835 0.428775 0.706835 0.428215 0.762293 0.428216 0.08461576 0.151519 0.139919 0.151518 0.139919 0.155718 0.706785 0.412754 0.762088 0.412753 0.762088 0.413314 0.637236 0.428826 0.636671 0.428266 0.706835 0.428215 0.01429659 0.1506479 0.01448637 0.146452 0.08461576 0.151519 0.637221 0.412807 0.706785 0.412754 0.706785 0.413314 0.636655 0.4778 0.636671 0.428266 0.637236 0.428826 0.77728 0.280224 0.827491 0.280225 0.827371 0.284422 0.636675 0.363715 0.63724 0.363715 0.637221 0.412807 0.09250468 0.272628 0.09250187 0.266295 0.0930683 0.266295 0.812986 0.449319 0.81939 0.449319 0.81939 0.45352 0.193084 0.273965 0.19365 0.273404 0.193647 0.280297 0.008074462 0.273187 0.007508099 0.272627 0.09250468 0.272628 0.739151 0.670621 0.824147 0.670621 0.824148 0.674821 0.108653 0.273406 0.19365 0.273404 0.193084 0.273965 0.007507503 0.280297 0.007508099 0.272627 0.008074462 0.273187 0.391148 0.335945 0.398905 0.335945 0.398905 0.340145 0.108086 0.266295 0.108653 0.266295 0.108653 0.273406 0.432037 0.498755 0.432038 0.450247 0.432604 0.450247 0.77728 0.242126 0.826334 0.242126 0.826334 0.246327 0.397712 0.450796 0.398279 0.450236 0.39828 0.499303 0.425472 0.499315 0.425472 0.498755 0.432037 0.498755 0.812958 0.434471 0.812958 0.43027 0.819522 0.43027 0.391148 0.450236 0.398279 0.450236 0.397712 0.450796 0.812986 0.502824 0.965914 0.502824 0.965914 0.503385 0.73915 0.845803 0.892077 0.845803 0.892077 0.850004 0.01429659 0.05849045 0.167224 0.05849045 0.167224 0.05905055 0.61486 0.317246 0.62164 0.317248 0.62164 0.317809 0.812997 0.468368 0.819766 0.468368 0.819766 0.472569 0.61487 0.162327 0.614303 0.161767 0.62164 0.161769 0.614465 0.247771 0.615032 0.247211 0.61486 0.317246 0.739161 0.56053 0.739151 0.556329 0.809975 0.556329 0.614475 0.231802 0.614303 0.161767 0.61487 0.162327 0.265802 0.24721 0.615032 0.247211 0.614465 0.247771 0.636655 0.142718 0.985896 0.142718 0.985885 0.146919 0.265802 0.23236 0.265802 0.2318 0.614475 0.231802 0.61462 0.146356 0.615187 0.146917 0.265802 0.146919 0.636665 0.199864 0.98604 0.199864 0.98604 0.204064 0.985462 0.922558 0.636655 0.92256 0.636655 0.9220001 0.615039 0.07689845 0.615187 0.146917 0.61462 0.146356 0.739161 0.541482 0.739151 0.537281 0.809957 0.537281 0.985881 0.992016 0.985314 0.992576 0.985462 0.922558 0.62164 0.07633686 0.62164 0.0768969 0.615039 0.07689845 0.79136 0.449319 0.797971 0.449319 0.79796 0.45352 0.992492 0.992574 0.985314 0.992576 0.985881 0.992016 0.965914 0.487977 0.812986 0.487977 0.812986 0.487417 0.73915 0.864852 0.892077 0.864852 0.892077 0.869052 0.167224 0.07445847 0.01429659 0.07445847 0.01429659 0.07389837 0.432294 0.514723 0.425472 0.514725 0.425472 0.514165 0.209429 0.2133499 0.209419 0.20915 0.216251 0.209149 0.39798 0.562664 0.398547 0.563224 0.391148 0.563226 0.432863 0.563225 0.432296 0.563225 0.432294 0.514723 0.77728 0.261175 0.826339 0.261175 0.826328 0.265375 0.398546 0.514151 0.398547 0.563224 0.39798 0.562664 0.108916 0.244751 0.10835 0.245311 0.10835 0.2374449 0.415501 0.359194 0.4155 0.354993 0.423455 0.354993 0.008074462 0.244141 0.008073925 0.251447 0.007507503 0.251447 0.193082 0.24531 0.10835 0.245311 0.108916 0.244751 0.739151 0.651572 0.823883 0.651572 0.823883 0.655773 0.09224015 0.243582 0.0928083 0.2441419 0.008074462 0.244141 0.193629 0.251447 0.193062 0.251446 0.193082 0.24531 0.814109 0.716664 0.814109 0.712464 0.820314 0.712464 0.09278708 0.2374449 0.0928083 0.2441419 0.09224015 0.243582 0.637221 0.283862 0.636655 0.284421 0.636703 0.235041 0.777323 0.375264 0.777103 0.371064 0.82726 0.37107 0.637265 0.299829 0.637222 0.348867 0.636655 0.348867 0.706772 0.284422 0.636655 0.284421 0.637221 0.283862 0.06964695 0.175639 0.139829 0.170566 0.139919 0.174766 0.706881 0.299333 0.706881 0.299892 0.637265 0.299829 0.762264 0.284396 0.706772 0.284422 0.706773 0.283862 0.01431006 0.179835 0.01431 0.175638 0.06964695 0.175639 0.762218 0.299358 0.762217 0.299917 0.706881 0.299892 0.403933 0.793309 0.404499 0.792749 0.404499 0.800247 0.2086679 0.228198 0.216251 0.228198 0.216251 0.232399 0.403933 0.77734 0.403933 0.770402 0.404499 0.770402 0.345695 0.792749 0.404499 0.792749 0.403933 0.793309 0.777103 0.413367 0.777103 0.409167 0.835907 0.409167 0.346262 0.777341 0.403933 0.77734 0.404499 0.7779 0.345696 0.820753 0.345695 0.792749 0.346261 0.793309 0.391148 0.412139 0.419468 0.412139 0.419468 0.41634 0.345696 0.749896 0.346262 0.749336 0.346262 0.777341 0.26119 0.820753 0.345696 0.820753 0.346262 0.821313 0.739151 0.632524 0.823656 0.632524 0.823656 0.636724 0.260624 0.749336 0.346262 0.749336 0.345696 0.749896 0.260624 0.793309 0.261191 0.792749 0.26119 0.820753 0.391148 0.431187 0.419468 0.431187 0.419468 0.435388 0.260624 0.777341 0.260624 0.749336 0.26119 0.749896 0.2023699 0.792749 0.261191 0.792749 0.260624 0.793309 0.739151 0.499184 0.797971 0.499184 0.797971 0.503385 0.202937 0.777341 0.260624 0.777341 0.261191 0.777901 0.2023699 0.992576 0.2023699 0.792749 0.202937 0.793309 0.01429659 0.08930635 0.2163749 0.08930635 0.2163749 0.09350711 0.202937 0.578634 0.202937 0.777341 0.202371 0.777901 0.261191 0.992576 0.2023699 0.992576 0.202937 0.992016 0.154934 0.175635 0.213755 0.175635 0.213755 0.179835 0.260624 0.578634 0.202937 0.578634 0.202371 0.578074 0.26119 0.964586 0.261191 0.992576 0.260624 0.992016 0.391148 0.374042 0.419454 0.374042 0.419454 0.378242 0.26119 0.606064 0.260624 0.606624 0.260624 0.578634 0.345696 0.964586 0.26119 0.964586 0.260623 0.964025 0.739151 0.613475 0.823656 0.613475 0.823656 0.617676 0.346262 0.606624 0.260624 0.606624 0.26119 0.606064 0.346261 0.992016 0.345695 0.992576 0.345696 0.964586 0.391148 0.39309 0.419454 0.39309 0.419454 0.397291 0.346262 0.578634 0.346262 0.606624 0.345696 0.606064 0.404499 0.992576 0.345695 0.992576 0.346261 0.992016 0.777103 0.390118 0.835908 0.390118 0.835908 0.394319 0.403933 0.578634 0.346262 0.578634 0.345695 0.578074 0.404499 0.985075 0.404499 0.992576 0.403933 0.992016 0.41587 0.335945 0.423455 0.335945 0.423455 0.340145 0.404499 0.585575 0.403933 0.585575 0.403933 0.578634 0.855046 0.526953 0.855046 0.655773 0.85448 0.655773 0.73915 0.807706 0.86942 0.807706 0.86942 0.811907 0.838898 0.655773 0.838898 0.526953 0.839465 0.526953</float_array>
          <technique_common>
            <accessor source="#ID97_001-mesh-map-0-array" count="684" stride="2">
              <param name="S" type="float"/>
              <param name="T" type="float"/>
            </accessor>
          </technique_common>
        </source>
        <vertices id="ID97_001-mesh-vertices">
          <input semantic="POSITION" source="#ID97_001-mesh-positions"/>
        </vertices>
        <lines count="6">
          <input semantic="VERTEX" source="#ID97_001-mesh-vertices" offset="0"/>
          <p>73 72 74 73 75 74 69 68 70 69 71 70</p>
        </lines>
        <triangles material="aws_robomaker_hospital_floor_01_bumprail_001-material" count="228">
          <input semantic="VERTEX" source="#ID97_001-mesh-vertices" offset="0"/>
          <input semantic="NORMAL" source="#ID97_001-mesh-normals" offset="1"/>
          <input semantic="TEXCOORD" source="#ID97_001-mesh-map-0" offset="2" set="0"/>
          <p>4 0 0 1 1 1 0 2 2 6 3 3 1 1 4 5 4 5 7 5 6 2 6 7 6 3 8 8 7 9 5 4 10 4 0 11 9 8 12 6 3 13 5 4 14 11 9 15 6 3 16 10 10 17 13 11 18 8 7 19 12 12 20 14 13 21 9 13 22 13 13 23 14 14 24 11 9 25 10 10 26 21 15 27 16 15 28 20 15 29 22 16 30 17 16 31 21 16 32 22 17 33 19 17 34 18 17 35 24 18 36 21 18 37 20 18 38 26 19 39 21 19 40 25 19 41 27 20 42 22 20 43 26 20 44 29 21 45 24 21 46 28 21 47 30 22 48 25 22 49 29 22 50 30 23 51 27 23 52 26 23 53 37 24 54 32 24 55 36 24 56 38 22 57 33 22 58 37 22 59 38 25 60 35 25 61 34 25 62 40 26 63 37 26 64 36 26 65 41 27 66 38 27 67 37 27 68 43 28 69 38 28 70 42 28 71 49 29 72 44 29 73 48 29 74 50 30 75 45 30 76 49 30 77 51 31 78 46 31 79 50 31 80 57 32 81 52 32 82 56 32 83 58 33 84 53 33 85 57 33 86 58 34 87 55 34 88 54 34 89 60 35 90 57 35 91 56 35 92 61 36 93 58 36 94 57 36 95 63 37 96 58 37 97 62 37 98 65 38 99 60 38 100 64 38 101 66 39 102 61 39 103 65 39 104 66 40 105 63 40 106 62 40 107 80 41 108 77 41 109 76 41 110 82 42 111 77 42 112 81 42 113 83 43 114 78 43 115 82 43 116 85 44 117 80 44 118 84 44 119 85 45 120 82 45 121 81 45 122 86 46 123 83 46 124 82 46 125 88 47 126 85 47 127 84 47 128 90 48 129 85 48 130 89 48 131 91 49 132 86 49 133 90 49 134 97 50 135 92 50 136 96 50 137 98 51 138 93 51 139 97 51 140 99 52 141 94 52 142 98 52 143 105 53 144 100 53 145 104 53 146 105 54 147 102 54 148 101 54 149 106 55 150 103 55 151 102 55 152 108 56 153 105 56 154 104 56 155 110 57 156 105 57 157 109 57 158 111 58 159 106 58 160 110 58 161 116 59 162 113 59 163 112 59 164 117 22 165 114 22 166 113 22 167 119 60 168 114 60 169 118 60 170 121 61 171 116 61 172 120 61 173 122 62 174 117 62 175 121 62 176 122 63 177 119 63 178 118 63 179 124 64 180 121 64 181 120 64 182 125 65 183 122 65 184 121 65 185 127 66 186 122 66 187 126 66 188 132 67 189 129 68 190 128 69 191 133 70 192 130 70 193 129 70 194 135 71 195 130 72 196 134 73 197 137 74 198 132 67 199 136 75 200 138 76 201 133 76 202 137 76 203 138 77 204 135 71 205 134 73 206 141 78 207 136 75 208 140 79 209 141 80 210 138 80 211 137 80 212 142 81 213 139 82 214 138 77 215 148 83 216 145 83 217 144 83 218 150 84 219 145 84 220 149 84 221 151 85 222 146 85 223 150 85 224 153 86 225 148 86 226 152 86 227 153 87 228 150 87 229 149 87 230 155 88 231 150 88 232 154 88 233 157 89 234 152 89 235 156 89 236 158 90 237 153 90 238 157 90 239 158 91 240 155 91 241 154 91 242 161 89 243 156 89 244 160 89 245 162 92 246 157 92 247 161 92 248 163 93 249 158 93 250 162 93 251 164 89 252 161 89 253 160 89 254 166 94 255 161 94 256 165 94 257 167 95 258 162 95 259 166 95 260 169 89 261 164 89 262 168 89 263 170 92 264 165 92 265 169 92 266 171 96 267 166 96 268 170 96 269 173 89 270 168 89 271 172 89 272 174 22 273 169 22 274 173 22 275 175 96 276 170 96 277 174 96 278 177 89 279 172 89 280 176 89 281 178 97 282 173 97 283 177 97 284 179 96 285 174 96 286 178 96 287 181 89 288 176 89 289 180 89 290 182 98 291 177 98 292 181 98 293 182 96 294 179 96 295 178 96 296 185 89 297 180 89 298 184 89 299 186 97 300 181 97 301 185 97 302 187 96 303 182 96 304 186 96 305 188 89 306 185 89 307 184 89 308 190 99 309 185 99 310 189 99 311 191 100 312 186 100 313 190 100 314 193 89 315 188 89 316 192 89 317 194 97 318 189 97 319 193 97 320 195 96 321 190 96 322 194 96 323 197 89 324 192 89 325 196 89 326 198 101 327 193 101 328 197 101 329 198 96 330 195 96 331 194 96 332 205 102 333 200 102 334 204 102 335 206 103 336 201 103 337 205 103 338 207 104 339 202 104 340 206 104 341 4 0 342 5 4 343 1 1 344 6 3 345 2 6 346 1 1 347 7 5 348 3 105 349 2 6 350 8 7 351 9 8 352 5 4 353 9 8 354 10 10 355 6 3 356 11 9 357 7 5 358 6 3 359 13 11 360 9 8 361 8 7 362 14 106 363 10 106 364 9 106 365 14 14 366 15 107 367 11 9 368 21 108 369 17 108 370 16 108 371 22 109 372 18 109 373 17 109 374 22 110 375 23 110 376 19 110 377 24 111 378 25 111 379 21 111 380 26 112 381 22 112 382 21 112 383 27 113 384 23 113 385 22 113 386 29 114 387 25 114 388 24 114 389 30 115 390 26 115 391 25 115 392 30 116 393 31 116 394 27 116 395 37 117 396 33 117 397 32 117 398 38 22 399 34 22 400 33 22 401 38 118 402 39 118 403 35 118 404 40 119 405 41 119 406 37 119 407 41 120 408 42 120 409 38 120 410 43 121 411 39 121 412 38 121 413 49 122 414 45 122 415 44 122 416 50 30 417 46 30 418 45 30 419 51 123 420 47 123 421 46 123 422 57 124 423 53 124 424 52 124 425 58 125 426 54 125 427 53 125 428 58 126 429 59 126 430 55 126 431 60 127 432 61 127 433 57 127 434 61 128 435 62 128 436 58 128 437 63 129 438 59 129 439 58 129 440 65 130 441 61 130 442 60 130 443 66 131 444 62 131 445 61 131 446 66 132 447 67 132 448 63 132 449 80 133 450 81 133 451 77 133 452 82 134 453 78 134 454 77 134 455 83 135 456 79 135 457 78 135 458 85 136 459 81 136 460 80 136 461 85 137 462 86 137 463 82 137 464 86 138 465 87 138 466 83 138 467 88 139 468 89 139 469 85 139 470 90 140 471 86 140 472 85 140 473 91 141 474 87 141 475 86 141 476 97 142 477 93 142 478 92 142 479 98 143 480 94 143 481 93 143 482 99 144 483 95 144 484 94 144 485 105 145 486 101 145 487 100 145 488 105 146 489 106 146 490 102 146 491 106 147 492 107 147 493 103 147 494 108 148 495 109 148 496 105 148 497 110 149 498 106 149 499 105 149 500 111 150 501 107 150 502 106 150 503 116 151 504 117 151 505 113 151 506 117 22 507 118 22 508 114 22 509 119 152 510 115 152 511 114 152 512 121 153 513 117 153 514 116 153 515 122 154 516 118 154 517 117 154 518 122 155 519 123 155 520 119 155 521 124 156 522 125 156 523 121 156 524 125 157 525 126 157 526 122 157 527 127 158 528 123 158 529 122 158 530 132 67 531 133 159 532 129 68 533 133 160 534 134 160 535 130 160 536 135 71 537 131 161 538 130 72 539 137 74 540 133 159 541 132 67 542 138 162 543 134 162 544 133 162 545 138 77 546 139 82 547 135 71 548 141 78 549 137 74 550 136 75 551 141 163 552 142 163 553 138 163 554 142 81 555 143 164 556 139 82 557 148 165 558 149 165 559 145 165 560 150 166 561 146 166 562 145 166 563 151 167 564 147 167 565 146 167 566 153 168 567 149 168 568 148 168 569 153 169 570 154 169 571 150 169 572 155 170 573 151 170 574 150 170 575 157 89 576 153 89 577 152 89 578 158 171 579 154 171 580 153 171 581 158 172 582 159 172 583 155 172 584 161 89 585 157 89 586 156 89 587 162 92 588 158 92 589 157 92 590 163 173 591 159 173 592 158 173 593 164 89 594 165 89 595 161 89 596 166 174 597 162 174 598 161 174 599 167 96 600 163 96 601 162 96 602 169 89 603 165 89 604 164 89 605 170 92 606 166 92 607 165 92 608 171 175 609 167 175 610 166 175 611 173 89 612 169 89 613 168 89 614 174 22 615 170 22 616 169 22 617 175 96 618 171 96 619 170 96 620 177 89 621 173 89 622 172 89 623 178 97 624 174 97 625 173 97 626 179 176 627 175 176 628 174 176 629 181 89 630 177 89 631 176 89 632 182 177 633 178 177 634 177 177 635 182 178 636 183 178 637 179 178 638 185 89 639 181 89 640 180 89 641 186 97 642 182 97 643 181 97 644 187 179 645 183 179 646 182 179 647 188 89 648 189 89 649 185 89 650 190 180 651 186 180 652 185 180 653 191 96 654 187 96 655 186 96 656 193 89 657 189 89 658 188 89 659 194 97 660 190 97 661 189 97 662 195 181 663 191 181 664 190 181 665 197 89 666 193 89 667 192 89 668 198 101 669 194 101 670 193 101 671 198 96 672 199 96 673 195 96 674 205 182 675 201 182 676 200 182 677 206 103 678 202 103 679 201 103 680 207 183 681 203 183 682 202 183 683</p>
        </triangles>
      </mesh>
    </geometry>
    <geometry id="ID88_001-mesh" name="ID88.001">
      <mesh>
        <source id="ID88_001-mesh-positions">
          <float_array id="ID88_001-mesh-positions-array" count="1248">1936.45 110.555 -291.945 1936.45 110.561 -290.445 1936.45 110.126 -289.382 1936.45 109.066 -288.939 1936.45 97.066 -288.897 1936.45 96.0032 -289.332 1936.45 95.5607 -290.392 1936.45 95.5554 -291.892 1740.62 110.55 -291.942 1740.62 110.556 -290.442 1740.64 110.121 -289.379 1740.68 109.062 -288.937 1741.12 97.07 -288.894 1741.15 96.0079 -289.329 1741.17 95.5657 -290.389 1741.17 95.5604 -291.889 1491.87 92.4031 -292.126 1490.37 92.3361 -290.626 1489.33 91.8503 -289.552 1488.94 90.7705 -289.084 1489.47 78.7825 -288.744 1489.96 77.7419 -289.152 1491.04 77.35101 -290.201 1492.54 77.4181 -291.701 1491.81 92.3835 -470.002 1490.32 92.304 -470.002 1489.28 91.8097 -470.002 1488.9 90.7267 -470.002 1489.53 78.7435 -470.002 1490.03 77.707 -470.002 1491.11 77.3251 -470.002 1492.61 77.4046 -470.002 1492.31 92.5003 -570.0031 1490.81 92.5005 -570.004 1489.75 92.0619 -570.005 1489.31 91.0007 -570.005 1489.31 79.0007 -570.005 1489.75 77.9394 -570.005 1490.81 77.5005 -570.004 1492.31 77.5003 -570.0031 1492.32 92.5002 -591.616 1490.82 92.5003 -590.1151 1489.76 92.0617 -589.054 1489.32 91.0005 -588.6151 1489.32 79.0005 -588.614 1489.76 77.9392 -589.052 1490.82 77.5003 -590.114 1492.32 77.5002 -591.614 1192.19 92.5002 -591.612 1190.69 92.5003 -590.111 1189.63 92.0617 -589.05 1189.19 91.0005 -588.611 1189.19 79.0005 -588.61 1189.63 77.9392 -589.048 1190.69 77.5003 -590.109 1192.19 77.5002 -591.61 1192.19 92.5001 -620 1190.69 92.5002 -620 1189.63 92.0616 -620 1189.19 91.0003 -620 1189.19 79.0003 -620 1189.63 77.9391 -620 1190.69 77.5002 -620 1192.19 77.5001 -620 1192.18 92.5003 -720 1190.68 92.5005 -720 1189.62 92.0619 -720 1189.18 91.0008 -720 1189.18 79.0008 -720 1189.62 77.9394 -720 1190.68 77.5005 -720 1192.18 77.5003 -720 1192.18 92.5002 -892.2141 1190.68 92.5003 -890.7141 1189.62 92.0617 -889.652 1189.18 91.0005 -889.2141 1189.18 79.0005 -889.212 1189.62 77.9392 -889.6511 1190.68 77.5003 -890.712 1192.18 77.5002 -892.212 1170 92.5001 -892.2141 1170 92.5002 -890.7141 1170 92.0616 -889.652 1170 91.0004 -889.213 1170 79.0004 -889.212 1170 77.9391 -889.6511 1170 77.5002 -890.712 1170 77.5001 -892.213 1070 92.50701 -892.24 1070 92.5123 -890.74 1070 92.0773 -889.6771 1070 91.0176 -889.2341 1070 79.0177 -889.192 1070 77.9549 -889.627 1070 77.5124 -890.686 1070 77.5071 -892.1871 530 92.50701 -892.24 530 92.5123 -890.74 530 92.0773 -889.6771 530 91.0176 -889.2341 530 79.0177 -889.192 530 77.9549 -889.627 530 77.5124 -890.686 530 77.5071 -892.1871 430 92.50701 -892.24 430 92.5123 -890.74 430 92.0773 -889.6771 430 91.0176 -889.2341 430 79.0177 -889.192 430 77.9549 -889.627 430 77.5124 -890.686 430 77.5071 -892.1871 407.061 92.5049 -892.2321 408.566 92.5087 -890.7321 409.63 92.0726 -889.6691 410.073 91.0124 -889.228 410.103 79.0125 -889.1981 409.666 77.9501 -889.634 408.603 77.5087 -890.694 407.099 77.50501 -892.1951 407.671 92.5049 -642.1461 409.175 92.5087 -640.6461 410.24 92.0726 -639.5841 410.682 91.0124 -639.142 410.712 79.0125 -639.1121 410.275 77.9501 -639.548 409.213 77.5087 -640.608 407.708 77.50501 -642.109 -826.4921 92.5035 -642.1411 -826.4921 92.5061 -640.64 -826.4921 92.0693 -639.578 -826.4921 91.0088 -639.138 -826.4921 79.0088 -639.117 -826.4921 77.9468 -639.5531 -826.4921 77.5061 -640.614 -826.4921 77.5035 -642.114 -983.512 92.50701 -642.1541 -983.512 92.5123 -640.6541 -983.512 92.0773 -639.591 -983.512 91.0176 -639.148 -983.512 79.0177 -639.106 -983.512 77.9549 -639.541 -983.512 77.5124 -640.601 -983.512 77.5071 -642.101 -983.512 92.4928 642.1621 -983.512 92.4875 640.6621 -983.512 92.04501 639.6021 -983.512 90.9822 639.1671 -983.512 78.9823 639.2091 -983.512 77.9226 639.652 -983.512 77.4876 640.715 -983.512 77.4929 642.215 -826.4921 92.4928 642.1621 -826.4921 92.4875 640.6621 -826.4921 92.04501 639.6021 -826.4921 90.9822 639.1671 -826.4921 78.9823 639.2091 -826.4921 77.9226 639.652 -826.4921 77.4876 640.715 -826.4921 77.4929 642.215 408.217 92.4949 642.17 409.721 92.4912 640.669 410.783 92.0498 639.609 411.22 90.9874 639.173 411.19 78.9875 639.203 410.748 77.9273 639.645 409.683 77.4912 640.707 408.18 77.49501 642.207 407.695 92.4949 892.1951 409.198 92.4912 890.694 410.261 92.0498 889.634 410.698 90.9874 889.1981 410.668 78.9875 889.228 410.225 77.9273 889.6691 409.161 77.4912 890.7321 407.657 77.49501 892.2321 430 92.4964 892.2 430 92.4938 890.7 430 92.0531 889.639 430 90.9911 889.202 430 78.9911 889.2241 430 77.9307 889.6641 430 77.4938 890.726 430 77.4964 892.2271 530 92.4928 892.1871 530 92.4875 890.686 530 92.04501 889.627 530 90.9822 889.192 530 78.9823 889.2341 530 77.9226 889.6771 530 77.4876 890.74 530 77.4929 892.24 1070 92.4928 892.1871 1070 92.4875 890.686 1070 92.04501 889.627 1070 90.9822 889.192 1070 78.9823 889.2341 1070 77.9226 889.6771 1070 77.4876 890.74 1070 77.4929 892.24 1170 92.4928 892.1871 1170 92.4875 890.686 1170 92.04501 889.627 1170 90.9822 889.192 1170 78.9823 889.2341 1170 77.9226 889.6771 1170 77.4876 890.74 1170 77.4929 892.24 1193.09 92.4949 892.1951 1191.59 92.4912 890.694 1190.53 92.0498 889.634 1190.09 90.9874 889.1981 1190.12 78.9875 889.228 1190.56 77.9273 889.6691 1191.62 77.4912 890.7321 1193.13 77.49501 892.2321 1193.1 92.4964 720 1191.6 92.4937 720 1190.54 92.0531 720 1190.1 90.9911 720 1190.12 78.9911 720 1190.56 77.9306 720 1191.62 77.4938 720 1193.12 77.4964 720 1193.12 92.5003 620 1191.62 92.5005 620 1190.55 92.0619 620 1190.12 91.0007 620 1190.11 79.0007 620 1190.55 77.9394 620 1191.61 77.5005 620 1193.11 77.5003 620 1193.12 92.5002 590.913 1191.62 92.5003 589.4121 1190.56 92.0617 588.351 1190.12 91.0005 587.9121 1190.12 79.0005 587.911 1190.55 77.9392 588.349 1191.62 77.5003 589.411 1193.12 77.5002 590.911 1492.31 92.5002 590.9171 1490.81 92.5003 589.416 1489.74 92.0617 588.3551 1489.3 91.0005 587.916 1489.3 79.0005 587.9151 1489.74 77.9392 588.353 1490.8 77.5003 589.4151 1492.31 77.5002 590.9151 1492.24 92.5001 570.009 1490.74 92.5002 570.014 1489.68 92.0616 570.017 1489.24 91.0004 570.018 1489.24 79.0004 570.018 1489.68 77.9391 570.017 1490.74 77.5002 570.014 1492.24 77.5001 570.009 1492.2 92.5003 470.003 1490.7 92.5005 470.003 1489.64 92.0619 470.003 1489.2 91.0008 470.003 1489.2 79.0008 470.003 1489.64 77.9394 470.003 1490.7 77.5005 470.003 1492.2 77.5003 470.003 1492.03 92.4558 292.675 1490.53 92.4239 291.176 1489.48 91.9627 290.093 1489.06 90.8924 289.6 1489.32 78.8951 288.978 1489.78 77.8434 289.362 1490.85 77.4273 290.399 1492.35 77.4592 291.898 1740.62 110.611 292.674 1740.62 110.666 291.174 1740.63 110.267 290.098 1740.67 109.223 289.62 1741.11 97.2393 289.181 1741.15 96.1634 289.581 1741.17 95.6864 290.625 1741.17 95.6315 292.125 1936.57 110.617 292.763 1936.57 110.672 291.264 1936.57 110.272 290.187 1936.57 109.227 289.71 1936.57 97.2356 289.27 1936.57 96.1589 289.67 1936.57 95.6816 290.714 1936.57 95.6266 292.214 7.90436 92.4996 330.027 9.40475 92.4994 330.027 10.4659 92.0605 330.027 10.9045 90.9992 330.027 10.9026 78.9992 330.027 10.4637 77.93801 330.027 9.40237 77.4994 330.027 7.90197 77.4996 330.027 7.90401 92.4997 357.803 9.4044 92.4996 359.303 10.4656 92.0607 360.365 10.9042 90.9994 360.803 10.9029 78.9994 360.802 10.464 77.9382 360.363 9.40272 77.4996 359.302 7.90232 77.4997 357.801 -201.739 92.5 357.802 -203.239 92.5 359.303 -204.3 92.0612 360.364 -204.739 91 360.803 -204.739 79 360.803 -204.3 77.9387 360.364 -203.239 77.5 359.303 -201.739 77.5 357.802 -201.736 92.5 257.802 -203.236 92.5 259.303 -204.297 92.0612 260.364 -204.736 91 260.803 -204.736 79 260.803 -204.297 77.9387 260.364 -203.236 77.5 259.303 -201.736 77.5 257.802 -498.133 92.5 257.802 -496.633 92.5 259.303 -495.572 92.0612 260.364 -495.133 91 260.803 -495.133 79 260.803 -495.572 77.9387 260.364 -496.633 77.5 259.303 -498.133 77.5 257.802 -498.131 92.5 357.802 -496.63 92.5 359.303 -495.569 92.0612 360.364 -495.13 91 360.803 -495.13 79 360.803 -495.569 77.9387 360.364 -496.63 77.5 359.303 -498.131 77.5 357.802 -707.8291 92.5 357.802 -709.33 92.5 359.303 -710.3911 92.0612 360.364 -710.83 91 360.803 -710.83 79 360.803 -710.3911 77.9387 360.364 -709.33 77.5 359.303 -707.8291 77.5 357.802 -707.8291 92.5 -357.752 -709.33 92.5 -359.252 -710.3911 92.0612 -360.313 -710.83 91 -360.752 -710.83 79 -360.752 -710.3911 77.9387 -360.313 -709.33 77.5 -359.252 -707.8291 77.5 -357.752 -498.131 92.5 -357.752 -496.63 92.5 -359.252 -495.569 92.0612 -360.313 -495.13 91 -360.752 -495.13 79 -360.752 -495.569 77.9387 -360.313 -496.63 77.5 -359.252 -498.131 77.5 -357.752 -498.133 92.5 -257.802 -496.633 92.5 -259.303 -495.572 92.0612 -260.364 -495.133 91 -260.803 -495.133 79 -260.803 -495.572 77.9387 -260.364 -496.633 77.5 -259.303 -498.133 77.5 -257.802 -201.736 92.5 -257.802 -203.236 92.5 -259.303 -204.297 92.0612 -260.364 -204.736 91 -260.803 -204.736 79 -260.803 -204.297 77.9387 -260.364 -203.236 77.5 -259.303 -201.736 77.5 -257.802 -201.739 92.5 -357.752 -203.239 92.5 -359.252 -204.3 92.0612 -360.313 -204.739 91 -360.752 -204.739 79 -360.752 -204.3 77.9387 -360.313 -203.239 77.5 -359.252 -201.739 77.5 -357.752 7.90316 92.5 -357.752 9.40356 92.5 -359.252 10.4648 92.0612 -360.313 10.9036 91 -360.752 10.9036 79 -360.752 10.4648 77.9387 -360.313 9.40356 77.5 -359.252 7.90317 77.5 -357.752 7.90316 92.5 -329.968 9.40356 92.5 -329.968 10.4648 92.0612 -329.968 10.9036 91 -329.968 10.9036 79 -329.968 10.4648 77.9387 -329.968 9.40356 77.5 -329.968 7.90317 77.5 -329.968 7.90436 92.4996 -229.968 9.40475 92.4994 -229.968 10.4659 92.0605 -229.968 10.9045 90.9992 -229.968 10.9026 78.9992 -229.968 10.4637 77.93801 -229.968 9.40237 77.4994 -229.968 7.90197 77.4996 -229.968 7.90436 92.4996 230.028 9.40475 92.4994 230.028 10.4659 92.0605 230.028 10.9045 90.9992 230.028 10.9026 78.9992 230.028 10.4637 77.93801 230.028 9.40237 77.4994 230.028 7.90197 77.4996 230.028</float_array>
          <technique_common>
            <accessor source="#ID88_001-mesh-positions-array" count="416" stride="3">
              <param name="X" type="float"/>
              <param name="Y" type="float"/>
              <param name="Z" type="float"/>
            </accessor>
          </technique_common>
        </source>
        <source id="ID88_001-mesh-normals">
          <float_array id="ID88_001-mesh-normals-array" count="1677">-0.02569711 0.7121335 -0.7015738 0.665719 0.7324649 0.1425254 0.577368 0.5751705 -0.5795043 -0.02612429 0.7132 0.7004736 -0.03579854 0.9810583 0.1903764 -0.007629632 0.2022162 0.9793112 0.6301125 0.5511882 0.5469459 0.006744623 -0.1866534 0.9824028 0.665755 0.1480201 0.7313416 0.02575802 -0.6996793 0.7139927 0.6658002 -0.1426758 0.7323619 0.03564655 -0.9793353 0.1990777 0.6302574 -0.5469088 0.5510594 0.02575844 -0.7008805 -0.7128136 0.665804 -0.7313284 0.1478648 0.5773276 -0.5794028 -0.5753133 0.2551144 0.9121128 -0.3208845 -0.2048735 0.9696471 0.1334592 -0.5363143 0.6912604 0.484279 -0.6988278 0.2178457 0.6813098 -0.4577881 -0.7273337 0.5112883 -0.675997 -0.253003 0.692111 -0.09085643 -0.9825745 0.1621499 0.347831 -0.8941611 -0.2819394 -0.1834828 0.7230665 -0.6659647 0.5456514 0.6073001 -0.5774524 -0.5776442 0.5192297 -0.6298632 -0.7384835 0.1058726 -0.6659078 -0.9986203 -0.05251103 2.3304e-4 -0.7232037 -0.1853101 -0.6653096 -0.5178797 -0.578033 -0.6306176 -0.106665 -0.7385679 -0.6656877 0.9990018 0.04467147 3.89201e-4 6.15543e-5 1 -4.85942e-6 -0.3377215 0.8787594 0.3372331 -0.14582 0.7318776 0.6656513 -0.05035674 0.997461 0.05035674 -0.6750761 0.2977721 0.6749846 -0.5493509 0.5492898 0.6296781 -1 0 -5.37871e-4 -0.6749902 -0.2974693 0.6752039 -0.549441 -0.5491663 0.6297071 -0.7322746 -0.145637 0.6652547 -0.3379379 -0.8786752 0.3372359 -0.1460357 -0.7318265 0.6656603 -1.32249e-4 -1 9.61106e-6 1 0 4.6318e-4 0 1 -5.36534e-5 -0.1480191 0.9778726 0.147836 -0.4973159 0.7106475 0.4976516 1.38286e-5 8.64667e-5 1 -0.497319 -0.7104078 0.4979904 -0.6872701 -0.2358247 0.6870564 -0.1481403 -0.977836 0.1479572 0 -1 6.93704e-5 -1.38829e-5 -1.34277e-4 -1 6.61272e-5 1 -3.58372e-6 -0.5487636 0.5492213 -0.6302496 -0.145393 0.7318786 -0.6657437 -0.7318552 0.1457606 -0.6656891 -1 0 0 -0.7318693 -0.1457573 -0.6656742 -0.5488551 -0.5491298 -0.6302496 -6.2804e-5 -1 3.06303e-6 1 5.08244e-6 0 6.55397e-5 1 -5.90639e-7 -0.3377867 0.8787093 0.3372983 -0.145393 0.7318786 0.6657437 -0.05032628 0.9974625 0.0503568 -0.6747476 0.2975311 0.6754191 -0.5487927 0.5491589 0.6302785 -0.6749053 -0.2977164 0.6751799 -0.5488935 -0.5490461 0.6302891 -0.7318824 -0.1456379 0.6656861 -0.3377299 -0.8786592 0.3374857 -0.1456086 -0.7318275 0.6657528 -1.32246e-4 -1 1.1918e-6 1 0 0 -4.47172e-6 1 -7.33821e-5 -0.6658162 0.7318606 0.1451513 -0.6301337 0.5492268 0.5488911 5.94018e-5 1.67847e-4 1 -0.6301811 -0.5490319 0.5490319 -0.6657466 -0.1453631 0.7318819 -0.6657756 -0.7318496 0.1453933 4.79583e-6 -1 5.50574e-5 4.3352e-5 -6.91731e-5 -1 0 0.9999939 -0.003530025 -0.630189 0.5510835 0.5469633 0.6657803 0.7323735 0.1427086 -0.6657803 0.7323735 0.1427086 -0.665737 0.1480467 0.7313525 0.630189 0.5510835 0.5469633 0 0.003504395 0.9999939 -0.6301708 -0.5470351 0.5510331 0.6657773 -0.1427385 0.7323703 -0.6657773 -0.1427385 0.7323703 -0.665775 -0.73133 0.1479873 0.6301708 -0.5470351 0.5510331 0 -0.9999938 0.003527581 0 -0.00352782 -0.9999939 -9.26369e-5 0.999997 -0.002439916 0.336294 0.8801204 0.3351038 0.6657513 0.7324058 0.1426784 0.04898267 0.9975993 0.04895216 0.6750935 0.3011979 0.6734455 0.6301994 0.5511231 0.5469114 3.10914e-4 0.00249809 0.9999969 0.6766695 -0.2938379 0.6751131 0.6301601 -0.5469953 0.5510849 0.6656847 -0.1427077 0.7324606 0.3390987 -0.8777929 0.3383662 0.6658068 -0.731301 0.1479876 1.71596e-4 -0.9999939 0.003527045 3.52514e-4 -0.00352782 -0.9999938 -0.002530634 0.9999969 6.1771e-6 0.1466749 0.9782911 0.1464003 0.4971334 0.7122659 0.4955158 0.9999939 0.00249952 -0.002435028 0.4993578 -0.7088733 0.4981371 0.6884813 -0.2330136 0.6868028 0.1493284 -0.9775166 0.1488706 0.002459466 -0.9999971 -6.03492e-6 -0.999994 -0.002461612 0.002435028 -1.14465e-6 0.9999986 -0.001729011 -0.6301043 0.5499297 0.5482207 -0.6658059 0.7320935 0.1440199 -0.6658485 0.1463725 0.731588 3.24569e-6 0.001749634 0.9999985 -0.6658662 -0.143745 0.7320927 -0.6301329 -0.5478832 0.5502333 2.09347e-6 -0.999997 0.002460122 4.00902e-6 -0.002469837 -0.999997 -1.67633e-6 0.9999938 -0.003543317 0.149268 0.977521 -0.1489018 -0.6301892 0.5470551 -0.5509921 -0.665804 0.7313284 -0.1478648 0.4992663 0.7088734 -0.4982287 -0.6657803 0.1427086 -0.7323735 4.72295e-6 -0.002497375 -0.999997 0.4969776 -0.7122918 -0.4956347 -0.665737 -0.1480467 -0.7313525 0.6873018 -0.2389075 -0.6859589 0.1466146 -0.9782956 -0.1464315 -0.630189 -0.5510835 -0.5469633 2.92955e-6 -0.9999968 0.002561628 6.43306e-6 0.003531873 0.9999938 0.002466917 0.999997 5.12672e-6 0.3391029 0.8777427 -0.3384925 0.05154716 0.9973426 -0.05148613 0.6765835 0.2940234 -0.6751186 0.9999948 -0.002492666 0.002087652 0.6747519 -0.3012258 -0.6737753 0.3361393 -0.8801454 -0.3351932 -0.002538263 -0.9999969 -5.33035e-6 -0.9999947 0.002524733 -0.002091646 -6.68238e-5 0.9999969 -0.002531528 0.6657529 0.7316446 -0.1465242 0.6301622 0.5481569 -0.549927 2.08829e-4 -0.001836121 -0.9999983 0.6301044 -0.5498688 -0.5482818 0.6658336 -0.1465218 -0.7315716 0.6658179 -0.7320761 -0.144053 1.25352e-4 -0.9999986 0.001740455 2.21454e-4 0.002465248 0.999997 0 0.9999938 -0.003537237 0.6301708 0.5470351 -0.5510331 -0.665778 0.7313333 -0.1479574 0.665775 0.73133 -0.1479873 0.6657773 0.1427385 -0.7323703 -0.6301708 0.5470351 -0.5510331 0 -0.003504395 -0.9999939 0.630189 -0.5510835 -0.5469633 0.665737 -0.1480467 -0.7313525 0.6657803 -0.7323735 -0.1427086 0 -0.9999938 0.003539681 0 0.00352782 0.9999939 -9.00288e-5 0.9999973 -0.002381682 -0.3389468 0.8777337 -0.3386721 -0.6658068 0.731301 -0.1479876 -0.05169904 0.9973284 -0.05160748 -0.6750801 0.2946914 -0.6763314 -0.6301601 0.5469953 -0.5510849 3.0786e-4 -0.003504395 -0.9999939 -0.674777 -0.3001552 -0.6742277 -0.6301994 -0.5511231 -0.5469114 -0.6657661 -0.1479243 -0.7313508 -0.3366303 -0.8795725 -0.336203 -0.6657513 -0.7324058 -0.1426784 1.67854e-4 -0.9999938 0.003538191 3.44049e-4 0.002466738 0.9999969 -0.002475559 0.999997 8.62519e-6 -0.1466439 0.7316025 -0.6657729 -0.5492251 0.5486147 -0.6303759 -0.9999987 -0.001662194 -5.91966e-5 -0.5483615 -0.5497348 -0.6301519 -0.7315847 -0.1464024 -0.6658455 -0.1442317 -0.7321148 -0.6657365 0.001734435 -0.9999986 -1.53128e-5 0.9999964 0.002669394 -5.80961e-5 1.32259e-4 1 -3.49772e-6 -0.1479245 0.9778829 -0.1478635 -0.5507437 0.5483633 0.6292688 -0.144082 0.7318547 0.6660549 -0.4972821 0.7106733 -0.4976484 -0.7316682 0.1429216 0.6665096 -0.9999997 8.31862e-4 0 -0.5001559 -0.7087576 -0.4975007 -0.7320064 -0.1454246 0.6655963 -0.6869372 -0.2338418 -0.6880664 -0.1466452 -0.978052 -0.1480185 -0.5488352 -0.5491709 0.6302312 -7.25828e-5 -1 6.80737e-6 1 0 3.44107e-4 0 1 6.08871e-5 -0.336811 0.8793525 -0.3365973 -0.05017364 0.9974917 -0.04992949 -0.6761894 0.2978395 -0.6738395 1.30565e-5 8.13804e-5 -1 -0.6761326 -0.2974752 -0.6740573 -0.3384584 -0.8788017 -0.3363831 0 -1 -6.80036e-5 -1.30561e-5 -1.34277e-4 1 7.11077e-5 1 -3.90546e-6 -0.1474977 0.731934 -0.6652197 -0.5508452 0.5492277 -0.6284256 -0.9999945 6.36518e-6 0.003355562 -0.5507908 -0.5492038 -0.6284942 -0.7338676 -0.1456687 -0.6634901 -0.1475902 -0.7319388 -0.6651937 -6.61041e-5 -1 4.68619e-6 0.9999945 0 -0.003345727 0.2725067 0.901082 0.3373297 -0.1453326 0.7319433 0.665686 0.5776758 0.5773401 0.5770348 -0.1933403 0.973538 -0.1218334 -0.5486134 0.5491932 0.6304048 -0.5247431 0.7077654 -0.472983 -0.7316641 0.1456369 0.665926 -0.9999998 0 7.76798e-4 -0.4710907 -0.711275 -0.5216912 -0.731799 -0.1458836 0.665724 -0.6810125 -0.2250814 -0.6968216 -0.1030922 -0.9793151 -0.1741092 -0.5490502 -0.5489891 0.6302022 0.3321696 -0.9047991 0.266462 -0.1456059 -0.7317836 0.6658016 0.999773 0.02128916 8.36547e-4 -0.03585988 0.9868029 -0.1579055 -0.02530044 0.688942 0.7243748 -0.02670425 0.7363057 -0.6761219 -0.008270561 0.2348721 -0.9719911 -0.002580404 0.03651332 -0.9993299 0.006042659 -0.1542419 -0.9880147 0.02508687 -0.6755148 -0.7369196 0.03552412 -0.972153 -0.2316393 0.002863168 -0.05168169 0.9986596 0.6657726 0.7366989 -0.1184138 0.5772118 0.5557873 0.5982701 0.6302514 0.5686027 -0.5286531 4.58104e-4 0.03662496 -0.999329 0.6659275 -0.1184753 -0.7365488 0.6303465 -0.5285035 -0.5686364 0.6658061 -0.7260204 -0.1720365 0.02624654 -0.7242832 0.6890029 -4.56318e-4 -0.0365976 0.99933 1.32209e-4 1 -2.92911e-6 0.1479557 0.9778873 0.1478031 0.5491247 0.5489721 -0.6301522 0.1454231 0.7318463 -0.6657726 0.4976713 0.7102352 0.4978849 0.7318832 0.1452108 -0.6657783 1 -1.0825e-4 9.76176e-6 0.4975885 -0.7105224 0.4975579 0.7318322 -0.1454264 -0.6657875 0.6871427 -0.2359449 0.6871427 0.1478051 -0.9779005 0.1478661 0.5489827 -0.5491353 -0.6301337 -7.28831e-5 -1 7.19476e-6 -1 1.59324e-4 1.2601e-5 1.4557e-6 1 0 -0.4975808 0.7105115 0.4975808 -0.1479276 0.9778726 0.1479276 0.6872409 0.2355504 0.6871799 0 -8.39233e-5 1 -0.4975808 -0.7105115 0.4975808 -0.6871687 -0.2358823 0.6871382 -1.90184e-6 -1 -5.00066e-5 -4.85264e-6 0 -1 0 1 0 -0.3376349 0.8786502 0.3376044 -0.05038714 0.997458 0.05038714 -0.6751307 0.2973859 0.6751002 -1 0 -3.00598e-5 -0.6751334 -0.2973736 0.6751029 -0.3376022 -0.8786753 0.3375717 -0.147894 -0.9778829 0.147894 0 -1 0 1 0 3.00598e-5 0 1 0 0.3376314 0.8786411 0.3376314 0.05038702 0.9974564 0.05041754 0.6751246 0.2974137 0.6750941 0 0 1 0.3376078 -0.8786592 0.3376078 0.6751168 -0.2973797 0.6751168 0.05038714 -0.997458 0.05038714 0 0 -1 0.1479276 0.9778726 0.1479276 0.4975579 0.7105224 0.4975885 1 0 -3.05176e-5 0.4975808 -0.7105115 0.4975808 0.6871687 -0.2358823 0.6871382 0.147894 -0.9778829 0.147894 -1 0 2.01416e-5 -0.1478977 0.977877 0.1479282 -0.6871332 0.2359111 0.6871637 -0.4975885 0.7105224 0.4975579 -0.6871431 -0.2358535 0.6871736 -0.4976146 -0.7104856 0.4975841 0 -1 -2.10292e-6 -0.4976376 0.7104748 -0.4975765 -0.1479276 0.9778726 -0.1479276 -0.6871431 0.2358535 -0.6871736 -0.4975808 -0.7105115 -0.4975808 -0.6871382 -0.2358823 -0.6871687 -0.1478642 -0.9778873 -0.1478947 0 1 -4.46295e-6 0.4975916 0.7104964 -0.4975916 0.1479276 0.9778726 -0.1479276 0.4975916 -0.7104964 -0.4975916 0.6871687 -0.2358823 -0.6871382 0.3376349 0.8786502 -0.3376044 0.05038714 0.997458 -0.05038714 0.6751246 0.2974137 -0.6750941 1 0 3.05331e-5 0.6751107 -0.2974076 -0.6751107 0.3376022 -0.8786753 -0.3375717 0.147894 -0.9778829 -0.147894 -1 0 -2.01517e-5 -0.3376314 0.8786411 -0.3376314 -0.05041748 0.9974549 -0.05041748 -0.6751246 0.2974137 -0.6750941 -0.3376078 -0.8786592 -0.3376078 -0.6751168 -0.2973797 -0.6751168 -0.05038714 -0.997458 -0.05038714 -0.4975808 0.7105115 -0.4975808 -1 0 3.00751e-5 -0.6871687 -0.2358823 -0.6871382 -0.147894 -0.9778829 -0.147894 1 0 -3.00749e-5 0.1478977 0.977877 -0.1479282 0.6871431 0.2358535 -0.6871736 0.4976376 0.7104748 -0.4975765 0.6871431 -0.2358535 -0.6871736 0.1478642 -0.9778873 -0.1478947 0.4976484 -0.7104597 -0.4975873 0 -1 -1.22467e-5 0.549021 0.5490515 0.6301733 0.1453335 0.7318561 0.6657814 0.7318561 0.1453335 0.6657814 0.7318561 -0.1453335 0.6657814 0.5490119 -0.5490729 0.6301627 -1 -5.85807e-7 0 1.32208e-4 1 0 0.5491034 0.5489814 0.6301627 0.1453933 0.7318496 0.6657756 0.7318832 0.1452108 0.6657783 1 -1.58516e-4 0 0.5489919 -0.5491139 0.6301443 0.7318463 -0.1454231 0.6657726 0.1452108 -0.7318832 0.6657783 0.5489509 -0.549134 -0.6301627 -1.32208e-4 -1 0 -1 1.59365e-4 0 1 -8.13626e-6 0 1 -1.18618e-5 0 -5.42272e-5 0 -1 -8.80401e-6 0 -1 -6.07639e-4 0 0.9999998 -6.51041e-4 0 0.9999998 -6.26565e-4 0 0.9999999 2.17014e-5 0 1 -1 -1.35693e-5 0 -1 -1.08503e-5 0 1 3.39084e-7 0 1 -1.69469e-6 0 1 2.37297e-6 0 -1 4.74718e-6 0 1.08507e-5 0 -1 -0.002604126 0 -0.9999966 -0.002658367 0 -0.9999966 -0.003385365 0 -0.9999943 -4.34028e-5 0 1 2.65969e-6 0 1 3.18802e-6 0 -1 3.27575e-6 0 -1 -0.9990234 -0.04418337 -3.2084e-4 0.6071255 -0.5459338 -0.5773689 0.9985766 0.05333679 -3.43042e-4 1.32257e-4 1 -1.01169e-5 -0.7322539 0.1457 0.6652637 -1 0 -5.37898e-4 -0.05041748 -0.9974549 0.05041748 -6.15664e-5 -1 4.86059e-6 1 0 4.63139e-4 0 1 -7.80415e-5 -0.6871984 0.2360651 0.6870457 1.30152e-5 8.64665e-5 1 0 -1 6.23652e-5 -1.30152e-5 -1.34277e-4 -1 6.27997e-5 1 -2.72269e-6 -1 -2.51849e-6 0 -0.1455456 -0.7318482 -0.6657438 -6.612e-5 -1 3.22475e-6 1.32247e-4 1 -1.1918e-6 -0.7318758 0.1456976 0.6656801 -0.05044776 -0.9974502 0.05047827 -6.5539e-5 -1 5.90639e-7 -4.79604e-6 1 -5.50929e-5 -0.6657556 0.1454261 0.7318612 -5.85023e-6 8.13802e-5 1 4.46881e-6 -1 6.60405e-5 0 -1.34277e-4 -1 0.665737 0.1480467 0.7313525 0 0.003504395 0.9999939 0.665775 -0.73133 0.1479873 0 -0.9999938 0.003537237 0 -0.00352782 -0.9999939 -1.69312e-4 0.9999939 -0.003530979 0.6657661 0.1479243 0.7313508 -3.10847e-4 0.003504395 0.9999938 0.05160832 -0.9973441 0.0513947 9.04389e-5 -0.9999973 0.00237292 -3.46914e-4 -0.002466678 -0.9999969 -0.002532422 0.9999969 6.16119e-6 0.6874094 0.2389025 0.6858528 0.9999939 0.002499103 -0.002435028 0.002461075 -0.999997 -5.9778e-6 -0.9999939 -0.00252521 0.0024392 -2.11777e-6 0.9999969 -0.002540409 -4.01245e-6 0.002497315 0.9999969 -0.6657818 -0.7316123 0.1465544 1.21695e-6 -0.9999986 0.001738607 -4.00054e-6 -0.001802563 -0.9999985 -2.97942e-6 0.9999971 -0.00245881 0.6883643 0.2329849 -0.68693 -4.79991e-6 -0.003499329 -0.9999939 -0.6657973 -0.7323587 -0.1427057 1.72813e-6 -0.9999938 0.003526508 -6.36396e-6 0.002469897 0.999997 0.002465307 0.999997 5.12334e-6 0.9999948 -0.002494513 0.002087652 0.04904371 -0.9975993 -0.04889112 -0.002536594 -0.9999969 -5.3065e-6 -0.9999948 0.002463281 -0.002087771 -1.24562e-4 0.9999986 -0.001736938 0.6658348 0.14405 -0.7320612 -2.02063e-4 -0.002496838 -0.9999969 6.30573e-5 -0.9999967 0.00259298 -2.1513e-4 0.001802563 0.9999984 0 0.9999938 -0.003527581 -0.6657773 0.1427385 -0.7323703 0 -0.003504395 -0.9999939 -0.6657803 -0.7323735 -0.1427086 0 -0.9999939 0.003530025 -1.70062e-4 0.9999938 -0.003525614 -0.6656847 0.1427077 -0.7324606 -3.07504e-4 -0.00249809 -0.9999969 -0.04907494 -0.9975828 -0.04919701 9.18865e-5 -0.999997 0.002440869 -3.49629e-4 0.00352776 0.9999938 -0.001800596 0.9999985 1.45473e-5 -0.7321233 0.1449964 -0.6655611 -0.9999969 -0.002499341 0 0.002529323 -0.9999969 -8.1556e-6 0.9999992 0.001342952 5.8142e-5 7.26092e-5 1 -6.6512e-6 -0.6871207 0.2361615 -0.6870902 -1 0 -3.11936e-4 -0.1456083 -0.7318566 0.6657209 -1.32245e-4 -1 3.14738e-6 0.9999999 -6.62524e-4 0 0 1 6.79571e-5 1.38726e-5 8.64665e-5 -1 -0.05038732 -0.9974625 -0.05029577 0 -1 -6.96334e-5 -1.39265e-5 -1.34277e-4 1 6.60985e-5 1 -5.37365e-6 -0.7338676 0.1456687 -0.6634901 -0.9999944 0 0.003355741 -7.06383e-5 -1 4.85022e-6 0.9999945 -6.90273e-7 -0.00334537 -0.6951956 0.2460758 -0.6753886 -0.9997658 -0.02163648 -6.49403e-4 0.5776147 -0.5772485 0.5771875 0.9999997 0 -9.59611e-4 -0.002962112 0.05170947 -0.9986578 0.002671718 -0.03652811 0.999329 0.665988 0.1718531 -0.7258971 4.55805e-4 0.03666841 -0.9993274 0.5772163 -0.5980916 0.5559747 -4.52837e-4 -0.03664267 0.9993284 7.28772e-5 1 -7.43888e-6 1 -1.58332e-4 -9.76039e-6 0.1452108 -0.7318832 -0.6657783 -1.32208e-4 -1 3.29546e-6 -1 1.12727e-4 -1.26011e-5 1.90155e-6 1 5.14741e-5 -0.6871637 0.2359111 0.6871332 5.04398e-6 0 1 -1.45568e-6 -1 0 4.96876e-6 1.32242e-4 -1 -0.05038714 -0.997458 0.05038714 1 0 3.00598e-5 0.6871637 0.2359111 0.6871332 -1 0 2.01416e-5 0 1 1.72057e-6 0 -1 -6.20516e-6 0.6871687 0.2358823 -0.6871382 0 -1 4.07487e-6 0.05038714 -0.997458 -0.05038714 -1 0 -2.01517e-5 0 1 0 -0.6871637 0.2359111 -0.6871332 1 0 -3.00748e-5 0.1453036 -0.7318593 0.6657844 -1 -7.32258e-7 0 1 -1.58339e-4 0 -1.32208e-4 -1 0 -1 1.59294e-4 0 0.9999999 5.22688e-4 0 1 2.6137e-4 0 1 -8.13837e-6 0 -1.31462e-4 0 -1 -0.001178979 4.61327e-4 0.9999993 -0.001113593 -4.61357e-4 0.9999994 -6.94444e-4 0 0.9999998 -1.31027e-4 0 -1 -2.71267e-6 0 -1 -1 1.9595e-4 0 1 -1.96104e-4 0 1 -6.5368e-5 0 1 2.37359e-6 0 -1 -1.30668e-4 0 -5.42535e-6 0 1 -0.003077924 3.00838e-4 -0.9999952 -0.002881586 -3.00853e-4 -0.9999958 -0.003289163 0 -0.9999946 6.54981e-5 0 1 3.27418e-5 0 1 1 1.30804e-4 0 3.26824e-5 0 -1 -6.53611e-5 0 1 -3.26872e-5 0 1 -1.63412e-5 0 -1 -3.26851e-5 0 1 3.26824e-5 0 1 -2.21803e-6 0 1</float_array>
          <technique_common>
            <accessor source="#ID88_001-mesh-normals-array" count="559" stride="3">
              <param name="X" type="float"/>
              <param name="Y" type="float"/>
              <param name="Z" type="float"/>
            </accessor>
          </technique_common>
        </source>
        <source id="ID88_001-mesh-map-0">
          <float_array id="ID88_001-mesh-map-0-array" count="4584">0 0.684079 0.166667 1 0 1 0.25 0.684079 0.166667 1 0.166667 0.684079 0.333333 0.684079 0.25 1 0.25 0.684079 0.5 0.684079 0.333333 1 0.333333 0.684079 0.583333 0.684079 0.5 1 0.5 0.684079 0.666667 0.684079 0.583333 1 0.583333 0.684079 0.833333 0.684079 0.666667 1 0.666667 0.684079 0.833333 0.684079 1 1 0.833333 1 0 0.284475 0.166667 0.684079 0 0.684079 0.166667 0.284475 0.25 0.684079 0.166667 0.684079 0.25 0.284475 0.333333 0.684079 0.25 0.684079 0.333333 0.284475 0.5 0.684079 0.333333 0.684079 0.583333 0.284475 0.5 0.684079 0.5 0.284475 0.666667 0.284475 0.583333 0.684079 0.583333 0.284475 0.833333 0.284475 0.666667 0.684079 0.666667 0.284475 1 0.284475 0.833333 0.684079 0.833333 0.284475 0.166667 0 0 0.284475 0 0 0.25 0 0.166667 0.284475 0.166667 0 0.333333 0 0.25 0.284475 0.25 0 0.5 0 0.333333 0.284475 0.333333 0 0.5 0 0.583333 0.284475 0.5 0.284475 0.583333 0 0.666667 0.284475 0.583333 0.284475 0.666667 0 0.833333 0.284475 0.666667 0.284475 0.833333 0 1 0.284475 0.833333 0.284475 0.166667 0.932563 0 1 0 0.932563 0.25 0.932563 0.166667 1 0.166667 0.932563 0.333333 0.932563 0.25 1 0.25 0.932563 0.5 0.932563 0.333333 1 0.333333 0.932563 0.5 0.932563 0.583333 1 0.5 1 0.583333 0.932563 0.666667 1 0.583333 1 0.666667 0.932563 0.833333 1 0.666667 1 0.833333 0.932563 1 1 0.833333 1 0 0.07537066 0.166667 0.932563 0 0.932563 0.166667 0.07537066 0.25 0.932563 0.166667 0.932563 0.25 0.07537066 0.333333 0.932563 0.25 0.932563 0.5 0.07537066 0.333333 0.932563 0.333333 0.07537066 0.583333 0.07537066 0.5 0.932563 0.5 0.07537066 0.666667 0.07537066 0.583333 0.932563 0.583333 0.07537066 0.833333 0.07537066 0.666667 0.932563 0.666667 0.07537066 1 0.07537066 0.833333 0.932563 0.833333 0.07537066 0.166667 0 0 0.07537066 0 0 0.25 0 0.166667 0.07537066 0.166667 0 0.333333 0 0.25 0.07537066 0.25 0 0.5 0 0.333333 0.07537066 0.333333 0 0.5 0 0.583333 0.07537066 0.5 0.07537066 0.583333 0 0.666667 0.07537066 0.583333 0.07537066 0.666667 0 0.833333 0.07537066 0.666667 0.07537066 0.833333 0 1 0.07537066 0.833333 0.07537066 0.166667 0.121875 0 1 0 0.121875 0.25 0.121875 0.166667 1 0.166667 0.121875 0.333333 0.121875 0.25 1 0.25 0.121875 0.5 0.121875 0.333333 1 0.333333 0.121875 0.5 0.121875 0.583333 1 0.5 1 0.583333 0.121875 0.666667 1 0.583333 1 0.666667 0.121875 0.833333 1 0.666667 1 0.833333 0.121875 1 1 0.833333 1 0 0 0.166667 0.121875 0 0.121875 0.166667 0 0.25 0.121875 0.166667 0.121875 0.25 0 0.333333 0.121875 0.25 0.121875 0.333333 0 0.5 0.121875 0.333333 0.121875 0.583333 0 0.5 0.121875 0.5 0 0.666667 0 0.583333 0.121875 0.583333 0 0.833333 0 0.666667 0.121875 0.666667 0 1 0 0.833333 0.121875 0.833333 0 0.166667 0 0 1 0 0 0.25 0 0.166667 1 0.166667 0 0.333333 0 0.25 1 0.25 0 0.5 0 0.333333 1 0.333333 0 0.583333 0 0.5 1 0.5 0 0.666667 0 0.583333 1 0.583333 0 0.833333 0 0.666667 1 0.666667 0 1 0 0.833333 1 0.833333 0 0.166667 0.983463 0 1 0 0.983463 0.25 0.983463 0.166667 1 0.166667 0.983463 0.333333 0.983463 0.25 1 0.25 0.983463 0.5 0.983463 0.333333 1 0.333333 0.983463 0.5 0.983463 0.583333 1 0.5 1 0.583333 0.983463 0.666667 1 0.583333 1 0.666667 0.983463 0.833333 1 0.666667 1 0.833333 0.983463 1 1 0.833333 1 0 0.817534 0.166667 0.983463 0 0.983463 0.166667 0.817534 0.25 0.983463 0.166667 0.983463 0.25 0.817534 0.333333 0.983463 0.25 0.983463 0.333333 0.817534 0.5 0.983463 0.333333 0.983463 0.583333 0.817534 0.5 0.983463 0.5 0.817534 0.666667 0.817534 0.583333 0.983463 0.583333 0.817534 0.833333 0.817534 0.666667 0.983463 0.666667 0.817534 1 0.817534 0.833333 0.983463 0.833333 0.817534 0.166667 0 0 0.817534 0 0 0.25 0 0.166667 0.817534 0.166667 0 0.333333 0 0.25 0.817534 0.25 0 0.5 0 0.333333 0.817534 0.333333 0 0.5 0 0.583333 0.817534 0.5 0.817534 0.583333 0 0.666667 0.817534 0.583333 0.817534 0.666667 0 0.833333 0.817534 0.666667 0.817534 0.833333 0 1 0.817534 0.833333 0.817534 0 0.182048 0.166667 1 0 1 0.166667 0.182048 0.25 1 0.166667 1 0.25 0.182048 0.333333 1 0.25 1 0.5 0.182048 0.333333 1 0.333333 0.182048 0.583333 0.182048 0.5 1 0.5 0.182048 0.666667 0.182048 0.583333 1 0.583333 0.182048 0.833333 0.182048 0.666667 1 0.666667 0.182048 0.833333 0.182048 1 1 0.833333 1 0.166667 0.01614266 0 0.182048 0 0.01614266 0.25 0.01614266 0.166667 0.182048 0.166667 0.01614266 0.333333 0.01614266 0.25 0.182048 0.25 0.01614266 0.333333 0.01614266 0.5 0.182048 0.333333 0.182048 0.5 0.01614266 0.583333 0.182048 0.5 0.182048 0.583333 0.01614266 0.666667 0.182048 0.583333 0.182048 0.666667 0.01614266 0.833333 0.182048 0.666667 0.182048 1 0.01614266 0.833333 0.182048 0.833333 0.01614266 0 0 0.166667 0.01614266 0 0.01614266 0.166667 0 0.25 0.01614266 0.166667 0.01614266 0.25 0 0.333333 0.01614266 0.25 0.01614266 0.5 0 0.333333 0.01614266 0.333333 0 0.583333 0 0.5 0.01614266 0.5 0 0.666667 0 0.583333 0.01614266 0.583333 0 0.833333 0 0.666667 0.01614266 0.666667 0 0.833333 0 1 0.01614266 0.833333 0.01614266 0.166667 0 0 1 0 0 0.25 0 0.166667 1 0.166667 0 0.333333 0 0.25 1 0.25 0 0.5 0 0.333333 1 0.333333 0 0.583333 0 0.5 1 0.5 0 0.666667 0 0.583333 1 0.583333 0 0.833333 0 0.666667 1 0.666667 0 1 0 0.833333 1 0.833333 0 0.166667 0.874041 0 1 0 0.874041 0.25 0.874041 0.166667 1 0.166667 0.874041 0.333333 0.874041 0.25 1 0.25 0.874041 0.333333 0.874041 0.5 1 0.333333 1 0.5 0.874041 0.583333 1 0.5 1 0.583333 0.874041 0.666667 1 0.583333 1 0.666667 0.874041 0.833333 1 0.666667 1 1 0.874041 0.833333 1 0.833333 0.874041 0 0 0.166667 0.874041 0 0.874041 0.166667 0 0.25 0.874041 0.166667 0.874041 0.25 0 0.333333 0.874041 0.25 0.874041 0.5 0 0.333333 0.874041 0.333333 0 0.583333 0 0.5 0.874041 0.5 0 0.666667 0 0.583333 0.874041 0.583333 0 0.833333 0 0.666667 0.874041 0.666667 0 0.833333 0 1 0.874041 0.833333 0.874041 0 0.922427 0.166667 1 0 1 0.166667 0.922427 0.25 1 0.166667 1 0.25 0.922427 0.333333 1 0.25 1 0.333333 0.922427 0.5 1 0.333333 1 0.583333 0.922427 0.5 1 0.5 0.922427 0.666667 0.922427 0.583333 1 0.583333 0.922427 0.833333 0.922427 0.666667 1 0.666667 0.922427 1 0.922427 0.833333 1 0.833333 0.922427 0.166667 0.06561607 0 0.922427 0 0.06561607 0.25 0.06561607 0.166667 0.922427 0.166667 0.06561607 0.333333 0.06561607 0.25 0.922427 0.25 0.06561607 0.5 0.06561607 0.333333 0.922427 0.333333 0.06561607 0.5 0.06561607 0.583333 0.922427 0.5 0.922427 0.583333 0.06561607 0.666667 0.922427 0.583333 0.922427 0.666667 0.06561607 0.833333 0.922427 0.666667 0.922427 1 0.06561607 0.833333 0.922427 0.833333 0.06561607 0 0 0.166667 0.06561607 0 0.06561607 0.166667 0 0.25 0.06561607 0.166667 0.06561607 0.25 0 0.333333 0.06561607 0.25 0.06561607 0.333333 0 0.5 0.06561607 0.333333 0.06561607 0.583333 0 0.5 0.06561607 0.5 0 0.666667 0 0.583333 0.06561607 0.583333 0 0.833333 0 0.666667 0.06561607 0.666667 0 1 0 0.833333 0.06561607 0.833333 0 0 0.716013 0.166667 1 0 1 0.166667 0.716013 0.25 1 0.166667 1 0.25 0.716013 0.333333 1 0.25 1 0.333333 0.716013 0.5 1 0.333333 1 0.583333 0.716013 0.5 1 0.5 0.716013 0.666667 0.716013 0.583333 1 0.583333 0.716013 0.833333 0.716013 0.666667 1 0.666667 0.716013 1 0.716013 0.833333 1 0.833333 0.716013 0.166667 0.316235 0 0.716013 0 0.316235 0.25 0.316235 0.166667 0.716013 0.166667 0.316235 0.333333 0.316235 0.25 0.716013 0.25 0.316235 0.5 0.316235 0.333333 0.716013 0.333333 0.316235 0.5 0.316235 0.583333 0.716013 0.5 0.716013 0.583333 0.316235 0.666667 0.716013 0.583333 0.716013 0.666667 0.316235 0.833333 0.716013 0.666667 0.716013 0.833333 0.316235 1 0.716013 0.833333 0.716013 0.166667 0 0 0.316235 0 0 0.166667 0 0.25 0.316235 0.166667 0.316235 0.25 0 0.333333 0.316235 0.25 0.316235 0.333333 0 0.5 0.316235 0.333333 0.316235 0.5 0 0.583333 0.316235 0.5 0.316235 0.583333 0 0.666667 0.316235 0.583333 0.316235 0.666667 0 0.833333 0.316235 0.666667 0.316235 1 0 0.833333 0.316235 0.833333 0 0 0.990035 0.166667 1 0 1 0.166667 0.990035 0.25 1 0.166667 1 0.25 0.990035 0.333333 1 0.25 1 0.5 0.990035 0.333333 1 0.333333 0.990035 0.583333 0.990035 0.5 1 0.5 0.990035 0.666667 0.990035 0.583333 1 0.583333 0.990035 0.833333 0.990035 0.666667 1 0.666667 0.990035 0.833333 0.990035 1 1 0.833333 1 0.166667 0.910528 0 0.990035 0 0.910528 0.25 0.910528 0.166667 0.990035 0.166667 0.910528 0.25 0.910528 0.333333 0.990035 0.25 0.990035 0.333333 0.910528 0.5 0.990035 0.333333 0.990035 0.583333 0.910528 0.5 0.990035 0.5 0.910528 0.583333 0.910528 0.666667 0.990035 0.583333 0.990035 0.666667 0.910528 0.833333 0.990035 0.666667 0.990035 1 0.910528 0.833333 0.990035 0.833333 0.910528 0.166667 0.871866 0 0.910528 0 0.871866 0.25 0.871866 0.166667 0.910528 0.166667 0.871866 0.333333 0.871866 0.25 0.910528 0.25 0.871866 0.5 0.871866 0.333333 0.910528 0.333333 0.871866 0.5 0.871866 0.583333 0.910528 0.5 0.910528 0.583333 0.871866 0.666667 0.910528 0.583333 0.910528 0.666667 0.871866 0.833333 0.910528 0.666667 0.910528 1 0.871866 0.833333 0.910528 0.833333 0.871866 0.166667 0.755725 0 0.871866 0 0.755725 0.25 0.755725 0.166667 0.871866 0.166667 0.755725 0.333333 0.755725 0.25 0.871866 0.25 0.755725 0.5 0.755725 0.333333 0.871866 0.333333 0.755725 0.583333 0.755725 0.5 0.871866 0.5 0.755725 0.666667 0.755725 0.583333 0.871866 0.583333 0.755725 0.833333 0.755725 0.666667 0.871866 0.666667 0.755725 1 0.755725 0.833333 0.871866 0.833333 0.755725 0 0.717063 0.166667 0.755725 0 0.755725 0.166667 0.717063 0.25 0.755725 0.166667 0.755725 0.25 0.717063 0.333333 0.755725 0.25 0.755725 0.5 0.717063 0.333333 0.755725 0.333333 0.717063 0.583333 0.717063 0.5 0.755725 0.5 0.717063 0.666667 0.717063 0.583333 0.755725 0.583333 0.717063 0.833333 0.717063 0.666667 0.755725 0.666667 0.717063 1 0.717063 0.833333 0.755725 0.833333 0.717063 0.166667 0.637534 0 0.717063 0 0.637534 0.166667 0.637534 0.25 0.717063 0.166667 0.717063 0.333333 0.637534 0.25 0.717063 0.25 0.637534 0.5 0.637534 0.333333 0.717063 0.333333 0.637534 0.5 0.637534 0.583333 0.717063 0.5 0.717063 0.666667 0.637534 0.583333 0.717063 0.583333 0.637534 0.666667 0.637534 0.833333 0.717063 0.666667 0.717063 1 0.637534 0.833333 0.717063 0.833333 0.637534 0.166667 0.36243 0 0.637534 0 0.36243 0.25 0.36243 0.166667 0.637534 0.166667 0.36243 0.333333 0.36243 0.25 0.637534 0.25 0.36243 0.5 0.36243 0.333333 0.637534 0.333333 0.36243 0.583333 0.36243 0.5 0.637534 0.5 0.36243 0.666667 0.36243 0.583333 0.637534 0.583333 0.36243 0.666667 0.36243 0.833333 0.637534 0.666667 0.637534 1 0.36243 0.833333 0.637534 0.833333 0.36243 0 0.282902 0.166667 0.36243 0 0.36243 0.25 0.282902 0.166667 0.36243 0.166667 0.282902 0.25 0.282902 0.333333 0.36243 0.25 0.36243 0.5 0.282902 0.333333 0.36243 0.333333 0.282902 0.583333 0.282902 0.5 0.36243 0.5 0.282902 0.583333 0.282902 0.666667 0.36243 0.583333 0.36243 0.833333 0.282902 0.666667 0.36243 0.666667 0.282902 1 0.282902 0.833333 0.36243 0.833333 0.282902 0.166667 0.2442589 0 0.282902 0 0.2442589 0.25 0.2442589 0.166667 0.282902 0.166667 0.2442589 0.333333 0.2442589 0.25 0.282902 0.25 0.2442589 0.5 0.2442589 0.333333 0.282902 0.333333 0.2442589 0.5 0.2442589 0.583333 0.282902 0.5 0.282902 0.583333 0.2442589 0.666667 0.282902 0.583333 0.282902 0.666667 0.2442589 0.833333 0.282902 0.666667 0.282902 1 0.2442589 0.833333 0.282902 0.833333 0.2442589 0.166667 0.128118 0 0.2442589 0 0.128118 0.25 0.128118 0.166667 0.2442589 0.166667 0.128118 0.333333 0.128118 0.25 0.2442589 0.25 0.128118 0.5 0.128118 0.333333 0.2442589 0.333333 0.128118 0.583333 0.128118 0.5 0.2442589 0.5 0.128118 0.666667 0.128118 0.583333 0.2442589 0.583333 0.128118 0.833333 0.128118 0.666667 0.2442589 0.666667 0.128118 1 0.128118 0.833333 0.2442589 0.833333 0.128118 0 0.08947539 0.166667 0.128118 0 0.128118 0.166667 0.08947539 0.25 0.128118 0.166667 0.128118 0.25 0.08947539 0.333333 0.128118 0.25 0.128118 0.5 0.08947539 0.333333 0.128118 0.333333 0.08947539 0.583333 0.08947539 0.5 0.128118 0.5 0.08947539 0.666667 0.08947539 0.583333 0.128118 0.583333 0.08947539 0.833333 0.08947539 0.666667 0.128118 0.666667 0.08947539 1 0.08947539 0.833333 0.128118 0.833333 0.08947539 0 0.009968996 0.166667 0.08947539 0 0.08947539 0.166667 0.009968996 0.25 0.08947539 0.166667 0.08947539 0.333333 0.009968996 0.25 0.08947539 0.25 0.009968996 0.5 0.009968996 0.333333 0.08947539 0.333333 0.009968996 0.5 0.009968996 0.583333 0.08947539 0.5 0.08947539 0.666667 0.009968996 0.583333 0.08947539 0.583333 0.009968996 0.833333 0.009968996 0.666667 0.08947539 0.666667 0.009968996 1 0.009968996 0.833333 0.08947539 0.833333 0.009968996 0.166667 0 0 0.009968996 0 0 0.25 0 0.166667 0.009968996 0.166667 0 0.333333 0 0.25 0.009968996 0.25 0 0.5 0 0.333333 0.009968996 0.333333 0 0.5 0 0.583333 0.009968996 0.5 0.009968996 0.583333 0 0.666667 0.009968996 0.583333 0.009968996 0.666667 0 0.833333 0.009968996 0.666667 0.009968996 1 0 0.833333 0.009968996 0.833333 0 0.166667 0 0 1 0 0 0.25 0 0.166667 1 0.166667 0 0.333333 0 0.25 1 0.25 0 0.5 0 0.333333 1 0.333333 0 0.583333 0 0.5 1 0.5 0 0.666667 0 0.583333 1 0.583333 0 0.833333 0 0.666667 1 0.666667 0 1 0 0.833333 1 0.833333 0 0 0.1 0.1 0 0.1 1 0.1 1 0 0.9 0 0.1 0.1 0 0.200026 1 0.1 1 0.1 0 0 0.1 0.1 1 0 0.9 0.1 1 0 0.1 0.1 1 0.200026 0 0.1 0 0.1 1 0 0.9 0.1 0 0 0.1 0.1 0 0 0.9 0.1 0 0.200026 1 0.1 1 0 0.9 0.1 1 0.1 0 0.1 0 0 0.1 0 0.9 0.200026 1 0.1 0 0.1 1 0 0.1 0.1 0 0.1 1 0.1 1 0 0.9 0 0.1 0.1 0 0.200026 1 0.1 1 0.1 0 0 0.1 0.1 1 0 0.9 0.1 1 0 0.1 0.1 1 0.200026 0 0.1 0 0 0.1 0.1 0 0.1 1 0.1 1 0 0.9 0 0.1 0.1 1 0.200026 0 0.200026 1 0.1 0 0 0.1 0.1 1 0 0.9 0.1 1 0 0.1 0.1 1 0.200026 0 0.1 0 0 0.1 0.1 0 0.1 1 0.1 1 0 0.9 0 0.1 0.1 1 0.200026 0 0.200026 1 0.1 0 0 0.1 0.1 1 0 0.9 0.1 1 0 0.1 0.1 1 0.200026 0 0.1 0 0.1 1 0 0.9 0.1 0 0 0.1 0.1 0 0 0.9 0.1 1 0.200026 0 0.200026 1 0.1 0 0 0.1 0 0.9 0 0.9 0.1 1 0.1 0 0.1 1 0.200026 0 0.1 0 0.1 1 0 0.9 0.1 0 0 0.1 0.1 0 0 0.9 0.1 1 0.200026 0 0.200026 1 0.1 0 0 0.1 0.1 1 0 0.9 0.1 1 0 0.1 0.200026 1 0.1 0 0.1 1 0.1 1 0 0.9 0.1 0 0 0.1 0.1 0 0 0.9 0.1 0 0.200026 1 0.1 1 0 0.9 0.1 1 0.1 0 0.1 0 0 0.1 0 0.9 0.200026 1 0.1 0 0.1 1 0.1 1 0 0.9 0.1 0 0 0.1 0.1 0 0 0.9 0.1 0 0.200026 1 0.1 1 0 0.9 0.1 1 0.1 0 0.1 0 0 0.1 0 0.9 0.1 1 0.200026 0 0.1 0 0.1 1 0 0.9 0.1 0 0 0.1 0.1 0 0 0.9 0.1 1 0.200026 0 0.200026 1 0 0.9 0.1 1 0.1 0 0.1 0 0 0.1 0 0.9 0.200026 1 0.1 0 0.1 1 0.1 1 0 0.9 0.1 0 0 0.1 0.1 0 0 0.9 0.1 0 0.200026 1 0.1 1 0.1 0 0 0.1 0.1 1 0 0.9 0.1 1 0 0.1 0.200026 1 0.1 0 0.1 1 0.1 1 0 0.9 0.1 0 0 0.1 0.1 0 0 0.9 0.1 0 0.200026 1 0.1 1 0.1 0 0 0.1 0 0.9 0 0.9 0.1 1 0.1 0 0.1 1 0.200026 0 0.1 0 0.1 1 0 0.9 0.1 0 0 0.1 0.1 0 0 0.9 0.1 0 0.200026 1 0.1 1 0 0.9 0.1 1 0.1 0 0.1 0 0 0.1 0 0.9 0.200026 1 0.1 0 0.1 1 0 0.684079 0.166667 0.684079 0.166667 1 0.25 0.684079 0.25 1 0.166667 1 0.333333 0.684079 0.333333 1 0.25 1 0.5 0.684079 0.5 1 0.333333 1 0.583333 0.684079 0.583333 1 0.5 1 0.666667 0.684079 0.666667 1 0.583333 1 0.833333 0.684079 0.833333 1 0.666667 1 0.833333 0.684079 1 0.684079 1 1 0 0.284475 0.166667 0.284475 0.166667 0.684079 0.166667 0.284475 0.25 0.284475 0.25 0.684079 0.25 0.284475 0.333333 0.284475 0.333333 0.684079 0.333333 0.284475 0.5 0.284475 0.5 0.684079 0.583333 0.284475 0.583333 0.684079 0.5 0.684079 0.666667 0.284475 0.666667 0.684079 0.583333 0.684079 0.833333 0.284475 0.833333 0.684079 0.666667 0.684079 1 0.284475 1 0.684079 0.833333 0.684079 0.166667 0 0.166667 0.284475 0 0.284475 0.25 0 0.25 0.284475 0.166667 0.284475 0.333333 0 0.333333 0.284475 0.25 0.284475 0.5 0 0.5 0.284475 0.333333 0.284475 0.5 0 0.583333 0 0.583333 0.284475 0.583333 0 0.666667 0 0.666667 0.284475 0.666667 0 0.833333 0 0.833333 0.284475 0.833333 0 1 0 1 0.284475 0.166667 0.932563 0.166667 1 0 1 0.25 0.932563 0.25 1 0.166667 1 0.333333 0.932563 0.333333 1 0.25 1 0.5 0.932563 0.5 1 0.333333 1 0.5 0.932563 0.583333 0.932563 0.583333 1 0.583333 0.932563 0.666667 0.932563 0.666667 1 0.666667 0.932563 0.833333 0.932563 0.833333 1 0.833333 0.932563 1 0.932563 1 1 0 0.07537066 0.166667 0.07537066 0.166667 0.932563 0.166667 0.07537066 0.25 0.07537066 0.25 0.932563 0.25 0.07537066 0.333333 0.07537066 0.333333 0.932563 0.5 0.07537066 0.5 0.932563 0.333333 0.932563 0.583333 0.07537066 0.583333 0.932563 0.5 0.932563 0.666667 0.07537066 0.666667 0.932563 0.583333 0.932563 0.833333 0.07537066 0.833333 0.932563 0.666667 0.932563 1 0.07537066 1 0.932563 0.833333 0.932563 0.166667 0 0.166667 0.07537066 0 0.07537066 0.25 0 0.25 0.07537066 0.166667 0.07537066 0.333333 0 0.333333 0.07537066 0.25 0.07537066 0.5 0 0.5 0.07537066 0.333333 0.07537066 0.5 0 0.583333 0 0.583333 0.07537066 0.583333 0 0.666667 0 0.666667 0.07537066 0.666667 0 0.833333 0 0.833333 0.07537066 0.833333 0 1 0 1 0.07537066 0.166667 0.121875 0.166667 1 0 1 0.25 0.121875 0.25 1 0.166667 1 0.333333 0.121875 0.333333 1 0.25 1 0.5 0.121875 0.5 1 0.333333 1 0.5 0.121875 0.583333 0.121875 0.583333 1 0.583333 0.121875 0.666667 0.121875 0.666667 1 0.666667 0.121875 0.833333 0.121875 0.833333 1 0.833333 0.121875 1 0.121875 1 1 0 0 0.166667 0 0.166667 0.121875 0.166667 0 0.25 0 0.25 0.121875 0.25 0 0.333333 0 0.333333 0.121875 0.333333 0 0.5 0 0.5 0.121875 0.583333 0 0.583333 0.121875 0.5 0.121875 0.666667 0 0.666667 0.121875 0.583333 0.121875 0.833333 0 0.833333 0.121875 0.666667 0.121875 1 0 1 0.121875 0.833333 0.121875 0.166667 0 0.166667 1 0 1 0.25 0 0.25 1 0.166667 1 0.333333 0 0.333333 1 0.25 1 0.5 0 0.5 1 0.333333 1 0.583333 0 0.583333 1 0.5 1 0.666667 0 0.666667 1 0.583333 1 0.833333 0 0.833333 1 0.666667 1 1 0 1 1 0.833333 1 0.166667 0.983463 0.166667 1 0 1 0.25 0.983463 0.25 1 0.166667 1 0.333333 0.983463 0.333333 1 0.25 1 0.5 0.983463 0.5 1 0.333333 1 0.5 0.983463 0.583333 0.983463 0.583333 1 0.583333 0.983463 0.666667 0.983463 0.666667 1 0.666667 0.983463 0.833333 0.983463 0.833333 1 0.833333 0.983463 1 0.983463 1 1 0 0.817534 0.166667 0.817534 0.166667 0.983463 0.166667 0.817534 0.25 0.817534 0.25 0.983463 0.25 0.817534 0.333333 0.817534 0.333333 0.983463 0.333333 0.817534 0.5 0.817534 0.5 0.983463 0.583333 0.817534 0.583333 0.983463 0.5 0.983463 0.666667 0.817534 0.666667 0.983463 0.583333 0.983463 0.833333 0.817534 0.833333 0.983463 0.666667 0.983463 1 0.817534 1 0.983463 0.833333 0.983463 0.166667 0 0.166667 0.817534 0 0.817534 0.25 0 0.25 0.817534 0.166667 0.817534 0.333333 0 0.333333 0.817534 0.25 0.817534 0.5 0 0.5 0.817534 0.333333 0.817534 0.5 0 0.583333 0 0.583333 0.817534 0.583333 0 0.666667 0 0.666667 0.817534 0.666667 0 0.833333 0 0.833333 0.817534 0.833333 0 1 0 1 0.817534 0 0.182048 0.166667 0.182048 0.166667 1 0.166667 0.182048 0.25 0.182048 0.25 1 0.25 0.182048 0.333333 0.182048 0.333333 1 0.5 0.182048 0.5 1 0.333333 1 0.583333 0.182048 0.583333 1 0.5 1 0.666667 0.182048 0.666667 1 0.583333 1 0.833333 0.182048 0.833333 1 0.666667 1 0.833333 0.182048 1 0.182048 1 1 0.166667 0.01614266 0.166667 0.182048 0 0.182048 0.25 0.01614266 0.25 0.182048 0.166667 0.182048 0.333333 0.01614266 0.333333 0.182048 0.25 0.182048 0.333333 0.01614266 0.5 0.01614266 0.5 0.182048 0.5 0.01614266 0.583333 0.01614266 0.583333 0.182048 0.583333 0.01614266 0.666667 0.01614266 0.666667 0.182048 0.666667 0.01614266 0.833333 0.01614266 0.833333 0.182048 1 0.01614266 1 0.182048 0.833333 0.182048 0 0 0.166667 0 0.166667 0.01614266 0.166667 0 0.25 0 0.25 0.01614266 0.25 0 0.333333 0 0.333333 0.01614266 0.5 0 0.5 0.01614266 0.333333 0.01614266 0.583333 0 0.583333 0.01614266 0.5 0.01614266 0.666667 0 0.666667 0.01614266 0.583333 0.01614266 0.833333 0 0.833333 0.01614266 0.666667 0.01614266 0.833333 0 1 0 1 0.01614266 0.166667 0 0.166667 1 0 1 0.25 0 0.25 1 0.166667 1 0.333333 0 0.333333 1 0.25 1 0.5 0 0.5 1 0.333333 1 0.583333 0 0.583333 1 0.5 1 0.666667 0 0.666667 1 0.583333 1 0.833333 0 0.833333 1 0.666667 1 1 0 1 1 0.833333 1 0.166667 0.874041 0.166667 1 0 1 0.25 0.874041 0.25 1 0.166667 1 0.333333 0.874041 0.333333 1 0.25 1 0.333333 0.874041 0.5 0.874041 0.5 1 0.5 0.874041 0.583333 0.874041 0.583333 1 0.583333 0.874041 0.666667 0.874041 0.666667 1 0.666667 0.874041 0.833333 0.874041 0.833333 1 1 0.874041 1 1 0.833333 1 0 0 0.166667 0 0.166667 0.874041 0.166667 0 0.25 0 0.25 0.874041 0.25 0 0.333333 0 0.333333 0.874041 0.5 0 0.5 0.874041 0.333333 0.874041 0.583333 0 0.583333 0.874041 0.5 0.874041 0.666667 0 0.666667 0.874041 0.583333 0.874041 0.833333 0 0.833333 0.874041 0.666667 0.874041 0.833333 0 1 0 1 0.874041 0 0.922427 0.166667 0.922427 0.166667 1 0.166667 0.922427 0.25 0.922427 0.25 1 0.25 0.922427 0.333333 0.922427 0.333333 1 0.333333 0.922427 0.5 0.922427 0.5 1 0.583333 0.922427 0.583333 1 0.5 1 0.666667 0.922427 0.666667 1 0.583333 1 0.833333 0.922427 0.833333 1 0.666667 1 1 0.922427 1 1 0.833333 1 0.166667 0.06561607 0.166667 0.922427 0 0.922427 0.25 0.06561607 0.25 0.922427 0.166667 0.922427 0.333333 0.06561607 0.333333 0.922427 0.25 0.922427 0.5 0.06561607 0.5 0.922427 0.333333 0.922427 0.5 0.06561607 0.583333 0.06561607 0.583333 0.922427 0.583333 0.06561607 0.666667 0.06561607 0.666667 0.922427 0.666667 0.06561607 0.833333 0.06561607 0.833333 0.922427 1 0.06561607 1 0.922427 0.833333 0.922427 0 0 0.166667 0 0.166667 0.06561607 0.166667 0 0.25 0 0.25 0.06561607 0.25 0 0.333333 0 0.333333 0.06561607 0.333333 0 0.5 0 0.5 0.06561607 0.583333 0 0.583333 0.06561607 0.5 0.06561607 0.666667 0 0.666667 0.06561607 0.583333 0.06561607 0.833333 0 0.833333 0.06561607 0.666667 0.06561607 1 0 1 0.06561607 0.833333 0.06561607 0 0.716013 0.166667 0.716013 0.166667 1 0.166667 0.716013 0.25 0.716013 0.25 1 0.25 0.716013 0.333333 0.716013 0.333333 1 0.333333 0.716013 0.5 0.716013 0.5 1 0.583333 0.716013 0.583333 1 0.5 1 0.666667 0.716013 0.666667 1 0.583333 1 0.833333 0.716013 0.833333 1 0.666667 1 1 0.716013 1 1 0.833333 1 0.166667 0.316235 0.166667 0.716013 0 0.716013 0.25 0.316235 0.25 0.716013 0.166667 0.716013 0.333333 0.316235 0.333333 0.716013 0.25 0.716013 0.5 0.316235 0.5 0.716013 0.333333 0.716013 0.5 0.316235 0.583333 0.316235 0.583333 0.716013 0.583333 0.316235 0.666667 0.316235 0.666667 0.716013 0.666667 0.316235 0.833333 0.316235 0.833333 0.716013 0.833333 0.316235 1 0.316235 1 0.716013 0.166667 0 0.166667 0.316235 0 0.316235 0.166667 0 0.25 0 0.25 0.316235 0.25 0 0.333333 0 0.333333 0.316235 0.333333 0 0.5 0 0.5 0.316235 0.5 0 0.583333 0 0.583333 0.316235 0.583333 0 0.666667 0 0.666667 0.316235 0.666667 0 0.833333 0 0.833333 0.316235 1 0 1 0.316235 0.833333 0.316235 0 0.990035 0.166667 0.990035 0.166667 1 0.166667 0.990035 0.25 0.990035 0.25 1 0.25 0.990035 0.333333 0.990035 0.333333 1 0.5 0.990035 0.5 1 0.333333 1 0.583333 0.990035 0.583333 1 0.5 1 0.666667 0.990035 0.666667 1 0.583333 1 0.833333 0.990035 0.833333 1 0.666667 1 0.833333 0.990035 1 0.990035 1 1 0.166667 0.910528 0.166667 0.990035 0 0.990035 0.25 0.910528 0.25 0.990035 0.166667 0.990035 0.25 0.910528 0.333333 0.910528 0.333333 0.990035 0.333333 0.910528 0.5 0.910528 0.5 0.990035 0.583333 0.910528 0.583333 0.990035 0.5 0.990035 0.583333 0.910528 0.666667 0.910528 0.666667 0.990035 0.666667 0.910528 0.833333 0.910528 0.833333 0.990035 1 0.910528 1 0.990035 0.833333 0.990035 0.166667 0.871866 0.166667 0.910528 0 0.910528 0.25 0.871866 0.25 0.910528 0.166667 0.910528 0.333333 0.871866 0.333333 0.910528 0.25 0.910528 0.5 0.871866 0.5 0.910528 0.333333 0.910528 0.5 0.871866 0.583333 0.871866 0.583333 0.910528 0.583333 0.871866 0.666667 0.871866 0.666667 0.910528 0.666667 0.871866 0.833333 0.871866 0.833333 0.910528 1 0.871866 1 0.910528 0.833333 0.910528 0.166667 0.755725 0.166667 0.871866 0 0.871866 0.25 0.755725 0.25 0.871866 0.166667 0.871866 0.333333 0.755725 0.333333 0.871866 0.25 0.871866 0.5 0.755725 0.5 0.871866 0.333333 0.871866 0.583333 0.755725 0.583333 0.871866 0.5 0.871866 0.666667 0.755725 0.666667 0.871866 0.583333 0.871866 0.833333 0.755725 0.833333 0.871866 0.666667 0.871866 1 0.755725 1 0.871866 0.833333 0.871866 0 0.717063 0.166667 0.717063 0.166667 0.755725 0.166667 0.717063 0.25 0.717063 0.25 0.755725 0.25 0.717063 0.333333 0.717063 0.333333 0.755725 0.5 0.717063 0.5 0.755725 0.333333 0.755725 0.583333 0.717063 0.583333 0.755725 0.5 0.755725 0.666667 0.717063 0.666667 0.755725 0.583333 0.755725 0.833333 0.717063 0.833333 0.755725 0.666667 0.755725 1 0.717063 1 0.755725 0.833333 0.755725 0.166667 0.637534 0.166667 0.717063 0 0.717063 0.166667 0.637534 0.25 0.637534 0.25 0.717063 0.333333 0.637534 0.333333 0.717063 0.25 0.717063 0.5 0.637534 0.5 0.717063 0.333333 0.717063 0.5 0.637534 0.583333 0.637534 0.583333 0.717063 0.666667 0.637534 0.666667 0.717063 0.583333 0.717063 0.666667 0.637534 0.833333 0.637534 0.833333 0.717063 1 0.637534 1 0.717063 0.833333 0.717063 0.166667 0.36243 0.166667 0.637534 0 0.637534 0.25 0.36243 0.25 0.637534 0.166667 0.637534 0.333333 0.36243 0.333333 0.637534 0.25 0.637534 0.5 0.36243 0.5 0.637534 0.333333 0.637534 0.583333 0.36243 0.583333 0.637534 0.5 0.637534 0.666667 0.36243 0.666667 0.637534 0.583333 0.637534 0.666667 0.36243 0.833333 0.36243 0.833333 0.637534 1 0.36243 1 0.637534 0.833333 0.637534 0 0.282902 0.166667 0.282902 0.166667 0.36243 0.25 0.282902 0.25 0.36243 0.166667 0.36243 0.25 0.282902 0.333333 0.282902 0.333333 0.36243 0.5 0.282902 0.5 0.36243 0.333333 0.36243 0.583333 0.282902 0.583333 0.36243 0.5 0.36243 0.583333 0.282902 0.666667 0.282902 0.666667 0.36243 0.833333 0.282902 0.833333 0.36243 0.666667 0.36243 1 0.282902 1 0.36243 0.833333 0.36243 0.166667 0.2442589 0.166667 0.282902 0 0.282902 0.25 0.2442589 0.25 0.282902 0.166667 0.282902 0.333333 0.2442589 0.333333 0.282902 0.25 0.282902 0.5 0.2442589 0.5 0.282902 0.333333 0.282902 0.5 0.2442589 0.583333 0.2442589 0.583333 0.282902 0.583333 0.2442589 0.666667 0.2442589 0.666667 0.282902 0.666667 0.2442589 0.833333 0.2442589 0.833333 0.282902 1 0.2442589 1 0.282902 0.833333 0.282902 0.166667 0.128118 0.166667 0.2442589 0 0.2442589 0.25 0.128118 0.25 0.2442589 0.166667 0.2442589 0.333333 0.128118 0.333333 0.2442589 0.25 0.2442589 0.5 0.128118 0.5 0.2442589 0.333333 0.2442589 0.583333 0.128118 0.583333 0.2442589 0.5 0.2442589 0.666667 0.128118 0.666667 0.2442589 0.583333 0.2442589 0.833333 0.128118 0.833333 0.2442589 0.666667 0.2442589 1 0.128118 1 0.2442589 0.833333 0.2442589 0 0.08947539 0.166667 0.08947539 0.166667 0.128118 0.166667 0.08947539 0.25 0.08947539 0.25 0.128118 0.25 0.08947539 0.333333 0.08947539 0.333333 0.128118 0.5 0.08947539 0.5 0.128118 0.333333 0.128118 0.583333 0.08947539 0.583333 0.128118 0.5 0.128118 0.666667 0.08947539 0.666667 0.128118 0.583333 0.128118 0.833333 0.08947539 0.833333 0.128118 0.666667 0.128118 1 0.08947539 1 0.128118 0.833333 0.128118 0 0.009968996 0.166667 0.009968996 0.166667 0.08947539 0.166667 0.009968996 0.25 0.009968996 0.25 0.08947539 0.333333 0.009968996 0.333333 0.08947539 0.25 0.08947539 0.5 0.009968996 0.5 0.08947539 0.333333 0.08947539 0.5 0.009968996 0.583333 0.009968996 0.583333 0.08947539 0.666667 0.009968996 0.666667 0.08947539 0.583333 0.08947539 0.833333 0.009968996 0.833333 0.08947539 0.666667 0.08947539 1 0.009968996 1 0.08947539 0.833333 0.08947539 0.166667 0 0.166667 0.009968996 0 0.009968996 0.25 0 0.25 0.009968996 0.166667 0.009968996 0.333333 0 0.333333 0.009968996 0.25 0.009968996 0.5 0 0.5 0.009968996 0.333333 0.009968996 0.5 0 0.583333 0 0.583333 0.009968996 0.583333 0 0.666667 0 0.666667 0.009968996 0.666667 0 0.833333 0 0.833333 0.009968996 1 0 1 0.009968996 0.833333 0.009968996 0.166667 0 0.166667 1 0 1 0.25 0 0.25 1 0.166667 1 0.333333 0 0.333333 1 0.25 1 0.5 0 0.5 1 0.333333 1 0.583333 0 0.583333 1 0.5 1 0.666667 0 0.666667 1 0.583333 1 0.833333 0 0.833333 1 0.666667 1 1 0 1 1 0.833333 1 0 0.1 0.02924996 0.02924996 0.1 0 0.1 1 0.02924996 0.97075 0 0.9 0.1 0 0.200026 0 0.200026 1 0.1 0 0.02924996 0.02924996 0 0.1 0 0.9 0.02924996 0.97075 0.1 1 0.1 1 0.200026 1 0.200026 0 0.1 1 0.02924996 0.97075 0 0.9 0 0.1 0.02924996 0.02924996 0.1 0 0.1 0 0.200026 0 0.200026 1 0 0.9 0.02924996 0.97075 0.1 1 0.1 0 0.02924996 0.02924996 0 0.1 0.200026 1 0.200026 0 0.1 0 0 0.1 0.02924996 0.02924996 0.1 0 0.1 1 0.02924996 0.97075 0 0.9 0.1 0 0.200026 0 0.200026 1 0.1 0 0.02924996 0.02924996 0 0.1 0 0.9 0.02924996 0.97075 0.1 1 0.1 1 0.200026 1 0.200026 0 0 0.1 0.02924996 0.02924996 0.1 0 0.1 1 0.02924996 0.97075 0 0.9 0.1 1 0.1 0 0.200026 0 0.1 0 0.02924996 0.02924996 0 0.1 0 0.9 0.02924996 0.97075 0.1 1 0.1 1 0.200026 1 0.200026 0 0 0.1 0.02924996 0.02924996 0.1 0 0.1 1 0.02924996 0.97075 0 0.9 0.1 1 0.1 0 0.200026 0 0.1 0 0.02924996 0.02924996 0 0.1 0 0.9 0.02924996 0.97075 0.1 1 0.1 1 0.200026 1 0.200026 0 0.1 1 0.02924996 0.97075 0 0.9 0 0.1 0.02924996 0.02924996 0.1 0 0.1 1 0.1 0 0.200026 0 0.1 0 0.02924996 0.02924996 0 0.1 0 0.9 0.02924996 0.97075 0.1 1 0.1 1 0.200026 1 0.200026 0 0.1 1 0.02924996 0.97075 0 0.9 0 0.1 0.02924996 0.02924996 0.1 0 0.1 1 0.1 0 0.200026 0 0.1 0 0.02924996 0.02924996 0 0.1 0 0.9 0.02924996 0.97075 0.1 1 0.200026 1 0.200026 0 0.1 0 0.1 1 0.02924996 0.97075 0 0.9 0 0.1 0.02924996 0.02924996 0.1 0 0.1 0 0.200026 0 0.200026 1 0 0.9 0.02924996 0.97075 0.1 1 0.1 0 0.02924996 0.02924996 0 0.1 0.200026 1 0.200026 0 0.1 0 0.1 1 0.02924996 0.97075 0 0.9 0 0.1 0.02924996 0.02924996 0.1 0 0.1 0 0.200026 0 0.200026 1 0 0.9 0.02924996 0.97075 0.1 1 0.1 0 0.02924996 0.02924996 0 0.1 0.1 1 0.200026 1 0.200026 0 0.1 1 0.02924996 0.97075 0 0.9 0 0.1 0.02924996 0.02924996 0.1 0 0.1 1 0.1 0 0.200026 0 0 0.9 0.02924996 0.97075 0.1 1 0.1 0 0.02924996 0.02924996 0 0.1 0.200026 1 0.200026 0 0.1 0 0.1 1 0.02924996 0.97075 0 0.9 0 0.1 0.02924996 0.02924996 0.1 0 0.1 0 0.200026 0 0.200026 1 0.1 0 0.02924996 0.02924996 0 0.1 0 0.9 0.02924996 0.97075 0.1 1 0.200026 1 0.200026 0 0.1 0 0.1 1 0.02924996 0.97075 0 0.9 0 0.1 0.02924996 0.02924996 0.1 0 0.1 0 0.200026 0 0.200026 1 0.1 0 0.02924996 0.02924996 0 0.1 0 0.9 0.02924996 0.97075 0.1 1 0.1 1 0.200026 1 0.200026 0 0.1 1 0.02924996 0.97075 0 0.9 0 0.1 0.02924996 0.02924996 0.1 0 0.1 0 0.200026 0 0.200026 1 0 0.9 0.02924996 0.97075 0.1 1 0.1 0 0.02924996 0.02924996 0 0.1 0.200026 1 0.200026 0 0.1 0</float_array>
          <technique_common>
            <accessor source="#ID88_001-mesh-map-0-array" count="2292" stride="2">
              <param name="S" type="float"/>
              <param name="T" type="float"/>
            </accessor>
          </technique_common>
        </source>
        <vertices id="ID88_001-mesh-vertices">
          <input semantic="POSITION" source="#ID88_001-mesh-positions"/>
        </vertices>
        <triangles material="aws_robomaker_hospital_floor_01_handrail_001-material" count="764">
          <input semantic="VERTEX" source="#ID88_001-mesh-vertices" offset="0"/>
          <input semantic="NORMAL" source="#ID88_001-mesh-normals" offset="1"/>
          <input semantic="TEXCOORD" source="#ID88_001-mesh-map-0" offset="2" set="0"/>
          <p>8 0 0 1 1 1 0 2 2 10 3 3 1 1 4 9 4 5 11 5 6 2 6 7 10 3 8 12 7 9 3 8 10 11 5 11 13 9 12 4 10 13 12 7 14 14 11 15 5 12 16 13 9 17 15 13 18 6 14 19 14 11 20 15 13 21 0 2 22 7 15 23 16 16 24 9 4 25 8 0 26 17 17 27 10 3 28 9 4 29 18 18 30 11 5 31 10 3 32 19 19 33 12 7 34 11 5 35 21 20 36 12 7 37 20 21 38 22 22 39 13 9 40 21 20 41 23 23 42 14 11 43 22 22 44 16 16 45 15 13 46 23 23 47 25 24 48 16 16 49 24 25 50 26 26 51 17 17 52 25 24 53 27 27 54 18 18 55 26 26 56 28 28 57 19 28 58 27 28 59 28 29 60 21 20 61 20 21 62 29 30 63 22 22 64 21 20 65 30 31 66 23 23 67 22 22 68 31 32 69 16 32 70 23 32 71 41 33 72 32 33 73 40 33 74 42 34 75 33 35 76 41 36 77 43 37 78 34 38 79 42 34 80 44 39 81 35 39 82 43 39 83 44 40 84 37 41 85 36 42 86 45 43 87 38 44 88 37 41 89 46 45 90 39 45 91 38 45 92 47 46 93 32 46 94 39 46 95 48 47 96 41 47 97 40 47 98 49 48 99 42 34 100 41 36 101 50 49 102 43 37 103 42 34 104 52 50 105 43 50 106 51 50 107 53 51 108 44 40 109 52 52 110 54 53 111 45 43 112 53 51 113 55 54 114 46 54 115 54 54 116 48 55 117 47 55 118 55 55 119 57 56 120 48 56 121 56 56 122 58 57 123 49 48 124 57 58 125 59 59 126 50 49 127 58 57 128 60 60 129 51 60 130 59 60 131 60 61 132 53 51 133 52 52 134 61 62 135 54 53 136 53 51 137 62 63 138 55 63 139 54 63 140 63 64 141 48 64 142 55 64 143 73 65 144 64 65 145 72 65 146 74 66 147 65 67 148 73 68 149 75 69 150 66 70 151 74 66 152 76 60 153 67 60 154 75 60 155 76 71 156 69 72 157 68 73 158 77 74 159 70 75 160 69 72 161 78 76 162 71 76 163 70 76 164 79 77 165 64 77 166 71 77 167 80 78 168 73 78 169 72 78 170 81 79 171 74 66 172 73 68 173 82 80 174 75 69 175 74 66 176 83 81 177 76 81 178 75 81 179 85 82 180 76 71 181 84 83 182 86 84 183 77 74 184 85 82 185 87 85 186 78 85 187 86 85 188 80 86 189 79 86 190 87 86 191 97 87 192 88 87 193 96 87 194 98 88 195 89 89 196 97 90 197 99 91 198 90 92 199 98 88 200 100 93 201 91 93 202 99 93 203 101 94 204 92 95 205 100 96 206 102 97 207 93 98 208 101 94 209 103 99 210 94 99 211 102 99 212 96 100 213 95 100 214 103 100 215 113 101 216 104 101 217 112 101 218 114 102 219 105 103 220 113 104 221 115 105 222 106 106 223 114 102 224 116 107 225 107 107 226 115 107 227 116 108 228 109 109 229 108 110 230 117 111 231 110 112 232 109 109 233 118 113 234 111 113 235 110 113 236 119 114 237 104 114 238 111 114 239 120 115 240 113 115 241 112 115 242 121 116 243 114 102 244 113 104 245 122 117 246 115 105 247 114 102 248 123 118 249 116 118 250 115 118 251 125 119 252 116 108 253 124 120 254 126 121 255 117 111 256 125 119 257 127 122 258 118 122 259 126 122 260 120 123 261 119 123 262 127 123 263 129 124 264 120 124 265 128 124 266 130 125 267 121 116 268 129 126 269 131 127 270 122 117 271 130 125 272 132 128 273 123 128 274 131 128 275 132 129 276 125 119 277 124 120 278 133 130 279 126 121 280 125 119 281 134 131 282 127 131 283 126 131 284 135 132 285 120 132 286 127 132 287 160 133 288 153 133 289 152 133 290 161 134 291 154 135 292 153 136 293 162 137 294 155 138 295 154 135 296 164 139 297 155 139 298 163 139 299 165 140 300 156 141 301 164 142 302 166 143 303 157 144 304 165 140 305 167 145 306 158 145 307 166 145 308 167 146 309 152 146 310 159 146 311 169 147 312 160 147 313 168 147 314 170 148 315 161 134 316 169 149 317 171 150 318 162 137 319 170 148 320 171 151 321 164 151 322 163 151 323 172 152 324 165 140 325 164 142 326 173 153 327 166 143 328 165 140 329 174 154 330 167 154 331 166 154 332 168 155 333 167 155 334 175 155 335 176 156 336 169 156 337 168 156 338 177 157 339 170 148 340 169 149 341 178 158 342 171 150 343 170 148 344 180 159 345 171 159 346 179 159 347 181 160 348 172 152 349 180 161 350 182 162 351 173 153 352 181 160 353 183 163 354 174 163 355 182 163 356 183 164 357 168 164 358 175 164 359 193 165 360 184 165 361 192 165 362 194 166 363 185 167 364 193 168 365 195 169 366 186 170 367 194 166 368 196 171 369 187 171 370 195 171 371 197 172 372 188 141 373 196 173 374 198 174 375 189 144 376 197 172 377 199 175 378 190 175 379 198 175 380 192 176 381 191 176 382 199 176 383 209 177 384 200 177 385 208 177 386 210 178 387 201 179 388 209 180 389 211 181 390 202 182 391 210 178 392 211 183 393 204 183 394 203 183 395 212 184 396 205 185 397 204 186 398 213 187 399 206 188 400 205 185 401 214 189 402 207 189 403 206 189 404 208 190 405 207 190 406 215 190 407 216 191 408 209 191 409 208 191 410 217 192 411 210 178 412 209 180 413 218 193 414 211 181 415 210 178 416 220 194 417 211 194 418 219 194 419 221 195 420 212 184 421 220 196 422 222 197 423 213 187 424 221 195 425 223 198 426 214 198 427 222 198 428 223 199 429 208 199 430 215 199 431 232 200 432 225 200 433 224 200 434 233 201 435 226 202 436 225 203 437 234 204 438 227 205 439 226 202 440 235 206 441 228 206 442 227 206 443 237 207 444 228 208 445 236 209 446 238 210 447 229 211 448 237 207 449 239 212 450 230 212 451 238 212 452 232 213 453 231 213 454 239 213 455 241 214 456 232 214 457 240 214 458 242 215 459 233 201 460 241 216 461 243 217 462 234 204 463 242 215 464 244 218 465 235 218 466 243 218 467 244 219 468 237 207 469 236 209 470 245 220 471 238 210 472 237 207 473 246 221 474 239 221 475 238 221 476 240 222 477 239 222 478 247 222 479 248 223 480 241 223 481 240 223 482 249 224 483 242 215 484 241 216 485 250 225 486 243 217 487 242 215 488 251 226 489 244 226 490 243 226 491 253 227 492 244 219 493 252 228 494 254 229 495 245 220 496 253 227 497 255 230 498 246 230 499 254 230 500 248 231 501 247 231 502 255 231 503 264 232 504 257 233 505 256 234 506 265 235 507 258 236 508 257 233 509 266 237 510 259 238 511 258 236 512 267 239 513 260 239 514 259 239 515 269 240 516 260 241 517 268 242 518 270 243 519 261 244 520 269 240 521 271 245 522 262 246 523 270 243 524 264 247 525 263 247 526 271 247 527 273 248 528 264 232 529 272 249 530 274 250 531 265 235 532 273 248 533 275 251 534 266 237 535 274 250 536 276 252 537 267 252 538 275 252 539 276 253 540 269 240 541 268 242 542 277 254 543 270 243 544 269 240 545 278 255 546 271 245 547 270 243 548 279 256 549 264 256 550 271 256 551 281 257 552 272 249 553 280 258 554 281 257 555 274 250 556 273 248 557 282 259 558 275 251 559 274 250 560 283 260 561 276 260 562 275 260 563 284 261 564 277 254 565 276 253 566 285 262 567 278 255 568 277 254 569 286 263 570 279 264 571 278 255 572 280 265 573 279 265 574 287 265 575 296 266 576 289 266 577 288 266 578 297 267 579 290 268 580 289 269 581 298 270 582 291 271 583 290 268 584 300 272 585 291 272 586 299 272 587 301 273 588 292 274 589 300 275 590 302 276 591 293 277 592 301 273 593 303 278 594 294 278 595 302 278 596 303 279 597 288 279 598 295 279 599 305 280 600 296 280 601 304 280 602 306 281 603 297 267 604 305 282 605 306 281 606 299 283 607 298 270 608 307 284 609 300 284 610 299 284 611 309 285 612 300 275 613 308 286 614 309 285 615 302 276 616 301 273 617 310 287 618 303 287 619 302 287 620 304 288 621 303 288 622 311 288 623 313 289 624 304 289 625 312 289 626 314 290 627 305 282 628 313 291 629 315 292 630 306 281 631 314 290 632 316 293 633 307 293 634 315 293 635 316 294 636 309 285 637 308 286 638 317 295 639 310 296 640 309 285 641 318 297 642 311 297 643 310 297 644 312 298 645 311 298 646 319 298 647 321 299 648 312 299 649 320 299 650 322 300 651 313 291 652 321 301 653 323 302 654 314 290 655 322 300 656 324 303 657 315 303 658 323 303 659 325 304 660 316 294 661 324 305 662 326 306 663 317 295 664 325 304 665 327 297 666 318 297 667 326 297 668 320 307 669 319 307 670 327 307 671 328 299 672 321 299 673 320 299 674 329 308 675 322 300 676 321 301 677 330 309 678 323 302 679 322 300 680 332 310 681 323 310 682 331 310 683 333 311 684 324 305 685 332 312 686 334 313 687 325 304 688 333 311 689 335 297 690 326 297 691 334 297 692 328 314 693 327 314 694 335 314 695 337 299 696 328 299 697 336 299 698 337 315 699 330 309 700 329 308 701 339 316 702 330 309 703 338 317 704 340 303 705 331 303 706 339 303 707 340 318 708 333 311 709 332 312 710 342 296 711 333 311 712 341 319 713 342 320 714 335 320 715 334 320 716 336 307 717 335 307 718 343 307 719 345 299 720 336 299 721 344 299 722 346 321 723 337 315 724 345 322 725 347 323 726 338 317 727 346 321 728 348 60 729 339 60 730 347 60 731 349 324 732 340 318 733 348 325 734 350 326 735 341 319 736 349 324 737 350 297 738 343 297 739 342 297 740 344 77 741 343 77 742 351 77 743 352 327 744 345 327 745 344 327 746 354 328 747 345 322 748 353 329 749 354 328 750 347 323 751 346 321 752 356 307 753 347 307 754 355 307 755 357 330 756 348 325 757 356 331 758 357 330 759 350 326 760 349 324 761 359 297 762 350 297 763 358 297 764 352 303 765 351 303 766 359 303 767 361 299 768 352 299 769 360 299 770 362 332 771 353 329 772 361 333 773 363 334 774 354 328 775 362 332 776 364 335 777 355 335 778 363 335 779 364 336 780 357 330 781 356 331 782 365 337 783 358 338 784 357 330 785 366 297 786 359 297 787 358 297 788 360 339 789 359 339 790 367 339 791 369 299 792 360 299 793 368 299 794 370 340 795 361 333 796 369 341 797 371 342 798 362 332 799 370 340 800 372 307 801 363 307 802 371 307 803 373 343 804 364 336 805 372 344 806 374 345 807 365 337 808 373 343 809 375 297 810 366 297 811 374 297 812 368 303 813 367 303 814 375 303 815 376 299 816 369 299 817 368 299 818 377 322 819 370 340 820 369 341 821 378 346 822 371 342 823 370 340 824 380 347 825 371 347 826 379 347 827 381 324 828 372 344 829 380 348 830 382 349 831 373 343 832 381 324 833 383 297 834 374 297 835 382 297 836 376 350 837 375 350 838 383 350 839 384 299 840 377 299 841 376 299 842 385 351 843 378 346 844 377 322 845 387 352 846 378 346 847 386 353 848 388 307 849 379 307 850 387 307 851 388 354 852 381 324 853 380 348 854 390 355 855 381 324 856 389 356 857 391 357 858 382 357 859 390 357 860 384 303 861 383 303 862 391 303 863 393 299 864 384 299 865 392 299 866 394 358 867 385 351 868 393 359 869 395 360 870 386 353 871 394 358 872 396 77 873 387 77 874 395 77 875 396 361 876 389 356 877 388 354 878 397 362 879 390 355 880 389 356 881 398 297 882 391 297 883 390 297 884 392 363 885 391 363 886 399 363 887 409 364 888 400 364 889 408 364 890 410 365 891 401 269 892 409 366 893 411 367 894 402 268 895 410 365 896 412 368 897 403 368 898 411 368 899 413 369 900 404 274 901 412 370 902 414 371 903 405 372 904 413 369 905 415 373 906 406 373 907 414 373 908 408 374 909 407 374 910 415 374 911 4 375 912 6 375 913 1 375 914 1 376 915 3 376 916 4 376 917 6 77 918 0 77 919 1 77 920 30 307 921 28 307 922 25 307 923 27 377 924 25 377 925 28 377 926 25 378 927 31 378 928 30 378 929 33 379 930 35 379 931 38 379 932 36 380 933 38 380 934 35 380 935 38 381 936 32 381 937 33 381 938 59 307 939 57 307 940 62 307 941 62 307 942 60 307 943 59 307 944 56 307 945 62 307 946 57 307 947 68 303 948 70 303 949 65 303 950 65 303 951 67 303 952 68 303 953 70 382 954 64 382 955 65 382 956 86 60 957 84 60 958 81 60 959 83 60 960 81 60 961 84 60 962 81 60 963 87 60 964 86 60 965 92 77 966 94 77 967 89 77 968 89 77 969 91 77 970 92 77 971 89 77 972 95 77 973 88 77 974 102 60 975 100 60 976 97 60 977 99 60 978 97 60 979 100 60 980 97 60 981 103 60 982 102 60 983 108 77 984 110 77 985 105 77 986 105 77 987 107 77 988 108 77 989 105 77 990 111 77 991 104 77 992 134 60 993 132 60 994 129 60 995 131 383 996 129 383 997 132 383 998 129 384 999 135 384 1000 134 384 1001 137 77 1002 139 77 1003 142 77 1004 140 77 1005 142 77 1006 139 77 1007 137 385 1008 143 385 1009 136 385 1010 150 386 1011 148 386 1012 147 386 1013 147 387 1014 145 387 1015 150 387 1016 145 77 1017 151 77 1018 150 77 1019 153 60 1020 155 60 1021 158 60 1022 156 60 1023 158 60 1024 155 60 1025 153 388 1026 159 388 1027 152 388 1028 182 77 1029 180 77 1030 177 77 1031 179 77 1032 177 77 1033 180 77 1034 176 77 1035 182 77 1036 177 77 1037 185 60 1038 187 60 1039 190 60 1040 188 60 1041 190 60 1042 187 60 1043 190 60 1044 184 60 1045 185 60 1046 195 77 1047 193 77 1048 198 77 1049 198 77 1050 196 77 1051 195 77 1052 192 77 1053 198 77 1054 193 77 1055 201 60 1056 203 60 1057 206 60 1058 204 60 1059 206 60 1060 203 60 1061 206 60 1062 200 60 1063 201 60 1064 219 307 1065 217 307 1066 222 307 1067 222 307 1068 220 307 1069 219 307 1070 217 389 1071 223 389 1072 222 389 1073 225 303 1074 227 303 1075 230 303 1076 228 303 1077 230 303 1078 227 303 1079 225 303 1080 231 303 1081 224 303 1082 251 390 1083 249 390 1084 254 390 1085 254 391 1086 252 391 1087 251 391 1088 248 392 1089 254 392 1090 249 392 1091 257 393 1092 259 393 1093 262 393 1094 260 303 1095 262 303 1096 259 303 1097 262 394 1098 256 394 1099 257 394 1100 286 77 1101 284 77 1102 281 77 1103 283 77 1104 281 77 1105 284 77 1106 280 77 1107 286 77 1108 281 77 1109 289 307 1110 291 307 1111 294 307 1112 292 307 1113 294 307 1114 291 307 1115 294 395 1116 288 395 1117 289 395 1118 398 303 1119 396 303 1120 395 303 1121 395 303 1122 393 303 1123 398 303 1124 393 303 1125 399 303 1126 398 303 1127 401 307 1128 403 307 1129 406 307 1130 404 307 1131 406 307 1132 403 307 1133 406 396 1134 400 396 1135 401 396 1136 411 303 1137 409 303 1138 414 303 1139 414 303 1140 412 303 1141 411 303 1142 408 303 1143 414 303 1144 409 303 1145 8 0 1146 9 4 1147 1 1 1148 10 3 1149 2 6 1150 1 1 1151 11 5 1152 3 8 1153 2 6 1154 12 7 1155 4 10 1156 3 8 1157 13 9 1158 5 12 1159 4 10 1160 14 11 1161 6 14 1162 5 12 1163 15 13 1164 7 15 1165 6 14 1166 15 13 1167 8 0 1168 0 2 1169 16 16 1170 17 17 1171 9 4 1172 17 17 1173 18 18 1174 10 3 1175 18 18 1176 19 19 1177 11 5 1178 19 19 1179 20 21 1180 12 7 1181 21 20 1182 13 9 1183 12 7 1184 22 22 1185 14 11 1186 13 9 1187 23 23 1188 15 13 1189 14 11 1190 16 16 1191 8 0 1192 15 13 1193 25 24 1194 17 17 1195 16 16 1196 26 26 1197 18 18 1198 17 17 1199 27 27 1200 19 19 1201 18 18 1202 28 397 1203 20 397 1204 19 397 1205 28 29 1206 29 30 1207 21 20 1208 29 30 1209 30 31 1210 22 22 1211 30 31 1212 31 398 1213 23 23 1214 31 399 1215 24 399 1216 16 399 1217 41 400 1218 33 400 1219 32 400 1220 42 34 1221 34 38 1222 33 35 1223 43 37 1224 35 401 1225 34 38 1226 44 402 1227 36 402 1228 35 402 1229 44 40 1230 45 43 1231 37 41 1232 45 43 1233 46 403 1234 38 44 1235 46 404 1236 47 404 1237 39 404 1238 47 405 1239 40 405 1240 32 405 1241 48 406 1242 49 406 1243 41 406 1244 49 48 1245 50 49 1246 42 34 1247 50 49 1248 51 407 1249 43 37 1250 52 408 1251 44 408 1252 43 408 1253 53 51 1254 45 43 1255 44 40 1256 54 53 1257 46 403 1258 45 43 1259 55 409 1260 47 409 1261 46 409 1262 48 410 1263 40 410 1264 47 410 1265 57 411 1266 49 411 1267 48 411 1268 58 57 1269 50 49 1270 49 48 1271 59 59 1272 51 407 1273 50 49 1274 60 412 1275 52 412 1276 51 412 1277 60 61 1278 61 62 1279 53 51 1280 61 62 1281 62 413 1282 54 53 1283 62 414 1284 63 414 1285 55 414 1286 63 77 1287 56 77 1288 48 77 1289 73 415 1290 65 415 1291 64 415 1292 74 66 1293 66 70 1294 65 67 1295 75 69 1296 67 416 1297 66 70 1298 76 60 1299 68 60 1300 67 60 1301 76 71 1302 77 74 1303 69 72 1304 77 74 1305 78 417 1306 70 75 1307 78 418 1308 79 418 1309 71 418 1310 79 77 1311 72 77 1312 64 77 1313 80 419 1314 81 419 1315 73 419 1316 81 79 1317 82 80 1318 74 66 1319 82 80 1320 83 420 1321 75 69 1322 83 421 1323 84 421 1324 76 421 1325 85 82 1326 77 74 1327 76 71 1328 86 84 1329 78 417 1330 77 74 1331 87 422 1332 79 422 1333 78 422 1334 80 423 1335 72 423 1336 79 423 1337 97 87 1338 89 87 1339 88 87 1340 98 88 1341 90 92 1342 89 89 1343 99 91 1344 91 424 1345 90 92 1346 100 425 1347 92 425 1348 91 425 1349 101 94 1350 93 98 1351 92 95 1352 102 97 1353 94 426 1354 93 98 1355 103 427 1356 95 427 1357 94 427 1358 96 428 1359 88 428 1360 95 428 1361 113 429 1362 105 429 1363 104 429 1364 114 102 1365 106 106 1366 105 103 1367 115 105 1368 107 430 1369 106 106 1370 116 431 1371 108 431 1372 107 431 1373 116 108 1374 117 111 1375 109 109 1376 117 111 1377 118 432 1378 110 112 1379 118 433 1380 119 433 1381 111 433 1382 119 434 1383 112 434 1384 104 434 1385 120 435 1386 121 435 1387 113 435 1388 121 116 1389 122 117 1390 114 102 1391 122 117 1392 123 436 1393 115 105 1394 123 437 1395 124 437 1396 116 437 1397 125 119 1398 117 111 1399 116 108 1400 126 121 1401 118 432 1402 117 111 1403 127 438 1404 119 438 1405 118 438 1406 120 439 1407 112 439 1408 119 439 1409 129 440 1410 121 440 1411 120 440 1412 130 125 1413 122 117 1414 121 116 1415 131 127 1416 123 436 1417 122 117 1418 132 441 1419 124 441 1420 123 441 1421 132 129 1422 133 130 1423 125 119 1424 133 130 1425 134 442 1426 126 121 1427 134 443 1428 135 443 1429 127 443 1430 135 444 1431 128 444 1432 120 444 1433 160 445 1434 161 445 1435 153 445 1436 161 134 1437 162 137 1438 154 135 1439 162 137 1440 163 446 1441 155 138 1442 164 447 1443 156 447 1444 155 447 1445 165 140 1446 157 144 1447 156 141 1448 166 143 1449 158 448 1450 157 144 1451 167 449 1452 159 449 1453 158 449 1454 167 450 1455 160 450 1456 152 450 1457 169 451 1458 161 451 1459 160 451 1460 170 148 1461 162 137 1462 161 134 1463 171 150 1464 163 446 1465 162 137 1466 171 452 1467 172 452 1468 164 452 1469 172 152 1470 173 153 1471 165 140 1472 173 153 1473 174 453 1474 166 143 1475 174 454 1476 175 454 1477 167 454 1478 168 455 1479 160 455 1480 167 455 1481 176 456 1482 177 456 1483 169 456 1484 177 157 1485 178 158 1486 170 148 1487 178 158 1488 179 457 1489 171 150 1490 180 458 1491 172 458 1492 171 458 1493 181 160 1494 173 153 1495 172 152 1496 182 162 1497 174 453 1498 173 153 1499 183 459 1500 175 459 1501 174 459 1502 183 460 1503 176 460 1504 168 460 1505 193 461 1506 185 461 1507 184 461 1508 194 166 1509 186 170 1510 185 167 1511 195 169 1512 187 462 1513 186 170 1514 196 463 1515 188 463 1516 187 463 1517 197 172 1518 189 144 1519 188 141 1520 198 174 1521 190 464 1522 189 144 1523 199 465 1524 191 465 1525 190 465 1526 192 176 1527 184 176 1528 191 176 1529 209 466 1530 201 466 1531 200 466 1532 210 178 1533 202 182 1534 201 179 1535 211 181 1536 203 467 1537 202 182 1538 211 468 1539 212 468 1540 204 468 1541 212 184 1542 213 187 1543 205 185 1544 213 187 1545 214 469 1546 206 188 1547 214 470 1548 215 470 1549 207 470 1550 208 471 1551 200 471 1552 207 471 1553 216 472 1554 217 472 1555 209 472 1556 217 192 1557 218 193 1558 210 178 1559 218 193 1560 219 473 1561 211 181 1562 220 474 1563 212 474 1564 211 474 1565 221 195 1566 213 187 1567 212 184 1568 222 197 1569 214 469 1570 213 187 1571 223 475 1572 215 475 1573 214 475 1574 223 476 1575 216 476 1576 208 476 1577 232 477 1578 233 477 1579 225 477 1580 233 201 1581 234 204 1582 226 202 1583 234 204 1584 235 478 1585 227 205 1586 235 479 1587 236 479 1588 228 479 1589 237 207 1590 229 211 1591 228 208 1592 238 210 1593 230 480 1594 229 211 1595 239 481 1596 231 481 1597 230 481 1598 232 482 1599 224 482 1600 231 482 1601 241 483 1602 233 483 1603 232 483 1604 242 215 1605 234 204 1606 233 201 1607 243 217 1608 235 478 1609 234 204 1610 244 484 1611 236 484 1612 235 484 1613 244 219 1614 245 220 1615 237 207 1616 245 220 1617 246 485 1618 238 210 1619 246 486 1620 247 486 1621 239 486 1622 240 487 1623 232 487 1624 239 487 1625 248 488 1626 249 488 1627 241 488 1628 249 224 1629 250 225 1630 242 215 1631 250 225 1632 251 489 1633 243 217 1634 251 490 1635 252 490 1636 244 490 1637 253 227 1638 245 220 1639 244 219 1640 254 229 1641 246 485 1642 245 220 1643 255 491 1644 247 491 1645 246 491 1646 248 492 1647 240 492 1648 247 492 1649 264 232 1650 265 235 1651 257 233 1652 265 235 1653 266 237 1654 258 236 1655 266 237 1656 267 493 1657 259 238 1658 267 494 1659 268 494 1660 260 494 1661 269 240 1662 261 244 1663 260 241 1664 270 243 1665 262 246 1666 261 244 1667 271 245 1668 263 495 1669 262 246 1670 264 496 1671 256 496 1672 263 496 1673 273 248 1674 265 235 1675 264 232 1676 274 250 1677 266 237 1678 265 235 1679 275 251 1680 267 493 1681 266 237 1682 276 497 1683 268 497 1684 267 497 1685 276 253 1686 277 254 1687 269 240 1688 277 254 1689 278 255 1690 270 243 1691 278 255 1692 279 264 1693 271 245 1694 279 498 1695 272 498 1696 264 498 1697 281 257 1698 273 248 1699 272 249 1700 281 257 1701 282 259 1702 274 250 1703 282 259 1704 283 499 1705 275 251 1706 283 500 1707 284 500 1708 276 500 1709 284 261 1710 285 262 1711 277 254 1712 285 262 1713 286 263 1714 278 255 1715 286 263 1716 287 501 1717 279 264 1718 280 502 1719 272 502 1720 279 502 1721 296 503 1722 297 503 1723 289 503 1724 297 267 1725 298 270 1726 290 268 1727 298 270 1728 299 283 1729 291 271 1730 300 504 1731 292 504 1732 291 504 1733 301 273 1734 293 277 1735 292 274 1736 302 276 1737 294 505 1738 293 277 1739 303 506 1740 295 506 1741 294 506 1742 303 507 1743 296 507 1744 288 507 1745 305 508 1746 297 508 1747 296 508 1748 306 281 1749 298 270 1750 297 267 1751 306 281 1752 307 509 1753 299 283 1754 307 510 1755 308 510 1756 300 510 1757 309 285 1758 301 273 1759 300 275 1760 309 285 1761 310 296 1762 302 276 1763 310 511 1764 311 511 1765 303 511 1766 304 512 1767 296 512 1768 303 512 1769 313 299 1770 305 299 1771 304 299 1772 314 290 1773 306 281 1774 305 282 1775 315 292 1776 307 509 1777 306 281 1778 316 293 1779 308 293 1780 307 293 1781 316 294 1782 317 295 1783 309 285 1784 317 295 1785 318 513 1786 310 296 1787 318 297 1788 319 297 1789 311 297 1790 312 514 1791 304 514 1792 311 514 1793 321 299 1794 313 299 1795 312 299 1796 322 300 1797 314 290 1798 313 291 1799 323 302 1800 315 292 1801 314 290 1802 324 303 1803 316 303 1804 315 303 1805 325 304 1806 317 295 1807 316 294 1808 326 306 1809 318 513 1810 317 295 1811 327 297 1812 319 297 1813 318 297 1814 320 307 1815 312 307 1816 319 307 1817 328 299 1818 329 299 1819 321 299 1820 329 308 1821 330 309 1822 322 300 1823 330 309 1824 331 515 1825 323 302 1826 332 310 1827 324 310 1828 323 310 1829 333 311 1830 325 304 1831 324 305 1832 334 313 1833 326 306 1834 325 304 1835 335 297 1836 327 297 1837 326 297 1838 328 516 1839 320 516 1840 327 516 1841 337 517 1842 329 517 1843 328 517 1844 337 315 1845 338 317 1846 330 309 1847 339 316 1848 331 515 1849 330 309 1850 340 303 1851 332 303 1852 331 303 1853 340 318 1854 341 319 1855 333 311 1856 342 296 1857 334 313 1858 333 311 1859 342 518 1860 343 518 1861 335 518 1862 336 307 1863 328 307 1864 335 307 1865 345 299 1866 337 299 1867 336 299 1868 346 321 1869 338 317 1870 337 315 1871 347 323 1872 339 316 1873 338 317 1874 348 60 1875 340 60 1876 339 60 1877 349 324 1878 341 319 1879 340 318 1880 350 326 1881 342 296 1882 341 319 1883 350 297 1884 351 297 1885 343 297 1886 344 77 1887 336 77 1888 343 77 1889 352 299 1890 353 299 1891 345 299 1892 354 328 1893 346 321 1894 345 322 1895 354 328 1896 355 519 1897 347 323 1898 356 307 1899 348 307 1900 347 307 1901 357 330 1902 349 324 1903 348 325 1904 357 330 1905 358 338 1906 350 326 1907 359 520 1908 351 520 1909 350 520 1910 352 303 1911 344 303 1912 351 303 1913 361 299 1914 353 299 1915 352 299 1916 362 332 1917 354 328 1918 353 329 1919 363 334 1920 355 519 1921 354 328 1922 364 335 1923 356 335 1924 355 335 1925 364 336 1926 365 337 1927 357 330 1928 365 337 1929 366 521 1930 358 338 1931 366 297 1932 367 297 1933 359 297 1934 360 522 1935 352 522 1936 359 522 1937 369 299 1938 361 299 1939 360 299 1940 370 340 1941 362 332 1942 361 333 1943 371 342 1944 363 334 1945 362 332 1946 372 307 1947 364 307 1948 363 307 1949 373 343 1950 365 337 1951 364 336 1952 374 345 1953 366 521 1954 365 337 1955 375 297 1956 367 297 1957 366 297 1958 368 303 1959 360 303 1960 367 303 1961 376 523 1962 377 523 1963 369 523 1964 377 322 1965 378 346 1966 370 340 1967 378 346 1968 379 524 1969 371 342 1970 380 347 1971 372 347 1972 371 347 1973 381 324 1974 373 343 1975 372 344 1976 382 349 1977 374 345 1978 373 343 1979 383 297 1980 375 297 1981 374 297 1982 376 525 1983 368 525 1984 375 525 1985 384 299 1986 385 299 1987 377 299 1988 385 351 1989 386 353 1990 378 346 1991 387 352 1992 379 524 1993 378 346 1994 388 307 1995 380 307 1996 379 307 1997 388 354 1998 389 356 1999 381 324 2000 390 355 2001 382 349 2002 381 324 2003 391 297 2004 383 297 2005 382 297 2006 384 303 2007 376 303 2008 383 303 2009 393 299 2010 385 299 2011 384 299 2012 394 358 2013 386 353 2014 385 351 2015 395 360 2016 387 352 2017 386 353 2018 396 77 2019 388 77 2020 387 77 2021 396 361 2022 397 362 2023 389 356 2024 397 362 2025 398 526 2026 390 355 2027 398 297 2028 399 297 2029 391 297 2030 392 527 2031 384 527 2032 391 527 2033 409 364 2034 401 364 2035 400 364 2036 410 365 2037 402 268 2038 401 269 2039 411 367 2040 403 271 2041 402 268 2042 412 528 2043 404 528 2044 403 528 2045 413 369 2046 405 372 2047 404 274 2048 414 371 2049 406 505 2050 405 372 2051 415 529 2052 407 529 2053 406 529 2054 408 530 2055 400 530 2056 407 530 2057 4 531 2058 5 531 2059 6 531 2060 1 532 2061 2 532 2062 3 532 2063 6 533 2064 7 533 2065 0 533 2066 30 534 2067 29 534 2068 28 534 2069 27 307 2070 26 307 2071 25 307 2072 25 307 2073 24 307 2074 31 307 2075 33 535 2076 34 535 2077 35 535 2078 36 536 2079 37 536 2080 38 536 2081 38 537 2082 39 537 2083 32 537 2084 59 307 2085 58 307 2086 57 307 2087 62 538 2088 61 538 2089 60 538 2090 56 539 2091 63 539 2092 62 539 2093 68 303 2094 69 303 2095 70 303 2096 65 303 2097 66 303 2098 67 303 2099 70 303 2100 71 303 2101 64 303 2102 86 60 2103 85 60 2104 84 60 2105 83 60 2106 82 60 2107 81 60 2108 81 60 2109 80 60 2110 87 60 2111 92 77 2112 93 77 2113 94 77 2114 89 77 2115 90 77 2116 91 77 2117 89 77 2118 94 77 2119 95 77 2120 102 60 2121 101 60 2122 100 60 2123 99 60 2124 98 60 2125 97 60 2126 97 60 2127 96 60 2128 103 60 2129 108 77 2130 109 77 2131 110 77 2132 105 77 2133 106 77 2134 107 77 2135 105 77 2136 110 77 2137 111 77 2138 134 540 2139 133 540 2140 132 540 2141 131 60 2142 130 60 2143 129 60 2144 129 60 2145 128 60 2146 135 60 2147 137 541 2148 138 541 2149 139 541 2150 140 77 2151 141 77 2152 142 77 2153 137 77 2154 142 77 2155 143 77 2156 150 542 2157 149 542 2158 148 542 2159 147 77 2160 146 77 2161 145 77 2162 145 543 2163 144 543 2164 151 543 2165 153 544 2166 154 544 2167 155 544 2168 156 60 2169 157 60 2170 158 60 2171 153 60 2172 158 60 2173 159 60 2174 182 77 2175 181 77 2176 180 77 2177 179 77 2178 178 77 2179 177 77 2180 176 77 2181 183 77 2182 182 77 2183 185 60 2184 186 60 2185 187 60 2186 188 60 2187 189 60 2188 190 60 2189 190 60 2190 191 60 2191 184 60 2192 195 77 2193 194 77 2194 193 77 2195 198 77 2196 197 77 2197 196 77 2198 192 77 2199 199 77 2200 198 77 2201 201 60 2202 202 60 2203 203 60 2204 204 60 2205 205 60 2206 206 60 2207 206 60 2208 207 60 2209 200 60 2210 219 307 2211 218 307 2212 217 307 2213 222 307 2214 221 307 2215 220 307 2216 217 307 2217 216 307 2218 223 307 2219 225 303 2220 226 303 2221 227 303 2222 228 303 2223 229 303 2224 230 303 2225 225 545 2226 230 545 2227 231 545 2228 251 546 2229 250 546 2230 249 546 2231 254 547 2232 253 547 2233 252 547 2234 248 548 2235 255 548 2236 254 548 2237 257 549 2238 258 549 2239 259 549 2240 260 550 2241 261 550 2242 262 550 2243 262 303 2244 263 303 2245 256 303 2246 286 551 2247 285 551 2248 284 551 2249 283 77 2250 282 77 2251 281 77 2252 280 77 2253 287 77 2254 286 77 2255 289 307 2256 290 307 2257 291 307 2258 292 552 2259 293 552 2260 294 552 2261 294 307 2262 295 307 2263 288 307 2264 398 553 2265 397 553 2266 396 553 2267 395 554 2268 394 554 2269 393 554 2270 393 303 2271 392 303 2272 399 303 2273 401 307 2274 402 307 2275 403 307 2276 404 555 2277 405 555 2278 406 555 2279 406 307 2280 407 307 2281 400 307 2282 411 556 2283 410 556 2284 409 556 2285 414 557 2286 413 557 2287 412 557 2288 408 558 2289 415 558 2290 414 558 2291</p>
        </triangles>
      </mesh>
    </geometry>
    <geometry id="ID79_001-mesh" name="ID79.001">
      <mesh>
        <source id="ID79_001-mesh-positions">
          <float_array id="ID79_001-mesh-positions-array" count="96">-980.012 -0.00300008 658 -980.012 234.997 658 -829.9921 234.997 658 -829.9921 -0.00300008 658 -826.4921 -0.00300008 658 -826.4921 238.497 658 -983.512 238.497 658 -983.512 -0.00300008 658 -980.012 -0.00300008 641.991 -980.012 234.997 641.991 -829.9921 234.997 641.991 -829.9921 -0.00300008 641.991 -826.4921 -0.00300008 641.991 -826.4921 238.497 641.991 -983.512 238.497 641.991 -983.512 -0.00300008 641.991 -980.012 -0.00300008 -642 -980.012 234.997 -642 -829.9921 234.997 -642 -829.9921 -0.00300008 -642 -826.4921 -0.00300008 -642 -826.4921 238.497 -642 -983.512 238.497 -642 -983.512 -0.00300008 -642 -980.012 -0.00300008 -658.009 -980.012 234.997 -658.009 -829.9921 234.997 -658.009 -829.9921 -0.00300008 -658.009 -826.4921 -0.00300008 -658.009 -826.4921 238.497 -658.009 -983.512 238.497 -658.009 -983.512 -0.00300008 -658.009</float_array>
          <technique_common>
            <accessor source="#ID79_001-mesh-positions-array" count="32" stride="3">
              <param name="X" type="float"/>
              <param name="Y" type="float"/>
              <param name="Z" type="float"/>
            </accessor>
          </technique_common>
        </source>
        <source id="ID79_001-mesh-normals">
          <float_array id="ID79_001-mesh-normals-array" count="30">0 0 1 0 0 -1 5.84943e-7 0 -1 1 0 0 -1 0 0 0 -1 0 0 1 0 1.16989e-6 0 -1 -5.84943e-7 0 -1 -1.16989e-6 0 -1</float_array>
          <technique_common>
            <accessor source="#ID79_001-mesh-normals-array" count="10" stride="3">
              <param name="X" type="float"/>
              <param name="Y" type="float"/>
              <param name="Z" type="float"/>
            </accessor>
          </technique_common>
        </source>
        <source id="ID79_001-mesh-map-0">
          <float_array id="ID79_001-mesh-map-0-array" count="336">0.01586109 0.977221 0.007428944 0.1641269 0.01586109 0.1641269 0.385718 0.989331 0.01586109 0.977221 0.377286 0.977221 0.385718 0.1641269 0.377286 0.977221 0.377286 0.1641269 0.778866 0.1641269 0.770434 0.977221 0.770434 0.1641269 0.400576 0.989331 0.770434 0.977221 0.778866 0.989331 0.400576 0.1641269 0.409009 0.977221 0.400576 0.989331 0.900576 0.989331 0.939145 0.176237 0.939145 0.989331 0.832292 0.1641269 0.793724 0.989331 0.793724 0.1641269 0.409009 0.1427879 0.400576 0.08739811 0.409009 0.08739811 0.368854 0.06605958 0.007428944 0.01066917 0.368854 0.01066917 0.007428944 0.08739811 0.385718 0.1427879 0.007428944 0.1427879 0.992571 0.176237 0.954003 0.989331 0.954003 0.176237 0.432299 0.1427879 0.423866 0.08739811 0.432299 0.08739811 0.84715 0.989331 0.885718 0.1641269 0.885718 0.989331 0.01586109 0.977221 0.007428944 0.1641269 0.01586109 0.1641269 0.385718 0.989331 0.01586109 0.977221 0.377286 0.977221 0.385718 0.1641269 0.377286 0.977221 0.377286 0.1641269 0.778866 0.1641269 0.770434 0.977221 0.770434 0.1641269 0.400576 0.989331 0.770434 0.977221 0.778866 0.989331 0.400576 0.1641269 0.409009 0.977221 0.400576 0.989331 0.900576 0.989331 0.939145 0.176237 0.939145 0.989331 0.832292 0.1641269 0.793724 0.989331 0.793724 0.1641269 0.409009 0.1427879 0.400576 0.08739811 0.409009 0.08739811 0.368854 0.06605958 0.007428944 0.01066917 0.368854 0.01066917 0.007428944 0.08739811 0.385718 0.1427879 0.007428944 0.1427879 0.992571 0.176237 0.954003 0.989331 0.954003 0.176237 0.432299 0.1427879 0.423866 0.08739811 0.432299 0.08739811 0.84715 0.989331 0.885718 0.1641269 0.885718 0.989331 0.01586109 0.977221 0.007428944 0.989331 0.007428944 0.1641269 0.385718 0.989331 0.007428944 0.989331 0.01586109 0.977221 0.385718 0.1641269 0.385718 0.989331 0.377286 0.977221 0.778866 0.1641269 0.778866 0.989331 0.770434 0.977221 0.400576 0.989331 0.409009 0.977221 0.770434 0.977221 0.400576 0.1641269 0.409009 0.1641269 0.409009 0.977221 0.900576 0.989331 0.900576 0.176237 0.939145 0.176237 0.832292 0.1641269 0.832292 0.989331 0.793724 0.989331 0.409009 0.1427879 0.400576 0.1427879 0.400576 0.08739811 0.368854 0.06605958 0.007428944 0.06605958 0.007428944 0.01066917 0.007428944 0.08739811 0.385718 0.08739811 0.385718 0.1427879 0.992571 0.176237 0.992571 0.989331 0.954003 0.989331 0.432299 0.1427879 0.423866 0.1427879 0.423866 0.08739811 0.84715 0.989331 0.84715 0.1641269 0.885718 0.1641269 0.01586109 0.977221 0.007428944 0.989331 0.007428944 0.1641269 0.385718 0.989331 0.007428944 0.989331 0.01586109 0.977221 0.385718 0.1641269 0.385718 0.989331 0.377286 0.977221 0.778866 0.1641269 0.778866 0.989331 0.770434 0.977221 0.400576 0.989331 0.409009 0.977221 0.770434 0.977221 0.400576 0.1641269 0.409009 0.1641269 0.409009 0.977221 0.900576 0.989331 0.900576 0.176237 0.939145 0.176237 0.832292 0.1641269 0.832292 0.989331 0.793724 0.989331 0.409009 0.1427879 0.400576 0.1427879 0.400576 0.08739811 0.368854 0.06605958 0.007428944 0.06605958 0.007428944 0.01066917 0.007428944 0.08739811 0.385718 0.08739811 0.385718 0.1427879 0.992571 0.176237 0.992571 0.989331 0.954003 0.989331 0.432299 0.1427879 0.423866 0.1427879 0.423866 0.08739811 0.84715 0.989331 0.84715 0.1641269 0.885718 0.1641269</float_array>
          <technique_common>
            <accessor source="#ID79_001-mesh-map-0-array" count="168" stride="2">
              <param name="S" type="float"/>
              <param name="T" type="float"/>
            </accessor>
          </technique_common>
        </source>
        <vertices id="ID79_001-mesh-vertices">
          <input semantic="POSITION" source="#ID79_001-mesh-positions"/>
        </vertices>
        <triangles material="aws_robomaker_hospital_floor_01_doorframes_big_001-material" count="56">
          <input semantic="VERTEX" source="#ID79_001-mesh-vertices" offset="0"/>
          <input semantic="NORMAL" source="#ID79_001-mesh-normals" offset="1"/>
          <input semantic="TEXCOORD" source="#ID79_001-mesh-map-0" offset="2" set="0"/>
          <p>1 0 0 7 0 1 0 0 2 5 0 3 1 0 4 2 0 5 4 0 6 2 0 7 3 0 8 15 1 9 9 1 10 8 1 11 13 1 12 9 1 13 14 1 14 12 2 15 10 2 16 13 2 17 1 3 18 8 3 19 9 3 20 7 4 21 14 4 22 15 4 23 0 5 24 15 5 25 8 5 26 2 5 27 9 5 28 10 5 29 6 6 30 13 6 31 14 6 32 3 4 33 10 4 34 11 4 35 4 5 36 11 5 37 12 5 38 5 3 39 12 3 40 13 3 41 17 0 42 23 0 43 16 0 44 21 0 45 17 0 46 18 0 47 20 0 48 18 0 49 19 0 50 31 1 51 25 1 52 24 1 53 29 1 54 25 1 55 30 1 56 28 7 57 26 7 58 29 7 59 17 3 60 24 3 61 25 3 62 23 4 63 30 4 64 31 4 65 16 5 66 31 5 67 24 5 68 18 5 69 25 5 70 26 5 71 22 6 72 29 6 73 30 6 74 19 4 75 26 4 76 27 4 77 20 5 78 27 5 79 28 5 80 21 3 81 28 3 82 29 3 83 1 0 84 6 0 85 7 0 86 5 0 87 6 0 88 1 0 89 4 0 90 5 0 91 2 0 92 15 8 93 14 8 94 9 8 95 13 1 96 10 1 97 9 1 98 12 1 99 11 1 100 10 1 101 1 3 102 0 3 103 8 3 104 7 4 105 6 4 106 14 4 107 0 5 108 7 5 109 15 5 110 2 5 111 1 5 112 9 5 113 6 6 114 5 6 115 13 6 116 3 4 117 2 4 118 10 4 119 4 5 120 3 5 121 11 5 122 5 3 123 4 3 124 12 3 125 17 0 126 22 0 127 23 0 128 21 0 129 22 0 130 17 0 131 20 0 132 21 0 133 18 0 134 31 9 135 30 9 136 25 9 137 29 1 138 26 1 139 25 1 140 28 1 141 27 1 142 26 1 143 17 3 144 16 3 145 24 3 146 23 4 147 22 4 148 30 4 149 16 5 150 23 5 151 31 5 152 18 5 153 17 5 154 25 5 155 22 6 156 21 6 157 29 6 158 19 4 159 18 4 160 26 4 161 20 5 162 19 5 163 27 5 164 21 3 165 20 3 166 28 3 167</p>
        </triangles>
      </mesh>
    </geometry>
    <geometry id="ID70_001-mesh" name="ID70.001">
      <mesh>
        <source id="ID70_001-mesh-positions">
          <float_array id="ID70_001-mesh-positions-array" count="576">1492 -0.00300008 473.5 1492 234.997 473.5 1492 234.997 566.5 1492 -0.00300008 566.5 1492 -0.00300008 570 1492 238.497 570 1492 238.497 470 1492 -0.00300008 470 1508.01 -0.00300008 473.5 1508.01 234.997 473.5 1508.01 234.997 566.5 1508.01 -0.00300008 566.5 1508.01 -0.00300008 570 1508.01 238.497 570 1508.01 238.497 470 1508.01 -0.00300008 470 -57.9999 -0.00300008 -766.5 -57.9999 234.997 -766.5 -57.9999 234.997 -673.5 -57.9999 -0.00300008 -673.5 -57.9999 -0.00300008 -670 -57.9999 238.497 -670 -57.9999 238.497 -770 -57.9999 -0.00300008 -770 -41.991 -0.00300008 -766.5 -41.991 234.997 -766.5 -41.991 234.997 -673.5 -41.991 -0.00300008 -673.5 -41.991 -0.00300008 -670 -41.991 238.497 -670 -41.991 238.497 -770 -41.991 -0.00300008 -770 -57.9999 -0.00300008 673.5 -57.9999 234.997 673.5 -57.9999 234.997 766.5 -57.9999 -0.00300008 766.5 -57.9999 -0.00300008 770 -57.9999 238.497 770 -57.9999 238.497 670 -57.9999 -0.00300008 670 -41.991 -0.00300008 673.5 -41.991 234.997 673.5 -41.991 234.997 766.5 -41.991 -0.00300008 766.5 -41.991 -0.00300008 770 -41.991 238.497 770 -41.991 238.497 670 -41.991 -0.00300008 670 1492 -0.00300008 -566.5 1492 234.997 -566.5 1492 234.997 -473.5 1492 -0.00300008 -473.5 1492 -0.00300008 -470 1492 238.497 -470 1492 238.497 -570 1492 -0.00300008 -570 1508.01 -0.00300008 -566.5 1508.01 234.997 -566.5 1508.01 234.997 -473.5 1508.01 -0.00300008 -473.5 1508.01 -0.00300008 -470 1508.01 238.497 -470 1508.01 238.497 -570 1508.01 -0.00300008 -570 1192 -0.00300008 623.5 1192 234.997 623.5 1192 234.997 716.5 1192 -0.00300008 716.5 1192 -0.00300008 720 1192 238.497 720 1192 238.497 620 1192 -0.00300008 620 1208.01 -0.00300008 623.5 1208.01 234.997 623.5 1208.01 234.997 716.5 1208.01 -0.00300008 716.5 1208.01 -0.00300008 720 1208.01 238.497 720 1208.01 238.497 620 1208.01 -0.00300008 620 1192 -0.00300008 -716.5 1192 234.997 -716.5 1192 234.997 -623.5 1192 -0.00300008 -623.5 1192 -0.00300008 -620 1192 238.497 -620 1192 238.497 -720 1192 -0.00300008 -720 1208.01 -0.00300008 -716.5 1208.01 234.997 -716.5 1208.01 234.997 -623.5 1208.01 -0.00300008 -623.5 1208.01 -0.00300008 -620 1208.01 238.497 -620 1208.01 238.497 -720 1208.01 -0.00300008 -720 1073.5 -0.00300008 908 1073.5 234.997 908 1166.5 234.997 908 1166.5 -0.00300008 908 1170 -0.00300008 908 1170 238.497 908 1070 238.497 908 1070 -0.00300008 908 1073.5 -0.00300008 891.991 1073.5 234.997 891.991 1166.5 234.997 891.991 1166.5 -0.00300008 891.991 1170 -0.00300008 891.991 1170 238.497 891.991 1070 238.497 891.991 1070 -0.00300008 891.991 433.5 -0.00300008 908 433.5 234.997 908 526.5 234.997 908 526.5 -0.00300008 908 530 -0.00300008 908 530 238.497 908 430 238.497 908 430 -0.00300008 908 433.5 -0.00300008 891.991 433.5 234.997 891.991 526.5 234.997 891.991 526.5 -0.00300008 891.991 530 -0.00300008 891.991 530 238.497 891.991 430 238.497 891.991 430 -0.00300008 891.991 1073.5 -0.00300008 -892 1073.5 234.997 -892 1166.5 234.997 -892 1166.5 -0.00300008 -892 1170 -0.00300008 -892 1170 238.497 -892 1070 238.497 -892 1070 -0.00300008 -892 1073.5 -0.00300008 -908.009 1073.5 234.997 -908.009 1166.5 234.997 -908.009 1166.5 -0.00300008 -908.009 1170 -0.00300008 -908.009 1170 238.497 -908.009 1070 238.497 -908.009 1070 -0.00300008 -908.009 433.5 -0.00300008 -892 433.5 234.997 -892 526.5 234.997 -892 526.5 -0.00300008 -892 530 -0.00300008 -892 530 238.497 -892 430 238.497 -892 430 -0.00300008 -892 433.5 -0.00300008 -908.009 433.5 234.997 -908.009 526.5 234.997 -908.009 526.5 -0.00300008 -908.009 530 -0.00300008 -908.009 530 238.497 -908.009 430 238.497 -908.009 430 -0.00300008 -908.009 7.99994 -0.00300008 326.5 7.99994 234.997 326.5 7.99994 234.997 233.5 7.99994 -0.00300008 233.5 7.99994 -0.00300008 230 7.99994 238.497 230 7.99994 238.497 330 7.99994 -0.00300008 330 -8.00896 -0.00300008 326.5 -8.00896 234.997 326.5 -8.00896 234.997 233.5 -8.00896 -0.00300008 233.5 -8.00896 -0.00300008 230 -8.00896 238.497 230 -8.00896 238.497 330 -8.00896 -0.00300008 330 7.99994 -0.00300008 -233.5 7.99994 234.997 -233.5 7.99994 234.997 -326.5 7.99994 -0.00300008 -326.5 7.99994 -0.00300008 -330 7.99994 238.497 -330 7.99994 238.497 -230 7.99994 -0.00300008 -230 -8.00896 -0.00300008 -233.5 -8.00896 234.997 -233.5 -8.00896 234.997 -326.5 -8.00896 -0.00300008 -326.5 -8.00896 -0.00300008 -330 -8.00896 238.497 -330 -8.00896 238.497 -230 -8.00896 -0.00300008 -230</float_array>
          <technique_common>
            <accessor source="#ID70_001-mesh-positions-array" count="192" stride="3">
              <param name="X" type="float"/>
              <param name="Y" type="float"/>
              <param name="Z" type="float"/>
            </accessor>
          </technique_common>
        </source>
        <source id="ID70_001-mesh-normals">
          <float_array id="ID70_001-mesh-normals-array" count="48">-1 0 0 1 0 0 1 2.23214e-5 0 0 0 1 0 0 -1 0 -1 0 0 1 0 -1 -3.00019e-6 0 5.84943e-7 0 -1 1.16989e-6 0 -1 -1 0 0 -1 6.97545e-7 0 1 -4.80031e-5 0 -5.84943e-7 0 -1 -1.16989e-6 0 -1 1 -1.52588e-7 0</float_array>
          <technique_common>
            <accessor source="#ID70_001-mesh-normals-array" count="16" stride="3">
              <param name="X" type="float"/>
              <param name="Y" type="float"/>
              <param name="Z" type="float"/>
            </accessor>
          </technique_common>
        </source>
        <source id="ID70_001-mesh-map-0">
          <float_array id="ID70_001-mesh-map-0-array" count="2016">0.02058559 0.977075 0.008716285 0.08957916 0.02058559 0.08957916 0.347839 0.990293 0.02058559 0.977075 0.33597 0.977075 0.347839 0.08957916 0.33597 0.977075 0.33597 0.08957916 0.704394 0.08957916 0.692525 0.977075 0.692525 0.08957916 0.365272 0.990293 0.692525 0.977075 0.704394 0.990293 0.365272 0.08957916 0.377141 0.977075 0.365272 0.990293 0.865272 0.990293 0.919561 0.102797 0.919561 0.990293 0.776116 0.08957916 0.721827 0.990293 0.721827 0.08957916 0.877141 0.08338367 0.865272 0.02292478 0.877141 0.02292478 0.680655 0.07016557 0.365272 0.009706795 0.680655 0.009706795 0.008716285 0.009706795 0.347839 0.07016557 0.008716285 0.07016557 0.991284 0.102797 0.936994 0.990293 0.936994 0.102797 0.709957 0.07016557 0.698088 0.009706795 0.709957 0.009706795 0.793549 0.990293 0.847839 0.08957916 0.847839 0.990293 0.02058559 0.977075 0.008716285 0.08957916 0.02058559 0.08957916 0.347839 0.990293 0.02058559 0.977075 0.33597 0.977075 0.347839 0.08957916 0.33597 0.977075 0.33597 0.08957916 0.704394 0.08957916 0.692525 0.977075 0.692525 0.08957916 0.365272 0.990293 0.692525 0.977075 0.704394 0.990293 0.365272 0.08957916 0.377141 0.977075 0.365272 0.990293 0.865272 0.990293 0.919561 0.102797 0.919561 0.990293 0.776116 0.08957916 0.721827 0.990293 0.721827 0.08957916 0.877141 0.08338367 0.865272 0.02292478 0.877141 0.02292478 0.680655 0.07016557 0.365272 0.009706795 0.680655 0.009706795 0.008716285 0.009706795 0.347839 0.07016557 0.008716285 0.07016557 0.991284 0.102797 0.936994 0.990293 0.936994 0.102797 0.709957 0.07016557 0.698088 0.009706795 0.709957 0.009706795 0.793549 0.990293 0.847839 0.08957916 0.847839 0.990293 0.02058559 0.977075 0.008716285 0.08957916 0.02058559 0.08957916 0.347839 0.990293 0.02058559 0.977075 0.33597 0.977075 0.347839 0.08957916 0.33597 0.977075 0.33597 0.08957916 0.704394 0.08957916 0.692525 0.977075 0.692525 0.08957916 0.365272 0.990293 0.692525 0.977075 0.704394 0.990293 0.365272 0.08957916 0.377141 0.977075 0.365272 0.990293 0.865272 0.990293 0.919561 0.102797 0.919561 0.990293 0.776116 0.08957916 0.721827 0.990293 0.721827 0.08957916 0.877141 0.08338367 0.865272 0.02292478 0.877141 0.02292478 0.680655 0.07016557 0.365272 0.009706795 0.680655 0.009706795 0.008716285 0.009706795 0.347839 0.07016557 0.008716285 0.07016557 0.991284 0.102797 0.936994 0.990293 0.936994 0.102797 0.709957 0.07016557 0.698088 0.009706795 0.709957 0.009706795 0.793549 0.990293 0.847839 0.08957916 0.847839 0.990293 0.02058559 0.977075 0.008716285 0.08957916 0.02058559 0.08957916 0.347839 0.990293 0.02058559 0.977075 0.33597 0.977075 0.347839 0.08957916 0.33597 0.977075 0.33597 0.08957916 0.704394 0.08957916 0.692525 0.977075 0.692525 0.08957916 0.365272 0.990293 0.692525 0.977075 0.704394 0.990293 0.365272 0.08957916 0.377141 0.977075 0.365272 0.990293 0.865272 0.990293 0.919561 0.102797 0.919561 0.990293 0.776116 0.08957916 0.721827 0.990293 0.721827 0.08957916 0.877141 0.08338367 0.865272 0.02292478 0.877141 0.02292478 0.680655 0.07016557 0.365272 0.009706795 0.680655 0.009706795 0.008716285 0.009706795 0.347839 0.07016557 0.008716285 0.07016557 0.991284 0.102797 0.936994 0.990293 0.936994 0.102797 0.709957 0.07016557 0.698088 0.009706795 0.709957 0.009706795 0.793549 0.990293 0.847839 0.08957916 0.847839 0.990293 0.02058559 0.977075 0.008716285 0.08957916 0.02058559 0.08957916 0.347839 0.990293 0.02058559 0.977075 0.33597 0.977075 0.347839 0.08957916 0.33597 0.977075 0.33597 0.08957916 0.704394 0.08957916 0.692525 0.977075 0.692525 0.08957916 0.365272 0.990293 0.692525 0.977075 0.704394 0.990293 0.365272 0.08957916 0.377141 0.977075 0.365272 0.990293 0.865272 0.990293 0.919561 0.102797 0.919561 0.990293 0.776116 0.08957916 0.721827 0.990293 0.721827 0.08957916 0.877141 0.08338367 0.865272 0.02292478 0.877141 0.02292478 0.680655 0.07016557 0.365272 0.009706795 0.680655 0.009706795 0.008716285 0.009706795 0.347839 0.07016557 0.008716285 0.07016557 0.991284 0.102797 0.936994 0.990293 0.936994 0.102797 0.709957 0.07016557 0.698088 0.009706795 0.709957 0.009706795 0.793549 0.990293 0.847839 0.08957916 0.847839 0.990293 0.02058559 0.977075 0.008716285 0.08957916 0.02058559 0.08957916 0.347839 0.990293 0.02058559 0.977075 0.33597 0.977075 0.347839 0.08957916 0.33597 0.977075 0.33597 0.08957916 0.704394 0.08957916 0.692525 0.977075 0.692525 0.08957916 0.365272 0.990293 0.692525 0.977075 0.704394 0.990293 0.365272 0.08957916 0.377141 0.977075 0.365272 0.990293 0.865272 0.990293 0.919561 0.102797 0.919561 0.990293 0.776116 0.08957916 0.721827 0.990293 0.721827 0.08957916 0.877141 0.08338367 0.865272 0.02292478 0.877141 0.02292478 0.680655 0.07016557 0.365272 0.009706795 0.680655 0.009706795 0.008716285 0.009706795 0.347839 0.07016557 0.008716285 0.07016557 0.991284 0.102797 0.936994 0.990293 0.936994 0.102797 0.709957 0.07016557 0.698088 0.009706795 0.709957 0.009706795 0.793549 0.990293 0.847839 0.08957916 0.847839 0.990293 0.02058559 0.977075 0.008716285 0.08957916 0.02058559 0.08957916 0.347839 0.990293 0.02058559 0.977075 0.33597 0.977075 0.347839 0.08957916 0.33597 0.977075 0.33597 0.08957916 0.704394 0.08957916 0.692525 0.977075 0.692525 0.08957916 0.365272 0.990293 0.692525 0.977075 0.704394 0.990293 0.365272 0.08957916 0.377141 0.977075 0.365272 0.990293 0.865272 0.990293 0.919561 0.102797 0.919561 0.990293 0.776116 0.08957916 0.721827 0.990293 0.721827 0.08957916 0.877141 0.08338367 0.865272 0.02292478 0.877141 0.02292478 0.680655 0.07016557 0.365272 0.009706795 0.680655 0.009706795 0.008716285 0.009706795 0.347839 0.07016557 0.008716285 0.07016557 0.991284 0.102797 0.936994 0.990293 0.936994 0.102797 0.709957 0.07016557 0.698088 0.009706795 0.709957 0.009706795 0.793549 0.990293 0.847839 0.08957916 0.847839 0.990293 0.02058559 0.977075 0.008716285 0.08957916 0.02058559 0.08957916 0.347839 0.990293 0.02058559 0.977075 0.33597 0.977075 0.347839 0.08957916 0.33597 0.977075 0.33597 0.08957916 0.704394 0.08957916 0.692525 0.977075 0.692525 0.08957916 0.365272 0.990293 0.692525 0.977075 0.704394 0.990293 0.365272 0.08957916 0.377141 0.977075 0.365272 0.990293 0.865272 0.990293 0.919561 0.102797 0.919561 0.990293 0.776116 0.08957916 0.721827 0.990293 0.721827 0.08957916 0.877141 0.08338367 0.865272 0.02292478 0.877141 0.02292478 0.680655 0.07016557 0.365272 0.009706795 0.680655 0.009706795 0.008716285 0.009706795 0.347839 0.07016557 0.008716285 0.07016557 0.991284 0.102797 0.936994 0.990293 0.936994 0.102797 0.709957 0.07016557 0.698088 0.009706795 0.709957 0.009706795 0.793549 0.990293 0.847839 0.08957916 0.847839 0.990293 0.02058559 0.977075 0.008716285 0.08957916 0.02058559 0.08957916 0.347839 0.990293 0.02058559 0.977075 0.33597 0.977075 0.347839 0.08957916 0.33597 0.977075 0.33597 0.08957916 0.704394 0.08957916 0.692525 0.977075 0.692525 0.08957916 0.365272 0.990293 0.692525 0.977075 0.704394 0.990293 0.365272 0.08957916 0.377141 0.977075 0.365272 0.990293 0.865272 0.990293 0.919561 0.102797 0.919561 0.990293 0.776116 0.08957916 0.721827 0.990293 0.721827 0.08957916 0.877141 0.08338367 0.865272 0.02292478 0.877141 0.02292478 0.680655 0.07016557 0.365272 0.009706795 0.680655 0.009706795 0.008716285 0.009706795 0.347839 0.07016557 0.008716285 0.07016557 0.991284 0.102797 0.936994 0.990293 0.936994 0.102797 0.709957 0.07016557 0.698088 0.009706795 0.709957 0.009706795 0.793549 0.990293 0.847839 0.08957916 0.847839 0.990293 0.02058559 0.977075 0.008716285 0.08957916 0.02058559 0.08957916 0.347839 0.990293 0.02058559 0.977075 0.33597 0.977075 0.347839 0.08957916 0.33597 0.977075 0.33597 0.08957916 0.704394 0.08957916 0.692525 0.977075 0.692525 0.08957916 0.365272 0.990293 0.692525 0.977075 0.704394 0.990293 0.365272 0.08957916 0.377141 0.977075 0.365272 0.990293 0.865272 0.990293 0.919561 0.102797 0.919561 0.990293 0.776116 0.08957916 0.721827 0.990293 0.721827 0.08957916 0.877141 0.08338367 0.865272 0.02292478 0.877141 0.02292478 0.680655 0.07016557 0.365272 0.009706795 0.680655 0.009706795 0.008716285 0.009706795 0.347839 0.07016557 0.008716285 0.07016557 0.991284 0.102797 0.936994 0.990293 0.936994 0.102797 0.709957 0.07016557 0.698088 0.009706795 0.709957 0.009706795 0.793549 0.990293 0.847839 0.08957916 0.847839 0.990293 0.02058559 0.977075 0.008716285 0.08957916 0.02058559 0.08957916 0.347839 0.990293 0.02058559 0.977075 0.33597 0.977075 0.347839 0.08957916 0.33597 0.977075 0.33597 0.08957916 0.704394 0.08957916 0.692525 0.977075 0.692525 0.08957916 0.365272 0.990293 0.692525 0.977075 0.704394 0.990293 0.365272 0.08957916 0.377141 0.977075 0.365272 0.990293 0.865272 0.990293 0.919561 0.102797 0.919561 0.990293 0.776116 0.08957916 0.721827 0.990293 0.721827 0.08957916 0.877141 0.08338367 0.865272 0.02292478 0.877141 0.02292478 0.680655 0.07016557 0.365272 0.009706795 0.680655 0.009706795 0.008716285 0.009706795 0.347839 0.07016557 0.008716285 0.07016557 0.991284 0.102797 0.936994 0.990293 0.936994 0.102797 0.709957 0.07016557 0.698088 0.009706795 0.709957 0.009706795 0.793549 0.990293 0.847839 0.08957916 0.847839 0.990293 0.02058559 0.977075 0.008716285 0.08957916 0.02058559 0.08957916 0.347839 0.990293 0.02058559 0.977075 0.33597 0.977075 0.347839 0.08957916 0.33597 0.977075 0.33597 0.08957916 0.704394 0.08957916 0.692525 0.977075 0.692525 0.08957916 0.365272 0.990293 0.692525 0.977075 0.704394 0.990293 0.365272 0.08957916 0.377141 0.977075 0.365272 0.990293 0.865272 0.990293 0.919561 0.102797 0.919561 0.990293 0.776116 0.08957916 0.721827 0.990293 0.721827 0.08957916 0.877141 0.08338367 0.865272 0.02292478 0.877141 0.02292478 0.680655 0.07016557 0.365272 0.009706795 0.680655 0.009706795 0.008716285 0.009706795 0.347839 0.07016557 0.008716285 0.07016557 0.991284 0.102797 0.936994 0.990293 0.936994 0.102797 0.709957 0.07016557 0.698088 0.009706795 0.709957 0.009706795 0.793549 0.990293 0.847839 0.08957916 0.847839 0.990293 0.02058559 0.977075 0.008716285 0.990293 0.008716285 0.08957916 0.347839 0.990293 0.008716285 0.990293 0.02058559 0.977075 0.347839 0.08957916 0.347839 0.990293 0.33597 0.977075 0.704394 0.08957916 0.704394 0.990293 0.692525 0.977075 0.365272 0.990293 0.377141 0.977075 0.692525 0.977075 0.365272 0.08957916 0.377141 0.08957916 0.377141 0.977075 0.865272 0.990293 0.865272 0.102797 0.919561 0.102797 0.776116 0.08957916 0.776116 0.990293 0.721827 0.990293 0.877141 0.08338367 0.865272 0.08338367 0.865272 0.02292478 0.680655 0.07016557 0.365272 0.07016557 0.365272 0.009706795 0.008716285 0.009706795 0.347839 0.009706795 0.347839 0.07016557 0.991284 0.102797 0.991284 0.990293 0.936994 0.990293 0.709957 0.07016557 0.698088 0.07016557 0.698088 0.009706795 0.793549 0.990293 0.793549 0.08957916 0.847839 0.08957916 0.02058559 0.977075 0.008716285 0.990293 0.008716285 0.08957916 0.347839 0.990293 0.008716285 0.990293 0.02058559 0.977075 0.347839 0.08957916 0.347839 0.990293 0.33597 0.977075 0.704394 0.08957916 0.704394 0.990293 0.692525 0.977075 0.365272 0.990293 0.377141 0.977075 0.692525 0.977075 0.365272 0.08957916 0.377141 0.08957916 0.377141 0.977075 0.865272 0.990293 0.865272 0.102797 0.919561 0.102797 0.776116 0.08957916 0.776116 0.990293 0.721827 0.990293 0.877141 0.08338367 0.865272 0.08338367 0.865272 0.02292478 0.680655 0.07016557 0.365272 0.07016557 0.365272 0.009706795 0.008716285 0.009706795 0.347839 0.009706795 0.347839 0.07016557 0.991284 0.102797 0.991284 0.990293 0.936994 0.990293 0.709957 0.07016557 0.698088 0.07016557 0.698088 0.009706795 0.793549 0.990293 0.793549 0.08957916 0.847839 0.08957916 0.02058559 0.977075 0.008716285 0.990293 0.008716285 0.08957916 0.347839 0.990293 0.008716285 0.990293 0.02058559 0.977075 0.347839 0.08957916 0.347839 0.990293 0.33597 0.977075 0.704394 0.08957916 0.704394 0.990293 0.692525 0.977075 0.365272 0.990293 0.377141 0.977075 0.692525 0.977075 0.365272 0.08957916 0.377141 0.08957916 0.377141 0.977075 0.865272 0.990293 0.865272 0.102797 0.919561 0.102797 0.776116 0.08957916 0.776116 0.990293 0.721827 0.990293 0.877141 0.08338367 0.865272 0.08338367 0.865272 0.02292478 0.680655 0.07016557 0.365272 0.07016557 0.365272 0.009706795 0.008716285 0.009706795 0.347839 0.009706795 0.347839 0.07016557 0.991284 0.102797 0.991284 0.990293 0.936994 0.990293 0.709957 0.07016557 0.698088 0.07016557 0.698088 0.009706795 0.793549 0.990293 0.793549 0.08957916 0.847839 0.08957916 0.02058559 0.977075 0.008716285 0.990293 0.008716285 0.08957916 0.347839 0.990293 0.008716285 0.990293 0.02058559 0.977075 0.347839 0.08957916 0.347839 0.990293 0.33597 0.977075 0.704394 0.08957916 0.704394 0.990293 0.692525 0.977075 0.365272 0.990293 0.377141 0.977075 0.692525 0.977075 0.365272 0.08957916 0.377141 0.08957916 0.377141 0.977075 0.865272 0.990293 0.865272 0.102797 0.919561 0.102797 0.776116 0.08957916 0.776116 0.990293 0.721827 0.990293 0.877141 0.08338367 0.865272 0.08338367 0.865272 0.02292478 0.680655 0.07016557 0.365272 0.07016557 0.365272 0.009706795 0.008716285 0.009706795 0.347839 0.009706795 0.347839 0.07016557 0.991284 0.102797 0.991284 0.990293 0.936994 0.990293 0.709957 0.07016557 0.698088 0.07016557 0.698088 0.009706795 0.793549 0.990293 0.793549 0.08957916 0.847839 0.08957916 0.02058559 0.977075 0.008716285 0.990293 0.008716285 0.08957916 0.347839 0.990293 0.008716285 0.990293 0.02058559 0.977075 0.347839 0.08957916 0.347839 0.990293 0.33597 0.977075 0.704394 0.08957916 0.704394 0.990293 0.692525 0.977075 0.365272 0.990293 0.377141 0.977075 0.692525 0.977075 0.365272 0.08957916 0.377141 0.08957916 0.377141 0.977075 0.865272 0.990293 0.865272 0.102797 0.919561 0.102797 0.776116 0.08957916 0.776116 0.990293 0.721827 0.990293 0.877141 0.08338367 0.865272 0.08338367 0.865272 0.02292478 0.680655 0.07016557 0.365272 0.07016557 0.365272 0.009706795 0.008716285 0.009706795 0.347839 0.009706795 0.347839 0.07016557 0.991284 0.102797 0.991284 0.990293 0.936994 0.990293 0.709957 0.07016557 0.698088 0.07016557 0.698088 0.009706795 0.793549 0.990293 0.793549 0.08957916 0.847839 0.08957916 0.02058559 0.977075 0.008716285 0.990293 0.008716285 0.08957916 0.347839 0.990293 0.008716285 0.990293 0.02058559 0.977075 0.347839 0.08957916 0.347839 0.990293 0.33597 0.977075 0.704394 0.08957916 0.704394 0.990293 0.692525 0.977075 0.365272 0.990293 0.377141 0.977075 0.692525 0.977075 0.365272 0.08957916 0.377141 0.08957916 0.377141 0.977075 0.865272 0.990293 0.865272 0.102797 0.919561 0.102797 0.776116 0.08957916 0.776116 0.990293 0.721827 0.990293 0.877141 0.08338367 0.865272 0.08338367 0.865272 0.02292478 0.680655 0.07016557 0.365272 0.07016557 0.365272 0.009706795 0.008716285 0.009706795 0.347839 0.009706795 0.347839 0.07016557 0.991284 0.102797 0.991284 0.990293 0.936994 0.990293 0.709957 0.07016557 0.698088 0.07016557 0.698088 0.009706795 0.793549 0.990293 0.793549 0.08957916 0.847839 0.08957916 0.02058559 0.977075 0.008716285 0.990293 0.008716285 0.08957916 0.347839 0.990293 0.008716285 0.990293 0.02058559 0.977075 0.347839 0.08957916 0.347839 0.990293 0.33597 0.977075 0.704394 0.08957916 0.704394 0.990293 0.692525 0.977075 0.365272 0.990293 0.377141 0.977075 0.692525 0.977075 0.365272 0.08957916 0.377141 0.08957916 0.377141 0.977075 0.865272 0.990293 0.865272 0.102797 0.919561 0.102797 0.776116 0.08957916 0.776116 0.990293 0.721827 0.990293 0.877141 0.08338367 0.865272 0.08338367 0.865272 0.02292478 0.680655 0.07016557 0.365272 0.07016557 0.365272 0.009706795 0.008716285 0.009706795 0.347839 0.009706795 0.347839 0.07016557 0.991284 0.102797 0.991284 0.990293 0.936994 0.990293 0.709957 0.07016557 0.698088 0.07016557 0.698088 0.009706795 0.793549 0.990293 0.793549 0.08957916 0.847839 0.08957916 0.02058559 0.977075 0.008716285 0.990293 0.008716285 0.08957916 0.347839 0.990293 0.008716285 0.990293 0.02058559 0.977075 0.347839 0.08957916 0.347839 0.990293 0.33597 0.977075 0.704394 0.08957916 0.704394 0.990293 0.692525 0.977075 0.365272 0.990293 0.377141 0.977075 0.692525 0.977075 0.365272 0.08957916 0.377141 0.08957916 0.377141 0.977075 0.865272 0.990293 0.865272 0.102797 0.919561 0.102797 0.776116 0.08957916 0.776116 0.990293 0.721827 0.990293 0.877141 0.08338367 0.865272 0.08338367 0.865272 0.02292478 0.680655 0.07016557 0.365272 0.07016557 0.365272 0.009706795 0.008716285 0.009706795 0.347839 0.009706795 0.347839 0.07016557 0.991284 0.102797 0.991284 0.990293 0.936994 0.990293 0.709957 0.07016557 0.698088 0.07016557 0.698088 0.009706795 0.793549 0.990293 0.793549 0.08957916 0.847839 0.08957916 0.02058559 0.977075 0.008716285 0.990293 0.008716285 0.08957916 0.347839 0.990293 0.008716285 0.990293 0.02058559 0.977075 0.347839 0.08957916 0.347839 0.990293 0.33597 0.977075 0.704394 0.08957916 0.704394 0.990293 0.692525 0.977075 0.365272 0.990293 0.377141 0.977075 0.692525 0.977075 0.365272 0.08957916 0.377141 0.08957916 0.377141 0.977075 0.865272 0.990293 0.865272 0.102797 0.919561 0.102797 0.776116 0.08957916 0.776116 0.990293 0.721827 0.990293 0.877141 0.08338367 0.865272 0.08338367 0.865272 0.02292478 0.680655 0.07016557 0.365272 0.07016557 0.365272 0.009706795 0.008716285 0.009706795 0.347839 0.009706795 0.347839 0.07016557 0.991284 0.102797 0.991284 0.990293 0.936994 0.990293 0.709957 0.07016557 0.698088 0.07016557 0.698088 0.009706795 0.793549 0.990293 0.793549 0.08957916 0.847839 0.08957916 0.02058559 0.977075 0.008716285 0.990293 0.008716285 0.08957916 0.347839 0.990293 0.008716285 0.990293 0.02058559 0.977075 0.347839 0.08957916 0.347839 0.990293 0.33597 0.977075 0.704394 0.08957916 0.704394 0.990293 0.692525 0.977075 0.365272 0.990293 0.377141 0.977075 0.692525 0.977075 0.365272 0.08957916 0.377141 0.08957916 0.377141 0.977075 0.865272 0.990293 0.865272 0.102797 0.919561 0.102797 0.776116 0.08957916 0.776116 0.990293 0.721827 0.990293 0.877141 0.08338367 0.865272 0.08338367 0.865272 0.02292478 0.680655 0.07016557 0.365272 0.07016557 0.365272 0.009706795 0.008716285 0.009706795 0.347839 0.009706795 0.347839 0.07016557 0.991284 0.102797 0.991284 0.990293 0.936994 0.990293 0.709957 0.07016557 0.698088 0.07016557 0.698088 0.009706795 0.793549 0.990293 0.793549 0.08957916 0.847839 0.08957916 0.02058559 0.977075 0.008716285 0.990293 0.008716285 0.08957916 0.347839 0.990293 0.008716285 0.990293 0.02058559 0.977075 0.347839 0.08957916 0.347839 0.990293 0.33597 0.977075 0.704394 0.08957916 0.704394 0.990293 0.692525 0.977075 0.365272 0.990293 0.377141 0.977075 0.692525 0.977075 0.365272 0.08957916 0.377141 0.08957916 0.377141 0.977075 0.865272 0.990293 0.865272 0.102797 0.919561 0.102797 0.776116 0.08957916 0.776116 0.990293 0.721827 0.990293 0.877141 0.08338367 0.865272 0.08338367 0.865272 0.02292478 0.680655 0.07016557 0.365272 0.07016557 0.365272 0.009706795 0.008716285 0.009706795 0.347839 0.009706795 0.347839 0.07016557 0.991284 0.102797 0.991284 0.990293 0.936994 0.990293 0.709957 0.07016557 0.698088 0.07016557 0.698088 0.009706795 0.793549 0.990293 0.793549 0.08957916 0.847839 0.08957916 0.02058559 0.977075 0.008716285 0.990293 0.008716285 0.08957916 0.347839 0.990293 0.008716285 0.990293 0.02058559 0.977075 0.347839 0.08957916 0.347839 0.990293 0.33597 0.977075 0.704394 0.08957916 0.704394 0.990293 0.692525 0.977075 0.365272 0.990293 0.377141 0.977075 0.692525 0.977075 0.365272 0.08957916 0.377141 0.08957916 0.377141 0.977075 0.865272 0.990293 0.865272 0.102797 0.919561 0.102797 0.776116 0.08957916 0.776116 0.990293 0.721827 0.990293 0.877141 0.08338367 0.865272 0.08338367 0.865272 0.02292478 0.680655 0.07016557 0.365272 0.07016557 0.365272 0.009706795 0.008716285 0.009706795 0.347839 0.009706795 0.347839 0.07016557 0.991284 0.102797 0.991284 0.990293 0.936994 0.990293 0.709957 0.07016557 0.698088 0.07016557 0.698088 0.009706795 0.793549 0.990293 0.793549 0.08957916 0.847839 0.08957916</float_array>
          <technique_common>
            <accessor source="#ID70_001-mesh-map-0-array" count="1008" stride="2">
              <param name="S" type="float"/>
              <param name="T" type="float"/>
            </accessor>
          </technique_common>
        </source>
        <vertices id="ID70_001-mesh-vertices">
          <input semantic="POSITION" source="#ID70_001-mesh-positions"/>
        </vertices>
        <triangles material="aws_robomaker_hospital_floor_01_doorframes_small_001-material" count="336">
          <input semantic="VERTEX" source="#ID70_001-mesh-vertices" offset="0"/>
          <input semantic="NORMAL" source="#ID70_001-mesh-normals" offset="1"/>
          <input semantic="TEXCOORD" source="#ID70_001-mesh-map-0" offset="2" set="0"/>
          <p>1 0 0 7 0 1 0 0 2 5 0 3 1 0 4 2 0 5 4 0 6 2 0 7 3 0 8 15 1 9 9 1 10 8 1 11 13 2 12 9 2 13 14 2 14 12 1 15 10 1 16 13 1 17 1 3 18 8 3 19 9 3 20 7 4 21 14 4 22 15 4 23 0 5 24 15 5 25 8 5 26 2 5 27 9 5 28 10 5 29 6 6 30 13 6 31 14 6 32 3 4 33 10 4 34 11 4 35 4 5 36 11 5 37 12 5 38 5 3 39 12 3 40 13 3 41 17 0 42 23 0 43 16 0 44 21 7 45 17 7 46 18 7 47 20 0 48 18 0 49 19 0 50 31 1 51 25 1 52 24 1 53 29 1 54 25 1 55 30 1 56 28 1 57 26 1 58 29 1 59 17 3 60 24 3 61 25 3 62 23 4 63 30 4 64 31 4 65 16 5 66 31 5 67 24 5 68 18 5 69 25 5 70 26 5 71 22 6 72 29 6 73 30 6 74 19 4 75 26 4 76 27 4 77 20 5 78 27 5 79 28 5 80 21 3 81 28 3 82 29 3 83 33 0 84 39 0 85 32 0 86 37 7 87 33 7 88 34 7 89 36 0 90 34 0 91 35 0 92 47 1 93 41 1 94 40 1 95 45 1 96 41 1 97 46 1 98 44 1 99 42 1 100 45 1 101 33 3 102 40 3 103 41 3 104 39 4 105 46 4 106 47 4 107 32 5 108 47 5 109 40 5 110 34 5 111 41 5 112 42 5 113 38 6 114 45 6 115 46 6 116 35 4 117 42 4 118 43 4 119 36 5 120 43 5 121 44 5 122 37 3 123 44 3 124 45 3 125 49 0 126 55 0 127 48 0 128 53 0 129 49 0 130 50 0 131 52 0 132 50 0 133 51 0 134 63 1 135 57 1 136 56 1 137 61 2 138 57 2 139 62 2 140 60 1 141 58 1 142 61 1 143 49 3 144 56 3 145 57 3 146 55 4 147 62 4 148 63 4 149 48 5 150 63 5 151 56 5 152 50 5 153 57 5 154 58 5 155 54 6 156 61 6 157 62 6 158 51 4 159 58 4 160 59 4 161 52 5 162 59 5 163 60 5 164 53 3 165 60 3 166 61 3 167 65 0 168 71 0 169 64 0 170 69 0 171 65 0 172 66 0 173 68 0 174 66 0 175 67 0 176 79 1 177 73 1 178 72 1 179 77 2 180 73 2 181 78 2 182 76 1 183 74 1 184 77 1 185 65 3 186 72 3 187 73 3 188 71 4 189 78 4 190 79 4 191 64 5 192 79 5 193 72 5 194 66 5 195 73 5 196 74 5 197 70 6 198 77 6 199 78 6 200 67 4 201 74 4 202 75 4 203 68 5 204 75 5 205 76 5 206 69 3 207 76 3 208 77 3 209 81 0 210 87 0 211 80 0 212 85 0 213 81 0 214 82 0 215 84 0 216 82 0 217 83 0 218 95 1 219 89 1 220 88 1 221 93 2 222 89 2 223 94 2 224 92 1 225 90 1 226 93 1 227 81 3 228 88 3 229 89 3 230 87 4 231 94 4 232 95 4 233 80 5 234 95 5 235 88 5 236 82 5 237 89 5 238 90 5 239 86 6 240 93 6 241 94 6 242 83 4 243 90 4 244 91 4 245 84 5 246 91 5 247 92 5 248 85 3 249 92 3 250 93 3 251 97 3 252 103 3 253 96 3 254 101 3 255 97 3 256 98 3 257 100 3 258 98 3 259 99 3 260 111 4 261 105 4 262 104 4 263 109 4 264 105 4 265 110 4 266 108 8 267 106 8 268 109 8 269 97 1 270 104 1 271 105 1 272 103 0 273 110 0 274 111 0 275 96 5 276 111 5 277 104 5 278 98 5 279 105 5 280 106 5 281 102 6 282 109 6 283 110 6 284 99 0 285 106 0 286 107 0 287 100 5 288 107 5 289 108 5 290 101 1 291 108 1 292 109 1 293 113 3 294 119 3 295 112 3 296 117 3 297 113 3 298 114 3 299 116 3 300 114 3 301 115 3 302 127 4 303 121 4 304 120 4 305 125 4 306 121 4 307 126 4 308 124 8 309 122 8 310 125 8 311 113 1 312 120 1 313 121 1 314 119 0 315 126 0 316 127 0 317 112 5 318 127 5 319 120 5 320 114 5 321 121 5 322 122 5 323 118 6 324 125 6 325 126 6 326 115 0 327 122 0 328 123 0 329 116 5 330 123 5 331 124 5 332 117 1 333 124 1 334 125 1 335 129 3 336 135 3 337 128 3 338 133 3 339 129 3 340 130 3 341 132 3 342 130 3 343 131 3 344 143 4 345 137 4 346 136 4 347 141 4 348 137 4 349 142 4 350 140 9 351 138 9 352 141 9 353 129 1 354 136 1 355 137 1 356 135 0 357 142 0 358 143 0 359 128 5 360 143 5 361 136 5 362 130 5 363 137 5 364 138 5 365 134 6 366 141 6 367 142 6 368 131 0 369 138 0 370 139 0 371 132 5 372 139 5 373 140 5 374 133 1 375 140 1 376 141 1 377 145 3 378 151 3 379 144 3 380 149 3 381 145 3 382 146 3 383 148 3 384 146 3 385 147 3 386 159 4 387 153 4 388 152 4 389 157 4 390 153 4 391 158 4 392 156 9 393 154 9 394 157 9 395 145 1 396 152 1 397 153 1 398 151 0 399 158 0 400 159 0 401 144 5 402 159 5 403 152 5 404 146 5 405 153 5 406 154 5 407 150 6 408 157 6 409 158 6 410 147 0 411 154 0 412 155 0 413 148 5 414 155 5 415 156 5 416 149 1 417 156 1 418 157 1 419 161 1 420 167 1 421 160 1 422 165 1 423 161 1 424 162 1 425 164 1 426 162 1 427 163 1 428 175 0 429 169 0 430 168 0 431 173 10 432 169 10 433 174 10 434 172 0 435 170 0 436 173 0 437 161 4 438 168 4 439 169 4 440 167 3 441 174 3 442 175 3 443 160 5 444 175 5 445 168 5 446 162 5 447 169 5 448 170 5 449 166 6 450 173 6 451 174 6 452 163 3 453 170 3 454 171 3 455 164 5 456 171 5 457 172 5 458 165 4 459 172 4 460 173 4 461 177 1 462 183 1 463 176 1 464 181 1 465 177 1 466 178 1 467 180 1 468 178 1 469 179 1 470 191 0 471 185 0 472 184 0 473 189 10 474 185 10 475 190 10 476 188 0 477 186 0 478 189 0 479 177 4 480 184 4 481 185 4 482 183 3 483 190 3 484 191 3 485 176 5 486 191 5 487 184 5 488 178 5 489 185 5 490 186 5 491 182 6 492 189 6 493 190 6 494 179 3 495 186 3 496 187 3 497 180 5 498 187 5 499 188 5 500 181 4 501 188 4 502 189 4 503 1 0 504 6 0 505 7 0 506 5 0 507 6 0 508 1 0 509 4 0 510 5 0 511 2 0 512 15 1 513 14 1 514 9 1 515 13 1 516 10 1 517 9 1 518 12 1 519 11 1 520 10 1 521 1 3 522 0 3 523 8 3 524 7 4 525 6 4 526 14 4 527 0 5 528 7 5 529 15 5 530 2 5 531 1 5 532 9 5 533 6 6 534 5 6 535 13 6 536 3 4 537 2 4 538 10 4 539 4 5 540 3 5 541 11 5 542 5 3 543 4 3 544 12 3 545 17 0 546 22 0 547 23 0 548 21 11 549 22 11 550 17 11 551 20 0 552 21 0 553 18 0 554 31 1 555 30 1 556 25 1 557 29 1 558 26 1 559 25 1 560 28 1 561 27 1 562 26 1 563 17 3 564 16 3 565 24 3 566 23 4 567 22 4 568 30 4 569 16 5 570 23 5 571 31 5 572 18 5 573 17 5 574 25 5 575 22 6 576 21 6 577 29 6 578 19 4 579 18 4 580 26 4 581 20 5 582 19 5 583 27 5 584 21 3 585 20 3 586 28 3 587 33 0 588 38 0 589 39 0 590 37 11 591 38 11 592 33 11 593 36 0 594 37 0 595 34 0 596 47 1 597 46 1 598 41 1 599 45 1 600 42 1 601 41 1 602 44 1 603 43 1 604 42 1 605 33 3 606 32 3 607 40 3 608 39 4 609 38 4 610 46 4 611 32 5 612 39 5 613 47 5 614 34 5 615 33 5 616 41 5 617 38 6 618 37 6 619 45 6 620 35 4 621 34 4 622 42 4 623 36 5 624 35 5 625 43 5 626 37 3 627 36 3 628 44 3 629 49 0 630 54 0 631 55 0 632 53 0 633 54 0 634 49 0 635 52 0 636 53 0 637 50 0 638 63 1 639 62 1 640 57 1 641 61 1 642 58 1 643 57 1 644 60 1 645 59 1 646 58 1 647 49 3 648 48 3 649 56 3 650 55 4 651 54 4 652 62 4 653 48 5 654 55 5 655 63 5 656 50 5 657 49 5 658 57 5 659 54 6 660 53 6 661 61 6 662 51 4 663 50 4 664 58 4 665 52 5 666 51 5 667 59 5 668 53 3 669 52 3 670 60 3 671 65 0 672 70 0 673 71 0 674 69 0 675 70 0 676 65 0 677 68 0 678 69 0 679 66 0 680 79 1 681 78 1 682 73 1 683 77 12 684 74 12 685 73 12 686 76 1 687 75 1 688 74 1 689 65 3 690 64 3 691 72 3 692 71 4 693 70 4 694 78 4 695 64 5 696 71 5 697 79 5 698 66 5 699 65 5 700 73 5 701 70 6 702 69 6 703 77 6 704 67 4 705 66 4 706 74 4 707 68 5 708 67 5 709 75 5 710 69 3 711 68 3 712 76 3 713 81 0 714 86 0 715 87 0 716 85 0 717 86 0 718 81 0 719 84 0 720 85 0 721 82 0 722 95 1 723 94 1 724 89 1 725 93 12 726 90 12 727 89 12 728 92 1 729 91 1 730 90 1 731 81 3 732 80 3 733 88 3 734 87 4 735 86 4 736 94 4 737 80 5 738 87 5 739 95 5 740 82 5 741 81 5 742 89 5 743 86 6 744 85 6 745 93 6 746 83 4 747 82 4 748 90 4 749 84 5 750 83 5 751 91 5 752 85 3 753 84 3 754 92 3 755 97 3 756 102 3 757 103 3 758 101 3 759 102 3 760 97 3 761 100 3 762 101 3 763 98 3 764 111 13 765 110 13 766 105 13 767 109 4 768 106 4 769 105 4 770 108 4 771 107 4 772 106 4 773 97 1 774 96 1 775 104 1 776 103 0 777 102 0 778 110 0 779 96 5 780 103 5 781 111 5 782 98 5 783 97 5 784 105 5 785 102 6 786 101 6 787 109 6 788 99 0 789 98 0 790 106 0 791 100 5 792 99 5 793 107 5 794 101 1 795 100 1 796 108 1 797 113 3 798 118 3 799 119 3 800 117 3 801 118 3 802 113 3 803 116 3 804 117 3 805 114 3 806 127 13 807 126 13 808 121 13 809 125 4 810 122 4 811 121 4 812 124 4 813 123 4 814 122 4 815 113 1 816 112 1 817 120 1 818 119 0 819 118 0 820 126 0 821 112 5 822 119 5 823 127 5 824 114 5 825 113 5 826 121 5 827 118 6 828 117 6 829 125 6 830 115 0 831 114 0 832 122 0 833 116 5 834 115 5 835 123 5 836 117 1 837 116 1 838 124 1 839 129 3 840 134 3 841 135 3 842 133 3 843 134 3 844 129 3 845 132 3 846 133 3 847 130 3 848 143 14 849 142 14 850 137 14 851 141 4 852 138 4 853 137 4 854 140 4 855 139 4 856 138 4 857 129 1 858 128 1 859 136 1 860 135 0 861 134 0 862 142 0 863 128 5 864 135 5 865 143 5 866 130 5 867 129 5 868 137 5 869 134 6 870 133 6 871 141 6 872 131 0 873 130 0 874 138 0 875 132 5 876 131 5 877 139 5 878 133 1 879 132 1 880 140 1 881 145 3 882 150 3 883 151 3 884 149 3 885 150 3 886 145 3 887 148 3 888 149 3 889 146 3 890 159 14 891 158 14 892 153 14 893 157 4 894 154 4 895 153 4 896 156 4 897 155 4 898 154 4 899 145 1 900 144 1 901 152 1 902 151 0 903 150 0 904 158 0 905 144 5 906 151 5 907 159 5 908 146 5 909 145 5 910 153 5 911 150 6 912 149 6 913 157 6 914 147 0 915 146 0 916 154 0 917 148 5 918 147 5 919 155 5 920 149 1 921 148 1 922 156 1 923 161 1 924 166 1 925 167 1 926 165 15 927 166 15 928 161 15 929 164 1 930 165 1 931 162 1 932 175 0 933 174 0 934 169 0 935 173 0 936 170 0 937 169 0 938 172 0 939 171 0 940 170 0 941 161 4 942 160 4 943 168 4 944 167 3 945 166 3 946 174 3 947 160 5 948 167 5 949 175 5 950 162 5 951 161 5 952 169 5 953 166 6 954 165 6 955 173 6 956 163 3 957 162 3 958 170 3 959 164 5 960 163 5 961 171 5 962 165 4 963 164 4 964 172 4 965 177 1 966 182 1 967 183 1 968 181 15 969 182 15 970 177 15 971 180 1 972 181 1 973 178 1 974 191 0 975 190 0 976 185 0 977 189 0 978 186 0 979 185 0 980 188 0 981 187 0 982 186 0 983 177 4 984 176 4 985 184 4 986 183 3 987 182 3 988 190 3 989 176 5 990 183 5 991 191 5 992 178 5 993 177 5 994 185 5 995 182 6 996 181 6 997 189 6 998 179 3 999 178 3 1000 186 3 1001 180 5 1002 179 5 1003 187 5 1004 181 4 1005 180 4 1006 188 4 1007</p>
        </triangles>
      </mesh>
    </geometry>
    <geometry id="ID61_001-mesh" name="ID61.001">
      <mesh>
        <source id="ID61_001-mesh-positions">
          <float_array id="ID61_001-mesh-positions-array" count="96">-625.25 100 657.979 -625.25 250.008 657.979 -274.75 250.008 657.979 -274.75 100 657.979 -271.25 96.5 657.979 -271.25 253.508 657.979 -628.75 253.508 657.979 -628.75 96.5 657.979 -625.25 100 641.97 -625.25 250.008 641.97 -274.75 250.008 641.97 -274.75 100 641.97 -271.25 96.5 641.97 -271.25 253.508 641.97 -628.75 253.508 641.97 -628.75 96.5 641.97 -625.25 100 -642 -625.25 250.008 -642 -274.75 250.008 -642 -274.75 100 -642 -271.25 96.5 -642 -271.25 253.508 -642 -628.75 253.508 -642 -628.75 96.5 -642 -625.25 100 -658.009 -625.25 250.008 -658.009 -274.75 250.008 -658.009 -274.75 100 -658.009 -271.25 96.5 -658.009 -271.25 253.508 -658.009 -628.75 253.508 -658.009 -628.75 96.5 -658.009</float_array>
          <technique_common>
            <accessor source="#ID61_001-mesh-positions-array" count="32" stride="3">
              <param name="X" type="float"/>
              <param name="Y" type="float"/>
              <param name="Z" type="float"/>
            </accessor>
          </technique_common>
        </source>
        <source id="ID61_001-mesh-normals">
          <float_array id="ID61_001-mesh-normals-array" count="48">-2.97603e-5 0 1 0 0 1 2.97603e-5 0 1 -1.24397e-5 0 -1 0 0 -1 1.24397e-5 0 -1 1 0 0 -1 0 0 0 -1 0 0 1 0 -1.77709e-6 0 -1 1.77709e-6 0 -1 1.15511e-5 0 1 -1.15511e-5 0 1 2.97603e-5 0 -1 -2.97603e-5 0 -1</float_array>
          <technique_common>
            <accessor source="#ID61_001-mesh-normals-array" count="16" stride="3">
              <param name="X" type="float"/>
              <param name="Y" type="float"/>
              <param name="Z" type="float"/>
            </accessor>
          </technique_common>
        </source>
        <source id="ID61_001-mesh-map-0">
          <float_array id="ID61_001-mesh-map-0-array" count="384">0.009226977 0.99102 0.01771497 0.628724 0.01771497 0.98276 0.876217 0.99102 0.01771497 0.98276 0.867729 0.98276 0.876217 0.620463 0.867729 0.98276 0.867729 0.628724 0.876217 0.602504 0.867729 0.240208 0.876217 0.231947 0.009226977 0.602504 0.867729 0.594244 0.876217 0.602504 0.009226977 0.231947 0.01771497 0.594244 0.009226977 0.602504 0.951949 0.99102 0.990773 0.636984 0.990773 0.99102 0.933495 0.620463 0.894671 0.99102 0.894671 0.620463 0.894671 0.602504 0.933495 0.231947 0.933495 0.602504 0.859241 0.04676228 0.009226977 0.008979558 0.859241 0.008979558 0.009226977 0.120463 0.876217 0.158246 0.009226977 0.158246 0.990773 0.264989 0.951949 0.619025 0.951949 0.264989 0.859241 0.102504 0.009226977 0.06472146 0.859241 0.06472146 0.867729 0.628724 0.009226977 0.620463 0.876217 0.620463 0.876217 0.213988 0.009226977 0.176205 0.876217 0.176205 0.009226977 0.231947 0.867729 0.240208 0.01771497 0.240208 0.009226977 0.99102 0.01771497 0.628724 0.01771497 0.98276 0.876217 0.99102 0.01771497 0.98276 0.867729 0.98276 0.876217 0.620463 0.867729 0.98276 0.867729 0.628724 0.876217 0.602504 0.867729 0.240208 0.876217 0.231947 0.009226977 0.602504 0.867729 0.594244 0.876217 0.602504 0.009226977 0.231947 0.01771497 0.594244 0.009226977 0.602504 0.951949 0.99102 0.990773 0.636984 0.990773 0.99102 0.933495 0.620463 0.894671 0.99102 0.894671 0.620463 0.894671 0.602504 0.933495 0.231947 0.933495 0.602504 0.859241 0.04676228 0.009226977 0.008979558 0.859241 0.008979558 0.009226977 0.120463 0.876217 0.158246 0.009226977 0.158246 0.990773 0.264989 0.951949 0.619025 0.951949 0.264989 0.859241 0.102504 0.009226977 0.06472146 0.859241 0.06472146 0.867729 0.628724 0.009226977 0.620463 0.876217 0.620463 0.876217 0.213988 0.009226977 0.176205 0.876217 0.176205 0.009226977 0.231947 0.867729 0.240208 0.01771497 0.240208 0.009226977 0.99102 0.009226977 0.620463 0.01771497 0.628724 0.876217 0.99102 0.009226977 0.99102 0.01771497 0.98276 0.876217 0.620463 0.876217 0.99102 0.867729 0.98276 0.876217 0.602504 0.867729 0.594244 0.867729 0.240208 0.009226977 0.602504 0.01771497 0.594244 0.867729 0.594244 0.009226977 0.231947 0.01771497 0.240208 0.01771497 0.594244 0.951949 0.99102 0.951949 0.636984 0.990773 0.636984 0.933495 0.620463 0.933495 0.99102 0.894671 0.99102 0.894671 0.602504 0.894671 0.231947 0.933495 0.231947 0.859241 0.04676228 0.009226977 0.04676228 0.009226977 0.008979558 0.009226977 0.120463 0.876217 0.120463 0.876217 0.158246 0.990773 0.264989 0.990773 0.619025 0.951949 0.619025 0.859241 0.102504 0.009226977 0.102504 0.009226977 0.06472146 0.867729 0.628724 0.01771497 0.628724 0.009226977 0.620463 0.876217 0.213988 0.009226977 0.213988 0.009226977 0.176205 0.009226977 0.231947 0.876217 0.231947 0.867729 0.240208 0.009226977 0.99102 0.009226977 0.620463 0.01771497 0.628724 0.876217 0.99102 0.009226977 0.99102 0.01771497 0.98276 0.876217 0.620463 0.876217 0.99102 0.867729 0.98276 0.876217 0.602504 0.867729 0.594244 0.867729 0.240208 0.009226977 0.602504 0.01771497 0.594244 0.867729 0.594244 0.009226977 0.231947 0.01771497 0.240208 0.01771497 0.594244 0.951949 0.99102 0.951949 0.636984 0.990773 0.636984 0.933495 0.620463 0.933495 0.99102 0.894671 0.99102 0.894671 0.602504 0.894671 0.231947 0.933495 0.231947 0.859241 0.04676228 0.009226977 0.04676228 0.009226977 0.008979558 0.009226977 0.120463 0.876217 0.120463 0.876217 0.158246 0.990773 0.264989 0.990773 0.619025 0.951949 0.619025 0.859241 0.102504 0.009226977 0.102504 0.009226977 0.06472146 0.867729 0.628724 0.01771497 0.628724 0.009226977 0.620463 0.876217 0.213988 0.009226977 0.213988 0.009226977 0.176205 0.009226977 0.231947 0.876217 0.231947 0.867729 0.240208</float_array>
          <technique_common>
            <accessor source="#ID61_001-mesh-map-0-array" count="192" stride="2">
              <param name="S" type="float"/>
              <param name="T" type="float"/>
            </accessor>
          </technique_common>
        </source>
        <vertices id="ID61_001-mesh-vertices">
          <input semantic="POSITION" source="#ID61_001-mesh-positions"/>
        </vertices>
        <triangles material="aws_robomaker_hospital_floor_01_windows_001-material" count="64">
          <input semantic="VERTEX" source="#ID61_001-mesh-vertices" offset="0"/>
          <input semantic="NORMAL" source="#ID61_001-mesh-normals" offset="1"/>
          <input semantic="TEXCOORD" source="#ID61_001-mesh-map-0" offset="2" set="0"/>
          <p>6 0 0 0 0 1 1 0 2 5 1 3 1 1 4 2 1 5 4 2 6 2 2 7 3 2 8 14 3 9 8 3 10 15 3 11 13 4 12 9 4 13 14 4 14 12 5 15 10 5 16 13 5 17 1 6 18 8 6 19 9 6 20 7 7 21 14 7 22 15 7 23 5 6 24 12 6 25 13 6 26 2 8 27 9 8 28 10 8 29 6 9 30 13 9 31 14 9 32 3 7 33 10 7 34 11 7 35 11 9 36 0 9 37 3 9 38 3 1 39 7 1 40 4 1 41 4 8 42 15 8 43 12 8 44 12 4 45 8 4 46 11 4 47 22 1 48 16 1 49 17 1 50 21 1 51 17 1 52 18 1 53 20 1 54 18 1 55 19 1 56 30 10 57 24 10 58 31 10 59 29 4 60 25 4 61 30 4 62 28 11 63 26 11 64 29 11 65 17 6 66 24 6 67 25 6 68 23 7 69 30 7 70 31 7 71 21 6 72 28 6 73 29 6 74 18 8 75 25 8 76 26 8 77 22 9 78 29 9 79 30 9 80 19 7 81 26 7 82 27 7 83 27 9 84 16 9 85 19 9 86 19 1 87 23 1 88 20 1 89 20 8 90 31 8 91 28 8 92 28 4 93 24 4 94 27 4 95 6 12 96 7 12 97 0 12 98 5 1 99 6 1 100 1 1 101 4 13 102 5 13 103 2 13 104 14 14 105 9 14 106 8 14 107 13 4 108 10 4 109 9 4 110 12 15 111 11 15 112 10 15 113 1 6 114 0 6 115 8 6 116 7 7 117 6 7 118 14 7 119 5 6 120 4 6 121 12 6 122 2 8 123 1 8 124 9 8 125 6 9 126 5 9 127 13 9 128 3 7 129 2 7 130 10 7 131 11 9 132 8 9 133 0 9 134 3 1 135 0 1 136 7 1 137 4 8 138 7 8 139 15 8 140 12 4 141 15 4 142 8 4 143 22 1 144 23 1 145 16 1 146 21 1 147 22 1 148 17 1 149 20 1 150 21 1 151 18 1 152 30 4 153 25 4 154 24 4 155 29 4 156 26 4 157 25 4 158 28 4 159 27 4 160 26 4 161 17 6 162 16 6 163 24 6 164 23 7 165 22 7 166 30 7 167 21 6 168 20 6 169 28 6 170 18 8 171 17 8 172 25 8 173 22 9 174 21 9 175 29 9 176 19 7 177 18 7 178 26 7 179 27 9 180 24 9 181 16 9 182 19 1 183 16 1 184 23 1 185 20 8 186 23 8 187 31 8 188 28 4 189 31 4 190 24 4 191</p>
        </triangles>
      </mesh>
    </geometry>
    <geometry id="ID52_001-mesh" name="ID52.001">
      <mesh>
        <source id="ID52_001-mesh-positions">
          <float_array id="ID52_001-mesh-positions-array" count="756">2093.62 300 -1000.07 2093.63 300 -1244.25 1905.62 300 -1000.07 1905.63 300 -1244.25 1906.26 300 1000.02 1906.01 300 1244.18 2094.26 300 1000.02 2094.01 300 1244.18 1706.18 -279.973 999.944 1706.18 -299.973 999.944 1894.18 -299.973 999.944 1894.18 -279.973 999.944 1894.17 -259.973 973.2781 1894.15 -259.973 946.611 1706.17 -259.973 973.2781 1706.17 -279.973 973.2781 1894.17 -279.973 973.2781 1894.15 -239.973 946.611 1894.13 -239.973 919.944 1706.15 -239.973 946.611 1706.15 -259.973 946.611 1894.13 -219.973 919.944 1894.12 -219.973 893.278 1706.13 -219.973 919.944 1706.13 -239.973 919.944 1706.12 -199.973 893.278 1706.12 -219.973 893.278 1894.12 -199.973 893.278 1706.08 -179.973 839.944 1706.1 -179.973 866.611 1706.1 -199.973 866.611 1894.1 -199.973 866.611 1894.1 -179.973 866.611 1706.07 -159.973 813.278 1706.08 -159.973 839.944 1894.08 -179.973 839.944 1894.08 -159.973 839.944 1706.05 -139.973 786.611 1706.07 -139.973 813.278 1894.07 -159.973 813.278 1894.07 -139.973 813.278 1894.05 -119.973 786.611 1706.05 -119.973 786.611 1894.05 -139.973 786.611 1706.04 -99.9733 759.944 1706.04 -119.973 759.944 1894.04 -119.973 759.944 1894.04 -99.9733 759.944 1706 -79.9733 706.611 1706.02 -79.9733 733.278 1706.02 -99.9733 733.278 1894.02 -99.9733 733.278 1894.02 -79.9733 733.278 1706 -59.9733 706.611 1894 -79.9733 706.611 1894 -59.9733 706.611 1893.99 -39.9733 679.944 1705.97 -39.9733 653.278 1705.99 -39.9733 679.944 1705.99 -59.9733 679.944 1893.99 -59.9733 679.944 1893.97 -19.9733 653.278 1893.95 -19.9733 626.611 1705.97 -19.9733 653.278 1893.97 -39.9733 653.278 1893.95 0.0267117 626.611 1893.95 0.0267117 599.944 1705.95 0.0267117 599.944 1705.95 0.0267117 626.611 1705.95 -19.9733 626.611 2094.03 20 600.017 2094.03 0 600.017 1906.03 0 600.017 1906.03 20 600.017 1906.05 40 626.684 1906.06 40 653.351 2094.05 40 626.684 2094.05 20 626.684 1906.05 20 626.684 1906.06 60 653.351 1906.08 60 680.017 2094.06 60 653.351 2094.06 40 653.351 1906.08 80 680.017 1906.09 80 706.684 2094.08 80 680.017 2094.08 60 680.017 2094.09 100 706.684 2094.09 80 706.684 1906.09 100 706.684 2094.13 120 760.017 2094.11 120 733.351 2094.11 100 733.351 1906.11 100 733.351 1906.11 120 733.351 2094.14 140 786.684 2094.13 140 760.017 1906.13 120 760.017 1906.13 140 760.017 2094.16 160 813.351 2094.14 160 786.684 1906.14 140 786.684 1906.14 160 786.684 1906.16 180 813.351 2094.16 180 813.351 1906.16 160 813.351 2094.18 200 840.017 2094.18 180 840.017 1906.18 180 840.017 1906.18 200 840.017 2094.21 220 893.351 2094.19 220 866.684 2094.19 200 866.684 1906.19 200 866.684 1906.19 220 866.684 2094.21 240 893.351 1906.21 220 893.351 1906.21 240 893.351 1906.23 260 920.017 2094.24 260 946.684 2094.23 260 920.017 2094.23 240 920.017 1906.23 240 920.017 1906.24 280 946.684 1906.26 280 973.3511 2094.24 280 946.684 1906.24 260 946.684 1906.26 300 973.3511 2094.26 300 973.3511 2094.26 280 973.3511 1893.83 -279.972 -1000.05 1893.83 -299.972 -1000.05 1705.83 -299.972 -1000.05 1705.83 -279.972 -1000.05 1705.84 -259.972 -973.38 1705.86 -259.972 -946.7131 1893.84 -259.972 -973.38 1893.84 -279.972 -973.38 1705.84 -279.972 -973.38 1705.86 -239.972 -946.7131 1705.88 -239.972 -920.0471 1893.86 -239.972 -946.7131 1893.86 -259.972 -946.7131 1705.88 -219.972 -920.0471 1705.89 -219.972 -893.38 1893.88 -219.972 -920.0471 1893.88 -239.972 -920.0471 1893.89 -199.972 -893.38 1893.89 -219.972 -893.38 1705.89 -199.972 -893.38 1893.93 -179.972 -840.0471 1893.91 -179.972 -866.713 1893.91 -199.972 -866.713 1705.91 -199.972 -866.713 1705.91 -179.972 -866.713 1893.94 -159.972 -813.38 1893.93 -159.972 -840.0471 1705.93 -179.972 -840.0471 1705.93 -159.972 -840.0471 1893.96 -139.972 -786.713 1893.94 -139.972 -813.38 1705.94 -159.972 -813.38 1705.94 -139.972 -813.38 1705.96 -119.972 -786.713 1893.96 -119.972 -786.713 1705.96 -139.972 -786.713 1893.98 -99.9725 -760.0471 1893.98 -119.972 -760.0471 1705.98 -119.972 -760.0471 1705.98 -99.9725 -760.0471 1894.01 -79.9725 -706.713 1893.99 -79.9725 -733.38 1893.99 -99.9725 -733.38 1705.99 -99.9725 -733.38 1705.99 -79.9725 -733.38 1894.01 -59.9725 -706.713 1706.01 -79.9725 -706.713 1706.01 -59.9725 -706.713 1706.02 -39.9725 -680.0471 1894.04 -39.9725 -653.38 1894.02 -39.9725 -680.0471 1894.02 -59.9725 -680.0471 1706.02 -59.9725 -680.0471 1706.04 -19.9725 -653.38 1706.06 -19.9725 -626.713 1894.04 -19.9725 -653.38 1706.04 -39.9725 -653.38 1706.06 0.02753418 -626.713 1706.06 0.02753418 -600.0471 1894.06 0.02753418 -600.0471 1894.06 0.02753418 -626.713 1894.06 -19.9725 -626.713 1905.85 20 -600.075 1905.85 0 -600.075 2093.85 0 -600.075 2093.85 20 -600.075 2093.83 40 -626.742 2093.82 40 -653.408 1905.83 40 -626.742 1905.83 20 -626.742 2093.83 20 -626.742 2093.82 60 -653.408 2093.8 60 -680.075 1905.82 60 -653.408 1905.82 40 -653.408 2093.8 80 -680.075 2093.79 80 -706.742 1905.8 80 -680.075 1905.8 60 -680.075 1905.79 100 -706.742 1905.79 80 -706.742 2093.79 100 -706.742 1905.75 120 -760.075 1905.77 120 -733.408 1905.77 100 -733.408 2093.77 100 -733.408 2093.77 120 -733.408 1905.74 140 -786.7421 1905.75 140 -760.075 2093.75 120 -760.075 2093.75 140 -760.075 1905.72 160 -813.408 1905.74 160 -786.7421 2093.74 140 -786.7421 2093.74 160 -786.7421 2093.72 180 -813.408 1905.72 180 -813.408 2093.72 160 -813.408 1905.7 200 -840.075 1905.7 180 -840.075 2093.7 180 -840.075 2093.7 200 -840.075 1905.67 220 -893.408 1905.69 220 -866.7421 1905.69 200 -866.7421 2093.69 200 -866.7421 2093.69 220 -866.7421 1905.67 240 -893.408 2093.67 220 -893.408 2093.67 240 -893.408 2093.65 260 -920.0751 1905.64 260 -946.7421 1905.65 260 -920.0751 1905.65 240 -920.0751 2093.65 240 -920.0751 2093.64 280 -946.7421 2093.62 280 -973.408 1905.64 280 -946.7421 2093.64 260 -946.7421 2093.62 300 -973.408 1905.62 300 -973.408 1905.62 280 -973.408</float_array>
          <technique_common>
            <accessor source="#ID52_001-mesh-positions-array" count="252" stride="3">
              <param name="X" type="float"/>
              <param name="Y" type="float"/>
              <param name="Z" type="float"/>
            </accessor>
          </technique_common>
        </source>
        <source id="ID52_001-mesh-normals">
          <float_array id="ID52_001-mesh-normals-array" count="144">0 1 0 0 1 0 0 1 1.55839e-6 0 0 1 0 1 1.55832e-6 0 1 -3.89582e-7 0 0 -1 0 1 -7.79162e-7 0 1 1.55832e-6 0 1 -7.79161e-7 0 1 -8.86959e-7 0 1 -9.94686e-7 0 1 5.64969e-7 0 1 -4.97362e-7 0 1 -2.15525e-7 0 1 5.63543e-7 0 1 0 0 1 -2.15621e-7 0 1 0 0 1 3.72428e-7 0 1 1.76339e-7 0 1 2.8296e-7 0 1 0 0 1 0 0 1 3.89596e-7 0 1 3.89582e-7 0 1 7.79191e-7 0 1 7.79162e-7 0 1 3.89582e-7 0 1 -6.6733e-7 0 1 -5.55649e-7 0 1 2.23523e-7 0 1 5.01338e-7 0 1 -9.46657e-7 0 1 -5.55669e-7 0 1 0 0 1 2.2361e-7 0 1 2.23524e-7 0 1 4.99388e-7 0 1 -1.69919e-7 0 1 0 0 1 0 0 1 0 0 1 -1.94791e-7 0 1 -3.89581e-7 0 1 3.8958e-7 0 1 -1.36353e-6 0 1 7.79193e-7</float_array>
          <technique_common>
            <accessor source="#ID52_001-mesh-normals-array" count="48" stride="3">
              <param name="X" type="float"/>
              <param name="Y" type="float"/>
              <param name="Z" type="float"/>
            </accessor>
          </technique_common>
        </source>
        <source id="ID52_001-mesh-map-0">
          <float_array id="ID52_001-mesh-map-0-array" count="1464">0.207916 0.992589 0.392418 0.762471 0.392428 0.992589 0.192229 0.762484 0.007959663 0.992589 0.007717251 0.762484 0.192229 0.283052 0.007733285 0.308183 0.192245 0.308183 0.007717251 0.17576 0.192229 0.194608 0.192229 0.17576 0.192229 0.722531 0.007733285 0.747663 0.192245 0.747663 0.607825 0.74659 0.792336 0.765439 0.792336 0.74659 0.392192 0.283052 0.207696 0.308183 0.392208 0.308183 0.20768 0.722531 0.392192 0.74138 0.392192 0.722531 0.592374 0.767694 0.407878 0.792826 0.59239 0.792826 0.40761 0.209429 0.592122 0.228278 0.592122 0.209429 0.192229 0.243099 0.007733285 0.268231 0.192245 0.268231 0.207664 0.07475018 0.392176 0.09359878 0.392176 0.07475018 0.392192 0.682579 0.207696 0.70771 0.392208 0.70771 0.40761 0.17576 0.592122 0.194608 0.592122 0.17576 0.392192 0.243099 0.207696 0.268231 0.392208 0.268231 0.007717251 0.14209 0.192229 0.160938 0.192229 0.14209 0.592154 0.243099 0.407658 0.268231 0.59217 0.268231 0.40761 0.14209 0.592122 0.160938 0.592122 0.14209 0.192229 0.682579 0.007733285 0.70771 0.192245 0.70771 0.007717251 0.10842 0.192229 0.127269 0.192229 0.10842 0.792116 0.682579 0.607621 0.70771 0.792132 0.70771 0.40761 0.10842 0.592122 0.127269 0.592122 0.10842 0.792116 0.642626 0.607621 0.667758 0.792132 0.667758 0.007717251 0.07475018 0.192229 0.09359878 0.192229 0.07475018 0.192229 0.602673 0.007733285 0.627805 0.192245 0.627805 0.40761 0.07475018 0.592122 0.09359878 0.592122 0.07475018 0.192229 0.642626 0.007733285 0.667758 0.192245 0.667758 0.807503 0.209429 0.992015 0.228278 0.992015 0.209429 0.792116 0.602673 0.607621 0.627805 0.792132 0.627805 0.807503 0.14209 0.992015 0.160938 0.992015 0.14209 0.607824 0.8476 0.792336 0.872731 0.792336 0.8476 0.807503 0.07475018 0.992015 0.09359878 0.992015 0.07475018 0.607621 0.5479 0.792116 0.522768 0.607605 0.522768 0.607824 0.78026 0.792336 0.799109 0.792336 0.78026 0.407658 0.667758 0.592154 0.642626 0.407642 0.642626 0.007717251 0.209429 0.192229 0.228278 0.192229 0.209429 0.607621 0.507947 0.792116 0.482815 0.607605 0.482815 0.207664 0.209429 0.392176 0.228278 0.392176 0.209429 0.407658 0.348136 0.592154 0.323004 0.407642 0.323004 0.607556 0.209429 0.792068 0.228278 0.792068 0.209429 0.607621 0.587852 0.792116 0.562721 0.607605 0.562721 0.207664 0.17576 0.392176 0.194608 0.392176 0.17576 0.207696 0.667758 0.392192 0.642626 0.20768 0.642626 0.607556 0.17576 0.792068 0.194608 0.792068 0.17576 0.607621 0.388089 0.792116 0.362957 0.607605 0.362957 0.207664 0.14209 0.392176 0.160938 0.392176 0.14209 0.407658 0.308183 0.592154 0.283052 0.407642 0.283052 0.607556 0.14209 0.792068 0.160938 0.792068 0.14209 0.407658 0.587852 0.592154 0.562721 0.407642 0.562721 0.207664 0.10842 0.392176 0.127269 0.392176 0.10842 0.607621 0.467994 0.792116 0.442863 0.607605 0.442863 0.607556 0.10842 0.792068 0.127269 0.792068 0.10842 0.607621 0.428041 0.792116 0.40291 0.607605 0.40291 0.807567 0.51423 0.992079 0.533078 0.992079 0.51423 0.207696 0.627805 0.392192 0.602673 0.20768 0.602673 0.607556 0.07475018 0.792068 0.09359878 0.792068 0.07475018 0.007733285 0.587852 0.192229 0.562721 0.007717251 0.562721 0.807503 0.17576 0.992015 0.194608 0.992015 0.17576 0.607621 0.268231 0.792116 0.243099 0.607605 0.243099 0.807503 0.10842 0.992015 0.127269 0.992015 0.10842 0.792336 0.952637 0.607825 0.927505 0.607825 0.952637 0.807567 0.682579 0.992079 0.701427 0.992079 0.682579 0.607621 0.348136 0.792116 0.323004 0.607605 0.323004 0.807567 0.648909 0.992079 0.667758 0.992079 0.648909 0.207696 0.587852 0.392192 0.562721 0.20768 0.562721 0.807567 0.581569 0.992079 0.600418 0.992079 0.581569 0.607621 0.308183 0.792116 0.283052 0.607605 0.283052 0.607825 0.81393 0.792336 0.832779 0.792336 0.81393 0.407658 0.507947 0.592154 0.482815 0.407642 0.482815 0.807567 0.44689 0.992079 0.465739 0.992079 0.44689 0.407658 0.467994 0.592154 0.442863 0.407642 0.442863 0.807567 0.379551 0.992079 0.398399 0.992079 0.379551 0.007733285 0.5479 0.192229 0.522768 0.007717251 0.522768 0.807567 0.312211 0.992079 0.33106 0.992079 0.312211 0.407878 0.992589 0.592374 0.967458 0.407862 0.967458 0.807567 0.244871 0.992079 0.26372 0.992079 0.244871 0.407878 0.952637 0.592374 0.927505 0.407862 0.927505 0.807771 0.940071 0.992283 0.95892 0.992283 0.940071 0.207696 0.5479 0.392192 0.522768 0.20768 0.522768 0.807771 0.872731 0.992283 0.89158 0.992283 0.872731 0.407878 0.912684 0.592374 0.887552 0.407862 0.887552 0.807771 0.805392 0.992283 0.824241 0.992283 0.805392 0.407878 0.872731 0.592374 0.8476 0.407862 0.8476 0.807771 0.738052 0.992283 0.756901 0.992283 0.738052 0.007733285 0.507947 0.192229 0.482815 0.007717251 0.482815 0.207664 0.04108035 0.392176 0.05992907 0.392176 0.04108035 0.207696 0.507947 0.392192 0.482815 0.20768 0.482815 0.607556 0.04108035 0.792068 0.05992907 0.792068 0.04108035 0.407878 0.832779 0.592374 0.807647 0.407862 0.807647 0.007717251 0.007410526 0.192229 0.0262593 0.192229 0.007410526 0.792336 0.992589 0.607825 0.967458 0.607824 0.992589 0.40761 0.007410526 0.592122 0.0262593 0.592122 0.007410526 0.592374 0.727742 0.407878 0.752873 0.59239 0.752873 0.807567 0.615239 0.992079 0.634088 0.992079 0.615239 0.192229 0.442863 0.007733285 0.467994 0.192245 0.467994 0.807567 0.5479 0.992079 0.566748 0.992079 0.5479 0.192229 0.40291 0.007733285 0.428041 0.192245 0.428041 0.807567 0.48056 0.992079 0.499409 0.992079 0.48056 0.392192 0.40291 0.207696 0.428041 0.392208 0.428041 0.807567 0.41322 0.992079 0.432069 0.992079 0.41322 0.392192 0.442863 0.207696 0.467994 0.392208 0.467994 0.807567 0.345881 0.992079 0.36473 0.992079 0.345881 0.592154 0.40291 0.407658 0.428041 0.59217 0.428041 0.807567 0.278541 0.992079 0.29739 0.992079 0.278541 0.192229 0.362957 0.007733285 0.388089 0.192245 0.388089 0.807771 0.973741 0.992283 0.992589 0.992283 0.973741 0.392192 0.362957 0.207696 0.388089 0.392208 0.388089 0.807771 0.906401 0.992283 0.92525 0.992283 0.906401 0.592154 0.362957 0.407658 0.388089 0.59217 0.388089 0.807771 0.839062 0.992283 0.85791 0.992283 0.839062 0.592154 0.682579 0.407658 0.70771 0.59217 0.70771 0.807771 0.771722 0.992283 0.790571 0.992283 0.771722 0.592154 0.602673 0.407658 0.627805 0.59217 0.627805 0.007717251 0.04108035 0.192229 0.05992907 0.192229 0.04108035 0.192229 0.323004 0.007733285 0.348136 0.192245 0.348136 0.40761 0.04108035 0.592122 0.05992907 0.592122 0.04108035 0.392192 0.323004 0.207696 0.348136 0.392208 0.348136 0.807503 0.04108035 0.992015 0.05992907 0.992015 0.04108035 0.592154 0.522768 0.407658 0.5479 0.59217 0.5479 0.207664 0.007410526 0.392176 0.0262593 0.392176 0.007410526 0.607825 0.887552 0.792336 0.912684 0.792336 0.887552 0.607556 0.007410526 0.792068 0.0262593 0.792068 0.007410526 0.207916 0.992589 0.207906 0.762471 0.392418 0.762471 0.192229 0.762484 0.192472 0.992589 0.007959663 0.992589 0.192229 0.283052 0.007717251 0.283052 0.007733285 0.308183 0.007717251 0.17576 0.007717251 0.194608 0.192229 0.194608 0.192229 0.722531 0.007717251 0.722531 0.007733285 0.747663 0.607825 0.74659 0.607825 0.765439 0.792336 0.765439 0.392192 0.283052 0.20768 0.283052 0.207696 0.308183 0.20768 0.722531 0.20768 0.74138 0.392192 0.74138 0.592374 0.767694 0.407862 0.767694 0.407878 0.792826 0.40761 0.209429 0.40761 0.228278 0.592122 0.228278 0.192229 0.243099 0.007717251 0.243099 0.007733285 0.268231 0.207664 0.07475018 0.207664 0.09359878 0.392176 0.09359878 0.392192 0.682579 0.20768 0.682579 0.207696 0.70771 0.40761 0.17576 0.40761 0.194608 0.592122 0.194608 0.392192 0.243099 0.20768 0.243099 0.207696 0.268231 0.007717251 0.14209 0.007717251 0.160938 0.192229 0.160938 0.592154 0.243099 0.407642 0.243099 0.407658 0.268231 0.40761 0.14209 0.40761 0.160938 0.592122 0.160938 0.192229 0.682579 0.007717251 0.682579 0.007733285 0.70771 0.007717251 0.10842 0.007717251 0.127269 0.192229 0.127269 0.792116 0.682579 0.607605 0.682579 0.607621 0.70771 0.40761 0.10842 0.40761 0.127269 0.592122 0.127269 0.792116 0.642626 0.607605 0.642626 0.607621 0.667758 0.007717251 0.07475018 0.007717251 0.09359878 0.192229 0.09359878 0.192229 0.602673 0.007717251 0.602673 0.007733285 0.627805 0.40761 0.07475018 0.40761 0.09359878 0.592122 0.09359878 0.192229 0.642626 0.007717251 0.642626 0.007733285 0.667758 0.807503 0.209429 0.807503 0.228278 0.992015 0.228278 0.792116 0.602673 0.607605 0.602673 0.607621 0.627805 0.807503 0.14209 0.807503 0.160938 0.992015 0.160938 0.607824 0.8476 0.607825 0.872731 0.792336 0.872731 0.807503 0.07475018 0.807503 0.09359878 0.992015 0.09359878 0.607621 0.5479 0.792132 0.5479 0.792116 0.522768 0.607824 0.78026 0.607825 0.799109 0.792336 0.799109 0.407658 0.667758 0.59217 0.667758 0.592154 0.642626 0.007717251 0.209429 0.007717251 0.228278 0.192229 0.228278 0.607621 0.507947 0.792132 0.507947 0.792116 0.482815 0.207664 0.209429 0.207664 0.228278 0.392176 0.228278 0.407658 0.348136 0.59217 0.348136 0.592154 0.323004 0.607556 0.209429 0.607556 0.228278 0.792068 0.228278 0.607621 0.587852 0.792132 0.587852 0.792116 0.562721 0.207664 0.17576 0.207664 0.194608 0.392176 0.194608 0.207696 0.667758 0.392208 0.667758 0.392192 0.642626 0.607556 0.17576 0.607556 0.194608 0.792068 0.194608 0.607621 0.388089 0.792132 0.388089 0.792116 0.362957 0.207664 0.14209 0.207664 0.160938 0.392176 0.160938 0.407658 0.308183 0.59217 0.308183 0.592154 0.283052 0.607556 0.14209 0.607556 0.160938 0.792068 0.160938 0.407658 0.587852 0.59217 0.587852 0.592154 0.562721 0.207664 0.10842 0.207664 0.127269 0.392176 0.127269 0.607621 0.467994 0.792132 0.467994 0.792116 0.442863 0.607556 0.10842 0.607556 0.127269 0.792068 0.127269 0.607621 0.428041 0.792132 0.428041 0.792116 0.40291 0.807567 0.51423 0.807567 0.533078 0.992079 0.533078 0.207696 0.627805 0.392208 0.627805 0.392192 0.602673 0.607556 0.07475018 0.607556 0.09359878 0.792068 0.09359878 0.007733285 0.587852 0.192245 0.587852 0.192229 0.562721 0.807503 0.17576 0.807503 0.194608 0.992015 0.194608 0.607621 0.268231 0.792132 0.268231 0.792116 0.243099 0.807503 0.10842 0.807503 0.127269 0.992015 0.127269 0.792336 0.952637 0.792336 0.927505 0.607825 0.927505 0.807567 0.682579 0.807567 0.701427 0.992079 0.701427 0.607621 0.348136 0.792132 0.348136 0.792116 0.323004 0.807567 0.648909 0.807567 0.667758 0.992079 0.667758 0.207696 0.587852 0.392208 0.587852 0.392192 0.562721 0.807567 0.581569 0.807567 0.600418 0.992079 0.600418 0.607621 0.308183 0.792132 0.308183 0.792116 0.283052 0.607825 0.81393 0.607825 0.832779 0.792336 0.832779 0.407658 0.507947 0.59217 0.507947 0.592154 0.482815 0.807567 0.44689 0.807567 0.465739 0.992079 0.465739 0.407658 0.467994 0.59217 0.467994 0.592154 0.442863 0.807567 0.379551 0.807567 0.398399 0.992079 0.398399 0.007733285 0.5479 0.192245 0.5479 0.192229 0.522768 0.807567 0.312211 0.807567 0.33106 0.992079 0.33106 0.407878 0.992589 0.59239 0.992589 0.592374 0.967458 0.807567 0.244871 0.807567 0.26372 0.992079 0.26372 0.407878 0.952637 0.59239 0.952637 0.592374 0.927505 0.807771 0.940071 0.807771 0.95892 0.992283 0.95892 0.207696 0.5479 0.392208 0.5479 0.392192 0.522768 0.807771 0.872731 0.807771 0.89158 0.992283 0.89158 0.407878 0.912684 0.59239 0.912684 0.592374 0.887552 0.807771 0.805392 0.807771 0.824241 0.992283 0.824241 0.407878 0.872731 0.59239 0.872731 0.592374 0.8476 0.807771 0.738052 0.807771 0.756901 0.992283 0.756901 0.007733285 0.507947 0.192245 0.507947 0.192229 0.482815 0.207664 0.04108035 0.207664 0.05992907 0.392176 0.05992907 0.207696 0.507947 0.392208 0.507947 0.392192 0.482815 0.607556 0.04108035 0.607556 0.05992907 0.792068 0.05992907 0.407878 0.832779 0.59239 0.832779 0.592374 0.807647 0.007717251 0.007410526 0.007717251 0.0262593 0.192229 0.0262593 0.792336 0.992589 0.792336 0.967458 0.607825 0.967458 0.40761 0.007410526 0.40761 0.0262593 0.592122 0.0262593 0.592374 0.727742 0.407862 0.727742 0.407878 0.752873 0.807567 0.615239 0.807567 0.634088 0.992079 0.634088 0.192229 0.442863 0.007717251 0.442863 0.007733285 0.467994 0.807567 0.5479 0.807567 0.566748 0.992079 0.566748 0.192229 0.40291 0.007717251 0.40291 0.007733285 0.428041 0.807567 0.48056 0.807567 0.499409 0.992079 0.499409 0.392192 0.40291 0.20768 0.40291 0.207696 0.428041 0.807567 0.41322 0.807567 0.432069 0.992079 0.432069 0.392192 0.442863 0.20768 0.442863 0.207696 0.467994 0.807567 0.345881 0.807567 0.36473 0.992079 0.36473 0.592154 0.40291 0.407642 0.40291 0.407658 0.428041 0.807567 0.278541 0.807567 0.29739 0.992079 0.29739 0.192229 0.362957 0.007717251 0.362957 0.007733285 0.388089 0.807771 0.973741 0.807771 0.992589 0.992283 0.992589 0.392192 0.362957 0.20768 0.362957 0.207696 0.388089 0.807771 0.906401 0.807771 0.92525 0.992283 0.92525 0.592154 0.362957 0.407642 0.362957 0.407658 0.388089 0.807771 0.839062 0.807771 0.85791 0.992283 0.85791 0.592154 0.682579 0.407642 0.682579 0.407658 0.70771 0.807771 0.771722 0.807771 0.790571 0.992283 0.790571 0.592154 0.602673 0.407642 0.602673 0.407658 0.627805 0.007717251 0.04108035 0.007717251 0.05992907 0.192229 0.05992907 0.192229 0.323004 0.007717251 0.323004 0.007733285 0.348136 0.40761 0.04108035 0.40761 0.05992907 0.592122 0.05992907 0.392192 0.323004 0.20768 0.323004 0.207696 0.348136 0.807503 0.04108035 0.807503 0.05992907 0.992015 0.05992907 0.592154 0.522768 0.407642 0.522768 0.407658 0.5479 0.207664 0.007410526 0.207664 0.0262593 0.392176 0.0262593 0.607825 0.887552 0.607825 0.912684 0.792336 0.912684 0.607556 0.007410526 0.607556 0.0262593 0.792068 0.0262593</float_array>
          <technique_common>
            <accessor source="#ID52_001-mesh-map-0-array" count="732" stride="2">
              <param name="S" type="float"/>
              <param name="T" type="float"/>
            </accessor>
          </technique_common>
        </source>
        <vertices id="ID52_001-mesh-vertices">
          <input semantic="POSITION" source="#ID52_001-mesh-positions"/>
        </vertices>
        <triangles material="aws_robomaker_hospital_floor_01_stairs_001-material" count="244">
          <input semantic="VERTEX" source="#ID52_001-mesh-vertices" offset="0"/>
          <input semantic="NORMAL" source="#ID52_001-mesh-normals" offset="1"/>
          <input semantic="TEXCOORD" source="#ID52_001-mesh-map-0" offset="2" set="0"/>
          <p>3 0 0 0 0 1 1 0 2 7 1 3 4 1 4 5 1 5 16 2 6 8 2 7 11 2 8 10 3 9 8 3 10 9 3 11 13 4 12 14 4 13 12 4 14 16 3 15 14 3 16 15 3 17 18 1 18 19 1 19 17 1 20 13 3 21 19 3 22 20 3 23 22 1 24 23 1 25 21 1 26 18 3 27 23 3 28 24 3 29 31 1 30 25 1 31 27 1 32 22 3 33 25 3 34 26 3 35 35 1 36 29 1 37 32 1 38 31 3 39 29 3 40 30 3 41 39 1 42 34 1 43 36 1 44 35 3 45 34 3 46 28 3 47 43 1 48 38 1 49 40 1 50 39 3 51 38 3 52 33 3 53 46 1 54 42 1 55 41 1 56 43 3 57 42 3 58 37 3 59 51 1 60 44 1 61 47 1 62 46 3 63 44 3 64 45 3 65 54 1 66 49 1 67 52 1 68 51 3 69 49 3 70 50 3 71 60 5 72 53 5 73 55 5 74 54 3 75 53 3 76 48 3 77 64 1 78 58 1 79 56 1 80 60 3 81 58 3 82 59 3 83 62 1 84 63 1 85 61 1 86 64 3 87 63 3 88 57 3 89 67 1 90 65 1 91 66 1 92 62 3 93 68 3 94 69 3 95 78 1 96 70 1 97 73 1 98 72 6 99 70 6 100 71 6 101 75 1 102 76 1 103 74 1 104 78 6 105 76 6 106 77 6 107 80 1 108 81 1 109 79 1 110 75 6 111 81 6 112 82 6 113 84 1 114 85 1 115 83 1 116 80 6 117 85 6 118 86 6 119 93 1 120 87 1 121 89 1 122 84 6 123 87 6 124 88 6 125 97 1 126 91 1 127 94 1 128 93 6 129 91 6 130 92 6 131 101 7 132 96 7 133 98 7 134 97 6 135 96 6 136 90 6 137 105 1 138 100 1 139 102 1 140 101 6 141 100 6 142 95 6 143 108 1 144 104 1 145 103 1 146 105 6 147 104 6 148 99 6 149 113 1 150 106 1 151 109 1 152 108 6 153 106 6 154 107 6 155 116 1 156 111 1 157 114 1 158 113 6 159 111 6 160 112 6 161 122 1 162 115 1 163 117 1 164 116 6 165 115 6 166 110 6 167 126 1 168 120 1 169 118 1 170 122 6 171 120 6 172 121 6 173 124 1 174 125 1 175 123 1 176 126 6 177 125 6 178 119 6 179 6 1 180 127 1 181 4 1 182 124 6 183 128 6 184 129 6 185 138 1 186 130 1 187 133 1 188 132 6 189 130 6 190 131 6 191 135 1 192 136 1 193 134 1 194 138 6 195 136 6 196 137 6 197 140 1 198 141 1 199 139 1 200 135 6 201 141 6 202 142 6 203 144 1 204 145 1 205 143 1 206 140 6 207 145 6 208 146 6 209 153 8 210 147 8 211 149 8 212 144 6 213 147 6 214 148 6 215 157 1 216 151 1 217 154 1 218 153 6 219 151 6 220 152 6 221 161 1 222 156 1 223 158 1 224 157 6 225 156 6 226 150 6 227 165 1 228 160 1 229 162 1 230 161 6 231 160 6 232 155 6 233 168 1 234 164 1 235 163 1 236 165 6 237 164 6 238 159 6 239 173 9 240 166 9 241 169 9 242 168 6 243 166 6 244 167 6 245 176 1 246 171 1 247 174 1 248 173 6 249 171 6 250 172 6 251 182 1 252 175 1 253 177 1 254 176 6 255 175 6 256 170 6 257 186 1 258 180 1 259 178 1 260 182 6 261 180 6 262 181 6 263 184 1 264 185 1 265 183 1 266 186 6 267 185 6 268 179 6 269 189 1 270 187 1 271 188 1 272 184 6 273 190 6 274 191 6 275 200 1 276 192 1 277 195 1 278 194 3 279 192 3 280 193 3 281 197 1 282 198 1 283 196 1 284 200 3 285 198 3 286 199 3 287 202 1 288 203 1 289 201 1 290 197 3 291 203 3 292 204 3 293 206 1 294 207 1 295 205 1 296 202 3 297 207 3 298 208 3 299 215 1 300 209 1 301 211 1 302 206 3 303 209 3 304 210 3 305 219 1 306 213 1 307 216 1 308 215 3 309 213 3 310 214 3 311 223 1 312 218 1 313 220 1 314 219 3 315 218 3 316 212 3 317 227 1 318 222 1 319 224 1 320 223 3 321 222 3 322 217 3 323 230 1 324 226 1 325 225 1 326 227 3 327 226 3 328 221 3 329 235 1 330 228 1 331 231 1 332 230 3 333 228 3 334 229 3 335 238 1 336 233 1 337 236 1 338 235 3 339 233 3 340 234 3 341 244 1 342 237 1 343 239 1 344 238 3 345 237 3 346 232 3 347 248 1 348 242 1 349 240 1 350 244 3 351 242 3 352 243 3 353 246 1 354 247 1 355 245 1 356 248 3 357 247 3 358 241 3 359 2 1 360 249 1 361 0 1 362 246 3 363 250 3 364 251 3 365 3 1 366 2 1 367 0 1 368 7 1 369 6 1 370 4 1 371 16 10 372 15 10 373 8 10 374 10 3 375 11 3 376 8 3 377 13 11 378 20 11 379 14 11 380 16 3 381 12 3 382 14 3 383 18 12 384 24 12 385 19 12 386 13 3 387 17 3 388 19 3 389 22 13 390 26 13 391 23 13 392 18 3 393 21 3 394 23 3 395 31 14 396 30 14 397 25 14 398 22 3 399 27 3 400 25 3 401 35 15 402 28 15 403 29 15 404 31 3 405 32 3 406 29 3 407 39 16 408 33 16 409 34 16 410 35 3 411 36 3 412 34 3 413 43 17 414 37 17 415 38 17 416 39 3 417 40 3 418 38 3 419 46 18 420 45 18 421 42 18 422 43 3 423 41 3 424 42 3 425 51 19 426 50 19 427 44 19 428 46 3 429 47 3 430 44 3 431 54 20 432 48 20 433 49 20 434 51 3 435 52 3 436 49 3 437 60 21 438 59 21 439 53 21 440 54 3 441 55 3 442 53 3 443 64 22 444 57 22 445 58 22 446 60 3 447 56 3 448 58 3 449 62 23 450 69 23 451 63 23 452 64 3 453 61 3 454 63 3 455 67 1 456 68 1 457 65 1 458 62 3 459 65 3 460 68 3 461 78 1 462 77 1 463 70 1 464 72 6 465 73 6 466 70 6 467 75 1 468 82 1 469 76 1 470 78 6 471 74 6 472 76 6 473 80 24 474 86 24 475 81 24 476 75 6 477 79 6 478 81 6 479 84 1 480 88 1 481 85 1 482 80 6 483 83 6 484 85 6 485 93 1 486 92 1 487 87 1 488 84 6 489 89 6 490 87 6 491 97 1 492 90 1 493 91 1 494 93 6 495 94 6 496 91 6 497 101 25 498 95 25 499 96 25 500 97 6 501 98 6 502 96 6 503 105 1 504 99 1 505 100 1 506 101 6 507 102 6 508 100 6 509 108 26 510 107 26 511 104 26 512 105 6 513 103 6 514 104 6 515 113 27 516 112 27 517 106 27 518 108 6 519 109 6 520 106 6 521 116 7 522 110 7 523 111 7 524 113 6 525 114 6 526 111 6 527 122 1 528 121 1 529 115 1 530 116 6 531 117 6 532 115 6 533 126 28 534 119 28 535 120 28 536 122 6 537 118 6 538 120 6 539 124 1 540 129 1 541 125 1 542 126 6 543 123 6 544 125 6 545 6 1 546 128 1 547 127 1 548 124 6 549 127 6 550 128 6 551 138 29 552 137 29 553 130 29 554 132 6 555 133 6 556 130 6 557 135 30 558 142 30 559 136 30 560 138 6 561 134 6 562 136 6 563 140 31 564 146 31 565 141 31 566 135 6 567 139 6 568 141 6 569 144 32 570 148 32 571 145 32 572 140 6 573 143 6 574 145 6 575 153 33 576 152 33 577 147 33 578 144 6 579 149 6 580 147 6 581 157 34 582 150 34 583 151 34 584 153 6 585 154 6 586 151 6 587 161 35 588 155 35 589 156 35 590 157 6 591 158 6 592 156 6 593 165 36 594 159 36 595 160 36 596 161 6 597 162 6 598 160 6 599 168 37 600 167 37 601 164 37 602 165 6 603 163 6 604 164 6 605 173 38 606 172 38 607 166 38 608 168 6 609 169 6 610 166 6 611 176 39 612 170 39 613 171 39 614 173 6 615 174 6 616 171 6 617 182 40 618 181 40 619 175 40 620 176 6 621 177 6 622 175 6 623 186 41 624 179 41 625 180 41 626 182 6 627 178 6 628 180 6 629 184 42 630 191 42 631 185 42 632 186 6 633 183 6 634 185 6 635 189 1 636 190 1 637 187 1 638 184 6 639 187 6 640 190 6 641 200 1 642 199 1 643 192 1 644 194 3 645 195 3 646 192 3 647 197 1 648 204 1 649 198 1 650 200 3 651 196 3 652 198 3 653 202 43 654 208 43 655 203 43 656 197 3 657 201 3 658 203 3 659 206 1 660 210 1 661 207 1 662 202 3 663 205 3 664 207 3 665 215 1 666 214 1 667 209 1 668 206 3 669 211 3 670 209 3 671 219 44 672 212 44 673 213 44 674 215 3 675 216 3 676 213 3 677 223 45 678 217 45 679 218 45 680 219 3 681 220 3 682 218 3 683 227 1 684 221 1 685 222 1 686 223 3 687 224 3 688 222 3 689 230 46 690 229 46 691 226 46 692 227 3 693 225 3 694 226 3 695 235 45 696 234 45 697 228 45 698 230 3 699 231 3 700 228 3 701 238 47 702 232 47 703 233 47 704 235 3 705 236 3 706 233 3 707 244 1 708 243 1 709 237 1 710 238 3 711 239 3 712 237 3 713 248 43 714 241 43 715 242 43 716 244 3 717 240 3 718 242 3 719 246 1 720 251 1 721 247 1 722 248 3 723 245 3 724 247 3 725 2 1 726 250 1 727 249 1 728 246 3 729 249 3 730 250 3 731</p>
        </triangles>
      </mesh>
    </geometry>
    <geometry id="ID43_001-mesh" name="ID43.001">
      <mesh>
        <source id="ID43_001-mesh-positions">
          <float_array id="ID43_001-mesh-positions-array" count="2250">469.998 1505.8 238.5 469.998 1505.8 300 470.003 1494.2 238.5 470.003 1494.2 300 570.0031 1494.24 238.5 570.0031 1494.24 300 569.997 1505.84 238.5 569.997 1505.84 300 644.1881 -983.5181 238.5 644.1881 -983.5181 300 655.812 -983.5181 238.5 655.812 -983.5181 300 655.791 -826.4921 238.5 655.791 -826.4921 300 644.2091 -826.4921 238.5 644.2091 -826.4921 300 -655.751 -983.512 238.5 -644.127 -983.512 238.5 -644.127 -826.4921 238.5 -644.127 -826.4921 300 -655.791 -826.4921 238.5 -655.791 -826.4921 300 -770 -44.3104 238.5 -770 -44.3104 300 -770 -55.9106 238.5 -770 -55.9106 300 -670 -55.9106 238.5 -670 -55.9106 300 -670 -44.3104 238.5 -670 -44.3104 300 670 -44.3104 238.5 670 -44.3104 300 670 -55.9106 238.5 670 -55.9106 300 770 -55.9106 238.5 770 -55.9106 300 770 -44.3104 238.5 -569.997 1505.91 238.5 -569.997 1505.91 300 -570.0031 1494.31 238.5 -470.002 1494.21 238.5 -469.997 1505.81 238.5 -469.997 1505.81 300 620 1205.83 238.5 620 1194.2 238.5 620 1194.2 300 720 1194.2 238.5 720 1205.76 238.5 720 1205.76 300 -720 1205.75 238.5 -720 1205.75 300 -720 1194.18 238.5 -720 1194.18 300 -620 1194.19 238.5 -620 1205.81 238.5 894.213 1070 238.5 905.7871 1070 238.5 905.7871 1070 300 905.7871 1170.02 238.5 894.213 1170.02 238.5 894.213 430.003 238.5 894.213 430.003 300 905.7871 430.003 238.5 905.7871 430.003 300 905.7871 530 238.5 905.7871 530 300 894.213 530 238.5 894.213 530 300 -905.7871 1070 238.5 -905.7871 1070 300 -894.213 1070 238.5 -894.213 1070 300 -894.213 1170 238.5 -894.213 1170 300 -905.7871 1170 238.5 -905.7871 1170 300 -905.7871 430.011 238.5 -905.7871 430.011 300 -894.213 430.011 238.5 -894.213 430.011 300 -894.213 529.981 238.5 -905.7871 529.981 238.5 -905.7871 529.981 300 329.973 -5.5726 238.5 329.973 -5.5726 300 330 5.89999 238.5 330.027 5.90355 300 230.028 5.90355 238.5 230.028 5.90355 300 229.972 -5.48965 238.5 229.972 -5.48965 300 -230.032 -5.60604 238.5 -230.032 -5.60604 300 -230 5.89999 238.5 -229.968 5.90355 300 -329.968 5.90355 238.5 -330.032 -5.8432 238.5 230.109 1936.44 270.641 229.944 1936.45 300 230.109 1948.04 270.641 69.9548 1948.04 270.641 69.9548 1936.44 270.641 -69.8908 1936.44 270.641 -69.8908 1948.04 270.641 -230.045 1948.04 270.641 -230.045 1936.44 270.641 -69.9961 1936.45 -1.13762e-5 69.9977 1936.57 -1.13762e-5 70.0983 1947.96 -1.13762e-5 -69.8813 1947.96 -1.13762e-5 294.487 1936.57 -1.13762e-5 -344.152 -188.141 -1.13762e-5 -355.752 -199.739 -1.13762e-5 355.803 -199.739 -1.13762e-5 -255.803 -500.133 -1.13762e-5 344.209 -5.49417 -1.13762e-5 -344.152 -5.90357 -1.13762e-5 -355.752 5.90355 -1.13762e-5 355.803 5.90355 -1.13762e-5 -344.152 -511.727 -1.13762e-5 -355.752 -500.13 -1.13762e-5 355.803 -500.13 -1.13762e-5 -244.197 -188.136 -1.13762e-5 344.209 -694.288 -1.13762e-5 -344.152 -694.17 -1.13762e-5 -355.752 -705.83 -1.13762e-5 355.803 -705.83 -1.13762e-5 329.973 -5.5726 -1.13762e-5 229.972 -5.48965 -1.13762e-5 -230.032 -5.60604 -1.13762e-5 -330.032 -5.8432 -1.13762e-5 -329.968 5.90355 -1.13762e-5 -229.968 5.90355 -1.13762e-5 230.028 5.90355 -1.13762e-5 330.027 5.90355 -1.13762e-5 -4.53051 -694.2011 -1.13762e-5 -4.6469 -5.55234 -1.13762e-5 5.4779 -5.54332 -1.13762e-5 5.4779 -694.257 -1.13762e-5 0 5.90355 -1.13762e-5 344.197 -511.73 -1.13762e-5 -255.803 -199.736 -1.13762e-5 -244.197 -511.733 -1.13762e-5 344.197 -188.139 -1.13762e-5 255.803 -199.736 -1.13762e-5 255.803 -500.133 -1.13762e-5 244.197 -511.733 -1.13762e-5 244.197 -188.136 -1.13762e-5 -469.997 1505.81 -1.13762e-5 -293.912 1494.2 -1.13762e-5 -1255.83 1700.05 -1.13762e-5 -1255.77 2105.8 -1.13762e-5 -1244.17 2094.2 -1.13762e-5 -293.946 2094.2 -1.13762e-5 -305.553 2094.2 -1.13762e-5 -299.88 2105.8 -1.13762e-5 -806.01 -55.9106 -1.13762e-5 -805.6911 205.916 -1.13762e-5 -655.751 205.989 -1.13762e-5 -655.751 194.389 -1.13762e-5 -794.2191 193.734 -1.13762e-5 -793.99 -44.3104 -1.13762e-5 -593.61 1194.19 -1.13762e-5 -1244.2 1205.74 -1.13762e-5 -605.21 1205.79 -1.13762e-5 -593.614 1705.97 -1.13762e-5 -1244.2 1694.37 -1.13762e-5 -605.21 1694.37 -1.13762e-5 -1255.83 399.497 -1.13762e-5 -1244.2 405.239 -1.13762e-5 -1244.2 1194.16 -1.13762e-5 -1244.2 393.609 -1.13762e-5 -1255.83 1199.45 -1.13762e-5 -1244.2 -994.2091 -1.13762e-5 -655.738 -994.3131 -1.13762e-5 -655.751 -983.512 -1.13762e-5 -644.127 -983.512 -1.13762e-5 -1255.83 -999.93 -1.13762e-5 -1244.2 -1005.86 -1.13762e-5 -655.751 -1005.86 -1.13762e-5 -644.127 -999.8261 -1.13762e-5 -655.791 -826.4921 -1.13763e-5 -644.127 -826.4921 -1.13762e-5 -655.751 394.195 -1.13762e-5 -644.127 405.685 -1.13762e-5 -720 1205.75 -1.13762e-5 -620 1205.81 -1.13762e-5 -620 1194.19 -1.13762e-5 -720 1194.18 -1.13762e-5 -655.751 -55.9106 -1.13762e-5 -655.751 -44.3104 -1.13762e-5 -644.127 -49.7029 -1.13762e-5 -644.127 200.659 -1.13762e-5 -770 -55.9106 -1.13762e-5 -670 -55.9106 -1.13762e-5 -770 -44.3104 -1.13762e-5 -670 -44.3104 -1.13762e-5 -1244.2 1705.97 -1.13762e-5 -305.522 1505.8 -1.13762e-5 -470.002 1494.21 -1.13762e-5 -305.533 1894.2 -1.13762e-5 -305.532 1905.8 -1.13762e-5 -1244.19 1893.77 -1.13762e-5 -1244.19 1905.37 -1.13762e-5 -1255.81 1899.84 -1.13762e-5 -900.002 393.515 -1.13762e-5 -894.213 405.076 -1.13762e-5 -894.213 1194.18 -1.13762e-5 -900.002 1205.75 -1.13762e-5 -905.7871 405.13 -1.13762e-5 -905.7871 1194.18 -1.13762e-5 -905.7871 430.011 -1.13762e-5 -905.7871 529.981 -1.13762e-5 -894.213 430.011 -1.13762e-5 -894.213 529.981 -1.13762e-5 -905.7871 1170 -1.13762e-5 -905.7871 1070 -1.13762e-5 -894.213 1170 -1.13762e-5 -894.213 1070 -1.13762e-5 -905.7871 794.2 -1.13762e-5 -894.213 800.249 -1.13762e-5 -905.7871 805.8 -1.13762e-5 -1244.2 794.2 -1.13762e-5 -1244.2 805.8 -1.13762e-5 -1255.83 799.8991 -1.13762e-5 469.998 1505.8 -1.13762e-5 294.285 1494.19 -1.13762e-5 1255.83 1699.22 -1.13762e-5 1255.77 2105.68 -1.13762e-5 1244.17 2094.08 -1.13762e-5 295.55 2094.2 -1.13762e-5 307.224 2094.2 -1.13762e-5 301.518 2105.8 -1.13762e-5 806.01 -55.9106 -1.13762e-5 805.6911 205.916 -1.13762e-5 655.812 205.989 -1.13762e-5 655.812 194.389 -1.13762e-5 794.2191 193.734 -1.13762e-5 793.99 -44.3104 -1.13762e-5 592.911 1194.21 -1.13762e-5 1244.2 1205.75 -1.13762e-5 604.5111 1205.81 -1.13762e-5 592.916 1705.13 -1.13762e-5 1244.2 1693.53 -1.13762e-5 604.5111 1693.53 -1.13762e-5 1255.83 400.402 -1.13762e-5 1244.2 406.144 -1.13762e-5 1244.2 1194.17 -1.13762e-5 1244.2 394.513 -1.13762e-5 1255.83 1199.47 -1.13762e-5 1244.2 -994.2941 -1.13762e-5 655.799 -994.3991 -1.13762e-5 655.812 -983.5181 -1.13762e-5 644.1881 -983.5181 -1.13762e-5 1255.83 -1000.02 -1.13762e-5 1244.2 -1005.95 -1.13762e-5 655.812 -1005.95 -1.13762e-5 644.1881 -999.9111 -1.13762e-5 655.791 -826.4921 -1.13763e-5 644.1881 -826.489 -1.13762e-5 655.812 394.704 -1.13762e-5 644.1881 406.195 -1.13762e-5 720 1205.76 -1.13762e-5 620 1205.83 -1.13762e-5 620 1194.2 -1.13762e-5 720 1194.2 -1.13762e-5 655.812 -55.9106 -1.13762e-5 655.812 -44.3104 -1.13762e-5 644.1881 -49.7029 -1.13762e-5 644.1881 200.659 -1.13762e-5 770 -55.9106 -1.13762e-5 670 -55.9106 -1.13762e-5 770 -44.3104 -1.13762e-5 670 -44.3104 -1.13762e-5 1244.2 1705.13 -1.13762e-5 305.894 1505.79 -1.13762e-5 470.003 1494.2 -1.13762e-5 305.879 1894.2 -1.13762e-5 305.878 1905.8 -1.13762e-5 1244.19 1894.48 -1.13762e-5 1244.19 1906.08 -1.13762e-5 1255.81 1900.54 -1.13762e-5 900.002 394.112 -1.13762e-5 894.213 405.672 -1.13762e-5 894.213 1194.19 -1.13762e-5 900.002 1205.76 -1.13762e-5 905.7871 405.726 -1.13762e-5 905.7871 1194.19 -1.13762e-5 905.7871 430.003 -1.13762e-5 905.7871 530 -1.13763e-5 894.213 430.003 -1.13762e-5 894.213 530 -1.13763e-5 905.7871 1170.02 -1.13762e-5 905.7871 1070 -1.13763e-5 894.213 1170.02 -1.13762e-5 894.213 1070 -1.13763e-5 905.7871 794.2 -1.13762e-5 894.213 800.249 -1.13762e-5 905.7871 805.8 -1.13762e-5 1244.2 794.2 -1.13762e-5 1244.2 805.8 -1.13762e-5 1255.83 799.8991 -1.13762e-5 230.002 1947.96 -1.13762e-5 294.543 1947.96 -1.13762e-5 294.27 1899.74 -1.13762e-5 -293.926 1900.41 -1.13762e-5 -320 1894.2 -1.13762e-5 -320 1905.8 -1.13762e-5 -600 1893.76 -1.13762e-5 -600 1905.36 -1.13762e-5 600 1906.07 -1.13762e-5 600 1894.47 -1.13762e-5 320 1905.8 -1.13762e-5 320 1894.2 -1.13762e-5 -293.918 1936.45 -1.13762e-5 -230.119 1936.57 -1.13762e-5 -230.068 1947.96 -1.13762e-5 -293.854 1947.96 -1.13762e-5 229.944 1936.45 -1.13762e-5 -570.0031 1494.31 -1.13762e-5 -569.997 1505.91 -1.13762e-5 -593.613 1494.32 -1.13762e-5 -593.613 1505.92 -1.13762e-5 -605.21 1500 -1.13762e-5 569.997 1505.84 -1.13762e-5 570.0031 1494.24 -1.13762e-5 592.914 1505.91 -1.13762e-5 592.914 1494.31 -1.13762e-5 604.5111 1500 -1.13762e-5 294.27 1899.74 300 307.224 2094.2 300 294.285 1494.19 300 305.879 1894.2 300 -305.522 1505.8 300 -293.926 1900.41 300 70.0983 1947.96 300 69.9977 1936.57 300 -69.9961 1936.45 300 -69.8813 1947.96 300 294.543 1947.96 300 294.487 1936.57 300 230.002 1947.96 300 344.197 -511.73 300 255.803 -500.133 300 344.209 -694.288 300 355.803 -500.13 300 244.197 -188.136 300 355.803 -199.739 300 255.803 -199.736 300 244.197 -511.733 300 -344.152 -188.141 300 -255.803 -199.736 300 -244.197 -511.733 300 -355.752 -500.13 300 355.803 5.90355 300 344.197 -188.139 300 -255.803 -500.133 300 -244.197 -188.136 300 -355.752 -705.83 300 -344.152 -511.727 300 355.803 -705.83 300 -344.152 -694.17 300 -344.152 -5.90357 300 -355.752 -199.739 300 -330.032 -5.8432 300 -355.752 5.90355 300 -329.968 5.90355 300 -4.6469 -5.55234 300 5.4779 -5.54332 300 5.4779 -694.257 300 -4.53051 -694.2011 300 0 5.90355 300 344.209 -5.49417 300 -1255.81 1899.84 300 -1244.17 2094.2 300 -293.912 1494.2 300 -470.002 1494.21 300 -806.01 -55.9106 300 -794.2191 193.734 300 -655.751 -55.9106 300 -305.553 2094.2 300 -1255.77 2105.8 300 -299.88 2105.8 300 -644.127 -999.8261 300 -805.6911 205.916 300 -655.751 194.389 300 -1255.83 1199.45 300 -1244.2 1694.37 300 -605.21 1500 300 -593.614 1705.97 300 -655.751 394.195 300 -894.213 405.076 300 -620 1205.81 300 -593.61 1194.19 300 -620 1194.19 300 -1255.83 -999.93 300 -1244.2 393.609 300 -655.751 -1005.86 300 -1244.2 -994.2091 300 -1255.83 799.8991 300 -1244.2 1194.16 300 -655.738 -994.3131 300 -655.751 -983.512 300 -644.127 -983.512 300 -655.751 -44.3104 300 -644.127 200.659 300 -655.751 205.989 300 -644.127 405.685 300 -1244.2 -1005.86 300 -900.002 1205.75 300 -644.127 -49.7029 300 -1244.19 1893.77 300 -1255.83 1700.05 300 -1244.2 1705.97 300 -605.21 1694.37 300 -305.533 1894.2 300 -320 1894.2 300 -320 1905.8 300 -793.99 -44.3104 300 -905.7871 805.8 300 -905.7871 794.2 300 -1244.2 805.8 300 -894.213 1194.18 300 -905.7871 1194.18 300 -1244.2 1205.74 300 -894.213 800.249 300 -894.213 529.981 300 -905.7871 405.13 300 -900.002 393.515 300 -1244.2 405.239 300 1244.19 1906.08 300 1255.77 2105.68 300 1255.83 799.8991 300 1244.2 406.144 300 305.894 1505.79 300 -1244.2 794.2 300 -1255.83 399.497 300 794.2191 193.734 300 655.812 205.989 300 793.99 -44.3104 300 805.6911 205.916 300 655.812 -44.3104 300 301.518 2105.8 300 1244.17 2094.08 300 295.55 2094.2 300 592.914 1505.91 300 604.5111 1693.53 300 1244.2 1205.75 300 1255.83 1699.22 300 644.1881 406.195 300 900.002 394.112 300 1244.2 805.8 300 1255.83 1199.47 300 644.1881 -999.9111 300 655.812 -1005.95 300 620 1205.83 300 604.5111 1205.81 300 644.1881 -49.7029 300 655.812 194.389 300 644.1881 200.659 300 655.812 394.704 300 770 -44.3104 300 806.01 -55.9106 300 1244.2 1693.53 300 592.916 1705.13 300 1244.2 -994.2941 300 1255.83 400.402 300 655.799 -994.3991 300 1244.2 -1005.95 300 1255.83 -1000.02 300 655.812 -55.9106 300 720 1194.2 300 894.213 1194.19 300 -305.532 1905.8 300 -293.946 2094.2 300 1255.81 1900.54 300 1244.2 1705.13 300 900.002 1205.76 300 1244.2 1194.17 300 905.7871 405.726 300 1244.2 394.513 300 -600 1893.76 300 -1244.19 1905.37 300 -600 1905.36 300 -593.613 1494.32 300 -605.21 1205.79 300 604.5111 1500 300 592.911 1194.21 300 305.878 1905.8 300 320 1905.8 300 320 1894.2 300 600 1906.07 300 1244.19 1894.48 300 600 1894.47 300 894.213 405.672 300 905.7871 1170.02 300 894.213 1170.02 300 905.7871 1194.19 300 905.7871 794.2 300 894.213 800.249 300 894.213 1070 300 905.7871 805.8 300 1244.2 794.2 300 -230.068 1947.96 300 -230.119 1936.57 300 -293.918 1936.45 300 -293.854 1947.96 300 -570.0031 1494.31 300 -593.613 1505.92 300 592.914 1494.31 300 -655.751 -271.25 96.5 -655.751 -628.75 253.505 -655.751 -628.75 96.5 -644.127 -271.25 253.505 -644.127 -271.25 96.5 -644.127 -628.75 253.505 -644.127 -628.75 96.5 644.1881 -271.25 253.505 644.1881 -271.25 96.5 644.1881 -628.75 253.505 644.1881 -628.75 96.5 655.812 -271.25 253.505 655.812 -271.25 96.5 655.812 -628.75 253.505 655.812 -628.75 96.5 -655.751 -271.25 253.505 294.27 1899.74 300 307.224 2094.2 300 294.285 1494.19 300 305.879 1894.2 300 -305.522 1505.8 300 -293.926 1900.41 300 70.0983 1947.96 300 69.9977 1936.57 300 -69.9961 1936.45 300 -69.8813 1947.96 300 294.543 1947.96 300 294.487 1936.57 300 229.944 1936.45 300 230.002 1947.96 300 344.197 -511.73 300 255.803 -500.133 300 344.209 -694.288 300 355.803 -500.13 300 244.197 -188.136 300 355.803 -199.739 300 255.803 -199.736 300 244.197 -511.733 300 -344.152 -188.141 300 -255.803 -199.736 300 -244.197 -511.733 300 -355.752 -500.13 300 355.803 5.90357 300 344.197 -188.139 300 -255.803 -500.133 300 -244.197 -188.136 300 -355.752 -705.83 300 -344.152 -511.727 300 355.803 -705.83 300 -344.152 -694.17 300 -344.152 -5.90355 300 -355.752 -199.739 300 -330.032 -5.84317 300 -355.752 5.90357 300 -329.968 5.90357 300 -329.967 5.90357 300 -4.6469 -5.55232 300 -330.031 -5.60602 300 5.4779 -5.54329 300 5.4779 -694.233 300 -4.52035 -694.229 300 0 5.90357 300 330.028 5.90357 300 329.972 -5.48963 300 330.027 5.90357 300 344.209 -5.49415 300 329.973 -5.57258 300 -1255.81 1899.84 300 -1244.17 2094.2 300 -293.912 1494.2 300 -570.0031 1494.21 300 -569.9981 1505.81 300 -806.01 -55.9106 300 -794.2191 193.734 300 -655.751 -55.9106 300 -670 -55.9106 300 -670 -44.3103 300 -305.553 2094.2 300 -1255.77 2105.8 300 -299.88 2105.8 300 -644.127 -999.8261 300 -805.6911 205.916 300 -655.751 194.389 300 -1255.83 1199.45 300 -1244.2 1694.37 300 -605.21 1500 300 -593.614 1705.97 300 -655.751 394.195 300 -894.213 405.076 300 -620 1205.81 300 -593.61 1194.19 300 -620 1194.19 300 -1255.83 -999.93 300 -1244.2 393.609 300 -655.751 -1005.86 300 -1244.2 -994.2091 300 -1255.83 799.8991 300 -1244.2 1194.16 300 -655.738 -994.3131 300 -655.751 -983.512 300 -644.127 -983.512 300 -655.751 -44.3103 300 -644.127 200.659 300 -655.751 205.989 300 -644.127 405.685 300 -1244.2 -1005.86 300 -620 1194.18 300 -900.002 1205.75 300 -620 1205.75 300 -655.751 -983.512 300 -644.127 -49.7029 300 -644.127 -983.512 300 -1244.19 1893.77 300 -1255.83 1700.05 300 -1244.2 1705.97 300 -605.21 1694.37 300 -305.533 1894.2 300 -320 1894.2 300 -320 1905.8 300 -670 -55.9106 300 -793.99 -44.3103 300 -670 -44.3103 300 -905.7871 805.8 300 -905.7871 1170 300 -894.213 1170 300 -905.7871 794.2 300 -1244.2 805.8 300 -905.7871 1170 300 -894.213 1194.18 300 -894.213 1170 300 -905.7871 1194.18 300 -1244.2 1205.74 300 -905.7871 430.011 300 -894.213 800.249 300 -894.213 430.011 300 -905.7871 405.13 300 -905.7871 430.011 300 -894.213 430.011 300 -900.002 393.515 300 -1244.2 405.239 300 1244.19 1906.08 300 1255.77 2105.68 300 1255.83 799.8991 300 1244.2 406.144 300 305.894 1505.79 300 569.997 1505.8 300 570.0031 1494.2 300 -1244.2 794.2 300 -1255.83 399.497 300 794.2191 193.734 300 655.812 205.989 300 793.99 -44.3103 300 805.6911 205.916 300 655.812 -44.3103 300 670 -44.3103 300 670 -55.9106 300 301.518 2105.8 300 1244.17 2094.08 300 295.55 2094.2 300 592.914 1505.91 300 604.5111 1693.53 300 1244.2 1205.75 300 1255.83 1699.22 300 644.1881 406.195 300 900.002 394.112 300 1244.2 805.8 300 1255.83 1199.47 300 644.1881 -999.9111 300 644.1881 -983.5181 300 655.812 -983.5181 300 655.812 -1005.95 300 620 1205.83 300 620 1194.2 300 604.5111 1205.81 300 644.1881 -49.7029 300 655.812 194.389 300 644.1881 200.659 300 655.812 394.704 300 670 -55.9106 300 670 -44.3103 300 806.01 -55.9106 300 1244.2 1693.53 300 592.916 1705.13 300 1244.2 -994.2941 300 1255.83 400.402 300 655.799 -994.3981 300 1244.2 -1005.95 300 1255.83 -1000.02 300 655.812 -983.5181 300 644.1881 -983.5181 300 655.812 -55.9106 300 620 1194.2 300 620 1205.76 300 894.213 1194.19 300 -305.532 1905.8 300 -293.946 2094.2 300 1255.81 1900.54 300 1244.2 1705.13 300 900.002 1205.76 300 1244.2 1194.17 300 905.7871 405.726 300 1244.2 394.513 300 -600 1893.76 300 -1244.19 1905.37 300 -600 1905.36 300 -593.613 1494.32 300 -605.21 1205.79 300 604.5111 1500 300 592.911 1194.21 300 305.878 1905.8 300 320 1905.8 300 320 1894.2 300 600 1906.07 300 1244.19 1894.48 300 600 1894.47 300 894.213 405.672 300 894.213 430.003 300 905.7871 430.003 300 905.7871 1170.02 300 894.213 1170.02 300 905.7871 1194.19 300 905.7871 430.003 300 894.213 430.003 300 905.7871 794.2 300 894.213 800.249 300 894.213 1170.02 300 905.7871 1170.02 300 905.7871 805.8 300 1244.2 794.2 300 -230.068 1947.96 300 -230.119 1936.57 300 -293.918 1936.45 300 -293.854 1947.96 300 -570.0031 1494.31 300 -593.613 1505.92 300 -569.997 1505.91 300 569.997 1505.84 300 592.914 1494.31 300 570.0031 1494.24 300 -0.184394 -705.83 300</float_array>
          <technique_common>
            <accessor source="#ID43_001-mesh-positions-array" count="750" stride="3">
              <param name="X" type="float"/>
              <param name="Y" type="float"/>
              <param name="Z" type="float"/>
            </accessor>
          </technique_common>
        </source>
        <source id="ID43_001-mesh-normals">
          <float_array id="ID43_001-mesh-normals-array" count="882">-1 5.17954e-5 1.15771e-4 -1 2.01437e-4 0 -1 4.83732e-7 0 -0.9999997 0 -8.59835e-4 1 0 0 1 0 0 -1 -3.3846e-5 6.99866e-5 -1 0 0 -1 0 4.51578e-4 1 -2.7211e-5 -6.08018e-5 1 1.20933e-7 0 1 -1.05688e-4 0 1 0 4.51578e-4 -3.99174e-4 1 0 3.9917e-4 -1 0 -1 1.33483e-4 0 1 1.33483e-4 0 -1 -2.54842e-4 0 0 1 0 0 -1 0 9.99755e-4 0.9999995 0 -9.99744e-4 -0.9999996 0 6.99463e-4 0.9999998 0 -5.99365e-4 0.9999999 0 1.00098e-4 -1 0 -8.29492e-4 -0.9999997 0 3.56059e-5 1 0 0.002371549 -0.9999973 0 3.56073e-5 1 0 0 -1 3.58893e-4 0 0.9999964 0.002711594 0 -1 3.456e-4 0 0.9999964 0.002712965 -0.005592107 -0.9999845 0 2.38259e-4 -1 0 -1 -1.69013e-4 0 -1 0 0 1 4.68633e-6 0 1 0 0 -1 0 0 -5.91571e-5 -1 0 2.90814e-5 1 0 0.001164972 -0.9999994 0 -0.001235127 0.9999992 0 -1 -5.28123e-5 0 1 9.93443e-5 0 -5.81577e-5 -1 0 0.001353561 0.9999992 0 1 0 0 -1 -1.1141e-4 0 0.9721736 0.2342616 0 1 6.1037e-5 0 -1 1.00661e-5 0 -1.78417e-4 1 0 0.9999994 -0.001196622 0 -0.003052115 0.9999954 0 -0.00242424 -0.9999971 0 0.002091705 0.9999979 0 -1 1.04574e-5 0 -0.001292467 0.9999992 0 -3.65008e-4 -1 0 0.00305289 -0.9999954 0 -1.5349e-5 -1 0 1.55385e-5 1 0 -1.55385e-5 1 0 1.55385e-5 -1 0 4.87047e-4 1 0 -0.00473231 -0.9999888 0 0.9999994 0.001218199 0 -0.9999996 9.6183e-4 0 -1.28201e-4 -1 0 1.25876e-4 1 0 -0.9711343 0.2385338 0 -0.5207697 0.8536972 0 1 1.94989e-4 0 -1 -1.06383e-4 0 5.76596e-5 -1 0 -6.17403e-5 1 0 -2.90814e-5 1 0 5.87964e-5 -1 0 3.22117e-4 1 0 -2.73082e-4 -1 0 -1 1.01148e-4 0 1 -5.54668e-5 0 0.004730224 -0.9999889 0 -4.86849e-4 1 0 0.9999996 9.62705e-4 0 -4.23965e-4 -1 0 4.23856e-4 1 0 -0.9999994 0.001218199 0 1 1.00651e-5 0 1.76739e-4 1 0 -0.9999994 -0.001205503 0 -0.002435147 0.9999971 0 0.002783954 -0.9999961 0 -0.9999948 0.003265559 0 0.9999745 -0.007144391 0 -1 -3.69868e-5 0 1 3.8619e-5 0 -1 -2.84286e-5 0 1 3.44906e-5 0 0.5218104 0.8530615 0 8.57146e-4 -0.9999997 0 1 -1.05915e-4 0 -1 1.93201e-4 0 0.999988 -0.004911005 0 0.001859128 -0.9999983 0 6.01167e-5 1 0 0.001880824 -0.9999983 0 -0.9999846 0.005561172 0 -5.61514e-5 -1 0 -1 -6.59037e-5 0 3.05176e-5 -1 0 -3.05176e-5 1 0 3.00598e-5 1 0 -3.00598e-5 -1 0 -1 6.53021e-5 0 -5.00714e-5 1 0 3.00752e-5 -1 0 -6.01467e-5 -1 0 3.05332e-5 1 0 0.004275441 -0.9999909 0 1.71483e-4 1 0 2.39071e-4 -1 0 0.005509197 -0.9999849 0 3.47293e-6 0 1 0 0 1 2.07077e-7 0 1 -3.27246e-6 0 1 8.32076e-6 0 1 0 0 1 -4.61198e-7 0 1 -8.32076e-6 0 1 -4.21232e-7 0 1 -2.10572e-7 0 1 -2.45629e-6 0 1 2.29995e-7 0 1 -8.90174e-7 0 1 -2.72787e-6 0 1 -2.57772e-6 0 1 -3.63031e-7 0 1 5.63135e-6 0 1 -8.41256e-7 0 1 2.53786e-6 0 1 -3.53702e-6 0 1 0 0 1 3.28241e-6 0 1 5.19525e-6 0 1 -2.35234e-6 0 1 8.70231e-7 0 1 3.15226e-7 0 1 -3.83748e-6 0 1 -4.92746e-6 0 1 -4.45184e-7 0 1 -1.73687e-6 0 1 -2.8622e-7 0 1 -3.62125e-6 0 1 3.62123e-6 0 1 -0.4610142 -0.8873928 0 0.460717 -0.8875472 0 -1 0 4.1428e-4 -1 2.02811e-4 0 -1 -4.6215e-7 0 -1 5.1788e-5 -2.40281e-4 1 -1.31695e-7 0 -1 -1.06192e-4 0 -1 -2.7039e-5 1.28794e-4 -1 0 0 1 0 -2.17576e-4 1 -4.6215e-7 0 1 -1.06146e-4 0 1 -2.72568e-5 1.26194e-4 -3.99174e-4 1 0 3.9917e-4 -1 0 -1 1.33483e-4 0 1 1.33483e-4 0 -9.99746e-4 -0.9999995 0 0 1 -5.7889e-5 0.002371549 -0.9999973 0 0 1 -5.78886e-5 -7.50215e-4 -0.99999 0.004424571 0 0.9999964 0.002734243 -7.49388e-4 -0.9999899 0.004440963 0 0.9999963 0.002724349 -0.005592107 -0.9999845 0 2.38259e-4 -1 0 -1 -1.69011e-4 0 1 5.20703e-6 0 -5.91571e-5 -1 0 2.90814e-5 1 0 0.001164972 -0.9999994 0 -0.001235127 0.9999993 0 -1 -5.50128e-5 0 1 1.00379e-4 0 -5.81577e-5 -1 0 0.001353561 0.9999992 0 -1 -1.11686e-4 0 -1 1.00661e-5 0 -1.78416e-4 1 0 0.9999994 -0.001196622 0 -0.003052115 0.9999954 0 -0.00242424 -0.9999971 0 0.002091705 0.9999979 0 -1 9.93457e-6 0 -0.001292467 0.9999992 0 -3.65007e-4 -1 0 0.003052949 -0.9999954 0 -1.5349e-5 -1 0 1.55385e-5 1 0 -1.55385e-5 1 0 1.55385e-5 -1 0 4.87046e-4 0.9999999 0 -0.00473231 -0.9999888 0 0.9999993 0.001218199 0 -0.9999995 9.62705e-4 0 -1.28201e-4 -1 0 1.25876e-4 1 0 1 1.93973e-4 0 -1 -1.06383e-4 0 5.76596e-5 -1 0 -2.90814e-5 1 0 5.87964e-5 -1 0 3.22118e-4 1 0 -2.73081e-4 -1 0 -1 1.00105e-4 0 1 -5.32482e-5 0 0.004730224 -0.9999889 0 -4.86848e-4 1 0 0.9999995 9.6183e-4 0 -4.23963e-4 -1 0 4.23854e-4 1 0 -0.9999993 0.001218199 0 1 1.00651e-5 0 1.76739e-4 1 0 -0.9999994 -0.001205503 0 -0.002435147 0.9999971 0 0.002783954 -0.9999961 0 0.9999746 -0.007144093 0 -1 -3.69868e-5 0 1 3.84849e-5 0 -1 -2.82945e-5 0 1 3.44906e-5 0 1 -1.05915e-4 0 -1 1.94212e-4 0 0.9999879 -0.004920184 0 0.001859128 -0.9999983 0 6.01167e-5 1 0 0.001880824 -0.9999983 0 -0.9999846 0.005556643 0 -5.61514e-5 -1 0 -1 -6.53331e-5 0 3.05176e-5 -1 0 -3.05176e-5 1 0 3.00598e-5 1 0 -3.00598e-5 -1 0 -1 6.58724e-5 0 -5.00714e-5 1 0 3.00752e-5 -1 0 -6.01467e-5 -1 0 3.05331e-5 1 0 1.71483e-4 1 0 2.39071e-4 -1 0 0.005509197 -0.9999849 0 0 1 0 -2.07417e-7 0 1 1.15355e-6 0 1 -5.60211e-6 0 1 5.60211e-6 0 1 -4.61439e-7 0 1 1.5601e-6 0 1 -5.19525e-6 0 1 1.71848e-6 0 1 4.20973e-7 0 1 -1.73159e-7 0 1 6.48652e-7 0 1 -3.84021e-6 0 1 -5.17313e-7 0 1 8.3891e-7 0 1 -1.22929e-6 0 1 3.5771e-6 0 1 0 0 1 0 0 1 2.72787e-6 0 1 1.52063e-7 0 1 -3.38205e-6 0 1 2.1464e-6 0 1 -3.27e-6 0 1 4.17431e-7 0 1 -2.60087e-6 0 1 0 0 1 0 0 1 -2.8053e-7 0 1 -0.4610208 -0.8873895 0 0.4607202 -0.8875455 0</float_array>
          <technique_common>
            <accessor source="#ID43_001-mesh-normals-array" count="294" stride="3">
              <param name="X" type="float"/>
              <param name="Y" type="float"/>
              <param name="Z" type="float"/>
            </accessor>
          </technique_common>
        </source>
        <source id="ID43_001-mesh-map-0">
          <float_array id="ID43_001-mesh-map-0-array" count="4068">0.478014 0.433209 0.401579 0.446856 0.371935 0.433209 0.450793 0.446856 0.478014 0.475634 0.450793 0.469059 0.401579 0.446856 0.371935 0.475634 0.371935 0.433209 0.478014 0.475634 0.401579 0.469059 0.450793 0.469059 0.268036 0.504285 0.191601 0.490638 0.298535 0.490638 0.298535 0.533063 0.268036 0.504285 0.298535 0.490638 0.191601 0.533063 0.218823 0.504285 0.218823 0.526488 0.268036 0.526488 0.191601 0.533063 0.218823 0.526488 0.176995 0.533063 0.149774 0.504285 0.176995 0.490638 0.176995 0.490638 0.10056 0.504285 0.0700621 0.490638 0.176995 0.533063 0.10056 0.526488 0.149774 0.526488 0.0700621 0.533063 0.10056 0.504285 0.10056 0.526488 0.569055 0.446856 0.49262 0.433209 0.598698 0.433209 0.598698 0.475634 0.569055 0.446856 0.598698 0.433209 0.49262 0.475634 0.519841 0.446856 0.519841 0.469059 0.569055 0.469059 0.49262 0.475634 0.519841 0.469059 0.548035 0.02622538 0.534269 0.01752835 0.548035 0.01752835 0.576407 0.02622538 0.562642 0.01752835 0.576407 0.01752835 0.885673 0.877639 0.864056 0.868942 0.885673 0.868942 0.885673 0.853937 0.864056 0.84524 0.885673 0.84524 0.385637 0.07362866 0.364021 0.06493157 0.385637 0.06493157 0.530523 0.07362866 0.508908 0.06493157 0.530523 0.06493157 0.740003 0.04992705 0.726237 0.04122996 0.740003 0.04122996 0.40616 0.02622538 0.392394 0.01752835 0.40616 0.01752835 0.796747 0.04992705 0.782981 0.04122996 0.796747 0.04122996 0.768375 0.04992705 0.754609 0.04122996 0.768375 0.04122996 0.661524 0.04992705 0.647758 0.04122996 0.661524 0.04122996 0.633152 0.04992705 0.619386 0.04122996 0.633152 0.04122996 0.434543 0.02622538 0.420777 0.01752835 0.434543 0.01752835 0.462915 0.02622538 0.449149 0.01752835 0.462915 0.01752835 0.491287 0.02622538 0.477521 0.01752835 0.491287 0.01752835 0.519659 0.02622538 0.505893 0.01752835 0.519659 0.01752835 0.434543 0.04992705 0.420773 0.04122996 0.434543 0.04122996 0.462918 0.04992705 0.449149 0.04122996 0.462918 0.04122996 0.768375 0.02622538 0.754609 0.01752835 0.768375 0.01752835 0.796747 0.02622538 0.782981 0.01752835 0.796747 0.01752835 0.834853 0.02622538 0.821087 0.01752835 0.834853 0.01752835 0.863225 0.02622538 0.849459 0.01752835 0.863225 0.01752835 0.02106487 0.01619935 0.007303059 0.007502317 0.02106487 0.007502317 0.04943275 0.01619935 0.03567099 0.007502317 0.04943275 0.007502317 0.491291 0.04992705 0.477525 0.04122996 0.491291 0.04122996 0.689896 0.02622538 0.676134 0.01752835 0.689896 0.01752835 0.576407 0.04992705 0.562641 0.04122996 0.576407 0.04122996 0.661524 0.02622538 0.647762 0.01752835 0.661524 0.01752835 0.193274 0.01619935 0.17125 0.01204746 0.193297 0.01204746 0.22993 0.01619935 0.207903 0.01204746 0.22995 0.01204746 0.119972 0.01619935 0.09793949 0.01204746 0.1199859 0.01204746 0.156641 0.01204746 0.134593 0.01619935 0.134594 0.01204746 0.608443 0.82021 0.608435 0.777785 0.608443 0.777785 0.608443 0.877639 0.513634 0.835214 0.608443 0.835214 0.885673 0.935068 0.854646 0.892644 0.885673 0.892644 0.608435 0.82021 0.513636 0.777785 0.608435 0.777785 0.581837 0.245917 0.544703 0.203492 0.581837 0.203492 0.958776 0.877639 0.955449 0.835214 0.958776 0.835214 0.958326 0.131058 0.954999 0.08863329 0.958326 0.08863329 0.894107 0.590493 0.866568 0.548068 0.894107 0.548068 0.148283 0.131058 0.111913 0.08863329 0.148283 0.08863329 0.61904 0.245917 0.581837 0.203492 0.61904 0.203492 0.735221 0.360775 0.708464 0.318351 0.735221 0.318351 0.61904 0.1884869 0.572454 0.146063 0.61904 0.146063 0.489766 0.245917 0.442384 0.203492 0.489766 0.203492 0.236576 0.245917 0.189194 0.203492 0.236576 0.203492 0.809366 0.705351 0.809309 0.662926 0.809366 0.662926 0.950902 0.475634 0.947559 0.433209 0.950902 0.433209 0.775729 0.418205 0.708464 0.37578 0.775729 0.37578 0.943377 0.992498 0.940028 0.950073 0.943377 0.950073 0.132167 0.303346 0.106102 0.260921 0.132167 0.260921 0.751539 0.935068 0.723824 0.892644 0.751539 0.892644 0.976707 0.647922 0.974763 0.605497 0.976707 0.605497 0.976863 0.245917 0.975266 0.203492 0.976863 0.203492 0.976707 0.705351 0.974762 0.662926 0.976707 0.662926 0.236576 0.360775 0.14692 0.318351 0.236576 0.318351 0.711109 0.877639 0.623049 0.835214 0.711109 0.835214 0.1679159 0.1884869 0.162959 0.146063 0.1679159 0.146063 0.960156 0.76278 0.956854 0.720356 0.960156 0.720356 0.132071 0.992498 0.06315809 0.950073 0.132071 0.950073 0.318042 0.07362866 0.314409 0.03120398 0.318042 0.03120398 0.903647 0.647922 0.877668 0.605497 0.903647 0.605497 0.03559708 0.533063 0.007303059 0.490638 0.03559708 0.490638 0.385637 0.131058 0.352777 0.08863329 0.385637 0.08863329 0.0700621 0.533063 0.03559708 0.490638 0.0700621 0.490638 0.03128528 0.07362866 0.007303059 0.03120398 0.03128528 0.03120398 0.514545 0.245917 0.489766 0.203492 0.514545 0.203492 0.809433 0.82021 0.807397 0.777785 0.809433 0.777785 0.775722 0.360775 0.735221 0.318351 0.775722 0.318351 0.236576 0.131058 0.200206 0.08863329 0.236576 0.08863329 0.488355 0.1884869 0.441769 0.146063 0.488355 0.146063 0.557847 0.1884869 0.511262 0.146063 0.557847 0.146063 0.903659 0.76278 0.877724 0.720356 0.903659 0.720356 0.08989906 0.303346 0.06322127 0.260921 0.08989906 0.260921 0.766118 0.82021 0.725619 0.777785 0.766118 0.777785 0.851192 0.533063 0.809878 0.490638 0.851192 0.490638 0.33218 0.245917 0.251182 0.203492 0.33218 0.203492 0.741276 0.647922 0.660277 0.605497 0.741276 0.605497 0.545028 0.935068 0.352246 0.892644 0.545028 0.892644 0.198487 0.647922 0.007303059 0.605497 0.198487 0.605497 0.984415 0.475634 0.982917 0.433209 0.984415 0.433209 0.905102 0.705351 0.905093 0.662926 0.905102 0.662926 0.195278 0.590493 0.1930209 0.548068 0.195278 0.548068 0.655028 0.935068 0.600023 0.892644 0.655028 0.892644 0.236576 0.1884869 0.183112 0.146063 0.236576 0.146063 0.189194 0.245917 0.155579 0.203492 0.189194 0.203492 0.885673 0.992498 0.851254 0.950073 0.885673 0.950073 0.792759 0.82021 0.766118 0.777785 0.792759 0.777785 0.905093 0.705351 0.877668 0.662926 0.905093 0.662926 0.723824 0.935068 0.655028 0.892644 0.723824 0.892644 0.787561 0.245917 0.720413 0.203492 0.787561 0.203492 0.960115 0.992498 0.957983 0.950073 0.960115 0.950073 0.617316 0.475634 0.613587 0.433209 0.617316 0.433209 0.960754 0.303346 0.9576 0.260921 0.960754 0.260921 0.547313 0.360775 0.458633 0.318351 0.547313 0.318351 0.693858 0.418205 0.605179 0.37578 0.693858 0.37578 0.977054 0.418205 0.975457 0.37578 0.977054 0.37578 0.650598 0.360775 0.561919 0.318351 0.650598 0.318351 0.444027 0.360775 0.355348 0.318351 0.444027 0.318351 0.976957 0.303346 0.97536 0.260921 0.976957 0.260921 0.942248 0.82021 0.921615 0.777785 0.942248 0.777785 0.400333 0.131058 0.400243 0.08863329 0.400333 0.08863329 0.921615 0.82021 0.921571 0.777785 0.921615 0.777785 0.433103 0.131058 0.400333 0.08863329 0.433103 0.08863329 0.976716 0.82021 0.974762 0.777785 0.976716 0.777785 0.976681 0.877639 0.974728 0.835214 0.976681 0.835214 0.507904 0.590493 0.378924 0.548068 0.507904 0.548068 0.499028 0.877639 0.367666 0.835214 0.499028 0.835214 0.633519 0.475634 0.631922 0.433209 0.633519 0.433209 0.779778 0.935068 0.751539 0.892644 0.779778 0.892644 0.920829 0.131058 0.894948 0.08863329 0.920829 0.08863329 0.809309 0.705351 0.755889 0.662926 0.809309 0.662926 0.600023 0.935068 0.545028 0.892644 0.600023 0.892644 0.942442 0.647922 0.918253 0.605497 0.942442 0.605497 0.924838 0.303346 0.902248 0.260921 0.924838 0.260921 0.2421939 0.992498 0.187074 0.950073 0.2421939 0.950073 0.809433 0.76278 0.755889 0.720356 0.809433 0.720356 0.802616 0.1884869 0.75603 0.146063 0.802616 0.146063 0.680232 0.1884869 0.633646 0.146063 0.680232 0.146063 0.741283 0.76278 0.704149 0.720356 0.741283 0.720356 0.287552 0.131058 0.251182 0.08863329 0.287552 0.08863329 0.951743 0.533063 0.948414 0.490638 0.951743 0.490638 0.958328 0.1884869 0.954999 0.146063 0.958328 0.146063 0.704149 0.76278 0.666943 0.720356 0.704149 0.720356 0.09730696 0.131058 0.06093448 0.08863329 0.09730696 0.08863329 0.705807 0.245917 0.658425 0.203492 0.705807 0.203492 0.836914 0.360775 0.790328 0.318351 0.836914 0.318351 0.741424 0.1884869 0.694838 0.146063 0.741424 0.146063 0.707659 0.705351 0.660277 0.662926 0.707659 0.662926 0.942994 0.418205 0.939561 0.37578 0.942994 0.37578 0.943441 0.935068 0.940016 0.892644 0.943441 0.892644 0.06315809 0.992498 0.03565597 0.950073 0.06315809 0.950073 0.924838 0.360775 0.898986 0.318351 0.924838 0.318351 0.960115 0.935068 0.958124 0.892644 0.960115 0.892644 0.977054 0.360775 0.975457 0.318351 0.977054 0.318351 0.879822 0.04992705 0.877831 0.007502317 0.879822 0.007502317 0.711013 0.82021 0.623049 0.777785 0.711013 0.777785 0.340742 0.360775 0.251182 0.318351 0.340742 0.318351 0.960156 0.82021 0.956854 0.777785 0.960156 0.777785 0.121624 0.360775 0.116667 0.318351 0.121624 0.318351 0.884379 0.418205 0.884289 0.37578 0.884379 0.37578 0.361223 0.533063 0.333 0.490638 0.361223 0.490638 0.920857 0.1884869 0.894948 0.146063 0.920857 0.146063 0.333 0.533063 0.298535 0.490638 0.333 0.490638 0.884379 0.360775 0.85152 0.318351 0.884379 0.318351 0.924794 0.245917 0.904154 0.203492 0.924794 0.203492 0.658425 0.245917 0.633646 0.203492 0.658425 0.203492 0.942248 0.76278 0.918266 0.720356 0.942248 0.720356 0.884289 0.418205 0.85152 0.37578 0.884289 0.37578 0.960851 0.360775 0.957601 0.318351 0.960851 0.318351 0.960851 0.418205 0.9576 0.37578 0.960851 0.37578 0.924838 0.245917 0.924794 0.203492 0.924838 0.203492 0.851194 0.590493 0.809878 0.548068 0.851194 0.548068 0.968311 0.533063 0.966349 0.490638 0.968311 0.490638 0.427813 0.303346 0.346805 0.260921 0.427813 0.260921 0.714652 0.303346 0.633646 0.260921 0.714652 0.260921 0.408533 0.76278 0.217485 0.720356 0.408533 0.720356 0.434839 0.992498 0.2421939 0.950073 0.434839 0.950073 0.178415 0.590493 0.176169 0.548068 0.178415 0.548068 0.973487 0.07362866 0.971525 0.03120398 0.973487 0.03120398 0.98958 0.07362866 0.988093 0.03120398 0.98958 0.03120398 0.304644 0.1884869 0.251182 0.146063 0.304644 0.146063 0.187074 0.992498 0.132071 0.950073 0.187074 0.950073 0.137335 0.245917 0.102909 0.203492 0.137335 0.203492 0.741283 0.705351 0.707659 0.662926 0.741283 0.662926 0.496056 0.82021 0.364468 0.777785 0.496056 0.777785 0.660287 0.475634 0.633519 0.433209 0.660287 0.433209 0.381047 0.967125 0.381284 0.967503 0.381047 0.967503 0.716116 0.475634 0.660287 0.433209 0.716116 0.433209 0.06077158 0.1884869 0.007303059 0.146063 0.06077158 0.146063 0.128845 0.1884869 0.0753777 0.146063 0.128845 0.146063 0.06322127 0.303346 0.007303059 0.260921 0.06322127 0.260921 0.50504 0.533063 0.37583 0.490638 0.50504 0.490638 0.09149599 0.303346 0.08989906 0.260921 0.09149599 0.260921 0.940843 0.877639 0.921571 0.835214 0.940843 0.835214 0.886443 0.303346 0.860448 0.260921 0.886443 0.260921 0.942248 0.705351 0.922978 0.662926 0.942248 0.662926 0.03565597 0.992498 0.007303059 0.950073 0.03565597 0.950073 0.984501 0.590493 0.982933 0.548068 0.984501 0.548068 0.982933 0.590493 0.982917 0.548068 0.982933 0.548068 0.880342 0.1884869 0.871457 0.146063 0.880342 0.146063 0.1856 0.131058 0.162959 0.08863329 0.1856 0.08863329 0.280239 0.07362866 0.271457 0.03120398 0.280239 0.03120398 0.256851 0.07362866 0.256842 0.03120398 0.256851 0.03120398 0.256842 0.07362866 0.248061 0.03120398 0.256842 0.03120398 0.932953 0.475634 0.908713 0.433209 0.932953 0.433209 0.92541 0.935068 0.900279 0.892644 0.92541 0.892644 0.886443 0.245917 0.858126 0.203492 0.886443 0.203492 0.510422 0.131058 0.496656 0.08863329 0.510422 0.08863329 0.05965745 0.07362866 0.0458914 0.03120398 0.05965745 0.03120398 0.84352 0.245917 0.802167 0.203492 0.84352 0.203492 0.838931 0.935068 0.794384 0.892644 0.838931 0.892644 0.176725 0.07362866 0.162959 0.03120398 0.176725 0.03120398 0.08802956 0.07362866 0.07426357 0.03120398 0.08802956 0.03120398 0.894107 0.475634 0.865798 0.433209 0.894107 0.433209 0.925422 0.992498 0.900279 0.950073 0.925422 0.950073 0.844997 0.877639 0.803644 0.835214 0.844997 0.835214 0.836914 0.418205 0.792367 0.37578 0.836914 0.37578 0.148352 0.07362866 0.134593 0.03120398 0.148352 0.03120398 0.20509 0.07362866 0.191331 0.03120398 0.20509 0.03120398 0.1199859 0.07362866 0.106227 0.03120398 0.1199859 0.03120398 0.233455 0.07362866 0.219696 0.03120398 0.233455 0.03120398 0.9338 0.533063 0.908713 0.490638 0.9338 0.490638 0.894107 0.533063 0.865798 0.490638 0.894107 0.490638 0.933808 0.533063 0.9338 0.490638 0.933808 0.490638 0.942994 0.303346 0.939444 0.260921 0.942994 0.260921 0.693858 0.360775 0.665541 0.318351 0.693858 0.318351 0.933828 0.590493 0.908713 0.548068 0.933828 0.548068 0.478014 0.418205 0.380061 0.37578 0.478014 0.37578 0.645671 0.647922 0.55091 0.605497 0.645671 0.605497 0.757381 0.877639 0.725715 0.835214 0.757381 0.835214 0.789363 0.131058 0.758459 0.08863329 0.789363 0.08863329 0.902675 0.07362866 0.899126 0.03120398 0.902675 0.03120398 0.976681 0.935068 0.974722 0.892644 0.976681 0.892644 0.789038 0.877639 0.757381 0.835214 0.789038 0.835214 0.37795 0.969568 0.377713 0.969555 0.377957 0.969553 0.377957 0.969553 0.378453 0.969568 0.377964 0.969568 0.377957 0.968813 0.378453 0.968799 0.378468 0.968813 0.381384 0.967327 0.381399 0.967503 0.381384 0.967503 0.381384 0.967145 0.381399 0.967226 0.381384 0.967226 0.381047 0.966944 0.381061 0.967025 0.381047 0.967025 0.379219 0.967488 0.379463 0.967503 0.379205 0.967503 0.379205 0.967377 0.379219 0.967488 0.379205 0.967503 0.379205 0.967377 0.378812 0.967362 0.379219 0.967362 0.378827 0.967377 0.378812 0.967488 0.378812 0.967362 0.378812 0.967488 0.378568 0.967503 0.378582 0.967488 0.378827 0.966733 0.379219 0.966748 0.378812 0.966748 0.378827 0.966733 0.378812 0.966622 0.378827 0.966608 0.379205 0.966733 0.379219 0.966622 0.379219 0.966748 0.378827 0.966608 0.378583 0.966622 0.378568 0.966608 0.378568 0.96664 0.378583 0.966622 0.378583 0.96664 0.379449 0.966622 0.379205 0.966608 0.379463 0.966608 0.379449 0.967062 0.379449 0.967049 0.379463 0.967055 0.378583 0.967062 0.378568 0.96747 0.378568 0.967055 0.378582 0.967488 0.378568 0.96747 0.378583 0.96747 0.378583 0.967049 0.378568 0.96664 0.378583 0.96664 0.378583 0.967049 0.379449 0.967062 0.378583 0.967062 0.378453 0.968799 0.378468 0.968466 0.378468 0.968813 0.377713 0.967618 0.377957 0.967603 0.37795 0.967618 0.377698 0.968806 0.377713 0.968799 0.377713 0.968813 0.377698 0.968806 0.377713 0.967618 0.377713 0.968799 0.380418 0.96834 0.380403 0.968358 0.380403 0.96834 0.380103 0.968184 0.380418 0.968169 0.380403 0.968184 0.380103 0.968184 0.380088 0.968358 0.380088 0.96817 0.378845 0.968403 0.37883 0.968422 0.37883 0.968403 0.37883 0.967618 0.378209 0.967603 0.378838 0.967603 0.378453 0.968436 0.378216 0.968422 0.37846 0.968422 0.379838 0.968058 0.379851 0.968358 0.379837 0.968373 0.379334 0.967618 0.378838 0.967603 0.379341 0.967603 0.381584 0.968373 0.381598 0.968358 0.381605 0.968373 0.379852 0.967618 0.381605 0.967603 0.381598 0.967618 0.381598 0.967618 0.381613 0.968358 0.381598 0.968358 0.381584 0.968373 0.380418 0.968358 0.381584 0.968358 0.37883 0.968403 0.378845 0.968058 0.378845 0.968403 0.38041 0.968373 0.380103 0.968358 0.380403 0.968358 0.380095 0.968373 0.379851 0.968358 0.380088 0.968358 0.380403 0.968184 0.380418 0.96834 0.380403 0.96834 0.378216 0.968422 0.378201 0.967618 0.378216 0.967618 0.37795 0.968781 0.377964 0.968799 0.37795 0.968799 0.378209 0.967603 0.377965 0.967618 0.377957 0.967603 0.379806 0.968058 0.379838 0.968044 0.379838 0.968058 0.379838 0.968044 0.379852 0.967618 0.379852 0.968051 0.37883 0.967618 0.378845 0.968044 0.37883 0.968051 0.379806 0.968058 0.379348 0.968044 0.379806 0.968044 0.378845 0.968058 0.378875 0.968044 0.378875 0.968058 0.378875 0.968058 0.379334 0.968044 0.37934 0.968058 0.379334 0.967618 0.379348 0.968044 0.379334 0.968044 0.379341 0.967603 0.379837 0.967618 0.379348 0.967618 0.378468 0.9699 0.378453 0.969568 0.378468 0.969553 0.379836 0.970748 0.379341 0.970763 0.379348 0.970748 0.377713 0.970748 0.377956 0.970763 0.377698 0.970763 0.377713 0.96957 0.377698 0.969562 0.377713 0.969555 0.377713 0.970748 0.377698 0.969562 0.377713 0.96957 0.380418 0.970026 0.380403 0.970008 0.380418 0.970008 0.380103 0.970182 0.380418 0.970197 0.380088 0.970197 0.380088 0.970008 0.380103 0.970182 0.380088 0.970197 0.37883 0.969944 0.378845 0.969963 0.37883 0.969963 0.37821 0.970763 0.37883 0.970748 0.378838 0.970763 0.378217 0.969944 0.378453 0.969929 0.37846 0.969944 0.379837 0.970308 0.379851 0.970008 0.379851 0.970315 0.378838 0.970763 0.379334 0.970748 0.379341 0.970763 0.381598 0.970008 0.381584 0.969994 0.381605 0.969994 0.379851 0.970748 0.381605 0.970763 0.379843 0.970763 0.381598 0.970748 0.381613 0.970008 0.381613 0.970748 0.380418 0.970008 0.381584 0.969994 0.381584 0.970008 0.378845 0.970308 0.37883 0.969963 0.378845 0.969963 0.380103 0.970008 0.38041 0.969994 0.380403 0.970008 0.379851 0.970008 0.380095 0.969994 0.380088 0.970008 0.380403 0.970182 0.380418 0.970026 0.380418 0.970197 0.378217 0.969944 0.378202 0.970748 0.378202 0.969929 0.37795 0.969586 0.377964 0.969568 0.377964 0.969586 0.37821 0.970763 0.377964 0.970748 0.378202 0.970748 0.379806 0.970308 0.379837 0.970323 0.379806 0.970323 0.379851 0.970748 0.379837 0.970323 0.379851 0.970315 0.37883 0.970748 0.378845 0.970323 0.378845 0.970748 0.379348 0.970323 0.379806 0.970308 0.379806 0.970323 0.378845 0.970308 0.378875 0.970323 0.378845 0.970323 0.378875 0.970308 0.379334 0.970323 0.378875 0.970323 0.379334 0.970748 0.379348 0.970323 0.379348 0.970748 0.377713 0.968813 0.37795 0.968799 0.377957 0.968813 0.37795 0.968428 0.377965 0.967618 0.377965 0.968428 0.377964 0.970748 0.377949 0.969938 0.377964 0.969938 0.378453 0.968466 0.378467 0.968436 0.378467 0.968466 0.37883 0.968422 0.378467 0.968436 0.37846 0.968422 0.378467 0.969929 0.37883 0.969944 0.37846 0.969944 0.378467 0.969929 0.378453 0.9699 0.378467 0.9699 0.379837 0.970308 0.379851 0.970315 0.379837 0.970323 0.379843 0.970763 0.379836 0.970748 0.379851 0.970748 0.379348 0.970748 0.379341 0.970763 0.379334 0.970748 0.379334 0.970323 0.37934 0.970308 0.379348 0.970323 0.38041 0.969994 0.380418 0.970008 0.380403 0.970008 0.380088 0.970008 0.380095 0.969994 0.380103 0.970008 0.378845 0.970323 0.37883 0.970315 0.378845 0.970308 0.37883 0.970748 0.378845 0.970748 0.378838 0.970763 0.378467 0.969929 0.37846 0.969944 0.378453 0.969929 0.378202 0.970748 0.378217 0.970748 0.37821 0.970763 0.377964 0.970748 0.377956 0.970763 0.377949 0.970748 0.37795 0.969568 0.377957 0.969553 0.377964 0.969568 0.377957 0.968813 0.37795 0.968799 0.377964 0.968799 0.37795 0.967618 0.377957 0.967603 0.377965 0.967618 0.378201 0.967618 0.378209 0.967603 0.378216 0.967618 0.378467 0.968436 0.378453 0.968436 0.37846 0.968422 0.37883 0.968051 0.378845 0.968044 0.378845 0.968058 0.378838 0.967603 0.378845 0.967618 0.37883 0.967618 0.379334 0.967618 0.379341 0.967603 0.379348 0.967618 0.379348 0.968044 0.37934 0.968058 0.379334 0.968044 0.379838 0.968058 0.379838 0.968044 0.379852 0.968051 0.379852 0.967618 0.379837 0.967618 0.379845 0.967603 0.380103 0.968358 0.380095 0.968373 0.380088 0.968358 0.38041 0.968373 0.380403 0.968358 0.380418 0.968358 0.378583 0.967062 0.378568 0.967055 0.378583 0.967049 0.381598 0.967618 0.381605 0.967603 0.381613 0.967618 0.381598 0.968358 0.381613 0.968358 0.381605 0.968373 0.379449 0.966622 0.379463 0.967055 0.379449 0.967049 0.379463 0.967055 0.379449 0.967488 0.379449 0.967062 0.381605 0.969994 0.381613 0.970008 0.381598 0.970008 0.381605 0.970763 0.381598 0.970748 0.381613 0.970748 0.381613 0.970008 0 0 0 0 0 0 0.381613 0.968358 0 0 0.478014 0.433209 0.450793 0.446856 0.401579 0.446856 0.450793 0.446856 0.478014 0.433209 0.478014 0.475634 0.401579 0.446856 0.401579 0.469059 0.371935 0.475634 0.478014 0.475634 0.371935 0.475634 0.401579 0.469059 0.268036 0.504285 0.218823 0.504285 0.191601 0.490638 0.298535 0.533063 0.268036 0.526488 0.268036 0.504285 0.191601 0.533063 0.191601 0.490638 0.218823 0.504285 0.268036 0.526488 0.298535 0.533063 0.191601 0.533063 0.176995 0.533063 0.149774 0.526488 0.149774 0.504285 0.176995 0.490638 0.149774 0.504285 0.10056 0.504285 0.176995 0.533063 0.0700621 0.533063 0.10056 0.526488 0.0700621 0.533063 0.0700621 0.490638 0.10056 0.504285 0.569055 0.446856 0.519841 0.446856 0.49262 0.433209 0.598698 0.475634 0.569055 0.469059 0.569055 0.446856 0.49262 0.475634 0.49262 0.433209 0.519841 0.446856 0.569055 0.469059 0.598698 0.475634 0.49262 0.475634 0.548035 0.02622538 0.534269 0.02622538 0.534269 0.01752835 0.576407 0.02622538 0.562642 0.02622538 0.562642 0.01752835 0.885673 0.877639 0.864056 0.877639 0.864056 0.868942 0.885673 0.853937 0.864056 0.853937 0.864056 0.84524 0.385637 0.07362866 0.364021 0.07362866 0.364021 0.06493157 0.530523 0.07362866 0.508908 0.07362866 0.508908 0.06493157 0.740003 0.04992705 0.726237 0.04992705 0.726237 0.04122996 0.40616 0.02622538 0.392394 0.02622538 0.392394 0.01752835 0.796747 0.04992705 0.782981 0.04992705 0.782981 0.04122996 0.768375 0.04992705 0.754609 0.04992705 0.754609 0.04122996 0.661524 0.04992705 0.647758 0.04992705 0.647758 0.04122996 0.633152 0.04992705 0.619386 0.04992705 0.619386 0.04122996 0.434543 0.02622538 0.420777 0.02622538 0.420777 0.01752835 0.462915 0.02622538 0.449149 0.02622538 0.449149 0.01752835 0.491287 0.02622538 0.477521 0.02622538 0.477521 0.01752835 0.519659 0.02622538 0.505893 0.02622538 0.505893 0.01752835 0.434543 0.04992705 0.420773 0.04992705 0.420773 0.04122996 0.462918 0.04992705 0.449149 0.04992705 0.449149 0.04122996 0.768375 0.02622538 0.754609 0.02622538 0.754609 0.01752835 0.796747 0.02622538 0.782981 0.02622538 0.782981 0.01752835 0.834853 0.02622538 0.821087 0.02622538 0.821087 0.01752835 0.863225 0.02622538 0.849459 0.02622538 0.849459 0.01752835 0.02106487 0.01619935 0.007303059 0.01619935 0.007303059 0.007502317 0.04943275 0.01619935 0.03567099 0.01619935 0.03567099 0.007502317 0.491291 0.04992705 0.477525 0.04992705 0.477525 0.04122996 0.689896 0.02622538 0.67613 0.02622538 0.676134 0.01752835 0.576407 0.04992705 0.562641 0.04992705 0.562641 0.04122996 0.661524 0.02622538 0.647758 0.02622538 0.647762 0.01752835 0.193274 0.01619935 0.171256 0.01619935 0.17125 0.01204746 0.22993 0.01619935 0.207918 0.01619935 0.207903 0.01204746 0.119972 0.01619935 0.09792935 0.01619935 0.09793949 0.01204746 0.156641 0.01204746 0.156644 0.01619935 0.134593 0.01619935 0.608443 0.82021 0.608435 0.82021 0.608435 0.777785 0.608443 0.877639 0.513634 0.877639 0.513634 0.835214 0.885673 0.935068 0.854646 0.935068 0.854646 0.892644 0.608435 0.82021 0.513636 0.82021 0.513636 0.777785 0.581837 0.245917 0.544703 0.245917 0.544703 0.203492 0.958776 0.877639 0.955449 0.877639 0.955449 0.835214 0.958326 0.131058 0.954999 0.131058 0.954999 0.08863329 0.894107 0.590493 0.866568 0.590493 0.866568 0.548068 0.148283 0.131058 0.111913 0.131058 0.111913 0.08863329 0.61904 0.245917 0.581837 0.245917 0.581837 0.203492 0.735221 0.360775 0.708464 0.360775 0.708464 0.318351 0.61904 0.1884869 0.572454 0.1884869 0.572454 0.146063 0.489766 0.245917 0.442384 0.245917 0.442384 0.203492 0.236576 0.245917 0.189194 0.245917 0.189194 0.203492 0.809366 0.705351 0.809309 0.705351 0.809309 0.662926 0.950902 0.475634 0.947559 0.475634 0.947559 0.433209 0.775729 0.418205 0.708464 0.418205 0.708464 0.37578 0.943377 0.992498 0.940028 0.992498 0.940028 0.950073 0.132167 0.303346 0.106102 0.303346 0.106102 0.260921 0.751539 0.935068 0.723824 0.935068 0.723824 0.892644 0.976707 0.647922 0.974763 0.647922 0.974763 0.605497 0.976863 0.245917 0.975266 0.245917 0.975266 0.203492 0.976707 0.705351 0.974762 0.705351 0.974762 0.662926 0.236576 0.360775 0.14692 0.360775 0.14692 0.318351 0.711109 0.877639 0.623049 0.877639 0.623049 0.835214 0.1679159 0.1884869 0.162959 0.1884869 0.162959 0.146063 0.960156 0.76278 0.956854 0.76278 0.956854 0.720356 0.132071 0.992498 0.06315809 0.992498 0.06315809 0.950073 0.318042 0.07362866 0.314409 0.07362866 0.314409 0.03120398 0.903647 0.647922 0.877668 0.647922 0.877668 0.605497 0.03559708 0.533063 0.007303059 0.533063 0.007303059 0.490638 0.385637 0.131058 0.352777 0.131058 0.352777 0.08863329 0.0700621 0.533063 0.03559708 0.533063 0.03559708 0.490638 0.03128528 0.07362866 0.007303059 0.07362866 0.007303059 0.03120398 0.514545 0.245917 0.489766 0.245917 0.489766 0.203492 0.809433 0.82021 0.807397 0.82021 0.807397 0.777785 0.775722 0.360775 0.735221 0.360775 0.735221 0.318351 0.236576 0.131058 0.200206 0.131058 0.200206 0.08863329 0.488355 0.1884869 0.441769 0.1884869 0.441769 0.146063 0.557847 0.1884869 0.511262 0.1884869 0.511262 0.146063 0.903659 0.76278 0.877724 0.76278 0.877724 0.720356 0.08989906 0.303346 0.06322127 0.303346 0.06322127 0.260921 0.766118 0.82021 0.725619 0.82021 0.725619 0.777785 0.851192 0.533063 0.809878 0.533063 0.809878 0.490638 0.33218 0.245917 0.251182 0.245917 0.251182 0.203492 0.741276 0.647922 0.660277 0.647922 0.660277 0.605497 0.545028 0.935068 0.352246 0.935068 0.352246 0.892644 0.198487 0.647922 0.007303059 0.647922 0.007303059 0.605497 0.984415 0.475634 0.982917 0.475634 0.982917 0.433209 0.905102 0.705351 0.905093 0.705351 0.905093 0.662926 0.195278 0.590493 0.1930209 0.590493 0.1930209 0.548068 0.655028 0.935068 0.600023 0.935068 0.600023 0.892644 0.236576 0.1884869 0.183112 0.1884869 0.183112 0.146063 0.189194 0.245917 0.155579 0.245917 0.155579 0.203492 0.885673 0.992498 0.851254 0.992498 0.851254 0.950073 0.792759 0.82021 0.766118 0.82021 0.766118 0.777785 0.905093 0.705351 0.877668 0.705351 0.877668 0.662926 0.723824 0.935068 0.655028 0.935068 0.655028 0.892644 0.787561 0.245917 0.720413 0.245917 0.720413 0.203492 0.960115 0.992498 0.957983 0.992498 0.957983 0.950073 0.617316 0.475634 0.613587 0.475634 0.613587 0.433209 0.960754 0.303346 0.9576 0.303346 0.9576 0.260921 0.547313 0.360775 0.458633 0.360775 0.458633 0.318351 0.693858 0.418205 0.605179 0.418205 0.605179 0.37578 0.977054 0.418205 0.975457 0.418205 0.975457 0.37578 0.650598 0.360775 0.561919 0.360775 0.561919 0.318351 0.444027 0.360775 0.355348 0.360775 0.355348 0.318351 0.976957 0.303346 0.97536 0.303346 0.97536 0.260921 0.942248 0.82021 0.921615 0.82021 0.921615 0.777785 0.400333 0.131058 0.400243 0.131058 0.400243 0.08863329 0.921615 0.82021 0.921571 0.82021 0.921571 0.777785 0.433103 0.131058 0.400333 0.131058 0.400333 0.08863329 0.976716 0.82021 0.974762 0.82021 0.974762 0.777785 0.976681 0.877639 0.974728 0.877639 0.974728 0.835214 0.507904 0.590493 0.378924 0.590493 0.378924 0.548068 0.499028 0.877639 0.367666 0.877639 0.367666 0.835214 0.633519 0.475634 0.631922 0.475634 0.631922 0.433209 0.779778 0.935068 0.751539 0.935068 0.751539 0.892644 0.920829 0.131058 0.894948 0.131058 0.894948 0.08863329 0.809309 0.705351 0.755889 0.705351 0.755889 0.662926 0.600023 0.935068 0.545028 0.935068 0.545028 0.892644 0.942442 0.647922 0.918253 0.647922 0.918253 0.605497 0.924838 0.303346 0.902248 0.303346 0.902248 0.260921 0.2421939 0.992498 0.187074 0.992498 0.187074 0.950073 0.809433 0.76278 0.755889 0.76278 0.755889 0.720356 0.802616 0.1884869 0.75603 0.1884869 0.75603 0.146063 0.680232 0.1884869 0.633646 0.1884869 0.633646 0.146063 0.741283 0.76278 0.704149 0.76278 0.704149 0.720356 0.287552 0.131058 0.251182 0.131058 0.251182 0.08863329 0.951743 0.533063 0.948414 0.533063 0.948414 0.490638 0.958328 0.1884869 0.954999 0.1884869 0.954999 0.146063 0.704149 0.76278 0.666943 0.76278 0.666943 0.720356 0.09730696 0.131058 0.06093448 0.131058 0.06093448 0.08863329 0.705807 0.245917 0.658425 0.245917 0.658425 0.203492 0.836914 0.360775 0.790328 0.360775 0.790328 0.318351 0.741424 0.1884869 0.694838 0.1884869 0.694838 0.146063 0.707659 0.705351 0.660277 0.705351 0.660277 0.662926 0.942994 0.418205 0.939561 0.418205 0.939561 0.37578 0.943441 0.935068 0.940016 0.935068 0.940016 0.892644 0.06315809 0.992498 0.03565597 0.992498 0.03565597 0.950073 0.924838 0.360775 0.898986 0.360775 0.898986 0.318351 0.960115 0.935068 0.958124 0.935068 0.958124 0.892644 0.977054 0.360775 0.975457 0.360775 0.975457 0.318351 0.879822 0.04992705 0.877831 0.04992705 0.877831 0.007502317 0.711013 0.82021 0.623049 0.82021 0.623049 0.777785 0.340742 0.360775 0.251182 0.360775 0.251182 0.318351 0.960156 0.82021 0.956854 0.82021 0.956854 0.777785 0.121624 0.360775 0.116667 0.360775 0.116667 0.318351 0.884379 0.418205 0.884289 0.418205 0.884289 0.37578 0.361223 0.533063 0.333 0.533063 0.333 0.490638 0.920857 0.1884869 0.894948 0.1884869 0.894948 0.146063 0.333 0.533063 0.298535 0.533063 0.298535 0.490638 0.884379 0.360775 0.85152 0.360775 0.85152 0.318351 0.924794 0.245917 0.904154 0.245917 0.904154 0.203492 0.658425 0.245917 0.633646 0.245917 0.633646 0.203492 0.942248 0.76278 0.918266 0.76278 0.918266 0.720356 0.884289 0.418205 0.85152 0.418205 0.85152 0.37578 0.960851 0.360775 0.957601 0.360775 0.957601 0.318351 0.960851 0.418205 0.9576 0.418205 0.9576 0.37578 0.924838 0.245917 0.924794 0.245917 0.924794 0.203492 0.851194 0.590493 0.809878 0.590493 0.809878 0.548068 0.968311 0.533063 0.966349 0.533063 0.966349 0.490638 0.427813 0.303346 0.346805 0.303346 0.346805 0.260921 0.714652 0.303346 0.633646 0.303346 0.633646 0.260921 0.408533 0.76278 0.217485 0.76278 0.217485 0.720356 0.434839 0.992498 0.2421939 0.992498 0.2421939 0.950073 0.178415 0.590493 0.176169 0.590493 0.176169 0.548068 0.973487 0.07362866 0.971525 0.07362866 0.971525 0.03120398 0.98958 0.07362866 0.988093 0.07362866 0.988093 0.03120398 0.304644 0.1884869 0.251182 0.1884869 0.251182 0.146063 0.187074 0.992498 0.132071 0.992498 0.132071 0.950073 0.137335 0.245917 0.102909 0.245917 0.102909 0.203492 0.741283 0.705351 0.707659 0.705351 0.707659 0.662926 0.496056 0.82021 0.364468 0.82021 0.364468 0.777785 0.660287 0.475634 0.633519 0.475634 0.633519 0.433209 0.381047 0.967125 0.381284 0.967125 0.381284 0.967503 0.716116 0.475634 0.660287 0.475634 0.660287 0.433209 0.06077158 0.1884869 0.007303059 0.1884869 0.007303059 0.146063 0.128845 0.1884869 0.0753777 0.1884869 0.0753777 0.146063 0.06322127 0.303346 0.007303059 0.303346 0.007303059 0.260921 0.50504 0.533063 0.37583 0.533063 0.37583 0.490638 0.09149599 0.303346 0.08989906 0.303346 0.08989906 0.260921 0.940843 0.877639 0.921571 0.877639 0.921571 0.835214 0.886443 0.303346 0.860448 0.303346 0.860448 0.260921 0.942248 0.705351 0.922978 0.705351 0.922978 0.662926 0.03565597 0.992498 0.007303059 0.992498 0.007303059 0.950073 0.984501 0.590493 0.982933 0.590493 0.982933 0.548068 0.982933 0.590493 0.982917 0.590493 0.982917 0.548068 0.880342 0.1884869 0.871457 0.1884869 0.871457 0.146063 0.1856 0.131058 0.162959 0.131058 0.162959 0.08863329 0.280239 0.07362866 0.271457 0.07362866 0.271457 0.03120398 0.256851 0.07362866 0.256842 0.07362866 0.256842 0.03120398 0.256842 0.07362866 0.248061 0.07362866 0.248061 0.03120398 0.932953 0.475634 0.908713 0.475634 0.908713 0.433209 0.92541 0.935068 0.900279 0.935068 0.900279 0.892644 0.886443 0.245917 0.858126 0.245917 0.858126 0.203492 0.510422 0.131058 0.496656 0.131058 0.496656 0.08863329 0.05965745 0.07362866 0.0458914 0.07362866 0.0458914 0.03120398 0.84352 0.245917 0.802167 0.245917 0.802167 0.203492 0.838931 0.935068 0.794384 0.935068 0.794384 0.892644 0.176725 0.07362866 0.162959 0.07362866 0.162959 0.03120398 0.08802956 0.07362866 0.07426357 0.07362866 0.07426357 0.03120398 0.894107 0.475634 0.865798 0.475634 0.865798 0.433209 0.925422 0.992498 0.900279 0.992498 0.900279 0.950073 0.844997 0.877639 0.803644 0.877639 0.803644 0.835214 0.836914 0.418205 0.792367 0.418205 0.792367 0.37578 0.148352 0.07362866 0.134593 0.07362866 0.134593 0.03120398 0.20509 0.07362866 0.191331 0.07362866 0.191331 0.03120398 0.1199859 0.07362866 0.106227 0.07362866 0.106227 0.03120398 0.233455 0.07362866 0.219696 0.07362866 0.219696 0.03120398 0.9338 0.533063 0.908713 0.533063 0.908713 0.490638 0.894107 0.533063 0.865798 0.533063 0.865798 0.490638 0.933808 0.533063 0.9338 0.533063 0.9338 0.490638 0.942994 0.303346 0.939444 0.303346 0.939444 0.260921 0.693858 0.360775 0.665541 0.360775 0.665541 0.318351 0.933828 0.590493 0.908713 0.590493 0.908713 0.548068 0.478014 0.418205 0.380061 0.418205 0.380061 0.37578 0.645671 0.647922 0.55091 0.647922 0.55091 0.605497 0.757381 0.877639 0.725715 0.877639 0.725715 0.835214 0.789363 0.131058 0.758459 0.131058 0.758459 0.08863329 0.902675 0.07362866 0.899126 0.07362866 0.899126 0.03120398 0.976681 0.935068 0.974722 0.935068 0.974722 0.892644 0.789038 0.877639 0.757381 0.877639 0.757381 0.835214 0.37795 0.969568 0.377713 0.96957 0.377713 0.969555 0.377957 0.969553 0.378468 0.969553 0.378453 0.969568 0.377957 0.968813 0.377964 0.968799 0.378453 0.968799 0.381384 0.967327 0.381399 0.967326 0.381399 0.967503 0.381384 0.967145 0.381399 0.967145 0.381399 0.967226 0.381047 0.966944 0.381061 0.966944 0.381061 0.967025 0.379219 0.967488 0.379449 0.967488 0.379463 0.967503 0.379205 0.967377 0.379219 0.967362 0.379219 0.967488 0.379205 0.967377 0.378827 0.967377 0.378812 0.967362 0.378827 0.967377 0.378827 0.967503 0.378812 0.967488 0.378812 0.967488 0.378827 0.967503 0.378568 0.967503 0.378827 0.966733 0.379205 0.966733 0.379219 0.966748 0.378827 0.966733 0.378812 0.966748 0.378812 0.966622 0.379205 0.966733 0.379205 0.966608 0.379219 0.966622 0.378827 0.966608 0.378812 0.966622 0.378583 0.966622 0.378568 0.96664 0.378568 0.966608 0.378583 0.966622 0.379449 0.966622 0.379219 0.966622 0.379205 0.966608 0.378583 0.967062 0.378582 0.96747 0.378568 0.96747 0.378582 0.967488 0.378568 0.967503 0.378568 0.96747 0.378583 0.967049 0.378568 0.967055 0.378568 0.96664 0.378583 0.967049 0.379449 0.967049 0.379449 0.967062 0.378453 0.968799 0.378453 0.968466 0.378468 0.968466 0.377713 0.967618 0.377698 0.967603 0.377957 0.967603 0.377698 0.968806 0.377698 0.967603 0.377713 0.967618 0.380418 0.96834 0.380418 0.968358 0.380403 0.968358 0.380103 0.968184 0.380088 0.96817 0.380418 0.968169 0.380103 0.968184 0.380103 0.968358 0.380088 0.968358 0.378845 0.968403 0.378845 0.968436 0.37883 0.968422 0.37883 0.967618 0.378216 0.967618 0.378209 0.967603 0.378453 0.968436 0.378201 0.968436 0.378216 0.968422 0.379838 0.968058 0.379852 0.968051 0.379851 0.968358 0.379334 0.967618 0.378845 0.967618 0.378838 0.967603 0.381584 0.968373 0.381584 0.968358 0.381598 0.968358 0.379852 0.967618 0.379845 0.967603 0.381605 0.967603 0.381598 0.967618 0.381613 0.967618 0.381613 0.968358 0.381584 0.968373 0.38041 0.968373 0.380418 0.968358 0.37883 0.968403 0.37883 0.968051 0.378845 0.968058 0.38041 0.968373 0.380095 0.968373 0.380103 0.968358 0.380095 0.968373 0.379837 0.968373 0.379851 0.968358 0.380403 0.968184 0.380418 0.968169 0.380418 0.96834 0.378216 0.968422 0.378201 0.968436 0.378201 0.967618 0.37795 0.968781 0.377964 0.968781 0.377964 0.968799 0.378209 0.967603 0.378201 0.967618 0.377965 0.967618 0.379806 0.968058 0.379806 0.968044 0.379838 0.968044 0.379838 0.968044 0.379837 0.967618 0.379852 0.967618 0.37883 0.967618 0.378845 0.967618 0.378845 0.968044 0.379806 0.968058 0.37934 0.968058 0.379348 0.968044 0.378845 0.968058 0.378845 0.968044 0.378875 0.968044 0.378875 0.968058 0.378875 0.968044 0.379334 0.968044 0.379334 0.967618 0.379348 0.967618 0.379348 0.968044 0.379341 0.967603 0.379845 0.967603 0.379837 0.967618 0.378468 0.9699 0.378453 0.9699 0.378453 0.969568 0.379836 0.970748 0.379843 0.970763 0.379341 0.970763 0.377713 0.970748 0.377949 0.970748 0.377956 0.970763 0.377713 0.970748 0.377698 0.970763 0.377698 0.969562 0.380418 0.970026 0.380403 0.970026 0.380403 0.970008 0.380103 0.970182 0.380403 0.970182 0.380418 0.970197 0.380088 0.970008 0.380103 0.970008 0.380103 0.970182 0.37883 0.969944 0.378845 0.969929 0.378845 0.969963 0.37821 0.970763 0.378217 0.970748 0.37883 0.970748 0.378217 0.969944 0.378202 0.969929 0.378453 0.969929 0.379837 0.970308 0.379836 0.969994 0.379851 0.970008 0.378838 0.970763 0.378845 0.970748 0.379334 0.970748 0.381598 0.970008 0.381584 0.970008 0.381584 0.969994 0.379851 0.970748 0.381598 0.970748 0.381605 0.970763 0.381598 0.970748 0.381598 0.970008 0.381613 0.970008 0.380418 0.970008 0.38041 0.969994 0.381584 0.969994 0.378845 0.970308 0.37883 0.970315 0.37883 0.969963 0.380103 0.970008 0.380095 0.969994 0.38041 0.969994 0.379851 0.970008 0.379836 0.969994 0.380095 0.969994 0.380403 0.970182 0.380403 0.970026 0.380418 0.970026 0.378217 0.969944 0.378217 0.970748 0.378202 0.970748 0.37795 0.969586 0.37795 0.969568 0.377964 0.969568 0.37821 0.970763 0.377956 0.970763 0.377964 0.970748 0.379806 0.970308 0.379837 0.970308 0.379837 0.970323 0.379851 0.970748 0.379836 0.970748 0.379837 0.970323 0.37883 0.970748 0.37883 0.970315 0.378845 0.970323 0.379348 0.970323 0.37934 0.970308 0.379806 0.970308 0.378845 0.970308 0.378875 0.970308 0.378875 0.970323 0.378875 0.970308 0.37934 0.970308 0.379334 0.970323 0.379334 0.970748 0.379334 0.970323 0.379348 0.970323 0.377713 0.968813 0.377713 0.968799 0.37795 0.968799 0.37795 0.968428 0.37795 0.967618 0.377965 0.967618 0.377964 0.970748 0.377949 0.970748 0.377949 0.969938 0.378453 0.968466 0.378453 0.968436 0.378467 0.968436 0.37883 0.968422 0.378845 0.968436 0.378467 0.968436 0.378467 0.969929 0.378845 0.969929 0.37883 0.969944 0.378467 0.969929 0.378453 0.969929 0.378453 0.9699 0.379449 0.966622 0.379463 0.966608 0.379463 0.967055 0.379463 0.967055 0.379463 0.967503 0.379449 0.967488 0.381613 0.970008 0.381605 0.969994 0 0 0 0 0.381605 0.968373 0.381613 0.968358</float_array>
          <technique_common>
            <accessor source="#ID43_001-mesh-map-0-array" count="2034" stride="2">
              <param name="S" type="float"/>
              <param name="T" type="float"/>
            </accessor>
          </technique_common>
        </source>
        <vertices id="ID43_001-mesh-vertices">
          <input semantic="POSITION" source="#ID43_001-mesh-positions"/>
        </vertices>
        <triangles material="aws_robomaker_hospital_floor_01_walls_001-material" count="678">
          <input semantic="VERTEX" source="#ID43_001-mesh-vertices" offset="0"/>
          <input semantic="NORMAL" source="#ID43_001-mesh-normals" offset="1"/>
          <input semantic="TEXCOORD" source="#ID43_001-mesh-map-0" offset="2" set="0"/>
          <p>181 0 0 510 0 1 189 0 2 512 1 3 21 1 4 511 1 5 510 2 6 379 2 7 189 2 8 21 3 9 525 3 10 511 3 11 514 4 12 182 4 13 191 4 14 410 5 15 514 5 16 191 5 17 19 4 18 516 4 19 515 4 20 513 4 21 19 4 22 515 4 23 15 6 24 520 6 25 259 6 26 259 7 27 518 7 28 268 7 29 15 8 30 517 8 31 519 8 32 457 7 33 518 7 34 517 7 35 522 9 36 258 9 37 266 9 38 470 10 39 522 10 40 266 10 41 13 11 42 524 11 43 523 11 44 521 12 45 13 12 46 523 12 47 1 13 48 6 13 49 0 13 50 5 14 51 2 14 52 4 14 53 9 15 54 14 15 55 8 15 56 13 16 57 10 16 58 12 16 59 402 17 60 20 17 61 16 17 62 19 4 63 17 4 64 18 4 65 23 18 66 28 18 67 22 18 68 27 19 69 24 19 70 26 19 71 31 18 72 36 18 73 30 18 74 35 19 75 32 19 76 34 19 77 38 20 78 41 20 79 37 20 80 376 21 81 39 21 82 40 21 83 455 22 84 47 22 85 43 22 86 471 19 87 44 19 88 46 19 89 50 23 90 54 23 91 49 23 92 394 24 93 51 24 94 53 24 95 500 7 96 59 7 97 55 7 98 495 4 99 56 4 100 58 4 101 61 7 102 66 7 103 60 7 104 65 4 105 62 4 106 64 4 107 69 7 108 74 7 109 68 7 110 73 4 111 70 4 112 72 4 113 77 7 114 81 7 115 76 7 116 426 4 117 78 4 118 80 4 119 84 25 120 89 25 121 83 25 122 88 26 123 85 26 124 87 26 125 92 27 126 96 27 127 91 27 128 366 28 129 93 28 130 95 28 131 98 29 132 101 29 133 97 29 134 335 30 135 99 30 136 100 30 137 337 31 138 105 31 139 102 31 140 104 32 141 338 32 142 103 32 143 369 33 144 135 33 145 138 33 146 368 4 147 138 4 148 137 4 149 367 34 150 129 34 151 136 34 152 370 35 153 136 35 154 135 35 155 499 36 156 295 36 157 297 36 158 497 4 159 292 4 160 287 4 161 496 7 162 284 7 163 294 7 164 389 37 165 322 37 166 165 37 167 498 38 168 289 38 169 296 38 170 67 39 171 297 39 172 291 39 173 388 7 174 167 7 175 323 7 176 478 40 177 287 40 178 247 40 179 477 41 180 240 41 181 285 41 182 480 42 183 282 42 184 248 42 185 479 43 186 246 43 187 286 43 188 63 4 189 286 4 190 288 4 191 387 4 192 163 4 193 166 4 194 494 7 195 290 7 196 283 7 197 476 44 198 279 44 199 274 44 200 475 45 201 227 45 202 281 45 203 490 19 204 277 19 205 313 19 206 489 4 207 313 4 208 312 4 209 488 18 210 312 18 211 278 18 212 464 18 213 274 18 214 242 18 215 463 19 216 244 19 217 243 19 218 462 19 219 270 19 220 233 19 221 461 18 222 238 18 223 272 18 224 386 7 225 150 7 226 172 7 227 393 19 228 187 19 229 162 19 230 460 4 231 235 4 232 260 4 233 459 7 234 261 7 235 269 7 236 458 4 237 267 4 238 236 4 239 457 7 240 269 7 241 268 7 242 472 46 243 265 46 244 284 46 245 48 18 246 285 18 247 262 18 248 392 47 249 164 47 250 186 47 251 485 7 252 323 7 253 164 7 254 57 48 255 298 48 256 293 48 257 501 18 258 300 18 259 298 18 260 502 19 261 296 19 262 299 19 263 473 49 264 154 49 265 201 49 266 474 50 267 305 51 268 153 50 269 486 4 270 241 4 271 328 4 272 487 52 273 327 52 274 239 52 275 468 19 276 256 19 277 255 19 278 467 53 279 250 53 280 251 53 281 466 4 282 254 4 283 245 4 284 465 7 285 248 7 286 250 7 287 11 54 288 251 54 289 252 54 290 7 55 291 326 55 292 324 55 293 453 7 294 253 7 295 257 7 296 452 4 297 301 4 298 249 4 299 451 7 300 247 7 301 300 7 302 450 56 303 260 56 304 282 56 305 449 57 306 283 57 307 261 57 308 446 4 309 328 4 310 244 4 311 445 58 312 242 58 313 326 58 314 448 4 315 249 4 316 227 4 317 447 7 318 243 7 319 240 7 320 456 59 321 263 59 322 241 59 323 45 60 324 239 60 325 264 60 326 509 61 327 325 61 328 327 61 329 481 62 330 202 62 331 308 62 332 482 63 333 309 63 334 203 63 335 483 4 336 308 4 337 309 4 338 491 64 339 280 64 340 310 64 341 492 65 342 311 65 343 279 65 344 493 7 345 310 7 346 311 7 347 438 66 348 234 66 349 235 66 350 437 67 351 236 67 352 237 67 353 440 68 354 233 68 355 234 68 356 439 69 357 237 69 358 238 69 359 33 19 360 266 19 361 271 19 362 441 18 363 273 18 364 267 18 365 443 70 366 231 70 367 229 70 368 442 71 369 228 71 370 232 71 371 444 72 372 232 73 373 230 72 374 431 74 375 281 74 376 228 74 377 430 75 378 229 75 379 280 75 380 433 7 381 299 7 382 246 7 383 432 4 384 245 4 385 301 4 386 3 76 387 226 76 388 276 76 389 434 77 390 225 77 391 275 77 392 436 7 393 224 7 394 168 7 395 435 4 396 169 4 397 222 4 398 421 18 399 221 18 400 223 18 401 420 19 402 222 19 403 219 19 404 71 4 405 220 4 406 218 4 407 419 7 408 216 7 409 221 7 410 422 4 411 217 4 412 207 4 413 75 7 414 210 7 415 215 7 416 425 4 417 214 4 418 220 4 419 82 7 420 219 7 421 212 7 422 424 78 423 208 78 424 163 78 425 423 79 426 170 79 427 210 79 428 429 80 429 209 80 430 169 80 431 428 81 432 171 81 433 205 81 434 79 4 435 206 4 436 213 4 437 427 7 438 211 7 439 209 7 440 412 82 441 204 82 442 150 82 443 411 83 444 197 83 445 202 83 446 417 18 447 201 18 448 307 18 449 416 7 450 307 7 451 306 7 452 415 19 453 306 19 454 200 19 455 414 19 456 166 19 457 167 19 458 413 18 459 165 18 460 197 18 461 418 18 462 195 18 463 161 18 464 25 19 465 156 19 466 193 19 467 385 84 468 160 84 469 159 84 470 407 4 471 192 4 472 184 4 473 406 7 474 183 7 475 158 7 476 405 4 477 191 4 478 192 4 479 404 7 480 159 7 481 190 7 482 384 85 483 158 85 484 157 85 485 409 18 486 185 18 487 208 18 488 52 19 489 207 19 490 188 19 491 378 86 492 161 86 493 160 86 494 507 87 495 321 87 496 319 87 497 508 88 498 320 88 499 322 88 500 377 89 501 157 89 502 156 89 503 484 90 504 162 90 505 321 90 506 29 18 507 190 18 508 196 18 509 398 91 510 174 91 511 173 91 512 397 19 513 178 19 514 179 19 515 396 4 516 173 4 517 171 4 518 395 7 519 168 7 520 177 7 521 403 4 522 180 4 523 176 4 524 379 19 525 194 19 526 189 19 527 401 92 528 175 92 529 174 92 530 400 4 531 223 4 532 170 4 533 399 7 534 172 7 535 224 7 536 391 93 537 184 93 538 206 93 539 390 94 540 205 94 541 183 94 542 381 18 543 155 18 544 151 18 545 329 95 546 230 72 547 304 95 548 330 96 549 278 96 550 231 96 551 331 97 552 304 97 553 226 97 554 332 98 555 275 98 556 277 98 557 333 99 558 200 99 559 198 99 560 334 100 561 149 100 562 305 100 563 380 19 564 152 19 565 154 19 566 382 101 567 153 50 568 155 101 569 336 102 570 106 102 571 107 102 572 374 103 573 203 103 574 152 103 575 338 18 576 108 18 577 109 18 578 373 104 579 151 104 580 204 104 581 339 105 582 110 105 583 303 105 584 340 106 585 318 106 586 110 106 587 341 18 588 303 18 589 302 18 590 42 107 591 198 107 592 148 107 593 504 108 594 314 108 595 315 108 596 505 109 597 317 109 598 314 109 599 506 18 600 316 18 601 317 18 602 375 110 603 199 110 604 149 110 605 344 111 606 140 111 607 123 111 608 345 4 609 126 4 610 121 4 611 342 112 612 146 112 613 140 112 614 343 113 615 121 113 616 145 113 617 348 4 618 145 4 619 144 4 620 349 7 621 147 7 622 146 7 623 346 114 624 143 114 625 147 114 626 347 115 627 144 115 628 113 115 629 354 4 630 113 4 631 118 4 632 355 116 633 115 116 634 143 116 635 356 7 636 141 7 637 114 7 638 357 4 639 142 4 640 122 4 641 350 117 642 122 117 643 111 117 644 351 118 645 112 118 646 141 118 647 352 119 648 119 119 649 142 119 650 353 120 651 114 120 652 120 120 653 362 4 654 111 4 655 116 4 656 363 7 657 117 7 658 112 7 659 364 121 660 116 121 661 130 121 662 365 18 663 131 18 664 117 18 665 358 7 666 120 7 667 125 7 668 359 4 669 124 4 670 119 4 671 360 19 672 125 19 673 126 19 674 361 122 675 123 122 676 124 122 677 371 18 678 133 18 679 139 18 680 90 123 681 137 123 682 128 123 683 86 18 684 118 18 685 134 18 686 372 124 687 127 124 688 115 124 689 94 18 690 139 18 691 132 18 692 719 125 693 668 125 694 526 125 695 526 126 696 654 126 697 529 126 698 531 127 699 530 127 700 579 127 701 535 126 702 533 126 703 532 126 704 539 126 705 537 126 706 536 126 707 742 126 708 740 126 709 739 126 710 540 128 711 558 128 712 543 128 713 541 126 714 540 126 715 543 126 716 541 129 717 544 129 718 547 129 719 546 130 720 553 130 721 544 130 722 553 131 723 552 131 724 575 131 725 549 132 726 550 132 727 555 132 728 549 133 729 548 133 730 561 133 731 554 134 732 557 134 733 550 134 734 561 135 735 560 135 736 563 135 737 564 136 738 560 136 739 562 136 740 559 126 741 551 126 742 556 126 743 569 126 744 570 126 745 749 126 746 568 126 747 572 126 748 571 126 749 575 126 750 574 126 751 576 126 752 566 126 753 565 126 754 567 126 755 566 126 756 569 126 757 568 126 758 530 126 759 580 126 760 579 126 761 578 137 762 577 137 763 713 137 764 589 126 765 587 126 766 705 126 767 589 126 768 578 126 769 587 126 770 585 126 771 611 126 772 586 126 773 583 138 774 582 138 775 630 138 776 583 126 777 613 126 778 591 126 779 601 126 780 716 126 781 599 126 782 641 126 783 623 126 784 593 126 785 744 126 786 625 126 787 595 126 788 598 126 789 597 126 790 614 126 791 636 126 792 593 126 793 606 126 794 610 139 795 608 139 796 590 139 797 603 140 798 602 140 799 605 140 800 605 126 801 604 126 802 608 126 803 621 126 804 584 126 805 619 126 806 618 126 807 638 126 808 616 126 809 620 141 810 592 141 811 611 141 812 612 126 813 597 126 814 613 126 815 630 126 816 629 126 817 631 126 818 625 126 819 624 126 820 594 126 821 628 126 822 626 126 823 704 126 824 623 142 825 622 142 826 577 142 827 647 143 828 645 143 829 598 143 830 645 126 831 603 126 832 648 126 833 641 126 834 640 126 835 617 126 836 644 126 837 635 126 838 642 126 839 638 126 840 637 126 841 639 126 842 634 144 843 632 144 844 643 144 845 636 126 846 635 126 847 632 126 848 606 126 849 649 126 850 657 126 851 656 126 852 654 126 853 528 126 854 653 145 855 652 145 856 738 145 857 667 146 858 706 146 859 651 146 860 527 126 861 666 126 862 668 126 863 667 126 864 666 126 865 527 126 866 665 126 867 663 126 868 700 126 869 659 147 870 690 147 871 662 147 872 660 126 873 659 126 874 662 126 875 683 126 876 682 126 877 681 126 878 672 148 879 671 148 880 676 148 881 670 149 882 669 149 883 717 149 884 725 126 885 687 126 886 674 126 887 676 150 888 675 150 889 652 150 890 695 126 891 678 126 892 677 126 893 711 151 894 697 151 895 694 151 896 693 126 897 680 126 898 696 126 899 700 126 900 699 126 901 698 126 902 703 126 903 702 126 904 701 126 905 685 152 906 684 152 907 663 152 908 687 153 909 686 153 910 660 153 911 661 126 912 688 126 913 690 126 914 670 126 915 707 126 916 692 126 917 720 126 918 529 126 919 721 126 920 672 126 921 723 126 922 707 126 923 726 126 924 710 126 925 727 126 926 711 126 927 710 126 928 674 126 929 671 126 930 730 126 931 709 126 932 733 126 933 732 126 934 731 126 935 703 126 936 728 126 937 730 126 938 735 126 939 737 126 940 736 126 941 675 126 942 733 126 943 738 126 944 705 154 945 704 154 946 531 154 947 714 126 948 622 126 949 712 126 950 723 126 951 722 126 952 724 126 953 745 126 954 715 126 955 743 126 956 716 155 957 715 155 958 595 155 959 747 126 960 683 126 961 717 126 962 747 126 963 746 126 964 748 126 965 725 126 966 674 126 967 710 126 968 694 126 969 653 126 970 711 126 971 738 126 972 652 126 973 675 126 974 737 126 975 734 126 976 733 126 977 684 126 978 700 126 979 663 126 980 660 156 981 686 156 982 685 156 983 730 126 984 708 126 985 703 126 986 671 126 987 709 126 988 676 126 989 747 126 990 717 126 991 669 126 992 707 126 993 691 126 994 672 126 995 723 126 996 706 126 997 650 126 998 719 126 999 526 126 1000 529 126 1001 531 126 1002 704 126 1003 626 126 1004 713 126 1005 577 126 1006 622 126 1007 624 126 1008 623 126 1009 594 126 1010 715 126 1011 744 126 1012 595 126 1013 617 126 1014 640 126 1015 638 126 1016 593 126 1017 607 126 1018 641 126 1019 636 126 1020 606 126 1021 657 126 1022 635 126 1023 643 126 1024 632 126 1025 598 126 1026 645 126 1027 648 126 1028 603 126 1029 649 126 1030 658 126 1031 592 157 1032 612 157 1033 613 157 1034 620 126 1035 611 126 1036 584 126 1037 568 126 1038 571 126 1039 566 126 1040 605 126 1041 602 126 1042 615 126 1043 608 126 1044 604 126 1045 590 126 1046 559 126 1047 749 126 1048 570 126 1049 749 126 1050 542 126 1051 569 126 1052 677 126 1053 680 126 1054 695 126 1055 697 126 1056 693 126 1057 696 126 1058 680 158 1059 257 158 1060 256 158 1061 180 159 1062 604 159 1063 179 159 1064 181 160 1065 512 160 1066 510 160 1067 512 161 1068 181 161 1069 21 161 1070 510 162 1071 525 162 1072 379 162 1073 21 163 1074 379 163 1075 525 163 1076 514 4 1077 516 4 1078 182 4 1079 410 4 1080 513 4 1081 514 4 1082 19 164 1083 182 164 1084 516 164 1085 513 4 1086 410 4 1087 19 4 1088 15 165 1089 519 165 1090 520 165 1091 259 7 1092 520 7 1093 518 7 1094 15 166 1095 457 166 1096 517 166 1097 457 167 1098 268 167 1099 518 167 1100 522 168 1101 524 168 1102 258 168 1103 470 169 1104 521 169 1105 522 169 1106 13 170 1107 258 170 1108 524 170 1109 521 171 1110 470 171 1111 13 171 1112 1 172 1113 7 172 1114 6 172 1115 5 173 1116 3 173 1117 2 173 1118 9 174 1119 15 174 1120 14 174 1121 13 175 1122 11 175 1123 10 175 1124 402 17 1125 21 17 1126 20 17 1127 19 4 1128 403 4 1129 17 4 1130 23 18 1131 29 18 1132 28 18 1133 27 19 1134 25 19 1135 24 19 1136 31 18 1137 461 18 1138 36 18 1139 35 19 1140 33 19 1141 32 19 1142 38 20 1143 42 20 1144 41 20 1145 376 176 1146 507 176 1147 39 176 1148 455 22 1149 48 22 1150 47 22 1151 471 19 1152 45 19 1153 44 19 1154 50 23 1155 392 23 1156 54 23 1157 394 24 1158 52 24 1159 51 24 1160 500 7 1161 496 7 1162 59 7 1163 495 4 1164 57 4 1165 56 4 1166 61 7 1167 67 7 1168 66 7 1169 65 4 1170 63 4 1171 62 4 1172 69 7 1173 75 7 1174 74 7 1175 73 4 1176 71 4 1177 70 4 1178 77 7 1179 82 7 1180 81 7 1181 426 4 1182 79 4 1183 78 4 1184 84 25 1185 90 25 1186 89 25 1187 88 177 1188 86 177 1189 85 177 1190 92 178 1191 364 178 1192 96 178 1193 366 179 1194 94 179 1195 93 179 1196 98 180 1197 336 180 1198 101 180 1199 335 181 1200 341 181 1201 99 181 1202 337 182 1203 504 182 1204 105 182 1205 104 183 1206 503 183 1207 338 183 1208 369 184 1209 370 184 1210 135 184 1211 368 4 1212 369 4 1213 138 4 1214 367 185 1215 92 185 1216 129 185 1217 370 186 1218 367 186 1219 136 186 1220 499 7 1221 500 7 1222 295 7 1223 497 4 1224 495 4 1225 292 4 1226 496 7 1227 472 7 1228 284 7 1229 389 187 1230 508 187 1231 322 187 1232 498 4 1233 65 4 1234 289 4 1235 67 7 1236 499 7 1237 297 7 1238 388 7 1239 414 7 1240 167 7 1241 478 188 1242 497 188 1243 287 188 1244 477 189 1245 447 189 1246 240 189 1247 480 190 1248 450 190 1249 282 190 1250 479 191 1251 433 191 1252 246 191 1253 63 4 1254 479 4 1255 286 4 1256 387 4 1257 424 4 1258 163 4 1259 494 7 1260 61 7 1261 290 7 1262 476 192 1263 492 192 1264 279 192 1265 475 193 1266 448 193 1267 227 193 1268 490 19 1269 332 19 1270 277 19 1271 489 4 1272 490 4 1273 313 4 1274 488 18 1275 489 18 1276 312 18 1277 464 18 1278 476 18 1279 274 18 1280 463 19 1281 446 19 1282 244 19 1283 462 19 1284 35 19 1285 270 19 1286 461 18 1287 439 18 1288 238 18 1289 386 7 1290 412 7 1291 150 7 1292 393 19 1293 394 19 1294 187 19 1295 460 4 1296 438 4 1297 235 4 1298 459 7 1299 449 7 1300 261 7 1301 458 4 1302 441 4 1303 267 4 1304 457 7 1305 459 7 1306 269 7 1307 472 194 1308 471 194 1309 265 194 1310 48 18 1311 477 18 1312 285 18 1313 392 195 1314 485 195 1315 164 195 1316 485 7 1317 388 7 1318 323 7 1319 57 4 1320 501 4 1321 298 4 1322 501 18 1323 451 18 1324 300 18 1325 502 19 1326 498 19 1327 296 19 1328 473 196 1329 380 196 1330 154 196 1331 474 50 1332 334 51 1333 305 51 1334 486 4 1335 456 4 1336 241 4 1337 487 197 1338 509 197 1339 327 197 1340 468 19 1341 454 19 1342 256 19 1343 467 198 1344 465 198 1345 250 198 1346 466 4 1347 469 4 1348 254 4 1349 465 7 1350 480 7 1351 248 7 1352 11 199 1353 467 199 1354 251 199 1355 7 200 1356 445 200 1357 326 200 1358 453 7 1359 9 7 1360 253 7 1361 452 4 1362 432 4 1363 301 4 1364 451 7 1365 478 7 1366 247 7 1367 450 201 1368 460 201 1369 260 201 1370 449 202 1371 494 202 1372 283 202 1373 446 4 1374 486 4 1375 328 4 1376 445 203 1377 464 203 1378 242 203 1379 448 4 1380 452 4 1381 249 4 1382 447 7 1383 463 7 1384 243 7 1385 456 204 1386 455 204 1387 263 204 1388 45 205 1389 487 205 1390 239 205 1391 509 206 1392 5 206 1393 325 206 1394 481 207 1395 411 207 1396 202 207 1397 482 208 1398 483 208 1399 309 208 1400 483 4 1401 481 4 1402 308 4 1403 491 209 1404 430 209 1405 280 209 1406 492 210 1407 493 210 1408 311 210 1409 493 7 1410 491 7 1411 310 7 1412 438 211 1413 440 211 1414 234 211 1415 437 212 1416 458 212 1417 236 212 1418 440 213 1419 462 213 1420 233 213 1421 439 214 1422 437 214 1423 237 214 1424 33 19 1425 470 19 1426 266 19 1427 441 18 1428 31 18 1429 273 18 1430 443 215 1431 330 215 1432 231 215 1433 442 216 1434 431 216 1435 228 216 1436 444 72 1437 442 73 1438 232 73 1439 431 217 1440 475 217 1441 281 217 1442 430 218 1443 443 218 1444 229 218 1445 433 7 1446 502 7 1447 299 7 1448 432 4 1449 466 4 1450 245 4 1451 3 219 1452 331 219 1453 226 219 1454 434 77 1455 1 77 1456 225 77 1457 436 7 1458 399 7 1459 224 7 1460 435 4 1461 429 4 1462 169 4 1463 421 18 1464 419 18 1465 221 18 1466 420 19 1467 435 19 1468 222 19 1469 71 4 1470 425 4 1471 220 4 1472 419 7 1473 69 7 1474 216 7 1475 422 4 1476 73 4 1477 217 4 1478 75 7 1479 423 7 1480 210 7 1481 425 4 1482 426 4 1483 214 4 1484 82 7 1485 420 7 1486 219 7 1487 424 220 1488 409 220 1489 208 220 1490 423 221 1491 400 221 1492 170 221 1493 429 222 1494 427 222 1495 209 222 1496 428 223 1497 396 223 1498 171 223 1499 79 4 1500 391 4 1501 206 4 1502 427 7 1503 77 7 1504 211 7 1505 412 224 1506 373 224 1507 204 224 1508 411 225 1509 413 225 1510 197 225 1511 417 18 1512 473 18 1513 201 18 1514 416 7 1515 417 7 1516 307 7 1517 415 19 1518 416 19 1519 306 19 1520 414 19 1521 387 19 1522 166 19 1523 413 18 1524 389 18 1525 165 18 1526 418 18 1527 23 18 1528 195 18 1529 25 19 1530 377 19 1531 156 19 1532 385 226 1533 378 226 1534 160 226 1535 407 4 1536 405 4 1537 192 4 1538 406 7 1539 390 7 1540 183 7 1541 405 4 1542 410 4 1543 191 4 1544 404 7 1545 385 7 1546 159 7 1547 384 227 1548 406 227 1549 158 227 1550 409 18 1551 50 18 1552 185 18 1553 52 19 1554 422 19 1555 207 19 1556 378 228 1557 418 228 1558 161 228 1559 507 229 1560 484 229 1561 321 229 1562 508 230 1563 38 230 1564 320 230 1565 377 231 1566 384 231 1567 157 231 1568 484 232 1569 393 232 1570 162 232 1571 29 18 1572 404 18 1573 190 18 1574 398 233 1575 401 233 1576 174 233 1577 397 19 1578 408 19 1579 178 19 1580 396 4 1581 398 4 1582 173 4 1583 395 7 1584 436 7 1585 168 7 1586 403 4 1587 383 4 1588 180 4 1589 379 19 1590 27 19 1591 194 19 1592 401 234 1593 402 234 1594 175 234 1595 400 4 1596 421 4 1597 223 4 1598 399 7 1599 386 7 1600 172 7 1601 391 235 1602 407 235 1603 184 235 1604 390 236 1605 428 236 1606 205 236 1607 381 18 1608 382 18 1609 155 18 1610 329 95 1611 444 72 1612 230 72 1613 330 237 1614 488 237 1615 278 237 1616 331 238 1617 329 238 1618 304 238 1619 332 239 1620 434 239 1621 275 239 1622 333 240 1623 415 240 1624 200 240 1625 334 241 1626 375 241 1627 149 241 1628 380 19 1629 374 19 1630 152 19 1631 382 101 1632 474 50 1633 153 50 1634 336 102 1635 337 102 1636 106 102 1637 374 242 1638 482 242 1639 203 242 1640 338 18 1641 335 18 1642 108 18 1643 373 243 1644 381 243 1645 151 243 1646 339 244 1647 340 244 1648 110 244 1649 340 245 1650 98 245 1651 318 245 1652 341 18 1653 339 18 1654 303 18 1655 42 246 1656 333 246 1657 198 246 1658 504 247 1659 505 247 1660 314 247 1661 505 248 1662 506 248 1663 317 248 1664 506 18 1665 503 18 1666 316 18 1667 375 249 1668 376 249 1669 199 249 1670 344 250 1671 342 250 1672 140 250 1673 345 4 1674 360 4 1675 126 4 1676 342 251 1677 349 251 1678 146 251 1679 343 252 1680 345 252 1681 121 252 1682 348 4 1683 343 4 1684 145 4 1685 349 7 1686 346 7 1687 147 7 1688 346 253 1689 355 253 1690 143 253 1691 347 254 1692 348 254 1693 144 254 1694 354 4 1695 347 4 1696 113 4 1697 355 255 1698 372 255 1699 115 255 1700 356 7 1701 351 7 1702 141 7 1703 357 4 1704 352 4 1705 142 4 1706 350 256 1707 357 256 1708 122 256 1709 351 257 1710 363 257 1711 112 257 1712 352 258 1713 359 258 1714 119 258 1715 353 259 1716 356 259 1717 114 259 1718 362 4 1719 350 4 1720 111 4 1721 363 7 1722 365 7 1723 117 7 1724 364 121 1725 362 121 1726 116 121 1727 365 18 1728 366 18 1729 131 18 1730 358 7 1731 353 7 1732 120 7 1733 359 4 1734 361 4 1735 124 4 1736 360 19 1737 358 19 1738 125 19 1739 361 260 1740 344 260 1741 123 260 1742 371 18 1743 88 18 1744 133 18 1745 90 261 1746 368 261 1747 137 261 1748 86 18 1749 354 18 1750 118 18 1751 372 262 1752 84 262 1753 127 262 1754 94 263 1755 371 263 1756 139 263 1757 719 126 1758 527 126 1759 668 126 1760 526 264 1761 528 264 1762 654 264 1763 531 126 1764 626 126 1765 530 126 1766 535 126 1767 534 126 1768 533 126 1769 539 126 1770 538 126 1771 537 126 1772 742 126 1773 741 126 1774 740 126 1775 540 265 1776 542 265 1777 558 265 1778 541 126 1779 547 126 1780 540 126 1781 541 266 1782 546 266 1783 544 266 1784 546 126 1785 545 126 1786 553 126 1787 553 126 1788 545 126 1789 552 126 1790 549 267 1791 554 267 1792 550 267 1793 549 126 1794 555 126 1795 548 126 1796 554 126 1797 551 126 1798 557 126 1799 561 126 1800 548 126 1801 560 126 1802 564 126 1803 563 126 1804 560 126 1805 559 268 1806 557 268 1807 551 268 1808 568 126 1809 573 126 1810 572 126 1811 575 126 1812 552 126 1813 574 126 1814 566 126 1815 571 126 1816 565 126 1817 566 269 1818 570 269 1819 569 269 1820 530 126 1821 581 126 1822 580 126 1823 578 126 1824 588 126 1825 577 126 1826 589 126 1827 588 126 1828 578 126 1829 585 126 1830 584 126 1831 611 126 1832 583 270 1833 591 270 1834 582 270 1835 583 126 1836 592 126 1837 613 126 1838 601 126 1839 600 126 1840 716 126 1841 641 271 1842 594 271 1843 623 271 1844 744 272 1845 596 272 1846 625 272 1847 598 273 1848 648 273 1849 597 273 1850 636 274 1851 607 274 1852 593 274 1853 610 126 1854 609 126 1855 608 126 1856 603 275 1857 658 275 1858 602 275 1859 605 126 1860 615 126 1861 604 126 1862 621 276 1863 620 276 1864 584 276 1865 618 126 1866 617 126 1867 638 126 1868 620 277 1869 612 277 1870 592 277 1871 612 278 1872 614 278 1873 597 278 1874 630 126 1875 582 126 1876 629 126 1877 625 126 1878 596 126 1879 624 126 1880 628 126 1881 627 126 1882 626 126 1883 623 279 1884 624 279 1885 622 279 1886 647 126 1887 646 126 1888 645 126 1889 645 126 1890 649 126 1891 603 126 1892 641 126 1893 607 126 1894 640 126 1895 644 280 1896 643 280 1897 635 280 1898 638 126 1899 640 126 1900 637 126 1901 634 126 1902 633 126 1903 632 126 1904 636 126 1905 657 126 1906 635 126 1907 606 281 1908 658 281 1909 649 281 1910 656 126 1911 655 126 1912 654 126 1913 653 126 1914 694 126 1915 652 126 1916 667 126 1917 650 126 1918 706 126 1919 667 126 1920 651 126 1921 666 126 1922 665 126 1923 664 126 1924 663 126 1925 659 282 1926 661 282 1927 690 282 1928 660 283 1929 685 283 1930 659 283 1931 683 126 1932 718 126 1933 682 126 1934 672 126 1935 691 126 1936 671 126 1937 670 284 1938 692 284 1939 669 284 1940 725 126 1941 673 126 1942 687 126 1943 676 126 1944 709 126 1945 675 126 1946 695 126 1947 679 126 1948 678 126 1949 711 285 1950 693 285 1951 697 285 1952 693 126 1953 695 126 1954 680 126 1955 700 126 1956 684 126 1957 699 126 1958 703 126 1959 708 126 1960 702 126 1961 685 126 1962 686 126 1963 684 126 1964 687 286 1965 673 286 1966 686 286 1967 661 126 1968 689 126 1969 688 126 1970 670 126 1971 691 126 1972 707 126 1973 720 126 1974 719 126 1975 529 126 1976 672 287 1977 706 287 1978 723 287 1979 726 288 1980 725 288 1981 710 288 1982 711 289 1983 653 289 1984 710 289 1985 671 126 1986 708 126 1987 730 126 1988 733 126 1989 734 126 1990 732 126 1991 703 126 1992 729 126 1993 728 126 1994 735 290 1995 734 290 1996 737 290 1997 675 126 1998 737 126 1999 733 126 2000 705 126 2001 587 126 2002 704 126 2003 714 126 2004 713 126 2005 622 126 2006 723 126 2007 650 126 2008 722 126 2009 745 126 2010 744 126 2011 715 126 2012 716 126 2013 600 126 2014 715 126 2015 747 291 2016 718 291 2017 683 291 2018 747 126 2019 669 126 2020 746 126 2021 559 126 2022 556 126 2023 749 126 2024 749 126 2025 558 126 2026 542 126 2027 680 292 2028 677 292 2029 257 292 2030 180 293 2031 590 293 2032 604 293 2033</p>
        </triangles>
      </mesh>
    </geometry>
  </library_geometries>
  <library_visual_scenes>
    <visual_scene id="Scene" name="Scene">
      <node id="aws_robomaker_hospital_floor_01_doorsign_visual" name="aws_robomaker_hospital_floor_01_doorsign_visual" type="NODE">
        <matrix sid="transform">1.94707e-9 1.50996e-9 0.01 0 0 -0.01 1.50996e-9 0 0.009999999 -2.94e-16 -1.94707e-9 0 0 0 0 1</matrix>
        <instance_geometry url="#ID106_001-mesh" name="aws_robomaker_hospital_floor_01_doorsign_visual">
          <bind_material>
            <technique_common>
              <instance_material symbol="aws_robomaker_hospital_floor_01_doorsign_001-material" target="#aws_robomaker_hospital_floor_01_doorsign_001-material">
                <bind_vertex_input semantic="ID111" input_semantic="TEXCOORD" input_set="0"/>
              </instance_material>
            </technique_common>
          </bind_material>
        </instance_geometry>
      </node>
      <!--
      <node id="aws_robomaker_hospital_floor_01_bumprail_visual" name="aws_robomaker_hospital_floor_01_bumprail_visual" type="NODE">
        <matrix sid="transform">1.94707e-9 1.50996e-9 0.01 0 0 -0.01 1.50996e-9 -2.27524e-7 0.009999999 -2.94e-16 -1.94707e-9 -2.27524e-7 0 0 0 1</matrix>
        <instance_geometry url="#ID97_001-mesh" name="aws_robomaker_hospital_floor_01_bumprail_visual">
          <bind_material>
            <technique_common>
              <instance_material symbol="aws_robomaker_hospital_floor_01_bumprail_001-material" target="#aws_robomaker_hospital_floor_01_bumprail_001-material">
                <bind_vertex_input semantic="ID102" input_semantic="TEXCOORD" input_set="0"/>
              </instance_material>
            </technique_common>
          </bind_material>
        </instance_geometry>
      </node>
      -->
      <node id="aws_robomaker_hospital_floor_01_handrail_visual" name="aws_robomaker_hospital_floor_01_handrail_visual" type="NODE">
        <matrix sid="transform">1.94707e-9 1.50996e-9 0.01 0 0 -0.01 1.50996e-9 0 0.009999999 -2.94e-16 -1.94707e-9 0 0 0 0 1</matrix>
        <instance_geometry url="#ID88_001-mesh" name="aws_robomaker_hospital_floor_01_handrail_visual">
          <bind_material>
            <technique_common>
              <instance_material symbol="aws_robomaker_hospital_floor_01_handrail_001-material" target="#aws_robomaker_hospital_floor_01_handrail_001-material">
                <bind_vertex_input semantic="ID93" input_semantic="TEXCOORD" input_set="0"/>
              </instance_material>
            </technique_common>
          </bind_material>
        </instance_geometry>
      </node>
      <node id="aws_robomaker_hospital_floor_01_doorframes_big_visual" name="aws_robomaker_hospital_floor_01_doorframes_big_visual" type="NODE">
        <matrix sid="transform">1.94707e-9 1.50996e-9 0.01 0 0 -0.01 1.50996e-9 -2.27524e-7 0.009999999 -2.94e-16 -1.94707e-9 -2.27524e-7 0 0 0 1</matrix>
        <instance_geometry url="#ID79_001-mesh" name="aws_robomaker_hospital_floor_01_doorframes_big_visual">
          <bind_material>
            <technique_common>
              <instance_material symbol="aws_robomaker_hospital_floor_01_doorframes_big_001-material" target="#aws_robomaker_hospital_floor_01_doorframes_big_001-material">
                <bind_vertex_input semantic="ID84" input_semantic="TEXCOORD" input_set="0"/>
              </instance_material>
            </technique_common>
          </bind_material>
        </instance_geometry>
      </node>
      <node id="aws_robomaker_hospital_floor_01_doorframes_small_visual" name="aws_robomaker_hospital_floor_01_doorframes_small_visual" type="NODE">
        <matrix sid="transform">1.94707e-9 1.50996e-9 0.01 0 0 -0.01 1.50996e-9 -2.27524e-7 0.009999999 -2.94e-16 -1.94707e-9 -2.27524e-7 0 0 0 1</matrix>
        <instance_geometry url="#ID70_001-mesh" name="aws_robomaker_hospital_floor_01_doorframes_small_visual">
          <bind_material>
            <technique_common>
              <instance_material symbol="aws_robomaker_hospital_floor_01_doorframes_small_001-material" target="#aws_robomaker_hospital_floor_01_doorframes_small_001-material">
                <bind_vertex_input semantic="ID75" input_semantic="TEXCOORD" input_set="0"/>
              </instance_material>
            </technique_common>
          </bind_material>
        </instance_geometry>
      </node>
      <node id="aws_robomaker_hospital_floor_01_windows_visual" name="aws_robomaker_hospital_floor_01_windows_visual" type="NODE">
        <matrix sid="transform">1.94707e-9 1.50996e-9 0.01 0 0 -0.01 1.50996e-9 -2.27524e-7 0.009999999 -2.94e-16 -1.94707e-9 -2.27524e-7 0 0 0 1</matrix>
        <instance_geometry url="#ID61_001-mesh" name="aws_robomaker_hospital_floor_01_windows_visual">
          <bind_material>
            <technique_common>
              <instance_material symbol="aws_robomaker_hospital_floor_01_windows_001-material" target="#aws_robomaker_hospital_floor_01_windows_001-material">
                <bind_vertex_input semantic="ID66" input_semantic="TEXCOORD" input_set="0"/>
              </instance_material>
            </technique_common>
          </bind_material>
        </instance_geometry>
      </node>
      <node id="aws_robomaker_hospital_floor_01_stairs_visual" name="aws_robomaker_hospital_floor_01_stairs_visual" type="NODE">
        <matrix sid="transform">1.94707e-9 1.50996e-9 0.01 0 0 -0.01 1.50996e-9 -2.27524e-7 0.009999999 -2.94e-16 -1.94707e-9 -2.27524e-7 0 0 0 1</matrix>
        <instance_geometry url="#ID52_001-mesh" name="aws_robomaker_hospital_floor_01_stairs_visual">
          <bind_material>
            <technique_common>
              <instance_material symbol="aws_robomaker_hospital_floor_01_stairs_001-material" target="#aws_robomaker_hospital_floor_01_stairs_001-material">
                <bind_vertex_input semantic="ID57" input_semantic="TEXCOORD" input_set="0"/>
              </instance_material>
            </technique_common>
          </bind_material>
        </instance_geometry>
      </node>
      <node id="aws_robomaker_hospital_floor_01_walls_visual" name="aws_robomaker_hospital_floor_01_walls_visual" type="NODE">
        <matrix sid="transform">0.01 0 0 0 0 -4.37114e-10 -0.01 1.13762e-7 0 0.01 -4.37114e-10 -1.13762e-7 0 0 0 1</matrix>
        <instance_geometry url="#ID43_001-mesh" name="aws_robomaker_hospital_floor_01_walls_visual">
          <bind_material>
            <technique_common>
              <instance_material symbol="aws_robomaker_hospital_floor_01_walls_001-material" target="#aws_robomaker_hospital_floor_01_walls_001-material">
                <bind_vertex_input semantic="ID48" input_semantic="TEXCOORD" input_set="0"/>
              </instance_material>
            </technique_common>
          </bind_material>
        </instance_geometry>
      </node>
    </visual_scene>
  </library_visual_scenes>
  <scene>
    <instance_visual_scene url="#Scene"/>
  </scene>
</COLLADA>