<?xml version="1.0" encoding="utf-8"?>
<COLLADA xmlns="http://www.collada.org/2005/11/COLLADASchema" version="1.4.1"
	xmlns:xsi="http://www.w3.org/2001/XMLSchema-instance">
	<asset>
		<contributor>
			<author>Blender User</author>
			<authoring_tool>Blender 4.5.13 LTS commit date:2026-08-24, commit time:11:28,
				hash:daeeeca98fb0</authoring_tool>
		</contributor>
		<created>2026-09-07T12:22:34</created>
		<modified>2026-09-07T12:22:34</modified>
		<unit name="meter" meter="1" />
		<up_axis>Z_UP</up_axis>
	</asset>
	<library_effects>
		<effect id="Material-effect">
			<profile_COMMON>
				<technique sid="common">
					<lambert>
						<emission>
							<color sid="emission">0 0 0 1</color>
						</emission>
						<diffuse>
							<color sid="diffuse">1 1 1 1</color>
						</diffuse>
						<index_of_refraction>
							<float sid="ior">1.45</float>
						</index_of_refraction>
					</lambert>
				</technique>
			</profile_COMMON>
		</effect>
	</library_effects>
	<library_images />
	<library_materials>
		<material id="Material-material" name="Material">
			<instance_effect url="#Material-effect" />
		</material>
	</library_materials>
	<library_geometries>
		<geometry id="Mesh_001-mesh" name="Mesh_001">
			<mesh>
				<source id="Mesh_001-mesh-positions">
					<float_array id="Mesh_001-mesh-positions-array" count="5646">1.09499 -6.40211
						0.63683 1.09499 -6.40211 -1.204 1.46317 -6.32813 0.63683 1.75249 -6.25418
						-1.204 1.75137 -6.25005 0.63683 1.931 -6.20139 0.63683 2.38761 -6.0401
						-1.204 2.38809 -6.04012 0.63683 2.39107 -6.03881 0.63683 2.83187 -5.84521
						0.63683 2.95535 -5.78089 -1.204 3.00198 -5.75482 0.63683 3.25989 -5.61776
						0.63683 3.58456 -5.41636 -1.204 3.58294 -5.41381 0.63683 3.66975 -5.35901
						0.63683 4.12651 -5.01577 -1.204 4.05917 -5.07042 0.63683 4.62404 -4.56118
						-1.204 4.42599 -4.7536 0.63683 4.12477 -5.01376 0.63683 5.46142 -3.5079
						0.63683 5.37107 -3.65207 0.63683 5.46492 -3.51009 -1.204 5.08377 -4.04244
						0.63683 5.04085 -4.09227 -1.204 5.07125 -4.05703 0.63683 4.76815 -4.4103
						0.63683 4.62089 -4.55805 0.63683 5.62847 -3.24136 0.63683 5.79922 -2.92492
						-1.204 5.79615 -2.9233 0.63683 5.85451 -2.8126 0.63683 6.07108 -2.30825
						-1.204 6.04796 -2.36817 0.63683 6.27758 -1.66673 -1.204 6.20772 -1.91056
						0.63683 6.06912 -2.30756 0.63683 6.42284 -0.96602 0.63683 6.4151 -1.00701
						0.63683 6.4165 -1.00727 -1.204 6.33291 -1.44231 0.63683 6.27322 -1.66557
						0.63683 6.47699 -0.48436 0.63683 6.48455 -0.3541 -1.204 6.4825 -0.33682
						0.63683 6.49508 0 0.63683 6.48455 0.35411 -1.204 6.4825 0.33683 0.63683
						6.47699 0.48437 0.63683 6.4165 1.00728 -1.204 6.42284 0.96603 0.63683 6.236
						1.79591 -1.204 6.33291 1.44232 0.63683 6.4151 1.00701 0.63683 5.79615
						2.92331 0.63683 5.85451 2.81261 0.63683 5.79921 2.92492 -1.204 6.04796
						2.36818 0.63683 6.07108 2.30826 -1.204 6.06912 2.30757 0.63683 6.20772
						1.91057 0.63683 6.27322 1.66558 0.63683 5.62846 3.24137 0.63683 5.46491
						3.5101 -1.204 5.46142 3.50791 0.63683 5.37107 3.65208 0.63683 5.04084
						4.09228 -1.204 5.08377 4.04245 0.63683 5.07125 4.05703 0.63683 4.76815
						4.41031 0.63683 4.62403 4.56118 -1.204 4.62089 4.55805 0.63683 4.42598
						4.7536 0.63682 4.1265 5.01578 -1.204 4.12477 5.01377 0.63682 4.05916 5.07043
						0.63682 3.58455 5.41637 -1.204 3.66974 5.35902 0.63682 2.95535 5.7809 -1.204
						3.25988 5.61776 0.63682 3.58294 5.41381 0.63682 1.75137 6.25006 0.63682
						1.931 6.2014 0.63682 1.75248 6.25419 -1.204 2.38808 6.04013 0.63682 2.39112
						6.03893 -1.204 2.39107 6.03882 0.63682 2.83187 5.84522 0.63682 3.00197
						5.75482 0.63682 1.46316 6.32813 0.63682 1.09499 6.40211 -1.204 1.09499
						6.40211 0.63682 3.71237 4.96912 0.95972 3.87913 4.84554 0.95972 3.91135
						4.88579 0.94955 5.85068 2.81077 0.68921 5.62478 3.23925 0.68921 5.61383
						3.23294 0.74022 1.4622 6.32399 0.68921 2.38652 6.03618 0.68921 6.20366
						1.90932 0.68921 6.32877 1.44137 0.68921 6.41863 0.9654 0.68921 6.49083 0
						0.68921 6.47276 -0.48404 0.68921 6.32877 -1.44136 0.68921 6.20366 -1.90931
						0.68921 6.044 -2.36662 0.68921 5.62479 -3.23924 0.68921 5.36756 -3.64968
						0.68921 4.76504 -4.40741 0.68921 4.42309 -4.75049 0.68921 4.05651 -5.06711
						0.68921 3.25775 -5.61408 0.68921 2.83002 -5.84139 0.68921 2.38653 -6.03617
						0.68921 1.18961 -6.14356 0.9498 1.18926 -6.14451 0.94948 1.40989 -6.09769
						0.94955 1.17072 -6.19518 0.93258 1.16958 -6.19829 0.93096 1.42098 -6.14567
						0.9312 1.39826 6.04746 0.95972 1.40988 6.0977 0.94955 1.20996 6.08793
						0.95972 1.18929 6.14443 0.94913 1.1872 6.15013 0.94806 1.42097 6.14568
						0.9312 1.16962 6.19815 0.93058 1.16623 6.20744 0.9272 1.43126 6.19015
						0.90515 1.16031 6.22361 0.91928 1.44046 6.22995 0.87208 1.14296 6.27102
						0.88962 1.15153 6.2476 0.90427 1.12118 6.33053 0.83268 1.12634 6.31644
						0.84922 1.44834 6.26403 0.83287 1.12812 6.31156 0.8543 1.13528 6.29199
						0.87135 1.11887 6.33685 0.82528 1.45469 6.29152 0.78853 1.10998 6.36113
						0.78838 1.10907 6.36361 0.7846 1.45936 6.31168 0.74022 1.10619 6.37149
						0.76942 1.09998 6.38848 0.72643 1.10194 6.38312 0.73998 1.09543 6.40091
						0.66367 1.09628 6.39859 0.68274 1.09682 6.39711 0.68913 1.09622 -6.39876
						0.68159 1.46221 -6.32399 0.68921 1.0968 -6.39718 0.68915 1.10464 -6.37575
						0.76024 1.102 -6.38295 0.73996 1.45936 -6.31168 0.74022 1.09881 -6.39169
						0.71534 1.4547 -6.29151 0.78853 1.11018 -6.36062 0.78817 1.11315 -6.35249
						0.80317 1.44835 -6.26403 0.83287 1.11888 -6.33684 0.82528 1.12129 -6.33026
						0.83247 1.14833 -6.25637 0.89992 1.13517 -6.29232 0.87163 1.44047 -6.22994
						0.87209 1.13242 -6.29984 0.86571 5.08044 4.0398 0.68921 4.76503 4.40742
						0.68921 4.42309 4.75049 0.68921 3.66734 5.35551 0.68921 3.25775 5.61409
						0.68921 2.83001 5.8414 0.68921 1.92973 6.19734 0.68921 5.34 3.63095 0.78853
						5.35711 3.64258 0.74022 5.36756 3.64969 0.68921 5.03227 4.0015 0.83287
						5.05435 4.01906 0.78853 5.07055 4.03194 0.74022 4.69417 4.34188 0.87208
						4.71985 4.36563 0.83287 4.74056 4.38479 0.78853 4.75575 4.39884 0.74022
						4.32947 4.64995 0.90515 4.35731 4.67985 0.87208 4.38115 4.70546 0.83287
						4.40037 4.7261 0.78853 4.41447 4.74125 0.74022 1.15084 -6.24949 0.90438
						1.43126 -6.19014 0.90515 1.8889 -6.06617 0.90515 3.94213 4.92424 0.9312
						3.97065 4.95987 0.90515 3.99618 4.99176 0.87208 4.01805 5.01907 0.83287
						4.03568 5.04109 0.78853 4.04861 5.05725 0.74022 4.05651 5.06711 0.68921
						1.87533 -6.02259 0.9312 2.31923 -5.86597 0.9312 3.53611 5.16387 0.94955
						3.56393 5.20451 0.9312 3.58972 5.24217 0.90515 3.6128 5.27587 0.87208
						3.63257 5.30474 0.83287 3.64851 5.32801 0.78853 3.6602 5.34509 0.74022
						1.86069 -5.97557 0.94955 2.30113 -5.82018 0.94955 2.72875 -5.63237 0.94955
						3.71238 -4.96912 0.95972 3.50698 -5.12133 0.95972 3.53612 -5.16387 0.94955
						3.14118 -5.41319 0.94955 3.1659 -5.45578 0.9312 2.75022 -5.67669 0.9312
						2.77012 -5.71776 0.90515 2.33602 -5.90842 0.90515 2.35104 -5.94641 0.87209
						1.90104 -6.10518 0.87209 1.91144 -6.13858 0.83287 4.26482 -4.5805 0.94955
						3.91136 -4.88579 0.94955 3.94214 -4.92423 0.9312 3.56394 -5.2045 0.9312
						3.58973 -5.24216 0.90515 3.18881 -5.49526 0.90515 3.20931 -5.53059 0.87209
						2.78794 -5.75453 0.87209 2.80319 -5.78601 0.83287 2.3639 -5.97894 0.83287
						2.37427 -6.00518 0.78853 1.91983 -6.16551 0.78853 1.92598 -6.18527 0.74022
						1.92974 -6.19734 0.68921 2.38188 -6.02442 0.74022 2.82451 -5.83002 0.74022
						2.81549 -5.8114 0.78853 3.24103 -5.58525 0.78853 3.22687 -5.56086 0.83287
						3.63258 -5.30473 0.83287 3.61281 -5.27587 0.87209 3.99619 -4.99175 0.87209
						3.97066 -4.95986 0.90515 4.32948 -4.64995 0.90515 4.29838 -4.61654 0.9312
						4.63068 -4.28314 0.9312 4.59453 -4.2497 0.94955 4.89865 -3.89524 0.94955
						4.85829 -3.86315 0.95972 4.97597 -3.70326 0.95972 3.25141 -5.60315 0.74022
						3.66021 -5.34508 0.74022 3.64851 -5.32801 0.78853 4.03568 -5.04109 0.78853
						4.01805 -5.01907 0.83287 4.38116 -4.70545 0.83287 4.35732 -4.67984 0.87209
						4.69418 -4.34187 0.87209 4.66419 -4.31413 0.90515 4.97292 -3.9543 0.90515
						4.93719 -3.92589 0.9312 5.21622 -3.54677 0.9312 5.17549 -3.51908 0.94955
						5.42351 -3.12333 0.94955 3.66734 -5.35551 0.68921 4.04862 -5.05724 0.74022
						4.41448 -4.74124 0.74022 4.40038 -4.7261 0.78853 4.74057 -4.38478 0.78853
						4.71986 -4.36563 0.83287 5.03228 -4.00149 0.83287 5.0049 -3.97972 0.87209
						5.28774 -3.5954 0.87209 5.25396 -3.57244 0.90515 5.50574 -3.17068 0.90515
						5.46619 -3.1479 0.9312 5.68572 -2.7315 0.9312 5.64133 -2.71018 0.94955
						5.82773 -2.28194 0.94955 5.77972 -2.26314 0.95972 5.85549 -2.0461 0.95972
						4.75576 -4.39883 0.74022 5.07055 -4.03193 0.74022 5.05436 -4.01905 0.78853
						5.34 -3.63094 0.78853 5.31667 -3.61508 0.83287 5.57146 -3.20853 0.83287
						5.54114 -3.19107 0.87209 5.76368 -2.76896 0.87209 5.72686 -2.75127 0.90515
						5.91609 -2.31654 0.90515 5.87358 -2.29989 0.9312 6.02874 -1.85547 0.9312
						5.98167 -1.84099 0.94955 6.10231 -1.38979 0.94955 5.08045 -4.03979 0.68921
						5.35711 -3.64257 0.74022 5.5959 -3.2226 0.78853 5.79522 -2.78411 0.83287
						5.95412 -2.33143 0.87209 6.07236 -1.8689 0.90515 6.15032 -1.40072 0.9312
						6.18896 -0.93085 0.94955 5.61383 -3.23293 0.74022 5.82064 -2.79632 0.78853
						5.9867 -2.34419 0.83287 6.11141 -1.88092 0.87209 6.19483 -1.41086 0.90515
						6.23765 -0.93817 0.9312 6.24114 -0.46672 0.94955 5.85068 -2.81076 0.68921
						5.83929 -2.80528 0.74022 6.03224 -2.36202 0.74022 6.01297 -2.35447 0.78853
						6.17181 -1.89951 0.78853 6.14485 -1.89121 0.83287 6.26877 -1.4277 0.83287
						6.23466 -1.41993 0.87209 6.32319 -0.95103 0.87209 6.28279 -0.94496 0.90515
						6.33577 -0.4738 0.90515 6.29025 -0.47039 0.9312 6.30781 0 0.9312 6.25857 0
						0.94955 6.24114 0.46673 0.94955 6.18972 0.46288 0.95972 6.16511 0.68175
						0.95972 6.19158 -1.90559 0.74022 6.31645 -1.43856 0.74022 6.29627 -1.43396
						0.78853 6.38568 -0.96043 0.78853 6.35778 -0.95624 0.83287 6.41139 -0.47945
						0.83287 6.3765 -0.47684 0.87209 6.39431 0 0.87209 6.35346 0 0.90515 6.33576
						0.47381 0.90515 6.29025 0.4704 0.9312 6.23765 0.93818 0.9312 6.18896 0.93085
						0.94955 6.10231 1.3898 0.94955 6.40614 -0.96351 0.74022 6.43952 -0.48156
						0.78853 6.42929 0 0.83287 6.3765 0.47685 0.87209 6.28279 0.94497 0.90515
						6.15032 1.40073 0.9312 5.98167 1.841 0.94955 6.41864 -0.96539 0.68921
						6.46015 -0.4831 0.74022 6.4575 0 0.78853 6.41139 0.47946 0.83287 6.32318
						0.95104 0.87209 6.19483 1.41087 0.90515 6.02874 1.85548 0.9312 5.82772
						2.28195 0.94955 6.47819 0 0.74022 6.46015 0.48311 0.74022 6.43952 0.48156
						0.78853 6.38568 0.96044 0.78853 6.35778 0.95625 0.83287 6.26877 1.42771
						0.83287 6.23466 1.41994 0.87209 6.1114 1.88093 0.87209 6.07236 1.86891
						0.90515 5.91608 2.31654 0.90515 5.87358 2.2999 0.9312 5.68571 2.73151 0.9312
						5.64132 2.71019 0.94955 5.42351 3.12333 0.94955 5.37883 3.0976 0.95972
						5.18115 3.41303 0.95972 6.47276 0.48405 0.68921 6.40614 0.96352 0.74022
						6.31645 1.43857 0.74022 6.29627 1.43397 0.78853 6.1718 1.89952 0.78853
						6.14484 1.89122 0.83287 5.9867 2.34419 0.83287 5.95412 2.33144 0.87209
						5.76368 2.76897 0.87209 5.72686 2.75128 0.90515 5.50574 3.17069 0.90515
						5.46618 3.14791 0.9312 5.21621 3.54678 0.9312 5.17549 3.51909 0.94955
						4.89865 3.89524 0.94955 6.19158 1.9056 0.74022 6.03223 2.36202 0.74022
						6.01296 2.35448 0.78853 5.82064 2.79633 0.78853 5.79521 2.78412 0.83287
						5.57146 3.20854 0.83287 5.54114 3.19108 0.87209 5.28774 3.59541 0.87209
						5.25396 3.57244 0.90515 4.97292 3.9543 0.90515 4.93719 3.92589 0.9312
						4.63067 4.28315 0.9312 4.59452 4.24971 0.94955 4.26481 4.58051 0.94955
						4.22968 4.54277 0.95972 3.95005 4.78429 0.95972 1.20997 -6.08793 0.95972
						1.39827 -6.04746 0.95972 1.84536 -5.92635 0.95972 2.28217 -5.77223 0.95972
						2.44679 -5.69993 0.95972 2.70627 -5.58597 0.95972 3.1153 -5.3686 0.95972
						4.55667 -4.21469 0.95972 4.22968 -4.54276 0.95972 3.95006 -4.78428 0.95972
						3.87914 -4.84554 0.95972 5.59485 -2.68785 0.95972 5.37883 -3.0976 0.95972
						5.18115 -3.41303 0.95972 5.13286 -3.49009 0.95972 6.20701 0 0.95972 6.18972
						-0.46288 0.95972 6.16511 -0.68174 0.95972 6.13797 -0.92318 0.95972 6.05203
						-1.37834 0.95972 5.93239 -1.82582 0.95972 5.59485 2.68786 0.95972 5.77971
						2.26315 0.95972 5.85549 2.04611 0.95972 5.93239 1.82583 0.95972 6.05203
						1.37835 0.95972 6.13797 0.92319 0.95972 4.55667 4.2147 0.95972 4.85829
						3.86316 0.95972 4.97596 3.70327 0.95972 5.13285 3.4901 0.95972 4.29837
						4.61655 0.9312 4.66418 4.31414 0.90515 5.00489 3.97973 0.87209 5.31667
						3.61508 0.83287 5.5959 3.22261 0.78853 5.83929 2.80529 0.74022 6.044 2.36663
						0.68921 3.50698 5.12133 0.95972 3.2514 5.60316 0.74022 3.24102 5.58526
						0.78853 3.22686 5.56086 0.83287 3.2093 5.5306 0.87208 3.1888 5.49527 0.90515
						3.16589 5.45579 0.9312 3.14117 5.41319 0.94955 3.1153 5.3686 0.95972 2.8245
						5.83002 0.74022 2.81548 5.8114 0.78853 2.80318 5.78602 0.83287 2.78793
						5.75453 0.87208 2.77012 5.71777 0.90515 2.75022 5.67669 0.9312 2.72875
						5.63237 0.94955 2.70627 5.58597 0.95972 2.30112 5.82018 0.94955 2.28216
						5.77223 0.95972 2.44679 5.69993 0.95972 2.38187 6.02442 0.74022 2.37426
						6.00518 0.78853 2.36389 5.97895 0.83287 2.35103 5.94641 0.87208 2.33601
						5.90843 0.90515 2.31923 5.86598 0.9312 1.92598 6.18527 0.74022 1.91982
						6.16552 0.78853 1.91144 6.13858 0.83287 1.90104 6.10518 0.87208 1.88889
						6.06618 0.90515 1.87532 6.0226 0.9312 1.86068 5.97558 0.94955 1.84535
						5.92635 0.95972 -3.83682 4.87755 0.95972 -3.80824 4.90145 0.95972 -3.83988
						4.94217 0.94955 -1.46425 6.32352 0.68921 -1.91638 6.20148 0.68921 -1.91265
						6.18941 0.74022 -4.82496 4.34181 0.63682 -4.9937 4.1532 0.63682 -4.99043
						4.15048 0.68921 -1.35335 6.34934 0.63682 -1.46521 6.32766 0.63682 -0.68237
						6.45552 0.63682 -1.00515 6.41683 0.63682 -1.0045 6.41263 0.68921 -0.07177996
						6.49468 0.63682 -0.53987 6.4726 0.63682 -0.53952 6.46837 0.68921 0.76561
						6.21098 0.94971 0.38225 6.24688 0.94955 -5.25577 3.81614 0.63682 -5.25384
						3.81614 0.66867 -5.02213 3.81614 0.93069 -4.84972 4.03345 0.9312 -4.88481
						4.06264 0.90515 -4.89531 3.81614 0.95972 -4.77221 3.96899 0.95972 -4.81186
						4.00196 0.94955 -5.01437 3.81614 0.93414 -4.96117 3.81614 0.9494 -4.91622
						4.08876 0.87208 -5.12249 3.81614 0.8782 -5.08029 3.81614 0.90483 -4.94312
						4.11113 0.83287 -5.16828 3.81614 0.83907 -5.13014 3.81614 0.87166 -4.96481
						4.12917 0.78853 -5.17501 3.81614 0.83206 -5.17424 3.81614 0.83286 -4.98071
						4.1424 0.74022 -5.23135 3.81614 0.74838 -5.20697 3.81614 0.79198 -5.24965
						3.81614 0.68909 -5.24511 3.81614 0.71118 -5.23441 3.81614 0.7401 0.67449
						6.45996 0.63682 0.39669 6.48295 0.63682 0.67576 6.45651 0.68304 0.39643
						6.47871 0.68921 0.67622 6.45525 0.68915 0.39566 6.4661 0.74022 0.68128
						6.44141 0.73993 0.67826 6.44967 0.71621 0.3944 6.44545 0.78853 0.6892
						6.41977 0.7881 0.6841 6.43371 0.76207 0.71052 6.36153 0.86544 0.69988 6.3906
						0.83247 0.39267 6.41729 0.83287 0.69756 6.39694 0.82528 0.69284 6.40984
						0.80665 0.39054 6.38237 0.87208 0.71328 6.35398 0.87161 0.74673 6.26256
						0.93161 0.38526 6.29604 0.9312 0.72812 6.31343 0.90389 -1.91763 6.20554
						0.63682 -2.00935 6.17353 0.63682 -2.35853 6.04717 0.68921 -2.36007 6.05112
						0.63682 -2.64307 5.92881 0.63682 -3.20377 5.64507 0.68921 -3.20586 5.64876
						0.63682 -3.24909 5.62212 0.63682 -3.60245 5.39937 0.68921 -3.60481 5.40291
						0.63682 -3.8173 5.24978 0.63682 -4.34158 4.8251 0.68921 -4.34442 4.82825
						0.63682 -4.3476 4.82518 0.63682 -4.68124 4.50244 0.63682 -4.67818 4.4995
						0.68921 -2.34642 6.01612 0.78853 -2.35394 6.03539 0.74022 -2.76197 5.8058
						0.83287 -2.77409 5.83127 0.78853 -2.78298 5.84996 0.74022 -2.78841 5.86137
						0.68921 -2.79023 5.86521 0.63682 -3.15612 5.56112 0.87208 -3.17339 5.59155
						0.83287 -3.18732 5.61608 0.78853 -3.19753 5.63408 0.74022 -3.52621 5.2851
						0.90515 -3.54888 5.31908 0.87208 -3.5683 5.34818 0.83287 -3.58395 5.37165
						0.78853 -3.59544 5.38886 0.74022 -3.87009 4.98105 0.9312 -3.8981 5.0171
						0.90515 -3.92316 5.04935 0.87208 -3.94463 5.07698 0.83287 -3.96193 5.09926
						0.78853 -3.97463 5.1156 0.74022 -3.98238 5.12558 0.68921 -3.98499 5.12893
						0.63682 -4.18623 4.65244 0.94955 -4.21916 4.68905 0.9312 -4.2497 4.72298
						0.90515 -4.27702 4.75334 0.87208 -4.30042 4.77935 0.83287 -4.31929 4.80032
						0.78853 -4.33313 4.8157 0.74022 -0.06915998 6.25819 0.94955 -1.05721 6.1135
						0.95972 -0.96057 6.13223 0.95972 -0.96855 6.18317 0.94955 -0.52021 6.23691
						0.94955 -0.5243 6.28599 0.9312 -0.06970995 6.30743 0.9312 -0.07020998
						6.35307 0.90515 0.38804 6.3416 0.90515 0.72568 6.32008 0.89939 -1.8478
						5.97957 0.94955 -1.41185 6.09724 0.94955 -1.42296 6.14522 0.9312 -0.97617
						6.23182 0.9312 -0.98324 6.27692 0.90515 -0.5281 6.33147 0.90515 -0.53149
						6.37218 0.87208 -0.07065999 6.39392 0.87208 -0.07104998 6.4289 0.83287
						-2.27413 5.83078 0.94955 -1.86234 6.02662 0.93119 -1.43326 6.18968 0.90515
						-0.98956 6.31727 0.87208 -0.5344 6.40705 0.83287 -0.07135999 6.45711 0.78853
						-2.68863 5.65163 0.94955 -2.29203 5.87666 0.9312 -1.87582 6.07023 0.90515
						-1.44247 6.22948 0.87208 -0.99497 6.35184 0.83287 -0.53675 6.43516 0.78853
						-0.07159 6.4778 0.74022 -0.004219949 6.49299 0.63682 -0.07172995 6.49043
						0.68921 -0.53847 6.45578 0.74022 -1.00254 6.40015 0.74022 -0.99934 6.37971
						0.78853 -1.45673 6.29105 0.78853 -1.45037 6.26357 0.83287 -1.89821 6.14269
						0.83287 -1.88788 6.10926 0.87208 -2.32346 5.95724 0.87208 -2.30861 5.91918
						0.90515 -2.72939 5.73732 0.90515 -2.70978 5.6961 0.9312 -3.11343 5.4859
						0.9312 -3.08913 5.44307 0.94955 -3.47354 5.20617 0.94955 -3.44493 5.16328
						0.95972 -3.65356 5.01292 0.95972 0.78532 6.15713 0.95972 0.3791 6.19542
						0.95972 0.24222 6.19885 0.95972 -0.06858998 6.20663 0.95972 -0.51593 6.18553
						0.95972 -3.06368 5.39822 0.95972 -2.66648 5.60507 0.95972 -2.35605 5.73924
						0.95972 -2.2554 5.78274 0.95972 -1.83258 5.93031 0.95972 -1.40022 6.04701
						0.95972 -3.50087 5.24713 0.93119 -3.13596 5.52559 0.90515 -2.74694 5.77421
						0.87208 -2.33617 5.98984 0.83287 -1.90654 6.16964 0.78853 -1.4614 6.31121
						0.74022 -4.15174 4.61411 0.95972 -4.66908 4.49074 0.74022 -4.65416 4.4764
						0.78853 -4.63383 4.45684 0.83287 -4.60861 4.43259 0.87208 -4.57917 4.40427
						0.90515 -4.54628 4.37263 0.9312 -4.51078 4.33849 0.94955 -4.47362 4.30275
						0.95972 3.71239 -4.78576 0.97669 2.4468 4.79204 1.04787 4.97597 3.41424
						0.97915 3.71239 3.42056 1.07976 3.71239 4.78576 0.97668 4.97597 2.04941
						1.04778 4.97597 0.68328 1.08211 4.97597 -0.68327 1.08211 4.97597 -2.0494
						1.04778 4.97597 -3.41423 0.97915 3.71239 -3.42056 1.07977 2.44681 -4.79204
						1.04787 1.68329 -4.79452 1.07611 2.60759 -3.20485 1.15703 2.44681 -3.29294
						1.15915 2.44681 -3.42504 1.15109 2.40141 -3.31781 1.15975 1.698 -4.75431
						1.07972 2.18419 -3.42574 1.16211 2.18695 -3.4182 1.16257 3.7071 -2.21497
						1.14254 3.56188 -2.39861 1.14446 3.4298 -2.54554 1.1462 3.40471 -2.57345
						1.14653 3.23557 -2.73916 1.14876 3.17543 -2.79325 1.14955 3.05622 -2.89166
						1.15112 2.99476 -2.94239 1.15193 2.80542 -3.07964 1.15443 2.6396 -3.18459
						1.15661 3.81946 -2.05292 1.14106 3.75161 -2.15079 1.14196 3.71239 -2.20735
						1.14247 4.22051 -1.24935 1.13578 4.19551 -1.32189 1.13611 4.35813 -0.75905
						1.13396 4.33389 -0.87509 1.13428 4.27177 -1.10054 1.1351 4.10509 -1.5389
						1.1373 4.01751 -1.71644 1.13845 4.00034 -1.75126 1.13868 3.96146 -1.82226
						1.13919 3.84035 -2.0228 1.14079 4.35831 0.75907 1.13396 4.37502 0.6831
						1.13374 4.38899 0.60349 1.13356 4.41969 0.37124 1.13315 4.43702 -0.09617
						1.13292 4.4357 0.1379399 1.13294 4.4277 0.25461 1.13305 4.42791 -0.25464
						1.13304 4.42352 -0.33088 1.1331 4.39497 -0.56595 1.13348 4.38179 -0.64577
						1.13365 4.37382 -0.68392 1.13376 3.9428 1.85509 1.13944 3.98231 1.78465
						1.13892 4.01699 1.71617 1.13846 4.08815 1.57565 1.13752 4.18048 1.3608
						1.1363 4.22031 1.24926 1.13578 4.25921 1.14031 1.13527 4.32416 0.91437
						1.13441 3.68219 2.24822 1.14287 3.71239 2.20567 1.14247 3.75143 2.15065
						1.14196 3.81826 2.0565 1.14108 3.82047 2.05292 1.14105 2.4468 3.29241
						1.15915 2.57242 3.22534 1.15749 2.63927 3.18404 1.15661 2.7716 3.1023
						1.15487 2.96324 2.96653 1.15234 3.05609 2.89149 1.15112 3.14704 2.81799
						1.14992 3.20762 2.7646 1.14912 3.37668 2.60241 1.1469 3.42934 2.5451 1.1462
						3.53492 2.43022 1.14481 2.18419 3.42574 1.1621 2.18694 3.41821 1.16257
						2.4468 3.42505 1.15109 2.36593 3.33559 1.16021 1.698 4.75431 1.07972 1.68328
						4.79453 1.0761 -4.32986 -4.84132 0.63683 -3.97171 -5.13922 0.63683 -3.96911
						-5.13586 0.68921 -4.34714 -4.82471 0.63683 -4.32702 -4.83815 0.68921 -5.2541
						-3.81614 0.66637 -5.25464 -3.81614 0.66114 -4.97435 -4.16974 0.68921
						-4.96466 -4.16162 0.74022 -5.24614 -3.81614 0.70756 -5.24971 -3.81614
						0.68911 -5.20885 -3.81614 0.78833 -5.21228 -3.81614 0.78381 -4.94881
						-4.14833 0.78853 -5.23135 -3.81614 0.74838 -5.23435 -3.81614 0.74009
						-5.17855 -3.81614 0.8282 -4.92719 -4.13021 0.83287 -5.17388 -3.81614 0.83263
						-5.13988 -3.81614 0.86484 -4.90038 -4.10773 0.87209 -5.13373 -3.81614
						0.86975 -5.0823 -3.81614 0.90372 -4.86907 -4.08149 0.90515 -5.07957 -3.81614
						0.90498 -4.83409 -4.05217 0.9312 -5.02257 -3.81614 0.93117 -4.97147 -3.81614
						0.94696 -4.79635 -4.02053 0.94955 -4.96027 -3.81614 0.94883 -4.75683
						-3.98741 0.95972 -4.8953 -3.81614 0.95972 -3.48592 -5.19744 0.94962 -3.65356
						-5.01365 0.95972 -3.46027 -5.15301 0.95972 -3.82708 -4.95208 0.94955 -3.8572
						-4.99104 0.9312 -3.51129 -5.24137 0.93071 -3.88511 -5.02716 0.90515 -3.53439
						-5.28138 0.90398 -3.91009 -5.05948 0.87209 -3.55615 -5.31907 0.86815
						-3.93148 -5.08717 0.83287 -3.57279 -5.34788 0.82936 -3.94873 -5.10949
						0.78853 -3.58727 -5.37296 0.7824 -3.96138 -5.12586 0.74022 -3.59695 -5.38973
						0.73398 -3.81749 -5.25005 0.63683 -3.60463 -5.40303 0.63683 -3.60306
						-5.40031 0.67951 -5.2556 -3.81636 0.63683 -4.9776 -4.17247 0.63683 -4.82498
						-4.34182 0.63683 -4.66573 -4.51852 0.63683 -4.66268 -4.51556 0.68921 -4.6536
						-4.50677 0.74022 -4.63874 -4.49238 0.78853 -4.61847 -4.47275 0.83287
						-4.59334 -4.44841 0.87209 -4.564 -4.41999 0.90515 -4.53121 -4.38824 0.9312
						-4.49583 -4.35398 0.94955 -4.45879 -4.31811 0.95972 -4.3186 -4.82874 0.74022
						-4.30481 -4.81331 0.78853 -4.286 -4.79228 0.83287 -4.26268 -4.76621 0.87209
						-4.23545 -4.73576 0.90515 -4.20502 -4.70174 0.9312 -4.17219 -4.66503 0.94955
						-4.13782 -4.6266 0.95972 -3.79555 -4.91128 0.95972 -3.83611 -4.87755 0.95972
						0.93478 -3.3283 1.204 0.44711 -3.42804 1.204 0.44711 -3.49476 1.19976
						3.08451 -2.36171 1.17507 3.18578 -2.25863 1.17373 3.32675 -2.09395 1.17188
						3.03019 2.4177 1.17578 2.86285 2.56734 1.17799 2.83997 2.58512 1.17829
						2.59779 2.28098 1.204 2.67537 2.71301 1.18046 2.24329 2.63041 1.204 2.49131
						2.83677 1.18288 2.32497 2.93325 1.18507 2.29932 2.94813 1.18541 2.09955
						3.04688 1.18804 1.84228 2.92531 1.204 1.8921 3.13269 1.19077 1.54153 3.08571
						1.204 1.54153 3.49349 1.17988 1.40307 3.15956 1.204 3.32673 2.09396 1.17188
						3.18601 2.25839 1.17373 2.83997 2.09501 1.19939 3.08473 2.36194 1.17506
						2.72504 2.67442 1.1798 3.39626 2.00146 1.17096 3.33031 2.08976 1.17183 3.139
						1.44848 1.204 3.59176 1.7125 1.16839 3.46304 1.91206 1.17008 2.89844 1.88426
						1.204 2.83997 1.96142 1.204 2.73858 2.09521 1.204 3.65352 1.60045 1.16757
						3.31448 0.98267 1.204 3.70013 1.5159 1.16696 3.79442 1.314 1.16572 3.85149
						1.16707 1.16497 3.87478 1.10711 1.16466 3.37697 0.6981 1.204 3.94119 0.89549
						1.16378 3.98572 0.70988 1.1632 3.45708 0 1.204 4.06326 -3.5e-4 1.16218
						4.05592 0.22148 1.16227 4.05424 0.23829 1.16229 4.03377 0.44321 1.16256
						3.42124 0.49648 1.204 3.99659 0.6646 1.16305 3.98868 0.69757 1.16316 4.05589
						-0.22202 1.16227 4.05422 -0.2382799 1.16229 4.03174 -0.45815 1.16259 3.42124
						-0.49647 1.204 3.99356 -0.67937 1.16309 3.98915 -0.69756 1.16315 3.37697
						-0.69809 1.204 3.98614 -0.70997 1.16319 3.31448 -0.98266 1.204 3.94107
						-0.89594 1.16379 3.139 -1.44847 1.204 3.58407 -1.72533 1.16849 3.65362
						-1.60049 1.16757 3.87457 -1.10769 1.16466 3.8515 -1.16707 1.16497 3.79424
						-1.31443 1.16572 3.69332 -1.52921 1.16705 3.46285 -1.91232 1.17008 2.89844
						-1.88426 1.204 3.39627 -2.00145 1.17096 2.85147 -2.57681 1.17814 3.01948
						-2.4279 1.17593 2.83997 -2.09501 1.19939 2.83997 -2.5857 1.17829 3.33002
						-2.09013 1.17183 1.54153 -4.09068 1.13275 1.76033 -3.4928 1.16896 1.54154
						-3.49349 1.17988 1.89211 -3.13269 1.19077 2.83997 -1.96142 1.204 2.73858
						-2.0952 1.204 2.5978 -2.28098 1.204 2.72513 -2.67452 1.1798 2.24329 -2.63041
						1.204 2.67519 -2.71314 1.18046 1.84228 -2.9253 1.204 2.32497 -2.93324
						1.18507 2.49099 -2.83697 1.18288 2.08613 -3.05293 1.18822 2.29911 -2.94823
						1.18541 0.44711 -3.81614 1.17821 0.2422299 -4.88958 1.09369 1.24974 -4.88805
						1.0768 0.78532 -6.15713 0.95972 0.34912 -6.19718 0.95972 0.2422299 -6.19923
						0.95972 -0.11064 -6.20602 0.95972 -1.05721 -6.11519 0.95972 -1.02581
						-6.12165 0.95972 -1.05721 -4.88871 1.08404 -0.56979 -6.1808 0.95972 -2.7764
						-4.87712 1.02446 -2.72655 -4.91684 1.02341 -2.35606 -4.88508 1.0436 -2.67922
						-4.97014 1.02092 -2.64281 -5.0275 1.01742 -2.61505 -5.09438 1.01254 -2.59928
						-5.16258 1.00686 -2.59524 -5.23289 1.00032 -1.4762 -6.02891 0.95972 -1.91849
						-5.90308 0.95972 -2.35315 -5.74354 0.95972 -2.60299 -5.30301 0.99315
						-2.62218 -5.37014 0.98563 -2.65133 -5.43189 0.97807 -2.74885 -5.6008 0.95365
						-3.1809 -4.83667 1.0059 -3.65312 -3.81614 1.0513 -3.24854 -4.87336 0.99862
						-3.08887 -4.507 1.03956 -3.11703 -4.81479 1.01155 -3.04579 -4.80354 1.01658
						-3.10454 -4.46784 1.0419 -3.11466 -4.42277 1.04501 -3.1172 -4.38839 1.04765
						-3.1172 -3.81614 1.09081 -2.35599 -3.81614 1.12722 -2.5872 -3.81614 1.11859
						-2.5872 -4.38839 1.07545 -2.59075 -4.43128 1.0718 -2.97793 -4.80379 1.02033
						-2.90726 -4.81643 1.02303 -2.87913 -4.65187 1.03887 -2.96431 -4.6283 1.0363
						-2.92148 -4.64385 1.0373 -3.00136 -4.60698 1.03608 -3.03687 -4.57813 1.03655
						-3.06468 -4.54606 1.03768 -2.64366 -4.55188 1.0593 -2.67379 -4.58419 1.05511
						-2.71019 -4.61211 1.05094 -2.74804 -4.63186 1.04736 -2.79079 -4.64608
						1.04397 -2.84282 -4.83904 1.02444 -2.83379 -4.65249 1.0412 -2.60142 -4.47398
						1.0678 -2.61947 -4.51512 1.06353 -3.65357 -4.87868 0.9724 -3.37878 -5.01187
						0.97807 -3.34752 -4.96598 0.98422 -3.29784 -4.91226 0.99214 0.2422299
						-3.81614 1.17936 0.1628 -3.81614 1.1798 0.1628 -4.38838 1.13671 0.15942
						-4.43055 1.1333 0.15908 -4.43198 1.13319 0.1486 -4.47393 1.12979 0.13063
						-4.51492 1.12645 0.10642 -4.55176 1.12343 0.07630997 -4.58411 1.12077
						0.04008996 -4.61192 1.11846 0.002149999 -4.63179 1.11678 -0.04040998
						-4.64601 1.11556 -0.08344995 -4.65249 1.11495 -0.12853 -4.65195 1.11491
						-0.171 -4.64401 1.11547 -0.23846 -4.61445 1.11773 -0.28631 -4.57871 1.12052
						-0.31434 -4.54656 1.12306 -0.33857 -4.50766 1.12615 -0.35781 -4.45331 1.1305
						-0.3672 -4.38839 1.13571 -1.47751 -3.81614 1.16001 -1.05717 -3.81614 1.16713
						-0.3672 -3.81614 1.17881 1.40308 -3.15955 1.204 1.54153 -3.08571 1.204
						1.33813 -4.64651 1.09908 0.4471 3.49477 1.19976 0.4471 3.42805 1.204 0.93478
						3.3283 1.204 0.2422299 4.88958 1.09369 0.2422299 3.81614 1.17936 0.4471
						3.81614 1.17821 1.76032 3.49281 1.16896 1.54153 4.09069 1.13274 -1.05717
						3.81614 1.16713 -0.36721 3.81614 1.17881 -1.05722 4.88871 1.08404 -0.36721
						4.38839 1.13571 -0.36383 4.43055 1.13232 -0.36348 4.43198 1.1322 -0.35399
						4.47103 1.12907 -0.35284 4.47443 1.1288 -0.3522 4.4763 1.12865 -0.33524
						4.5145 1.1256 -0.31239 4.54978 1.1228 -0.31132 4.55114 1.1227 -0.30883
						4.55432 1.12244 -0.28156 4.58323 1.12016 -0.2799 4.58498 1.12003 -0.2471399
						4.61023 1.11805 -0.2420499 4.61349 1.1178 -0.20851 4.63079 1.11647
						-0.2046599 4.63278 1.11631 -0.16721 4.64514 1.11539 -0.16531 4.64576 1.11534
						-0.15961 4.64709 1.11524 -0.1240299 4.65207 1.11491 -0.11797 4.65292 1.11485
						-0.08032995 4.65221 1.11498 -0.07655996 4.65214 1.11499 -0.07090997 4.65153
						1.11505 -0.03724998 4.64478 1.11566 -0.02965998 4.64326 1.1158 0.004109978
						4.63072 1.11687 0.009199976 4.62883 1.11703 0.01414996 4.62648 1.11723
						0.04243999 4.60974 1.11864 0.05041998 4.60502 1.11903 0.07697999 4.583
						1.12086 0.08239996 4.57851 1.12123 0.08617997 4.57476 1.12154 0.10642
						4.55074 1.12351 0.11339 4.54247 1.12419 0.13039 4.51423 1.1265 0.13486
						4.50681 1.12711 0.13717 4.50207 1.12749 0.14778 4.47418 1.12976 0.1522099
						4.46253 1.13071 0.16279 4.38839 1.1367 0.16279 3.81614 1.1798 0.15858
						4.43188 1.13319 0.16069 4.42173 1.13401 0.16131 4.41639 1.13444 -3.65312
						3.81614 1.0513 -3.11721 3.81614 1.09081 -3.65357 4.87868 0.9724 -3.11721
						4.38838 1.04765 -3.11366 4.4312 1.04438 -3.10307 4.47375 1.0415 -3.08528
						4.51449 1.03914 -3.06108 4.55144 1.03743 -3.03099 4.5839 1.03639 -2.99526
						4.61144 1.03604 -2.95704 4.63163 1.03641 -2.91481 4.64584 1.03748 -2.87164
						4.65249 1.03921 -2.35606 4.88508 1.0436 -2.82688 4.65209 1.04159 -2.78416
						4.64426 1.04447 -2.74174 4.62913 1.04791 -2.70416 4.60783 1.0516 -2.66878
						4.57942 1.05575 -2.64045 4.54714 1.05984 -2.61616 4.50836 1.06425 -2.60013
						4.46883 1.06828 -2.58986 4.42385 1.07245 -2.58721 4.38838 1.07545 -1.47751
						3.81614 1.16001 -2.35599 3.81614 1.12722 -2.58721 3.81614 1.11859 1.24973
						4.88805 1.07679 1.33812 4.64652 1.09908 -5.40748 3.04731 0.95972 -5.61616
						2.64305 0.95972 -5.66068 2.53869 0.95972 -5.16975 -3.4352 0.95972 -5.1053
						-3.52562 0.95972 -5.10531 -2.54126 1.01501 -4.86264 -2.5423 1.03642 -4.71498
						-2.82221 1.03642 -4.38372 -3.31344 1.03642 -4.93387 -3.76614 0.95972
						-4.00151 -3.76614 1.03642 -5.66067 -2.53869 0.95972 -5.61616 -2.64305
						0.95972 -5.40748 -3.04731 0.95972 -5.79466 -2.2246 0.95972 -5.46314 -0.59162
						1.03642 -6.14041 -0.90683 0.95972 -5.36769 -1.17636 1.03642 -6.07334
						-1.26865 0.95972 -5.34168 -1.27045 1.03642 -6.05749 -1.35415 0.95972
						-5.20984 -1.74743 1.03642 -5.94204 -1.79419 0.95972 -5.1053 -2.01101 1.03642
						-5.20984 1.74742 1.03642 -6.05749 1.35414 0.95972 -5.34168 1.27044 1.03642
						-6.07334 1.26865 0.95972 -5.36769 1.17636 1.03642 -6.14041 0.90682 0.95972
						-5.46314 0.59162 1.03642 -6.19034 0.45463 0.95972 -5.49508 0 1.03642
						-6.20701 0 0.95972 -6.19033 -0.45464 0.95972 -5.10531 2.54126 1.01501
						-5.10531 3.52562 0.95972 -5.16976 3.43519 0.95972 -5.10531 2.01101 1.03642
						-5.79466 2.22459 0.95972 -5.94204 1.79419 0.95972 -4.99142 2.29817 1.03642
						-4.86264 2.54229 1.03642 -4.71498 2.82221 1.03642 -4.93388 3.76614 0.95972
						-4.38373 3.31343 1.03642 -4.00151 3.76614 1.03642 -4.99142 -2.29818 1.03642
						-2.45933 -6.01147 0.63683 -2.64294 -5.92867 0.63683 -2.64457 -5.93231 -1.204
						-5.25577 3.81614 -0.929 -5.25561 3.81636 -1.204 -5.6256 3.24633 -1.204
						-5.29171 3.76614 -0.929 -5.40969 3.59462 0.63682 -5.29172 3.76614 0.63682
						-5.40969 -3.59463 0.63683 -5.62381 -3.24525 0.63683 -5.6256 -3.24634 -1.204
						-5.29171 -3.76614 0.63683 -5.29171 -3.76614 -0.929 -5.25577 -3.81614 -0.929
						-5.25561 -3.81637 -1.204 -2.87718 -5.82305 0.63683 -2.87718 -5.82305
						0.08599996 -3.30107 -5.59028 -1.204 -3.24994 -5.62352 0.08599996 -3.60463
						-5.40303 0.08599996 -3.81973 -5.25316 -1.204 0.6745 6.45996 -1.204 -0.00417
						6.49508 -1.204 -0.68279 6.45909 -1.204 -1.35394 6.35239 -1.204 -2.01026
						6.17615 -1.204 -1.44913 6.32683 -1.204 -3.24995 5.62351 -1.204 -2.64458
						5.9323 -1.204 -2.35221 6.0447 -1.204 -3.81974 5.25316 -1.204 -3.35221
						5.55704 -1.204 -4.82809 4.34461 -1.204 -4.34771 4.82529 -1.204 -4.19661
						4.94775 -1.204 -5.00415 4.12706 -1.204 -5.93071 2.63936 0.63682 -5.87681
						2.76571 0.63682 -5.934 2.64077 -1.204 -5.65845 3.18873 0.63682 -5.62382
						3.24524 0.63682 -6.0636 2.32784 0.63682 -6.18832 1.96568 -1.204 -6.17409
						2.00515 0.63682 -6.21781 1.87746 0.63682 -6.33863 1.41699 0.63682 -6.35326
						1.34986 -1.204 -6.35114 1.34946 0.63682 -6.42539 0.94891 0.63682 -6.45953
						0.67864 -1.204 -6.45528 0.67817 0.63682 -6.47763 0.47573 0.63682 -6.47563
						0.37125 -1.204 -6.49508 0 0.63682 -6.49508 0 -1.204 -6.47763 -0.47574
						0.63682 -6.47563 -0.37125 -1.204 -6.45528 -0.67818 0.63682 -6.45953 -0.67865
						-1.204 -6.42539 -0.94891 0.63682 -6.35326 -1.34986 -1.204 -6.35114 -1.34947
						0.63683 -6.33863 -1.41699 0.63683 -6.17744 -2.0063 -1.204 -6.21781 -1.87746
						0.63683 -5.934 -2.64077 -1.204 -6.0636 -2.32784 0.63683 -6.17409 -2.00515
						0.63683 -5.65844 -3.18874 0.63683 -5.87681 -2.76572 0.63683 -5.93071
						-2.63937 0.63683 -5.00415 -4.12707 -1.204 -4.82808 -4.34461 -1.204 -4.3477
						-4.8253 -1.204 -4.1966 -4.94775 -1.204 -2.35516 -6.04243 -1.204 -2.01022
						-6.17606 0.63683 -2.01026 -6.17616 -1.204 -2.00753 -6.17704 0.63683 -1.40153
						-6.33961 -1.204 -0.68278 -6.45909 -1.204 -1.07342 -6.40576 0.63683 -1.35306
						-6.34818 0.63683 -1.54471 -6.30872 0.63683 -0.004229962 -6.4919 0.63683
						-0.11577 -6.49405 0.63683 -0.004159986 -6.49508 -1.204 -0.59623 -6.46765
						0.63683 -0.68245 -6.45647 0.63683 0.36532 -6.4848 0.63683 0.6745 -6.45996
						-1.204 0.6745 -6.45996 0.63683 0.36508 -6.48055 0.68921 -0.59584 -6.46342
						0.68921 -2.00621 -6.173 0.68921 0.67582 -6.45636 0.68398 0.67625 -6.45518
						0.68914 0.68797 -6.42317 0.78388 0.689 -6.42034 0.78835 0.36321 -6.44728
						0.78853 0.70941 -6.36457 0.86247 0.71333 -6.35386 0.8715 0.35965 -6.38418
						0.87209 0.74418 -6.26956 0.92843 0.74647 -6.2633 0.93075 0.35479 -6.29783
						0.9312 -2.87507 -5.8194 0.68874 -2.45772 -6.00754 0.68921 -2.45293 -5.99584
						0.74022 -2.86858 -5.80816 0.74098 -2.4451 -5.97669 0.78853 -2.8579 -5.78965
						0.78996 -2.43442 -5.95058 0.83287 -2.84266 -5.76327 0.83687 -2.42117 -5.9182
						0.87209 -2.82519 -5.73301 0.8745 -2.4057 -5.88039 0.90515 -2.80357 -5.69556
						0.90847 -2.38842 -5.83815 0.9312 -2.36977 -5.79257 0.94955 -2.78053 -5.65567
						0.93329 0.35202 -6.24866 0.94955 0.764 -6.2154 0.9485 0.76542 -6.21151
						0.94925 0.35736 -6.3434 0.90515 0.72414 -6.32432 0.8964 0.72901 -6.31101
						0.90442 0.74125 -6.27757 0.92457 0.36162 -6.41911 0.83287 0.69756 -6.39694
						0.82528 0.69978 -6.39089 0.83272 0.70391 -6.37961 0.84659 0.36437 -6.46794
						0.74022 0.67962 -6.44599 0.72906 0.68119 -6.44168 0.74 0.68599 -6.42857
						0.77322 0.67507 -6.4584 0.66792 -1.5437 -6.30459 0.68921 -1.07271 -6.40157
						0.68921 -0.1157 -6.4898 0.68921 -2.00231 -6.16099 0.74022 -1.99591 -6.14131
						0.78853 -1.98719 -6.11448 0.83287 -1.97638 -6.08121 0.87209 -1.96375
						-6.04236 0.90515 -1.94965 -5.99895 0.9312 -1.93442 -5.95211 0.94955 -1.54069
						-6.29232 0.74022 -1.53577 -6.27222 0.78853 -1.52907 -6.24482 0.83287
						-1.52074 -6.21084 0.87209 -1.51103 -6.17116 0.90515 -1.50017 -6.12682 0.9312
						-1.48846 -6.07899 0.94955 -1.03433 -6.1725 0.94955 -1.07063 -6.38911 0.74022
						-1.06721 -6.3687 0.78853 -1.06254 -6.34088 0.83287 -1.05676 -6.30638 0.87209
						-1.05001 -6.26609 0.90515 -1.04247 -6.22107 0.9312 -0.59468 -6.45084 0.74022
						-0.59278 -6.43023 0.78853 -0.59019 -6.40215 0.83287 -0.58698 -6.36731
						0.87209 -0.58323 -6.32663 0.90515 -0.57904 -6.28118 0.9312 -0.57452 -6.23214
						0.94955 -0.11547 -6.47716 0.74022 -0.1151 -6.45647 0.78853 -0.1146 -6.42827
						0.83287 -0.1139799 -6.39329 0.87209 -0.11325 -6.35245 0.90515 -0.11243
						-6.30681 0.9312 -0.11156 -6.25757 0.94955 -5.40615 -3.59228 0.68921 -5.87296
						-2.76391 0.68921 -6.33448 -1.41607 0.68921 -6.49083 0 0.68921 -6.4734
						0.47542 0.68921 -6.21375 1.87623 0.68921 -5.65475 3.18665 0.68921 -5.28534
						-3.76614 0.69467 -5.27122 -3.76614 0.73962 -5.39562 -3.58528 0.74022
						-5.19285 -3.76614 0.8507 -5.16651 -3.76614 0.87127 -5.32575 -3.53886 0.87209
						-5.2127 -3.46373 0.94955 -5.25371 -3.49099 0.9312 -5.05929 -3.76614 0.92997
						-5.03193 -3.76614 0.94074 -4.99825 -3.76614 0.94878 -4.97606 -3.76614
						0.95408 -5.29173 -3.51625 0.90515 -5.14423 -3.76614 0.88868 -5.11638
						-3.76614 0.90459 -5.10002 -3.76614 0.91394 -5.35489 -3.55822 0.83287
						-5.20998 -3.76614 0.83243 -5.19976 -3.76614 0.84412 -5.37839 -3.57383
						0.78853 -5.26144 -3.76614 0.76096 -5.24457 -3.76614 0.78814 -5.23442
						-3.76614 0.80449 -5.2861 -3.76614 0.68917 -5.29129 -3.76614 0.65177 -5.40615
						3.59227 0.68921 -5.28839 3.76614 0.67873 -5.28912 3.76614 0.67386 -5.39563
						3.58528 0.74022 -5.27838 3.76614 0.72013 -5.28588 3.76614 0.68911 -5.24466
						3.76614 0.78815 -5.25625 3.76614 0.77072 -5.37839 3.57383 0.78853 -5.26144
						3.76614 0.76095 -5.27014 3.76614 0.73999 -5.22955 3.76614 0.8109 -5.3549
						3.55821 0.83287 -5.2251 3.76614 0.81647 -5.32576 3.53885 0.87208 -5.18819
						3.76614 0.85494 -5.20988 3.76614 0.83233 -5.11615 3.76614 0.90427 -5.13529
						3.76614 0.89439 -5.29173 3.51624 0.90515 -5.14313 3.76614 0.8894 -5.16668
						3.76614 0.87139 -5.07694 3.76614 0.92449 -5.25372 3.49098 0.9312 -5.05958
						3.76614 0.9303 -5.2127 3.46373 0.94955 -5.01085 3.76614 0.94661 -4.99831
						3.76614 0.94874 -5.87296 2.7639 0.68921 -6.05963 2.32631 0.68921 -6.33448
						1.41606 0.68921 -6.42119 0.94829 0.68921 -6.4734 -0.47543 0.68921 -6.42118
						-0.94829 0.68921 -6.21375 -1.87623 0.68921 -6.05963 -2.32632 0.68921
						-5.65474 -3.18665 0.68921 -5.64374 3.18044 0.74022 -5.62571 3.17029 0.78853
						-5.60114 3.15644 0.83287 -5.57066 3.13926 0.87208 -5.53507 3.1192 0.90515
						-5.4953 3.0968 0.9312 -5.4524 3.07262 0.94955 -5.86153 2.75852 0.74022
						-5.84281 2.74971 0.78853 -5.81728 2.7377 0.83287 -5.78563 2.7228 0.87208
						-5.74867 2.70541 0.90515 -5.70737 2.68597 0.9312 -5.66281 2.665 0.94955
						-5.8428 2.24307 0.94955 -6.04784 2.32179 0.74022 -6.02852 2.31437 0.78853
						-6.00218 2.30426 0.83287 -5.96952 2.29172 0.87208 -5.93139 2.27708 0.90515
						-5.88877 2.26072 0.9312 -6.20165 1.87258 0.74022 -6.18184 1.86659 0.78853
						-6.15484 1.85844 0.83287 -6.12134 1.84833 0.87208 -6.08224 1.83652 0.90515
						-6.03854 1.82332 0.9312 -5.9914 1.80909 0.94955 -6.32215 1.4133 0.74022
						-6.30196 1.40879 0.78853 -6.27443 1.40264 0.83287 -6.24028 1.395 0.87208
						-6.20042 1.38609 0.90515 -6.15587 1.37613 0.9312 -6.10781 1.36539 0.94955
						-6.19141 0.91435 0.94955 -6.40869 0.94644 0.74022 -6.38821 0.94342 0.78853
						-6.36031 0.9393 0.83287 -6.3257 0.93419 0.87208 -6.28529 0.92822 0.90515
						-6.24013 0.92155 0.9312 -6.46079 0.47449 0.74022 -6.44016 0.47298 0.78853
						-6.41202 0.47091 0.83287 -6.37713 0.46835 0.87208 -6.33639 0.46536 0.90515
						-6.29087 0.46201 0.9312 -6.24176 0.45841 0.94955 -6.47819 0 0.74022 -6.4575
						0 0.78853 -6.42929 0 0.83287 -6.39431 0 0.87208 -6.35346 0 0.90515 -6.30781
						0 0.9312 -6.25857 0 0.94955 -6.46079 -0.4745 0.74022 -6.44016 -0.47298
						0.78853 -6.41202 -0.47092 0.83287 -6.37713 -0.46836 0.87208 -6.33639
						-0.46536 0.90515 -6.29087 -0.46202 0.9312 -6.24176 -0.45841 0.94955 -6.40868
						-0.94645 0.74022 -6.38821 -0.94342 0.78853 -6.36031 -0.9393 0.83287 -6.3257
						-0.93419 0.87208 -6.28529 -0.92822 0.90515 -6.24013 -0.92155 0.9312 -6.19141
						-0.91436 0.94955 -6.10781 -1.3654 0.94955 -6.32215 -1.41331 0.74022 -6.30195
						-1.4088 0.78853 -6.27442 -1.40264 0.83287 -6.24028 -1.39501 0.87208 -6.20042
						-1.3861 0.90515 -6.15587 -1.37614 0.9312 -6.20165 -1.87258 0.74022 -6.18184
						-1.8666 0.78853 -6.15483 -1.85845 0.83287 -6.12134 -1.84833 0.87208 -6.08224
						-1.83652 0.90515 -6.03854 -1.82333 0.9312 -5.9914 -1.8091 0.94955 -6.04783
						-2.32179 0.74022 -6.02851 -2.31437 0.78853 -6.00218 -2.30427 0.83287
						-5.96952 -2.29173 0.87209 -5.93138 -2.27709 0.90515 -5.88877 -2.26073 0.9312
						-5.8428 -2.24308 0.94955 -5.66281 -2.66501 0.94955 -5.86153 -2.75853 0.74022
						-5.8428 -2.74972 0.78853 -5.81728 -2.73771 0.83287 -5.78563 -2.72281 0.87209
						-5.74866 -2.70541 0.90515 -5.70737 -2.68598 0.9312 -5.64373 -3.18045 0.74022
						-5.62571 -3.17029 0.78853 -5.60113 -3.15644 0.83287 -5.57065 -3.13926
						0.87209 -5.53506 -3.11921 0.90515 -5.4953 -3.0968 0.9312 -5.4524 -3.07262
						0.94955 -4.00151 -3.76614 -0.929 -4.38372 -3.31344 -0.929 -4.70762 -2.83312
						-0.929 -4.99142 -2.29818 -0.929 -5.20984 -1.74743 -0.929 -5.36769 -1.17636
						-0.929 -5.46217 -0.59655 -0.929 -5.36769 1.17636 -0.929 -5.20984 1.74742
						-0.929 -4.99142 2.29817 -0.929 -4.70762 2.83312 -0.929 -4.00151 3.76614
						-0.929 -4.21491 3.51338 -0.929 -4.38373 3.31343 -0.929 -1.04345 3.81614
						-0.1489999 0.4471 3.81614 -0.1489999 -0.36721 3.81614 1.204 0.16279 3.81614
						1.204 -1.04345 3.81614 -0.929 -2.35221 3.81614 -0.929 -3.35221 3.81614
						-0.929 -4.70027 3.81614 -0.929 -2.58721 3.81614 1.204 -3.11721 3.81614 1.204
						-1.04344 -3.81614 -0.1489999 -1.04344 -3.81614 -0.929 -2.3522 -3.81614
						-0.929 0.44711 -3.81614 -0.1489999 -3.3522 -3.81614 -0.929 -4.70026 -3.81614
						-0.929 -0.3672 -3.81614 1.204 0.1628 -3.81614 1.204 -3.1172 -3.81614 1.204
						-2.5872 -3.81614 1.204 -4.70027 0 -0.929 -2.3522 0 -0.929 -1.04344 0 -0.929
						-3.35221 0 -0.929 -4.70027 3.76614 -0.929 -4.70026 -3.76614 -0.929 0.44711
						1.1975 -0.1489999 0.44711 1.1975 0.05099999 0.44711 -1.1975 0.05099999
						0.44711 -1.1975 -0.1489999 -0.23289 -1.1975 -0.1489999 -0.23289 1.1975
						-0.1489999 -0.01751995 0.06626999 -1.204 1.16961 6.19819 -1.204 0.74648
						6.26325 -1.204 1.16962 -6.19819 -1.204 0.74649 -6.26325 -1.204 1.07123
						-3.008 1.204 1.01538 -3.01464 1.204 1.1253 -2.99249 1.204 1.53884 -2.80237
						1.204 0.80288 -2.95265 1.204 0.75936 -2.91703 1.204 0.65662 2.72096 1.204
						0.67007 2.77557 1.204 0.72211 -2.87489 1.204 0.69208 -2.82733 1.204 0.67007
						-2.77557 1.204 0.95919 -3.01225 1.204 0.9041 -3.00089 1.204 0.85155 -2.98085
						1.204 0.69208 2.82733 1.204 0.7221 2.87489 1.204 0.75936 2.91703 1.204
						0.95918 3.01225 1.204 1.01538 3.01464 1.204 1.07123 3.008 1.204 1.1253
						2.9925 1.204 1.53883 2.80238 1.204 1.92118 2.55546 1.204 1.92119 -2.55546
						1.204 2.2646 -2.25675 1.204 2.56211 -1.9123 1.204 0.80288 2.95266 1.204
						0.85154 2.98085 1.204 0.9041 3.00089 1.204 2.2646 2.25675 1.204 2.56211
						1.9123 1.204 2.8077 1.5291 1.204 3.12434 -0.67811 1.204 3.18897 -0.2275699
						1.204 3.18897 0.22758 1.204 3.12434 0.67811 1.204 2.99638 1.1149 1.204
						0.65663 -2.72095 1.204 0.65211 -2.66489 1.204 0.65211 2.66489 1.204 2.8077
						-1.52909 1.204 2.99638 -1.1149 1.204 -0.23289 -1.1975 0.05099999 -0.23289
						1.1975 0.05099999 -2.5872 -4.38839 1.204 -2.8522 -4.38839 1.204 -2.95865
						-4.63107 1.204 -2.99714 -4.61024 1.204 -3.03168 -4.58335 1.204 -3.06132
						-4.55115 1.204 -3.08526 -4.51451 1.204 -3.10284 -4.47443 1.204 -3.11359
						-4.432 1.204 -3.1172 -4.38839 1.204 -2.91726 -4.64528 1.204 -2.87409
						-4.65248 1.204 -2.83032 -4.65248 1.204 -2.78715 -4.64528 1.204 -2.74575
						-4.63107 1.204 -2.70726 -4.61024 1.204 -2.67272 -4.58335 1.204 -2.64308
						-4.55115 1.204 -2.61914 -4.51451 1.204 -2.60156 -4.47443 1.204 -2.59082
						-4.432 1.204 -0.3672 -4.38839 1.204 0.1628 -4.38838 1.204 0.15918 -4.432
						1.204 0.14844 -4.47443 1.204 0.13086 -4.51451 1.204 0.10692 -4.55115 1.204
						0.07727998 -4.58335 1.204 0.04273998 -4.61023 1.204 0.004249989 -4.63107
						1.204 -0.03714996 -4.64528 1.204 -0.08032 -4.65248 1.204 -0.12409 -4.65248
						1.204 -0.1672599 -4.64528 1.204 -0.2086499 -4.63107 1.204 -0.2471399
						-4.61023 1.204 -0.28168 -4.58335 1.204 -0.31132 -4.55115 1.204 -0.33526
						-4.51451 1.204 -0.35284 -4.47443 1.204 -0.36359 -4.432 1.204 -0.36721
						4.38839 1.204 0.16279 4.38839 1.204 -0.10221 4.38839 1.204 -0.08032 4.65248
						1.204 -0.12409 4.65248 1.204 -0.1672599 4.64528 1.204 -0.20866 4.63107 1.204
						-0.24715 4.61024 1.204 -0.28169 4.58335 1.204 -0.31133 4.55115 1.204
						-0.33527 4.51451 1.204 -0.35285 4.47443 1.204 -0.36359 4.432 1.204 0.15918
						4.432 1.204 0.1484299 4.47443 1.204 0.13085 4.51451 1.204 0.10691 4.55115
						1.204 0.07726997 4.58335 1.204 0.04272997 4.61024 1.204 0.004239976 4.63107
						1.204 -0.03714996 4.64528 1.204 -3.11721 4.38838 1.204 -2.58721 4.38838
						1.204 -3.11359 4.432 1.204 -3.10285 4.47443 1.204 -3.08527 4.51451 1.204
						-3.06133 4.55115 1.204 -3.03169 4.58335 1.204 -2.99715 4.61023 1.204
						-2.95866 4.63106 1.204 -2.91726 4.64528 1.204 -2.87409 4.65248 1.204
						-2.83032 4.65248 1.204 -2.59082 4.432 1.204 -2.60157 4.47443 1.204 -2.61915
						4.51451 1.204 -2.64309 4.55115 1.204 -2.67273 4.58335 1.204 -2.70727 4.61023
						1.204 -2.74576 4.63106 1.204 -2.78715 4.64528 1.204 1.1253 2.9925 1.144
						1.07123 3.008 1.144 1.01538 3.01464 1.144 0.95918 3.01225 1.144 0.9041
						3.00089 1.144 0.85154 2.98085 1.144 0.80288 2.95266 1.144 0.75936 2.91703
						1.144 0.7221 2.87489 1.144 0.69208 2.82733 1.144 0.67007 2.77557 1.144
						0.65662 2.72096 1.144 0.65211 2.66489 1.144 1.1253 -2.99249 1.144 1.53884
						-2.80237 1.144 1.92119 -2.55546 1.144 2.2646 -2.25675 1.144 2.56211 -1.9123
						1.144 2.8077 -1.52909 1.144 2.99638 -1.1149 1.144 3.12434 -0.67811 1.144
						3.18897 -0.2275699 1.144 3.18897 0.22758 1.144 3.12434 0.67811 1.144 2.99638
						1.1149 1.144 2.8077 1.5291 1.144 2.56211 1.9123 1.144 2.2646 2.25675 1.144
						1.92118 2.55546 1.144 1.53883 2.80238 1.144 0.65211 -2.66489 1.144 0.65663
						-2.72095 1.144 0.67007 -2.77557 1.144 0.69208 -2.82733 1.144 0.72211
						-2.87489 1.144 0.75936 -2.91703 1.144 0.80288 -2.95265 1.144 0.85155
						-2.98085 1.144 0.9041 -3.00089 1.144 0.95919 -3.01225 1.144 1.01538 -3.01464
						1.144 1.07123 -3.008 1.144 -3.37878 -5.01187 0.08599996 -3.33925 -4.95486
						0.08599996 -3.29088 -4.90514 0.08599996 -3.23498 -4.86406 0.08599996
						-3.17309 -4.83274 0.08599996 -3.10688 -4.81204 0.08599996 -3.03818 -4.80251
						0.08599996 -2.96884 -4.80443 0.08599996 -2.90076 -4.81773 0.08599996
						-2.83579 -4.84205 0.08599996 -2.77572 -4.87674 0.08599996 -2.72218 -4.92084
						0.08599996 -2.67662 -4.97315 0.08599996 -2.6142 -5.09651 0.08599996 -2.6403
						-5.03224 0.08599996 -2.59903 -5.1642 0.08599996 -2.59521 -5.23346 0.08599996
						-2.60284 -5.30241 0.08599996 -2.62172 -5.36916 0.08599996 -2.65133 -5.43189
						0.08599996 1.8921 3.13269 1.09054 1.97756 3.09756 1.08942 2.08613 3.05293
						1.08798 2.29911 2.94824 1.08517 2.32497 2.93324 1.08483 2.49099 2.83697
						1.08264 2.67519 2.71314 1.08021 2.72513 2.67452 1.07955 2.85147 2.57681
						1.07789 2.89671 2.53671 1.07729 3.01948 2.42791 1.07567 3.0845 2.36172
						1.07481 3.18578 2.25864 1.07348 3.2299 2.2071 1.07289 3.33001 2.09014
						1.07157 3.39626 2.00146 1.0707 3.46285 1.91233 1.06982 3.58406 1.72534
						1.06822 3.65361 1.6005 1.0673 3.69332 1.52922 1.06678 3.79424 1.31444
						1.06545 3.81252 1.26738 1.06521 3.8515 1.16707 1.06469 3.87457 1.1077
						1.06439 3.94107 0.89595 1.06351 3.98614 0.70998 1.06291 3.99356 0.67938
						1.06282 4.03174 0.45816 1.06231 4.05422 0.23829 1.06202 4.05589 0.22203
						1.06199 4.06325 0 1.0619 4.05592 -0.2214699 1.06199 4.05424 -0.23829 1.06202
						4.03378 -0.44321 1.06229 3.99659 -0.66459 1.06278 3.98572 -0.70987 1.06292
						3.94119 -0.89548 1.06351 3.87478 -1.1071 1.06439 3.85149 -1.16706 1.06469
						3.81253 -1.26738 1.06521 3.79443 -1.31399 1.06545 3.70013 -1.51589 1.06669
						3.65352 -1.60045 1.06731 3.59176 -1.71249 1.06812 3.46304 -1.91205 1.06982
						3.39627 -2.00146 1.0707 3.33032 -2.08976 1.07157 3.2299 -2.2071 1.0729
						3.18601 -2.25839 1.07347 3.08473 -2.36194 1.07481 3.03019 -2.4177 1.07553
						2.89711 -2.5367 1.07729 2.86285 -2.56734 1.07774 2.72505 -2.67441 1.07956
						2.67538 -2.71301 1.08021 2.49131 -2.83676 1.08264 2.32497 -2.93324 1.08483
						2.29932 -2.94812 1.08517 2.09955 -3.04688 1.08781 1.97757 -3.09734 1.08942
						1.89211 -3.13269 1.09055 1.64549 3.8066 1.04927 1.31865 4.69973 0.99458
						0.74648 6.26325 0.84745 1.18189 5.07344 0.95941 1.16961 6.19819 0.84745
						1.5815 5.07265 0.95088 1.67777 4.80957 0.97505 1.97756 3.99036 1.02642
						2.04511 3.80578 1.03799 2.18694 3.41821 1.06229 2.36593 -3.33558 1.05993
						2.18695 -3.4182 1.0623 2.57242 -3.22533 1.05721 2.63927 -3.18404 1.05633
						2.77161 -3.10229 1.05458 2.96324 -2.96652 1.05205 3.05609 -2.89148 1.05082
						3.14704 -2.81798 1.04962 3.20763 -2.76459 1.04882 3.68219 -2.24821 1.04256
						3.53492 -2.43021 1.0445 3.43841 -2.53523 1.04578 3.42934 -2.5451 1.0459
						3.37668 -2.6024 1.04659 3.2299 -2.74322 1.04853 3.75143 -2.15065 1.04164
						3.81826 -2.05649 1.04076 3.9428 -1.85509 1.03912 3.98231 -1.78464 1.0386
						4.01699 -1.71616 1.03814 4.08815 -1.57565 1.0372 4.18048 -1.36079 1.03598
						4.21408 -1.26669 1.03553 4.22031 -1.24926 1.03545 4.25921 -1.14031 1.03494
						4.32416 -0.91436 1.03408 4.35831 -0.75907 1.03363 4.37502 -0.68309 1.03341
						4.38899 -0.60348 1.03322 4.4197 -0.37124 1.03282 4.4277 -0.25461 1.03271
						4.4357 -0.1379399 1.03261 4.43648 0 1.0326 4.43702 0.09617996 1.03259 4.4279
						0.25464 1.03271 4.42352 0.33089 1.03277 4.39497 0.56595 1.03315 4.38179
						0.64578 1.03332 4.35813 0.75905 1.03363 4.33389 0.8751 1.03395 4.27177
						1.10054 1.03477 4.2205 1.24936 1.03545 4.21453 1.26669 1.03553 4.19551
						1.3219 1.03578 4.10509 1.53891 1.03697 4.01751 1.71645 1.03813 4.00033
						1.75127 1.03836 3.96146 1.82227 1.03887 3.84034 2.0228 1.04047 3.7516 2.1508
						1.04164 3.7071 2.21498 1.04223 3.56187 2.39861 1.04415 3.43906 2.53524
						1.04577 3.4298 2.54554 1.04589 3.40471 2.57345 1.04622 3.23557 2.73917
						1.04845 3.2299 2.74427 1.04853 3.17543 2.79326 1.04925 3.05622 2.89167
						1.05082 2.99476 2.9424 1.05163 2.80542 3.07964 1.05413 2.6396 3.1846 1.05632
						2.60759 3.20486 1.05674 2.40141 3.31782 1.05946 2.04511 -3.80578 1.03799
						1.97757 -3.99036 1.02642 1.16962 -6.19819 0.84745 1.67778 -4.80957 0.97505
						1.58151 -5.07265 0.95088 1.6455 -3.80659 1.04928 1.31866 -4.69972 0.99458
						1.1819 -5.07344 0.95942 0.74649 -6.26325 0.84745 1.97756 3.80621 1.04453
						1.97757 -3.80621 1.04454 3.2299 -2.53583 1.05866 3.2299 2.53583 1.05865
						-5.46121 0.59319 -0.929 -5.49397 -5.5e-4 -0.929 -0.1022 -4.38838 1.204
						-2.85221 4.38838 1.204 1.77862 -6.11915 -1.204 -0.32752 -6.30143 -1.204</float_array>
					<technique_common>
						<accessor source="#Mesh_001-mesh-positions-array" count="1882" stride="3">
							<param name="X" type="float" />
							<param name="Y" type="float" />
							<param name="Z" type="float" />
						</accessor>
					</technique_common>
				</source>
				<source id="Mesh_001-mesh-normals">
					<float_array id="Mesh_001-mesh-normals-array" count="10389">0.1969965 -0.9804043
						0 0.2194986 -0.9756015 -0.004694104 0.2614945 -0.9652023 0.002324521
						0.2614675 -0.9652096 0.002324819 0.3194109 -0.9476088 -0.003799676 0.3327182
						-0.9430263 -9.67292e-5 0.4024052 -0.9154616 -1.15481e-4 0.4021255 -0.9155846
						-1.14367e-4 0.4153208 -0.9096667 -0.003924965 0.4692341 -0.8830737
						6.20242e-4 0.4692764 -0.8830511 6.18612e-4 0.5012845 -0.86526 -0.006252706
						0.5338397 -0.8455842 0.001641094 0.533802 -0.845608 0.001641333 0.5944064
						-0.8041611 -0.002454459 0.5954009 -0.8034262 -0.002071917 0.6745236
						-0.738239 -0.004597067 0.6536421 -0.7568026 0.001444101 0.6536515 -0.7567944
						0.001444041 0.8473489 -0.5310321 0.002242922 0.8053835 -0.5927358
						-0.004656374 0.8082921 -0.5887746 -0.00290817 0.7588945 -0.6512138
						-6.56846e-5 0.7589417 -0.6511588 -6.79266e-5 0.7474015 -0.6643604
						-0.004057526 0.7082788 -0.7059288 0.002412378 0.7082825 -0.705925
						0.002412259 0.8473365 -0.5310518 0.002242743 0.8682854 -0.4960426
						-0.004729866 0.8845968 -0.4663528 0.001885712 0.8845968 -0.4663531
						0.001885652 0.9150243 -0.4033887 -0.002869725 0.9169029 -0.3991077
						-0.001475334 0.9518902 -0.3064066 -0.00446093 0.9441174 -0.3296079
						0.001128733 0.9441177 -0.3296068 0.001128733 0.9826354 -0.1855459 7.73521e-4
						0.9826379 -0.1855326 7.73542e-4 0.978515 -0.206131 -0.00428152 0.9660663
						-0.2582827 0.002450704 0.9660653 -0.2582864 0.002450704 0.9937393 -0.1117209
						-9.19083e-4 0.9946113 -0.1036232 -0.003247678 0.9993023 -0.03732085
						0.001463353 0.9993022 -0.0373224 0.001463413 0.9999837 0 -0.005720138
						0.9993023 0.03732126 0.001463413 0.9993023 0.03732085 0.001463353 0.9946113
						0.1036232 -0.003247678 0.9937393 0.1117209 -9.19089e-4 0.9747591 0.2230994
						-0.008462429 0.9826386 0.1855285 7.74541e-4 0.9826271 0.1855897 7.74528e-4
						0.8845968 0.4663531 0.00187844 0.9168993 0.3991062 -0.003194689 0.9150188
						0.4034082 -0.001639008 0.9441177 0.3296068 0.001128673 0.9518998 0.3064075
						0.001128256 0.9441007 0.3296021 -0.00602591 0.9660675 0.258287 -0.001246392
						0.9660673 0.2582875 -0.001246571 0.8845838 0.4663776 0.001878321 0.8682909
						0.4960327 -0.004731297 0.8473483 0.5310329 0.002237975 0.8473489 0.5310321
						0.002238273 0.8082884 0.5887718 -0.004206836 0.8053892 0.5927399
						-0.002737283 0.7586734 0.6514713 -5.81286e-5 0.7589507 0.6511481 -6.86211e-5
						0.7473952 0.6643674 -0.004064381 0.7082549 0.7059528 0.002408742 0.7082637
						0.7059439 0.002408564 0.6745316 0.7382317 -0.004595398 0.6536687 0.7567797
						0.001440227 0.6535903 0.7568472 0.001441001 0.5944074 0.8041614 -0.002128899
						0.5953997 0.8034257 -0.002523541 0.5012905 0.8652566 -0.006247103 0.5338279
						0.8455917 0.001643121 0.533778 0.8456231 0.001643061 0.2614652 0.9652101
						0.002323031 0.3327198 0.9430114 -0.005223393 0.3194045 0.9476185 -9.03242e-5
						0.4012339 0.9159757 6.63287e-5 0.4158881 0.9094159 6.60347e-5 0.4021203
						0.9155732 -0.005017697 0.4692949 0.8830413 6.24963e-4 0.4692767 0.8830511
						6.25932e-4 0.2614562 0.9652126 0.002322912 0.2194877 0.975604 -0.004689991
						0.1970016 0.9804032 0 0.1153009 0.1555871 0.9810701 0.8586649 0.4527007
						0.2403264 0.2606016 0.9620581 0.08081549 0.4002695 0.9128293 0.0807895
						0.4002695 0.9128293 0.0807895 0.9629116 0.2574428 0.08077484 0.9794282
						0.1849219 0.08077263 0.9904786 0.1113542 0.08094805 0.9960344 -0.03720384
						0.0808168 0.9905013 -0.1113544 0.0806694 0.9629105 -0.2574449 0.08078157
						0.9410324 -0.3285323 0.08077567 0.9139016 -0.3977999 0.08086472 0.8445708
						-0.5293173 0.08076721 0.8027614 -0.5908064 0.08075946 0.7059662 -0.7036282
						0.08074146 0.651502 -0.7543265 0.08084964 0.5934576 -0.8008035 0.08075928
						0.4677374 -0.8801547 0.08092874 0.4008129 -0.9125969 0.08072161 0.331632
						-0.9399476 0.08073937 0.07232558 -0.3422735 0.9368126 0.1014451 -0.4886045
						0.8665879 0.04066282 0.1892012 0.981096 0.04013043 0.1982392 0.9793319
						0.04020106 0.1985361 0.9792687 0.07407844 0.3412558 0.9370469 0.07388299
						0.3648934 0.9281133 0.07383805 0.3646841 0.9281991 0.1038773 0.4847096
						0.868485 0.1035478 0.4678301 0.8777316 0.1307957 0.6155348 0.7771805
						0.1116085 0.5560448 0.8236249 0.1116244 0.5561243 0.8235688 0.1572622
						0.7754307 0.6115357 0.1535983 0.7390151 0.6559454 0.1529607 0.7304307
						0.665638 0.1362362 0.6786493 0.7217167 0.1362397 0.6786634 0.7217026
						0.1571033 0.7746603 0.6125521 0.1702846 0.826389 0.5367351 0.1697165
						0.8415468 0.5128307 0.169861 0.8422162 0.5116828 0.183412 0.9007885
						0.3936243 0.1851876 0.8860909 0.42491 0.1940295 0.951103 0.2403242 0.184221
						0.9227991 0.3383852 0.1842489 0.9229444 0.3379735 0.1968397 0.9795971
						0.04054319 0.2006709 0.9735166 0.1095296 0.1977345 0.9769184 0.08081758
						0.1919792 0.9595425 0.2059667 0.1919871 0.9595817 0.2057766 0.1965432
						-0.9781473 0.06781268 0.1978904 -0.9768855 0.0808345 0.1929163 -0.9633153
						0.1865665 0.1859123 -0.9333216 0.3071605 0.1859094 -0.9333039 0.3072159
						0.1760179 -0.8797599 0.4416337 0.1697903 -0.8245706 0.5396803 0.1519074
						-0.7540133 0.6390526 0.1300617 -0.642121 0.7554897 0.1300948 -0.6422781
						0.7553505 0.9139068 0.3978021 0.08079499 0.8817082 0.4648254 0.08079677
						0.8816962 0.4648416 0.08083373 0.8816965 0.4648528 0.08076661 0.8445841
						0.5292969 0.08076339 0.75616 0.6493639 0.08092516 0.7059352 0.7036449
						0.08086711 0.6515359 0.7543093 0.08073759 0.5320286 0.8428587 0.08083838
						0.5320897 0.842837 0.0806635 0.4677486 0.880173 0.08066487 0.4677618
						0.8801544 0.08079159 0.4008113 0.9125918 0.08078753 0.3316341 0.9399353
						0.08087438 0.2606097 0.9620515 0.08086794 0.7790127 0.4882062 0.3934388
						0.8225203 0.5154685 0.2403182 0.8225143 0.5154632 0.2403497 0.8445852
						0.5292982 0.08074241 0.8445889 0.5292912 0.08074891 0.6796416 0.5002163
						0.5365363 0.7404248 0.5449537 0.393442 0.7403953 0.5449142 0.3935524
						0.781778 0.5753704 0.2403586 0.7817955 0.5754003 0.2402303 0.802748
						0.5908262 0.08074682 0.8027516 0.5907968 0.08092695 0.5665068 0.4860563
						0.6654468 0.6404535 0.5495021 0.5365324 0.6404324 0.5494816 0.5365784
						0.697696 0.5986106 0.3935551 0.697713 0.5986383 0.3934831 0.7367122
						0.6320998 0.2402189 0.7366964 0.6320677 0.2403514 0.7564644 0.6490303
						0.08075559 0.756465 0.6490147 0.08087551 0.4458028 0.4443383 0.7770607
						0.5286911 0.5269563 0.6654343 0.5286366 0.5268761 0.6655411 0.5976833
						0.5956973 0.5365815 0.597738 0.5957769 0.5364319 0.6511335 0.6489952
						0.3934849 0.6511205 0.6489714 0.3935456 0.6875137 0.685245 0.2403417
						0.6875185 0.685254 0.2403024 0.7059578 0.7036327 0.08077549 0.7059524
						0.7036451 0.08071535 0.1184481 -0.5701757 0.8129391 0.1297422 -0.6156281
						0.7772832 0.1645492 -0.6074419 0.7771345 0.3242008 0.3753547 0.8683333
						0.4114313 0.4763487 0.7770561 0.4114534 0.4763818 0.7770242 0.4878551
						0.5648394 0.6655478 0.4878682 0.564857 0.6655233 0.5516412 0.6386939
						0.5364347 0.5516167 0.6386525 0.5365092 0.6009055 0.6957187 0.3935583
						0.6009065 0.6957221 0.3935509 0.6345058 0.7346199 0.2402833 0.6345022
						0.7346211 0.2402892 0.6515142 0.7543159 0.08085161 0.6514583 0.7543766
						0.0807361 0.1011694 -0.4873058 0.8673511 0.1003736 -0.4855219 0.8684432
						0.1296757 -0.4786992 0.8683499 0.1296706 -0.4786804 0.868361 0.1650099
						-0.4676803 0.8683587 0.2080045 0.2806864 0.9369895 0.2953051 0.3984881
						0.8683331 0.2952792 0.3984444 0.8683619 0.37479 0.5057366 0.7770219 0.374808
						0.505767 0.7769934 0.4443892 0.5996628 0.6655246 0.4443728 0.599632
						0.6655631 0.5024597 0.6780135 0.5364998 0.5024662 0.6780264 0.5364774
						0.5473551 0.7386001 0.3935385 0.547347 0.7385886 0.393571 0.5779582
						0.7798933 0.2402725 0.5779623 0.7799121 0.2402014 0.5934508 0.8008085
						0.08075881 0.5934545 0.8007979 0.08083683 0.07165825 -0.3390704 0.9380279
						0.07273763 -0.3415595 0.9370413 0.0913546 -0.337229 0.9369797 0.09135156
						-0.337226 0.9369811 0.1162415 -0.3294756 0.9369812 0.1162642 -0.3295238
						0.9369615 0.1405171 -0.3199416 0.9369591 0.1152853 -0.1555728 0.9810741
						0.103365 -0.1637377 0.9810738 0.1865074 -0.2954406 0.9369792 0.1639677
						-0.3085335 0.9369748 0.2327622 -0.4379811 0.8683284 0.1994509 -0.4541154
						0.8683309 0.2530847 -0.5762327 0.7771126 0.2093974 -0.5934914 0.7771234
						0.2483791 -0.7039775 0.6653748 0.1951889 -0.7205265 0.6653894 0.2206685
						-0.8145803 0.5364367 0.1705506 -0.8264271 0.5365918 0.1759868 -0.879612
						0.4419407 0.2283767 -0.2644118 0.9369795 0.2080237 -0.280712 0.9369776
						0.2952754 -0.398448 0.8683616 0.2647431 -0.4193612 0.868359 0.3359788
						-0.5322039 0.7770954 0.295374 -0.5557809 0.7770856 0.3503423 -0.6592103
						0.6653587 0.3001922 -0.683518 0.6653479 0.3393241 -0.7726207 0.5365785
						0.2807535 -0.7957686 0.5365911 0.3058604 -0.8669346 0.3935402 0.2403811
						-0.8873251 0.3935368 0.253819 -0.9369294 0.2402901 0.1944511 -0.9510027
						0.2403801 0.1928952 -0.9632109 0.1871262 0.260616 -0.9620666 0.08066725
						0.3316439 -0.9399507 0.08065491 0.322979 -0.9153897 0.240305 0.3903363
						-0.888758 0.2403056 0.3696851 -0.8417371 0.3934611 0.4314366 -0.8118212
						0.3934577 0.3960562 -0.7452472 0.5364198 0.450522 -0.7136278 0.5364378
						0.3985116 -0.6312427 0.665373 0.444475 -0.5997571 0.6653823 0.3747224
						-0.5056351 0.7771205 0.4113738 -0.476299 0.7771171 0.32416 -0.3753173
						0.8683646 0.3512513 -0.3500941 0.8683643 0.2474614 -0.2466459 0.9369785
						0.2651669 -0.2275074 0.9369776 0.1469616 -0.126091 0.9810726 0.155953
						-0.1147821 0.9810728 0.4677028 -0.8801931 0.08071178 0.4677415 -0.8801535
						0.08091914 0.4555312 -0.8571761 0.2402923 0.5181748 -0.8208253 0.240293
						0.4907422 -0.7773678 0.3935369 0.5473601 -0.7386068 0.3935188 0.5024561
						-0.6780136 0.5365031 0.5516141 -0.638661 0.5365016 0.487913 -0.5649055
						0.6654492 0.5286811 -0.5269458 0.6654505 0.4457439 -0.4442803 0.7771277
						0.4776319 -0.4098036 0.7771285 0.3763597 -0.3229135 0.868378 0.3993899
						-0.2939487 0.8683789 0.2813613 -0.2070795 0.9369919 0.2960214 -0.1855181
						0.9369923 0.532056 -0.8428444 0.08080643 0.5934477 -0.8008064 0.08080267
						0.5779509 -0.7798933 0.2402903 0.6345045 -0.7346205 0.2402851 0.6009398
						-0.6957606 0.3934319 0.6511518 -0.6489976 0.3934506 0.5977281 -0.5957507
						0.536472 0.6404812 -0.5495109 0.5364902 0.5665707 -0.4860985 0.6653615
						0.6012492 -0.4424899 0.6653587 0.5069311 -0.3730735 0.7770696 0.5333298
						-0.334234 0.777076 0.4202491 -0.263368 0.8683478 0.4387221 -0.2312971
						0.8683459 0.309067 -0.1629441 0.9369776 0.320355 -0.1394417 0.9369786
						0.1775555 -0.07728576 0.9810714 0.1828293 -0.0638265 0.9810707 0.7059646
						-0.7036158 0.08086347 0.7059583 -0.7036331 0.08076858 0.6875109 -0.6852454
						0.2403489 0.7366979 -0.6320678 0.2403466 0.6977388 -0.5986417 0.393432
						0.7404394 -0.5449435 0.3934286 0.6796574 -0.5002114 0.5365206 0.7150627
						-0.4481359 0.5365256 0.632502 -0.3963969 0.6654404 0.660306 -0.3481193
						0.665439 0.5567334 -0.2935141 0.7771083 0.5770696 -0.2511887 0.7771067
						0.4546458 -0.1978984 0.8684086 0.4681411 -0.1634415 0.868407 0.3298511
						-0.1151615 0.9369825 0.3375187 -0.09024327 0.9369832 0.7564645 -0.6490343
						0.08072191 0.7564632 -0.6490316 0.08075547 0.7366942 -0.632067 0.2403601
						0.7817736 -0.5753684 0.2403774 0.7404353 -0.5449453 0.3934341 0.7790169
						-0.4881997 0.3934382 0.715137 -0.4481669 0.5364004 0.7465591 -0.3935969
						0.5364056 0.6602902 -0.3481117 0.6654586 0.6844126 -0.2978994 0.6654588
						0.5771435 -0.2512086 0.7770454 0.5942744 -0.2074597 0.7770447 0.4682478
						-0.1634651 0.8683452 0.4791353 -0.1280994 0.8683432 0.3375691 -0.0902515
						0.9369641 0.3433561 -0.06482756 0.9369654 0.7564185 -0.6490798 0.08078837
						0.802758 -0.5908101 0.08076626 0.7817811 -0.575367 0.2403563 0.8225141
						-0.5154645 0.2403475 0.7789882 -0.48819 0.3935073 0.8132255 -0.4287407
						0.3935046 0.7465673 -0.3935976 0.5363939 0.7738404 -0.3368244 0.5363959
						0.6844082 -0.2978959 0.6654649 0.7047151 -0.2460426 0.6654619 0.5941173
						-0.2074279 0.7771733 0.6079299 -0.1625491 0.7771738 0.4790559 -0.1280888
						0.8683886 0.4872771 -0.09199786 0.8683879 0.3433716 -0.06482851 0.9369596
						0.3472482 -0.03903949 0.9369604 0.8817073 -0.4648333 0.08076125 0.8817077
						-0.464827 0.08079385 0.8586634 -0.4526789 0.2403728 0.8900188 -0.3874233
						0.2403538 0.8429003 -0.3669154 0.3935634 0.8679249 -0.303018 0.3935562
						0.7967357 -0.2781651 0.536504 0.8152651 -0.2179614 0.5365031 0.7211611
						-0.1928039 0.6653971 0.7335305 -0.1384921 0.6653969 0.6184039 -0.1167576
						0.7771386 0.6253826 -0.0703203 0.7771434 0.4927998 -0.05541294 0.8683765
						0.495564 -0.01849973 0.8683744 0.3491733 -0.01303476 0.9369675 0.3491728
						0.01303917 0.9369676 0.1934991 0.007226169 0.9810739 0.1924188 0.02163547
						0.9810744 0.9410276 -0.3285245 0.08086347 0.941023 -0.3285393 0.08085602
						0.9164347 -0.3199565 0.2403648 0.9377446 -0.2507237 0.2403602 0.888095
						-0.2374486 0.3935802 0.9033311 -0.1705644 0.3935744 0.8292135 -0.156568
						0.5365553 0.8385775 -0.09428989 0.5365606 0.7417778 -0.08340531 0.6654391
						0.7459331 -0.02786058 0.6654379 0.6289197 -0.02349156 0.7771153 0.6289177
						0.02349466 0.7771168 0.4956465 0.01851636 0.868327 0.4928822 0.05542111
						0.8683293 0.3472408 0.03904563 0.9369629 0.3433588 0.06482642 0.9369645
						0.9629116 -0.2574428 0.08077597 0.9629113 -0.2574406 0.08078485 0.9377723
						-0.2507211 0.2402539 0.9538564 -0.1800885 0.2402623 0.9033772 -0.1705579
						0.3934712 0.913583 -0.1027157 0.3934662 0.838607 -0.09428679 0.5365149
						0.8433082 -0.03148245 0.5365076 0.7460085 -0.02785116 0.6653539 0.746008
						0.02786272 0.6653538 0.6288889 0.02348989 0.7771403 0.6253896 0.07030928
						0.7771387 0.492801 0.05540353 0.8683764 0.4872967 0.09200292 0.8683763
						0.3433572 0.0648263 0.9369651 0.3375688 0.09025764 0.9369636 0.9794276
						-0.1849257 0.08077234 0.9794288 -0.1849305 0.08074796 0.953828 -0.1800962
						0.2403695 0.9646044 -0.1084476 0.2403693 0.913606 -0.1027134 0.3934134
						0.9187206 -0.03430241 0.3934156 0.8432964 -0.03148531 0.5365257 0.8432966
						0.03148132 0.5365256 0.7459332 0.02784788 0.6654384 0.7417777 0.0834096
						0.6654387 0.6254771 0.07033056 0.7770664 0.6184939 0.1167693 0.7770652
						0.4872775 0.09199446 0.8683881 0.4790587 0.1280786 0.8683886 0.3375185
						0.09023731 0.9369838 0.3298503 0.1151623 0.9369826 0.9960471 -0.03719711
						0.08066439 0.9960446 -0.03718459 0.08069998 0.9700074 -0.03621333 0.2403627
						0.9700071 0.03622204 0.2403626 0.9187178 0.03430491 0.3934221 0.9135981
						0.1027179 0.3934308 0.8385787 0.09428095 0.5365603 0.8292163 0.1565536
						0.5365554 0.7335305 0.1384888 0.6653975 0.7211546 0.1928238 0.6653984
						0.6080194 0.1625742 0.7770985 0.594204 0.207453 0.7771002 0.4682376
						0.1634765 0.8683484 0.4547457 0.1979407 0.8683467 0.3203538 0.1394429
						0.9369788 0.3090687 0.1629435 0.9369772 0.1713018 0.09031087 0.9810706
						0.1640895 0.1028345 0.9810708 0.9960471 0.03719705 0.08066439 0.9904977
						0.1113862 0.08066958 0.9646454 0.108479 0.240191 0.9538729 0.1800942
						0.2401934 0.9033333 0.170552 0.3935747 0.8880971 0.2374427 0.3935793
						0.8152635 0.2179707 0.5365018 0.7967393 0.2781547 0.5365041 0.7047514
						0.2460385 0.6654251 0.6844431 0.2979122 0.6654217 0.5770735 0.2511783
						0.7771074 0.5567291 0.2935168 0.7771105 0.4386585 0.2312672 0.868386
						0.420192 0.263334 0.8683859 0.2960654 0.1855432 0.9369734 0.2814025
						0.2071083 0.9369733 0.9629104 0.2574449 0.08078277 0.9629114 0.2574406
						0.08078366 0.9377477 0.2507115 0.2403605 0.9164352 0.3199564 0.2403633
						0.8679465 0.3030253 0.393503 0.8429404 0.366899 0.3934928 0.7737663
						0.3367921 0.5365231 0.7465029 0.3935486 0.5365194 0.6603131 0.3481097
						0.6654369 0.6325039 0.3963998 0.6654368 0.5332871 0.3342188 0.7771118
						0.5068804 0.3730517 0.7771132 0.3993932 0.2939437 0.8683792 0.3763593
						0.322909 0.8683799 0.265169 0.2275075 0.9369769 0.2474619 0.2466482
						0.9369778 0.1371581 0.1367049 0.9810706 0.1265786 0.1465505 0.9810713
						0.04080426 -0.1898571 0.9809635 0.04052615 -0.1892687 0.9810888 0.05063521
						-0.1869242 0.9810685 0.050641 -0.1869398 0.9810652 0.06444197 -0.1826415
						0.9810654 0.06442368 -0.1826055 0.9810733 0.07786679 -0.1772931 0.9810729
						0.07786697 -0.1772927 0.981073 0.07786959 -0.1773051 0.9810705 0.09087592
						-0.1710039 0.9810705 0.103381 -0.163758 0.9810686 0.09088146 -0.1710095
						0.981069 0.1639575 -0.3085194 0.9369812 0.1404869 -0.3198881 0.9369819
						0.1993971 -0.4540244 0.8683909 0.1649862 -0.4676297 0.8683905 0.2093827
						-0.5934683 0.777145 0.164541 -0.6074249 0.7771496 0.1951662 -0.7204837
						0.6654422 0.1520056 -0.7306445 0.6656222 0.1518941 -0.7539518 0.6391283
						0.1848606 -0.9004248 0.393779 0.2403578 -0.8872819 0.3936485 0.2206586
						-0.8145642 0.5364652 0.2807891 -0.7958274 0.5364853 0.2483921 -0.704006
						0.6653397 0.3001871 -0.6835112 0.6653572 0.2530352 -0.576148 0.7771916
						0.2952916 -0.5556663 0.7771988 0.232722 -0.437924 0.8683681 0.2647354
						-0.4193546 0.8683646 0.1865211 -0.2954589 0.9369707 0.2080376 -0.2807247
						0.9369707 0.1152998 -0.1555856 0.9810705 0.1371392 -0.1366863 0.9810758
						0.1265653 -0.1465305 0.981076 0.1265742 -0.1465464 0.9810725 0.1265917
						-0.1465524 0.9810693 0.1153018 -0.155589 0.9810697 0.26064 -0.9620462
						0.08083283 0.2606158 -0.9620686 0.08064436 0.2538013 -0.9369112 0.2403798
						0.322961 -0.9153726 0.240394 0.3058788 -0.8669584 0.3934732 0.3696837
						-0.8417364 0.3934639 0.3393293 -0.7726248 0.5365692 0.396 -0.74518 0.5365546
						0.3502595 -0.659107 0.6655046 0.3984302 -0.6311503 0.6655094 0.3359407
						-0.53216 0.7771421 0.3747017 -0.5056158 0.7771431 0.2953109 -0.3984838
						0.868333 0.3241996 -0.3753564 0.8683331 0.2283746 -0.2644103 0.9369805
						0.2474597 -0.2466439 0.9369795 0.1371385 -0.1366853 0.9810761 0.1469466
						-0.1260792 0.9810763 0.401121 -0.9124565 0.08077859 0.4008108 -0.9125966
						0.08073544 0.3903462 -0.888767 0.2402569 0.4555388 -0.8571829 0.2402542
						0.4314248 -0.8118107 0.393492 0.4907602 -0.7773865 0.393478 0.4504911
						-0.7136007 0.5364997 0.5024517 -0.6780085 0.5365135 0.4444321 -0.5997156
						0.6654483 0.4879121 -0.5649078 0.665448 0.4114001 -0.4763194 0.7770906
						0.4457774 -0.4443029 0.7770956 0.3512653 -0.3501052 0.8683543 0.3763943
						-0.322934 0.8683553 0.2651748 -0.2275142 0.9369737 0.2814062 -0.2071057
						0.9369726 0.15597 -0.114788 0.9810694 0.1713033 -0.09031009 0.9810705
						0.1640895 -0.1028345 0.9810708 0.1640955 -0.1028407 0.981069 0.1641109
						-0.102842 0.9810664 0.1559794 -0.1147983 0.9810667 0.5320885 -0.8428088
						0.08096385 0.5320748 -0.8428375 0.08075636 0.5181856 -0.8208341 0.2402397
						0.5779593 -0.7798949 0.2402647 0.5473588 -0.7386049 0.3935241 0.6009015
						-0.6957306 0.3935433 0.5515993 -0.6386501 0.53653 0.5976989 -0.5957251
						0.536533 0.5287062 -0.5269635 0.6654167 0.5665301 -0.4860765 0.6654121
						0.4776317 -0.4097994 0.7771309 0.506859 -0.3730375 0.7771338 0.3994296
						-0.2939705 0.8683532 0.420245 -0.2633659 0.8683505 0.2960454 -0.1855295
						0.9369825 0.3090525 -0.1629374 0.9369835 0.1712796 -0.09030187 0.9810754
						0.1775382 -0.07727915 0.9810751 0.6515182 -0.7543236 0.08074605 0.6515206
						-0.7543224 0.08073914 0.6344966 -0.7346145 0.2403241 0.6875213 -0.6852521
						0.2403002 0.6511415 -0.6489935 0.3934746 0.6977204 -0.5986304 0.3934818
						0.6404559 -0.5494994 0.5365322 0.6796463 -0.5002073 0.5365385 0.6011707
						-0.4424495 0.6654565 0.63249 -0.3963911 0.6654551 0.5332637 -0.3342056
						0.7771335 0.556703 -0.2935041 0.7771341 0.4387002 -0.2312916 0.8683584
						0.4547342 -0.1979245 0.8683563 0.3203918 -0.1394516 0.9369645 0.3298991
						-0.1151711 0.9369644 0.1828227 -0.06382578 0.981072 0.1934978 -0.00722754
						0.9810741 0.1924226 -0.0216369 0.9810736 0.1924057 -0.02163153 0.981077
						0.192422 -0.02162998 0.9810739 0.1902717 -0.03592395 0.981074 0.1902603
						-0.03592365 0.9810763 0.1870487 -0.0500124 0.9810768 0.1870689 -0.05001515
						0.9810728 0.1828191 -0.06382155 0.9810729 0.8445894 -0.5292915 0.08074229
						0.8445796 -0.5293154 0.08068794 0.8224785 -0.5154619 0.240475 0.8586353
						-0.4526774 0.2404759 0.8132439 -0.4287472 0.3934594 0.8429468 -0.3669199
						0.3934597 0.7737629 -0.3368071 0.5365184 0.7967246 -0.2781603 0.5365229
						0.7047399 -0.2460473 0.665434 0.7211245 -0.1927979 0.6654385 0.6080108
						-0.1625565 0.777109 0.6184388 -0.1167588 0.7771106 0.487298 -0.09199953
						0.8683761 0.4928004 -0.05541437 0.8683761 0.3471904 -0.03903907 0.9369817
						0.3491312 -0.01303905 0.9369832 0.1935131 -0.007226884 0.9810711 0.1935112
						0.007228016 0.9810715 0.8817082 -0.4648256 0.0807957 0.9139089 -0.3977968
						0.08079797 0.8900791 -0.3874218 0.2401329 0.9164971 -0.319949 0.240137
						0.8680115 -0.3030235 0.3933609 0.8881908 -0.2374492 0.393364 0.8153091
						-0.2179641 0.5364353 0.8292887 -0.1565678 0.5364391 0.7335588 -0.1384941
						0.6653652 0.7418504 -0.08340233 0.6653586 0.6254834 -0.07031846 0.7770623
						0.6289799 -0.02348428 0.7770668 0.4955424 -0.01850205 0.8683867 0.4955406
						0.01849967 0.8683878 0.3491328 0.0130341 0.9369826 0.3471894 0.03903299
						0.9369824 0.192408 0.02163219 0.9810766 0.1775562 0.07728403 0.9810714
						0.1828263 0.06383347 0.9810708 0.1828389 0.06383556 0.9810683 0.1828183
						0.06382161 0.981073 0.1870673 0.05001729 0.981073 0.1870508 0.05001032
						0.9810765 0.1902592 0.03592139 0.9810766 0.1902796 0.03592669 0.9810724
						0.1924259 0.0216304 0.9810731 0.97943 -0.1849192 0.08075773 0.9904925
						-0.1113667 0.08075994 0.9645843 -0.1084491 0.2404494 0.9699847 -0.03622192
						0.2404531 0.9187027 -0.03430503 0.3934574 0.9187028 0.03430175 0.3934573
						0.8433111 0.03148585 0.5365027 0.8386167 0.0942946 0.5364985 0.7417562
						0.08340144 0.6654637 0.7334703 0.1384665 0.6654686 0.6184427 0.1167502
						0.7771089 0.6080061 0.1625667 0.7771106 0.4791326 0.1281093 0.8683433
						0.4682452 0.1634776 0.8683443 0.3298422 0.1151573 0.9369862 0.3203372
						0.1394331 0.9369859 0.1775712 0.07729017 0.9810681 0.1713088 0.09031641
						0.9810689 0.9960345 0.03720277 0.08081686 0.9960445 0.03718376 0.080702
						0.9699852 0.03621172 0.2404529 0.9645853 0.1084409 0.2404494 0.9135838
						0.1027082 0.3934665 0.9033756 0.1705702 0.3934695 0.8292855 0.156582
						0.5364398 0.8153017 0.2179902 0.536436 0.7211232 0.1928092 0.6654367
						0.7047417 0.2460364 0.6654362 0.5941573 0.2074288 0.7771425 0.5770345
						0.2511529 0.7771445 0.4546656 0.1978921 0.8683996 0.4386364 0.2312525
						0.8684012 0.3090754 0.1629485 0.9369739 0.296064 0.1855402 0.9369744
						0.1640838 0.1028303 0.9810721 0.146977 0.126106 0.9810684 0.1559732
						0.1147873 0.9810689 0.1559553 0.1147801 0.9810726 0.1559569 0.1147825
						0.9810721 0.1640801 0.1028298 0.9810729 0.979402 0.1849864 0.08094298
						0.9794223 0.1849056 0.0808826 0.9538581 0.1800804 0.2402623 0.9377692
						0.2507329 0.2402544 0.8881197 0.2374552 0.3935208 0.8679433 0.3030248
						0.3935105 0.7967745 0.2781763 0.5364407 0.7738088 0.3368172 0.5364459
						0.6844879 0.2979399 0.6653632 0.6603655 0.34815 0.6653639 0.5567066
						0.2935011 0.7771326 0.5332621 0.3341999 0.7771371 0.4202203 0.263356
						0.8683655 0.3994117 0.2939608 0.8683648 0.281406 0.2071099 0.9369719
						0.2651786 0.2275188 0.9369716 0.1469677 0.126096 0.9810711 0.1371539
						0.1367025 0.9810715 0.1265761 0.1465604 0.9810701 0.1265866 0.1465657
						0.981068 0.2283677 0.2644098 0.9369823 0.2474561 0.2466382 0.9369819
						0.3512655 0.3501071 0.8683534 0.3763865 0.322937 0.8683575 0.4776396
						0.409812 0.7771195 0.5068761 0.3730476 0.7771179 0.6012177 0.4424822
						0.6653923 0.6325283 0.3964235 0.6653994 0.7151235 0.4481883 0.5364006
						0.7465616 0.3935967 0.5364024 0.813243 0.4287483 0.3934602 0.8429498
						0.3669092 0.3934633 0.8900264 0.3873961 0.2403691 0.9164341 0.3199553
						0.2403691 0.941023 0.3285393 0.08085632 0.9410325 0.3285323 0.08077299
						0.1153016 0.1555875 0.9810699 0.1153004 0.1555864 0.9810703 0.2079972
						0.2806711 0.9369957 0.2283465 0.2643765 0.9369968 0.3242111 0.3753676
						0.8683239 0.3512907 0.3501398 0.86833 0.4458204 0.4443596 0.7770386
						0.4777097 0.4098891 0.7770357 0.5665572 0.4861168 0.6653597 0.6012355
						0.4425002 0.6653643 0.6796133 0.5001863 0.5365999 0.7150318 0.4480979
						0.5365985 0.7789933 0.4881836 0.393505 0.8132264 0.4287396 0.3935036
						0.8586598 0.4526906 0.2403635 0.8900285 0.3874 0.240355 0.913903 0.3977944
						0.08087575 0.9410274 0.3285243 0.08086621 0.5320908 0.8428316 0.08071225
						0.5181802 0.820797 0.2403784 0.5181865 0.82084 0.2402177 0.4907531 0.7773851
						0.3934894 0.4907444 0.7773504 0.393569 0.4504822 0.7135744 0.536542
						0.4504983 0.713618 0.5364705 0.3984385 0.6311516 0.6655032 0.3984118
						0.6310965 0.6655715 0.3360391 0.5322937 0.7770078 0.336055 0.5323256
						0.776979 0.2647335 0.4193474 0.8683687 0.2647379 0.4193557 0.8683632
						0.186484 0.2954001 0.9369965 0.1864904 0.2954137 0.936991 0.1033904
						0.1637758 0.9810648 0.1033771 0.1637515 0.9810702 0.4677413 0.8801742
						0.080693 0.4555081 0.8571501 0.2404294 0.4555069 0.8571643 0.2403806
						0.4314228 0.8118413 0.3934312 0.4314115 0.8118106 0.393507 0.3960373
						0.7452449 0.536437 0.396021 0.7451831 0.5365349 0.3502562 0.6590697
						0.6655431 0.350266 0.6590982 0.6655098 0.295412 0.5558773 0.777002 0.2954153
						0.5558886 0.7769926 0.2327181 0.4379081 0.8683771 0.2327285 0.4379301
						0.8683632 0.1639564 0.3085176 0.936982 0.1639431 0.3084844 0.9369953
						0.09087878 0.1710013 0.9810707 0.09088921 0.1710284 0.981065 0.07786279
						0.1772947 0.981073 0.4008092 0.9125925 0.08079028 0.3903241 0.8887193
						0.2404689 0.3903237 0.8887293 0.2404323 0.3696849 0.8417373 0.3934609
						0.3696857 0.8417385 0.3934577 0.3393566 0.7726875 0.5364618 0.339362
						0.7727069 0.5364303 0.300117 0.6833482 0.6655563 0.300122 0.6833621
						0.6655397 0.2531494 0.5764068 0.7769625 0.2531327 0.576356 0.7770056
						0.1994221 0.4540612 0.8683659 0.1994197 0.4540539 0.8683702 0.1404834
						0.3198648 0.9369904 0.1404889 0.3198833 0.9369833 0.07787024 0.1773044
						0.9810705 0.07786959 0.1773051 0.9810705 0.3316243 0.9399519 0.08072119
						0.3229562 0.9153833 0.2403596 0.3229626 0.9153569 0.2404521 0.3058856
						0.8669603 0.3934638 0.3058894 0.8669614 0.3934584 0.2807767 0.7957837
						0.5365565 0.2807835 0.7958452 0.5364617 0.2483459 0.7039031 0.6654658
						0.2483314 0.7038282 0.6655505 0.2094459 0.5936152 0.7770157 0.2094621
						0.5936914 0.7769532 0.1650056 0.4676851 0.868357 0.1649985 0.4676567
						0.8683736 0.1162462 0.3294766 0.9369803 0.1162388 0.3294483 0.9369911
						0.06442975 0.182609 0.9810723 0.06442862 0.1826055 0.9810731 0.2606114
						0.9620516 0.08086162 0.2538099 0.9369451 0.2402386 0.2538161 0.9369166
						0.2403431 0.2403812 0.8873238 0.3935395 0.2403825 0.8873727 0.3934285
						0.2206436 0.8145065 0.5365591 0.2206407 0.8144954 0.5365771 0.1951733
						0.7204848 0.6654391 0.1951691 0.7204533 0.6654744 0.1645935 0.607584
						0.777014 0.1645905 0.6075783 0.777019 0.1296728 0.4786803 0.8683606
						0.1296727 0.4786881 0.8683563 0.09135442 0.3372319 0.9369787 0.09135258
						0.3372226 0.9369823 0.05062812 0.18689 0.9810755 0.05063009 0.1869065
						0.9810721 -0.1242033 0.1485217 0.9810785 -0.2529628 0.9371721 0.2402465
						-0.7428314 0.6645762 0.08086967 -0.1896538 0.9785197 0.08081305 -0.1186227
						0.9896452 0.08081513 -0.04696434 0.9956323 0.08068978 -0.3894027 0.3069092
						0.8684309 -0.1507132 0.1213788 0.9810978 -0.3869262 0.3049272 0.8702342
						-0.2691709 0.2166399 0.9384105 -0.2726019 0.2182859 0.9370377 -0.1536411
						0.1226598 0.9804841 -0.4933268 0.3907067 0.7771596 -0.4916586 0.3888871
						0.7791269 -0.3868446 0.3056458 0.8700184 -0.5864012 0.4615775 0.6656426
						-0.5790406 0.4533193 0.6776531 -0.5791749 0.453437 0.6774595 -0.6640938
						0.5205674 0.5366461 -0.6274499 0.4916192 0.6038354 -0.6280778 0.4920646
						0.602819 -0.7242724 0.5662404 0.3934479 -0.7215524 0.5626417 0.4034805
						-0.6669656 0.5218218 0.5318449 -0.7885516 0.6131097 0.04778027 -0.7742711
						0.6125909 0.1588606 -0.7877177 0.6107046 0.08087402 -0.7800981 0.6047696
						0.1603145 -0.7644836 0.5981373 0.2404099 -0.7578073 0.5891677 0.2803743
						-0.7578646 0.5892148 0.2801202 0.0822609 0.9940119 0.07192826 0.08073925
						0.9934544 0.08080601 0.08198869 0.9773075 0.1953153 0.08195954 0.9444015
						0.3184154 0.07777267 0.8851285 0.4588017 0.06678456 0.7590039 0.647652
						0.06677865 0.758953 0.6477121 0.06912761 0.8282994 0.5560051 0.05778586
						0.6443001 0.7625865 0.04444378 0.4905021 0.8703061 -0.2597438 0.9622915
						0.08079856 -0.2597481 0.962293 0.08076643 -0.3284314 0.9410693 0.08075505
						-0.395434 0.9149502 0.08061057 -0.5229148 0.8485633 0.08062648 -0.5827341
						0.8086273 0.08088892 -0.6922252 0.7171618 0.08064222 -0.6930025 0.716407
						0.08067566 -0.7428171 0.6646149 0.08068382 -0.3029567 0.8680149 0.3934048
						-0.3198758 0.9164928 0.2402508 -0.3198447 0.9164608 0.2404144 -0.3284325
						0.9410701 0.08074235 -0.3284561 0.9410705 0.08064162 -0.3348248 0.7746512
						0.5364775 -0.3647629 0.8439119 0.3933966 -0.364708 0.8438476 0.3935852
						-0.3850934 0.8910127 0.2404152 -0.3851163 0.891034 0.2402997 -0.395447
						0.9149349 0.08072131 -0.3954184 0.914941 0.08079332 -0.3447207 0.6619598
						0.665565 -0.389789 0.7485037 0.5364762 -0.3897674 0.7484713 0.5365372
						-0.4245991 0.8153582 0.3935818 -0.4246096 0.8153735 0.3935388 -0.448345
						0.8609476 0.2403255 -0.4483416 0.8609499 0.2403226 -0.460368 0.8840434
						0.08079987 -0.4603914 0.8840484 0.08061218 -0.3302478 0.5358942 0.7770161
						-0.3915533 0.6353777 0.6655683 -0.3915821 0.6354095 0.665521 -0.4427301
						0.7184053 0.5365481 -0.4427365 0.7184168 0.5365275 -0.4823136 0.7826346
						0.3935187 -0.4823145 0.7826356 0.3935152 -0.509267 0.8263682 0.2403391
						-0.5092861 0.8263832 0.240247 -0.5229437 0.8485419 0.08066427 -0.5229085
						0.8485414 0.08089625 -0.2898979 0.4022743 0.8684093 -0.3680241 0.5106906
						0.7770158 -0.3680649 0.5107282 0.7769717 -0.4363747 0.605516 0.6655281
						-0.4363344 0.6054782 0.6655889 -0.4933782 0.6846337 0.5365211 -0.4933788
						0.6846361 0.5365173 -0.5374776 0.7458258 0.3935247 -0.5374668 0.7458175
						0.3935552 -0.5675212 0.7875241 0.2402616 -0.5675114 0.7875178 0.2403054
						-0.5827295 0.8086356 0.08083873 -0.5827537 0.8086274 0.08074587 -0.2241788
						0.2679953 0.9369751 -0.3181416 0.3803194 0.8684142 -0.3181663 0.3803465
						0.8683933 -0.4039257 0.4828685 0.7769699 -0.4039214 0.4828609 0.7769769
						-0.4788569 0.5724404 0.6655886 -0.4788907 0.5724719 0.6655371 -0.5414687
						0.6472777 0.5365103 -0.541451 0.6472617 0.5365474 -0.5898477 0.705117
						0.3935604 -0.5898773 0.7051391 0.3934764 -0.622835 0.7445368 0.2402949
						-0.622817 0.7445286 0.2403665 -0.6395329 0.764511 0.08075112 -0.6395485
						0.7645106 0.08063155 0.03156197 0.3412216 0.9394528 0.0311563 0.3478537
						0.9370311 0.008749723 0.3492282 0.9369969 -0.03684222 0.1900986 0.9810735
						-0.02304506 0.1922588 0.9810736 -0.04157531 0.3468508 0.9369984 -0.01645779
						0.3489497 0.9369969 -0.0233643 0.4953893 0.8683569 0.01240891 0.4957661
						0.8683676 0.0157513 0.6293024 0.7770009 0.05322664 0.6270957 0.7771217
						0.05787676 0.6453421 0.7616981 -0.09103649 0.3372781 0.936993 -0.06647562
						0.3429648 0.9369933 -0.09435337 0.4867937 0.8684062 -0.05900865 0.492338
						0.8684017 -0.07490611 0.6249814 0.7770375 -0.02966183 0.6287509 0.7770409
						-0.03517282 0.7455706 0.6654978 0.01868158 0.7461721 0.6654911 0.02112066
						0.8435901 0.5365723 0.06775951 0.8410043 0.5367687 0.07778185 0.8852307
						0.4586032 -0.1151742 0.3300122 0.9369242 -0.09110945 0.3374549 0.9369223
						-0.1292692 0.4788323 0.868337 -0.09439158 0.4869093 0.8683373 -0.1198118
						0.6180359 0.7769665 -0.07492762 0.6250576 0.7769742 -0.08882796 0.7410215
						0.6655801 -0.03515529 0.7454972 0.665581 -0.0397492 0.8429175 0.5365726
						0.02111923 0.8436005 0.536556 0.02300804 0.919052 0.3934645 0.07308697
						0.9163768 0.3935886 0.0819686 0.944506 0.318103 -0.1386026 0.3206819
						0.9369912 -0.1150969 0.3298547 0.9369891 -0.1633344 0.468073 0.8684639
						-0.1291855 0.4786318 0.8684599 -0.1640204 0.607698 0.7770461 -0.1197792
						0.617942 0.7770461 -0.1420198 0.7326825 0.6655876 -0.08882665 0.7410081
						0.6655951 -0.10044 0.8378924 0.5365149 -0.03975832 0.8429558 0.5365118
						-0.04331219 0.9183055 0.3934963 0.02301317 0.9190428 0.3934857 0.0242992
						0.9703978 0.2402871 0.0766794 0.9676524 0.240352 0.08198583 0.9772927
						0.1953901 0.02492386 0.9964179 0.08081084 -0.04695123 0.9956231 0.08081072
						-0.0457257 0.9696342 0.2402472 -0.1155364 0.9638103 0.2402521 -0.1094207
						0.9127941 0.3934897 -0.174947 0.9025395 0.3934667 -0.1605935 0.8284909
						0.5364818 -0.2199148 0.8147462 0.5364944 -0.1944882 0.7205463 0.665573
						-0.2459286 0.7046501 0.6655731 -0.2074035 0.5942671 0.7770652 -0.2497097
						0.5777694 0.7770635 -0.1967375 0.4552013 0.8683814 -0.2290393 0.4398275
						0.8683853 -0.1613725 0.3098837 0.9369797 -0.1833053 0.2974447 0.936977
						-0.1015951 0.1648561 0.9810714 -0.1132237 0.1571033 0.9810703 0.01781737
						0.1890234 0.981811 0.01764625 0.1928098 0.9810775 0.004851162 0.1935909
						0.9810703 0.004850268 0.1935886 0.9810709 0.004845321 0.1935653 0.9810754
						-0.00912261 0.1934103 0.9810755 -0.02304738 0.1922667 0.9810721 -0.009125888
						0.1934264 0.9810724 -0.01646506 0.3489997 0.9369782 0.008743762 0.3492729
						0.9369804 0.01241093 0.4957559 0.8683733 0.04412537 0.4938545 0.8684243
						0.05044168 0.5723173 0.8184795 0.06224751 0.7436487 0.6656665 0.01868605
						0.7461525 0.6655128 0.01575791 0.6292313 0.7770584 -0.02965909 0.6287415
						0.7770487 -0.02336955 0.4954065 0.8683469 -0.05903267 0.4924338 0.8683457
						-0.04158723 0.3469089 0.9369764 -0.06648814 0.343002 0.9369786 -0.03685009
						0.190104 0.9810721 -0.0894401 0.1717462 0.9810728 -0.07682293 0.1777467
						0.981073 -0.07682102 0.1777428 0.981074 -0.07681512 0.1777386 0.9810752
						-0.06380426 0.1828166 0.9810746 -0.06380814 0.1828241 0.9810729 -0.05046135
						0.1869538 0.9810718 -0.05046159 0.1869528 0.9810721 -0.03684973 0.1901019
						0.9810727 0.02495408 0.9964214 0.08075803 0.02494478 0.9964135 0.08085727
						0.02429407 0.970421 0.240194 -0.04573225 0.9696452 0.2402015 -0.04331022
						0.9182962 0.393518 -0.1094149 0.9127885 0.3935042 -0.1004362 0.8378863
						0.5365252 -0.1605783 0.8284509 0.536548 -0.1420125 0.7326638 0.6656097
						-0.1944731 0.7205172 0.665609 -0.1640257 0.6077049 0.7770396 -0.2074176
						0.5942972 0.7770386 -0.1634299 0.4682599 0.8683452 -0.1967703 0.4552565
						0.868345 -0.1386166 0.3207091 0.9369798 -0.1613707 0.3098839 0.9369801
						-0.08942478 0.1717228 0.9810782 -0.1015752 0.1648303 0.9810778 -0.1131928
						0.1570731 0.9810788 -0.1131967 0.1570757 0.9810779 -0.2043743 0.2836018
						0.9369105 -0.1834151 0.2975793 0.9369128 -0.2602233 0.4222157 0.868342
						-0.229083 0.4398917 0.8683412 -0.2907304 0.5582693 0.777053 -0.2497215
						0.577787 0.7770467 -0.2960944 0.6850813 0.6655762 -0.2459226 0.7046455
						0.66558 -0.2780753 0.7967687 0.5365015 -0.2199073 0.8147324 0.5365183
						-0.2395622 0.8875498 0.3935293 -0.1749343 0.9025217 0.3935134 -0.1847137
						0.9529751 0.2402488 -0.1155391 0.9638153 0.2402305 -0.118636 0.9896513
						0.08072215 -0.1186217 0.9896531 0.08071976 -0.1242388 0.1485145 0.981075
						-0.124239 0.1485175 0.9810745 -0.2242018 0.2680156 0.9369639 -0.2042745
						0.2834907 0.936966 -0.2898148 0.4021902 0.868476 -0.2600772 0.4220325
						0.8684749 -0.3302316 0.5358754 0.777036 -0.2907379 0.5582818 0.7770412
						-0.3447474 0.6619901 0.6655211 -0.2961298 0.6851328 0.6655075 -0.33481
						0.7746242 0.5365256 -0.2780712 0.7967545 0.5365247 -0.3029266 0.8679741
						0.3935181 -0.2395647 0.8875526 0.3935216 -0.2529565 0.9371637 0.2402859
						-0.184706 0.9529663 0.2402895 -0.189659 0.9785197 0.08079963 -0.189662
						0.9785171 0.08082544 -0.6929962 0.7164069 0.08073157 -0.6749055 0.6977055
						0.2402286 -0.6748719 0.6976962 0.2403498 -0.6391505 0.6607701 0.3935347
						-0.6391755 0.66078 0.3934774 -0.5866974 0.6065323 0.5365676 -0.5867077
						0.6065394 0.5365484 -0.5189079 0.5364496 0.6655498 -0.5189235 0.5364586
						0.6655304 -0.437631 0.4524191 0.7770434 -0.4376907 0.4524692 0.7769805
						-0.3448297 0.3564713 0.8683437 -0.3447522 0.3564099 0.8683997 -0.2428739
						0.2510859 0.9369996 -0.2429249 0.2511286 0.936975 -0.1346392 0.1391838
						0.9810709 -0.1346217 0.1391713 0.9810751 -0.7428334 0.664575 0.08086138
						-0.7234236 0.6472082 0.2403746 -0.7234668 0.6472253 0.2401986 -0.6851944
						0.6129853 0.3933925 -0.6851371 0.6129578 0.3935352 -0.6289076 0.5626533
						0.53656 -0.6289117 0.5626544 0.5365539 -0.5562453 0.4976453 0.6655377
						-0.5562349 0.4976379 0.6655519 -0.4691087 0.4196908 0.7770436 -0.4691156
						0.4196977 0.7770357 -0.3695951 0.3306556 0.8683699 -0.3696383 0.3306895
						0.8683387 -0.260386 0.2329475 0.9369817 -0.2603412 0.2329185 0.9370013
						-0.1442964 0.1290946 0.9810776 -0.1443198 0.1291128 0.9810718 0.06813669
						-0.09194558 0.9934301 0.02447384 0.09034842 0.9956095 -2.40015e-6 0 1
						0.05542713 0.0877977 0.9945951 0.0363571 0.09657514 0.9946615 0.04784202
						0.09652864 0.9941798 -6.08806e-6 0 1 0.09076702 0.06679964 0.9936293
						0.07952713 0.06390333 0.9947823 1.02788e-5 0 1 0.0714454 0.0918743 0.9932042
						0.07144647 0.08272016 0.9940085 0.06790274 0.0751174 0.9948601 0.07299208
						0.07275182 0.9946755 0.07826179 0.06714808 0.9946689 0 0 1 0.09445559
						0.06677722 0.993287 0.09445673 0.05919569 0.9937675 0.08730703 0.05002933
						0.9949245 0.09166723 0.0483281 0.9946163 0.09763807 0.04249829 0.9943142
						0.1008397 0.0190398 0.9947205 0.09650367 0.02580159 0.9949982 0.09745013
						0.02500188 0.9949263 0.09969359 0.03480339 0.9944095 0.09969359 0.03480744
						0.9944092 0.1023901 -0.01151353 0.9946777 0.1010048 -0.003772735 0.9948788
						0.09694159 0.003620982 0.9952836 0.1003273 0 0.9949545 0.1023901 0.01151299
						0.9946778 0.1023901 0.01150947 0.9946778 0.09166789 -0.04832732 0.9946163
						0.08730584 -0.05002933 0.9949245 0.09445405 -0.05919396 0.9937679 0.1023892
						-0.01662093 0.9946056 0.09650373 -0.02580159 0.9949982 0.09745013
						-0.02500188 0.9949263 0.09969347 -0.03480333 0.9944095 0.09969329
						-0.04048919 0.9941942 8.29793e-6 0 1 0.09445148 -0.06677365 0.9932876
						0.09075534 -0.06679713 0.9936305 0.07953554 -0.06390553 0.9947816 0.07826864
						-0.0671541 0.994668 0.07299858 -0.07275819 0.9946746 0.0679236 -0.07511717
						0.9948587 0.07148855 -0.08276629 0.9940016 0.0714879 -0.09192454 0.9931966
						0.04240512 -0.0965529 0.9944242 0.04240441 -0.09655267 0.9944242 0.04998743
						-0.09406214 0.9943107 0.02088725 -0.09718501 0.9950472 0.02667552
						-0.09847694 0.9947817 0.04647767 -0.06083506 0.9970651 0.04649913
						-0.06083476 0.9970642 0.03435349 -0.09736484 0.9946557 0.03710216
						-0.09568858 0.9947196 0.0370993 -0.1028132 0.9940087 0.03859114 -0.07523804
						0.9964187 0.04200452 -0.07714599 0.9961346 0.04200839 -0.06274384 0.9971452
						0.05010807 -0.07908272 0.995608 0.0782777 -0.05149328 0.9956008 0.07153952
						-0.05251443 0.9960544 0.07152646 -0.05252081 0.9960551 0.06642562
						-0.05439192 0.9963079 0.06371766 -0.05629265 0.9963791 0.06130248
						-0.05836379 0.9964114 0.06130504 -0.05836129 0.9964114 0.05850106
						-0.06255638 0.9963254 0.05632233 -0.0682978 0.996074 0.080446 -0.05005836
						0.9955012 0.08267068 -0.04815882 0.9954127 0.07953047 -0.05121415 0.995516
						0.0870831 -0.05141597 0.9948734 0.08725756 -0.05141299 0.9948583 0.08848953
						-0.0259667 0.9957386 0.08545756 -0.01510453 0.9962273 0.08838319 -0.0250231
						0.9957722 0.09356623 -0.02216029 0.9953664 0.08851593 -0.02594113 0.9957369
						0.08485305 -0.02989351 0.995945 0.0823518 -0.03417217 0.9960173 0.08239346
						-0.03405117 0.9960181 0.081366 -0.03740334 0.9959823 0.08061337 -0.0407378
						0.9959127 0.08044856 -0.04687154 0.9956562 0.08558326 0.01593917 0.9962036
						0.08558791 0.0127663 0.9962489 0.08601623 0.009611308 0.9962475 0.09434306
						4.47412e-4 0.9955397 0.09366893 0 0.9956035 0.08853322 0.005131244 0.99606
						0.08846324 0.005221605 0.9960658 0.08913928 -0.004371047 0.9960096
						0.08915549 -0.004348576 0.9960083 0.08629208 -0.008870124 0.9962304
						0.08565688 -0.01202178 0.9962522 0.08546918 -0.01498275 0.9962282 0.0854687
						-0.01519632 0.9962251 0.08117908 0.03818094 0.9959681 0.08206564 0.03486996
						0.9960168 0.08205729 0.03489106 0.9960167 0.08434671 0.03059214 0.9959667
						0.08771485 0.02667909 0.9957883 0.08773034 0.02666312 0.9957875 0.08979761
						0.02502 0.9956457 0.08748501 0.02135801 0.9959369 0.08558261 0.01593238
						0.9962037 0.08554297 0.0513606 0.9950098 0.08538115 0.0513606 0.9950237
						0.07952219 0.05120497 0.9955171 0.08193635 0.0488556 0.9954395 0.08053356
						0.05005794 0.9954941 0.08050572 0.04135668 0.9958959 0.08051246 0.04168039
						0.9958818 0.05458903 0.07760435 0.9954887 0.05602031 0.06945449 0.996011
						0.05601406 0.06947886 0.9960096 0.05808562 0.06342339 0.996295 0.06077837
						0.05900162 0.996406 0.06080055 0.05897003 0.9964064 0.06317079 0.05674588
						0.9963882 0.0656718 0.0548157 0.9963346 0.07065212 0.05275309 0.9961052
						0.07055097 0.05278635 0.9961105 0.07690811 0.05161982 0.995701 0.0419628
						0.07750248 0.9961088 0.04238253 0.06333577 0.9970919 0.041965 0.07712447
						0.996138 0.03859162 0.07523852 0.9964185 0.0370872 0.1030378 0.9939858
						0.03708845 0.1007859 0.9942167 0.02088487 0.09717768 0.9950479 0.05631387
						-0.06832814 0.9960724 0.05637407 -0.06803458 0.996089 0.05637043 -0.07517135
						0.9955762 0.05636715 -0.07517439 0.995576 0.05637115 -0.08481407 0.9948009
						0.05542749 -0.08779811 0.9945951 0.068102 0.09189605 0.9934372 0.0563786
						0.08478879 0.9948027 0.05637454 0.07517129 0.9955759 0.05637842 0.07517492
						0.9955754 0.05638277 0.0605576 0.996571 0.04542297 0.0605911 0.9971286
						-0.6373881 -0.7662976 0.080774 -0.6907106 -0.7185874 0.08093923 -0.7842047
						-0.6151918 0.08100777 -0.7635174 -0.5993463 0.2404687 -0.779973 -0.6073475
						0.1509016 -0.7800139 -0.6073787 0.1505636 -0.6760452 -0.5289219 0.5130347
						-0.7242037 -0.5688493 0.3897942 -0.723235 -0.5675882 0.3934143 -0.7580752
						-0.591667 0.2743213 -0.7579861 -0.591598 0.2747162 -0.6757977 -0.5287067
						0.5135825 -0.6626893 -0.5223926 0.5366087 -0.6056016 -0.4751831 0.6383165
						-0.6052314 -0.474897 0.6388803 -0.5847716 -0.463762 0.6655578 -0.5596041
						-0.4422054 0.7009263 -0.5055074 -0.3984004 0.7653363 -0.4925076 -0.3915816
						0.7772388 -0.3977767 -0.3149977 0.8617135 -0.3887137 -0.307808 0.8684216
						-0.3960912 -0.3161859 0.8620547 -0.2873629 -0.229353 0.9299569 -0.2709432
						-0.2202693 0.9370545 -0.1633412 -0.1275486 0.9782899 -0.1527191 -0.1190243
						0.981076 -0.1638509 -0.1324719 0.97755 -0.1135275 -0.1574612 0.9809779
						-0.2041007 -0.2835249 0.9369934 -0.2048011 -0.2848275 0.9364453 -0.2898966
						-0.4022868 0.868404 -0.2931004 -0.4083365 0.8644961 -0.3676478 -0.5107783
						0.7771362 -0.3713843 -0.5180624 0.7705097 -0.4365915 -0.6053745 0.6655146
						-0.4430206 -0.6182568 0.6492236 -0.4927035 -0.6850943 0.536553 -0.496209
						-0.6929299 0.5230917 -0.5371576 -0.7460919 0.3934573 -0.5665706 -0.7881732
						0.2403762 -0.5407374 -0.7555533 0.369787 -0.5816769 -0.8093978 0.08079224
						-0.5817002 -0.8093913 0.08068835 -0.5827722 -0.8093481 0.07302349 -0.567738
						-0.7938526 0.2178797 -0.787721 -0.6149396 0.03667521 -0.7842122 -0.6152191
						0.08072686 -0.7404226 -0.6672763 0.0807271 -0.7404043 -0.6672843 0.0808289
						-0.6906696 -0.7186386 0.08083361 -0.740401 -0.6672887 0.08082205 -0.7210639
						-0.6498577 0.2403164 -0.7210498 -0.6498325 0.2404268 -0.6829415 -0.6154899
						0.3933994 -0.6829468 -0.6154936 0.3933845 -0.626814 -0.5649074 0.5366414
						-0.6268576 -0.5649676 0.536527 -0.5544931 -0.4997466 0.6654252 -0.5544738
						-0.4997212 0.6654605 -0.4675062 -0.4213432 0.7771152 -0.4674899 -0.4213224
						0.7771363 -0.3683922 -0.3320112 0.8683639 -0.3683866 -0.3320045 0.8683688
						-0.2595061 -0.2338773 0.9369941 -0.2595097 -0.2338809 0.9369923 -0.1438362
						-0.1296305 0.9810745 -0.1438298 -0.1296259 0.9810761 -0.6906595 -0.7186418
						0.0808919 -0.6726526 -0.6999047 0.2401497 -0.6726342 -0.6998563 0.2403427
						-0.6370325 -0.6628156 0.3935289 -0.637059 -0.6628618 0.3934085 -0.5847185
						-0.6084058 0.5366067 -0.5847073 -0.6083847 0.5366429 -0.5172979 -0.5382455
						0.6653531 -0.5172602 -0.5381917 0.6654258 -0.4360956 -0.4537441 0.7771339
						-0.4361134 -0.4537641 0.7771122 -0.3436421 -0.3575509 0.8683707 -0.343649
						-0.3575578 0.868365 -0.242081 -0.251882 0.9369911 -0.2420774 -0.2518751
						0.9369938 -0.1341845 -0.139615 0.981072 -0.1341757 -0.1396061 0.9810745
						-0.1132978 -0.1572548 0.9810376 -0.113228 -0.1570492 0.9810785 -0.1238002
						-0.1488721 0.9810763 -0.6373908 -0.7662786 0.08093321 -0.620742 -0.7462611
						0.240362 -0.6207548 -0.7463183 0.2401511 -0.5878947 -0.7068126 0.3934409
						-0.5878793 -0.7067695 0.3935415 -0.5396437 -0.6487801 0.5365343 -0.5396209
						-0.6487386 0.5366076 -0.4773231 -0.5738426 0.6654828 -0.4773853 -0.5739461
						0.665349 -0.4024569 -0.4838617 0.7771141 -0.4024444 -0.4838454 0.7771307
						-0.3171104 -0.3812509 0.8683829 -0.3171272 -0.3812747 0.8683663 -0.2234098
						-0.2686028 0.9369848 -0.2233951 -0.2685809 0.9369947 -0.1238299 -0.1488749
						0.9810721 -0.1238298 -0.1488771 0.9810718 0.01296955 -0.06341665 0.9979029
						0.01396232 -7.15996e-4 0.9999024 0.01262688 -7.89183e-4 0.9999201 0.04553461
						0.04619544 0.9978942 0.04523271 0.04776018 0.9978342 0.04264253 0.05086958
						0.9977946 0.04272079 0.05084609 0.9977924 0.03863269 0.05157601 0.9979217
						0.03769081 0.05125302 0.9979743 0.03589534 0.05503505 0.9978391 0.03009849
						0.05643475 0.9979526 0.02974766 0.05902016 0.9978135 0.03147703 0.059017
						0.9977607 0.05646687 0.03709954 0.9977149 0.05474686 0.04073458 0.9976691
						0.05478334 0.04070186 0.9976685 0.05097264 0.04295563 0.9977759 0.05197626
						0.04295337 0.9977242 0.04858547 0.04565846 0.997775 0.04870045 0.0456196
						0.9977711 0.01943206 0.00478655 0.9997997 0.06060177 0.03064018 0.9976918
						0.05835831 0.03221499 0.9977758 0.05828154 0.03371393 0.9977308 0.05824756
						0.03385907 0.9977278 0.05457204 0.04135364 0.9976532 0.05646693 0.03443342
						0.9978106 0.0454632 0.03445267 0.9983718 0.04546236 0.03445482 0.9983717
						0.06260257 0.02720552 0.9976677 0.06356692 0.023947 0.9976903 0.0600354
						0.02589595 0.9978603 0.01318967 1.87717e-5 0.999913 0.06480771 0.02242881
						0.9976457 0.06553822 0.02030026 0.9976436 0.06679069 0.01466685 0.9976592
						0.06539398 0.01637279 0.9977252 0.0666188 0.01286524 0.9976956 0.06882661
						0.001872539 0.997627 0.06747388 0.005557179 0.9977056 0.06751918 0.005429983
						0.9977033 0.06792342 0.004903256 0.9976785 0.06829863 0.009262204 0.997622
						0.06672686 0.01465111 0.9976637 0.06662088 0.01265358 0.9976981 0.0666207
						0.0127685 0.9976967 0.01189947 1.11558e-5 0.9999292 0.06882482 -0.002153754
						0.9976264 0.06747889 -0.005537688 0.9977054 0.06797999 -0.004907369
						0.9976747 0.06826621 -0.009527325 0.9976217 0.06715917 -0.01299607 0.9976577
						0.06658655 -0.01462042 0.9976736 0.06658607 -0.01292985 0.997697 0.0665524
						-0.01461428 0.997676 0.06578934 -0.01272547 0.9977524 0.06250882 -0.02747291
						0.9976662 0.01495814 -5.7734e-4 0.9998881 0.06645864 -0.01761341 0.9976337
						0.06551033 -0.02037715 0.9976439 0.06315511 -0.02379184 0.9977201 0.06308937
						-0.02346563 0.997732 0.06249344 -0.02752816 0.9976657 0.06048685 -0.03072816
						0.997696 0.0583626 -0.03221678 0.9977756 0.0582866 -0.03368937 0.9977314
						0.01267057 5.52783e-4 0.9999197 0.04619312 -0.04291468 0.9980103 0.05260097
						-0.04274857 0.9977003 0.05646568 -0.03919893 0.9976348 0.05646562
						-0.03748995 0.9977005 0.05724126 -0.03591984 0.997714 0.0582742 -0.03374612
						0.9977301 0.04994219 -0.07857775 0.9956563 0.04994219 -0.07857739 0.9956563
						0.04546862 -0.03445309 0.9983715 0.04545867 -0.03445261 0.998372 0.04546111
						-0.04291647 0.9980439 0.05421954 -0.04108667 0.9976835 0.04845058
						-0.04568111 0.9977805 0.04585754 -0.04652458 0.997864 0.04621559 -0.04270517
						0.9980183 0.03827953 -0.05205523 0.9979104 0.04265773 -0.0508666 0.9977941
						0.04523205 -0.04778397 0.9978331 0.0128774 6.37714e-4 0.9999169 0.01682955
						-0.08167558 0.9965169 0.008724868 -0.0950278 0.9954365 0.01682931 -0.1005453
						0.9947902 0.001951813 -0.1017631 0.9948068 0.001957952 -0.1017632 0.9948068
						-0.02073812 -0.1008244 0.9946881 -0.01305443 -0.1006439 0.9948369
						-0.04693198 -0.08520948 0.9952572 -0.04668581 -0.08794265 0.9950309
						-0.04613476 -0.08998972 0.9948736 -0.04541009 -0.09143286 0.9947754
						-0.04409891 -0.09303891 0.9946854 -0.04193997 -0.09492701 0.9946004
						-0.02482825 -0.1008153 0.9945954 -0.03412765 -0.09297925 0.995083
						-0.03124403 -0.09730422 0.9947642 -0.03846138 -0.09730386 0.9945114
						-0.03869229 -0.09741103 0.9944918 -0.04211407 -0.09932857 0.9941632
						-0.04420775 -0.1008167 0.9939224 -0.05542331 -0.1114507 0.9922233
						-0.06640988 -0.07499235 0.9949703 -0.05881959 -0.08513325 0.9946319
						-0.05676066 -0.08533102 0.9947346 -0.06199771 -0.08423477 0.9945154
						-0.07880538 -0.08066761 0.9936209 -0.08774912 -0.08817261 0.9922327
						-0.08107322 -0.08226412 0.9933076 -0.0733174 -0.07500547 0.9944843
						-0.03718477 -0.07793247 0.9962649 -0.02412503 -0.0751512 0.9968804
						-0.0381183 -0.08160001 0.995936 -0.05349862 -0.08661127 0.9948047
						-0.05528777 -0.08623212 0.9947399 -0.05330151 -0.08673793 0.9948043
						-0.05455935 -0.08629202 0.9947748 -0.0554741 -0.0861442 0.9947371
						-0.05661505 -0.08588445 0.9946953 -0.05852198 -0.0857982 0.9945924
						-0.06159585 -0.0860086 0.9943886 -0.04281169 -0.08912342 0.9951001
						-0.04667037 -0.08776372 0.9950475 -0.04856419 -0.08728873 0.9949986
						-0.04991185 -0.08712661 0.9949461 -0.05224317 -0.08685046 0.9948506
						-0.05231148 -0.08681839 0.9948499 -0.05108797 -0.08719432 0.9948805
						-0.05015742 -0.08696115 0.9949483 -0.04093134 -0.0830456 0.9957049
						-0.04318541 -0.08437711 0.9954977 -0.04696023 -0.08704185 0.9950973
						-0.03163897 -0.0936715 0.9951004 -0.06728839 -0.09332698 0.9933591
						-0.06494563 -0.09169173 0.9936673 -0.06395471 -0.08963549 0.9939193
						-0.0634585 -0.08787387 0.9941083 -0.06324589 -0.08547955 0.9943305
						-0.06345814 -0.07387614 0.9952464 -0.07339626 -0.05934059 0.995536
						-0.06956934 -0.09331357 0.9932033 -0.06957018 -0.08364194 0.9940644
						-0.06451219 -0.07387059 0.9951791 -0.06862461 -0.07140094 0.9950842
						-0.07244729 -0.06529206 0.9952328 0.005594372 -0.07955461 0.9968149
						0.005524516 -0.07955467 0.9968153 0.06613153 -0.07492357 0.9949941
						0.02073615 -0.08223509 0.9963973 0.02249753 -0.08195245 0.9963823 0.01217377
						-0.08379799 0.9964084 0.008067607 -0.08472204 0.9963721 0.005698919
						-0.08541965 0.9963288 0.004342079 -0.0859636 0.9962889 0.003014504
						-0.08667886 0.9962318 0.001761198 -0.08758437 0.9961556 9.61653e-4
						-0.08832806 0.996091 -5.59168e-4 -0.09006786 0.9959355 -0.001981675
						-0.09201413 0.9957558 -0.007455945 -0.1004775 0.9949115 -0.007455766
						-0.09926277 0.9950334 -0.005370914 -0.09777987 0.9951937 -0.006419658
						-0.1044843 0.9945059 -0.008764624 -0.09610062 0.9953331 -0.01031178
						-0.09153783 0.9957482 -0.01146721 -0.08868479 0.9959937 -0.01233911
						-0.08681339 0.9961482 -0.0135526 -0.08454018 0.9963279 -0.01505613
						-0.0821498 0.9965063 -0.03718674 -0.07793235 0.9962649 -0.03124451
						-0.0827955 0.9960767 -0.01688528 -0.07722514 0.9968707 -0.01865315
						-0.07722264 0.9968394 -0.01687788 -0.07509326 0.9970337 0.03147578
						-0.05901622 0.9977607 0.02974694 -0.0590195 0.9978136 0.03009808 -0.05643063
						0.9979528 0.0378654 -0.05455446 0.9977926 0.03843086 -0.0436505 0.9983075
						0.02259343 -0.06270009 0.9977766 0.01819646 -0.07869809 0.9967325 0.0181967
						-0.07866245 0.9967353 0.02465403 -0.06688362 0.9974561 0.02406257
						-0.06921863 0.9973113 0.002113461 -0.09261775 0.9956995 0.01819902
						0.06341117 0.9978216 0.01699209 0.08307504 0.9963984 0.02259337 0.06270182
						0.9977766 0.00559467 0.07955461 0.9968149 0.04993796 0.07857406 0.9956568
						0.04993849 0.07859212 0.9956553 0.01819729 0.07867729 0.9967341 0.02466201
						0.06688565 0.9974558 -0.01687532 0.07722491 0.9968709 -0.02021086 0.07508885
						0.9969721 -0.01561295 0.08138287 0.9965607 -0.01216357 0.08651089 0.9961767
						-0.0143032 0.08334517 0.9964182 -0.01397824 0.08384579 0.9963807 -0.01359575
						0.0846073 0.9963216 -0.01310628 0.08536142 0.9962639 -0.0122506 0.08699029
						0.9961339 -0.01360332 0.08402234 0.9963711 -0.01091688 0.08997768 0.995884
						-0.01125866 0.08916616 0.9959532 -0.01257693 0.08591932 0.9962227
						-0.01034724 0.0915082 0.9957506 -0.01013416 0.09215438 0.9956932
						-0.009301066 0.09456503 0.9954753 -0.008602082 0.09669607 0.9952768
						-0.008082211 0.09855377 0.995099 -0.007104039 0.102088 0.9947501
						-0.006707191 0.1034869 0.9946083 -0.007455885 0.1007703 0.9948819
						-0.004091858 0.09526234 0.9954438 -0.00333786 0.09406286 0.9955607
						-0.001709997 0.09164297 0.9957905 -9.70021e-4 0.09058654 0.9958882
						-7.81837e-4 0.0904234 0.9959031 -1.05522e-4 0.08950102 0.9959868 -3.90102e-4
						0.08983862 0.9959564 0.00116378 0.08812814 0.9961085 0.001309752 0.08796072
						0.9961231 0.001485764 0.08785325 0.9961323 0.002043068 0.08735716 0.996175
						0.002710938 0.0868963 0.9962137 0.003144979 0.08659195 0.996239 0.00353682
						0.08638584 0.9962555 0.003846466 0.0862168 0.996269 0.004805624 0.0857557
						0.9963047 0.004633128 0.08582806 0.9962993 0.006206691 0.08524036 0.9963411
						0.005778014 0.08537143 0.9963325 0.009242653 0.08439594 0.9963895
						0.008914887 0.08449256 0.9963843 0.008643984 0.08454531 0.9963822
						0.005522549 0.07510274 0.9971606 0.01375991 0.08347809 0.9964147 0.01407271
						0.08342689 0.9964146 0.03642421 0.07950305 0.996169 0.2889807 0.1100204
						0.9509921 0.07122755 0.08399403 0.9939174 -0.07332539 0.07382196 0.9945722
						-0.07097017 0.07501977 0.9946534 -0.06516098 0.0813511 0.9945532 -0.06366431
						0.08315849 0.9945007 -0.06240636 0.08485776 0.9944369 -0.06148266 0.08628565
						0.9943715 -0.06054109 0.08797562 0.9942812 -0.05958956 0.08994853 0.9941622
						-0.0585184 0.09255915 0.9939862 -0.05738109 0.09569925 0.9937551 -0.05500668
						0.103188 0.9931397 -0.05545896 0.1016488 0.9932734 -0.05199062 0.09649103
						0.9939751 -0.05007129 0.09259688 0.994444 -0.0485807 0.0899598 0.9947599
						-0.04757308 0.08843606 0.9949452 -0.04664301 0.08727449 0.9950918
						-0.04552352 0.08614128 0.9952424 -0.04453063 0.08530282 0.9953595
						-0.04280835 0.08413022 0.9955348 -0.04084283 0.0829842 0.9957137 -0.03773331
						0.08142018 0.9959654 -0.01688528 0.07722496 0.9968708 -0.03124475 0.08279526
						0.9960767 -0.03718674 0.07793235 0.9962649 -0.03019499 0.07795119 0.9964998
						-0.03719276 0.07512265 0.9964805 -0.0733968 0.05911123 0.9955495 -0.07131755
						0.07383352 0.9947173 -0.04153442 0.03715795 0.9984459 -0.06929743 0.07677209
						0.9946376 7.28948e-6 0 1 -0.06930154 0.09381836 0.9931744 -0.0676229
						0.09382867 0.9932891 -0.05501168 0.08465504 0.9948906 -0.054165 0.08789652
						0.9946559 -0.04926347 0.09459739 0.994296 -0.02668488 0.09886348 0.9947432
						-0.03290051 0.09426742 0.9950031 -0.03124451 0.09646505 0.9948459
						-0.04220247 0.09764516 0.9943261 -0.04220247 0.09764522 0.9943261
						0.002548158 0.1017923 0.9948024 -0.004721224 0.1000936 0.9949669 -0.01152545
						0.09614765 0.9953004 -0.007455646 0.1000492 0.9949547 -0.01956921 0.1009652
						0.9946976 -0.01957064 0.1009651 0.9946975 0.008964955 0.09510666 0.9954267
						0.02407371 0.06920552 0.997312 0.002081453 0.09265083 0.9956966 0.01683962
						0.08167725 0.9965166 0.0168392 0.100296 0.9948152 0.002551555 0.1017923
						0.9948024 1.57669e-5 0 1 -0.078435 -0.05590862 0.9953504 -0.08798766
						-0.04641598 0.9950396 -0.09470295 -0.05582886 0.993939 -0.08820158
						-0.0594787 0.9943253 -0.08736979 -0.06227242 0.9942278 -0.08179163
						-0.06905603 0.9942542 7.87495e-6 0 1 -0.09917026 -0.05430454 0.9935877
						-0.09917271 -0.04230678 0.9941705 -0.104659 -0.01708394 0.9943615 -0.1055085
						-0.01955783 0.9942261 -0.1042856 -0.02882933 0.9941295 -0.1042864
						-0.01933264 0.9943594 -0.1031999 -0.02852499 0.9942516 -0.1024473
						-0.02687835 0.9943752 -0.1015533 -0.0402776 0.9940145 -0.1031998 0.02852499
						0.9942516 -0.1042863 0.01933485 0.9943594 -0.104285 0.02883225 0.9941295
						-0.1055088 0.01955729 0.994226 -0.1046591 0.017084 0.9943615 -0.1070867
						0.01182436 0.9941795 -0.1059551 0.005720078 0.9943546 -0.1071147 0.003927528
						0.9942389 -0.1071137 -0.005782783 0.99423 -0.105614 -0.003874599 0.9943997
						-0.1070875 -0.01182204 0.9941793 -0.07844209 0.05590778 0.9953498
						-0.08979517 0.05503225 0.9944387 -0.0991711 0.04936915 0.993845 -0.09916967
						0.04014521 0.9942605 -0.09772002 0.04168283 0.9943407 -0.09853142 0.0390737
						0.9943667 -0.101914 0.03489804 0.9941809 -0.1024469 0.02687764 0.9943754
						-0.1012 0.04013729 0.9940562 -0.08798515 0.04641503 0.9950398 -0.08798366
						0.05586278 0.9945544 -0.1000903 0.05279856 0.9935765 -0.085541 0.06096935
						0.9944675 -0.08914238 0.06011247 0.9942033 -0.08179074 0.06905543 0.9942543
						-0.08798807 -0.04641604 0.9950395 -0.101208 -0.0401352 0.9940555 -0.09819573
						-0.04014736 0.9943571 -0.1000269 -0.03425103 0.9943951 -0.411088 -0.9115931
						0.002165675 -0.8387509 0.5444106 -0.01068764 -0.8404195 0.5419222
						-0.003960669 -0.8239281 0.5666944 -5.30287e-6 -0.8526189 -0.5225321
						0.001138269 -0.8238924 -0.5667462 0 -0.8404137 -0.541931 -0.003963112
						-0.8064609 -0.5796892 -0.1165391 -0.8387993 -0.5444408 -3.31697e-5 -0.41105
						-0.9116103 0.00216639 -0.4251487 -0.9051236 0 -0.4620275 -0.8868278
						-0.00819993 -0.4719184 -0.8816332 -0.004011929 -0.5279461 -0.8492775
						-9.58317e-4 -0.5449667 -0.8384323 -0.006537616 0.08247452 0.9965932
						6.3346e-7 0.05167853 0.9986529 -0.004672288 0.02503585 0.9996859 0.001135468
						0.02500563 0.9996867 0.001135885 -0.05295991 0.9985951 -0.001727759
						-0.04711759 0.9988826 -0.003673136 -0.1570072 0.9875858 -0.004822492
						-0.1190117 0.992891 0.001952946 -0.1190097 0.9928912 0.001952767 -0.2593413
						0.9657828 -0.002369821 -0.2605984 0.9654436 -0.002711296 -0.2593275
						0.9657857 -0.002700805 -0.1902757 0.9817293 0.001687943 -0.1902838 0.9817277
						0.001687467 -0.4543827 0.8907998 -0.003486514 -0.3967162 0.9179391
						0.002065777 -0.3588395 0.9333971 0.00206393 -0.3967199 0.9179267
						-0.004895389 -0.3588105 0.9333981 -0.004787921 -0.3295294 0.9441442
						0.001506924 -0.3295063 0.9441522 0.001506686 -0.5846489 0.8112834
						0.002264738 -0.5449635 0.8384472 -0.004578232 -0.5246275 0.8513316
						-7.0952e-4 -0.5449953 0.8384386 8.88302e-4 -0.5246203 0.851336 8.88273e-4
						-0.461895 0.886934 -0.001102507 -0.7073207 0.7068805 -0.004181802 -0.6952693
						0.7187494 8.45418e-5 -0.6296387 0.7768882 8.37624e-5 -0.6944038 0.7195285
						-0.009067296 -0.6296027 0.7769173 -1.19082e-4 -0.6416267 0.766995
						-0.005837142 -0.5846637 0.8112727 0.002264499 -0.8119987 0.5836595
						-5.27988e-6 -0.8084303 0.5885922 3.22148e-7 -0.8084303 0.5885922 -2.73091e-7
						-0.8084303 0.5885922 0 -0.7773184 0.6291075 7.70381e-6 -0.7894457 0.6138059
						-0.004234433 -0.7773255 0.6290824 -0.004520058 -0.7452702 0.6667587
						0.002281427 -0.745246 0.6667858 0.002281367 -0.9198008 0.3923809 0.001944482
						-0.8885907 0.4586874 -0.003525376 -0.8910942 0.4538155 -0.001701533
						-0.852636 0.5225042 0.001133918 -0.8526076 0.5225507 0.001133859 -0.9198032
						0.3923755 0.001944482 -0.935783 0.3525265 -0.005954325 -0.9460778 0.3239395
						3.67575e-4 -0.9460786 0.3239372 3.6785e-4 -0.9672536 0.2537902 -0.003332614
						-0.9659512 0.2587186 -0.00175774 -0.9832687 0.182157 0.001172006 -0.9832485
						0.182267 0.001171946 -0.9876871 0.1563737 -0.004641056 -0.9939585 0.1097325
						0.002322793 -0.9939583 0.1097339 0.002322852 -0.998623 0.05230283
						-0.004053533 -0.999323 0.03665703 -0.003166139 -0.9986304 0.05231994 0
						-0.9993279 -0.03665643 0 -0.9986222 -0.05231952 -0.004054605 -0.993935
						-0.1097262 -0.007308483 -0.9986285 -0.0523048 0.002318918 -0.9939581
						-0.1097365 0.002322793 -0.9876868 -0.1563761 -0.004640579 -0.9832494
						-0.1822617 0.001170933 -0.9832641 -0.1821822 0.001170992 -0.9659508 -0.25872
						-0.001757681 -0.967253 -0.2537909 -0.003449201 -0.9336244 -0.3582211
						-0.004834413 -0.9460757 -0.32394 0.001923918 -0.9460797 -0.3239282
						0.001923918 -0.8526372 -0.5225021 0.001138508 -0.8885875 -0.458705
						-0.001499116 -0.8910932 -0.4538097 -0.00311917 -0.9198016 -0.3923791
						0.001942396 -0.9198073 -0.3923656 0.001942396 -0.8164831 -0.5773694
						7.68048e-6 -0.7882508 -0.6153543 7.57578e-6 -0.7773116 -0.6291011
						-0.004304647 -0.7428324 -0.6694524 -0.005797028 -0.7772991 -0.6291272
						0.002262532 -0.7428349 -0.6694708 0.002265274 -0.7073279 -0.706872
						-0.004398822 -0.6929354 -0.7209995 4.423e-4 -0.6930137 -0.7209243 4.42315e-4
						-0.6296057 -0.7769147 -6.59197e-4 -0.639476 -0.7688089 -0.001842558
						-0.6295974 -0.7769119 -0.003891706 -0.5835806 -0.8120527 0.002082049
						-0.5800439 -0.8145826 0.002082228 -0.5836025 -0.8120396 0 -0.3556219
						-0.9346196 -0.004405498 -0.3440981 -0.9389265 -0.003680348 -0.3615118
						-0.9323676 5.81204e-5 -0.3422367 -0.9396139 5.75924e-5 -0.2593239 -0.9657905
						-7.64669e-5 -0.1639798 -0.9864441 -0.006219983 -0.2016763 -0.979452
						7.50318e-4 -0.201667 -0.979454 7.49619e-4 -0.2736524 -0.961815 -0.005145013
						0.0192725 -0.9998128 0.001727461 -0.05486452 -0.99849 -0.002767622
						-0.05295985 -0.9985944 -0.002153992 -0.1285907 -0.9916967 0.001434564
						-0.128626 -0.9916922 0.001434028 0.01920926 -0.999814 0.001727104 0.05167925
						-0.9986522 -0.004795074 0.08008313 -0.9967883 0 0.0191462 -0.9965354
						0.08093619 -0.1281705 -0.9884549 0.08080428 -0.3411137 -0.9365401 0.08083438
						0.07939547 -0.9731855 0.2158846 0.07057708 -0.8500363 0.5219744 0.07057708
						-0.8500362 0.5219745 0.07057714 -0.8500363 0.5219743 0.0574727 -0.6557688
						0.7527711 0.03261458 -0.3578015 0.933228 -0.4097146 -0.9086506 0.080549
						-0.3991377 -0.8848044 0.2404378 -0.3991371 -0.8849273 0.2399862 -0.3777345
						-0.83815 0.3934734 -0.3774329 -0.8360422 0.3982186 -0.3467259 -0.7693348
						0.5365681 -0.3458529 -0.7653735 0.5427606 -0.3058783 -0.6808721 0.6654711
						-0.302687 -0.6691879 0.6786518 -0.2583785 -0.5738037 0.7771679 -0.2556434
						-0.5644029 0.7849178 -0.202964 -0.4525066 0.8683568 -0.1432727 -0.3185957
						0.9370004 -0.1970029 -0.4333852 0.8794131 -0.0788204 -0.1767837 0.9810887
						-0.1302996 -0.2779152 0.9517275 0.03174614 -0.3478899 0.9369979 0.03122776
						-0.3573419 0.9334515 0.01829236 -0.1956557 0.9805021 0.05504149 -0.6269243
						0.7771335 0.05204743 -0.6546944 0.7540996 0.04770523 -0.5282666 0.8477375
						0.04474878 -0.493883 0.8683762 0.04218673 -0.5269371 0.8488566 0.03868907
						-0.445263 0.8945636 0.06982785 -0.8408588 0.5367316 0.06789112 -0.849786
						0.5227376 0.06567615 -0.7836955 0.6176634 0.06236428 -0.7437698 0.6655203
						0.0562995 -0.7827404 0.6197966 0.05978745 -0.7349948 0.6754317 0.07893496
						-0.9674897 0.2402772 0.07546055 -0.9731076 0.2176406 0.07744348 -0.9313539
						0.3557844 0.07620567 -0.9161113 0.3936151 0.07092887 -0.9312869 0.3573149
						0.07274967 -0.8950741 0.439943 0.07982033 -0.9935151 0.08097171 0.07450979
						-0.996034 0.04862797 0.07907152 -0.9893818 0.1219485 -0.4097081 -0.9086515
						0.08057165 -0.4097444 -0.9086173 0.08077323 -0.3429777 -0.9358662 0.08075171
						-0.2727605 -0.9586783 0.08085739 -0.2010067 -0.9762458 0.08087301 -0.201017
						-0.9762496 0.08080285 -0.1282055 -0.9884504 0.08080393 -0.05468517
						-0.9952244 0.08085799 0.01920956 -0.9965431 0.08082616 -0.3429539 -0.9358602
						0.08092123 -0.3340125 -0.9114584 0.2401652 -0.3340212 -0.9113945 0.2403957
						-0.3163462 -0.8631697 0.3935269 -0.3163484 -0.8632043 0.393449 -0.2903774
						-0.7923358 0.5365491 -0.2903795 -0.7923488 0.5365289 -0.2568746 -0.7009245
						0.6653724 -0.2568609 -0.7008741 0.6654308 -0.2165626 -0.5909129 0.7771246
						-0.2165564 -0.5908956 0.7771395 -0.1706578 -0.4656547 0.8683558 -0.1706708
						-0.4657023 0.8683276 -0.1202017 -0.327992 0.937002 -0.1202132 -0.3280347
						0.9369856 -0.06663876 -0.181845 0.9810667 -0.06643855 -0.1810098 0.9812347
						-0.2727572 -0.958684 0.08079892 -0.265637 -0.9336559 0.2402576 -0.2656332
						-0.9336912 0.2401247 -0.2515588 -0.884221 0.3935372 -0.2515621 -0.884222
						0.3935326 -0.2309285 -0.8116989 0.536486 -0.2309262 -0.8116626 0.5365416
						-0.2042694 -0.7179692 0.665428 -0.2042732 -0.7180066 0.6653863 -0.1722136
						-0.6053179 0.7771312 -0.172219 -0.6053366 0.7771154 -0.1356931 -0.4769489
						0.8683934 -0.1357044 -0.4770195 0.8683529 -0.0956043 -0.3360646 0.9369741
						-0.09559541 -0.3359985 0.9369987 -0.05299305 -0.186259 0.9810705 -0.05299454
						-0.186276 0.9810672 -0.03902333 -0.1896756 0.9810711 -0.201016 -0.9762485
						0.08081668 -0.1957694 -0.9507684 0.2402371 -0.1957721 -0.9507672 0.2402395
						-0.1854062 -0.9004273 0.3935166 -0.1854051 -0.9004244 0.3935236 -0.1701946
						-0.8265554 0.5365073 -0.1701917 -0.8265598 0.5365014 -0.1505515 -0.7311726
						0.6653727 -0.1505489 -0.7311266 0.6654239 -0.1269281 -0.6164099 0.7771282
						-0.1269295 -0.6164218 0.7771186 -0.1000151 -0.4857156 0.8683763 -0.1000116
						-0.4856807 0.8683963 -0.07046335 -0.3421867 0.9369862 -0.07046711 -0.3422231
						0.9369727 -0.03905808 -0.1896859 0.9810677 -0.03905826 -0.1896727 0.9810702
						-0.1282019 -0.9884498 0.08081781 -0.1248546 -0.9626416 0.2402759 -0.1248551
						-0.9626525 0.2402324 -0.1182414 -0.9116587 0.3935703 -0.1182361 -0.9116697
						0.3935463 -0.1085469 -0.8369616 0.5363888 -0.1085543 -0.8368834 0.5365093
						-0.09602051 -0.7402556 0.6654336 -0.09601813 -0.7403129 0.6653701
						-0.08094501 -0.6240967 0.7771431 -0.0809465 -0.624125 0.7771202 -0.06378835
						-0.4918262 0.8683537 -0.06378787 -0.4917834 0.8683779 -0.04493868 -0.3464635
						0.9369865 -0.04493939 -0.3464712 0.9369836 -0.02490985 -0.1920471 0.9810695
						-0.02490949 -0.19204 0.9810709 -0.0546804 -0.9952325 0.08076155 -0.05325096
						-0.9692121 0.2404003 -0.05323451 -0.9692453 0.24027 -0.05041676 -0.9179441
						0.3934934 -0.0504229 -0.9178994 0.3935965 -0.0462895 -0.8426562 0.5364587
						-0.04628306 -0.8427106 0.5363737 -0.04093593 -0.7453526 0.6654126
						-0.04093748 -0.7453224 0.6654463 -0.034518 -0.6284409 0.7770911 -0.03452253
						-0.6283756 0.7771438 -0.0272035 -0.4951566 0.8683778 -0.02719974 -0.4951911
						0.8683582 -0.01916146 -0.3488469 0.9369839 -0.01916128 -0.3488388 0.9369869
						-0.01062113 -0.1933591 0.9810706 -0.01062071 -0.1933618 0.9810701 0.01827818
						-0.1954751 0.9805384 0.01770365 -0.1928174 0.9810749 0.003712773 -0.193607
						0.9810722 0.0191735 -0.9965507 0.080742 0.01867312 -0.9705432 0.2402024
						0.01864814 -0.9704957 0.2403965 0.01766151 -0.9191567 0.3934959 0.01766031
						-0.9191475 0.3935177 0.01621037 -0.8436926 0.5365818 0.01622992 -0.8437735
						0.5364542 0.01435571 -0.7463387 0.6654114 0.01435494 -0.7463204 0.6654321
						0.01210409 -0.6292943 0.777073 0.01210105 -0.6292702 0.7770925 0.009535133
						-0.4958514 0.868355 0.009530067 -0.4958153 0.8683758 0.006713688 -0.3493037
						0.9369856 0.006713569 -0.3492925 0.9369898 0.003720939 -0.1935882 0.9810759
						0.003725826 -0.193616 0.9810704 -0.8498324 -0.5208229 0.08080023 -0.9167872
						-0.3910953 0.0809074 -0.9800469 -0.1815868 0.08083474 -0.9960602 0.03653627
						0.08080345 -0.9907243 0.1093749 0.080639 -0.9430014 0.3228668 0.08065575
						-0.8498582 0.520797 0.08069545 -0.7972701 -0.5492152 0.2504457 -0.5646014
						-0.398187 0.7229609 -0.1576583 -0.1123774 0.9810786 -0.2833718 -0.2044177
						0.9369706 -0.3556733 -0.2389296 0.9035537 -0.2290189 -0.1648473 0.9593622
						-0.1594272 -0.1155517 0.9804238 -0.2298206 -0.1460516 0.9622117 -0.1319121
						-0.09402114 0.9867924 -0.5140376 -0.3629527 0.7771942 -0.568615 -0.383599
						0.7276874 -0.4681895 -0.3303666 0.8195466 -0.4049388 -0.2860951 0.8684321
						-0.4709781 -0.3147692 0.8240754 -0.354184 -0.2542906 0.899939 -0.6116453
						-0.4276911 0.6655602 -0.6738126 -0.4460239 0.5891004 -0.623779 -0.4263853
						0.6550537 -0.7568013 -0.5218504 0.393604 -0.7751962 -0.5223556 0.3552682
						-0.7310346 -0.5096168 0.4537393 -0.6920734 -0.4826703 0.5367159 -0.7399349
						-0.4914239 0.4593464 -0.6661525 -0.465505 0.5827057 -0.8349227 -0.5381297
						0.1154153 -0.7986977 -0.5515523 0.2405667 -0.8175634 -0.5645511 0.1134558
						-0.8235337 -0.5614762 0.08085078 -0.8236743 -0.5665901 0.02316445 -0.8182691
						0.5616024 0.1226309 -0.8021035 0.5466902 0.2403329 -0.8065733 0.5580373
						0.1950227 -0.8065798 0.5580388 0.194992 -0.7202718 0.5018137 0.4789484
						-0.7558261 0.5172275 0.4015008 -0.7592355 0.5181839 0.3937604 -0.7774472
						0.5398484 0.3227068 -0.777482 0.5398656 0.322594 -0.7204615 0.5019488
						0.4785212 -0.6963254 0.4764888 0.5367395 -0.6883206 0.4730621 0.5499338
						-0.6150801 0.4224858 0.6657192 -0.6441338 0.4508577 0.617915 -0.6440498
						0.4507924 0.6180503 -0.4361825 0.309436 0.8449819 -0.5031826 0.3490399
						0.7905558 -0.5180805 0.3570564 0.7772409 -0.5585551 0.3931479 0.7303773
						-0.5585581 0.3931528 0.7303724 -0.4358691 0.3092179 0.8452234 -0.4072335
						0.2828114 0.8684346 -0.3095021 0.2213894 0.9247677 -0.1576716 0.1123706
						0.9810773 -0.3095188 0.2214058 0.9247582 -0.2862119 0.2001481 0.9370291
						-0.166239 0.1204736 0.9786985 -0.1595426 0.1157305 0.9803839 -0.1668021
						0.1188879 0.9787966 -0.8498206 0.5208446 0.08078384 -0.8235492 0.5614565
						0.08083081 -0.8225523 0.5657498 0.0577476 -0.885686 0.4571841 0.08088958
						-0.9167881 0.3910966 0.08089053 -0.9167907 0.3910893 0.08089643 -0.9429783
						0.3228771 0.08088588 -0.964092 0.25296 0.08085805 -0.9800506 0.181559
						0.0808531 -0.9800412 0.1816706 0.08071666 -0.9907178 0.1093757 0.08071774
						-0.9960735 -0.03653597 0.08063989 -0.9907243 -0.1093747 0.080639 -0.9907017
						-0.1093822 0.08090555 -0.980028 -0.1816587 0.08090305 -0.9641069 -0.252965
						0.08066403 -0.9429996 -0.322869 0.08067035 -0.9429808 -0.3228802 0.0808447
						-0.9167988 -0.391082 0.08083897 -0.8856825 -0.4572052 0.08080941 -0.8498517
						-0.5207901 0.08080923 -0.8498212 0.5208462 0.08076775 -0.8276071 0.5072289
						0.2403861 -0.8276567 0.5072379 0.2401959 -0.7838444 0.4803853 0.393469
						-0.7838028 0.4803749 0.3935645 -0.7195409 0.44099 0.5364594 -0.7195074
						0.4409781 0.5365142 -0.6363418 0.3900049 0.6655564 -0.6363746 0.3900213
						0.6655154 -0.536661 0.3289055 0.7770562 -0.5366333 0.3288969 0.7770789
						-0.4228317 0.2591475 0.8683639 -0.4228749 0.2591659 0.8683376 -0.2978833
						0.1825634 0.9369825 -0.2978752 0.1825604 0.9369857 -0.1651044 0.1011872
						0.9810717 -0.165106 0.1011883 0.9810714 -0.8857091 0.457173 0.08070015
						-0.8625836 0.445237 0.2402365 -0.8625456 0.4452365 0.240374 -0.8169252
						0.4216863 0.393464 -0.8169185 0.4216878 0.3934765 -0.7498434 0.3870632
						0.5365789 -0.7499181 0.3870816 0.5364612 -0.6632683 0.342355 0.6654835
						-0.6632071 0.3423386 0.6655529 -0.5593713 0.2887397 0.7770028 -0.5593062
						0.2887158 0.7770584 -0.4406616 0.2274702 0.8683747 -0.4406693 0.2274729
						0.8683702 -0.3104431 0.1602508 0.9369871 -0.3104569 0.1602549 0.9369818
						-0.1720815 0.08882802 0.9810697 -0.1720718 0.08882302 0.9810718 -0.1781004
						0.0759688 0.9810754 -0.9167891 0.3910923 0.08089953 -0.8928923 0.3808952
						0.24013 -0.8928614 0.3808987 0.2402386 -0.8455699 0.3607214 0.3935627
						-0.8456147 0.360727 0.3934615 -0.7761786 0.3311038 0.536579 -0.7761728
						0.3311076 0.5365851 -0.6865313 0.2928639 0.6655116 -0.686559 0.2928732
						0.6654789 -0.5790389 0.2470065 0.7769826 -0.5790129 0.246998 0.7770045
						-0.4560947 0.1945638 0.8684024 -0.4561372 0.1945773 0.868377 -0.3213798
						0.1370923 0.9369744 -0.3213441 0.1370807 0.9369882 -0.1781318 0.07598781
						0.9810683 -0.1781238 0.07598865 0.9810698 -0.9429808 0.3229053 0.08074301
						-0.9183396 0.3144634 0.2403441 -0.9183946 0.3144601 0.240138 -0.8697289
						0.2977958 0.3935599 -0.8697288 0.2977978 0.3935586 -0.798432 0.273386
						0.5364387 -0.79834 0.2733718 0.5365829 -0.7060697 0.241777 0.6655896
						-0.7061414 0.2417895 0.665509 -0.5955662 0.2039256 0.7769913 -0.5955789
						0.203929 0.7769805 -0.4691384 0.1606344 0.8683927 -0.4691188 0.160631
						0.8684039 -0.3305633 0.1131885 0.9369719 -0.3305574 0.1131861 0.9369743
						-0.1832034 0.06273031 0.9810717 -0.1831834 0.06272649 0.9810755 -0.9641132
						0.2529453 0.08064943 -0.9389265 0.2463347 0.2402837 -0.9389079 0.2463423
						0.2403489 -0.8892609 0.233313 0.3934211 -0.8892037 0.2333132 0.3935503
						-0.8162614 0.214174 0.5365136 -0.8163077 0.2141775 0.5364418 -0.7218635
						0.1893982 0.6656137 -0.7218794 0.1893978 0.6655964 -0.6089178 0.1597604
						0.7769786 -0.6089041 0.1597609 0.7769894 -0.4796454 0.1258448 0.8683913
						-0.4796451 0.1258466 0.8683913 -0.3379396 0.08866578 0.936982 -0.3379641
						0.08866924 0.9369728 -0.1872949 0.04913961 0.9810739 -0.1873037 0.04914027
						0.9810721 -0.1904249 0.03529798 0.981067 -0.9800415 0.1816706 0.08071309
						-0.9544395 0.1769236 0.2402985 -0.9544446 0.1769208 0.2402803 -0.9038625
						0.1675472 0.3936502 -0.9039627 0.1675364 0.3934247 -0.8298144 0.1537933
						0.5364287 -0.8297568 0.1537967 0.5365169 -0.7338811 0.1360256 0.6655191
						-0.7337997 0.1360244 0.665609 -0.6189328 0.1147299 0.7770195 -0.618982
						0.1147338 0.7769798 -0.4875738 0.09037572 0.8683916 -0.4875739 0.09037584
						0.8683916 -0.3435021 0.06366968 0.9369913 -0.343527 0.06367266 0.9369819
						-0.1904061 0.03529131 0.9810709 -0.1903899 0.03529816 0.9810739 -0.9907205
						0.1093853 0.08067071 -0.9647998 0.1065229 0.240446 -0.9648392 0.1065102
						0.2402932 -0.9138227 0.1008788 0.3933848 -0.9137041 0.1008991 0.3936549
						-0.8387272 0.09261804 0.5366179 -0.8388493 0.09261053 0.5364283 -0.7418934
						0.08190554 0.6654967 -0.741873 0.08190393 0.6655195 -0.6256697 0.06907516
						0.777024 -0.6256749 0.06907653 0.7770196 -0.4929358 0.05442124 0.868362
						-0.4928843 0.05442118 0.8683912 -0.3472887 0.03834563 0.9369741 -0.3472449
						0.03834688 0.9369902 -0.1924766 0.02125567 0.9810714 -0.1924986 0.02125513
						0.9810671 -0.996074 0.0365225 0.08064001 -0.9700301 0.03556424 0.2403682
						-0.9700117 0.0355736 0.240441 -0.9187217 0.03369086 0.3934661 -0.9187547
						0.0336821 0.3933895 -0.843312 0.03091615 0.5365346 -0.8432614 0.03092503
						0.5366134 -0.7459337 0.02735656 0.6654582 -0.7458978 0.02735948 0.6654983
						-0.6290414 0.02307474 0.7770293 -0.6290443 0.02307337 0.777027 -0.495543
						0.0181775 0.8683933 -0.4956013 0.01817142 0.8683601 -0.3491742 0.01280295
						0.9369705 -0.3491634 0.01280409 0.9369745 -0.193513 0.00709629 0.9810721
						-0.1935187 0.007094979 0.9810709 -0.9960607 -0.03652131 0.08080375
						-0.9700121 -0.03556519 0.2404406 -0.9700299 -0.03557109 0.240368 -0.9187511
						-0.03369128 0.3933973 -0.9187223 -0.03368091 0.3934655 -0.8432652
						-0.03091681 0.536608 -0.8433113 -0.03092378 0.536535 -0.7458986 -0.02735227
						0.6654977 -0.7459329 -0.0273627 0.6654587 -0.6290431 -0.02307307 0.777028
						-0.6290398 -0.02307438 0.7770305 -0.4956036 -0.0181784 0.8683586 -0.4955444
						-0.01817023 0.8683926 -0.3491604 -0.01280277 0.9369755 -0.3491748
						-0.01280391 0.9369702 -0.1934838 -0.007095217 0.9810778 -0.1935113
						-0.007098972 0.9810724 -0.9907107 -0.1094082 0.08076047 -0.9648397
						-0.1065508 0.2402735 -0.9647995 -0.1065253 0.2404462 -0.913766 -0.1008914
						0.3935132 -0.9138124 -0.100911 0.3934003 -0.8388457 -0.09263348 0.5364298
						-0.8387396 -0.0925979 0.5366019 -0.7418745 -0.08190262 0.6655181 -0.7418918
						-0.08191025 0.6654978 -0.6256778 -0.06907886 0.7770171 -0.6256557 -0.0690732
						0.7770353 -0.4928852 -0.05441468 0.8683913 -0.4929433 -0.05443 0.8683574
						-0.3472519 -0.03834271 0.9369877 -0.3472819 -0.0383498 0.9369763 -0.192497
						-0.02125674 0.9810673 -0.1924473 -0.02124577 0.9810774 -0.1903914
						-0.03529423 0.9810736 -0.9800421 -0.1816462 0.0807603 -0.9544485 -0.1769003
						0.2402798 -0.9544514 -0.176903 0.2402665 -0.9038941 -0.167534 0.3935834
						-0.9039193 -0.167544 0.3935215 -0.8297407 -0.1537957 0.5365421 -0.8298096
						-0.153821 0.5364283 -0.7339074 -0.1360457 0.665486 -0.7338798 -0.1360365
						0.6655183 -0.6189814 -0.1147362 0.7769799 -0.6189339 -0.1147226 0.7770197
						-0.4875739 -0.09037512 0.8683916 -0.487575 -0.09037256 0.8683914 -0.3435246
						-0.06367433 0.9369827 -0.3435157 -0.06366872 0.9369863 -0.1903998
						-0.03529018 0.9810722 -0.1904234 -0.03529894 0.9810672 -0.9640986 -0.2529446
						0.0808261 -0.9389097 -0.2463366 0.2403475 -0.938922 -0.246351 0.2402845
						-0.8892222 -0.2333103 0.3935103 -0.8891977 -0.23329 0.3935776 -0.8162292
						-0.2141487 0.5365727 -0.8162439 -0.2141575 0.5365469 -0.7219457 -0.1894148
						0.6655197 -0.7219744 -0.189429 0.6654844 -0.6089053 -0.159761 0.7769883
						-0.6089149 -0.1597669 0.7769796 -0.4796657 -0.1258539 0.8683788 -0.4796448
						-0.1258453 0.8683915 -0.3379641 -0.08867281 0.9369725 -0.3379396 -0.0886622
						0.9369824 -0.187295 -0.04913938 0.9810738 -0.1872933 -0.0491392 0.9810743
						-0.9429834 -0.3228989 0.08073782 -0.9183366 -0.314455 0.2403663 -0.9183406
						-0.3144608 0.2403436 -0.8697231 -0.2978129 0.3935597 -0.8697428 -0.2978259
						0.3935065 -0.7984433 -0.27341 0.5364097 -0.7983548 -0.2733592 0.5365672
						-0.7062236 -0.2418148 0.6654127 -0.7061337 -0.2417657 0.6655259 -0.5953928
						-0.2038441 0.7771455 -0.5955643 -0.2039332 0.7769907 -0.4691918 -0.1606603
						0.868359 -0.4691608 -0.1606454 0.8683785 -0.3305587 -0.1131864 0.9369738
						-0.3305619 -0.1131882 0.9369724 -0.1831852 -0.06272464 0.9810754 -0.1831892
						-0.06272697 0.9810745 -0.1781182 -0.07596874 0.9810722 -0.9167888 -0.3910901
						0.08091247 -0.8928664 -0.3808876 0.2402381 -0.892844 -0.3808606 0.2403643
						-0.8455615 -0.3606916 0.3936083 -0.845577 -0.3607041 0.3935633 -0.7762522
						-0.331128 0.5364577 -0.7762781 -0.3311525 0.5364051 -0.6866354 -0.2929092
						0.6653842 -0.6866112 -0.2928928 0.6654164 -0.5787999 -0.2469027 0.7771936
						-0.5788506 -0.2469366 0.777145 -0.4562327 -0.1946269 0.8683158 -0.4561645
						-0.1945878 0.8683604 -0.321351 -0.1370778 0.9369863 -0.3213732 -0.1370954
						0.9369761 -0.1780877 -0.07596933 0.9810778 -0.1780949 -0.07597512 0.981076
						-0.8856813 -0.4571903 0.08090573 -0.8625586 -0.4452554 0.2402921 -0.8625696
						-0.4452667 0.2402319 -0.816937 -0.4217115 0.3934124 -0.8168748 -0.4216535
						0.3936037 -0.749849 -0.3870568 0.5365758 -0.7499057 -0.3871057 0.5364614
						-0.6632785 -0.3423867 0.6654571 -0.6633285 -0.342423 0.6653885 -0.5592416
						-0.2886927 0.7771136 -0.5591557 -0.2886334 0.7771975 -0.4407049 -0.2274875
						0.8683483 -0.4407514 -0.2275216 0.8683157 -0.3104566 -0.1602603 0.9369811
						-0.3104423 -0.1602524 0.9369872 -0.1720691 -0.0888229 0.9810723 -0.1720669
						-0.08882176 0.9810728 -0.8498304 -0.5208187 0.08084809 -0.827608 -0.5072001
						0.2404435 -0.8276317 -0.5072343 0.2402897 -0.7838539 -0.4804052 0.393426
						-0.783856 -0.4804075 0.3934187 -0.7194884 -0.4409564 0.5365575 -0.7194772
						-0.4409468 0.5365803 -0.6364489 -0.3900637 0.6654195 -0.6364197 -0.3900384
						0.6654624 -0.536614 -0.3288695 0.7771039 -0.5366061 -0.3288643 0.7771115
						-0.4228166 -0.2591288 0.8683769 -0.4228529 -0.2591572 0.8683508 -0.2978937
						-0.1825727 0.9369774 -0.2978821 -0.1825646 0.9369827 -0.1650956 -0.1011818
						0.9810737 -0.1651035 -0.1011878 0.9810719 0.7640885 0.6451115 0 0.7640881
						0.6451119 0 0.8291019 0.5590975 0 0.8290989 0.5591019 1.12608e-6 0.8844769
						0.4665834 7.22173e-4 0.8833801 0.4686574 3.29128e-4 0.8844761 0.4665857 0
						0.9295746 0.3686342 0 0.9295669 0.3686537 -3.60861e-6 0.9295573 0.3686777 0
						0.9638588 0.2664141 0 0.9638568 0.2664207 -1.22845e-6 0.9638476 0.2664545 0
						0.9869825 0.1608278 0 0.9869377 0.1611025 8.31517e-5 0.986938 -0.161101 0
						0.9638403 -0.2664809 0 0.9638556 -0.2664251 -2.36737e-6 0.9638588 -0.2664141
						0 0.9295738 -0.368636 0 0.9295669 -0.3686537 3.04557e-6 0.9295594 -0.3686725
						0 0.8844761 -0.4665857 0 0.8833836 -0.4686505 3.28272e-4 0.8844839
						-0.4665703 7.22141e-4 0.829102 -0.5590974 1.32445e-6 0.7640934 -0.6451057 0
						0.7640855 -0.6451151 1.22845e-6 0.7640818 -0.6451194 0 0.8291043 -0.559094 0
						0 -1 0 0 -1 -8.98924e-6 0 -1 -6.33402e-5 0 -1 1.64067e-7 0 -1 -8.9097e-6 0
						-1 0 0 -1 1.7275e-7 0 -1 2.18713e-5 0 -1 2.17828e-5 0 -1 2.18134e-5 0 -1
						4.94157e-5 0 -1 -6.51423e-5 0 -1 -2.43817e-5 0 -1 -1.44375e-6 0 -1
						-3.75284e-6 0 1 0 0 1 0 0 1 -8.99036e-6 0 1 0 0 1 1.7275e-7 0 1 7.17412e-5 0
						1 2.27956e-6 0 1 0 0 1 -2.04797e-7 0 1 -1.2254e-5 0.001562893 0.9999575
						-0.009091198 -1.07844e-4 1 1.40146e-4 0 1 2.63491e-4 0 1 3.67537e-6 0 1
						1.47699e-5 0 1 1.35659e-4 0 1 1.35632e-4 0 1 1.35615e-4 0 1 1.01638e-5 0 1
						1.61762e-4 0 1 1.61738e-4 0 1 1.61744e-4 -1 0 0 -1 -3.84773e-6 -9.11138e-7
						-1 0 -6.69918e-6 -1 -4.54273e-6 0 -1 -1.46277e-6 -5.8593e-6 -1 0 0 0 0 1 0 0
						-1 -2.55071e-7 0 -1 0 0 -1 0 0 -1 -2.55579e-7 0 1 0 0 -1 2.28328e-7 0 -1
						-2.66356e-7 0 -1 0 0 -1 0 0 -1 3.66262e-7 0 -1 -2.06006e-7 0 -1 1.97179e-7 0
						-1 -2.36013e-7 0 -1 0 0 -1 -2.02548e-7 0 -1 0 0 -1 0 0 -1 0 0 -1 -1.36659e-7
						0 -1 -2.85164e-6 0 1 2.13359e-6 0 1 -1.3886e-6 0 1 4.01513e-6 0 1
						-5.48846e-7 0 1 3.59389e-6 0 1 -5.7529e-7 0 1 -4.01584e-6 0 1 3.70224e-6 0 1
						-5.4875e-7 0 1 -3.50971e-6 0 1 -4.76663e-7 0 1 -7.55885e-7 0 1 4.76686e-7 0
						1 2.44375e-7 0 1 0 0 1 -1.78641e-6 0 1 3.59197e-6 0 1 2.14213e-7 0 1
						3.42251e-7 0 1 -2.58694e-7 0 1 -4.39973e-7 0 1 4.88459e-7 0 1 9.76883e-7 0 1
						-9.54019e-7 0 1 -7.25893e-7 0 1 2.79028e-7 0 1 3.57685e-7 0 1 7.1136e-7 0 1
						-7.9783e-6 0 1 3.39264e-7 0 1 0 0 1 1.22131e-7 0 1 -4.76957e-7 0 1
						-2.44238e-7 0 1 -8.14945e-7 0 1 -1.43779e-7 0 1 -1 -1.30159e-6 0 -1
						-2.64323e-6 0 -1 0 -1.28379e-5 1 0 0 1 4.05127e-7 0 2.57836e-6 0 1
						-2.90102e-6 0 1 5.15626e-6 0 1 -2.57836e-6 0 1 0.9965915 -0.08249574 0
						0.9965725 -0.08272492 7.53427e-5 0.9694254 -0.2453863 1.86146e-4 0.9701901
						-0.242344 -8.06312e-4 0.915754 -0.4017395 -3.85791e-4 0.9157767 -0.4016875
						-4.07204e-4 0.8371491 -0.5469746 4.09911e-4 0.8353861 -0.5496634 -5.76039e-4
						0.7357521 -0.6772509 4.65901e-4 0.6143065 -0.7890676 3.2009e-5 0.7314316
						-0.6819134 -0.001402735 0.4627805 -0.88647 -0.002302467 0.4759468 -0.8794726
						0.00163275 0.6087532 -0.7933573 -0.001958787 0.3246487 -0.9458347 2.41786e-5
						0.3158028 -0.9488217 -0.002443015 0.1645051 -0.9863756 0.001184999 0 -1
						6.27347e-5 0.1476278 -0.9890382 -0.003083229 -0.1859292 -0.9825562
						-0.003728151 -0.1645051 -0.9863753 0.001377284 -0.01350212 -0.9999035
						-0.003285825 -0.3247199 -0.9458103 1.05196e-4 -0.3411871 -0.9399869
						-0.004004776 -0.4759463 -0.8794731 0.001532375 -0.6143053 -0.7890685
						1.13526e-4 -0.4987258 -0.8667492 -0.004295229 -0.7555784 -0.6550409
						-0.004782259 -0.7357422 -0.6772597 0.001693725 -0.6306021 -0.7760924
						-0.00464642 -0.8371469 -0.5469782 1.73228e-4 -0.8502805 -0.5263025
						-0.005369424 -0.9157721 -0.4016945 0.001759409 -0.9693713 -0.2455996
						1.80613e-4 -0.9285273 -0.3712255 -0.005353689 -0.9965923 -0.08248507 0
						-0.9972642 -0.0738793 0.002424418 -0.9757794 -0.2186712 -0.006127476 -1
						2.58431e-7 0 0.9968033 -0.07989633 0 0.9965726 -0.08270579 0.001687169
						0.9728929 -0.2312521 -0.001438796 0.9702097 -0.2422626 -0.00143975 0.9694267
						-0.2453811 4.38124e-4 0.9157781 -0.4016839 -7.32002e-4 0.9158714 -0.4014716
						-5.92737e-4 0.8371477 -0.546977 4.09385e-4 0.835735 -0.5491321 -0.00103271
						0.7357476 -0.6772556 5.57822e-4 0.6141659 -0.789177 4.90878e-5 0.7320882
						-0.6812061 -0.002304553 0.4640721 -0.885789 -0.003857195 0.4761218
						-0.8793755 0.002626717 0.6091282 -0.7930654 -0.003199815 0.3246504
						-0.9458341 -2.3907e-5 0.3169979 -0.9484184 -0.003848791 0.1645041 -0.9863742
						0.002071142 0 -1 1.22337e-4 0.1489434 -0.9888325 -0.005121409 -0.1838443
						-0.982935 -0.006346225 -0.1645042 -0.9863737 0.002331197 -0.01196807
						-0.9999141 -0.005359232 -0.3247202 -0.9458102 1.42311e-4 -0.402116
						-0.9148293 -0.03728502 -0.4761169 -0.8793684 -0.004893302 -0.6140004
						-0.7889653 -0.0231834 -0.7540807 -0.6567188 -0.009104847 -0.7357428
						-0.6772538 0.003164947 -0.5988031 -0.8008167 -0.01129829 -0.8371474
						-0.5469776 2.17151e-4 -0.8491299 -0.5280826 -0.0103563 -0.9157724 -0.4016814
						0.003596603 -0.9693598 -0.2455943 -0.005023062 -0.9429987 -0.3313083
						-0.03143829 -0.9965913 -0.082497 0 -0.989435 -0.1401282 -0.03718143 1 0 0
						-5.15626e-6 0 1 6.44556e-7 0 1 5.15732e-6 0 1 -0.9968018 0.07991397 0
						-0.996571 0.08272552 0.001663863 -0.9713351 0.2377094 -0.001555502
						-0.9717445 0.2360302 -0.001554965 -0.9694204 0.2453794 0.003614366
						-0.9472917 0.3203722 -1.27658e-4 -0.946116 0.3238282 -1.24459e-4 -0.9157755
						0.4016851 0.002068638 -0.9139806 0.4057579 -4.00182e-4 -0.8371484 0.5469758
						-3.93335e-4 -0.8392698 0.5437123 0.001787424 -0.7357429 0.6772506
						0.003769636 -0.7873488 0.6165078 -1.75847e-4 -0.7859249 0.618322 -1.69072e-4
						-0.6143067 0.7890644 0.002213478 -0.7255811 0.6881335 -0.002109169
						-0.7275207 0.6860826 -0.002102971 -0.4585155 0.888679 -0.003635823
						-0.5377204 0.8423282 0.03660738 -0.475946 0.8794745 -1.66379e-4 -0.6104757
						0.7920351 -1.63202e-4 -0.4593486 0.8882487 -0.003628134 -0.324647 0.9458283
						0.00363177 -0.3134397 0.9496066 -0.001680076 -0.3104242 0.9505966
						-0.001684188 -0.1645045 0.9863748 0.001720845 -0.2265728 0.9734815
						0.03160387 0 0.9999879 0.004933714 -0.1389043 0.990295 -0.004646599
						-0.1386585 0.9903293 -0.004649758 0.19672 0.9804428 -0.005768239 0.1069659
						0.993833 0.0292313 0.1645039 0.9863714 0.003174781 0.01859748 0.9998225
						-0.003018677 0.01887023 0.9998174 -0.003017067 0.1964241 0.9805021
						-0.00576961 0.3247147 0.9457936 0.005912423 0.3482342 0.9373977 -0.004291713
						0.3481617 0.9374247 -0.004276156 0.475941 0.8794658 0.004486441 0.4277582
						0.9034549 0.02814501 0.6142925 0.7890465 0.007123053 0.5093051 0.8605595
						-0.006768822 0.5094966 0.8604461 -0.006771028 0.765012 0.6439671
						-0.007938802 0.7029091 0.710774 0.0268191 0.7357343 0.6772438 0.006001591
						0.6381496 0.7698931 -0.005468606 0.6384629 0.7696333 -0.005467534 0.7649374
						0.644056 -0.007937967 0.8371182 0.5469563 0.008487641 0.8569739 0.5153132
						-0.006952881 0.8568086 0.5155882 -0.006945788 0.915752 0.4016733 0.007535278
						0.8977591 0.4396767 0.02670633 0.9693225 0.2455843 0.01011985 0.9349179
						0.3547402 -0.009379923 0.9348657 0.3548776 -0.00938028 0.9965913 0.08249795
						0 0.9983578 0.05425381 0.0183956 0.9932763 0.115683 0.004453182 0.9791704
						0.2028563 -0.008640706 0.979181 0.2028055 -0.008641123 1 1.34501e-7 0 -1
						6.66199e-7 0 -0.9965811 0.08262121 0 -0.9965742 0.08270335 2.23949e-5
						-0.9694275 0.2453783 2.87487e-4 -0.9704117 0.2414554 -7.85356e-4 -0.9164273
						0.4002013 5.05722e-6 -0.9157786 0.4016833 -4.40001e-4 -0.8365471 0.547895
						-1.73679e-5 -0.8371493 0.5469744 -3.02503e-4 -0.7357451 0.6772586 7.40338e-5
						-0.7333946 0.6798028 -8.27656e-4 -0.6141645 0.7891781 2.58354e-5 -0.6104867
						0.7920258 -0.001168251 -0.4759428 0.8794758 9.77087e-4 -0.3248552 0.9457638
						7.7186e-5 -0.4670861 0.8842107 -0.001504778 -0.152159 0.9883536 -0.002201378
						-0.1645047 0.986376 8.91456e-4 -0.318879 0.9477942 -0.001507222 0 1
						6.17186e-5 0.009044349 0.9999567 -0.002211213 0.1645048 0.9863756
						0.001117885 0.3249228 0.9457406 4.69541e-5 0.1804755 0.9835753 -0.002903342
						0.4933608 0.8698172 -0.00363183 0.475942 0.8794757 0.001382946 0.3361607
						0.9418 -0.0029881 0.6141683 0.7891752 1.02486e-4 0.6263921 0.7794981
						-0.003969252 0.735743 0.6772589 0.001649558 0.8477379 0.5303899 -0.005201816
						0.8371497 0.546974 1.15722e-4 0.7518747 0.6592904 -0.004567384 0.9693369
						0.2456008 -0.008140981 0.9748899 0.2226848 0.001154422 0.9157554 0.401678
						-0.006857693 0.9265832 0.3760755 0.003276944 0.9965927 0.08248174 0
						0.9972006 0.07472592 0.002647578 1 -1.21953e-6 0 -0.2755681 -0.9612816 0
						-0.2755669 -0.961282 0 -0.1180573 -0.9930068 0 -0.1180581 -0.9930067 0
						0.04248648 -0.9990971 0 0.04248666 -0.9990971 0 0.2019928 -0.9793871 0
						0.2019933 -0.9793869 0 0.3562617 -0.9343863 0 0.3562611 -0.9343864 0
						0.5012819 -0.8652841 0 0.5012852 -0.8652821 0 0.6334785 -0.7737604 0
						0.6334807 -0.7737587 0 0.7491517 -0.6623986 0 0.7491537 -0.6623963 0
						0.8456321 -0.5337663 0 0.8456334 -0.5337643 0 0.9202535 -0.3913227 0
						0.9202546 -0.3913204 0 0.9709837 -0.2391459 0 0.9709839 -0.2391454 0
						0.9967806 -0.08017796 0 0.9967808 -0.08017539 0 -0.4177085 0.9085811 0
						-0.4177094 0.9085807 0 -0.5424877 0.8400639 0 -0.6562937 0.7545055 0
						-0.656296 0.7545037 0 -0.7567896 0.6536585 0 -0.7567905 0.6536576 0
						-0.8419361 0.5395773 0 -0.8419372 0.5395755 0 -0.9100249 0.4145539 0
						-0.910026 0.4145512 0 -0.9596663 0.2811418 0 -0.9596672 0.2811387 0
						-0.9898672 0.1419962 0 -0.9898672 0.1419967 0 -0.9898666 -0.1420004 0
						-0.9898669 -0.1419993 0 -0.9596669 -0.2811398 0 -0.9596666 -0.2811406 0
						-0.9100294 -0.4145438 0 -0.9100294 -0.414544 0 -0.8419296 -0.5395874 0
						-0.8419304 -0.5395862 0 -0.7567886 -0.6536598 0 -0.7567915 -0.6536564 0
						-0.6562826 -0.7545152 0 -0.6562854 -0.7545128 0 -0.5425015 -0.8400548 0
						-0.5425044 -0.840053 0 -0.4177168 -0.9085773 0 -0.4177179 -0.9085768 0
						0.9967653 0.08036756 0 0.9710353 0.2389363 0 0.971035 0.2389374 0 0.9202535
						0.3913227 0 0.9202546 0.3913204 0 0.8455523 0.5338926 0 0.8455527 0.5338922
						0 0.7492403 0.6622982 0 0.7492414 0.6622971 0 0.6333722 0.7738473 0
						0.6333727 0.7738469 0 0.5013409 0.86525 0 0.5013389 0.865251 0 0.3563205
						0.9343639 0 0.3563214 0.9343634 0 0.2019578 0.9793942 0 0.2019584 0.9793942
						0 0.04249393 0.9990968 0 0.04249423 0.9990968 0 -0.1180576 0.9930068 0
						-0.1180579 0.9930068 0 -0.2757311 0.9612348 0 -0.2757333 0.9612343 0
						1.32197e-7 0 1 2.02611e-6 0 1 0 0 1 1.58611e-6 0 1 1.47093e-5 0 1
						-6.27478e-7 0 1 3.16286e-7 0 1 -2.47202e-6 0 1 -2.92095e-7 0 1 -4.72541e-6 0
						1 0 0 1 -3.51379e-7 0 1 -1.28457e-7 0 1 4.72196e-7 0 1 0 -1 -2.08945e-7 0 -1
						2.5367e-5 0 -1 5.7397e-6 0 -1 -3.58337e-4 0 -1 2.28032e-6 0 -1 -1.07094e-5 0
						-1 1.33669e-5 0 -1 -3.94201e-5 0 -1 1.04379e-4 0 -1 -6.67255e-6 0 -1
						2.43609e-4 0 -1 2.43619e-4 0 -1 2.43605e-4 0 1 1.63559e-4 0 1 -2.30097e-4 0
						1 -3.68819e-6 0 1 4.51303e-7 0 1 7.88628e-5 0 1 7.87416e-5 0 1 7.86236e-5 0
						1 2.32596e-5 0 1 -1.83554e-5 0 1 9.85418e-6 0 1 -1.09309e-5 0 1 3.97406e-7 0
						1 -5.32868e-5 1.20897e-7 1 -5.3801e-5 0 1 -5.27065e-5 0 1 -9.00445e-5
						0.866018 -0.5000129 0 0.8660185 -0.500012 1.19965e-5 0.8660242 -0.5000022
						1.93904e-6 0.8659689 -0.5000979 -2.24156e-5 0.8660385 -0.4999775 5.1306e-6
						0.8659695 -0.500097 -4.45739e-5 0.8660233 -0.5000038 1.27497e-5 0.8660334
						-0.4999862 2.69935e-5 0.8659951 -0.5000525 -1.505e-5 0.8660123 -0.5000225 0
						0.8660184 -0.5000121 1.13492e-5 0.8264684 -0.5629833 0 0.8217769 -0.5698093
						5.12222e-4 0.71677 -0.6973097 2.59591e-5 0.7342969 -0.6788265 -0.001643717
						0.5921727 -0.8058109 5.87244e-4 0.6195552 -0.784952 -0.001409292 0.4769555
						-0.8789255 -0.001870214 0.4515355 -0.8922532 2.33533e-5 0.3241872 -0.9459921
						-0.001289427 0.2983954 -0.9544423 4.36315e-4 0.137405 -0.9905151 2.67813e-5
						0.1560686 -0.9877455 -0.0012241 -0.02768242 -0.9996167 4.14772e-4
						-0.003626167 -0.9999928 -0.001136779 -0.1760275 -0.9843847 -0.001038372
						-0.1917325 -0.9814472 3.20953e-5 -0.3310598 -0.9436094 -9.87785e-4
						-0.3505703 -0.9365364 3.79039e-4 -0.5000894 -0.8659736 -7.13293e-4
						-0.4973787 -0.8675331 -9.43238e-4 -0.6231545 -0.7820988 4.32676e-4
						-0.6357787 -0.771871 -7.73732e-4 -0.8442909 -0.5358849 -6.22285e-4
						-0.7540842 -0.6567779 1.71748e-5 -0.7477558 -0.6639736 -6.52657e-4
						-0.9265148 -0.3762584 1.52294e-5 -0.9236152 -0.3833208 -5.3796e-4 -0.8519357
						-0.5236465 3.69483e-4 -0.9757939 -0.2186925 1.19796e-4 -0.9743002 -0.2252538
						-3.7595e-4 -0.9983533 -0.05736458 2.9715e-6 -0.9984822 -0.05507719
						-1.74088e-4 -0.9939463 0.1098668 -1.01154e-4 -0.9939333 0.1099848
						-9.15199e-5 -0.9622493 0.2721694 2.10602e-5 -0.9614811 0.2748711 -1.92375e-4
						-0.9043192 0.4268571 2.76091e-6 -0.9043034 0.4268903 0 -0.8660248 0.5000011
						0 -0.8660128 0.5000218 0 -0.866071 0.499921 -7.51857e-5 -0.8660157 0.5000169
						7.64201e-6 -0.8659793 0.5000799 3.7008e-5 -0.8660202 0.5000092 -9.53425e-6
						-0.8659501 0.5001304 7.0079e-5 -0.8660384 0.4999775 -2.07735e-5 -0.8660215
						0.5000069 2.02242e-6 -0.8659531 0.5001252 4.72173e-5 0.3802019 0.9249036 0
						0.382254 0.9240552 0.002023816 0.380253 0.9248695 0.004918515 0.441078
						0.8974555 -0.004891991 0.4431351 0.8964549 5.33649e-5 0.5017455 0.8650154
						-9.56396e-5 0.5017909 0.864989 -9.02346e-5 0.5016326 0.8650808 -8.67549e-5
						0.5017326 0.8650228 1.26776e-4 0.5579063 0.829904 -1.19567e-4 0.5579837
						0.829852 6.43336e-5 0.6117485 0.7910523 -7.50844e-5 0.6135351 0.7896665
						0.001342236 0.6135633 0.7896445 0.001340687 0.6118073 0.7909936 0.004608392
						0.6136295 0.7895787 0.004933178 0.6632766 0.7483602 -0.004606544 0.6665609
						0.745446 -0.002610743 0.6632736 0.7483578 0.005360066 0.7133431 0.7007983
						-0.004841327 0.7148668 0.6992536 -0.003174841 0.7132809 0.7008712
						-0.00317341 0.7148992 0.6992276 1.00564e-4 0.7596703 0.6503084 -1.20357e-4
						0.7597588 0.6502051 -3.5709e-5 0.7597115 0.6502603 7.91564e-5 0.7611036
						0.6486304 1.81791e-4 0.8011239 0.5984987 -1.30275e-4 0.8011983 0.5983991 0
						0.8011093 0.5985182 0 0.8011582 0.5984526 9.05673e-5 0.839125 0.5439386
						-1.24467e-4 0.8403614 0.5420048 0.004878342 0.873555 0.4867021 -0.00476253
						0.8757802 0.4827089 0.001027941 0.8735883 0.4866645 0.001027822 0.8757502
						0.4827421 0.004652917 0.9050434 0.4252902 -0.00497806 0.9060627 0.4231437
						2.29413e-4 0.9321507 0.3620709 -8.40527e-5 0.9321525 0.362066 -7.63661e-5
						0.9321001 0.3622009 9.11315e-5 0.9321001 0.3622009 9.08574e-5 0.9321495
						0.3620737 1.77313e-4 0.9540578 0.2996228 -2.34989e-4 0.9541218 0.2994185
						2.29817e-4 0.9718658 0.2355358 -8.40082e-5 0.9724009 0.233277 0.004305303
						0.9722724 0.2338119 0.004305541 0.9718328 0.2356281 0.004547238 0.9723975
						0.2332772 0.005002439 0.9854184 0.1700835 -0.00470972 0.9861801 0.1656097
						0.004723429 0.9948007 0.1017192 -0.004978954 0.9950481 0.09939569
						-1.98761e-4 0.9947611 0.1022277 -1.9867e-4 0.9950412 0.09946322 2.47451e-4
						0.9994512 0.03312873 -1.17698e-4 0.999453 0.033073 1.56233e-5 0.9994528
						-0.03307855 -2.15252e-4 0.9994478 -0.03323084 1.17152e-4 0.9950469
						-0.0994063 -2.47084e-4 0.9947611 -0.1022277 2.08862e-4 0.9950525 -0.09935039
						2.08678e-4 0.9948019 -0.1017032 0.005087912 0.9861693 -0.1656765
						-0.004616916 0.9854219 -0.1700632 0.004709362 0.9718331 -0.2356094
						-0.005362987 0.9723567 -0.2334552 -0.004603505 0.9718201 -0.2356844
						-0.004306614 0.9723952 -0.2333006 -0.004306495 0.9718669 -0.2355307
						8.38685e-5 0.9541211 -0.299421 -2.30479e-4 0.9540581 -0.2996217 2.36366e-4
						0.9321521 -0.3620671 -1.78311e-4 0.9321174 -0.3621563 -1.25959e-4 0.9321719
						-0.3620163 -1.26077e-4 0.932105 -0.3621883 7.00305e-5 0.9321849 -0.3619825
						1.77591e-4 0.9060457 -0.4231801 -1.39793e-4 0.9050676 -0.4252389 0.004978179
						0.8757468 -0.4827486 -0.00464487 0.8736313 -0.4865874 -0.001067459 0.8757565
						-0.4827519 -0.001067221 0.8735834 -0.4866521 0.004674136 0.8403215
						-0.5420659 -0.004963576 0.8391069 -0.5439667 1.25389e-4 0.8012312 -0.598355
						-9.10541e-5 0.8011542 -0.598458 5.87808e-5 0.8011985 -0.5983988 5.66395e-5
						0.8011257 -0.5984961 1.90666e-4 0.7596431 -0.6503404 -1.27689e-4 0.75976
						-0.6502037 -1.2125e-4 0.759677 -0.6503007 7.13103e-5 0.7597931 -0.6501651
						1.8935e-4 0.7148963 -0.6992306 -3.56979e-5 0.7133617 -0.700789 0.003174006
						0.7148982 -0.6992213 0.003172814 0.7133537 -0.700787 0.00490427 0.66653
						-0.7454639 -0.004631638 0.6633051 -0.7483448 0.002550244 0.6666625
						-0.7453413 0.005258023 0.6115449 -0.791192 -0.0053097 0.6135107 -0.7896731
						-0.004587829 0.6117812 -0.791026 -0.00135976 0.6136106 -0.7896077
						-0.001355826 0.6117457 -0.7910545 1.31853e-4 0.5579323 -0.8298866
						-2.29637e-5 0.5579088 -0.8299022 4.28661e-5 0.5017262 -0.8650265 -2.08989e-4
						0.5016357 -0.865079 0 0.5017856 -0.864992 0 0.5014995 -0.865158 1.04442e-4
						0.4431709 -0.8964372 -5.53315e-5 0.4412164 -0.8973875 0.004900932 0.3821995
						-0.9240685 -0.00459212 0.380195 -0.9249042 -0.00201565 0.382237 -0.9240645 0
						0.939957 0.341293 -3.29706e-4 0.9390986 0.3436478 0 0.9390974 0.3436514
						-1.81869e-5 0.9390961 0.3436548 -8.36899e-6 0.9390944 0.3436594 -2.23683e-5
						0.9389198 0.3441359 -4.97496e-4 0.939123 0.3435812 2.62669e-5 0.9390655
						0.3437384 2.90953e-5 0.939073 0.3437178 1.40396e-5 0.9390954 0.3436567
						-4.71441e-5 0.9390953 0.343657 2.11123e-5 0.9390922 0.3436655 3.59713e-5
						0.9390906 0.3436698 2.55973e-5 0.939091 0.3436685 2.48583e-5 0.939103
						0.3436357 0 0.939086 0.3436824 5.10107e-6 0.9391135 0.3436074 1.17331e-4
						0.9391021 0.3436386 -6.3093e-6 0.9395349 0.3424496 -0.001610338 0.93913
						0.343562 -1.26187e-4 0.9390757 0.3437106 9.08617e-5 0.9390633 0.3437444
						1.34151e-4 0.9390482 0.3437855 0 0.9391018 0.3436393 2.79877e-5 0.9391374
						0.3435415 -3.87036e-4 0.9390926 0.3436643 -8.94843e-6 0.9393223 0.343036
						-3.23436e-4 -0.939841 -0.3416087 0.001569509 -0.9370056 -0.3492958
						-0.00360161 -0.9370056 -0.3492959 -0.00360161 -0.9370055 -0.349296
						-0.00360167 -0.9391222 -0.3435835 -8.55059e-6 -0.9390744 -0.3437138
						3.2836e-6 -0.9390209 -0.3438604 1.44973e-5 -0.9404544 -0.3398039 0.008886158
						-0.9391709 -0.3434503 -4.96019e-5 -0.9392251 -0.343302 -3.65442e-5
						-0.9391521 -0.3435019 -1.73241e-5 -0.9390578 -0.3437592 1.88475e-5
						-0.9391004 -0.3436431 0 -0.9390839 -0.3436879 2.81693e-6 -0.9392213
						-0.3433126 4.89468e-5 -0.9399948 -0.3411888 3.4918e-4 -0.9399948 -0.3411888
						3.49214e-4 -0.9399948 -0.3411887 3.49216e-4 -0.9386661 -0.344813
						-0.003174006 -0.9386662 -0.3448129 -0.003174006 -0.9386662 -0.3448129
						-0.003173947 -0.9390245 -0.3438504 -5.3275e-5 -0.9391356 -0.3435468
						1.21675e-4 -0.939094 -0.3436605 5.59938e-6 -0.9390943 -0.3436599 2.07325e-5
						-0.9391006 -0.3436424 6.40427e-5 -0.9390833 -0.3436896 5.75817e-5 -0.9390953
						-0.343657 6.93704e-5 -0.9390949 -0.343658 7.19839e-5 -0.9390875 -0.3436783
						-1.81428e-5 -0.9393677 -0.3429014 0.002666711 -0.9390952 -0.3436572 0
						-0.9373462 -0.3483451 -0.00614947 -0.9373463 -0.3483451 -0.006149411
						-0.9373462 -0.3483451 -0.006149351 -0.9391782 -0.3434302 -1.40431e-5
						-0.9390094 -0.3438917 9.89873e-6 -0.9391036 -0.3436343 0 -0.9391018
						-0.3436392 1.3622e-5 -0.9390917 -0.3436667 3.98909e-5 -0.4191158 0.9079328 0
						-0.424047 0.9055795 -0.01049041 -0.4802357 0.8770186 0.01456654 -0.4709404
						0.882152 0.004781186 -0.4805778 0.8768883 -0.01058381 -0.5253669 0.8508105
						0.01054501 -0.534736 0.844995 0.006393492 -0.5254682 0.8507893 0.006393253
						-0.5348694 0.8448691 -0.01053738 -0.5779842 0.815979 0.01061302 -0.5869629
						0.8095478 -0.01034414 -0.6284527 0.7777779 0.01042544 -0.6365585 0.7712254
						0.002210974 -0.628525 0.7777863 0.002206742 -0.6366673 0.7710747 -0.00993967
						-0.6611027 0.7502925 0.002141296 -0.6687288 0.7435032 -0.002229571
						-0.7772743 0.6290698 0.01077139 -0.7363157 0.6764662 -0.0152592 -0.743652
						0.6685491 0.00488162 -0.7362555 0.6766741 0.006342113 -0.7436325 0.6685586
						0.006343543 -0.7361833 0.6767015 0.01045542 -0.6998606 0.7142009 -0.0105983
						-0.6922017 0.7216359 0.009927272 -0.6922809 0.7215598 0.009935617 -0.7843925
						0.6201716 -0.01075947 -0.8212811 0.5703261 0.01502203 -0.815412 0.5787988
						0.009762823 -0.8217491 0.569845 0.002270281 -0.8218131 0.5697528 0.002269268
						-0.8154777 0.5786871 -0.01084291 -0.8217099 0.5698101 -0.01045131 -0.8504356
						0.5259714 0.01065796 -0.8560019 0.5168769 -0.009952962 -0.8721935 0.4891563
						0.002158105 -0.8771037 0.4802962 -0.002177119 -0.892051 0.4518238 0.01001173
						-0.8968544 0.4422869 0.005886673 -0.8920878 0.4518238 0.005888044 -0.8967962
						0.4423165 -0.01062595 -0.9186875 0.3948454 0.01050865 -0.9230455 0.384538
						-0.0108391 -0.9416949 0.3362976 0.01070255 -0.9454151 0.3258405 0.004279315
						-0.9416508 0.3365844 0.002180457 -0.9417651 0.3362646 0.002182245 -0.9454387
						0.3256231 -0.01073694 -0.9610139 0.2762889 0.0108056 -0.9640292 0.2655897
						-0.01047682 -0.9766027 0.2147878 0.01065111 -0.9788687 0.2044825
						-0.001794695 -0.9788822 0.2044174 -0.001794755 -0.9766168 0.2147597
						-0.009903967 -0.97883 0.2044302 -0.01001608 -0.9849464 0.1728472 0.002167344
						-0.9866374 0.1629181 -0.002134859 -0.9913181 0.1311012 0.0100522 -0.9926503
						0.1205446 -0.01069808 -0.9976004 0.06844127 0.01046025 -0.998344 0.05748987
						0.002104878 -0.9976556 0.06840342 0.002106726 -0.9982942 0.05738437
						-0.01075828 -0.9999257 0.005655407 0.01080197 -0.9999842 -0.005638599
						-2.40783e-5 -0.9998643 0.005612611 -0.01548552 -0.9982893 -0.05746477
						0.01078277 -0.9976559 -0.06840151 -0.002006947 -0.9983525 -0.05734461
						-0.002004981 -0.9975953 -0.06850349 -0.01052927 -0.9926465 -0.1205861
						0.01059222 -0.9913294 -0.131016 -0.01005542 -0.986638 -0.1629141 0.002143621
						-0.9849482 -0.172836 -0.002167224 -0.9788212 -0.2044727 0.01000791 -0.976651
						-0.214825 0.001792848 -0.9788711 -0.2044711 0.001794755 -0.9766177
						-0.2147194 -0.01065295 -0.9640068 -0.2656708 0.01048403 -0.9610328
						-0.2762237 -0.01079714 -0.9453953 -0.3257488 0.01075583 -0.9417707
						-0.3362493 -0.002122163 -0.9454706 -0.3257008 -0.002116799 -0.9417586
						-0.336264 -0.004171431 -0.9453779 -0.3256151 -0.01534473 -0.9230031
						-0.3846401 0.0108422 -0.9187254 -0.3947566 -0.0105369 -0.8967415 -0.4424284
						0.0105853 -0.8921324 -0.4517359 -0.005886614 -0.8967798 -0.442438
						-0.005885303 -0.8921033 -0.4517228 -0.009920656 -0.8771442 -0.4802219
						0.002224981 -0.872175 -0.4891892 -0.0021829 -0.8503951 -0.5259621 0.01385909
						-0.8559417 -0.5168742 -0.01431316 -0.8510017 -0.5250512 -0.0108385
						-0.8217265 -0.5697851 0.01051539 -0.8154578 -0.5788124 -0.002246201
						-0.8155615 -0.5786662 -0.002248048 -0.8217903 -0.5697103 -0.009543299
						-0.8154802 -0.5786858 -0.01071 -0.7842429 -0.6203603 0.01078307 -0.7773897
						-0.6289296 -0.01062798 -0.7436119 -0.6685236 0.01084613 -0.7362993
						-0.6766388 -0.004832804 -0.7436707 -0.668516 -0.006343841 -0.743701
						-0.6684824 -0.006342828 -0.7363718 -0.676497 -0.01041996 -0.699737
						-0.7143211 0.01065576 -0.6923257 -0.7215165 -0.009954273 -0.6687995
						-0.7434397 0.002143681 -0.6686964 -0.7435325 0.002160847 -0.6611926
						-0.7502131 -0.002171039 -0.6365127 -0.7712022 0.009945034 -0.6285625
						-0.777756 -0.002205491 -0.6365942 -0.7711959 -0.002212524 -0.6286176
						-0.7776448 -0.01042252 -0.5867565 -0.8096973 0.01035708 -0.5781496
						-0.8158624 -0.01057833 -0.534708 -0.844971 0.01055246 -0.5255742 -0.8507232
						-0.006476461 -0.5348597 -0.8449162 -0.006478905 -0.4190984 -0.9079409 0
						-0.4238025 -0.9056938 0.01049679 -0.4710875 -0.8820261 -0.01032811
						-0.4805271 -0.8769672 -0.004742383 -0.4707776 -0.8821249 0.01497495
						-0.5256621 -0.8506277 -0.01058393 -0.939064 0.3437426 0 -0.93909 0.3436715
						-6.0755e-6 -0.9390942 0.34366 4.44141e-5 -0.9390999 0.3436443 -2.99697e-4
						-0.939114 0.3436052 -7.76599e-4 -0.9387593 0.3445737 0 -0.9391244 0.3435776
						1.05892e-4 -0.9390856 0.3436837 0 -0.9390856 0.3436834 0 -0.939078 0.3437043
						7.92329e-5 -0.9390921 0.3436657 -1.03352e-4 -0.9393511 0.3429567 6.008e-4
						-0.9391058 0.3436283 5.51855e-5 -0.939004 0.3439061 -4.18679e-4 -0.9391365
						0.3435444 2.82427e-4 -0.9394656 0.3426271 0.003328084 -0.9394657 0.342627
						0.003327846 -0.9394657 0.3426269 0.003327667 -0.9390932 0.3436627
						-3.42596e-5 -0.9390667 0.343735 -3.73956e-5 -0.9392983 0.343101 -6.5417e-4
						-0.939094 0.3436603 2.45692e-5 -0.9391 0.343644 3.0951e-5 -0.9390941 0.34366
						-7.77409e-6 -0.9390941 0.34366 3.89522e-6 -0.9390808 0.3436964 -4.34591e-5
						-0.9381383 0.3462573 -0.001577854 -0.9389098 0.3441632 -1.43615e-4
						-0.9389098 0.3441632 -1.43652e-4 -0.9389098 0.3441632 -1.43692e-4 -0.9391019
						0.3436388 1.64206e-4 -0.9390513 0.3437768 -3.72281e-4 -0.939112 0.3436115
						1.38409e-4 0.9375814 -0.3477519 0.003115355 0.9390952 -0.3436571 0 0.9429917
						-0.3327513 -0.006568372 0.9429917 -0.3327513 -0.006568431 0.9429917
						-0.3327513 -0.006568431 0.9391466 -0.343517 1.50952e-5 0.9390693 -0.343728
						-5.11591e-6 0.9390391 -0.3438108 -1.13102e-5 0.939049 -0.3437834 -1.43655e-5
						0.939496 -0.3425601 1.24682e-4 0.9389341 -0.3440973 -4.91312e-5 0.9390876
						-0.343678 0 0.93907 -0.343726 -2.93212e-6 0.938792 -0.3444845 7.82919e-5
						0.9406822 -0.339288 -8.31588e-4 0.9390956 -0.3436561 1.64856e-5 0.9390929
						-0.3436636 3.43078e-5 0.9390925 -0.3436645 4.41548e-5 0.9390925 -0.3436648
						3.92277e-5 0.9393991 -0.3428252 -3.9189e-4 0.939086 -0.3436824 1.75314e-5
						0.9387057 -0.3447161 0.001633226 0.9391298 -0.3435627 6.15523e-6 0.9390968
						-0.3436529 4.40283e-7 0.9390856 -0.3436834 0 0.9391023 -0.343638 7.35671e-5
						0.939087 -0.3436796 1.40795e-5 0.939309 -0.3430699 -0.001373827 0.939309
						-0.3430699 -0.001373827 0.939309 -0.3430699 -0.001373827 0.9390822
						-0.3436928 0 0.9390955 -0.3436564 -7.71971e-6 0.93909 -0.3436715 4.18467e-5
						0.9390926 -0.3436644 6.83453e-5 0.9390964 -0.343654 1.19322e-5 0.9390956
						-0.3436561 2.21055e-5 0.096524 0.09741389 0.9905523 0.09652286 0.0974276
						0.9905511 0.01489967 -0.0969035 0.9951823 0.02145612 -0.1014522 0.994609
						0.0214563 -0.1014258 0.9946118 0.02350974 -0.09999012 0.9947107 0.03155505
						-0.07405096 0.9967552 0.01431685 -0.06317919 0.9978996 0.04524755 -0.077551
						0.9959611 0.06342452 -0.04318988 0.9970517 0.05821251 -0.04402965 0.9973329
						0.05819541 -0.04404389 0.9973332 0.05595332 -0.0478248 0.9972873 0.06965231
						-0.03108233 0.9970871 0.06939035 -0.03155523 0.9970905 0.06969189
						-0.03120821 0.9970803 0.06846904 -0.03422003 0.9970662 0.06735932
						-0.03495442 0.9971163 0.06624013 -0.03769624 0.9970914 0.06524336
						-0.03890806 0.9971106 0.06589233 -0.03736144 0.9971271 0.0648303 -0.03859627
						0.9971497 0.06375974 -0.04096484 0.9971241 0.06218743 -0.04191642 0.997184
						0.06084066 -0.04375702 0.9971879 0.06171959 -0.04319471 0.9971585 0.06172406
						-0.04459339 0.9970966 0.07126003 -0.02938991 0.9970247 0.07124495
						-0.02941185 0.9970251 0.07157224 -0.02730506 0.9970617 0.07299214
						-0.02570521 0.9970012 0.07328373 -0.02332466 0.9970384 0.07373267
						-0.02155858 0.997045 0.07373237 -0.02346718 0.9970019 0.07415294 -0.0219314
						0.9970057 0.07376796 -0.02366375 0.9969947 0.07448107 -0.02192658 0.9969813
						0.07471072 -0.01929968 0.9970186 0.07572752 -0.01797354 0.9969667 0.07587492
						-0.01503419 0.997004 0.07653361 -0.01394087 0.9969696 0.07635986 -0.01524966
						0.9969637 0.07669067 -0.01397901 0.996957 0.07685339 -0.01070374 0.996985
						0.07660102 -0.0110622 0.9970005 0.07772558 -0.008561074 0.9969381 0.07732766
						-0.006407022 0.9969853 0.07804954 -0.00441271 0.9969397 0.07797926
						-0.006016075 0.9969369 0.07811343 -0.004502177 0.9969343 0.07760244
						-0.002163171 0.996982 0.07826364 -3.70208e-4 0.9969326 0.07826358 -3.3686e-4
						0.9969327 0.07762175 0.002168834 0.9969806 0.07813835 0.003743052 0.9969355
						0.07792675 0.006167709 0.99694 0.07803553 0.003698706 0.9969438 0.07731294
						0.006589531 0.9969851 0.07771158 0.007826685 0.9969452 0.07690036 0.0105741
						0.9969827 0.07670426 0.01093995 0.9969938 0.07690829 0.01333475 0.996949
						0.07641643 0.01559817 0.996954 0.07672119 0.01327621 0.9969642 0.07583045
						0.01516121 0.9970055 0.07594054 0.01729851 0.9969623 0.07469773 0.01931548
						0.9970192 0.07472819 0.02118933 0.9969789 0.07373803 0.02361452 0.9969981
						0.07431924 0.02100104 0.9970133 0.07364803 0.02345085 0.9970086 0.07364743
						0.02085757 0.9970662 0.07328712 0.02338272 0.9970368 0.07325202 0.02505433
						0.9969988 0.071536 0.02743887 0.9970605 0.07150268 0.02875834 0.9970258
						0.06984239 0.03163576 0.9970564 0.07088178 0.02838289 0.9970809 0.06956636
						0.03140854 0.9970828 0.05591791 0.04825007 0.9972689 0.05806344 0.04407864
						0.9973393 0.05800706 0.04412603 0.9973405 0.063793 0.04318904 0.9970282
						0.0448752 0.0774157 0.9959885 0.02143186 0.09926158 0.9948306 0.01525342
						0.09920608 0.9949501 0.06959676 0.03093969 0.9970954 0.06889551 0.03365737
						0.997056 0.0672633 0.03506976 0.9971188 0.06666404 0.03710448 0.9970853
						0.06520944 0.03887307 0.9971141 0.06612902 0.03668338 0.9971366 0.06479769
						0.03862577 0.9971506 0.0642184 0.04036408 0.9971193 0.0621398 0.04193282
						0.9971862 0.06134265 0.04331451 0.9971765 0.06152606 0.0431953 0.9971704
						0.06152337 0.04369473 0.9971488 0.02143204 0.09924101 0.9948326 0.02289563
						0.101974 0.9945236 0.03155702 0.07405161 0.996755 0.02895689 0.07164752
						0.9970097 0.01431816 0.09786093 0.9950972 0.01431876 0.06321275 0.9978974
						0.03248035 0.06318575 0.9974731 0.0377838 0.05972689 0.9974994 0.04073476
						0.05890715 0.997432 0.04160654 0.05787187 0.9974567 0.04443204 0.05708467
						0.9973801 0.04549151 0.05581277 0.9974043 0.04725444 0.05398273 0.9974232
						0.04563313 0.05600672 0.9973871 0.04798448 0.05499738 0.9973329 0.04913246
						0.0535134 0.9973577 0.05137389 0.05271154 0.9972875 0.05261057 0.05098956
						0.9973125 0.05404198 0.04954898 0.9973086 0.05284219 0.05137962 0.9972802
						0.05459928 0.05023092 0.9972442 0.05595761 0.0482068 0.9972687 0.05625164
						0.04788577 0.9972677 0.05591803 0.04841834 0.9972606 0.05763173 0.04840987
						0.9971635 0.06129145 0.04830032 0.9969506 0.01344931 2.51513e-4 0.9999095
						0.0140776 -8.89211e-4 0.9999005 0.06151914 -0.04869484 0.9969174 0.05970966
						-0.04870027 0.9970271 0.05595451 -0.04834377 0.9972623 0.05586832
						-0.04845976 0.9972615 0.05618107 -0.04817801 0.9972575 0.05405169
						-0.05060023 0.9972553 0.05298238 -0.05123776 0.9972801 0.05371856
						-0.05012029 0.9972975 0.05266749 -0.05097657 0.9973102 0.05079239
						-0.05310553 0.9972963 0.04914504 -0.05351662 0.9973569 0.04739117
						-0.05536758 0.9973408 0.04567199 -0.05610269 0.9973799 0.04686117
						-0.05461442 0.9974073 0.04555284 -0.05572533 0.9974065 0.0438075 -0.05744099
						0.9973873 0.04175454 -0.05779844 0.9974547 0.04044479 -0.05900466 0.9974381
						0.03783345 -0.05962467 0.9975037 0.02134585 -0.07036459 0.9972929 0.09672969
						-0.06288909 0.993322 0.09668487 -0.0974664 0.9905314 0.01431471 -0.09791445
						0.9950919 0.02897495 -0.0716651 0.9970079 0.1519733 0.9883847 0 0.1519732
						0.9883847 0 0.1519733 -0.9883846 0 0.1519733 -0.9883847 0 0 0 -1 0.998546
						0.0539081 3.57776e-4 0.9985455 -0.05390805 9.37606e-4 0.9873839 -0.1583428
						8.43215e-4 0.9985794 0.05328118 5.49092e-4 0.998481 -0.05509281 5.79362e-4
						-3.58387e-7 0 1 4.20621e-7 0 1 4.20616e-7 0 1 0 0 1 -2.13822e-7 0 1
						6.44569e-7 0 1 2.57833e-6 0 1 -2.57828e-6 0 1 -2.02552e-7 0 1 -2.59894e-7 0
						1 -1.2235e-7 0 1 1.29579e-7 0 1 -1.4601e-7 0 1 0 0 1 6.44516e-7 0 1
						-1.28915e-6 0 1 6.44617e-7 0 1 1.28917e-6 0 1 -1.61154e-6 0 1 2.57828e-6 0 1
						-6.44569e-7 0 1 1.51321e-7 0 -1 2.04995e-7 0 -1 1.25973e-7 0 -1 0 0 -1 0 0
						-1 0 0 -1 0 0 -1 0 0 -1 -4.99749e-7 0 -1</float_array>
					<technique_common>
						<accessor source="#Mesh_001-mesh-normals-array" count="3463" stride="3">
							<param name="X" type="float" />
							<param name="Y" type="float" />
							<param name="Z" type="float" />
						</accessor>
					</technique_common>
				</source>
				<source id="Mesh_001-mesh-map-0">
					<float_array id="Mesh_001-mesh-map-0-array" count="22560">0.31273 0.9563 0.31274
						0.97026 0.24331 0.97048 0.24329 0.9456 0.31273 0.9563 0.24331 0.97048
						0.31273 0.94544 0.31273 0.9563 0.24329 0.9456 0.31272 0.93867 0.31273
						0.94544 0.24329 0.9456 0.2433 0.9218 0.31272 0.93867 0.24329 0.9456 0.31273
						0.92156 0.31272 0.93867 0.2433 0.9218 0.31273 0.92145 0.31273 0.92156 0.2433
						0.9218 0.31275 0.90508 0.31273 0.92145 0.2433 0.9218 0.2433199 0.90075
						0.31275 0.90508 0.2433 0.9218 0.31276 0.89882 0.31275 0.90508 0.2433199
						0.90075 0.31278 0.88932 0.31276 0.89882 0.2433199 0.90075 0.2433699 0.87767
						0.31278 0.88932 0.2433199 0.90075 0.31281 0.87752 0.31278 0.88932 0.2433699
						0.87767 0.31282 0.87436 0.31281 0.87752 0.2433699 0.87767 0.24344 0.85808
						0.31282 0.87436 0.2433699 0.87767 0.31287 0.86028 0.31282 0.87436 0.24344
						0.85808 0.001259982 0.857 0.001049995 0.83744 0.07056999 0.84545 0.07068997
						0.85672 0.001259982 0.857 0.07056999 0.84545 0.07071995 0.85917 0.001259982
						0.857 0.07068997 0.85672 6.9e-4 0.7935 0.07011997 0.79321 0.07015997 0.79913
						0.07028996 0.81535 6.9e-4 0.7935 0.07015997 0.79913 8.7e-4 0.81767 6.9e-4
						0.7935 0.07028996 0.81535 0.07028996 0.81597 8.7e-4 0.81767 0.07028996
						0.81535 0.07042998 0.83082 8.7e-4 0.81767 0.07028996 0.81597 0.001049995
						0.83744 8.7e-4 0.81767 0.07042998 0.83082 0.07049 0.83712 0.001049995
						0.83744 0.07042998 0.83082 0.07056999 0.84545 0.001049995 0.83744 0.07049
						0.83712 0.07003998 0.78226 0.07011997 0.79321 6.9e-4 0.7935 5.3e-4 0.76959
						0.07003998 0.78226 6.9e-4 0.7935 0.06995999 0.76932 0.07003998 0.78226
						5.3e-4 0.76959 0.06992995 0.76482 0.06995999 0.76932 5.3e-4 0.76959 3.8e-4
						0.74472 0.06992995 0.76482 5.3e-4 0.76959 0.06983 0.74691 0.06992995 0.76482
						3.8e-4 0.74472 3.8e-4 0.74472 2.6e-4 0.71917 0.06973999 0.72863 0.06981998
						0.74449 3.8e-4 0.74472 0.06973999 0.72863 0.06983 0.74691 3.8e-4 0.74472
						0.06981998 0.74449 1.6e-4 0.69321 0.06958997 0.69138 0.06959998 0.69299
						0.06966 0.71008 1.6e-4 0.69321 0.06959998 0.69299 2.6e-4 0.71917 1.6e-4
						0.69321 0.06966 0.71008 0.0697 0.71893 2.6e-4 0.71917 0.06966 0.71008
						0.06973999 0.72863 2.6e-4 0.71917 0.0697 0.71893 0.06952995 0.67261
						0.06958997 0.69138 1.6e-4 0.69321 9e-5 0.66778 0.06952995 0.67261 1.6e-4
						0.69321 0.06951999 0.66691 0.06952995 0.67261 9e-5 0.66778 0.06948995
						0.65389 0.06951999 0.66691 9e-5 0.66778 3e-5 0.64052 0.06948995 0.65389 9e-5
						0.66778 0.06946998 0.64098 0.06948995 0.65389 3e-5 0.64052 0.06945997
						0.63532 0.06946998 0.64098 3e-5 0.64052 0 0.61566 0.06945997 0.63532 3e-5
						0.64052 0.06944 0.617 0.06945997 0.63532 0 0.61566 0 0.61566 0 0.58605
						0.06942999 0.59904 0.06944 0.61546 0 0.61566 0.06942999 0.59904 0.06944
						0.617 0 0.61566 0.06944 0.61546 6e-5 0.5444 0.06948995 0.54425 0.06948
						0.54827 0.06944996 0.56458 6e-5 0.5444 0.06948 0.54827 10e-6 0.56701 6e-5
						0.5444 0.06944996 0.56458 0.06944996 0.56683 10e-6 0.56701 0.06944996
						0.56458 0 0.58605 10e-6 0.56701 0.06944996 0.56683 0.06942999 0.58153 0
						0.58605 0.06944996 0.56683 0.06942999 0.59069 0 0.58605 0.06942999 0.58153
						0.06942999 0.59904 0 0.58605 0.06942999 0.59069 0.06951999 0.5327 0.06948995
						0.54425 6e-5 0.5444 1.2e-4 0.52326 0.06951999 0.5327 6e-5 0.5444 0.06955999
						0.52314 0.06951999 0.5327 1.2e-4 0.52326 0.06957995 0.51796 0.06955999
						0.52314 1.2e-4 0.52326 2.2e-4 0.5026 0.06957995 0.51796 1.2e-4 0.52326
						0.06963998 0.50412 0.06957995 0.51796 2.2e-4 0.5026 0.48127 0.96061 0.48128
						0.96115 0.41182 0.95952 0.48114 0.94755 0.48127 0.96061 0.41182 0.95952
						0.41165 0.94163 0.48114 0.94755 0.41182 0.95952 0.48108 0.9413 0.48114
						0.94755 0.41165 0.94163 0.481 0.93303 0.48108 0.9413 0.41165 0.94163 0.41147
						0.92069 0.481 0.93303 0.41165 0.94163 0.4809 0.92041 0.481 0.93303 0.41147
						0.92069 0.48088 0.91766 0.4809 0.92041 0.41147 0.92069 0.4113 0.89825
						0.48088 0.91766 0.41147 0.92069 0.48076 0.90153 0.48088 0.91766 0.4113
						0.89825 0.4113 0.89825 0.41113 0.87258 0.48064 0.88473 0.48073 0.89797
						0.4113 0.89825 0.48064 0.88473 0.48076 0.90153 0.4113 0.89825 0.48073
						0.89797 0.41089 0.8244 0.48032 0.82415 0.48035 0.83126 0.48044 0.8495
						0.41089 0.8244 0.48035 0.83126 0.41101 0.84984 0.41089 0.8244 0.48044 0.8495
						0.48044 0.84962 0.41101 0.84984 0.48044 0.8495 0.41113 0.87258 0.41101
						0.84984 0.48044 0.84962 0.48054 0.86736 0.41113 0.87258 0.48044 0.84962
						0.48058 0.87426 0.41113 0.87258 0.48054 0.86736 0.48064 0.88473 0.41113
						0.87258 0.48058 0.87426 0.48027 0.81275 0.48032 0.82415 0.41089 0.8244
						0.41079 0.79849 0.48027 0.81275 0.41089 0.8244 0.48022 0.79828 0.48027
						0.81275 0.41079 0.79849 0.58353 0.55018 0.59104 0.54696 0.58475 0.55174
						0.07343 0.53308 0.07146 0.54835 0.0715 0.5328 0.48225 0.81272 0.48032
						0.82415 0.48027 0.81275 0.48242 0.84945 0.48044 0.84962 0.48044 0.8495
						0.07141 0.58159 0.06942999 0.59069 0.06942999 0.58153 0.07141 0.59909
						0.06944 0.61546 0.06942999 0.59904 0.07141 0.61704 0.06945997 0.63532
						0.06944 0.617 0.07146996 0.6539 0.06951999 0.66691 0.06948995 0.65389
						0.07150995 0.67261 0.06958997 0.69138 0.06952995 0.67261 0.07163995 0.71006
						0.0697 0.71893 0.06966 0.71008 0.07172 0.72859 0.06981998 0.74449 0.06973999
						0.72863 0.07181 0.74686 0.06992995 0.76482 0.06983 0.74691 0.07201999
						0.78219 0.07011997 0.79321 0.07003998 0.78226 0.07213997 0.79905 0.07028996
						0.81535 0.07015997 0.79913 0.07239997 0.83072 0.07049 0.83712 0.07042998
						0.83082 0.07253998 0.84534 0.07068997 0.85672 0.07056999 0.84545 0.31484
						0.86039 0.31282 0.87436 0.31287 0.86028 0.31475 0.88941 0.31276 0.89882
						0.31278 0.88932 0.31473 0.90516 0.31273 0.92145 0.31275 0.90508 0.31471
						0.92163 0.31272 0.93867 0.31273 0.92156 0.67744 0.97554 0.68575 0.97732
						0.68576 0.97736 0.67701 0.97739 0.68645 0.97932 0.68649 0.97944 0.68547
						0.50375 0.67837 0.50531 0.67793 0.50336 0.68625 0.50156 0.68547 0.50375
						0.67793 0.50336 0.68633 0.50134 0.68625 0.50156 0.67793 0.50336 0.6775
						0.5015 0.68633 0.50134 0.67793 0.50336 0.68698 0.49948 0.68633 0.50134
						0.6775 0.5015 0.68711 0.49912 0.68698 0.49948 0.6775 0.5015 0.67711 0.49978
						0.68711 0.49912 0.6775 0.5015 0.68733 0.4985 0.68711 0.49912 0.67711 0.49978
						0.67711 0.49978 0.67675 0.49824 0.68798 0.49666 0.68766 0.49757 0.67711
						0.49978 0.68798 0.49666 0.68733 0.4985 0.67711 0.49978 0.68766 0.49757
						0.48769 0.8124 0.48763 0.79954 0.48826 0.79979 0.48845 0.79988 0.48769
						0.8124 0.48826 0.79979 0.48918 0.81223 0.48769 0.8124 0.48845 0.79988
						0.68826 0.49585 0.67675 0.49824 0.68852 0.49509 0.68798 0.49666 0.67675
						0.49824 0.68826 0.49585 0.48735 0.79943 0.48763 0.79954 0.48769 0.8124
						0.48601 0.81255 0.48735 0.79943 0.48769 0.8124 0.48595 0.799 0.48735 0.79943
						0.48601 0.81255 0.48581 0.79895 0.48595 0.799 0.48601 0.81255 0.48418
						0.81265 0.48581 0.79895 0.48601 0.81255 0.48523 0.79881 0.48581 0.79895
						0.48418 0.81265 0.48418 0.81265 0.48225 0.81272 0.48361 0.79851 0.48412
						0.79861 0.48418 0.81265 0.48361 0.79851 0.48523 0.79881 0.48418 0.81265
						0.48412 0.79861 0.48027 0.81275 0.48022 0.79828 0.48123 0.79829 0.48195
						0.79833 0.48027 0.81275 0.48123 0.79829 0.48225 0.81272 0.48027 0.81275
						0.48195 0.79833 0.4822 0.79836 0.48225 0.81272 0.48195 0.79833 0.48361
						0.79851 0.48225 0.81272 0.4822 0.79836 0.31443 0.97022 0.31274 0.97026
						0.31273 0.9563 0.31471 0.95634 0.31443 0.97022 0.31273 0.9563 0.31471 0.9702
						0.31443 0.97022 0.31471 0.95634 0.31663 0.95649 0.3174 0.96996 0.31664
						0.97004 0.3157 0.97014 0.31663 0.95649 0.31664 0.97004 0.3174 0.96996
						0.31846 0.95673 0.31846 0.96979 0.31987 0.96953 0.31903 0.9697 0.32014
						0.95706 0.32014 0.96946 0.31987 0.96953 0.32014 0.95706 0.67625 0.98065
						0.68728 0.98169 0.68776 0.98308 0.68786 0.98337 0.67625 0.98065 0.68776
						0.98308 0.07146 0.54835 0.06944996 0.56458 0.06948 0.54827 0.06948995
						0.54425 0.07146 0.54835 0.06948 0.54827 0.0715 0.5328 0.07146 0.54835
						0.06948995 0.54425 0.06951999 0.5327 0.0715 0.5328 0.06948995 0.54425
						0.06955999 0.52314 0.0715 0.5328 0.06951999 0.5327 0.48127 0.96061 0.48325
						0.96102 0.48128 0.96115 0.48108 0.9413 0.48311 0.94744 0.48114 0.94755
						0.4809 0.92041 0.48298 0.93292 0.481 0.93303 0.48073 0.89797 0.48273 0.90145
						0.48076 0.90153 0.48262 0.88466 0.48073 0.89797 0.48064 0.88473 0.48058
						0.87426 0.48262 0.88466 0.48064 0.88473 0.48251 0.86729 0.48058 0.87426
						0.48054 0.86736 0.48044 0.84962 0.48251 0.86729 0.48054 0.86736 0.48233
						0.83122 0.48044 0.8495 0.48035 0.83126 0.48032 0.82415 0.48233 0.83122
						0.48035 0.83126 0.07347995 0.51837 0.07530999 0.51888 0.07343 0.53308 0.0715
						0.5328 0.07347995 0.51837 0.07343 0.53308 0.07154995 0.51806 0.07347995
						0.51837 0.0715 0.5328 0.06955999 0.52314 0.07154995 0.51806 0.0715 0.5328
						0.06957995 0.51796 0.07154995 0.51806 0.06955999 0.52314 0.07537996 0.50513
						0.07705998 0.50589 0.07530999 0.51888 0.07347995 0.51837 0.07537996 0.50513
						0.07530999 0.51888 0.07354998 0.50457 0.07537996 0.50513 0.07347995 0.51837
						0.07154995 0.51806 0.07354998 0.50457 0.07347995 0.51837 0.07161998 0.50423
						0.07354998 0.50457 0.07154995 0.51806 0.06957995 0.51796 0.07161998 0.50423
						0.07154995 0.51806 0.06963998 0.50412 0.07161998 0.50423 0.06957995 0.51796
						0.55296 0.57029 0.55395 0.57121 0.54117 0.58437 0.487 0.96009 0.48854
						0.94584 0.48868 0.9593 0.48686 0.94657 0.48854 0.94584 0.487 0.96009 0.48518
						0.96067 0.48686 0.94657 0.487 0.96009 0.48504 0.94711 0.48686 0.94657
						0.48518 0.96067 0.48325 0.96102 0.48504 0.94711 0.48518 0.96067 0.48311
						0.94744 0.48504 0.94711 0.48325 0.96102 0.48127 0.96061 0.48311 0.94744
						0.48325 0.96102 0.48114 0.94755 0.48311 0.94744 0.48127 0.96061 0.56667
						0.55814 0.56773 0.5593 0.55395 0.57121 0.55296 0.57029 0.56667 0.55814
						0.55395 0.57121 0.56575 0.55714 0.56667 0.55814 0.55296 0.57029 0.48686
						0.94657 0.48841 0.93147 0.48854 0.94584 0.48673 0.93213 0.48841 0.93147
						0.48686 0.94657 0.48504 0.94711 0.48673 0.93213 0.48686 0.94657 0.48491
						0.93262 0.48673 0.93213 0.48504 0.94711 0.48311 0.94744 0.48491 0.93262
						0.48504 0.94711 0.48298 0.93292 0.48491 0.93262 0.48311 0.94744 0.48108
						0.9413 0.48298 0.93292 0.48311 0.94744 0.481 0.93303 0.48298 0.93292 0.48108
						0.9413 0.67661 0.97912 0.68719 0.98142 0.68728 0.98169 0.67625 0.98065
						0.67661 0.97912 0.68728 0.98169 0.65936 0.9743 0.67661 0.97912 0.67625
						0.98065 0.58128 0.54731 0.58236 0.54869 0.56773 0.5593 0.56667 0.55814
						0.58128 0.54731 0.56773 0.5593 0.5803 0.54607 0.58128 0.54731 0.56667
						0.55814 0.56575 0.55714 0.5803 0.54607 0.56667 0.55814 0.57946 0.54502
						0.5803 0.54607 0.56575 0.55714 0.48673 0.93213 0.48828 0.91626 0.48841
						0.93147 0.48661 0.91685 0.48828 0.91626 0.48673 0.93213 0.48491 0.93262
						0.48661 0.91685 0.48673 0.93213 0.48478 0.91729 0.48661 0.91685 0.48491
						0.93262 0.48298 0.93292 0.48478 0.91729 0.48491 0.93262 0.48285 0.91757
						0.48478 0.91729 0.48298 0.93292 0.4809 0.92041 0.48285 0.91757 0.48298
						0.93292 0.48088 0.91766 0.48285 0.91757 0.4809 0.92041 0.67701 0.97739
						0.68649 0.97944 0.68719 0.98142 0.67661 0.97912 0.67701 0.97739 0.68719
						0.98142 0.65988 0.97261 0.67701 0.97739 0.67661 0.97912 0.65936 0.9743
						0.65988 0.97261 0.67661 0.97912 0.64314 0.96653 0.65988 0.97261 0.65936
						0.9743 0.59664 0.53786 0.59769 0.53943 0.58236 0.54869 0.58128 0.54731
						0.59664 0.53786 0.58236 0.54869 0.59565 0.5364 0.59664 0.53786 0.58128
						0.54731 0.5803 0.54607 0.59565 0.5364 0.58128 0.54731 0.59477 0.53509
						0.59565 0.5364 0.5803 0.54607 0.57946 0.54502 0.59477 0.53509 0.5803 0.54607
						0.59401 0.53397 0.59477 0.53509 0.57946 0.54502 0.48661 0.91685 0.48816
						0.90029 0.48828 0.91626 0.48649 0.90082 0.48816 0.90029 0.48661 0.91685
						0.48478 0.91729 0.48649 0.90082 0.48661 0.91685 0.48466 0.90121 0.48649
						0.90082 0.48478 0.91729 0.48285 0.91757 0.48466 0.90121 0.48478 0.91729
						0.48273 0.90145 0.48466 0.90121 0.48285 0.91757 0.48088 0.91766 0.48273
						0.90145 0.48285 0.91757 0.48076 0.90153 0.48273 0.90145 0.48088 0.91766
						0.67744 0.97554 0.68576 0.97736 0.68645 0.97932 0.67701 0.97739 0.67744
						0.97554 0.68645 0.97932 0.66044 0.97079 0.67744 0.97554 0.67701 0.97739
						0.65988 0.97261 0.66044 0.97079 0.67701 0.97739 0.64384 0.96476 0.66044
						0.97079 0.65988 0.97261 0.64314 0.96653 0.64384 0.96476 0.65988 0.97261
						0.62771 0.95747 0.64384 0.96476 0.64314 0.96653 0.59728 0.9393 0.59065
						0.93175 0.59839 0.93765 0.61217 0.94897 0.59728 0.9393 0.59839 0.93765
						0.61123 0.95061 0.59728 0.9393 0.61217 0.94897 0.6269 0.95918 0.61123
						0.95061 0.61217 0.94897 0.62613 0.96077 0.61123 0.95061 0.6269 0.95918
						0.6425 0.96817 0.62613 0.96077 0.6269 0.95918 0.64192 0.96964 0.62613
						0.96077 0.6425 0.96817 0.65888 0.97581 0.64192 0.96964 0.6425 0.96817
						0.32014 0.9396 0.32164 0.92327 0.32163 0.94011 0.32014 0.95706 0.32014
						0.9396 0.32163 0.94011 0.31846 0.95673 0.32014 0.9396 0.32014 0.95706
						0.31903 0.9697 0.31846 0.95673 0.32014 0.95706 0.31846 0.96979 0.31846
						0.95673 0.31903 0.9697 0.58197 0.93 0.56982 0.91668 0.58314 0.92851 0.59622
						0.94087 0.58197 0.93 0.58314 0.92851 0.59524 0.94232 0.58197 0.93 0.59622
						0.94087 0.61035 0.95214 0.59524 0.94232 0.59622 0.94087 0.60956 0.95351
						0.59524 0.94232 0.61035 0.95214 0.62545 0.96219 0.60956 0.95351 0.61035
						0.95214 0.62485 0.96341 0.60956 0.95351 0.62545 0.96219 0.64141 0.9709
						0.62485 0.96341 0.62545 0.96219 0.31846 0.92219 0.32016 0.90636 0.32015
						0.92267 0.31846 0.9392 0.31846 0.92219 0.32015 0.92267 0.31663 0.9389
						0.31846 0.92219 0.31846 0.9392 0.31663 0.95649 0.31663 0.9389 0.31846 0.9392
						0.31471 0.95634 0.31663 0.9389 0.31663 0.95649 0.3157 0.97014 0.31471
						0.95634 0.31663 0.95649 0.31471 0.9702 0.31471 0.95634 0.3157 0.97014 0.3147
						0.93872 0.31273 0.94544 0.31272 0.93867 0.31471 0.92163 0.3147 0.93872
						0.31272 0.93867 0.31664 0.92184 0.3147 0.93872 0.31471 0.92163 0.31665
						0.9054 0.31664 0.92184 0.31471 0.92163 0.31848 0.90581 0.31664 0.92184
						0.31665 0.9054 0.31851 0.89013 0.31848 0.90581 0.31665 0.9054 0.32019
						0.89075 0.31848 0.90581 0.31851 0.89013 0.32023 0.87594 0.32019 0.89075
						0.31851 0.89013 0.59435 0.94363 0.60888 0.95468 0.59359 0.94474 0.5799
						0.93261 0.59435 0.94363 0.59359 0.94474 0.58088 0.93138 0.59435 0.94363
						0.5799 0.93261 0.56736 0.91936 0.58088 0.93138 0.5799 0.93261 0.56854
						0.91807 0.58088 0.93138 0.56736 0.91936 0.55602 0.90515 0.56854 0.91807
						0.56736 0.91936 0.5574 0.90386 0.56854 0.91807 0.55602 0.90515 0.54594
						0.89012 0.5574 0.90386 0.55602 0.90515 0.54747 0.88888 0.5574 0.90386
						0.54594 0.89012 0.54304 0.88269 0.54747 0.88888 0.54594 0.89012 0.31473
						0.90516 0.31275 0.90508 0.31276 0.89882 0.31475 0.88941 0.31473 0.90516
						0.31276 0.89882 0.31668 0.88968 0.31473 0.90516 0.31475 0.88941 0.31672
						0.87476 0.31668 0.88968 0.31475 0.88941 0.31855 0.87526 0.31668 0.88968
						0.31672 0.87476 0.3186 0.86126 0.31855 0.87526 0.31672 0.87476 0.32028
						0.86201 0.31855 0.87526 0.3186 0.86126 0.07796996 0.84376 0.07811999 0.85734
						0.07644999 0.85812 0.5663 0.92052 0.57906 0.93367 0.56538 0.92151 0.5536
						0.90742 0.5663 0.92052 0.56538 0.92151 0.55475 0.90635 0.5663 0.92052 0.5536
						0.90742 0.54312 0.89241 0.55475 0.90635 0.5536 0.90742 0.54448 0.89131
						0.55475 0.90635 0.54312 0.89241 0.53397 0.87662 0.54448 0.89131 0.54312
						0.89241 0.53551 0.87555 0.54448 0.89131 0.53397 0.87662 0.52617 0.86021
						0.53551 0.87555 0.53397 0.87662 0.31479 0.87445 0.31281 0.87752 0.31282
						0.87436 0.31484 0.86039 0.31479 0.87445 0.31282 0.87436 0.31677 0.86072
						0.31479 0.87445 0.31484 0.86039 0.07446998 0.84501 0.07462 0.85869
						0.07268995 0.85905 0.07629996 0.84448 0.07462 0.85869 0.07446998 0.84501
						0.07615 0.82993 0.07629996 0.84448 0.07446998 0.84501 0.07782995 0.82928
						0.07629996 0.84448 0.07615 0.82993 0.07769995 0.81397 0.07782995 0.82928
						0.07615 0.82993 0.5419 0.89339 0.55262 0.90834 0.54085 0.89423 0.53124
						0.8785 0.5419 0.89339 0.54085 0.89423 0.53253 0.87761 0.5419 0.89339 0.53124
						0.8785 0.52305 0.86204 0.53253 0.87761 0.53124 0.8785 0.52456 0.86116
						0.53253 0.87761 0.52305 0.86204 0.51629 0.84503 0.52456 0.86116 0.52305
						0.86204 0.51798 0.84421 0.52456 0.86116 0.51629 0.84503 0.51096 0.82762
						0.51798 0.84421 0.51629 0.84503 0.51278 0.8269 0.51798 0.84421 0.51096
						0.82762 0.50993 0.81849 0.51278 0.8269 0.51096 0.82762 0.07253998 0.84534
						0.07056999 0.84545 0.07049 0.83712 0.07239997 0.83072 0.07253998 0.84534
						0.07049 0.83712 0.07432997 0.83042 0.07253998 0.84534 0.07239997 0.83072
						0.07418996 0.81499 0.07432997 0.83042 0.07239997 0.83072 0.07602 0.81456
						0.07432997 0.83042 0.07418996 0.81499 0.07589 0.79843 0.07602 0.81456
						0.07418996 0.81499 0.07756996 0.79791 0.07602 0.81456 0.07589 0.79843
						0.07744997 0.78121 0.07756996 0.79791 0.07589 0.79843 0.07893997 0.78066
						0.07756996 0.79791 0.07744997 0.78121 0.07883 0.76348 0.07893997 0.78066
						0.07744997 0.78121 0.51473 0.8458 0.5217 0.86283 0.51333 0.84648 0.50761
						0.82896 0.51473 0.8458 0.51333 0.84648 0.50922 0.82831 0.51473 0.8458
						0.50761 0.82896 0.50339 0.8111 0.50922 0.82831 0.50761 0.82896 0.50517
						0.81054 0.50922 0.82831 0.50339 0.8111 0.50064 0.79307 0.50517 0.81054
						0.50339 0.8111 0.07239997 0.83072 0.07042998 0.83082 0.07028996 0.81597
						0.07226997 0.81526 0.07239997 0.83072 0.07028996 0.81597 0.07418996 0.81499
						0.07239997 0.83072 0.07226997 0.81526 0.07405996 0.79881 0.07418996 0.81499
						0.07226997 0.81526 0.07589 0.79843 0.07418996 0.81499 0.07405996 0.79881
						0.07576996 0.78165 0.07589 0.79843 0.07405996 0.79881 0.07744997 0.78121
						0.07589 0.79843 0.07576996 0.78165 0.07734 0.76394 0.07744997 0.78121
						0.07576996 0.78165 0.07883 0.76348 0.07744997 0.78121 0.07734 0.76394
						0.07872998 0.74585 0.07883 0.76348 0.07734 0.76394 0.50761 0.82896 0.51333
						0.84648 0.50616 0.82953 0.50173 0.81162 0.50761 0.82896 0.50616 0.82953
						0.50339 0.8111 0.50761 0.82896 0.50173 0.81162 0.49882 0.79349 0.50339
						0.8111 0.50173 0.81162 0.50064 0.79307 0.50339 0.8111 0.49882 0.79349
						0.49739 0.7753 0.50064 0.79307 0.49882 0.79349 0.07226997 0.81526 0.07028996
						0.81597 0.07028996 0.81535 0.07213997 0.79905 0.07226997 0.81526 0.07028996
						0.81535 0.07405996 0.79881 0.07226997 0.81526 0.07213997 0.79905 0.07394999
						0.78198 0.07405996 0.79881 0.07213997 0.79905 0.07576996 0.78165 0.07405996
						0.79881 0.07394999 0.78198 0.07565999 0.76431 0.07576996 0.78165 0.07394999
						0.78198 0.07734 0.76394 0.07576996 0.78165 0.07565999 0.76431 0.07723999
						0.74621 0.07734 0.76394 0.07565999 0.76431 0.07872998 0.74585 0.07734
						0.76394 0.07723999 0.74621 0.07863998 0.72786 0.07872998 0.74585 0.07723999
						0.74621 0.50173 0.81162 0.50616 0.82953 0.50025 0.81208 0.49713 0.79388
						0.50173 0.81162 0.50025 0.81208 0.49882 0.79349 0.50173 0.81162 0.49713
						0.79388 0.49555 0.77558 0.49882 0.79349 0.49713 0.79388 0.49739 0.7753
						0.49882 0.79349 0.49555 0.77558 0.49544 0.75732 0.49739 0.7753 0.49555
						0.77558 0.07201999 0.78219 0.07003998 0.78226 0.06995999 0.76932 0.07190996
						0.76475 0.07201999 0.78219 0.06995999 0.76932 0.07383 0.76459 0.07201999
						0.78219 0.07190996 0.76475 0.07372999 0.74672 0.07383 0.76459 0.07190996
						0.76475 0.07555997 0.74651 0.07383 0.76459 0.07372999 0.74672 0.07546997
						0.72833 0.07555997 0.74651 0.07372999 0.74672 0.07714998 0.72812 0.07555997
						0.74651 0.07546997 0.72833 0.07706999 0.70976 0.07714998 0.72812 0.07546997
						0.72833 0.07855999 0.7096 0.07714998 0.72812 0.07706999 0.70976 0.07849997
						0.69119 0.07855999 0.7096 0.07706999 0.70976 0.49383 0.77584 0.49562 0.79423
						0.4923 0.77607 0.49185 0.75759 0.49383 0.77584 0.4923 0.77607 0.49358
						0.75746 0.49383 0.77584 0.49185 0.75759 0.49294 0.73925 0.49358 0.75746
						0.49185 0.75759 0.4948 0.73925 0.49358 0.75746 0.49294 0.73925 0.49548
						0.72118 0.4948 0.73925 0.49294 0.73925 0.49742 0.72133 0.4948 0.73925
						0.49548 0.72118 0.49836 0.71286 0.49742 0.72133 0.49548 0.72118 0.07181
						0.74686 0.06983 0.74691 0.06981998 0.74449 0.07172 0.72859 0.07181 0.74686
						0.06981998 0.74449 0.07363998 0.72849 0.07181 0.74686 0.07172 0.72859
						0.07355999 0.71 0.07363998 0.72849 0.07172 0.72859 0.07538998 0.7099
						0.07363998 0.72849 0.07355999 0.71 0.07532 0.6913 0.07538998 0.7099
						0.07355999 0.71 0.07700997 0.69125 0.07538998 0.7099 0.07532 0.6913
						0.07694995 0.67267 0.07700997 0.69125 0.07532 0.6913 0.07843995 0.67271
						0.07700997 0.69125 0.07694995 0.67267 0.07839995 0.65428 0.07843995 0.67271
						0.07694995 0.67267 0.4912 0.73925 0.4903 0.75771 0.48965 0.73925 0.49189
						0.7209 0.4912 0.73925 0.48965 0.73925 0.49362 0.72104 0.4912 0.73925 0.49189
						0.7209 0.49562 0.70293 0.49362 0.72104 0.49189 0.7209 0.49746 0.70322
						0.49362 0.72104 0.49562 0.70293 0.50075 0.68545 0.49746 0.70322 0.49562
						0.70293 0.07172 0.72859 0.06973999 0.72863 0.0697 0.71893 0.07163995 0.71006
						0.07172 0.72859 0.0697 0.71893 0.07355999 0.71 0.07172 0.72859 0.07163995
						0.71006 0.07349997 0.69134 0.07355999 0.71 0.07163995 0.71006 0.07532 0.6913
						0.07355999 0.71 0.07349997 0.69134 0.07526999 0.67264 0.07532 0.6913
						0.07349997 0.69134 0.07694995 0.67267 0.07532 0.6913 0.07526999 0.67264
						0.07690995 0.65414 0.07694995 0.67267 0.07526999 0.67264 0.07839995 0.65428
						0.07694995 0.67267 0.07690995 0.65414 0.07835996 0.636 0.07839995 0.65428
						0.07690995 0.65414 0.49189 0.7209 0.48965 0.73925 0.49034 0.72078 0.49391
						0.70266 0.49189 0.7209 0.49034 0.72078 0.49562 0.70293 0.49189 0.7209
						0.49391 0.70266 0.49893 0.68502 0.49562 0.70293 0.49391 0.70266 0.50075
						0.68545 0.49562 0.70293 0.49893 0.68502 0.50532 0.66799 0.50075 0.68545
						0.49893 0.68502 0.07163995 0.71006 0.06966 0.71008 0.06959998 0.69299
						0.07156997 0.69136 0.07163995 0.71006 0.06959998 0.69299 0.07349997 0.69134
						0.07163995 0.71006 0.07156997 0.69136 0.07343995 0.67262 0.07349997 0.69134
						0.07156997 0.69136 0.07526999 0.67264 0.07349997 0.69134 0.07343995 0.67262
						0.07521998 0.65403 0.07526999 0.67264 0.07343995 0.67262 0.07690995 0.65414
						0.07526999 0.67264 0.07521998 0.65403 0.07686996 0.63576 0.07690995 0.65414
						0.07521998 0.65403 0.07835996 0.636 0.07690995 0.65414 0.07686996 0.63576
						0.07833999 0.61796 0.07835996 0.636 0.07686996 0.63576 0.49391 0.70266
						0.49034 0.72078 0.49237 0.70243 0.49724 0.68463 0.49391 0.70266 0.49237
						0.70243 0.49893 0.68502 0.49391 0.70266 0.49724 0.68463 0.50354 0.66742
						0.49893 0.68502 0.49724 0.68463 0.50532 0.66799 0.49893 0.68502 0.50354
						0.66742 0.51114 0.65092 0.50532 0.66799 0.50354 0.66742 0.07150995 0.67261
						0.06952995 0.67261 0.06951999 0.66691 0.07146996 0.6539 0.07150995 0.67261
						0.06951999 0.66691 0.07339 0.65395 0.07150995 0.67261 0.07146996 0.6539
						0.07335996 0.63543 0.07339 0.65395 0.07146996 0.6539 0.07519 0.63557 0.07339
						0.65395 0.07335996 0.63543 0.07516998 0.61735 0.07519 0.63557 0.07335996
						0.63543 0.07684999 0.61763 0.07519 0.63557 0.07516998 0.61735 0.07684999
						0.59985 0.07684999 0.61763 0.07516998 0.61735 0.07833999 0.60028 0.07684999
						0.61763 0.07684999 0.59985 0.07833999 0.58305 0.07833999 0.60028 0.07684999
						0.59985 0.50188 0.6669 0.49573 0.68428 0.5004 0.66643 0.50779 0.64958
						0.50188 0.6669 0.5004 0.66643 0.50941 0.65022 0.50188 0.6669 0.50779 0.64958
						0.51651 0.63352 0.50941 0.65022 0.50779 0.64958 0.51819 0.63435 0.50941
						0.65022 0.51651 0.63352 0.52642 0.61836 0.51819 0.63435 0.51651 0.63352
						0.52811 0.61936 0.51819 0.63435 0.52642 0.61836 0.53558 0.60715 0.52811
						0.61936 0.52642 0.61836 0.07142996 0.63534 0.06946998 0.64098 0.06945997
						0.63532 0.07141 0.61704 0.07142996 0.63534 0.06945997 0.63532 0.07333999
						0.61716 0.07142996 0.63534 0.07141 0.61704 0.07332998 0.59924 0.07333999
						0.61716 0.07141 0.61704 0.07515996 0.5995 0.07333999 0.61716 0.07332998
						0.59924 0.07516998 0.58209 0.07515996 0.5995 0.07332998 0.59924 0.07684999
						0.58252 0.07515996 0.5995 0.07516998 0.58209 0.07686996 0.56573 0.07684999
						0.58252 0.07516998 0.58209 0.07835996 0.56636 0.07684999 0.58252 0.07686996
						0.56573 0.51355 0.63206 0.50635 0.649 0.5051 0.6485 0.51495 0.63275 0.50635
						0.649 0.51355 0.63206 0.5233 0.61652 0.51495 0.63275 0.51355 0.63206 0.52481
						0.61741 0.51495 0.63275 0.5233 0.61652 0.53425 0.60197 0.52481 0.61741
						0.5233 0.61652 0.53579 0.60305 0.52481 0.61741 0.53425 0.60197 0.54625
						0.58849 0.53579 0.60305 0.53425 0.60197 0.07141 0.59909 0.06942999 0.59904
						0.06942999 0.59069 0.07141 0.58159 0.07141 0.59909 0.06942999 0.59069
						0.07333999 0.58178 0.07141 0.59909 0.07141 0.58159 0.07335996 0.56487
						0.07333999 0.58178 0.07141 0.58159 0.07519 0.56523 0.07333999 0.58178
						0.07335996 0.56487 0.07521998 0.54902 0.07519 0.56523 0.07335996 0.56487
						0.0769 0.54959 0.07519 0.56523 0.07521998 0.54902 0.07694 0.53418 0.0769
						0.54959 0.07521998 0.54902 0.52196 0.61573 0.51234 0.63148 0.5208 0.61505
						0.53153 0.60009 0.52196 0.61573 0.5208 0.61505 0.53282 0.60098 0.52196
						0.61573 0.53153 0.60009 0.54343 0.5862 0.53282 0.60098 0.53153 0.60009
						0.54479 0.58731 0.53282 0.60098 0.54343 0.5862 0.55637 0.57349 0.54479
						0.58731 0.54343 0.5862 0.55773 0.57478 0.54479 0.58731 0.55637 0.57349
						0.57018 0.56199 0.55773 0.57478 0.55637 0.57349 0.57151 0.56345 0.55773
						0.57478 0.57018 0.56199 0.58207 0.55411 0.57151 0.56345 0.57018 0.56199
						0.67788 0.97359 0.68499 0.97517 0.68575 0.97732 0.67744 0.97554 0.67788
						0.97359 0.68575 0.97732 0.66103 0.96889 0.67788 0.97359 0.67744 0.97554
						0.66044 0.97079 0.66103 0.96889 0.67744 0.97554 0.64456 0.9629 0.66103
						0.96889 0.66044 0.97079 0.64384 0.96476 0.64456 0.9629 0.66044 0.97079
						0.63835 0.9601 0.64456 0.9629 0.64384 0.96476 0.62771 0.95747 0.63835 0.9601
						0.64384 0.96476 0.62857 0.95567 0.63835 0.9601 0.62771 0.95747 0.61315
						0.94724 0.62857 0.95567 0.62771 0.95747 0.61217 0.94897 0.59839 0.93765
						0.61315 0.94724 0.62771 0.95747 0.61217 0.94897 0.61315 0.94724 0.6269
						0.95918 0.61217 0.94897 0.62771 0.95747 0.64314 0.96653 0.6269 0.95918
						0.62771 0.95747 0.6425 0.96817 0.6269 0.95918 0.64314 0.96653 0.65936 0.9743
						0.6425 0.96817 0.64314 0.96653 0.65888 0.97581 0.6425 0.96817 0.65936 0.9743
						0.67625 0.98065 0.65888 0.97581 0.65936 0.9743 0.32014 0.95706 0.32163
						0.94011 0.32163 0.95747 0.3214 0.96912 0.32014 0.95706 0.32163 0.95747
						0.32014 0.96946 0.32014 0.95706 0.3214 0.96912 0.31846 0.95673 0.3174
						0.96996 0.31663 0.95649 0.31846 0.9392 0.31846 0.95673 0.31663 0.95649
						0.32014 0.9396 0.31846 0.95673 0.31846 0.9392 0.32015 0.92267 0.32014 0.9396
						0.31846 0.9392 0.32164 0.92327 0.32014 0.9396 0.32015 0.92267 0.62545
						0.96219 0.64192 0.96964 0.64141 0.9709 0.62613 0.96077 0.64192 0.96964
						0.62545 0.96219 0.61035 0.95214 0.62613 0.96077 0.62545 0.96219 0.61123
						0.95061 0.62613 0.96077 0.61035 0.95214 0.59622 0.94087 0.61123 0.95061
						0.61035 0.95214 0.59728 0.9393 0.61123 0.95061 0.59622 0.94087 0.58314
						0.92851 0.59728 0.9393 0.59622 0.94087 0.59065 0.93175 0.59728 0.9393
						0.58314 0.92851 0.56982 0.91668 0.55883 0.90251 0.57115 0.91522 0.58169
						0.92458 0.56982 0.91668 0.57115 0.91522 0.58314 0.92851 0.56982 0.91668
						0.58169 0.92458 0.58436 0.92696 0.58314 0.92851 0.58169 0.92458 0.59065
						0.93175 0.58314 0.92851 0.58436 0.92696 0.31471 0.95634 0.31273 0.9563
						0.31273 0.94544 0.3147 0.93872 0.31471 0.95634 0.31273 0.94544 0.31663
						0.9389 0.31471 0.95634 0.3147 0.93872 0.31664 0.92184 0.31663 0.9389 0.3147
						0.93872 0.31846 0.92219 0.31663 0.9389 0.31664 0.92184 0.31848 0.90581
						0.31846 0.92219 0.31664 0.92184 0.32016 0.90636 0.31846 0.92219 0.31848
						0.90581 0.32019 0.89075 0.32016 0.90636 0.31848 0.90581 0.60956 0.95351
						0.62485 0.96341 0.60888 0.95468 0.59435 0.94363 0.60956 0.95351 0.60888
						0.95468 0.59524 0.94232 0.60956 0.95351 0.59435 0.94363 0.58088 0.93138
						0.59524 0.94232 0.59435 0.94363 0.58197 0.93 0.59524 0.94232 0.58088 0.93138
						0.56854 0.91807 0.58197 0.93 0.58088 0.93138 0.56982 0.91668 0.58197 0.93
						0.56854 0.91807 0.5574 0.90386 0.56982 0.91668 0.56854 0.91807 0.55883
						0.90251 0.56982 0.91668 0.5574 0.90386 0.54747 0.88888 0.55883 0.90251
						0.5574 0.90386 0.31471 0.92163 0.31273 0.92156 0.31273 0.92145 0.31473
						0.90516 0.31471 0.92163 0.31273 0.92145 0.31665 0.9054 0.31471 0.92163
						0.31473 0.90516 0.31668 0.88968 0.31665 0.9054 0.31473 0.90516 0.31851
						0.89013 0.31665 0.9054 0.31668 0.88968 0.31855 0.87526 0.31851 0.89013
						0.31668 0.88968 0.32023 0.87594 0.31851 0.89013 0.31855 0.87526 0.32028
						0.86201 0.32023 0.87594 0.31855 0.87526 0.5799 0.93261 0.59359 0.94474
						0.57906 0.93367 0.5663 0.92052 0.5799 0.93261 0.57906 0.93367 0.56736
						0.91936 0.5799 0.93261 0.5663 0.92052 0.55475 0.90635 0.56736 0.91936 0.5663
						0.92052 0.55602 0.90515 0.56736 0.91936 0.55475 0.90635 0.54448 0.89131
						0.55602 0.90515 0.55475 0.90635 0.54594 0.89012 0.55602 0.90515 0.54448
						0.89131 0.53551 0.87555 0.54594 0.89012 0.54448 0.89131 0.54304 0.88269
						0.54594 0.89012 0.53551 0.87555 0.52617 0.86021 0.51973 0.84335 0.52786
						0.85922 0.53531 0.87144 0.52617 0.86021 0.52786 0.85922 0.53551 0.87555
						0.52617 0.86021 0.53531 0.87144 0.53713 0.87443 0.53551 0.87555 0.53531
						0.87144 0.54304 0.88269 0.53551 0.87555 0.53713 0.87443 0.31475 0.88941
						0.31278 0.88932 0.31281 0.87752 0.31479 0.87445 0.31475 0.88941 0.31281
						0.87752 0.31672 0.87476 0.31475 0.88941 0.31479 0.87445 0.31677 0.86072
						0.31672 0.87476 0.31479 0.87445 0.3186 0.86126 0.31672 0.87476 0.31677
						0.86072 0.07629996 0.84448 0.07644999 0.85812 0.07462 0.85869 0.07796996
						0.84376 0.07644999 0.85812 0.07629996 0.84448 0.07782995 0.82928 0.07796996
						0.84376 0.07629996 0.84448 0.5536 0.90742 0.56538 0.92151 0.55262 0.90834
						0.5419 0.89339 0.5536 0.90742 0.55262 0.90834 0.54312 0.89241 0.5536 0.90742
						0.5419 0.89339 0.53253 0.87761 0.54312 0.89241 0.5419 0.89339 0.53397
						0.87662 0.54312 0.89241 0.53253 0.87761 0.52456 0.86116 0.53397 0.87662
						0.53253 0.87761 0.52617 0.86021 0.53397 0.87662 0.52456 0.86116 0.51798
						0.84421 0.52617 0.86021 0.52456 0.86116 0.51973 0.84335 0.52617 0.86021
						0.51798 0.84421 0.51278 0.8269 0.51973 0.84335 0.51798 0.84421 0.07268995
						0.85905 0.07071995 0.85917 0.07068997 0.85672 0.07253998 0.84534 0.07268995
						0.85905 0.07068997 0.85672 0.07446998 0.84501 0.07268995 0.85905 0.07253998
						0.84534 0.07432997 0.83042 0.07446998 0.84501 0.07253998 0.84534 0.07615
						0.82993 0.07446998 0.84501 0.07432997 0.83042 0.07602 0.81456 0.07615
						0.82993 0.07432997 0.83042 0.07769995 0.81397 0.07615 0.82993 0.07602
						0.81456 0.07756996 0.79791 0.07769995 0.81397 0.07602 0.81456 0.53124 0.8785
						0.54085 0.89423 0.53014 0.87926 0.07893997 0.78066 0.07905995 0.79727
						0.07756996 0.79791 0.52305 0.86204 0.53124 0.8785 0.5217 0.86283 0.51473
						0.8458 0.52305 0.86204 0.5217 0.86283 0.51629 0.84503 0.52305 0.86204
						0.51473 0.8458 0.50922 0.82831 0.51629 0.84503 0.51473 0.8458 0.51096
						0.82762 0.51629 0.84503 0.50922 0.82831 0.50517 0.81054 0.51096 0.82762
						0.50922 0.82831 0.50993 0.81849 0.51096 0.82762 0.50517 0.81054 0.49544
						0.75732 0.49675 0.73926 0.49738 0.75718 0.4983 0.76565 0.49544 0.75732
						0.49738 0.75718 0.49739 0.7753 0.49544 0.75732 0.4983 0.76565 0.49932 0.775
						0.49739 0.7753 0.4983 0.76565 0.50064 0.79307 0.49739 0.7753 0.49932 0.775
						0.50254 0.79263 0.50064 0.79307 0.49932 0.775 0.50517 0.81054 0.50064
						0.79307 0.50254 0.79263 0.50704 0.80996 0.50517 0.81054 0.50254 0.79263
						0.50993 0.81849 0.50517 0.81054 0.50704 0.80996 0.07213997 0.79905
						0.07015997 0.79913 0.07011997 0.79321 0.07201999 0.78219 0.07213997 0.79905
						0.07011997 0.79321 0.07394999 0.78198 0.07213997 0.79905 0.07201999 0.78219
						0.07383 0.76459 0.07394999 0.78198 0.07201999 0.78219 0.07565999 0.76431
						0.07394999 0.78198 0.07383 0.76459 0.07555997 0.74651 0.07565999 0.76431
						0.07383 0.76459 0.07723999 0.74621 0.07565999 0.76431 0.07555997 0.74651
						0.07714998 0.72812 0.07723999 0.74621 0.07555997 0.74651 0.07863998 0.72786
						0.07723999 0.74621 0.07714998 0.72812 0.07855999 0.7096 0.07863998 0.72786
						0.07714998 0.72812 0.49713 0.79388 0.50025 0.81208 0.49562 0.79423 0.49383
						0.77584 0.49713 0.79388 0.49562 0.79423 0.49555 0.77558 0.49713 0.79388
						0.49383 0.77584 0.49358 0.75746 0.49555 0.77558 0.49383 0.77584 0.49544
						0.75732 0.49555 0.77558 0.49358 0.75746 0.4948 0.73925 0.49544 0.75732
						0.49358 0.75746 0.49675 0.73926 0.49544 0.75732 0.4948 0.73925 0.49742
						0.72133 0.49675 0.73926 0.4948 0.73925 0.07190996 0.76475 0.06995999 0.76932
						0.06992995 0.76482 0.07181 0.74686 0.07190996 0.76475 0.06992995 0.76482
						0.07372999 0.74672 0.07190996 0.76475 0.07181 0.74686 0.07363998 0.72849
						0.07372999 0.74672 0.07181 0.74686 0.07546997 0.72833 0.07372999 0.74672
						0.07363998 0.72849 0.07538998 0.7099 0.07546997 0.72833 0.07363998 0.72849
						0.07706999 0.70976 0.07546997 0.72833 0.07538998 0.7099 0.07700997 0.69125
						0.07706999 0.70976 0.07538998 0.7099 0.07849997 0.69119 0.07706999 0.70976
						0.07700997 0.69125 0.07843995 0.67271 0.07849997 0.69119 0.07700997 0.69125
						0.49185 0.75759 0.4923 0.77607 0.4903 0.75771 0.4912 0.73925 0.49185 0.75759
						0.4903 0.75771 0.49294 0.73925 0.49185 0.75759 0.4912 0.73925 0.49362
						0.72104 0.49294 0.73925 0.4912 0.73925 0.49548 0.72118 0.49294 0.73925
						0.49362 0.72104 0.49746 0.70322 0.49548 0.72118 0.49362 0.72104 0.49836
						0.71286 0.49548 0.72118 0.49746 0.70322 0.51114 0.65092 0.51995 0.63521
						0.51296 0.65165 0.51009 0.66005 0.51114 0.65092 0.51296 0.65165 0.50532
						0.66799 0.51114 0.65092 0.51009 0.66005 0.50718 0.66858 0.50532 0.66799
						0.51009 0.66005 0.50075 0.68545 0.50532 0.66799 0.50718 0.66858 0.50265
						0.6859 0.50075 0.68545 0.50718 0.66858 0.49746 0.70322 0.50075 0.68545
						0.50265 0.6859 0.49939 0.70352 0.49746 0.70322 0.50265 0.6859 0.49836
						0.71286 0.49746 0.70322 0.49939 0.70352 0.07156997 0.69136 0.06959998
						0.69299 0.06958997 0.69138 0.07150995 0.67261 0.07156997 0.69136 0.06958997
						0.69138 0.07343995 0.67262 0.07156997 0.69136 0.07150995 0.67261 0.07339
						0.65395 0.07343995 0.67262 0.07150995 0.67261 0.07521998 0.65403 0.07343995
						0.67262 0.07339 0.65395 0.07519 0.63557 0.07521998 0.65403 0.07339 0.65395
						0.07686996 0.63576 0.07521998 0.65403 0.07519 0.63557 0.07684999 0.61763
						0.07686996 0.63576 0.07519 0.63557 0.07833999 0.61796 0.07686996 0.63576
						0.07684999 0.61763 0.07833999 0.60028 0.07833999 0.61796 0.07684999 0.61763
						0.49724 0.68463 0.49237 0.70243 0.49573 0.68428 0.50188 0.6669 0.49724
						0.68463 0.49573 0.68428 0.50354 0.66742 0.49724 0.68463 0.50188 0.6669
						0.50941 0.65022 0.50354 0.66742 0.50188 0.6669 0.51114 0.65092 0.50354
						0.66742 0.50941 0.65022 0.51819 0.63435 0.51114 0.65092 0.50941 0.65022
						0.51995 0.63521 0.51114 0.65092 0.51819 0.63435 0.52811 0.61936 0.51995
						0.63521 0.51819 0.63435 0.07146996 0.6539 0.06948995 0.65389 0.06946998
						0.64098 0.07142996 0.63534 0.07146996 0.6539 0.06946998 0.64098 0.07335996
						0.63543 0.07146996 0.6539 0.07142996 0.63534 0.07333999 0.61716 0.07335996
						0.63543 0.07142996 0.63534 0.07516998 0.61735 0.07335996 0.63543 0.07333999
						0.61716 0.07515996 0.5995 0.07516998 0.61735 0.07333999 0.61716 0.07684999
						0.59985 0.07516998 0.61735 0.07515996 0.5995 0.07684999 0.58252 0.07684999
						0.59985 0.07515996 0.5995 0.07833999 0.58305 0.07684999 0.59985 0.07684999
						0.58252 0.07835996 0.56636 0.07833999 0.58305 0.07684999 0.58252 0.50779
						0.64958 0.5004 0.66643 0.50635 0.649 0.51495 0.63275 0.50779 0.64958 0.50635
						0.649 0.51651 0.63352 0.50779 0.64958 0.51495 0.63275 0.52481 0.61741
						0.51651 0.63352 0.51495 0.63275 0.52642 0.61836 0.51651 0.63352 0.52481
						0.61741 0.53579 0.60305 0.52642 0.61836 0.52481 0.61741 0.53558 0.60715
						0.52642 0.61836 0.53579 0.60305 0.54625 0.58849 0.55917 0.57614 0.54777
						0.58974 0.54333 0.59592 0.54625 0.58849 0.54777 0.58974 0.53579 0.60305
						0.54625 0.58849 0.54333 0.59592 0.5374 0.60417 0.53579 0.60305 0.54333
						0.59592 0.53558 0.60715 0.53579 0.60305 0.5374 0.60417 0.07141 0.61704
						0.06944 0.617 0.06944 0.61546 0.07141 0.59909 0.07141 0.61704 0.06944
						0.61546 0.07332998 0.59924 0.07141 0.61704 0.07141 0.59909 0.07333999
						0.58178 0.07332998 0.59924 0.07141 0.59909 0.07516998 0.58209 0.07332998
						0.59924 0.07333999 0.58178 0.07519 0.56523 0.07516998 0.58209 0.07333999
						0.58178 0.07686996 0.56573 0.07516998 0.58209 0.07519 0.56523 0.0769 0.54959
						0.07686996 0.56573 0.07519 0.56523 0.51355 0.63206 0.5051 0.6485 0.51234
						0.63148 0.52196 0.61573 0.51355 0.63206 0.51234 0.63148 0.5233 0.61652
						0.51355 0.63206 0.52196 0.61573 0.53282 0.60098 0.5233 0.61652 0.52196
						0.61573 0.53425 0.60197 0.5233 0.61652 0.53282 0.60098 0.54479 0.58731
						0.53425 0.60197 0.53282 0.60098 0.54625 0.58849 0.53425 0.60197 0.54479
						0.58731 0.55773 0.57478 0.54625 0.58849 0.54479 0.58731 0.55917 0.57614
						0.54625 0.58849 0.55773 0.57478 0.57151 0.56345 0.55917 0.57614 0.55773
						0.57478 0.58353 0.55018 0.58475 0.55174 0.58207 0.55411 0.57018 0.56199
						0.58353 0.55018 0.58207 0.55411 0.56891 0.56059 0.58353 0.55018 0.57018
						0.56199 0.55637 0.57349 0.56891 0.56059 0.57018 0.56199 0.55509 0.57228
						0.56891 0.56059 0.55637 0.57349 0.54343 0.5862 0.55509 0.57228 0.55637
						0.57349 0.54221 0.58522 0.55509 0.57228 0.54343 0.5862 0.53153 0.60009
						0.54221 0.58522 0.54343 0.5862 0.53042 0.59932 0.54221 0.58522 0.53153
						0.60009 0.5208 0.61505 0.53042 0.59932 0.53153 0.60009 0.07525998 0.53354
						0.07699 0.51959 0.07694 0.53418 0.07521998 0.54902 0.07525998 0.53354
						0.07694 0.53418 0.07339 0.54861 0.07525998 0.53354 0.07521998 0.54902
						0.07335996 0.56487 0.07339 0.54861 0.07521998 0.54902 0.07142996 0.56465
						0.07339 0.54861 0.07335996 0.56487 0.07141 0.58159 0.07142996 0.56465
						0.07335996 0.56487 0.06944996 0.56683 0.07142996 0.56465 0.07141 0.58159
						0.06942999 0.58153 0.06944996 0.56683 0.07141 0.58159 0.59769 0.53943
						0.59879 0.54108 0.59104 0.54696 0.58353 0.55018 0.59769 0.53943 0.59104
						0.54696 0.58236 0.54869 0.59769 0.53943 0.58353 0.55018 0.56891 0.56059
						0.58236 0.54869 0.58353 0.55018 0.56773 0.5593 0.58236 0.54869 0.56891
						0.56059 0.55509 0.57228 0.56773 0.5593 0.56891 0.56059 0.55395 0.57121
						0.56773 0.5593 0.55509 0.57228 0.54221 0.58522 0.55395 0.57121 0.55509
						0.57228 0.54117 0.58437 0.55395 0.57121 0.54221 0.58522 0.53042 0.59932
						0.54117 0.58437 0.54221 0.58522 0.07530999 0.51888 0.07705998 0.50589
						0.07699 0.51959 0.07525998 0.53354 0.07530999 0.51888 0.07699 0.51959
						0.07343 0.53308 0.07530999 0.51888 0.07525998 0.53354 0.07339 0.54861
						0.07343 0.53308 0.07525998 0.53354 0.07146 0.54835 0.07343 0.53308 0.07339
						0.54861 0.07142996 0.56465 0.07146 0.54835 0.07339 0.54861 0.06944996
						0.56458 0.07146 0.54835 0.07142996 0.56465 0.06944996 0.56683 0.06944996
						0.56458 0.07142996 0.56465 0.48273 0.90145 0.48073 0.89797 0.48262 0.88466
						0.48455 0.88445 0.48273 0.90145 0.48262 0.88466 0.48466 0.90121 0.48273
						0.90145 0.48455 0.88445 0.48637 0.88412 0.48466 0.90121 0.48455 0.88445
						0.48649 0.90082 0.48466 0.90121 0.48637 0.88412 0.48805 0.88366 0.48649
						0.90082 0.48637 0.88412 0.48816 0.90029 0.48649 0.90082 0.48805 0.88366
						0.48954 0.8831 0.48816 0.90029 0.48805 0.88366 0.48965 0.89964 0.48816
						0.90029 0.48954 0.8831 0.61079 0.52661 0.59477 0.53509 0.61 0.52524 0.59565
						0.5364 0.59477 0.53509 0.61079 0.52661 0.61166 0.52814 0.59565 0.5364
						0.61079 0.52661 0.59664 0.53786 0.59565 0.5364 0.61166 0.52814 0.6126
						0.52979 0.59664 0.53786 0.61166 0.52814 0.59769 0.53943 0.59664 0.53786
						0.6126 0.52979 0.61358 0.53152 0.59769 0.53943 0.6126 0.52979 0.59879
						0.54108 0.59769 0.53943 0.61358 0.53152 0.48262 0.88466 0.48058 0.87426
						0.48251 0.86729 0.48444 0.86712 0.48262 0.88466 0.48251 0.86729 0.48455
						0.88445 0.48262 0.88466 0.48444 0.86712 0.48627 0.86684 0.48455 0.88445
						0.48444 0.86712 0.48637 0.88412 0.48455 0.88445 0.48627 0.86684 0.48795
						0.86646 0.48637 0.88412 0.48627 0.86684 0.48805 0.88366 0.48637 0.88412
						0.48795 0.86646 0.48944 0.86599 0.48805 0.88366 0.48795 0.86646 0.48954
						0.8831 0.48805 0.88366 0.48944 0.86599 0.62659 0.51802 0.61 0.52524 0.6259
						0.51659 0.61079 0.52661 0.61 0.52524 0.62659 0.51802 0.62735 0.51961 0.61079
						0.52661 0.62659 0.51802 0.61166 0.52814 0.61079 0.52661 0.62735 0.51961
						0.62816 0.52132 0.61166 0.52814 0.62735 0.51961 0.6126 0.52979 0.61166
						0.52814 0.62816 0.52132 0.62901 0.52312 0.6126 0.52979 0.62816 0.52132
						0.61358 0.53152 0.6126 0.52979 0.62901 0.52312 0.6388 0.51872 0.6443 0.51407
						0.64502 0.51593 0.48251 0.86729 0.48044 0.84962 0.48242 0.84945 0.48435
						0.84931 0.48251 0.86729 0.48242 0.84945 0.48444 0.86712 0.48251 0.86729
						0.48435 0.84931 0.48617 0.84909 0.48444 0.86712 0.48435 0.84931 0.48627
						0.86684 0.48444 0.86712 0.48617 0.84909 0.48785 0.84878 0.48627 0.86684
						0.48617 0.84909 0.48795 0.86646 0.48627 0.86684 0.48785 0.84878 0.48934
						0.84841 0.48795 0.86646 0.48785 0.84878 0.48944 0.86599 0.48795 0.86646
						0.48934 0.84841 0.64297 0.51065 0.6259 0.51659 0.64239 0.50918 0.62659
						0.51802 0.6259 0.51659 0.64297 0.51065 0.64361 0.5123 0.62659 0.51802
						0.64297 0.51065 0.62735 0.51961 0.62659 0.51802 0.64361 0.5123 0.6443
						0.51407 0.62735 0.51961 0.64361 0.5123 0.62816 0.52132 0.62735 0.51961
						0.6443 0.51407 0.6388 0.51872 0.62816 0.52132 0.6443 0.51407 0.62901 0.52312
						0.62816 0.52132 0.6388 0.51872 0.48242 0.84945 0.48044 0.8495 0.48233
						0.83122 0.48426 0.83112 0.48242 0.84945 0.48233 0.83122 0.48435 0.84931
						0.48242 0.84945 0.48426 0.83112 0.48609 0.83095 0.48435 0.84931 0.48426
						0.83112 0.48617 0.84909 0.48435 0.84931 0.48609 0.83095 0.48777 0.83073
						0.48617 0.84909 0.48609 0.83095 0.48785 0.84878 0.48617 0.84909 0.48777
						0.83073 0.48925 0.83046 0.48785 0.84878 0.48777 0.83073 0.48934 0.84841
						0.48785 0.84878 0.48925 0.83046 0.65984 0.50456 0.64239 0.50918 0.65937
						0.50305 0.64297 0.51065 0.64239 0.50918 0.65984 0.50456 0.66036 0.50625
						0.64297 0.51065 0.65984 0.50456 0.64361 0.5123 0.64297 0.51065 0.66036
						0.50625 0.66092 0.50807 0.64361 0.5123 0.66036 0.50625 0.6443 0.51407
						0.64361 0.5123 0.66092 0.50807 0.6615 0.50998 0.6443 0.51407 0.66092 0.50807
						0.64502 0.51593 0.6443 0.51407 0.6615 0.50998 0.48233 0.83122 0.48032
						0.82415 0.48225 0.81272 0.48418 0.81265 0.48233 0.83122 0.48225 0.81272
						0.48426 0.83112 0.48233 0.83122 0.48418 0.81265 0.48601 0.81255 0.48426
						0.83112 0.48418 0.81265 0.48609 0.83095 0.48426 0.83112 0.48601 0.81255
						0.48769 0.8124 0.48609 0.83095 0.48601 0.81255 0.48777 0.83073 0.48609
						0.83095 0.48769 0.8124 0.48918 0.81223 0.48777 0.83073 0.48769 0.8124
						0.48925 0.83046 0.48777 0.83073 0.48918 0.81223 0.67711 0.49978 0.65937
						0.50305 0.67675 0.49824 0.65984 0.50456 0.65937 0.50305 0.67711 0.49978
						0.6775 0.5015 0.65984 0.50456 0.67711 0.49978 0.66036 0.50625 0.65984
						0.50456 0.6775 0.5015 0.67793 0.50336 0.66036 0.50625 0.6775 0.5015 0.66092
						0.50807 0.66036 0.50625 0.67793 0.50336 0.67837 0.50531 0.66092 0.50807
						0.67793 0.50336 0.6615 0.50998 0.66092 0.50807 0.67837 0.50531 0.78785
						0.05635994 0.78774 0.05886 0.78666 0.05793994 0.16429 0.86996 0.16227
						0.88671 0.16237 0.86977 0.31394 0.80847 0.31198 0.81686 0.31197 0.80855
						0.16227 0.88671 0.16027 0.89087 0.16029 0.88665 0.16218 0.90407 0.16014
						0.9163 0.1601999 0.90402 0.16209 0.92176 0.16004 0.93967 0.16012 0.92172
						0.82721 0.09046 0.83239 0.10001 0.82589 0.09158998 0.82447 0.09279996
						0.82762 0.09999996 0.82298 0.09407997 0.82589 0.09158998 0.83239 0.10001
						0.8321 0.10001 0.8301 0.10001 0.82589 0.09158998 0.8321 0.10001 0.82447
						0.09279996 0.82589 0.09158998 0.8301 0.10001 0.82762 0.09999996 0.82447
						0.09279996 0.8301 0.10001 0.82721 0.09046 0.82838 0.08945 0.83615 0.10001
						0.83457 0.10001 0.82721 0.09046 0.83615 0.10001 0.83239 0.10001 0.82721
						0.09046 0.83457 0.10001 0.32087 0.80663 0.31938 0.8073 0.3196 0.79455
						0.83644 0.10001 0.82838 0.08945 0.83786 0.10001 0.83615 0.10001 0.82838
						0.08945 0.83644 0.10001 0.31938 0.8073 0.3177 0.80784 0.31934 0.79451
						0.31937 0.79451 0.31938 0.8073 0.31934 0.79451 0.3196 0.79455 0.31938 0.8073
						0.31937 0.79451 0.3177 0.80784 0.31587 0.80823 0.31617 0.79412 0.31782
						0.79429 0.3177 0.80784 0.31617 0.79412 0.31934 0.79451 0.3177 0.80784
						0.31782 0.79429 0.31197 0.80855 0.31195 0.79395 0.31315 0.79396 0.31392
						0.794 0.31197 0.80855 0.31315 0.79396 0.31394 0.80847 0.31197 0.80855
						0.31392 0.794 0.31476 0.79403 0.31394 0.80847 0.31392 0.794 0.31587 0.80823
						0.31394 0.80847 0.31476 0.79403 0.31585 0.7941 0.31587 0.80823 0.31476
						0.79403 0.31617 0.79412 0.31587 0.80823 0.31585 0.7941 0.1616899 0.96862
						0.15994 0.96855 0.1599799 0.95776 0.16196 0.95777 0.1616899 0.96862
						0.1599799 0.95776 0.16192 0.96864 0.1616899 0.96862 0.16196 0.95777 0.16294
						0.96874 0.1638799 0.9578 0.1638399 0.96889 0.1646699 0.96904 0.16571 0.95783
						0.16566 0.96929 0.1673899 0.95788 0.16859 0.97035 0.16734 0.96982 0.16707
						0.96971 0.1673899 0.95788 0.16734 0.96982 0.16636 0.96947 0.1673899 0.95788
						0.16707 0.96971 0.61624 0.001219987 0.62831 4.3e-4 0.61614 0.001509964
						0.61559 0.00307995 0.62853 0.003769993 0.6149 0.005049943 0.16237 0.86977
						0.16227 0.88671 0.16029 0.88665 0.16039 0.8697 0.16237 0.86977 0.16029
						0.88665 0.16041 0.86629 0.16237 0.86977 0.16039 0.8697 0.16057 0.84284
						0.16247 0.85334 0.1604999 0.85326 0.16075 0.82069 0.16271 0.82236 0.16073
						0.82225 0.16093 0.80026 0.1628299 0.80796 0.16086 0.80785 0.31203 0.83847
						0.314 0.83851 0.31203 0.83861 0.31397 0.82386 0.31203 0.83847 0.31199
						0.82394 0.31198 0.81686 0.31397 0.82386 0.31199 0.82394 0.1644 0.85357
						0.16623 0.85394 0.16429 0.86996 0.16237 0.86977 0.1644 0.85357 0.16429
						0.86996 0.16247 0.85334 0.1644 0.85357 0.16237 0.86977 0.16041 0.86629
						0.16247 0.85334 0.16237 0.86977 0.1604999 0.85326 0.16247 0.85334 0.16041
						0.86629 0.1663399 0.83819 0.16802 0.83876 0.16623 0.85394 0.1644 0.85357
						0.1663399 0.83819 0.16623 0.85394 0.16451 0.83777 0.1663399 0.83819 0.1644
						0.85357 0.16247 0.85334 0.16451 0.83777 0.1644 0.85357 0.16259 0.83751
						0.16451 0.83777 0.16247 0.85334 0.16057 0.84284 0.16259 0.83751 0.16247
						0.85334 0.16061 0.83742 0.16259 0.83751 0.16057 0.84284 0.76269 0.03118997
						0.76205 0.03236997 0.74718 0.02287995 0.1663399 0.83819 0.1681399 0.82375
						0.16802 0.83876 0.16646 0.82311 0.1681399 0.82375 0.1663399 0.83819 0.16451
						0.83777 0.16646 0.82311 0.1663399 0.83819 0.16464 0.82264 0.16646 0.82311
						0.16451 0.83777 0.16259 0.83751 0.16464 0.82264 0.16451 0.83777 0.16271
						0.82236 0.16464 0.82264 0.16259 0.83751 0.16061 0.83742 0.16271 0.82236
						0.16259 0.83751 0.16073 0.82225 0.16271 0.82236 0.16061 0.83742 0.77686
						0.04175996 0.77601 0.04306995 0.76205 0.03236997 0.76269 0.03118997 0.77686
						0.04175996 0.76205 0.03236997 0.77757 0.04062998 0.77686 0.04175996 0.76269
						0.03118997 0.16646 0.82311 0.16826 0.80949 0.1681399 0.82375 0.16659 0.80879
						0.16826 0.80949 0.16646 0.82311 0.16464 0.82264 0.16659 0.80879 0.16646
						0.82311 0.1647599 0.80828 0.16659 0.80879 0.16464 0.82264 0.16271 0.82236
						0.1647599 0.80828 0.16464 0.82264 0.1628299 0.80796 0.1647599 0.80828
						0.16271 0.82236 0.16075 0.82069 0.1628299 0.80796 0.16271 0.82236 0.16086
						0.80785 0.1628299 0.80796 0.16075 0.82069 0.79003 0.05346 0.78898 0.05485999
						0.77601 0.04306995 0.77686 0.04175996 0.79003 0.05346 0.77601 0.04306995
						0.79096 0.05220997 0.79003 0.05346 0.77686 0.04175996 0.77757 0.04062998
						0.79096 0.05220997 0.77686 0.04175996 0.79176 0.05113995 0.79096 0.05220997
						0.77757 0.04062998 0.16659 0.80879 0.16839 0.79606 0.16826 0.80949 0.16672
						0.7953 0.16839 0.79606 0.16659 0.80879 0.1647599 0.80828 0.16672 0.7953
						0.16659 0.80879 0.1648899 0.79474 0.16672 0.7953 0.1647599 0.80828 0.1628299
						0.80796 0.1648899 0.79474 0.1647599 0.80828 0.16297 0.7944 0.1648899 0.79474
						0.1628299 0.80796 0.16093 0.80026 0.16297 0.7944 0.1628299 0.80796 0.1609899
						0.79428 0.16297 0.7944 0.16093 0.80026 0.80214 0.06617999 0.8009 0.06758999
						0.78898 0.05485999 0.79003 0.05346 0.80214 0.06617999 0.78898 0.05485999
						0.80328 0.06485998 0.80214 0.06617999 0.79003 0.05346 0.79096 0.05220997
						0.80328 0.06485998 0.79003 0.05346 0.8043 0.06369 0.80328 0.06485998 0.79096
						0.05220997 0.79176 0.05113995 0.8043 0.06369 0.79096 0.05220997 0.80517
						0.06268 0.8043 0.06369 0.79176 0.05113995 0.31781 0.8515 0.31944 0.83706
						0.31949 0.85077 0.31776 0.83773 0.31944 0.83706 0.31781 0.8515 0.31598
						0.85204 0.31776 0.83773 0.31781 0.8515 0.31593 0.83822 0.31776 0.83773
						0.31598 0.85204 0.31405 0.85236 0.31593 0.83822 0.31598 0.85204 0.314
						0.83851 0.31593 0.83822 0.31405 0.85236 0.31207 0.85246 0.314 0.83851
						0.31405 0.85236 0.31203 0.83861 0.314 0.83851 0.31207 0.85246 0.62865
						0.005679965 0.61419 0.007049977 0.6149 0.005049943 0.62853 0.003769993
						0.62865 0.005679965 0.6149 0.005049943 0.64568 0.00525999 0.62865
						0.005679965 0.62853 0.003769993 0.6796 0.008199989 0.68294 0.01089996 0.6793
						0.01016998 0.66269 0.006099998 0.6796 0.008199989 0.6793 0.01016998 0.66284
						0.004199981 0.6796 0.008199989 0.66269 0.006099998 0.64569 0.003349959
						0.66284 0.004199981 0.66269 0.006099998 0.6457 0.001579999 0.66284
						0.004199981 0.64569 0.003349959 0.62842 0.002009987 0.6457 0.001579999
						0.64569 0.003349959 0.62831 4.3e-4 0.6457 0.001579999 0.62842 0.002009987
						0.61568 0.002829968 0.62831 4.3e-4 0.62842 0.002009987 0.61614 0.001509964
						0.62831 4.3e-4 0.61568 0.002829968 0.69673 0.009689986 0.71275 0.01611995
						0.69632 0.01153999 0.67988 0.006309986 0.69673 0.009689986 0.69632
						0.01153999 0.68014 0.004569947 0.69673 0.009689986 0.67988 0.006309986
						0.66297 0.002439975 0.68014 0.004569947 0.67988 0.006309986 0.66309 8.6e-4
						0.68014 0.004569947 0.66297 0.002439975 0.64571 0 0.66309 8.6e-4 0.66297
						0.002439975 0.16746 0.93998 0.1690199 0.92247 0.16894 0.94013 0.1673899
						0.95788 0.16746 0.93998 0.16894 0.94013 0.16571 0.95783 0.16746 0.93998
						0.1673899 0.95788 0.16636 0.96947 0.16571 0.95783 0.1673899 0.95788 0.16566
						0.96929 0.16571 0.95783 0.16636 0.96947 0.7133 0.01428997 0.72883 0.02188998
						0.71275 0.01611995 0.69673 0.009689986 0.7133 0.01428997 0.71275 0.01611995
						0.69711 0.007959961 0.7133 0.01428997 0.69673 0.009689986 0.68014
						0.004569947 0.69711 0.007959961 0.69673 0.009689986 0.68037 0.002999961
						0.69711 0.007959961 0.68014 0.004569947 0.66309 8.6e-4 0.68037 0.002999961
						0.68014 0.004569947 0.16753 0.92221 0.1691 0.90504 0.1690199 0.92247 0.16746
						0.93998 0.16753 0.92221 0.1690199 0.92247 0.16578 0.93985 0.16753 0.92221
						0.16746 0.93998 0.16571 0.95783 0.16578 0.93985 0.16746 0.93998 0.1638799
						0.9578 0.16578 0.93985 0.16571 0.95783 0.1646699 0.96904 0.1638799 0.9578
						0.16571 0.95783 0.1638399 0.96889 0.1638799 0.9578 0.1646699 0.96904 0.7295
						0.02011996 0.74446 0.02884995 0.72883 0.02188998 0.7133 0.01428997 0.7295
						0.02011996 0.72883 0.02188998 0.7138 0.01260995 0.7295 0.02011996 0.7133
						0.01428997 0.69711 0.007959961 0.7138 0.01260995 0.7133 0.01428997 0.69744
						0.006419956 0.7138 0.01260995 0.69711 0.007959961 0.68037 0.002999961
						0.69744 0.006419956 0.69711 0.007959961 0.1676099 0.90469 0.1691899 0.88793
						0.1691 0.90504 0.16753 0.92221 0.1676099 0.90469 0.1691 0.90504 0.16585
						0.92201 0.1676099 0.90469 0.16753 0.92221 0.16578 0.93985 0.16585 0.92201
						0.16753 0.92221 0.16395 0.93975 0.16585 0.92201 0.16578 0.93985 0.1638799
						0.9578 0.16395 0.93975 0.16578 0.93985 0.16196 0.95777 0.16395 0.93975
						0.1638799 0.9578 0.16294 0.96874 0.16196 0.95777 0.1638799 0.9578 0.16192
						0.96864 0.16196 0.95777 0.16294 0.96874 0.16202 0.93969 0.16003 0.94228
						0.16004 0.93967 0.16209 0.92176 0.16202 0.93969 0.16004 0.93967 0.16402
						0.92185 0.16202 0.93969 0.16209 0.92176 0.1640999 0.9042 0.16402 0.92185
						0.16209 0.92176 0.16593 0.90441 0.16402 0.92185 0.1640999 0.9042 0.16602
						0.88713 0.16593 0.90441 0.1640999 0.9042 0.1676999 0.88749 0.16593 0.90441
						0.16602 0.88713 0.1678 0.87071 0.1676999 0.88749 0.16602 0.88713 0.16929
						0.87125 0.1676999 0.88749 0.1678 0.87071 0.16939 0.85506 0.16929 0.87125
						0.1678 0.87071 0.73011 0.01846998 0.71424 0.01108998 0.73066 0.01699995
						0.74598 0.02552998 0.73011 0.01846998 0.73066 0.01699995 0.74525 0.02712994
						0.73011 0.01846998 0.74598 0.02552998 0.76046 0.03527998 0.74525 0.02712994
						0.74598 0.02552998 0.75955 0.03693997 0.74525 0.02712994 0.76046 0.03527998
						0.77404 0.04613 0.75955 0.03693997 0.76046 0.03527998 0.77297 0.04778999
						0.75955 0.03693997 0.77404 0.04613 0.78083 0.05361998 0.77297 0.04778999
						0.77404 0.04613 0.62877 0.007669985 0.61345 0.009139955 0.61419 0.007049977
						0.62865 0.005679965 0.62877 0.007669985 0.61419 0.007049977 0.63394
						0.007539987 0.62877 0.007669985 0.62865 0.005679965 0.64568 0.00525999
						0.63394 0.007539987 0.62865 0.005679965 0.64566 0.007249951 0.63394
						0.007539987 0.64568 0.00525999 0.66253 0.008089959 0.64566 0.007249951
						0.64568 0.00525999 0.66269 0.006099998 0.6793 0.01016998 0.66253 0.008089959
						0.64568 0.00525999 0.66269 0.006099998 0.66253 0.008089959 0.64569
						0.003349959 0.66269 0.006099998 0.64568 0.00525999 0.62853 0.003769993
						0.64569 0.003349959 0.64568 0.00525999 0.62842 0.002009987 0.64569
						0.003349959 0.62853 0.003769993 0.61559 0.00307995 0.62842 0.002009987
						0.62853 0.003769993 0.61568 0.002829968 0.62842 0.002009987 0.61559
						0.00307995 0.16888 0.95794 0.16859 0.97035 0.1673899 0.95788 0.16894 0.94013
						0.16888 0.95794 0.1673899 0.95788 0.6457 0.001579999 0.62831 4.3e-4 0.64571
						0 0.66297 0.002439975 0.6457 0.001579999 0.64571 0 0.66284 0.004199981
						0.6457 0.001579999 0.66297 0.002439975 0.67988 0.006309986 0.66284
						0.004199981 0.66297 0.002439975 0.6796 0.008199989 0.66284 0.004199981
						0.67988 0.006309986 0.69632 0.01153999 0.6796 0.008199989 0.67988
						0.006309986 0.68294 0.01089996 0.6796 0.008199989 0.69632 0.01153999 0.74446
						0.02884995 0.7586 0.03867 0.74362 0.03064996 0.73192 0.02543997 0.74446
						0.02884995 0.74362 0.03064996 0.72883 0.02188998 0.74446 0.02884995 0.73192
						0.02543997 0.72812 0.02374994 0.72883 0.02188998 0.73192 0.02543997 0.71275
						0.01611995 0.72883 0.02188998 0.72812 0.02374994 0.71218 0.01801997 0.71275
						0.01611995 0.72812 0.02374994 0.69632 0.01153999 0.71275 0.01611995 0.71218
						0.01801997 0.69588 0.01348996 0.69632 0.01153999 0.71218 0.01801997 0.68294
						0.01089996 0.69632 0.01153999 0.69588 0.01348996 0.16196 0.95777 0.1599799
						0.95776 0.16003 0.94228 0.16202 0.93969 0.16196 0.95777 0.16003 0.94228
						0.16395 0.93975 0.16196 0.95777 0.16202 0.93969 0.16402 0.92185 0.16395
						0.93975 0.16202 0.93969 0.16585 0.92201 0.16395 0.93975 0.16402 0.92185
						0.16593 0.90441 0.16585 0.92201 0.16402 0.92185 0.1676099 0.90469 0.16585
						0.92201 0.16593 0.90441 0.1676999 0.88749 0.1676099 0.90469 0.16593 0.90441
						0.1691899 0.88793 0.1676099 0.90469 0.1676999 0.88749 0.16929 0.87125
						0.1691899 0.88793 0.1676999 0.88749 0.7138 0.01260995 0.69744 0.006419956
						0.71424 0.01108998 0.73011 0.01846998 0.7138 0.01260995 0.71424 0.01108998
						0.7295 0.02011996 0.7138 0.01260995 0.73011 0.01846998 0.74525 0.02712994
						0.7295 0.02011996 0.73011 0.01846998 0.74446 0.02884995 0.7295 0.02011996
						0.74525 0.02712994 0.75955 0.03693997 0.74446 0.02884995 0.74525 0.02712994
						0.7586 0.03867 0.74446 0.02884995 0.75955 0.03693997 0.77297 0.04778999
						0.7586 0.03867 0.75955 0.03693997 0.78785 0.05635994 0.78666 0.05793994
						0.78083 0.05361998 0.77404 0.04613 0.78785 0.05635994 0.78083 0.05361998
						0.77507 0.04453998 0.78785 0.05635994 0.77404 0.04613 0.76046 0.03527998
						0.77507 0.04453998 0.77404 0.04613 0.7613 0.03373998 0.77507 0.04453998
						0.76046 0.03527998 0.74598 0.02552998 0.7613 0.03373998 0.76046 0.03527998
						0.74663 0.0241 0.7613 0.03373998 0.74598 0.02552998 0.73066 0.01699995
						0.74663 0.0241 0.74598 0.02552998 0.73113 0.01573997 0.74663 0.0241 0.73066
						0.01699995 0.1678 0.87071 0.16791 0.85444 0.16939 0.85506 0.1661199 0.87028
						0.16791 0.85444 0.1678 0.87071 0.16602 0.88713 0.1661199 0.87028 0.1678
						0.87071 0.1642 0.88687 0.1661199 0.87028 0.16602 0.88713 0.1640999 0.9042
						0.1642 0.88687 0.16602 0.88713 0.16218 0.90407 0.1642 0.88687 0.1640999
						0.9042 0.16209 0.92176 0.16218 0.90407 0.1640999 0.9042 0.16014 0.9163
						0.16218 0.90407 0.16209 0.92176 0.16012 0.92172 0.16014 0.9163 0.16209
						0.92176 0.8009 0.06758999 0.7996 0.06907999 0.78774 0.05886 0.78785
						0.05635994 0.8009 0.06758999 0.78774 0.05886 0.78898 0.05485999 0.8009
						0.06758999 0.78785 0.05635994 0.77507 0.04453998 0.78898 0.05485999 0.78785
						0.05635994 0.77601 0.04306995 0.78898 0.05485999 0.77507 0.04453998 0.7613
						0.03373998 0.77601 0.04306995 0.77507 0.04453998 0.76205 0.03236997 0.77601
						0.04306995 0.7613 0.03373998 0.74663 0.0241 0.76205 0.03236997 0.7613
						0.03373998 0.74718 0.02287995 0.76205 0.03236997 0.74663 0.0241 0.73113
						0.01573997 0.74718 0.02287995 0.74663 0.0241 0.16623 0.85394 0.16802 0.83876
						0.16791 0.85444 0.1661199 0.87028 0.16623 0.85394 0.16791 0.85444 0.16429
						0.86996 0.16623 0.85394 0.1661199 0.87028 0.1642 0.88687 0.16429 0.86996
						0.1661199 0.87028 0.16227 0.88671 0.16429 0.86996 0.1642 0.88687 0.16218
						0.90407 0.16227 0.88671 0.1642 0.88687 0.16027 0.89087 0.16227 0.88671
						0.16218 0.90407 0.1601999 0.90402 0.16027 0.89087 0.16218 0.90407 0.314
						0.83851 0.31203 0.83847 0.31397 0.82386 0.3159 0.82359 0.314 0.83851 0.31397
						0.82386 0.31593 0.83822 0.314 0.83851 0.3159 0.82359 0.31772 0.82315 0.31593
						0.83822 0.3159 0.82359 0.31776 0.83773 0.31593 0.83822 0.31772 0.82315
						0.31941 0.82254 0.31776 0.83773 0.31772 0.82315 0.31944 0.83706 0.31776
						0.83773 0.31941 0.82254 0.81679 0.07611995 0.80517 0.06268 0.81773
						0.07517999 0.8043 0.06369 0.80517 0.06268 0.81679 0.07611995 0.81569
						0.07721996 0.8043 0.06369 0.81679 0.07611995 0.80328 0.06485998 0.8043
						0.06369 0.81569 0.07721996 0.81446 0.07843995 0.80328 0.06485998 0.81569
						0.07721996 0.80214 0.06617999 0.80328 0.06485998 0.81446 0.07843995 0.81313
						0.07975995 0.80214 0.06617999 0.81446 0.07843995 0.8009 0.06758999 0.80214
						0.06617999 0.81313 0.07975995 0.81173 0.08114999 0.8009 0.06758999 0.81313
						0.07975995 0.7996 0.06907999 0.8009 0.06758999 0.81173 0.08114999 0.31397
						0.82386 0.31198 0.81686 0.31394 0.80847 0.31587 0.80823 0.31397 0.82386
						0.31394 0.80847 0.3159 0.82359 0.31397 0.82386 0.31587 0.80823 0.3177
						0.80784 0.3159 0.82359 0.31587 0.80823 0.31772 0.82315 0.3159 0.82359 0.3177
						0.80784 0.31938 0.8073 0.31772 0.82315 0.3177 0.80784 0.31941 0.82254
						0.31772 0.82315 0.31938 0.8073 0.82838 0.08945 0.81773 0.07517999 0.82938
						0.08857995 0.81679 0.07611995 0.81773 0.07517999 0.82838 0.08945 0.82721
						0.09046 0.81679 0.07611995 0.82838 0.08945 0.81569 0.07721996 0.81679
						0.07611995 0.82721 0.09046 0.82589 0.09158998 0.81569 0.07721996 0.82721
						0.09046 0.81446 0.07843995 0.81569 0.07721996 0.82589 0.09158998 0.82447
						0.09279996 0.81446 0.07843995 0.82589 0.09158998 0.81313 0.07975995 0.81446
						0.07843995 0.82447 0.09279996 0.82298 0.09407997 0.81313 0.07975995 0.82447
						0.09279996 0.81173 0.08114999 0.81313 0.07975995 0.82298 0.09407997 0.59066
						0.92465 0.59839 0.93765 0.59065 0.93175 0.6388 0.55387 0.6615 0.50998
						0.67837 0.50531 0.6615 0.50998 0.6388 0.51872 0.64502 0.51593 0.6388 0.55387
						0.59879 0.54108 0.61358 0.53152 0.6388 0.51872 0.6615 0.50998 0.6388 0.55387
						0.61358 0.53152 0.6388 0.51872 0.6388 0.55387 0.62901 0.52312 0.6388 0.51872
						0.61358 0.53152 0.54333 0.60712 0.54333 0.59592 0.54777 0.58974 0.59103
						0.60692 0.54333 0.60712 0.54777 0.58974 0.58207 0.55411 0.58475 0.55174
						0.59104 0.54696 0.59104 0.55406 0.58207 0.55411 0.59104 0.54696 0.57151
						0.56345 0.58207 0.55411 0.59104 0.55406 0.59103 0.60692 0.57151 0.56345
						0.59104 0.55406 0.55917 0.57614 0.57151 0.56345 0.59103 0.60692 0.54777
						0.58974 0.55917 0.57614 0.59103 0.60692 0.53558 0.60715 0.5374 0.60417
						0.54333 0.59592 0.54333 0.60712 0.53558 0.60715 0.54333 0.59592 0.52811
						0.61936 0.53558 0.60715 0.54333 0.60712 0.5433 0.65996 0.52811 0.61936
						0.54333 0.60712 0.51995 0.63521 0.52811 0.61936 0.5433 0.65996 0.51296
						0.65165 0.51995 0.63521 0.5433 0.65996 0.54326 0.71285 0.49939 0.70352
						0.50265 0.6859 0.50718 0.66858 0.54326 0.71285 0.50265 0.6859 0.5433 0.65996
						0.54326 0.71285 0.50718 0.66858 0.51009 0.66005 0.5433 0.65996 0.50718
						0.66858 0.51296 0.65165 0.5433 0.65996 0.51009 0.66005 0.49738 0.75718
						0.54321 0.76576 0.4983 0.76565 0.54321 0.76576 0.49738 0.75718 0.49675
						0.73926 0.49742 0.72133 0.54321 0.76576 0.49675 0.73926 0.54326 0.71285
						0.54321 0.76576 0.49742 0.72133 0.49836 0.71286 0.54326 0.71285 0.49742
						0.72133 0.49939 0.70352 0.54326 0.71285 0.49836 0.71286 0.52786 0.85922
						0.51973 0.84335 0.54314 0.81866 0.54305 0.8715 0.52786 0.85922 0.54314
						0.81866 0.53531 0.87144 0.52786 0.85922 0.54305 0.8715 0.50254 0.79263
						0.49932 0.775 0.4983 0.76565 0.54321 0.76576 0.50254 0.79263 0.4983 0.76565
						0.50704 0.80996 0.50254 0.79263 0.54321 0.76576 0.54314 0.81866 0.50704
						0.80996 0.54321 0.76576 0.50993 0.81849 0.50704 0.80996 0.54314 0.81866
						0.51973 0.84335 0.50993 0.81849 0.54314 0.81866 0.51278 0.8269 0.50993
						0.81849 0.51973 0.84335 0.54304 0.88269 0.53713 0.87443 0.53531 0.87144
						0.54305 0.8715 0.54304 0.88269 0.53531 0.87144 0.54747 0.88888 0.54304
						0.88269 0.54305 0.8715 0.59075 0.8718 0.54747 0.88888 0.54305 0.8715 0.55883
						0.90251 0.54747 0.88888 0.59075 0.8718 0.57115 0.91522 0.55883 0.90251
						0.59075 0.8718 0.59066 0.92465 0.57115 0.91522 0.59075 0.8718 0.58169
						0.92458 0.57115 0.91522 0.59066 0.92465 0.59065 0.93175 0.58169 0.92458
						0.59066 0.92465 0.58436 0.92696 0.58169 0.92458 0.59065 0.93175 0.63842
						0.92495 0.64456 0.9629 0.63835 0.9601 0.62857 0.95567 0.63842 0.92495
						0.63835 0.9601 0.61315 0.94724 0.63842 0.92495 0.62857 0.95567 0.66723
						0.92507 0.68499 0.97517 0.67788 0.97359 0.66103 0.96889 0.66723 0.92507
						0.67788 0.97359 0.63852 0.87202 0.63247 0.86349 0.63853 0.86691 0.64024
						0.86787 0.63852 0.87202 0.63853 0.86691 0.66723 0.92507 0.66103 0.96889
						0.64456 0.9629 0.63842 0.92495 0.66723 0.92507 0.64456 0.9629 0.66668
						0.92352 0.66723 0.92507 0.63842 0.92495 0.63852 0.87202 0.66668 0.92352
						0.63842 0.92495 0.64843 0.87206 0.66668 0.92352 0.63852 0.87202 0.64024
						0.86787 0.64843 0.87206 0.63852 0.87202 0.64832 0.87177 0.64843 0.87206
						0.64024 0.86787 0.59075 0.8718 0.59103 0.82512 0.5965 0.83224 0.60147
						0.83793 0.59075 0.8718 0.5965 0.83224 0.60242 0.83901 0.59075 0.8718 0.60147
						0.83793 0.59075 0.8718 0.60242 0.83901 0.60879 0.84543 0.61106 0.84753
						0.59075 0.8718 0.60879 0.84543 0.61555 0.85135 0.59075 0.8718 0.61106
						0.84753 0.59075 0.8718 0.61555 0.85135 0.61787 0.85331 0.62501 0.85863
						0.59075 0.8718 0.61787 0.85331 0.63126 0.8627 0.59075 0.8718 0.62501 0.85863
						0.54305 0.8715 0.54314 0.81866 0.5868 0.81884 0.58935 0.82263 0.54305 0.8715
						0.5868 0.81884 0.59075 0.8718 0.54305 0.8715 0.58935 0.82263 0.59083 0.82482
						0.59075 0.8718 0.58935 0.82263 0.59103 0.82512 0.59075 0.8718 0.59083
						0.82482 0.54314 0.81866 0.5717 0.78771 0.57264 0.79052 0.54321 0.76576
						0.56653 0.76872 0.56744 0.77322 0.54314 0.81866 0.54321 0.76576 0.56744
						0.77322 0.56977 0.78195 0.54314 0.81866 0.56744 0.77322 0.5717 0.78771
						0.54314 0.81866 0.56977 0.78195 0.54314 0.81866 0.57264 0.79052 0.57604
						0.79893 0.57934 0.80581 0.54314 0.81866 0.57604 0.79893 0.57998 0.80715
						0.54314 0.81866 0.57934 0.80581 0.54314 0.81866 0.57998 0.80715 0.58145
						0.8099 0.58601 0.81767 0.54314 0.81866 0.58145 0.8099 0.5868 0.81884 0.54314
						0.81866 0.58601 0.81767 0.54326 0.71285 0.56658 0.70995 0.56595 0.71289
						0.56542 0.71597 0.54326 0.71285 0.56595 0.71289 0.56425 0.72496 0.54326
						0.71285 0.56542 0.71597 0.56364 0.73399 0.56358 0.74306 0.54321 0.76576
						0.54326 0.71285 0.56364 0.73399 0.54321 0.76576 0.56394 0.72947 0.56364
						0.73399 0.54326 0.71285 0.56425 0.72496 0.56394 0.72947 0.54326 0.71285
						0.54321 0.76576 0.56358 0.74306 0.56391 0.74919 0.56408 0.75214 0.54321
						0.76576 0.56391 0.74919 0.56514 0.76125 0.54321 0.76576 0.56408 0.75214
						0.54321 0.76576 0.56514 0.76125 0.56564 0.76434 0.56594 0.76581 0.54321
						0.76576 0.56564 0.76434 0.56653 0.76872 0.54321 0.76576 0.56594 0.76581
						0.5808 0.67025 0.5433 0.65996 0.5823 0.66753 0.5433 0.65996 0.5808 0.67025
						0.57949 0.6729 0.5768 0.67834 0.5433 0.65996 0.57949 0.6729 0.57331 0.68666
						0.5433 0.65996 0.5768 0.67834 0.5433 0.65996 0.57331 0.68666 0.57181 0.69097
						0.57033 0.69519 0.5433 0.65996 0.57181 0.69097 0.54326 0.71285 0.5433
						0.65996 0.57033 0.69519 0.56787 0.70393 0.54326 0.71285 0.57033 0.69519
						0.56658 0.70995 0.54326 0.71285 0.56787 0.70393 0.59103 0.60692 0.59214
						0.65232 0.591 0.65396 0.58953 0.65609 0.59103 0.60692 0.591 0.65396 0.54333
						0.60712 0.59103 0.60692 0.58953 0.65609 0.587 0.65973 0.54333 0.60712
						0.58953 0.65609 0.5433 0.65996 0.54333 0.60712 0.587 0.65973 0.58692 0.65987
						0.5433 0.65996 0.587 0.65973 0.5823 0.66753 0.5433 0.65996 0.58692 0.65987
						0.59103 0.60692 0.63879 0.61194 0.63405 0.61453 0.63152 0.61613 0.59103
						0.60692 0.63405 0.61453 0.59103 0.60692 0.63152 0.61613 0.62653 0.61929
						0.61929 0.62454 0.59103 0.60692 0.62653 0.61929 0.61579 0.62744 0.59103
						0.60692 0.61929 0.62454 0.59103 0.60692 0.61579 0.62744 0.61235 0.63028
						0.61007 0.63234 0.59103 0.60692 0.61235 0.63028 0.60368 0.63862 0.59103
						0.60692 0.61007 0.63234 0.59103 0.60692 0.60368 0.63862 0.60169 0.64083
						0.59771 0.64528 0.59103 0.60692 0.60169 0.64083 0.59214 0.65232 0.59103
						0.60692 0.59771 0.64528 0.63879 0.6068 0.6487 0.60679 0.6486 0.60708 0.64184
						0.61027 0.63879 0.6068 0.6486 0.60708 0.66706 0.55537 0.6487 0.60679 0.63879
						0.6068 0.6388 0.55387 0.66706 0.55537 0.63879 0.6068 0.66761 0.55381 0.66706
						0.55537 0.6388 0.55387 0.67837 0.50531 0.66761 0.55381 0.6388 0.55387
						0.68547 0.50375 0.66761 0.55381 0.67837 0.50531 0.59075 0.8718 0.63126
						0.8627 0.63247 0.86349 0.63852 0.87202 0.59075 0.8718 0.63247 0.86349
						0.59066 0.92465 0.59075 0.8718 0.63852 0.87202 0.63842 0.92495 0.59066
						0.92465 0.63852 0.87202 0.59839 0.93765 0.59066 0.92465 0.63842 0.92495
						0.61315 0.94724 0.59839 0.93765 0.63842 0.92495 0.59104 0.55406 0.59104
						0.54696 0.59879 0.54108 0.6388 0.55387 0.59104 0.55406 0.59879 0.54108
						0.59103 0.60692 0.59104 0.55406 0.6388 0.55387 0.63879 0.6068 0.59103
						0.60692 0.6388 0.55387 0.63879 0.61194 0.59103 0.60692 0.63879 0.6068
						0.64184 0.61027 0.63879 0.61194 0.63879 0.6068 0.89934 0.91303 0.89739
						0.92791 0.89736 0.91312 0.89937 0.92782 0.89739 0.92863 0.89739 0.92791
						0.89946 0.95499 0.89866 0.96694 0.89847 0.96696 0.89946 0.95499 0.90139
						0.95465 0.90022 0.96664 0.89952 0.96677 0.89946 0.95499 0.90022 0.96664
						0.89866 0.96694 0.89946 0.95499 0.89952 0.96677 0.90322 0.95408 0.90327
						0.96521 0.9031 0.96534 0.90176 0.96607 0.90322 0.95408 0.9031 0.96534
						0.90139 0.95465 0.90322 0.95408 0.90176 0.96607 0.90145 0.96619 0.90139
						0.95465 0.90176 0.96607 0.90022 0.96664 0.90139 0.95465 0.90145 0.96619
						0.90478 0.96404 0.90327 0.96521 0.90322 0.95408 0.9049 0.95332 0.90478
						0.96404 0.90322 0.95408 0.83777 0.39551 0.83794 0.39551 0.82845 0.40766
						0.8365 0.39551 0.83777 0.39551 0.82845 0.40766 0.82746 0.40679 0.8365
						0.39551 0.82845 0.40766 0.83627 0.39551 0.8365 0.39551 0.82746 0.40679
						0.83434 0.39551 0.83627 0.39551 0.82746 0.40679 0.82629 0.40578 0.83434
						0.39551 0.82746 0.40679 0.83424 0.39551 0.83434 0.39551 0.82629 0.40578
						0.82498 0.40464 0.83424 0.39551 0.82629 0.40578 0.8321 0.39551 0.83424
						0.39551 0.82498 0.40464 0.83018 0.39551 0.8321 0.39551 0.82498 0.40464
						0.82357 0.40342 0.83018 0.39551 0.82498 0.40464 0.82976 0.39551 0.83018
						0.39551 0.82357 0.40342 0.82208 0.40213 0.82976 0.39551 0.82357 0.40342
						0.82731 0.39551 0.82976 0.39551 0.82208 0.40213 0.77313 0.44721 0.78043
						0.44182 0.7741 0.44893 0.7741 0.44893 0.78697 0.43944 0.7881 0.44095 0.77504
						0.45063 0.7741 0.44893 0.7881 0.44095 0.78914 0.44235 0.77504 0.45063 0.7881
						0.44095 0.7759 0.45218 0.77504 0.45063 0.78914 0.44235 0.79007 0.4436 0.7759
						0.45218 0.78914 0.44235 0.77671 0.45364 0.7759 0.45218 0.79007 0.4436
						0.79086 0.44467 0.77671 0.45364 0.79007 0.4436 0.90462 0.89706 0.90609
						0.89652 0.90477 0.91176 0.90309 0.91235 0.90462 0.89706 0.90477 0.91176
						0.90284 0.89753 0.90462 0.89706 0.90309 0.91235 0.90126 0.91277 0.90284
						0.89753 0.90309 0.91235 0.90126 0.91277 0.89934 0.91303 0.90101 0.89785
						0.90284 0.89753 0.90126 0.91277 0.90101 0.89785 0.89934 0.91303 0.89736
						0.91312 0.89735 0.9068 0.89734 0.89809 0.89934 0.91303 0.89735 0.9068
						0.89895 0.89804 0.89934 0.91303 0.89734 0.89809 0.90101 0.89785 0.89934
						0.91303 0.89895 0.89804 0.89749 0.9551 0.89847 0.96696 0.89755 0.96699
						0.89946 0.95499 0.89847 0.96696 0.89749 0.9551 0.89746 0.94865 0.89946
						0.95499 0.89749 0.9551 0.89941 0.94183 0.89746 0.94865 0.89744 0.94193
						0.89739 0.92863 0.89941 0.94183 0.89744 0.94193 0.89946 0.95499 0.89746
						0.94865 0.89941 0.94183 0.90134 0.94151 0.89946 0.95499 0.89941 0.94183
						0.90139 0.95465 0.89946 0.95499 0.90134 0.94151 0.90317 0.94099 0.90139
						0.95465 0.90134 0.94151 0.90322 0.95408 0.90139 0.95465 0.90317 0.94099
						0.90485 0.94028 0.90322 0.95408 0.90317 0.94099 0.9049 0.95332 0.90322
						0.95408 0.90485 0.94028 0.81586 0.41997 0.82845 0.40766 0.81679 0.42091
						0.82746 0.40679 0.82845 0.40766 0.81586 0.41997 0.81477 0.41887 0.82746
						0.40679 0.81586 0.41997 0.82629 0.40578 0.82746 0.40679 0.81477 0.41887
						0.81355 0.41764 0.82629 0.40578 0.81477 0.41887 0.82498 0.40464 0.82629
						0.40578 0.81355 0.41764 0.81222 0.41631 0.82498 0.40464 0.81355 0.41764
						0.82357 0.40342 0.82498 0.40464 0.81222 0.41631 0.81083 0.41492 0.82357
						0.40342 0.81222 0.41631 0.82208 0.40213 0.82357 0.40342 0.81083 0.41492
						0.89941 0.94183 0.89739 0.92863 0.89937 0.92782 0.9013 0.92753 0.89941
						0.94183 0.89937 0.92782 0.90134 0.94151 0.89941 0.94183 0.9013 0.92753
						0.90313 0.92706 0.90134 0.94151 0.9013 0.92753 0.90317 0.94099 0.90134
						0.94151 0.90313 0.92706 0.90481 0.9264 0.90317 0.94099 0.90313 0.92706
						0.90485 0.94028 0.90317 0.94099 0.90481 0.9264 0.80338 0.43226 0.81679
						0.42091 0.80424 0.43327 0.81586 0.41997 0.81679 0.42091 0.80338 0.43226
						0.80237 0.43108 0.81586 0.41997 0.80338 0.43226 0.81477 0.41887 0.81586
						0.41997 0.80237 0.43108 0.80123 0.42977 0.81477 0.41887 0.80237 0.43108
						0.81355 0.41764 0.81477 0.41887 0.80123 0.42977 0.8 0.42834 0.81355 0.41764
						0.80123 0.42977 0.81222 0.41631 0.81355 0.41764 0.8 0.42834 0.79871 0.42685
						0.81222 0.41631 0.8 0.42834 0.81083 0.41492 0.81222 0.41631 0.79871 0.42685
						0.78697 0.43944 0.7741 0.44893 0.78043 0.44182 0.78579 0.43786 0.78697
						0.43944 0.78043 0.44182 0.78732 0.43656 0.78697 0.43944 0.78579 0.43786
						0.89937 0.92782 0.89739 0.92791 0.89934 0.91303 0.90126 0.91277 0.89937
						0.92782 0.89934 0.91303 0.9013 0.92753 0.89937 0.92782 0.90126 0.91277
						0.90309 0.91235 0.9013 0.92753 0.90126 0.91277 0.90313 0.92706 0.9013
						0.92753 0.90309 0.91235 0.90477 0.91176 0.90313 0.92706 0.90309 0.91235
						0.90481 0.9264 0.90313 0.92706 0.90477 0.91176 0.79007 0.4436 0.80424
						0.43327 0.79086 0.44467 0.80338 0.43226 0.80424 0.43327 0.79007 0.4436
						0.78914 0.44235 0.80338 0.43226 0.79007 0.4436 0.80237 0.43108 0.80338
						0.43226 0.78914 0.44235 0.7881 0.44095 0.80237 0.43108 0.78914 0.44235
						0.80123 0.42977 0.80237 0.43108 0.7881 0.44095 0.78697 0.43944 0.80123
						0.42977 0.7881 0.44095 0.8 0.42834 0.80123 0.42977 0.78697 0.43944 0.78732
						0.43656 0.8 0.42834 0.78697 0.43944 0.79871 0.42685 0.8 0.42834 0.78732
						0.43656 0.62592 0.38285 0.60753 0.37639 0.62592 0.38027 0.51735 0.3285
						0.52648 0.33888 0.52266 0.33488 0.5359 0.14736 0.52872 0.1538299 0.53504
						0.1480399 0.55842 0.14563 0.54503 0.1591399 0.54211 0.14241 0.54906 0.13763
						0.55842 0.14563 0.54211 0.14241 0.55534 0.1339 0.55842 0.14563 0.54906
						0.13763 0.55842 0.14563 0.55534 0.1339 0.55631 0.13332 0.56385 0.12951
						0.55842 0.14563 0.55631 0.13332 0.57355 0.13423 0.55842 0.14563 0.56385
						0.12951 0.57168 0.12619 0.57355 0.13423 0.56385 0.12951 0.5849 0.12803
						0.57355 0.13423 0.57168 0.12619 0.58491 0.11224 0.5849 0.12803 0.57168
						0.12619 0.59013 0.1251699 0.5849 0.12803 0.58491 0.11224 0.53589 0.16633
						0.51752 0.16635 0.52283 0.15999 0.52666 0.15599 0.53589 0.16633 0.52283
						0.15999 0.53589 0.16633 0.52666 0.15599 0.52872 0.1538299 0.5359 0.14736
						0.53589 0.16633 0.52872 0.1538299 0.54503 0.1591399 0.53589 0.16633 0.5359
						0.14736 0.54024 0.1439 0.54503 0.1591399 0.5359 0.14736 0.54211 0.14241
						0.54503 0.1591399 0.54024 0.1439 0.51752 0.16635 0.51489 0.16993 0.51738
						0.1665199 0.51237 0.17339 0.52459 0.19135 0.50751 0.18111 0.53368 0.17449
						0.52459 0.19135 0.51237 0.17339 0.53368 0.17449 0.51237 0.17339 0.51489
						0.16993 0.51752 0.16635 0.53368 0.17449 0.51489 0.16993 0.53589 0.17151
						0.53368 0.17449 0.51752 0.16635 0.53589 0.16633 0.53589 0.17151 0.51752
						0.16635 0.53971 0.16633 0.53589 0.17151 0.53589 0.16633 0.54503 0.1591399
						0.53971 0.16633 0.53589 0.16633 0.50517 0.18545 0.50751 0.18111 0.52459
						0.19135 0.51795 0.20938 0.50517 0.18545 0.52459 0.19135 0.50341 0.1887199
						0.50517 0.18545 0.51795 0.20938 0.49769 0.20222 0.49984 0.19653 0.50341
						0.1887199 0.51795 0.20938 0.49769 0.20222 0.50341 0.1887199 0.4968 0.20454
						0.49769 0.20222 0.51795 0.20938 0.51558 0.2204 0.4968 0.20454 0.51795
						0.20938 0.49429 0.2127299 0.4968 0.20454 0.51558 0.2204 0.4926 0.21991
						0.49429 0.2127299 0.51558 0.2204 0.48994 0.23882 0.51253 0.24742 0.48965
						0.2474099 0.51253 0.24742 0.48994 0.23882 0.49 0.23817 0.49078 0.2302399
						0.51253 0.24742 0.49 0.23817 0.5139 0.2282 0.51253 0.24742 0.49078 0.2302399
						0.49219 0.22167 0.5139 0.2282 0.49078 0.2302399 0.51558 0.2204 0.5139 0.2282
						0.49219 0.22167 0.49249 0.22039 0.51558 0.2204 0.49219 0.22167 0.4926
						0.21991 0.51558 0.2204 0.49249 0.22039 0.48998 0.25662 0.48992 0.25599
						0.48965 0.2474099 0.51253 0.24742 0.48998 0.25662 0.48965 0.2474099 0.49082
						0.26514 0.48998 0.25662 0.51253 0.24742 0.51386 0.26665 0.49082 0.26514
						0.51253 0.24742 0.49225 0.2737 0.49082 0.26514 0.51386 0.26665 0.49242
						0.27441 0.49225 0.2737 0.51386 0.26665 0.51553 0.27445 0.49242 0.27441
						0.51386 0.26665 0.49253 0.27489 0.49242 0.27441 0.51553 0.27445 0.51787
						0.28547 0.49253 0.27489 0.51553 0.27445 0.49422 0.28209 0.49253 0.27489
						0.51787 0.28547 0.50504 0.30938 0.52447 0.30352 0.50766 0.31422 0.49759
						0.29259 0.49672 0.29029 0.49422 0.28209 0.51787 0.28547 0.49759 0.29259
						0.49422 0.28209 0.49975 0.2983 0.49759 0.29259 0.51787 0.28547 0.52447
						0.30352 0.49975 0.2983 0.51787 0.28547 0.50355 0.30662 0.49975 0.2983
						0.52447 0.30352 0.50504 0.30938 0.50355 0.30662 0.52447 0.30352 0.51222
						0.32146 0.50766 0.31422 0.52447 0.30352 0.53353 0.3204 0.51222 0.32146
						0.52447 0.30352 0.51473 0.32491 0.51222 0.32146 0.53353 0.3204 0.52648
						0.33888 0.53526 0.34721 0.52893 0.34144 0.53526 0.34721 0.53572 0.32856
						0.53569 0.34756 0.53572 0.32856 0.53526 0.34721 0.52648 0.33888 0.51735
						0.3285 0.53572 0.32856 0.52648 0.33888 0.53353 0.3204 0.53572 0.32856
						0.51735 0.3285 0.51723 0.32835 0.53353 0.3204 0.51735 0.3285 0.51473 0.32491
						0.53353 0.3204 0.51723 0.32835 0.58463 0.38276 0.58459 0.40588 0.57638
						0.38272 0.57143 0.36877 0.58463 0.38276 0.57638 0.38272 0.53572 0.32856
						0.53353 0.3204 0.53573 0.32339 0.53955 0.32857 0.53572 0.32856 0.53573
						0.32339 0.53569 0.34756 0.53572 0.32856 0.53955 0.32857 0.54485 0.33577
						0.53569 0.34756 0.53955 0.32857 0.54002 0.351 0.53569 0.34756 0.54485
						0.33577 0.55821 0.34931 0.54002 0.351 0.54485 0.33577 0.54191 0.3525 0.54002
						0.351 0.55821 0.34931 0.55821 0.34931 0.57332 0.36075 0.55511 0.36103
						0.54885 0.3573 0.55821 0.34931 0.55511 0.36103 0.54191 0.3525 0.55821
						0.34931 0.54885 0.3573 0.55608 0.36162 0.57143 0.36877 0.56411 0.36568
						0.59554 0.43676 0.6259 0.39529 0.63355 0.43686 0.62941 0.48748 0.61296
						0.48591 0.59554 0.43676 0.63355 0.43686 0.62941 0.48748 0.59554 0.43676
						0.63344 0.48757 0.62941 0.48748 0.63355 0.43686 0.64675 0.48784 0.63344
						0.48757 0.63355 0.43686 0.68256 0.43688 0.68246 0.48436 0.68127 0.48461
						0.66407 0.48688 0.68256 0.43688 0.68127 0.48461 0.73153 0.43679 0.74738
						0.4365 0.7455 0.43804 0.73153 0.43679 0.7455 0.43804 0.74371 0.4401 0.74233
						0.44232 0.73153 0.43679 0.74371 0.4401 0.74128 0.4449 0.73153 0.43679
						0.74233 0.44232 0.74068 0.44754 0.73153 0.43679 0.74128 0.4449 0.74052
						0.45027 0.73153 0.43679 0.74068 0.44754 0.71495 0.47619 0.69826 0.48104
						0.68246 0.48436 0.68256 0.43688 0.71495 0.47619 0.68246 0.48436 0.73135
						0.47003 0.71495 0.47619 0.68256 0.43688 0.73153 0.43679 0.73135 0.47003
						0.68256 0.43688 0.74052 0.45027 0.73135 0.47003 0.73153 0.43679 0.74081
						0.45298 0.73135 0.47003 0.74052 0.45027 0.74153 0.45558 0.73135 0.47003
						0.74081 0.45298 0.74262 0.45797 0.73135 0.47003 0.74153 0.45558 0.74628
						0.46452 0.73135 0.47003 0.74262 0.45797 0.76518 0.43637 0.76263 0.43495
						0.7805 0.39546 0.76022 0.4341 0.75918 0.42218 0.76263 0.43495 0.76022 0.4341
						0.75754 0.43366 0.75918 0.42218 0.76263 0.43495 0.75918 0.42218 0.75978
						0.42067 0.7805 0.39546 0.76263 0.43495 0.75978 0.42067 0.76016 0.41892
						0.7805 0.39546 0.75978 0.42067 0.76026 0.41759 0.7805 0.39546 0.76016
						0.41892 0.7603 0.39544 0.7805 0.39546 0.76026 0.41759 0.73153 0.43679 0.7316
						0.39541 0.74032 0.39542 0.74028 0.41757 0.73153 0.43679 0.74032 0.39542
						0.74041 0.41923 0.73153 0.43679 0.74028 0.41757 0.75127 0.42778 0.75498
						0.43367 0.75232 0.43416 0.75448 0.42687 0.75754 0.43366 0.75498 0.43367
						0.75498 0.43367 0.75127 0.42778 0.75286 0.42747 0.75448 0.42687 0.75498
						0.43367 0.75286 0.42747 0.75588 0.42605 0.75754 0.43366 0.75448 0.42687
						0.75754 0.43366 0.75588 0.42605 0.75722 0.42493 0.75754 0.43366 0.75722
						0.42493 0.75827 0.42369 0.75918 0.42218 0.75754 0.43366 0.75827 0.42369
						0.74738 0.4365 0.7424 0.4239 0.74353 0.42516 0.7449 0.42624 0.74738 0.4365
						0.74353 0.42516 0.74633 0.427 0.74738 0.4365 0.7449 0.42624 0.74794 0.42756
						0.74738 0.4365 0.74633 0.427 0.75232 0.43416 0.74988 0.43503 0.74956 0.42781
						0.75127 0.42778 0.75232 0.43416 0.74956 0.42781 0.74956 0.42781 0.74738
						0.4365 0.74794 0.42756 0.74988 0.43503 0.74738 0.4365 0.74956 0.42781
						0.74081 0.42089 0.73153 0.43679 0.74041 0.41923 0.74149 0.42248 0.73153
						0.43679 0.74081 0.42089 0.74149 0.42248 0.74738 0.4365 0.73153 0.43679
						0.7424 0.4239 0.74738 0.4365 0.74149 0.42248 0.78044 0.43659 0.78043 0.44182
						0.77313 0.44721 0.77007 0.44174 0.78044 0.43659 0.77313 0.44721 0.7689
						0.43996 0.78044 0.43659 0.77007 0.44174 0.76703 0.43788 0.78044 0.43659
						0.7689 0.43996 0.76518 0.43637 0.78044 0.43659 0.76703 0.43788 0.7805
						0.39546 0.78044 0.43659 0.76518 0.43637 0.82208 0.40213 0.7805 0.39546
						0.82731 0.39551 0.78732 0.43656 0.78579 0.43786 0.78043 0.44182 0.78044
						0.43659 0.78732 0.43656 0.78043 0.44182 0.79871 0.42685 0.78732 0.43656
						0.78044 0.43659 0.7805 0.39546 0.79871 0.42685 0.78044 0.43659 0.81083
						0.41492 0.79871 0.42685 0.7805 0.39546 0.82208 0.40213 0.81083 0.41492
						0.7805 0.39546 0.63355 0.43686 0.6259 0.39529 0.63363 0.3953 0.63662 0.39531
						0.63355 0.43686 0.63363 0.3953 0.63658 0.41746 0.63355 0.43686 0.63662
						0.39531 0.63355 0.43686 0.63658 0.41746 0.63671 0.41909 0.63672 0.41915
						0.63355 0.43686 0.63671 0.41909 0.63711 0.42077 0.63355 0.43686 0.63672
						0.41915 0.63779 0.42236 0.63355 0.43686 0.63711 0.42077 0.6387 0.42379
						0.63355 0.43686 0.63779 0.42236 0.63983 0.42504 0.63355 0.43686 0.6387
						0.42379 0.63355 0.43686 0.63983 0.42504 0.64119 0.42612 0.63355 0.43686
						0.64119 0.42612 0.64262 0.42689 0.64423 0.42744 0.63355 0.43686 0.64262
						0.42689 0.64585 0.4277 0.63355 0.43686 0.64423 0.42744 0.64755 0.42768
						0.63355 0.43686 0.64585 0.4277 0.68256 0.43688 0.63355 0.43686 0.64755
						0.42768 0.64675 0.48784 0.63355 0.43686 0.68256 0.43688 0.66407 0.48688
						0.64675 0.48784 0.68256 0.43688 0.68256 0.43688 0.64755 0.42768 0.64915
						0.42737 0.6517 0.42623 0.68256 0.43688 0.64915 0.42737 0.65351 0.42485
						0.68256 0.43688 0.6517 0.42623 0.65457 0.4236 0.68256 0.43688 0.65351
						0.42485 0.68256 0.43688 0.65457 0.4236 0.65548 0.4221 0.68256 0.43688
						0.65548 0.4221 0.65621 0.42 0.65657 0.41748 0.68256 0.43688 0.65621 0.42
						0.69848 0.39537 0.7316 0.39541 0.73153 0.43679 0.68256 0.43688 0.69848
						0.39537 0.73153 0.43679 0.68263 0.39536 0.69848 0.39537 0.68256 0.43688
						0.65657 0.41748 0.68263 0.39536 0.68256 0.43688 0.65661 0.39533 0.68263
						0.39536 0.65657 0.41748 0.58466 0.36697 0.58988 0.36984 0.58463 0.38276
						0.57143 0.36877 0.58466 0.36697 0.58463 0.38276 0.57332 0.36075 0.58466
						0.36697 0.57143 0.36877 0.55608 0.36162 0.57332 0.36075 0.57143 0.36877
						0.55511 0.36103 0.57332 0.36075 0.55608 0.36162 0.58463 0.38276 0.58988
						0.36984 0.60753 0.37639 0.62592 0.38285 0.58463 0.38276 0.60753 0.37639
						0.58459 0.40588 0.58463 0.38276 0.62592 0.38285 0.6259 0.39529 0.58459
						0.40588 0.62592 0.38285 0.59223 0.42741 0.58459 0.40588 0.6259 0.39529
						0.59554 0.43676 0.59223 0.42741 0.6259 0.39529 0.58491 0.11224 0.6262
						0.11223 0.6262 0.11482 0.6078 0.11866 0.58491 0.11224 0.6262 0.11482 0.59013
						0.1251699 0.58491 0.11224 0.6078 0.11866 0.6262 0.09978997 0.63394
						0.05823999 0.63393 0.09979999 0.58491 0.11224 0.57168 0.12619 0.57665
						0.11226 0.58492 0.08911997 0.58491 0.11224 0.57665 0.11226 0.6262 0.11223
						0.58491 0.11224 0.58492 0.08911997 0.6262 0.09978997 0.6262 0.11223 0.58492
						0.08911997 0.68295 0.05831998 0.68294 0.09984999 0.65692 0.09981995 0.65692
						0.07766997 0.68295 0.05831998 0.65692 0.09981995 0.68295 0.05831998 0.65692
						0.07766997 0.65679 0.07603996 0.65678 0.07598 0.68295 0.05831998 0.65679
						0.07603996 0.65642 0.07446998 0.68295 0.05831998 0.65678 0.07598 0.68295
						0.05831998 0.65642 0.07446998 0.65638 0.07433998 0.65636 0.07425999 0.68295
						0.05831998 0.65638 0.07433998 0.65572 0.07277995 0.68295 0.05831998 0.65636
						0.07425999 0.65486 0.07141995 0.68295 0.05831998 0.65572 0.07277995 0.65481
						0.07135999 0.68295 0.05831998 0.65486 0.07141995 0.68295 0.05831998 0.65481
						0.07135999 0.65472 0.07124 0.65369 0.07011997 0.68295 0.05831998 0.65472
						0.07124 0.65363 0.07005 0.68295 0.05831998 0.65369 0.07011997 0.68295
						0.05831998 0.65363 0.07005 0.65239 0.06906998 0.6522 0.06894999 0.68295
						0.05831998 0.65239 0.06906998 0.68295 0.05831998 0.6522 0.06894999 0.65094
						0.06827998 0.65079 0.06819999 0.68295 0.05831998 0.65094 0.06827998 0.64938
						0.06771999 0.68295 0.05831998 0.65079 0.06819999 0.68295 0.05831998 0.64938
						0.06771999 0.64931 0.06768995 0.64909 0.06764 0.68295 0.05831998 0.64931
						0.06768995 0.63394 0.05823999 0.68295 0.05831998 0.64909 0.06764 0.64775
						0.06744998 0.63394 0.05823999 0.64909 0.06764 0.63394 0.05823999 0.64775
						0.06744998 0.64752 0.06742 0.6461 0.06743997 0.63394 0.05823999 0.64752
						0.06742 0.64596 0.06743997 0.63394 0.05823999 0.6461 0.06743997 0.63394
						0.05823999 0.64596 0.06743997 0.64575 0.06746995 0.64448 0.06772994 0.63394
						0.05823999 0.64575 0.06746995 0.64419 0.06778997 0.63394 0.05823999 0.64448
						0.06772994 0.63394 0.05823999 0.64419 0.06778997 0.64292 0.06826996 0.64273
						0.06834 0.63394 0.05823999 0.64292 0.06826996 0.64254 0.06843 0.63394
						0.05823999 0.64273 0.06834 0.63394 0.05823999 0.64254 0.06843 0.64147
						0.06907999 0.64117 0.06926 0.63394 0.05823999 0.64147 0.06907999 0.64017
						0.07010996 0.63394 0.05823999 0.64117 0.06926 0.63394 0.05823999 0.64017
						0.07010996 0.63997 0.07028996 0.63982 0.07042998 0.63394 0.05823999 0.63997
						0.07028996 0.63906 0.07135999 0.63394 0.05823999 0.63982 0.07042998 0.63394
						0.05823999 0.63906 0.07135999 0.6388 0.07167994 0.63815 0.07276999 0.63394
						0.05823999 0.6388 0.07167994 0.63799 0.07305997 0.63394 0.05823999 0.63815
						0.07276999 0.63394 0.05823999 0.63799 0.07305997 0.6379 0.07324999 0.6375
						0.07431995 0.63394 0.05823999 0.6379 0.07324999 0.63733 0.07477998 0.63394
						0.05823999 0.6375 0.07431995 0.63393 0.09979999 0.63693 0.07764995 0.63693
						0.09979999 0.63394 0.05823999 0.63733 0.07477998 0.63709 0.07595998 0.63701
						0.07635998 0.63394 0.05823999 0.63709 0.07595998 0.63393 0.09979999 0.63394
						0.05823999 0.63701 0.07635998 0.63699 0.07655996 0.63393 0.09979999 0.63701
						0.07635998 0.63693 0.07764995 0.63393 0.09979999 0.63699 0.07655996 0.78083
						0.05880999 0.7808 0.09994995 0.7606 0.09992998 0.76061 0.07778 0.78083
						0.05880999 0.7606 0.09992998 0.76048 0.07611995 0.78083 0.05880999 0.76061
						0.07778 0.76008 0.07446998 0.78083 0.05880999 0.76048 0.07611995 0.75941
						0.07288998 0.78083 0.05880999 0.76008 0.07446998 0.78083 0.05880999 0.75941
						0.07288998 0.7585 0.07146 0.78083 0.05880999 0.7585 0.07146 0.75736
						0.07019996 0.75601 0.06913995 0.78083 0.05880999 0.75736 0.07019996 0.75457
						0.06834995 0.78083 0.05880999 0.75601 0.06913995 0.75298 0.06779998 0.78083
						0.05880999 0.75457 0.06834995 0.78083 0.05880999 0.75135 0.06753998 0.73192
						0.05851995 0.75298 0.06779998 0.75135 0.06753998 0.78083 0.05880999 0.73192
						0.05851995 0.75135 0.06753998 0.74967 0.06755995 0.73192 0.05851995 0.74967
						0.06755995 0.74806 0.06786 0.74646 0.06843996 0.73192 0.05851995 0.74806
						0.06786 0.74504 0.06926 0.73192 0.05851995 0.74646 0.06843996 0.74371
						0.07036 0.73192 0.05851995 0.74504 0.06926 0.74264 0.07160997 0.73192
						0.05851995 0.74371 0.07036 0.73192 0.05851995 0.74264 0.07160997 0.74172
						0.07310998 0.73192 0.05851995 0.74172 0.07310998 0.74112 0.07463997 0.74073
						0.07637995 0.73192 0.05851995 0.74112 0.07463997 0.74063 0.07775998 0.73192
						0.05851995 0.74073 0.07637995 0.69879 0.09986996 0.68294 0.09984999 0.68295
						0.05831998 0.73192 0.05851995 0.69879 0.09986996 0.68295 0.05831998 0.73191
						0.0999 0.69879 0.09986996 0.73192 0.05851995 0.74063 0.07775998 0.73191
						0.0999 0.73192 0.05851995 0.74063 0.09990996 0.73191 0.0999 0.74063
						0.07775998 0.82298 0.09407997 0.82762 0.09999996 0.7808 0.09994995 0.78083
						0.05880999 0.82298 0.09407997 0.7808 0.09994995 0.81173 0.08114999 0.82298
						0.09407997 0.78083 0.05880999 0.78774 0.05886 0.81173 0.08114999 0.78083
						0.05880999 0.7996 0.06907999 0.81173 0.08114999 0.78774 0.05886 0.78083
						0.05361998 0.78666 0.05793994 0.78774 0.05886 0.78083 0.05880999 0.78083
						0.05361998 0.78774 0.05886 0.77297 0.04778999 0.78083 0.05361998 0.78083
						0.05880999 0.73192 0.05851995 0.77297 0.04778999 0.78083 0.05880999 0.7586
						0.03867 0.77297 0.04778999 0.73192 0.05851995 0.74362 0.03064996 0.7586
						0.03867 0.73192 0.05851995 0.68295 0.05831998 0.69588 0.01348996 0.71218
						0.01801997 0.72812 0.02374994 0.68295 0.05831998 0.71218 0.01801997 0.73192
						0.05851995 0.68295 0.05831998 0.72812 0.02374994 0.73192 0.02543997 0.73192
						0.05851995 0.72812 0.02374994 0.74362 0.03064996 0.73192 0.05851995 0.73192
						0.02543997 0.64566 0.007249951 0.63394 0.05823999 0.63394 0.007539987
						0.63394 0.05823999 0.64566 0.007249951 0.66253 0.008089959 0.6793 0.01016998
						0.63394 0.05823999 0.66253 0.008089959 0.68295 0.05831998 0.63394 0.05823999
						0.6793 0.01016998 0.68294 0.01089996 0.68295 0.05831998 0.6793 0.01016998
						0.69588 0.01348996 0.68295 0.05831998 0.68294 0.01089996 0.62877 0.007669985
						0.59593 0.05824995 0.61345 0.009139955 0.6262 0.09978997 0.58492 0.08911997
						0.5926 0.06759995 0.59593 0.05824995 0.6262 0.09978997 0.5926 0.06759995
						0.63394 0.05823999 0.6262 0.09978997 0.59593 0.05824995 0.62877 0.007669985
						0.63394 0.05823999 0.59593 0.05824995 0.63394 0.007539987 0.63394 0.05823999
						0.62877 0.007669985 0.14186 0.55019 0.13233 0.53049 0.1401799 0.54615
						0.12073 0.74685 0.1231 0.78146 0.12067 0.78496 0.10601 0.75771 0.11159
						0.74688 0.12073 0.74685 0.12067 0.78496 0.10601 0.75771 0.12073 0.74685
						0.09349 0.77672 0.10601 0.75771 0.12067 0.78496 0.11419 0.79427 0.09349
						0.77672 0.12067 0.78496 0.07905995 0.79423 0.09349 0.77672 0.11419 0.79427
						0.13209 0.76646 0.14166 0.74677 0.13997 0.75081 0.14166 0.74677 0.13209
						0.76646 0.1231 0.78146 0.12073 0.74685 0.14166 0.74677 0.1231 0.78146
						0.1467199 0.73462 0.14166 0.74677 0.12073 0.74685 0.13069 0.69402 0.13431
						0.67138 0.15982 0.68361 0.15727 0.69762 0.13069 0.69402 0.15982 0.68361
						0.12971 0.69766 0.13069 0.69402 0.15727 0.69762 0.15667 0.70093 0.12971
						0.69766 0.15727 0.69762 0.12471 0.71612 0.12971 0.69766 0.15667 0.70093
						0.1523 0.71796 0.12471 0.71612 0.15667 0.70093 0.12076 0.72632 0.12471
						0.71612 0.1523 0.71796 0.12981 0.59928 0.12485 0.58081 0.15678 0.59607
						0.15737 0.59938 0.12981 0.59928 0.15678 0.59607 0.13078 0.60293 0.12981
						0.59928 0.15737 0.59938 0.1598899 0.61339 0.13078 0.60293 0.15737 0.59938
						0.13436 0.62557 0.13078 0.60293 0.1598899 0.61339 0.16175 0.6309 0.13436
						0.62557 0.1598899 0.61339 0.13554 0.64848 0.13436 0.62557 0.16175 0.6309
						0.16236 0.6485 0.13554 0.64848 0.16175 0.6309 0.13431 0.67138 0.13554
						0.64848 0.16236 0.6485 0.16172 0.66611 0.13431 0.67138 0.16236 0.6485
						0.15982 0.68361 0.13431 0.67138 0.16172 0.66611 0.12338 0.51546 0.12093
						0.55007 0.12095 0.51196 0.12093 0.55007 0.12338 0.51546 0.13233 0.53049
						0.14186 0.55019 0.12093 0.55007 0.13233 0.53049 0.12092 0.5706 0.12093
						0.55007 0.14186 0.55019 0.1468999 0.56236 0.12092 0.5706 0.14186 0.55019
						0.12485 0.58081 0.12092 0.5706 0.1468999 0.56236 0.15244 0.57903 0.12485
						0.58081 0.1468999 0.56236 0.15678 0.59607 0.12485 0.58081 0.15244 0.57903
						0.12093 0.55007 0.12092 0.5706 0.11664 0.55948 0.11179 0.55002 0.12093
						0.55007 0.11664 0.55948 0.12095 0.51196 0.12093 0.55007 0.11179 0.55002
						0.10623 0.53918 0.12095 0.51196 0.11179 0.55002 0.11449 0.50264 0.12095
						0.51196 0.10623 0.53918 0.09375995 0.52014 0.11449 0.50264 0.10623 0.53918
						0.07936 0.5026 0.11449 0.50264 0.09375995 0.52014 0.12073 0.74685 0.11159
						0.74688 0.11645 0.73744 0.12076 0.72632 0.12073 0.74685 0.11645 0.73744
						0.1467199 0.73462 0.12073 0.74685 0.12076 0.72632 0.1523 0.71796 0.1467199
						0.73462 0.12076 0.72632 0.82789 0.85909 0.89733 0.85191 0.89733 0.85926
						0.25289 0.79162 0.24252 0.79374 0.24251 0.76954 0.31195 0.78448 0.25289
						0.79162 0.24251 0.76954 0.31195 0.7918 0.25289 0.79162 0.31195 0.78448
						0.24358 0.52189 0.31312 0.51025 0.31301 0.52216 0.25412 0.50431 0.31318
						0.5045 0.31312 0.51025 0.24358 0.52189 0.25412 0.50431 0.31312 0.51025
						0.25414 0.50264 0.25412 0.50431 0.24358 0.52189 0.24377 0.5026 0.25414
						0.50264 0.24358 0.52189 0.82789 0.85909 0.89733 0.85926 0.89732 0.86864
						0.87655 0.86858 0.82789 0.85909 0.89732 0.86864 0.82789 0.88554 0.82789
						0.85909 0.87655 0.86858 0.87655 0.88362 0.82789 0.88554 0.87655 0.86858
						0.87656 0.89802 0.82789 0.88554 0.87655 0.88362 0.82792 0.90666 0.82789
						0.88554 0.87656 0.89802 0.1599799 0.95776 0.15994 0.96855 0.09050995 0.96833
						0.09059995 0.94205 0.1599799 0.95776 0.09050995 0.96833 0.16003 0.94228
						0.1599799 0.95776 0.09059995 0.94205 0.16004 0.93967 0.16003 0.94228
						0.09059995 0.94205 0.09070998 0.91605 0.16004 0.93967 0.09059995 0.94205
						0.16012 0.92172 0.16004 0.93967 0.09070998 0.91605 0.09070998 0.91605
						0.09082996 0.89062 0.1601999 0.90402 0.16014 0.9163 0.09070998 0.91605
						0.1601999 0.90402 0.16012 0.92172 0.09070998 0.91605 0.16014 0.9163
						0.09085994 0.88705 0.09097999 0.86603 0.16039 0.8697 0.16029 0.88665
						0.09085994 0.88705 0.16039 0.8697 0.09082996 0.89062 0.09085994 0.88705
						0.16029 0.88665 0.16027 0.89087 0.09082996 0.89062 0.16029 0.88665 0.1601999
						0.90402 0.09082996 0.89062 0.16027 0.89087 0.09113997 0.84255 0.09130996
						0.82044 0.16061 0.83742 0.16057 0.84284 0.09113997 0.84255 0.16061 0.83742
						0.09106999 0.85337 0.09113997 0.84255 0.16057 0.84284 0.1604999 0.85326
						0.09106999 0.85337 0.16057 0.84284 0.09097999 0.86603 0.09106999 0.85337
						0.1604999 0.85326 0.16041 0.86629 0.09097999 0.86603 0.1604999 0.85326
						0.16039 0.8697 0.09097999 0.86603 0.16041 0.86629 0.16086 0.80785 0.09149998
						0.79994 0.16093 0.80026 0.09134995 0.81676 0.09149998 0.79994 0.16086
						0.80785 0.16075 0.82069 0.09134995 0.81676 0.16086 0.80785 0.09130996
						0.82044 0.09134995 0.81676 0.16075 0.82069 0.16073 0.82225 0.09130996
						0.82044 0.16075 0.82069 0.16061 0.83742 0.09130996 0.82044 0.16073 0.82225
						0.24259 0.83825 0.24255 0.81673 0.31199 0.82394 0.31203 0.83847 0.24259
						0.83825 0.31199 0.82394 0.24261 0.84393 0.24259 0.83825 0.31203 0.83847
						0.31203 0.83861 0.24261 0.84393 0.31203 0.83847 0.24266 0.85808 0.24261
						0.84393 0.31203 0.83861 0.31207 0.85246 0.24266 0.85808 0.31203 0.83861
						0.16093 0.80026 0.09149998 0.79994 0.1609899 0.79428 0.24252 0.79374 0.25289
						0.79162 0.25289 0.79376 0.31195 0.79395 0.24252 0.79374 0.25289 0.79376
						0.2425299 0.80726 0.24252 0.79374 0.31195 0.79395 0.31197 0.80855 0.2425299
						0.80726 0.31195 0.79395 0.24255 0.81673 0.2425299 0.80726 0.31197 0.80855
						0.31198 0.81686 0.24255 0.81673 0.31197 0.80855 0.31199 0.82394 0.24255
						0.81673 0.31198 0.81686 0.2425299 0.74439 0.31197 0.74458 0.31196 0.74976
						0.31195 0.76734 0.2425299 0.74439 0.31196 0.74976 0.24251 0.76954 0.2425299
						0.74439 0.31195 0.76734 0.31195 0.76973 0.24251 0.76954 0.31195 0.76734
						0.31195 0.78448 0.24251 0.76954 0.31195 0.76973 0.31198 0.73181 0.31197
						0.74458 0.2425299 0.74439 0.24257 0.71695 0.31198 0.73181 0.2425299 0.74439
						0.31201 0.71877 0.31198 0.73181 0.24257 0.71695 0.31201 0.71361 0.31201
						0.71877 0.24257 0.71695 0.31206 0.69524 0.31201 0.71361 0.24257 0.71695
						0.24263 0.69237 0.31206 0.69524 0.24257 0.71695 0.31207 0.69259 0.31206
						0.69524 0.24263 0.69237 0.31211 0.67681 0.31207 0.69259 0.24263 0.69237
						0.2427099 0.66606 0.31211 0.67681 0.24263 0.69237 0.31215 0.66629 0.31211
						0.67681 0.2427099 0.66606 0.31218 0.65842 0.31215 0.66629 0.2427099 0.66606
						0.24276 0.65423 0.31218 0.65842 0.2427099 0.66606 0.31225 0.64016 0.31218
						0.65842 0.24276 0.65423 0.24281 0.63994 0.31225 0.64016 0.24276 0.65423
						0.31233 0.62213 0.31225 0.64016 0.24281 0.63994 0.2428799 0.62591 0.31233
						0.62213 0.24281 0.63994 0.31237 0.61455 0.31233 0.62213 0.2428799 0.62591
						0.24294 0.61429 0.31237 0.61455 0.2428799 0.62591 0.31242 0.60442 0.31237
						0.61455 0.24294 0.61429 0.24307 0.58939 0.31242 0.60442 0.24294 0.61429
						0.31251 0.58964 0.31242 0.60442 0.24307 0.58939 0.31252 0.58715 0.31251
						0.58964 0.24307 0.58939 0.24323 0.56552 0.31252 0.58715 0.24307 0.58939
						0.31263 0.57038 0.31252 0.58715 0.24323 0.56552 0.24323 0.56552 0.24339
						0.54294 0.31274 0.55423 0.31266 0.5658 0.24323 0.56552 0.31274 0.55423
						0.31263 0.57038 0.24323 0.56552 0.31266 0.5658 0.24358 0.52189 0.31301
						0.52216 0.31299 0.52408 0.31286 0.53877 0.24358 0.52189 0.31299 0.52408
						0.24339 0.54294 0.24358 0.52189 0.31286 0.53877 0.31283 0.54323 0.24339
						0.54294 0.31286 0.53877 0.31274 0.55423 0.24339 0.54294 0.31283 0.54323
						0.24377 0.5026 0.3132 0.50282 0.25414 0.50264 0.89749 0.9551 0.89755 0.96699
						0.82811 0.96677 0.82806 0.95605 0.89749 0.9551 0.82811 0.96677 0.89746
						0.94865 0.89749 0.9551 0.82806 0.95605 0.82803 0.94855 0.89746 0.94865
						0.82806 0.95605 0.89744 0.94193 0.89746 0.94865 0.82803 0.94855 0.82796
						0.92843 0.89744 0.94193 0.82803 0.94855 0.89739 0.92863 0.89744 0.94193
						0.82796 0.92843 0.89739 0.92791 0.89739 0.92863 0.82796 0.92843 0.82795
						0.9222 0.89739 0.92791 0.82796 0.92843 0.89736 0.91312 0.89739 0.92791
						0.82795 0.9222 0.82792 0.90666 0.89736 0.91312 0.82795 0.9222 0.89735 0.9068
						0.89736 0.91312 0.82792 0.90666 0.87656 0.89802 0.89735 0.9068 0.82792
						0.90666 0.89734 0.89809 0.89735 0.9068 0.87656 0.89802 0.89733 0.85191
						0.82789 0.85909 0.8279 0.84757 0.89735 0.83404 0.89733 0.85191 0.8279
						0.84757 0.82791 0.83382 0.89735 0.83404 0.8279 0.84757 0.89735 0.83393
						0.89735 0.83404 0.82791 0.83382 0.82795 0.8098 0.89735 0.83393 0.82791
						0.83382 0.82795 0.8098 0.82802 0.78168 0.89741 0.79714 0.89739 0.80812
						0.82795 0.8098 0.89741 0.79714 0.89737 0.81565 0.82795 0.8098 0.89739
						0.80812 0.89735 0.83393 0.82795 0.8098 0.89737 0.81565 0.8281 0.75538
						0.89754 0.75561 0.89752 0.75991 0.89746 0.77853 0.8281 0.75538 0.89752
						0.75991 0.82802 0.78168 0.8281 0.75538 0.89746 0.77853 0.89745 0.7819
						0.82802 0.78168 0.89746 0.77853 0.89741 0.79714 0.82802 0.78168 0.89745
						0.7819 0.89759 0.74138 0.89754 0.75561 0.8281 0.75538 0.82821 0.72932
						0.89759 0.74138 0.8281 0.75538 0.89764 0.72954 0.89759 0.74138 0.82821
						0.72932 0.89957 0.74141 0.89754 0.75561 0.89759 0.74138 0.89944 0.77854
						0.89745 0.7819 0.89746 0.77853 0.89932 0.8339 0.89735 0.83404 0.89735
						0.83393 0.89957 0.74141 0.89942 0.7295 0.89962 0.72949 0.90332 0.7416 0.9032
						0.72916 0.90337 0.72913 0.62897 0.49472 0.61578 0.49395 0.61563 0.49353
						0.62918 0.49138 0.6145 0.49027 0.61441 0.49002 0.89732 0.86864 0.89733
						0.85926 0.89928 0.86858 0.89928 0.86858 0.89931 0.85186 0.90123 0.85172
						0.90126 0.86837 0.89928 0.86858 0.90123 0.85172 0.90306 0.85149 0.90126
						0.86837 0.90123 0.85172 0.90311 0.86803 0.90126 0.86837 0.90306 0.85149
						0.90474 0.85117 0.90311 0.86803 0.90306 0.85149 0.90489 0.86753 0.90311
						0.86803 0.90474 0.85117 0.90623 0.85077 0.90489 0.86753 0.90474 0.85117
						0.90632 0.86696 0.90489 0.86753 0.90623 0.85077 0.73331 0.47533 0.74912
						0.46964 0.73388 0.47679 0.74832 0.46819 0.74912 0.46964 0.73331 0.47533
						0.73267 0.47369 0.74832 0.46819 0.73331 0.47533 0.73267 0.47369 0.73197
						0.47193 0.74747 0.46664 0.74832 0.46819 0.73267 0.47369 0.74747 0.46664
						0.74628 0.46452 0.73197 0.47193 0.73135 0.47003 0.74747 0.46664 0.73197
						0.47193 0.74628 0.46452 0.6293 0.48947 0.62918 0.49138 0.61441 0.49002
						0.61376 0.48817 0.6293 0.48947 0.61441 0.49002 0.6137 0.48802 0.6293 0.48947
						0.61376 0.48817 0.62907 0.49314 0.62897 0.49472 0.61563 0.49353 0.62907
						0.49314 0.61563 0.49353 0.61524 0.49239 0.61506 0.49187 0.62907 0.49314
						0.61524 0.49239 0.62918 0.49138 0.62907 0.49314 0.61506 0.49187 0.6146
						0.49058 0.62918 0.49138 0.61506 0.49187 0.6145 0.49027 0.62918 0.49138
						0.6146 0.49058 0.905 0.74176 0.90332 0.7416 0.90337 0.72913 0.905 0.74176
						0.90337 0.72913 0.90477 0.72888 0.90505 0.72881 0.905 0.74176 0.90477
						0.72888 0.90649 0.74196 0.905 0.74176 0.90505 0.72881 0.90558 0.72869
						0.90649 0.74196 0.90505 0.72881 0.90618 0.72853 0.90649 0.74196 0.90558
						0.72869 0.9015 0.74149 0.89957 0.74141 0.89962 0.72949 0.9015 0.74149
						0.89962 0.72949 0.90113 0.7294 0.90154 0.72935 0.9015 0.74149 0.90113 0.7294
						0.90332 0.7416 0.9015 0.74149 0.90154 0.72935 0.9028 0.72921 0.90332 0.7416
						0.90154 0.72935 0.9032 0.72916 0.90332 0.7416 0.9028 0.72921 0.89957 0.74141
						0.89759 0.74138 0.89764 0.72954 0.89882 0.72952 0.89957 0.74141 0.89764
						0.72954 0.89942 0.7295 0.89957 0.74141 0.89882 0.72952 0.89931 0.85186
						0.89928 0.86858 0.89733 0.85926 0.89733 0.85191 0.89931 0.85186 0.89733
						0.85926 0.89735 0.83404 0.89931 0.85186 0.89733 0.85191 0.89935 0.81563
						0.89735 0.83393 0.89737 0.81565 0.89739 0.80812 0.89935 0.81563 0.89737
						0.81565 0.89939 0.79714 0.89739 0.80812 0.89741 0.79714 0.89745 0.7819
						0.89939 0.79714 0.89741 0.79714 0.8995 0.75993 0.89746 0.77853 0.89752
						0.75991 0.89754 0.75561 0.8995 0.75993 0.89752 0.75991 0.89931 0.85186
						0.89735 0.83404 0.89932 0.8339 0.90125 0.8338 0.89931 0.85186 0.89932 0.8339
						0.90123 0.85172 0.89931 0.85186 0.90125 0.8338 0.90308 0.83362 0.90123
						0.85172 0.90125 0.8338 0.90306 0.85149 0.90123 0.85172 0.90308 0.83362
						0.90476 0.83338 0.90306 0.85149 0.90308 0.83362 0.90474 0.85117 0.90306
						0.85149 0.90476 0.83338 0.90625 0.83307 0.90474 0.85117 0.90476 0.83338
						0.90623 0.85077 0.90474 0.85117 0.90625 0.83307 0.71663 0.48158 0.73388
						0.47679 0.71709 0.48308 0.73331 0.47533 0.73388 0.47679 0.71663 0.48158
						0.71611 0.4799 0.73331 0.47533 0.71663 0.48158 0.73267 0.47369 0.73331
						0.47533 0.71611 0.4799 0.71555 0.47809 0.73267 0.47369 0.71611 0.4799
						0.73197 0.47193 0.73267 0.47369 0.71555 0.47809 0.71495 0.47619 0.73197
						0.47193 0.71555 0.47809 0.73135 0.47003 0.73197 0.47193 0.71495 0.47619
						0.89932 0.8339 0.89735 0.83393 0.89935 0.81563 0.90128 0.81556 0.89932
						0.8339 0.89935 0.81563 0.90125 0.8338 0.89932 0.8339 0.90128 0.81556 0.90311
						0.81544 0.90125 0.8338 0.90128 0.81556 0.90308 0.83362 0.90125 0.8338
						0.90311 0.81544 0.90479 0.81528 0.90308 0.83362 0.90311 0.81544 0.90476
						0.83338 0.90308 0.83362 0.90479 0.81528 0.90628 0.81507 0.90476 0.83338
						0.90479 0.81528 0.90625 0.83307 0.90476 0.83338 0.90628 0.81507 0.69955
						0.48655 0.71709 0.48308 0.6999 0.48808 0.71663 0.48158 0.71709 0.48308
						0.69955 0.48655 0.69915 0.48483 0.71663 0.48158 0.69955 0.48655 0.71611
						0.4799 0.71663 0.48158 0.69915 0.48483 0.69872 0.48298 0.71611 0.4799
						0.69915 0.48483 0.71555 0.47809 0.71611 0.4799 0.69872 0.48298 0.69826
						0.48104 0.71555 0.47809 0.69872 0.48298 0.71495 0.47619 0.71555 0.47809
						0.69826 0.48104 0.68246 0.48436 0.68159 0.48658 0.68127 0.48461 0.89935
						0.81563 0.89739 0.80812 0.89939 0.79714 0.90132 0.7971 0.89935 0.81563
						0.89939 0.79714 0.90128 0.81556 0.89935 0.81563 0.90132 0.7971 0.90315
						0.79705 0.90128 0.81556 0.90132 0.7971 0.90311 0.81544 0.90128 0.81556
						0.90315 0.79705 0.90483 0.79696 0.90311 0.81544 0.90315 0.79705 0.90479
						0.81528 0.90311 0.81544 0.90483 0.79696 0.90632 0.79686 0.90479 0.81528
						0.90483 0.79696 0.90628 0.81507 0.90479 0.81528 0.90632 0.79686 0.68216
						0.4902 0.6999 0.48808 0.6824 0.49176 0.69955 0.48655 0.6999 0.48808 0.68216
						0.4902 0.68189 0.48846 0.69955 0.48655 0.68216 0.4902 0.69915 0.48483
						0.69955 0.48655 0.68189 0.48846 0.68159 0.48658 0.69915 0.48483 0.68189
						0.48846 0.69872 0.48298 0.69915 0.48483 0.68159 0.48658 0.68246 0.48436
						0.69872 0.48298 0.68159 0.48658 0.69826 0.48104 0.69872 0.48298 0.68246
						0.48436 0.89939 0.79714 0.89745 0.7819 0.89944 0.77854 0.90137 0.77854
						0.89939 0.79714 0.89944 0.77854 0.90132 0.7971 0.89939 0.79714 0.90137
						0.77854 0.9032 0.77854 0.90132 0.7971 0.90137 0.77854 0.90315 0.79705
						0.90132 0.7971 0.9032 0.77854 0.90488 0.77854 0.90315 0.79705 0.9032 0.77854
						0.90483 0.79696 0.90315 0.79705 0.90488 0.77854 0.90637 0.77853 0.90483
						0.79696 0.90488 0.77854 0.90632 0.79686 0.90483 0.79696 0.90637 0.77853
						0.66455 0.49253 0.6824 0.49176 0.66468 0.4941 0.68216 0.4902 0.6824 0.49176
						0.66455 0.49253 0.6644 0.49077 0.68216 0.4902 0.66455 0.49253 0.68189
						0.48846 0.68216 0.4902 0.6644 0.49077 0.66424 0.48887 0.68189 0.48846 0.6644
						0.49077 0.68159 0.48658 0.68189 0.48846 0.66424 0.48887 0.66407 0.48688
						0.68159 0.48658 0.66424 0.48887 0.68127 0.48461 0.68159 0.48658 0.66407
						0.48688 0.89944 0.77854 0.89746 0.77853 0.8995 0.75993 0.90143 0.75997
						0.89944 0.77854 0.8995 0.75993 0.90137 0.77854 0.89944 0.77854 0.90143
						0.75997 0.90325 0.76003 0.90137 0.77854 0.90143 0.75997 0.9032 0.77854
						0.90137 0.77854 0.90325 0.76003 0.90494 0.76011 0.9032 0.77854 0.90325
						0.76003 0.90488 0.77854 0.9032 0.77854 0.90494 0.76011 0.90642 0.7602
						0.90488 0.77854 0.90494 0.76011 0.90637 0.77853 0.90488 0.77854 0.90642
						0.7602 0.64682 0.49351 0.66468 0.4941 0.64683 0.49509 0.66455 0.49253
						0.66468 0.4941 0.64682 0.49351 0.6468 0.49174 0.66455 0.49253 0.64682
						0.49351 0.6644 0.49077 0.66455 0.49253 0.6468 0.49174 0.64678 0.48984 0.6644
						0.49077 0.6468 0.49174 0.66424 0.48887 0.6644 0.49077 0.64678 0.48984
						0.64675 0.48784 0.66424 0.48887 0.64678 0.48984 0.66407 0.48688 0.66424
						0.48887 0.64675 0.48784 0.6293 0.48947 0.6137 0.48802 0.61296 0.48591
						0.62941 0.48748 0.6293 0.48947 0.61296 0.48591 0.63344 0.48757 0.6293
						0.48947 0.62941 0.48748 0.8995 0.75993 0.89754 0.75561 0.89957 0.74141
						0.9015 0.74149 0.8995 0.75993 0.89957 0.74141 0.90143 0.75997 0.8995 0.75993
						0.9015 0.74149 0.90332 0.7416 0.90143 0.75997 0.9015 0.74149 0.90325 0.76003
						0.90143 0.75997 0.90332 0.7416 0.905 0.74176 0.90325 0.76003 0.90332 0.7416
						0.90494 0.76011 0.90325 0.76003 0.905 0.74176 0.90649 0.74196 0.90494
						0.76011 0.905 0.74176 0.90642 0.7602 0.90494 0.76011 0.90649 0.74196 0.62907
						0.49314 0.64683 0.49509 0.62897 0.49472 0.64682 0.49351 0.64683 0.49509
						0.62907 0.49314 0.62918 0.49138 0.64682 0.49351 0.62907 0.49314 0.6468
						0.49174 0.64682 0.49351 0.62918 0.49138 0.6293 0.48947 0.6468 0.49174
						0.62918 0.49138 0.64678 0.48984 0.6468 0.49174 0.6293 0.48947 0.63344
						0.48757 0.64678 0.48984 0.6293 0.48947 0.64675 0.48784 0.64678 0.48984
						0.63344 0.48757 0.3151 0.51037 0.31301 0.52216 0.31312 0.51025 0.31484
						0.53887 0.31283 0.54323 0.31286 0.53877 0.3145 0.58722 0.31251 0.58964
						0.31252 0.58715 0.31423 0.64019 0.31218 0.65842 0.31225 0.64016 0.31415
						0.65844 0.31215 0.66629 0.31218 0.65842 0.31399 0.7136 0.31201 0.71877
						0.31201 0.71361 0.31393 0.76729 0.31195 0.76973 0.31195 0.76734 0.31702
						0.51072 0.31537 0.50454 0.31706 0.50464 0.1289499 0.78548 0.12392 0.79428
						0.12293 0.79428 0.12472 0.78257 0.12067 0.78496 0.1231 0.78146 0.11891
						0.79427 0.12472 0.78257 0.12626 0.78363 0.12472 0.78257 0.11891 0.79427
						0.11788 0.79427 0.11662 0.79427 0.12472 0.78257 0.11788 0.79427 0.12067
						0.78496 0.12472 0.78257 0.11662 0.79427 0.1157799 0.79427 0.12067 0.78496
						0.11662 0.79427 0.11419 0.79427 0.12067 0.78496 0.1157799 0.79427 0.12768
						0.78461 0.1289499 0.78548 0.12293 0.79428 0.12768 0.78461 0.12293 0.79428
						0.1220999 0.79428 0.12106 0.79427 0.12768 0.78461 0.1220999 0.79428 0.12626
						0.78363 0.12768 0.78461 0.12106 0.79427 0.12044 0.79427 0.12626 0.78363
						0.12106 0.79427 0.11891 0.79427 0.12626 0.78363 0.12044 0.79427 0.1289499
						0.78548 0.13003 0.78623 0.1245599 0.79428 0.16982 0.58222 0.1694099 0.59011
						0.16939 0.58207 0.12392 0.79428 0.1289499 0.78548 0.12418 0.79428 0.31885
						0.51127 0.31702 0.51072 0.31706 0.50464 0.31885 0.51127 0.31706 0.50464
						0.31787 0.50471 0.3189 0.50483 0.31885 0.51127 0.31787 0.50471 0.32053
						0.51203 0.31885 0.51127 0.3189 0.50483 0.31952 0.5049 0.32053 0.51203 0.3189
						0.50483 0.32058 0.50506 0.32053 0.51203 0.31952 0.5049 0.31516 0.50454
						0.31537 0.50454 0.31702 0.51072 0.3151 0.51037 0.31516 0.50454 0.31702
						0.51072 0.31375 0.5045 0.31516 0.50454 0.3151 0.51037 0.31312 0.51025
						0.31375 0.5045 0.3151 0.51037 0.31318 0.5045 0.31375 0.5045 0.31312 0.51025
						0.31335 0.79182 0.31392 0.78442 0.31353 0.79183 0.31392 0.78442 0.31585
						0.78423 0.3151 0.7919 0.31392 0.79185 0.31392 0.78442 0.3151 0.7919 0.31353
						0.79183 0.31392 0.78442 0.31392 0.79185 0.31768 0.78391 0.31767 0.79213
						0.31701 0.79205 0.31664 0.79202 0.31768 0.78391 0.31701 0.79205 0.31585
						0.78423 0.31768 0.78391 0.31664 0.79202 0.31585 0.79196 0.31585 0.78423
						0.31664 0.79202 0.3151 0.7919 0.31585 0.78423 0.31585 0.79196 0.31853
						0.79224 0.31767 0.79213 0.31768 0.78391 0.31936 0.78347 0.31853 0.79224
						0.31768 0.78391 0.31874 0.79227 0.31853 0.79224 0.31936 0.78347 0.31936
						0.78347 0.32085 0.78293 0.3202 0.79252 0.31935 0.79237 0.31936 0.78347
						0.3202 0.79252 0.31874 0.79227 0.31936 0.78347 0.31935 0.79237 0.12796
						0.51233 0.12135 0.50264 0.12206 0.50264 0.12236 0.50264 0.12796 0.51233
						0.12206 0.50264 0.12923 0.51145 0.12796 0.51233 0.12236 0.50264 0.1232399
						0.50264 0.12923 0.51145 0.12236 0.50264 0.12404 0.50264 0.12923 0.51145
						0.1232399 0.50264 0.11988 0.50264 0.12135 0.50264 0.12796 0.51233 0.1265299
						0.5133 0.11988 0.50264 0.12796 0.51233 0.11922 0.50264 0.11988 0.50264
						0.1265299 0.5133 0.12095 0.51196 0.12499 0.51436 0.12338 0.51546 0.11739
						0.50264 0.11922 0.50264 0.1265299 0.5133 0.12499 0.51436 0.11739 0.50264
						0.1265299 0.5133 0.1169199 0.50264 0.11739 0.50264 0.12499 0.51436 0.12095
						0.51196 0.1169199 0.50264 0.12499 0.51436 0.11449 0.50264 0.1169199 0.50264
						0.12095 0.51196 0.31195 0.78448 0.31195 0.76973 0.31392 0.78442 0.31335
						0.79182 0.31195 0.78448 0.31392 0.78442 0.31195 0.7918 0.31195 0.78448
						0.31335 0.79182 0.31394 0.74972 0.31195 0.76734 0.31196 0.74976 0.31197
						0.74458 0.31394 0.74972 0.31196 0.74976 0.31396 0.73179 0.31197 0.74458
						0.31198 0.73181 0.31201 0.71877 0.31396 0.73179 0.31198 0.73181 0.31403
						0.69524 0.31201 0.71361 0.31206 0.69524 0.31207 0.69259 0.31403 0.69524
						0.31206 0.69524 0.31409 0.67682 0.31207 0.69259 0.31211 0.67681 0.31215
						0.66629 0.31409 0.67682 0.31211 0.67681 0.31431 0.62217 0.31225 0.64016
						0.31233 0.62213 0.31237 0.61455 0.31431 0.62217 0.31233 0.62213 0.3144
						0.60448 0.31237 0.61455 0.31242 0.60442 0.31251 0.58964 0.3144 0.60448
						0.31242 0.60442 0.31461 0.57047 0.31252 0.58715 0.31263 0.57038 0.31266
						0.5658 0.31461 0.57047 0.31263 0.57038 0.31472 0.55432 0.31266 0.5658
						0.31274 0.55423 0.31283 0.54323 0.31472 0.55432 0.31274 0.55423 0.31497
						0.52419 0.31286 0.53877 0.31299 0.52408 0.31301 0.52216 0.31497 0.52419
						0.31299 0.52408 0.31392 0.78442 0.31195 0.76973 0.31393 0.76729 0.31585
						0.76714 0.31392 0.78442 0.31393 0.76729 0.31585 0.78423 0.31392 0.78442
						0.31585 0.76714 0.31768 0.76687 0.31585 0.78423 0.31585 0.76714 0.31768
						0.78391 0.31585 0.78423 0.31768 0.76687 0.31936 0.76651 0.31768 0.78391
						0.31768 0.76687 0.31936 0.78347 0.31768 0.78391 0.31936 0.76651 0.32085
						0.76607 0.31936 0.78347 0.31936 0.76651 0.32085 0.78293 0.31936 0.78347
						0.32085 0.76607 0.13712 0.52771 0.12923 0.51145 0.13845 0.52693 0.12796
						0.51233 0.12923 0.51145 0.13712 0.52771 0.13563 0.52857 0.12796 0.51233
						0.13712 0.52771 0.1265299 0.5133 0.12796 0.51233 0.13563 0.52857 0.13402
						0.52951 0.1265299 0.5133 0.13563 0.52857 0.12499 0.51436 0.1265299 0.5133
						0.13402 0.52951 0.13233 0.53049 0.12499 0.51436 0.13402 0.52951 0.12338
						0.51546 0.12499 0.51436 0.13233 0.53049 0.31393 0.76729 0.31195 0.76734
						0.31394 0.74972 0.31586 0.7496 0.31393 0.76729 0.31394 0.74972 0.31585
						0.76714 0.31393 0.76729 0.31586 0.7496 0.31769 0.74939 0.31585 0.76714
						0.31586 0.7496 0.31768 0.76687 0.31585 0.76714 0.31769 0.74939 0.31937
						0.74911 0.31768 0.76687 0.31769 0.74939 0.31936 0.76651 0.31768 0.76687
						0.31937 0.74911 0.32086 0.74875 0.31936 0.76651 0.31937 0.74911 0.32085
						0.76607 0.31936 0.76651 0.32086 0.74875 0.14516 0.54374 0.13845 0.52693
						0.14654 0.54307 0.13712 0.52771 0.13845 0.52693 0.14516 0.54374 0.14361
						0.54449 0.13712 0.52771 0.14516 0.54374 0.13563 0.52857 0.13712 0.52771
						0.14361 0.54449 0.1419399 0.5453 0.13563 0.52857 0.14361 0.54449 0.13402
						0.52951 0.13563 0.52857 0.1419399 0.5453 0.1401799 0.54615 0.13402 0.52951
						0.1419399 0.5453 0.13233 0.53049 0.13402 0.52951 0.1401799 0.54615 0.14186
						0.55019 0.14871 0.56164 0.1468999 0.56236 0.31394 0.74972 0.31197 0.74458
						0.31396 0.73179 0.31589 0.7317 0.31394 0.74972 0.31396 0.73179 0.31586
						0.7496 0.31394 0.74972 0.31589 0.7317 0.31772 0.73155 0.31586 0.7496 0.31589
						0.7317 0.31769 0.74939 0.31586 0.7496 0.31772 0.73155 0.3194 0.73135 0.31769
						0.74939 0.31772 0.73155 0.31937 0.74911 0.31769 0.74939 0.3194 0.73135
						0.32089 0.73109 0.31937 0.74911 0.3194 0.73135 0.32086 0.74875 0.31937
						0.74911 0.32089 0.73109 0.15204 0.56033 0.14654 0.54307 0.15346 0.55976
						0.14516 0.54374 0.14654 0.54307 0.15204 0.56033 0.15044 0.56096 0.14516
						0.54374 0.15204 0.56033 0.14361 0.54449 0.14516 0.54374 0.15044 0.56096
						0.14871 0.56164 0.14361 0.54449 0.15044 0.56096 0.1419399 0.5453 0.14361
						0.54449 0.14871 0.56164 0.14186 0.55019 0.1419399 0.5453 0.14871 0.56164
						0.1401799 0.54615 0.1419399 0.5453 0.14186 0.55019 0.31396 0.73179 0.31201
						0.71877 0.31399 0.7136 0.31592 0.71354 0.31396 0.73179 0.31399 0.7136
						0.31589 0.7317 0.31396 0.73179 0.31592 0.71354 0.31775 0.71345 0.31589
						0.7317 0.31592 0.71354 0.31772 0.73155 0.31589 0.7317 0.31775 0.71345
						0.31943 0.71333 0.31772 0.73155 0.31775 0.71345 0.3194 0.73135 0.31772
						0.73155 0.31943 0.71333 0.32092 0.71317 0.3194 0.73135 0.31943 0.71333
						0.32089 0.73109 0.3194 0.73135 0.32092 0.71317 0.15771 0.57739 0.15346
						0.55976 0.15917 0.57694 0.15204 0.56033 0.15346 0.55976 0.15771 0.57739
						0.1560699 0.5779 0.15204 0.56033 0.15771 0.57739 0.15044 0.56096 0.15204
						0.56033 0.1560699 0.5779 0.1543 0.57845 0.15044 0.56096 0.1560699 0.5779
						0.14871 0.56164 0.15044 0.56096 0.1543 0.57845 0.15244 0.57903 0.14871
						0.56164 0.1543 0.57845 0.1468999 0.56236 0.14871 0.56164 0.15244 0.57903
						0.31399 0.7136 0.31201 0.71361 0.31403 0.69524 0.31596 0.69523 0.31399
						0.7136 0.31403 0.69524 0.31592 0.71354 0.31399 0.7136 0.31596 0.69523
						0.31779 0.69519 0.31592 0.71354 0.31596 0.69523 0.31775 0.71345 0.31592
						0.71354 0.31779 0.69519 0.31947 0.69515 0.31775 0.71345 0.31779 0.69519
						0.31943 0.71333 0.31775 0.71345 0.31947 0.69515 0.32096 0.69509 0.31943
						0.71333 0.31947 0.69515 0.32092 0.71317 0.31943 0.71333 0.32096 0.69509
						0.16215 0.59484 0.15917 0.57694 0.16364 0.59449 0.15771 0.57739 0.15917
						0.57694 0.16215 0.59484 0.16048 0.59522 0.15771 0.57739 0.16215 0.59484
						0.1560699 0.5779 0.15771 0.57739 0.16048 0.59522 0.15867 0.59564 0.1560699
						0.5779 0.16048 0.59522 0.1543 0.57845 0.1560699 0.5779 0.15867 0.59564
						0.15678 0.59607 0.1543 0.57845 0.15867 0.59564 0.15244 0.57903 0.1543
						0.57845 0.15678 0.59607 0.15737 0.59938 0.16181 0.6131 0.1598899 0.61339
						0.31403 0.69524 0.31207 0.69259 0.31409 0.67682 0.31602 0.67684 0.31403
						0.69524 0.31409 0.67682 0.31596 0.69523 0.31403 0.69524 0.31602 0.67684
						0.31784 0.67687 0.31596 0.69523 0.31602 0.67684 0.31779 0.69519 0.31596
						0.69523 0.31784 0.67687 0.31952 0.6769 0.31779 0.69519 0.31784 0.67687
						0.31947 0.69515 0.31779 0.69519 0.31952 0.6769 0.32101 0.67694 0.31947
						0.69515 0.31952 0.6769 0.32096 0.69509 0.31947 0.69515 0.32101 0.67694
						0.1653299 0.61257 0.16364 0.59449 0.16684 0.61234 0.16215 0.59484 0.16364
						0.59449 0.1653299 0.61257 0.16364 0.61282 0.16215 0.59484 0.1653299 0.61257
						0.16048 0.59522 0.16215 0.59484 0.16364 0.61282 0.16181 0.6131 0.16048
						0.59522 0.16364 0.61282 0.15867 0.59564 0.16048 0.59522 0.16181 0.6131
						0.15737 0.59938 0.15867 0.59564 0.16181 0.6131 0.15678 0.59607 0.15867
						0.59564 0.15737 0.59938 0.31409 0.67682 0.31215 0.66629 0.31415 0.65844
						0.31608 0.65849 0.31409 0.67682 0.31415 0.65844 0.31602 0.67684 0.31409
						0.67682 0.31608 0.65849 0.31791 0.65858 0.31602 0.67684 0.31608 0.65849
						0.31784 0.67687 0.31602 0.67684 0.31791 0.65858 0.31959 0.65869 0.31784
						0.67687 0.31791 0.65858 0.31952 0.6769 0.31784 0.67687 0.31959 0.65869
						0.32108 0.65883 0.31952 0.6769 0.31959 0.65869 0.32101 0.67694 0.31952
						0.6769 0.32108 0.65883 0.16724 0.63049 0.16684 0.61234 0.16876 0.63038
						0.1653299 0.61257 0.16684 0.61234 0.16724 0.63049 0.16553 0.63062 0.1653299
						0.61257 0.16724 0.63049 0.16364 0.61282 0.1653299 0.61257 0.16553 0.63062
						0.16369 0.63076 0.16364 0.61282 0.16553 0.63062 0.16181 0.6131 0.16364
						0.61282 0.16369 0.63076 0.16175 0.6309 0.16181 0.6131 0.16369 0.63076
						0.1598899 0.61339 0.16181 0.6131 0.16175 0.6309 0.31415 0.65844 0.31218
						0.65842 0.31423 0.64019 0.31615 0.64028 0.31415 0.65844 0.31423 0.64019
						0.31608 0.65849 0.31415 0.65844 0.31615 0.64028 0.31798 0.64042 0.31608
						0.65849 0.31615 0.64028 0.31791 0.65858 0.31608 0.65849 0.31798 0.64042
						0.31966 0.64062 0.31791 0.65858 0.31798 0.64042 0.31959 0.65869 0.31791
						0.65858 0.31966 0.64062 0.32115 0.64085 0.31959 0.65869 0.31966 0.64062
						0.32108 0.65883 0.31959 0.65869 0.32115 0.64085 0.16786 0.64851 0.16876
						0.63038 0.16939 0.64851 0.16724 0.63049 0.16876 0.63038 0.16786 0.64851
						0.16615 0.64851 0.16724 0.63049 0.16786 0.64851 0.16553 0.63062 0.16724
						0.63049 0.16615 0.64851 0.1643 0.64851 0.16553 0.63062 0.16615 0.64851
						0.16369 0.63076 0.16553 0.63062 0.1643 0.64851 0.16236 0.6485 0.16369
						0.63076 0.1643 0.64851 0.16175 0.6309 0.16369 0.63076 0.16236 0.6485 0.31423
						0.64019 0.31225 0.64016 0.31431 0.62217 0.31623 0.6223 0.31423 0.64019
						0.31431 0.62217 0.31615 0.64028 0.31423 0.64019 0.31623 0.6223 0.31806
						0.6225 0.31615 0.64028 0.31623 0.6223 0.31798 0.64042 0.31615 0.64028
						0.31806 0.6225 0.31974 0.62277 0.31798 0.64042 0.31806 0.6225 0.31966
						0.64062 0.31798 0.64042 0.31974 0.62277 0.32123 0.6231 0.31966 0.64062
						0.31974 0.62277 0.32115 0.64085 0.31966 0.64062 0.32123 0.6231 0.1672
						0.66653 0.16939 0.64851 0.16873 0.66664 0.16786 0.64851 0.16939 0.64851
						0.1672 0.66653 0.1655 0.6664 0.16786 0.64851 0.1672 0.66653 0.16615 0.64851
						0.16786 0.64851 0.1655 0.6664 0.16365 0.66625 0.16615 0.64851 0.1655 0.6664
						0.1643 0.64851 0.16615 0.64851 0.16365 0.66625 0.16172 0.66611 0.1643
						0.64851 0.16365 0.66625 0.16236 0.6485 0.1643 0.64851 0.16172 0.66611
						0.31431 0.62217 0.31237 0.61455 0.3144 0.60448 0.31633 0.60464 0.31431
						0.62217 0.3144 0.60448 0.31623 0.6223 0.31431 0.62217 0.31633 0.60464
						0.31815 0.6049 0.31623 0.6223 0.31633 0.60464 0.31806 0.6225 0.31623 0.6223
						0.31815 0.6049 0.31983 0.60525 0.31806 0.6225 0.31815 0.6049 0.31974 0.62277
						0.31806 0.6225 0.31983 0.60525 0.32132 0.60568 0.31974 0.62277 0.31983
						0.60525 0.32123 0.6231 0.31974 0.62277 0.32132 0.60568 0.16526 0.68444
						0.16873 0.66664 0.16677 0.68468 0.1672 0.66653 0.16873 0.66664 0.16526
						0.68444 0.16356 0.68419 0.1672 0.66653 0.16526 0.68444 0.1655 0.6664 0.1672
						0.66653 0.16356 0.68419 0.1617299 0.68391 0.1655 0.6664 0.16356 0.68419
						0.16365 0.66625 0.1655 0.6664 0.1617299 0.68391 0.15982 0.68361 0.16365
						0.66625 0.1617299 0.68391 0.16172 0.66611 0.16365 0.66625 0.15982 0.68361
						0.15727 0.69762 0.15856 0.70136 0.15667 0.70093 0.3144 0.60448 0.31251
						0.58964 0.3145 0.58722 0.31642 0.58741 0.3144 0.60448 0.3145 0.58722 0.31633
						0.60464 0.3144 0.60448 0.31642 0.58741 0.31825 0.58772 0.31633 0.60464
						0.31642 0.58741 0.31815 0.6049 0.31633 0.60464 0.31825 0.58772 0.31993
						0.58814 0.31815 0.6049 0.31825 0.58772 0.31983 0.60525 0.31815 0.6049
						0.31993 0.58814 0.32142 0.58867 0.31983 0.60525 0.31993 0.58814 0.32132
						0.60568 0.31983 0.60525 0.32142 0.58867 0.1620399 0.70217 0.16677 0.68468
						0.1635299 0.70251 0.16526 0.68444 0.16677 0.68468 0.1620399 0.70217
						0.1603699 0.70178 0.16526 0.68444 0.1620399 0.70217 0.16356 0.68419 0.16526
						0.68444 0.1603699 0.70178 0.15856 0.70136 0.16356 0.68419 0.1603699 0.70178
						0.1617299 0.68391 0.16356 0.68419 0.15856 0.70136 0.15727 0.69762 0.1617299
						0.68391 0.15856 0.70136 0.15982 0.68361 0.1617299 0.68391 0.15727 0.69762
						0.3145 0.58722 0.31252 0.58715 0.31461 0.57047 0.31653 0.57069 0.3145
						0.58722 0.31461 0.57047 0.31642 0.58741 0.3145 0.58722 0.31653 0.57069
						0.31836 0.57106 0.31642 0.58741 0.31653 0.57069 0.31825 0.58772 0.31642
						0.58741 0.31836 0.57106 0.32004 0.57155 0.31825 0.58772 0.31836 0.57106
						0.31993 0.58814 0.31825 0.58772 0.32004 0.57155 0.32152 0.57216 0.31993
						0.58814 0.32004 0.57155 0.32142 0.58867 0.31993 0.58814 0.32152 0.57216
						0.1575599 0.7196 0.1635299 0.70251 0.15902 0.72006 0.1620399 0.70217
						0.1635299 0.70251 0.1575599 0.7196 0.15593 0.71909 0.1620399 0.70217
						0.1575599 0.7196 0.1603699 0.70178 0.1620399 0.70217 0.15593 0.71909 0.15416
						0.71854 0.1603699 0.70178 0.15593 0.71909 0.15856 0.70136 0.1603699 0.70178
						0.15416 0.71854 0.1523 0.71796 0.15856 0.70136 0.15416 0.71854 0.15667
						0.70093 0.15856 0.70136 0.1523 0.71796 0.31461 0.57047 0.31266 0.5658
						0.31472 0.55432 0.31665 0.55458 0.31461 0.57047 0.31472 0.55432 0.31653
						0.57069 0.31461 0.57047 0.31665 0.55458 0.31847 0.555 0.31653 0.57069
						0.31665 0.55458 0.31836 0.57106 0.31653 0.57069 0.31847 0.555 0.32015
						0.55556 0.31836 0.57106 0.31847 0.555 0.32004 0.57155 0.31836 0.57106
						0.32015 0.55556 0.32164 0.55626 0.32004 0.57155 0.32015 0.55556 0.32152
						0.57216 0.32004 0.57155 0.32164 0.55626 0.15185 0.73666 0.15902 0.72006
						0.15328 0.73722 0.1575599 0.7196 0.15902 0.72006 0.15185 0.73666 0.15026
						0.73602 0.1575599 0.7196 0.15185 0.73666 0.15593 0.71909 0.1575599 0.7196
						0.15026 0.73602 0.14853 0.73534 0.15593 0.71909 0.15026 0.73602 0.15416
						0.71854 0.15593 0.71909 0.14853 0.73534 0.1467199 0.73462 0.15416 0.71854
						0.14853 0.73534 0.1523 0.71796 0.15416 0.71854 0.1467199 0.73462 0.14166
						0.74677 0.14173 0.75166 0.13997 0.75081 0.31472 0.55432 0.31283 0.54323
						0.31484 0.53887 0.31677 0.53916 0.31472 0.55432 0.31484 0.53887 0.31665
						0.55458 0.31472 0.55432 0.31677 0.53916 0.31859 0.53962 0.31665 0.55458
						0.31677 0.53916 0.31847 0.555 0.31665 0.55458 0.31859 0.53962 0.32027
						0.54026 0.31847 0.555 0.31859 0.53962 0.32015 0.55556 0.31847 0.555 0.32027
						0.54026 0.1463299 0.75391 0.1544899 0.73771 0.1475 0.75448 0.15328 0.73722
						0.1544899 0.73771 0.1463299 0.75391 0.14495 0.75323 0.15328 0.73722
						0.1463299 0.75391 0.15185 0.73666 0.15328 0.73722 0.14495 0.75323 0.1434
						0.75248 0.15185 0.73666 0.14495 0.75323 0.15026 0.73602 0.15185 0.73666
						0.1434 0.75248 0.14173 0.75166 0.15026 0.73602 0.1434 0.75248 0.14853
						0.73534 0.15026 0.73602 0.14173 0.75166 0.14166 0.74677 0.14853 0.73534
						0.14173 0.75166 0.1467199 0.73462 0.14853 0.73534 0.14166 0.74677 0.31484
						0.53887 0.31286 0.53877 0.31497 0.52419 0.31689 0.52451 0.31484 0.53887
						0.31497 0.52419 0.31677 0.53916 0.31484 0.53887 0.31689 0.52451 0.31872
						0.52502 0.31677 0.53916 0.31689 0.52451 0.31859 0.53962 0.31677 0.53916
						0.31872 0.52502 0.3204 0.52572 0.31859 0.53962 0.31872 0.52502 0.32027
						0.54026 0.31859 0.53962 0.3204 0.52572 0.1382 0.77002 0.1475 0.75448 0.13933
						0.77069 0.1463299 0.75391 0.1475 0.75448 0.1382 0.77002 0.13687 0.76924
						0.1463299 0.75391 0.1382 0.77002 0.14495 0.75323 0.1463299 0.75391 0.13687
						0.76924 0.13538 0.76838 0.14495 0.75323 0.13687 0.76924 0.1434 0.75248
						0.14495 0.75323 0.13538 0.76838 0.13377 0.76744 0.1434 0.75248 0.13538
						0.76838 0.14173 0.75166 0.1434 0.75248 0.13377 0.76744 0.13209 0.76646
						0.14173 0.75166 0.13377 0.76744 0.13997 0.75081 0.14173 0.75166 0.13209
						0.76646 0.31497 0.52419 0.31301 0.52216 0.3151 0.51037 0.31702 0.51072
						0.31497 0.52419 0.3151 0.51037 0.31689 0.52451 0.31497 0.52419 0.31702
						0.51072 0.31885 0.51127 0.31689 0.52451 0.31702 0.51072 0.31872 0.52502
						0.31689 0.52451 0.31885 0.51127 0.32053 0.51203 0.31872 0.52502 0.31885
						0.51127 0.3204 0.52572 0.31872 0.52502 0.32053 0.51203 0.1289499 0.78548
						0.13933 0.77069 0.13003 0.78623 0.1382 0.77002 0.13933 0.77069 0.1289499
						0.78548 0.12768 0.78461 0.1382 0.77002 0.1289499 0.78548 0.13687 0.76924
						0.1382 0.77002 0.12768 0.78461 0.12626 0.78363 0.13687 0.76924 0.12768
						0.78461 0.13538 0.76838 0.13687 0.76924 0.12626 0.78363 0.12472 0.78257
						0.13538 0.76838 0.12626 0.78363 0.13377 0.76744 0.13538 0.76838 0.12472
						0.78257 0.1231 0.78146 0.13377 0.76744 0.12472 0.78257 0.13209 0.76646
						0.13377 0.76744 0.1231 0.78146 0.16969 0.66159 0.18576 0.66151 0.18553
						0.73761 0.16969 0.66159 0.18553 0.73761 0.1694599 0.73768 0.83871 0.47794
						0.91277 0.49486 0.83864 0.49509 0.91284 0.47732 0.91277 0.49486 0.83871
						0.47794 0.91287 0.46716 0.91284 0.47732 0.83871 0.47794 0.83876 0.45853
						0.91287 0.46716 0.83871 0.47794 0.9129 0.45829 0.91287 0.46716 0.83876
						0.45853 0.91291 0.44771 0.9129 0.45829 0.83876 0.45853 0.83879 0.43823
						0.91291 0.44771 0.83876 0.45853 0.91293 0.438 0.91291 0.44771 0.83879
						0.43823 0.91293 0.42018 0.91293 0.438 0.83879 0.43823 0.8388 0.4169 0.91293
						0.42018 0.83879 0.43823 0.91293 0.41667 0.91293 0.42018 0.8388 0.4169
						0.83879 0.39497 0.91293 0.41667 0.8388 0.4169 0.91292 0.39455 0.91293
						0.41667 0.83879 0.39497 0.91274 0.3261 0.91282 0.349 0.83861 0.32633 0.91273
						0.32237 0.91274 0.3261 0.83861 0.32633 0.83851 0.30369 0.91273 0.32237
						0.83861 0.32633 0.91265 0.30346 0.91273 0.32237 0.83851 0.30369 0.91259
						0.29288 0.91265 0.30346 0.83851 0.30369 0.8384 0.28159 0.91259 0.29288
						0.83851 0.30369 0.91253 0.28136 0.91259 0.29288 0.8384 0.28159 0.91247
						0.27142 0.91253 0.28136 0.8384 0.28159 0.83826 0.25982 0.91247 0.27142
						0.8384 0.28159 0.91239 0.26004 0.91247 0.27142 0.83826 0.25982 0.91224
						0.23976 0.91239 0.26004 0.83826 0.25982 0.83804 0.23159 0.83794 0.2209799
						0.91208 0.22074 0.91224 0.23976 0.83804 0.23159 0.91208 0.22074 0.83811
						0.2399899 0.83804 0.23159 0.91224 0.23976 0.83826 0.25982 0.83811 0.2399899
						0.91224 0.23976 0.90019 0.21965 0.91532 0.11706 0.90128 0.2192299 0.91735
						0.007899999 0.91738 0.01096999 0.86736 0.05765998 0.86723 1.6e-4 0.91735
						0.007899999 0.86736 0.05765998 0.91729 0 0.91735 0.007899999 0.86723 1.6e-4
						0.91701 0.05802994 0.91678 0.07424998 0.91562 0.10814 0.86736 0.05765998
						0.91701 0.05802994 0.91562 0.10814 0.91739 0.03140997 0.91701 0.05802994
						0.86736 0.05765998 0.91738 0.01096999 0.91739 0.03140997 0.86736 0.05765998
						0.91834 0.03140997 0.91739 0.03140997 0.91738 0.01096999 0.91829 0.01096999
						0.91834 0.03140997 0.91738 0.01096999 0.91532 0.11706 0.90019 0.21965
						0.89936 0.21983 0.89859 0.21999 0.91532 0.11706 0.89936 0.21983 0.89739
						0.22007 0.91532 0.11706 0.89859 0.21999 0.83806 0.10824 0.83794 0.05774998
						0.86736 0.05765998 0.91562 0.10814 0.83806 0.10824 0.86736 0.05765998
						0.83815 0.14682 0.83806 0.10824 0.91562 0.10814 0.91532 0.11706 0.83815
						0.14682 0.91562 0.10814 0.83828 0.1988199 0.83815 0.14682 0.91532 0.11706
						0.89739 0.22007 0.83828 0.1988199 0.91532 0.11706 0.83833 0.22025 0.83828
						0.1988199 0.89739 0.22007 0.90845 0.2110199 0.90915 0.20867 0.90858 0.21072
						0.90953 0.20612 0.90915 0.20867 0.90845 0.2110199 0.90648 0.2149 0.90845
						0.2110199 0.90748 0.21327 0.91288 0.15819 0.90953 0.20612 0.90845 0.2110199
						0.90648 0.2149 0.91288 0.15819 0.90845 0.2110199 0.90623 0.2151899 0.91288
						0.15819 0.90648 0.2149 0.91288 0.15819 0.90623 0.2151899 0.90501 0.21667
						0.90477 0.2168999 0.91288 0.15819 0.90501 0.21667 0.90474 0.21693 0.91288
						0.15819 0.90477 0.2168999 0.91532 0.11706 0.91854 0.11705 0.91859 0.1375
						0.91432 0.13751 0.91532 0.11706 0.91859 0.1375 0.90128 0.2192299 0.91532
						0.11706 0.91432 0.13751 0.91288 0.15819 0.90128 0.2192299 0.91432 0.13751
						0.90159 0.21911 0.90128 0.2192299 0.91288 0.15819 0.90474 0.21693 0.90159
						0.21911 0.91288 0.15819 0.90323 0.2181699 0.90159 0.21911 0.90474 0.21693
						0.90668 0.84037 0.93591 0.89088 0.90649 0.89079 0.98583 0.94056 0.98576
						0.94845 0.9357 0.94829 0.93591 0.89088 0.98583 0.94056 0.9357 0.94829
						0.98586 0.9375 0.98583 0.94056 0.93591 0.89088 0.98424 0.84047 0.93591
						0.89088 0.90668 0.84037 0.90683 0.80185 0.98424 0.84047 0.90668 0.84037
						0.98395 0.83156 0.98424 0.84047 0.90683 0.80185 0.90702 0.74993 0.98395
						0.83156 0.90683 0.80185 0.9071 0.72853 0.98395 0.83156 0.90702 0.74993
						0.97187 0.73054 0.97337 0.73171 0.97354 0.73189 0.98395 0.83156 0.97187
						0.73054 0.97354 0.73189 0.9859 0.91708 0.98685 0.91709 0.98677 0.9375
						0.98586 0.9375 0.9859 0.91708 0.98677 0.9375 0.98556 0.89051 0.9859 0.91708
						0.98586 0.9375 0.93591 0.89088 0.98556 0.89051 0.98586 0.9375 0.98535
						0.87431 0.98556 0.89051 0.93591 0.89088 0.98424 0.84047 0.98535 0.87431
						0.93591 0.89088 0.96708 0.72876 0.96728 0.72878 0.96813 0.72896 0.98395
						0.83156 0.96708 0.72876 0.96813 0.72896 0.96616 0.72872 0.96708 0.72876
						0.98395 0.83156 0.9071 0.72853 0.96616 0.72872 0.98395 0.83156 0.97037
						0.72967 0.9717 0.73041 0.97187 0.73054 0.98395 0.83156 0.97037 0.72967
						0.97187 0.73054 0.97005 0.72955 0.97037 0.72967 0.98395 0.83156 0.96813
						0.72896 0.97005 0.72955 0.98395 0.83156 0.96883 0.7291 0.97005 0.72955
						0.96813 0.72896 0.97625 0.73553 0.97723 0.73773 0.97782 0.7397 0.97789
						0.74014 0.97625 0.73553 0.97782 0.7397 0.97493 0.73344 0.9762 0.73543
						0.97625 0.73553 0.98395 0.83156 0.97493 0.73344 0.97625 0.73553 0.97475
						0.73321 0.97493 0.73344 0.98395 0.83156 0.97354 0.73189 0.97475 0.73321
						0.98395 0.83156 0.98298 0.81115 0.98725 0.81116 0.98717 0.83157 0.98395
						0.83156 0.98298 0.81115 0.98717 0.83157 0.98156 0.7905 0.98298 0.81115
						0.98395 0.83156 0.97625 0.73553 0.98156 0.7905 0.98395 0.83156 0.97829
						0.74264 0.98156 0.7905 0.97625 0.73553 0.97789 0.74014 0.97829 0.74264
						0.97625 0.73553 0.40902 0.50269 0.45986 0.50469 0.43351 0.50466 0.45956
						0.79632 0.48187 0.79634 0.48051 0.79828 0.45956 0.79825 0.45956 0.79632
						0.48051 0.79828 0.43321 0.79629 0.45956 0.79632 0.45956 0.79825 0.40872
						0.7982 0.43321 0.79629 0.45956 0.79825 0.47079 0.56153 0.45971 0.6505 0.4601
						0.54081 0.479 0.58287 0.45971 0.6505 0.47079 0.56153 0.45986 0.50469 0.40902
						0.50269 0.45987 0.50275 0.48082 0.50277 0.45986 0.50469 0.45987 0.50275
						0.48217 0.50471 0.45986 0.50469 0.48082 0.50277 0.96993 0.27886 0.96914
						0.29112 0.91908 0.29128 0.91891 0.1913999 0.96993 0.27886 0.91908 0.29128
						0.97009 0.27632 0.96993 0.27886 0.91891 0.1913999 0.92645 0.19137 0.97009
						0.27632 0.91891 0.1913999 0.96964 0.01479995 0.97009 0.27632 0.92645 0.19137
						0.9263 0.10002 0.96964 0.01479995 0.92645 0.19137 0.96964 0.01479995 0.9263
						0.10002 0.91876 0.10004 0.91859 1.6e-4 0.96964 0.01479995 0.91876 0.10004
						0.96948 0.01225996 0.96964 0.01479995 0.91859 1.6e-4 0.96865 0 0.96948
						0.01225996 0.91859 1.6e-4 0.24251 0.50266 0.24221 0.79816 0.21174 0.69674
						0.21184 0.60402 0.24251 0.50266 0.21174 0.69674 0.2459599 0.24884 0.44267
						0.39922 0.42706 0.41897 0.2459599 0.24884 0.20627 0.002769947 0.22127
						0.001139998 0.02638995 0.13694 0.2459599 0.24884 0.01595997 0.16097
						0.2459599 0.24884 0.02638995 0.13694 0.03919994 0.11415 0.05426996
						0.09286999 0.2459599 0.24884 0.03919994 0.11415 0.08184999 0.06367999
						0.09046995 0.05570995 0.2459599 0.24884 0.1730599 0.98674 0.1694599 0.74495
						0.1735799 0.73768 0.45822 0.1278899 0.2459599 0.24884 0.44463 0.10584
						0.2459599 0.24884 0.39873 0.05561 0.41779 0.07319998 0.44118 0.11346
						0.2459599 0.24884 0.43163 0.1001 0.37476 0.03824996 0.2459599 0.24884
						0.35578 0.02700996 0.37798 0.04014998 0.2459599 0.24884 0.37476 0.03824996
						0.39873 0.05561 0.2459599 0.24884 0.37798 0.04014998 0.2459599 0.24884
						0.30347 0.00721997 0.30797 0.008199989 0.33235 0.01631999 0.2459599 0.24884
						0.30797 0.008199989 0.34315 0.02124994 0.2459599 0.24884 0.33235 0.01631999
						0.35578 0.02700996 0.2459599 0.24884 0.34315 0.02124994 0.28289 0.002739965
						0.30347 0.00721997 0.2459599 0.24884 0.2647 7.8e-4 0.28289 0.002739965
						0.2459599 0.24884 0.2574 0 0.2647 7.8e-4 0.2459599 0.24884 0.2459599 0.24884
						0.15683 0.01637995 0.1812 0.008239984 0.2459599 0.24884 0.13204 0.02789998
						0.15683 0.01637995 0.008029997 0.1859999 0.01595997 0.16097 0.2459599
						0.24884 0.002689957 0.21173 0.008029997 0.1859999 0.2459599 0.24884
						0.001109957 0.22712 0.002689957 0.21173 0.2459599 0.24884 7.6e-4 0.2717
						0.2459599 0.24884 0.00266999 0.29038 0 0.26421 0.2459599 0.24884 7.6e-4
						0.2717 0.2459599 0.24884 0.02067995 0.35208 0.01589995 0.34114 0.007509946
						0.31381 0.2459599 0.24884 0.01589995 0.34114 0.00266999 0.29038 0.2459599
						0.24884 0.007509946 0.31381 0.02630996 0.36519 0.2459599 0.24884 0.03818994
						0.38633 0.09751999 0.44304 0.2459599 0.24884 0.11054 0.45285 0.1693 0.49031
						0.14724 0.48186 0.2459599 0.24884 0.2459599 0.24884 0.26996 0.50117 0.24634
						0.5026 0.38894 0.45438 0.2459599 0.24884 0.40817 0.43836 0.26996 0.50117
						0.2459599 0.24884 0.2968 0.49685 0.36764 0.46863 0.34502 0.48054 0.2459599
						0.24884 0.38894 0.45438 0.36764 0.46863 0.2459599 0.24884 0.42706 0.41897
						0.40817 0.43836 0.2459599 0.24884 0.45889 0.37269 0.44267 0.39922 0.2459599
						0.24884 0.47735 0.32982 0.46816 0.35415 0.2459599 0.24884 0.48474 0.20098
						0.48851 0.22679 0.2459599 0.24884 0.47768 0.17378 0.48474 0.20098 0.2459599
						0.24884 0.2459599 0.24884 0.02630996 0.36519 0.02067995 0.35208 0.45889
						0.37269 0.2459599 0.24884 0.46816 0.35415 0.1812 0.008239984 0.20627
						0.002769947 0.2459599 0.24884 0.60753 0.37639 0.6024 0.36398 0.60451 0.36424
						0.60036 0.36338 0.6024 0.36398 0.60753 0.37639 0.58988 0.36984 0.60036
						0.36338 0.60753 0.37639 0.58477 0.356 0.60036 0.36338 0.58988 0.36984
						0.61417 0.36047 0.62592 0.38027 0.61252 0.36185 0.6262 0.11482 0.61827
						0.14219 0.61776 0.14007 0.62592 0.38027 0.61417 0.36047 0.61557 0.35884
						0.61671 0.357 0.62592 0.38027 0.61557 0.35884 0.61754 0.355 0.62592 0.38027
						0.61671 0.357 0.60753 0.37639 0.60451 0.36424 0.60663 0.36415 0.6087 0.36371
						0.60753 0.37639 0.60663 0.36415 0.62592 0.38027 0.60753 0.37639 0.6087
						0.36371 0.61069 0.36294 0.62592 0.38027 0.6087 0.36371 0.61252 0.36185
						0.62592 0.38027 0.61069 0.36294 0.6262 0.11482 0.61776 0.14007 0.61693
						0.13807 0.6158 0.13622 0.6262 0.11482 0.61693 0.13807 0.6144 0.13459 0.6262
						0.11482 0.6158 0.13622 0.6078 0.11866 0.60687 0.1309 0.60475 0.1308 0.60264
						0.13106 0.6078 0.11866 0.60475 0.1308 0.59013 0.1251699 0.6078 0.11866
						0.60264 0.13106 0.6006 0.13165 0.59013 0.1251699 0.60264 0.13106 0.5849
						0.12803 0.59013 0.1251699 0.6006 0.13165 0.58499 0.1389999 0.5849 0.12803
						0.6006 0.13165 0.57355 0.13423 0.5849 0.12803 0.58499 0.1389999 0.57056
						0.14854 0.57355 0.13423 0.58499 0.1389999 0.55842 0.14563 0.57355 0.13423
						0.57056 0.14854 0.58477 0.356 0.58988 0.36984 0.58466 0.36697 0.57332
						0.36075 0.58477 0.356 0.58466 0.36697 0.57036 0.34642 0.58477 0.356 0.57332
						0.36075 0.55821 0.34931 0.57036 0.34642 0.57332 0.36075 0.55742 0.33485
						0.57036 0.34642 0.55821 0.34931 0.54485 0.33577 0.55742 0.33485 0.55821
						0.34931 0.54621 0.3215 0.55742 0.33485 0.54485 0.33577 0.53955 0.32857
						0.54621 0.3215 0.54485 0.33577 0.6262 0.11482 0.6144 0.13459 0.61276 0.13321
						0.61092 0.13212 0.6262 0.11482 0.61276 0.13321 0.6078 0.11866 0.6262 0.11482
						0.61092 0.13212 0.60894 0.13134 0.6078 0.11866 0.61092 0.13212 0.60687
						0.1309 0.6078 0.11866 0.60894 0.13134 0.54503 0.1591399 0.55842 0.14563
						0.57056 0.14854 0.5576 0.16009 0.54503 0.1591399 0.57056 0.14854 0.53971
						0.16633 0.54503 0.1591399 0.5576 0.16009 0.54636 0.17342 0.53971 0.16633
						0.5576 0.16009 0.53589 0.17151 0.53971 0.16633 0.54636 0.17342 0.53709
						0.18825 0.53589 0.17151 0.54636 0.17342 0.53368 0.17449 0.53589 0.17151
						0.53709 0.18825 0.52263 0.25624 0.52505 0.27369 0.51386 0.26665 0.51253
						0.24742 0.52263 0.25624 0.51386 0.26665 0.52265 0.23862 0.52263 0.25624
						0.51253 0.24742 0.5139 0.2282 0.52265 0.23862 0.51253 0.24742 0.52511
						0.22118 0.52265 0.23862 0.5139 0.2282 0.51558 0.2204 0.52511 0.22118 0.5139
						0.2282 0.52995 0.20427 0.52511 0.22118 0.51558 0.2204 0.51795 0.20938
						0.52995 0.20427 0.51558 0.2204 0.53709 0.18825 0.52995 0.20427 0.51795
						0.20938 0.52459 0.19135 0.53709 0.18825 0.51795 0.20938 0.53368 0.17449
						0.53709 0.18825 0.52459 0.19135 0.62592 0.38027 0.61754 0.355 0.61805
						0.35288 0.61822 0.35071 0.62592 0.38027 0.61805 0.35288 0.6262 0.11482
						0.62592 0.38027 0.61822 0.35071 0.61843 0.14436 0.6262 0.11482 0.61822
						0.35071 0.61827 0.14219 0.6262 0.11482 0.61843 0.14436 0.54621 0.3215
						0.53955 0.32857 0.53573 0.32339 0.53353 0.3204 0.54621 0.3215 0.53573
						0.32339 0.53696 0.30665 0.54621 0.3215 0.53353 0.3204 0.52447 0.30352
						0.53696 0.30665 0.53353 0.3204 0.52986 0.29061 0.53696 0.30665 0.52447
						0.30352 0.51787 0.28547 0.52986 0.29061 0.52447 0.30352 0.52505 0.27369
						0.52986 0.29061 0.51787 0.28547 0.51553 0.27445 0.52505 0.27369 0.51787
						0.28547 0.51386 0.26665 0.52505 0.27369 0.51553 0.27445 1 0.29119 0.97009
						1.6e-4 0.99951 6e-5 0.97033 0.14572 1 0.29119 0.97058 0.29128 0.97009 1.6e-4
						1 0.29119 0.97033 0.14572 0.39548 0.83469 0.40303 0.83466 0.40309 0.8609
						0.39555 0.86092 0.39548 0.83469 0.40309 0.8609 0 0.85919 0.007539987 0.85917
						0.007599949 0.88536 6e-5 0.88539 0 0.85919 0.007599949 0.88536 0.40309
						0.83469 0.41063 0.83466 0.41079 0.92602 0.40324 0.92604 0.40309 0.83469
						0.41079 0.92602 0.97234 0.7285 0.97243 0.63577 0.99808 0.6358 0.99798
						0.72853 0.97234 0.7285 0.99808 0.6358 0.004289984 0.8854 0.007509946 0.88539
						0.007559955 0.90741 0.002709984 0.90743 0.004289984 0.8854 0.007559955
						0.90741 0.94196 0.97921 0.94051 0.98002 0.9365 0.97062 0.94326 0.97817
						0.94196 0.97921 0.9365 0.97062 0.94438 0.97693 0.94326 0.97817 0.9365
						0.97062 0.94529 0.97551 0.94438 0.97693 0.9365 0.97062 0.94595 0.97396
						0.94529 0.97551 0.9365 0.97062 0.94636 0.97232 0.94595 0.97396 0.9365
						0.97062 0.9465 0.97063 0.94636 0.97232 0.9365 0.97062 0.9465 0.97063 0.9365
						0.97062 0.94652 0.94847 0.9365 0.97062 0.94051 0.98002 0.93894 0.98057
						0.93732 0.98084 0.9365 0.97062 0.93894 0.98057 0.93567 0.98084 0.9365
						0.97062 0.93732 0.98084 0.93404 0.98056 0.9365 0.97062 0.93567 0.98084
						0.93248 0.98001 0.9365 0.97062 0.93404 0.98056 0.93103 0.9792 0.9365 0.97062
						0.93248 0.98001 0.92972 0.97816 0.9365 0.97062 0.93103 0.9792 0.92861
						0.97691 0.9365 0.97062 0.92972 0.97816 0.92771 0.97549 0.9365 0.97062
						0.92861 0.97691 0.92704 0.97394 0.9365 0.97062 0.92771 0.97549 0.92664
						0.97229 0.9365 0.97062 0.92704 0.97394 0.92651 0.97061 0.9365 0.97062
						0.92664 0.97229 0.92653 0.94845 0.94652 0.94847 0.9365 0.97062 0.92651
						0.97061 0.92653 0.94845 0.9365 0.97062 0.002579987 0.9091 0.002709984
						0.90743 0.007559955 0.90741 0.007559955 0.90911 0.002579987 0.9091
						0.007559955 0.90741 0.007559955 0.90911 0.007569968 0.91079 0.002429962
						0.91078 0.002579987 0.9091 0.007559955 0.90911 0.002429962 0.91078
						0.002279996 0.91244 0.002429962 0.91078 0.007569968 0.91079 0.007579982
						0.9124 0.002279996 0.91244 0.007569968 0.91079 0.007589995 0.91391
						0.002279996 0.91244 0.007579982 0.9124 0.002129971 0.91396 0.002279996
						0.91244 0.007589995 0.91391 0.007589995 0.91391 0.007599949 0.91527
						0.002129971 0.91396 0.40304 0.88858 0.40304 0.88982 0.39743 0.88863
						0.002129971 0.91396 0.007599949 0.91527 0.00198996 0.91533 0.40304 0.89124
						0.39713 0.89134 0.39727 0.88995 0.40304 0.88982 0.40304 0.89124 0.39727
						0.88995 0.39743 0.88863 0.40304 0.88982 0.39727 0.88995 0.40304 0.89279
						0.39713 0.89134 0.40304 0.89124 0.397 0.89294 0.39713 0.89134 0.40304
						0.89279 0.40304 0.89443 0.397 0.89294 0.40304 0.89279 0.40304 0.89443
						0.40304 0.89612 0.3969 0.89458 0.397 0.89294 0.40304 0.89443 0.3969 0.89458
						0.40305 0.89781 0.39676 0.89799 0.39681 0.89633 0.40304 0.89612 0.40305
						0.89781 0.39681 0.89633 0.3969 0.89458 0.40304 0.89612 0.39681 0.89633
						0.40306 0.89945 0.39676 0.89799 0.40305 0.89781 0.39673 0.8997 0.39676
						0.89799 0.40306 0.89945 0.40307 0.901 0.39673 0.8997 0.40306 0.89945 0.40307
						0.901 0.40308 0.90242 0.39673 0.9012 0.39673 0.8997 0.40307 0.901 0.39673
						0.9012 0.40309 0.90367 0.39682 0.90384 0.39676 0.90266 0.40308 0.90242
						0.40309 0.90367 0.39676 0.90266 0.39673 0.9012 0.40308 0.90242 0.39676
						0.90266 0.40305 0.86216 0.39681 0.86093 0.40309 0.86092 0.39684 0.86227
						0.39681 0.86093 0.40305 0.86216 0.40301 0.86357 0.39684 0.86227 0.40305
						0.86216 0.40301 0.86357 0.40297 0.86512 0.39689 0.86366 0.39684 0.86227
						0.40301 0.86357 0.39689 0.86366 0.40297 0.86512 0.40293 0.86676 0.39703
						0.86661 0.39696 0.86531 0.40297 0.86512 0.39703 0.86661 0.39689 0.86366
						0.40297 0.86512 0.39696 0.86531 0.39703 0.86661 0.40293 0.86676 0.40238
						0.88858 0.39811 0.88847 0.39703 0.86661 0.40238 0.88858 0.007779955 0.90981
						0.01036 0.90994 0.009289979 0.93174 0.008340001 0.9317 0.007779955 0.90981
						0.009289979 0.93174 0.01556998 0.91401 0.01568996 0.91237 0.01822996 0.91236
						0.01822996 0.91406 0.01556998 0.91401 0.01822996 0.91236 0.01555997 0.91406
						0.01556998 0.91401 0.01822996 0.91406 0.01543998 0.91572 0.01555997 0.91406
						0.01822996 0.91406 0.01823997 0.91573 0.01543998 0.91572 0.01822996 0.91406
						0.01824998 0.91735 0.01543998 0.91572 0.01823997 0.91573 0.01532 0.91738
						0.01543998 0.91572 0.01824998 0.91735 0.01826 0.91886 0.01532 0.91738
						0.01824998 0.91735 0.01521998 0.91889 0.01532 0.91738 0.01826 0.91886
						0.01826 0.91886 0.01826995 0.92022 0.01521998 0.91889 0.40309 0.90384
						0.40308 0.90508 0.39995 0.90386 0.01521998 0.91889 0.01826995 0.92022
						0.01512998 0.92027 0.40307 0.9065 0.39978 0.90657 0.39985 0.90517 0.40308
						0.90508 0.40307 0.9065 0.39985 0.90517 0.39995 0.90386 0.40308 0.90508
						0.39985 0.90517 0.40306 0.90805 0.39978 0.90657 0.40307 0.9065 0.39972
						0.90816 0.39978 0.90657 0.40306 0.90805 0.40305 0.90969 0.39972 0.90816
						0.40306 0.90805 0.40305 0.90969 0.40304 0.91138 0.39969 0.9098 0.39972
						0.90816 0.40305 0.90969 0.39969 0.9098 0.40304 0.91307 0.3997 0.91321
						0.39968 0.91154 0.40304 0.91138 0.40304 0.91307 0.39968 0.91154 0.39969
						0.9098 0.40304 0.91138 0.39968 0.91154 0.40304 0.91471 0.3997 0.91321
						0.40304 0.91307 0.39978 0.91591 0.3997 0.91321 0.40304 0.91471 0.40304
						0.91627 0.39978 0.91591 0.40304 0.91471 0.40304 0.91627 0.40304 0.91769
						0.39978 0.91591 0.40304 0.91894 0.39999 0.91906 0.39989 0.91787 0.40304
						0.91769 0.40304 0.91894 0.39989 0.91787 0.39978 0.91591 0.40304 0.91769
						0.39989 0.91787 0.01058995 0.90535 0.007599949 0.90412 0.01065999 0.90411
						0.007649958 0.90544 0.007599949 0.90412 0.01058995 0.90535 0.01051998
						0.90676 0.007649958 0.90544 0.01058995 0.90535 0.01051998 0.90676 0.01043999
						0.90831 0.00770998 0.90739 0.007649958 0.90544 0.01051998 0.90676 0.00770998
						0.90739 0.01043999 0.90831 0.01036 0.90994 0.007779955 0.90981 0.00770998
						0.90739 0.01043999 0.90831 0.007779955 0.90981 0.01726996 0.89034 0.01817995
						0.89033 0.01822996 0.91236 0.01568996 0.91237 0.01726996 0.89034 0.01822996
						0.91236 0.39397 0.8703 0.39492 0.87029 0.39496 0.89212 0.39239 0.89213
						0.39397 0.8703 0.39496 0.89212 0.36601 0.98439 0.36603 0.96223 0.37603
						0.96224 0.38602 0.96225 0.386 0.98441 0.37603 0.96224 0.386 0.98441 0.36601
						0.98439 0.37603 0.96224 0.37686 0.95202 0.37603 0.96224 0.37521 0.95202
						0.37849 0.9523 0.37603 0.96224 0.37686 0.95202 0.38005 0.95285 0.37603
						0.96224 0.37849 0.9523 0.3815 0.95366 0.37603 0.96224 0.38005 0.95285 0.3828
						0.9547 0.37603 0.96224 0.3815 0.95366 0.38392 0.95595 0.37603 0.96224 0.3828
						0.9547 0.38482 0.95737 0.37603 0.96224 0.38392 0.95595 0.38548 0.95892
						0.37603 0.96224 0.38482 0.95737 0.38589 0.96056 0.37603 0.96224 0.38548
						0.95892 0.38602 0.96225 0.37603 0.96224 0.38589 0.96056 0.36617 0.96054
						0.37603 0.96224 0.36603 0.96223 0.36658 0.9589 0.37603 0.96224 0.36617
						0.96054 0.36724 0.95735 0.37603 0.96224 0.36658 0.9589 0.36815 0.95593
						0.37603 0.96224 0.36724 0.95735 0.36926 0.95469 0.37603 0.96224 0.36815
						0.95593 0.37057 0.95365 0.37603 0.96224 0.36926 0.95469 0.37202 0.95284
						0.37603 0.96224 0.37057 0.95365 0.37358 0.95229 0.37603 0.96224 0.37202
						0.95284 0.37521 0.95202 0.37603 0.96224 0.37358 0.95229 0.39226 0.89376
						0.39239 0.89213 0.39496 0.89212 0.39497 0.89381 0.39226 0.89376 0.39496
						0.89212 0.39226 0.89382 0.39226 0.89376 0.39497 0.89381 0.39214 0.89537
						0.39226 0.89382 0.39497 0.89381 0.39497 0.8955 0.39214 0.89537 0.39497
						0.89381 0.39213 0.89551 0.39214 0.89537 0.39497 0.8955 0.39213 0.89558
						0.39213 0.89551 0.39497 0.8955 0.39498 0.89714 0.39213 0.89558 0.39497
						0.8955 0.39202 0.89715 0.39213 0.89558 0.39498 0.89714 0.39499 0.8987
						0.39202 0.89715 0.39498 0.89714 0.39193 0.89865 0.39202 0.89715 0.39499
						0.8987 0.39499 0.8987 0.395 0.90013 0.39191 0.89885 0.39192 0.89871 0.39499
						0.8987 0.39191 0.89885 0.39193 0.89865 0.39499 0.8987 0.39192 0.89871 0.395
						0.90013 0.39501 0.90138 0.39183 0.90021 0.39184 0.90013 0.395 0.90013
						0.39183 0.90021 0.39191 0.89885 0.395 0.90013 0.39184 0.90013 0.39967
						0.90525 0.39637 0.90525 0.39643 0.90402 0.39644 0.90384 0.39967 0.90525
						0.39643 0.90402 0.39968 0.90385 0.39967 0.90525 0.39644 0.90384 0.39183
						0.90021 0.39501 0.90138 0.39177 0.90139 0.39636 0.90539 0.39637 0.90525
						0.39967 0.90525 0.39966 0.90679 0.39636 0.90539 0.39967 0.90525 0.39632
						0.90678 0.39636 0.90539 0.39966 0.90679 0.39632 0.90685 0.39632 0.90678
						0.39966 0.90679 0.39965 0.90842 0.39632 0.90685 0.39966 0.90679 0.39631
						0.90707 0.39632 0.90685 0.39965 0.90842 0.39965 0.90842 0.39965 0.91011
						0.39629 0.90865 0.39629 0.90842 0.39965 0.90842 0.39629 0.90865 0.39631
						0.90707 0.39965 0.90842 0.39629 0.90842 0.39964 0.9118 0.39631 0.91179
						0.39629 0.91047 0.39629 0.91025 0.39964 0.9118 0.39629 0.91047 0.39965
						0.91011 0.39964 0.9118 0.39629 0.91025 0.39629 0.9101 0.39965 0.91011
						0.39629 0.91025 0.39629 0.90865 0.39965 0.91011 0.39629 0.9101 0.39631
						0.91209 0.39631 0.91179 0.39964 0.9118 0.39964 0.91345 0.39631 0.91209
						0.39964 0.9118 0.39635 0.91344 0.39631 0.91209 0.39964 0.91345 0.39636
						0.91364 0.39635 0.91344 0.39964 0.91345 0.39964 0.91502 0.39636 0.91364
						0.39964 0.91345 0.39637 0.91384 0.39636 0.91364 0.39964 0.91502 0.39964
						0.91502 0.39964 0.91645 0.39643 0.91532 0.39642 0.915 0.39964 0.91502
						0.39643 0.91532 0.39637 0.91384 0.39964 0.91502 0.39642 0.915 0.39965
						0.91772 0.39661 0.91769 0.39653 0.91682 0.39652 0.91666 0.39965 0.91772
						0.39653 0.91682 0.39964 0.91645 0.39965 0.91772 0.39652 0.91666 0.39651
						0.91643 0.39964 0.91645 0.39652 0.91666 0.39643 0.91532 0.39964 0.91645
						0.39651 0.91643 0.39664 0.91799 0.39661 0.91769 0.39965 0.91772 0.01485997
						0.89164 0.01194 0.89041 0.01495999 0.89033 0.01194995 0.89143 0.01194
						0.89041 0.01485997 0.89164 0.01194995 0.8917 0.01194995 0.89143 0.01485997
						0.89164 0.01475 0.89311 0.01194995 0.8917 0.01485997 0.89164 0.01194995
						0.89187 0.01194995 0.8917 0.01475 0.89311 0.01475 0.89311 0.01462996 0.89469
						0.01195996 0.89334 0.01195996 0.89291 0.01475 0.89311 0.01195996 0.89334
						0.01194995 0.89187 0.01475 0.89311 0.01195996 0.89291 0.01462996 0.89469
						0.01450997 0.89635 0.01197999 0.89616 0.01196998 0.89508 0.01462996 0.89469
						0.01197999 0.89616 0.01462996 0.89469 0.01196998 0.89508 0.01196998 0.89488
						0.01196998 0.8945 0.01462996 0.89469 0.01196998 0.89488 0.01195996 0.89334
						0.01462996 0.89469 0.01196998 0.8945 0.01197999 0.89616 0.01450997 0.89635
						0.01290994 0.91832 0.01199996 0.91825 0.01197999 0.89616 0.01290994 0.91832
						0.01391994 0.85918 0.01818996 0.85917 0.01821994 0.881 0.01231998 0.88101
						0.01391994 0.85918 0.01821994 0.881 0.01220995 0.88267 0.01231998 0.88101
						0.01821994 0.881 0.01822996 0.88268 0.01220995 0.88267 0.01821994 0.881
						0.01822996 0.88268 0.01822996 0.88437 0.01209998 0.88437 0.01220995 0.88267
						0.01822996 0.88268 0.01209998 0.88437 0.01209998 0.88437 0.01823997 0.88602
						0.01201999 0.88604 0.01822996 0.88437 0.01823997 0.88602 0.01209998 0.88437
						0.01196998 0.88761 0.01201999 0.88604 0.01823997 0.88602 0.01824998 0.88758
						0.01196998 0.88761 0.01823997 0.88602 0.01826 0.889 0.01196998 0.88761
						0.01824998 0.88758 0.01194 0.88905 0.01196998 0.88761 0.01826 0.889
						0.01826995 0.89026 0.01194 0.88905 0.01826 0.889 0.01194 0.89033 0.01194
						0.88905 0.01826995 0.89026 0.39501 0.90139 0.39499 0.90279 0.38868 0.9014
						0.39499 0.90279 0.39497 0.90433 0.38867 0.90279 0.38868 0.9014 0.39499
						0.90279 0.38867 0.90279 0.39496 0.90596 0.38874 0.906 0.38869 0.90436
						0.39497 0.90433 0.39496 0.90596 0.38869 0.90436 0.38867 0.90279 0.39497
						0.90433 0.38869 0.90436 0.39494 0.90765 0.38874 0.906 0.39496 0.90596
						0.38881 0.90773 0.38874 0.906 0.39494 0.90765 0.39492 0.90934 0.38881
						0.90773 0.39494 0.90765 0.39492 0.90934 0.39491 0.91099 0.38891 0.9094
						0.38881 0.90773 0.39492 0.90934 0.38891 0.9094 0.3949 0.91256 0.38915
						0.91263 0.38902 0.9111 0.39491 0.91099 0.3949 0.91256 0.38902 0.9111 0.38891
						0.9094 0.39491 0.91099 0.38902 0.9111 0.3949 0.91399 0.38915 0.91263 0.3949
						0.91256 0.38931 0.91411 0.38915 0.91263 0.3949 0.91399 0.39489 0.91526
						0.38931 0.91411 0.3949 0.91399 0.17633 0.73769 0.18173 0.73899 0.17645
						0.73908 0.18177 0.73768 0.18173 0.73899 0.17633 0.73769 0.38931 0.91411
						0.39489 0.91526 0.38946 0.91532 0.18168 0.74046 0.18164 0.74205 0.17667
						0.74223 0.18168 0.74046 0.17667 0.74223 0.17656 0.74054 0.18173 0.73899
						0.18168 0.74046 0.17656 0.74054 0.17645 0.73908 0.18173 0.73899 0.17656
						0.74054 0.18164 0.74205 0.1816 0.74371 0.17675 0.74359 0.17667 0.74223
						0.18164 0.74205 0.17675 0.74359 0.17675 0.74359 0.1816 0.74371 0.18105
						0.76573 0.17783 0.76565 0.17675 0.74359 0.18105 0.76573 0.08614999 0.8554
						0.08388996 0.85326 0.08616 0.85326 0.08388996 0.85539 0.08388996 0.85326
						0.08614999 0.8554 0.08614999 0.85758 0.08388996 0.85539 0.08614999 0.8554
						0.08388 0.85757 0.08388996 0.85539 0.08614999 0.85758 0.08613997 0.85974
						0.08388 0.85757 0.08614999 0.85758 0.08388 0.85973 0.08388 0.85757
						0.08613997 0.85974 0.08612996 0.86182 0.08388 0.85973 0.08613997 0.85974
						0.08385998 0.86182 0.08388 0.85973 0.08612996 0.86182 0.08610999 0.86378
						0.08385998 0.86182 0.08612996 0.86182 0.08384996 0.86378 0.08385998 0.86182
						0.08610999 0.86378 0.08609998 0.86557 0.08384996 0.86378 0.08610999 0.86378
						0.08383995 0.86556 0.08384996 0.86378 0.08609998 0.86557 0.08607995 0.86713
						0.08383995 0.86556 0.08609998 0.86557 0.08381998 0.86712 0.08383995 0.86556
						0.08607995 0.86713 0.17586 0.73946 0.1735799 0.73769 0.17584 0.73768 0.17359
						0.73946 0.1735799 0.73769 0.17586 0.73946 0.17587 0.74141 0.17359 0.73946
						0.17586 0.73946 0.17361 0.74142 0.17359 0.73946 0.17587 0.74141 0.17588
						0.7435 0.17361 0.74142 0.17587 0.74141 0.17362 0.7435 0.17361 0.74142
						0.17588 0.7435 0.17589 0.74565 0.17362 0.7435 0.17588 0.7435 0.1736299
						0.74566 0.17362 0.7435 0.17589 0.74565 0.1759 0.74783 0.1736299 0.74566
						0.17589 0.74565 0.1736299 0.74784 0.1736299 0.74566 0.1759 0.74783
						0.009909987 0.89034 0.007669985 0.87517 0.009939968 0.87516 0.007649958
						0.89035 0.007669985 0.87517 0.009909987 0.89034 0.009869992 0.90411
						0.007649958 0.89035 0.009909987 0.89034 0.007609963 0.90411 0.007649958
						0.89035 0.009869992 0.90411 0.97943 0.33409 0.97704 0.32042 0.97931 0.32041
						0.97717 0.33409 0.97704 0.32042 0.97943 0.33409 0.97954 0.3492 0.97717
						0.33409 0.97943 0.33409 0.97728 0.34921 0.97717 0.33409 0.97954 0.3492
						0.97964 0.36545 0.97728 0.34921 0.97954 0.3492 0.97738 0.36545 0.97728
						0.34921 0.97964 0.36545 0.97973 0.3825 0.97738 0.36545 0.97964 0.36545
						0.97746 0.38251 0.97738 0.36545 0.97973 0.3825 0.97979 0.40001 0.97746
						0.38251 0.97973 0.3825 0.97753 0.40002 0.97746 0.38251 0.97979 0.40001
						0.97984 0.41762 0.97753 0.40002 0.97979 0.40001 0.97758 0.41763 0.97753
						0.40002 0.97984 0.41762 0.97987 0.43498 0.97758 0.41763 0.97984 0.41762
						0.97761 0.43499 0.97758 0.41763 0.97987 0.43498 0.97988 0.45174 0.97761
						0.43499 0.97987 0.43498 0.97762 0.45175 0.97761 0.43499 0.97988 0.45174
						0.97987 0.46755 0.97762 0.45175 0.97988 0.45174 0.97761 0.46756 0.97762
						0.45175 0.97987 0.46755 0.97984 0.4821 0.97761 0.46756 0.97987 0.46755
						0.97758 0.4821 0.97761 0.46756 0.97984 0.4821 0.97979 0.49508 0.97758 0.4821
						0.97984 0.4821 0.97753 0.49509 0.97758 0.4821 0.97979 0.49508 0.08610999
						0.80689 0.08379 0.79428 0.08605998 0.79428 0.08384996 0.80689 0.08379
						0.79428 0.08610999 0.80689 0.08614999 0.82112 0.08384996 0.80689 0.08610999
						0.80689 0.08388 0.82112 0.08384996 0.80689 0.08614999 0.82112 0.08616
						0.83668 0.08388 0.82112 0.08614999 0.82112 0.08389997 0.83668 0.08388
						0.82112 0.08616 0.83668 0.08616 0.85326 0.08389997 0.83668 0.08616 0.83668
						0.08388996 0.85326 0.08389997 0.83668 0.08616 0.85326 0.17633 0.95514
						0.17406 0.95301 0.17632 0.953 0.17406 0.95515 0.17406 0.95301 0.17633
						0.95514 0.17633 0.95719 0.17406 0.95515 0.17633 0.95514 0.17406 0.95719
						0.17406 0.95515 0.17633 0.95719 0.17632 0.95909 0.17406 0.95719 0.17633
						0.95719 0.17406 0.9591 0.17406 0.95719 0.17632 0.95909 0.17632 0.9608
						0.17406 0.9591 0.17632 0.95909 0.17405 0.9608 0.17406 0.9591 0.17632 0.9608
						0.009879946 0.86077 0.007599949 0.85918 0.009869992 0.85917 0.007619976
						0.86078 0.007599949 0.85918 0.009879946 0.86077 0.009899973 0.86258
						0.007619976 0.86078 0.009879946 0.86077 0.00762999 0.86259 0.007619976
						0.86078 0.009899973 0.86258 0.009909987 0.86457 0.00762999 0.86259
						0.009899973 0.86258 0.007649958 0.86458 0.00762999 0.86259 0.009909987
						0.86457 0.009920001 0.86667 0.007649958 0.86458 0.009909987 0.86457
						0.007659971 0.86668 0.007649958 0.86458 0.009920001 0.86667 0.009929955
						0.86884 0.007659971 0.86668 0.009920001 0.86667 0.007659971 0.86884
						0.007659971 0.86668 0.009929955 0.86884 0.009929955 0.87101 0.007659971
						0.86884 0.009929955 0.86884 0.007669985 0.87102 0.007659971 0.86884
						0.009929955 0.87101 0.009939968 0.87314 0.007669985 0.87102 0.009929955
						0.87101 0.007669985 0.87314 0.007669985 0.87102 0.009939968 0.87314
						0.009939968 0.87516 0.007669985 0.87314 0.009939968 0.87314 0.007669985
						0.87517 0.007669985 0.87314 0.009939968 0.87516 0.17632 0.953 0.17406
						0.95301 0.1736299 0.74784 0.1759 0.74783 0.17632 0.953 0.1736299 0.74784
						0.90586 0.49594 0.92369 0.50865 0.89025 0.50329 0.92348 0.715 0.85147
						0.68579 0.84222 0.67094 0.87562 0.71071 0.86268 0.69914 0.85147 0.68579
						0.92348 0.715 0.87562 0.71071 0.85147 0.68579 0.89003 0.72029 0.87562
						0.71071 0.92348 0.715 0.92331 0.71717 0.89003 0.72029 0.92348 0.715 0.90562
						0.72767 0.89003 0.72029 0.92331 0.71717 0.9228 0.71929 0.90562 0.72767
						0.92331 0.71717 0.90766 0.72827 0.90562 0.72767 0.9228 0.71929 0.92196
						0.72129 0.90766 0.72827 0.9228 0.71929 0.90976 0.72853 0.90766 0.72827
						0.92196 0.72129 0.92083 0.72313 0.90976 0.72853 0.92196 0.72129 0.91188
						0.72844 0.90976 0.72853 0.92083 0.72313 0.91942 0.72476 0.91188 0.72844
						0.92083 0.72313 0.91396 0.728 0.91188 0.72844 0.91942 0.72476 0.91778
						0.72614 0.91396 0.728 0.91942 0.72476 0.91594 0.72723 0.91396 0.728 0.91778
						0.72614 0.92348 0.715 0.82791 0.60291 0.83037 0.58547 0.83521 0.56856
						0.92348 0.715 0.83037 0.58547 0.84234 0.55253 0.92348 0.715 0.83521 0.56856
						0.90586 0.49594 0.9079 0.49535 0.91 0.49509 0.91212 0.49519 0.90586 0.49594
						0.91 0.49509 0.92369 0.50865 0.90586 0.49594 0.91212 0.49519 0.9142 0.49563
						0.92369 0.50865 0.91212 0.49519 0.92352 0.50648 0.92369 0.50865 0.9142
						0.49563 0.91618 0.49641 0.92352 0.50648 0.9142 0.49563 0.92302 0.50436
						0.92352 0.50648 0.91618 0.49641 0.91802 0.4975 0.92302 0.50436 0.91618
						0.49641 0.92219 0.50236 0.92302 0.50436 0.91802 0.4975 0.91966 0.49888
						0.92219 0.50236 0.91802 0.4975 0.92106 0.50051 0.92219 0.50236 0.91966
						0.49888 0.83031 0.63798 0.82789 0.62053 0.82791 0.60291 0.92348 0.715
						0.83031 0.63798 0.82791 0.60291 0.83512 0.6549 0.83031 0.63798 0.92348 0.715
						0.84222 0.67094 0.83512 0.6549 0.92348 0.715 0.92348 0.715 0.84234 0.55253
						0.85162 0.53771 0.86286 0.52438 0.92348 0.715 0.85162 0.53771 0.92369
						0.50865 0.92348 0.715 0.86286 0.52438 0.87582 0.51283 0.92369 0.50865
						0.86286 0.52438 0.89025 0.50329 0.92369 0.50865 0.87582 0.51283 0.94592
						0.49516 0.97218 0.49509 0.97241 0.57118 0.92409 0.55786 0.94592 0.49516
						0.97241 0.57118 0.92369 0.49521 0.94592 0.49516 0.92409 0.55786 0.92389
						0.55641 0.92369 0.49521 0.92409 0.55786 0.92387 0.55583 0.92369 0.49521
						0.92389 0.55641 0.97241 0.57118 0.92735 0.56385 0.92697 0.5634 0.92604
						0.56232 0.97241 0.57118 0.92697 0.5634 0.92566 0.56169 0.97241 0.57118
						0.92604 0.56232 0.93264 0.56716 0.93111 0.56655 0.93049 0.56618 0.97241
						0.57118 0.93264 0.56716 0.93049 0.56618 0.9286 0.5649 0.92761 0.56411
						0.92735 0.56385 0.97241 0.57118 0.9286 0.5649 0.92735 0.56385 0.92944
						0.56557 0.9286 0.5649 0.97241 0.57118 0.93049 0.56618 0.92944 0.56557
						0.97241 0.57118 0.92465 0.55981 0.92412 0.55807 0.92409 0.55786 0.97241
						0.57118 0.92465 0.55981 0.92409 0.55786 0.92502 0.56064 0.92465 0.55981
						0.97241 0.57118 0.92566 0.56169 0.92502 0.56064 0.97241 0.57118 0.93494
						0.56788 0.93367 0.56758 0.93264 0.56716 0.97241 0.57118 0.93494 0.56788
						0.93264 0.56716 0.93577 0.56809 0.93494 0.56788 0.97241 0.57118 0.93736
						0.5683 0.93577 0.56809 0.97241 0.57118 0.92566 0.66186 0.92502 0.66291
						0.92522 0.66254 0.93049 0.65739 0.92948 0.65796 0.92977 0.65777 0.92859
						0.65865 0.92948 0.65796 0.97211 0.72853 0.92697 0.66016 0.92859 0.65865
						0.97211 0.72853 0.92778 0.65929 0.92859 0.65865 0.92697 0.66016 0.94589
						0.72843 0.9241 0.66569 0.92438 0.66449 0.92469 0.66372 0.94589 0.72843
						0.92438 0.66449 0.97211 0.72853 0.92948 0.65796 0.93049 0.65739 0.93197
						0.65661 0.97211 0.72853 0.93049 0.65739 0.93262 0.65639 0.97211 0.72853
						0.93197 0.65661 0.92397 0.66628 0.924 0.66609 0.9241 0.66569 0.94589 0.72843
						0.92397 0.66628 0.9241 0.66569 0.92387 0.66772 0.92397 0.66628 0.94589
						0.72843 0.92369 0.72834 0.92387 0.66772 0.94589 0.72843 0.94589 0.72843
						0.92469 0.66372 0.92502 0.66291 0.92566 0.66186 0.94589 0.72843 0.92502
						0.66291 0.97211 0.72853 0.94589 0.72843 0.92566 0.66186 0.92623 0.66099
						0.97211 0.72853 0.92566 0.66186 0.92697 0.66016 0.97211 0.72853 0.92623
						0.66099 0.92639 0.66077 0.92697 0.66016 0.92623 0.66099 0.93492 0.65568
						0.93734 0.65527 0.97234 0.65244 0.97211 0.72853 0.93492 0.65568 0.97234
						0.65244 0.93445 0.65576 0.93492 0.65568 0.97211 0.72853 0.93262 0.65639
						0.93445 0.65576 0.97211 0.72853 0.40087 0.92728 0.39514 0.96111 0.39525
						0.92658 0.40961 0.93414 0.39514 0.96111 0.40861 0.93232 0.39514 0.96111
						0.40438 0.9284 0.40597 0.92944 0.40263 0.92767 0.40438 0.9284 0.39514
						0.96111 0.40087 0.92728 0.40263 0.92767 0.39514 0.96111 0.39514 0.96111
						0.40747 0.93082 0.40861 0.93232 0.40597 0.92944 0.40747 0.93082 0.39514
						0.96111 0.39514 0.96111 0.40961 0.93414 0.41027 0.93601 0.41068 0.93812
						0.39514 0.96111 0.41027 0.93601 0.41079 0.93978 0.41072 0.9611 0.39514
						0.96111 0.41068 0.93812 0.41079 0.93978 0.39514 0.96111 0.3934 0.92634
						0.39525 0.92658 0.39514 0.96111 0.39284 0.96112 0.3934 0.92634 0.39514
						0.96111 0.39284 0.96112 0.39078 0.96113 0.39118 0.92604 0.3934 0.92634
						0.39284 0.96112 0.39118 0.92604 0.38748 0.79835 0.38945 0.79836 0.38908
						0.83369 0.38735 0.83343 0.38748 0.79835 0.38908 0.83369 0.3915 0.83398
						0.38908 0.83369 0.38945 0.79836 0.39168 0.79836 0.3915 0.83398 0.38945
						0.79836 0.39383 0.8342 0.3915 0.83398 0.39168 0.79836 0.3941 0.79836 0.39383
						0.8342 0.39168 0.79836 0.3941 0.79836 0.39665 0.79836 0.39648 0.83439
						0.39383 0.8342 0.3941 0.79836 0.39648 0.83439 0.39665 0.79836 0.39926
						0.79835 0.39903 0.83453 0.39648 0.83439 0.39665 0.79836 0.39903 0.83453
						0.40173 0.83462 0.39903 0.83453 0.39926 0.79835 0.40187 0.79834 0.40173
						0.83462 0.39926 0.79835 0.40422 0.83466 0.40173 0.83462 0.40187 0.79834
						0.40439 0.79833 0.40422 0.83466 0.40187 0.79834 0.40439 0.79833 0.40675
						0.79831 0.40684 0.83465 0.40422 0.83466 0.40439 0.79833 0.40684 0.83465
						0.40684 0.83465 0.40891 0.7983 0.40884 0.83459 0.40675 0.79831 0.40891
						0.7983 0.40684 0.83465 0.94581 0.34317 0.94412 0.30709 0.94602 0.30698
						0.40891 0.7983 0.41079 0.79828 0.41079 0.83447 0.40884 0.83459 0.40891
						0.7983 0.41079 0.83447 0.94385 0.34315 0.94163 0.34314 0.94181 0.30726
						0.94412 0.30709 0.94385 0.34315 0.94181 0.30726 0.94581 0.34317 0.94385
						0.34315 0.94412 0.30709 0.94163 0.34314 0.93922 0.34312 0.93938 0.30747
						0.94181 0.30726 0.94163 0.34314 0.93938 0.30747 0.93938 0.30747 0.93667
						0.34311 0.93679 0.30771 0.93922 0.34312 0.93667 0.34311 0.93938 0.30747
						0.93414 0.30798 0.93679 0.30771 0.93667 0.34311 0.93406 0.3431 0.93414
						0.30798 0.93667 0.34311 0.93145 0.34309 0.93414 0.30798 0.93406 0.3431
						0.93152 0.30826 0.93414 0.30798 0.93145 0.34309 0.92893 0.34309 0.93152
						0.30826 0.93145 0.34309 0.92903 0.30855 0.93152 0.30826 0.92893 0.34309
						0.92893 0.34309 0.92212 0.30949 0.92903 0.30855 0.913 0.32176 0.92893
						0.34309 0.91293 0.34308 0.92893 0.34309 0.91362 0.31773 0.91438 0.31583
						0.91315 0.31975 0.91362 0.31773 0.92893 0.34309 0.913 0.32176 0.91315
						0.31975 0.92893 0.34309 0.92893 0.34309 0.91547 0.31401 0.91671 0.31256
						0.91438 0.31583 0.91547 0.31401 0.92893 0.34309 0.91824 0.31124 0.92893
						0.34309 0.91671 0.31256 0.91988 0.31028 0.92212 0.30949 0.92893 0.34309
						0.91824 0.31124 0.91988 0.31028 0.92893 0.34309 0.18189 0.74115 0.1819
						0.73772 0.18568 0.73768 0.18567 0.74601 0.18189 0.74115 0.18568 0.73768
						0.18189 0.7455 0.18189 0.74115 0.18567 0.74601 0.1818799 0.75412 0.18189
						0.7455 0.18567 0.74601 0.18566 0.75409 0.1818799 0.75412 0.18567 0.74601
						0.1818799 0.75517 0.1818799 0.75412 0.18566 0.75409 0.18566 0.75513
						0.1818799 0.75517 0.18566 0.75409 0.1818799 0.76194 0.1818799 0.75517
						0.18566 0.75513 0.18566 0.76192 0.1818799 0.76194 0.18566 0.75513 0.18189
						0.76952 0.1818799 0.76194 0.18566 0.76192 0.18567 0.76949 0.18189 0.76952
						0.18566 0.76192 0.18189 0.7716 0.18189 0.76952 0.18567 0.76949 0.18189
						0.7716 0.18567 0.76949 0.18568 0.77156 0.18568 0.77633 0.18189 0.7716
						0.18568 0.77156 0.1819 0.77685 0.18189 0.7716 0.18568 0.77633 0.18569
						0.77729 0.1819 0.77685 0.18568 0.77633 0.18191 0.77875 0.1819 0.77685
						0.18569 0.77729 0.1856999 0.78432 0.18191 0.77875 0.18569 0.77729 0.1819199
						0.7839 0.18191 0.77875 0.1856999 0.78432 0.18193 0.78666 0.1819199 0.7839
						0.1856999 0.78432 0.18571 0.78664 0.18193 0.78666 0.1856999 0.78432 0.18195
						0.79097 0.18193 0.78666 0.18571 0.78664 0.18573 0.79094 0.18195 0.79097
						0.18571 0.78664 0.18195 0.79287 0.18195 0.79097 0.18573 0.79094 0.18576
						0.79701 0.18195 0.79287 0.18573 0.79094 0.18197 0.79718 0.18195 0.79287
						0.18576 0.79701 0.18576 0.79716 0.18197 0.79718 0.18576 0.79701 0.07994997
						0.79742 0.08000999 0.79428 0.08379 0.7943 0.08372998 0.79743 0.07994997
						0.79742 0.08379 0.7943 0.07987999 0.80057 0.07994997 0.79742 0.08372998
						0.79743 0.08366 0.80059 0.07987999 0.80057 0.08372998 0.79743 0.07975
						0.80727 0.07987999 0.80057 0.08366 0.80059 0.08353 0.80774 0.07975 0.80727
						0.08366 0.80059 0.07967996 0.81178 0.07975 0.80727 0.08353 0.80774
						0.08345997 0.8118 0.07967996 0.81178 0.08353 0.80774 0.07962995 0.81436
						0.07967996 0.81178 0.08345997 0.8118 0.08340996 0.81486 0.07962995 0.81436
						0.08345997 0.8118 0.07951998 0.82221 0.07962995 0.81436 0.08340996 0.81486
						0.08329999 0.82224 0.07951998 0.82221 0.08340996 0.81486 0.07949995 0.82395
						0.07951998 0.82221 0.08329999 0.82224 0.08322995 0.82766 0.07949995 0.82395
						0.08329999 0.82224 0.07944995 0.82765 0.07949995 0.82395 0.08322995 0.82766
						0.07941997 0.82984 0.07944995 0.82765 0.08322995 0.82766 0.08320999 0.82987
						0.07941997 0.82984 0.08322995 0.82766 0.07933998 0.83771 0.07941997 0.82984
						0.08320999 0.82987 0.08311998 0.83774 0.07933998 0.83771 0.08320999 0.82987
						0.07927 0.84469 0.07933998 0.83771 0.08311998 0.83774 0.07927 0.84469
						0.08311998 0.83774 0.08305996 0.8447 0.08304995 0.84516 0.07927 0.84469
						0.08305996 0.8447 0.07925999 0.84583 0.07927 0.84469 0.08304995 0.84516
						0.08303999 0.8464 0.07925999 0.84583 0.08304995 0.84516 0.07919996 0.85419
						0.07925999 0.84583 0.08303999 0.8464 0.08297997 0.85477 0.07919996 0.85419
						0.08303999 0.8464 0.07914996 0.86256 0.07919996 0.85419 0.08297997 0.85477
						0.08292996 0.86257 0.07914996 0.86256 0.08297997 0.85477 0.07914 0.86318
						0.07914996 0.86256 0.08292996 0.86257 0.08292996 0.86321 0.07914 0.86318
						0.08292996 0.86257 0.07909995 0.8717 0.07914 0.86318 0.08292996 0.86321
						0.08288997 0.87172 0.07909995 0.8717 0.08292996 0.86321 0.07907998 0.88025
						0.07909995 0.8717 0.08288997 0.87172 0.08285999 0.88029 0.07907998 0.88025
						0.08288997 0.87172 0.07907998 0.88091 0.07907998 0.88025 0.08285999 0.88029
						0.08285999 0.88092 0.07907998 0.88091 0.08285999 0.88029 0.07905995 0.88888
						0.07907998 0.88091 0.08285999 0.88092 0.08283996 0.88948 0.07905995 0.88888
						0.08285999 0.88092 0.07905995 0.89756 0.07905995 0.88888 0.08283996 0.88948
						0.07905995 0.89756 0.08283996 0.88948 0.08283996 0.89815 0.08283996 0.89887
						0.07905995 0.89756 0.08283996 0.89815 0.07905995 0.89934 0.07905995 0.89756
						0.08283996 0.89887 0.08283996 0.89936 0.07905995 0.89934 0.08283996 0.89887
						0.07906997 0.90667 0.07905995 0.89934 0.08283996 0.89936 0.08284997 0.9067
						0.07906997 0.90667 0.08283996 0.89936 0.07908999 0.9151 0.07906997 0.90667
						0.08284997 0.9067 0.08287 0.91513 0.07908999 0.9151 0.08284997 0.9067
						0.07909995 0.9175 0.07908999 0.9151 0.08287 0.91513 0.08287996 0.91751
						0.07909995 0.9175 0.08287 0.91513 0.07911998 0.92152 0.07909995 0.9175
						0.08287996 0.91751 0.08291 0.92342 0.07911998 0.92152 0.08287996 0.91751
						0.07911998 0.92339 0.07911998 0.92152 0.08291 0.92342 0.07916998 0.93156
						0.07911998 0.92339 0.08291 0.92342 0.08295994 0.93211 0.07916998 0.93156
						0.08291 0.92342 0.07919996 0.935 0.07916998 0.93156 0.08295994 0.93211
						0.08297997 0.93502 0.07919996 0.935 0.08295994 0.93211 0.07922995 0.93957
						0.07919996 0.935 0.08297997 0.93502 0.08301997 0.94011 0.07922995 0.93957
						0.08297997 0.93502 0.07929998 0.94779 0.07922995 0.93957 0.08301997 0.94011
						0.08309 0.94781 0.07929998 0.94779 0.08301997 0.94011 0.07933998 0.95151
						0.07929998 0.94779 0.08309 0.94781 0.08313 0.95152 0.07933998 0.95151
						0.08309 0.94781 0.07937997 0.95518 0.07933998 0.95151 0.08313 0.95152
						0.07937997 0.95518 0.08313 0.95152 0.08316999 0.95521 0.08316999 0.95537
						0.07937997 0.95518 0.08316999 0.95521 0.07944995 0.96011 0.07937997 0.95518
						0.08316999 0.95537 0.08325999 0.96229 0.07944995 0.96011 0.08316999 0.95537
						0.07947999 0.96227 0.07944995 0.96011 0.08325999 0.96229 0.07953995 0.96668
						0.07947999 0.96227 0.08325999 0.96229 0.08331996 0.96668 0.07953995 0.96668
						0.08325999 0.96229 0.07958 0.96905 0.07953995 0.96668 0.08331996 0.96668
						0.08336997 0.9695 0.07958 0.96905 0.08331996 0.96668 0.07966995 0.97418
						0.07958 0.96905 0.08336997 0.9695 0.08348 0.97593 0.07966995 0.97418
						0.08336997 0.9695 0.07968997 0.9755 0.07966995 0.97418 0.08348 0.97593
						0.39501 0.83552 0.39123 0.83466 0.39501 0.83511 0.39122 0.83963 0.39123
						0.83466 0.39501 0.83552 0.395 0.83966 0.39122 0.83963 0.39501 0.83552
						0.39122 0.84142 0.39122 0.83963 0.395 0.83966 0.395 0.84146 0.39122 0.84142
						0.395 0.83966 0.39121 0.84811 0.39122 0.84142 0.395 0.84146 0.39499 0.84816
						0.39121 0.84811 0.395 0.84146 0.39121 0.85421 0.39121 0.84811 0.39499
						0.84816 0.39499 0.85425 0.39121 0.85421 0.39499 0.84816 0.39121 0.85515
						0.39121 0.85421 0.39499 0.85425 0.39499 0.8552 0.39121 0.85515 0.39499
						0.85425 0.39121 0.86254 0.39121 0.85515 0.39499 0.8552 0.39499 0.86307
						0.39121 0.86254 0.39499 0.8552 0.39121 0.86708 0.39121 0.86254 0.39499
						0.86307 0.39499 0.87029 0.39121 0.86708 0.39499 0.86307 0.39121 0.87026
						0.39121 0.86708 0.39499 0.87029 0.38268 0.84279 0.38121 0.84143 0.38252
						0.84261 0.33209 0.94094 0.32485 0.95202 0.32184 0.94967 0.33538 0.92893
						0.33209 0.94094 0.32184 0.94967 0.34412 0.92255 0.33209 0.94094 0.33538
						0.92893 0.35333 0.90145 0.34412 0.92255 0.33538 0.92893 0.38322 0.85214
						0.38602 0.85169 0.38601 0.85199 0.38573 0.85413 0.38322 0.85214 0.38601
						0.85199 0.38322 0.85214 0.38573 0.85413 0.38514 0.85607 0.38426 0.85788
						0.38322 0.85214 0.38514 0.85607 0.36048 0.88966 0.38322 0.85214 0.38426
						0.85788 0.35993 0.89785 0.36048 0.88966 0.38426 0.85788 0.35333 0.90145
						0.36048 0.88966 0.35993 0.89785 0.3553 0.90546 0.35333 0.90145 0.35993
						0.89785 0.34412 0.92255 0.35333 0.90145 0.3553 0.90546 0.38322 0.85214
						0.32164 0.80405 0.32595 0.79828 0.38121 0.84143 0.38322 0.85214 0.32595
						0.79828 0.38593 0.85004 0.38602 0.85169 0.38322 0.85214 0.38556 0.84805
						0.38593 0.85004 0.38322 0.85214 0.38591 0.84968 0.38593 0.85004 0.38556
						0.84805 0.38322 0.85214 0.38121 0.84143 0.38268 0.84279 0.38337 0.84359
						0.38322 0.85214 0.38268 0.84279 0.3839 0.84439 0.38322 0.85214 0.38337
						0.84359 0.38521 0.84688 0.38548 0.8477 0.38556 0.84805 0.38322 0.85214
						0.38521 0.84688 0.38556 0.84805 0.38487 0.84615 0.38521 0.84688 0.38322
						0.85214 0.3839 0.84439 0.38487 0.84615 0.38322 0.85214 0.38439 0.84514
						0.38487 0.84615 0.3839 0.84439 0.07827997 0.94763 0.07881999 0.94567
						0.07875996 0.94603 0.07827997 0.94763 0.07822996 0.94779 0.07797998 0.94839
						0.01837998 0.99454 0.07827997 0.94763 0.07797998 0.94839 0.07881999 0.94567
						0.07827997 0.94763 0.01837998 0.99454 0.07896 0.94486 0.07881999 0.94567
						0.01837998 0.99454 0.07853996 0.9396 0.07864999 0.93994 0.07879996 0.94058
						0.07618999 0.94174 0.07853996 0.9396 0.07879996 0.94058 0.01837998 0.99454
						0.07797998 0.94839 0.07741999 0.94946 0.07716 0.94995 0.01837998 0.99454
						0.07741999 0.94946 0.07630997 0.95115 0.01837998 0.99454 0.07716 0.94995
						0.07494997 0.95263 0.02307999 1 0.01837998 0.99454 0.07630997 0.95115
						0.07494997 0.95263 0.01837998 0.99454 0.07567995 0.9519 0.07494997 0.95263
						0.07630997 0.95115 0.07615995 0.95135 0.07567995 0.9519 0.07630997 0.95115
						0.07782 0.93769 0.07791996 0.93787 0.07853996 0.9396 0.07618999 0.94174
						0.07782 0.93769 0.07853996 0.9396 0.07681995 0.9359 0.07782 0.93769
						0.07618999 0.94174 0.05320996 0.90893 0.07681995 0.9359 0.07618999 0.94174
						0.05033999 0.89826 0.07681995 0.9359 0.05320996 0.90893 0.04782998 0.90126
						0.05033999 0.89826 0.05320996 0.90893 0.04951 0.89709 0.05033999 0.89826
						0.04782998 0.90126 0.03042995 0.878 0.04951 0.89709 0.04782998 0.90126
						0.02125996 0.85938 0.04951 0.89709 0.03042995 0.878 0.02651 0.87276
						0.02125996 0.85938 0.03042995 0.878 0.02109998 0.85917 0.02125996 0.85938
						0.02651 0.87276 0.01826995 0.86175 0.02109998 0.85917 0.02651 0.87276
						0.07902997 0.94364 0.07899999 0.9446 0.07896 0.94486 0.01837998 0.99454
						0.07902997 0.94364 0.07896 0.94486 0.07905995 0.94261 0.07902997 0.94364
						0.01837998 0.99454 0.07618999 0.94174 0.07905995 0.94261 0.01837998 0.99454
						0.07892996 0.9416 0.07905995 0.94261 0.07618999 0.94174 0.07879996 0.94058
						0.07892996 0.9416 0.07618999 0.94174 0.18177 0.76573 0.17798 0.77238 0.17798
						0.7658 0.17798 0.77238 0.18177 0.76573 0.18177 0.7736 0.18176 0.77525
						0.17798 0.77238 0.18177 0.7736 0.17798 0.7799 0.17798 0.77238 0.18176
						0.77525 0.18176 0.7811 0.17798 0.7799 0.18176 0.77525 0.1779699 0.78232
						0.17798 0.7799 0.18176 0.7811 0.18176 0.78226 0.1779699 0.78232 0.18176
						0.7811 0.1779699 0.78709 0.1779699 0.78232 0.18176 0.78226 0.1817499 0.78824
						0.1779699 0.78709 0.18176 0.78226 0.17795 0.79395 0.1779699 0.78709
						0.1817499 0.78824 0.18173 0.79499 0.17795 0.79395 0.1817499 0.78824
						0.08651995 0.79776 0.08652997 0.79428 0.09030997 0.79539 0.09029996 0.79774
						0.08651995 0.79776 0.09030997 0.79539 0.08649998 0.80116 0.08651995 0.79776
						0.09029996 0.79774 0.09027999 0.80228 0.08649998 0.80116 0.09029996 0.79774
						0.08649998 0.8036 0.08649998 0.80116 0.09027999 0.80228 0.09027999 0.80475
						0.08649998 0.8036 0.09027999 0.80228 0.09022998 0.8199 0.08643996 0.82645
						0.08644998 0.81853 0.08647 0.81388 0.09022998 0.8199 0.08644998 0.81853
						0.09024995 0.81342 0.09022998 0.8199 0.08647 0.81388 0.08647 0.81345
						0.09024995 0.81342 0.08647 0.81388 0.09024995 0.81219 0.09024995 0.81342
						0.08647 0.81345 0.08647 0.81091 0.09024995 0.81219 0.08647 0.81345
						0.09027999 0.80475 0.09024995 0.81219 0.08647 0.81091 0.08648997 0.80457
						0.09027999 0.80475 0.08647 0.81091 0.08649998 0.8036 0.09027999 0.80475
						0.08648997 0.80457 0.08643996 0.82645 0.09022998 0.8199 0.09021997 0.82787
						0.09021997 0.8282 0.08643996 0.82645 0.09021997 0.82787 0.08642995 0.83063
						0.08643996 0.82645 0.09021997 0.8282 0.08642995 0.83063 0.09021997 0.8282
						0.09020996 0.83062 0.09020996 0.8348 0.08642995 0.83063 0.09020996 0.83062
						0.08641999 0.83467 0.08642995 0.83063 0.09020996 0.8348 0.09020996 0.83609
						0.08641999 0.83467 0.09020996 0.8348 0.08640998 0.84318 0.08641999 0.83467
						0.09020996 0.83609 0.09018999 0.84454 0.08640998 0.84318 0.09020996 0.83609
						0.08640998 0.84613 0.08640998 0.84318 0.09018999 0.84454 0.09018999 0.84751
						0.08640998 0.84613 0.09018999 0.84454 0.08640998 0.84897 0.08640998 0.84613
						0.09018999 0.84751 0.09018999 0.84895 0.08640998 0.84897 0.09018999 0.84751
						0.08639997 0.8548 0.08640998 0.84897 0.09018999 0.84895 0.09018999 0.8563
						0.08639997 0.8548 0.09018999 0.84895 0.08639997 0.86361 0.08639997 0.8548
						0.09018999 0.8563 0.09017997 0.86518 0.08639997 0.86361 0.09018999 0.8563
						0.08639997 0.86742 0.08639997 0.86361 0.09017997 0.86518 0.09017997 0.86811
						0.08639997 0.86742 0.09017997 0.86518 0.08639997 0.86813 0.08639997 0.86742
						0.09017997 0.86811 0.08639997 0.87254 0.08639997 0.86813 0.09017997 0.86811
						0.09017997 0.87413 0.08639997 0.87254 0.09017997 0.86811 0.08639997 0.88159
						0.08639997 0.87254 0.09017997 0.87413 0.09017997 0.88314 0.08639997 0.88159
						0.09017997 0.87413 0.08639997 0.88774 0.08639997 0.88159 0.09017997 0.88314
						0.08639997 0.88774 0.09017997 0.88314 0.09018999 0.88773 0.09018999 0.8907
						0.08639997 0.88774 0.09018999 0.88773 0.08639997 0.89075 0.08639997 0.88774
						0.09018999 0.8907 0.09018999 0.89221 0.08639997 0.89075 0.09018999 0.8907
						0.08640998 0.89388 0.08639997 0.89075 0.09018999 0.89221 0.09018999 0.89534
						0.08640998 0.89388 0.09018999 0.89221 0.08641999 0.90294 0.08640998 0.89388
						0.09018999 0.89534 0.0902 0.9045 0.08641999 0.90294 0.09018999 0.89534
						0.08641999 0.90745 0.08641999 0.90294 0.0902 0.9045 0.09020996 0.90743
						0.08641999 0.90745 0.0902 0.9045 0.08642995 0.91195 0.08641999 0.90745
						0.09020996 0.90743 0.09020996 0.91354 0.08642995 0.91195 0.09020996 0.90743
						0.08643996 0.91722 0.08642995 0.91195 0.09020996 0.91354 0.09022998 0.92246
						0.08643996 0.91722 0.09020996 0.91354 0.08643996 0.92089 0.08643996 0.91722
						0.09022998 0.92246 0.08644998 0.92687 0.08643996 0.92089 0.09022998 0.92246
						0.09024 0.92686 0.08644998 0.92687 0.09022998 0.92246 0.08645999 0.92975
						0.08644998 0.92687 0.09024 0.92686 0.09024995 0.93125 0.08645999 0.92975
						0.09024 0.92686 0.08647996 0.93853 0.08645999 0.92975 0.09024995 0.93125
						0.09026998 0.93991 0.08647996 0.93853 0.09024995 0.93125 0.08648997 0.94149
						0.08647996 0.93853 0.09026998 0.93991 0.09027999 0.94285 0.08648997 0.94149
						0.09026998 0.93991 0.08649998 0.94565 0.08648997 0.94149 0.09027999 0.94285
						0.09027999 0.94564 0.08649998 0.94565 0.09027999 0.94285 0.08651 0.94991
						0.08649998 0.94565 0.09027999 0.94564 0.09029996 0.95134 0.08651 0.94991
						0.09027999 0.94564 0.08653998 0.9581 0.08651 0.94991 0.09029996 0.95134
						0.09033 0.95952 0.08653998 0.9581 0.09029996 0.95134 0.08655995 0.96344
						0.08653998 0.9581 0.09033 0.95952 0.09033995 0.96342 0.08655995 0.96344
						0.09033 0.95952 0.08655995 0.96406 0.08655995 0.96344 0.09033995 0.96342
						0.09035998 0.96741 0.08655995 0.96406 0.09033995 0.96342 0.08656996 0.96604
						0.08655995 0.96406 0.09035998 0.96741 0.0866 0.97371 0.08656996 0.96604
						0.09035998 0.96741 0.09038996 0.97499 0.0866 0.97371 0.09035998 0.96741
						0.08662998 0.9799 0.0866 0.97371 0.09038996 0.97499 0.09040999 0.97988
						0.08662998 0.9799 0.09038996 0.97499 0.08662998 0.98112 0.08662998 0.9799
						0.09040999 0.97988 0.09042 0.98226 0.08662998 0.98112 0.09040999 0.97988
						0.08664995 0.98357 0.08662998 0.98112 0.09042 0.98226 0.08664995 0.98357
						0.09042 0.98226 0.09043997 0.98469 0.09046995 0.99142 0.08664995 0.98357
						0.09043997 0.98469 0.08667999 0.99041 0.08664995 0.98357 0.09046995 0.99142
						0.09046995 0.99154 0.08667999 0.99041 0.09046995 0.99142 0.08670997 0.99471
						0.08667999 0.99041 0.09046995 0.99154 0.08670997 0.99471 0.09046995 0.99154
						0.09048998 0.99469 0.09049999 0.99653 0.08670997 0.99471 0.09048998 0.99469
						0.08671998 0.99686 0.08670997 0.99471 0.09049999 0.99653 0.09050995 0.99795
						0.08671998 0.99686 0.09049999 0.99653 0.38742 0.84087 0.38741 0.83466
						0.39119 0.83581 0.3912 0.84209 0.38742 0.84087 0.39119 0.83581 0.38742
						0.84606 0.38742 0.84087 0.3912 0.84209 0.3912 0.84654 0.38742 0.84606 0.3912
						0.84209 0.38742 0.84645 0.38742 0.84606 0.3912 0.84654 0.38742 0.84751
						0.38742 0.84645 0.3912 0.84654 0.39121 0.84876 0.38742 0.84751 0.3912
						0.84654 0.38742 0.85458 0.38742 0.84751 0.39121 0.84876 0.39121 0.85581
						0.38742 0.85458 0.39121 0.84876 0.38742 0.85482 0.38742 0.85458 0.39121
						0.85581 0.38742 0.85708 0.38742 0.85482 0.39121 0.85581 0.3912 0.85833
						0.38742 0.85708 0.39121 0.85581 0.38742 0.862 0.38742 0.85708 0.3912 0.85833
						0.3912 0.86208 0.38742 0.862 0.3912 0.85833 0.38742 0.86454 0.38742 0.862
						0.3912 0.86208 0.3912 0.86591 0.38742 0.86454 0.3912 0.86208 0.38741 0.8723
						0.38742 0.86454 0.3912 0.86591 0.39119 0.87375 0.38741 0.8723 0.3912 0.86591
						0.38739 0.87904 0.38741 0.8723 0.39119 0.87375 0.39118 0.87912 0.38739
						0.87904 0.39119 0.87375 0.38739 0.88034 0.38739 0.87904 0.39118 0.87912
						0.39115 0.89017 0.39113 0.89734 0.38735 0.89727 0.38737 0.88867 0.39115
						0.89017 0.38735 0.89727 0.39116 0.8869 0.39115 0.89017 0.38737 0.88867
						0.38739 0.88034 0.39116 0.8869 0.38737 0.88867 0.39117 0.88184 0.39116
						0.8869 0.38739 0.88034 0.39118 0.87912 0.39117 0.88184 0.38739 0.88034
						0.91608 0.49484 0.91592 0.49509 0.91293 0.4927 0.92162 0.47971 0.91608
						0.49484 0.91293 0.4927 0.94589 0.45033 0.91608 0.49484 0.92162 0.47971
						0.92576 0.47353 0.94589 0.45033 0.92162 0.47971 0.94676 0.44896 0.94589
						0.45033 0.92576 0.47353 0.97416 0.38842 0.97272 0.38702 0.97397 0.38819
						0.97403 0.39857 0.97272 0.38702 0.97416 0.38842 0.91798 0.34317 0.97272
						0.38702 0.97403 0.39857 0.91303 0.3497 0.91798 0.34317 0.97403 0.39857
						0.97704 0.39613 0.97701 0.39795 0.97403 0.39857 0.97679 0.39398 0.97704
						0.39613 0.97403 0.39857 0.97704 0.39575 0.97704 0.39613 0.97679 0.39398
						0.97403 0.39857 0.97416 0.38842 0.9748 0.38922 0.97532 0.39009 0.97403
						0.39857 0.9748 0.38922 0.97575 0.3908 0.97403 0.39857 0.97532 0.39009
						0.97652 0.40055 0.97649 0.40069 0.97576 0.40272 0.97403 0.39857 0.97652
						0.40055 0.97576 0.40272 0.97697 0.39828 0.97652 0.40055 0.97403 0.39857
						0.97701 0.39795 0.97697 0.39828 0.97403 0.39857 0.94676 0.44896 0.92576
						0.47353 0.94412 0.44607 0.94978 0.43707 0.94676 0.44896 0.94412 0.44607
						0.97469 0.40477 0.94676 0.44896 0.94978 0.43707 0.97403 0.39857 0.97469
						0.40477 0.94978 0.43707 0.97575 0.40275 0.97469 0.40477 0.97403 0.39857
						0.97576 0.40272 0.97575 0.40275 0.97403 0.39857 0.97646 0.39257 0.97674
						0.3936 0.97679 0.39398 0.97403 0.39857 0.97646 0.39257 0.97679 0.39398
						0.97621 0.39195 0.97646 0.39257 0.97403 0.39857 0.97575 0.3908 0.97621
						0.39195 0.97403 0.39857 0.24134 0.91452 0.2420499 0.91257 0.2419599 0.91293
						0.17974 0.79816 0.19054 0.82333 0.17664 0.8004 0.24134 0.91452 0.24127
						0.91471 0.24106 0.91513 0.17637 0.95381 0.24134 0.91452 0.24106 0.91513
						0.2420499 0.91257 0.24134 0.91452 0.17637 0.95381 0.24222 0.91189 0.2420499
						0.91257 0.17637 0.95381 0.17637 0.95381 0.24106 0.91513 0.24033 0.9163
						0.24009 0.91668 0.17637 0.95381 0.24033 0.9163 0.2390699 0.91787 0.17637
						0.95381 0.24009 0.91668 0.23756 0.91919 0.1808 0.96023 0.17637 0.95381
						0.2390699 0.91787 0.23756 0.91919 0.17637 0.95381 0.23849 0.91845 0.23756
						0.91919 0.2390699 0.91787 0.23894 0.91802 0.23849 0.91845 0.2390699 0.91787
						0.2162899 0.86671 0.20897 0.85372 0.21574 0.85804 0.2407 0.9021 0.2162899
						0.86671 0.21574 0.85804 0.23963 0.90807 0.2162899 0.86671 0.2407 0.9021
						0.23963 0.90807 0.2407 0.9021 0.2416 0.90411 0.24167 0.90426 0.23963 0.90807
						0.2416 0.90411 0.2422 0.90622 0.23963 0.90807 0.24167 0.90426 0.24241 0.9105
						0.24237 0.91105 0.24222 0.91189 0.17637 0.95381 0.24241 0.9105 0.24222
						0.91189 0.24251 0.90898 0.24241 0.9105 0.17637 0.95381 0.23963 0.90807
						0.24251 0.90898 0.17637 0.95381 0.24246 0.90836 0.24251 0.90898 0.23963
						0.90807 0.2422 0.90622 0.24246 0.90836 0.23963 0.90807 0.24233 0.90682
						0.24246 0.90836 0.2422 0.90622 0.2422699 0.90647 0.24233 0.90682 0.2422
						0.90622 0.19054 0.82333 0.17974 0.79816 0.18717 0.81041 0.19951 0.83075
						0.19054 0.82333 0.18717 0.81041 0.20897 0.85372 0.19054 0.82333 0.19951
						0.83075 0.21099 0.84966 0.20897 0.85372 0.19951 0.83075 0.21574 0.85804
						0.20897 0.85372 0.21099 0.84966 0.77889 0.59019 0.78144 0.58305 0.78144
						0.59018 0.77353 0.60519 0.77889 0.59019 0.78144 0.59018 0.82739 0.98009
						0.81144 0.97755 0.79599 0.93396 0.81106 0.934 0.82739 0.98009 0.79599
						0.93396 0.80593 0.91953 0.81106 0.934 0.79599 0.93396 0.79238 0.92377
						0.80593 0.91953 0.79599 0.93396 0.78112 0.89204 0.80593 0.91953 0.79238
						0.92377 0.79366 0.88494 0.78114 0.88491 0.78118 0.85747 0.78441 0.85884
						0.79366 0.88494 0.78118 0.85747 0.73563 0.82493 0.73396 0.83567 0.73398
						0.82295 0.73396 0.83567 0.73563 0.82493 0.73945 0.82895 0.7415 0.83111
						0.73396 0.83567 0.73945 0.82895 0.74652 0.83572 0.73396 0.83567 0.7415
						0.83111 0.7056 0.80656 0.71627 0.79617 0.71802 0.79944 0.70709 0.80929
						0.7056 0.80656 0.71802 0.79944 0.72035 0.80378 0.70709 0.80929 0.71802
						0.79944 0.71178 0.81709 0.70709 0.80929 0.72035 0.80378 0.72519 0.81151
						0.71178 0.81709 0.72035 0.80378 0.7143 0.82074 0.71178 0.81709 0.72519
						0.81151 0.72771 0.81498 0.7143 0.82074 0.72519 0.81151 0.7169 0.82452 0.7143
						0.82074 0.72771 0.81498 0.73019 0.8184 0.7169 0.82452 0.72771 0.81498
						0.72245 0.83157 0.7169 0.82452 0.73019 0.8184 0.73398 0.82295 0.72245
						0.83157 0.73019 0.8184 0.72609 0.83564 0.72245 0.83157 0.73398 0.82295
						0.73396 0.83567 0.72609 0.83564 0.73398 0.82295 0.72643 0.83602 0.72609
						0.83564 0.73396 0.83567 0.71627 0.79617 0.7056 0.80656 0.7043 0.80391
						0.70162 0.79846 0.71627 0.79617 0.7043 0.80391 0.71272 0.78834 0.71627
						0.79617 0.70162 0.79846 0.69814 0.79014 0.71272 0.78834 0.70162 0.79846
						0.71204 0.78654 0.71272 0.78834 0.69814 0.79014 0.69688 0.7865 0.71204
						0.78654 0.69814 0.79014 0.71057 0.78265 0.71204 0.78654 0.69688 0.7865
						0.69664 0.78582 0.71057 0.78265 0.69688 0.7865 0.70969 0.78033 0.71057
						0.78265 0.69664 0.78582 0.69518 0.7816 0.70969 0.78033 0.69664 0.78582
						0.7072 0.77214 0.70969 0.78033 0.69518 0.7816 0.69274 0.77285 0.7072 0.77214
						0.69518 0.7816 0.70552 0.76495 0.7072 0.77214 0.69274 0.77285 0.69146
						0.76684 0.70552 0.76495 0.69274 0.77285 0.70512 0.76319 0.70552 0.76495
						0.69146 0.76684 0.69083 0.76389 0.70512 0.76319 0.69146 0.76684 0.70372
						0.75462 0.70512 0.76319 0.69083 0.76389 0.70372 0.75462 0.69083 0.76389
						0.69031 0.76081 0.68916 0.75182 0.70372 0.75462 0.69031 0.76081 0.70296
						0.74669 0.70372 0.75462 0.68916 0.75182 0.68886 0.7473 0.70296 0.74669
						0.68916 0.75182 0.7029 0.74603 0.70296 0.74669 0.68886 0.7473 0.68856
						0.74278 0.7029 0.74603 0.68886 0.7473 0.70263 0.73746 0.7029 0.74603 0.68856
						0.74278 0.68854 0.73744 0.70263 0.73746 0.68856 0.74278 0.68852 0.73372
						0.70263 0.73746 0.68854 0.73744 0.70292 0.72886 0.70263 0.73746 0.68852
						0.73372 0.68887 0.72758 0.70292 0.72886 0.68852 0.73372 0.70298 0.72823
						0.70292 0.72886 0.68887 0.72758 0.68904 0.72463 0.70298 0.72823 0.68887
						0.72758 0.70384 0.71972 0.70298 0.72823 0.68904 0.72463 0.70384 0.71972
						0.68904 0.72463 0.69013 0.71553 0.69063 0.71244 0.70384 0.71972 0.69013
						0.71553 0.70528 0.71116 0.70384 0.71972 0.69063 0.71244 0.69153 0.70806
						0.70528 0.71116 0.69063 0.71244 0.70557 0.70997 0.70528 0.71116 0.69153
						0.70806 0.69244 0.70357 0.70557 0.70997 0.69153 0.70806 0.70727 0.70278
						0.70557 0.70997 0.69244 0.70357 0.6948 0.69484 0.70727 0.70278 0.69244
						0.70357 0.70979 0.69458 0.70727 0.70278 0.6948 0.69484 0.69674 0.68908
						0.70979 0.69458 0.6948 0.69484 0.71066 0.69228 0.70979 0.69458 0.69674
						0.68908 0.69696 0.68841 0.71066 0.69228 0.69674 0.68908 0.71214 0.6884
						0.71066 0.69228 0.69696 0.68841 0.69768 0.68627 0.71214 0.6884 0.69696
						0.68841 0.71283 0.68658 0.71214 0.6884 0.69768 0.68627 0.7011 0.67787
						0.71283 0.68658 0.69768 0.68627 0.71664 0.67827 0.71283 0.68658 0.7011
						0.67787 0.70441 0.671 0.71664 0.67827 0.7011 0.67787 0.71814 0.67551 0.71664
						0.67827 0.70441 0.671 0.70506 0.66966 0.71814 0.67551 0.70441 0.671 0.72077
						0.67068 0.71814 0.67551 0.70506 0.66966 0.7421 0.6435 0.73416 0.63931
						0.74673 0.63929 0.73416 0.63931 0.7421 0.6435 0.73964 0.64606 0.73582
						0.65005 0.73416 0.63931 0.73964 0.64606 0.73415 0.65204 0.73416 0.63931
						0.73582 0.65005 0.78143 0.61761 0.79397 0.59018 0.78466 0.61626 0.81147
						0.54114 0.79639 0.54116 0.81193 0.49759 0.82789 0.49509 0.81147 0.54114
						0.81193 0.49759 0.72077 0.67068 0.70506 0.66966 0.70653 0.66691 0.71111
						0.65915 0.72077 0.67068 0.70653 0.66691 0.72535 0.66344 0.72077 0.67068
						0.71111 0.65915 0.71446 0.6542 0.72535 0.66344 0.71111 0.65915 0.72787 0.66
						0.72535 0.66344 0.71446 0.6542 0.71614 0.65171 0.72787 0.66 0.71446 0.6542
						0.73037 0.65656 0.72787 0.66 0.71614 0.65171 0.72163 0.64461 0.73037 0.65656
						0.71614 0.65171 0.73415 0.65204 0.73037 0.65656 0.72163 0.64461 0.72627
						0.63933 0.73415 0.65204 0.72163 0.64461 0.73416 0.63931 0.73415 0.65204
						0.72627 0.63933 0.72662 0.63893 0.73416 0.63931 0.72627 0.63933 0.79276
						0.55134 0.79639 0.54116 0.81147 0.54114 0.80631 0.55561 0.79276 0.55134
						0.81147 0.54114 0.78144 0.58305 0.79276 0.55134 0.80631 0.55561 0.79397
						0.59018 0.78144 0.58305 0.80631 0.55561 0.78144 0.59018 0.78144 0.58305
						0.79397 0.59018 0.78143 0.61761 0.78144 0.59018 0.79397 0.59018 0.77353
						0.60519 0.78144 0.59018 0.78143 0.61761 0.77733 0.61934 0.77353 0.60519
						0.78143 0.61761 0.76544 0.60907 0.77353 0.60519 0.77733 0.61934 0.76929
						0.62338 0.76544 0.60907 0.77733 0.61934 0.75766 0.61343 0.76544 0.60907
						0.76929 0.62338 0.76832 0.62396 0.75766 0.61343 0.76929 0.62338 0.75645
						0.61422 0.75766 0.61343 0.76832 0.62396 0.76205 0.62768 0.75645 0.61422
						0.76832 0.62396 0.75019 0.61827 0.75645 0.61422 0.76205 0.62768 0.7551
						0.63247 0.75019 0.61827 0.76205 0.62768 0.74304 0.62358 0.75019 0.61827
						0.7551 0.63247 0.75321 0.63396 0.74304 0.62358 0.7551 0.63247 0.74072
						0.62554 0.74304 0.62358 0.75321 0.63396 0.74844 0.63774 0.74072 0.62554
						0.75321 0.63396 0.73622 0.62935 0.74072 0.62554 0.74844 0.63774 0.74673
						0.63929 0.73622 0.62935 0.74844 0.63774 0.73416 0.63124 0.73622 0.62935
						0.74673 0.63929 0.73416 0.63931 0.73416 0.63124 0.74673 0.63929 0.73395
						0.63144 0.73416 0.63124 0.73416 0.63931 0.72662 0.63893 0.73395 0.63144
						0.73416 0.63931 0.72756 0.63785 0.73395 0.63144 0.72662 0.63893 0.73395
						0.8437 0.72841 0.83825 0.72643 0.83602 0.73396 0.83567 0.73395 0.8437
						0.72643 0.83602 0.73479 0.84453 0.73395 0.8437 0.73396 0.83567 0.74652
						0.83572 0.73479 0.84453 0.73396 0.83567 0.73707 0.8466 0.73479 0.84453
						0.74652 0.83572 0.74781 0.83691 0.73707 0.8466 0.74652 0.83572 0.7405
						0.84945 0.73707 0.8466 0.74781 0.83691 0.753 0.84106 0.7405 0.84945 0.74781
						0.83691 0.744 0.85236 0.7405 0.84945 0.753 0.84106 0.75488 0.84256 0.744
						0.85236 0.753 0.84106 0.75122 0.85762 0.744 0.85236 0.75488 0.84256 0.76181
						0.84736 0.75122 0.85762 0.75488 0.84256 0.75621 0.8608 0.75122 0.85762
						0.76181 0.84736 0.76809 0.8511 0.75621 0.8608 0.76181 0.84736 0.75873 0.8624
						0.75621 0.8608 0.76809 0.8511 0.76905 0.85168 0.75873 0.8624 0.76809 0.8511
						0.76651 0.86667 0.75873 0.8624 0.76905 0.85168 0.77658 0.85551 0.76651
						0.86667 0.76905 0.85168 0.77326 0.86988 0.76651 0.86667 0.77658 0.85551
						0.78118 0.85747 0.77326 0.86988 0.77658 0.85551 0.77859 0.88489 0.77326
						0.86988 0.78118 0.85747 0.78114 0.88491 0.77859 0.88489 0.78118 0.85747
						0.78112 0.89204 0.77859 0.88489 0.78114 0.88491 0.79366 0.88494 0.78112
						0.89204 0.78114 0.88491 0.80593 0.91953 0.78112 0.89204 0.79366 0.88494
						0.18576 0.50265 0.1855199 0.58207 0.16939 0.58203 0.1696299 0.5026 0.18576
						0.50265 0.16939 0.58203 0.17006 0.66151 0.16982 0.58209 0.1855199 0.58207
						0.18576 0.66149 0.17006 0.66151 0.1855199 0.58207 0.07142996 0.07330995
						0.08184999 0.06367999 0.2459599 0.24884 0.06203997 0.08401 0.07142996
						0.07330995 0.2459599 0.24884 0.05426996 0.09286999 0.06203997 0.08401
						0.2459599 0.24884 0.37115 0.65041 0.32194 0.5026 0.3713 0.50265 0.32194
						0.5026 0.37115 0.65041 0.32179 0.65035 0.40887 0.65045 0.3713 0.50265
						0.40902 0.50269 0.3713 0.50265 0.40887 0.65045 0.37115 0.65041 0.91288
						0.37191 0.91292 0.39455 0.83879 0.39497 0.83869 0.34917 0.91282 0.349
						0.91288 0.37191 0.83861 0.32633 0.91282 0.349 0.83869 0.34917 0.91288
						0.37191 0.83879 0.39497 0.83875 0.37216 0.91288 0.37191 0.83875 0.37216
						0.83869 0.34917 0.40902 0.50269 0.43351 0.50466 0.44155 0.51445 0.40902
						0.50269 0.44155 0.51445 0.44791 0.5222 0.44791 0.5222 0.4601 0.54081 0.40902
						0.50269 0.40887 0.65045 0.4601 0.54081 0.45971 0.6505 0.40902 0.50269 0.4601
						0.54081 0.40887 0.65045 0.479 0.58287 0.48493 0.60498 0.45971 0.6505 0.45971
						0.6505 0.48493 0.60498 0.48844 0.62757 0.48965 0.65055 0.45971 0.6505
						0.48844 0.62757 0.48965 0.65055 0.48843 0.67363 0.45971 0.6505 0.4706
						0.73949 0.45988 0.76019 0.45971 0.6505 0.47886 0.71818 0.4706 0.73949
						0.45971 0.6505 0.48484 0.69607 0.47886 0.71818 0.45971 0.6505 0.48843
						0.67363 0.48484 0.69607 0.45971 0.6505 0.40887 0.65045 0.43321 0.79629
						0.40872 0.7982 0.44764 0.77878 0.43321 0.79629 0.40887 0.65045 0.45988
						0.76019 0.44764 0.77878 0.40887 0.65045 0.45971 0.6505 0.45988 0.76019
						0.40887 0.65045 0.37115 0.65041 0.40872 0.7982 0.371 0.79816 0.40872 0.7982
						0.37115 0.65041 0.40887 0.65045 0.371 0.79816 0.32179 0.65035 0.37115
						0.65041 0.32179 0.65035 0.371 0.79816 0.32164 0.7981 0.24221 0.79816
						0.1860899 0.69672 0.21174 0.69674 0.1860899 0.69672 0.24221 0.79816 0.18599
						0.7981 0.24251 0.50266 0.18619 0.60399 0.18629 0.5026 0.18619 0.60399
						0.24251 0.50266 0.21184 0.60402 0.92651 0.94847 0.91649 0.97062 0.90652
						0.94845 0.92651 0.94847 0.92648 0.97063 0.91649 0.97062 0.90652 0.94845
						0.91649 0.97062 0.90649 0.97061 0.90663 0.97229 0.90649 0.97061 0.91649
						0.97062 0.90703 0.97394 0.90663 0.97229 0.91649 0.97062 0.90769 0.97549
						0.90703 0.97394 0.91649 0.97062 0.90971 0.97816 0.90859 0.97691 0.91649
						0.97062 0.91101 0.9792 0.90971 0.97816 0.91649 0.97062 0.90859 0.97691
						0.90769 0.97549 0.91649 0.97062 0.91246 0.98001 0.91101 0.9792 0.91649
						0.97062 0.91402 0.98056 0.91246 0.98001 0.91649 0.97062 0.91565 0.98084
						0.91402 0.98056 0.91649 0.97062 0.9173 0.98084 0.91565 0.98084 0.91649
						0.97062 0.91893 0.98057 0.9173 0.98084 0.91649 0.97062 0.92049 0.98002
						0.91893 0.98057 0.91649 0.97062 0.92195 0.97921 0.92049 0.98002 0.91649
						0.97062 0.92325 0.97817 0.92195 0.97921 0.91649 0.97062 0.92437 0.97693
						0.92325 0.97817 0.91649 0.97062 0.92527 0.97551 0.92437 0.97693 0.91649
						0.97062 0.92594 0.97396 0.92527 0.97551 0.91649 0.97062 0.92635 0.97232
						0.92594 0.97396 0.91649 0.97062 0.91649 0.97062 0.92648 0.97063 0.92635
						0.97232 0.95539 0.60486 0.93965 0.60541 0.95537 0.58737 0.95537 0.58737
						0.93965 0.60541 0.95516 0.5847 0.95516 0.5847 0.93965 0.60541 0.95451 0.5821
						0.95451 0.5821 0.93965 0.60541 0.95346 0.57964 0.95346 0.57964 0.93965
						0.60541 0.95202 0.57739 0.95202 0.57739 0.93965 0.60541 0.95025 0.57542
						0.95025 0.57542 0.93965 0.60541 0.94818 0.57377 0.94818 0.57377 0.93965
						0.60541 0.94588 0.57249 0.94588 0.57249 0.93965 0.60541 0.94341 0.57162
						0.94341 0.57162 0.93965 0.60541 0.94083 0.57118 0.94083 0.57118 0.93965
						0.60541 0.93821 0.57119 0.93821 0.57119 0.93965 0.60541 0.93563 0.57163
						0.93563 0.57163 0.93965 0.60541 0.93315 0.57251 0.93315 0.57251 0.93965
						0.60541 0.93086 0.57379 0.93086 0.57379 0.93965 0.60541 0.92879 0.57544
						0.92879 0.57544 0.93965 0.60541 0.92702 0.57742 0.92702 0.57742 0.93965
						0.60541 0.92559 0.57967 0.92559 0.57967 0.93965 0.60541 0.92454 0.58213
						0.92454 0.58213 0.93965 0.60541 0.9239 0.58473 0.9239 0.58473 0.93965
						0.60541 0.92369 0.58741 0.93965 0.60541 0.92371 0.6049 0.92369 0.58741
						0.92369 0.65241 0.93371 0.63027 0.94368 0.65244 0.92369 0.65241 0.92371
						0.63026 0.93371 0.63027 0.94368 0.65244 0.93371 0.63027 0.9437 0.63028
						0.93371 0.63027 0.92371 0.63026 0.92385 0.62857 0.93371 0.63027 0.92385
						0.62857 0.92426 0.62693 0.93371 0.63027 0.92426 0.62693 0.92492 0.62538
						0.93371 0.63027 0.92492 0.62538 0.92583 0.62396 0.93371 0.63027 0.92583
						0.62396 0.92695 0.62271 0.93371 0.63027 0.92695 0.62271 0.92825 0.62167
						0.93371 0.63027 0.92825 0.62167 0.9297 0.62087 0.93371 0.63027 0.9297
						0.62087 0.93127 0.62032 0.93127 0.62032 0.93289 0.62004 0.93371 0.63027
						0.93289 0.62004 0.93454 0.62005 0.93371 0.63027 0.93454 0.62005 0.93617
						0.62033 0.93371 0.63027 0.93617 0.62033 0.93773 0.62088 0.93371 0.63027
						0.93773 0.62088 0.93918 0.62169 0.93371 0.63027 0.93918 0.62169 0.94049
						0.62273 0.93371 0.63027 0.94049 0.62273 0.9416 0.62398 0.93371 0.63027
						0.9416 0.62398 0.9425 0.6254 0.93371 0.63027 0.9425 0.6254 0.94317 0.62695
						0.93371 0.63027 0.94317 0.62695 0.94357 0.62859 0.93371 0.63027 0.94357
						0.62859 0.9437 0.63028 0.93371 0.63027 0.46951 0.15127 0.47768 0.17378
						0.2459599 0.24884 0.2459599 0.24884 0.45822 0.1278899 0.46951 0.15127
						0.48965 0.25285 0.48826 0.2771 0.2459599 0.24884 0.48851 0.22679 0.48965
						0.25285 0.2459599 0.24884 0.48826 0.2771 0.48404 0.30465 0.2459599 0.24884
						0.48404 0.30465 0.47735 0.32982 0.2459599 0.24884 0.32133 0.48998 0.2968
						0.49685 0.2459599 0.24884 0.34502 0.48054 0.32133 0.48998 0.2459599 0.24884
						0.24634 0.5026 0.2209399 0.50143 0.2459599 0.24884 0.2209399 0.50143 0.1958
						0.49756 0.2459599 0.24884 0.1958 0.49756 0.1693 0.49031 0.2459599 0.24884
						0.10311 0.45639 0.11054 0.45285 0.12889 0.46735 0.2459599 0.24884 0.14724
						0.48186 0.12889 0.46735 0.2459599 0.24884 0.12889 0.46735 0.11054 0.45285
						0.12459 0.47034 0.10311 0.45639 0.12889 0.46735 0.14724 0.48186 0.12459
						0.47034 0.12889 0.46735 0.2459599 0.24884 0.09751999 0.44304 0.06784999
						0.41468 0.2459599 0.24884 0.06784999 0.41468 0.03818994 0.38633 0.05416995
						0.40927 0.03818994 0.38633 0.06784999 0.41468 0.07130998 0.42884 0.05416995
						0.40927 0.06784999 0.41468 0.09034997 0.44646 0.07130998 0.42884 0.06784999
						0.41468 0.09751999 0.44304 0.09034997 0.44646 0.06784999 0.41468 10e-6
						0.2379 0.001109957 0.22712 0.2459599 0.24884 0 0.26421 10e-6 0.2379
						0.2459599 0.24884 0.09046995 0.05570995 0.11121 0.04023998 0.2459599 0.24884
						0.11121 0.04023998 0.13204 0.02789998 0.2459599 0.24884 0.22127 0.001139998
						0.23177 10e-6 0.2459599 0.24884 0.2459599 0.24884 0.23177 10e-6 0.2574 0
						0.2459599 0.24884 0.43495 0.09273999 0.43163 0.1001 0.41779 0.07319998
						0.43495 0.09273999 0.2459599 0.24884</float_array>
					<technique_common>
						<accessor source="#Mesh_001-mesh-map-0-array" count="11280" stride="2">
							<param name="S" type="float" />
							<param name="T" type="float" />
						</accessor>
					</technique_common>
				</source>
				<vertices id="Mesh_001-mesh-vertices">
					<input semantic="POSITION" source="#Mesh_001-mesh-positions" />
				</vertices>
				<triangles material="Material-material" count="3760">
					<input semantic="VERTEX" source="#Mesh_001-mesh-vertices" offset="0" />
					<input semantic="NORMAL" source="#Mesh_001-mesh-normals" offset="1" />
					<input semantic="TEXCOORD" source="#Mesh_001-mesh-map-0" offset="2" set="0" />
					<p>2 0 0 0 0 1 1 0 2 3 1 3 2 1 4 1 1 5 4 2 6 2 2 7 3 2 8 5 3 9 4 3 10 3 3 11 6 4
						12 5 4 13 3 4 14 7 5 15 5 5 16 6 5 17 8 6 18 7 6 19 6 6 20 9 7 21 8 7 22 6 7
						23 10 8 24 9 8 25 6 8 26 11 9 27 9 9 28 10 9 29 12 10 30 11 10 31 10 10 32
						13 11 33 12 11 34 10 11 35 14 12 36 12 12 37 13 12 38 15 13 39 14 13 40 13
						13 41 16 14 42 15 14 43 13 14 44 17 15 45 15 15 46 16 15 47 16 16 48 18 16
						49 19 16 50 20 17 51 16 17 52 19 17 53 17 18 54 16 18 55 20 18 56 23 19 57
						21 19 58 22 19 59 24 20 60 23 20 61 22 20 62 25 21 63 23 21 64 24 21 65 26
						22 66 25 22 67 24 22 68 27 23 69 25 23 70 26 23 71 18 24 72 25 24 73 27 24
						74 28 25 75 18 25 76 27 25 77 19 26 78 18 26 79 28 26 80 29 27 81 21 27 82
						23 27 83 30 28 84 29 28 85 23 28 86 31 29 87 29 29 88 30 29 89 32 30 90 31
						30 91 30 30 92 33 31 93 32 31 94 30 31 95 34 32 96 32 32 97 33 32 98 33 33
						99 35 33 100 36 33 101 37 34 102 33 34 103 36 34 104 34 35 105 33 35 106 37
						35 107 40 36 108 38 36 109 39 36 110 41 37 111 40 37 112 39 37 113 35 38 114
						40 38 115 41 38 116 42 39 117 35 39 118 41 39 119 36 40 120 35 40 121 42 40
						122 43 41 123 38 41 124 40 41 125 44 42 126 43 42 127 40 42 128 45 43 129 43
						43 130 44 43 131 46 44 132 45 44 133 44 44 134 47 45 135 46 45 136 44 45 137
						48 46 138 46 46 139 47 46 140 49 47 141 48 47 142 47 47 143 50 48 144 49 48
						145 47 48 146 51 49 147 49 49 148 50 49 149 50 50 150 52 50 151 53 50 152 54
						51 153 50 51 154 53 51 155 51 52 156 50 52 157 54 52 158 57 53 159 55 53 160
						56 53 161 58 54 162 57 54 163 56 54 164 59 55 165 57 55 166 58 55 167 60 56
						168 59 56 169 58 56 170 52 57 171 59 57 172 60 57 173 61 58 174 52 58 175 60
						58 176 62 59 177 52 59 178 61 59 179 53 60 180 52 60 181 62 60 182 63 61 183
						55 61 184 57 61 185 64 62 186 63 62 187 57 62 188 65 63 189 63 63 190 64 63
						191 66 64 192 65 64 193 64 64 194 67 65 195 66 65 196 64 65 197 68 66 198 66
						66 199 67 66 200 69 67 201 68 67 202 67 67 203 70 68 204 69 68 205 67 68 206
						71 69 207 70 69 208 67 69 209 72 70 210 70 70 211 71 70 212 73 71 213 72 71
						214 71 71 215 74 72 216 73 72 217 71 72 218 75 73 219 73 73 220 74 73 221 76
						74 222 75 74 223 74 74 224 77 75 225 76 75 226 74 75 227 78 76 228 76 76 229
						77 76 230 77 77 231 79 77 232 80 77 233 81 78 234 77 78 235 80 78 236 78 79
						237 77 79 238 81 79 239 84 80 240 82 80 241 83 80 242 85 81 243 84 81 244 83
						81 245 86 82 246 84 82 247 85 82 248 87 83 249 86 83 250 85 83 251 79 84 252
						86 84 253 87 84 254 88 85 255 79 85 256 87 85 257 89 86 258 79 86 259 88 86
						260 80 87 261 79 87 262 89 87 263 90 88 264 82 88 265 84 88 266 91 89 267 90
						89 268 84 89 269 92 90 270 90 90 271 91 90 272 95 91 273 93 91 274 94 91 275
						98 92 276 96 92 277 97 92 278 99 93 279 82 93 280 90 93 281 100 94 282 87 95
						283 85 94 284 101 96 285 62 96 286 61 96 287 102 97 288 54 97 289 53 97 290
						103 98 291 49 98 292 51 98 293 104 99 294 45 99 295 46 99 296 105 100 297 38
						100 298 43 100 299 106 101 300 42 101 301 41 101 302 107 102 303 37 102 304
						36 102 305 108 103 306 32 103 307 34 103 308 109 104 309 21 104 310 29 104
						311 110 105 312 24 105 313 22 105 314 111 106 315 28 106 316 27 106 317 112
						107 318 20 107 319 19 107 320 113 108 321 15 108 322 17 108 323 114 109 324
						11 109 325 12 109 326 115 110 327 8 110 328 9 110 329 116 111 330 5 111 331
						7 111 332 119 112 333 117 112 334 118 112 335 122 113 336 120 113 337 121
						113 338 125 114 339 123 114 340 124 114 341 126 115 342 125 115 343 124 115
						344 127 116 345 126 116 346 124 116 347 128 117 348 127 117 349 124 117 350
						129 118 351 127 118 352 128 118 353 130 119 354 129 119 355 128 119 356 131
						120 357 130 120 358 128 120 359 132 121 360 130 121 361 131 121 362 131 122
						363 133 122 364 134 122 365 135 123 366 131 123 367 134 123 368 132 124 369
						131 124 370 135 124 371 138 125 372 136 125 373 137 125 374 139 126 375 138
						126 376 137 126 377 133 127 378 138 127 379 139 127 380 140 128 381 133 128
						382 139 128 383 134 129 384 133 129 385 140 129 386 141 130 387 136 130 388
						138 130 389 142 131 390 141 131 391 138 131 392 143 132 393 141 132 394 142
						132 395 144 133 396 143 133 397 142 133 398 145 134 399 144 134 400 142 134
						401 146 135 402 144 135 403 145 135 404 145 136 405 99 136 406 147 136 407
						148 137 408 145 137 409 147 137 410 146 138 411 145 138 412 148 138 413 90
						139 414 92 139 415 149 139 416 150 140 417 90 140 418 149 140 419 99 141 420
						90 141 421 150 141 422 151 142 423 99 142 424 150 142 425 147 143 426 99 143
						427 151 143 428 152 144 429 0 144 430 2 144 431 153 145 432 152 145 433 2
						145 434 154 146 435 152 146 436 153 146 437 157 147 438 155 147 439 156 147
						440 158 148 441 157 148 442 156 148 443 155 149 444 159 149 445 160 149 446
						163 150 447 161 150 448 162 150 449 164 151 450 163 151 451 162 151 452 167
						152 453 165 152 454 166 152 455 168 153 456 167 153 457 166 153 458 96 154
						459 58 154 460 56 154 461 55 155 462 96 155 463 56 155 464 97 156 465 96 156
						466 55 156 467 63 157 468 97 157 469 55 157 470 65 158 471 97 158 472 63 158
						473 69 159 474 169 159 475 68 159 476 72 160 477 170 160 478 70 160 479 75
						161 480 171 161 481 73 161 482 81 162 483 172 162 484 78 162 485 173 163 486
						81 163 487 80 163 488 89 164 489 173 164 490 80 164 491 174 165 492 89 165
						493 88 165 494 87 166 495 174 166 496 88 166 497 175 167 498 85 167 499 83
						167 500 82 168 501 175 168 502 83 168 503 177 169 504 176 169 505 98 169 506
						97 170 507 177 170 508 98 170 509 178 171 510 177 171 511 97 171 512 65 172
						513 178 172 514 97 172 515 66 173 516 178 173 517 65 173 518 180 174 519 179
						174 520 176 174 521 177 175 522 180 175 523 176 175 524 181 176 525 180 176
						526 177 176 527 178 177 528 181 177 529 177 177 530 169 178 531 181 178 532
						178 178 533 66 179 534 169 179 535 178 179 536 68 180 537 169 180 538 66 180
						539 183 181 540 182 181 541 179 181 542 180 182 543 183 182 544 179 182 545
						184 183 546 183 183 547 180 183 548 181 184 549 184 184 550 180 184 551 185
						185 552 184 185 553 181 185 554 169 186 555 185 186 556 181 186 557 170 187
						558 185 187 559 169 187 560 69 188 561 170 188 562 169 188 563 70 189 564
						170 189 565 69 189 566 187 190 567 186 190 568 182 190 569 183 191 570 187
						191 571 182 191 572 188 192 573 187 192 574 183 192 575 184 193 576 188 193
						577 183 193 578 189 194 579 188 194 580 184 194 581 185 195 582 189 195 583
						184 195 584 190 196 585 189 196 586 185 196 587 170 197 588 190 197 589 185
						197 590 171 198 591 190 198 592 170 198 593 72 199 594 171 199 595 170 199
						596 73 200 597 171 200 598 72 200 599 192 201 600 191 201 601 165 201 602
						167 202 603 192 202 604 165 202 605 193 203 606 192 203 607 167 203 608 195
						204 609 194 204 610 186 204 611 187 205 612 195 205 613 186 205 614 196 206
						615 195 206 616 187 206 617 188 207 618 196 207 619 187 207 620 197 208 621
						196 208 622 188 208 623 189 209 624 197 209 625 188 209 626 198 210 627 197
						210 628 189 210 629 190 211 630 198 211 631 189 211 632 199 212 633 198 212
						634 190 212 635 171 213 636 199 213 637 190 213 638 200 214 639 199 214 640
						171 214 641 75 215 642 200 215 643 171 215 644 76 216 645 200 216 646 75 216
						647 122 217 648 121 217 649 191 217 650 192 218 651 122 218 652 191 218 653
						201 219 654 122 219 655 192 219 656 193 220 657 201 220 658 192 220 659 202
						221 660 201 221 661 193 221 662 204 222 663 203 222 664 194 222 665 195 223
						666 204 223 667 194 223 668 205 224 669 204 224 670 195 224 671 196 225 672
						205 225 673 195 225 674 206 226 675 205 226 676 196 226 677 197 227 678 206
						227 679 196 227 680 207 228 681 206 228 682 197 228 683 198 229 684 207 229
						685 197 229 686 208 230 687 207 230 688 198 230 689 199 231 690 208 231 691
						198 231 692 209 232 693 208 232 694 199 232 695 200 233 696 209 233 697 199
						233 698 172 234 699 209 234 700 200 234 701 76 235 702 172 235 703 200 235
						704 78 236 705 172 236 706 76 236 707 119 237 708 118 237 709 120 237 710
						122 238 711 119 238 712 120 238 713 210 239 714 119 239 715 122 239 716 201
						240 717 210 240 718 122 240 719 211 241 720 210 241 721 201 241 722 202 242
						723 211 242 724 201 242 725 212 243 726 211 243 727 202 243 728 215 244 729
						213 244 730 214 244 731 216 245 732 215 245 733 214 245 734 217 246 735 215
						246 736 216 246 737 218 247 738 217 247 739 216 247 740 219 248 741 217 248
						742 218 248 743 220 249 744 219 249 745 218 249 746 221 250 747 219 250 748
						220 250 749 222 251 750 221 251 751 220 251 752 223 252 753 221 252 754 222
						252 755 162 253 756 223 253 757 222 253 758 159 254 759 223 254 760 162 254
						761 161 255 762 159 255 763 162 255 764 160 256 765 159 256 766 161 256 767
						226 257 768 224 257 769 225 257 770 227 258 771 226 258 772 225 258 773 228
						259 774 226 259 775 227 259 776 229 260 777 228 260 778 227 260 779 230 261
						780 228 261 781 229 261 782 231 262 783 230 262 784 229 262 785 232 263 786
						230 263 787 231 263 788 233 264 789 232 264 790 231 264 791 234 265 792 232
						265 793 233 265 794 235 266 795 234 266 796 233 266 797 236 267 798 234 267
						799 235 267 800 157 268 801 236 268 802 235 268 803 153 269 804 236 269 805
						157 269 806 158 270 807 153 270 808 157 270 809 154 271 810 153 271 811 158
						271 812 237 272 813 4 272 814 5 272 815 116 273 816 237 273 817 5 273 818
						238 274 819 237 274 820 116 274 821 239 275 822 238 275 823 116 275 824 240
						276 825 238 276 826 239 276 827 241 277 828 240 277 829 239 277 830 242 278
						831 240 278 832 241 278 833 243 279 834 242 279 835 241 279 836 244 280 837
						242 280 838 243 280 839 245 281 840 244 281 841 243 281 842 246 282 843 244
						282 844 245 282 845 247 283 846 246 283 847 245 283 848 248 284 849 246 284
						850 247 284 851 249 285 852 248 285 853 247 285 854 250 286 855 248 286 856
						249 286 857 251 287 858 250 287 859 249 287 860 252 288 861 250 288 862 251
						288 863 253 289 864 252 289 865 251 289 866 115 290 867 9 290 868 11 290 869
						114 291 870 115 291 871 11 291 872 254 292 873 115 292 874 114 292 875 255
						293 876 254 293 877 114 293 878 256 294 879 254 294 880 255 294 881 257 295
						882 256 295 883 255 295 884 258 296 885 256 296 886 257 296 887 259 297 888
						258 297 889 257 297 890 260 298 891 258 298 892 259 298 893 261 299 894 260
						299 895 259 299 896 262 300 897 260 300 898 261 300 899 263 301 900 262 301
						901 261 301 902 264 302 903 262 302 904 263 302 905 265 303 906 264 303 907
						263 303 908 266 304 909 264 304 910 265 304 911 267 305 912 266 305 913 265
						305 914 268 306 915 14 306 916 15 306 917 113 307 918 268 307 919 15 307 920
						269 308 921 268 308 922 113 308 923 270 309 924 269 309 925 113 309 926 271
						310 927 269 310 928 270 310 929 272 311 930 271 311 931 270 311 932 273 312
						933 271 312 934 272 312 935 274 313 936 273 313 937 272 313 938 275 314 939
						273 314 940 274 314 941 276 315 942 275 315 943 274 315 944 277 316 945 275
						316 946 276 316 947 278 317 948 277 317 949 276 317 950 279 318 951 277 318
						952 278 318 953 280 319 954 279 319 955 278 319 956 281 320 957 279 320 958
						280 320 959 282 321 960 281 321 961 280 321 962 283 322 963 281 322 964 282
						322 965 284 323 966 283 323 967 282 323 968 112 324 969 19 324 970 28 324
						971 111 325 972 112 325 973 28 325 974 285 326 975 112 326 976 111 326 977
						286 327 978 285 327 979 111 327 980 287 328 981 285 328 982 286 328 983 288
						329 984 287 329 985 286 329 986 289 330 987 287 330 988 288 330 989 290 331
						990 289 331 991 288 331 992 291 332 993 289 332 994 290 332 995 292 333 996
						291 333 997 290 333 998 293 334 999 291 334 1000 292 334 1001 294 335 1002
						293 335 1003 292 335 1004 295 336 1005 293 336 1006 294 336 1007 296 337
						1008 295 337 1009 294 337 1010 297 338 1011 295 338 1012 296 338 1013 298
						339 1014 297 339 1015 296 339 1016 111 340 1017 27 340 1018 26 340 1019 299
						341 1020 111 341 1021 26 341 1022 286 342 1023 111 342 1024 299 342 1025 300
						343 1026 286 343 1027 299 343 1028 288 344 1029 286 344 1030 300 344 1031
						301 345 1032 288 345 1033 300 345 1034 290 346 1035 288 346 1036 301 346
						1037 302 347 1038 290 347 1039 301 347 1040 292 348 1041 290 348 1042 302
						348 1043 303 349 1044 292 349 1045 302 349 1046 294 350 1047 292 350 1048
						303 350 1049 304 351 1050 294 351 1051 303 351 1052 296 352 1053 294 352
						1054 304 352 1055 305 353 1056 296 353 1057 304 353 1058 298 354 1059 296
						354 1060 305 354 1061 306 355 1062 298 355 1063 305 355 1064 299 356 1065 26
						356 1066 24 356 1067 110 357 1068 299 357 1069 24 357 1070 300 358 1071 299
						358 1072 110 358 1073 307 359 1074 300 359 1075 110 359 1076 301 360 1077
						300 360 1078 307 360 1079 308 361 1080 301 361 1081 307 361 1082 302 362
						1083 301 362 1084 308 362 1085 309 363 1086 302 363 1087 308 363 1088 303
						364 1089 302 364 1090 309 364 1091 310 365 1092 303 365 1093 309 365 1094
						304 366 1095 303 366 1096 310 366 1097 311 367 1098 304 367 1099 310 367
						1100 305 368 1101 304 368 1102 311 368 1103 312 369 1104 305 369 1105 311
						369 1106 306 370 1107 305 370 1108 312 370 1109 313 371 1110 306 371 1111
						312 371 1112 109 372 1113 29 372 1114 31 372 1115 314 373 1116 109 373 1117
						31 373 1118 315 374 1119 109 374 1120 314 374 1121 316 375 1122 315 375 1123
						314 375 1124 317 376 1125 315 376 1126 316 376 1127 318 377 1128 317 377
						1129 316 377 1130 319 378 1131 317 378 1132 318 378 1133 320 379 1134 319
						379 1135 318 379 1136 321 380 1137 319 380 1138 320 380 1139 322 381 1140
						321 381 1141 320 381 1142 323 382 1143 321 382 1144 322 382 1145 324 383
						1146 323 383 1147 322 383 1148 325 384 1149 323 384 1150 324 384 1151 326
						385 1152 325 385 1153 324 385 1154 327 386 1155 325 386 1156 326 386 1157
						328 387 1158 327 387 1159 326 387 1160 329 388 1161 327 388 1162 328 388
						1163 330 389 1164 329 389 1165 328 389 1166 108 390 1167 34 390 1168 37 390
						1169 107 391 1170 108 391 1171 37 391 1172 331 392 1173 108 392 1174 107 392
						1175 332 393 1176 331 393 1177 107 393 1178 333 394 1179 331 394 1180 332
						394 1181 334 395 1182 333 395 1183 332 395 1184 335 396 1185 333 396 1186
						334 396 1187 336 397 1188 335 397 1189 334 397 1190 337 398 1191 335 398
						1192 336 398 1193 338 399 1194 337 399 1195 336 399 1196 339 400 1197 337
						400 1198 338 400 1199 340 401 1200 339 401 1201 338 401 1202 341 402 1203
						339 402 1204 340 402 1205 342 403 1206 341 403 1207 340 403 1208 343 404
						1209 341 404 1210 342 404 1211 344 405 1212 343 405 1213 342 405 1214 107
						406 1215 36 406 1216 42 406 1217 106 407 1218 107 407 1219 42 407 1220 332
						408 1221 107 408 1222 106 408 1223 345 409 1224 332 409 1225 106 409 1226
						334 410 1227 332 410 1228 345 410 1229 346 411 1230 334 411 1231 345 411
						1232 336 412 1233 334 412 1234 346 412 1235 347 413 1236 336 413 1237 346
						413 1238 338 414 1239 336 414 1240 347 414 1241 348 415 1242 338 415 1243
						347 415 1244 340 416 1245 338 416 1246 348 416 1247 349 417 1248 340 417
						1249 348 417 1250 342 418 1251 340 418 1252 349 418 1253 350 419 1254 342
						419 1255 349 419 1256 344 420 1257 342 420 1258 350 420 1259 351 421 1260
						344 421 1261 350 421 1262 106 422 1263 41 422 1264 39 422 1265 352 423 1266
						106 423 1267 39 423 1268 345 424 1269 106 424 1270 352 424 1271 353 425 1272
						345 425 1273 352 425 1274 346 426 1275 345 426 1276 353 426 1277 354 427
						1278 346 427 1279 353 427 1280 347 428 1281 346 428 1282 354 428 1283 355
						429 1284 347 429 1285 354 429 1286 348 430 1287 347 430 1288 355 430 1289
						356 431 1290 348 431 1291 355 431 1292 349 432 1293 348 432 1294 356 432
						1295 357 433 1296 349 433 1297 356 433 1298 350 434 1299 349 434 1300 357
						434 1301 358 435 1302 350 435 1303 357 435 1304 351 436 1305 350 436 1306
						358 436 1307 359 437 1308 351 437 1309 358 437 1310 105 438 1311 43 438 1312
						45 438 1313 104 439 1314 105 439 1315 45 439 1316 360 440 1317 105 440 1318
						104 440 1319 361 441 1320 360 441 1321 104 441 1322 362 442 1323 360 442
						1324 361 442 1325 363 443 1326 362 443 1327 361 443 1328 364 444 1329 362
						444 1330 363 444 1331 365 445 1332 364 445 1333 363 445 1334 366 446 1335
						364 446 1336 365 446 1337 367 447 1338 366 447 1339 365 447 1340 368 448
						1341 366 448 1342 367 448 1343 369 449 1344 368 449 1345 367 449 1346 370
						450 1347 368 450 1348 369 450 1349 371 451 1350 370 451 1351 369 451 1352
						372 452 1353 370 452 1354 371 452 1355 373 453 1356 372 453 1357 371 453
						1358 374 454 1359 372 454 1360 373 454 1361 375 455 1362 374 455 1363 373
						455 1364 376 456 1365 48 456 1366 49 456 1367 103 457 1368 376 457 1369 49
						457 1370 377 458 1371 376 458 1372 103 458 1373 378 459 1374 377 459 1375
						103 459 1376 379 460 1377 377 460 1378 378 460 1379 380 461 1380 379 461
						1381 378 461 1382 381 462 1383 379 462 1384 380 462 1385 382 463 1386 381
						463 1387 380 463 1388 383 464 1389 381 464 1390 382 464 1391 384 465 1392
						383 465 1393 382 465 1394 385 466 1395 383 466 1396 384 466 1397 386 467
						1398 385 467 1399 384 467 1400 387 468 1401 385 468 1402 386 468 1403 388
						469 1404 387 469 1405 386 469 1406 389 470 1407 387 470 1408 388 470 1409
						390 471 1410 389 471 1411 388 471 1412 102 472 1413 53 472 1414 62 472 1415
						101 473 1416 102 473 1417 62 473 1418 391 474 1419 102 474 1420 101 474 1421
						392 475 1422 391 475 1423 101 475 1424 393 476 1425 391 476 1426 392 476
						1427 394 477 1428 393 477 1429 392 477 1430 395 478 1431 393 478 1432 394
						478 1433 396 479 1434 395 479 1435 394 479 1436 397 480 1437 395 480 1438
						396 480 1439 398 481 1440 397 481 1441 396 481 1442 399 482 1443 397 482
						1444 398 482 1445 400 483 1446 399 483 1447 398 483 1448 401 484 1449 399
						484 1450 400 484 1451 402 485 1452 401 485 1453 400 485 1454 403 486 1455
						401 486 1456 402 486 1457 404 487 1458 403 487 1459 402 487 1460 405 488
						1461 403 488 1462 404 488 1463 406 489 1464 405 489 1465 404 489 1466 408
						490 1467 407 490 1468 117 490 1469 119 491 1470 408 491 1471 117 491 1472
						409 492 1473 408 492 1474 119 492 1475 210 493 1476 409 493 1477 119 493
						1478 410 494 1479 409 494 1480 210 494 1481 211 495 1482 410 495 1483 210
						495 1484 411 496 1485 410 496 1486 211 496 1487 212 497 1488 411 497 1489
						211 497 1490 412 498 1491 411 498 1492 212 498 1493 413 499 1494 412 499
						1495 212 499 1496 216 500 1497 214 500 1498 413 500 1499 212 501 1500 216
						501 1501 413 501 1502 218 502 1503 216 502 1504 212 502 1505 202 503 1506
						218 503 1507 212 503 1508 220 504 1509 218 504 1510 202 504 1511 193 505
						1512 220 505 1513 202 505 1514 222 506 1515 220 506 1516 193 506 1517 167
						507 1518 222 507 1519 193 507 1520 162 508 1521 222 508 1522 167 508 1523
						168 509 1524 162 509 1525 167 509 1526 164 510 1527 162 510 1528 168 510
						1529 159 511 1530 155 511 1531 157 511 1532 235 512 1533 159 512 1534 157
						512 1535 223 513 1536 159 513 1537 235 513 1538 233 514 1539 223 514 1540
						235 514 1541 221 515 1542 223 515 1543 233 515 1544 231 516 1545 221 516
						1546 233 516 1547 219 517 1548 221 517 1549 231 517 1550 229 518 1551 219
						518 1552 231 518 1553 217 519 1554 219 519 1555 229 519 1556 227 520 1557
						217 520 1558 229 520 1559 215 521 1560 217 521 1561 227 521 1562 225 522
						1563 215 522 1564 227 522 1565 213 523 1566 215 523 1567 225 523 1568 224
						524 1569 414 524 1570 415 524 1571 416 525 1572 224 525 1573 415 525 1574
						225 526 1575 224 526 1576 416 526 1577 417 527 1578 225 527 1579 416 527
						1580 213 528 1581 225 528 1582 417 528 1583 153 529 1584 2 529 1585 4 529
						1586 237 530 1587 153 530 1588 4 530 1589 236 531 1590 153 531 1591 237 531
						1592 238 532 1593 236 532 1594 237 532 1595 234 533 1596 236 533 1597 238
						533 1598 240 534 1599 234 534 1600 238 534 1601 232 535 1602 234 535 1603
						240 535 1604 242 536 1605 232 536 1606 240 536 1607 230 537 1608 232 537
						1609 242 537 1610 244 538 1611 230 538 1612 242 538 1613 228 539 1614 230
						539 1615 244 539 1616 246 540 1617 228 540 1618 244 540 1619 226 541 1620
						228 541 1621 246 541 1622 248 542 1623 226 542 1624 246 542 1625 224 543
						1626 226 543 1627 248 543 1628 250 544 1629 224 544 1630 248 544 1631 414
						545 1632 224 545 1633 250 545 1634 252 546 1635 414 546 1636 250 546 1637
						116 547 1638 7 547 1639 8 547 1640 115 548 1641 116 548 1642 8 548 1643 239
						549 1644 116 549 1645 115 549 1646 254 550 1647 239 550 1648 115 550 1649
						241 551 1650 239 551 1651 254 551 1652 256 552 1653 241 552 1654 254 552
						1655 243 553 1656 241 553 1657 256 553 1658 258 554 1659 243 554 1660 256
						554 1661 245 555 1662 243 555 1663 258 555 1664 260 556 1665 245 556 1666
						258 556 1667 247 557 1668 245 557 1669 260 557 1670 262 558 1671 247 558
						1672 260 558 1673 249 559 1674 247 559 1675 262 559 1676 264 560 1677 249
						560 1678 262 560 1679 251 561 1680 249 561 1681 264 561 1682 266 562 1683
						251 562 1684 264 562 1685 253 563 1686 251 563 1687 266 563 1688 267 564
						1689 418 564 1690 419 564 1691 420 565 1692 267 565 1693 419 565 1694 266
						566 1695 267 566 1696 420 566 1697 421 567 1698 266 567 1699 420 567 1700
						253 568 1701 266 568 1702 421 568 1703 114 569 1704 12 569 1705 14 569 1706
						268 570 1707 114 570 1708 14 570 1709 255 571 1710 114 571 1711 268 571 1712
						269 572 1713 255 572 1714 268 572 1715 257 573 1716 255 573 1717 269 573
						1718 271 574 1719 257 574 1720 269 574 1721 259 575 1722 257 575 1723 271
						575 1724 273 576 1725 259 576 1726 271 576 1727 261 577 1728 259 577 1729
						273 577 1730 275 578 1731 261 578 1732 273 578 1733 263 579 1734 261 579
						1735 275 579 1736 277 580 1737 263 580 1738 275 580 1739 265 581 1740 263
						581 1741 277 581 1742 279 582 1743 265 582 1744 277 582 1745 267 583 1746
						265 583 1747 279 583 1748 281 584 1749 267 584 1750 279 584 1751 418 585
						1752 267 585 1753 281 585 1754 283 586 1755 418 586 1756 281 586 1757 113
						587 1758 17 587 1759 20 587 1760 112 588 1761 113 588 1762 20 588 1763 270
						589 1764 113 589 1765 112 589 1766 285 590 1767 270 590 1768 112 590 1769
						272 591 1770 270 591 1771 285 591 1772 287 592 1773 272 592 1774 285 592
						1775 274 593 1776 272 593 1777 287 593 1778 289 594 1779 274 594 1780 287
						594 1781 276 595 1782 274 595 1783 289 595 1784 291 596 1785 276 596 1786
						289 596 1787 278 597 1788 276 597 1789 291 597 1790 293 598 1791 278 598
						1792 291 598 1793 280 599 1794 278 599 1795 293 599 1796 295 600 1797 280
						600 1798 293 600 1799 282 601 1800 280 601 1801 295 601 1802 297 602 1803
						282 602 1804 295 602 1805 284 603 1806 282 603 1807 297 603 1808 313 604
						1809 422 604 1810 423 604 1811 424 605 1812 313 605 1813 423 605 1814 306
						606 1815 313 606 1816 424 606 1817 425 607 1818 306 607 1819 424 607 1820
						298 608 1821 306 608 1822 425 608 1823 426 609 1824 298 609 1825 425 609
						1826 297 610 1827 298 610 1828 426 610 1829 427 611 1830 297 611 1831 426
						611 1832 284 612 1833 297 612 1834 427 612 1835 110 613 1836 22 613 1837 21
						613 1838 109 614 1839 110 614 1840 21 614 1841 307 615 1842 110 615 1843 109
						615 1844 315 616 1845 307 616 1846 109 616 1847 308 617 1848 307 617 1849
						315 617 1850 317 618 1851 308 618 1852 315 618 1853 309 619 1854 308 619
						1855 317 619 1856 319 620 1857 309 620 1858 317 620 1859 310 621 1860 309
						621 1861 319 621 1862 321 622 1863 310 622 1864 319 622 1865 311 623 1866
						310 623 1867 321 623 1868 323 624 1869 311 624 1870 321 624 1871 312 625
						1872 311 625 1873 323 625 1874 325 626 1875 312 626 1876 323 626 1877 313
						627 1878 312 627 1879 325 627 1880 327 628 1881 313 628 1882 325 628 1883
						422 629 1884 313 629 1885 327 629 1886 329 630 1887 422 630 1888 327 630
						1889 314 631 1890 31 631 1891 32 631 1892 108 632 1893 314 632 1894 32 632
						1895 316 633 1896 314 633 1897 108 633 1898 331 634 1899 316 634 1900 108
						634 1901 318 635 1902 316 635 1903 331 635 1904 333 636 1905 318 636 1906
						331 636 1907 320 637 1908 318 637 1909 333 637 1910 335 638 1911 320 638
						1912 333 638 1913 322 639 1914 320 639 1915 335 639 1916 337 640 1917 322
						640 1918 335 640 1919 324 641 1920 322 641 1921 337 641 1922 339 642 1923
						324 642 1924 337 642 1925 326 643 1926 324 643 1927 339 643 1928 341 644
						1929 326 644 1930 339 644 1931 328 645 1932 326 645 1933 341 645 1934 343
						646 1935 328 646 1936 341 646 1937 330 647 1938 328 647 1939 343 647 1940
						359 648 1941 428 648 1942 429 648 1943 430 649 1944 359 649 1945 429 649
						1946 351 650 1947 359 650 1948 430 650 1949 431 651 1950 351 651 1951 430
						651 1952 344 652 1953 351 652 1954 431 652 1955 432 653 1956 344 653 1957
						431 653 1958 343 654 1959 344 654 1960 432 654 1961 433 655 1962 343 655
						1963 432 655 1964 330 656 1965 343 656 1966 433 656 1967 352 657 1968 39 657
						1969 38 657 1970 105 658 1971 352 658 1972 38 658 1973 353 659 1974 352 659
						1975 105 659 1976 360 660 1977 353 660 1978 105 660 1979 354 661 1980 353
						661 1981 360 661 1982 362 662 1983 354 662 1984 360 662 1985 355 663 1986
						354 663 1987 362 663 1988 364 664 1989 355 664 1990 362 664 1991 356 665
						1992 355 665 1993 364 665 1994 366 666 1995 356 666 1996 364 666 1997 357
						667 1998 356 667 1999 366 667 2000 368 668 2001 357 668 2002 366 668 2003
						358 669 2004 357 669 2005 368 669 2006 370 670 2007 358 670 2008 368 670
						2009 359 671 2010 358 671 2011 370 671 2012 372 672 2013 359 672 2014 370
						672 2015 428 673 2016 359 673 2017 372 673 2018 374 674 2019 428 674 2020
						372 674 2021 104 675 2022 46 675 2023 48 675 2024 376 676 2025 104 676 2026
						48 676 2027 361 677 2028 104 677 2029 376 677 2030 377 678 2031 361 678 2032
						376 678 2033 363 679 2034 361 679 2035 377 679 2036 379 680 2037 363 680
						2038 377 680 2039 365 681 2040 363 681 2041 379 681 2042 381 682 2043 365
						682 2044 379 682 2045 367 683 2046 365 683 2047 381 683 2048 383 684 2049
						367 684 2050 381 684 2051 369 685 2052 367 685 2053 383 685 2054 385 686
						2055 369 686 2056 383 686 2057 371 687 2058 369 687 2059 385 687 2060 387
						688 2061 371 688 2062 385 688 2063 373 689 2064 371 689 2065 387 689 2066
						389 690 2067 373 690 2068 387 690 2069 375 691 2070 373 691 2071 389 691
						2072 390 692 2073 434 692 2074 435 692 2075 436 693 2076 390 693 2077 435
						693 2078 389 694 2079 390 694 2080 436 694 2081 437 695 2082 389 695 2083
						436 695 2084 375 696 2085 389 696 2086 437 696 2087 103 697 2088 51 697 2089
						54 697 2090 102 698 2091 103 698 2092 54 698 2093 378 699 2094 103 699 2095
						102 699 2096 391 700 2097 378 700 2098 102 700 2099 380 701 2100 378 701
						2101 391 701 2102 393 702 2103 380 702 2104 391 702 2105 382 703 2106 380
						703 2107 393 703 2108 395 704 2109 382 704 2110 393 704 2111 384 705 2112
						382 705 2113 395 705 2114 397 706 2115 384 706 2116 395 706 2117 386 707
						2118 384 707 2119 397 707 2120 399 708 2121 386 708 2122 397 708 2123 388
						709 2124 386 709 2125 399 709 2126 401 710 2127 388 710 2128 399 710 2129
						390 711 2130 388 711 2131 401 711 2132 403 712 2133 390 712 2134 401 712
						2135 434 713 2136 390 713 2137 403 713 2138 405 714 2139 434 714 2140 403
						714 2141 95 715 2142 94 715 2143 406 715 2144 404 716 2145 95 716 2146 406
						716 2147 438 717 2148 95 717 2149 404 717 2150 402 718 2151 438 718 2152 404
						718 2153 439 719 2154 438 719 2155 402 719 2156 400 720 2157 439 720 2158
						402 720 2159 440 721 2160 439 721 2161 400 721 2162 398 722 2163 440 722
						2164 400 722 2165 441 723 2166 440 723 2167 398 723 2168 396 724 2169 441
						724 2170 398 724 2171 442 725 2172 441 725 2173 396 725 2174 394 726 2175
						442 726 2176 396 726 2177 443 727 2178 442 727 2179 394 727 2180 392 728
						2181 443 728 2182 394 728 2183 444 729 2184 443 729 2185 392 729 2186 101
						730 2187 444 730 2188 392 730 2189 60 731 2190 444 731 2191 101 731 2192 61
						732 2193 60 732 2194 101 732 2195 203 733 2196 445 733 2197 93 733 2198 95
						734 2199 203 734 2200 93 734 2201 194 735 2202 203 735 2203 95 735 2204 438
						736 2205 194 736 2206 95 736 2207 186 737 2208 194 737 2209 438 737 2210 439
						738 2211 186 738 2212 438 738 2213 182 739 2214 186 739 2215 439 739 2216
						440 740 2217 182 740 2218 439 740 2219 179 741 2220 182 741 2221 440 741
						2222 441 742 2223 179 742 2224 440 742 2225 176 743 2226 179 743 2227 441
						743 2228 442 744 2229 176 744 2230 441 744 2231 98 745 2232 176 745 2233 442
						745 2234 443 746 2235 98 746 2236 442 746 2237 96 747 2238 98 747 2239 443
						747 2240 444 748 2241 96 748 2242 443 748 2243 58 749 2244 96 749 2245 444
						749 2246 60 750 2247 58 750 2248 444 750 2249 172 751 2250 81 751 2251 173
						751 2252 446 752 2253 172 752 2254 173 752 2255 209 753 2256 172 753 2257
						446 753 2258 447 754 2259 209 754 2260 446 754 2261 208 755 2262 209 755
						2263 447 755 2264 448 756 2265 208 756 2266 447 756 2267 207 757 2268 208
						757 2269 448 757 2270 449 758 2271 207 758 2272 448 758 2273 206 759 2274
						207 759 2275 449 759 2276 450 760 2277 206 760 2278 449 760 2279 205 761
						2280 206 761 2281 450 761 2282 451 762 2283 205 762 2284 450 762 2285 204
						763 2286 205 763 2287 451 763 2288 452 764 2289 204 764 2290 451 764 2291
						203 765 2292 204 765 2293 452 765 2294 453 766 2295 203 766 2296 452 766
						2297 445 767 2298 203 767 2299 453 767 2300 173 768 2301 89 768 2302 174 768
						2303 454 769 2304 173 769 2305 174 769 2306 446 770 2307 173 770 2308 454
						770 2309 455 771 2310 446 771 2311 454 771 2312 447 772 2313 446 772 2314
						455 772 2315 456 773 2316 447 773 2317 455 773 2318 448 774 2319 447 774
						2320 456 774 2321 457 775 2322 448 775 2323 456 775 2324 449 776 2325 448
						776 2326 457 776 2327 458 777 2328 449 777 2329 457 777 2330 450 778 2331
						449 778 2332 458 778 2333 459 779 2334 450 779 2335 458 779 2336 451 780
						2337 450 780 2338 459 780 2339 460 781 2340 451 781 2341 459 781 2342 452
						782 2343 451 782 2344 460 782 2345 461 783 2346 452 783 2347 460 783 2348
						453 784 2349 452 784 2350 461 784 2351 464 785 2352 462 785 2353 463 785
						2354 174 786 2355 87 786 2356 100 786 2357 465 787 2358 174 787 2359 100 787
						2360 454 788 2361 174 788 2362 465 788 2363 466 789 2364 454 789 2365 465
						789 2366 455 790 2367 454 790 2368 466 790 2369 467 791 2370 455 791 2371
						466 791 2372 456 792 2373 455 792 2374 467 792 2375 468 793 2376 456 793
						2377 467 793 2378 457 794 2379 456 794 2380 468 794 2381 469 795 2382 457
						795 2383 468 795 2384 458 796 2385 457 796 2386 469 796 2387 470 797 2388
						458 797 2389 469 797 2390 459 798 2391 458 798 2392 470 798 2393 462 799
						2394 459 799 2395 470 799 2396 460 800 2397 459 800 2398 462 800 2399 464
						801 2400 460 801 2401 462 801 2402 461 802 2403 460 802 2404 464 802 2405
						100 803 2406 85 803 2407 175 803 2408 471 804 2409 100 804 2410 175 804 2411
						465 805 2412 100 805 2413 471 805 2414 472 806 2415 465 806 2416 471 806
						2417 466 807 2418 465 807 2419 472 807 2420 473 808 2421 466 808 2422 472
						808 2423 467 809 2424 466 809 2425 473 809 2426 474 810 2427 467 810 2428
						473 810 2429 468 811 2430 467 811 2431 474 811 2432 475 812 2433 468 812
						2434 474 812 2435 469 813 2436 468 813 2437 475 813 2438 476 814 2439 469
						814 2440 475 814 2441 470 815 2442 469 815 2443 476 815 2444 477 816 2445
						470 816 2446 476 816 2447 462 817 2448 470 817 2449 477 817 2450 478 818
						2451 462 818 2452 477 818 2453 463 819 2454 462 819 2455 478 819 2456 175
						820 2457 82 820 2458 99 820 2459 145 821 2460 175 821 2461 99 821 2462 471
						822 2463 175 822 2464 145 822 2465 142 823 2466 471 823 2467 145 823 2468
						472 824 2469 471 824 2470 142 824 2471 138 825 2472 472 825 2473 142 825
						2474 473 826 2475 472 826 2476 138 826 2477 133 827 2478 473 827 2479 138
						827 2480 474 828 2481 473 828 2482 133 828 2483 131 829 2484 474 829 2485
						133 829 2486 475 830 2487 474 830 2488 131 830 2489 128 831 2490 475 831
						2491 131 831 2492 476 832 2493 475 832 2494 128 832 2495 124 833 2496 476
						833 2497 128 833 2498 477 834 2499 476 834 2500 124 834 2501 123 835 2502
						477 835 2503 124 835 2504 478 836 2505 477 836 2506 123 836 2507 481 837
						2508 479 837 2509 480 837 2510 484 838 2511 482 838 2512 483 838 2513 487
						839 2514 485 839 2515 486 839 2516 482 840 2517 488 840 2518 489 840 2519
						492 841 2520 490 841 2521 491 841 2522 495 842 2523 493 842 2524 494 842
						2525 502 843 2526 500 843 2527 501 843 2528 505 844 2529 503 844 2530 504
						844 2531 501 845 2532 500 845 2533 506 845 2534 507 846 2535 501 846 2536
						506 846 2537 505 847 2538 501 847 2539 507 847 2540 503 848 2541 505 848
						2542 507 848 2543 502 849 2544 508 849 2545 509 849 2546 510 850 2547 502
						850 2548 509 850 2549 500 851 2550 502 851 2551 510 851 2552 508 852 2553
						511 852 2554 512 852 2555 513 853 2556 508 853 2557 512 853 2558 509 854
						2559 508 854 2560 513 854 2561 511 855 2562 514 855 2563 515 855 2564 516
						856 2565 511 856 2566 515 856 2567 512 857 2568 511 857 2569 516 857 2570
						514 858 2571 517 858 2572 518 858 2573 519 859 2574 514 859 2575 518 859
						2576 515 860 2577 514 860 2578 519 860 2579 486 861 2580 498 861 2581 499
						861 2582 520 862 2583 486 862 2584 499 862 2585 487 863 2586 486 863 2587
						520 863 2588 521 864 2589 487 864 2590 520 864 2591 517 865 2592 487 865
						2593 521 865 2594 522 866 2595 517 866 2596 521 866 2597 518 867 2598 517
						867 2599 522 867 2600 525 868 2601 523 868 2602 524 868 2603 526 869 2604
						525 869 2605 524 869 2606 527 870 2607 525 870 2608 526 870 2609 530 871
						2610 528 871 2611 529 871 2612 533 872 2613 531 872 2614 532 872 2615 536
						873 2616 534 873 2617 535 873 2618 537 874 2619 536 874 2620 535 874 2621
						538 875 2622 536 875 2623 537 875 2624 534 876 2625 539 876 2626 540 876
						2627 543 877 2628 542 877 2629 541 877 2630 483 878 2631 482 878 2632 489
						878 2633 544 879 2634 483 879 2635 489 879 2636 545 880 2637 483 880 2638
						544 880 2639 548 881 2640 546 881 2641 547 881 2642 551 882 2643 549 882
						2644 550 882 2645 554 883 2646 552 883 2647 553 883 2648 557 884 2649 555
						884 2650 556 884 2651 559 885 2652 557 885 2653 558 885 2654 485 886 2655
						559 886 2656 558 886 2657 561 887 2658 560 887 2659 484 887 2660 483 888
						2661 561 888 2662 484 888 2663 546 889 2664 561 889 2665 483 889 2666 545
						890 2667 546 890 2668 483 890 2669 547 891 2670 546 891 2671 545 891 2672
						563 892 2673 562 892 2674 560 892 2675 561 893 2676 563 893 2677 560 893
						2678 564 894 2679 563 894 2680 561 894 2681 546 895 2682 564 895 2683 561
						895 2684 565 896 2685 564 896 2686 546 896 2687 548 897 2688 565 897 2689
						546 897 2690 566 898 2691 565 898 2692 548 898 2693 568 899 2694 567 899
						2695 562 899 2696 563 900 2697 568 900 2698 562 900 2699 569 901 2700 568
						901 2701 563 901 2702 564 902 2703 569 902 2704 563 902 2705 570 903 2706
						569 903 2707 564 903 2708 565 904 2709 570 904 2710 564 904 2711 549 905
						2712 570 905 2713 565 905 2714 566 906 2715 549 906 2716 565 906 2717 550
						907 2718 549 907 2719 566 907 2720 572 908 2721 571 908 2722 567 908 2723
						568 909 2724 572 909 2725 567 909 2726 573 910 2727 572 910 2728 568 910
						2729 569 911 2730 573 911 2731 568 911 2732 574 912 2733 573 912 2734 569
						912 2735 570 913 2736 574 913 2737 569 913 2738 575 914 2739 574 914 2740
						570 914 2741 549 915 2742 575 915 2743 570 915 2744 552 916 2745 575 916
						2746 549 916 2747 551 917 2748 552 917 2749 549 917 2750 553 918 2751 552
						918 2752 551 918 2753 577 919 2754 576 919 2755 571 919 2756 572 920 2757
						577 920 2758 571 920 2759 578 921 2760 577 921 2761 572 921 2762 573 922
						2763 578 922 2764 572 922 2765 579 923 2766 578 923 2767 573 923 2768 574
						924 2769 579 924 2770 573 924 2771 580 925 2772 579 925 2773 574 925 2774
						575 926 2775 580 926 2776 574 926 2777 581 927 2778 580 927 2779 575 927
						2780 552 928 2781 581 928 2782 575 928 2783 582 929 2784 581 929 2785 552
						929 2786 554 930 2787 582 930 2788 552 930 2789 583 931 2790 582 931 2791
						554 931 2792 585 932 2793 584 932 2794 576 932 2795 577 933 2796 585 933
						2797 576 933 2798 586 934 2799 585 934 2800 577 934 2801 578 935 2802 586
						935 2803 577 935 2804 587 936 2805 586 936 2806 578 936 2807 579 937 2808
						587 937 2809 578 937 2810 588 938 2811 587 938 2812 579 938 2813 580 939
						2814 588 939 2815 579 939 2816 589 940 2817 588 940 2818 580 940 2819 581
						941 2820 589 941 2821 580 941 2822 590 942 2823 589 942 2824 581 942 2825
						582 943 2826 590 943 2827 581 943 2828 555 944 2829 590 944 2830 582 944
						2831 583 945 2832 555 945 2833 582 945 2834 556 946 2835 555 946 2836 583
						946 2837 497 947 2838 496 947 2839 541 947 2840 542 948 2841 497 948 2842
						541 948 2843 591 949 2844 497 949 2845 542 949 2846 594 950 2847 592 950
						2848 593 950 2849 595 951 2850 594 951 2851 593 951 2852 596 952 2853 594
						952 2854 595 952 2855 597 953 2856 596 953 2857 595 953 2858 598 954 2859
						596 954 2860 597 954 2861 599 955 2862 598 955 2863 597 955 2864 539 956
						2865 598 956 2866 599 956 2867 600 957 2868 539 957 2869 599 957 2870 540
						958 2871 539 958 2872 600 958 2873 603 959 2874 601 959 2875 602 959 2876
						604 960 2877 603 960 2878 602 960 2879 605 961 2880 603 961 2881 604 961
						2882 606 962 2883 605 962 2884 604 962 2885 607 963 2886 605 963 2887 606
						963 2888 608 964 2889 607 964 2890 606 964 2891 609 965 2892 607 965 2893
						608 965 2894 536 966 2895 609 966 2896 608 966 2897 531 967 2898 609 967
						2899 536 967 2900 538 968 2901 531 968 2902 536 968 2903 532 969 2904 531
						969 2905 538 969 2906 611 970 2907 610 970 2908 601 970 2909 603 971 2910
						611 971 2911 601 971 2912 612 972 2913 611 972 2914 603 972 2915 605 973
						2916 612 973 2917 603 973 2918 613 974 2919 612 974 2920 605 974 2921 607
						975 2922 613 975 2923 605 975 2924 614 976 2925 613 976 2926 607 976 2927
						609 977 2928 614 977 2929 607 977 2930 615 978 2931 614 978 2932 609 978
						2933 531 979 2934 615 979 2935 609 979 2936 528 980 2937 615 980 2938 531
						980 2939 533 981 2940 528 981 2941 531 981 2942 529 982 2943 528 982 2944
						533 982 2945 617 983 2946 616 983 2947 610 983 2948 611 984 2949 617 984
						2950 610 984 2951 618 985 2952 617 985 2953 611 985 2954 612 986 2955 618
						986 2956 611 986 2957 619 987 2958 618 987 2959 612 987 2960 613 988 2961
						619 988 2962 612 988 2963 620 989 2964 619 989 2965 613 989 2966 614 990
						2967 620 990 2968 613 990 2969 621 991 2970 620 991 2971 614 991 2972 615
						992 2973 621 992 2974 614 992 2975 622 993 2976 621 993 2977 615 993 2978
						528 994 2979 622 994 2980 615 994 2981 526 995 2982 622 995 2983 528 995
						2984 530 996 2985 526 996 2986 528 996 2987 527 997 2988 526 997 2989 530
						997 2990 624 998 2991 623 998 2992 493 998 2993 495 999 2994 624 999 2995
						493 999 2996 625 1000 2997 624 1000 2998 495 1000 2999 626 1001 3000 625
						1001 3001 495 1001 3002 627 1002 3003 625 1002 3004 626 1002 3005 628 1003
						3006 627 1003 3007 626 1003 3008 629 1004 3009 627 1004 3010 628 1004 3011
						630 1005 3012 629 1005 3013 628 1005 3014 631 1006 3015 629 1006 3016 630
						1006 3017 632 1007 3018 631 1007 3019 630 1007 3020 633 1008 3021 631 1008
						3022 632 1008 3023 634 1009 3024 633 1009 3025 632 1009 3026 635 1010 3027
						633 1010 3028 634 1010 3029 636 1011 3030 635 1011 3031 634 1011 3032 637
						1012 3033 635 1012 3034 636 1012 3035 638 1013 3036 637 1013 3037 636 1013
						3038 639 1014 3039 637 1014 3040 638 1014 3041 640 1015 3042 639 1015 3043
						638 1015 3044 642 1016 3045 641 1016 3046 496 1016 3047 497 1017 3048 642
						1017 3049 496 1017 3050 643 1018 3051 642 1018 3052 497 1018 3053 591 1019
						3054 643 1019 3055 497 1019 3056 644 1020 3057 643 1020 3058 591 1020 3059
						645 1021 3060 644 1021 3061 591 1021 3062 595 1022 3063 593 1022 3064 645
						1022 3065 591 1023 3066 595 1023 3067 645 1023 3068 597 1024 3069 595 1024
						3070 591 1024 3071 542 1025 3072 597 1025 3073 591 1025 3074 599 1026 3075
						597 1026 3076 542 1026 3077 543 1027 3078 599 1027 3079 542 1027 3080 600
						1028 3081 599 1028 3082 543 1028 3083 539 1029 3084 534 1029 3085 536 1029
						3086 608 1030 3087 539 1030 3088 536 1030 3089 598 1031 3090 539 1031 3091
						608 1031 3092 606 1032 3093 598 1032 3094 608 1032 3095 596 1033 3096 598
						1033 3097 606 1033 3098 604 1034 3099 596 1034 3100 606 1034 3101 594 1035
						3102 596 1035 3103 604 1035 3104 602 1036 3105 594 1036 3106 604 1036 3107
						592 1037 3108 594 1037 3109 602 1037 3110 616 1038 3111 646 1038 3112 647
						1038 3113 648 1039 3114 616 1039 3115 647 1039 3116 610 1040 3117 616 1040
						3118 648 1040 3119 649 1041 3120 610 1041 3121 648 1041 3122 601 1042 3123
						610 1042 3124 649 1042 3125 650 1043 3126 601 1043 3127 649 1043 3128 602
						1044 3129 601 1044 3130 650 1044 3131 651 1045 3132 602 1045 3133 650 1045
						3134 592 1046 3135 602 1046 3136 651 1046 3137 526 1047 3138 524 1047 3139
						623 1047 3140 624 1048 3141 526 1048 3142 623 1048 3143 622 1049 3144 526
						1049 3145 624 1049 3146 625 1050 3147 622 1050 3148 624 1050 3149 621 1051
						3150 622 1051 3151 625 1051 3152 627 1052 3153 621 1052 3154 625 1052 3155
						620 1053 3156 621 1053 3157 627 1053 3158 629 1054 3159 620 1054 3160 627
						1054 3161 619 1055 3162 620 1055 3163 629 1055 3164 631 1056 3165 619 1056
						3166 629 1056 3167 618 1057 3168 619 1057 3169 631 1057 3170 633 1058 3171
						618 1058 3172 631 1058 3173 617 1059 3174 618 1059 3175 633 1059 3176 635
						1060 3177 617 1060 3178 633 1060 3179 616 1061 3180 617 1061 3181 635 1061
						3182 637 1062 3183 616 1062 3184 635 1062 3185 646 1063 3186 616 1063 3187
						637 1063 3188 639 1064 3189 646 1064 3190 637 1064 3191 481 1065 3192 480
						1065 3193 640 1065 3194 638 1066 3195 481 1066 3196 640 1066 3197 652 1067
						3198 481 1067 3199 638 1067 3200 636 1068 3201 652 1068 3202 638 1068 3203
						653 1069 3204 652 1069 3205 636 1069 3206 634 1070 3207 653 1070 3208 636
						1070 3209 654 1071 3210 653 1071 3211 634 1071 3212 632 1072 3213 654 1072
						3214 634 1072 3215 655 1073 3216 654 1073 3217 632 1073 3218 630 1074 3219
						655 1074 3220 632 1074 3221 656 1075 3222 655 1075 3223 630 1075 3224 628
						1076 3225 656 1076 3226 630 1076 3227 657 1077 3228 656 1077 3229 628 1077
						3230 626 1078 3231 657 1078 3232 628 1078 3233 492 1079 3234 657 1079 3235
						626 1079 3236 495 1080 3237 492 1080 3238 626 1080 3239 490 1081 3240 492
						1081 3241 495 1081 3242 494 1082 3243 490 1082 3244 495 1082 3245 584 1083
						3246 658 1083 3247 479 1083 3248 481 1084 3249 584 1084 3250 479 1084 3251
						576 1085 3252 584 1085 3253 481 1085 3254 652 1086 3255 576 1086 3256 481
						1086 3257 571 1087 3258 576 1087 3259 652 1087 3260 653 1088 3261 571 1088
						3262 652 1088 3263 567 1089 3264 571 1089 3265 653 1089 3266 654 1090 3267
						567 1090 3268 653 1090 3269 562 1091 3270 567 1091 3271 654 1091 3272 655
						1092 3273 562 1092 3274 654 1092 3275 560 1093 3276 562 1093 3277 655 1093
						3278 656 1094 3279 560 1094 3280 655 1094 3281 484 1095 3282 560 1095 3283
						656 1095 3284 657 1096 3285 484 1096 3286 656 1096 3287 482 1097 3288 484
						1097 3289 657 1097 3290 492 1098 3291 482 1098 3292 657 1098 3293 488 1099
						3294 482 1099 3295 492 1099 3296 491 1100 3297 488 1100 3298 492 1100 3299
						555 1101 3300 557 1101 3301 559 1101 3302 659 1102 3303 555 1102 3304 559
						1102 3305 590 1103 3306 555 1103 3307 659 1103 3308 660 1104 3309 590 1104
						3310 659 1104 3311 589 1105 3312 590 1105 3313 660 1105 3314 661 1106 3315
						589 1106 3316 660 1106 3317 588 1107 3318 589 1107 3319 661 1107 3320 662
						1108 3321 588 1108 3322 661 1108 3323 587 1109 3324 588 1109 3325 662 1109
						3326 663 1110 3327 587 1110 3328 662 1110 3329 586 1111 3330 587 1111 3331
						663 1111 3332 664 1112 3333 586 1112 3334 663 1112 3335 585 1113 3336 586
						1113 3337 664 1113 3338 665 1114 3339 585 1114 3340 664 1114 3341 584 1115
						3342 585 1115 3343 665 1115 3344 666 1116 3345 584 1116 3346 665 1116 3347
						658 1117 3348 584 1117 3349 666 1117 3350 559 1118 3351 485 1118 3352 487
						1118 3353 517 1119 3354 559 1119 3355 487 1119 3356 659 1120 3357 559 1120
						3358 517 1120 3359 514 1121 3360 659 1121 3361 517 1121 3362 660 1122 3363
						659 1122 3364 514 1122 3365 511 1123 3366 660 1123 3367 514 1123 3368 661
						1124 3369 660 1124 3370 511 1124 3371 508 1125 3372 661 1125 3373 511 1125
						3374 662 1126 3375 661 1126 3376 508 1126 3377 502 1127 3378 662 1127 3379
						508 1127 3380 663 1128 3381 662 1128 3382 502 1128 3383 501 1129 3384 663
						1129 3385 502 1129 3386 664 1130 3387 663 1130 3388 501 1130 3389 505 1131
						3390 664 1131 3391 501 1131 3392 665 1132 3393 664 1132 3394 505 1132 3395
						504 1133 3396 665 1133 3397 505 1133 3398 666 1134 3399 665 1134 3400 504
						1134 3401 667 1135 3402 214 1135 3403 213 1135 3404 668 1136 3405 478 1136
						3406 123 1136 3407 478 1137 3408 464 1137 3409 463 1137 3410 668 1138 3411
						445 1138 3412 453 1138 3413 464 1139 3414 478 1139 3415 668 1139 3416 453
						1140 3417 464 1140 3418 668 1140 3419 461 1141 3420 464 1141 3421 453 1141
						3422 669 1142 3423 436 1142 3424 435 1142 3425 670 1143 3426 669 1143 3427
						435 1143 3428 406 1144 3429 94 1144 3430 93 1144 3431 671 1145 3432 406 1145
						3433 93 1145 3434 405 1146 3435 406 1146 3436 671 1146 3437 670 1147 3438
						405 1147 3439 671 1147 3440 434 1148 3441 405 1148 3442 670 1148 3443 435
						1149 3444 434 1149 3445 670 1149 3446 375 1150 3447 437 1150 3448 436 1150
						3449 669 1151 3450 375 1151 3451 436 1151 3452 374 1152 3453 375 1152 3454
						669 1152 3455 672 1153 3456 374 1153 3457 669 1153 3458 428 1154 3459 374
						1154 3460 672 1154 3461 429 1155 3462 428 1155 3463 672 1155 3464 673 1156
						3465 433 1156 3466 432 1156 3467 431 1157 3468 673 1157 3469 432 1157 3470
						672 1158 3471 673 1158 3472 431 1158 3473 430 1159 3474 672 1159 3475 431
						1159 3476 429 1160 3477 672 1160 3478 430 1160 3479 423 1161 3480 674 1161
						3481 424 1161 3482 674 1162 3483 423 1162 3484 422 1162 3485 329 1163 3486
						674 1163 3487 422 1163 3488 673 1164 3489 674 1164 3490 329 1164 3491 330
						1165 3492 673 1165 3493 329 1165 3494 433 1166 3495 673 1166 3496 330 1166
						3497 419 1167 3498 418 1167 3499 675 1167 3500 676 1168 3501 419 1168 3502
						675 1168 3503 420 1169 3504 419 1169 3505 676 1169 3506 426 1150 3507 425
						1150 3508 424 1150 3509 674 1170 3510 426 1170 3511 424 1170 3512 427 1171
						3513 426 1171 3514 674 1171 3515 675 1172 3516 427 1172 3517 674 1172 3518
						284 1173 3519 427 1173 3520 675 1173 3521 418 1174 3522 284 1174 3523 675
						1174 3524 283 1150 3525 284 1150 3526 418 1150 3527 253 1175 3528 421 1175
						3529 420 1175 3530 676 1176 3531 253 1176 3532 420 1176 3533 252 1177 3534
						253 1177 3535 676 1177 3536 677 1178 3537 252 1178 3538 676 1178 3539 414
						1179 3540 252 1179 3541 677 1179 3542 415 1180 3543 414 1180 3544 677 1180
						3545 667 1181 3546 415 1181 3547 677 1181 3548 416 1182 3549 415 1182 3550
						667 1182 3551 213 1183 3552 416 1183 3553 667 1183 3554 417 1150 3555 416
						1150 3556 213 1150 3557 678 1184 3558 410 1184 3559 411 1184 3560 412 1185
						3561 678 1185 3562 411 1185 3563 413 1186 3564 678 1186 3565 412 1186 3566
						679 1187 3567 407 1187 3568 408 1187 3569 409 1188 3570 679 1188 3571 408
						1188 3572 682 1189 3573 680 1189 3574 681 1189 3575 683 1190 3576 682 1190
						3577 681 1190 3578 679 1191 3579 409 1191 3580 410 1191 3581 678 1192 3582
						679 1192 3583 410 1192 3584 684 1193 3585 679 1193 3586 678 1193 3587 682
						1194 3588 684 1194 3589 678 1194 3590 685 1195 3591 684 1195 3592 682 1195
						3593 683 1196 3594 685 1196 3595 682 1196 3596 686 1197 3597 685 1197 3598
						683 1197 3599 677 1198 3600 687 1198 3601 688 1198 3602 689 1199 3603 677
						1199 3604 688 1199 3605 690 1200 3606 677 1200 3607 689 1200 3608 677 1201
						3609 690 1201 3610 691 1201 3611 692 1202 3612 677 1202 3613 691 1202 3614
						693 1203 3615 677 1203 3616 692 1203 3617 677 1204 3618 693 1204 3619 694
						1204 3620 695 1205 3621 677 1205 3622 694 1205 3623 696 1206 3624 677 1206
						3625 695 1206 3626 676 1207 3627 675 1207 3628 697 1207 3629 698 1208 3630
						676 1208 3631 697 1208 3632 677 1209 3633 676 1209 3634 698 1209 3635 699
						1210 3636 677 1210 3637 698 1210 3638 687 1211 3639 677 1211 3640 699 1211
						3641 675 1212 3642 700 1212 3643 701 1212 3644 674 1213 3645 702 1213 3646
						703 1213 3647 675 1214 3648 674 1214 3649 703 1214 3650 704 1215 3651 675
						1215 3652 703 1215 3653 700 1216 3654 675 1216 3655 704 1216 3656 675 1217
						3657 701 1217 3658 705 1217 3659 706 1218 3660 675 1218 3661 705 1218 3662
						707 1219 3663 675 1219 3664 706 1219 3665 675 1220 3666 707 1220 3667 708
						1220 3668 709 1221 3669 675 1221 3670 708 1221 3671 697 1222 3672 675 1222
						3673 709 1222 3674 673 1223 3675 710 1223 3676 711 1223 3677 712 1224 3678
						673 1224 3679 711 1224 3680 713 1225 3681 673 1225 3682 712 1225 3683 715
						1226 3684 714 1226 3685 674 1226 3686 673 1227 3687 715 1227 3688 674 1227
						3689 716 1228 3690 715 1228 3691 673 1228 3692 713 1229 3693 716 1229 3694
						673 1229 3695 674 1230 3696 714 1230 3697 717 1230 3698 718 1231 3699 674
						1231 3700 717 1231 3701 719 1232 3702 674 1232 3703 718 1232 3704 674 1233
						3705 719 1233 3706 720 1233 3707 721 1234 3708 674 1234 3709 720 1234 3710
						702 1235 3711 674 1235 3712 721 1235 3713 723 1236 3714 672 1236 3715 722
						1236 3716 672 1237 3717 723 1237 3718 724 1237 3719 725 1238 3720 672 1238
						3721 724 1238 3722 726 1239 3723 672 1239 3724 725 1239 3725 672 1240 3726
						726 1240 3727 727 1240 3728 728 1241 3729 672 1241 3730 727 1241 3731 673
						1242 3732 672 1242 3733 728 1242 3734 729 1243 3735 673 1243 3736 728 1243
						3737 710 1244 3738 673 1244 3739 729 1244 3740 670 1245 3741 730 1245 3742
						731 1245 3743 732 1246 3744 670 1246 3745 731 1246 3746 669 1247 3747 670
						1247 3748 732 1247 3749 733 1248 3750 669 1248 3751 732 1248 3752 672 1249
						3753 669 1249 3754 733 1249 3755 734 1250 3756 672 1250 3757 733 1250 3758
						722 1251 3759 672 1251 3760 734 1251 3761 670 1252 3762 735 1252 3763 736
						1252 3764 737 1253 3765 670 1253 3766 736 1253 3767 670 1254 3768 737 1254
						3769 738 1254 3770 739 1255 3771 670 1255 3772 738 1255 3773 740 1256 3774
						670 1256 3775 739 1256 3776 670 1257 3777 740 1257 3778 741 1257 3779 742
						1258 3780 670 1258 3781 741 1258 3782 743 1259 3783 670 1259 3784 742 1259
						3785 670 1260 3786 743 1260 3787 744 1260 3788 745 1261 3789 670 1261 3790
						744 1261 3791 730 1262 3792 670 1262 3793 745 1262 3794 748 1263 3795 746
						1263 3796 747 1263 3797 749 1264 3798 748 1264 3799 747 1264 3800 750 1265
						3801 746 1265 3802 748 1265 3803 668 1266 3804 750 1266 3805 748 1266 3806
						751 1267 3807 750 1267 3808 668 1267 3809 123 1268 3810 751 1268 3811 668
						1268 3812 125 1269 3813 751 1269 3814 123 1269 3815 677 1270 3816 696 1270
						3817 680 1270 3818 682 1271 3819 677 1271 3820 680 1271 3821 667 1272 3822
						677 1272 3823 682 1272 3824 678 1273 3825 667 1273 3826 682 1273 3827 214
						1274 3828 667 1274 3829 678 1274 3830 413 1275 3831 214 1275 3832 678 1275
						3833 671 1276 3834 93 1276 3835 445 1276 3836 668 1277 3837 671 1277 3838
						445 1277 3839 670 1278 3840 671 1278 3841 668 1278 3842 748 1279 3843 670
						1279 3844 668 1279 3845 735 1280 3846 670 1280 3847 748 1280 3848 749 1281
						3849 735 1281 3850 748 1281 3851 754 1282 3852 752 1282 3853 753 1282 3854
						756 1283 3855 755 1283 3856 752 1283 3857 759 1284 3858 757 1284 3859 758
						1284 3860 759 1285 3861 760 1285 3862 761 1285 3863 762 1286 3864 759 1286
						3865 761 1286 3866 757 1287 3867 759 1287 3868 762 1287 3869 765 1288 3870
						763 1288 3871 764 1288 3872 766 1289 3873 765 1289 3874 764 1289 3875 760
						1290 3876 765 1290 3877 766 1290 3878 767 1291 3879 760 1291 3880 766 1291
						3881 761 1292 3882 760 1292 3883 767 1292 3884 768 1293 3885 763 1293 3886
						765 1293 3887 769 1294 3888 768 1294 3889 765 1294 3890 770 1295 3891 768
						1295 3892 769 1295 3893 771 1296 3894 770 1296 3895 769 1296 3896 772 1297
						3897 771 1297 3898 769 1297 3899 773 1298 3900 771 1298 3901 772 1298 3902
						774 1299 3903 773 1299 3904 772 1299 3905 775 1300 3906 774 1300 3907 772
						1300 3908 776 1301 3909 774 1301 3910 775 1301 3911 777 1302 3912 776 1302
						3913 775 1302 3914 778 1303 3915 776 1303 3916 777 1303 3917 779 1304 3918
						778 1304 3919 777 1304 3920 780 1305 3921 779 1305 3922 777 1305 3923 781
						1306 3924 779 1306 3925 780 1306 3926 782 1307 3927 781 1307 3928 780 1307
						3929 783 1308 3930 781 1308 3931 782 1308 3932 786 1309 3933 785 1309 3934
						784 1309 3935 784 1310 3936 787 1310 3937 788 1310 3938 789 1311 3939 784
						1311 3940 788 1311 3941 790 1312 3942 789 1312 3943 788 1312 3944 791 1313
						3945 789 1313 3946 790 1313 3947 792 1314 3948 791 1314 3949 790 1314 3950
						793 1315 3951 791 1315 3952 792 1315 3953 794 1316 3954 793 1316 3955 792
						1316 3956 795 1317 3957 793 1317 3958 794 1317 3959 796 1318 3960 795 1318
						3961 794 1318 3962 797 1319 3963 795 1319 3964 796 1319 3965 798 1320 3966
						797 1320 3967 796 1320 3968 798 1321 3969 754 1321 3970 799 1321 3971 797
						1322 3972 798 1322 3973 799 1322 3974 754 1323 3975 753 1323 3976 800 1323
						3977 801 1324 3978 754 1324 3979 800 1324 3980 802 1325 3981 754 1325 3982
						801 1325 3983 799 1326 3984 754 1326 3985 802 1326 3986 804 1327 3987 758
						1327 3988 803 1327 3989 759 1328 3990 758 1328 3991 804 1328 3992 805 1329
						3993 759 1329 3994 804 1329 3995 807 1330 3996 805 1330 3997 806 1330 3998
						755 1331 3999 807 1331 4000 806 1331 4001 759 1332 4002 805 1332 4003 807
						1332 4004 808 1333 4005 759 1333 4006 807 1333 4007 760 1334 4008 759 1334
						4009 808 1334 4010 809 1335 4011 760 1335 4012 808 1335 4013 765 1336 4014
						760 1336 4015 809 1336 4016 810 1337 4017 765 1337 4018 809 1337 4019 769
						1338 4020 765 1338 4021 810 1338 4022 811 1339 4023 769 1339 4024 810 1339
						4025 772 1340 4026 769 1340 4027 811 1340 4028 812 1341 4029 772 1341 4030
						811 1341 4031 775 1342 4032 772 1342 4033 812 1342 4034 813 1343 4035 775
						1343 4036 812 1343 4037 777 1344 4038 775 1344 4039 813 1344 4040 814 1345
						4041 777 1345 4042 813 1345 4043 780 1346 4044 777 1346 4045 814 1346 4046
						815 1347 4047 780 1347 4048 814 1347 4049 782 1348 4050 780 1348 4051 815
						1348 4052 807 1349 4053 755 1349 4054 756 1349 4055 816 1350 4056 807 1350
						4057 756 1350 4058 808 1351 4059 807 1351 4060 816 1351 4061 817 1352 4062
						808 1352 4063 816 1352 4064 809 1353 4065 808 1353 4066 817 1353 4067 818
						1354 4068 809 1354 4069 817 1354 4070 810 1355 4071 809 1355 4072 818 1355
						4073 819 1356 4074 810 1356 4075 818 1356 4076 811 1357 4077 810 1357 4078
						819 1357 4079 820 1358 4080 811 1358 4081 819 1358 4082 812 1359 4083 811
						1359 4084 820 1359 4085 821 1360 4086 812 1360 4087 820 1360 4088 813 1361
						4089 812 1361 4090 821 1361 4091 822 1362 4092 813 1362 4093 821 1362 4094
						814 1363 4095 813 1363 4096 822 1363 4097 823 1364 4098 814 1364 4099 822
						1364 4100 815 1365 4101 814 1365 4102 823 1365 4103 787 1366 4104 784 1366
						4105 785 1366 4106 824 1367 4107 787 1367 4108 785 1367 4109 825 1368 4110
						787 1368 4111 824 1368 4112 756 1369 4113 752 1369 4114 754 1369 4115 798
						1370 4116 756 1370 4117 754 1370 4118 816 1371 4119 756 1371 4120 798 1371
						4121 796 1372 4122 816 1372 4123 798 1372 4124 817 1373 4125 816 1373 4126
						796 1373 4127 794 1374 4128 817 1374 4129 796 1374 4130 818 1375 4131 817
						1375 4132 794 1375 4133 792 1376 4134 818 1376 4135 794 1376 4136 819 1377
						4137 818 1377 4138 792 1377 4139 790 1378 4140 819 1378 4141 792 1378 4142
						820 1379 4143 819 1379 4144 790 1379 4145 788 1380 4146 820 1380 4147 790
						1380 4148 821 1381 4149 820 1381 4150 788 1381 4151 787 1382 4152 821 1382
						4153 788 1382 4154 822 1383 4155 821 1383 4156 787 1383 4157 825 1384 4158
						822 1384 4159 787 1384 4160 823 1385 4161 822 1385 4162 825 1385 4163 828
						1386 4164 826 1386 4165 827 1386 4166 831 1387 4167 829 1387 4168 830 1387
						4169 834 1388 4170 832 1388 4171 833 1388 4172 837 1389 4173 835 1389 4174
						836 1389 4175 838 1390 4176 837 1390 4177 836 1390 4178 839 1391 4179 837
						1391 4180 838 1391 4181 837 1392 4182 839 1392 4183 840 1392 4184 841 1393
						4185 837 1393 4186 840 1393 4187 842 1394 4188 837 1394 4189 841 1394 4190
						843 1395 4191 842 1395 4192 841 1395 4193 844 1396 4194 842 1396 4195 843
						1396 4196 845 1397 4197 844 1397 4198 843 1397 4199 846 1398 4200 844 1398
						4201 845 1398 4202 849 1399 4203 847 1399 4204 848 1399 4205 850 1400 4206
						849 1400 4207 848 1400 4208 849 1401 4209 850 1401 4210 832 1401 4211 834
						1402 4212 849 1402 4213 832 1402 4214 835 1403 4215 849 1403 4216 834 1403
						4217 851 1404 4218 835 1404 4219 834 1404 4220 836 1405 4221 835 1405 4222
						851 1405 4223 847 1406 4224 852 1406 4225 853 1406 4226 856 1407 4227 854
						1407 4228 855 1407 4229 857 1408 4230 854 1408 4231 856 1408 4232 857 1409
						4233 856 1409 4234 852 1409 4235 847 1410 4236 857 1410 4237 852 1410 4238
						858 1411 4239 857 1411 4240 847 1411 4241 849 1412 4242 858 1412 4243 847
						1412 4244 859 1413 4245 858 1413 4246 849 1413 4247 835 1414 4248 859 1414
						4249 849 1414 4250 860 1415 4251 855 1415 4252 854 1415 4253 861 1416 4254
						860 1416 4255 854 1416 4256 862 1417 4257 860 1417 4258 861 1417 4259 864
						1418 4260 863 1418 4261 862 1418 4262 861 1419 4263 864 1419 4264 862 1419
						4265 865 1420 4266 864 1420 4267 861 1420 4268 866 1421 4269 865 1421 4270
						861 1421 4271 867 1422 4272 865 1422 4273 866 1422 4274 868 1423 4275 867
						1423 4276 866 1423 4277 871 1424 4278 869 1424 4279 870 1424 4280 869 1425
						4281 871 1425 4282 872 1425 4283 873 1426 4284 869 1426 4285 872 1426 4286
						874 1427 4287 869 1427 4288 873 1427 4289 875 1428 4290 874 1428 4291 873
						1428 4292 866 1429 4293 874 1429 4294 875 1429 4295 876 1430 4296 866 1430
						4297 875 1430 4298 868 1431 4299 866 1431 4300 876 1431 4301 878 1432 4302
						877 1432 4303 870 1432 4304 869 1433 4305 878 1433 4306 870 1433 4307 879
						1434 4308 878 1434 4309 869 1434 4310 880 1435 4311 879 1435 4312 869 1435
						4313 881 1436 4314 879 1436 4315 880 1436 4316 882 1437 4317 881 1437 4318
						880 1437 4319 883 1438 4320 882 1438 4321 880 1438 4322 884 1439 4323 882
						1439 4324 883 1439 4325 885 1440 4326 884 1440 4327 883 1440 4328 886 1441
						4329 884 1441 4330 885 1441 4331 889 1442 4332 887 1442 4333 888 1442 4334
						891 1443 4335 890 1443 4336 886 1443 4337 885 1444 4338 891 1444 4339 886
						1444 4340 892 1445 4341 891 1445 4342 885 1445 4343 887 1446 4344 892 1446
						4345 885 1446 4346 893 1447 4347 892 1447 4348 887 1447 4349 889 1448 4350
						893 1448 4351 887 1448 4352 894 1449 4353 888 1449 4354 887 1449 4355 895
						1450 4356 894 1450 4357 887 1450 4358 896 1451 4359 894 1451 4360 895 1451
						4361 829 1452 4362 897 1452 4363 898 1452 4364 897 1453 4365 899 1453 4366
						900 1453 4367 899 1454 4368 897 1454 4369 829 1454 4370 831 1455 4371 899
						1455 4372 829 1455 4373 895 1456 4374 899 1456 4375 831 1456 4376 901 1457
						4377 895 1457 4378 831 1457 4379 896 1458 4380 895 1458 4381 901 1458 4382
						904 1459 4383 902 1459 4384 903 1459 4385 905 1460 4386 904 1460 4387 903
						1460 4388 899 1461 4389 895 1461 4390 906 1461 4391 907 1462 4392 899 1462
						4393 906 1462 4394 900 1463 4395 899 1463 4396 907 1463 4397 908 1464 4398
						900 1464 4399 907 1464 4400 909 1465 4401 900 1465 4402 908 1465 4403 910
						1466 4404 909 1466 4405 908 1466 4406 911 1467 4407 909 1467 4408 910 1467
						4409 910 1468 4410 912 1468 4411 913 1468 4412 914 1469 4413 910 1469 4414
						913 1469 4415 911 1470 4416 910 1470 4417 914 1470 4418 916 1471 4419 905
						1471 4420 915 1471 4421 919 1472 4422 917 1472 4423 918 1472 4424 921 1473
						4425 920 1473 4426 919 1473 4427 918 1474 4428 921 1474 4429 919 1474 4430
						922 1475 4431 921 1475 4432 918 1475 4433 923 1476 4434 922 1476 4435 918
						1476 4436 926 1477 4437 924 1477 4438 925 1477 4439 927 1478 4440 926 1478
						4441 925 1478 4442 930 1479 4443 928 1479 4444 929 1479 4445 930 1480 4446
						929 1480 4447 931 1480 4448 932 1481 4449 930 1481 4450 931 1481 4451 933
						1482 4452 930 1482 4453 932 1482 4454 934 1483 4455 930 1483 4456 933 1483
						4457 935 1484 4458 930 1484 4459 934 1484 4460 937 1150 4461 936 1150 4462
						924 1150 4463 926 1485 4464 937 1485 4465 924 1485 4466 938 1486 4467 937
						1486 4468 926 1486 4469 930 1487 4470 938 1487 4471 926 1487 4472 935 1488
						4473 938 1488 4474 930 1488 4475 939 1489 4476 938 1489 4477 935 1489 4478
						940 1490 4479 938 1490 4480 939 1490 4481 941 1491 4482 938 1491 4483 940
						1491 4484 942 1492 4485 938 1492 4486 941 1492 4487 945 1493 4488 943 1493
						4489 944 1493 4490 947 1494 4491 946 1494 4492 943 1494 4493 947 1495 4494
						948 1495 4495 946 1495 4496 943 1496 4497 946 1496 4498 949 1496 4499 944
						1497 4500 943 1497 4501 949 1497 4502 950 1498 4503 944 1498 4504 949 1498
						4505 951 1499 4506 944 1499 4507 950 1499 4508 952 1500 4509 944 1500 4510
						951 1500 4511 930 1501 4512 953 1501 4513 954 1501 4514 955 1502 4515 930
						1502 4516 954 1502 4517 956 1503 4518 930 1503 4519 955 1503 4520 959 1504
						4521 957 1504 4522 958 1504 4523 960 1505 4524 948 1505 4525 957 1505 4526
						957 1506 4527 959 1506 4528 961 1506 4529 960 1507 4530 957 1507 4531 961
						1507 4532 962 1508 4533 948 1508 4534 960 1508 4535 948 1509 4536 962 1509
						4537 963 1509 4538 948 1510 4539 963 1510 4540 964 1510 4541 946 1511 4542
						948 1511 4543 964 1511 4544 928 1512 4545 965 1512 4546 966 1512 4547 967
						1513 4548 928 1513 4549 966 1513 4550 968 1514 4551 928 1514 4552 967 1514
						4553 969 1515 4554 928 1515 4555 968 1515 4556 958 1516 4557 970 1516 4558
						971 1516 4559 959 1517 4560 958 1517 4561 971 1517 4562 971 1518 4563 928
						1518 4564 969 1518 4565 970 1519 4566 928 1519 4567 971 1519 4568 972 1520
						4569 930 1520 4570 956 1520 4571 973 1521 4572 930 1521 4573 972 1521 4574
						973 1522 4575 928 1522 4576 930 1522 4577 965 1523 4578 928 1523 4579 973
						1523 4580 974 1524 4581 785 1524 4582 786 1524 4583 975 1525 4584 974 1525
						4585 786 1525 4586 976 1526 4587 974 1526 4588 975 1526 4589 977 1527 4590
						974 1527 4591 976 1527 4592 945 1528 4593 974 1528 4594 977 1528 4595 944
						1529 4596 974 1529 4597 945 1529 4598 782 1530 4599 944 1530 4600 783 1530
						4601 825 1150 4602 824 1150 4603 785 1150 4604 974 1531 4605 825 1531 4606
						785 1531 4607 823 1532 4608 825 1532 4609 974 1532 4610 944 1533 4611 823
						1533 4612 974 1533 4613 815 1534 4614 823 1534 4615 944 1534 4616 782 1535
						4617 815 1535 4618 944 1535 4619 918 1536 4620 917 1536 4621 978 1536 4622
						979 1537 4623 918 1537 4624 978 1537 4625 980 1538 4626 918 1538 4627 979
						1538 4628 918 1539 4629 980 1539 4630 981 1539 4631 982 1540 4632 918 1540
						4633 981 1540 4634 983 1541 4635 918 1541 4636 982 1541 4637 984 1542 4638
						918 1542 4639 983 1542 4640 985 1543 4641 918 1543 4642 984 1543 4643 986
						1544 4644 918 1544 4645 985 1544 4646 918 1545 4647 986 1545 4648 987 1545
						4649 918 1546 4650 987 1546 4651 988 1546 4652 989 1547 4653 918 1547 4654
						988 1547 4655 990 1548 4656 918 1548 4657 989 1548 4658 991 1549 4659 918
						1549 4660 990 1549 4661 926 1550 4662 918 1550 4663 991 1550 4664 923 1551
						4665 918 1551 4666 926 1551 4667 927 1552 4668 923 1552 4669 926 1552 4670
						926 1553 4671 991 1553 4672 992 1553 4673 993 1554 4674 926 1554 4675 992
						1554 4676 994 1555 4677 926 1555 4678 993 1555 4679 995 1556 4680 926 1556
						4681 994 1556 4682 926 1557 4683 995 1557 4684 996 1557 4685 926 1558 4686
						996 1558 4687 997 1558 4688 998 1559 4689 926 1559 4690 997 1559 4691 999
						1560 4692 953 1560 4693 930 1560 4694 926 1561 4695 999 1561 4696 930 1561
						4697 1000 1562 4698 999 1562 4699 926 1562 4700 998 1563 4701 1000 1563 4702
						926 1563 4703 1001 1564 4704 1000 1564 4705 998 1564 4706 1003 1565 4707
						1002 1565 4708 904 1565 4709 905 1566 4710 1003 1566 4711 904 1566 4712 912
						1567 4713 1003 1567 4714 905 1567 4715 916 1568 4716 912 1568 4717 905 1568
						4718 913 1569 4719 912 1569 4720 916 1569 4721 904 1570 4722 1002 1570 4723
						826 1570 4724 828 1571 4725 904 1571 4726 826 1571 4727 902 1572 4728 904
						1572 4729 828 1572 4730 917 1573 4731 902 1573 4732 828 1573 4733 1004 1574
						4734 902 1574 4735 917 1574 4736 919 1575 4737 1004 1575 4738 917 1575 4739
						845 1576 4740 1005 1576 4741 1006 1576 4742 1007 1577 4743 845 1577 4744
						1006 1577 4745 846 1578 4746 845 1578 4747 1007 1578 4748 1010 1579 4749
						1008 1579 4750 1009 1579 4751 845 1580 4752 843 1580 4753 1011 1580 4754
						1012 1581 4755 845 1581 4756 1011 1581 4757 1005 1582 4758 845 1582 4759
						1012 1582 4760 1010 1583 4761 1005 1583 4762 1012 1583 4763 1015 1584 4764
						1013 1584 4765 1014 1584 4766 1016 1585 4767 1015 1585 4768 1014 1585 4769
						1015 1586 4770 1016 1586 4771 1017 1586 4772 1018 1587 4773 1015 1587 4774
						1017 1587 4775 1019 1588 4776 1015 1588 4777 1018 1588 4778 1015 1589 4779
						1019 1589 4780 1020 1589 4781 1021 1590 4782 1015 1590 4783 1020 1590 4784
						1022 1591 4785 1015 1591 4786 1021 1591 4787 1023 1592 4788 1015 1592 4789
						1022 1592 4790 1024 1593 4791 1015 1593 4792 1023 1593 4793 1015 1594 4794
						1024 1594 4795 1025 1594 4796 1026 1595 4797 1015 1595 4798 1025 1595 4799
						1027 1596 4800 1015 1596 4801 1026 1596 4802 1015 1597 4803 1027 1597 4804
						1028 1597 4805 1029 1598 4806 1015 1598 4807 1028 1598 4808 1015 1599 4809
						1029 1599 4810 1030 1599 4811 1031 1600 4812 1015 1600 4813 1030 1600 4814
						1032 1601 4815 1015 1601 4816 1031 1601 4817 1015 1602 4818 1032 1602 4819
						1033 1602 4820 1034 1603 4821 1015 1603 4822 1033 1603 4823 1008 1604 4824
						1015 1604 4825 1034 1604 4826 1035 1605 4827 1008 1605 4828 1034 1605 4829
						1008 1606 4830 1035 1606 4831 1036 1606 4832 1037 1607 4833 1008 1607 4834
						1036 1607 4835 1038 1608 4836 1008 1608 4837 1037 1608 4838 1008 1609 4839
						1038 1609 4840 1039 1609 4841 1040 1610 4842 1008 1610 4843 1039 1610 4844
						1041 1611 4845 1008 1611 4846 1040 1611 4847 1008 1612 4848 1041 1612 4849
						1042 1612 4850 1043 1613 4851 1008 1613 4852 1042 1613 4853 1044 1614 4854
						1008 1614 4855 1043 1614 4856 1008 1615 4857 1044 1615 4858 1045 1615 4859
						1046 1616 4860 1008 1616 4861 1045 1616 4862 1047 1617 4863 1008 1617 4864
						1046 1617 4865 1008 1618 4866 1047 1618 4867 1048 1618 4868 1049 1619 4869
						1008 1619 4870 1048 1619 4871 1050 1620 4872 1008 1620 4873 1049 1620 4874
						1008 1621 4875 1050 1621 4876 1051 1621 4877 1052 1622 4878 1008 1622 4879
						1051 1622 4880 1053 1623 4881 1008 1623 4882 1052 1623 4883 1008 1624 4884
						1053 1624 4885 1054 1624 4886 1055 1625 4887 1008 1625 4888 1054 1625 4889
						1056 1626 4890 1008 1626 4891 1055 1626 4892 1009 1627 4893 1057 1627 4894
						1058 1627 4895 1008 1628 4896 1056 1628 4897 1059 1628 4898 1060 1629 4899
						1008 1629 4900 1059 1629 4901 1009 1630 4902 1008 1630 4903 1060 1630 4904
						1061 1631 4905 1009 1631 4906 1060 1631 4907 1057 1632 4908 1009 1632 4909
						1061 1632 4910 1064 1633 4911 1062 1633 4912 1063 1633 4913 1065 1634 4914
						1064 1634 4915 1063 1634 4916 1066 1635 4917 1064 1635 4918 1065 1635 4919
						1067 1636 4920 1064 1636 4921 1066 1636 4922 1068 1637 4923 1064 1637 4924
						1067 1637 4925 1064 1638 4926 1068 1638 4927 1069 1638 4928 1064 1639 4929
						1069 1639 4930 1070 1639 4931 1071 1640 4932 1064 1640 4933 1070 1640 4934
						1072 1641 4935 1064 1641 4936 1071 1641 4937 1073 1642 4938 1064 1642 4939
						1072 1642 4940 1064 1643 4941 1074 1643 4942 1075 1643 4943 1073 1644 4944
						1074 1644 4945 1064 1644 4946 1075 1645 4947 1074 1645 4948 1076 1645 4949
						1075 1646 4950 1076 1646 4951 1077 1646 4952 1078 1647 4953 1075 1647 4954
						1077 1647 4955 1079 1648 4956 1075 1648 4957 1078 1648 4958 1080 1649 4959
						1075 1649 4960 1079 1649 4961 1081 1650 4962 1075 1650 4963 1080 1650 4964
						1075 1651 4965 1081 1651 4966 1082 1651 4967 1075 1652 4968 1082 1652 4969
						1083 1652 4970 1084 1653 4971 1075 1653 4972 1083 1653 4973 1085 1654 4974
						1075 1654 4975 1084 1654 4976 1086 1655 4977 1013 1655 4978 1015 1655 4979
						1075 1656 4980 1086 1656 4981 1015 1656 4982 1087 1657 4983 1086 1657 4984
						1075 1657 4985 1085 1658 4986 1087 1658 4987 1075 1658 4988 1088 1659 4989
						1087 1659 4990 1085 1659 4991 504 1660 4992 503 1660 4993 1062 1660 4994
						1064 1661 4995 504 1661 4996 1062 1661 4997 666 1662 4998 504 1662 4999 1064
						1662 5000 479 1663 5001 666 1663 5002 1064 1663 5003 658 1150 5004 666 1150
						5005 479 1150 5006 640 1664 5007 480 1664 5008 479 1664 5009 1064 1665 5010
						640 1665 5011 479 1665 5012 639 1666 5013 640 1666 5014 1064 1666 5015 1075
						1667 5016 639 1667 5017 1064 1667 5018 646 1668 5019 639 1668 5020 1075 1668
						5021 647 1669 5022 646 1669 5023 1075 1669 5024 1015 1670 5025 651 1670 5026
						650 1670 5027 649 1671 5028 1015 1671 5029 650 1671 5030 1075 1672 5031 1015
						1672 5032 649 1672 5033 648 1673 5034 1075 1673 5035 649 1673 5036 647 1674
						5037 1075 1674 5038 648 1674 5039 644 1675 5040 1008 1675 5041 643 1675 5042
						1008 1676 5043 644 1676 5044 645 1676 5045 593 1677 5046 1008 1677 5047 645
						1677 5048 1015 1678 5049 1008 1678 5050 593 1678 5051 592 1679 5052 1015
						1679 5053 593 1679 5054 651 1680 5055 1015 1680 5056 592 1680 5057 642 1681
						5058 1089 1681 5059 641 1681 5060 1010 1682 5061 1012 1682 5062 1090 1682
						5063 1089 1683 5064 1010 1683 5065 1090 1683 5066 1008 1684 5067 1010 1684
						5068 1089 1684 5069 642 1685 5070 1008 1685 5071 1089 1685 5072 643 1686
						5073 1008 1686 5074 642 1686 5075 1093 1687 5076 1091 1687 5077 1092 1687
						5078 1096 1688 5079 1094 1688 5080 1095 1688 5081 1098 1689 5082 1097 1689
						5083 1096 1689 5084 1095 1690 5085 1098 1690 5086 1096 1690 5087 1099 1691
						5088 1098 1691 5089 1095 1691 5090 1100 1692 5091 1099 1692 5092 1095 1692
						5093 1101 1693 5094 1099 1693 5095 1100 1693 5096 1104 1694 5097 1102 1694
						5098 1103 1694 5099 1102 1150 5100 1104 1150 5101 1094 1150 5102 1096 1695
						5103 1102 1695 5104 1094 1695 5105 1105 1696 5106 1102 1696 5107 1096 1696
						5108 1108 1697 5109 1106 1697 5110 1107 1697 5111 1109 1698 5112 1108 1698
						5113 1107 1698 5114 1110 1699 5115 1108 1699 5116 1109 1699 5117 1111 1700
						5118 1110 1700 5119 1109 1700 5120 1112 1701 5121 1110 1701 5122 1111 1701
						5123 1113 1702 5124 1112 1702 5125 1111 1702 5126 1114 1703 5127 1112 1703
						5128 1113 1703 5129 1117 1704 5130 1115 1704 5131 1116 1704 5132 1118 1705
						5133 1117 1705 5134 1116 1705 5135 1119 1706 5136 1117 1706 5137 1118 1706
						5138 1120 1707 5139 1119 1707 5140 1118 1707 5141 1121 1708 5142 1119 1708
						5143 1120 1708 5144 1122 1709 5145 1121 1709 5146 1120 1709 5147 1123 1710
						5148 1121 1710 5149 1122 1710 5150 1124 1711 5151 1123 1711 5152 1122 1711
						5153 1106 1712 5154 1123 1712 5155 1124 1712 5156 1125 1713 5157 1106 1713
						5158 1124 1713 5159 1107 1714 5160 1106 1714 5161 1125 1714 5162 1128 1715
						5163 1126 1715 5164 1127 1715 5165 1126 1716 5166 1128 1716 5167 1091 1716
						5168 1093 1717 5169 1126 1717 5170 1091 1717 5171 1129 1718 5172 1126 1718
						5173 1093 1718 5174 1130 1719 5175 1129 1719 5176 1093 1719 5177 1115 1720
						5178 1129 1720 5179 1130 1720 5180 1131 1721 5181 1115 1721 5182 1130 1721
						5183 1116 1722 5184 1115 1722 5185 1131 1722 5186 1126 1723 5187 1129 1723
						5188 1132 1723 5189 1133 1724 5190 1126 1724 5191 1132 1724 5192 1127 1725
						5193 1126 1725 5194 1133 1725 5195 1134 1726 5196 1127 1726 5197 1133 1726
						5198 1135 1727 5199 1127 1727 5200 1134 1727 5201 1136 1728 5202 1135 1728
						5203 1134 1728 5204 1137 1729 5205 1135 1729 5206 1136 1729 5207 1096 1730
						5208 1097 1730 5209 1138 1730 5210 1114 1731 5211 1096 1731 5212 1138 1731
						5213 1105 1732 5214 1096 1732 5215 1114 1732 5216 1113 1733 5217 1105 1733
						5218 1114 1733 5219 1141 1734 5220 1139 1734 5221 1140 1734 5222 1145 1735
						5223 1143 1735 5224 1144 1735 5225 1146 1736 5226 1145 1736 5227 1144 1736
						5228 1147 1737 5229 1145 1737 5230 1146 1737 5231 1150 1738 5232 1148 1738
						5233 1149 1738 5234 1152 1739 5235 1151 1739 5236 1148 1739 5237 1150 1740
						5238 1152 1740 5239 1148 1740 5240 1153 1741 5241 1152 1741 5242 1150 1741
						5243 1154 1742 5244 1153 1742 5245 1150 1742 5246 1141 1743 5247 1140 1743
						5248 1155 1743 5249 1156 1744 5250 1141 1744 5251 1155 1744 5252 1157 1745
						5253 1141 1745 5254 1156 1745 5255 1158 1746 5256 1157 1746 5257 1156 1746
						5258 1159 1747 5259 1157 1747 5260 1158 1747 5261 1160 1748 5262 1157 1748
						5263 1159 1748 5264 524 1749 5265 523 1749 5266 1161 1749 5267 1162 1750
						5268 524 1750 5269 1161 1750 5270 623 1751 5271 524 1751 5272 1162 1751 5273
						493 1752 5274 623 1752 5275 1162 1752 5276 1163 1753 5277 493 1753 5278 1162
						1753 5279 494 1754 5280 493 1754 5281 1163 1754 5282 1163 1755 5283 1164
						1755 5284 491 1755 5285 490 1756 5286 1163 1756 5287 491 1756 5288 494 1757
						5289 1163 1757 5290 490 1757 5291 1166 1758 5292 1165 1758 5293 544 1758
						5294 489 1759 5295 1166 1759 5296 544 1759 5297 1164 1760 5298 1166 1760
						5299 489 1760 5300 488 1761 5301 1164 1761 5302 489 1761 5303 491 1762 5304
						1164 1762 5305 488 1762 5306 1168 1763 5307 1167 1763 5308 566 1763 5309 548
						1764 5310 1168 1764 5311 566 1764 5312 1169 1765 5313 1168 1765 5314 548
						1765 5315 547 1766 5316 1169 1766 5317 548 1766 5318 1165 1767 5319 1169
						1767 5320 547 1767 5321 545 1768 5322 1165 1768 5323 547 1768 5324 544 1769
						5325 1165 1769 5326 545 1769 5327 553 1770 5328 1170 1770 5329 554 1770 5330
						1171 1771 5331 1170 1771 5332 553 1771 5333 551 1772 5334 1171 1772 5335 553
						1772 5336 1167 1773 5337 1171 1773 5338 551 1773 5339 550 1774 5340 1167
						1774 5341 551 1774 5342 566 1775 5343 1167 1775 5344 550 1775 5345 1173 1776
						5346 1172 1776 5347 558 1776 5348 557 1777 5349 1173 1777 5350 558 1777 5351
						1174 1778 5352 1173 1778 5353 557 1778 5354 556 1779 5355 1174 1779 5356 557
						1779 5357 1170 1780 5358 1174 1780 5359 556 1780 5360 583 1781 5361 1170
						1781 5362 556 1781 5363 554 1782 5364 1170 1782 5365 583 1782 5366 1143 1783
						5367 1145 1783 5368 1142 1783 5369 498 1784 5370 1143 1785 5371 1142 1786
						5372 1175 1787 5373 1143 1787 5374 498 1787 5375 486 1788 5376 1175 1788
						5377 498 1788 5378 1172 1789 5379 1175 1789 5380 486 1789 5381 485 1790 5382
						1172 1790 5383 486 1790 5384 558 1791 5385 1172 1791 5386 485 1791 5387 1178
						1792 5388 1176 1792 5389 1177 1792 5390 1179 1793 5391 1178 1793 5392 1177
						1793 5393 1144 1794 5394 1178 1794 5395 1179 1794 5396 1180 1795 5397 1144
						1795 5398 1179 1795 5399 1146 1796 5400 1144 1796 5401 1180 1796 5402 1181
						1797 5403 1176 1797 5404 1178 1797 5405 1182 1798 5406 1181 1798 5407 1178
						1798 5408 1183 1799 5409 1181 1799 5410 1182 1799 5411 1184 1800 5412 1183
						1800 5413 1182 1800 5414 1185 1801 5415 1184 1801 5416 1182 1801 5417 1186
						1802 5418 1185 1802 5419 1182 1802 5420 1187 1803 5421 1185 1803 5422 1186
						1803 5423 1188 1804 5424 1187 1804 5425 1186 1804 5426 1189 1805 5427 1188
						1805 5428 1186 1805 5429 1190 1806 5430 1188 1806 5431 1189 1806 5432 1191
						1807 5433 1190 1807 5434 1189 1807 5435 1192 1808 5436 1191 1808 5437 1189
						1808 5438 1193 1809 5439 1191 1809 5440 1192 1809 5441 1194 1810 5442 1193
						1810 5443 1192 1810 5444 1195 1811 5445 1193 1811 5446 1194 1811 5447 1196
						1812 5448 1195 1812 5449 1194 1812 5450 1197 1813 5451 1195 1813 5452 1196
						1813 5453 1198 1814 5454 1197 1814 5455 1196 1814 5456 1199 1815 5457 1197
						1815 5458 1198 1815 5459 1200 1816 5460 1199 1816 5461 1198 1816 5462 1201
						1817 5463 1199 1817 5464 1200 1817 5465 1202 1818 5466 1201 1818 5467 1200
						1818 5468 1203 1819 5469 1202 1819 5470 1200 1819 5471 1204 1820 5472 1202
						1820 5473 1203 1820 5474 1203 1821 5475 1205 1821 5476 1206 1821 5477 1207
						1822 5478 1203 1822 5479 1206 1822 5480 1204 1823 5481 1203 1823 5482 1207
						1823 5483 1150 1824 5484 1149 1824 5485 1208 1824 5486 1209 1825 5487 1150
						1825 5488 1208 1825 5489 1205 1826 5490 1150 1826 5491 1209 1826 5492 1210
						1827 5493 1205 1827 5494 1209 1827 5495 1206 1828 5496 1205 1828 5497 1210
						1828 5498 1154 1829 5499 803 1829 5500 1153 1829 5501 804 1830 5502 803 1830
						5503 1154 1830 5504 1211 1831 5505 804 1831 5506 1154 1831 5507 805 1832
						5508 804 1832 5509 1211 1832 5510 1212 1833 5511 805 1833 5512 1211 1833
						5513 806 1834 5514 805 1834 5515 1212 1834 5516 1213 1835 5517 806 1835 5518
						1212 1835 5519 755 1836 5520 806 1836 5521 1213 1836 5522 752 1837 5523 755
						1837 5524 1213 1837 5525 1214 1838 5526 752 1838 5527 1213 1838 5528 753
						1839 5529 752 1839 5530 1214 1839 5531 1160 1840 5532 753 1840 5533 1214
						1840 5534 800 1841 5535 753 1841 5536 1160 1841 5537 1159 1842 5538 800 1842
						5539 1160 1842 5540 801 1843 5541 800 1843 5542 1159 1843 5543 1139 1844
						5544 1141 1844 5545 1215 1844 5546 1216 1845 5547 1139 1845 5548 1215 1845
						5549 1217 1846 5550 1216 1846 5551 1215 1846 5552 1218 1847 5553 1216 1847
						5554 1217 1847 5555 1219 1848 5556 1218 1848 5557 1217 1848 5558 1219 1849
						5559 1220 1849 5560 1221 1849 5561 1222 1850 5562 1219 1850 5563 1221 1850
						5564 1223 1851 5565 1219 1851 5566 1222 1851 5567 1218 1852 5568 1219 1852
						5569 1223 1852 5570 1226 1853 5571 1224 1853 5572 1225 1853 5573 1227 1854
						5574 1226 1854 5575 1225 1854 5576 1220 1855 5577 1226 1855 5578 1227 1855
						5579 1228 1856 5580 1220 1856 5581 1227 1856 5582 1221 1857 5583 1220 1857
						5584 1228 1857 5585 1229 1858 5586 1224 1858 5587 1226 1858 5588 1230 1859
						5589 1229 1859 5590 1226 1859 5591 1231 1860 5592 1229 1860 5593 1230 1860
						5594 1232 1861 5595 1224 1861 5596 1229 1861 5597 1233 1862 5598 1228 1862
						5599 1227 1862 5600 1234 1863 5601 1216 1863 5602 1218 1863 5603 1232 1864
						5604 1235 1864 5605 1236 1864 5606 1239 1865 5607 1237 1866 5608 1238 1867
						5609 1242 1868 5610 1240 1868 5611 1241 1868 5612 1245 1869 5613 1243 1869
						5614 1244 1869 5615 1155 1870 5616 1140 1870 5617 1246 1870 5618 1246 1871
						5619 1247 1871 5620 1248 1871 5621 1249 1872 5622 1246 1872 5623 1248 1872
						5624 1250 1873 5625 1249 1873 5626 1248 1873 5627 1251 1874 5628 1249 1874
						5629 1250 1874 5630 1252 1875 5631 1251 1875 5632 1250 1875 5633 1253 1876
						5634 1251 1876 5635 1252 1876 5636 1254 1877 5637 1253 1877 5638 1252 1877
						5639 1255 1878 5640 1253 1878 5641 1254 1878 5642 1256 1879 5643 1255 1879
						5644 1254 1879 5645 1257 1880 5646 1255 1880 5647 1256 1880 5648 1258 1881
						5649 1257 1881 5650 1256 1881 5651 1258 1882 5652 1259 1882 5653 1260 1882
						5654 1257 1883 5655 1258 1883 5656 1260 1883 5657 942 1884 5658 1259 1884
						5659 938 1884 5660 1260 1885 5661 1259 1885 5662 942 1885 5663 1261 1886
						5664 1245 1886 5665 1244 1886 5666 1262 1887 5667 1261 1887 5668 1244 1887
						5669 1263 1888 5670 1261 1888 5671 1262 1888 5672 1264 1889 5673 1242 1889
						5674 1241 1889 5675 1264 1890 5676 1241 1890 5677 1265 1890 5678 1266 1891
						5679 1264 1891 5680 1265 1891 5681 1245 1892 5682 1264 1892 5683 1266 1892
						5684 1267 1893 5685 1245 1893 5686 1266 1893 5687 1243 1894 5688 1245 1894
						5689 1267 1894 5690 1268 1895 5691 1239 1895 5692 1238 1895 5693 1268 1896
						5694 1238 1896 5695 1269 1896 5696 1270 1897 5697 1268 1897 5698 1269 1897
						5699 1242 1898 5700 1268 1898 5701 1270 1898 5702 1271 1899 5703 1242 1899
						5704 1270 1899 5705 1240 1900 5706 1242 1900 5707 1271 1900 5708 1272 1901
						5709 1232 1901 5710 1236 1901 5711 1272 1902 5712 1236 1902 5713 1273 1902
						5714 1274 1903 5715 1272 1903 5716 1273 1903 5717 1239 1904 5718 1272 1904
						5719 1274 1904 5720 1275 1905 5721 1239 1905 5722 1274 1905 5723 1237 1906
						5724 1239 1906 5725 1275 1906 5726 1232 1907 5727 1229 1907 5728 1231 1907
						5729 1276 1908 5730 1232 1908 5731 1231 1908 5732 1235 1909 5733 1232 1909
						5734 1276 1909 5735 1247 1910 5736 1246 1910 5737 1140 1910 5738 1139 1911
						5739 1247 1911 5740 1140 1911 5741 1216 1912 5742 1247 1912 5743 1139 1912
						5744 1277 1913 5745 1218 1913 5746 1223 1913 5747 1222 1914 5748 1277 1914
						5749 1223 1914 5750 1278 1915 5751 1222 1915 5752 1221 1915 5753 1228 1916
						5754 1278 1916 5755 1221 1916 5756 1279 1917 5757 1227 1917 5758 1225 1917
						5759 1224 1918 5760 1279 1918 5761 1225 1918 5762 1247 1919 5763 1216 1919
						5764 1234 1919 5765 1280 1920 5766 1247 1920 5767 1234 1920 5768 1248 1921
						5769 1247 1921 5770 1280 1921 5771 1281 1922 5772 1248 1922 5773 1280 1922
						5774 1250 1923 5775 1248 1923 5776 1281 1923 5777 1282 1924 5778 1250 1924
						5779 1281 1924 5780 1252 1925 5781 1250 1925 5782 1282 1925 5783 1283 1926
						5784 1252 1926 5785 1282 1926 5786 1254 1927 5787 1252 1927 5788 1283 1927
						5789 1284 1928 5790 1254 1928 5791 1283 1928 5792 1256 1929 5793 1254 1929
						5794 1284 1929 5795 1285 1930 5796 1256 1930 5797 1284 1930 5798 1258 1931
						5799 1256 1931 5800 1285 1931 5801 1286 1932 5802 1258 1932 5803 1285 1932
						5804 1259 1933 5805 1258 1933 5806 1286 1933 5807 937 1934 5808 1259 1934
						5809 1286 1934 5810 938 1935 5811 1259 1935 5812 937 1935 5813 1234 1936
						5814 1218 1936 5815 1277 1936 5816 1287 1937 5817 1234 1937 5818 1277 1937
						5819 1280 1938 5820 1234 1938 5821 1287 1938 5822 1288 1939 5823 1280 1939
						5824 1287 1939 5825 1281 1940 5826 1280 1940 5827 1288 1940 5828 1289 1941
						5829 1281 1941 5830 1288 1941 5831 1282 1942 5832 1281 1942 5833 1289 1942
						5834 1290 1943 5835 1282 1943 5836 1289 1943 5837 1283 1944 5838 1282 1944
						5839 1290 1944 5840 1291 1945 5841 1283 1945 5842 1290 1945 5843 1284 1946
						5844 1283 1946 5845 1291 1946 5846 1292 1947 5847 1284 1947 5848 1291 1947
						5849 1285 1948 5850 1284 1948 5851 1292 1948 5852 1293 1949 5853 1285 1949
						5854 1292 1949 5855 1286 1950 5856 1285 1950 5857 1293 1950 5858 936 1951
						5859 1286 1951 5860 1293 1951 5861 937 1952 5862 1286 1952 5863 936 1952
						5864 924 1953 5865 1294 1953 5866 925 1953 5867 1277 1954 5868 1222 1954
						5869 1278 1954 5870 1295 1955 5871 1277 1955 5872 1278 1955 5873 1287 1956
						5874 1277 1956 5875 1295 1956 5876 1296 1957 5877 1287 1957 5878 1295 1957
						5879 1288 1958 5880 1287 1958 5881 1296 1958 5882 1297 1959 5883 1288 1959
						5884 1296 1959 5885 1289 1960 5886 1288 1960 5887 1297 1960 5888 1298 1961
						5889 1289 1961 5890 1297 1961 5891 1290 1962 5892 1289 1962 5893 1298 1962
						5894 1299 1963 5895 1290 1963 5896 1298 1963 5897 1291 1964 5898 1290 1964
						5899 1299 1964 5900 1300 1965 5901 1291 1965 5902 1299 1965 5903 1292 1966
						5904 1291 1966 5905 1300 1966 5906 1294 1967 5907 1292 1967 5908 1300 1967
						5909 1293 1968 5910 1292 1968 5911 1294 1968 5912 924 1969 5913 1293 1969
						5914 1294 1969 5915 936 1970 5916 1293 1970 5917 924 1970 5918 1278 1971
						5919 1228 1971 5920 1233 1971 5921 1301 1972 5922 1278 1972 5923 1233 1972
						5924 1295 1973 5925 1278 1973 5926 1301 1973 5927 1302 1974 5928 1295 1974
						5929 1301 1974 5930 1296 1975 5931 1295 1975 5932 1302 1975 5933 1303 1976
						5934 1296 1976 5935 1302 1976 5936 1297 1977 5937 1296 1977 5938 1303 1977
						5939 1304 1978 5940 1297 1978 5941 1303 1978 5942 1298 1979 5943 1297 1979
						5944 1304 1979 5945 1305 1980 5946 1298 1980 5947 1304 1980 5948 1299 1981
						5949 1298 1981 5950 1305 1981 5951 1306 1982 5952 1299 1982 5953 1305 1982
						5954 1300 1983 5955 1299 1983 5956 1306 1983 5957 1307 1984 5958 1300 1984
						5959 1306 1984 5960 1294 1985 5961 1300 1985 5962 1307 1985 5963 927 1986
						5964 1294 1986 5965 1307 1986 5966 925 1987 5967 1294 1987 5968 927 1987
						5969 1233 1988 5970 1227 1988 5971 1279 1988 5972 1308 1989 5973 1233 1989
						5974 1279 1989 5975 1301 1990 5976 1233 1990 5977 1308 1990 5978 1309 1991
						5979 1301 1991 5980 1308 1991 5981 1302 1992 5982 1301 1992 5983 1309 1992
						5984 1310 1993 5985 1302 1993 5986 1309 1993 5987 1303 1994 5988 1302 1994
						5989 1310 1994 5990 1311 1995 5991 1303 1995 5992 1310 1995 5993 1304 1996
						5994 1303 1996 5995 1311 1996 5996 1312 1997 5997 1304 1997 5998 1311 1997
						5999 1305 1998 6000 1304 1998 6001 1312 1998 6002 1313 1999 6003 1305 1999
						6004 1312 1999 6005 1306 2000 6006 1305 2000 6007 1313 2000 6008 1314 2001
						6009 1306 2001 6010 1313 2001 6011 1307 2002 6012 1306 2002 6013 1314 2002
						6014 923 2003 6015 1307 2003 6016 1314 2003 6017 927 2004 6018 1307 2004
						6019 923 2004 6020 1261 2005 6021 1263 2005 6022 920 2005 6023 921 2006 6024
						1261 2006 6025 920 2006 6026 922 2007 6027 1261 2007 6028 921 2007 6029 1279
						2008 6030 1224 2008 6031 1232 2008 6032 1272 2009 6033 1279 2009 6034 1232
						2009 6035 1308 2010 6036 1279 2010 6037 1272 2010 6038 1239 2011 6039 1308
						2011 6040 1272 2011 6041 1309 2012 6042 1308 2012 6043 1239 2012 6044 1268
						2013 6045 1309 2013 6046 1239 2013 6047 1310 2014 6048 1309 2014 6049 1268
						2014 6050 1242 2015 6051 1310 2015 6052 1268 2015 6053 1311 2016 6054 1310
						2016 6055 1242 2016 6056 1264 2017 6057 1311 2017 6058 1242 2017 6059 1312
						2018 6060 1311 2018 6061 1264 2018 6062 1245 2019 6063 1312 2019 6064 1264
						2019 6065 1313 2020 6066 1312 2020 6067 1245 2020 6068 1261 2021 6069 1313
						2021 6070 1245 2021 6071 1314 2022 6072 1313 2022 6073 1261 2022 6074 922
						2023 6075 1314 2023 6076 1261 2023 6077 923 2024 6078 1314 2024 6079 922
						2024 6080 1315 2025 6081 1149 2025 6082 1148 2025 6083 1316 2026 6084 1210
						2026 6085 1209 2026 6086 1317 2027 6087 1201 2027 6088 1202 2027 6089 1318
						2028 6090 1191 2028 6091 1193 2028 6092 1319 2029 6093 1190 2029 6094 1191
						2029 6095 1320 2030 6096 1183 2030 6097 1184 2030 6098 1321 2031 6099 1180
						2031 6100 1179 2031 6101 1324 2032 6102 1322 2032 6103 1323 2032 6104 1327
						2033 6105 1325 2033 6106 1326 2033 6107 1328 2034 6108 1095 2034 6109 1094
						2034 6110 1330 2035 6111 1328 2035 6112 1329 2035 6113 1328 2036 6114 1330
						2036 6115 1331 2036 6116 1332 2037 6117 1328 2037 6118 1331 2037 6119 1095
						2038 6120 1328 2038 6121 1332 2038 6122 1333 2039 6123 1095 2039 6124 1332
						2039 6125 1100 2040 6126 1095 2040 6127 1333 2040 6128 1334 2041 6129 1327
						2041 6130 1326 2041 6131 1334 2042 6132 1326 2042 6133 1335 2042 6134 1336
						2043 6135 1334 2043 6136 1335 2043 6137 1329 2044 6138 1334 2044 6139 1336
						2044 6140 1337 2045 6141 1329 2045 6142 1336 2045 6143 1330 2046 6144 1329
						2046 6145 1337 2046 6146 1327 2047 6147 1338 2047 6148 1339 2047 6149 1340
						2048 6150 1327 2048 6151 1339 2048 6152 1325 2049 6153 1327 2049 6154 1340
						2049 6155 1341 2050 6156 1324 2050 6157 1323 2050 6158 1341 2051 6159 1323
						2051 6160 1342 2051 6161 1343 2052 6162 1341 2052 6163 1342 2052 6164 1338
						2053 6165 1341 2053 6166 1343 2053 6167 1344 2054 6168 1338 2054 6169 1343
						2054 6170 1339 2055 6171 1338 2055 6172 1344 2055 6173 1345 2056 6174 1322
						2056 6175 1324 2056 6176 1315 2057 6177 1345 2057 6178 1324 2057 6179 1346
						2058 6180 1345 2058 6181 1315 2058 6182 1148 2059 6183 1346 2059 6184 1315
						2059 6185 1151 2060 6186 1346 2060 6187 1148 2060 6188 1349 2061 6189 1347
						2061 6190 1348 2061 6191 1347 2062 6192 1350 2062 6193 1351 2062 6194 1352
						2063 6195 1347 2063 6196 1351 2063 6197 1348 2064 6198 1347 2064 6199 1352
						2064 6200 1355 2065 6201 1353 2065 6202 1354 2065 6203 1356 2066 6204 1355
						2066 6205 1354 2066 6206 1350 2067 6207 1355 2067 6208 1356 2067 6209 1357
						2068 6210 1350 2068 6211 1356 2068 6212 1351 2069 6213 1350 2069 6214 1357
						2069 6215 1358 2070 6216 1353 2070 6217 1355 2070 6218 1359 2071 6219 1358
						2071 6220 1355 2071 6221 1360 2072 6222 1358 2072 6223 1359 2072 6224 1359
						2073 6225 1361 2073 6226 1362 2073 6227 1363 2074 6228 1359 2074 6229 1362
						2074 6230 1360 2075 6231 1359 2075 6232 1363 2075 6233 1366 2076 6234 1364
						2076 6235 1365 2076 6236 1367 2077 6237 1366 2077 6238 1365 2077 6239 1361
						2078 6240 1366 2078 6241 1367 2078 6242 1368 2079 6243 1361 2079 6244 1367
						2079 6245 1362 2080 6246 1361 2080 6247 1368 2080 6248 1369 2081 6249 1364
						2081 6250 1366 2081 6251 1370 2082 6252 1369 2082 6253 1366 2082 6254 1371
						2083 6255 1369 2083 6256 1370 2083 6257 1127 2084 6258 1372 2084 6259 1128
						2084 6260 1373 2085 6261 1371 2085 6262 1370 2085 6263 1372 2086 6264 1373
						2086 6265 1370 2086 6266 1374 2087 6267 1373 2087 6268 1372 2087 6269 1127
						2088 6270 1374 2088 6271 1372 2088 6272 1135 2089 6273 1374 2089 6274 1127
						2089 6275 1146 2090 6276 1180 2090 6277 1347 2090 6278 1349 2091 6279 1146
						2091 6280 1347 2091 6281 1147 2092 6282 1146 2092 6283 1349 2092 6284 1375
						2093 6285 1179 2093 6286 1177 2093 6287 1176 2094 6288 1375 2094 6289 1177
						2094 6290 1376 2095 6291 1176 2095 6292 1181 2095 6293 1183 2096 6294 1376
						2096 6295 1181 2096 6296 1377 2097 6297 1184 2097 6298 1185 2097 6299 1187
						2098 6300 1377 2098 6301 1185 2098 6302 1378 2099 6303 1187 2099 6304 1188
						2099 6305 1190 2100 6306 1378 2100 6307 1188 2100 6308 1379 2101 6309 1193
						2101 6310 1195 2101 6311 1197 2102 6312 1379 2102 6313 1195 2102 6314 1380
						2103 6315 1197 2103 6316 1199 2103 6317 1201 2104 6318 1380 2104 6319 1199
						2104 6320 1381 2105 6321 1202 2105 6322 1204 2105 6323 1207 2106 6324 1381
						2106 6325 1204 2106 6326 1382 2107 6327 1207 2107 6328 1206 2107 6329 1210
						2108 6330 1382 2108 6331 1206 2108 6332 1383 2109 6333 1209 2109 6334 1208
						2109 6335 1149 2110 6336 1383 2110 6337 1208 2110 6338 1347 2111 6339 1180
						2111 6340 1321 2111 6341 1384 2112 6342 1347 2112 6343 1321 2112 6344 1350
						2113 6345 1347 2113 6346 1384 2113 6347 1385 2114 6348 1350 2114 6349 1384
						2114 6350 1355 2115 6351 1350 2115 6352 1385 2115 6353 1386 2116 6354 1355
						2116 6355 1385 2116 6356 1359 2117 6357 1355 2117 6358 1386 2117 6359 1387
						2118 6360 1359 2118 6361 1386 2118 6362 1361 2119 6363 1359 2119 6364 1387
						2119 6365 1388 2120 6366 1361 2120 6367 1387 2120 6368 1366 2121 6369 1361
						2121 6370 1388 2121 6371 1389 2122 6372 1366 2122 6373 1388 2122 6374 1370
						2123 6375 1366 2123 6376 1389 2123 6377 1390 2124 6378 1370 2124 6379 1389
						2124 6380 1372 2125 6381 1370 2125 6382 1390 2125 6383 1091 2126 6384 1372
						2126 6385 1390 2126 6386 1128 2127 6387 1372 2127 6388 1091 2127 6389 1321
						2128 6390 1179 2128 6391 1375 2128 6392 1391 2129 6393 1321 2129 6394 1375
						2129 6395 1384 2130 6396 1321 2130 6397 1391 2130 6398 1392 2131 6399 1384
						2131 6400 1391 2131 6401 1385 2132 6402 1384 2132 6403 1392 2132 6404 1393
						2133 6405 1385 2133 6406 1392 2133 6407 1386 2134 6408 1385 2134 6409 1393
						2134 6410 1394 2135 6411 1386 2135 6412 1393 2135 6413 1387 2136 6414 1386
						2136 6415 1394 2136 6416 1395 2137 6417 1387 2137 6418 1394 2137 6419 1388
						2138 6420 1387 2138 6421 1395 2138 6422 1396 2139 6423 1388 2139 6424 1395
						2139 6425 1389 2140 6426 1388 2140 6427 1396 2140 6428 1397 2141 6429 1389
						2141 6430 1396 2141 6431 1390 2142 6432 1389 2142 6433 1397 2142 6434 1092
						2143 6435 1390 2143 6436 1397 2143 6437 1091 2144 6438 1390 2144 6439 1092
						2144 6440 1093 2145 6441 1398 2145 6442 1130 2145 6443 1375 2146 6444 1176
						2146 6445 1376 2146 6446 1399 2147 6447 1375 2147 6448 1376 2147 6449 1391
						2148 6450 1375 2148 6451 1399 2148 6452 1400 2149 6453 1391 2149 6454 1399
						2149 6455 1392 2150 6456 1391 2150 6457 1400 2150 6458 1401 2151 6459 1392
						2151 6460 1400 2151 6461 1393 2152 6462 1392 2152 6463 1401 2152 6464 1402
						2153 6465 1393 2153 6466 1401 2153 6467 1394 2154 6468 1393 2154 6469 1402
						2154 6470 1403 2155 6471 1394 2155 6472 1402 2155 6473 1395 2156 6474 1394
						2156 6475 1403 2156 6476 1404 2157 6477 1395 2157 6478 1403 2157 6479 1396
						2158 6480 1395 2158 6481 1404 2158 6482 1398 2159 6483 1396 2159 6484 1404
						2159 6485 1397 2160 6486 1396 2160 6487 1398 2160 6488 1093 2161 6489 1397
						2161 6490 1398 2161 6491 1092 2162 6492 1397 2162 6493 1093 2162 6494 1376
						2163 6495 1183 2163 6496 1320 2163 6497 1405 2164 6498 1376 2164 6499 1320
						2164 6500 1399 2165 6501 1376 2165 6502 1405 2165 6503 1406 2166 6504 1399
						2166 6505 1405 2166 6506 1400 2167 6507 1399 2167 6508 1406 2167 6509 1407
						2168 6510 1400 2168 6511 1406 2168 6512 1401 2169 6513 1400 2169 6514 1407
						2169 6515 1408 2170 6516 1401 2170 6517 1407 2170 6518 1402 2171 6519 1401
						2171 6520 1408 2171 6521 1409 2172 6522 1402 2172 6523 1408 2172 6524 1403
						2173 6525 1402 2173 6526 1409 2173 6527 1410 2174 6528 1403 2174 6529 1409
						2174 6530 1404 2175 6531 1403 2175 6532 1410 2175 6533 1411 2176 6534 1404
						2176 6535 1410 2176 6536 1398 2177 6537 1404 2177 6538 1411 2177 6539 1131
						2178 6540 1398 2178 6541 1411 2178 6542 1130 2179 6543 1398 2179 6544 1131
						2179 6545 1320 2180 6546 1184 2180 6547 1377 2180 6548 1412 2181 6549 1320
						2181 6550 1377 2181 6551 1405 2182 6552 1320 2182 6553 1412 2182 6554 1413
						2183 6555 1405 2183 6556 1412 2183 6557 1406 2184 6558 1405 2184 6559 1413
						2184 6560 1414 2185 6561 1406 2185 6562 1413 2185 6563 1407 2186 6564 1406
						2186 6565 1414 2186 6566 1415 2187 6567 1407 2187 6568 1414 2187 6569 1408
						2188 6570 1407 2188 6571 1415 2188 6572 1416 2189 6573 1408 2189 6574 1415
						2189 6575 1409 2190 6576 1408 2190 6577 1416 2190 6578 1417 2191 6579 1409
						2191 6580 1416 2191 6581 1410 2192 6582 1409 2192 6583 1417 2192 6584 1418
						2193 6585 1410 2193 6586 1417 2193 6587 1411 2194 6588 1410 2194 6589 1418
						2194 6590 1116 2195 6591 1411 2195 6592 1418 2195 6593 1131 2196 6594 1411
						2196 6595 1116 2196 6596 1118 2197 6597 1419 2197 6598 1120 2197 6599 1377
						2198 6600 1187 2198 6601 1378 2198 6602 1420 2199 6603 1377 2199 6604 1378
						2199 6605 1412 2200 6606 1377 2200 6607 1420 2200 6608 1421 2201 6609 1412
						2201 6610 1420 2201 6611 1413 2202 6612 1412 2202 6613 1421 2202 6614 1422
						2203 6615 1413 2203 6616 1421 2203 6617 1414 2204 6618 1413 2204 6619 1422
						2204 6620 1423 2205 6621 1414 2205 6622 1422 2205 6623 1415 2206 6624 1414
						2206 6625 1423 2206 6626 1424 2207 6627 1415 2207 6628 1423 2207 6629 1416
						2208 6630 1415 2208 6631 1424 2208 6632 1425 2209 6633 1416 2209 6634 1424
						2209 6635 1417 2210 6636 1416 2210 6637 1425 2210 6638 1419 2211 6639 1417
						2211 6640 1425 2211 6641 1418 2212 6642 1417 2212 6643 1419 2212 6644 1118
						2213 6645 1418 2213 6646 1419 2213 6647 1116 2214 6648 1418 2214 6649 1118
						2214 6650 1378 2215 6651 1190 2215 6652 1319 2215 6653 1426 2216 6654 1378
						2216 6655 1319 2216 6656 1420 2217 6657 1378 2217 6658 1426 2217 6659 1427
						2218 6660 1420 2218 6661 1426 2218 6662 1421 2219 6663 1420 2219 6664 1427
						2219 6665 1428 2220 6666 1421 2220 6667 1427 2220 6668 1422 2221 6669 1421
						2221 6670 1428 2221 6671 1429 2222 6672 1422 2222 6673 1428 2222 6674 1423
						2223 6675 1422 2223 6676 1429 2223 6677 1430 2224 6678 1423 2224 6679 1429
						2224 6680 1424 2225 6681 1423 2225 6682 1430 2225 6683 1431 2226 6684 1424
						2226 6685 1430 2226 6686 1425 2227 6687 1424 2227 6688 1431 2227 6689 1432
						2228 6690 1425 2228 6691 1431 2228 6692 1419 2229 6693 1425 2229 6694 1432
						2229 6695 1122 2230 6696 1419 2230 6697 1432 2230 6698 1120 2231 6699 1419
						2231 6700 1122 2231 6701 1319 2232 6702 1191 2232 6703 1318 2232 6704 1433
						2233 6705 1319 2233 6706 1318 2233 6707 1426 2234 6708 1319 2234 6709 1433
						2234 6710 1434 2235 6711 1426 2235 6712 1433 2235 6713 1427 2236 6714 1426
						2236 6715 1434 2236 6716 1435 2237 6717 1427 2237 6718 1434 2237 6719 1428
						2238 6720 1427 2238 6721 1435 2238 6722 1436 2239 6723 1428 2239 6724 1435
						2239 6725 1429 2240 6726 1428 2240 6727 1436 2240 6728 1437 2241 6729 1429
						2241 6730 1436 2241 6731 1430 2242 6732 1429 2242 6733 1437 2242 6734 1438
						2243 6735 1430 2243 6736 1437 2243 6737 1431 2244 6738 1430 2244 6739 1438
						2244 6740 1439 2245 6741 1431 2245 6742 1438 2245 6743 1432 2246 6744 1431
						2246 6745 1439 2246 6746 1124 2247 6747 1432 2247 6748 1439 2247 6749 1122
						2248 6750 1432 2248 6751 1124 2248 6752 1318 2249 6753 1193 2249 6754 1379
						2249 6755 1440 2250 6756 1318 2250 6757 1379 2250 6758 1433 2251 6759 1318
						2251 6760 1440 2251 6761 1441 2252 6762 1433 2252 6763 1440 2252 6764 1434
						2253 6765 1433 2253 6766 1441 2253 6767 1442 2254 6768 1434 2254 6769 1441
						2254 6770 1435 2255 6771 1434 2255 6772 1442 2255 6773 1443 2256 6774 1435
						2256 6775 1442 2256 6776 1436 2257 6777 1435 2257 6778 1443 2257 6779 1444
						2258 6780 1436 2258 6781 1443 2258 6782 1437 2259 6783 1436 2259 6784 1444
						2259 6785 1445 2260 6786 1437 2260 6787 1444 2260 6788 1438 2261 6789 1437
						2261 6790 1445 2261 6791 1446 2262 6792 1438 2262 6793 1445 2262 6794 1439
						2263 6795 1438 2263 6796 1446 2263 6797 1125 2264 6798 1439 2264 6799 1446
						2264 6800 1124 2265 6801 1439 2265 6802 1125 2265 6803 1379 2266 6804 1197
						2266 6805 1380 2266 6806 1447 2267 6807 1379 2267 6808 1380 2267 6809 1440
						2268 6810 1379 2268 6811 1447 2268 6812 1448 2269 6813 1440 2269 6814 1447
						2269 6815 1441 2270 6816 1440 2270 6817 1448 2270 6818 1449 2271 6819 1441
						2271 6820 1448 2271 6821 1442 2272 6822 1441 2272 6823 1449 2272 6824 1450
						2273 6825 1442 2273 6826 1449 2273 6827 1443 2274 6828 1442 2274 6829 1450
						2274 6830 1451 2275 6831 1443 2275 6832 1450 2275 6833 1444 2276 6834 1443
						2276 6835 1451 2276 6836 1452 2277 6837 1444 2277 6838 1451 2277 6839 1445
						2278 6840 1444 2278 6841 1452 2278 6842 1453 2279 6843 1445 2279 6844 1452
						2279 6845 1446 2280 6846 1445 2280 6847 1453 2280 6848 1107 2281 6849 1446
						2281 6850 1453 2281 6851 1125 2282 6852 1446 2282 6853 1107 2282 6854 1109
						2283 6855 1454 2283 6856 1111 2283 6857 1380 2284 6858 1201 2284 6859 1317
						2284 6860 1455 2285 6861 1380 2285 6862 1317 2285 6863 1447 2286 6864 1380
						2286 6865 1455 2286 6866 1456 2287 6867 1447 2287 6868 1455 2287 6869 1448
						2288 6870 1447 2288 6871 1456 2288 6872 1457 2289 6873 1448 2289 6874 1456
						2289 6875 1449 2290 6876 1448 2290 6877 1457 2290 6878 1458 2291 6879 1449
						2291 6880 1457 2291 6881 1450 2292 6882 1449 2292 6883 1458 2292 6884 1459
						2293 6885 1450 2293 6886 1458 2293 6887 1451 2294 6888 1450 2294 6889 1459
						2294 6890 1460 2295 6891 1451 2295 6892 1459 2295 6893 1452 2296 6894 1451
						2296 6895 1460 2296 6896 1454 2297 6897 1452 2297 6898 1460 2297 6899 1453
						2298 6900 1452 2298 6901 1454 2298 6902 1109 2299 6903 1453 2299 6904 1454
						2299 6905 1107 2300 6906 1453 2300 6907 1109 2300 6908 1317 2301 6909 1202
						2301 6910 1381 2301 6911 1461 2302 6912 1317 2302 6913 1381 2302 6914 1455
						2303 6915 1317 2303 6916 1461 2303 6917 1462 2304 6918 1455 2304 6919 1461
						2304 6920 1456 2305 6921 1455 2305 6922 1462 2305 6923 1463 2306 6924 1456
						2306 6925 1462 2306 6926 1457 2307 6927 1456 2307 6928 1463 2307 6929 1464
						2308 6930 1457 2308 6931 1463 2308 6932 1458 2309 6933 1457 2309 6934 1464
						2309 6935 1465 2310 6936 1458 2310 6937 1464 2310 6938 1459 2311 6939 1458
						2311 6940 1465 2311 6941 1466 2312 6942 1459 2312 6943 1465 2312 6944 1460
						2313 6945 1459 2313 6946 1466 2313 6947 1467 2314 6948 1460 2314 6949 1466
						2314 6950 1454 2315 6951 1460 2315 6952 1467 2315 6953 1113 2316 6954 1454
						2316 6955 1467 2316 6956 1111 2317 6957 1454 2317 6958 1113 2317 6959 1381
						2318 6960 1207 2318 6961 1382 2318 6962 1468 2319 6963 1381 2319 6964 1382
						2319 6965 1461 2320 6966 1381 2320 6967 1468 2320 6968 1469 2321 6969 1461
						2321 6970 1468 2321 6971 1462 2322 6972 1461 2322 6973 1469 2322 6974 1470
						2323 6975 1462 2323 6976 1469 2323 6977 1463 2324 6978 1462 2324 6979 1470
						2324 6980 1471 2325 6981 1463 2325 6982 1470 2325 6983 1464 2326 6984 1463
						2326 6985 1471 2326 6986 1472 2327 6987 1464 2327 6988 1471 2327 6989 1465
						2328 6990 1464 2328 6991 1472 2328 6992 1473 2329 6993 1465 2329 6994 1472
						2329 6995 1466 2330 6996 1465 2330 6997 1473 2330 6998 1474 2331 6999 1466
						2331 7000 1473 2331 7001 1467 2332 7002 1466 2332 7003 1474 2332 7004 1105
						2333 7005 1467 2333 7006 1474 2333 7007 1113 2334 7008 1467 2334 7009 1105
						2334 7010 1102 2335 7011 1475 2335 7012 1103 2335 7013 1382 2336 7014 1210
						2336 7015 1316 2336 7016 1476 2337 7017 1382 2337 7018 1316 2337 7019 1468
						2338 7020 1382 2338 7021 1476 2338 7022 1477 2339 7023 1468 2339 7024 1476
						2339 7025 1469 2340 7026 1468 2340 7027 1477 2340 7028 1478 2341 7029 1469
						2341 7030 1477 2341 7031 1470 2342 7032 1469 2342 7033 1478 2342 7034 1479
						2343 7035 1470 2343 7036 1478 2343 7037 1471 2344 7038 1470 2344 7039 1479
						2344 7040 1480 2345 7041 1471 2345 7042 1479 2345 7043 1472 2346 7044 1471
						2346 7045 1480 2346 7046 1481 2347 7047 1472 2347 7048 1480 2347 7049 1473
						2348 7050 1472 2348 7051 1481 2348 7052 1475 2349 7053 1473 2349 7054 1481
						2349 7055 1474 2350 7056 1473 2350 7057 1475 2350 7058 1102 2351 7059 1474
						2351 7060 1475 2351 7061 1105 2352 7062 1474 2352 7063 1102 2352 7064 1316
						2353 7065 1209 2353 7066 1383 2353 7067 1482 2354 7068 1316 2354 7069 1383
						2354 7070 1476 2355 7071 1316 2355 7072 1482 2355 7073 1483 2356 7074 1476
						2356 7075 1482 2356 7076 1477 2357 7077 1476 2357 7078 1483 2357 7079 1484
						2358 7080 1477 2358 7081 1483 2358 7082 1478 2359 7083 1477 2359 7084 1484
						2359 7085 1485 2360 7086 1478 2360 7087 1484 2360 7088 1479 2361 7089 1478
						2361 7090 1485 2361 7091 1486 2362 7092 1479 2362 7093 1485 2362 7094 1480
						2363 7095 1479 2363 7096 1486 2363 7097 1487 2364 7098 1480 2364 7099 1486
						2364 7100 1481 2365 7101 1480 2365 7102 1487 2365 7103 1488 2366 7104 1481
						2366 7105 1487 2366 7106 1475 2367 7107 1481 2367 7108 1488 2367 7109 1104
						2368 7110 1475 2368 7111 1488 2368 7112 1103 2369 7113 1475 2369 7114 1104
						2369 7115 1383 2370 7116 1149 2370 7117 1315 2370 7118 1324 2371 7119 1383
						2371 7120 1315 2371 7121 1482 2372 7122 1383 2372 7123 1324 2372 7124 1341
						2373 7125 1482 2373 7126 1324 2373 7127 1483 2374 7128 1482 2374 7129 1341
						2374 7130 1338 2375 7131 1483 2375 7132 1341 2375 7133 1484 2376 7134 1483
						2376 7135 1338 2376 7136 1327 2377 7137 1484 2377 7138 1338 2377 7139 1485
						2378 7140 1484 2378 7141 1327 2378 7142 1334 2379 7143 1485 2379 7144 1327
						2379 7145 1486 2380 7146 1485 2380 7147 1334 2380 7148 1329 2381 7149 1486
						2381 7150 1334 2381 7151 1487 2382 7152 1486 2382 7153 1329 2382 7154 1328
						2383 7155 1487 2383 7156 1329 2383 7157 1488 2384 7158 1487 2384 7159 1328
						2384 7160 1094 2385 7161 1488 2385 7162 1328 2385 7163 1104 2386 7164 1488
						2386 7165 1094 2386 7166 1099 2387 7167 1101 2387 7168 1489 2387 7169 1099
						2388 7170 1489 2388 7171 1490 2388 7172 1491 2389 7173 1099 2389 7174 1490
						2389 7175 1098 2390 7176 1099 2390 7177 1491 2390 7178 1097 2391 7179 1098
						2391 7180 1491 2391 7181 1492 2392 7182 1097 2392 7183 1491 2392 7184 1138
						2393 7185 1097 2393 7186 1492 2393 7187 1114 2394 7188 1138 2394 7189 1492
						2394 7190 1493 2395 7191 1114 2395 7192 1492 2395 7193 1112 2396 7194 1114
						2396 7195 1493 2396 7196 1110 2397 7197 1112 2397 7198 1493 2397 7199 1494
						2398 7200 1110 2398 7201 1493 2398 7202 1108 2399 7203 1110 2399 7204 1494
						2399 7205 1495 2400 7206 1108 2400 7207 1494 2400 7208 1106 2401 7209 1108
						2401 7210 1495 2401 7211 1119 2402 7212 1121 2402 7213 1496 2402 7214 1117
						2403 7215 1119 2403 7216 1496 2403 7217 1497 2404 7218 1117 2404 7219 1496
						2404 7220 1115 2405 7221 1117 2405 7222 1497 2405 7223 1129 2406 7224 1115
						2406 7225 1497 2406 7226 1498 2407 7227 1129 2407 7228 1497 2407 7229 1132
						2408 7230 1129 2408 7231 1498 2408 7232 1133 2409 7233 1132 2409 7234 1498
						2409 7235 1499 2410 7236 1133 2410 7237 1498 2410 7238 1134 2411 7239 1133
						2411 7240 1499 2411 7241 1136 2412 7242 1134 2412 7243 1499 2412 7244 1501
						2413 7245 1500 2413 7246 1137 2413 7247 1136 2414 7248 1501 2414 7249 1137
						2414 7250 1502 2415 7251 1501 2415 7252 1136 2415 7253 1499 2416 7254 1502
						2416 7255 1136 2416 7256 521 2417 7257 1088 2417 7258 522 2417 7259 1009
						2418 7260 1058 2418 7261 1503 2418 7262 1504 2417 7263 1009 2417 7264 1503
						2417 7265 1010 2417 7266 1009 2417 7267 1504 2417 7268 1013 2419 7269 1086
						2419 7270 1087 2419 7271 1503 2417 7272 1013 2417 7273 1087 2417 7274 1014
						2420 7275 1013 2420 7276 1503 2420 7277 1058 2417 7278 1014 2417 7279 1503
						2417 7280 1505 2417 7281 1014 2417 7282 1058 2417 7283 1506 2417 7284 1505
						2417 7285 1058 2417 7286 1088 2421 7287 521 2421 7288 520 2421 7289 499 2417
						7290 1088 2417 7291 520 2417 7292 498 2417 7293 1088 2417 7294 499 2417 7295
						1508 2417 7296 1507 2417 7297 1503 2417 7298 1087 2417 7299 1508 2417 7300
						1503 2417 7301 1509 2422 7302 1508 2422 7303 1087 2422 7304 1088 2417 7305
						1509 2417 7306 1087 2417 7307 1510 2423 7308 1509 2423 7309 1088 2423 7310
						498 2417 7311 1510 2417 7312 1088 2417 7313 1142 2417 7314 1510 2417 7315
						498 2417 7316 500 2424 7317 507 2425 7318 506 2426 7319 503 2427 7320 507
						2427 7321 500 2427 7322 509 2428 7323 500 2428 7324 510 2428 7325 1062 2429
						7326 503 2429 7327 500 2429 7328 509 2417 7329 1062 2417 7330 500 2417 7331
						513 2417 7332 1062 2417 7333 509 2417 7334 1062 2430 7335 513 2430 7336 512
						2430 7337 516 2417 7338 1062 2417 7339 512 2417 7340 515 2417 7341 1062 2417
						7342 516 2417 7343 1088 2417 7344 1511 2417 7345 1512 2417 7346 1063 2417
						7347 1088 2417 7348 1512 2417 7349 522 2431 7350 1088 2431 7351 1063 2431
						7352 1062 2417 7353 522 2417 7354 1063 2417 7355 518 2417 7356 522 2417 7357
						1062 2417 7358 515 2417 7359 518 2417 7360 1062 2417 7361 519 2417 7362 518
						2417 7363 515 2417 7364 1515 2432 7365 1513 2432 7366 1514 2432 7367 978
						2432 7368 917 2432 7369 1516 2432 7370 1513 2433 7371 978 2433 7372 1516
						2433 7373 979 2434 7374 978 2434 7375 1513 2434 7376 953 2432 7377 1513 2432
						7378 1515 2432 7379 1517 2435 7380 953 2435 7381 1515 2435 7382 954 2432
						7383 953 2432 7384 1517 2432 7385 1518 2436 7386 954 2436 7387 1517 2436
						7388 1153 2432 7389 954 2432 7390 1518 2432 7391 763 2437 7392 768 2437 7393
						770 2437 7394 954 2438 7395 763 2438 7396 770 2438 7397 1001 2432 7398 1519
						2432 7399 1520 2432 7400 979 2432 7401 1001 2432 7402 1520 2432 7403 1000
						2432 7404 1001 2432 7405 979 2432 7406 1513 2432 7407 1000 2432 7408 979
						2432 7409 999 2439 7410 1000 2439 7411 1513 2439 7412 953 2440 7413 999 2440
						7414 1513 2440 7415 758 2432 7416 757 2432 7417 762 2432 7418 954 2441 7419
						758 2441 7420 762 2441 7421 803 2442 7422 758 2442 7423 954 2442 7424 1153
						2443 7425 803 2443 7426 954 2443 7427 766 2444 7428 764 2444 7429 763 2444
						7430 954 2445 7431 766 2445 7432 763 2445 7433 767 2432 7434 766 2432 7435
						954 2432 7436 762 2446 7437 767 2446 7438 954 2446 7439 761 2432 7440 767
						2432 7441 762 2432 7442 776 2432 7443 778 2432 7444 779 2432 7445 781 2432
						7446 776 2432 7447 779 2432 7448 773 2447 7449 774 2448 7450 776 2449 7451
						954 2450 7452 773 2450 7453 776 2450 7454 771 2451 7455 773 2452 7456 954
						2453 7457 770 2432 7458 771 2432 7459 954 2432 7460 952 2432 7461 1521 2432
						7462 1522 2432 7463 954 2432 7464 952 2432 7465 1522 2432 7466 944 2432 7467
						952 2432 7468 954 2432 7469 776 2432 7470 944 2432 7471 954 2432 7472 783
						2432 7473 944 2432 7474 776 2432 7475 781 2432 7476 783 2432 7477 776 2432
						7478 1509 1150 7479 1527 1150 7480 1500 1150 7481 1528 1150 7482 1152 1150
						7483 1153 1150 7484 1518 1150 7485 1528 1150 7486 1153 1150 7487 1489 1150
						7488 1528 1150 7489 1518 1150 7490 1517 1150 7491 1489 1150 7492 1518 1150
						7493 1498 1150 7494 1523 1150 7495 1499 1150 7496 1497 1150 7497 1523 1150
						7498 1498 1150 7499 1527 1150 7500 1509 1150 7501 1510 1150 7502 1142 1150
						7503 1527 1150 7504 1510 1150 7505 1145 1150 7506 1527 1150 7507 1142 1150
						7508 1005 2454 7509 1010 2454 7510 1504 2454 7511 1529 2455 7512 1005 2455
						7513 1504 2455 7514 1006 2456 7515 1005 2456 7516 1529 2456 7517 1530 2457
						7518 1006 2457 7519 1529 2457 7520 827 2458 7521 1006 2458 7522 1530 2458
						7523 1531 2454 7524 827 2454 7525 1530 2454 7526 827 2459 7527 1531 2459
						7528 1532 2459 7529 1516 2454 7530 827 2454 7531 1532 2454 7532 828 2454
						7533 827 2454 7534 1516 2454 7535 917 2454 7536 828 2454 7537 1516 2454 7538
						1503 2460 7539 1513 2460 7540 1533 2460 7541 1534 1150 7542 1503 1150 7543
						1533 1150 7544 1535 2461 7545 50 2461 7546 47 2461 7547 1535 2462 7548 1143
						2462 7549 1175 2462 7550 1203 2463 7551 1535 2463 7552 1205 2463 7553 1535
						2464 7554 1203 2464 7555 1200 2464 7556 1198 2461 7557 1535 2461 7558 1200
						2461 7559 1192 2461 7560 1189 2461 7561 1535 2461 7562 1535 2465 7563 1536
						2465 7564 91 2465 7565 84 2461 7566 1535 2461 7567 91 2461 7568 1535 2466
						7569 1163 2466 7570 1162 2466 7571 1536 2461 7572 1535 2461 7573 1537 2461
						7574 1166 2461 7575 1535 2461 7576 1165 2461 7577 1164 2461 7578 1535 2461
						7579 1166 2461 7580 1163 2461 7581 1535 2461 7582 1164 2461 7583 1535 2467
						7584 1171 2467 7585 1167 2467 7586 1168 2461 7587 1535 2461 7588 1167 2461
						7589 1169 2461 7590 1535 2461 7591 1168 2461 7592 1165 2461 7593 1535 2461
						7594 1169 2461 7595 1170 2468 7596 1171 2468 7597 1535 2468 7598 1174 2461
						7599 1170 2461 7600 1535 2461 7601 1173 2461 7602 1174 2461 7603 1535 2461
						7604 1535 2469 7605 1178 2469 7606 1144 2469 7607 1535 2461 7608 1182 2461
						7609 1178 2461 7610 1150 2461 7611 1205 2461 7612 1535 2461 7613 1154 2470
						7614 1150 2470 7615 1535 2470 7616 1211 2471 7617 1154 2471 7618 1535 2471
						7619 1214 2461 7620 1535 2461 7621 1160 2461 7622 1213 2461 7623 1535 2461
						7624 1214 2461 7625 1535 2472 7626 1215 2472 7627 1141 2472 7628 1157 2473
						7629 1535 2473 7630 1141 2473 7631 1160 2474 7632 1535 2474 7633 1157 2474
						7634 1217 2461 7635 1535 2461 7636 1219 2461 7637 1539 2461 7638 1535 2461
						7639 1538 2461 7640 10 2461 7641 6 2461 7642 1535 2461 7643 1535 2475 7644
						25 2475 7645 18 2475 7646 40 2461 7647 1535 2461 7648 44 2461 7649 25 2476
						7650 1535 2476 7651 23 2476 7652 35 2477 7653 33 2477 7654 1535 2477 7655 40
						2461 7656 35 2461 7657 1535 2461 7658 47 2461 7659 44 2461 7660 1535 2461
						7661 52 2461 7662 50 2461 7663 1535 2461 7664 57 2478 7665 59 2478 7666 1535
						2478 7667 77 2461 7668 74 2461 7669 1535 2461 7670 79 2461 7671 77 2461 7672
						1535 2461 7673 1535 2479 7674 1217 2479 7675 1215 2479 7676 52 2480 7677
						1535 2480 7678 59 2480 7679 1144 2461 7680 1143 2461 7681 1535 2461 7682 826
						2481 7683 1540 2481 7684 1541 2481 7685 1542 1150 7686 1540 1150 7687 826
						1150 7688 1002 1150 7689 1542 1150 7690 826 1150 7691 1543 1150 7692 1542
						1150 7693 1002 1150 7694 1545 1150 7695 827 1150 7696 1544 1150 7697 1006
						2482 7698 1546 2482 7699 1547 2482 7700 827 2483 7701 1545 2483 7702 1548
						2483 7703 1549 2484 7704 827 2484 7705 1548 2484 7706 1550 1150 7707 827
						1150 7708 1549 1150 7709 826 2485 7710 1541 2485 7711 1551 2485 7712 1552
						1150 7713 826 1150 7714 1551 1150 7715 827 1150 7716 826 1150 7717 1552 1150
						7718 1553 1150 7719 827 1150 7720 1552 1150 7721 1544 2486 7722 827 2486
						7723 1553 2486 7724 1006 2487 7725 1547 2487 7726 1554 2487 7727 1555 2488
						7728 1006 2488 7729 1554 2488 7730 1556 2489 7731 1006 2489 7732 1555 2489
						7733 1007 2490 7734 1557 2490 7735 1558 2490 7736 1559 2491 7737 1007 2491
						7738 1558 2491 7739 846 1150 7740 1007 1150 7741 1559 1150 7742 1560 1150
						7743 846 1150 7744 1559 1150 7745 844 1150 7746 846 1150 7747 1560 1150 7748
						1561 1150 7749 844 1150 7750 1560 1150 7751 842 1150 7752 844 1150 7753 1561
						1150 7754 1562 1150 7755 842 1150 7756 1561 1150 7757 837 2492 7758 842 2492
						7759 1562 2492 7760 1543 2493 7761 1002 2493 7762 1003 2493 7763 912 1150
						7764 1543 1150 7765 1003 1150 7766 1563 1150 7767 1543 1150 7768 912 1150
						7769 910 2494 7770 1563 2494 7771 912 2494 7772 1564 2495 7773 1563 2495
						7774 910 2495 7775 908 1150 7776 1564 1150 7777 910 1150 7778 1565 2496 7779
						1564 2496 7780 908 2496 7781 907 1150 7782 1565 1150 7783 908 1150 7784 1006
						2497 7785 1556 2497 7786 1566 2497 7787 1567 1150 7788 1006 1150 7789 1566
						1150 7790 1007 1150 7791 1006 1150 7792 1567 1150 7793 1568 2498 7794 1007
						2498 7795 1567 2498 7796 1557 1150 7797 1007 1150 7798 1568 1150 7799 835
						2499 7800 837 2499 7801 1562 2499 7802 1569 1150 7803 835 1150 7804 1562
						1150 7805 859 2500 7806 835 2500 7807 1569 2500 7808 1570 2501 7809 859 2501
						7810 1569 2501 7811 858 1150 7812 859 1150 7813 1570 1150 7814 1571 2502
						7815 858 2502 7816 1570 2502 7817 857 1150 7818 858 1150 7819 1571 1150 7820
						1573 2503 7821 1572 2503 7822 880 2503 7823 869 1150 7824 1573 1150 7825 880
						1150 7826 1574 2504 7827 1573 2504 7828 869 2504 7829 874 2505 7830 1574
						2505 7831 869 2505 7832 1575 1150 7833 1574 1150 7834 874 1150 7835 866 1150
						7836 1575 1150 7837 874 1150 7838 1576 2506 7839 1575 2506 7840 866 2506
						7841 861 1150 7842 1576 1150 7843 866 1150 7844 1571 2507 7845 1576 2507
						7846 861 2507 7847 854 1150 7848 1571 1150 7849 861 1150 7850 857 2508 7851
						1571 2508 7852 854 2508 7853 827 2509 7854 1550 2509 7855 1577 2509 7856
						1578 2510 7857 827 2510 7858 1577 2510 7859 1006 2511 7860 827 2511 7861
						1578 2511 7862 1579 1150 7863 1006 1150 7864 1578 1150 7865 1546 1150 7866
						1006 1150 7867 1579 1150 7868 1565 1150 7869 907 1150 7870 906 1150 7871 895
						1150 7872 1565 1150 7873 906 1150 7874 1580 2512 7875 1565 2512 7876 895
						2512 7877 887 1150 7878 1580 1150 7879 895 1150 7880 1581 2513 7881 1580
						2513 7882 887 2513 7883 885 2514 7884 1581 2514 7885 887 2514 7886 1572 2515
						7887 1581 2515 7888 885 2515 7889 883 2516 7890 1572 2516 7891 885 2516 7892
						880 2517 7893 1572 2517 7894 883 2517 7895 1503 2518 7896 1514 2518 7897
						1513 2518 7898 1525 2519 7899 1503 2519 7900 1507 2519 7901 1514 2520 7902
						1503 2520 7903 1525 2520 7904 1532 2417 7905 1531 2417 7906 1582 2417 7907
						1533 2417 7908 1532 2417 7909 1582 2417 7910 1534 2432 7911 1583 2432 7912
						1530 2432 7913 1529 2432 7914 1534 2432 7915 1530 2432 7916 1533 2454 7917
						1582 2454 7918 1583 2454 7919 1534 2454 7920 1533 2454 7921 1583 2454 7922
						1531 1150 7923 1530 1150 7924 1583 1150 7925 1582 1150 7926 1531 1150 7927
						1583 1150 7928 954 2521 7929 1522 2521 7930 1584 2521 7931 955 2522 7932 954
						2522 7933 1584 2522 7934 1587 1150 7935 1586 1150 7936 1585 1150 7937 1588
						1150 7938 1587 1150 7939 1585 1150 7940 1589 1150 7941 1588 1150 7942 1585
						1150 7943 1590 2523 7944 1589 2523 7945 1585 2523 7946 1591 1150 7947 1590
						1150 7948 1585 1150 7949 1592 1150 7950 1591 1150 7951 1585 1150 7952 1593
						1150 7953 1592 1150 7954 1585 1150 7955 1593 1150 7956 1585 1150 7957 1521
						1150 7958 1585 2524 7959 1586 2524 7960 1594 2524 7961 1595 1150 7962 1585
						1150 7963 1594 1150 7964 1596 1150 7965 1585 1150 7966 1595 1150 7967 1597
						1150 7968 1585 1150 7969 1596 1150 7970 1598 2525 7971 1585 2525 7972 1597
						2525 7973 1599 1150 7974 1585 1150 7975 1598 1150 7976 1600 1150 7977 1585
						1150 7978 1599 1150 7979 1601 1150 7980 1585 1150 7981 1600 1150 7982 1602
						2526 7983 1585 2526 7984 1601 2526 7985 1603 1150 7986 1585 1150 7987 1602
						1150 7988 1604 1150 7989 1585 1150 7990 1603 1150 7991 1584 1150 7992 1585
						1150 7993 1604 1150 7994 1522 1150 7995 1521 1150 7996 1585 1150 7997 1584
						1150 7998 1522 1150 7999 1585 1150 8000 956 2527 8001 955 2527 8002 1584
						2527 8003 1604 2528 8004 956 2528 8005 1584 2528 8006 1604 2529 8007 1603
						2529 8008 972 2529 8009 956 2530 8010 1604 2530 8011 972 2530 8012 973 2531
						8013 972 2531 8014 1603 2531 8015 1602 2532 8016 973 2532 8017 1603 2532
						8018 1601 2533 8019 973 2533 8020 1602 2533 8021 965 2534 8022 973 2534 8023
						1601 2534 8024 1601 2535 8025 1600 2535 8026 965 2535 8027 1600 2536 8028
						1599 2536 8029 966 2536 8030 965 2537 8031 1600 2537 8032 966 2537 8033 1598
						2538 8034 968 2538 8035 967 2538 8036 1599 2539 8037 1598 2539 8038 967 2539
						8039 966 2540 8040 1599 2540 8041 967 2540 8042 1597 2541 8043 968 2541 8044
						1598 2541 8045 969 2542 8046 968 2542 8047 1597 2542 8048 1596 2543 8049 969
						2543 8050 1597 2543 8051 1596 2544 8052 1595 2544 8053 971 2544 8054 969
						2545 8055 1596 2545 8056 971 2545 8057 1594 2546 8058 961 2546 8059 959 2546
						8060 1595 2547 8061 1594 2547 8062 959 2547 8063 971 2548 8064 1595 2548
						8065 959 2548 8066 1586 2549 8067 961 2549 8068 1594 2549 8069 960 2550 8070
						961 2550 8071 1586 2550 8072 1587 2551 8073 960 2551 8074 1586 2551 8075
						1587 2552 8076 1588 2552 8077 962 2552 8078 960 2553 8079 1587 2553 8080 962
						2553 8081 1589 2554 8082 964 2554 8083 963 2554 8084 1588 2555 8085 1589
						2555 8086 963 2555 8087 962 2556 8088 1588 2556 8089 963 2556 8090 1590 2557
						8091 964 2557 8092 1589 2557 8093 946 2558 8094 964 2558 8095 1590 2558 8096
						1591 2559 8097 946 2559 8098 1590 2559 8099 1591 2560 8100 1592 2560 8101
						949 2560 8102 946 2561 8103 1591 2561 8104 949 2561 8105 1592 2562 8106 1593
						2562 8107 951 2562 8108 950 2563 8109 1592 2563 8110 951 2563 8111 949 2564
						8112 1592 2564 8113 950 2564 8114 951 2454 8115 1593 2454 8116 1521 2454
						8117 952 2454 8118 951 2454 8119 1521 2454 8120 998 2454 8121 1605 2454 8122
						1519 2454 8123 1001 2565 8124 998 2565 8125 1519 2565 8126 981 2566 8127 980
						2566 8128 1606 2566 8129 1607 2567 8130 981 2567 8131 1606 2567 8132 982
						2568 8133 981 2568 8134 1607 2568 8135 983 2569 8136 982 2569 8137 1607 2569
						8138 1608 2570 8139 983 2570 8140 1607 2570 8141 1609 2571 8142 983 2571
						8143 1608 2571 8144 984 2572 8145 983 2572 8146 1609 2572 8147 1610 2573
						8148 984 2573 8149 1609 2573 8150 985 2574 8151 984 2574 8152 1610 2574 8153
						1610 2575 8154 1611 2575 8155 985 2575 8156 1611 2576 8157 1612 2576 8158
						986 2576 8159 985 2577 8160 1611 2577 8161 986 2577 8162 1613 2578 8163 988
						2578 8164 987 2578 8165 1612 2579 8166 1613 2579 8167 987 2579 8168 986 2580
						8169 1612 2580 8170 987 2580 8171 1614 2581 8172 988 2581 8173 1613 2581
						8174 989 2582 8175 988 2582 8176 1614 2582 8177 1615 2583 8178 989 2583 8179
						1614 2583 8180 1615 2584 8181 1616 2584 8182 990 2584 8183 989 2585 8184
						1615 2585 8185 990 2585 8186 1617 2586 8187 992 2586 8188 991 2586 8189 1616
						2587 8190 1617 2587 8191 991 2587 8192 990 2588 8193 1616 2588 8194 991 2588
						8195 1618 2589 8196 992 2589 8197 1617 2589 8198 993 2590 8199 992 2590 8200
						1618 2590 8201 1619 2591 8202 993 2591 8203 1618 2591 8204 1619 2592 8205
						1620 2592 8206 993 2592 8207 1621 2593 8208 995 2593 8209 994 2593 8210 1620
						2594 8211 1621 2594 8212 994 2594 8213 993 2595 8214 1620 2595 8215 994 2595
						8216 1622 2596 8217 995 2596 8218 1621 2596 8219 996 2597 8220 995 2597 8221
						1622 2597 8222 1623 2598 8223 996 2598 8224 1622 2598 8225 1623 2599 8226
						1624 2599 8227 997 2599 8228 996 2600 8229 1623 2600 8230 997 2600 8231 1624
						2601 8232 1605 2601 8233 998 2601 8234 997 2602 8235 1624 2602 8236 998 2602
						8237 979 2521 8238 1520 2521 8239 1606 2521 8240 980 2603 8241 979 2603 8242
						1606 2603 8243 1014 2454 8244 1505 2454 8245 1625 2454 8246 1016 2454 8247
						1014 2454 8248 1625 2454 8249 1506 1150 8250 1626 1150 8251 1627 1150 8252
						1625 1150 8253 1505 1150 8254 1627 1150 8255 1505 1150 8256 1506 1150 8257
						1627 1150 8258 1629 1150 8259 1627 1150 8260 1628 1150 8261 1630 1150 8262
						1627 1150 8263 1629 1150 8264 1631 2604 8265 1627 2604 8266 1630 2604 8267
						1632 1150 8268 1627 1150 8269 1631 1150 8270 1633 1150 8271 1627 1150 8272
						1632 1150 8273 1634 1150 8274 1627 1150 8275 1633 1150 8276 1635 2523 8277
						1627 2523 8278 1634 2523 8279 1636 1150 8280 1627 1150 8281 1635 1150 8282
						1637 1150 8283 1627 1150 8284 1636 1150 8285 1625 1150 8286 1627 1150 8287
						1637 1150 8288 1638 1150 8289 1627 1150 8290 1626 1150 8291 1639 2605 8292
						1627 2605 8293 1638 2605 8294 1640 1150 8295 1627 1150 8296 1639 1150 8297
						1641 1150 8298 1627 1150 8299 1640 1150 8300 1642 1150 8301 1627 1150 8302
						1641 1150 8303 1643 1150 8304 1627 1150 8305 1642 1150 8306 1644 1150 8307
						1627 1150 8308 1643 1150 8309 1645 2606 8310 1627 2606 8311 1644 2606 8312
						1628 1150 8313 1627 1150 8314 1645 1150 8315 1017 2607 8316 1016 2607 8317
						1625 2607 8318 1637 2608 8319 1017 2608 8320 1625 2608 8321 1018 2609 8322
						1017 2609 8323 1637 2609 8324 1019 2610 8325 1018 2610 8326 1637 2610 8327
						1636 2611 8328 1019 2611 8329 1637 2611 8330 1020 2612 8331 1019 2612 8332
						1636 2612 8333 1021 2613 8334 1020 2613 8335 1636 2613 8336 1635 2614 8337
						1021 2614 8338 1636 2614 8339 1022 2615 8340 1021 2615 8341 1635 2615 8342
						1634 2616 8343 1022 2616 8344 1635 2616 8345 1023 2617 8346 1022 2617 8347
						1634 2617 8348 1634 2618 8349 1633 2618 8350 1025 2618 8351 1024 2619 8352
						1634 2619 8353 1025 2619 8354 1023 2620 8355 1634 2620 8356 1024 2620 8357
						1633 2621 8358 1632 2621 8359 1027 2621 8360 1026 2622 8361 1633 2622 8362
						1027 2622 8363 1025 2623 8364 1633 2623 8365 1026 2623 8366 1631 2624 8367
						1030 2624 8368 1029 2624 8369 1028 2625 8370 1631 2625 8371 1029 2625 8372
						1632 2626 8373 1631 2626 8374 1028 2626 8375 1027 2627 8376 1632 2627 8377
						1028 2627 8378 1031 2628 8379 1030 2628 8380 1631 2628 8381 1630 2629 8382
						1031 2629 8383 1631 2629 8384 1032 2630 8385 1031 2630 8386 1630 2630 8387
						1033 2631 8388 1032 2631 8389 1630 2631 8390 1629 2632 8391 1033 2632 8392
						1630 2632 8393 1034 2633 8394 1033 2633 8395 1629 2633 8396 1629 2634 8397
						1628 2634 8398 1036 2634 8399 1035 2635 8400 1629 2635 8401 1036 2635 8402
						1034 2636 8403 1629 2636 8404 1035 2636 8405 1645 2637 8406 1040 2637 8407
						1039 2637 8408 1038 2638 8409 1645 2638 8410 1039 2638 8411 1628 2639 8412
						1645 2639 8413 1038 2639 8414 1037 2640 8415 1628 2640 8416 1038 2640 8417
						1036 2641 8418 1628 2641 8419 1037 2641 8420 1041 2642 8421 1040 2642 8422
						1645 2642 8423 1644 2643 8424 1041 2643 8425 1645 2643 8426 1042 2644 8427
						1041 2644 8428 1644 2644 8429 1043 2645 8430 1042 2645 8431 1644 2645 8432
						1643 2646 8433 1043 2646 8434 1644 2646 8435 1044 2647 8436 1043 2647 8437
						1643 2647 8438 1643 2648 8439 1642 2648 8440 1046 2648 8441 1045 2649 8442
						1643 2649 8443 1046 2649 8444 1044 2650 8445 1643 2650 8446 1045 2650 8447
						1641 2651 8448 1050 2651 8449 1049 2651 8450 1048 2652 8451 1641 2652 8452
						1049 2652 8453 1642 2653 8454 1641 2653 8455 1048 2653 8456 1047 2654 8457
						1642 2654 8458 1048 2654 8459 1046 2655 8460 1642 2655 8461 1047 2655 8462
						1051 2656 8463 1050 2656 8464 1641 2656 8465 1640 2657 8466 1051 2657 8467
						1641 2657 8468 1052 2658 8469 1051 2658 8470 1640 2658 8471 1053 2659 8472
						1052 2659 8473 1640 2659 8474 1639 2660 8475 1053 2660 8476 1640 2660 8477
						1054 2661 8478 1053 2661 8479 1639 2661 8480 1639 2662 8481 1638 2662 8482
						1056 2662 8483 1055 2663 8484 1639 2663 8485 1056 2663 8486 1054 2664 8487
						1639 2664 8488 1055 2664 8489 1638 2665 8490 1626 2665 8491 1057 2665 8492
						1061 2666 8493 1638 2666 8494 1057 2666 8495 1638 2667 8496 1061 2667 8497
						1060 2667 8498 1059 2668 8499 1638 2668 8500 1060 2668 8501 1056 2669 8502
						1638 2669 8503 1059 2669 8504 1057 2521 8505 1626 2521 8506 1506 2521 8507
						1058 2670 8508 1057 2670 8509 1506 2670 8510 1063 2454 8511 1512 2454 8512
						1646 2454 8513 1065 2671 8514 1063 2671 8515 1646 2671 8516 1066 2672 8517
						1065 2672 8518 1646 2672 8519 1648 2673 8520 1066 2673 8521 1646 2673 8522
						1648 2674 8523 1649 2674 8524 1067 2674 8525 1066 2675 8526 1648 2675 8527
						1067 2675 8528 1067 2676 8529 1650 2676 8530 1068 2676 8531 1649 2677 8532
						1650 2677 8533 1067 2677 8534 1069 2678 8535 1068 2678 8536 1650 2678 8537
						1651 2679 8538 1069 2679 8539 1650 2679 8540 1652 2680 8541 1069 2680 8542
						1651 2680 8543 1070 2681 8544 1069 2681 8545 1652 2681 8546 1653 2682 8547
						1070 2682 8548 1652 2682 8549 1071 2683 8550 1070 2683 8551 1653 2683 8552
						1653 2684 8553 1654 2684 8554 1071 2684 8555 1654 2685 8556 1655 2685 8557
						1072 2685 8558 1071 2686 8559 1654 2686 8560 1072 2686 8561 1656 2687 8562
						1074 2687 8563 1073 2687 8564 1655 2688 8565 1656 2688 8566 1073 2688 8567
						1072 2689 8568 1655 2689 8569 1073 2689 8570 1657 2690 8571 1074 2690 8572
						1656 2690 8573 1076 2691 8574 1074 2691 8575 1657 2691 8576 1665 2692 8577
						1076 2692 8578 1657 2692 8579 1665 2693 8580 1664 2693 8581 1077 2693 8582
						1076 2694 8583 1665 2694 8584 1077 2694 8585 1663 2695 8586 1079 2695 8587
						1078 2695 8588 1664 2696 8589 1663 2696 8590 1078 2696 8591 1077 2697 8592
						1664 2697 8593 1078 2697 8594 1662 2698 8595 1079 2698 8596 1663 2698 8597
						1080 2699 8598 1079 2699 8599 1662 2699 8600 1661 2700 8601 1080 2700 8602
						1662 2700 8603 1081 2701 8604 1660 2701 8605 1082 2701 8606 1661 2702 8607
						1660 2702 8608 1081 2702 8609 1080 2703 8610 1661 2703 8611 1081 2703 8612
						1659 2704 8613 1658 2704 8614 1084 2704 8615 1659 2705 8616 1084 2705 8617
						1083 2705 8618 1660 2706 8619 1659 2706 8620 1083 2706 8621 1082 2707 8622
						1660 2707 8623 1083 2707 8624 1658 2708 8625 1647 2708 8626 1085 2708 8627
						1084 2709 8628 1658 2709 8629 1085 2709 8630 1085 2521 8631 1647 2521 8632
						1511 2521 8633 1088 2710 8634 1085 2710 8635 1511 2710 8636 1559 2711 8637
						1666 2711 8638 1560 2711 8639 1667 2712 8640 1666 2712 8641 1559 2712 8642
						1558 2713 8643 1667 2713 8644 1559 2713 8645 1668 2714 8646 1667 2714 8647
						1558 2714 8648 1557 2715 8649 1668 2715 8650 1558 2715 8651 1669 2716 8652
						1668 2716 8653 1557 2716 8654 1568 2717 8655 1669 2717 8656 1557 2717 8657
						1670 2718 8658 1669 2718 8659 1568 2718 8660 1567 2719 8661 1670 2719 8662
						1568 2719 8663 1671 2720 8664 1670 2720 8665 1567 2720 8666 1566 2721 8667
						1671 2721 8668 1567 2721 8669 1672 2722 8670 1671 2722 8671 1566 2722 8672
						1556 2723 8673 1672 2723 8674 1566 2723 8675 1673 2724 8676 1672 2724 8677
						1556 2724 8678 1555 2725 8679 1673 2725 8680 1556 2725 8681 1674 2726 8682
						1673 2726 8683 1555 2726 8684 1554 2727 8685 1674 2727 8686 1555 2727 8687
						1675 2728 8688 1674 2728 8689 1554 2728 8690 1547 2729 8691 1675 2729 8692
						1554 2729 8693 1676 2730 8694 1675 2730 8695 1547 2730 8696 1546 2731 8697
						1676 2731 8698 1547 2731 8699 1677 2732 8700 1676 2732 8701 1546 2732 8702
						1579 2733 8703 1677 2733 8704 1546 2733 8705 1678 2734 8706 1677 2734 8707
						1579 2734 8708 1543 2735 8709 1679 2735 8710 1542 2735 8711 1680 2736 8712
						1679 2736 8713 1543 2736 8714 1563 2737 8715 1680 2737 8716 1543 2737 8717
						1681 2737 8718 1680 2737 8719 1563 2737 8720 1564 2738 8721 1681 2738 8722
						1563 2738 8723 1682 2739 8724 1681 2739 8725 1564 2739 8726 1565 2740 8727
						1682 2740 8728 1564 2740 8729 1683 2741 8730 1682 2741 8731 1565 2741 8732
						1580 2742 8733 1683 2742 8734 1565 2742 8735 1684 2743 8736 1683 2743 8737
						1580 2743 8738 1581 2744 8739 1684 2744 8740 1580 2744 8741 1685 2745 8742
						1684 2745 8743 1581 2745 8744 1572 2746 8745 1685 2746 8746 1581 2746 8747
						1686 2747 8748 1685 2747 8749 1572 2747 8750 1573 2748 8751 1686 2748 8752
						1572 2748 8753 1687 2749 8754 1686 2749 8755 1573 2749 8756 1574 2454 8757
						1687 2454 8758 1573 2454 8759 1688 2454 8760 1687 2454 8761 1574 2454 8762
						1575 2750 8763 1688 2750 8764 1574 2750 8765 1689 2751 8766 1688 2751 8767
						1575 2751 8768 1576 2752 8769 1689 2752 8770 1575 2752 8771 1690 2753 8772
						1689 2753 8773 1576 2753 8774 1571 2754 8775 1690 2754 8776 1576 2754 8777
						1691 2755 8778 1690 2755 8779 1571 2755 8780 1570 2756 8781 1691 2756 8782
						1571 2756 8783 1692 2757 8784 1691 2757 8785 1570 2757 8786 1569 2758 8787
						1692 2758 8788 1570 2758 8789 1693 2759 8790 1692 2759 8791 1569 2759 8792
						1562 2760 8793 1693 2760 8794 1569 2760 8795 1694 2761 8796 1693 2761 8797
						1562 2761 8798 1561 2762 8799 1694 2762 8800 1562 2762 8801 1695 2763 8802
						1694 2763 8803 1561 2763 8804 1560 2764 8805 1695 2764 8806 1561 2764 8807
						1666 2765 8808 1695 2765 8809 1560 2765 8810 1577 2766 8811 1696 2766 8812
						1578 2766 8813 1697 2766 8814 1696 2766 8815 1577 2766 8816 1550 2767 8817
						1697 2767 8818 1577 2767 8819 1698 2768 8820 1697 2768 8821 1550 2768 8822
						1549 2769 8823 1698 2769 8824 1550 2769 8825 1699 2770 8826 1698 2770 8827
						1549 2770 8828 1548 2771 8829 1699 2771 8830 1549 2771 8831 1700 2772 8832
						1699 2772 8833 1548 2772 8834 1545 2773 8835 1700 2773 8836 1548 2773 8837
						1701 2774 8838 1700 2774 8839 1545 2774 8840 1544 2775 8841 1701 2775 8842
						1545 2775 8843 1702 2776 8844 1701 2776 8845 1544 2776 8846 1553 2777 8847
						1702 2777 8848 1544 2777 8849 1703 2778 8850 1702 2778 8851 1553 2778 8852
						1552 2779 8853 1703 2779 8854 1553 2779 8855 1704 2780 8856 1703 2780 8857
						1552 2780 8858 1551 2781 8859 1704 2781 8860 1552 2781 8861 1705 2782 8862
						1704 2782 8863 1551 2782 8864 1541 2783 8865 1705 2783 8866 1551 2783 8867
						1706 2784 8868 1705 2784 8869 1541 2784 8870 1540 2785 8871 1706 2785 8872
						1541 2785 8873 1707 2786 8874 1706 2786 8875 1540 2786 8876 1542 2787 8877
						1707 2787 8878 1540 2787 8879 1679 2788 8880 1707 2788 8881 1542 2788 8882
						1578 2521 8883 1696 2521 8884 1678 2521 8885 1579 2521 8886 1578 2521 8887
						1678 2521 8888 1666 2789 8889 1678 2789 8890 1695 2789 8891 1696 1150 8892
						1683 1150 8893 1684 1150 8894 1681 2790 8895 1682 2790 8896 1683 2790 8897
						1696 1150 8898 1681 1150 8899 1683 1150 8900 1680 1150 8901 1681 1150 8902
						1696 1150 8903 1697 1150 8904 1680 1150 8905 1696 1150 8906 1679 2791 8907
						1680 2791 8908 1697 2791 8909 1698 1150 8910 1679 1150 8911 1697 1150 8912
						1707 2792 8913 1679 2792 8914 1698 2792 8915 1699 1150 8916 1707 1150 8917
						1698 1150 8918 1706 1150 8919 1707 1150 8920 1699 1150 8921 1700 1150 8922
						1706 1150 8923 1699 1150 8924 1705 1150 8925 1706 1150 8926 1700 1150 8927
						1701 1150 8928 1705 1150 8929 1700 1150 8930 1704 1150 8931 1705 1150 8932
						1701 1150 8933 1702 1150 8934 1704 1150 8935 1701 1150 8936 1703 2793 8937
						1704 2793 8938 1702 2793 8939 1696 2794 8940 1688 2794 8941 1689 2794 8942
						1690 2795 8943 1696 2795 8944 1689 2795 8945 1691 1150 8946 1696 1150 8947
						1690 1150 8948 1666 1150 8949 1667 1150 8950 1668 1150 8951 1669 2796 8952
						1666 2796 8953 1668 2796 8954 1678 2797 8955 1666 2797 8956 1669 2797 8957
						1670 1150 8958 1678 1150 8959 1669 1150 8960 1677 2798 8961 1678 2798 8962
						1670 2798 8963 1671 1150 8964 1677 1150 8965 1670 1150 8966 1676 1150 8967
						1677 1150 8968 1671 1150 8969 1672 1150 8970 1676 1150 8971 1671 1150 8972
						1675 1150 8973 1676 1150 8974 1672 1150 8975 1673 1150 8976 1675 1150 8977
						1672 1150 8978 1674 1150 8979 1675 1150 8980 1673 1150 8981 1686 1150 8982
						1687 1150 8983 1688 1150 8984 1696 2799 8985 1686 2799 8986 1688 2799 8987
						1685 1150 8988 1686 1150 8989 1696 1150 8990 1684 2800 8991 1685 2800 8992
						1696 2800 8993 1696 2801 8994 1691 2801 8995 1692 2801 8996 1693 2802 8997
						1696 2802 8998 1692 2802 8999 1678 1150 9000 1696 1150 9001 1693 1150 9002
						1694 1150 9003 1678 1150 9004 1693 1150 9005 1695 1150 9006 1678 1150 9007
						1694 1150 9008 1528 2417 9009 1489 2417 9010 1101 2417 9011 1345 2803 9012
						1528 2803 9013 1101 2803 9014 1152 2417 9015 1528 2417 9016 1345 2417 9017
						1346 2417 9018 1152 2417 9019 1345 2417 9020 1151 2417 9021 1152 2417 9022
						1346 2417 9023 1101 2804 9024 1340 2804 9025 1339 2804 9026 1344 2417 9027
						1101 2417 9028 1339 2417 9029 1343 2417 9030 1101 2417 9031 1344 2417 9032
						1330 2417 9033 1337 2417 9034 1336 2417 9035 1101 2805 9036 1330 2805 9037
						1336 2805 9038 1326 2806 9039 1325 2806 9040 1340 2806 9041 1101 2807 9042
						1326 2807 9043 1340 2807 9044 1335 2417 9045 1326 2417 9046 1101 2417 9047
						1336 2417 9048 1335 2417 9049 1101 2417 9050 1323 2808 9051 1322 2808 9052
						1345 2808 9053 1101 2809 9054 1323 2809 9055 1345 2809 9056 1342 2810 9057
						1323 2810 9058 1101 2810 9059 1343 2417 9060 1342 2417 9061 1101 2417 9062
						1332 2811 9063 1331 2811 9064 1330 2811 9065 1101 2812 9066 1332 2812 9067
						1330 2812 9068 1333 2417 9069 1332 2417 9070 1101 2417 9071 1100 2813 9072
						1333 2814 9073 1101 2815 9074 1353 2816 9075 1356 2816 9076 1354 2816 9077
						1364 2432 9078 1367 2432 9079 1365 2432 9080 1368 2432 9081 1367 2432 9082
						1500 2432 9083 1363 2432 9084 1368 2432 9085 1500 2432 9086 1362 2817 9087
						1368 2817 9088 1363 2817 9089 1527 2818 9090 1352 2818 9091 1351 2818 9092
						1357 2432 9093 1527 2432 9094 1351 2432 9095 1500 2819 9096 1367 2819 9097
						1364 2819 9098 1369 2432 9099 1500 2432 9100 1364 2432 9101 1371 2432 9102
						1500 2432 9103 1369 2432 9104 1349 2820 9105 1348 2821 9106 1352 2822 9107
						1527 2823 9108 1349 2823 9109 1352 2823 9110 1147 2824 9111 1349 2824 9112
						1527 2824 9113 1145 2432 9114 1147 2432 9115 1527 2432 9116 1527 2825 9117
						1357 2825 9118 1356 2825 9119 1353 2826 9120 1527 2826 9121 1356 2826 9122
						1500 2827 9123 1527 2827 9124 1353 2827 9125 1358 2432 9126 1500 2432 9127
						1353 2432 9128 1363 2432 9129 1500 2432 9130 1358 2432 9131 1360 2828 9132
						1363 2829 9133 1358 2830 9134 1374 2831 9135 1135 2831 9136 1137 2831 9137
						1500 2432 9138 1374 2432 9139 1137 2432 9140 1373 2432 9141 1374 2432 9142
						1500 2432 9143 1371 2432 9144 1373 2432 9145 1500 2432 9146 786 2832 9147
						1708 2832 9148 975 2832 9149 797 2833 9150 1708 2833 9151 795 2833 9152 1708
						2834 9153 789 2834 9154 791 2834 9155 784 2835 9156 789 2835 9157 1708 2835
						9158 786 2836 9159 784 2836 9160 1708 2836 9161 1708 2837 9162 793 2837 9163
						795 2837 9164 791 2838 9165 793 2838 9166 1708 2838 9167 1708 2839 9168 797
						2839 9169 799 2839 9170 802 2840 9171 1708 2840 9172 799 2840 9173 801 2841
						9174 1159 2841 9175 1708 2841 9176 802 2842 9177 801 2842 9178 1708 2842
						9179 976 2843 9180 975 2843 9181 1708 2843 9182 1709 2844 9183 976 2844 9184
						1708 2844 9185 1709 2845 9186 1710 2845 9187 977 2845 9188 976 2846 9189
						1709 2846 9190 977 2846 9191 1710 2847 9192 1711 2847 9193 945 2847 9194 977
						2848 9195 1710 2848 9196 945 2848 9197 943 2849 9198 945 2849 9199 1711 2849
						9200 1712 2850 9201 943 2850 9202 1711 2850 9203 947 2851 9204 943 2851 9205
						1712 2851 9206 1713 2852 9207 947 2852 9208 1712 2852 9209 1713 2853 9210
						1714 2853 9211 948 2853 9212 947 2854 9213 1713 2854 9214 948 2854 9215 1714
						2855 9216 1715 2855 9217 957 2855 9218 948 2856 9219 1714 2856 9220 957 2856
						9221 958 2857 9222 957 2857 9223 1715 2857 9224 1716 2858 9225 958 2858 9226
						1715 2858 9227 970 2859 9228 958 2859 9229 1716 2859 9230 1717 2860 9231 970
						2860 9232 1716 2860 9233 1717 2861 9234 1718 2861 9235 928 2861 9236 970
						2862 9237 1717 2862 9238 928 2862 9239 928 2863 9240 1719 2863 9241 929 2863
						9242 1718 2864 9243 1719 2864 9244 928 2864 9245 1720 2865 9246 932 2865
						9247 931 2865 9248 1719 2866 9249 1720 2866 9250 931 2866 9251 929 2867 9252
						1719 2867 9253 931 2867 9254 1722 2868 9255 1721 2868 9256 933 2868 9257 932
						2869 9258 1722 2869 9259 933 2869 9260 1720 2870 9261 1722 2870 9262 932
						2870 9263 1721 2871 9264 1723 2871 9265 934 2871 9266 933 2872 9267 1721
						2872 9268 934 2872 9269 934 2873 9270 1724 2873 9271 935 2873 9272 1723 2874
						9273 1724 2874 9274 934 2874 9275 939 2875 9276 935 2875 9277 1724 2875 9278
						1725 2876 9279 939 2876 9280 1724 2876 9281 1726 2877 9282 939 2877 9283
						1725 2877 9284 940 2878 9285 939 2878 9286 1726 2878 9287 1727 2879 9288 940
						2879 9289 1726 2879 9290 941 2880 9291 940 2880 9292 1727 2880 9293 1727
						2881 9294 942 2881 9295 941 2881 9296 1155 2882 9297 1727 2882 9298 1156
						2882 9299 1727 2883 9300 1249 2883 9301 1251 2883 9302 1246 2884 9303 1249
						2884 9304 1727 2884 9305 1155 2885 9306 1246 2885 9307 1727 2885 9308 1727
						2886 9309 1253 2886 9310 1255 2886 9311 1251 2887 9312 1253 2887 9313 1727
						2887 9314 1257 2888 9315 1727 2888 9316 1255 2888 9317 1260 2889 9318 942
						2889 9319 1727 2889 9320 1257 2890 9321 1260 2890 9322 1727 2890 9323 1729
						2891 9324 1728 2891 9325 843 2891 9326 841 2892 9327 1729 2892 9328 843 2892
						9329 1730 2893 9330 1729 2893 9331 841 2893 9332 1731 2894 9333 1730 2894
						9334 841 2894 9335 840 2895 9336 1731 2895 9337 841 2895 9338 1732 2896 9339
						1731 2896 9340 840 2896 9341 839 2897 9342 1732 2897 9343 840 2897 9344 1733
						2898 9345 1732 2898 9346 839 2898 9347 838 2899 9348 1733 2899 9349 839 2899
						9350 1734 2900 9351 1733 2900 9352 838 2900 9353 836 2901 9354 1734 2901
						9355 838 2901 9356 1735 2902 9357 1734 2902 9358 836 2902 9359 1735 2903
						9360 836 2903 9361 851 2903 9362 834 2904 9363 1735 2904 9364 851 2904 9365
						1736 2905 9366 1735 2905 9367 834 2905 9368 833 2906 9369 1736 2906 9370 834
						2906 9371 1737 2907 9372 1736 2907 9373 833 2907 9374 832 2908 9375 1737
						2908 9376 833 2908 9377 1738 2909 9378 1737 2909 9379 832 2909 9380 1739
						2910 9381 1738 2910 9382 832 2910 9383 850 2911 9384 1739 2911 9385 832 2911
						9386 1740 2912 9387 1739 2912 9388 850 2912 9389 848 2913 9390 1740 2913
						9391 850 2913 9392 1741 2914 9393 1740 2914 9394 848 2914 9395 847 2915 9396
						1741 2915 9397 848 2915 9398 1742 2916 9399 1741 2916 9400 847 2916 9401 853
						2917 9402 1742 2917 9403 847 2917 9404 1743 2918 9405 1742 2918 9406 853
						2918 9407 852 2919 9408 1743 2919 9409 853 2919 9410 1744 2920 9411 1743
						2920 9412 852 2920 9413 856 2921 9414 1744 2921 9415 852 2921 9416 1745 2922
						9417 1744 2922 9418 856 2922 9419 855 2923 9420 1745 2923 9421 856 2923 9422
						1746 2924 9423 1745 2924 9424 855 2924 9425 860 2925 9426 1746 2925 9427 855
						2925 9428 1747 2926 9429 1746 2926 9430 860 2926 9431 862 2927 9432 1747
						2927 9433 860 2927 9434 1748 2928 9435 1747 2928 9436 862 2928 9437 863 2929
						9438 1748 2929 9439 862 2929 9440 1749 2930 9441 1748 2930 9442 863 2930
						9443 864 2931 9444 1749 2931 9445 863 2931 9446 1750 2932 9447 1749 2932
						9448 864 2932 9449 1751 2933 9450 1750 2933 9451 864 2933 9452 865 2934 9453
						1751 2934 9454 864 2934 9455 1752 2935 9456 1751 2935 9457 865 2935 9458 867
						2936 9459 1752 2936 9460 865 2936 9461 1753 2937 9462 1752 2937 9463 867
						2937 9464 1753 2938 9465 867 2938 9466 868 2938 9467 876 2939 9468 1753 2939
						9469 868 2939 9470 1754 2940 9471 1753 2940 9472 876 2940 9473 875 2941 9474
						1754 2941 9475 876 2941 9476 1755 2942 9477 1754 2942 9478 875 2942 9479 873
						2943 9480 1755 2943 9481 875 2943 9482 1756 2944 9483 1755 2944 9484 873
						2944 9485 872 2945 9486 1756 2945 9487 873 2945 9488 1757 2946 9489 1756
						2946 9490 872 2946 9491 871 2947 9492 1757 2947 9493 872 2947 9494 1758 2948
						9495 1757 2948 9496 871 2948 9497 870 2949 9498 1758 2949 9499 871 2949 9500
						1759 2950 9501 1758 2950 9502 870 2950 9503 877 2951 9504 1759 2951 9505 870
						2951 9506 1760 2952 9507 1759 2952 9508 877 2952 9509 878 2953 9510 1760
						2953 9511 877 2953 9512 1761 2954 9513 1760 2954 9514 878 2954 9515 879 2955
						9516 1761 2955 9517 878 2955 9518 1762 2956 9519 1761 2956 9520 879 2956
						9521 1762 2957 9522 879 2957 9523 881 2957 9524 882 2958 9525 1762 2958 9526
						881 2958 9527 1763 2959 9528 1762 2959 9529 882 2959 9530 884 2960 9531 1763
						2960 9532 882 2960 9533 1764 2961 9534 1763 2961 9535 884 2961 9536 886 2962
						9537 1764 2962 9538 884 2962 9539 1765 2963 9540 1764 2963 9541 886 2963
						9542 890 2964 9543 1765 2964 9544 886 2964 9545 1766 2965 9546 1765 2965
						9547 890 2965 9548 891 2966 9549 1766 2966 9550 890 2966 9551 1767 2967 9552
						1766 2967 9553 891 2967 9554 892 2968 9555 1767 2968 9556 891 2968 9557 1768
						2969 9558 1767 2969 9559 892 2969 9560 1769 2970 9561 1768 2970 9562 892
						2970 9563 893 2971 9564 1769 2971 9565 892 2971 9566 1770 2972 9567 1769
						2972 9568 893 2972 9569 889 2973 9570 1770 2973 9571 893 2973 9572 1771 2974
						9573 1770 2974 9574 889 2974 9575 888 2975 9576 1771 2975 9577 889 2975 9578
						1772 2976 9579 1771 2976 9580 888 2976 9581 894 2977 9582 1772 2977 9583 888
						2977 9584 1773 2978 9585 1772 2978 9586 894 2978 9587 896 2979 9588 1773
						2979 9589 894 2979 9590 1774 2980 9591 1773 2980 9592 896 2980 9593 1774
						2981 9594 896 2981 9595 901 2981 9596 831 2982 9597 1774 2982 9598 901 2982
						9599 1775 2983 9600 1774 2983 9601 831 2983 9602 830 2984 9603 1775 2984
						9604 831 2984 9605 1776 2985 9606 1775 2985 9607 830 2985 9608 1777 2986
						9609 1776 2986 9610 830 2986 9611 829 2987 9612 1777 2987 9613 830 2987 9614
						1778 2988 9615 1777 2988 9616 829 2988 9617 898 2989 9618 1778 2989 9619 829
						2989 9620 1779 2990 9621 1778 2990 9622 898 2990 9623 897 2991 9624 1779
						2991 9625 898 2991 9626 1780 2992 9627 1779 2992 9628 897 2992 9629 900 2993
						9630 1780 2993 9631 897 2993 9632 1781 2994 9633 1780 2994 9634 900 2994
						9635 909 2995 9636 1781 2995 9637 900 2995 9638 1782 2996 9639 1781 2996
						9640 909 2996 9641 911 2997 9642 1782 2997 9643 909 2997 9644 1783 2998 9645
						1782 2998 9646 911 2998 9647 914 2999 9648 1783 2999 9649 911 2999 9650 1784
						3000 9651 1783 3000 9652 914 3000 9653 913 3001 9654 1784 3001 9655 914 3001
						9656 1785 3002 9657 1784 3002 9658 913 3002 9659 916 3003 9660 1785 3003
						9661 913 3003 9662 1786 3004 9663 1785 3004 9664 916 3004 9665 915 3005 9666
						1786 3005 9667 916 3005 9668 1787 3006 9669 1786 3006 9670 915 3006 9671 905
						3007 9672 1787 3007 9673 915 3007 9674 1788 3008 9675 1787 3008 9676 905
						3008 9677 527 3009 9678 523 3009 9679 525 3009 9680 1011 3010 9681 843 3010
						9682 1728 3010 9683 1789 3011 9684 1011 3011 9685 1728 3011 9686 1012 3012
						9687 1011 3012 9688 1789 3012 9689 1790 3013 9690 1012 3013 9691 1789 3013
						9692 1791 3014 9693 600 3014 9694 543 3014 9695 541 3015 9696 1791 3015 9697
						543 3015 9698 1791 3016 9699 541 3016 9700 496 3016 9701 641 3017 9702 1791
						3017 9703 496 3017 9704 1792 3018 9705 1791 3018 9706 641 3018 9707 1089
						3019 9708 1792 3019 9709 641 3019 9710 1790 3020 9711 1792 3020 9712 1089
						3020 9713 1090 3021 9714 1790 3021 9715 1089 3021 9716 1012 3022 9717 1790
						3022 9718 1090 3022 9719 1791 3023 9720 1537 3023 9721 1161 3023 9722 523
						3024 9723 1791 3024 9724 1161 3024 9725 540 3025 9726 600 3025 9727 1791
						3025 9728 535 3026 9729 540 3026 9730 1791 3026 9731 534 3027 9732 540 3027
						9733 535 3027 9734 1791 3028 9735 523 3028 9736 527 3028 9737 530 3029 9738
						1791 3029 9739 527 3029 9740 529 3030 9741 1791 3030 9742 530 3030 9743 538
						3031 9744 537 3031 9745 535 3031 9746 1791 3032 9747 538 3032 9748 535 3032
						9749 532 3033 9750 538 3033 9751 1791 3033 9752 529 3034 9753 532 3034 9754
						1791 3034 9755 533 3035 9756 532 3035 9757 529 3035 9758 143 3036 9759 136
						3036 9760 141 3036 9761 143 3037 9762 144 3038 9763 146 3039 9764 1536 3040
						9765 143 3040 9766 146 3040 9767 136 3041 9768 143 3041 9769 1536 3041 9770
						137 3042 9771 136 3042 9772 1536 3042 9773 129 3043 9774 130 3043 9775 132
						3043 9776 1793 3044 9777 129 3044 9778 132 3044 9779 1536 3045 9780 146 3045
						9781 148 3045 9782 147 3046 9783 1536 3046 9784 148 3046 9785 151 3047 9786
						1536 3047 9787 147 3047 9788 92 3048 9789 91 3048 9790 1536 3048 9791 151
						3049 9792 92 3049 9793 1536 3049 9794 149 3050 9795 92 3050 9796 151 3050
						9797 150 3051 9798 149 3052 9799 151 3053 9800 126 3054 9801 127 3055 9802
						129 3056 9803 1793 3057 9804 126 3057 9805 129 3057 9806 125 3058 9807 126
						3058 9808 1793 3058 9809 1794 3059 9810 125 3059 9811 1793 3059 9812 751
						3060 9813 125 3060 9814 1794 3060 9815 1795 3061 9816 751 3061 9817 1794
						3061 9818 750 3062 9819 751 3062 9820 1795 3062 9821 1796 3063 9822 750 3063
						9823 1795 3063 9824 746 3064 9825 750 3064 9826 1796 3064 9827 1797 3065
						9828 746 3065 9829 1796 3065 9830 747 3066 9831 746 3066 9832 1797 3066 9833
						1798 3067 9834 747 3067 9835 1797 3067 9836 140 3068 9837 139 3069 9838 137
						3070 9839 1536 3071 9840 140 3071 9841 137 3071 9842 134 3072 9843 140 3072
						9844 1536 3072 9845 1793 3073 9846 134 3073 9847 1536 3073 9848 135 3074
						9849 134 3074 9850 1793 3074 9851 132 3075 9852 135 3075 9853 1793 3075 9854
						686 3076 9855 1799 3076 9856 1800 3076 9857 1799 3077 9858 686 3077 9859 683
						3077 9860 681 3078 9861 1799 3078 9862 683 3078 9863 1801 3079 9864 1799
						3079 9865 681 3079 9866 680 3080 9867 1801 3080 9868 681 3080 9869 1802 3081
						9870 1801 3081 9871 680 3081 9872 696 3082 9873 1802 3082 9874 680 3082 9875
						1803 3083 9876 1802 3083 9877 696 3083 9878 695 3084 9879 1803 3084 9880 696
						3084 9881 1804 3085 9882 1803 3085 9883 695 3085 9884 694 3086 9885 1804
						3086 9886 695 3086 9887 1805 3087 9888 1804 3087 9889 694 3087 9890 693 3088
						9891 1805 3088 9892 694 3088 9893 1806 3089 9894 1805 3089 9895 693 3089
						9896 692 3090 9897 1806 3090 9898 693 3090 9899 1807 3091 9900 1806 3091
						9901 692 3091 9902 691 3092 9903 1807 3092 9904 692 3092 9905 688 3093 9906
						1808 3093 9907 1809 3093 9908 1810 3094 9909 688 3094 9910 1809 3094 9911
						689 3095 9912 688 3095 9913 1810 3095 9914 1811 3096 9915 689 3096 9916 1810
						3096 9917 690 3097 9918 689 3097 9919 1811 3097 9920 1812 3098 9921 690 3098
						9922 1811 3098 9923 691 3099 9924 690 3099 9925 1812 3099 9926 1813 3100
						9927 691 3100 9928 1812 3100 9929 1807 3101 9930 691 3101 9931 1813 3101
						9932 1808 3102 9933 688 3102 9934 687 3102 9935 699 3103 9936 1808 3103 9937
						687 3103 9938 1814 3104 9939 1808 3104 9940 699 3104 9941 1814 3105 9942 699
						3105 9943 698 3105 9944 697 3106 9945 1814 3106 9946 698 3106 9947 1815 3107
						9948 1814 3107 9949 697 3107 9950 709 3108 9951 1815 3108 9952 697 3108 9953
						1816 3109 9954 1815 3109 9955 709 3109 9956 708 3110 9957 1816 3110 9958 709
						3110 9959 1817 3111 9960 1816 3111 9961 708 3111 9962 707 3112 9963 1817
						3112 9964 708 3112 9965 1818 3113 9966 1817 3113 9967 707 3113 9968 706 3114
						9969 1818 3114 9970 707 3114 9971 1819 3115 9972 1818 3115 9973 706 3115
						9974 705 3116 9975 1819 3116 9976 706 3116 9977 1820 3117 9978 1819 3117
						9979 705 3117 9980 701 3118 9981 1820 3118 9982 705 3118 9983 1821 3119 9984
						1820 3119 9985 701 3119 9986 700 3120 9987 1821 3120 9988 701 3120 9989 1822
						3121 9990 1821 3121 9991 700 3121 9992 1823 3122 9993 1822 3122 9994 700
						3122 9995 704 3123 9996 1823 3123 9997 700 3123 9998 1824 3124 9999 1823
						3124 10000 704 3124 10001 703 3125 10002 1824 3125 10003 704 3125 10004 1825
						3126 10005 1824 3126 10006 703 3126 10007 1825 3127 10008 703 3127 10009 702
						3127 10010 721 3128 10011 1825 3128 10012 702 3128 10013 1826 3129 10014
						1825 3129 10015 721 3129 10016 720 3130 10017 1826 3130 10018 721 3130 10019
						1827 3131 10020 1826 3131 10021 720 3131 10022 719 3132 10023 1827 3132
						10024 720 3132 10025 1828 3133 10026 1827 3133 10027 719 3133 10028 718 3134
						10029 1828 3134 10030 719 3134 10031 1829 3135 10032 1828 3135 10033 718
						3135 10034 717 3136 10035 1829 3136 10036 718 3136 10037 1830 3137 10038
						1829 3137 10039 717 3137 10040 714 3138 10041 1830 3138 10042 717 3138 10043
						1831 3139 10044 1830 3139 10045 714 3139 10046 715 3140 10047 1831 3140
						10048 714 3140 10049 1832 3141 10050 1831 3141 10051 715 3141 10052 1833
						3142 10053 1832 3142 10054 715 3142 10055 716 3143 10056 1833 3143 10057 715
						3143 10058 1834 3144 10059 1833 3144 10060 716 3144 10061 713 3145 10062
						1834 3145 10063 716 3145 10064 1835 3146 10065 1834 3146 10066 713 3146
						10067 712 3147 10068 1835 3147 10069 713 3147 10070 1836 3148 10071 1835
						3148 10072 712 3148 10073 711 3149 10074 1836 3149 10075 712 3149 10076 1837
						3150 10077 1836 3150 10078 711 3150 10079 710 3151 10080 1837 3151 10081 711
						3151 10082 1838 3152 10083 1837 3152 10084 710 3152 10085 729 3153 10086
						1838 3153 10087 710 3153 10088 1839 3154 10089 1838 3154 10090 729 3154
						10091 728 3155 10092 1839 3155 10093 729 3155 10094 1840 3156 10095 1839
						3156 10096 728 3156 10097 727 3157 10098 1840 3157 10099 728 3157 10100 1841
						3158 10101 1840 3158 10102 727 3158 10103 726 3159 10104 1841 3159 10105 727
						3159 10106 1842 3160 10107 1841 3160 10108 726 3160 10109 1843 3161 10110
						1842 3161 10111 726 3161 10112 725 3162 10113 1843 3162 10114 726 3162 10115
						1844 3163 10116 1843 3163 10117 725 3163 10118 724 3164 10119 1844 3164
						10120 725 3164 10121 1845 3165 10122 1844 3165 10123 724 3165 10124 723 3166
						10125 1845 3166 10126 724 3166 10127 1846 3167 10128 1845 3167 10129 723
						3167 10130 1846 3168 10131 723 3168 10132 722 3168 10133 734 3169 10134 1846
						3169 10135 722 3169 10136 1847 3170 10137 1846 3170 10138 734 3170 10139 733
						3171 10140 1847 3171 10141 734 3171 10142 1848 3172 10143 1847 3172 10144
						733 3172 10145 1848 3173 10146 733 3173 10147 732 3173 10148 731 3174 10149
						1848 3174 10150 732 3174 10151 1849 3175 10152 1848 3175 10153 731 3175
						10154 730 3176 10155 1849 3176 10156 731 3176 10157 1850 3177 10158 1849
						3177 10159 730 3177 10160 745 3178 10161 1850 3178 10162 730 3178 10163 1851
						3179 10164 1850 3179 10165 745 3179 10166 744 3180 10167 1851 3180 10168 745
						3180 10169 1852 3181 10170 1851 3181 10171 744 3181 10172 1853 3182 10173
						1852 3182 10174 744 3182 10175 743 3183 10176 1853 3183 10177 744 3183 10178
						1854 3184 10179 1853 3184 10180 743 3184 10181 742 3185 10182 1854 3185
						10183 743 3185 10184 1855 3186 10185 1854 3186 10186 742 3186 10187 1856
						3187 10188 1855 3187 10189 742 3187 10190 741 3188 10191 1856 3188 10192 742
						3188 10193 1857 3189 10194 1856 3189 10195 741 3189 10196 740 3190 10197
						1857 3190 10198 741 3190 10199 1858 3191 10200 1857 3191 10201 740 3191
						10202 739 3192 10203 1858 3192 10204 740 3192 10205 1859 3193 10206 1858
						3193 10207 739 3193 10208 738 3194 10209 1859 3194 10210 739 3194 10211 1860
						3195 10212 1859 3195 10213 738 3195 10214 737 3196 10215 1860 3196 10216 738
						3196 10217 1861 3197 10218 1860 3197 10219 737 3197 10220 749 3198 10221 747
						3198 10222 1798 3198 10223 1862 3199 10224 749 3199 10225 1798 3199 10226
						735 3200 10227 749 3200 10228 1862 3200 10229 1861 3201 10230 735 3201 10231
						1862 3201 10232 736 3202 10233 735 3202 10234 1861 3202 10235 737 3203 10236
						736 3203 10237 1861 3203 10238 685 3204 10239 686 3204 10240 1800 3204 10241
						1863 3205 10242 685 3205 10243 1800 3205 10244 684 3206 10245 685 3206 10246
						1863 3206 10247 1864 3207 10248 684 3207 10249 1863 3207 10250 679 3208
						10251 684 3208 10252 1864 3208 10253 154 3209 10254 0 3209 10255 152 3209
						10256 1865 3210 10257 0 3210 10258 154 3210 10259 1 3211 10260 0 3211 10261
						1865 3211 10262 1538 3212 10263 1 3212 10264 1865 3212 10265 166 3213 10266
						165 3213 10267 1865 3213 10268 164 3214 10269 166 3214 10270 1865 3214 10271
						168 3215 10272 166 3215 10273 164 3215 10274 1865 3216 10275 154 3216 10276
						158 3216 10277 156 3217 10278 1865 3217 10279 158 3217 10280 155 3218 10281
						1865 3218 10282 156 3218 10283 121 3219 10284 120 3220 10285 118 3221 10286
						1865 3222 10287 121 3222 10288 118 3222 10289 191 3223 10290 121 3223 10291
						1865 3223 10292 165 3224 10293 191 3224 10294 1865 3224 10295 679 3225 10296
						1864 3225 10297 1866 3225 10298 1867 3226 10299 679 3226 10300 1866 3226
						10301 407 3227 10302 679 3227 10303 1867 3227 10304 1865 3228 10305 407 3228
						10306 1867 3228 10307 117 3229 10308 407 3229 10309 1865 3229 10310 118 3230
						10311 117 3230 10312 1865 3230 10313 161 3231 10314 163 3232 10315 164 3233
						10316 1865 3234 10317 161 3234 10318 164 3234 10319 160 3235 10320 161 3235
						10321 1865 3235 10322 155 3236 10323 160 3236 10324 1865 3236 10325 1238
						3237 10326 1270 3237 10327 1269 3237 10328 905 3238 10329 1868 3238 10330
						1788 3238 10331 1238 3239 10332 1237 3240 10333 1275 3241 10334 1539 3242
						10335 1238 3242 10336 1275 3242 10337 1270 3243 10338 1238 3243 10339 1539
						3243 10340 1271 3244 10341 1270 3244 10342 1539 3244 10343 1539 3245 10344
						1275 3245 10345 1274 3245 10346 1273 3246 10347 1539 3246 10348 1274 3246
						10349 1236 3247 10350 1539 3247 10351 1273 3247 10352 1231 3248 10353 1230
						3248 10354 1539 3248 10355 1236 3249 10356 1231 3249 10357 1539 3249 10358
						1276 3250 10359 1231 3250 10360 1236 3250 10361 1235 3251 10362 1276 3251
						10363 1236 3251 10364 1870 3252 10365 1869 3252 10366 919 3252 10367 920
						3253 10368 1870 3253 10369 919 3253 10370 1871 3254 10371 1870 3254 10372
						920 3254 10373 1871 3255 10374 920 3255 10375 1263 3255 10376 1262 3256
						10377 1871 3256 10378 1263 3256 10379 1244 3257 10380 1871 3257 10381 1262
						3257 10382 1241 3258 10383 1240 3258 10384 1271 3258 10385 1539 3259 10386
						1241 3259 10387 1271 3259 10388 1265 3260 10389 1241 3260 10390 1539 3260
						10391 1871 3261 10392 1265 3261 10393 1539 3261 10394 1266 3262 10395 1265
						3262 10396 1871 3262 10397 1244 3263 10398 1266 3263 10399 1871 3263 10400
						1267 3264 10401 1266 3265 10402 1244 3266 10403 1243 3267 10404 1267 3267
						10405 1244 3267 10406 1868 3268 10407 905 3268 10408 903 3268 10409 902 3269
						10410 1868 3269 10411 903 3269 10412 1869 3270 10413 1868 3270 10414 902
						3270 10415 1004 3271 10416 1869 3271 10417 902 3271 10418 919 3272 10419
						1869 3272 10420 1004 3272 10421 1797 3273 10422 1796 3273 10423 1872 3273
						10424 1798 3274 10425 1797 3274 10426 1872 3274 10427 1871 3275 10428 1865
						3275 10429 1867 3275 10430 1870 3276 10431 1871 3276 10432 1867 3276 10433
						1869 3277 10434 1870 3277 10435 1867 3277 10436 1866 3278 10437 1869 3278
						10438 1867 3278 10439 1864 3279 10440 1869 3279 10441 1866 3279 10442 1868
						3280 10443 1873 3280 10444 1787 3280 10445 1788 3281 10446 1868 3281 10447
						1787 3281 10448 1776 3282 10449 1874 3282 10450 1775 3282 10451 1874 3283
						10452 1776 3283 10453 1777 3283 10454 1778 3284 10455 1874 3284 10456 1777
						3284 10457 1779 3285 10458 1874 3285 10459 1778 3285 10460 1817 3286 10461
						1769 3286 10462 1770 3286 10463 1816 3287 10464 1817 3287 10465 1770 3287
						10466 1771 3288 10467 1816 3288 10468 1770 3288 10469 1815 3289 10470 1816
						3289 10471 1771 3289 10472 1772 3290 10473 1815 3290 10474 1771 3290 10475
						1814 3291 10476 1815 3291 10477 1772 3291 10478 1773 3292 10479 1814 3292
						10480 1772 3292 10481 1808 3293 10482 1814 3293 10483 1773 3293 10484 1774
						3294 10485 1808 3294 10486 1773 3294 10487 1809 3295 10488 1808 3295 10489
						1774 3295 10490 1775 3296 10491 1809 3296 10492 1774 3296 10493 1810 3297
						10494 1809 3297 10495 1775 3297 10496 1874 3298 10497 1810 3298 10498 1775
						3298 10499 1811 3299 10500 1810 3299 10501 1874 3299 10502 1769 3300 10503
						1817 3300 10504 1818 3300 10505 1819 3301 10506 1769 3301 10507 1818 3301
						10508 1768 3302 10509 1769 3302 10510 1819 3302 10511 1820 3303 10512 1768
						3303 10513 1819 3303 10514 1767 3304 10515 1768 3304 10516 1820 3304 10517
						1821 3305 10518 1767 3305 10519 1820 3305 10520 1766 3306 10521 1767 3306
						10522 1821 3306 10523 1822 3307 10524 1766 3307 10525 1821 3307 10526 1765
						3308 10527 1766 3308 10528 1822 3308 10529 1823 3309 10530 1765 3309 10531
						1822 3309 10532 1764 3310 10533 1765 3310 10534 1823 3310 10535 1824 3311
						10536 1764 3311 10537 1823 3311 10538 1763 3312 10539 1764 3312 10540 1824
						3312 10541 1825 3313 10542 1763 3313 10543 1824 3313 10544 1762 3314 10545
						1763 3314 10546 1825 3314 10547 1826 3315 10548 1762 3315 10549 1825 3315
						10550 1761 3316 10551 1762 3316 10552 1826 3316 10553 1761 3317 10554 1826
						3317 10555 1827 3317 10556 1828 3318 10557 1761 3318 10558 1827 3318 10559
						1760 3319 10560 1761 3319 10561 1828 3319 10562 1829 3320 10563 1760 3320
						10564 1828 3320 10565 1759 3321 10566 1760 3321 10567 1829 3321 10568 1830
						3322 10569 1759 3322 10570 1829 3322 10571 1758 3323 10572 1759 3323 10573
						1830 3323 10574 1831 3324 10575 1758 3324 10576 1830 3324 10577 1832 3325
						10578 1758 3325 10579 1831 3325 10580 1757 3326 10581 1758 3326 10582 1832
						3326 10583 1833 3327 10584 1757 3327 10585 1832 3327 10586 1756 3328 10587
						1757 3328 10588 1833 3328 10589 1834 3329 10590 1756 3329 10591 1833 3329
						10592 1755 3330 10593 1756 3330 10594 1834 3330 10595 1755 3331 10596 1834
						3331 10597 1835 3331 10598 1836 3332 10599 1755 3332 10600 1835 3332 10601
						1754 3333 10602 1755 3333 10603 1836 3333 10604 1837 3334 10605 1754 3334
						10606 1836 3334 10607 1753 3335 10608 1754 3335 10609 1837 3335 10610 1838
						3336 10611 1753 3336 10612 1837 3336 10613 1752 3337 10614 1753 3337 10615
						1838 3337 10616 1839 3338 10617 1752 3338 10618 1838 3338 10619 1751 3339
						10620 1752 3339 10621 1839 3339 10622 1840 3340 10623 1751 3340 10624 1839
						3340 10625 1750 3341 10626 1751 3341 10627 1840 3341 10628 1841 3342 10629
						1750 3342 10630 1840 3342 10631 1749 3343 10632 1750 3343 10633 1841 3343
						10634 1842 3344 10635 1749 3344 10636 1841 3344 10637 1748 3345 10638 1749
						3345 10639 1842 3345 10640 1843 3346 10641 1748 3346 10642 1842 3346 10643
						1747 3347 10644 1748 3347 10645 1843 3347 10646 1844 3348 10647 1747 3348
						10648 1843 3348 10649 1746 3349 10650 1747 3349 10651 1844 3349 10652 1845
						3350 10653 1746 3350 10654 1844 3350 10655 1745 3351 10656 1746 3351 10657
						1845 3351 10658 1738 3352 10659 1875 3352 10660 1737 3352 10661 1875 3353
						10662 1738 3353 10663 1739 3353 10664 1740 3354 10665 1875 3354 10666 1739
						3354 10667 1741 3355 10668 1875 3355 10669 1740 3355 10670 1729 3356 10671
						1789 3356 10672 1728 3356 10673 1792 3357 10674 1794 3357 10675 1793 3357
						10676 1791 3358 10677 1792 3358 10678 1793 3358 10679 1745 3359 10680 1845
						3359 10681 1846 3359 10682 1847 3360 10683 1745 3360 10684 1846 3360 10685
						1744 3361 10686 1745 3361 10687 1847 3361 10688 1848 3362 10689 1744 3362
						10690 1847 3362 10691 1743 3363 10692 1744 3363 10693 1848 3363 10694 1849
						3364 10695 1743 3364 10696 1848 3364 10697 1742 3365 10698 1743 3365 10699
						1849 3365 10700 1850 3366 10701 1742 3366 10702 1849 3366 10703 1741 3367
						10704 1742 3367 10705 1850 3367 10706 1851 3368 10707 1741 3368 10708 1850
						3368 10709 1875 3369 10710 1741 3369 10711 1851 3369 10712 1852 3370 10713
						1875 3370 10714 1851 3370 10715 1795 3371 10716 1794 3371 10717 1792 3371
						10718 1790 3372 10719 1795 3372 10720 1792 3372 10721 1796 3373 10722 1795
						3373 10723 1790 3373 10724 1789 3374 10725 1796 3374 10726 1790 3374 10727
						1872 3375 10728 1796 3375 10729 1789 3375 10730 1729 3376 10731 1872 3376
						10732 1789 3376 10733 1798 3377 10734 1872 3377 10735 1729 3377 10736 1730
						3378 10737 1798 3378 10738 1729 3378 10739 1862 3379 10740 1798 3379 10741
						1730 3379 10742 1731 3380 10743 1862 3380 10744 1730 3380 10745 1861 3381
						10746 1862 3381 10747 1731 3381 10748 1732 3382 10749 1861 3382 10750 1731
						3382 10751 1860 3383 10752 1861 3383 10753 1732 3383 10754 1733 3384 10755
						1860 3384 10756 1732 3384 10757 1859 3385 10758 1860 3385 10759 1733 3385
						10760 1734 3386 10761 1859 3386 10762 1733 3386 10763 1858 3387 10764 1859
						3387 10765 1734 3387 10766 1735 3388 10767 1858 3388 10768 1734 3388 10769
						1857 3389 10770 1858 3389 10771 1735 3389 10772 1736 3390 10773 1857 3390
						10774 1735 3390 10775 1856 3391 10776 1857 3391 10777 1736 3391 10778 1737
						3392 10779 1856 3392 10780 1736 3392 10781 1855 3393 10782 1856 3393 10783
						1737 3393 10784 1875 3394 10785 1855 3394 10786 1737 3394 10787 1854 3395
						10788 1855 3395 10789 1875 3395 10790 1852 3396 10791 1854 3396 10792 1875
						3396 10793 1853 3397 10794 1854 3397 10795 1852 3397 10796 1813 3398 10797
						1812 3398 10798 1811 3398 10799 1874 3399 10800 1813 3399 10801 1811 3399
						10802 1807 3400 10803 1813 3400 10804 1874 3400 10805 1779 3401 10806 1807
						3401 10807 1874 3401 10808 1806 3402 10809 1807 3402 10810 1779 3402 10811
						1780 3403 10812 1806 3403 10813 1779 3403 10814 1805 3404 10815 1806 3404
						10816 1780 3404 10817 1781 3405 10818 1805 3405 10819 1780 3405 10820 1804
						3406 10821 1805 3406 10822 1781 3406 10823 1782 3407 10824 1804 3407 10825
						1781 3407 10826 1803 3408 10827 1804 3408 10828 1782 3408 10829 1783 3409
						10830 1803 3409 10831 1782 3409 10832 1802 3410 10833 1803 3410 10834 1783
						3410 10835 1784 3411 10836 1802 3411 10837 1783 3411 10838 1801 3412 10839
						1802 3412 10840 1784 3412 10841 1785 3413 10842 1801 3413 10843 1784 3413
						10844 1799 3414 10845 1801 3414 10846 1785 3414 10847 1786 3415 10848 1799
						3415 10849 1785 3415 10850 1800 3416 10851 1799 3416 10852 1786 3416 10853
						1787 3417 10854 1800 3417 10855 1786 3417 10856 1863 3418 10857 1800 3418
						10858 1787 3418 10859 1873 3419 10860 1863 3419 10861 1787 3419 10862 1864
						3420 10863 1863 3420 10864 1873 3420 10865 1868 3421 10866 1864 3421 10867
						1873 3421 10868 1869 3422 10869 1864 3422 10870 1868 3422 10871 1793 3423
						10872 1536 3423 10873 1537 3423 10874 1791 3424 10875 1793 3424 10876 1537
						3424 10877 1871 3425 10878 1539 3425 10879 1538 3425 10880 1865 3426 10881
						1871 3426 10882 1538 3426 10883 1194 2461 10884 1192 2461 10885 1535 2461
						10886 1196 3427 10887 1194 3427 10888 1535 3427 10889 1198 2461 10890 1196
						2461 10891 1535 2461 10892 1524 1150 10893 1507 1150 10894 1508 1150 10895
						1507 1150 10896 1524 1150 10897 1525 1150 10898 1526 1150 10899 1508 1150
						10900 1509 1150 10901 1508 1150 10902 1526 1150 10903 1524 1150 10904 1123
						3428 10905 1106 3428 10906 1495 3428 10907 1876 3429 10908 1121 3429 10909
						1123 3429 10910 1496 3430 10911 1121 3430 10912 1876 3430 10913 1123 3431
						10914 1495 3431 10915 1877 3431 10916 1123 3432 10917 1877 3432 10918 1876
						3432 10919 1509 1150 10920 1500 1150 10921 1501 1150 10922 1509 1150 10923
						1501 1150 10924 1502 1150 10925 1502 3433 10926 1499 3433 10927 1509 3433
						10928 1526 1150 10929 1499 1150 10930 1523 1150 10931 1509 1150 10932 1499
						1150 10933 1526 1150 10934 1497 3434 10935 1496 3434 10936 1523 3434 10937
						1523 1150 10938 1496 1150 10939 1876 1150 10940 1877 1150 10941 1523 1150
						10942 1876 1150 10943 1877 1150 10944 1495 1150 10945 1523 1150 10946 1492
						1150 10947 1491 1150 10948 1523 1150 10949 1493 1150 10950 1492 1150 10951
						1523 1150 10952 1494 3435 10953 1493 3435 10954 1523 3435 10955 1495 1150
						10956 1494 1150 10957 1523 1150 10958 1526 3436 10959 1489 3436 10960 1517
						3436 10961 1490 1150 10962 1489 1150 10963 1526 1150 10964 1491 1150 10965
						1490 1150 10966 1526 1150 10967 1523 1150 10968 1491 1150 10969 1526 1150
						10970 1524 1150 10971 1517 1150 10972 1515 1150 10973 1517 1150 10974 1524
						1150 10975 1526 1150 10976 1515 1150 10977 1525 1150 10978 1524 1150 10979
						1525 1150 10980 1515 1150 10981 1514 1150 10982 1513 1150 10983 1532 1150
						10984 1533 1150 10985 1532 1150 10986 1513 1150 10987 1516 1150 10988 1503
						1150 10989 1529 1150 10990 1504 1150 10991 1529 1150 10992 1503 1150 10993
						1534 1150 10994 1519 1150 10995 1878 1150 10996 1520 1150 10997 1519 3437
						10998 1605 3437 10999 1878 3437 11000 1520 1150 11001 1878 1150 11002 1606
						1150 11003 1607 1150 11004 1606 1150 11005 1878 1150 11006 1608 3438 11007
						1607 3438 11008 1878 3438 11009 1609 1150 11010 1608 1150 11011 1878 1150
						11012 1611 1150 11013 1610 1150 11014 1878 1150 11015 1612 3439 11016 1611
						3439 11017 1878 3439 11018 1610 3440 11019 1609 3440 11020 1878 3440 11021
						1613 1150 11022 1612 1150 11023 1878 1150 11024 1614 1150 11025 1613 1150
						11026 1878 1150 11027 1615 1150 11028 1614 1150 11029 1878 1150 11030 1616
						1150 11031 1615 1150 11032 1878 1150 11033 1617 1150 11034 1616 1150 11035
						1878 1150 11036 1618 1150 11037 1617 1150 11038 1878 1150 11039 1619 1150
						11040 1618 1150 11041 1878 1150 11042 1620 1150 11043 1619 1150 11044 1878
						1150 11045 1621 1150 11046 1620 1150 11047 1878 1150 11048 1622 1150 11049
						1621 1150 11050 1878 1150 11051 1623 1150 11052 1622 1150 11053 1878 1150
						11054 1624 1150 11055 1623 1150 11056 1878 1150 11057 1878 1150 11058 1605
						1150 11059 1624 1150 11060 1159 1150 11061 1158 1150 11062 1708 1150 11063
						1708 1150 11064 1158 1150 11065 1709 1150 11066 1709 3441 11067 1158 3441
						11068 1710 3441 11069 1710 1150 11070 1158 1150 11071 1711 1150 11072 1711
						1150 11073 1158 1150 11074 1712 1150 11075 1712 1150 11076 1158 1150 11077
						1713 1150 11078 1713 1150 11079 1158 1150 11080 1714 1150 11081 1714 3442
						11082 1158 3442 11083 1715 3442 11084 1715 1150 11085 1158 1150 11086 1716
						1150 11087 1716 1150 11088 1158 1150 11089 1717 1150 11090 1717 1150 11091
						1158 1150 11092 1718 1150 11093 1718 3443 11094 1158 3443 11095 1719 3443
						11096 1719 1150 11097 1158 1150 11098 1720 1150 11099 1720 3444 11100 1158
						3444 11101 1722 3444 11102 1722 1150 11103 1158 1150 11104 1721 1150 11105
						1721 3445 11106 1158 3445 11107 1723 3445 11108 1723 1150 11109 1158 1150
						11110 1724 1150 11111 1724 1150 11112 1158 1150 11113 1725 1150 11114 1725
						1150 11115 1158 1150 11116 1726 1150 11117 1726 3446 11118 1158 3446 11119
						1727 3446 11120 1158 1150 11121 1156 1150 11122 1727 1150 11123 1511 1150
						11124 1879 1150 11125 1512 1150 11126 1511 1150 11127 1647 1150 11128 1879
						1150 11129 1512 1150 11130 1879 1150 11131 1646 1150 11132 1879 1150 11133
						1647 1150 11134 1658 1150 11135 1879 3447 11136 1658 3447 11137 1659 3447
						11138 1879 1150 11139 1659 1150 11140 1660 1150 11141 1879 3448 11142 1660
						3448 11143 1661 3448 11144 1879 3449 11145 1661 3449 11146 1662 3449 11147
						1879 3450 11148 1662 3450 11149 1663 3450 11150 1879 3451 11151 1663 3451
						11152 1664 3451 11153 1879 1150 11154 1664 1150 11155 1665 1150 11156 1665
						1150 11157 1657 1150 11158 1879 1150 11159 1657 1150 11160 1656 1150 11161
						1879 1150 11162 1656 1150 11163 1655 1150 11164 1879 1150 11165 1655 1150
						11166 1654 1150 11167 1879 1150 11168 1654 1150 11169 1653 1150 11170 1879
						1150 11171 1653 2526 11172 1652 2526 11173 1879 2526 11174 1652 1150 11175
						1651 1150 11176 1879 1150 11177 1651 3452 11178 1650 3452 11179 1879 3452
						11180 1650 1150 11181 1649 1150 11182 1879 1150 11183 1649 3453 11184 1648
						3453 11185 1879 3453 11186 1648 1150 11187 1646 1150 11188 1879 1150 11189
						86 2461 11190 79 2461 11191 1535 2461 11192 1535 3454 11193 84 3454 11194 86
						3454 11195 71 2461 11196 67 2461 11197 1535 2461 11198 74 2461 11199 71 2461
						11200 1535 2461 11201 67 3455 11202 64 3455 11203 1535 3455 11204 64 2461
						11205 57 2461 11206 1535 2461 11207 30 2461 11208 23 2461 11209 1535 2461
						11210 33 2461 11211 30 2461 11212 1535 2461 11213 18 2461 11214 16 2461
						11215 1535 2461 11216 16 2461 11217 13 2461 11218 1535 2461 11219 13 2461
						11220 10 2461 11221 1535 2461 11222 1 3456 11223 1538 3456 11224 1880 3456
						11225 1535 3457 11226 6 3457 11227 1880 3457 11228 1535 3458 11229 1880 3458
						11230 1538 3458 11231 3 2461 11232 1 2461 11233 1880 2461 11234 6 2461 11235
						3 2461 11236 1880 2461 11237 1535 3459 11238 1539 3459 11239 1881 3459 11240
						1535 3460 11241 1881 3460 11242 1219 3460 11243 1220 3461 11244 1219 3461
						11245 1881 3461 11246 1226 2461 11247 1220 2461 11248 1881 2461 11249 1230
						2461 11250 1226 2461 11251 1881 2461 11252 1539 2461 11253 1230 2461 11254
						1881 2461 11255 1212 2461 11256 1211 2461 11257 1535 2461 11258 1213 2461
						11259 1212 2461 11260 1535 2461 11261 1189 2461 11262 1186 2461 11263 1535
						2461 11264 1186 2461 11265 1182 2461 11266 1535 2461 11267 1175 2461 11268
						1172 2461 11269 1535 2461 11270 1535 2461 11271 1172 2461 11272 1173 2461
						11273 1535 3462 11274 1161 3462 11275 1537 3462 11276 1162 2461 11277 1161
						2461 11278 1535 2461 11279</p>
				</triangles>
			</mesh>
		</geometry>
	</library_geometries>
	<library_visual_scenes>
		<visual_scene id="Scene" name="Scene">
			<node id="Mesh" name="Mesh" type="NODE">
				<matrix sid="transform">0.0254 0 0 0 0 0.0254 0 0 0 0 0.0254 0 0 0 0 1</matrix>
				<instance_geometry url="#Mesh_001-mesh" name="Mesh">
					<bind_material>
						<technique_common>
							<instance_material symbol="Material-material"
								target="#Material-material">
								<bind_vertex_input semantic="Mesh_001-UV" input_semantic="TEXCOORD"
									input_set="0" />
							</instance_material>
						</technique_common>
					</bind_material>
				</instance_geometry>
			</node>
		</visual_scene>
	</library_visual_scenes>
	<scene>
		<instance_visual_scene url="#Scene" />
	</scene>
</COLLADA>