<?xml version="1.0" encoding="utf-8"?>
<COLLADA xmlns="http://www.collada.org/2005/11/COLLADASchema" version="1.4.1" xmlns:xsi="http://www.w3.org/2001/XMLSchema-instance">
  <asset>
    <contributor>
      <author>Blender User</author>
      <authoring_tool>Blender 4.5.3 LTS commit date:2025-09-08, commit time:12:46, hash:67807e1800cc</authoring_tool>
    </contributor>
    <created>2025-10-10T23:10:48</created>
    <modified>2025-10-10T23:10:48</modified>
    <unit name="meter" meter="1"/>
    <up_axis>Z_UP</up_axis>
  </asset>
  <library_cameras>
    <camera id="skp_camera_Last_Saved_SketchUp_View_001-camera" name="skp_camera_Last_Saved_SketchUp_View.001">
      <optics>
        <technique_common>
          <perspective>
            <xfov sid="xfov">0</xfov>
            <aspect_ratio>1.777778</aspect_ratio>
            <znear sid="znear">1</znear>
            <zfar sid="zfar">1000</zfar>
          </perspective>
        </technique_common>
      </optics>
      <extra>
        <technique profile="blender">
          <shiftx sid="shiftx" type="float">0</shiftx>
          <shifty sid="shifty" type="float">0</shifty>
          <dof_distance sid="dof_distance" type="float">10</dof_distance>
        </technique>
      </extra>
    </camera>
    <camera id="skp_camera_Last_Saved_SketchUp_View-camera" name="skp_camera_Last_Saved_SketchUp_View">
      <optics>
        <technique_common>
          <perspective>
            <xfov sid="xfov">0</xfov>
            <aspect_ratio>1.777778</aspect_ratio>
            <znear sid="znear">1</znear>
            <zfar sid="zfar">1000</zfar>
          </perspective>
        </technique_common>
      </optics>
      <extra>
        <technique profile="blender">
          <shiftx sid="shiftx" type="float">0</shiftx>
          <shifty sid="shifty" type="float">0</shifty>
          <dof_distance sid="dof_distance" type="float">10</dof_distance>
        </technique>
      </extra>
    </camera>
  </library_cameras>
  <library_effects>
    <effect id="edge_color255255255255-effect">
      <profile_COMMON>
        <technique sid="common">
          <lambert>
            <emission>
              <color sid="emission">0 0 0 1</color>
            </emission>
            <diffuse>
              <color sid="diffuse">0.64 0.64 0.64 1</color>
            </diffuse>
            <index_of_refraction>
              <float sid="ior">1</float>
            </index_of_refraction>
          </lambert>
        </technique>
      </profile_COMMON>
    </effect>
    <effect id="edge_color000255-effect">
      <profile_COMMON>
        <technique sid="common">
          <lambert>
            <emission>
              <color sid="emission">0 0 0 1</color>
            </emission>
            <diffuse>
              <color sid="diffuse">0.64 0.64 0.64 1</color>
            </diffuse>
            <index_of_refraction>
              <float sid="ior">1</float>
            </index_of_refraction>
          </lambert>
        </technique>
      </profile_COMMON>
    </effect>
    <effect id="material-effect">
      <profile_COMMON>
        <technique sid="common">
          <lambert>
            <emission>
              <color sid="emission">0 0 0 1</color>
            </emission>
            <diffuse>
              <color sid="diffuse">1 1 1 1</color>
            </diffuse>
            <index_of_refraction>
              <float sid="ior">1</float>
            </index_of_refraction>
          </lambert>
        </technique>
      </profile_COMMON>
    </effect>
    <effect id="__-effect">
      <profile_COMMON>
        <technique sid="common">
          <lambert>
            <emission>
              <color sid="emission">0 0 0 1</color>
            </emission>
            <diffuse>
              <color sid="diffuse">0.64 0.64 0.64 1</color>
            </diffuse>
            <index_of_refraction>
              <float sid="ior">1</float>
            </index_of_refraction>
          </lambert>
        </technique>
      </profile_COMMON>
    </effect>
    <effect id="___0-effect">
      <profile_COMMON>
        <technique sid="common">
          <lambert>
            <emission>
              <color sid="emission">0 0 0 1</color>
            </emission>
            <diffuse>
              <color sid="diffuse">0.64 0.64 0.64 1</color>
            </diffuse>
            <index_of_refraction>
              <float sid="ior">1</float>
            </index_of_refraction>
          </lambert>
        </technique>
      </profile_COMMON>
    </effect>
    <effect id="Color_M00-effect">
      <profile_COMMON>
        <technique sid="common">
          <lambert>
            <emission>
              <color sid="emission">0 0 0 1</color>
            </emission>
            <diffuse>
              <color sid="diffuse">1 1 1 1</color>
            </diffuse>
            <index_of_refraction>
              <float sid="ior">1</float>
            </index_of_refraction>
          </lambert>
        </technique>
      </profile_COMMON>
    </effect>
    <effect id="Material3_1-effect">
      <profile_COMMON>
        <technique sid="common">
          <lambert>
            <emission>
              <color sid="emission">0 0 0 1</color>
            </emission>
            <diffuse>
              <color sid="diffuse">0.64 0.64 0.64 1</color>
            </diffuse>
            <index_of_refraction>
              <float sid="ior">1</float>
            </index_of_refraction>
          </lambert>
        </technique>
      </profile_COMMON>
    </effect>
    <effect id="Color_E05-effect">
      <profile_COMMON>
        <technique sid="common">
          <lambert>
            <emission>
              <color sid="emission">0 0 0 1</color>
            </emission>
            <diffuse>
              <color sid="diffuse">1 1 0 1</color>
            </diffuse>
            <index_of_refraction>
              <float sid="ior">1</float>
            </index_of_refraction>
          </lambert>
        </technique>
      </profile_COMMON>
    </effect>
  </library_effects>
  <library_images/>
  <library_materials>
    <material id="edge_color255255255255-material" name="edge_color255255255255">
      <instance_effect url="#edge_color255255255255-effect"/>
    </material>
    <material id="edge_color000255-material" name="edge_color000255">
      <instance_effect url="#edge_color000255-effect"/>
    </material>
    <material id="material-material" name="material">
      <instance_effect url="#material-effect"/>
    </material>
    <material id="__-material" name="__">
      <instance_effect url="#__-effect"/>
    </material>
    <material id="___0-material" name="___0">
      <instance_effect url="#___0-effect"/>
    </material>
    <material id="Color_M00-material" name="Color_M00">
      <instance_effect url="#Color_M00-effect"/>
    </material>
    <material id="Material3_1-material" name="Material3_1">
      <instance_effect url="#Material3_1-effect"/>
    </material>
    <material id="Color_E05-material" name="Color_E05">
      <instance_effect url="#Color_E05-effect"/>
    </material>
  </library_materials>
  <library_geometries>
    <geometry id="ID326-mesh" name="ID326">
      <mesh>
        <source id="ID326-mesh-positions">
          <float_array id="ID326-mesh-positions-array" count="9">-190.9537 -1159.945 19.68504 -190.9537 -1295.636 19.68504 -191.0055 -1298.109 19.68504</float_array>
          <technique_common>
            <accessor source="#ID326-mesh-positions-array" count="3" stride="3">
              <param name="X" type="float"/>
              <param name="Y" type="float"/>
              <param name="Z" type="float"/>
            </accessor>
          </technique_common>
        </source>
        <source id="ID326-mesh-normals">
          <float_array id="ID326-mesh-normals-array" count="0"/>
          <technique_common>
            <accessor source="#ID326-mesh-normals-array" count="0" stride="3">
              <param name="X" type="float"/>
              <param name="Y" type="float"/>
              <param name="Z" type="float"/>
            </accessor>
          </technique_common>
        </source>
        <vertices id="ID326-mesh-vertices">
          <input semantic="POSITION" source="#ID326-mesh-positions"/>
        </vertices>
        <lines count="2">
          <input semantic="VERTEX" source="#ID326-mesh-vertices" offset="0"/>
          <p>1 0 1 2</p>
        </lines>
      </mesh>
    </geometry>
    <geometry id="ID320-mesh" name="ID320">
      <mesh>
        <source id="ID320-mesh-positions">
          <float_array id="ID320-mesh-positions-array" count="12">-190.9537 -1159.945 0 -190.9537 -1295.636 0 -191.0055 -1298.109 0 -190.9989 -1297.954 0</float_array>
          <technique_common>
            <accessor source="#ID320-mesh-positions-array" count="4" stride="3">
              <param name="X" type="float"/>
              <param name="Y" type="float"/>
              <param name="Z" type="float"/>
            </accessor>
          </technique_common>
        </source>
        <source id="ID320-mesh-normals">
          <float_array id="ID320-mesh-normals-array" count="0"/>
          <technique_common>
            <accessor source="#ID320-mesh-normals-array" count="0" stride="3">
              <param name="X" type="float"/>
              <param name="Y" type="float"/>
              <param name="Z" type="float"/>
            </accessor>
          </technique_common>
        </source>
        <vertices id="ID320-mesh-vertices">
          <input semantic="POSITION" source="#ID320-mesh-positions"/>
        </vertices>
        <lines count="3">
          <input semantic="VERTEX" source="#ID320-mesh-vertices" offset="0"/>
          <p>1 0 1 2 2 3</p>
        </lines>
      </mesh>
    </geometry>
    <geometry id="ID314-mesh" name="ID314">
      <mesh>
        <source id="ID314-mesh-positions">
          <float_array id="ID314-mesh-positions-array" count="6">-733.473 924.637 0 -733.2535 924.6905 0</float_array>
          <technique_common>
            <accessor source="#ID314-mesh-positions-array" count="2" stride="3">
              <param name="X" type="float"/>
              <param name="Y" type="float"/>
              <param name="Z" type="float"/>
            </accessor>
          </technique_common>
        </source>
        <source id="ID314-mesh-normals">
          <float_array id="ID314-mesh-normals-array" count="0"/>
          <technique_common>
            <accessor source="#ID314-mesh-normals-array" count="0" stride="3">
              <param name="X" type="float"/>
              <param name="Y" type="float"/>
              <param name="Z" type="float"/>
            </accessor>
          </technique_common>
        </source>
        <vertices id="ID314-mesh-vertices">
          <input semantic="POSITION" source="#ID314-mesh-positions"/>
        </vertices>
        <lines count="1">
          <input semantic="VERTEX" source="#ID314-mesh-vertices" offset="0"/>
          <p>1 0</p>
        </lines>
      </mesh>
    </geometry>
    <geometry id="ID308-mesh" name="ID308">
      <mesh>
        <source id="ID308-mesh-positions">
          <float_array id="ID308-mesh-positions-array" count="12">-190.9537 -1159.945 19.68504 -191.0055 -1298.109 0 -191.0055 -1298.109 19.68504 -190.9537 -1159.945 0</float_array>
          <technique_common>
            <accessor source="#ID308-mesh-positions-array" count="4" stride="3">
              <param name="X" type="float"/>
              <param name="Y" type="float"/>
              <param name="Z" type="float"/>
            </accessor>
          </technique_common>
        </source>
        <source id="ID308-mesh-normals">
          <float_array id="ID308-mesh-normals-array" count="6">-1 3.7504e-4 0 -1 3.7486e-4 0</float_array>
          <technique_common>
            <accessor source="#ID308-mesh-normals-array" count="2" stride="3">
              <param name="X" type="float"/>
              <param name="Y" type="float"/>
              <param name="Z" type="float"/>
            </accessor>
          </technique_common>
        </source>
        <vertices id="ID308-mesh-vertices">
          <input semantic="POSITION" source="#ID308-mesh-positions"/>
        </vertices>
        <triangles material="material-material" count="2">
          <input semantic="VERTEX" source="#ID308-mesh-vertices" offset="0"/>
          <input semantic="NORMAL" source="#ID308-mesh-normals" offset="1"/>
          <p>0 0 1 0 2 0 1 1 0 1 3 1</p>
        </triangles>
      </mesh>
    </geometry>
    <geometry id="ID295_001-mesh" name="ID295.001">
      <mesh>
        <source id="ID295_001-mesh-positions">
          <float_array id="ID295_001-mesh-positions-array" count="198">1546.261 -1939.734 0 1599.157 -2008.668 19.68504 1599.157 -2008.668 0 1546.261 -1939.734 19.68504 1599.157 -2008.668 19.68504 1668.091 -2061.563 0 1599.157 -2008.668 0 1668.091 -2061.563 19.68504 1668.091 -2061.563 19.68504 1748.367 -2094.815 0 1668.091 -2061.563 0 1748.367 -2094.815 19.68504 1748.367 -2094.815 19.68504 1834.513 -2106.156 0 1748.367 -2094.815 0 1834.513 -2106.156 19.68504 1834.513 -2106.156 19.68504 1920.66 -2094.815 0 1834.513 -2106.156 0 1920.66 -2094.815 19.68504 1920.66 -2094.815 0 2000.936 -2061.563 19.68504 2000.936 -2061.563 0 1920.66 -2094.815 19.68504 2000.936 -2061.563 0 2069.87 -2008.668 19.68504 2069.87 -2008.668 0 2000.936 -2061.563 19.68504 2122.765 -1939.734 19.68504 2069.87 -2008.668 0 2069.87 -2008.668 19.68504 2122.765 -1939.734 0 2156.017 -1859.458 19.68504 2122.765 -1939.734 0 2122.765 -1939.734 19.68504 2156.017 -1859.458 0 2157.449 -1848.576 19.68504 2156.017 -1859.458 0 2156.017 -1859.458 19.68504 2157.449 -1848.576 0 2157.458 -1848.514 19.68504 2157.458 -1848.514 0 2158.882 -1837.694 19.68504 2158.882 -1837.694 0 2158.89 -1837.632 19.68504 2158.89 -1837.632 0 2160.315 -1826.812 19.68504 2160.315 -1826.812 0 2160.323 -1826.75 19.68504 2160.323 -1826.75 0 2161.747 -1815.931 19.68504 2161.747 -1815.931 0 2161.755 -1815.868 19.68504 2161.755 -1815.868 0 2163.18 -1805.049 19.68504 2163.18 -1805.049 0 2163.188 -1804.987 19.68504 2163.188 -1804.987 0 2164.612 -1794.167 19.68504 2164.612 -1794.167 0 2164.621 -1794.105 19.68504 2164.621 -1794.105 0 2166.045 -1783.285 19.68504 2166.045 -1783.285 0 2167.478 -1772.404 19.68504 2167.478 -1772.404 0</float_array>
          <technique_common>
            <accessor source="#ID295_001-mesh-positions-array" count="66" stride="3">
              <param name="X" type="float"/>
              <param name="Y" type="float"/>
              <param name="Z" type="float"/>
            </accessor>
          </technique_common>
        </source>
        <source id="ID295_001-mesh-normals">
          <float_array id="ID295_001-mesh-normals-array" count="117">0.7933478 0.6087688 0 0.7933467 0.6087702 0 0.6087623 0.7933527 0 0.6087613 0.7933536 0 0.3826916 0.9238762 0 0.38269 0.9238769 0 0.1305202 0.9914457 0 0.1305208 0.9914457 0 -0.130519 0.9914458 0 -0.3826916 0.9238762 0 -0.38269 0.9238769 0 -0.6087635 0.7933518 0 -0.6087613 0.7933536 0 -0.7933522 0.608763 0 -0.79335 0.6087659 0 -0.9238764 0.3826909 0 -0.9238781 0.382687 0 -0.9914488 0.1304965 0 -0.9914535 0.130461 0 -0.9902327 0.1394248 0 -0.9914507 0.1304824 0 -0.991446 0.1305182 0 -0.9919074 0.1269641 0 -0.9926878 0.1207108 0 -0.9914318 0.1306254 0 -0.9914366 0.1305897 0 -0.9927161 0.1204771 0 -0.9919387 0.1267186 0 -0.9914444 0.1305298 0 -0.9914492 0.130494 0 -0.9929104 0.118866 0 -0.9913595 0.131173 0 -0.9914398 0.1305655 0 -0.9910889 0.1332023 0 -0.9884083 0.1518195 0 -0.9914555 0.1304453 0 -0.9914461 0.1305167 0 -0.9914378 0.1305806 0 -0.9914424 0.130545 0</float_array>
          <technique_common>
            <accessor source="#ID295_001-mesh-normals-array" count="39" stride="3">
              <param name="X" type="float"/>
              <param name="Y" type="float"/>
              <param name="Z" type="float"/>
            </accessor>
          </technique_common>
        </source>
        <source id="ID295_001-mesh-map-0">
          <float_array id="ID295_001-mesh-map-0-array" count="276">-17.50057 0.009961843 -18.11466 1.009962 -18.11466 0.009961843 -18.11466 1.009962 -17.50057 0.009961843 -17.50057 1.009962 -17.60861 1 -18.22271 0 -17.60861 0 -18.22271 0 -17.60861 1 -18.22271 1 -16.44562 0.9942426 -17.05971 -0.005757272 -16.44562 -0.005757272 -17.05971 -0.005757272 -16.44562 0.9942426 -17.05971 0.9942426 -14.1833 1 -14.79739 0 -14.1833 0 -14.79739 0 -14.1833 1 -14.79739 1 -10.91157 1 -11.52566 0 -10.91157 0 -11.52566 0 -10.91157 1 -11.52566 1 -6.875305 0 -7.489398 1 -7.489398 0 -7.489398 1 -6.875305 0 -6.875305 1 -2.349578 0 -2.963671 1 -2.963671 0 -2.963671 1 -2.349578 0 -2.349578 1 2.138384 0.9984954 2.752477 -0.00150454 2.752477 0.9984954 2.752477 -0.00150454 2.138384 0.9984954 2.138384 -0.00150454 6.262652 0.9977352 6.876745 -0.002264738 6.876745 0.9977352 6.876745 -0.002264738 6.262652 0.9977352 6.262652 -0.002264738 0.8750001 1 1 0 1 1 1 0 0.8750001 1 0.8750001 0 0.8750001 0 0.8750001 1 0.8742831 1 0.8750001 0 0.8742831 1 0.8742831 0 0.8742831 0 0.8742831 1 0.75 1 0.8742831 0 0.75 1 0.75 0 0.75 0 0.75 1 0.7492831 1 0.75 0 0.7492831 1 0.7492831 0 0.7492831 0 0.7492831 1 0.625 1 0.7492831 0 0.625 1 0.625 0 0.625 0 0.625 1 0.6242831 1 0.625 0 0.6242831 1 0.6242831 0 0.6242831 0 0.6242831 1 0.5 1 0.6242831 0 0.5 1 0.5 0 0.5 0 0.5 1 0.4992831 1 0.5 0 0.4992831 1 0.4992831 0 0.4992831 0 0.4992831 1 0.375 1 0.4992831 0 0.375 1 0.375 0 0.375 0 0.375 1 0.3742831 1 0.375 0 0.3742831 1 0.3742831 0 0.3742831 0 0.3742831 1 0.25 1 0.3742831 0 0.25 1 0.25 0 0.25 0 0.25 1 0.2492831 1 0.25 0 0.2492831 1 0.2492831 0 0.2492831 0 0.2492831 1 0.125 1 0.2492831 0 0.125 1 0.125 0 0.125 0 0.125 1 0 1 0.125 0 0 1 0 0</float_array>
          <technique_common>
            <accessor source="#ID295_001-mesh-map-0-array" count="138" stride="2">
              <param name="S" type="float"/>
              <param name="T" type="float"/>
            </accessor>
          </technique_common>
        </source>
        <vertices id="ID295_001-mesh-vertices">
          <input semantic="POSITION" source="#ID295_001-mesh-positions"/>
        </vertices>
        <triangles material="__-material" count="18">
          <input semantic="VERTEX" source="#ID295_001-mesh-vertices" offset="0"/>
          <input semantic="NORMAL" source="#ID295_001-mesh-normals" offset="1"/>
          <input semantic="TEXCOORD" source="#ID295_001-mesh-map-0" offset="2" set="0"/>
          <p>0 0 0 1 0 1 2 0 2 1 1 3 0 1 4 3 1 5 4 2 6 5 2 7 6 2 8 5 3 9 4 3 10 7 3 11 8 4 12 9 4 13 10 4 14 9 5 15 8 5 16 11 5 17 12 6 18 13 6 19 14 6 20 13 7 21 12 7 22 15 7 23 16 8 24 17 8 25 18 8 26 17 8 27 16 8 28 19 8 29 20 9 30 21 9 31 22 9 32 21 10 33 20 10 34 23 10 35 24 11 36 25 11 37 26 11 38 25 12 39 24 12 40 27 12 41 28 13 42 29 13 43 30 13 44 29 14 45 28 14 46 31 14 47 32 15 48 33 15 49 34 15 50 33 16 51 32 16 52 35 16 53</p>
        </triangles>
        <triangles material="___0-material" count="28">
          <input semantic="VERTEX" source="#ID295_001-mesh-vertices" offset="0"/>
          <input semantic="NORMAL" source="#ID295_001-mesh-normals" offset="1"/>
          <input semantic="TEXCOORD" source="#ID295_001-mesh-map-0" offset="2" set="0"/>
          <p>36 17 54 37 17 55 38 17 56 37 18 57 36 18 58 39 18 59 39 19 60 36 19 61 40 19 62 39 19 63 40 19 64 41 19 65 41 20 66 40 20 67 42 20 68 41 21 69 42 21 70 43 21 71 43 22 72 42 22 73 44 22 74 43 23 75 44 23 76 45 23 77 45 24 78 44 24 79 46 24 80 45 25 81 46 25 82 47 25 83 47 26 84 46 26 85 48 26 86 47 27 87 48 27 88 49 27 89 49 28 90 48 28 91 50 28 92 49 29 93 50 29 94 51 29 95 51 30 96 50 30 97 52 30 98 51 31 99 52 31 100 53 31 101 53 32 102 52 32 103 54 32 104 53 32 105 54 32 106 55 32 107 55 33 108 54 33 109 56 33 110 55 22 111 56 22 112 57 22 113 57 20 114 56 20 115 58 20 116 57 20 117 58 20 118 59 20 119 59 34 120 58 34 121 60 34 122 59 19 123 60 19 124 61 19 125 61 35 126 60 35 127 62 35 128 61 36 129 62 36 130 63 36 131 63 37 132 62 37 133 64 37 134 63 38 135 64 38 136 65 38 137</p>
        </triangles>
      </mesh>
    </geometry>
    <geometry id="ID289_001-mesh" name="ID289.001">
      <mesh>
        <source id="ID289_001-mesh-positions">
          <float_array id="ID289_001-mesh-positions-array" count="24">1513.01 -1859.458 0 1546.261 -1939.734 19.68504 1546.261 -1939.734 0 1513.01 -1859.458 19.68504 1501.549 -1772.404 0 1513.01 -1859.458 19.68504 1513.01 -1859.458 0 1501.549 -1772.404 19.68504</float_array>
          <technique_common>
            <accessor source="#ID289_001-mesh-positions-array" count="8" stride="3">
              <param name="X" type="float"/>
              <param name="Y" type="float"/>
              <param name="Z" type="float"/>
            </accessor>
          </technique_common>
        </source>
        <source id="ID289_001-mesh-normals">
          <float_array id="ID289_001-mesh-normals-array" count="9">0.9238805 0.3826812 0 0.9238813 0.3826792 0 0.9914448 0.130527 0</float_array>
          <technique_common>
            <accessor source="#ID289_001-mesh-normals-array" count="3" stride="3">
              <param name="X" type="float"/>
              <param name="Y" type="float"/>
              <param name="Z" type="float"/>
            </accessor>
          </technique_common>
        </source>
        <vertices id="ID289_001-mesh-vertices">
          <input semantic="POSITION" source="#ID289_001-mesh-positions"/>
        </vertices>
        <triangles material="material-material" count="4">
          <input semantic="VERTEX" source="#ID289_001-mesh-vertices" offset="0"/>
          <input semantic="NORMAL" source="#ID289_001-mesh-normals" offset="1"/>
          <p>0 0 1 0 2 0 1 1 0 1 3 1 4 2 5 2 6 2 5 2 4 2 7 2</p>
        </triangles>
      </mesh>
    </geometry>
    <geometry id="ID283_001-mesh" name="ID283.001">
      <mesh>
        <source id="ID283_001-mesh-positions">
          <float_array id="ID283_001-mesh-positions-array" count="12">2167.478 1632.841 19.68504 2167.478 -1772.404 0 2167.478 -1772.404 19.68504 2167.478 1632.841 0</float_array>
          <technique_common>
            <accessor source="#ID283_001-mesh-positions-array" count="4" stride="3">
              <param name="X" type="float"/>
              <param name="Y" type="float"/>
              <param name="Z" type="float"/>
            </accessor>
          </technique_common>
        </source>
        <source id="ID283_001-mesh-normals">
          <float_array id="ID283_001-mesh-normals-array" count="3">-1 0 0</float_array>
          <technique_common>
            <accessor source="#ID283_001-mesh-normals-array" count="1" stride="3">
              <param name="X" type="float"/>
              <param name="Y" type="float"/>
              <param name="Z" type="float"/>
            </accessor>
          </technique_common>
        </source>
        <vertices id="ID283_001-mesh-vertices">
          <input semantic="POSITION" source="#ID283_001-mesh-positions"/>
        </vertices>
        <triangles material="Color_M00-material" count="2">
          <input semantic="VERTEX" source="#ID283_001-mesh-vertices" offset="0"/>
          <input semantic="NORMAL" source="#ID283_001-mesh-normals" offset="1"/>
          <p>0 0 1 0 2 0 1 0 0 0 3 0</p>
        </triangles>
      </mesh>
    </geometry>
    <geometry id="ID275-mesh" name="ID275">
      <mesh>
        <source id="ID275-mesh-positions">
          <float_array id="ID275-mesh-positions-array" count="54">1825.604 1844.629 19.68504 1888.789 1836.31 0 1825.604 1844.629 0 1888.789 1836.31 19.68504 1888.789 1836.31 19.68504 1939.367 1815.36 0 1888.789 1836.31 0 1939.367 1815.36 19.68504 1939.367 1815.36 19.68504 1982.798 1782.034 0 1939.367 1815.36 0 1982.798 1782.034 19.68504 2016.125 1738.602 19.68504 2016.125 1738.602 0 2037.075 1688.025 19.68504 2037.075 1688.025 0 2045.393 1624.84 19.68504 2045.393 1624.84 0</float_array>
          <technique_common>
            <accessor source="#ID275-mesh-positions-array" count="18" stride="3">
              <param name="X" type="float"/>
              <param name="Y" type="float"/>
              <param name="Z" type="float"/>
            </accessor>
          </technique_common>
        </source>
        <source id="ID275-mesh-normals">
          <float_array id="ID275-mesh-normals-array" count="39">0.1305361 0.9914436 0 0.3826803 0.9238809 0 0.3826828 0.9238798 0 0.608762 0.7933529 0 0.7071046 0.7071089 0 0.6087612 0.7933535 0 0.707105 0.7071086 0 0.8660243 0.500002 0 0.8660208 0.5000081 0 0.9659271 0.2588142 0 0.9659255 0.2588207 0 0.9914456 0.1305205 0 0.9914457 0.1305205 0</float_array>
          <technique_common>
            <accessor source="#ID275-mesh-normals-array" count="13" stride="3">
              <param name="X" type="float"/>
              <param name="Y" type="float"/>
              <param name="Z" type="float"/>
            </accessor>
          </technique_common>
        </source>
        <source id="ID275-mesh-map-0">
          <float_array id="ID275-mesh-map-0-array" count="72">-21.54381 0.9854673 -22.41877 0 -21.54381 0 -22.41877 0 -21.54381 0.9854673 -22.41877 0.9854673 -14.30963 0.9854673 -15.06122 0 -14.30963 0 -15.06122 0 -14.30963 0.9854673 -15.06122 0.9854673 -5.951292 0.9854673 -6.702881 0 -5.951292 0 -6.702881 0 -5.951292 0.9854673 -6.702881 0.9854673 2.838225 0 2.086636 0.9854673 2.086636 0 2.086636 0.9854673 2.838225 0 2.838225 0.9854673 11.45993 0 10.70834 0.9854673 10.70834 0 10.70834 0.9854673 11.45993 0 11.45993 0.9854673 19.32627 0 18.45131 0.9854673 18.45131 0 18.45131 0.9854673 19.32627 0 19.32627 0.9854673</float_array>
          <technique_common>
            <accessor source="#ID275-mesh-map-0-array" count="36" stride="2">
              <param name="S" type="float"/>
              <param name="T" type="float"/>
            </accessor>
          </technique_common>
        </source>
        <vertices id="ID275-mesh-vertices">
          <input semantic="POSITION" source="#ID275-mesh-positions"/>
        </vertices>
        <triangles material="Material3_1-material" count="12">
          <input semantic="VERTEX" source="#ID275-mesh-vertices" offset="0"/>
          <input semantic="NORMAL" source="#ID275-mesh-normals" offset="1"/>
          <input semantic="TEXCOORD" source="#ID275-mesh-map-0" offset="2" set="0"/>
          <p>0 0 0 1 0 1 2 0 2 1 0 3 0 0 4 3 0 5 4 1 6 5 1 7 6 1 8 5 2 9 4 2 10 7 2 11 8 3 12 9 4 13 10 5 14 9 4 15 8 3 16 11 6 17 9 4 18 12 7 19 13 8 20 12 7 21 9 4 22 11 6 23 13 8 24 14 9 25 15 10 26 14 9 27 13 8 28 12 7 29 15 10 30 16 11 31 17 12 32 16 11 33 15 10 34 14 9 35</p>
        </triangles>
      </mesh>
    </geometry>
    <geometry id="ID269-mesh" name="ID269">
      <mesh>
        <source id="ID269-mesh-positions">
          <float_array id="ID269-mesh-positions-array" count="12">1570.467 1844.629 19.68504 1825.604 1844.629 0 1570.467 1844.629 0 1825.604 1844.629 19.68504</float_array>
          <technique_common>
            <accessor source="#ID269-mesh-positions-array" count="4" stride="3">
              <param name="X" type="float"/>
              <param name="Y" type="float"/>
              <param name="Z" type="float"/>
            </accessor>
          </technique_common>
        </source>
        <source id="ID269-mesh-normals">
          <float_array id="ID269-mesh-normals-array" count="3">0 1 0</float_array>
          <technique_common>
            <accessor source="#ID269-mesh-normals-array" count="1" stride="3">
              <param name="X" type="float"/>
              <param name="Y" type="float"/>
              <param name="Z" type="float"/>
            </accessor>
          </technique_common>
        </source>
        <vertices id="ID269-mesh-vertices">
          <input semantic="POSITION" source="#ID269-mesh-positions"/>
        </vertices>
        <triangles material="Color_M00-material" count="2">
          <input semantic="VERTEX" source="#ID269-mesh-vertices" offset="0"/>
          <input semantic="NORMAL" source="#ID269-mesh-normals" offset="1"/>
          <p>0 0 1 0 2 0 1 0 0 0 3 0</p>
        </triangles>
      </mesh>
    </geometry>
    <geometry id="ID261-mesh" name="ID261">
      <mesh>
        <source id="ID261-mesh-positions">
          <float_array id="ID261-mesh-positions-array" count="42">1358.996 1688.025 19.68504 1350.677 1624.84 0 1350.677 1624.84 19.68504 1358.996 1688.025 0 1379.946 1738.602 19.68504 1379.946 1738.602 0 1413.272 1782.034 19.68504 1413.272 1782.034 0 1456.704 1815.36 19.68504 1456.704 1815.36 0 1507.281 1836.31 19.68504 1507.281 1836.31 0 1570.467 1844.629 19.68504 1570.467 1844.629 0</float_array>
          <technique_common>
            <accessor source="#ID261-mesh-positions-array" count="14" stride="3">
              <param name="X" type="float"/>
              <param name="Y" type="float"/>
              <param name="Z" type="float"/>
            </accessor>
          </technique_common>
        </source>
        <source id="ID261-mesh-normals">
          <float_array id="ID261-mesh-normals-array" count="42">-0.9659237 0.2588269 0 -0.9914437 0.1305352 0 -0.9914436 0.1305358 0 -0.9659255 0.2588205 0 -0.8660237 0.5000029 0 -0.8660273 0.4999967 0 -0.7071046 0.7071091 0 -0.7071099 0.7071037 0 -0.4999946 0.8660286 0 -0.5000008 0.8660251 0 -0.2588218 0.9659251 0 -0.2588284 0.9659233 0 -0.1305341 0.9914439 0 -0.1305341 0.9914438 0</float_array>
          <technique_common>
            <accessor source="#ID261-mesh-normals-array" count="14" stride="3">
              <param name="X" type="float"/>
              <param name="Y" type="float"/>
              <param name="Z" type="float"/>
            </accessor>
          </technique_common>
        </source>
        <source id="ID261-mesh-map-0">
          <float_array id="ID261-mesh-map-0-array" count="72">-25.41203 0.9854673 -24.53707 0 -24.53707 0.9854673 -24.53707 0 -25.41203 0.9854673 -25.41203 0 -29.30248 0.9854673 -28.55089 0 -28.55089 0.9854673 -28.55089 0 -29.30248 0.9854673 -29.30248 0 -31.22161 0.9854673 -30.47002 0 -30.47002 0.9854673 -30.47002 0 -31.22161 0.9854673 -31.22161 0 -30.28707 0 -31.03866 0.9854673 -31.03866 0 -31.03866 0.9854673 -30.28707 0 -30.28707 0.9854673 -28.01449 0 -28.76608 0.9854673 -28.76608 0 -28.76608 0.9854673 -28.01449 0 -28.01449 0.9854673 -23.80717 0 -24.68213 0.9854673 -24.68213 0 -24.68213 0.9854673 -23.80717 0 -23.80717 0.9854673</float_array>
          <technique_common>
            <accessor source="#ID261-mesh-map-0-array" count="36" stride="2">
              <param name="S" type="float"/>
              <param name="T" type="float"/>
            </accessor>
          </technique_common>
        </source>
        <vertices id="ID261-mesh-vertices">
          <input semantic="POSITION" source="#ID261-mesh-positions"/>
        </vertices>
        <triangles material="Material3_1-material" count="12">
          <input semantic="VERTEX" source="#ID261-mesh-vertices" offset="0"/>
          <input semantic="NORMAL" source="#ID261-mesh-normals" offset="1"/>
          <input semantic="TEXCOORD" source="#ID261-mesh-map-0" offset="2" set="0"/>
          <p>0 0 0 1 1 1 2 2 2 1 1 3 0 0 4 3 3 5 4 4 6 3 3 7 0 0 8 3 3 9 4 4 10 5 5 11 6 6 12 5 5 13 4 4 14 5 5 15 6 6 16 7 7 17 7 7 18 8 8 19 9 9 20 8 8 21 7 7 22 6 6 23 9 9 24 10 10 25 11 11 26 10 10 27 9 9 28 8 8 29 11 11 30 12 12 31 13 13 32 12 12 33 11 11 34 10 10 35</p>
        </triangles>
      </mesh>
    </geometry>
    <geometry id="ID255-mesh" name="ID255">
      <mesh>
        <source id="ID255-mesh-positions">
          <float_array id="ID255-mesh-positions-array" count="24">1350.677 1525.43 19.68504 1350.677 1485.277 0 1350.677 1485.277 19.68504 1350.677 1525.43 0 1350.677 1624.84 19.68504 1350.677 1525.43 0 1350.677 1525.43 19.68504 1350.677 1624.84 0</float_array>
          <technique_common>
            <accessor source="#ID255-mesh-positions-array" count="8" stride="3">
              <param name="X" type="float"/>
              <param name="Y" type="float"/>
              <param name="Z" type="float"/>
            </accessor>
          </technique_common>
        </source>
        <source id="ID255-mesh-normals">
          <float_array id="ID255-mesh-normals-array" count="3">-1 0 0</float_array>
          <technique_common>
            <accessor source="#ID255-mesh-normals-array" count="1" stride="3">
              <param name="X" type="float"/>
              <param name="Y" type="float"/>
              <param name="Z" type="float"/>
            </accessor>
          </technique_common>
        </source>
        <vertices id="ID255-mesh-vertices">
          <input semantic="POSITION" source="#ID255-mesh-positions"/>
        </vertices>
        <triangles material="Color_M00-material" count="4">
          <input semantic="VERTEX" source="#ID255-mesh-vertices" offset="0"/>
          <input semantic="NORMAL" source="#ID255-mesh-normals" offset="1"/>
          <p>0 0 1 0 2 0 1 0 0 0 3 0 4 0 5 0 6 0 5 0 4 0 7 0</p>
        </triangles>
      </mesh>
    </geometry>
    <geometry id="ID247-mesh" name="ID247">
      <mesh>
        <source id="ID247-mesh-positions">
          <float_array id="ID247-mesh-positions-array" count="78">728.8068 1485.277 0 738.2687 1413.407 19.68504 738.2687 1413.407 0 728.8068 1485.277 19.68504 769.4484 1338.132 19.68504 769.4484 1338.132 0 819.0482 1273.493 19.68504 819.0482 1273.493 0 883.6881 1223.893 0 883.6881 1223.893 19.68504 958.9626 1192.713 0 958.9626 1192.713 19.68504 1039.742 1182.078 0 1039.742 1182.078 19.68504 1120.522 1192.713 0 1120.522 1192.713 19.68504 1195.796 1223.893 19.68504 1195.796 1223.893 0 1260.436 1273.493 19.68504 1260.436 1273.493 0 1310.036 1338.132 19.68504 1310.036 1338.132 0 1341.216 1413.407 19.68504 1341.216 1413.407 0 1350.677 1485.277 19.68504 1350.677 1485.277 0</float_array>
          <technique_common>
            <accessor source="#ID247-mesh-positions-array" count="26" stride="3">
              <param name="X" type="float"/>
              <param name="Y" type="float"/>
              <param name="Z" type="float"/>
            </accessor>
          </technique_common>
        </source>
        <source id="ID247-mesh-normals">
          <float_array id="ID247-mesh-normals-array" count="75">0.9914448 0.1305266 0 0.9659255 0.2588207 0 0.9659268 0.2588156 0 0.9914449 0.1305266 0 0.8660236 0.5000033 0 0.866026 0.4999991 0 0.7071052 0.7071084 0 0.7071053 0.7071083 0 0.4999995 0.8660257 0 0.5000039 0.8660233 0 0.2588198 0.9659257 0 0.2588244 0.9659244 0 -1.91368e-6 1 0 2.87052e-6 1 0 -0.258823 0.9659249 0 -0.5000047 0.8660228 0 -0.5000005 0.8660251 0 -0.7071049 0.7071086 0 -0.7071017 0.7071118 0 -0.8660253 0.5000004 0 -0.8660229 0.5000044 0 -0.965928 0.2588111 0 -0.9659265 0.2588167 0 -0.9914461 0.1305176 0 -0.991446 0.1305186 0</float_array>
          <technique_common>
            <accessor source="#ID247-mesh-normals-array" count="25" stride="3">
              <param name="X" type="float"/>
              <param name="Y" type="float"/>
              <param name="Z" type="float"/>
            </accessor>
          </technique_common>
        </source>
        <source id="ID247-mesh-map-0">
          <float_array id="ID247-mesh-map-0-array" count="144">18.91097 0 17.91574 0.9854673 17.91574 0 17.91574 0.9854673 18.91097 0 18.91097 0.9854673 14.04886 0 12.93026 0.9854673 12.93026 0 12.93026 0.9854673 14.04886 0 14.04886 0.9854673 8.144089 0 7.025493 0.9854673 7.025493 0 7.025493 0.9854673 8.144089 0 8.144089 0.9854673 1.722427 0.9854673 0.6038306 0 1.722427 0 0.6038306 0 1.722427 0.9854673 0.6038306 0.9854673 -4.778501 0.9854673 -5.897097 0 -4.778501 0 -5.897097 0 -4.778501 0.9854673 -5.897097 0.9854673 -10.91567 0.9854673 -12.03426 0 -10.91567 0 -12.03426 0 -10.91567 0.9854673 -12.03426 0.9854673 -16.27083 0.9854673 -17.38943 0 -16.27083 0 -17.38943 0 -16.27083 0.9854673 -17.38943 0.9854673 -20.47905 0 -21.59765 0.9854673 -21.59765 0 -21.59765 0.9854673 -20.47905 0 -20.47905 0.9854673 -23.25354 0 -24.37214 0.9854673 -24.37214 0 -24.37214 0.9854673 -23.25354 0 -23.25354 0.9854673 -25.52383 0.9854673 -24.40523 0 -24.40523 0.9854673 -24.40523 0 -25.52383 0.9854673 -25.52383 0 -24.97422 0.9854673 -23.85562 0 -23.85562 0.9854673 -23.85562 0 -24.97422 0.9854673 -24.97422 0 -22.6374 0.9854673 -21.64218 0 -21.64218 0.9854673 -21.64218 0 -22.6374 0.9854673 -22.6374 0</float_array>
          <technique_common>
            <accessor source="#ID247-mesh-map-0-array" count="72" stride="2">
              <param name="S" type="float"/>
              <param name="T" type="float"/>
            </accessor>
          </technique_common>
        </source>
        <vertices id="ID247-mesh-vertices">
          <input semantic="POSITION" source="#ID247-mesh-positions"/>
        </vertices>
        <triangles material="Material3_1-material" count="24">
          <input semantic="VERTEX" source="#ID247-mesh-vertices" offset="0"/>
          <input semantic="NORMAL" source="#ID247-mesh-normals" offset="1"/>
          <input semantic="TEXCOORD" source="#ID247-mesh-map-0" offset="2" set="0"/>
          <p>0 0 0 1 1 1 2 2 2 1 1 3 0 0 4 3 3 5 2 2 6 4 4 7 5 5 8 4 4 9 2 2 10 1 1 11 5 5 12 6 6 13 7 7 14 6 6 15 5 5 16 4 4 17 6 6 18 8 8 19 7 7 20 8 8 21 6 6 22 9 9 23 9 9 24 10 10 25 8 8 26 10 10 27 9 9 28 11 11 29 11 11 30 12 12 31 10 10 32 12 12 33 11 11 34 13 13 35 13 13 36 14 14 37 12 12 38 14 14 39 13 13 40 15 14 41 14 14 42 16 15 43 17 16 44 16 15 45 14 14 46 15 14 47 17 16 48 18 17 49 19 18 50 18 17 51 17 16 52 16 15 53 20 19 54 19 18 55 18 17 56 19 18 57 20 19 58 21 20 59 22 21 60 21 20 61 20 19 62 21 20 63 22 21 64 23 22 65 24 23 66 23 22 67 22 21 68 23 22 69 24 23 70 25 24 71</p>
        </triangles>
      </mesh>
    </geometry>
    <geometry id="ID241-mesh" name="ID241">
      <mesh>
        <source id="ID241-mesh-positions">
          <float_array id="ID241-mesh-positions-array" count="24">728.8068 1764.402 0 728.8068 1525.43 19.68504 728.8068 1525.43 0 728.8068 1764.402 19.68504 728.8068 1525.43 0 728.8068 1485.277 19.68504 728.8068 1485.277 0 728.8068 1525.43 19.68504</float_array>
          <technique_common>
            <accessor source="#ID241-mesh-positions-array" count="8" stride="3">
              <param name="X" type="float"/>
              <param name="Y" type="float"/>
              <param name="Z" type="float"/>
            </accessor>
          </technique_common>
        </source>
        <source id="ID241-mesh-normals">
          <float_array id="ID241-mesh-normals-array" count="3">1 0 0</float_array>
          <technique_common>
            <accessor source="#ID241-mesh-normals-array" count="1" stride="3">
              <param name="X" type="float"/>
              <param name="Y" type="float"/>
              <param name="Z" type="float"/>
            </accessor>
          </technique_common>
        </source>
        <vertices id="ID241-mesh-vertices">
          <input semantic="POSITION" source="#ID241-mesh-positions"/>
        </vertices>
        <triangles material="Color_M00-material" count="4">
          <input semantic="VERTEX" source="#ID241-mesh-vertices" offset="0"/>
          <input semantic="NORMAL" source="#ID241-mesh-normals" offset="1"/>
          <p>0 0 1 0 2 0 1 0 0 0 3 0 4 0 5 0 6 0 5 0 4 0 7 0</p>
        </triangles>
      </mesh>
    </geometry>
    <geometry id="ID233-mesh" name="ID233">
      <mesh>
        <source id="ID233-mesh-positions">
          <float_array id="ID233-mesh-positions-array" count="78">315.366 1827.587 19.68504 307.0475 1764.402 0 307.0475 1764.402 19.68504 315.366 1827.587 0 336.3158 1878.165 19.68504 336.3158 1878.165 0 369.6421 1921.596 19.68504 369.6421 1921.596 0 413.0738 1954.923 19.68504 413.0738 1954.923 0 463.651 1975.872 19.68504 463.651 1975.872 0 517.9271 1983.018 0 517.9271 1983.018 19.68504 572.2032 1975.872 0 572.2032 1975.872 19.68504 622.7805 1954.923 0 622.7805 1954.923 19.68504 666.2122 1921.596 0 666.2122 1921.596 19.68504 699.5385 1878.165 19.68504 699.5385 1878.165 0 720.4883 1827.587 19.68504 720.4883 1827.587 0 728.8068 1764.402 19.68504 728.8068 1764.402 0</float_array>
          <technique_common>
            <accessor source="#ID233-mesh-positions-array" count="26" stride="3">
              <param name="X" type="float"/>
              <param name="Y" type="float"/>
              <param name="Z" type="float"/>
            </accessor>
          </technique_common>
        </source>
        <source id="ID233-mesh-normals">
          <float_array id="ID233-mesh-normals-array" count="75">-0.9659255 0.2588205 0 -0.9914447 0.1305276 0 -0.9659273 0.2588138 0 -0.8660234 0.5000035 0 -0.8660269 0.4999974 0 -0.7071055 0.7071081 0 -0.7071103 0.7071033 0 -0.4999954 0.8660281 0 -0.5000015 0.8660247 0 -0.2588161 0.9659267 0 -0.2588161 0.9659267 0 3.36333e-6 1 0 -3.58818e-6 1 0 0.2588194 0.9659258 0 0.2588127 0.9659276 0 0.5000014 0.8660246 0 0.4999954 0.8660281 0 0.7071079 0.7071057 0 0.7071079 0.7071057 0 0.8660265 0.4999982 0 0.8660231 0.5000041 0 0.9659274 0.2588133 0 0.9659257 0.2588197 0 0.9914448 0.1305269 0 0.9914448 0.1305269 0</float_array>
          <technique_common>
            <accessor source="#ID233-mesh-normals-array" count="25" stride="3">
              <param name="X" type="float"/>
              <param name="Y" type="float"/>
              <param name="Z" type="float"/>
            </accessor>
          </technique_common>
        </source>
        <source id="ID233-mesh-map-0">
          <float_array id="ID233-mesh-map-0-array" count="144">-25.44151 0.9854673 -24.56655 0 -24.56655 0.9854673 -24.56655 0 -25.44151 0.9854673 -25.44151 0 -25.58958 0.9854673 -24.83799 0 -24.83799 0.9854673 -24.83799 0 -25.58958 0.9854673 -25.58958 0 -24.01936 0.9854673 -23.26777 0 -23.26777 0.9854673 -23.26777 0 -24.01936 0.9854673 -24.01936 0 -20.08629 0 -20.83788 0.9854673 -20.83788 0 -20.83788 0.9854673 -20.08629 0 -20.08629 0.9854673 -15.51035 0 -16.26194 0.9854673 -16.26194 0 -16.26194 0.9854673 -15.51035 0 -15.51035 0.9854673 -9.851796 0.9854673 -10.60338 0 -9.851796 0 -10.60338 0 -9.851796 0.9854673 -10.60338 0.9854673 -3.496245 0.9854673 -4.247834 0 -3.496245 0 -4.247834 0 -3.496245 0.9854673 -4.247834 0.9854673 3.123177 0.9854673 2.371588 0 3.123177 0 2.371588 0 3.123177 0.9854673 2.371588 0.9854673 9.55537 0.9854673 8.80378 0 9.55537 0 8.80378 0 9.55537 0.9854673 8.80378 0.9854673 15.36199 0 14.6104 0.9854673 14.6104 0 14.6104 0.9854673 15.36199 0 15.36199 0.9854673 20.14732 0 19.39573 0.9854673 19.39573 0 19.39573 0.9854673 20.14732 0 20.14732 0.9854673 23.58526 0 22.7103 0.9854673 22.7103 0 22.7103 0.9854673 23.58526 0 23.58526 0.9854673</float_array>
          <technique_common>
            <accessor source="#ID233-mesh-map-0-array" count="72" stride="2">
              <param name="S" type="float"/>
              <param name="T" type="float"/>
            </accessor>
          </technique_common>
        </source>
        <vertices id="ID233-mesh-vertices">
          <input semantic="POSITION" source="#ID233-mesh-positions"/>
        </vertices>
        <triangles material="Material3_1-material" count="24">
          <input semantic="VERTEX" source="#ID233-mesh-vertices" offset="0"/>
          <input semantic="NORMAL" source="#ID233-mesh-normals" offset="1"/>
          <input semantic="TEXCOORD" source="#ID233-mesh-map-0" offset="2" set="0"/>
          <p>0 0 0 1 1 1 2 1 2 1 1 3 0 0 4 3 2 5 4 3 6 3 2 7 0 0 8 3 2 9 4 3 10 5 4 11 6 5 12 5 4 13 4 3 14 5 4 15 6 5 16 7 6 17 7 6 18 8 7 19 9 8 20 8 7 21 7 6 22 6 5 23 9 8 24 10 9 25 11 10 26 10 9 27 9 8 28 8 7 29 10 9 30 12 11 31 11 10 32 12 11 33 10 9 34 13 12 35 13 12 36 14 13 37 12 11 38 14 13 39 13 12 40 15 14 41 15 14 42 16 15 43 14 13 44 16 15 45 15 14 46 17 16 47 17 16 48 18 17 49 16 15 50 18 17 51 17 16 52 19 18 53 18 17 54 20 19 55 21 20 56 20 19 57 18 17 58 19 18 59 21 20 60 22 21 61 23 22 62 22 21 63 21 20 64 20 19 65 23 22 66 24 23 67 25 24 68 24 23 69 23 22 70 22 21 71</p>
        </triangles>
      </mesh>
    </geometry>
    <geometry id="ID227-mesh" name="ID227">
      <mesh>
        <source id="ID227-mesh-positions">
          <float_array id="ID227-mesh-positions-array" count="12">307.0475 1764.402 19.68504 307.0475 1485.277 0 307.0475 1485.277 19.68504 307.0475 1764.402 0</float_array>
          <technique_common>
            <accessor source="#ID227-mesh-positions-array" count="4" stride="3">
              <param name="X" type="float"/>
              <param name="Y" type="float"/>
              <param name="Z" type="float"/>
            </accessor>
          </technique_common>
        </source>
        <source id="ID227-mesh-normals">
          <float_array id="ID227-mesh-normals-array" count="3">-1 0 0</float_array>
          <technique_common>
            <accessor source="#ID227-mesh-normals-array" count="1" stride="3">
              <param name="X" type="float"/>
              <param name="Y" type="float"/>
              <param name="Z" type="float"/>
            </accessor>
          </technique_common>
        </source>
        <vertices id="ID227-mesh-vertices">
          <input semantic="POSITION" source="#ID227-mesh-positions"/>
        </vertices>
        <triangles material="Color_M00-material" count="2">
          <input semantic="VERTEX" source="#ID227-mesh-vertices" offset="0"/>
          <input semantic="NORMAL" source="#ID227-mesh-normals" offset="1"/>
          <p>0 0 1 0 2 0 1 0 0 0 3 0</p>
        </triangles>
      </mesh>
    </geometry>
    <geometry id="ID219-mesh" name="ID219">
      <mesh>
        <source id="ID219-mesh-positions">
          <float_array id="ID219-mesh-positions-array" count="66">119.621 1205.347 0 155.4497 1226.412 19.68504 155.4497 1226.412 0 119.621 1205.347 19.68504 155.4497 1226.412 0 216.806 1273.493 19.68504 216.806 1273.493 0 155.4497 1226.412 19.68504 266.4059 1338.132 19.68504 216.806 1273.493 0 216.806 1273.493 19.68504 266.4059 1338.132 0 289.3351 1393.489 19.68504 266.4059 1338.132 0 266.4059 1338.132 19.68504 289.3351 1393.489 0 297.5856 1413.407 19.68504 297.5856 1413.407 0 307.0475 1485.277 19.68504 297.5856 1413.407 0 297.5856 1413.407 19.68504 307.0475 1485.277 0</float_array>
          <technique_common>
            <accessor source="#ID219-mesh-positions-array" count="22" stride="3">
              <param name="X" type="float"/>
              <param name="Y" type="float"/>
              <param name="Z" type="float"/>
            </accessor>
          </technique_common>
        </source>
        <source id="ID219-mesh-normals">
          <float_array id="ID219-mesh-normals-array" count="33">-0.5068298 0.8620462 0 -0.50683 0.862046 0 -0.608766 0.7933498 0 -0.6087662 0.7933496 0 -0.7933497 0.6087663 0 -0.7933501 0.6087659 0 -0.9238819 0.382678 0 -0.9238772 0.3826891 0 -0.9238764 0.382691 0 -0.9914449 0.130526 0 -0.9914449 0.1305266 0</float_array>
          <technique_common>
            <accessor source="#ID219-mesh-normals-array" count="11" stride="3">
              <param name="X" type="float"/>
              <param name="Y" type="float"/>
              <param name="Z" type="float"/>
            </accessor>
          </technique_common>
        </source>
        <source id="ID219-mesh-map-0">
          <float_array id="ID219-mesh-map-0-array" count="72">-10.00515 -0.01759392 -10.57576 0.9678733 -10.57576 -0.01759392 -10.57576 0.9678733 -10.00515 -0.01759392 -10.00515 0.9678733 -10.57576 -0.01759392 -11.63754 0.9678733 -11.63754 -0.01759392 -11.63754 0.9678733 -10.57576 -0.01759392 -10.57576 0.9678733 -12.75614 0.9678733 -11.63754 -0.01759392 -11.63754 0.9678733 -11.63754 -0.01759392 -12.75614 0.9678733 -12.75614 -0.01759392 -13.57874 0.9678733 -12.75614 -0.01759392 -12.75614 0.9678733 -12.75614 -0.01759392 -13.57874 0.9678733 -13.57874 -0.01759392 -13.57874 -0.01759392 -13.57874 0.9678733 -13.87473 0.9678733 -13.57874 -0.01759392 -13.87473 0.9678733 -13.87473 -0.01759392 -15.98989 0.9809777 -14.99467 -0.004489481 -14.99467 0.9809777 -14.99467 -0.004489481 -15.98989 0.9809777 -15.98989 -0.004489481</float_array>
          <technique_common>
            <accessor source="#ID219-mesh-map-0-array" count="36" stride="2">
              <param name="S" type="float"/>
              <param name="T" type="float"/>
            </accessor>
          </technique_common>
        </source>
        <vertices id="ID219-mesh-vertices">
          <input semantic="POSITION" source="#ID219-mesh-positions"/>
        </vertices>
        <triangles material="Material3_1-material" count="12">
          <input semantic="VERTEX" source="#ID219-mesh-vertices" offset="0"/>
          <input semantic="NORMAL" source="#ID219-mesh-normals" offset="1"/>
          <input semantic="TEXCOORD" source="#ID219-mesh-map-0" offset="2" set="0"/>
          <p>0 0 0 1 0 1 2 0 2 1 1 3 0 1 4 3 1 5 4 2 6 5 2 7 6 2 8 5 3 9 4 3 10 7 3 11 8 4 12 9 4 13 10 4 14 9 5 15 8 5 16 11 5 17 12 6 18 13 6 19 14 6 20 13 6 21 12 6 22 15 6 23 15 7 24 12 7 25 16 7 26 15 8 27 16 8 28 17 8 29 18 9 30 19 9 31 20 9 32 19 10 33 18 10 34 21 10 35</p>
        </triangles>
      </mesh>
    </geometry>
    <geometry id="ID213-mesh" name="ID213">
      <mesh>
        <source id="ID213-mesh-positions">
          <float_array id="ID213-mesh-positions-array" count="12">-1072.585 817.9757 0 119.621 1205.347 19.68504 119.621 1205.347 0 -1072.585 817.9757 19.68504</float_array>
          <technique_common>
            <accessor source="#ID213-mesh-positions-array" count="4" stride="3">
              <param name="X" type="float"/>
              <param name="Y" type="float"/>
              <param name="Z" type="float"/>
            </accessor>
          </technique_common>
        </source>
        <source id="ID213-mesh-normals">
          <float_array id="ID213-mesh-normals-array" count="6">-0.3090171 0.9510565 0 -0.3090171 0.9510565 0</float_array>
          <technique_common>
            <accessor source="#ID213-mesh-normals-array" count="2" stride="3">
              <param name="X" type="float"/>
              <param name="Y" type="float"/>
              <param name="Z" type="float"/>
            </accessor>
          </technique_common>
        </source>
        <vertices id="ID213-mesh-vertices">
          <input semantic="POSITION" source="#ID213-mesh-positions"/>
        </vertices>
        <triangles material="Color_M00-material" count="2">
          <input semantic="VERTEX" source="#ID213-mesh-vertices" offset="0"/>
          <input semantic="NORMAL" source="#ID213-mesh-normals" offset="1"/>
          <p>0 0 1 0 2 0 1 1 0 1 3 1</p>
        </triangles>
      </mesh>
    </geometry>
    <geometry id="ID205-mesh" name="ID205">
      <mesh>
        <source id="ID205-mesh-positions">
          <float_array id="ID205-mesh-positions-array" count="462">-313.0382 -1294.125 0 -314.8323 -1336.463 19.68504 -314.8323 -1336.463 0 -313.0382 -1294.125 19.68504 -314.8323 -1336.463 0 -319.9978 -1377.352 19.68504 -319.9978 -1377.352 0 -314.8323 -1336.463 19.68504 -319.9978 -1377.352 0 -328.5637 -1417.652 19.68504 -328.5637 -1417.652 0 -319.9978 -1377.352 19.68504 -328.5637 -1417.652 0 -340.4718 -1457.093 19.68504 -340.4718 -1457.093 0 -328.5637 -1417.652 19.68504 -340.4718 -1457.093 0 -355.6386 -1495.4 19.68504 -355.6386 -1495.4 0 -340.4718 -1457.093 19.68504 -355.6386 -1495.4 0 -373.9576 -1532.304 19.68504 -373.9576 -1532.304 0 -355.6386 -1495.4 19.68504 -373.9576 -1532.304 0 -395.3003 -1567.545 19.68504 -395.3003 -1567.545 0 -373.9576 -1532.304 19.68504 -395.3003 -1567.545 0 -419.5171 -1600.876 19.68504 -419.5171 -1600.876 0 -395.3003 -1567.545 19.68504 -419.5171 -1600.876 0 -446.438 -1632.064 19.68504 -446.438 -1632.064 0 -419.5171 -1600.876 19.68504 -446.438 -1632.064 19.68504 -475.8743 -1660.891 0 -446.438 -1632.064 0 -475.8743 -1660.891 19.68504 -475.8743 -1660.891 19.68504 -507.6195 -1687.152 0 -475.8743 -1660.891 0 -507.6195 -1687.152 19.68504 -507.6195 -1687.152 19.68504 -541.4508 -1710.666 0 -507.6195 -1687.152 0 -541.4508 -1710.666 19.68504 -541.4508 -1710.666 19.68504 -577.1311 -1731.266 0 -541.4508 -1710.666 0 -577.1311 -1731.266 19.68504 -577.1311 -1731.266 19.68504 -614.41 -1748.808 0 -577.1311 -1731.266 0 -614.41 -1748.808 19.68504 -614.41 -1748.808 19.68504 -653.0261 -1763.169 0 -614.41 -1748.808 0 -653.0261 -1763.169 19.68504 -653.0261 -1763.169 19.68504 -692.7084 -1774.249 0 -653.0261 -1763.169 0 -692.7084 -1774.249 19.68504 -692.7084 -1774.249 19.68504 -733.1786 -1781.969 0 -692.7084 -1774.249 0 -733.1786 -1781.969 19.68504 -733.1786 -1781.969 19.68504 -774.153 -1786.275 0 -733.1786 -1781.969 0 -774.153 -1786.275 19.68504 -774.153 -1786.275 19.68504 -815.3441 -1787.138 0 -774.153 -1786.275 0 -815.3441 -1787.138 19.68504 -815.3441 -1787.138 19.68504 -854.9042 -1784.649 0 -815.3441 -1787.138 0 -854.9042 -1784.649 19.68504 -854.9042 -1784.649 19.68504 -856.4627 -1784.551 0 -854.9042 -1784.649 0 -856.4627 -1784.551 19.68504 -899.6693 -1778.171 19.68504 -899.6693 -1778.171 0 -899.6693 -1778.171 0 -966.5741 -1768.291 19.68504 -966.5741 -1768.291 0 -899.6693 -1778.171 19.68504 -1074.939 -1742.875 19.68504 -1074.939 -1742.875 0 -1180.797 -1708.479 19.68504 -1180.797 -1708.479 0 -1283.405 -1665.347 19.68504 -1283.405 -1665.347 0 -1382.044 -1613.779 19.68504 -1382.044 -1613.779 0 -1476.023 -1554.139 19.68504 -1476.023 -1554.139 0 -1564.681 -1486.844 19.68504 -1564.681 -1486.844 0 -1647.397 -1412.366 19.68504 -1647.397 -1412.366 0 -1723.591 -1331.228 19.68504 -1723.591 -1331.228 0 -1792.728 -1243.998 19.68504 -1792.728 -1243.998 0 -1854.323 -1151.29 19.68504 -1854.323 -1151.29 0 -1907.945 -1053.752 19.68504 -1907.945 -1053.752 0 -1953.217 -952.0693 19.68504 -1953.217 -952.0693 0 -1989.822 -846.9551 19.68504 -1989.822 -846.9551 0 -2017.502 -739.1465 19.68504 -2017.502 -739.1465 0 -2036.065 -629.3997 19.68504 -2036.065 -629.3997 0 -2045.378 -518.4846 19.68504 -2045.378 -518.4846 0 -2045.378 -407.1792 19.68504 -2045.378 -407.1792 0 -2036.065 -296.2641 19.68504 -2036.065 -296.2641 0 -2017.502 -186.5173 19.68504 -2017.502 -186.5173 0 -1989.822 -78.70873 19.68504 -1989.822 -78.70873 0 -1953.217 26.40552 19.68504 -1953.217 26.40552 0 -1907.945 128.0881 19.68504 -1907.945 128.0881 0 -1854.323 225.6258 19.68504 -1854.323 225.6258 0 -1792.728 318.3345 19.68504 -1792.728 318.3345 0 -1723.591 405.5639 19.68504 -1723.591 405.5639 0 -1647.397 486.7021 19.68504 -1647.397 486.7021 0 -1564.681 561.18 19.68504 -1564.681 561.18 0 -1476.023 628.4752 19.68504 -1476.023 628.4752 0 -1382.044 688.1156 19.68504 -1382.044 688.1156 0 -1283.405 739.6831 19.68504 -1283.405 739.6831 0 -1180.797 782.8156 19.68504 -1180.797 782.8156 0 -1072.585 817.9757 19.68504 -1072.585 817.9757 0</float_array>
          <technique_common>
            <accessor source="#ID205-mesh-positions-array" count="154" stride="3">
              <param name="X" type="float"/>
              <param name="Y" type="float"/>
              <param name="Z" type="float"/>
            </accessor>
          </technique_common>
        </source>
        <source id="ID205-mesh-normals">
          <float_array id="ID205-mesh-normals-array" count="324">0.9991034 -0.04233825 0 0.9921147 -0.1253342 0 0.9921147 -0.125333 0 0.9781485 -0.2079073 0 0.9781484 -0.2079085 0 0.9573184 -0.2890356 0 0.9573181 -0.2890367 0 0.9297769 -0.3681237 0 0.8957155 -0.4446279 0 0.8957145 -0.4446298 0 0.8553643 -0.5180272 0 0.8553637 -0.518028 0 0.8090121 -0.5877922 0 0.8090131 -0.5877907 0 0.7569919 -0.6534245 0 0.7569942 -0.6534217 0 0.6996752 -0.7144611 0 0.699674 -0.7144623 0 0.6374114 -0.7705237 0 0.6374102 -0.7705247 0 0.5707244 -0.8211417 0 0.4999995 -0.8660258 0 0.4999984 -0.8660263 0 0.4257781 -0.9048277 0 0.4257762 -0.9048285 0 0.3485667 -0.937284 0 0.3485675 -0.9372837 0 0.2689306 -0.9631597 0 0.2689293 -0.9631599 0 0.1873813 -0.9822872 0 0.1873809 -0.9822874 0 0.1045123 -0.9945236 0 0.104512 -0.9945237 0 0.02094745 -0.9997807 0 -0.06279307 -0.9980266 0 -0.06277018 -0.9980281 0 -0.1045136 -0.9945235 0 -0.06277018 -0.998028 0 -0.1045148 -0.9945234 0 -0.146076 -0.9892734 0 -0.1460883 -0.9892717 0 -0.1873815 -0.9822872 0 -0.1873802 -0.9822875 0 -0.1460883 -0.9892716 0 -0.2689198 -0.9631627 0 -0.2689192 -0.9631628 0 -0.3485733 -0.9372816 0 -0.3485728 -0.9372817 0 -0.425781 -0.9048263 0 -0.4257805 -0.9048266 0 -0.5000001 -0.8660253 0 -0.4999997 -0.8660257 0 -0.5707108 -0.8211511 0 -0.5707103 -0.8211516 0 -0.6374239 -0.7705133 0 -0.6374235 -0.7705137 0 -0.6996631 -0.7144731 0 -0.6996628 -0.7144733 0 -0.7569962 -0.6534193 0 -0.7569962 -0.6534195 0 -0.8090182 -0.5877836 0 -0.8090181 -0.5877839 0 -0.8553648 -0.5180261 0 -0.8553646 -0.5180265 0 -0.8957124 -0.4446339 0 -0.895712 -0.4446346 0 -0.9297758 -0.3681263 0 -0.9297755 -0.3681271 0 -0.9573198 -0.2890308 0 -0.9573196 -0.2890314 0 -0.9781475 -0.2079125 0 -0.9781474 -0.2079129 0 -0.992115 -0.1253314 0 -0.992115 -0.1253318 0 -0.999123 -0.04187202 0 -0.999123 -0.04187268 0 -0.999123 0.04187268 0 -0.999123 0.04187202 0 -0.992115 0.1253318 0 -0.992115 0.1253314 0 -0.9781474 0.2079129 0 -0.9781474 0.2079126 0 -0.9573196 0.2890314 0 -0.9573199 0.2890307 0 -0.9297755 0.3681273 0 -0.9297757 0.3681266 0 -0.8957117 0.4446353 0 -0.8957121 0.4446346 0 -0.8553652 0.5180256 0 -0.8553655 0.5180252 0 -0.809018 0.587784 0 -0.8090181 0.5877837 0 -0.7569953 0.6534204 0 -0.7569954 0.6534202 0 -0.6996628 0.7144733 0 -0.699663 0.7144731 0 -0.6374239 0.7705135 0 -0.6374243 0.770513 0 -0.5707123 0.8211502 0 -0.5707129 0.8211497 0 -0.4999994 0.8660259 0 -0.4999999 0.8660256 0 -0.4257802 0.9048267 0 -0.4257805 0.9048265 0 -0.3485713 0.9372823 0 -0.3485718 0.9372821 0 -0.3090167 0.9510567 0 -0.3090167 0.9510566 0</float_array>
          <technique_common>
            <accessor source="#ID205-mesh-normals-array" count="108" stride="3">
              <param name="X" type="float"/>
              <param name="Y" type="float"/>
              <param name="Z" type="float"/>
            </accessor>
          </technique_common>
        </source>
        <source id="ID205-mesh-map-0">
          <float_array id="ID205-mesh-map-0-array" count="660">-17.93313 0 -18.51492 0.9854673 -18.51492 0 -18.51492 0.9854673 -17.93313 0 -17.93313 0.9854673 -18.74542 0 -19.31125 0.9854673 -19.31125 0 -19.31125 0.9854673 -18.74542 0 -18.74542 0.9854673 -19.40992 0 -19.97556 0.9854673 -19.97556 0 -19.97556 0.9854673 -19.40992 0 -19.40992 0.9854673 -19.9361 0 -20.50174 0.9854673 -20.50174 0 -20.50174 0.9854673 -19.9361 0 -19.9361 0.9854673 -20.32046 0 -20.8861 0.9854673 -20.8861 0 -20.8861 0.9854673 -20.32046 0 -20.32046 0.9854673 -20.56031 0 -21.12594 0.9854673 -21.12594 0 -21.12594 0.9854673 -20.56031 0 -20.56031 0.9854673 -20.65395 0 -21.21959 0.9854673 -21.21959 0 -21.21959 0.9854673 -20.65395 0 -20.65395 0.9854673 -20.60074 0 -21.16637 0.9854673 -21.16637 0 -21.16637 0.9854673 -20.60074 0 -20.60074 0.9854673 -20.40104 0 -20.96668 0.9854673 -20.96668 0 -20.96668 0.9854673 -20.40104 0 -20.40104 0.9854673 -20.05626 0.9854673 -20.6219 0 -20.05626 0 -20.6219 0 -20.05626 0.9854673 -20.6219 0.9854673 -19.56882 0.9854673 -20.13446 0 -19.56882 0 -20.13446 0 -19.56882 0.9854673 -20.13446 0.9854673 -18.94213 0.9854673 -19.50777 0 -18.94213 0 -19.50777 0 -18.94213 0.9854673 -19.50777 0.9854673 -18.1806 0.9854673 -18.74623 0 -18.1806 0 -18.74623 0 -18.1806 0.9854673 -18.74623 0.9854673 -17.28955 0.9854673 -17.85519 0 -17.28955 0 -17.85519 0 -17.28955 0.9854673 -17.85519 0.9854673 -16.27525 0.9854673 -16.84089 0 -16.27525 0 -16.84089 0 -16.27525 0.9854673 -16.84089 0.9854673 -15.14481 0.9854673 -15.71044 0 -15.14481 0 -15.71044 0 -15.14481 0.9854673 -15.71044 0.9854673 -13.90615 0.9854673 -14.47179 0 -13.90615 0 -14.47179 0 -13.90615 0.9854673 -14.47179 0.9854673 -12.56796 0.9854673 -13.1336 0 -12.56796 0 -13.1336 0 -12.56796 0.9854673 -13.1336 0.9854673 -11.13964 0.9854673 -11.70528 0 -11.13964 0 -11.70528 0 -11.13964 0.9854673 -11.70528 0.9854673 -9.631198 0.9854673 -10.1754 0 -9.631198 0 -10.1754 0 -9.631198 0.9854673 -10.1754 0.9854673 -10.1754 0.9854673 -10.19684 0 -10.1754 0 -10.19684 0 -10.1754 0.9854673 -10.19684 0.9854673 -8.053215 0 -8.652834 0.9854673 -8.652834 0 -8.652834 0.9854673 -8.053215 0 -8.053215 0.9854673 -8.652834 0 -9.581335 0.9854673 -9.581335 0 -9.581335 0.9854673 -8.652834 0 -8.652834 0.9854673 -7.375866 0 -8.903985 0.9854673 -8.903985 0 -8.903985 0.9854673 -7.375866 0 -7.375866 0.9854673 -6.641422 0 -8.16954 0.9854673 -8.16954 0 -8.16954 0.9854673 -6.641422 0 -6.641422 0.9854673 -5.855033 0 -7.383151 0.9854673 -7.383151 0 -7.383151 0.9854673 -5.855033 0 -5.855033 0.9854673 -5.022216 0 -6.550334 0.9854673 -6.550334 0 -6.550334 0.9854673 -5.022216 0 -5.022216 0.9854673 -4.148813 0 -5.676931 0.9854673 -5.676931 0 -5.676931 0.9854673 -4.148813 0 -4.148813 0.9854673 -3.240949 0 -4.769067 0.9854673 -4.769067 0 -4.769067 0.9854673 -3.240949 0 -3.240949 0.9854673 -2.304993 0 -3.833111 0.9854673 -3.833111 0 -3.833111 0.9854673 -2.304993 0 -2.304993 0.9854673 -2.875628 0.9854673 -1.34751 0 -1.34751 0.9854673 -1.34751 0 -2.875628 0.9854673 -2.875628 0 -1.903333 0.9854673 -0.3752154 0 -0.3752154 0.9854673 -0.3752154 0 -1.903333 0.9854673 -1.903333 0 -0.923048 0.9854673 0.6050701 0 0.6050701 0.9854673 0.6050701 0 -0.923048 0.9854673 -0.923048 0 0.05835264 0.9854673 1.586471 0 1.586471 0.9854673 1.586471 0 0.05835264 0.9854673 0.05835264 0 1.033985 0.9854673 2.562103 0 2.562103 0.9854673 2.562103 0 1.033985 0.9854673 1.033985 0 1.997005 0.9854673 3.525123 0 3.525123 0.9854673 3.525123 0 1.997005 0.9854673 1.997005 0 2.940658 0.9854673 4.468776 0 4.468776 0.9854673 4.468776 0 2.940658 0.9854673 2.940658 0 3.858325 0.9854673 5.386443 0 5.386443 0.9854673 5.386443 0 3.858325 0.9854673 3.858325 0 4.74357 0.9854673 6.271688 0 6.271688 0.9854673 6.271688 0 4.74357 0.9854673 4.74357 0 5.590182 0.9854673 7.1183 0 7.1183 0.9854673 7.1183 0 5.590182 0.9854673 5.590182 0 6.392224 0.9854673 7.920342 0 7.920342 0.9854673 7.920342 0 6.392224 0.9854673 6.392224 0 7.14407 0.9854673 8.672188 0 8.672188 0.9854673 8.672188 0 7.14407 0.9854673 7.14407 0 7.840446 0.9854673 9.368564 0 9.368564 0.9854673 9.368564 0 7.840446 0.9854673 7.840446 0 8.476469 0.9854673 10.00459 0 10.00459 0.9854673 10.00459 0 8.476469 0.9854673 8.476469 0 9.047676 0.9854673 10.57579 0 10.57579 0.9854673 10.57579 0 9.047676 0.9854673 9.047676 0 9.55006 0.9854673 11.07818 0 11.07818 0.9854673 11.07818 0 9.55006 0.9854673 9.55006 0 9.980095 0.9854673 11.50821 0 11.50821 0.9854673 11.50821 0 9.980095 0.9854673 9.980095 0 10.33477 0.9854673 11.86289 0 11.86289 0.9854673 11.86289 0 10.33477 0.9854673 10.33477 0 10.61159 0.9854673 12.13971 0 12.13971 0.9854673 12.13971 0 10.61159 0.9854673 10.61159 0 12.33675 0 10.80863 0.9854673 10.80863 0 10.80863 0.9854673 12.33675 0 12.33675 0.9854673 12.4526 0 10.92449 0.9854673 10.92449 0 10.92449 0.9854673 12.4526 0 12.4526 0.9854673 12.48648 0 10.95836 0.9854673 10.95836 0 10.95836 0.9854673 12.48648 0 12.48648 0.9854673 12.43812 0 10.91001 0.9854673 10.91001 0 10.91001 0.9854673 12.43812 0 12.43812 0.9854673 12.30789 0 10.77977 0.9854673 10.77977 0 10.77977 0.9854673 12.30789 0 12.30789 0.9854673 12.09668 0 10.53458 0.9854673 10.53458 0 10.53458 0.9854673 12.09668 0 12.09668 0.9854673</float_array>
          <technique_common>
            <accessor source="#ID205-mesh-map-0-array" count="330" stride="2">
              <param name="S" type="float"/>
              <param name="T" type="float"/>
            </accessor>
          </technique_common>
        </source>
        <vertices id="ID205-mesh-vertices">
          <input semantic="POSITION" source="#ID205-mesh-positions"/>
        </vertices>
        <triangles material="Material3_1-material" count="110">
          <input semantic="VERTEX" source="#ID205-mesh-vertices" offset="0"/>
          <input semantic="NORMAL" source="#ID205-mesh-normals" offset="1"/>
          <input semantic="TEXCOORD" source="#ID205-mesh-map-0" offset="2" set="0"/>
          <p>0 0 0 1 0 1 2 0 2 1 0 3 0 0 4 3 0 5 4 1 6 5 1 7 6 1 8 5 2 9 4 2 10 7 2 11 8 3 12 9 3 13 10 3 14 9 4 15 8 4 16 11 4 17 12 5 18 13 5 19 14 5 20 13 6 21 12 6 22 15 6 23 16 7 24 17 7 25 18 7 26 17 7 27 16 7 28 19 7 29 20 8 30 21 8 31 22 8 32 21 9 33 20 9 34 23 9 35 24 10 36 25 10 37 26 10 38 25 11 39 24 11 40 27 11 41 28 12 42 29 12 43 30 12 44 29 13 45 28 13 46 31 13 47 32 14 48 33 14 49 34 14 50 33 15 51 32 15 52 35 15 53 36 16 54 37 16 55 38 16 56 37 17 57 36 17 58 39 17 59 40 18 60 41 18 61 42 18 62 41 19 63 40 19 64 43 19 65 44 20 66 45 20 67 46 20 68 45 20 69 44 20 70 47 20 71 48 21 72 49 21 73 50 21 74 49 22 75 48 22 76 51 22 77 52 23 78 53 23 79 54 23 80 53 24 81 52 24 82 55 24 83 56 25 84 57 25 85 58 25 86 57 26 87 56 26 88 59 26 89 60 27 90 61 27 91 62 27 92 61 28 93 60 28 94 63 28 95 64 29 96 65 29 97 66 29 98 65 30 99 64 30 100 67 30 101 68 31 102 69 31 103 70 31 104 69 32 105 68 32 106 71 32 107 72 33 108 73 33 109 74 33 110 73 33 111 72 33 112 75 33 113 76 34 114 77 34 115 78 34 116 77 34 117 76 34 118 79 34 119 80 35 120 81 36 121 82 37 122 81 36 123 80 35 124 83 38 125 81 36 126 84 39 127 85 39 128 84 39 129 81 36 130 83 38 131 86 40 132 87 41 133 88 42 134 87 41 135 86 40 136 89 43 137 88 42 138 90 44 139 91 45 140 90 44 141 88 42 142 87 41 143 91 45 144 92 46 145 93 47 146 92 46 147 91 45 148 90 44 149 93 47 150 94 48 151 95 49 152 94 48 153 93 47 154 92 46 155 95 49 156 96 50 157 97 51 158 96 50 159 95 49 160 94 48 161 97 51 162 98 52 163 99 53 164 98 52 165 97 51 166 96 50 167 99 53 168 100 54 169 101 55 170 100 54 171 99 53 172 98 52 173 101 55 174 102 56 175 103 57 176 102 56 177 101 55 178 100 54 179 104 58 180 103 57 181 102 56 182 103 57 183 104 58 184 105 59 185 106 60 186 105 59 187 104 58 188 105 59 189 106 60 190 107 61 191 108 62 192 107 61 193 106 60 194 107 61 195 108 62 196 109 63 197 110 64 198 109 63 199 108 62 200 109 63 201 110 64 202 111 65 203 112 66 204 111 65 205 110 64 206 111 65 207 112 66 208 113 67 209 114 68 210 113 67 211 112 66 212 113 67 213 114 68 214 115 69 215 116 70 216 115 69 217 114 68 218 115 69 219 116 70 220 117 71 221 118 72 222 117 71 223 116 70 224 117 71 225 118 72 226 119 73 227 120 74 228 119 73 229 118 72 230 119 73 231 120 74 232 121 75 233 122 76 234 121 75 235 120 74 236 121 75 237 122 76 238 123 77 239 124 78 240 123 77 241 122 76 242 123 77 243 124 78 244 125 79 245 126 80 246 125 79 247 124 78 248 125 79 249 126 80 250 127 81 251 128 82 252 127 81 253 126 80 254 127 81 255 128 82 256 129 83 257 130 84 258 129 83 259 128 82 260 129 83 261 130 84 262 131 85 263 132 86 264 131 85 265 130 84 266 131 85 267 132 86 268 133 87 269 134 88 270 133 87 271 132 86 272 133 87 273 134 88 274 135 89 275 136 90 276 135 89 277 134 88 278 135 89 279 136 90 280 137 91 281 138 92 282 137 91 283 136 90 284 137 91 285 138 92 286 139 93 287 140 94 288 139 93 289 138 92 290 139 93 291 140 94 292 141 95 293 141 95 294 142 96 295 143 97 296 142 96 297 141 95 298 140 94 299 143 97 300 144 98 301 145 99 302 144 98 303 143 97 304 142 96 305 145 99 306 146 100 307 147 101 308 146 100 309 145 99 310 144 98 311 147 101 312 148 102 313 149 103 314 148 102 315 147 101 316 146 100 317 149 103 318 150 104 319 151 105 320 150 104 321 149 103 322 148 102 323 151 105 324 152 106 325 153 107 326 152 106 327 151 105 328 150 104 329</p>
        </triangles>
      </mesh>
    </geometry>
    <geometry id="ID199-mesh" name="ID199">
      <mesh>
        <source id="ID199-mesh-positions">
          <float_array id="ID199-mesh-positions-array" count="12">-313.0382 -1151.943 0 -313.0382 -1294.125 19.68504 -313.0382 -1294.125 0 -313.0382 -1151.943 19.68504</float_array>
          <technique_common>
            <accessor source="#ID199-mesh-positions-array" count="4" stride="3">
              <param name="X" type="float"/>
              <param name="Y" type="float"/>
              <param name="Z" type="float"/>
            </accessor>
          </technique_common>
        </source>
        <source id="ID199-mesh-normals">
          <float_array id="ID199-mesh-normals-array" count="3">1 0 0</float_array>
          <technique_common>
            <accessor source="#ID199-mesh-normals-array" count="1" stride="3">
              <param name="X" type="float"/>
              <param name="Y" type="float"/>
              <param name="Z" type="float"/>
            </accessor>
          </technique_common>
        </source>
        <vertices id="ID199-mesh-vertices">
          <input semantic="POSITION" source="#ID199-mesh-positions"/>
        </vertices>
        <triangles material="Color_M00-material" count="2">
          <input semantic="VERTEX" source="#ID199-mesh-vertices" offset="0"/>
          <input semantic="NORMAL" source="#ID199-mesh-normals" offset="1"/>
          <p>0 0 1 0 2 0 1 0 0 0 3 0</p>
        </triangles>
      </mesh>
    </geometry>
    <geometry id="ID193-mesh" name="ID193">
      <mesh>
        <source id="ID193-mesh-positions">
          <float_array id="ID193-mesh-positions-array" count="78">-11.01225 -849.9168 19.68504 -82.88244 -859.3787 0 -11.01225 -849.9168 0 -82.88244 -859.3787 19.68504 -82.88244 -859.3787 19.68504 -158.157 -890.5584 0 -82.88244 -859.3787 0 -158.157 -890.5584 19.68504 -158.157 -890.5584 19.68504 -222.7968 -940.1582 0 -158.157 -890.5584 0 -222.7968 -940.1582 19.68504 -222.7968 -940.1582 0 -272.3966 -1004.798 19.68504 -272.3966 -1004.798 0 -222.7968 -940.1582 19.68504 -272.3966 -1004.798 0 -303.5763 -1080.073 19.68504 -303.5763 -1080.073 0 -272.3966 -1004.798 19.68504 -305.9279 -1097.934 0 -313.0382 -1151.943 19.68504 -313.0382 -1151.943 0 -305.9279 -1097.934 19.68504 -303.5763 -1080.073 0 -303.5763 -1080.073 19.68504</float_array>
          <technique_common>
            <accessor source="#ID193-mesh-positions-array" count="26" stride="3">
              <param name="X" type="float"/>
              <param name="Y" type="float"/>
              <param name="Z" type="float"/>
            </accessor>
          </technique_common>
        </source>
        <source id="ID193-mesh-normals">
          <float_array id="ID193-mesh-normals-array" count="42">0.1305265 -0.9914448 0 0.1305265 -0.9914449 0 0.3826828 -0.9238798 0 0.3826828 -0.9238799 0 0.6087617 -0.7933532 0 0.6087614 -0.7933534 0 0.7933539 -0.6087608 0 0.7933536 -0.6087611 0 0.9238806 -0.3826811 0 0.9238808 -0.3826806 0 0.9914452 -0.1305242 0 0.9914453 -0.1305233 0 0.9914437 -0.1305359 0 0.991444 -0.1305331 0</float_array>
          <technique_common>
            <accessor source="#ID193-mesh-normals-array" count="14" stride="3">
              <param name="X" type="float"/>
              <param name="Y" type="float"/>
              <param name="Z" type="float"/>
            </accessor>
          </technique_common>
        </source>
        <vertices id="ID193-mesh-vertices">
          <input semantic="POSITION" source="#ID193-mesh-positions"/>
        </vertices>
        <triangles material="material-material" count="14">
          <input semantic="VERTEX" source="#ID193-mesh-vertices" offset="0"/>
          <input semantic="NORMAL" source="#ID193-mesh-normals" offset="1"/>
          <p>0 0 1 0 2 0 1 1 0 1 3 1 4 2 5 2 6 2 5 3 4 3 7 3 8 4 9 4 10 4 9 5 8 5 11 5 12 6 13 6 14 6 13 7 12 7 15 7 16 8 17 8 18 8 17 9 16 9 19 9 20 10 21 10 22 10 21 11 20 11 23 11 23 12 20 12 24 12 23 13 24 13 25 13</p>
        </triangles>
      </mesh>
    </geometry>
    <geometry id="ID187-mesh" name="ID187">
      <mesh>
        <source id="ID187-mesh-positions">
          <float_array id="ID187-mesh-positions-array" count="12">1321.608 -849.9168 0 -11.01225 -849.9168 19.68504 -11.01225 -849.9168 0 1321.608 -849.9168 19.68504</float_array>
          <technique_common>
            <accessor source="#ID187-mesh-positions-array" count="4" stride="3">
              <param name="X" type="float"/>
              <param name="Y" type="float"/>
              <param name="Z" type="float"/>
            </accessor>
          </technique_common>
        </source>
        <source id="ID187-mesh-normals">
          <float_array id="ID187-mesh-normals-array" count="3">0 -1 0</float_array>
          <technique_common>
            <accessor source="#ID187-mesh-normals-array" count="1" stride="3">
              <param name="X" type="float"/>
              <param name="Y" type="float"/>
              <param name="Z" type="float"/>
            </accessor>
          </technique_common>
        </source>
        <vertices id="ID187-mesh-vertices">
          <input semantic="POSITION" source="#ID187-mesh-positions"/>
        </vertices>
        <triangles material="Color_M00-material" count="2">
          <input semantic="VERTEX" source="#ID187-mesh-vertices" offset="0"/>
          <input semantic="NORMAL" source="#ID187-mesh-normals" offset="1"/>
          <p>0 0 1 0 2 0 1 0 0 0 3 0</p>
        </triangles>
      </mesh>
    </geometry>
    <geometry id="ID179-mesh" name="ID179">
      <mesh>
        <source id="ID179-mesh-positions">
          <float_array id="ID179-mesh-positions-array" count="78">1614.172 -1080.073 19.68504 1623.634 -1151.943 0 1623.634 -1151.943 19.68504 1614.172 -1080.073 0 1582.992 -1004.798 19.68504 1614.172 -1080.073 0 1614.172 -1080.073 19.68504 1582.992 -1004.798 0 1533.392 -940.1582 19.68504 1582.992 -1004.798 0 1582.992 -1004.798 19.68504 1533.392 -940.1582 0 1533.392 -940.1582 0 1468.753 -890.5584 19.68504 1468.753 -890.5584 0 1533.392 -940.1582 19.68504 1468.753 -890.5584 0 1393.478 -859.3787 0 1467.074 -889.8632 0 1393.478 -859.3787 19.68504 1468.753 -890.5584 19.68504 1467.074 -889.8632 19.68504 1393.478 -859.3787 0 1321.608 -849.9168 19.68504 1321.608 -849.9168 0 1393.478 -859.3787 19.68504</float_array>
          <technique_common>
            <accessor source="#ID179-mesh-positions-array" count="26" stride="3">
              <param name="X" type="float"/>
              <param name="Y" type="float"/>
              <param name="Z" type="float"/>
            </accessor>
          </technique_common>
        </source>
        <source id="ID179-mesh-normals">
          <float_array id="ID179-mesh-normals-array" count="42">-0.9914448 -0.1305264 0 -0.9914445 -0.1305291 0 -0.9238789 -0.3826853 0 -0.9238797 -0.3826832 0 -0.7933536 -0.6087611 0 -0.7933524 -0.6087627 0 -0.6087659 -0.7933499 0 -0.6087648 -0.7933509 0 0 0 1 -0.3826814 -0.9238803 0 -0.3826805 -0.9238807 0 0.002334713 0 -0.9999974 -0.130527 -0.9914448 0 -0.1305267 -0.9914448 0</float_array>
          <technique_common>
            <accessor source="#ID179-mesh-normals-array" count="14" stride="3">
              <param name="X" type="float"/>
              <param name="Y" type="float"/>
              <param name="Z" type="float"/>
            </accessor>
          </technique_common>
        </source>
        <vertices id="ID179-mesh-vertices">
          <input semantic="POSITION" source="#ID179-mesh-positions"/>
        </vertices>
        <triangles material="material-material" count="14">
          <input semantic="VERTEX" source="#ID179-mesh-vertices" offset="0"/>
          <input semantic="NORMAL" source="#ID179-mesh-normals" offset="1"/>
          <p>0 0 1 0 2 0 1 1 0 1 3 1 4 2 5 2 6 2 5 3 4 3 7 3 8 4 9 4 10 4 9 5 8 5 11 5 12 6 13 6 14 6 13 7 12 7 15 7 16 8 17 8 18 8 17 9 16 9 19 9 19 10 16 10 20 10 19 11 20 11 21 11 22 12 23 12 24 12 23 13 22 13 25 13</p>
        </triangles>
      </mesh>
    </geometry>
    <geometry id="ID173-mesh" name="ID173">
      <mesh>
        <source id="ID173-mesh-positions">
          <float_array id="ID173-mesh-positions-array" count="12">1623.634 -1151.943 19.68504 1623.634 -1764.402 0 1623.634 -1764.402 19.68504 1623.634 -1151.943 0</float_array>
          <technique_common>
            <accessor source="#ID173-mesh-positions-array" count="4" stride="3">
              <param name="X" type="float"/>
              <param name="Y" type="float"/>
              <param name="Z" type="float"/>
            </accessor>
          </technique_common>
        </source>
        <source id="ID173-mesh-normals">
          <float_array id="ID173-mesh-normals-array" count="3">-1 0 0</float_array>
          <technique_common>
            <accessor source="#ID173-mesh-normals-array" count="1" stride="3">
              <param name="X" type="float"/>
              <param name="Y" type="float"/>
              <param name="Z" type="float"/>
            </accessor>
          </technique_common>
        </source>
        <vertices id="ID173-mesh-vertices">
          <input semantic="POSITION" source="#ID173-mesh-positions"/>
        </vertices>
        <triangles material="Color_M00-material" count="2">
          <input semantic="VERTEX" source="#ID173-mesh-vertices" offset="0"/>
          <input semantic="NORMAL" source="#ID173-mesh-normals" offset="1"/>
          <p>0 0 1 0 2 0 1 0 0 0 3 0</p>
        </triangles>
      </mesh>
    </geometry>
    <geometry id="ID160-mesh" name="ID160">
      <mesh>
        <source id="ID160-mesh-positions">
          <float_array id="ID160-mesh-positions-array" count="78">2045.393 -1764.402 0 2037.075 -1827.587 19.68504 2037.075 -1827.587 0 2045.393 -1764.402 19.68504 2016.125 -1878.165 19.68504 2016.125 -1878.165 0 1982.798 -1921.596 19.68504 1982.798 -1921.596 0 1939.367 -1954.923 0 1939.367 -1954.923 19.68504 1888.789 -1975.872 0 1888.789 -1975.872 19.68504 1834.513 -1983.018 0 1834.513 -1983.018 19.68504 1780.237 -1975.872 19.68504 1780.237 -1975.872 0 1729.66 -1954.923 19.68504 1729.66 -1954.923 0 1686.228 -1921.596 19.68504 1686.228 -1921.596 0 1652.902 -1878.165 19.68504 1652.902 -1878.165 0 1631.952 -1827.587 19.68504 1631.952 -1827.587 0 1623.634 -1764.402 19.68504 1623.634 -1764.402 0</float_array>
          <technique_common>
            <accessor source="#ID160-mesh-positions-array" count="26" stride="3">
              <param name="X" type="float"/>
              <param name="Y" type="float"/>
              <param name="Z" type="float"/>
            </accessor>
          </technique_common>
        </source>
        <source id="ID160-mesh-normals">
          <float_array id="ID160-mesh-normals-array" count="75">0.9914456 -0.1305207 0 0.9659263 -0.2588176 0 0.965928 -0.2588109 0 0.8660199 -0.5000098 0 0.8660233 -0.5000038 0 0.7071065 -0.7071072 0 0.7071068 -0.7071068 0 0.4999968 -0.8660273 0 0.5000021 -0.8660243 0 0.2588103 -0.9659283 0 0.2588166 -0.9659266 0 -2.64337e-7 -1 0 -4.68844e-7 -1 0 -0.2588203 -0.9659255 0 -0.2588133 -0.9659275 0 -0.5000019 -0.8660244 0 -0.4999952 -0.8660282 0 -0.707111 -0.7071025 0 -0.707106 -0.7071076 0 -0.8660265 -0.4999983 0 -0.8660236 -0.5000033 0 -0.9659274 -0.2588132 0 -0.9659261 -0.2588182 0 -0.9914462 -0.1305164 0 -0.9914464 -0.1305146 0</float_array>
          <technique_common>
            <accessor source="#ID160-mesh-normals-array" count="25" stride="3">
              <param name="X" type="float"/>
              <param name="Y" type="float"/>
              <param name="Z" type="float"/>
            </accessor>
          </technique_common>
        </source>
        <source id="ID160-mesh-map-0">
          <float_array id="ID160-mesh-map-0-array" count="144">-20.35098 0 -21.22594 0.9854673 -21.22594 0 -21.22594 0.9854673 -20.35098 0 -20.35098 0.9854673 -12.47855 0 -13.23014 0.9854673 -13.23014 0 -13.23014 0.9854673 -12.47855 0 -12.47855 0.9854673 -3.606747 0 -4.358336 0.9854673 -4.358336 0 -4.358336 0.9854673 -3.606747 0 -3.606747 0.9854673 5.536459 0.9854673 4.78487 0 5.536459 0 4.78487 0 5.536459 0.9854673 4.78487 0.9854673 14.32797 0.9854673 13.57639 0 14.32797 0 13.57639 0 14.32797 0.9854673 13.57639 0.9854673 22.16867 0.9854673 21.41708 0 22.16867 0 21.41708 0 22.16867 0.9854673 21.41708 0.9854673 28.52422 0 27.77263 0.9854673 27.77263 0 27.77263 0.9854673 28.52422 0 28.52422 0.9854673 32.9615 0 32.20991 0.9854673 32.20991 0 32.20991 0.9854673 32.9615 0 32.9615 0.9854673 35.17812 0 34.42653 0.9854673 34.42653 0 34.42653 0.9854673 35.17812 0 35.17812 0.9854673 34.27143 0.9854673 35.02301 0 35.02301 0.9854673 35.02301 0 34.27143 0.9854673 34.27143 0 31.75517 0.9854673 32.50676 0 32.50676 0.9854673 32.50676 0 31.75517 0.9854673 31.75517 0 26.92587 0.9854673 27.80084 0 27.80084 0.9854673 27.80084 0 26.92587 0.9854673 26.92587 0</float_array>
          <technique_common>
            <accessor source="#ID160-mesh-map-0-array" count="72" stride="2">
              <param name="S" type="float"/>
              <param name="T" type="float"/>
            </accessor>
          </technique_common>
        </source>
        <vertices id="ID160-mesh-vertices">
          <input semantic="POSITION" source="#ID160-mesh-positions"/>
        </vertices>
        <triangles material="Material3_1-material" count="24">
          <input semantic="VERTEX" source="#ID160-mesh-vertices" offset="0"/>
          <input semantic="NORMAL" source="#ID160-mesh-normals" offset="1"/>
          <input semantic="TEXCOORD" source="#ID160-mesh-map-0" offset="2" set="0"/>
          <p>0 0 0 1 1 1 2 2 2 1 1 3 0 0 4 3 0 5 2 2 6 4 3 7 5 4 8 4 3 9 2 2 10 1 1 11 5 4 12 6 5 13 7 6 14 6 5 15 5 4 16 4 3 17 6 5 18 8 7 19 7 6 20 8 7 21 6 5 22 9 8 23 9 8 24 10 9 25 8 7 26 10 9 27 9 8 28 11 10 29 11 10 30 12 11 31 10 9 32 12 11 33 11 10 34 13 12 35 12 11 36 14 13 37 15 14 38 14 13 39 12 11 40 13 12 41 15 14 42 16 15 43 17 16 44 16 15 45 15 14 46 14 13 47 17 16 48 18 17 49 19 18 50 18 17 51 17 16 52 16 15 53 20 19 54 19 18 55 18 17 56 19 18 57 20 19 58 21 20 59 22 21 60 21 20 61 20 19 62 21 20 63 22 21 64 23 22 65 24 23 66 23 22 67 22 21 68 23 22 69 24 23 70 25 24 71</p>
        </triangles>
      </mesh>
    </geometry>
    <geometry id="ID154-mesh" name="ID154">
      <mesh>
        <source id="ID154-mesh-positions">
          <float_array id="ID154-mesh-positions-array" count="12">2045.393 1624.84 0 2045.393 -1764.402 19.68504 2045.393 -1764.402 0 2045.393 1624.84 19.68504</float_array>
          <technique_common>
            <accessor source="#ID154-mesh-positions-array" count="4" stride="3">
              <param name="X" type="float"/>
              <param name="Y" type="float"/>
              <param name="Z" type="float"/>
            </accessor>
          </technique_common>
        </source>
        <source id="ID154-mesh-normals">
          <float_array id="ID154-mesh-normals-array" count="3">1 0 0</float_array>
          <technique_common>
            <accessor source="#ID154-mesh-normals-array" count="1" stride="3">
              <param name="X" type="float"/>
              <param name="Y" type="float"/>
              <param name="Z" type="float"/>
            </accessor>
          </technique_common>
        </source>
        <vertices id="ID154-mesh-vertices">
          <input semantic="POSITION" source="#ID154-mesh-positions"/>
        </vertices>
        <triangles material="Color_M00-material" count="2">
          <input semantic="VERTEX" source="#ID154-mesh-vertices" offset="0"/>
          <input semantic="NORMAL" source="#ID154-mesh-normals" offset="1"/>
          <p>0 0 1 0 2 0 1 0 0 0 3 0</p>
        </triangles>
      </mesh>
    </geometry>
    <geometry id="ID146_001-mesh" name="ID146.001">
      <mesh>
        <source id="ID146_001-mesh-positions">
          <float_array id="ID146_001-mesh-positions-array" count="228">-817.7358 -1909.328 19.68504 -766.4787 -1908.255 0 -817.7358 -1909.328 0 -766.4787 -1908.255 19.68504 -766.4787 -1908.255 19.68504 -715.3243 -1902.878 0 -766.4787 -1908.255 0 -715.3243 -1902.878 19.68504 -715.3243 -1902.878 19.68504 -664.7992 -1893.24 0 -715.3243 -1902.878 0 -664.7992 -1893.24 19.68504 -664.7992 -1893.24 19.68504 -615.2579 -1879.408 0 -664.7992 -1893.24 0 -615.2579 -1879.408 19.68504 -615.2579 -1879.408 0 -567.0477 -1861.479 19.68504 -567.0477 -1861.479 0 -615.2579 -1879.408 19.68504 -567.0477 -1861.479 0 -520.5069 -1839.578 19.68504 -520.5069 -1839.578 0 -567.0477 -1861.479 19.68504 -520.5069 -1839.578 0 -475.9618 -1813.86 19.68504 -475.9618 -1813.86 0 -520.5069 -1839.578 19.68504 -475.9618 -1813.86 0 -433.7251 -1784.505 19.68504 -433.7251 -1784.505 0 -475.9618 -1813.86 19.68504 -433.7251 -1784.505 0 -394.0928 -1751.718 19.68504 -394.0928 -1751.718 0 -433.7251 -1784.505 19.68504 -394.0928 -1751.718 0 -357.3431 -1715.73 19.68504 -357.3431 -1715.73 0 -394.0928 -1751.718 19.68504 -323.7337 -1676.793 19.68504 -357.3431 -1715.73 0 -357.3431 -1715.73 19.68504 -323.7337 -1676.793 0 -293.5003 -1635.18 19.68504 -323.7337 -1676.793 0 -323.7337 -1676.793 19.68504 -293.5003 -1635.18 0 -266.8549 -1591.184 19.68504 -293.5003 -1635.18 0 -293.5003 -1635.18 19.68504 -266.8549 -1591.184 0 -243.9846 -1545.112 19.68504 -266.8549 -1591.184 0 -266.8549 -1591.184 19.68504 -243.9846 -1545.112 0 -225.0497 -1497.288 19.68504 -243.9846 -1545.112 0 -243.9846 -1545.112 19.68504 -225.0497 -1497.288 0 -210.183 -1448.047 19.68504 -225.0497 -1497.288 0 -225.0497 -1497.288 19.68504 -210.183 -1448.047 0 -199.4889 -1397.735 19.68504 -210.183 -1448.047 0 -210.183 -1448.047 19.68504 -199.4889 -1397.735 0 -193.0422 -1346.704 19.68504 -199.4889 -1397.735 0 -199.4889 -1397.735 19.68504 -193.0422 -1346.704 0 -191.0055 -1298.109 19.68504 -193.0422 -1346.704 0 -193.0422 -1346.704 19.68504 -191.0055 -1298.109 0</float_array>
          <technique_common>
            <accessor source="#ID146_001-mesh-positions-array" count="76" stride="3">
              <param name="X" type="float"/>
              <param name="Y" type="float"/>
              <param name="Z" type="float"/>
            </accessor>
          </technique_common>
        </source>
        <source id="ID146_001-mesh-normals">
          <float_array id="ID146_001-mesh-normals-array" count="87">-0.02092903 0.999781 0 -0.1045386 0.9945209 0 -0.1873796 0.9822877 0 -0.1873789 0.9822877 0 -0.2689149 0.963164 0 -0.3485677 0.9372837 0 -0.3485671 0.9372839 0 -0.4257887 0.9048227 0 -0.5000007 0.8660251 0 -0.4999998 0.8660256 0 -0.5707079 0.8211531 0 -0.6374276 0.7705104 0 -0.6996645 0.7144716 0 -0.6996655 0.7144706 0 -0.7569957 0.6534199 0 -0.8090198 0.5877816 0 -0.8090202 0.587781 0 -0.8553595 0.518035 0 -0.8553591 0.5180357 0 -0.8957124 0.4446339 0 -0.895712 0.4446347 0 -0.9297766 0.3681247 0 -0.9297762 0.3681255 0 -0.9573197 0.2890312 0 -0.9781477 0.2079111 0 -0.9921148 0.1253332 0 -0.9921148 0.1253327 0 -0.9991229 0.04187512 0 -0.9991229 0.04187458 0</float_array>
          <technique_common>
            <accessor source="#ID146_001-mesh-normals-array" count="29" stride="3">
              <param name="X" type="float"/>
              <param name="Y" type="float"/>
              <param name="Z" type="float"/>
            </accessor>
          </technique_common>
        </source>
        <source id="ID146_001-mesh-map-0">
          <float_array id="ID146_001-mesh-map-0-array" count="228">6.06067 1 5.698331 0 6.06067 0 5.698331 0 6.06067 1 5.698331 1 6.797132 1 6.433608 0 6.797132 0 6.433608 0 6.797132 1 6.433608 1 7.486007 1 7.122483 0 7.486007 0 7.122483 0 7.486007 1 7.122483 1 8.123648 1 7.760124 0 8.123648 0 7.760124 0 8.123648 1 7.760124 1 8.705582 0 8.34206 1 8.34206 0 8.34206 1 8.705582 0 8.705582 1 9.227728 0 8.864206 1 8.864206 0 8.864206 1 9.227728 0 9.227728 1 9.686425 0 9.322899 1 9.322899 0 9.322899 1 9.686425 0 9.686425 1 10.07845 0 9.714925 1 9.714925 0 9.714925 1 10.07845 0 10.07845 1 10.40106 0 10.03753 1 10.03753 0 10.03753 1 10.40106 0 10.40106 1 10.65198 0 10.28846 1 10.28846 0 10.28846 1 10.65198 0 10.65198 1 10.46595 1 10.82947 0 10.82947 1 10.82947 0 10.46595 1 10.46595 0 10.56875 1 10.93227 0 10.93227 1 10.93227 0 10.56875 1 10.56875 0 10.59614 1 10.95966 0 10.95966 1 10.95966 0 10.59614 1 10.59614 0 10.54793 1 10.91146 0 10.91146 1 10.91146 0 10.54793 1 10.54793 0 10.42447 1 10.78799 0 10.78799 1 10.78799 0 10.42447 1 10.42447 0 10.2266 1 10.59013 0 10.59013 1 10.59013 0 10.2266 1 10.2266 0 9.955737 1 10.31926 0 10.31926 1 10.31926 0 9.955737 1 9.955737 0 9.613759 1 9.977282 0 9.977282 1 9.977282 0 9.613759 1 9.613759 0 9.222851 1 9.566597 0 9.566597 1 9.566597 0 9.222851 1 9.222851 0</float_array>
          <technique_common>
            <accessor source="#ID146_001-mesh-map-0-array" count="114" stride="2">
              <param name="S" type="float"/>
              <param name="T" type="float"/>
            </accessor>
          </technique_common>
        </source>
        <vertices id="ID146_001-mesh-vertices">
          <input semantic="POSITION" source="#ID146_001-mesh-positions"/>
        </vertices>
        <triangles material="__-material" count="38">
          <input semantic="VERTEX" source="#ID146_001-mesh-vertices" offset="0"/>
          <input semantic="NORMAL" source="#ID146_001-mesh-normals" offset="1"/>
          <input semantic="TEXCOORD" source="#ID146_001-mesh-map-0" offset="2" set="0"/>
          <p>0 0 0 1 0 1 2 0 2 1 0 3 0 0 4 3 0 5 4 1 6 5 1 7 6 1 8 5 1 9 4 1 10 7 1 11 8 2 12 9 2 13 10 2 14 9 3 15 8 3 16 11 3 17 12 4 18 13 4 19 14 4 20 13 4 21 12 4 22 15 4 23 16 5 24 17 5 25 18 5 26 17 6 27 16 6 28 19 6 29 20 7 30 21 7 31 22 7 32 21 7 33 20 7 34 23 7 35 24 8 36 25 8 37 26 8 38 25 9 39 24 9 40 27 9 41 28 10 42 29 10 43 30 10 44 29 10 45 28 10 46 31 10 47 32 11 48 33 11 49 34 11 50 33 11 51 32 11 52 35 11 53 36 12 54 37 12 55 38 12 56 37 13 57 36 13 58 39 13 59 40 14 60 41 14 61 42 14 62 41 14 63 40 14 64 43 14 65 44 15 66 45 15 67 46 15 68 45 16 69 44 16 70 47 16 71 48 17 72 49 17 73 50 17 74 49 18 75 48 18 76 51 18 77 52 19 78 53 19 79 54 19 80 53 20 81 52 20 82 55 20 83 56 21 84 57 21 85 58 21 86 57 22 87 56 22 88 59 22 89 60 23 90 61 23 91 62 23 92 61 23 93 60 23 94 63 23 95 64 24 96 65 24 97 66 24 98 65 24 99 64 24 100 67 24 101 68 25 102 69 25 103 70 25 104 69 26 105 68 26 106 71 26 107 72 27 108 73 27 109 74 27 110 73 28 111 72 28 112 75 28 113</p>
        </triangles>
      </mesh>
    </geometry>
    <geometry id="ID140_001-mesh" name="ID140.001">
      <mesh>
        <source id="ID140_001-mesh-positions">
          <float_array id="ID140_001-mesh-positions-array" count="12">-820.5404 -1909.152 19.68504 -817.7358 -1909.328 0 -820.5404 -1909.152 0 -817.7358 -1909.328 19.68504</float_array>
          <technique_common>
            <accessor source="#ID140_001-mesh-positions-array" count="4" stride="3">
              <param name="X" type="float"/>
              <param name="Y" type="float"/>
              <param name="Z" type="float"/>
            </accessor>
          </technique_common>
        </source>
        <source id="ID140_001-mesh-normals">
          <float_array id="ID140_001-mesh-normals-array" count="6">0.06263726 0.9980365 0 0.06264168 0.9980361 0</float_array>
          <technique_common>
            <accessor source="#ID140_001-mesh-normals-array" count="2" stride="3">
              <param name="X" type="float"/>
              <param name="Y" type="float"/>
              <param name="Z" type="float"/>
            </accessor>
          </technique_common>
        </source>
        <vertices id="ID140_001-mesh-vertices">
          <input semantic="POSITION" source="#ID140_001-mesh-positions"/>
        </vertices>
        <triangles material="Color_M00-material" count="2">
          <input semantic="VERTEX" source="#ID140_001-mesh-vertices" offset="0"/>
          <input semantic="NORMAL" source="#ID140_001-mesh-normals" offset="1"/>
          <p>0 0 1 0 2 0 1 1 0 1 3 1</p>
        </triangles>
      </mesh>
    </geometry>
    <geometry id="ID132-mesh" name="ID132">
      <mesh>
        <source id="ID132-mesh-positions">
          <float_array id="ID132-mesh-positions-array" count="228">-1223.394 897.3575 19.68504 -1335.438 850.2587 0 -1223.394 897.3575 0 -1335.438 850.2587 19.68504 -1443.147 793.9495 0 -1443.147 793.9495 19.68504 -1545.767 728.8249 0 -1545.767 728.8249 19.68504 -1642.578 655.3416 0 -1642.578 655.3416 19.68504 -1732.9 574.0152 0 -1732.9 574.0152 19.68504 -1816.1 485.4161 19.68504 -1816.1 485.4161 0 -1891.595 390.1657 19.68504 -1891.595 390.1657 0 -1958.854 288.9321 19.68504 -1958.854 288.9321 0 -2017.407 182.4254 19.68504 -2017.407 182.4254 0 -2066.842 71.39271 19.68504 -2066.842 71.39271 0 -2106.812 -43.38719 19.68504 -2106.812 -43.38719 0 -2137.038 -161.1092 19.68504 -2137.038 -161.1092 0 -2157.307 -280.9475 19.68504 -2157.307 -280.9475 0 -2167.478 -402.0617 19.68504 -2167.478 -402.0617 0 -2167.478 -523.6021 19.68504 -2167.478 -523.6021 0 -2157.307 -644.7163 19.68504 -2157.307 -644.7163 0 -2137.038 -764.5546 19.68504 -2137.038 -764.5546 0 -2106.812 -882.2766 19.68504 -2106.812 -882.2766 0 -2066.842 -997.0565 19.68504 -2066.842 -997.0565 0 -2017.407 -1108.089 19.68504 -2017.407 -1108.089 0 -1958.854 -1214.596 19.68504 -1958.854 -1214.596 0 -1891.595 -1315.829 19.68504 -1891.595 -1315.829 0 -1816.1 -1411.08 19.68504 -1816.1 -1411.08 0 -1732.9 -1499.679 19.68504 -1732.9 -1499.679 0 -1642.578 -1581.005 0 -1642.578 -1581.005 19.68504 -1545.767 -1654.489 0 -1545.767 -1654.489 19.68504 -1443.147 -1719.613 0 -1443.147 -1719.613 19.68504 -1335.438 -1775.922 0 -1335.438 -1775.922 19.68504 -1223.394 -1823.021 0 -1223.394 -1823.021 19.68504 -1107.802 -1860.579 0 -1107.802 -1860.579 19.68504 -989.4733 -1888.333 0 -989.4733 -1888.333 19.68504 -917.5061 -1898.96 0 -917.5061 -1898.96 19.68504 -917.5061 -1898.96 19.68504 -869.2367 -1906.088 0 -917.5061 -1898.96 0 -869.2367 -1906.088 19.68504 -862.5709 -1906.508 0 -862.5709 -1906.508 19.68504 -862.5709 -1906.508 19.68504 -820.5404 -1909.152 0 -862.5709 -1906.508 0 -820.5404 -1909.152 19.68504</float_array>
          <technique_common>
            <accessor source="#ID132-mesh-positions-array" count="76" stride="3">
              <param name="X" type="float"/>
              <param name="Y" type="float"/>
              <param name="Z" type="float"/>
            </accessor>
          </technique_common>
        </source>
        <source id="ID132-mesh-normals">
          <float_array id="ID132-mesh-normals-array" count="219">0.3875146 -0.9218636 0 0.4257799 -0.9048268 0 0.3875147 -0.9218636 0 0.4257795 -0.9048269 0 0.5000013 -0.8660248 0 0.5000008 -0.866025 0 0.5707124 -0.8211501 0 0.570712 -0.8211504 0 0.6374239 -0.7705135 0 0.6374236 -0.7705136 0 0.6996644 -0.7144716 0 0.6996645 -0.7144716 0 0.7569941 -0.6534218 0 0.7569938 -0.6534222 0 0.8090172 -0.587785 0 0.809017 -0.5877854 0 0.8553642 -0.5180273 0 0.8553639 -0.5180278 0 0.8957116 -0.4446356 0 0.8957113 -0.4446362 0 0.929777 -0.3681231 0 0.9297769 -0.3681235 0 0.95732 -0.2890304 0 0.9781478 -0.2079108 0 0.9781478 -0.2079113 0 0.9921144 -0.1253367 0 0.9921143 -0.1253371 0 0.9991227 -0.04187756 0 0.9991227 -0.04187774 0 0.9991227 0.04187774 0 0.9991227 0.04187756 0 0.9921143 0.1253371 0 0.9921144 0.1253367 0 0.9781478 0.2079113 0 0.9781479 0.2079109 0 0.9573199 0.2890304 0 0.9573199 0.2890304 0 0.9297769 0.3681235 0 0.929777 0.3681232 0 0.8957116 0.4446358 0 0.8957117 0.4446352 0 0.8553634 0.5180284 0 0.8553638 0.518028 0 0.8090169 0.5877854 0 0.8090172 0.587785 0 0.7569945 0.6534213 0 0.7569949 0.6534209 0 0.6996636 0.7144725 0 0.6996638 0.7144723 0 0.6374247 0.7705127 0 0.6374248 0.7705125 0 0.5707121 0.8211503 0 0.5707125 0.82115 0 0.4999985 0.8660264 0 0.4999989 0.8660261 0 0.4257797 0.9048269 0 0.4257802 0.9048267 0 0.3485714 0.9372822 0 0.3485719 0.9372822 0 0.2689202 0.9631626 0 0.2689206 0.9631624 0 0.1873797 0.9822875 0 0.1873808 0.9822874 0 0.1460783 0.989273 0 0.1460783 0.9892731 0 0.1460902 0.9892713 0 0.1045721 0.9945173 0 0.14609 0.9892714 0 0.1045736 0.9945173 0 0.06287223 0.9980217 0 0.06287074 0.9980217 0 0.06278365 0.9980272 0 0.06278353 0.9980273 0</float_array>
          <technique_common>
            <accessor source="#ID132-mesh-normals-array" count="73" stride="3">
              <param name="X" type="float"/>
              <param name="Y" type="float"/>
              <param name="Z" type="float"/>
            </accessor>
          </technique_common>
        </source>
        <source id="ID132-mesh-map-0">
          <float_array id="ID132-mesh-map-0-array" count="420">-5.513078 1 -6.372064 0 -5.513078 0 -6.372064 0 -5.513078 1 -6.372064 1 -5.580123 1 -6.439108 0 -5.580123 0 -6.439108 0 -5.580123 1 -6.439108 1 -5.605014 1 -6.463999 0 -5.605014 0 -6.463999 0 -5.605014 1 -6.463999 1 -5.587577 1 -6.446562 0 -5.587577 0 -6.446562 0 -5.587577 1 -6.446562 1 -5.527935 1 -6.38692 0 -5.527935 0 -6.38692 0 -5.527935 1 -6.38692 1 -5.426506 0 -6.285491 1 -6.285491 0 -6.285491 1 -5.426506 0 -5.426506 1 -5.284001 0 -6.142986 1 -6.142986 0 -6.142986 1 -5.284001 0 -5.284001 1 -5.10142 0 -5.960405 1 -5.960405 0 -5.960405 1 -5.10142 0 -5.10142 1 -4.880044 0 -5.739029 1 -5.739029 0 -5.739029 1 -4.880044 0 -4.880044 1 -4.621425 0 -5.48041 1 -5.48041 0 -5.48041 1 -4.621425 0 -4.621425 1 -4.327378 0 -5.186363 1 -5.186363 0 -5.186363 1 -4.327378 0 -4.327378 1 -3.999964 0 -4.85895 1 -4.85895 0 -4.85895 1 -3.999964 0 -3.999964 1 -3.641481 0 -4.500467 1 -4.500467 0 -4.500467 1 -3.641481 0 -3.641481 1 -3.254444 0 -4.113429 1 -4.113429 0 -4.113429 1 -3.254444 0 -3.254444 1 -2.841566 0 -3.700551 1 -3.700551 0 -3.700551 1 -2.841566 0 -2.841566 1 -2.405744 0 -3.264729 1 -3.264729 0 -3.264729 1 -2.405744 0 -2.405744 1 -1.950034 0 -2.80902 1 -2.80902 0 -2.80902 1 -1.950034 0 -1.950034 1 -1.477634 0 -2.33662 1 -2.33662 0 -2.33662 1 -1.477634 0 -1.477634 1 -0.9918574 0 -1.850843 1 -1.850843 0 -1.850843 1 -0.9918574 0 -0.9918574 1 -0.4961106 0 -1.355096 1 -1.355096 0 -1.355096 1 -0.4961106 0 -0.4961106 1 0.006128609 0 -0.8528566 1 -0.8528566 0 -0.8528566 1 0.006128609 0 0.006128609 1 0.5113375 0 -0.3476477 1 -0.3476477 0 -0.3476477 1 0.5113375 0 0.5113375 1 1.015972 0 0.156987 1 0.156987 0 0.156987 1 1.015972 0 1.015972 1 1.516493 0 0.657508 1 0.657508 0 0.657508 1 1.516493 0 1.516493 1 2.00939 1 1.150405 0 2.00939 0 1.150405 0 2.00939 1 1.150405 1 2.491204 1 1.632219 0 2.491204 0 1.632219 0 2.491204 1 1.632219 1 2.958558 1 2.099572 0 2.958558 0 2.099572 0 2.958558 1 2.099572 1 3.408171 1 2.549186 0 3.408171 0 2.549186 0 3.408171 1 2.549186 1 3.836892 1 2.977906 0 3.836892 0 2.977906 0 3.836892 1 2.977906 1 4.241711 1 3.382726 0 4.241711 0 3.382726 0 4.241711 1 3.382726 1 4.619791 1 3.760806 0 4.619791 0 3.760806 0 4.619791 1 3.760806 1 4.968479 1 4.454335 0 4.968479 0 4.454335 0 4.968479 1 4.454335 1 4.454335 1 4.109494 0 4.454335 0 4.109494 0 4.454335 1 4.109494 1 5.28533 1 5.238125 0 5.28533 0 5.238125 0 5.28533 1 5.238125 1 5.238125 1 4.940488 0 5.238125 0 4.940488 0 5.238125 1 4.940488 1</float_array>
          <technique_common>
            <accessor source="#ID132-mesh-map-0-array" count="210" stride="2">
              <param name="S" type="float"/>
              <param name="T" type="float"/>
            </accessor>
          </technique_common>
        </source>
        <vertices id="ID132-mesh-vertices">
          <input semantic="POSITION" source="#ID132-mesh-positions"/>
        </vertices>
        <triangles material="__-material" count="70">
          <input semantic="VERTEX" source="#ID132-mesh-vertices" offset="0"/>
          <input semantic="NORMAL" source="#ID132-mesh-normals" offset="1"/>
          <input semantic="TEXCOORD" source="#ID132-mesh-map-0" offset="2" set="0"/>
          <p>0 0 0 1 1 1 2 2 2 1 1 3 0 0 4 3 3 5 3 3 6 4 4 7 1 1 8 4 4 9 3 3 10 5 5 11 5 5 12 6 6 13 4 4 14 6 6 15 5 5 16 7 7 17 7 7 18 8 8 19 6 6 20 8 8 21 7 7 22 9 9 23 9 9 24 10 10 25 8 8 26 10 10 27 9 9 28 11 11 29 10 10 30 12 12 31 13 13 32 12 12 33 10 10 34 11 11 35 13 13 36 14 14 37 15 15 38 14 14 39 13 13 40 12 12 41 15 15 42 16 16 43 17 17 44 16 16 45 15 15 46 14 14 47 17 17 48 18 18 49 19 19 50 18 18 51 17 17 52 16 16 53 19 19 54 20 20 55 21 21 56 20 20 57 19 19 58 18 18 59 21 21 60 22 22 61 23 22 62 22 22 63 21 21 64 20 20 65 23 22 66 24 23 67 25 24 68 24 23 69 23 22 70 22 22 71 25 24 72 26 25 73 27 26 74 26 25 75 25 24 76 24 23 77 27 26 78 28 27 79 29 28 80 28 27 81 27 26 82 26 25 83 29 28 84 30 29 85 31 30 86 30 29 87 29 28 88 28 27 89 31 30 90 32 31 91 33 32 92 32 31 93 31 30 94 30 29 95 33 32 96 34 33 97 35 34 98 34 33 99 33 32 100 32 31 101 35 34 102 36 35 103 37 36 104 36 35 105 35 34 106 34 33 107 37 36 108 38 37 109 39 38 110 38 37 111 37 36 112 36 35 113 39 38 114 40 39 115 41 40 116 40 39 117 39 38 118 38 37 119 41 40 120 42 41 121 43 42 122 42 41 123 41 40 124 40 39 125 43 42 126 44 43 127 45 44 128 44 43 129 43 42 130 42 41 131 45 44 132 46 45 133 47 46 134 46 45 135 45 44 136 44 43 137 47 46 138 48 47 139 49 48 140 48 47 141 47 46 142 46 45 143 48 47 144 50 49 145 49 48 146 50 49 147 48 47 148 51 50 149 51 50 150 52 51 151 50 49 152 52 51 153 51 50 154 53 52 155 53 52 156 54 53 157 52 51 158 54 53 159 53 52 160 55 54 161 55 54 162 56 55 163 54 53 164 56 55 165 55 54 166 57 56 167 57 56 168 58 57 169 56 55 170 58 57 171 57 56 172 59 58 173 59 58 174 60 59 175 58 57 176 60 59 177 59 58 178 61 60 179 61 60 180 62 61 181 60 59 182 62 61 183 61 60 184 63 62 185 63 62 186 64 63 187 62 61 188 64 63 189 63 62 190 65 64 191 66 65 192 67 66 193 68 67 194 67 66 195 66 65 196 69 68 197 69 68 198 70 69 199 67 66 200 70 69 201 69 68 202 71 70 203 72 71 204 73 71 205 74 71 206 73 72 207 72 72 208 75 72 209</p>
        </triangles>
      </mesh>
    </geometry>
    <geometry id="ID126-mesh" name="ID126">
      <mesh>
        <source id="ID126-mesh-positions">
          <float_array id="ID126-mesh-positions-array" count="24">69.52929 1317.454 19.68504 -1110.156 934.1507 0 69.52929 1317.454 0 -1110.156 934.1507 19.68504 -1110.156 934.1507 19.68504 -1223.394 897.3575 0 -1110.156 934.1507 0 -1223.394 897.3575 19.68504</float_array>
          <technique_common>
            <accessor source="#ID126-mesh-positions-array" count="8" stride="3">
              <param name="X" type="float"/>
              <param name="Y" type="float"/>
              <param name="Z" type="float"/>
            </accessor>
          </technique_common>
        </source>
        <source id="ID126-mesh-normals">
          <float_array id="ID126-mesh-normals-array" count="12">0.3090173 -0.9510564 0 0.3090173 -0.9510564 0 0.3090168 -0.9510567 0 0.3090163 -0.9510568 0</float_array>
          <technique_common>
            <accessor source="#ID126-mesh-normals-array" count="4" stride="3">
              <param name="X" type="float"/>
              <param name="Y" type="float"/>
              <param name="Z" type="float"/>
            </accessor>
          </technique_common>
        </source>
        <vertices id="ID126-mesh-vertices">
          <input semantic="POSITION" source="#ID126-mesh-positions"/>
        </vertices>
        <triangles material="Color_M00-material" count="4">
          <input semantic="VERTEX" source="#ID126-mesh-vertices" offset="0"/>
          <input semantic="NORMAL" source="#ID126-mesh-normals" offset="1"/>
          <p>0 0 1 0 2 0 1 1 0 1 3 1 4 2 5 2 6 2 5 3 4 3 7 3</p>
        </triangles>
      </mesh>
    </geometry>
    <geometry id="ID118-mesh" name="ID118">
      <mesh>
        <source id="ID118-mesh-positions">
          <float_array id="ID118-mesh-positions-array" count="54">184.9629 1493.279 0 178.6434 1445.278 19.68504 178.6434 1445.278 0 184.9629 1493.279 19.68504 176.7156 1440.623 19.68504 176.7156 1440.623 0 176.7156 1440.623 0 159.7652 1399.701 19.68504 159.7652 1399.701 0 176.7156 1440.623 19.68504 129.7343 1360.564 19.68504 129.7343 1360.564 0 87.2269 1327.947 0 87.2269 1327.947 19.68504 87.2269 1327.947 19.68504 69.52929 1317.454 0 87.2269 1327.947 0 69.52929 1317.454 19.68504</float_array>
          <technique_common>
            <accessor source="#ID118-mesh-positions-array" count="18" stride="3">
              <param name="X" type="float"/>
              <param name="Y" type="float"/>
              <param name="Z" type="float"/>
            </accessor>
          </technique_common>
        </source>
        <source id="ID118-mesh-normals">
          <float_array id="ID118-mesh-normals-array" count="48">0.9914448 -0.1305269 0 0.965934 -0.2587887 0 0.9659346 -0.2587866 0 0.9914448 -0.130527 0 0.9239057 -0.3826203 0 0.9239029 -0.3826274 0 0.9238799 -0.3826826 0 0.8660243 -0.500002 0 0.8660273 -0.4999968 0 0.9238799 -0.3826827 0 0.7071065 -0.7071071 0 0.7071063 -0.7071074 0 0.6087614 -0.7933534 0 0.6087614 -0.7933534 0 0.5099986 -0.8601753 0 0.5099981 -0.8601757 0</float_array>
          <technique_common>
            <accessor source="#ID118-mesh-normals-array" count="16" stride="3">
              <param name="X" type="float"/>
              <param name="Y" type="float"/>
              <param name="Z" type="float"/>
            </accessor>
          </technique_common>
        </source>
        <source id="ID118-mesh-map-0">
          <float_array id="ID118-mesh-map-0-array" count="72">10.63407 0 10.29189 1 10.29189 0 10.29189 1 10.63407 0 10.63407 1 9.920109 0 9.884507 1 9.884507 0 9.884507 1 9.920109 0 9.920109 1 9.884507 0 9.571462 1 9.571462 0 9.571462 1 9.884507 0 9.884507 1 8.535522 0 8.186877 1 8.186877 0 8.186877 1 8.535522 0 8.535522 1 6.581132 1 6.202461 0 6.581132 0 6.202461 0 6.581132 1 6.202461 1 5.316945 1 5.171534 0 5.316945 0 5.171534 0 5.316945 1 5.171534 1</float_array>
          <technique_common>
            <accessor source="#ID118-mesh-map-0-array" count="36" stride="2">
              <param name="S" type="float"/>
              <param name="T" type="float"/>
            </accessor>
          </technique_common>
        </source>
        <vertices id="ID118-mesh-vertices">
          <input semantic="POSITION" source="#ID118-mesh-positions"/>
        </vertices>
        <triangles material="__-material" count="12">
          <input semantic="VERTEX" source="#ID118-mesh-vertices" offset="0"/>
          <input semantic="NORMAL" source="#ID118-mesh-normals" offset="1"/>
          <input semantic="TEXCOORD" source="#ID118-mesh-map-0" offset="2" set="0"/>
          <p>0 0 0 1 1 1 2 2 2 1 1 3 0 0 4 3 3 5 2 2 6 4 4 7 5 5 8 4 4 9 2 2 10 1 1 11 6 6 12 7 7 13 8 8 14 7 7 15 6 6 16 9 9 17 8 8 18 10 10 19 11 11 20 10 10 21 8 8 22 7 7 23 10 10 24 12 12 25 11 11 26 12 12 27 10 10 28 13 13 29 14 14 30 15 14 31 16 14 32 15 15 33 14 15 34 17 15 35</p>
        </triangles>
      </mesh>
    </geometry>
    <geometry id="ID112-mesh" name="ID112">
      <mesh>
        <source id="ID112-mesh-positions">
          <float_array id="ID112-mesh-positions-array" count="12">184.9629 1772.404 0 184.9629 1493.279 19.68504 184.9629 1493.279 0 184.9629 1772.404 19.68504</float_array>
          <technique_common>
            <accessor source="#ID112-mesh-positions-array" count="4" stride="3">
              <param name="X" type="float"/>
              <param name="Y" type="float"/>
              <param name="Z" type="float"/>
            </accessor>
          </technique_common>
        </source>
        <source id="ID112-mesh-normals">
          <float_array id="ID112-mesh-normals-array" count="3">1 0 0</float_array>
          <technique_common>
            <accessor source="#ID112-mesh-normals-array" count="1" stride="3">
              <param name="X" type="float"/>
              <param name="Y" type="float"/>
              <param name="Z" type="float"/>
            </accessor>
          </technique_common>
        </source>
        <vertices id="ID112-mesh-vertices">
          <input semantic="POSITION" source="#ID112-mesh-positions"/>
        </vertices>
        <triangles material="Color_M00-material" count="2">
          <input semantic="VERTEX" source="#ID112-mesh-vertices" offset="0"/>
          <input semantic="NORMAL" source="#ID112-mesh-normals" offset="1"/>
          <p>0 0 1 0 2 0 1 0 0 0 3 0</p>
        </triangles>
      </mesh>
    </geometry>
    <geometry id="ID104_001-mesh" name="ID104.001">
      <mesh>
        <source id="ID104_001-mesh-positions">
          <float_array id="ID104_001-mesh-positions-array" count="78">839.4304 1859.458 19.68504 850.8913 1772.404 0 850.8913 1772.404 19.68504 839.4304 1859.458 0 806.1791 1939.734 19.68504 806.1791 1939.734 0 753.2839 2008.668 19.68504 753.2839 2008.668 0 684.3495 2061.563 19.68504 684.3495 2061.563 0 604.0737 2094.815 19.68504 604.0737 2094.815 0 517.9271 2106.156 19.68504 517.9271 2106.156 0 431.7806 2094.815 19.68504 431.7806 2094.815 0 351.5048 2061.563 0 351.5048 2061.563 19.68504 282.5704 2008.668 0 282.5704 2008.668 19.68504 229.6751 1939.734 19.68504 229.6751 1939.734 0 196.4238 1859.458 19.68504 196.4238 1859.458 0 184.9629 1772.404 19.68504 184.9629 1772.404 0</float_array>
          <technique_common>
            <accessor source="#ID104_001-mesh-positions-array" count="26" stride="3">
              <param name="X" type="float"/>
              <param name="Y" type="float"/>
              <param name="Z" type="float"/>
            </accessor>
          </technique_common>
        </source>
        <source id="ID104_001-mesh-normals">
          <float_array id="ID104_001-mesh-normals-array" count="78">-0.9659254 -0.2588209 0 -0.9914448 -0.1305267 0 -0.9914448 -0.130527 0 -0.9659265 -0.2588164 0 -0.8660239 -0.5000026 0 -0.8660262 -0.4999986 0 -0.7071034 -0.7071102 0 -0.7071065 -0.7071071 0 -0.5000008 -0.8660249 0 -0.5000046 -0.8660229 0 -0.2588182 -0.9659261 0 -0.2588223 -0.965925 0 2.19594e-6 -1 0 -2.03448e-6 -1 0 0.2588203 -0.9659256 0 0.2588203 -0.9659255 0 0.5000045 -0.8660228 0 0.5000009 -0.8660249 0 0.7071044 -0.7071092 0 0.7071044 -0.7071093 0 0.8660259 -0.4999992 0 0.8660238 -0.5000029 0 0.9659266 -0.2588166 0 0.9659254 -0.2588206 0 0.9914448 -0.1305264 0 0.9914449 -0.1305264 0</float_array>
          <technique_common>
            <accessor source="#ID104_001-mesh-normals-array" count="26" stride="3">
              <param name="X" type="float"/>
              <param name="Y" type="float"/>
              <param name="Z" type="float"/>
            </accessor>
          </technique_common>
        </source>
        <source id="ID104_001-mesh-map-0">
          <float_array id="ID104_001-mesh-map-0-array" count="144">-12.2549 1 -11.63433 0 -11.63433 1 -11.63433 0 -12.2549 1 -12.2549 0 -10.4851 1 -9.871009 0 -9.871009 1 -9.871009 0 -10.4851 1 -10.4851 0 -8.021693 1 -7.407598 0 -7.407598 1 -7.407598 0 -8.021693 1 -8.021693 0 -4.418446 0 -5.032539 1 -5.032539 0 -5.032539 1 -4.418446 0 -4.418446 1 -1.10726 0 -1.721353 1 -1.721353 0 -1.721353 1 -1.10726 0 -1.10726 1 2.300308 0 1.686215 1 1.686215 0 1.686215 1 2.300308 0 2.300308 1 5.57204 0 4.957946 1 4.957946 0 4.957946 1 5.57204 0 5.57204 1 8.484972 1 7.870877 0 8.484972 0 7.870877 0 8.484972 1 7.870877 1 10.84059 1 10.2265 0 10.84059 0 10.2265 0 10.84059 1 10.2265 1 12.47836 0 11.86427 1 11.86427 0 11.86427 1 12.47836 0 12.47836 1 13.28668 0 12.67259 1 12.67259 0 12.67259 1 13.28668 0 13.28668 1 13.21046 0 12.5899 1 12.5899 0 12.5899 1 13.21046 0 13.21046 1</float_array>
          <technique_common>
            <accessor source="#ID104_001-mesh-map-0-array" count="72" stride="2">
              <param name="S" type="float"/>
              <param name="T" type="float"/>
            </accessor>
          </technique_common>
        </source>
        <vertices id="ID104_001-mesh-vertices">
          <input semantic="POSITION" source="#ID104_001-mesh-positions"/>
        </vertices>
        <triangles material="__-material" count="24">
          <input semantic="VERTEX" source="#ID104_001-mesh-vertices" offset="0"/>
          <input semantic="NORMAL" source="#ID104_001-mesh-normals" offset="1"/>
          <input semantic="TEXCOORD" source="#ID104_001-mesh-map-0" offset="2" set="0"/>
          <p>0 0 0 1 1 1 2 2 2 1 1 3 0 0 4 3 3 5 4 4 6 3 3 7 0 0 8 3 3 9 4 4 10 5 5 11 6 6 12 5 5 13 4 4 14 5 5 15 6 6 16 7 7 17 7 7 18 8 8 19 9 9 20 8 8 21 7 7 22 6 6 23 9 9 24 10 10 25 11 11 26 10 10 27 9 9 28 8 8 29 11 11 30 12 12 31 13 13 32 12 12 33 11 11 34 10 10 35 13 13 36 14 14 37 15 15 38 14 14 39 13 13 40 12 12 41 14 14 42 16 16 43 15 15 44 16 16 45 14 14 46 17 17 47 17 17 48 18 18 49 16 16 50 18 18 51 17 17 52 19 19 53 18 18 54 20 20 55 21 21 56 20 20 57 18 18 58 19 19 59 21 21 60 22 22 61 23 23 62 22 22 63 21 21 64 20 20 65 23 23 66 24 24 67 25 25 68 24 24 69 23 23 70 22 22 71</p>
        </triangles>
      </mesh>
    </geometry>
    <geometry id="ID98_001-mesh" name="ID98.001">
      <mesh>
        <source id="ID98_001-mesh-positions">
          <float_array id="ID98_001-mesh-positions-array" count="12">850.8913 1772.404 19.68504 850.8913 1525.43 0 850.8913 1525.43 19.68504 850.8913 1772.404 0</float_array>
          <technique_common>
            <accessor source="#ID98_001-mesh-positions-array" count="4" stride="3">
              <param name="X" type="float"/>
              <param name="Y" type="float"/>
              <param name="Z" type="float"/>
            </accessor>
          </technique_common>
        </source>
        <source id="ID98_001-mesh-normals">
          <float_array id="ID98_001-mesh-normals-array" count="3">-1 0 0</float_array>
          <technique_common>
            <accessor source="#ID98_001-mesh-normals-array" count="1" stride="3">
              <param name="X" type="float"/>
              <param name="Y" type="float"/>
              <param name="Z" type="float"/>
            </accessor>
          </technique_common>
        </source>
        <vertices id="ID98_001-mesh-vertices">
          <input semantic="POSITION" source="#ID98_001-mesh-positions"/>
        </vertices>
        <triangles material="Color_M00-material" count="2">
          <input semantic="VERTEX" source="#ID98_001-mesh-vertices" offset="0"/>
          <input semantic="NORMAL" source="#ID98_001-mesh-normals" offset="1"/>
          <p>0 0 1 0 2 0 1 0 0 0 3 0</p>
        </triangles>
      </mesh>
    </geometry>
    <geometry id="ID90-mesh" name="ID90">
      <mesh>
        <source id="ID90-mesh-positions">
          <float_array id="ID90-mesh-positions-array" count="90">1228.593 1493.279 0 1222.273 1445.278 19.68504 1222.273 1445.278 0 1228.593 1493.279 19.68504 1203.395 1399.701 19.68504 1203.395 1399.701 0 1173.364 1360.564 19.68504 1173.364 1360.564 0 1134.227 1330.534 0 1134.227 1330.534 19.68504 1088.651 1311.655 0 1088.651 1311.655 19.68504 1039.742 1305.216 0 1039.742 1305.216 19.68504 990.8331 1311.655 19.68504 990.8331 1311.655 0 945.257 1330.534 19.68504 945.257 1330.534 0 906.12 1360.564 19.68504 906.12 1360.564 0 876.0891 1399.701 19.68504 876.0891 1399.701 0 857.2109 1445.278 19.68504 857.2109 1445.278 0 850.8913 1493.279 19.68504 850.8913 1493.279 0 850.8913 1525.43 19.68504 850.8913 1493.279 0 850.8913 1493.279 19.68504 850.8913 1525.43 0</float_array>
          <technique_common>
            <accessor source="#ID90-mesh-positions-array" count="30" stride="3">
              <param name="X" type="float"/>
              <param name="Y" type="float"/>
              <param name="Z" type="float"/>
            </accessor>
          </technique_common>
        </source>
        <source id="ID90-mesh-normals">
          <float_array id="ID90-mesh-normals-array" count="81">0.9914437 -0.1305351 0 0.9659247 -0.2588233 0 0.9659264 -0.258817 0 0.9914439 -0.1305341 0 0.8660255 -0.4999998 0 0.8660293 -0.4999935 0 0.7071013 -0.7071124 0 0.7071013 -0.7071123 0 0.4999981 -0.8660265 0 0.5000044 -0.866023 0 0.258823 -0.9659248 0 0.2588297 -0.9659231 0 0 -1 0 0 -1 0 -0.2588297 -0.9659231 0 -0.258823 -0.9659248 0 -0.5000033 -0.8660236 0 -0.4999974 -0.8660269 0 -0.7071037 -0.7071099 0 -0.707099 -0.7071146 0 -0.8660289 -0.499994 0 -0.8660256 -0.4999997 0 -0.9659274 -0.2588135 0 -0.9659256 -0.2588198 0 -0.9914444 -0.13053 0 -0.9914444 -0.13053 0 -1 0 0</float_array>
          <technique_common>
            <accessor source="#ID90-mesh-normals-array" count="27" stride="3">
              <param name="X" type="float"/>
              <param name="Y" type="float"/>
              <param name="Z" type="float"/>
            </accessor>
          </technique_common>
        </source>
        <source id="ID90-mesh-map-0">
          <float_array id="ID90-mesh-map-0-array" count="156">11.59681 0 11.25463 1 11.25463 0 11.25463 1 11.59681 0 11.59681 1 12.74272 0 12.39407 1 12.39407 0 12.39407 1 12.74272 0 12.74272 1 13.02565 0 12.677 1 12.677 0 12.677 1 13.02565 0 13.02565 1 12.43278 1 12.08413 0 12.43278 0 12.08413 0 12.43278 1 12.08413 1 11.00452 1 10.65587 0 11.00452 0 10.65587 0 11.00452 1 10.65587 1 8.838196 1 8.489549 0 8.838196 0 8.489549 0 8.838196 1 8.489549 1 6.081446 0 5.732798 1 5.732798 0 5.732798 1 6.081446 0 6.081446 1 2.922134 0 2.573487 1 2.573487 0 2.573487 1 2.922134 0 2.922134 1 -0.4244358 0 -0.773083 1 -0.773083 0 -0.773083 1 -0.4244358 0 -0.4244358 1 -4.078849 1 -3.730201 0 -3.730201 1 -3.730201 0 -4.078849 1 -4.078849 0 -7.118527 1 -6.76988 0 -6.76988 1 -6.76988 0 -7.118527 1 -7.118527 0 -9.678503 1 -9.336323 0 -9.336323 1 -9.336323 0 -9.678503 1 -9.678503 0 -10.78095 1 -10.55373 0 -10.55373 1 -10.55373 0 -10.78095 1 -10.78095 0</float_array>
          <technique_common>
            <accessor source="#ID90-mesh-map-0-array" count="78" stride="2">
              <param name="S" type="float"/>
              <param name="T" type="float"/>
            </accessor>
          </technique_common>
        </source>
        <vertices id="ID90-mesh-vertices">
          <input semantic="POSITION" source="#ID90-mesh-positions"/>
        </vertices>
        <triangles material="__-material" count="26">
          <input semantic="VERTEX" source="#ID90-mesh-vertices" offset="0"/>
          <input semantic="NORMAL" source="#ID90-mesh-normals" offset="1"/>
          <input semantic="TEXCOORD" source="#ID90-mesh-map-0" offset="2" set="0"/>
          <p>0 0 0 1 1 1 2 2 2 1 1 3 0 0 4 3 3 5 2 2 6 4 4 7 5 5 8 4 4 9 2 2 10 1 1 11 5 5 12 6 6 13 7 7 14 6 6 15 5 5 16 4 4 17 6 6 18 8 8 19 7 7 20 8 8 21 6 6 22 9 9 23 9 9 24 10 10 25 8 8 26 10 10 27 9 9 28 11 11 29 11 11 30 12 12 31 10 10 32 12 12 33 11 11 34 13 13 35 12 12 36 14 14 37 15 15 38 14 14 39 12 12 40 13 13 41 15 15 42 16 16 43 17 17 44 16 16 45 15 15 46 14 14 47 17 17 48 18 18 49 19 19 50 18 18 51 17 17 52 16 16 53 20 20 54 19 19 55 18 18 56 19 19 57 20 20 58 21 21 59 22 22 60 21 21 61 20 20 62 21 21 63 22 22 64 23 23 65 24 24 66 23 23 67 22 22 68 23 23 69 24 24 70 25 25 71 26 26 72 27 26 73 28 26 74 27 26 75 26 26 76 29 26 77</p>
        </triangles>
      </mesh>
    </geometry>
    <geometry id="ID84-mesh" name="ID84">
      <mesh>
        <source id="ID84-mesh-positions">
          <float_array id="ID84-mesh-positions-array" count="24">1228.593 1632.841 0 1228.593 1525.43 19.68504 1228.593 1525.43 0 1228.593 1632.841 19.68504 1228.593 1525.43 0 1228.593 1493.279 19.68504 1228.593 1493.279 0 1228.593 1525.43 19.68504</float_array>
          <technique_common>
            <accessor source="#ID84-mesh-positions-array" count="8" stride="3">
              <param name="X" type="float"/>
              <param name="Y" type="float"/>
              <param name="Z" type="float"/>
            </accessor>
          </technique_common>
        </source>
        <source id="ID84-mesh-normals">
          <float_array id="ID84-mesh-normals-array" count="3">1 0 0</float_array>
          <technique_common>
            <accessor source="#ID84-mesh-normals-array" count="1" stride="3">
              <param name="X" type="float"/>
              <param name="Y" type="float"/>
              <param name="Z" type="float"/>
            </accessor>
          </technique_common>
        </source>
        <vertices id="ID84-mesh-vertices">
          <input semantic="POSITION" source="#ID84-mesh-positions"/>
        </vertices>
        <triangles material="Color_M00-material" count="4">
          <input semantic="VERTEX" source="#ID84-mesh-vertices" offset="0"/>
          <input semantic="NORMAL" source="#ID84-mesh-normals" offset="1"/>
          <p>0 0 1 0 2 0 1 0 0 0 3 0 4 0 5 0 6 0 5 0 4 0 7 0</p>
        </triangles>
      </mesh>
    </geometry>
    <geometry id="ID76-mesh" name="ID76">
      <mesh>
        <source id="ID76-mesh-positions">
          <float_array id="ID76-mesh-positions-array" count="42">1562.465 1966.713 0 1475.411 1955.252 19.68504 1475.411 1955.252 0 1562.465 1966.713 19.68504 1395.135 1922.001 0 1395.135 1922.001 19.68504 1326.2 1869.106 0 1326.2 1869.106 19.68504 1273.305 1800.171 19.68504 1273.305 1800.171 0 1240.054 1719.895 19.68504 1240.054 1719.895 0 1228.593 1632.841 19.68504 1228.593 1632.841 0</float_array>
          <technique_common>
            <accessor source="#ID76-mesh-positions-array" count="14" stride="3">
              <param name="X" type="float"/>
              <param name="Y" type="float"/>
              <param name="Z" type="float"/>
            </accessor>
          </technique_common>
        </source>
        <source id="ID76-mesh-normals">
          <float_array id="ID76-mesh-normals-array" count="42">0.1305278 -0.9914447 0 0.2588177 -0.9659262 0 0.2588177 -0.9659263 0 0.1305277 -0.9914447 0 0.4999973 -0.8660269 0 0.4999939 -0.8660291 0 0.707107 -0.7071067 0 0.7071068 -0.7071068 0 0.8660292 -0.4999935 0 0.8660272 -0.499997 0 0.9659266 -0.2588163 0 0.9659256 -0.2588202 0 0.9914448 -0.1305273 0 0.9914448 -0.130527 0</float_array>
          <technique_common>
            <accessor source="#ID76-mesh-normals-array" count="14" stride="3">
              <param name="X" type="float"/>
              <param name="Y" type="float"/>
              <param name="Z" type="float"/>
            </accessor>
          </technique_common>
        </source>
        <source id="ID76-mesh-map-0">
          <float_array id="ID76-mesh-map-0-array" count="72">12.7625 0 12.14194 1 12.14194 0 12.14194 1 12.7625 0 12.7625 1 14.9219 1 14.3078 0 14.9219 0 14.3078 0 14.9219 1 14.3078 1 16.09178 1 15.47769 0 16.09178 0 15.47769 0 16.09178 1 15.47769 1 16.18596 0 15.57187 1 15.57187 0 15.57187 1 16.18596 0 16.18596 1 15.19802 0 14.58393 1 14.58393 0 14.58393 1 15.19802 0 15.19802 1 13.19529 0 12.57472 1 12.57472 0 12.57472 1 13.19529 0 13.19529 1</float_array>
          <technique_common>
            <accessor source="#ID76-mesh-map-0-array" count="36" stride="2">
              <param name="S" type="float"/>
              <param name="T" type="float"/>
            </accessor>
          </technique_common>
        </source>
        <vertices id="ID76-mesh-vertices">
          <input semantic="POSITION" source="#ID76-mesh-positions"/>
        </vertices>
        <triangles material="__-material" count="12">
          <input semantic="VERTEX" source="#ID76-mesh-vertices" offset="0"/>
          <input semantic="NORMAL" source="#ID76-mesh-normals" offset="1"/>
          <input semantic="TEXCOORD" source="#ID76-mesh-map-0" offset="2" set="0"/>
          <p>0 0 0 1 1 1 2 2 2 1 1 3 0 0 4 3 3 5 1 1 6 4 4 7 2 2 8 4 4 9 1 1 10 5 5 11 5 5 12 6 6 13 4 4 14 6 6 15 5 5 16 7 7 17 6 6 18 8 8 19 9 9 20 8 8 21 6 6 22 7 7 23 9 9 24 10 10 25 11 11 26 10 10 27 9 9 28 8 8 29 11 11 30 12 12 31 13 13 32 12 12 33 11 11 34 10 10 35</p>
        </triangles>
      </mesh>
    </geometry>
    <geometry id="ID70-mesh" name="ID70">
      <mesh>
        <source id="ID70-mesh-positions">
          <float_array id="ID70-mesh-positions-array" count="12">1833.606 1966.713 0 1562.465 1966.713 19.68504 1562.465 1966.713 0 1833.606 1966.713 19.68504</float_array>
          <technique_common>
            <accessor source="#ID70-mesh-positions-array" count="4" stride="3">
              <param name="X" type="float"/>
              <param name="Y" type="float"/>
              <param name="Z" type="float"/>
            </accessor>
          </technique_common>
        </source>
        <source id="ID70-mesh-normals">
          <float_array id="ID70-mesh-normals-array" count="3">0 -1 0</float_array>
          <technique_common>
            <accessor source="#ID70-mesh-normals-array" count="1" stride="3">
              <param name="X" type="float"/>
              <param name="Y" type="float"/>
              <param name="Z" type="float"/>
            </accessor>
          </technique_common>
        </source>
        <vertices id="ID70-mesh-vertices">
          <input semantic="POSITION" source="#ID70-mesh-positions"/>
        </vertices>
        <triangles material="Color_M00-material" count="2">
          <input semantic="VERTEX" source="#ID70-mesh-vertices" offset="0"/>
          <input semantic="NORMAL" source="#ID70-mesh-normals" offset="1"/>
          <p>0 0 1 0 2 0 1 0 0 0 3 0</p>
        </triangles>
      </mesh>
    </geometry>
    <geometry id="ID62_001-mesh" name="ID62.001">
      <mesh>
        <source id="ID62_001-mesh-positions">
          <float_array id="ID62_001-mesh-positions-array" count="54">2156.017 1719.895 19.68504 2167.478 1632.841 0 2167.478 1632.841 19.68504 2156.017 1719.895 0 2122.765 1800.171 19.68504 2122.765 1800.171 0 2069.87 1869.106 19.68504 2069.87 1869.106 0 2000.936 1922.001 19.68504 2000.936 1922.001 0 2000.936 1922.001 0 1920.66 1955.252 19.68504 1920.66 1955.252 0 2000.936 1922.001 19.68504 1920.66 1955.252 0 1833.606 1966.713 19.68504 1833.606 1966.713 0 1920.66 1955.252 19.68504</float_array>
          <technique_common>
            <accessor source="#ID62_001-mesh-positions-array" count="18" stride="3">
              <param name="X" type="float"/>
              <param name="Y" type="float"/>
              <param name="Z" type="float"/>
            </accessor>
          </technique_common>
        </source>
        <source id="ID62_001-mesh-normals">
          <float_array id="ID62_001-mesh-normals-array" count="36">-0.9659247 -0.2588233 0 -0.9914448 -0.130527 0 -0.9659258 -0.2588196 0 -0.8660229 -0.5000046 0 -0.866025 -0.500001 0 -0.7071081 -0.7071055 0 -0.7071112 -0.7071024 0 -0.6087625 -0.7933526 0 -0.6087622 -0.7933529 0 -0.382678 -0.9238818 0 -0.3826796 -0.9238811 0 -0.1305286 -0.9914446 0</float_array>
          <technique_common>
            <accessor source="#ID62_001-mesh-normals-array" count="12" stride="3">
              <param name="X" type="float"/>
              <param name="Y" type="float"/>
              <param name="Z" type="float"/>
            </accessor>
          </technique_common>
        </source>
        <source id="ID62_001-mesh-map-0">
          <float_array id="ID62_001-mesh-map-0-array" count="72">-10.06244 1 -9.441878 0 -9.441878 1 -9.441878 0 -10.06244 1 -10.06244 0 -6.012977 1 -5.398884 0 -5.398884 1 -5.398884 0 -6.012977 1 -6.012977 0 -1.574665 1 -0.9605719 0 -0.9605719 1 -0.9605719 0 -1.574665 1 -1.574665 0 3.564126 0 2.950033 1 2.950033 0 2.950033 1 3.564126 0 3.564126 1 7.866859 0 7.252766 1 7.252766 0 7.252766 1 7.866859 0 7.866859 1 11.6544 0 11.03384 1 11.03384 0 11.03384 1 11.6544 0 11.6544 1</float_array>
          <technique_common>
            <accessor source="#ID62_001-mesh-map-0-array" count="36" stride="2">
              <param name="S" type="float"/>
              <param name="T" type="float"/>
            </accessor>
          </technique_common>
        </source>
        <vertices id="ID62_001-mesh-vertices">
          <input semantic="POSITION" source="#ID62_001-mesh-positions"/>
        </vertices>
        <triangles material="__-material" count="12">
          <input semantic="VERTEX" source="#ID62_001-mesh-vertices" offset="0"/>
          <input semantic="NORMAL" source="#ID62_001-mesh-normals" offset="1"/>
          <input semantic="TEXCOORD" source="#ID62_001-mesh-map-0" offset="2" set="0"/>
          <p>0 0 0 1 1 1 2 1 2 1 1 3 0 0 4 3 2 5 4 3 6 3 2 7 0 0 8 3 2 9 4 3 10 5 4 11 6 5 12 5 4 13 4 3 14 5 4 15 6 5 16 7 6 17 7 6 18 8 7 19 9 8 20 8 7 21 7 6 22 6 5 23 10 9 24 11 9 25 12 9 26 11 10 27 10 10 28 13 10 29 14 11 30 15 11 31 16 11 32 15 11 33 14 11 34 17 11 35</p>
        </triangles>
      </mesh>
    </geometry>
    <geometry id="ID54-mesh" name="ID54">
      <mesh>
        <source id="ID54-mesh-positions">
          <float_array id="ID54-mesh-positions-array" count="78">-3.010408 -972.0013 19.68504 837.739 -972.0013 0 -3.010408 -972.0013 0 837.739 -972.0013 19.68504 872.0303 -972.0013 0 872.0303 -972.0013 19.68504 1313.606 -972.0013 0 1313.606 -972.0013 19.68504 1313.606 -972.0013 19.68504 1361.607 -978.3209 0 1313.606 -972.0013 0 1361.607 -978.3209 19.68504 1407.184 -997.1991 0 1407.184 -997.1991 19.68504 1446.321 -1027.23 0 1446.321 -1027.23 19.68504 1476.351 -1066.367 19.68504 1476.351 -1066.367 0 1495.23 -1111.943 19.68504 1495.23 -1111.943 0 1501.549 -1159.945 19.68504 1501.549 -1159.945 0 1501.549 -1159.945 0 1501.549 -1772.404 19.68504 1501.549 -1772.404 0 1501.549 -1159.945 19.68504</float_array>
          <technique_common>
            <accessor source="#ID54-mesh-positions-array" count="26" stride="3">
              <param name="X" type="float"/>
              <param name="Y" type="float"/>
              <param name="Z" type="float"/>
            </accessor>
          </technique_common>
        </source>
        <source id="ID54-mesh-normals">
          <float_array id="ID54-mesh-normals-array" count="48">0 1 0 0.1305286 0.9914445 0 0.2588203 0.9659256 0 0.1305287 0.9914445 0 0.2588137 0.9659273 0 0.5000005 0.8660252 0 0.4999944 0.8660287 0 0.7071117 0.707102 0 0.7071112 0.7071024 0 0.8660273 0.4999969 0 0.8660242 0.5000023 0 0.9659262 0.2588175 0 0.9659246 0.2588238 0 0.9914464 0.130515 0 0.9914463 0.130515 0 1 0 0</float_array>
          <technique_common>
            <accessor source="#ID54-mesh-normals-array" count="16" stride="3">
              <param name="X" type="float"/>
              <param name="Y" type="float"/>
              <param name="Z" type="float"/>
            </accessor>
          </technique_common>
        </source>
        <vertices id="ID54-mesh-vertices">
          <input semantic="POSITION" source="#ID54-mesh-positions"/>
        </vertices>
        <triangles material="Color_M00-material" count="20">
          <input semantic="VERTEX" source="#ID54-mesh-vertices" offset="0"/>
          <input semantic="NORMAL" source="#ID54-mesh-normals" offset="1"/>
          <p>0 0 1 0 2 0 1 0 0 0 3 0 3 0 4 0 1 0 4 0 3 0 5 0 5 0 6 0 4 0 6 0 5 0 7 0 8 1 9 2 10 3 9 2 8 1 11 4 11 4 12 5 9 2 12 5 11 4 13 6 13 6 14 7 12 5 14 7 13 6 15 8 14 7 16 9 17 10 16 9 14 7 15 8 17 10 18 11 19 12 18 11 17 10 16 9 19 12 20 13 21 14 20 13 19 12 18 11 22 15 23 15 24 15 23 15 22 15 25 15</p>
        </triangles>
      </mesh>
    </geometry>
    <geometry id="ID35-mesh" name="ID35">
      <mesh>
        <source id="ID35-mesh-positions">
          <float_array id="ID35-mesh-positions-array" count="270">1.181354 9.706258 0.04999995 2.413793 8.588763 0.04999995 1.181354 4.808429 0.04999995 6.398467 9.706258 0.04999995 2.01788 4.958493 0.04999995 6.398467 8.588763 0.04999995 2.413793 6.060026 0.04999995 3.058748 5.038314 0.04999995 2.867178 6.09834 0.04999995 3.275862 6.111111 0.04999995 3.949553 4.939336 0.04999995 4.508301 5.989783 0.04999995 4.317529 4.804438 0.04999995 4.623244 4.597701 0.04999995 5.003193 5.810983 0.04999995 4.853927 4.358238 0.04999995 5.02235 4.061303 0.04999995 5.478927 5.517241 0.04999995 5.125319 3.690932 0.04999995 5.159642 3.231162 0.04999995 5.168423 0.5443806 0.04999995 5.619413 0.9323116 0.04999995 5.896392 5.114943 0.04999995 5.971424 1.400064 0.04999995 6.203704 4.623244 0.04999995 6.235632 1.947637 0.04999995 6.39288 4.005428 0.04999995 6.400862 2.560664 0.04999995 6.455939 3.224777 0.04999995 0.8812261 1.890166 0.04999995 0.7918263 0.5427842 0.04999995 0.7918263 1.890166 0.04999995 1.938059 0.1500639 0.04999995 1.302682 1.644317 0.04999995 1.909323 1.385696 0.04999995 2.598978 1.178161 0.04999995 2.604566 0.03751587 0.04999995 3.301405 1.104725 0.04999995 3.282248 0 0.04999995 3.987069 0.06226044 0.04999995 4.048531 1.242018 0.04999995 4.620051 0.2490421 0.04999995 4.386973 1.421616 0.04999995 4.67433 1.685824 0.04999995 5.035121 2.34355 0.04999995 5.159642 3.231162 0.04999995 5.035121 2.34355 0.04999995 5.168423 0.5443806 0.04999995 4.67433 1.685824 0.04999995 4.620051 0.2490421 0.04999995 4.386973 1.421616 0.04999995 4.048531 1.242018 0.04999995 3.987069 0.06226044 0.04999995 3.301405 1.104725 0.04999995 3.282248 0 0.04999995 2.604566 0.03751587 0.04999995 2.598978 1.178161 0.04999995 1.938059 0.1500639 0.04999995 1.909323 1.385696 0.04999995 1.302682 1.644317 0.04999995 0.8812261 1.890166 0.04999995 0.7918263 0.5427842 0.04999995 0.7918263 1.890166 0.04999995 6.455939 3.224777 0.04999995 6.39288 4.005428 0.04999995 6.400862 2.560664 0.04999995 6.235632 1.947637 0.04999995 6.203704 4.623244 0.04999995 5.971424 1.400064 0.04999995 5.896392 5.114943 0.04999995 5.619413 0.9323116 0.04999995 5.478927 5.517241 0.04999995 5.125319 3.690932 0.04999995 5.02235 4.061303 0.04999995 5.003193 5.810983 0.04999995 4.853927 4.358238 0.04999995 4.623244 4.597701 0.04999995 4.508301 5.989783 0.04999995 4.317529 4.804438 0.04999995 3.949553 4.939336 0.04999995 3.275862 6.111111 0.04999995 3.058748 5.038314 0.04999995 2.867178 6.09834 0.04999995 2.413793 6.060026 0.04999995 2.413793 8.588763 0.04999995 2.01788 4.958493 0.04999995 6.398467 8.588763 0.04999995 6.398467 9.706258 0.04999995 1.181354 4.808429 0.04999995 1.181354 9.706258 0.04999995</float_array>
          <technique_common>
            <accessor source="#ID35-mesh-positions-array" count="90" stride="3">
              <param name="X" type="float"/>
              <param name="Y" type="float"/>
              <param name="Z" type="float"/>
            </accessor>
          </technique_common>
        </source>
        <source id="ID35-mesh-normals">
          <float_array id="ID35-mesh-normals-array" count="120">0 0 -1 0 0 -1 0 0 -1 0 0 -1 0 0 -1 0 0 -1 0 0 -1 0 0 -1 0 0 -1 0 0 -1 0 0 -1 0 0 -1 0 0 -1 0 0 -1 0 0 -1 0 0 -1 0 0 -1 0 0 -1 0 0 -1 0 0 -1 0 0 -1 0 0 -1 0 0 -1 0 0 -1 0 0 -1 0 0 -1 0 0 1 0 0 1 0 0 1 0 0 1 0 0 1 0 0 1 0 0 1 0 0 1 0 0 1 0 0 1 0 0 1 0 0 1 0 0 1 0 0 1</float_array>
          <technique_common>
            <accessor source="#ID35-mesh-normals-array" count="40" stride="3">
              <param name="X" type="float"/>
              <param name="Y" type="float"/>
              <param name="Z" type="float"/>
            </accessor>
          </technique_common>
        </source>
        <vertices id="ID35-mesh-vertices">
          <input semantic="POSITION" source="#ID35-mesh-positions"/>
        </vertices>
        <triangles material="Color_E05-material" count="86">
          <input semantic="VERTEX" source="#ID35-mesh-vertices" offset="0"/>
          <input semantic="NORMAL" source="#ID35-mesh-normals" offset="1"/>
          <p>0 0 1 0 2 0 1 0 0 0 3 0 2 1 1 1 4 1 1 0 3 0 5 0 4 0 6 0 7 0 6 0 4 0 1 0 7 2 6 2 8 2 7 3 8 3 9 3 7 0 9 0 10 0 10 4 9 4 11 4 10 5 11 5 12 5 12 0 11 0 13 0 13 6 11 6 14 6 13 0 14 0 15 0 15 0 14 0 16 0 16 7 14 7 17 7 16 8 17 8 18 8 18 0 17 0 19 0 19 0 17 0 20 0 20 9 17 9 21 9 21 10 17 10 22 10 21 0 22 0 23 0 23 11 22 11 24 11 23 12 24 12 25 12 25 13 24 13 26 13 25 0 26 0 27 0 27 14 26 14 28 14 29 0 30 0 31 0 30 0 29 0 32 0 32 15 29 15 33 15 32 16 33 16 34 16 32 17 34 17 35 17 32 0 35 0 36 0 36 18 35 18 37 18 36 19 37 19 38 19 38 20 37 20 39 20 39 21 37 21 40 21 39 0 40 0 41 0 41 22 40 22 42 22 41 23 42 23 43 23 41 24 43 24 20 24 20 25 43 25 44 25 20 0 44 0 19 0 45 26 46 26 47 26 46 27 48 27 47 27 47 28 48 28 49 28 48 26 50 26 49 26 50 29 51 29 49 29 49 26 51 26 52 26 51 30 53 30 52 30 52 31 53 31 54 31 54 32 53 32 55 32 53 33 56 33 55 33 55 26 56 26 57 26 56 26 58 26 57 26 58 26 59 26 57 26 59 26 60 26 57 26 57 26 60 26 61 26 62 26 61 26 60 26 63 26 64 26 65 26 65 26 64 26 66 26 64 26 67 26 66 26 66 34 67 34 68 34 67 26 69 26 68 26 68 26 69 26 70 26 69 26 71 26 70 26 70 35 71 35 47 35 47 26 71 26 45 26 45 26 71 26 72 26 72 36 71 36 73 36 71 26 74 26 73 26 73 26 74 26 75 26 75 37 74 37 76 37 74 26 77 26 76 26 76 26 77 26 78 26 78 26 77 26 79 26 77 26 80 26 79 26 79 26 80 26 81 26 80 26 82 26 81 26 82 38 83 38 81 38 84 26 85 26 83 26 81 26 83 26 85 26 86 26 87 26 84 26 85 39 84 39 88 39 87 26 89 26 84 26 88 26 84 26 89 26</p>
        </triangles>
      </mesh>
    </geometry>
    <geometry id="ID27-mesh" name="ID27">
      <mesh>
        <source id="ID27-mesh-positions">
          <float_array id="ID27-mesh-positions-array" count="360">8.835608 9.227931 0.04999995 9.03576 6.615581 0.04999995 8.965517 4.942529 0.04999995 9.359038 9.600096 0.04999995 9.136337 7.292465 0.04999995 9.297574 7.841635 0.04999995 9.53145 8.278259 0.04999995 9.983437 9.823396 0.04999995 9.837165 8.591956 0.04999995 10.22589 8.78113 0.04999995 10.70881 9.89783 0.04999995 10.70881 8.844189 0.04999995 11.44197 9.820801 0.04999995 11.19492 8.78113 0.04999995 11.58046 8.591956 0.04999995 12.07056 9.589719 0.04999995 11.87979 8.28145 0.04999995 12.10728 7.854406 0.04999995 12.59459 9.204584 0.04999995 12.27011 7.314815 0.04999995 12.37548 6.653895 0.04999995 12.45211 4.9553 0.04999995 12.58202 0.6734914 0.04999995 13.00447 1.197318 0.04999995 13.01405 8.66539 0.04999995 13.32994 1.881186 0.04999995 13.33533 7.971344 0.04999995 13.56242 2.735473 0.04999995 13.56481 7.121648 0.04999995 13.70191 3.760177 0.04999995 13.70251 6.116299 0.04999995 13.7484 4.9553 0.04999995 7.715717 6.14284 0.04999995 7.715118 3.771153 0.04999995 7.669221 4.942529 0.04999995 7.85281 2.760217 0.04999995 7.855204 7.170338 0.04999995 8.082298 1.909722 0.04999995 8.087684 8.025026 0.04999995 8.403576 1.219668 0.04999995 8.413155 8.706897 0.04999995 8.823038 0.6860632 0.04999995 9.026183 3.275862 0.04999995 9.347064 0.304917 0.04999995 9.122765 2.640485 0.04999995 9.29119 2.075351 0.04999995 9.515485 1.640326 0.04999995 9.975655 0.07622921 0.04999995 9.81801 1.318646 0.04999995 10.21153 1.119891 0.04999995 10.70881 0 0.04999995 10.70881 1.05364 0.04999995 11.19173 1.116699 0.04999995 11.43419 0.07483237 0.04999995 11.58046 1.305875 0.04999995 12.05859 0.2993295 0.04999995 11.88458 1.619572 0.04999995 12.11367 2.056194 0.04999995 12.27171 2.590996 0.04999995 12.37548 3.250319 0.04999995 12.45211 4.9553 0.04999995 12.37548 3.250319 0.04999995 12.58202 0.6734914 0.04999995 12.27171 2.590996 0.04999995 12.11367 2.056194 0.04999995 12.05859 0.2993295 0.04999995 11.88458 1.619572 0.04999995 11.58046 1.305875 0.04999995 11.43419 0.07483237 0.04999995 11.19173 1.116699 0.04999995 10.70881 0 0.04999995 10.70881 1.05364 0.04999995 10.21153 1.119891 0.04999995 9.975655 0.07622921 0.04999995 9.81801 1.318646 0.04999995 9.515485 1.640326 0.04999995 9.347064 0.304917 0.04999995 9.29119 2.075351 0.04999995 9.122765 2.640485 0.04999995 9.026183 3.275862 0.04999995 8.823038 0.6860632 0.04999995 8.965517 4.942529 0.04999995 8.835608 9.227931 0.04999995 8.413155 8.706897 0.04999995 8.403576 1.219668 0.04999995 8.087684 8.025026 0.04999995 8.082298 1.909722 0.04999995 7.855204 7.170338 0.04999995 7.85281 2.760217 0.04999995 7.715717 6.14284 0.04999995 7.715118 3.771153 0.04999995 7.669221 4.942529 0.04999995 13.7484 4.9553 0.04999995 13.70251 6.116299 0.04999995 13.70191 3.760177 0.04999995 13.56481 7.121648 0.04999995 13.56242 2.735473 0.04999995 13.33533 7.971344 0.04999995 13.32994 1.881186 0.04999995 13.01405 8.66539 0.04999995 13.00447 1.197318 0.04999995 12.59459 9.204584 0.04999995 12.37548 6.653895 0.04999995 12.27011 7.314815 0.04999995 12.10728 7.854406 0.04999995 12.07056 9.589719 0.04999995 11.87979 8.28145 0.04999995 11.58046 8.591956 0.04999995 11.44197 9.820801 0.04999995 11.19492 8.78113 0.04999995 10.70881 8.844189 0.04999995 10.70881 9.89783 0.04999995 10.22589 8.78113 0.04999995 9.983437 9.823396 0.04999995 9.837165 8.591956 0.04999995 9.53145 8.278259 0.04999995 9.359038 9.600096 0.04999995 9.297574 7.841635 0.04999995 9.136337 7.292465 0.04999995 9.03576 6.615581 0.04999995</float_array>
          <technique_common>
            <accessor source="#ID27-mesh-positions-array" count="120" stride="3">
              <param name="X" type="float"/>
              <param name="Y" type="float"/>
              <param name="Z" type="float"/>
            </accessor>
          </technique_common>
        </source>
        <source id="ID27-mesh-normals">
          <float_array id="ID27-mesh-normals-array" count="171">0 0 -1 0 0 -1 0 0 -1 0 0 -1 0 0 -1 0 0 -1 0 0 -1 0 0 -1 0 0 -1 0 0 -1 0 0 -1 0 0 -1 0 0 -1 0 0 -1 0 0 -1 0 0 -1 0 0 -1 0 0 -1 0 0 -1 0 0 -1 0 0 -1 0 0 -1 -1.79402e-7 0 -1 0 0 -1 0 0 -1 0 0 -1 0 0 -1 0 0 -1 0 0 -1 0 0 -1 0 0 -1 0 0 -1 0 0 -1 0 0 -1 0 0 -1 0 0 -1 0 0 1 0 0 1 0 0 1 0 0 1 0 0 1 0 0 1 3.58804e-7 0 1 0 0 1 0 0 1 0 0 1 0 0 1 0 0 1 0 0 1 0 0 1 0 0 1 0 0 1 1.36936e-7 0 1 0 0 1 0 0 1 0 0 1 0 0 1</float_array>
          <technique_common>
            <accessor source="#ID27-mesh-normals-array" count="57" stride="3">
              <param name="X" type="float"/>
              <param name="Y" type="float"/>
              <param name="Z" type="float"/>
            </accessor>
          </technique_common>
        </source>
        <vertices id="ID27-mesh-vertices">
          <input semantic="POSITION" source="#ID27-mesh-positions"/>
        </vertices>
        <triangles material="Color_E05-material" count="120">
          <input semantic="VERTEX" source="#ID27-mesh-vertices" offset="0"/>
          <input semantic="NORMAL" source="#ID27-mesh-normals" offset="1"/>
          <p>0 0 1 0 2 0 1 1 0 1 3 1 1 2 3 2 4 2 4 2 3 2 5 2 5 2 3 2 6 2 6 3 3 3 7 3 6 2 7 2 8 2 8 2 7 2 9 2 9 2 7 2 10 2 9 2 10 2 11 2 11 4 10 4 12 4 11 2 12 2 13 2 13 5 12 5 14 5 14 6 12 6 15 6 14 2 15 2 16 2 16 2 15 2 17 2 17 2 15 2 18 2 17 2 18 2 19 2 19 2 18 2 20 2 20 2 18 2 21 2 21 2 18 2 22 2 22 2 18 2 23 2 23 7 18 7 24 7 23 2 24 2 25 2 25 8 24 8 26 8 25 2 26 2 27 2 27 9 26 9 28 9 27 10 28 10 29 10 29 11 28 11 30 11 29 12 30 12 31 12 32 2 33 2 34 2 33 2 32 2 35 2 35 13 32 13 36 13 35 14 36 14 37 14 37 15 36 15 38 15 37 2 38 2 39 2 39 16 38 16 40 16 39 17 40 17 41 17 41 18 40 18 0 18 41 19 0 19 2 19 41 20 2 20 42 20 41 21 42 21 43 21 43 22 42 22 44 22 43 23 44 23 45 23 43 24 45 24 46 24 43 2 46 2 47 2 47 25 46 25 48 25 47 26 48 26 49 26 47 2 49 2 50 2 50 27 49 27 51 27 50 28 51 28 52 28 50 2 52 2 53 2 53 29 52 29 54 29 53 30 54 30 55 30 55 31 54 31 56 31 55 32 56 32 57 32 55 2 57 2 22 2 22 33 57 33 58 33 22 34 58 34 59 34 22 35 59 35 21 35 60 36 61 36 62 36 61 37 63 37 62 37 63 36 64 36 62 36 62 36 64 36 65 36 64 36 66 36 65 36 66 38 67 38 65 38 65 39 67 39 68 39 67 36 69 36 68 36 68 36 69 36 70 36 69 40 71 40 70 40 71 36 72 36 70 36 70 36 72 36 73 36 72 36 74 36 73 36 74 36 75 36 73 36 73 36 75 36 76 36 75 36 77 36 76 36 77 41 78 41 76 41 78 42 79 42 76 42 76 43 79 43 80 43 79 44 81 44 80 44 81 36 82 36 80 36 82 45 83 45 80 45 80 46 83 46 84 46 83 47 85 47 84 47 84 36 85 36 86 36 85 48 87 48 86 48 86 49 87 49 88 49 87 50 89 50 88 50 88 51 89 51 90 51 91 36 90 36 89 36 92 52 93 52 94 52 93 53 95 53 94 53 94 36 95 36 96 36 95 36 97 36 96 36 96 36 97 36 98 36 97 36 99 36 98 36 98 36 99 36 100 36 99 36 101 36 100 36 100 36 101 36 62 36 62 36 101 36 60 36 60 54 101 54 102 54 102 36 101 36 103 36 103 36 101 36 104 36 101 36 105 36 104 36 104 36 105 36 106 36 106 36 105 36 107 36 105 55 108 55 107 55 107 56 108 56 109 56 109 36 108 36 110 36 108 36 111 36 110 36 110 36 111 36 112 36 111 36 113 36 112 36 112 36 113 36 114 36 114 36 113 36 115 36 113 36 116 36 115 36 115 36 116 36 117 36 117 36 116 36 118 36 118 36 116 36 119 36 116 36 82 36 119 36 81 36 119 36 82 36</p>
        </triangles>
      </mesh>
    </geometry>
    <geometry id="ID21-mesh" name="ID21">
      <mesh>
        <source id="ID21-mesh-positions">
          <float_array id="ID21-mesh-positions-array" count="90">2.291667 8.479408 0.04999995 1.443167 7.541507 0.04999995 1.443167 8.409962 0.04999995 3.167305 7.541507 0.04999995 2.883142 8.68774 0.04999995 3.08928 8.857561 0.04999995 3.244732 9.089241 0.04999995 3.167305 1.168582 0.04999995 1.443167 0.1979566 0.04999995 1.443167 1.168582 0.04999995 6.079183 0.1979566 0.04999995 4.393359 1.168582 0.04999995 3.403576 9.738186 0.04999995 4.393359 9.738186 0.04999995 6.079183 1.168582 0.04999995 6.079183 1.168582 0.04999995 4.393359 1.168582 0.04999995 6.079183 0.1979566 0.04999995 4.393359 9.738186 0.04999995 3.403576 9.738186 0.04999995 3.244732 9.089241 0.04999995 3.167305 1.168582 0.04999995 1.443167 0.1979566 0.04999995 1.443167 1.168582 0.04999995 3.167305 7.541507 0.04999995 3.08928 8.857561 0.04999995 2.883142 8.68774 0.04999995 2.291667 8.479408 0.04999995 1.443167 7.541507 0.04999995 1.443167 8.409962 0.04999995</float_array>
          <technique_common>
            <accessor source="#ID21-mesh-positions-array" count="30" stride="3">
              <param name="X" type="float"/>
              <param name="Y" type="float"/>
              <param name="Z" type="float"/>
            </accessor>
          </technique_common>
        </source>
        <source id="ID21-mesh-normals">
          <float_array id="ID21-mesh-normals-array" count="24">0 0 -1 0 0 -1 0 0 -1 0 0 -1 -1.20795e-7 0 -1 0 0 -1 0 0 1 0 0 1</float_array>
          <technique_common>
            <accessor source="#ID21-mesh-normals-array" count="8" stride="3">
              <param name="X" type="float"/>
              <param name="Y" type="float"/>
              <param name="Z" type="float"/>
            </accessor>
          </technique_common>
        </source>
        <vertices id="ID21-mesh-vertices">
          <input semantic="POSITION" source="#ID21-mesh-positions"/>
        </vertices>
        <triangles material="Color_E05-material" count="26">
          <input semantic="VERTEX" source="#ID21-mesh-vertices" offset="0"/>
          <input semantic="NORMAL" source="#ID21-mesh-normals" offset="1"/>
          <p>0 0 1 0 2 0 1 0 0 0 3 0 3 1 0 1 4 1 3 2 4 2 5 2 3 3 5 3 6 3 3 4 6 4 7 4 7 0 8 0 9 0 8 0 7 0 10 0 10 0 7 0 11 0 11 0 7 0 6 0 11 5 6 5 12 5 11 0 12 0 13 0 10 0 11 0 14 0 15 6 16 6 17 6 18 6 19 6 16 6 19 6 20 6 16 6 20 6 21 6 16 6 16 6 21 6 17 6 17 6 21 6 22 6 23 6 22 6 21 6 21 7 20 7 24 7 20 6 25 6 24 6 25 6 26 6 24 6 26 6 27 6 24 6 24 6 27 6 28 6 29 6 28 6 27 6</p>
        </triangles>
      </mesh>
    </geometry>
    <geometry id="ID13-mesh" name="ID13">
      <mesh>
        <source id="ID13-mesh-positions">
          <float_array id="ID13-mesh-positions-array" count="270">8.320564 9.706258 0.04999995 9.553003 8.588763 0.04999995 8.320564 4.808429 0.04999995 13.53768 9.706258 0.04999995 9.15709 4.958493 0.04999995 13.53768 8.588763 0.04999995 9.553003 6.060026 0.04999995 10.19796 5.038314 0.04999995 10.00639 6.09834 0.04999995 10.41507 6.111111 0.04999995 11.08876 4.939336 0.04999995 11.64751 5.989783 0.04999995 11.45674 4.804438 0.04999995 11.76245 4.597701 0.04999995 12.1424 5.810983 0.04999995 11.99314 4.358238 0.04999995 12.16156 4.061303 0.04999995 12.61814 5.517241 0.04999995 12.26453 3.690932 0.04999995 12.29885 3.231162 0.04999995 12.30763 0.5443806 0.04999995 12.75862 0.9323116 0.04999995 13.0356 5.114943 0.04999995 13.11063 1.400064 0.04999995 13.34291 4.623244 0.04999995 13.37484 1.947637 0.04999995 13.53209 4.005428 0.04999995 13.54007 2.560664 0.04999995 13.59515 3.224777 0.04999995 8.020436 1.890166 0.04999995 7.931034 0.5427842 0.04999995 7.931034 1.890166 0.04999995 9.077267 0.1500639 0.04999995 8.44189 1.644317 0.04999995 9.048531 1.385696 0.04999995 9.738186 1.178161 0.04999995 9.743776 0.03751587 0.04999995 10.44061 1.104725 0.04999995 10.42146 0 0.04999995 11.12628 0.06226044 0.04999995 11.18774 1.242018 0.04999995 11.75926 0.2490421 0.04999995 11.52618 1.421616 0.04999995 11.81354 1.685824 0.04999995 12.17433 2.34355 0.04999995 12.29885 3.231162 0.04999995 12.17433 2.34355 0.04999995 12.30763 0.5443806 0.04999995 11.81354 1.685824 0.04999995 11.75926 0.2490421 0.04999995 11.52618 1.421616 0.04999995 11.18774 1.242018 0.04999995 11.12628 0.06226044 0.04999995 10.44061 1.104725 0.04999995 10.42146 0 0.04999995 9.743776 0.03751587 0.04999995 9.738186 1.178161 0.04999995 9.077267 0.1500639 0.04999995 9.048531 1.385696 0.04999995 8.44189 1.644317 0.04999995 8.020436 1.890166 0.04999995 7.931034 0.5427842 0.04999995 7.931034 1.890166 0.04999995 13.59515 3.224777 0.04999995 13.53209 4.005428 0.04999995 13.54007 2.560664 0.04999995 13.37484 1.947637 0.04999995 13.34291 4.623244 0.04999995 13.11063 1.400064 0.04999995 13.0356 5.114943 0.04999995 12.75862 0.9323116 0.04999995 12.61814 5.517241 0.04999995 12.26453 3.690932 0.04999995 12.16156 4.061303 0.04999995 12.1424 5.810983 0.04999995 11.99314 4.358238 0.04999995 11.76245 4.597701 0.04999995 11.64751 5.989783 0.04999995 11.45674 4.804438 0.04999995 11.08876 4.939336 0.04999995 10.41507 6.111111 0.04999995 10.19796 5.038314 0.04999995 10.00639 6.09834 0.04999995 9.553003 6.060026 0.04999995 9.553003 8.588763 0.04999995 9.15709 4.958493 0.04999995 13.53768 8.588763 0.04999995 13.53768 9.706258 0.04999995 8.320564 4.808429 0.04999995 8.320564 9.706258 0.04999995</float_array>
          <technique_common>
            <accessor source="#ID13-mesh-positions-array" count="90" stride="3">
              <param name="X" type="float"/>
              <param name="Y" type="float"/>
              <param name="Z" type="float"/>
            </accessor>
          </technique_common>
        </source>
        <source id="ID13-mesh-normals">
          <float_array id="ID13-mesh-normals-array" count="120">0 0 -1 0 0 -1 0 0 -1 0 0 -1 0 0 -1 0 0 -1 0 0 -1 0 0 -1 0 0 -1 0 0 -1 0 0 -1 0 0 -1 0 0 -1 0 0 -1 0 0 -1 0 0 -1 0 0 -1 0 0 -1 0 0 -1 0 0 -1 0 0 -1 0 0 -1 0 0 -1 0 0 -1 0 0 -1 0 0 -1 0 0 1 0 0 1 0 0 1 0 0 1 0 0 1 0 0 1 0 0 1 0 0 1 0 0 1 0 0 1 0 0 1 0 0 1 0 0 1 0 0 1</float_array>
          <technique_common>
            <accessor source="#ID13-mesh-normals-array" count="40" stride="3">
              <param name="X" type="float"/>
              <param name="Y" type="float"/>
              <param name="Z" type="float"/>
            </accessor>
          </technique_common>
        </source>
        <vertices id="ID13-mesh-vertices">
          <input semantic="POSITION" source="#ID13-mesh-positions"/>
        </vertices>
        <triangles material="Color_E05-material" count="86">
          <input semantic="VERTEX" source="#ID13-mesh-vertices" offset="0"/>
          <input semantic="NORMAL" source="#ID13-mesh-normals" offset="1"/>
          <p>0 0 1 0 2 0 1 0 0 0 3 0 2 1 1 1 4 1 1 0 3 0 5 0 4 0 6 0 7 0 6 0 4 0 1 0 7 2 6 2 8 2 7 3 8 3 9 3 7 0 9 0 10 0 10 4 9 4 11 4 10 5 11 5 12 5 12 0 11 0 13 0 13 6 11 6 14 6 13 0 14 0 15 0 15 0 14 0 16 0 16 7 14 7 17 7 16 8 17 8 18 8 18 0 17 0 19 0 19 0 17 0 20 0 20 9 17 9 21 9 21 10 17 10 22 10 21 0 22 0 23 0 23 11 22 11 24 11 23 12 24 12 25 12 25 13 24 13 26 13 25 0 26 0 27 0 27 14 26 14 28 14 29 0 30 0 31 0 30 0 29 0 32 0 32 15 29 15 33 15 32 16 33 16 34 16 32 17 34 17 35 17 32 0 35 0 36 0 36 18 35 18 37 18 36 19 37 19 38 19 38 20 37 20 39 20 39 21 37 21 40 21 39 0 40 0 41 0 41 22 40 22 42 22 41 23 42 23 43 23 41 24 43 24 20 24 20 25 43 25 44 25 20 0 44 0 19 0 45 26 46 26 47 26 46 27 48 27 47 27 47 28 48 28 49 28 48 26 50 26 49 26 50 29 51 29 49 29 49 26 51 26 52 26 51 30 53 30 52 30 52 31 53 31 54 31 54 32 53 32 55 32 53 33 56 33 55 33 55 26 56 26 57 26 56 26 58 26 57 26 58 26 59 26 57 26 59 26 60 26 57 26 57 26 60 26 61 26 62 26 61 26 60 26 63 26 64 26 65 26 65 26 64 26 66 26 64 26 67 26 66 26 66 34 67 34 68 34 67 26 69 26 68 26 68 26 69 26 70 26 69 26 71 26 70 26 70 35 71 35 47 35 47 26 71 26 45 26 45 26 71 26 72 26 72 36 71 36 73 36 71 26 74 26 73 26 73 26 74 26 75 26 75 37 74 37 76 37 74 26 77 26 76 26 76 26 77 26 78 26 78 26 77 26 79 26 77 26 80 26 79 26 79 26 80 26 81 26 80 26 82 26 81 26 82 38 83 38 81 38 84 26 85 26 83 26 81 26 83 26 85 26 86 26 87 26 84 26 85 39 84 39 88 39 87 26 89 26 84 26 88 26 84 26 89 26</p>
        </triangles>
      </mesh>
    </geometry>
    <geometry id="ID5-mesh" name="ID5">
      <mesh>
        <source id="ID5-mesh-positions">
          <float_array id="ID5-mesh-positions-array" count="90">2.291667 8.479408 0.04999995 1.443167 7.541507 0.04999995 1.443167 8.409962 0.04999995 3.167305 7.541507 0.04999995 2.883142 8.68774 0.04999995 3.08928 8.857561 0.04999995 3.244732 9.089241 0.04999995 3.167305 1.168582 0.04999995 1.443167 0.1979566 0.04999995 1.443167 1.168582 0.04999995 6.079183 0.1979566 0.04999995 4.393359 1.168582 0.04999995 3.403576 9.738186 0.04999995 4.393359 9.738186 0.04999995 6.079183 1.168582 0.04999995 6.079183 1.168582 0.04999995 4.393359 1.168582 0.04999995 6.079183 0.1979566 0.04999995 4.393359 9.738186 0.04999995 3.403576 9.738186 0.04999995 3.244732 9.089241 0.04999995 3.167305 1.168582 0.04999995 1.443167 0.1979566 0.04999995 1.443167 1.168582 0.04999995 3.167305 7.541507 0.04999995 3.08928 8.857561 0.04999995 2.883142 8.68774 0.04999995 2.291667 8.479408 0.04999995 1.443167 7.541507 0.04999995 1.443167 8.409962 0.04999995</float_array>
          <technique_common>
            <accessor source="#ID5-mesh-positions-array" count="30" stride="3">
              <param name="X" type="float"/>
              <param name="Y" type="float"/>
              <param name="Z" type="float"/>
            </accessor>
          </technique_common>
        </source>
        <source id="ID5-mesh-normals">
          <float_array id="ID5-mesh-normals-array" count="24">0 0 -1 0 0 -1 0 0 -1 0 0 -1 -1.20795e-7 0 -1 0 0 -1 0 0 1 0 0 1</float_array>
          <technique_common>
            <accessor source="#ID5-mesh-normals-array" count="8" stride="3">
              <param name="X" type="float"/>
              <param name="Y" type="float"/>
              <param name="Z" type="float"/>
            </accessor>
          </technique_common>
        </source>
        <vertices id="ID5-mesh-vertices">
          <input semantic="POSITION" source="#ID5-mesh-positions"/>
        </vertices>
        <triangles material="Color_E05-material" count="26">
          <input semantic="VERTEX" source="#ID5-mesh-vertices" offset="0"/>
          <input semantic="NORMAL" source="#ID5-mesh-normals" offset="1"/>
          <p>0 0 1 0 2 0 1 0 0 0 3 0 3 1 0 1 4 1 3 2 4 2 5 2 3 3 5 3 6 3 3 4 6 4 7 4 7 0 8 0 9 0 8 0 7 0 10 0 10 0 7 0 11 0 11 0 7 0 6 0 11 5 6 5 12 5 11 0 12 0 13 0 10 0 11 0 14 0 15 6 16 6 17 6 18 6 19 6 16 6 19 6 20 6 16 6 20 6 21 6 16 6 16 6 21 6 17 6 17 6 21 6 22 6 23 6 22 6 21 6 21 7 20 7 24 7 20 6 25 6 24 6 25 6 26 6 24 6 26 6 27 6 24 6 24 6 27 6 28 6 29 6 28 6 27 6</p>
        </triangles>
      </mesh>
    </geometry>
    <geometry id="ID41-mesh" name="ID41">
      <mesh>
        <source id="ID41-mesh-positions">
          <float_array id="ID41-mesh-positions-array" count="54">-184.6341 -1111.943 19.68504 -190.9537 -1159.945 0 -190.9537 -1159.945 19.68504 -184.6341 -1111.943 0 -165.7559 -1066.367 19.68504 -184.6341 -1111.943 0 -184.6341 -1111.943 19.68504 -165.7559 -1066.367 0 -135.725 -1027.23 19.68504 -165.7559 -1066.367 0 -165.7559 -1066.367 19.68504 -135.725 -1027.23 0 -96.58801 -997.1991 19.68504 -96.58801 -997.1991 0 -51.01197 -978.3209 19.68504 -51.01197 -978.3209 0 -3.010408 -972.0013 0 -3.010408 -972.0013 19.68504</float_array>
          <technique_common>
            <accessor source="#ID41-mesh-positions-array" count="18" stride="3">
              <param name="X" type="float"/>
              <param name="Y" type="float"/>
              <param name="Z" type="float"/>
            </accessor>
          </technique_common>
        </source>
        <source id="ID41-mesh-normals">
          <float_array id="ID41-mesh-normals-array" count="42">-0.9914449 0.1305266 0 -0.991445 0.1305256 0 -0.9238793 0.3826841 0 -0.9238791 0.3826845 0 -0.7071048 0.7071088 0 -0.7933541 0.6087605 0 -0.7933542 0.6087605 0 -0.7071094 0.7071042 0 -0.4999974 0.866027 0 -0.5000032 0.8660236 0 -0.2588198 0.9659257 0 -0.2588198 0.9659257 0 -0.1305273 0.9914447 0 -0.1305273 0.9914447 0</float_array>
          <technique_common>
            <accessor source="#ID41-mesh-normals-array" count="14" stride="3">
              <param name="X" type="float"/>
              <param name="Y" type="float"/>
              <param name="Z" type="float"/>
            </accessor>
          </technique_common>
        </source>
        <source id="ID41-mesh-map-0">
          <float_array id="ID41-mesh-map-0-array" count="72">7.961734 1 8.303914 0 8.303914 1 8.303914 0 7.961734 1 7.961734 0 7.411155 1 7.759802 0 7.759802 1 7.759802 0 7.411155 1 7.411155 0 6.343638 1 6.692285 0 6.692285 1 6.692285 0 6.343638 1 6.343638 0 5.18058 0 4.831933 1 4.831933 0 4.831933 1 5.18058 0 5.18058 1 3.327707 0 2.979059 1 2.979059 0 2.979059 1 3.327707 0 3.327707 1 1.259935 1 0.9177576 0 1.259935 0 0.9177576 0 1.259935 1 0.9177576 1</float_array>
          <technique_common>
            <accessor source="#ID41-mesh-map-0-array" count="36" stride="2">
              <param name="S" type="float"/>
              <param name="T" type="float"/>
            </accessor>
          </technique_common>
        </source>
        <vertices id="ID41-mesh-vertices">
          <input semantic="POSITION" source="#ID41-mesh-positions"/>
        </vertices>
        <triangles material="__-material" count="12">
          <input semantic="VERTEX" source="#ID41-mesh-vertices" offset="0"/>
          <input semantic="NORMAL" source="#ID41-mesh-normals" offset="1"/>
          <input semantic="TEXCOORD" source="#ID41-mesh-map-0" offset="2" set="0"/>
          <p>0 0 0 1 0 1 2 0 2 1 1 3 0 1 4 3 1 5 4 2 6 5 2 7 6 2 8 5 3 9 4 3 10 7 3 11 8 4 12 9 5 13 10 6 14 9 5 15 8 4 16 11 7 17 11 7 18 12 8 19 13 9 20 12 8 21 11 7 22 8 4 23 13 9 24 14 10 25 15 11 26 14 10 27 13 9 28 12 8 29 14 10 30 16 12 31 15 11 32 16 12 33 14 10 34 17 13 35</p>
        </triangles>
      </mesh>
    </geometry>
  </library_geometries>
  <library_visual_scenes>
    <visual_scene id="Scene" name="Scene">
      <node id="SketchUp_039" name="SketchUp_039" type="NODE">
        <matrix sid="transform">0.0254 0 0 0 0 0.0254 0 0 0 0 0.0254 0 0 0 0 1</matrix>
        <instance_geometry url="#ID326-mesh" name="SketchUp_039">
          <bind_material>
            <technique_common>
              <instance_material symbol="edge_color255255255255-material" target="#edge_color255255255255-material"/>
            </technique_common>
          </bind_material>
        </instance_geometry>
      </node>
      <node id="SketchUp_038" name="SketchUp_038" type="NODE">
        <matrix sid="transform">0.0254 0 0 0 0 0.0254 0 0 0 0 0.0254 0 0 0 0 1</matrix>
        <instance_geometry url="#ID320-mesh" name="SketchUp_038">
          <bind_material>
            <technique_common>
              <instance_material symbol="edge_color000255-material" target="#edge_color000255-material"/>
              <instance_material symbol="edge_color255255255255-material" target="#edge_color255255255255-material"/>
            </technique_common>
          </bind_material>
        </instance_geometry>
      </node>
      <node id="SketchUp_037" name="SketchUp_037" type="NODE">
        <matrix sid="transform">0.0254 0 0 0 0 0.0254 0 0 0 0 0.0254 0 0 0 0 1</matrix>
        <instance_geometry url="#ID314-mesh" name="SketchUp_037">
          <bind_material>
            <technique_common>
              <instance_material symbol="edge_color000255-material" target="#edge_color000255-material"/>
            </technique_common>
          </bind_material>
        </instance_geometry>
      </node>
      <node id="SketchUp_036" name="SketchUp_036" type="NODE">
        <matrix sid="transform">0.0254 0 0 0 0 0.0254 0 0 0 0 0.0254 0 0 0 0 1</matrix>
        <instance_geometry url="#ID308-mesh" name="SketchUp_036">
          <bind_material>
            <technique_common>
              <instance_material symbol="material-material" target="#material-material"/>
            </technique_common>
          </bind_material>
        </instance_geometry>
      </node>
      <node id="SketchUp_035" name="SketchUp_035" type="NODE">
        <matrix sid="transform">0.0254 0 0 0 0 0.0254 0 0 0 0 0.0254 0 0 0 0 1</matrix>
        <instance_geometry url="#ID295_001-mesh" name="SketchUp_035">
          <bind_material>
            <technique_common>
              <instance_material symbol="__-material" target="#__-material">
                <bind_vertex_input semantic="ID295-mesh-map-0" input_semantic="TEXCOORD" input_set="0"/>
              </instance_material>
              <instance_material symbol="___0-material" target="#___0-material">
                <bind_vertex_input semantic="ID295-mesh-map-0" input_semantic="TEXCOORD" input_set="0"/>
              </instance_material>
            </technique_common>
          </bind_material>
        </instance_geometry>
      </node>
      <node id="SketchUp_034" name="SketchUp_034" type="NODE">
        <matrix sid="transform">0.0254 0 0 0 0 0.0254 0 0 0 0 0.0254 0 0 0 0 1</matrix>
        <instance_geometry url="#ID289_001-mesh" name="SketchUp_034">
          <bind_material>
            <technique_common>
              <instance_material symbol="material-material" target="#material-material"/>
            </technique_common>
          </bind_material>
        </instance_geometry>
      </node>
      <node id="SketchUp_033" name="SketchUp_033" type="NODE">
        <matrix sid="transform">0.0254 0 0 0 0 0.0254 0 0 0 0 0.0254 0 0 0 0 1</matrix>
        <instance_geometry url="#ID283_001-mesh" name="SketchUp_033">
          <bind_material>
            <technique_common>
              <instance_material symbol="Color_M00-material" target="#Color_M00-material"/>
            </technique_common>
          </bind_material>
        </instance_geometry>
      </node>
      <node id="SketchUp_032" name="SketchUp_032" type="NODE">
        <matrix sid="transform">0.0254 0 0 0 0 0.0254 0 0 0 0 0.0254 0 0 0 0 1</matrix>
        <instance_geometry url="#ID275-mesh" name="SketchUp_032">
          <bind_material>
            <technique_common>
              <instance_material symbol="Material3_1-material" target="#Material3_1-material">
                <bind_vertex_input semantic="ID275-mesh-map-0" input_semantic="TEXCOORD" input_set="0"/>
              </instance_material>
            </technique_common>
          </bind_material>
        </instance_geometry>
      </node>
      <node id="SketchUp_031" name="SketchUp_031" type="NODE">
        <matrix sid="transform">0.0254 0 0 0 0 0.0254 0 0 0 0 0.0254 0 0 0 0 1</matrix>
        <instance_geometry url="#ID269-mesh" name="SketchUp_031">
          <bind_material>
            <technique_common>
              <instance_material symbol="Color_M00-material" target="#Color_M00-material"/>
            </technique_common>
          </bind_material>
        </instance_geometry>
      </node>
      <node id="SketchUp_030" name="SketchUp_030" type="NODE">
        <matrix sid="transform">0.0254 0 0 0 0 0.0254 0 0 0 0 0.0254 0 0 0 0 1</matrix>
        <instance_geometry url="#ID261-mesh" name="SketchUp_030">
          <bind_material>
            <technique_common>
              <instance_material symbol="Material3_1-material" target="#Material3_1-material">
                <bind_vertex_input semantic="ID261-mesh-map-0" input_semantic="TEXCOORD" input_set="0"/>
              </instance_material>
            </technique_common>
          </bind_material>
        </instance_geometry>
      </node>
      <node id="SketchUp_029" name="SketchUp_029" type="NODE">
        <matrix sid="transform">0.0254 0 0 0 0 0.0254 0 0 0 0 0.0254 0 0 0 0 1</matrix>
        <instance_geometry url="#ID255-mesh" name="SketchUp_029">
          <bind_material>
            <technique_common>
              <instance_material symbol="Color_M00-material" target="#Color_M00-material"/>
            </technique_common>
          </bind_material>
        </instance_geometry>
      </node>
      <node id="SketchUp_028" name="SketchUp_028" type="NODE">
        <matrix sid="transform">0.0254 0 0 0 0 0.0254 0 0 0 0 0.0254 0 0 0 0 1</matrix>
        <instance_geometry url="#ID247-mesh" name="SketchUp_028">
          <bind_material>
            <technique_common>
              <instance_material symbol="Material3_1-material" target="#Material3_1-material">
                <bind_vertex_input semantic="ID247-mesh-map-0" input_semantic="TEXCOORD" input_set="0"/>
              </instance_material>
            </technique_common>
          </bind_material>
        </instance_geometry>
      </node>
      <node id="SketchUp_027" name="SketchUp_027" type="NODE">
        <matrix sid="transform">0.0254 0 0 0 0 0.0254 0 0 0 0 0.0254 0 0 0 0 1</matrix>
        <instance_geometry url="#ID241-mesh" name="SketchUp_027">
          <bind_material>
            <technique_common>
              <instance_material symbol="Color_M00-material" target="#Color_M00-material"/>
            </technique_common>
          </bind_material>
        </instance_geometry>
      </node>
      <node id="SketchUp_026" name="SketchUp_026" type="NODE">
        <matrix sid="transform">0.0254 0 0 0 0 0.0254 0 0 0 0 0.0254 0 0 0 0 1</matrix>
        <instance_geometry url="#ID233-mesh" name="SketchUp_026">
          <bind_material>
            <technique_common>
              <instance_material symbol="Material3_1-material" target="#Material3_1-material">
                <bind_vertex_input semantic="ID233-mesh-map-0" input_semantic="TEXCOORD" input_set="0"/>
              </instance_material>
            </technique_common>
          </bind_material>
        </instance_geometry>
      </node>
      <node id="SketchUp_025" name="SketchUp_025" type="NODE">
        <matrix sid="transform">0.0254 0 0 0 0 0.0254 0 0 0 0 0.0254 0 0 0 0 1</matrix>
        <instance_geometry url="#ID227-mesh" name="SketchUp_025">
          <bind_material>
            <technique_common>
              <instance_material symbol="Color_M00-material" target="#Color_M00-material"/>
            </technique_common>
          </bind_material>
        </instance_geometry>
      </node>
      <node id="SketchUp_024" name="SketchUp_024" type="NODE">
        <matrix sid="transform">0.0254 0 0 0 0 0.0254 0 0 0 0 0.0254 0 0 0 0 1</matrix>
        <instance_geometry url="#ID219-mesh" name="SketchUp_024">
          <bind_material>
            <technique_common>
              <instance_material symbol="Material3_1-material" target="#Material3_1-material">
                <bind_vertex_input semantic="ID219-mesh-map-0" input_semantic="TEXCOORD" input_set="0"/>
              </instance_material>
            </technique_common>
          </bind_material>
        </instance_geometry>
      </node>
      <node id="SketchUp_023" name="SketchUp_023" type="NODE">
        <matrix sid="transform">0.0254 0 0 0 0 0.0254 0 0 0 0 0.0254 0 0 0 0 1</matrix>
        <instance_geometry url="#ID213-mesh" name="SketchUp_023">
          <bind_material>
            <technique_common>
              <instance_material symbol="Color_M00-material" target="#Color_M00-material"/>
            </technique_common>
          </bind_material>
        </instance_geometry>
      </node>
      <node id="SketchUp_022" name="SketchUp_022" type="NODE">
        <matrix sid="transform">0.0254 0 0 0 0 0.0254 0 0 0 0 0.0254 0 0 0 0 1</matrix>
        <instance_geometry url="#ID205-mesh" name="SketchUp_022">
          <bind_material>
            <technique_common>
              <instance_material symbol="Material3_1-material" target="#Material3_1-material">
                <bind_vertex_input semantic="ID205-mesh-map-0" input_semantic="TEXCOORD" input_set="0"/>
              </instance_material>
            </technique_common>
          </bind_material>
        </instance_geometry>
      </node>
      <node id="SketchUp_021" name="SketchUp_021" type="NODE">
        <matrix sid="transform">0.0254 0 0 0 0 0.0254 0 0 0 0 0.0254 0 0 0 0 1</matrix>
        <instance_geometry url="#ID199-mesh" name="SketchUp_021">
          <bind_material>
            <technique_common>
              <instance_material symbol="Color_M00-material" target="#Color_M00-material"/>
            </technique_common>
          </bind_material>
        </instance_geometry>
      </node>
      <node id="SketchUp_020" name="SketchUp_020" type="NODE">
        <matrix sid="transform">0.0254 0 0 0 0 0.0254 0 0 0 0 0.0254 0 0 0 0 1</matrix>
        <instance_geometry url="#ID193-mesh" name="SketchUp_020">
          <bind_material>
            <technique_common>
              <instance_material symbol="material-material" target="#material-material"/>
            </technique_common>
          </bind_material>
        </instance_geometry>
      </node>
      <node id="SketchUp_019" name="SketchUp_019" type="NODE">
        <matrix sid="transform">0.0254 0 0 0 0 0.0254 0 0 0 0 0.0254 0 0 0 0 1</matrix>
        <instance_geometry url="#ID187-mesh" name="SketchUp_019">
          <bind_material>
            <technique_common>
              <instance_material symbol="Color_M00-material" target="#Color_M00-material"/>
            </technique_common>
          </bind_material>
        </instance_geometry>
      </node>
      <node id="SketchUp_018" name="SketchUp_018" type="NODE">
        <matrix sid="transform">0.0254 0 0 0 0 0.0254 0 0 0 0 0.0254 0 0 0 0 1</matrix>
        <instance_geometry url="#ID179-mesh" name="SketchUp_018">
          <bind_material>
            <technique_common>
              <instance_material symbol="material-material" target="#material-material"/>
            </technique_common>
          </bind_material>
        </instance_geometry>
      </node>
      <node id="SketchUp_017" name="SketchUp_017" type="NODE">
        <matrix sid="transform">0.0254 0 0 0 0 0.0254 0 0 0 0 0.0254 0 0 0 0 1</matrix>
        <instance_geometry url="#ID173-mesh" name="SketchUp_017">
          <bind_material>
            <technique_common>
              <instance_material symbol="Color_M00-material" target="#Color_M00-material"/>
            </technique_common>
          </bind_material>
        </instance_geometry>
      </node>
      <node id="SketchUp_016" name="SketchUp_016" type="NODE">
        <matrix sid="transform">0.0254 0 0 0 0 0.0254 0 0 0 0 0.0254 0 0 0 0 1</matrix>
        <instance_geometry url="#ID160-mesh" name="SketchUp_016">
          <bind_material>
            <technique_common>
              <instance_material symbol="Material3_1-material" target="#Material3_1-material">
                <bind_vertex_input semantic="ID160-mesh-map-0" input_semantic="TEXCOORD" input_set="0"/>
              </instance_material>
            </technique_common>
          </bind_material>
        </instance_geometry>
      </node>
      <node id="SketchUp_015" name="SketchUp_015" type="NODE">
        <matrix sid="transform">0.0254 0 0 0 0 0.0254 0 0 0 0 0.0254 0 0 0 0 1</matrix>
        <instance_geometry url="#ID154-mesh" name="SketchUp_015">
          <bind_material>
            <technique_common>
              <instance_material symbol="Color_M00-material" target="#Color_M00-material"/>
            </technique_common>
          </bind_material>
        </instance_geometry>
      </node>
      <node id="SketchUp_014" name="SketchUp_014" type="NODE">
        <matrix sid="transform">0.0254 0 0 0 0 0.0254 0 0 0 0 0.0254 0 0 0 0 1</matrix>
        <instance_geometry url="#ID146_001-mesh" name="SketchUp_014">
          <bind_material>
            <technique_common>
              <instance_material symbol="__-material" target="#__-material">
                <bind_vertex_input semantic="ID146-mesh-map-0" input_semantic="TEXCOORD" input_set="0"/>
              </instance_material>
            </technique_common>
          </bind_material>
        </instance_geometry>
      </node>
      <node id="SketchUp_013" name="SketchUp_013" type="NODE">
        <matrix sid="transform">0.0254 0 0 0 0 0.0254 0 0 0 0 0.0254 0 0 0 0 1</matrix>
        <instance_geometry url="#ID140_001-mesh" name="SketchUp_013">
          <bind_material>
            <technique_common>
              <instance_material symbol="Color_M00-material" target="#Color_M00-material"/>
            </technique_common>
          </bind_material>
        </instance_geometry>
      </node>
      <node id="SketchUp_012" name="SketchUp_012" type="NODE">
        <matrix sid="transform">0.0254 0 0 0 0 0.0254 0 0 0 0 0.0254 0 0 0 0 1</matrix>
        <instance_geometry url="#ID132-mesh" name="SketchUp_012">
          <bind_material>
            <technique_common>
              <instance_material symbol="__-material" target="#__-material">
                <bind_vertex_input semantic="ID132-mesh-map-0" input_semantic="TEXCOORD" input_set="0"/>
              </instance_material>
            </technique_common>
          </bind_material>
        </instance_geometry>
      </node>
      <node id="SketchUp_011" name="SketchUp_011" type="NODE">
        <matrix sid="transform">0.0254 0 0 0 0 0.0254 0 0 0 0 0.0254 0 0 0 0 1</matrix>
        <instance_geometry url="#ID126-mesh" name="SketchUp_011">
          <bind_material>
            <technique_common>
              <instance_material symbol="Color_M00-material" target="#Color_M00-material"/>
            </technique_common>
          </bind_material>
        </instance_geometry>
      </node>
      <node id="SketchUp_010" name="SketchUp_010" type="NODE">
        <matrix sid="transform">0.0254 0 0 0 0 0.0254 0 0 0 0 0.0254 0 0 0 0 1</matrix>
        <instance_geometry url="#ID118-mesh" name="SketchUp_010">
          <bind_material>
            <technique_common>
              <instance_material symbol="__-material" target="#__-material">
                <bind_vertex_input semantic="ID118-mesh-map-0" input_semantic="TEXCOORD" input_set="0"/>
              </instance_material>
            </technique_common>
          </bind_material>
        </instance_geometry>
      </node>
      <node id="SketchUp_009" name="SketchUp_009" type="NODE">
        <matrix sid="transform">0.0254 0 0 0 0 0.0254 0 0 0 0 0.0254 0 0 0 0 1</matrix>
        <instance_geometry url="#ID112-mesh" name="SketchUp_009">
          <bind_material>
            <technique_common>
              <instance_material symbol="Color_M00-material" target="#Color_M00-material"/>
            </technique_common>
          </bind_material>
        </instance_geometry>
      </node>
      <node id="SketchUp_008" name="SketchUp_008" type="NODE">
        <matrix sid="transform">0.0254 0 0 0 0 0.0254 0 0 0 0 0.0254 0 0 0 0 1</matrix>
        <instance_geometry url="#ID104_001-mesh" name="SketchUp_008">
          <bind_material>
            <technique_common>
              <instance_material symbol="__-material" target="#__-material">
                <bind_vertex_input semantic="ID104-mesh-map-0" input_semantic="TEXCOORD" input_set="0"/>
              </instance_material>
            </technique_common>
          </bind_material>
        </instance_geometry>
      </node>
      <node id="SketchUp_007" name="SketchUp_007" type="NODE">
        <matrix sid="transform">0.0254 0 0 0 0 0.0254 0 0 0 0 0.0254 0 0 0 0 1</matrix>
        <instance_geometry url="#ID98_001-mesh" name="SketchUp_007">
          <bind_material>
            <technique_common>
              <instance_material symbol="Color_M00-material" target="#Color_M00-material"/>
            </technique_common>
          </bind_material>
        </instance_geometry>
      </node>
      <node id="SketchUp_006" name="SketchUp_006" type="NODE">
        <matrix sid="transform">0.0254 0 0 0 0 0.0254 0 0 0 0 0.0254 0 0 0 0 1</matrix>
        <instance_geometry url="#ID90-mesh" name="SketchUp_006">
          <bind_material>
            <technique_common>
              <instance_material symbol="__-material" target="#__-material">
                <bind_vertex_input semantic="ID90-mesh-map-0" input_semantic="TEXCOORD" input_set="0"/>
              </instance_material>
            </technique_common>
          </bind_material>
        </instance_geometry>
      </node>
      <node id="SketchUp_005" name="SketchUp_005" type="NODE">
        <matrix sid="transform">0.0254 0 0 0 0 0.0254 0 0 0 0 0.0254 0 0 0 0 1</matrix>
        <instance_geometry url="#ID84-mesh" name="SketchUp_005">
          <bind_material>
            <technique_common>
              <instance_material symbol="Color_M00-material" target="#Color_M00-material"/>
            </technique_common>
          </bind_material>
        </instance_geometry>
      </node>
      <node id="SketchUp_004" name="SketchUp_004" type="NODE">
        <matrix sid="transform">0.0254 0 0 0 0 0.0254 0 0 0 0 0.0254 0 0 0 0 1</matrix>
        <instance_geometry url="#ID76-mesh" name="SketchUp_004">
          <bind_material>
            <technique_common>
              <instance_material symbol="__-material" target="#__-material">
                <bind_vertex_input semantic="ID76-mesh-map-0" input_semantic="TEXCOORD" input_set="0"/>
              </instance_material>
            </technique_common>
          </bind_material>
        </instance_geometry>
      </node>
      <node id="SketchUp_003" name="SketchUp_003" type="NODE">
        <matrix sid="transform">0.0254 0 0 0 0 0.0254 0 0 0 0 0.0254 0 0 0 0 1</matrix>
        <instance_geometry url="#ID70-mesh" name="SketchUp_003">
          <bind_material>
            <technique_common>
              <instance_material symbol="Color_M00-material" target="#Color_M00-material"/>
            </technique_common>
          </bind_material>
        </instance_geometry>
      </node>
      <node id="SketchUp_002" name="SketchUp_002" type="NODE">
        <matrix sid="transform">0.0254 0 0 0 0 0.0254 0 0 0 0 0.0254 0 0 0 0 1</matrix>
        <instance_geometry url="#ID62_001-mesh" name="SketchUp_002">
          <bind_material>
            <technique_common>
              <instance_material symbol="__-material" target="#__-material">
                <bind_vertex_input semantic="ID62-mesh-map-0" input_semantic="TEXCOORD" input_set="0"/>
              </instance_material>
            </technique_common>
          </bind_material>
        </instance_geometry>
      </node>
      <node id="SketchUp_001" name="SketchUp_001" type="NODE">
        <matrix sid="transform">0.0254 0 0 0 0 0.0254 0 0 0 0 0.0254 0 0 0 0 1</matrix>
        <instance_geometry url="#ID54-mesh" name="SketchUp_001">
          <bind_material>
            <technique_common>
              <instance_material symbol="Color_M00-material" target="#Color_M00-material"/>
            </technique_common>
          </bind_material>
        </instance_geometry>
      </node>
      <node id="SketchUp" name="SketchUp" type="NODE">
        <matrix sid="transform">0.0254 0 0 0 0 0.0254 0 0 0 0 0.0254 0 0 0 0 1</matrix>
        <instance_geometry url="#ID41-mesh" name="SketchUp">
          <bind_material>
            <technique_common>
              <instance_material symbol="__-material" target="#__-material">
                <bind_vertex_input semantic="ID41-mesh-map-0" input_semantic="TEXCOORD" input_set="0"/>
              </instance_material>
            </technique_common>
          </bind_material>
        </instance_geometry>
        <node id="skp_camera_Last_Saved_SketchUp_View_001" name="skp_camera_Last_Saved_SketchUp_View.001" type="NODE">
          <matrix sid="transform">-0.9752095 -0.07470242 0.2082932 2055.058 0.2212837 -0.3292198 0.9179586 -1119.995 5.03732e-7 0.9412938 0.3375887 110.0992 0 0 0 1</matrix>
          <instance_camera url="#skp_camera_Last_Saved_SketchUp_View_001-camera"/>
        </node>
        <node id="instance_0" name="instance_0" type="NODE">
          <matrix sid="transform">-1 3.79107e-14 1.50996e-7 2058.931 1.50996e-7 2.8213e-7 1 -1173.901 -4.68979e-15 1 -2.8213e-7 19.48708 0 0 0 1</matrix>
          <instance_geometry url="#ID5-mesh" name="instance_0">
            <bind_material>
              <technique_common>
                <instance_material symbol="Color_E05-material" target="#Color_E05-material"/>
              </technique_common>
            </bind_material>
          </instance_geometry>
        </node>
        <node id="instance_0_001" name="instance_0_001" type="NODE">
          <matrix sid="transform">-1 3.79107e-14 1.50996e-7 2058.931 1.50996e-7 2.8213e-7 1 -1173.901 -4.68979e-15 1 -2.8213e-7 19.48708 0 0 0 1</matrix>
          <instance_geometry url="#ID13-mesh" name="instance_0_001">
            <bind_material>
              <technique_common>
                <instance_material symbol="Color_E05-material" target="#Color_E05-material"/>
              </technique_common>
            </bind_material>
          </instance_geometry>
        </node>
        <node id="instance_1" name="instance_1" type="NODE">
          <matrix sid="transform">-1 3.79107e-14 1.50996e-7 2059.141 1.50996e-7 2.8213e-7 1 -1369.308 -4.68979e-15 1 -2.8213e-7 19.66386 0 0 0 1</matrix>
          <instance_geometry url="#ID21-mesh" name="instance_1">
            <bind_material>
              <technique_common>
                <instance_material symbol="Color_E05-material" target="#Color_E05-material"/>
              </technique_common>
            </bind_material>
          </instance_geometry>
        </node>
        <node id="instance_1_001" name="instance_1_001" type="NODE">
          <matrix sid="transform">-1 3.79107e-14 1.50996e-7 2059.141 1.50996e-7 2.8213e-7 1 -1369.308 -4.68979e-15 1 -2.8213e-7 19.66386 0 0 0 1</matrix>
          <instance_geometry url="#ID27-mesh" name="instance_1_001">
            <bind_material>
              <technique_common>
                <instance_material symbol="Color_E05-material" target="#Color_E05-material"/>
              </technique_common>
            </bind_material>
          </instance_geometry>
        </node>
        <node id="instance_2" name="instance_2" type="NODE">
          <matrix sid="transform">-1 -3.79107e-14 -1.50996e-7 2051.958 -1.50996e-7 2.8213e-7 1 -1567.601 4.68979e-15 1 -2.8213e-7 20.08004 0 0 0 1</matrix>
          <instance_geometry url="#ID35-mesh" name="instance_2">
            <bind_material>
              <technique_common>
                <instance_material symbol="Color_E05-material" target="#Color_E05-material"/>
              </technique_common>
            </bind_material>
          </instance_geometry>
        </node>
      </node>
      <node id="skp_camera_Last_Saved_SketchUp_View" name="skp_camera_Last_Saved_SketchUp_View" type="NODE">
        <matrix sid="transform">-0.4392114 -0.8982565 -0.01511856 1334.171 0.8983837 -0.4391492 -0.007391322 1294.515 -2.85566e-10 -0.01682862 0.9998584 5309.11 0 0 0 1</matrix>
        <instance_camera url="#skp_camera_Last_Saved_SketchUp_View-camera"/>
      </node>
    </visual_scene>
  </library_visual_scenes>
  <scene>
    <instance_visual_scene url="#Scene"/>
  </scene>
</COLLADA>