# rival lane for f1_pursuit, generated from the painted centre line
mtllib rival_lane.mtl
o rival_lane
usemtl lane_red
v -11.6019 -44.7066 0.0025
v -11.5059 -44.8345 0.0025
v -11.1902 -44.3892 0.0025
v -11.0901 -44.5140 0.0025
v -10.7880 -44.0535 0.0025
v -10.6831 -44.1743 0.0025
v -10.3992 -43.7028 0.0025
v -10.2898 -43.8196 0.0025
v -10.0242 -43.3379 0.0025
v -9.9105 -43.4505 0.0025
v -9.6632 -42.9595 0.0025
v -9.5454 -43.0678 0.0025
v -9.3166 -42.5681 0.0025
v -9.1949 -42.6720 0.0025
v -8.9847 -42.1643 0.0025
v -8.8593 -42.2636 0.0025
v -8.6678 -41.7486 0.0025
v -8.5388 -41.8433 0.0025
v -8.3664 -41.3215 0.0025
v -8.2340 -41.4113 0.0025
v -8.0809 -40.8834 0.0025
v -7.9453 -40.9683 0.0025
v -7.8118 -40.4350 0.0025
v -7.6731 -40.5148 0.0025
v -7.5596 -39.9768 0.0025
v -7.4180 -40.0513 0.0025
v -7.3246 -39.5095 0.0025
v -7.1803 -39.5787 0.0025
v -7.1072 -39.0337 0.0025
v -6.9605 -39.0975 0.0025
v -6.9078 -38.5502 0.0025
v -6.7588 -38.6085 0.0025
v -6.7265 -38.0598 0.0025
v -6.5754 -38.1125 0.0025
v -6.5635 -37.5633 0.0025
v -6.4106 -37.6105 0.0025
v -6.4187 -37.0617 0.0025
v -6.2642 -37.1033 0.0025
v -6.2919 -36.5558 0.0025
v -6.1361 -36.5920 0.0025
v -6.1827 -36.0467 0.0025
v -6.0257 -36.0777 0.0025
v -6.0903 -35.5356 0.0025
v -5.9325 -35.5616 0.0025
v -6.0137 -35.0234 0.0025
v -5.8552 -35.0449 0.0025
v -5.9515 -34.5112 0.0025
v -5.7924 -34.5286 0.0025
v -5.9018 -33.9999 0.0025
v -5.7424 -34.0138 0.0025
v -5.8627 -33.4903 0.0025
v -5.7031 -33.5014 0.0025
v -5.8317 -32.9832 0.0025
v -5.6719 -32.9921 0.0025
v -5.8062 -32.4790 0.0025
v -5.6464 -32.4867 0.0025
v -5.7834 -31.9783 0.0025
v -5.6236 -31.9857 0.0025
v -5.7603 -31.4815 0.0025
v -5.6005 -31.4896 0.0025
v -5.7336 -30.9892 0.0025
v -5.5739 -30.9990 0.0025
v -5.7001 -30.5018 0.0025
v -5.5406 -30.5146 0.0025
v -5.6561 -30.0201 0.0025
v -5.4970 -30.0371 0.0025
v -5.5982 -29.5450 0.0025
v -5.4398 -29.5673 0.0025
v -5.5230 -29.0775 0.0025
v -5.3656 -29.1065 0.0025
v -5.4270 -28.6189 0.0025
v -5.2714 -28.6559 0.0025
v -5.3075 -28.1708 0.0025
v -5.1542 -28.2167 0.0025
v -5.1618 -27.7349 0.0025
v -5.0119 -27.7908 0.0025
v -4.9882 -27.3134 0.0025
v -4.8426 -27.3797 0.0025
v -4.7853 -26.9083 0.0025
v -4.6452 -26.9855 0.0025
v -4.5528 -26.5220 0.0025
v -4.4192 -26.6099 0.0025
v -4.2916 -26.1577 0.0025
v -4.1657 -26.2564 0.0025
v -4.0006 -25.8180 0.0025
v -3.8836 -25.9271 0.0025
v -3.6816 -25.5034 0.0025
v -3.5741 -25.6219 0.0025
v -3.3371 -25.2161 0.0025
v -3.2398 -25.3430 0.0025
v -2.9696 -24.9574 0.0025
v -2.8828 -25.0918 0.0025
v -2.5811 -24.7282 0.0025
v -2.5052 -24.8691 0.0025
v -2.1742 -24.5288 0.0025
v -2.1091 -24.6749 0.0025
v -1.7511 -24.3584 0.0025
v -1.6964 -24.5088 0.0025
v -1.3140 -24.2159 0.0025
v -1.2691 -24.3695 0.0025
v -0.8648 -24.0994 0.0025
v -0.8289 -24.2553 0.0025
v -0.4054 -24.0065 0.0025
v -0.3774 -24.1640 0.0025
v 0.0625 -23.9342 0.0025
v 0.0838 -24.0928 0.0025
v 0.5375 -23.8796 0.0025
v 0.5533 -24.0388 0.0025
v 1.0185 -23.8395 0.0025
v 1.0298 -23.9991 0.0025
v 1.5042 -23.8110 0.0025
v 1.5121 -23.9708 0.0025
v 1.9938 -23.7914 0.0025
v 1.9991 -23.9513 0.0025
v 2.4864 -23.7784 0.0025
v 2.4899 -23.9383 0.0025
v 2.9814 -23.7701 0.0025
v 2.9835 -23.9300 0.0025
v 3.4780 -23.7649 0.0025
v 3.4793 -23.9249 0.0025
v 3.9759 -23.7619 0.0025
v 3.9766 -23.9219 0.0025
v 4.4746 -23.7602 0.0025
v 4.4750 -23.9202 0.0025
v 4.9738 -23.7593 0.0025
v 4.9740 -23.9193 0.0025
v 5.4734 -23.7588 0.0025
v 5.4735 -23.9188 0.0025
v 5.9731 -23.7586 0.0025
v 5.9732 -23.9186 0.0025
v 6.4730 -23.7584 0.0025
v 6.4731 -23.9184 0.0025
v 6.9730 -23.7584 0.0025
v 6.9730 -23.9184 0.0025
v 7.4729 -23.7584 0.0025
v 7.4730 -23.9184 0.0025
v 7.9729 -23.7584 0.0025
v 7.9729 -23.9184 0.0025
v 8.4729 -23.7584 0.0025
v 8.4729 -23.9184 0.0025
v 8.9729 -23.7584 0.0025
v 8.9729 -23.9184 0.0025
v 9.4729 -23.7584 0.0025
v 9.4729 -23.9184 0.0025
v 9.9729 -23.7584 0.0025
v 9.9729 -23.9184 0.0025
v 10.4729 -23.7584 0.0025
v 10.4729 -23.9184 0.0025
v 10.9729 -23.7584 0.0025
v 10.9729 -23.9184 0.0025
v 11.4729 -23.7584 0.0025
v 11.4729 -23.9184 0.0025
v 11.9729 -23.7584 0.0025
v 11.9729 -23.9184 0.0025
v 12.4729 -23.7584 0.0025
v 12.4729 -23.9184 0.0025
v 12.9729 -23.7584 0.0025
v 12.9729 -23.9184 0.0025
v 13.4729 -23.7584 0.0025
v 13.4729 -23.9184 0.0025
v 13.9729 -23.7584 0.0025
v 13.9729 -23.9184 0.0025
v 14.4729 -23.7584 0.0025
v 14.4729 -23.9184 0.0025
v 14.9729 -23.7584 0.0025
v 14.9729 -23.9184 0.0025
v 15.4729 -23.7584 0.0025
v 15.4729 -23.9184 0.0025
v 15.9729 -23.7584 0.0025
v 15.9729 -23.9184 0.0025
v 16.4729 -23.7584 0.0025
v 16.4729 -23.9184 0.0025
v 16.9729 -23.7584 0.0025
v 16.9729 -23.9184 0.0025
v 17.4729 -23.7584 0.0025
v 17.4729 -23.9184 0.0025
v 17.9729 -23.7584 0.0025
v 17.9729 -23.9184 0.0025
v 18.4729 -23.7584 0.0025
v 18.4729 -23.9184 0.0025
v 18.9729 -23.7584 0.0025
v 18.9729 -23.9184 0.0025
v 19.4729 -23.7584 0.0025
v 19.4729 -23.9184 0.0025
v 19.9729 -23.7584 0.0025
v 19.9729 -23.9184 0.0025
v 20.4729 -23.7584 0.0025
v 20.4729 -23.9184 0.0025
v 20.9729 -23.7584 0.0025
v 20.9729 -23.9184 0.0025
v 21.4729 -23.7584 0.0025
v 21.4729 -23.9184 0.0025
v 21.9729 -23.7584 0.0025
v 21.9729 -23.9184 0.0025
v 22.4729 -23.7584 0.0025
v 22.4729 -23.9184 0.0025
v 22.9729 -23.7584 0.0025
v 22.9729 -23.9184 0.0025
v 23.4729 -23.7584 0.0025
v 23.4729 -23.9184 0.0025
v 23.9729 -23.7584 0.0025
v 23.9729 -23.9184 0.0025
v 24.4729 -23.7584 0.0025
v 24.4729 -23.9184 0.0025
v 24.9729 -23.7584 0.0025
v 24.9729 -23.9184 0.0025
v 25.4729 -23.7584 0.0025
v 25.4729 -23.9184 0.0025
v 25.9729 -23.7584 0.0025
v 25.9729 -23.9184 0.0025
v 26.4729 -23.7584 0.0025
v 26.4729 -23.9184 0.0025
v 26.9728 -23.7585 0.0025
v 26.9728 -23.9185 0.0025
v 27.4727 -23.7586 0.0025
v 27.4726 -23.9186 0.0025
v 27.9724 -23.7589 0.0025
v 27.9722 -23.9189 0.0025
v 28.4719 -23.7595 0.0025
v 28.4716 -23.9195 0.0025
v 28.9709 -23.7607 0.0025
v 28.9704 -23.9207 0.0025
v 29.4694 -23.7627 0.0025
v 29.4685 -23.9227 0.0025
v 29.9669 -23.7663 0.0025
v 29.9654 -23.9263 0.0025
v 30.4631 -23.7723 0.0025
v 30.4606 -23.9323 0.0025
v 30.9574 -23.7819 0.0025
v 30.9534 -23.9419 0.0025
v 31.4491 -23.7968 0.0025
v 31.4431 -23.9566 0.0025
v 31.9376 -23.8189 0.0025
v 31.9288 -23.9786 0.0025
v 32.4220 -23.8507 0.0025
v 32.4094 -24.0102 0.0025
v 32.9013 -23.8949 0.0025
v 32.8839 -24.0540 0.0025
v 33.3744 -23.9547 0.0025
v 33.3511 -24.1130 0.0025
v 33.8399 -24.0330 0.0025
v 33.8095 -24.1901 0.0025
v 34.2964 -24.1329 0.0025
v 34.2578 -24.2881 0.0025
v 34.7422 -24.2570 0.0025
v 34.6944 -24.4097 0.0025
v 35.1754 -24.4078 0.0025
v 35.1176 -24.5570 0.0025
v 35.5940 -24.5869 0.0025
v 35.5257 -24.7316 0.0025
v 35.9957 -24.7954 0.0025
v 35.9165 -24.9344 0.0025
v 36.3777 -25.0332 0.0025
v 36.2876 -25.1654 0.0025
v 36.7370 -25.3005 0.0025
v 36.6361 -25.4247 0.0025
v 37.0721 -25.5974 0.0025
v 36.9610 -25.7127 0.0025
v 37.3817 -25.9216 0.0025
v 37.2615 -26.0272 0.0025
v 37.6637 -26.2706 0.0025
v 37.5352 -26.3660 0.0025
v 37.9168 -26.6423 0.0025
v 37.7810 -26.7270 0.0025
v 38.1402 -27.0344 0.0025
v 37.9983 -27.1083 0.0025
v 38.3341 -27.4446 0.0025
v 38.1870 -27.5077 0.0025
v 38.4990 -27.8706 0.0025
v 38.3480 -27.9233 0.0025
v 38.6364 -28.3102 0.0025
v 38.4823 -28.3533 0.0025
v 38.7482 -28.7614 0.0025
v 38.5919 -28.7958 0.0025
v 38.8370 -29.2225 0.0025
v 38.6792 -29.2492 0.0025
v 38.9056 -29.6919 0.0025
v 38.7469 -29.7121 0.0025
v 38.9573 -30.1682 0.0025
v 38.7980 -30.1830 0.0025
v 38.9949 -30.6501 0.0025
v 38.8353 -30.6607 0.0025
v 39.0215 -31.1367 0.0025
v 38.8617 -31.1440 0.0025
v 39.0397 -31.6269 0.0025
v 38.8798 -31.6318 0.0025
v 39.0517 -32.1200 0.0025
v 38.8917 -32.1232 0.0025
v 39.0593 -32.6153 0.0025
v 38.8993 -32.6173 0.0025
v 39.0640 -33.1122 0.0025
v 38.9040 -33.1134 0.0025
v 39.0667 -33.6103 0.0025
v 38.9067 -33.6110 0.0025
v 39.0682 -34.1091 0.0025
v 38.9082 -34.1095 0.0025
v 39.0690 -34.6084 0.0025
v 38.9090 -34.6086 0.0025
v 39.0695 -35.1080 0.0025
v 38.9095 -35.1081 0.0025
v 39.0697 -35.6078 0.0025
v 38.9097 -35.6079 0.0025
v 39.0698 -36.1077 0.0025
v 38.9098 -36.1077 0.0025
v 39.0698 -36.6077 0.0025
v 38.9098 -36.6077 0.0025
v 39.0698 -37.1076 0.0025
v 38.9098 -37.1077 0.0025
v 39.0699 -37.6077 0.0025
v 38.9099 -37.6077 0.0025
v 39.0699 -38.1077 0.0025
v 38.9099 -38.1077 0.0025
v 39.0700 -38.6078 0.0025
v 38.9100 -38.6078 0.0025
v 39.0701 -39.1079 0.0025
v 38.9101 -39.1080 0.0025
v 39.0705 -39.6083 0.0025
v 38.9105 -39.6084 0.0025
v 39.0712 -40.1088 0.0025
v 38.9112 -40.1092 0.0025
v 39.0725 -40.6098 0.0025
v 38.9125 -40.6104 0.0025
v 39.0748 -41.1115 0.0025
v 38.9148 -41.1125 0.0025
v 39.0788 -41.6141 0.0025
v 38.9188 -41.6158 0.0025
v 39.0854 -42.1181 0.0025
v 38.9254 -42.1208 0.0025
v 39.0959 -42.6238 0.0025
v 38.9360 -42.6280 0.0025
v 39.1121 -43.1317 0.0025
v 38.9522 -43.1380 0.0025
v 39.1362 -43.6421 0.0025
v 38.9765 -43.6513 0.0025
v 39.1710 -44.1554 0.0025
v 39.0115 -44.1683 0.0025
v 39.2195 -44.6713 0.0025
v 39.0605 -44.6889 0.0025
v 39.2854 -45.1894 0.0025
v 39.1271 -45.2127 0.0025
v 39.3723 -45.7086 0.0025
v 39.2152 -45.7387 0.0025
v 39.4840 -46.2273 0.0025
v 39.3285 -46.2651 0.0025
v 39.6239 -46.7430 0.0025
v 39.4707 -46.7894 0.0025
v 39.7947 -47.2528 0.0025
v 39.6447 -47.3084 0.0025
v 39.9986 -47.7534 0.0025
v 39.8526 -47.8187 0.0025
v 40.2368 -48.2410 0.0025
v 40.0956 -48.3162 0.0025
v 40.5097 -48.7120 0.0025
v 40.3743 -48.7972 0.0025
v 40.8172 -49.1636 0.0025
v 40.6885 -49.2587 0.0025
v 41.1591 -49.5910 0.0025
v 41.0381 -49.6956 0.0025
v 41.5322 -49.9909 0.0025
v 41.4194 -50.1043 0.0025
v 41.9344 -50.3613 0.0025
v 41.8305 -50.4830 0.0025
v 42.3635 -50.7003 0.0025
v 42.2692 -50.8296 0.0025
v 42.8172 -51.0057 0.0025
v 42.7330 -51.1418 0.0025
v 43.2928 -51.2758 0.0025
v 43.2191 -51.4178 0.0025
v 43.7875 -51.5088 0.0025
v 43.7249 -51.6561 0.0025
v 44.2985 -51.7036 0.0025
v 44.2473 -51.8552 0.0025
v 44.8229 -51.8590 0.0025
v 44.7833 -52.0140 0.0025
v 45.3575 -51.9740 0.0025
v 45.3298 -52.1316 0.0025
v 45.8993 -52.0480 0.0025
v 45.8837 -52.2072 0.0025
v 46.4452 -52.0806 0.0025
v 46.4418 -52.2406 0.0025
v 46.9921 -52.0716 0.0025
v 47.0008 -52.2313 0.0025
v 47.5366 -52.0210 0.0025
v 47.5575 -52.1796 0.0025
v 48.0758 -51.9291 0.0025
v 48.1087 -52.0857 0.0025
v 48.6065 -51.7965 0.0025
v 48.6512 -51.9502 0.0025
v 49.1256 -51.6239 0.0025
v 49.1818 -51.7737 0.0025
v 49.6304 -51.4122 0.0025
v 49.6979 -51.5572 0.0025
v 50.1181 -51.1617 0.0025
v 50.1967 -51.3011 0.0025
v 50.5843 -50.8739 0.0025
v 50.6735 -51.0068 0.0025
v 51.0266 -50.5521 0.0025
v 51.1256 -50.6778 0.0025
v 51.4430 -50.1976 0.0025
v 51.5513 -50.3155 0.0025
v 51.8313 -49.8129 0.0025
v 51.9481 -49.9222 0.0025
v 52.1892 -49.4002 0.0025
v 52.3139 -49.5004 0.0025
v 52.5150 -48.9623 0.0025
v 52.6468 -49.0531 0.0025
v 52.8073 -48.5025 0.0025
v 52.9453 -48.5834 0.0025
v 53.0650 -48.0239 0.0025
v 53.2085 -48.0949 0.0025
v 53.2883 -47.5303 0.0025
v 53.4361 -47.5914 0.0025
v 53.4776 -47.0253 0.0025
v 53.6290 -47.0769 0.0025
v 53.6346 -46.5126 0.0025
v 53.7888 -46.5551 0.0025
v 53.7617 -45.9952 0.0025
v 53.9180 -46.0295 0.0025
v 53.8621 -45.4761 0.0025
v 54.0198 -45.5031 0.0025
v 53.9393 -44.9572 0.0025
v 54.0980 -44.9778 0.0025
v 53.9971 -44.4399 0.0025
v 54.1564 -44.4553 0.0025
v 54.0391 -43.9251 0.0025
v 54.1988 -43.9363 0.0025
v 54.0688 -43.4131 0.0025
v 54.2286 -43.4210 0.0025
v 54.0891 -42.9039 0.0025
v 54.2490 -42.9092 0.0025
v 54.1026 -42.3970 0.0025
v 54.2625 -42.4005 0.0025
v 54.1112 -41.8921 0.0025
v 54.2712 -41.8943 0.0025
v 54.1165 -41.3888 0.0025
v 54.2765 -41.3901 0.0025
v 54.1197 -40.8867 0.0025
v 54.2797 -40.8874 0.0025
v 54.1215 -40.3853 0.0025
v 54.2815 -40.3858 0.0025
v 54.1225 -39.8845 0.0025
v 54.2825 -39.8848 0.0025
v 54.1230 -39.3841 0.0025
v 54.2830 -39.3842 0.0025
v 54.1232 -38.8838 0.0025
v 54.2832 -38.8839 0.0025
v 54.1234 -38.3837 0.0025
v 54.2834 -38.3837 0.0025
v 54.1234 -37.8836 0.0025
v 54.2834 -37.8837 0.0025
v 54.1235 -37.3836 0.0025
v 54.2835 -37.3836 0.0025
v 54.1235 -36.8836 0.0025
v 54.2835 -36.8836 0.0025
v 54.1235 -36.3836 0.0025
v 54.2835 -36.3836 0.0025
v 54.1235 -35.8836 0.0025
v 54.2835 -35.8836 0.0025
v 54.1235 -35.3836 0.0025
v 54.2835 -35.3836 0.0025
v 54.1235 -34.8836 0.0025
v 54.2835 -34.8836 0.0025
v 54.1235 -34.3836 0.0025
v 54.2835 -34.3836 0.0025
v 54.1235 -33.8836 0.0025
v 54.2835 -33.8836 0.0025
v 54.1235 -33.3836 0.0025
v 54.2835 -33.3836 0.0025
v 54.1235 -32.8836 0.0025
v 54.2835 -32.8836 0.0025
v 54.1235 -32.3836 0.0025
v 54.2835 -32.3836 0.0025
v 54.1235 -31.8836 0.0025
v 54.2835 -31.8836 0.0025
v 54.1235 -31.3836 0.0025
v 54.2835 -31.3836 0.0025
v 54.1235 -30.8836 0.0025
v 54.2835 -30.8836 0.0025
v 54.1235 -30.3836 0.0025
v 54.2835 -30.3836 0.0025
v 54.1235 -29.8836 0.0025
v 54.2835 -29.8836 0.0025
v 54.1235 -29.3836 0.0025
v 54.2835 -29.3836 0.0025
v 54.1235 -28.8836 0.0025
v 54.2835 -28.8836 0.0025
v 54.1235 -28.3836 0.0025
v 54.2835 -28.3836 0.0025
v 54.1235 -27.8836 0.0025
v 54.2835 -27.8836 0.0025
v 54.1235 -27.3836 0.0025
v 54.2835 -27.3836 0.0025
v 54.1235 -26.8836 0.0025
v 54.2835 -26.8836 0.0025
v 54.1235 -26.3836 0.0025
v 54.2835 -26.3836 0.0025
v 54.1235 -25.8836 0.0025
v 54.2835 -25.8836 0.0025
v 54.1235 -25.3836 0.0025
v 54.2835 -25.3836 0.0025
v 54.1235 -24.8836 0.0025
v 54.2835 -24.8836 0.0025
v 54.1235 -24.3836 0.0025
v 54.2835 -24.3836 0.0025
v 54.1235 -23.8836 0.0025
v 54.2835 -23.8836 0.0025
v 54.1235 -23.3836 0.0025
v 54.2835 -23.3836 0.0025
v 54.1235 -22.8836 0.0025
v 54.2835 -22.8836 0.0025
v 54.1235 -22.3836 0.0025
v 54.2835 -22.3836 0.0025
v 54.1235 -21.8836 0.0025
v 54.2835 -21.8836 0.0025
v 54.1235 -21.3836 0.0025
v 54.2835 -21.3836 0.0025
v 54.1235 -20.8836 0.0025
v 54.2835 -20.8836 0.0025
v 54.1235 -20.3836 0.0025
v 54.2835 -20.3836 0.0025
v 54.1235 -19.8836 0.0025
v 54.2835 -19.8836 0.0025
v 54.1235 -19.3836 0.0025
v 54.2835 -19.3836 0.0025
v 54.1235 -18.8836 0.0025
v 54.2835 -18.8836 0.0025
v 54.1235 -18.3836 0.0025
v 54.2835 -18.3836 0.0025
v 54.1235 -17.8836 0.0025
v 54.2835 -17.8836 0.0025
v 54.1235 -17.3836 0.0025
v 54.2835 -17.3836 0.0025
v 54.1235 -16.8836 0.0025
v 54.2835 -16.8836 0.0025
v 54.1235 -16.3836 0.0025
v 54.2835 -16.3836 0.0025
v 54.1235 -15.8836 0.0025
v 54.2835 -15.8836 0.0025
v 54.1235 -15.3836 0.0025
v 54.2835 -15.3836 0.0025
v 54.1235 -14.8836 0.0025
v 54.2835 -14.8836 0.0025
v 54.1235 -14.3836 0.0025
v 54.2835 -14.3836 0.0025
v 54.1235 -13.8836 0.0025
v 54.2835 -13.8836 0.0025
v 54.1235 -13.3836 0.0025
v 54.2835 -13.3836 0.0025
v 54.1235 -12.8836 0.0025
v 54.2835 -12.8836 0.0025
v 54.1235 -12.3836 0.0025
v 54.2835 -12.3836 0.0025
v 54.1235 -11.8836 0.0025
v 54.2835 -11.8836 0.0025
v 54.1235 -11.3836 0.0025
v 54.2835 -11.3836 0.0025
v 54.1235 -10.8836 0.0025
v 54.2835 -10.8836 0.0025
v 54.1235 -10.3836 0.0025
v 54.2835 -10.3836 0.0025
v 54.1235 -9.8836 0.0025
v 54.2835 -9.8836 0.0025
v 54.1235 -9.3836 0.0025
v 54.2835 -9.3836 0.0025
v 54.1235 -8.8836 0.0025
v 54.2835 -8.8836 0.0025
v 54.1235 -8.3836 0.0025
v 54.2835 -8.3836 0.0025
v 54.1235 -7.8836 0.0025
v 54.2835 -7.8836 0.0025
v 54.1235 -7.3836 0.0025
v 54.2835 -7.3836 0.0025
v 54.1235 -6.8836 0.0025
v 54.2835 -6.8836 0.0025
v 54.1235 -6.3836 0.0025
v 54.2835 -6.3836 0.0025
v 54.1235 -5.8836 0.0025
v 54.2835 -5.8836 0.0025
v 54.1235 -5.3836 0.0025
v 54.2835 -5.3836 0.0025
v 54.1235 -4.8836 0.0025
v 54.2835 -4.8836 0.0025
v 54.1235 -4.3836 0.0025
v 54.2835 -4.3836 0.0025
v 54.1235 -3.8836 0.0025
v 54.2835 -3.8836 0.0025
v 54.1235 -3.3836 0.0025
v 54.2835 -3.3836 0.0025
v 54.1235 -2.8836 0.0025
v 54.2835 -2.8836 0.0025
v 54.1235 -2.3836 0.0025
v 54.2835 -2.3836 0.0025
v 54.1235 -1.8836 0.0025
v 54.2835 -1.8836 0.0025
v 54.1235 -1.3836 0.0025
v 54.2835 -1.3836 0.0025
v 54.1235 -0.8836 0.0025
v 54.2835 -0.8836 0.0025
v 54.1235 -0.3836 0.0025
v 54.2835 -0.3836 0.0025
v 54.1235 0.1164 0.0025
v 54.2835 0.1164 0.0025
v 54.1235 0.6164 0.0025
v 54.2835 0.6164 0.0025
v 54.1235 1.1164 0.0025
v 54.2835 1.1164 0.0025
v 54.1235 1.6164 0.0025
v 54.2835 1.6164 0.0025
v 54.1235 2.1164 0.0025
v 54.2835 2.1164 0.0025
v 54.1235 2.6164 0.0025
v 54.2835 2.6164 0.0025
v 54.1235 3.1164 0.0025
v 54.2835 3.1164 0.0025
v 54.1235 3.6164 0.0025
v 54.2835 3.6164 0.0025
v 54.1235 4.1164 0.0025
v 54.2835 4.1164 0.0025
v 54.1235 4.6164 0.0025
v 54.2835 4.6164 0.0025
v 54.1235 5.1164 0.0025
v 54.2835 5.1164 0.0025
v 54.1235 5.6164 0.0025
v 54.2835 5.6164 0.0025
v 54.1235 6.1164 0.0025
v 54.2835 6.1164 0.0025
v 54.1235 6.6164 0.0025
v 54.2835 6.6164 0.0025
v 54.1235 7.1164 0.0025
v 54.2835 7.1164 0.0025
v 54.1235 7.6164 0.0025
v 54.2835 7.6164 0.0025
v 54.1235 8.1164 0.0025
v 54.2835 8.1164 0.0025
v 54.1235 8.6164 0.0025
v 54.2835 8.6164 0.0025
v 54.1235 9.1164 0.0025
v 54.2835 9.1164 0.0025
v 54.1235 9.6164 0.0025
v 54.2835 9.6164 0.0025
v 54.1235 10.1164 0.0025
v 54.2835 10.1164 0.0025
v 54.1235 10.6164 0.0025
v 54.2835 10.6164 0.0025
v 54.1235 11.1164 0.0025
v 54.2835 11.1164 0.0025
v 54.1235 11.6164 0.0025
v 54.2835 11.6164 0.0025
v 54.1235 12.1164 0.0025
v 54.2835 12.1164 0.0025
v 54.1235 12.6164 0.0025
v 54.2835 12.6164 0.0025
v 54.1235 13.1164 0.0025
v 54.2835 13.1164 0.0025
v 54.1235 13.6164 0.0025
v 54.2835 13.6164 0.0025
v 54.1235 14.1164 0.0025
v 54.2835 14.1164 0.0025
v 54.1235 14.6164 0.0025
v 54.2835 14.6164 0.0025
v 54.1235 15.1164 0.0025
v 54.2835 15.1164 0.0025
v 54.1235 15.6164 0.0025
v 54.2835 15.6164 0.0025
v 54.1235 16.1164 0.0025
v 54.2835 16.1164 0.0025
v 54.1235 16.6164 0.0025
v 54.2835 16.6164 0.0025
v 54.1235 17.1164 0.0025
v 54.2835 17.1164 0.0025
v 54.1235 17.6164 0.0025
v 54.2835 17.6164 0.0025
v 54.1235 18.1164 0.0025
v 54.2835 18.1164 0.0025
v 54.1235 18.6164 0.0025
v 54.2835 18.6164 0.0025
v 54.1235 19.1164 0.0025
v 54.2835 19.1164 0.0025
v 54.1235 19.6164 0.0025
v 54.2835 19.6164 0.0025
v 54.1235 20.1164 0.0025
v 54.2835 20.1164 0.0025
v 54.1235 20.6164 0.0025
v 54.2835 20.6164 0.0025
v 54.1235 21.1164 0.0025
v 54.2835 21.1164 0.0025
v 54.1235 21.6164 0.0025
v 54.2835 21.6164 0.0025
v 54.1235 22.1164 0.0025
v 54.2835 22.1164 0.0025
v 54.1235 22.6164 0.0025
v 54.2835 22.6164 0.0025
v 54.1235 23.1164 0.0025
v 54.2835 23.1164 0.0025
v 54.1235 23.6164 0.0025
v 54.2835 23.6164 0.0025
v 54.1235 24.1164 0.0025
v 54.2835 24.1164 0.0025
v 54.1235 24.6164 0.0025
v 54.2835 24.6164 0.0025
v 54.1235 25.1164 0.0025
v 54.2835 25.1164 0.0025
v 54.1235 25.6164 0.0025
v 54.2835 25.6164 0.0025
v 54.1235 26.1164 0.0025
v 54.2835 26.1164 0.0025
v 54.1235 26.6164 0.0025
v 54.2835 26.6164 0.0025
v 54.1235 27.1164 0.0025
v 54.2835 27.1164 0.0025
v 54.1235 27.6164 0.0025
v 54.2835 27.6164 0.0025
v 54.1235 28.1164 0.0025
v 54.2835 28.1164 0.0025
v 54.1235 28.6164 0.0025
v 54.2835 28.6164 0.0025
v 54.1235 29.1164 0.0025
v 54.2835 29.1164 0.0025
v 54.1235 29.6164 0.0025
v 54.2835 29.6164 0.0025
v 54.1235 30.1164 0.0025
v 54.2835 30.1164 0.0025
v 54.1235 30.6164 0.0025
v 54.2835 30.6164 0.0025
v 54.1235 31.1164 0.0025
v 54.2835 31.1164 0.0025
v 54.1235 31.6164 0.0025
v 54.2835 31.6164 0.0025
v 54.1235 32.1164 0.0025
v 54.2835 32.1164 0.0025
v 54.1235 32.6164 0.0025
v 54.2835 32.6164 0.0025
v 54.1235 33.1164 0.0025
v 54.2835 33.1164 0.0025
v 54.1235 33.6164 0.0025
v 54.2835 33.6164 0.0025
v 54.1234 34.1165 0.0025
v 54.2834 34.1165 0.0025
v 54.1234 34.6165 0.0025
v 54.2834 34.6165 0.0025
v 54.1233 35.1166 0.0025
v 54.2833 35.1167 0.0025
v 54.1230 35.6169 0.0025
v 54.2830 35.6170 0.0025
v 54.1225 36.1173 0.0025
v 54.2825 36.1175 0.0025
v 54.1216 36.6180 0.0025
v 54.2816 36.6184 0.0025
v 54.1199 37.1193 0.0025
v 54.2799 37.1200 0.0025
v 54.1170 37.6213 0.0025
v 54.2769 37.6226 0.0025
v 54.1119 38.1245 0.0025
v 54.2719 38.1266 0.0025
v 54.1037 38.6292 0.0025
v 54.2637 38.6325 0.0025
v 54.0909 39.1358 0.0025
v 54.2508 39.1408 0.0025
v 54.0716 39.6447 0.0025
v 54.2314 39.6521 0.0025
v 54.0432 40.1562 0.0025
v 54.2029 40.1669 0.0025
v 54.0031 40.6704 0.0025
v 54.1624 40.6852 0.0025
v 53.9479 41.1871 0.0025
v 54.1067 41.2068 0.0025
v 53.8743 41.7053 0.0025
v 54.0322 41.7311 0.0025
v 53.7786 42.2240 0.0025
v 53.9352 42.2568 0.0025
v 53.6576 42.7412 0.0025
v 53.8123 42.7818 0.0025
v 53.5083 43.2544 0.0025
v 53.6605 43.3035 0.0025
v 53.3283 43.7606 0.0025
v 53.4774 43.8189 0.0025
v 53.1163 44.2568 0.0025
v 53.2613 44.3245 0.0025
v 52.8714 44.7396 0.0025
v 53.0116 44.8167 0.0025
v 52.5933 45.2063 0.0025
v 52.7277 45.2931 0.0025
v 52.2818 45.6526 0.0025
v 52.4096 45.7488 0.0025
v 51.9397 46.0754 0.0025
v 52.0605 46.1804 0.0025
v 51.5685 46.4729 0.0025
v 51.6815 46.5862 0.0025
v 51.1700 46.8431 0.0025
v 51.2746 46.9641 0.0025
v 50.7464 47.1838 0.0025
v 50.8423 47.3120 0.0025
v 50.3004 47.4937 0.0025
v 50.3870 47.6282 0.0025
v 49.8345 47.7715 0.0025
v 49.9118 47.9116 0.0025
v 49.3520 48.0164 0.0025
v 49.4197 48.1614 0.0025
v 48.8559 48.2286 0.0025
v 48.9142 48.3776 0.0025
v 48.3497 48.4086 0.0025
v 48.3989 48.5608 0.0025
v 47.8366 48.5579 0.0025
v 47.8772 48.7127 0.0025
v 47.3195 48.6790 0.0025
v 47.3522 48.8356 0.0025
v 46.8008 48.7747 0.0025
v 46.8266 48.9326 0.0025
v 46.2824 48.8483 0.0025
v 46.3022 49.0071 0.0025
v 45.7657 48.9034 0.0025
v 45.7804 49.0627 0.0025
v 45.2512 48.9432 0.0025
v 45.2618 49.1029 0.0025
v 44.7393 48.9711 0.0025
v 44.7465 49.1309 0.0025
v 44.2295 48.9895 0.0025
v 44.2342 49.1495 0.0025
v 43.7216 49.0006 0.0025
v 43.7241 49.1606 0.0025
v 43.2148 49.0058 0.0025
v 43.2156 49.1658 0.0025
v 42.7083 49.0056 0.0025
v 42.7074 49.1656 0.0025
v 42.2014 49.0002 0.0025
v 42.1988 49.1601 0.0025
v 41.6933 48.9887 0.0025
v 41.6885 49.1486 0.0025
v 41.1834 48.9696 0.0025
v 41.1759 49.1294 0.0025
v 40.6710 48.9409 0.0025
v 40.6601 49.1005 0.0025
v 40.1561 48.8997 0.0025
v 40.1410 49.0589 0.0025
v 39.6388 48.8427 0.0025
v 39.6184 49.0014 0.0025
v 39.1199 48.7665 0.0025
v 39.0932 48.9242 0.0025
v 38.6007 48.6672 0.0025
v 38.5667 48.8235 0.0025
v 38.0832 48.5413 0.0025
v 38.0410 48.6956 0.0025
v 37.5701 48.3857 0.0025
v 37.5190 48.5373 0.0025
v 37.0647 48.1979 0.0025
v 37.0040 48.3459 0.0025
v 36.5704 47.9762 0.0025
v 36.4999 48.1199 0.0025
v 36.0910 47.7200 0.0025
v 36.0105 47.8584 0.0025
v 35.6300 47.4294 0.0025
v 35.5397 47.5615 0.0025
v 35.1902 47.1046 0.0025
v 35.0903 47.2295 0.0025
v 34.7763 46.7463 0.0025
v 34.6671 46.8632 0.0025
v 34.3913 46.3583 0.0025
v 34.2736 46.4667 0.0025
v 34.0367 45.9429 0.0025
v 33.9112 46.0422 0.0025
v 33.7143 45.5027 0.0025
v 33.5818 45.5924 0.0025
v 33.4256 45.0408 0.0025
v 33.2869 45.1207 0.0025
v 33.1712 44.5606 0.0025
v 33.0274 44.6306 0.0025
v 32.9514 44.0658 0.0025
v 32.8032 44.1260 0.0025
v 32.7653 43.5602 0.0025
v 32.6135 43.6109 0.0025
v 32.6110 43.0474 0.0025
v 32.4566 43.0893 0.0025
v 32.4858 42.5308 0.0025
v 32.3295 42.5648 0.0025
v 32.3863 42.0133 0.0025
v 32.2286 42.0404 0.0025
v 32.3082 41.4972 0.0025
v 32.1496 41.5187 0.0025
v 32.2470 40.9842 0.0025
v 32.0879 41.0014 0.0025
v 32.1978 40.4756 0.0025
v 32.0384 40.4900 0.0025
v 32.1558 39.9721 0.0025
v 31.9963 39.9851 0.0025
v 32.1161 39.4744 0.0025
v 31.9567 39.4876 0.0025
v 32.0740 38.9829 0.0025
v 31.9147 38.9977 0.0025
v 32.0249 38.4980 0.0025
v 31.8660 38.5161 0.0025
v 31.9644 38.0203 0.0025
v 31.8061 38.0432 0.0025
v 31.8884 37.5508 0.0025
v 31.7311 37.5797 0.0025
v 31.7931 37.0903 0.0025
v 31.6373 37.1268 0.0025
v 31.6753 36.6403 0.0025
v 31.5218 36.6854 0.0025
v 31.5322 36.2023 0.0025
v 31.3818 36.2570 0.0025
v 31.3617 35.7782 0.0025
v 31.2155 35.8431 0.0025
v 31.1627 35.3700 0.0025
v 31.0216 35.4455 0.0025
v 30.9344 34.9799 0.0025
v 30.7996 35.0661 0.0025
v 30.6770 34.6103 0.0025
v 30.5495 34.7069 0.0025
v 30.3921 34.2643 0.0025
v 30.2731 34.3712 0.0025
v 30.0790 33.9447 0.0025
v 29.9695 34.0613 0.0025
v 29.7398 33.6517 0.0025
v 29.6403 33.7771 0.0025
v 29.3774 33.3881 0.0025
v 29.2888 33.5212 0.0025
v 28.9945 33.1555 0.0025
v 28.9173 33.2956 0.0025
v 28.5936 32.9558 0.0025
v 28.5283 33.1019 0.0025
v 28.1775 32.7903 0.0025
v 28.1246 32.9413 0.0025
v 27.7490 32.6600 0.0025
v 27.7089 32.8149 0.0025
v 27.3112 32.5660 0.0025
v 27.2841 32.7237 0.0025
v 26.8670 32.5089 0.0025
v 26.8532 32.6683 0.0025
v 26.4196 32.4890 0.0025
v 26.4192 32.6490 0.0025
v 25.9721 32.5066 0.0025
v 25.9851 32.6660 0.0025
v 25.5276 32.5614 0.0025
v 25.5538 32.7193 0.0025
v 25.0892 32.6532 0.0025
v 25.1285 32.8083 0.0025
v 24.6599 32.7813 0.0025
v 24.7120 32.9326 0.0025
v 24.2432 32.9446 0.0025
v 24.3079 33.0909 0.0025
v 23.8427 33.1424 0.0025
v 23.9197 33.2826 0.0025
v 23.4605 33.3744 0.0025
v 23.5491 33.5076 0.0025
v 23.0980 33.6380 0.0025
v 23.1974 33.7634 0.0025
v 22.7586 33.9309 0.0025
v 22.8681 34.0476 0.0025
v 22.4444 34.2511 0.0025
v 22.5631 34.3584 0.0025
v 22.1572 34.5965 0.0025
v 22.2842 34.6937 0.0025
v 21.8982 34.9647 0.0025
v 22.0326 35.0515 0.0025
v 21.6682 35.3534 0.0025
v 21.8089 35.4295 0.0025
v 21.4676 35.7604 0.0025
v 21.6135 35.8259 0.0025
v 21.2957 36.1834 0.0025
v 21.4459 36.2386 0.0025
v 21.1515 36.6202 0.0025
v 21.3049 36.6657 0.0025
v 21.0333 37.0690 0.0025
v 21.1890 37.1056 0.0025
v 20.9385 37.5280 0.0025
v 21.0959 37.5566 0.0025
v 20.8645 37.9954 0.0025
v 21.0230 38.0173 0.0025
v 20.8083 38.4701 0.0025
v 20.9675 38.4864 0.0025
v 20.7668 38.9507 0.0025
v 20.9264 38.9625 0.0025
v 20.7370 39.4363 0.0025
v 20.8968 39.4447 0.0025
v 20.7160 39.9260 0.0025
v 20.8759 39.9318 0.0025
v 20.7014 40.4192 0.0025
v 20.8614 40.4233 0.0025
v 20.6908 40.9152 0.0025
v 20.8508 40.9183 0.0025
v 20.6822 41.4138 0.0025
v 20.8422 41.4166 0.0025
v 20.6736 41.9149 0.0025
v 20.8336 41.9179 0.0025
v 20.6631 42.4184 0.0025
v 20.8230 42.4224 0.0025
v 20.6485 42.9245 0.0025
v 20.8084 42.9301 0.0025
v 20.6275 43.4333 0.0025
v 20.7873 43.4414 0.0025
v 20.5973 43.9451 0.0025
v 20.7569 43.9564 0.0025
v 20.5548 44.4598 0.0025
v 20.7141 44.4754 0.0025
v 20.4967 44.9770 0.0025
v 20.6553 44.9978 0.0025
v 20.4190 45.4959 0.0025
v 20.5767 45.5230 0.0025
v 20.3182 46.0151 0.0025
v 20.4745 46.0495 0.0025
v 20.1906 46.5324 0.0025
v 20.3448 46.5751 0.0025
v 20.0332 47.0451 0.0025
v 20.1846 47.0968 0.0025
v 19.8434 47.5501 0.0025
v 19.9912 47.6113 0.0025
v 19.6194 48.0446 0.0025
v 19.7626 48.1158 0.0025
v 19.3592 48.5233 0.0025
v 19.4970 48.6047 0.0025
v 19.0649 48.9823 0.0025
v 19.1963 49.0736 0.0025
v 18.7370 49.4188 0.0025
v 18.8613 49.5197 0.0025
v 18.3772 49.8300 0.0025
v 18.4935 49.9398 0.0025
v 17.9871 50.2130 0.0025
v 18.0948 50.3313 0.0025
v 17.5691 50.5655 0.0025
v 17.6675 50.6916 0.0025
v 17.1255 50.8852 0.0025
v 17.2141 51.0185 0.0025
v 16.6589 51.1704 0.0025
v 16.7371 51.3100 0.0025
v 16.1719 51.4192 0.0025
v 16.2393 51.5643 0.0025
v 15.6675 51.6303 0.0025
v 15.7235 51.7801 0.0025
v 15.1484 51.8024 0.0025
v 15.1929 51.9561 0.0025
v 14.6177 51.9345 0.0025
v 14.6504 52.0911 0.0025
v 14.0785 52.0259 0.0025
v 14.0992 52.1845 0.0025
v 13.5339 52.0760 0.0025
v 13.5425 52.2358 0.0025
v 12.9870 52.0846 0.0025
v 12.9834 52.2445 0.0025
v 12.4410 52.0515 0.0025
v 12.4253 52.2107 0.0025
v 11.8991 51.9770 0.0025
v 11.8713 52.1345 0.0025
v 11.3641 51.8614 0.0025
v 11.3243 52.0163 0.0025
v 10.8387 51.7047 0.0025
v 10.7870 51.8561 0.0025
v 10.3275 51.5072 0.0025
v 10.2642 51.6542 0.0025
v 9.8337 51.2718 0.0025
v 9.7594 51.4135 0.0025
v 9.3593 50.9996 0.0025
v 9.2744 51.1352 0.0025
v 8.9070 50.6921 0.0025
v 8.8121 50.8209 0.0025
v 8.4794 50.3512 0.0025
v 8.3750 50.4724 0.0025
v 8.0790 49.9790 0.0025
v 7.9657 50.0919 0.0025
v 7.7081 49.5778 0.0025
v 7.5866 49.6819 0.0025
v 7.3686 49.1502 0.0025
v 7.2397 49.2450 0.0025
v 7.0621 48.6993 0.0025
v 6.9266 48.7843 0.0025
v 6.7897 48.2281 0.0025
v 6.6485 48.3033 0.0025
v 6.5520 47.7404 0.0025
v 6.4059 47.8056 0.0025
v 6.3486 47.2397 0.0025
v 6.1985 47.2952 0.0025
v 6.1783 46.7297 0.0025
v 6.0251 46.7759 0.0025
v 6.0390 46.2138 0.0025
v 5.8835 46.2515 0.0025
v 5.9279 45.6951 0.0025
v 5.7707 45.7250 0.0025
v 5.8415 45.1758 0.0025
v 5.6832 45.1990 0.0025
v 5.7761 44.6577 0.0025
v 5.6171 44.6752 0.0025
v 5.7280 44.1420 0.0025
v 5.5685 44.1548 0.0025
v 5.6935 43.6290 0.0025
v 5.5338 43.6381 0.0025
v 5.6693 43.1190 0.0025
v 5.5095 43.1254 0.0025
v 5.6526 42.6118 0.0025
v 5.4927 42.6163 0.0025
v 5.6409 42.1073 0.0025
v 5.4809 42.1106 0.0025
v 5.6318 41.6053 0.0025
v 5.4718 41.6081 0.0025
v 5.6235 41.1058 0.0025
v 5.4635 41.1086 0.0025
v 5.6140 40.6087 0.0025
v 5.4540 40.6123 0.0025
v 5.6013 40.1143 0.0025
v 5.4414 40.1193 0.0025
v 5.5832 39.6232 0.0025
v 5.4233 39.6304 0.0025
v 5.5572 39.1359 0.0025
v 5.3976 39.1462 0.0025
v 5.5207 38.6532 0.0025
v 5.3614 38.6676 0.0025
v 5.4707 38.1761 0.0025
v 5.3119 38.1956 0.0025
v 5.4040 37.7057 0.0025
v 5.2461 37.7316 0.0025
v 5.3177 37.2433 0.0025
v 5.1612 37.2767 0.0025
v 5.2088 36.7905 0.0025
v 5.0543 36.8325 0.0025
v 5.0748 36.3496 0.0025
v 4.9234 36.4012 0.0025
v 4.9130 35.9226 0.0025
v 4.7655 35.9847 0.0025
v 4.7217 35.5108 0.0025
v 4.5792 35.5836 0.0025
v 4.5007 35.1161 0.0025
v 4.3642 35.1997 0.0025
v 4.2503 34.7408 0.0025
v 4.1208 34.8347 0.0025
v 3.9712 34.3863 0.0025
v 3.8494 34.4902 0.0025
v 3.6646 34.0541 0.0025
v 3.5512 34.1670 0.0025
v 3.3323 33.7447 0.0025
v 3.2276 33.8656 0.0025
v 2.9765 33.4581 0.0025
v 2.8804 33.5860 0.0025
v 2.5994 33.1936 0.0025
v 2.5115 33.3273 0.0025
v 2.2034 32.9499 0.0025
v 2.1231 33.0884 0.0025
v 1.7909 32.7251 0.0025
v 1.7175 32.8672 0.0025
v 1.3645 32.5167 0.0025
v 1.2969 32.6617 0.0025
v 0.9263 32.3222 0.0025
v 0.8636 32.4694 0.0025
v 0.4786 32.1391 0.0025
v 0.4197 32.2879 0.0025
v 0.0231 31.9648 0.0025
v -0.0328 32.1147 0.0025
v -0.4383 31.7970 0.0025
v -0.4920 31.9477 0.0025
v -0.9042 31.6341 0.0025
v -0.9564 31.7853 0.0025
v -1.3735 31.4744 0.0025
v -1.4246 31.6260 0.0025
v -1.8450 31.3168 0.0025
v -1.8955 31.4686 0.0025
v -2.3181 31.1606 0.0025
v -2.3681 31.3125 0.0025
v -2.7922 31.0051 0.0025
v -2.8420 31.1572 0.0025
v -3.2670 30.8501 0.0025
v -3.3166 31.0023 0.0025
v -3.7421 30.6954 0.0025
v -3.7916 30.8475 0.0025
v -4.2174 30.5408 0.0025
v -4.2669 30.6929 0.0025
v -4.6928 30.3862 0.0025
v -4.7423 30.5384 0.0025
v -5.1683 30.2317 0.0025
v -5.2178 30.3839 0.0025
v -5.6438 30.0772 0.0025
v -5.6933 30.2294 0.0025
v -6.1193 29.9227 0.0025
v -6.1688 30.0748 0.0025
v -6.5949 29.7682 0.0025
v -6.6443 29.9203 0.0025
v -7.0704 29.6137 0.0025
v -7.1198 29.7658 0.0025
v -7.5459 29.4591 0.0025
v -7.5954 29.6113 0.0025
v -8.0214 29.3046 0.0025
v -8.0709 29.4568 0.0025
v -8.4970 29.1501 0.0025
v -8.5464 29.3023 0.0025
v -8.9725 28.9956 0.0025
v -9.0219 29.1478 0.0025
v -9.4480 28.8411 0.0025
v -9.4975 28.9933 0.0025
v -9.9236 28.6866 0.0025
v -9.9730 28.8388 0.0025
v -10.3991 28.5321 0.0025
v -10.4485 28.6843 0.0025
v -10.8746 28.3776 0.0025
v -10.9240 28.5298 0.0025
v -11.3501 28.2231 0.0025
v -11.3996 28.3752 0.0025
v -11.8257 28.0686 0.0025
v -11.8751 28.2207 0.0025
v -12.3012 27.9141 0.0025
v -12.3506 28.0662 0.0025
v -12.7767 27.7596 0.0025
v -12.8262 27.9117 0.0025
v -13.2522 27.6050 0.0025
v -13.3017 27.7572 0.0025
v -13.7278 27.4505 0.0025
v -13.7772 27.6027 0.0025
v -14.2033 27.2960 0.0025
v -14.2527 27.4482 0.0025
v -14.6788 27.1415 0.0025
v -14.7283 27.2937 0.0025
v -15.1544 26.9870 0.0025
v -15.2038 27.1392 0.0025
v -15.6299 26.8325 0.0025
v -15.6793 26.9847 0.0025
v -16.1054 26.6780 0.0025
v -16.1549 26.8302 0.0025
v -16.5809 26.5235 0.0025
v -16.6304 26.6757 0.0025
v -17.0565 26.3690 0.0025
v -17.1059 26.5211 0.0025
v -17.5320 26.2145 0.0025
v -17.5814 26.3666 0.0025
v -18.0075 26.0600 0.0025
v -18.0570 26.2121 0.0025
v -18.4831 25.9054 0.0025
v -18.5325 26.0576 0.0025
v -18.9586 25.7509 0.0025
v -19.0080 25.9031 0.0025
v -19.4341 25.5964 0.0025
v -19.4836 25.7486 0.0025
v -19.9096 25.4419 0.0025
v -19.9591 25.5941 0.0025
v -20.3852 25.2874 0.0025
v -20.4346 25.4396 0.0025
v -20.8607 25.1329 0.0025
v -20.9101 25.2851 0.0025
v -21.3362 24.9784 0.0025
v -21.3857 25.1306 0.0025
v -21.8118 24.8239 0.0025
v -21.8612 24.9761 0.0025
v -22.2873 24.6694 0.0025
v -22.3367 24.8215 0.0025
v -22.7628 24.5149 0.0025
v -22.8123 24.6670 0.0025
v -23.2384 24.3603 0.0025
v -23.2878 24.5125 0.0025
v -23.7139 24.2058 0.0025
v -23.7634 24.3580 0.0025
v -24.1895 24.0512 0.0025
v -24.2389 24.2034 0.0025
v -24.6650 23.8966 0.0025
v -24.7145 24.0487 0.0025
v -25.1407 23.7418 0.0025
v -25.1902 23.8940 0.0025
v -25.6164 23.5869 0.0025
v -25.6660 23.7390 0.0025
v -26.0921 23.4316 0.0025
v -26.1418 23.5837 0.0025
v -26.5680 23.2758 0.0025
v -26.6179 23.4278 0.0025
v -27.0439 23.1192 0.0025
v -27.0941 23.2712 0.0025
v -27.5200 22.9616 0.0025
v -27.5705 23.1134 0.0025
v -27.9962 22.8024 0.0025
v -28.0472 22.9540 0.0025
v -28.4723 22.6412 0.0025
v -28.5240 22.7926 0.0025
v -28.9484 22.4774 0.0025
v -29.0009 22.6285 0.0025
v -29.4241 22.3104 0.0025
v -29.4777 22.4612 0.0025
v -29.8993 22.1397 0.0025
v -29.9541 22.2900 0.0025
v -30.3738 21.9645 0.0025
v -30.4299 22.1144 0.0025
v -30.8471 21.7845 0.0025
v -30.9048 21.9338 0.0025
v -31.3190 21.5992 0.0025
v -31.3784 21.7478 0.0025
v -31.7892 21.4081 0.0025
v -31.8503 21.5560 0.0025
v -32.2573 21.2111 0.0025
v -32.3203 21.3581 0.0025
v -32.7230 21.0078 0.0025
v -32.7880 21.1540 0.0025
v -33.1862 20.7982 0.0025
v -33.2532 20.9436 0.0025
v -33.6466 20.5823 0.0025
v -33.7156 20.7267 0.0025
v -34.1041 20.3599 0.0025
v -34.1750 20.5033 0.0025
v -34.5584 20.1311 0.0025
v -34.6314 20.2735 0.0025
v -35.0095 19.8959 0.0025
v -35.0845 20.0373 0.0025
v -35.4573 19.6543 0.0025
v -35.5343 19.7946 0.0025
v -35.9016 19.4065 0.0025
v -35.9806 19.5456 0.0025
v -36.3424 19.1523 0.0025
v -36.4233 19.2903 0.0025
v -36.7795 18.8919 0.0025
v -36.8623 19.0288 0.0025
v -37.2128 18.6253 0.0025
v -37.2976 18.7610 0.0025
v -37.6424 18.3526 0.0025
v -37.7291 18.4871 0.0025
v -38.0680 18.0738 0.0025
v -38.1566 18.2071 0.0025
v -38.4896 17.7890 0.0025
v -38.5801 17.9210 0.0025
v -38.9071 17.4983 0.0025
v -38.9995 17.6289 0.0025
v -39.3205 17.2016 0.0025
v -39.4147 17.3310 0.0025
v -39.7296 16.8992 0.0025
v -39.8256 17.0271 0.0025
v -40.1344 16.5909 0.0025
v -40.2322 16.7175 0.0025
v -40.5347 16.2769 0.0025
v -40.6344 16.4021 0.0025
v -40.9306 15.9573 0.0025
v -41.0320 16.0810 0.0025
v -41.3219 15.6320 0.0025
v -41.4250 15.7543 0.0025
v -41.7085 15.3013 0.0025
v -41.8133 15.4221 0.0025
v -42.0904 14.9651 0.0025
v -42.1969 15.0844 0.0025
v -42.4674 14.6235 0.0025
v -42.5757 14.7413 0.0025
v -42.8396 14.2765 0.0025
v -42.9495 14.3928 0.0025
v -43.2068 13.9244 0.0025
v -43.3184 14.0390 0.0025
v -43.5690 13.5670 0.0025
v -43.6822 13.6801 0.0025
v -43.9260 13.2045 0.0025
v -44.0408 13.3160 0.0025
v -44.2779 12.8370 0.0025
v -44.3943 12.9469 0.0025
v -44.6246 12.4646 0.0025
v -44.7425 12.5728 0.0025
v -44.9659 12.0873 0.0025
v -45.0853 12.1937 0.0025
v -45.3018 11.7051 0.0025
v -45.4227 11.8099 0.0025
v -45.6322 11.3182 0.0025
v -45.7546 11.4213 0.0025
v -45.9571 10.9267 0.0025
v -46.0810 11.0280 0.0025
v -46.2765 10.5306 0.0025
v -46.4017 10.6301 0.0025
v -46.5901 10.1300 0.0025
v -46.7168 10.2277 0.0025
v -46.8981 9.7250 0.0025
v -47.0261 9.8209 0.0025
v -47.2002 9.3156 0.0025
v -47.3296 9.4097 0.0025
v -47.4966 8.9020 0.0025
v -47.6273 8.9943 0.0025
v -47.7870 8.4842 0.0025
v -47.9190 8.5746 0.0025
v -48.0714 8.0624 0.0025
v -48.2047 8.1509 0.0025
v -48.3499 7.6365 0.0025
v -48.4844 7.7232 0.0025
v -48.6222 7.2068 0.0025
v -48.7580 7.2915 0.0025
v -48.8885 6.7732 0.0025
v -49.0254 6.8560 0.0025
v -49.1485 6.3359 0.0025
v -49.2866 6.4167 0.0025
v -49.4023 5.8949 0.0025
v -49.5415 5.9738 0.0025
v -49.6498 5.4504 0.0025
v -49.7902 5.5272 0.0025
v -49.8910 5.0024 0.0025
v -50.0324 5.0772 0.0025
v -50.1258 4.5510 0.0025
v -50.2683 4.6239 0.0025
v -50.3542 4.0964 0.0025
v -50.4977 4.1672 0.0025
v -50.5761 3.6385 0.0025
v -50.7206 3.7073 0.0025
v -50.7914 3.1775 0.0025
v -50.9369 3.2442 0.0025
v -51.0002 2.7136 0.0025
v -51.1466 2.7782 0.0025
v -51.2024 2.2467 0.0025
v -51.3497 2.3092 0.0025
v -51.3979 1.7769 0.0025
v -51.5461 1.8374 0.0025
v -51.5868 1.3045 0.0025
v -51.7358 1.3628 0.0025
v -51.7689 0.8294 0.0025
v -51.9187 0.8856 0.0025
v -51.9442 0.3518 0.0025
v -52.0948 0.4058 0.0025
v -52.1128 -0.1283 0.0025
v -52.2641 -0.0764 0.0025
v -52.2745 -0.6107 0.0025
v -52.4266 -0.5609 0.0025
v -52.4293 -1.0954 0.0025
v -52.5821 -1.0478 0.0025
v -52.5773 -1.5822 0.0025
v -52.7307 -1.5367 0.0025
v -52.7183 -2.0710 0.0025
v -52.8724 -2.0278 0.0025
v -52.8524 -2.5619 0.0025
v -53.0070 -2.5208 0.0025
v -52.9795 -3.0545 0.0025
v -53.1347 -3.0157 0.0025
v -53.0995 -3.5490 0.0025
v -53.2553 -3.5123 0.0025
v -53.2126 -4.0450 0.0025
v -53.3688 -4.0106 0.0025
v -53.3185 -4.5427 0.0025
v -53.4753 -4.5105 0.0025
v -53.4174 -5.0418 0.0025
v -53.5746 -5.0118 0.0025
v -53.5092 -5.5422 0.0025
v -53.6668 -5.5145 0.0025
v -53.5939 -6.0439 0.0025
v -53.7519 -6.0184 0.0025
v -53.6715 -6.5468 0.0025
v -53.8298 -6.5235 0.0025
v -53.7419 -7.0507 0.0025
v -53.9005 -7.0296 0.0025
v -53.8051 -7.5555 0.0025
v -53.9640 -7.5367 0.0025
v -53.8612 -8.0612 0.0025
v -54.0203 -8.0447 0.0025
v -53.9101 -8.5676 0.0025
v -54.0694 -8.5534 0.0025
v -53.9517 -9.0747 0.0025
v -54.1113 -9.0628 0.0025
v -53.9862 -9.5824 0.0025
v -54.1459 -9.5727 0.0025
v -54.0135 -10.0904 0.0025
v -54.1733 -10.0830 0.0025
v -54.0335 -10.5988 0.0025
v -54.1934 -10.5937 0.0025
v -54.0464 -11.1075 0.0025
v -54.2063 -11.1046 0.0025
v -54.0520 -11.6162 0.0025
v -54.2120 -11.6156 0.0025
v -54.0503 -12.1250 0.0025
v -54.2103 -12.1267 0.0025
v -54.0415 -12.6337 0.0025
v -54.2014 -12.6377 0.0025
v -54.0254 -13.1423 0.0025
v -54.1853 -13.1485 0.0025
v -54.0021 -13.6505 0.0025
v -54.1619 -13.6590 0.0025
v -53.9716 -14.1584 0.0025
v -54.1312 -14.1692 0.0025
v -53.9339 -14.6658 0.0025
v -54.0933 -14.6788 0.0025
v -53.8890 -15.1726 0.0025
v -54.0482 -15.1879 0.0025
v -53.8368 -15.6787 0.0025
v -53.9959 -15.6963 0.0025
v -53.7775 -16.1841 0.0025
v -53.9363 -16.2039 0.0025
v -53.7111 -16.6885 0.0025
v -53.8696 -16.7105 0.0025
v -53.6375 -17.1920 0.0025
v -53.7956 -17.2162 0.0025
v -53.5567 -17.6943 0.0025
v -53.7145 -17.7208 0.0025
v -53.4688 -18.1955 0.0025
v -53.6262 -18.2242 0.0025
v -53.3738 -18.6953 0.0025
v -53.5308 -18.7263 0.0025
v -53.2717 -19.1938 0.0025
v -53.4282 -19.2270 0.0025
v -53.1626 -19.6907 0.0025
v -53.3186 -19.7261 0.0025
v -53.0464 -20.1861 0.0025
v -53.2019 -20.2237 0.0025
v -52.9231 -20.6797 0.0025
v -53.0781 -20.7196 0.0025
v -52.7929 -21.1716 0.0025
v -52.9473 -21.2136 0.0025
v -52.6557 -21.6615 0.0025
v -52.8095 -21.7057 0.0025
v -52.5116 -22.1495 0.0025
v -52.6647 -22.1959 0.0025
v -52.3605 -22.6353 0.0025
v -52.5129 -22.6839 0.0025
v -52.2026 -23.1190 0.0025
v -52.3543 -23.1697 0.0025
v -52.0378 -23.6003 0.0025
v -52.1888 -23.6532 0.0025
v -51.8661 -24.0793 0.0025
v -52.0164 -24.1344 0.0025
v -51.6877 -24.5558 0.0025
v -51.8372 -24.6130 0.0025
v -51.5026 -25.0297 0.0025
v -51.6512 -25.0890 0.0025
v -51.3107 -25.5010 0.0025
v -51.4585 -25.5624 0.0025
v -51.1122 -25.9694 0.0025
v -51.2591 -26.0329 0.0025
v -50.9070 -26.4350 0.0025
v -51.0530 -26.5006 0.0025
v -50.6953 -26.8977 0.0025
v -50.8403 -26.9653 0.0025
v -50.4770 -27.3573 0.0025
v -50.6210 -27.4269 0.0025
v -50.2522 -27.8137 0.0025
v -50.3952 -27.8854 0.0025
v -50.0209 -28.2669 0.0025
v -50.1629 -28.3406 0.0025
v -49.7832 -28.7168 0.0025
v -49.9242 -28.7925 0.0025
v -49.5392 -29.1632 0.0025
v -49.6790 -29.2410 0.0025
v -49.2888 -29.6062 0.0025
v -49.4275 -29.6859 0.0025
v -49.0322 -30.0455 0.0025
v -49.1698 -30.1272 0.0025
v -48.7694 -30.4812 0.0025
v -48.9058 -30.5648 0.0025
v -48.5004 -30.9130 0.0025
v -48.6356 -30.9986 0.0025
v -48.2253 -31.3410 0.0025
v -48.3592 -31.4285 0.0025
v -47.9441 -31.7651 0.0025
v -48.0768 -31.8545 0.0025
v -47.6569 -32.1851 0.0025
v -47.7884 -32.2764 0.0025
v -47.3639 -32.6010 0.0025
v -47.4940 -32.6941 0.0025
v -47.0649 -33.0127 0.0025
v -47.1937 -33.1077 0.0025
v -46.7601 -33.4201 0.0025
v -46.8875 -33.5169 0.0025
v -46.4496 -33.8232 0.0025
v -46.5756 -33.9217 0.0025
v -46.1333 -34.2218 0.0025
v -46.2580 -34.3221 0.0025
v -45.8115 -34.6158 0.0025
v -45.9347 -34.7179 0.0025
v -45.4841 -35.0053 0.0025
v -45.6058 -35.1091 0.0025
v -45.1511 -35.3900 0.0025
v -45.2714 -35.4956 0.0025
v -44.8128 -35.7700 0.0025
v -44.9315 -35.8773 0.0025
v -44.4691 -36.1452 0.0025
v -44.5863 -36.2541 0.0025
v -44.1201 -36.5154 0.0025
v -44.2357 -36.6260 0.0025
v -43.7659 -36.8807 0.0025
v -43.8799 -36.9929 0.0025
v -43.4065 -37.2408 0.0025
v -43.5190 -37.3547 0.0025
v -43.0420 -37.5959 0.0025
v -43.1529 -37.7113 0.0025
v -42.6726 -37.9457 0.0025
v -42.7818 -38.0627 0.0025
v -42.2982 -38.2903 0.0025
v -42.4057 -38.4088 0.0025
v -41.9190 -38.6295 0.0025
v -42.0248 -38.7495 0.0025
v -41.5349 -38.9632 0.0025
v -41.6390 -39.0847 0.0025
v -41.1462 -39.2915 0.0025
v -41.2486 -39.4145 0.0025
v -40.7529 -39.6142 0.0025
v -40.8535 -39.7387 0.0025
v -40.3550 -39.9314 0.0025
v -40.4538 -40.0572 0.0025
v -39.9526 -40.2428 0.0025
v -40.0497 -40.3700 0.0025
v -39.5459 -40.5485 0.0025
v -39.6411 -40.6771 0.0025
v -39.1348 -40.8484 0.0025
v -39.2282 -40.9783 0.0025
v -38.7196 -41.1424 0.0025
v -38.8111 -41.2736 0.0025
v -38.3002 -41.4305 0.0025
v -38.3899 -41.5630 0.0025
v -37.8768 -41.7126 0.0025
v -37.9645 -41.8463 0.0025
v -37.4494 -41.9886 0.0025
v -37.5352 -42.1236 0.0025
v -37.0181 -42.2586 0.0025
v -37.1020 -42.3948 0.0025
v -36.5830 -42.5224 0.0025
v -36.6650 -42.6598 0.0025
v -36.1442 -42.7800 0.0025
v -36.2243 -42.9185 0.0025
v -35.7019 -43.0313 0.0025
v -35.7799 -43.1710 0.0025
v -35.2560 -43.2764 0.0025
v -35.3320 -43.4171 0.0025
v -34.8066 -43.5150 0.0025
v -34.8807 -43.6569 0.0025
v -34.3539 -43.7473 0.0025
v -34.4259 -43.8902 0.0025
v -33.8980 -43.9731 0.0025
v -33.9680 -44.1170 0.0025
v -33.4389 -44.1925 0.0025
v -33.5068 -44.3373 0.0025
v -32.9767 -44.4052 0.0025
v -33.0426 -44.5511 0.0025
v -32.5116 -44.6114 0.0025
v -32.5754 -44.7582 0.0025
v -32.0435 -44.8110 0.0025
v -32.1052 -44.9586 0.0025
v -31.5727 -45.0039 0.0025
v -31.6323 -45.1524 0.0025
v -31.0992 -45.1901 0.0025
v -31.1567 -45.3394 0.0025
v -30.6231 -45.3696 0.0025
v -30.6785 -45.5197 0.0025
v -30.1445 -45.5423 0.0025
v -30.1977 -45.6931 0.0025
v -29.6635 -45.7081 0.0025
v -29.7146 -45.8597 0.0025
v -29.1802 -45.8671 0.0025
v -29.2291 -46.0195 0.0025
v -28.6946 -46.0193 0.0025
v -28.7414 -46.1723 0.0025
v -28.2070 -46.1645 0.0025
v -28.2516 -46.3182 0.0025
v -27.7173 -46.3028 0.0025
v -27.7597 -46.4571 0.0025
v -27.2257 -46.4341 0.0025
v -27.2659 -46.5890 0.0025
v -26.7323 -46.5584 0.0025
v -26.7703 -46.7138 0.0025
v -26.2371 -46.6756 0.0025
v -26.2728 -46.8316 0.0025
v -25.7402 -46.7857 0.0025
v -25.7736 -46.9422 0.0025
v -25.2415 -46.8886 0.0025
v -25.2727 -47.0455 0.0025
v -24.7413 -46.9841 0.0025
v -24.7701 -47.1415 0.0025
v -24.2393 -47.0720 0.0025
v -24.2656 -47.2298 0.0025
v -23.7355 -47.1520 0.0025
v -23.7593 -47.3102 0.0025
v -23.2299 -47.2237 0.0025
v -23.2510 -47.3823 0.0025
v -22.7224 -47.2865 0.0025
v -22.7405 -47.4455 0.0025
v -22.2128 -47.3397 0.0025
v -22.2277 -47.4990 0.0025
v -21.7011 -47.3824 0.0025
v -21.7126 -47.5420 0.0025
v -21.1874 -47.4136 0.0025
v -21.1951 -47.5734 0.0025
v -20.6717 -47.4322 0.0025
v -20.6753 -47.5921 0.0025
v -20.1545 -47.4369 0.0025
v -20.1536 -47.5969 0.0025
v -19.6361 -47.4266 0.0025
v -19.6305 -47.5865 0.0025
v -19.1172 -47.4004 0.0025
v -19.1066 -47.5601 0.0025
v -18.5985 -47.3574 0.0025
v -18.5826 -47.5166 0.0025
v -18.0808 -47.2967 0.0025
v -18.0594 -47.4552 0.0025
v -17.5649 -47.2179 0.0025
v -17.5380 -47.3756 0.0025
v -17.0518 -47.1207 0.0025
v -17.0192 -47.2774 0.0025
v -16.5423 -47.0050 0.0025
v -16.5041 -47.1604 0.0025
v -16.0373 -46.8708 0.0025
v -15.9934 -47.0246 0.0025
v -15.5374 -46.7182 0.0025
v -15.4879 -46.8703 0.0025
v -15.0434 -46.5474 0.0025
v -14.9884 -46.6976 0.0025
v -14.5560 -46.3585 0.0025
v -14.4954 -46.5066 0.0025
v -14.0757 -46.1518 0.0025
v -14.0097 -46.2975 0.0025
v -13.6032 -45.9272 0.0025
v -13.5318 -46.0704 0.0025
v -13.1392 -45.6849 0.0025
v -13.0624 -45.8252 0.0025
v -12.6845 -45.4248 0.0025
v -12.6024 -45.5621 0.0025
v -12.2400 -45.1471 0.0025
v -12.1526 -45.2811 0.0025
v -11.8134 -44.8569 0.0025
v -11.7225 -44.9886 0.0025
vn 0.0000 0.0000 1.0000
f 1//1 2//1 4//1
f 1//1 4//1 3//1
f 1//1 4//1 2//1
f 1//1 3//1 4//1
f 3//1 4//1 6//1
f 3//1 6//1 5//1
f 3//1 6//1 4//1
f 3//1 5//1 6//1
f 5//1 6//1 8//1
f 5//1 8//1 7//1
f 5//1 8//1 6//1
f 5//1 7//1 8//1
f 7//1 8//1 10//1
f 7//1 10//1 9//1
f 7//1 10//1 8//1
f 7//1 9//1 10//1
f 9//1 10//1 12//1
f 9//1 12//1 11//1
f 9//1 12//1 10//1
f 9//1 11//1 12//1
f 11//1 12//1 14//1
f 11//1 14//1 13//1
f 11//1 14//1 12//1
f 11//1 13//1 14//1
f 13//1 14//1 16//1
f 13//1 16//1 15//1
f 13//1 16//1 14//1
f 13//1 15//1 16//1
f 15//1 16//1 18//1
f 15//1 18//1 17//1
f 15//1 18//1 16//1
f 15//1 17//1 18//1
f 17//1 18//1 20//1
f 17//1 20//1 19//1
f 17//1 20//1 18//1
f 17//1 19//1 20//1
f 19//1 20//1 22//1
f 19//1 22//1 21//1
f 19//1 22//1 20//1
f 19//1 21//1 22//1
f 21//1 22//1 24//1
f 21//1 24//1 23//1
f 21//1 24//1 22//1
f 21//1 23//1 24//1
f 23//1 24//1 26//1
f 23//1 26//1 25//1
f 23//1 26//1 24//1
f 23//1 25//1 26//1
f 25//1 26//1 28//1
f 25//1 28//1 27//1
f 25//1 28//1 26//1
f 25//1 27//1 28//1
f 27//1 28//1 30//1
f 27//1 30//1 29//1
f 27//1 30//1 28//1
f 27//1 29//1 30//1
f 29//1 30//1 32//1
f 29//1 32//1 31//1
f 29//1 32//1 30//1
f 29//1 31//1 32//1
f 31//1 32//1 34//1
f 31//1 34//1 33//1
f 31//1 34//1 32//1
f 31//1 33//1 34//1
f 33//1 34//1 36//1
f 33//1 36//1 35//1
f 33//1 36//1 34//1
f 33//1 35//1 36//1
f 35//1 36//1 38//1
f 35//1 38//1 37//1
f 35//1 38//1 36//1
f 35//1 37//1 38//1
f 37//1 38//1 40//1
f 37//1 40//1 39//1
f 37//1 40//1 38//1
f 37//1 39//1 40//1
f 39//1 40//1 42//1
f 39//1 42//1 41//1
f 39//1 42//1 40//1
f 39//1 41//1 42//1
f 41//1 42//1 44//1
f 41//1 44//1 43//1
f 41//1 44//1 42//1
f 41//1 43//1 44//1
f 43//1 44//1 46//1
f 43//1 46//1 45//1
f 43//1 46//1 44//1
f 43//1 45//1 46//1
f 45//1 46//1 48//1
f 45//1 48//1 47//1
f 45//1 48//1 46//1
f 45//1 47//1 48//1
f 47//1 48//1 50//1
f 47//1 50//1 49//1
f 47//1 50//1 48//1
f 47//1 49//1 50//1
f 49//1 50//1 52//1
f 49//1 52//1 51//1
f 49//1 52//1 50//1
f 49//1 51//1 52//1
f 51//1 52//1 54//1
f 51//1 54//1 53//1
f 51//1 54//1 52//1
f 51//1 53//1 54//1
f 53//1 54//1 56//1
f 53//1 56//1 55//1
f 53//1 56//1 54//1
f 53//1 55//1 56//1
f 55//1 56//1 58//1
f 55//1 58//1 57//1
f 55//1 58//1 56//1
f 55//1 57//1 58//1
f 57//1 58//1 60//1
f 57//1 60//1 59//1
f 57//1 60//1 58//1
f 57//1 59//1 60//1
f 59//1 60//1 62//1
f 59//1 62//1 61//1
f 59//1 62//1 60//1
f 59//1 61//1 62//1
f 61//1 62//1 64//1
f 61//1 64//1 63//1
f 61//1 64//1 62//1
f 61//1 63//1 64//1
f 63//1 64//1 66//1
f 63//1 66//1 65//1
f 63//1 66//1 64//1
f 63//1 65//1 66//1
f 65//1 66//1 68//1
f 65//1 68//1 67//1
f 65//1 68//1 66//1
f 65//1 67//1 68//1
f 67//1 68//1 70//1
f 67//1 70//1 69//1
f 67//1 70//1 68//1
f 67//1 69//1 70//1
f 69//1 70//1 72//1
f 69//1 72//1 71//1
f 69//1 72//1 70//1
f 69//1 71//1 72//1
f 71//1 72//1 74//1
f 71//1 74//1 73//1
f 71//1 74//1 72//1
f 71//1 73//1 74//1
f 73//1 74//1 76//1
f 73//1 76//1 75//1
f 73//1 76//1 74//1
f 73//1 75//1 76//1
f 75//1 76//1 78//1
f 75//1 78//1 77//1
f 75//1 78//1 76//1
f 75//1 77//1 78//1
f 77//1 78//1 80//1
f 77//1 80//1 79//1
f 77//1 80//1 78//1
f 77//1 79//1 80//1
f 79//1 80//1 82//1
f 79//1 82//1 81//1
f 79//1 82//1 80//1
f 79//1 81//1 82//1
f 81//1 82//1 84//1
f 81//1 84//1 83//1
f 81//1 84//1 82//1
f 81//1 83//1 84//1
f 83//1 84//1 86//1
f 83//1 86//1 85//1
f 83//1 86//1 84//1
f 83//1 85//1 86//1
f 85//1 86//1 88//1
f 85//1 88//1 87//1
f 85//1 88//1 86//1
f 85//1 87//1 88//1
f 87//1 88//1 90//1
f 87//1 90//1 89//1
f 87//1 90//1 88//1
f 87//1 89//1 90//1
f 89//1 90//1 92//1
f 89//1 92//1 91//1
f 89//1 92//1 90//1
f 89//1 91//1 92//1
f 91//1 92//1 94//1
f 91//1 94//1 93//1
f 91//1 94//1 92//1
f 91//1 93//1 94//1
f 93//1 94//1 96//1
f 93//1 96//1 95//1
f 93//1 96//1 94//1
f 93//1 95//1 96//1
f 95//1 96//1 98//1
f 95//1 98//1 97//1
f 95//1 98//1 96//1
f 95//1 97//1 98//1
f 97//1 98//1 100//1
f 97//1 100//1 99//1
f 97//1 100//1 98//1
f 97//1 99//1 100//1
f 99//1 100//1 102//1
f 99//1 102//1 101//1
f 99//1 102//1 100//1
f 99//1 101//1 102//1
f 101//1 102//1 104//1
f 101//1 104//1 103//1
f 101//1 104//1 102//1
f 101//1 103//1 104//1
f 103//1 104//1 106//1
f 103//1 106//1 105//1
f 103//1 106//1 104//1
f 103//1 105//1 106//1
f 105//1 106//1 108//1
f 105//1 108//1 107//1
f 105//1 108//1 106//1
f 105//1 107//1 108//1
f 107//1 108//1 110//1
f 107//1 110//1 109//1
f 107//1 110//1 108//1
f 107//1 109//1 110//1
f 109//1 110//1 112//1
f 109//1 112//1 111//1
f 109//1 112//1 110//1
f 109//1 111//1 112//1
f 111//1 112//1 114//1
f 111//1 114//1 113//1
f 111//1 114//1 112//1
f 111//1 113//1 114//1
f 113//1 114//1 116//1
f 113//1 116//1 115//1
f 113//1 116//1 114//1
f 113//1 115//1 116//1
f 115//1 116//1 118//1
f 115//1 118//1 117//1
f 115//1 118//1 116//1
f 115//1 117//1 118//1
f 117//1 118//1 120//1
f 117//1 120//1 119//1
f 117//1 120//1 118//1
f 117//1 119//1 120//1
f 119//1 120//1 122//1
f 119//1 122//1 121//1
f 119//1 122//1 120//1
f 119//1 121//1 122//1
f 121//1 122//1 124//1
f 121//1 124//1 123//1
f 121//1 124//1 122//1
f 121//1 123//1 124//1
f 123//1 124//1 126//1
f 123//1 126//1 125//1
f 123//1 126//1 124//1
f 123//1 125//1 126//1
f 125//1 126//1 128//1
f 125//1 128//1 127//1
f 125//1 128//1 126//1
f 125//1 127//1 128//1
f 127//1 128//1 130//1
f 127//1 130//1 129//1
f 127//1 130//1 128//1
f 127//1 129//1 130//1
f 129//1 130//1 132//1
f 129//1 132//1 131//1
f 129//1 132//1 130//1
f 129//1 131//1 132//1
f 131//1 132//1 134//1
f 131//1 134//1 133//1
f 131//1 134//1 132//1
f 131//1 133//1 134//1
f 133//1 134//1 136//1
f 133//1 136//1 135//1
f 133//1 136//1 134//1
f 133//1 135//1 136//1
f 135//1 136//1 138//1
f 135//1 138//1 137//1
f 135//1 138//1 136//1
f 135//1 137//1 138//1
f 137//1 138//1 140//1
f 137//1 140//1 139//1
f 137//1 140//1 138//1
f 137//1 139//1 140//1
f 139//1 140//1 142//1
f 139//1 142//1 141//1
f 139//1 142//1 140//1
f 139//1 141//1 142//1
f 141//1 142//1 144//1
f 141//1 144//1 143//1
f 141//1 144//1 142//1
f 141//1 143//1 144//1
f 143//1 144//1 146//1
f 143//1 146//1 145//1
f 143//1 146//1 144//1
f 143//1 145//1 146//1
f 145//1 146//1 148//1
f 145//1 148//1 147//1
f 145//1 148//1 146//1
f 145//1 147//1 148//1
f 147//1 148//1 150//1
f 147//1 150//1 149//1
f 147//1 150//1 148//1
f 147//1 149//1 150//1
f 149//1 150//1 152//1
f 149//1 152//1 151//1
f 149//1 152//1 150//1
f 149//1 151//1 152//1
f 151//1 152//1 154//1
f 151//1 154//1 153//1
f 151//1 154//1 152//1
f 151//1 153//1 154//1
f 153//1 154//1 156//1
f 153//1 156//1 155//1
f 153//1 156//1 154//1
f 153//1 155//1 156//1
f 155//1 156//1 158//1
f 155//1 158//1 157//1
f 155//1 158//1 156//1
f 155//1 157//1 158//1
f 157//1 158//1 160//1
f 157//1 160//1 159//1
f 157//1 160//1 158//1
f 157//1 159//1 160//1
f 159//1 160//1 162//1
f 159//1 162//1 161//1
f 159//1 162//1 160//1
f 159//1 161//1 162//1
f 161//1 162//1 164//1
f 161//1 164//1 163//1
f 161//1 164//1 162//1
f 161//1 163//1 164//1
f 163//1 164//1 166//1
f 163//1 166//1 165//1
f 163//1 166//1 164//1
f 163//1 165//1 166//1
f 165//1 166//1 168//1
f 165//1 168//1 167//1
f 165//1 168//1 166//1
f 165//1 167//1 168//1
f 167//1 168//1 170//1
f 167//1 170//1 169//1
f 167//1 170//1 168//1
f 167//1 169//1 170//1
f 169//1 170//1 172//1
f 169//1 172//1 171//1
f 169//1 172//1 170//1
f 169//1 171//1 172//1
f 171//1 172//1 174//1
f 171//1 174//1 173//1
f 171//1 174//1 172//1
f 171//1 173//1 174//1
f 173//1 174//1 176//1
f 173//1 176//1 175//1
f 173//1 176//1 174//1
f 173//1 175//1 176//1
f 175//1 176//1 178//1
f 175//1 178//1 177//1
f 175//1 178//1 176//1
f 175//1 177//1 178//1
f 177//1 178//1 180//1
f 177//1 180//1 179//1
f 177//1 180//1 178//1
f 177//1 179//1 180//1
f 179//1 180//1 182//1
f 179//1 182//1 181//1
f 179//1 182//1 180//1
f 179//1 181//1 182//1
f 181//1 182//1 184//1
f 181//1 184//1 183//1
f 181//1 184//1 182//1
f 181//1 183//1 184//1
f 183//1 184//1 186//1
f 183//1 186//1 185//1
f 183//1 186//1 184//1
f 183//1 185//1 186//1
f 185//1 186//1 188//1
f 185//1 188//1 187//1
f 185//1 188//1 186//1
f 185//1 187//1 188//1
f 187//1 188//1 190//1
f 187//1 190//1 189//1
f 187//1 190//1 188//1
f 187//1 189//1 190//1
f 189//1 190//1 192//1
f 189//1 192//1 191//1
f 189//1 192//1 190//1
f 189//1 191//1 192//1
f 191//1 192//1 194//1
f 191//1 194//1 193//1
f 191//1 194//1 192//1
f 191//1 193//1 194//1
f 193//1 194//1 196//1
f 193//1 196//1 195//1
f 193//1 196//1 194//1
f 193//1 195//1 196//1
f 195//1 196//1 198//1
f 195//1 198//1 197//1
f 195//1 198//1 196//1
f 195//1 197//1 198//1
f 197//1 198//1 200//1
f 197//1 200//1 199//1
f 197//1 200//1 198//1
f 197//1 199//1 200//1
f 199//1 200//1 202//1
f 199//1 202//1 201//1
f 199//1 202//1 200//1
f 199//1 201//1 202//1
f 201//1 202//1 204//1
f 201//1 204//1 203//1
f 201//1 204//1 202//1
f 201//1 203//1 204//1
f 203//1 204//1 206//1
f 203//1 206//1 205//1
f 203//1 206//1 204//1
f 203//1 205//1 206//1
f 205//1 206//1 208//1
f 205//1 208//1 207//1
f 205//1 208//1 206//1
f 205//1 207//1 208//1
f 207//1 208//1 210//1
f 207//1 210//1 209//1
f 207//1 210//1 208//1
f 207//1 209//1 210//1
f 209//1 210//1 212//1
f 209//1 212//1 211//1
f 209//1 212//1 210//1
f 209//1 211//1 212//1
f 211//1 212//1 214//1
f 211//1 214//1 213//1
f 211//1 214//1 212//1
f 211//1 213//1 214//1
f 213//1 214//1 216//1
f 213//1 216//1 215//1
f 213//1 216//1 214//1
f 213//1 215//1 216//1
f 215//1 216//1 218//1
f 215//1 218//1 217//1
f 215//1 218//1 216//1
f 215//1 217//1 218//1
f 217//1 218//1 220//1
f 217//1 220//1 219//1
f 217//1 220//1 218//1
f 217//1 219//1 220//1
f 219//1 220//1 222//1
f 219//1 222//1 221//1
f 219//1 222//1 220//1
f 219//1 221//1 222//1
f 221//1 222//1 224//1
f 221//1 224//1 223//1
f 221//1 224//1 222//1
f 221//1 223//1 224//1
f 223//1 224//1 226//1
f 223//1 226//1 225//1
f 223//1 226//1 224//1
f 223//1 225//1 226//1
f 225//1 226//1 228//1
f 225//1 228//1 227//1
f 225//1 228//1 226//1
f 225//1 227//1 228//1
f 227//1 228//1 230//1
f 227//1 230//1 229//1
f 227//1 230//1 228//1
f 227//1 229//1 230//1
f 229//1 230//1 232//1
f 229//1 232//1 231//1
f 229//1 232//1 230//1
f 229//1 231//1 232//1
f 231//1 232//1 234//1
f 231//1 234//1 233//1
f 231//1 234//1 232//1
f 231//1 233//1 234//1
f 233//1 234//1 236//1
f 233//1 236//1 235//1
f 233//1 236//1 234//1
f 233//1 235//1 236//1
f 235//1 236//1 238//1
f 235//1 238//1 237//1
f 235//1 238//1 236//1
f 235//1 237//1 238//1
f 237//1 238//1 240//1
f 237//1 240//1 239//1
f 237//1 240//1 238//1
f 237//1 239//1 240//1
f 239//1 240//1 242//1
f 239//1 242//1 241//1
f 239//1 242//1 240//1
f 239//1 241//1 242//1
f 241//1 242//1 244//1
f 241//1 244//1 243//1
f 241//1 244//1 242//1
f 241//1 243//1 244//1
f 243//1 244//1 246//1
f 243//1 246//1 245//1
f 243//1 246//1 244//1
f 243//1 245//1 246//1
f 245//1 246//1 248//1
f 245//1 248//1 247//1
f 245//1 248//1 246//1
f 245//1 247//1 248//1
f 247//1 248//1 250//1
f 247//1 250//1 249//1
f 247//1 250//1 248//1
f 247//1 249//1 250//1
f 249//1 250//1 252//1
f 249//1 252//1 251//1
f 249//1 252//1 250//1
f 249//1 251//1 252//1
f 251//1 252//1 254//1
f 251//1 254//1 253//1
f 251//1 254//1 252//1
f 251//1 253//1 254//1
f 253//1 254//1 256//1
f 253//1 256//1 255//1
f 253//1 256//1 254//1
f 253//1 255//1 256//1
f 255//1 256//1 258//1
f 255//1 258//1 257//1
f 255//1 258//1 256//1
f 255//1 257//1 258//1
f 257//1 258//1 260//1
f 257//1 260//1 259//1
f 257//1 260//1 258//1
f 257//1 259//1 260//1
f 259//1 260//1 262//1
f 259//1 262//1 261//1
f 259//1 262//1 260//1
f 259//1 261//1 262//1
f 261//1 262//1 264//1
f 261//1 264//1 263//1
f 261//1 264//1 262//1
f 261//1 263//1 264//1
f 263//1 264//1 266//1
f 263//1 266//1 265//1
f 263//1 266//1 264//1
f 263//1 265//1 266//1
f 265//1 266//1 268//1
f 265//1 268//1 267//1
f 265//1 268//1 266//1
f 265//1 267//1 268//1
f 267//1 268//1 270//1
f 267//1 270//1 269//1
f 267//1 270//1 268//1
f 267//1 269//1 270//1
f 269//1 270//1 272//1
f 269//1 272//1 271//1
f 269//1 272//1 270//1
f 269//1 271//1 272//1
f 271//1 272//1 274//1
f 271//1 274//1 273//1
f 271//1 274//1 272//1
f 271//1 273//1 274//1
f 273//1 274//1 276//1
f 273//1 276//1 275//1
f 273//1 276//1 274//1
f 273//1 275//1 276//1
f 275//1 276//1 278//1
f 275//1 278//1 277//1
f 275//1 278//1 276//1
f 275//1 277//1 278//1
f 277//1 278//1 280//1
f 277//1 280//1 279//1
f 277//1 280//1 278//1
f 277//1 279//1 280//1
f 279//1 280//1 282//1
f 279//1 282//1 281//1
f 279//1 282//1 280//1
f 279//1 281//1 282//1
f 281//1 282//1 284//1
f 281//1 284//1 283//1
f 281//1 284//1 282//1
f 281//1 283//1 284//1
f 283//1 284//1 286//1
f 283//1 286//1 285//1
f 283//1 286//1 284//1
f 283//1 285//1 286//1
f 285//1 286//1 288//1
f 285//1 288//1 287//1
f 285//1 288//1 286//1
f 285//1 287//1 288//1
f 287//1 288//1 290//1
f 287//1 290//1 289//1
f 287//1 290//1 288//1
f 287//1 289//1 290//1
f 289//1 290//1 292//1
f 289//1 292//1 291//1
f 289//1 292//1 290//1
f 289//1 291//1 292//1
f 291//1 292//1 294//1
f 291//1 294//1 293//1
f 291//1 294//1 292//1
f 291//1 293//1 294//1
f 293//1 294//1 296//1
f 293//1 296//1 295//1
f 293//1 296//1 294//1
f 293//1 295//1 296//1
f 295//1 296//1 298//1
f 295//1 298//1 297//1
f 295//1 298//1 296//1
f 295//1 297//1 298//1
f 297//1 298//1 300//1
f 297//1 300//1 299//1
f 297//1 300//1 298//1
f 297//1 299//1 300//1
f 299//1 300//1 302//1
f 299//1 302//1 301//1
f 299//1 302//1 300//1
f 299//1 301//1 302//1
f 301//1 302//1 304//1
f 301//1 304//1 303//1
f 301//1 304//1 302//1
f 301//1 303//1 304//1
f 303//1 304//1 306//1
f 303//1 306//1 305//1
f 303//1 306//1 304//1
f 303//1 305//1 306//1
f 305//1 306//1 308//1
f 305//1 308//1 307//1
f 305//1 308//1 306//1
f 305//1 307//1 308//1
f 307//1 308//1 310//1
f 307//1 310//1 309//1
f 307//1 310//1 308//1
f 307//1 309//1 310//1
f 309//1 310//1 312//1
f 309//1 312//1 311//1
f 309//1 312//1 310//1
f 309//1 311//1 312//1
f 311//1 312//1 314//1
f 311//1 314//1 313//1
f 311//1 314//1 312//1
f 311//1 313//1 314//1
f 313//1 314//1 316//1
f 313//1 316//1 315//1
f 313//1 316//1 314//1
f 313//1 315//1 316//1
f 315//1 316//1 318//1
f 315//1 318//1 317//1
f 315//1 318//1 316//1
f 315//1 317//1 318//1
f 317//1 318//1 320//1
f 317//1 320//1 319//1
f 317//1 320//1 318//1
f 317//1 319//1 320//1
f 319//1 320//1 322//1
f 319//1 322//1 321//1
f 319//1 322//1 320//1
f 319//1 321//1 322//1
f 321//1 322//1 324//1
f 321//1 324//1 323//1
f 321//1 324//1 322//1
f 321//1 323//1 324//1
f 323//1 324//1 326//1
f 323//1 326//1 325//1
f 323//1 326//1 324//1
f 323//1 325//1 326//1
f 325//1 326//1 328//1
f 325//1 328//1 327//1
f 325//1 328//1 326//1
f 325//1 327//1 328//1
f 327//1 328//1 330//1
f 327//1 330//1 329//1
f 327//1 330//1 328//1
f 327//1 329//1 330//1
f 329//1 330//1 332//1
f 329//1 332//1 331//1
f 329//1 332//1 330//1
f 329//1 331//1 332//1
f 331//1 332//1 334//1
f 331//1 334//1 333//1
f 331//1 334//1 332//1
f 331//1 333//1 334//1
f 333//1 334//1 336//1
f 333//1 336//1 335//1
f 333//1 336//1 334//1
f 333//1 335//1 336//1
f 335//1 336//1 338//1
f 335//1 338//1 337//1
f 335//1 338//1 336//1
f 335//1 337//1 338//1
f 337//1 338//1 340//1
f 337//1 340//1 339//1
f 337//1 340//1 338//1
f 337//1 339//1 340//1
f 339//1 340//1 342//1
f 339//1 342//1 341//1
f 339//1 342//1 340//1
f 339//1 341//1 342//1
f 341//1 342//1 344//1
f 341//1 344//1 343//1
f 341//1 344//1 342//1
f 341//1 343//1 344//1
f 343//1 344//1 346//1
f 343//1 346//1 345//1
f 343//1 346//1 344//1
f 343//1 345//1 346//1
f 345//1 346//1 348//1
f 345//1 348//1 347//1
f 345//1 348//1 346//1
f 345//1 347//1 348//1
f 347//1 348//1 350//1
f 347//1 350//1 349//1
f 347//1 350//1 348//1
f 347//1 349//1 350//1
f 349//1 350//1 352//1
f 349//1 352//1 351//1
f 349//1 352//1 350//1
f 349//1 351//1 352//1
f 351//1 352//1 354//1
f 351//1 354//1 353//1
f 351//1 354//1 352//1
f 351//1 353//1 354//1
f 353//1 354//1 356//1
f 353//1 356//1 355//1
f 353//1 356//1 354//1
f 353//1 355//1 356//1
f 355//1 356//1 358//1
f 355//1 358//1 357//1
f 355//1 358//1 356//1
f 355//1 357//1 358//1
f 357//1 358//1 360//1
f 357//1 360//1 359//1
f 357//1 360//1 358//1
f 357//1 359//1 360//1
f 359//1 360//1 362//1
f 359//1 362//1 361//1
f 359//1 362//1 360//1
f 359//1 361//1 362//1
f 361//1 362//1 364//1
f 361//1 364//1 363//1
f 361//1 364//1 362//1
f 361//1 363//1 364//1
f 363//1 364//1 366//1
f 363//1 366//1 365//1
f 363//1 366//1 364//1
f 363//1 365//1 366//1
f 365//1 366//1 368//1
f 365//1 368//1 367//1
f 365//1 368//1 366//1
f 365//1 367//1 368//1
f 367//1 368//1 370//1
f 367//1 370//1 369//1
f 367//1 370//1 368//1
f 367//1 369//1 370//1
f 369//1 370//1 372//1
f 369//1 372//1 371//1
f 369//1 372//1 370//1
f 369//1 371//1 372//1
f 371//1 372//1 374//1
f 371//1 374//1 373//1
f 371//1 374//1 372//1
f 371//1 373//1 374//1
f 373//1 374//1 376//1
f 373//1 376//1 375//1
f 373//1 376//1 374//1
f 373//1 375//1 376//1
f 375//1 376//1 378//1
f 375//1 378//1 377//1
f 375//1 378//1 376//1
f 375//1 377//1 378//1
f 377//1 378//1 380//1
f 377//1 380//1 379//1
f 377//1 380//1 378//1
f 377//1 379//1 380//1
f 379//1 380//1 382//1
f 379//1 382//1 381//1
f 379//1 382//1 380//1
f 379//1 381//1 382//1
f 381//1 382//1 384//1
f 381//1 384//1 383//1
f 381//1 384//1 382//1
f 381//1 383//1 384//1
f 383//1 384//1 386//1
f 383//1 386//1 385//1
f 383//1 386//1 384//1
f 383//1 385//1 386//1
f 385//1 386//1 388//1
f 385//1 388//1 387//1
f 385//1 388//1 386//1
f 385//1 387//1 388//1
f 387//1 388//1 390//1
f 387//1 390//1 389//1
f 387//1 390//1 388//1
f 387//1 389//1 390//1
f 389//1 390//1 392//1
f 389//1 392//1 391//1
f 389//1 392//1 390//1
f 389//1 391//1 392//1
f 391//1 392//1 394//1
f 391//1 394//1 393//1
f 391//1 394//1 392//1
f 391//1 393//1 394//1
f 393//1 394//1 396//1
f 393//1 396//1 395//1
f 393//1 396//1 394//1
f 393//1 395//1 396//1
f 395//1 396//1 398//1
f 395//1 398//1 397//1
f 395//1 398//1 396//1
f 395//1 397//1 398//1
f 397//1 398//1 400//1
f 397//1 400//1 399//1
f 397//1 400//1 398//1
f 397//1 399//1 400//1
f 399//1 400//1 402//1
f 399//1 402//1 401//1
f 399//1 402//1 400//1
f 399//1 401//1 402//1
f 401//1 402//1 404//1
f 401//1 404//1 403//1
f 401//1 404//1 402//1
f 401//1 403//1 404//1
f 403//1 404//1 406//1
f 403//1 406//1 405//1
f 403//1 406//1 404//1
f 403//1 405//1 406//1
f 405//1 406//1 408//1
f 405//1 408//1 407//1
f 405//1 408//1 406//1
f 405//1 407//1 408//1
f 407//1 408//1 410//1
f 407//1 410//1 409//1
f 407//1 410//1 408//1
f 407//1 409//1 410//1
f 409//1 410//1 412//1
f 409//1 412//1 411//1
f 409//1 412//1 410//1
f 409//1 411//1 412//1
f 411//1 412//1 414//1
f 411//1 414//1 413//1
f 411//1 414//1 412//1
f 411//1 413//1 414//1
f 413//1 414//1 416//1
f 413//1 416//1 415//1
f 413//1 416//1 414//1
f 413//1 415//1 416//1
f 415//1 416//1 418//1
f 415//1 418//1 417//1
f 415//1 418//1 416//1
f 415//1 417//1 418//1
f 417//1 418//1 420//1
f 417//1 420//1 419//1
f 417//1 420//1 418//1
f 417//1 419//1 420//1
f 419//1 420//1 422//1
f 419//1 422//1 421//1
f 419//1 422//1 420//1
f 419//1 421//1 422//1
f 421//1 422//1 424//1
f 421//1 424//1 423//1
f 421//1 424//1 422//1
f 421//1 423//1 424//1
f 423//1 424//1 426//1
f 423//1 426//1 425//1
f 423//1 426//1 424//1
f 423//1 425//1 426//1
f 425//1 426//1 428//1
f 425//1 428//1 427//1
f 425//1 428//1 426//1
f 425//1 427//1 428//1
f 427//1 428//1 430//1
f 427//1 430//1 429//1
f 427//1 430//1 428//1
f 427//1 429//1 430//1
f 429//1 430//1 432//1
f 429//1 432//1 431//1
f 429//1 432//1 430//1
f 429//1 431//1 432//1
f 431//1 432//1 434//1
f 431//1 434//1 433//1
f 431//1 434//1 432//1
f 431//1 433//1 434//1
f 433//1 434//1 436//1
f 433//1 436//1 435//1
f 433//1 436//1 434//1
f 433//1 435//1 436//1
f 435//1 436//1 438//1
f 435//1 438//1 437//1
f 435//1 438//1 436//1
f 435//1 437//1 438//1
f 437//1 438//1 440//1
f 437//1 440//1 439//1
f 437//1 440//1 438//1
f 437//1 439//1 440//1
f 439//1 440//1 442//1
f 439//1 442//1 441//1
f 439//1 442//1 440//1
f 439//1 441//1 442//1
f 441//1 442//1 444//1
f 441//1 444//1 443//1
f 441//1 444//1 442//1
f 441//1 443//1 444//1
f 443//1 444//1 446//1
f 443//1 446//1 445//1
f 443//1 446//1 444//1
f 443//1 445//1 446//1
f 445//1 446//1 448//1
f 445//1 448//1 447//1
f 445//1 448//1 446//1
f 445//1 447//1 448//1
f 447//1 448//1 450//1
f 447//1 450//1 449//1
f 447//1 450//1 448//1
f 447//1 449//1 450//1
f 449//1 450//1 452//1
f 449//1 452//1 451//1
f 449//1 452//1 450//1
f 449//1 451//1 452//1
f 451//1 452//1 454//1
f 451//1 454//1 453//1
f 451//1 454//1 452//1
f 451//1 453//1 454//1
f 453//1 454//1 456//1
f 453//1 456//1 455//1
f 453//1 456//1 454//1
f 453//1 455//1 456//1
f 455//1 456//1 458//1
f 455//1 458//1 457//1
f 455//1 458//1 456//1
f 455//1 457//1 458//1
f 457//1 458//1 460//1
f 457//1 460//1 459//1
f 457//1 460//1 458//1
f 457//1 459//1 460//1
f 459//1 460//1 462//1
f 459//1 462//1 461//1
f 459//1 462//1 460//1
f 459//1 461//1 462//1
f 461//1 462//1 464//1
f 461//1 464//1 463//1
f 461//1 464//1 462//1
f 461//1 463//1 464//1
f 463//1 464//1 466//1
f 463//1 466//1 465//1
f 463//1 466//1 464//1
f 463//1 465//1 466//1
f 465//1 466//1 468//1
f 465//1 468//1 467//1
f 465//1 468//1 466//1
f 465//1 467//1 468//1
f 467//1 468//1 470//1
f 467//1 470//1 469//1
f 467//1 470//1 468//1
f 467//1 469//1 470//1
f 469//1 470//1 472//1
f 469//1 472//1 471//1
f 469//1 472//1 470//1
f 469//1 471//1 472//1
f 471//1 472//1 474//1
f 471//1 474//1 473//1
f 471//1 474//1 472//1
f 471//1 473//1 474//1
f 473//1 474//1 476//1
f 473//1 476//1 475//1
f 473//1 476//1 474//1
f 473//1 475//1 476//1
f 475//1 476//1 478//1
f 475//1 478//1 477//1
f 475//1 478//1 476//1
f 475//1 477//1 478//1
f 477//1 478//1 480//1
f 477//1 480//1 479//1
f 477//1 480//1 478//1
f 477//1 479//1 480//1
f 479//1 480//1 482//1
f 479//1 482//1 481//1
f 479//1 482//1 480//1
f 479//1 481//1 482//1
f 481//1 482//1 484//1
f 481//1 484//1 483//1
f 481//1 484//1 482//1
f 481//1 483//1 484//1
f 483//1 484//1 486//1
f 483//1 486//1 485//1
f 483//1 486//1 484//1
f 483//1 485//1 486//1
f 485//1 486//1 488//1
f 485//1 488//1 487//1
f 485//1 488//1 486//1
f 485//1 487//1 488//1
f 487//1 488//1 490//1
f 487//1 490//1 489//1
f 487//1 490//1 488//1
f 487//1 489//1 490//1
f 489//1 490//1 492//1
f 489//1 492//1 491//1
f 489//1 492//1 490//1
f 489//1 491//1 492//1
f 491//1 492//1 494//1
f 491//1 494//1 493//1
f 491//1 494//1 492//1
f 491//1 493//1 494//1
f 493//1 494//1 496//1
f 493//1 496//1 495//1
f 493//1 496//1 494//1
f 493//1 495//1 496//1
f 495//1 496//1 498//1
f 495//1 498//1 497//1
f 495//1 498//1 496//1
f 495//1 497//1 498//1
f 497//1 498//1 500//1
f 497//1 500//1 499//1
f 497//1 500//1 498//1
f 497//1 499//1 500//1
f 499//1 500//1 502//1
f 499//1 502//1 501//1
f 499//1 502//1 500//1
f 499//1 501//1 502//1
f 501//1 502//1 504//1
f 501//1 504//1 503//1
f 501//1 504//1 502//1
f 501//1 503//1 504//1
f 503//1 504//1 506//1
f 503//1 506//1 505//1
f 503//1 506//1 504//1
f 503//1 505//1 506//1
f 505//1 506//1 508//1
f 505//1 508//1 507//1
f 505//1 508//1 506//1
f 505//1 507//1 508//1
f 507//1 508//1 510//1
f 507//1 510//1 509//1
f 507//1 510//1 508//1
f 507//1 509//1 510//1
f 509//1 510//1 512//1
f 509//1 512//1 511//1
f 509//1 512//1 510//1
f 509//1 511//1 512//1
f 511//1 512//1 514//1
f 511//1 514//1 513//1
f 511//1 514//1 512//1
f 511//1 513//1 514//1
f 513//1 514//1 516//1
f 513//1 516//1 515//1
f 513//1 516//1 514//1
f 513//1 515//1 516//1
f 515//1 516//1 518//1
f 515//1 518//1 517//1
f 515//1 518//1 516//1
f 515//1 517//1 518//1
f 517//1 518//1 520//1
f 517//1 520//1 519//1
f 517//1 520//1 518//1
f 517//1 519//1 520//1
f 519//1 520//1 522//1
f 519//1 522//1 521//1
f 519//1 522//1 520//1
f 519//1 521//1 522//1
f 521//1 522//1 524//1
f 521//1 524//1 523//1
f 521//1 524//1 522//1
f 521//1 523//1 524//1
f 523//1 524//1 526//1
f 523//1 526//1 525//1
f 523//1 526//1 524//1
f 523//1 525//1 526//1
f 525//1 526//1 528//1
f 525//1 528//1 527//1
f 525//1 528//1 526//1
f 525//1 527//1 528//1
f 527//1 528//1 530//1
f 527//1 530//1 529//1
f 527//1 530//1 528//1
f 527//1 529//1 530//1
f 529//1 530//1 532//1
f 529//1 532//1 531//1
f 529//1 532//1 530//1
f 529//1 531//1 532//1
f 531//1 532//1 534//1
f 531//1 534//1 533//1
f 531//1 534//1 532//1
f 531//1 533//1 534//1
f 533//1 534//1 536//1
f 533//1 536//1 535//1
f 533//1 536//1 534//1
f 533//1 535//1 536//1
f 535//1 536//1 538//1
f 535//1 538//1 537//1
f 535//1 538//1 536//1
f 535//1 537//1 538//1
f 537//1 538//1 540//1
f 537//1 540//1 539//1
f 537//1 540//1 538//1
f 537//1 539//1 540//1
f 539//1 540//1 542//1
f 539//1 542//1 541//1
f 539//1 542//1 540//1
f 539//1 541//1 542//1
f 541//1 542//1 544//1
f 541//1 544//1 543//1
f 541//1 544//1 542//1
f 541//1 543//1 544//1
f 543//1 544//1 546//1
f 543//1 546//1 545//1
f 543//1 546//1 544//1
f 543//1 545//1 546//1
f 545//1 546//1 548//1
f 545//1 548//1 547//1
f 545//1 548//1 546//1
f 545//1 547//1 548//1
f 547//1 548//1 550//1
f 547//1 550//1 549//1
f 547//1 550//1 548//1
f 547//1 549//1 550//1
f 549//1 550//1 552//1
f 549//1 552//1 551//1
f 549//1 552//1 550//1
f 549//1 551//1 552//1
f 551//1 552//1 554//1
f 551//1 554//1 553//1
f 551//1 554//1 552//1
f 551//1 553//1 554//1
f 553//1 554//1 556//1
f 553//1 556//1 555//1
f 553//1 556//1 554//1
f 553//1 555//1 556//1
f 555//1 556//1 558//1
f 555//1 558//1 557//1
f 555//1 558//1 556//1
f 555//1 557//1 558//1
f 557//1 558//1 560//1
f 557//1 560//1 559//1
f 557//1 560//1 558//1
f 557//1 559//1 560//1
f 559//1 560//1 562//1
f 559//1 562//1 561//1
f 559//1 562//1 560//1
f 559//1 561//1 562//1
f 561//1 562//1 564//1
f 561//1 564//1 563//1
f 561//1 564//1 562//1
f 561//1 563//1 564//1
f 563//1 564//1 566//1
f 563//1 566//1 565//1
f 563//1 566//1 564//1
f 563//1 565//1 566//1
f 565//1 566//1 568//1
f 565//1 568//1 567//1
f 565//1 568//1 566//1
f 565//1 567//1 568//1
f 567//1 568//1 570//1
f 567//1 570//1 569//1
f 567//1 570//1 568//1
f 567//1 569//1 570//1
f 569//1 570//1 572//1
f 569//1 572//1 571//1
f 569//1 572//1 570//1
f 569//1 571//1 572//1
f 571//1 572//1 574//1
f 571//1 574//1 573//1
f 571//1 574//1 572//1
f 571//1 573//1 574//1
f 573//1 574//1 576//1
f 573//1 576//1 575//1
f 573//1 576//1 574//1
f 573//1 575//1 576//1
f 575//1 576//1 578//1
f 575//1 578//1 577//1
f 575//1 578//1 576//1
f 575//1 577//1 578//1
f 577//1 578//1 580//1
f 577//1 580//1 579//1
f 577//1 580//1 578//1
f 577//1 579//1 580//1
f 579//1 580//1 582//1
f 579//1 582//1 581//1
f 579//1 582//1 580//1
f 579//1 581//1 582//1
f 581//1 582//1 584//1
f 581//1 584//1 583//1
f 581//1 584//1 582//1
f 581//1 583//1 584//1
f 583//1 584//1 586//1
f 583//1 586//1 585//1
f 583//1 586//1 584//1
f 583//1 585//1 586//1
f 585//1 586//1 588//1
f 585//1 588//1 587//1
f 585//1 588//1 586//1
f 585//1 587//1 588//1
f 587//1 588//1 590//1
f 587//1 590//1 589//1
f 587//1 590//1 588//1
f 587//1 589//1 590//1
f 589//1 590//1 592//1
f 589//1 592//1 591//1
f 589//1 592//1 590//1
f 589//1 591//1 592//1
f 591//1 592//1 594//1
f 591//1 594//1 593//1
f 591//1 594//1 592//1
f 591//1 593//1 594//1
f 593//1 594//1 596//1
f 593//1 596//1 595//1
f 593//1 596//1 594//1
f 593//1 595//1 596//1
f 595//1 596//1 598//1
f 595//1 598//1 597//1
f 595//1 598//1 596//1
f 595//1 597//1 598//1
f 597//1 598//1 600//1
f 597//1 600//1 599//1
f 597//1 600//1 598//1
f 597//1 599//1 600//1
f 599//1 600//1 602//1
f 599//1 602//1 601//1
f 599//1 602//1 600//1
f 599//1 601//1 602//1
f 601//1 602//1 604//1
f 601//1 604//1 603//1
f 601//1 604//1 602//1
f 601//1 603//1 604//1
f 603//1 604//1 606//1
f 603//1 606//1 605//1
f 603//1 606//1 604//1
f 603//1 605//1 606//1
f 605//1 606//1 608//1
f 605//1 608//1 607//1
f 605//1 608//1 606//1
f 605//1 607//1 608//1
f 607//1 608//1 610//1
f 607//1 610//1 609//1
f 607//1 610//1 608//1
f 607//1 609//1 610//1
f 609//1 610//1 612//1
f 609//1 612//1 611//1
f 609//1 612//1 610//1
f 609//1 611//1 612//1
f 611//1 612//1 614//1
f 611//1 614//1 613//1
f 611//1 614//1 612//1
f 611//1 613//1 614//1
f 613//1 614//1 616//1
f 613//1 616//1 615//1
f 613//1 616//1 614//1
f 613//1 615//1 616//1
f 615//1 616//1 618//1
f 615//1 618//1 617//1
f 615//1 618//1 616//1
f 615//1 617//1 618//1
f 617//1 618//1 620//1
f 617//1 620//1 619//1
f 617//1 620//1 618//1
f 617//1 619//1 620//1
f 619//1 620//1 622//1
f 619//1 622//1 621//1
f 619//1 622//1 620//1
f 619//1 621//1 622//1
f 621//1 622//1 624//1
f 621//1 624//1 623//1
f 621//1 624//1 622//1
f 621//1 623//1 624//1
f 623//1 624//1 626//1
f 623//1 626//1 625//1
f 623//1 626//1 624//1
f 623//1 625//1 626//1
f 625//1 626//1 628//1
f 625//1 628//1 627//1
f 625//1 628//1 626//1
f 625//1 627//1 628//1
f 627//1 628//1 630//1
f 627//1 630//1 629//1
f 627//1 630//1 628//1
f 627//1 629//1 630//1
f 629//1 630//1 632//1
f 629//1 632//1 631//1
f 629//1 632//1 630//1
f 629//1 631//1 632//1
f 631//1 632//1 634//1
f 631//1 634//1 633//1
f 631//1 634//1 632//1
f 631//1 633//1 634//1
f 633//1 634//1 636//1
f 633//1 636//1 635//1
f 633//1 636//1 634//1
f 633//1 635//1 636//1
f 635//1 636//1 638//1
f 635//1 638//1 637//1
f 635//1 638//1 636//1
f 635//1 637//1 638//1
f 637//1 638//1 640//1
f 637//1 640//1 639//1
f 637//1 640//1 638//1
f 637//1 639//1 640//1
f 639//1 640//1 642//1
f 639//1 642//1 641//1
f 639//1 642//1 640//1
f 639//1 641//1 642//1
f 641//1 642//1 644//1
f 641//1 644//1 643//1
f 641//1 644//1 642//1
f 641//1 643//1 644//1
f 643//1 644//1 646//1
f 643//1 646//1 645//1
f 643//1 646//1 644//1
f 643//1 645//1 646//1
f 645//1 646//1 648//1
f 645//1 648//1 647//1
f 645//1 648//1 646//1
f 645//1 647//1 648//1
f 647//1 648//1 650//1
f 647//1 650//1 649//1
f 647//1 650//1 648//1
f 647//1 649//1 650//1
f 649//1 650//1 652//1
f 649//1 652//1 651//1
f 649//1 652//1 650//1
f 649//1 651//1 652//1
f 651//1 652//1 654//1
f 651//1 654//1 653//1
f 651//1 654//1 652//1
f 651//1 653//1 654//1
f 653//1 654//1 656//1
f 653//1 656//1 655//1
f 653//1 656//1 654//1
f 653//1 655//1 656//1
f 655//1 656//1 658//1
f 655//1 658//1 657//1
f 655//1 658//1 656//1
f 655//1 657//1 658//1
f 657//1 658//1 660//1
f 657//1 660//1 659//1
f 657//1 660//1 658//1
f 657//1 659//1 660//1
f 659//1 660//1 662//1
f 659//1 662//1 661//1
f 659//1 662//1 660//1
f 659//1 661//1 662//1
f 661//1 662//1 664//1
f 661//1 664//1 663//1
f 661//1 664//1 662//1
f 661//1 663//1 664//1
f 663//1 664//1 666//1
f 663//1 666//1 665//1
f 663//1 666//1 664//1
f 663//1 665//1 666//1
f 665//1 666//1 668//1
f 665//1 668//1 667//1
f 665//1 668//1 666//1
f 665//1 667//1 668//1
f 667//1 668//1 670//1
f 667//1 670//1 669//1
f 667//1 670//1 668//1
f 667//1 669//1 670//1
f 669//1 670//1 672//1
f 669//1 672//1 671//1
f 669//1 672//1 670//1
f 669//1 671//1 672//1
f 671//1 672//1 674//1
f 671//1 674//1 673//1
f 671//1 674//1 672//1
f 671//1 673//1 674//1
f 673//1 674//1 676//1
f 673//1 676//1 675//1
f 673//1 676//1 674//1
f 673//1 675//1 676//1
f 675//1 676//1 678//1
f 675//1 678//1 677//1
f 675//1 678//1 676//1
f 675//1 677//1 678//1
f 677//1 678//1 680//1
f 677//1 680//1 679//1
f 677//1 680//1 678//1
f 677//1 679//1 680//1
f 679//1 680//1 682//1
f 679//1 682//1 681//1
f 679//1 682//1 680//1
f 679//1 681//1 682//1
f 681//1 682//1 684//1
f 681//1 684//1 683//1
f 681//1 684//1 682//1
f 681//1 683//1 684//1
f 683//1 684//1 686//1
f 683//1 686//1 685//1
f 683//1 686//1 684//1
f 683//1 685//1 686//1
f 685//1 686//1 688//1
f 685//1 688//1 687//1
f 685//1 688//1 686//1
f 685//1 687//1 688//1
f 687//1 688//1 690//1
f 687//1 690//1 689//1
f 687//1 690//1 688//1
f 687//1 689//1 690//1
f 689//1 690//1 692//1
f 689//1 692//1 691//1
f 689//1 692//1 690//1
f 689//1 691//1 692//1
f 691//1 692//1 694//1
f 691//1 694//1 693//1
f 691//1 694//1 692//1
f 691//1 693//1 694//1
f 693//1 694//1 696//1
f 693//1 696//1 695//1
f 693//1 696//1 694//1
f 693//1 695//1 696//1
f 695//1 696//1 698//1
f 695//1 698//1 697//1
f 695//1 698//1 696//1
f 695//1 697//1 698//1
f 697//1 698//1 700//1
f 697//1 700//1 699//1
f 697//1 700//1 698//1
f 697//1 699//1 700//1
f 699//1 700//1 702//1
f 699//1 702//1 701//1
f 699//1 702//1 700//1
f 699//1 701//1 702//1
f 701//1 702//1 704//1
f 701//1 704//1 703//1
f 701//1 704//1 702//1
f 701//1 703//1 704//1
f 703//1 704//1 706//1
f 703//1 706//1 705//1
f 703//1 706//1 704//1
f 703//1 705//1 706//1
f 705//1 706//1 708//1
f 705//1 708//1 707//1
f 705//1 708//1 706//1
f 705//1 707//1 708//1
f 707//1 708//1 710//1
f 707//1 710//1 709//1
f 707//1 710//1 708//1
f 707//1 709//1 710//1
f 709//1 710//1 712//1
f 709//1 712//1 711//1
f 709//1 712//1 710//1
f 709//1 711//1 712//1
f 711//1 712//1 714//1
f 711//1 714//1 713//1
f 711//1 714//1 712//1
f 711//1 713//1 714//1
f 713//1 714//1 716//1
f 713//1 716//1 715//1
f 713//1 716//1 714//1
f 713//1 715//1 716//1
f 715//1 716//1 718//1
f 715//1 718//1 717//1
f 715//1 718//1 716//1
f 715//1 717//1 718//1
f 717//1 718//1 720//1
f 717//1 720//1 719//1
f 717//1 720//1 718//1
f 717//1 719//1 720//1
f 719//1 720//1 722//1
f 719//1 722//1 721//1
f 719//1 722//1 720//1
f 719//1 721//1 722//1
f 721//1 722//1 724//1
f 721//1 724//1 723//1
f 721//1 724//1 722//1
f 721//1 723//1 724//1
f 723//1 724//1 726//1
f 723//1 726//1 725//1
f 723//1 726//1 724//1
f 723//1 725//1 726//1
f 725//1 726//1 728//1
f 725//1 728//1 727//1
f 725//1 728//1 726//1
f 725//1 727//1 728//1
f 727//1 728//1 730//1
f 727//1 730//1 729//1
f 727//1 730//1 728//1
f 727//1 729//1 730//1
f 729//1 730//1 732//1
f 729//1 732//1 731//1
f 729//1 732//1 730//1
f 729//1 731//1 732//1
f 731//1 732//1 734//1
f 731//1 734//1 733//1
f 731//1 734//1 732//1
f 731//1 733//1 734//1
f 733//1 734//1 736//1
f 733//1 736//1 735//1
f 733//1 736//1 734//1
f 733//1 735//1 736//1
f 735//1 736//1 738//1
f 735//1 738//1 737//1
f 735//1 738//1 736//1
f 735//1 737//1 738//1
f 737//1 738//1 740//1
f 737//1 740//1 739//1
f 737//1 740//1 738//1
f 737//1 739//1 740//1
f 739//1 740//1 742//1
f 739//1 742//1 741//1
f 739//1 742//1 740//1
f 739//1 741//1 742//1
f 741//1 742//1 744//1
f 741//1 744//1 743//1
f 741//1 744//1 742//1
f 741//1 743//1 744//1
f 743//1 744//1 746//1
f 743//1 746//1 745//1
f 743//1 746//1 744//1
f 743//1 745//1 746//1
f 745//1 746//1 748//1
f 745//1 748//1 747//1
f 745//1 748//1 746//1
f 745//1 747//1 748//1
f 747//1 748//1 750//1
f 747//1 750//1 749//1
f 747//1 750//1 748//1
f 747//1 749//1 750//1
f 749//1 750//1 752//1
f 749//1 752//1 751//1
f 749//1 752//1 750//1
f 749//1 751//1 752//1
f 751//1 752//1 754//1
f 751//1 754//1 753//1
f 751//1 754//1 752//1
f 751//1 753//1 754//1
f 753//1 754//1 756//1
f 753//1 756//1 755//1
f 753//1 756//1 754//1
f 753//1 755//1 756//1
f 755//1 756//1 758//1
f 755//1 758//1 757//1
f 755//1 758//1 756//1
f 755//1 757//1 758//1
f 757//1 758//1 760//1
f 757//1 760//1 759//1
f 757//1 760//1 758//1
f 757//1 759//1 760//1
f 759//1 760//1 762//1
f 759//1 762//1 761//1
f 759//1 762//1 760//1
f 759//1 761//1 762//1
f 761//1 762//1 764//1
f 761//1 764//1 763//1
f 761//1 764//1 762//1
f 761//1 763//1 764//1
f 763//1 764//1 766//1
f 763//1 766//1 765//1
f 763//1 766//1 764//1
f 763//1 765//1 766//1
f 765//1 766//1 768//1
f 765//1 768//1 767//1
f 765//1 768//1 766//1
f 765//1 767//1 768//1
f 767//1 768//1 770//1
f 767//1 770//1 769//1
f 767//1 770//1 768//1
f 767//1 769//1 770//1
f 769//1 770//1 772//1
f 769//1 772//1 771//1
f 769//1 772//1 770//1
f 769//1 771//1 772//1
f 771//1 772//1 774//1
f 771//1 774//1 773//1
f 771//1 774//1 772//1
f 771//1 773//1 774//1
f 773//1 774//1 776//1
f 773//1 776//1 775//1
f 773//1 776//1 774//1
f 773//1 775//1 776//1
f 775//1 776//1 778//1
f 775//1 778//1 777//1
f 775//1 778//1 776//1
f 775//1 777//1 778//1
f 777//1 778//1 780//1
f 777//1 780//1 779//1
f 777//1 780//1 778//1
f 777//1 779//1 780//1
f 779//1 780//1 782//1
f 779//1 782//1 781//1
f 779//1 782//1 780//1
f 779//1 781//1 782//1
f 781//1 782//1 784//1
f 781//1 784//1 783//1
f 781//1 784//1 782//1
f 781//1 783//1 784//1
f 783//1 784//1 786//1
f 783//1 786//1 785//1
f 783//1 786//1 784//1
f 783//1 785//1 786//1
f 785//1 786//1 788//1
f 785//1 788//1 787//1
f 785//1 788//1 786//1
f 785//1 787//1 788//1
f 787//1 788//1 790//1
f 787//1 790//1 789//1
f 787//1 790//1 788//1
f 787//1 789//1 790//1
f 789//1 790//1 792//1
f 789//1 792//1 791//1
f 789//1 792//1 790//1
f 789//1 791//1 792//1
f 791//1 792//1 794//1
f 791//1 794//1 793//1
f 791//1 794//1 792//1
f 791//1 793//1 794//1
f 793//1 794//1 796//1
f 793//1 796//1 795//1
f 793//1 796//1 794//1
f 793//1 795//1 796//1
f 795//1 796//1 798//1
f 795//1 798//1 797//1
f 795//1 798//1 796//1
f 795//1 797//1 798//1
f 797//1 798//1 800//1
f 797//1 800//1 799//1
f 797//1 800//1 798//1
f 797//1 799//1 800//1
f 799//1 800//1 802//1
f 799//1 802//1 801//1
f 799//1 802//1 800//1
f 799//1 801//1 802//1
f 801//1 802//1 804//1
f 801//1 804//1 803//1
f 801//1 804//1 802//1
f 801//1 803//1 804//1
f 803//1 804//1 806//1
f 803//1 806//1 805//1
f 803//1 806//1 804//1
f 803//1 805//1 806//1
f 805//1 806//1 808//1
f 805//1 808//1 807//1
f 805//1 808//1 806//1
f 805//1 807//1 808//1
f 807//1 808//1 810//1
f 807//1 810//1 809//1
f 807//1 810//1 808//1
f 807//1 809//1 810//1
f 809//1 810//1 812//1
f 809//1 812//1 811//1
f 809//1 812//1 810//1
f 809//1 811//1 812//1
f 811//1 812//1 814//1
f 811//1 814//1 813//1
f 811//1 814//1 812//1
f 811//1 813//1 814//1
f 813//1 814//1 816//1
f 813//1 816//1 815//1
f 813//1 816//1 814//1
f 813//1 815//1 816//1
f 815//1 816//1 818//1
f 815//1 818//1 817//1
f 815//1 818//1 816//1
f 815//1 817//1 818//1
f 817//1 818//1 820//1
f 817//1 820//1 819//1
f 817//1 820//1 818//1
f 817//1 819//1 820//1
f 819//1 820//1 822//1
f 819//1 822//1 821//1
f 819//1 822//1 820//1
f 819//1 821//1 822//1
f 821//1 822//1 824//1
f 821//1 824//1 823//1
f 821//1 824//1 822//1
f 821//1 823//1 824//1
f 823//1 824//1 826//1
f 823//1 826//1 825//1
f 823//1 826//1 824//1
f 823//1 825//1 826//1
f 825//1 826//1 828//1
f 825//1 828//1 827//1
f 825//1 828//1 826//1
f 825//1 827//1 828//1
f 827//1 828//1 830//1
f 827//1 830//1 829//1
f 827//1 830//1 828//1
f 827//1 829//1 830//1
f 829//1 830//1 832//1
f 829//1 832//1 831//1
f 829//1 832//1 830//1
f 829//1 831//1 832//1
f 831//1 832//1 834//1
f 831//1 834//1 833//1
f 831//1 834//1 832//1
f 831//1 833//1 834//1
f 833//1 834//1 836//1
f 833//1 836//1 835//1
f 833//1 836//1 834//1
f 833//1 835//1 836//1
f 835//1 836//1 838//1
f 835//1 838//1 837//1
f 835//1 838//1 836//1
f 835//1 837//1 838//1
f 837//1 838//1 840//1
f 837//1 840//1 839//1
f 837//1 840//1 838//1
f 837//1 839//1 840//1
f 839//1 840//1 842//1
f 839//1 842//1 841//1
f 839//1 842//1 840//1
f 839//1 841//1 842//1
f 841//1 842//1 844//1
f 841//1 844//1 843//1
f 841//1 844//1 842//1
f 841//1 843//1 844//1
f 843//1 844//1 846//1
f 843//1 846//1 845//1
f 843//1 846//1 844//1
f 843//1 845//1 846//1
f 845//1 846//1 848//1
f 845//1 848//1 847//1
f 845//1 848//1 846//1
f 845//1 847//1 848//1
f 847//1 848//1 850//1
f 847//1 850//1 849//1
f 847//1 850//1 848//1
f 847//1 849//1 850//1
f 849//1 850//1 852//1
f 849//1 852//1 851//1
f 849//1 852//1 850//1
f 849//1 851//1 852//1
f 851//1 852//1 854//1
f 851//1 854//1 853//1
f 851//1 854//1 852//1
f 851//1 853//1 854//1
f 853//1 854//1 856//1
f 853//1 856//1 855//1
f 853//1 856//1 854//1
f 853//1 855//1 856//1
f 855//1 856//1 858//1
f 855//1 858//1 857//1
f 855//1 858//1 856//1
f 855//1 857//1 858//1
f 857//1 858//1 860//1
f 857//1 860//1 859//1
f 857//1 860//1 858//1
f 857//1 859//1 860//1
f 859//1 860//1 862//1
f 859//1 862//1 861//1
f 859//1 862//1 860//1
f 859//1 861//1 862//1
f 861//1 862//1 864//1
f 861//1 864//1 863//1
f 861//1 864//1 862//1
f 861//1 863//1 864//1
f 863//1 864//1 866//1
f 863//1 866//1 865//1
f 863//1 866//1 864//1
f 863//1 865//1 866//1
f 865//1 866//1 868//1
f 865//1 868//1 867//1
f 865//1 868//1 866//1
f 865//1 867//1 868//1
f 867//1 868//1 870//1
f 867//1 870//1 869//1
f 867//1 870//1 868//1
f 867//1 869//1 870//1
f 869//1 870//1 872//1
f 869//1 872//1 871//1
f 869//1 872//1 870//1
f 869//1 871//1 872//1
f 871//1 872//1 874//1
f 871//1 874//1 873//1
f 871//1 874//1 872//1
f 871//1 873//1 874//1
f 873//1 874//1 876//1
f 873//1 876//1 875//1
f 873//1 876//1 874//1
f 873//1 875//1 876//1
f 875//1 876//1 878//1
f 875//1 878//1 877//1
f 875//1 878//1 876//1
f 875//1 877//1 878//1
f 877//1 878//1 880//1
f 877//1 880//1 879//1
f 877//1 880//1 878//1
f 877//1 879//1 880//1
f 879//1 880//1 882//1
f 879//1 882//1 881//1
f 879//1 882//1 880//1
f 879//1 881//1 882//1
f 881//1 882//1 884//1
f 881//1 884//1 883//1
f 881//1 884//1 882//1
f 881//1 883//1 884//1
f 883//1 884//1 886//1
f 883//1 886//1 885//1
f 883//1 886//1 884//1
f 883//1 885//1 886//1
f 885//1 886//1 888//1
f 885//1 888//1 887//1
f 885//1 888//1 886//1
f 885//1 887//1 888//1
f 887//1 888//1 890//1
f 887//1 890//1 889//1
f 887//1 890//1 888//1
f 887//1 889//1 890//1
f 889//1 890//1 892//1
f 889//1 892//1 891//1
f 889//1 892//1 890//1
f 889//1 891//1 892//1
f 891//1 892//1 894//1
f 891//1 894//1 893//1
f 891//1 894//1 892//1
f 891//1 893//1 894//1
f 893//1 894//1 896//1
f 893//1 896//1 895//1
f 893//1 896//1 894//1
f 893//1 895//1 896//1
f 895//1 896//1 898//1
f 895//1 898//1 897//1
f 895//1 898//1 896//1
f 895//1 897//1 898//1
f 897//1 898//1 900//1
f 897//1 900//1 899//1
f 897//1 900//1 898//1
f 897//1 899//1 900//1
f 899//1 900//1 902//1
f 899//1 902//1 901//1
f 899//1 902//1 900//1
f 899//1 901//1 902//1
f 901//1 902//1 904//1
f 901//1 904//1 903//1
f 901//1 904//1 902//1
f 901//1 903//1 904//1
f 903//1 904//1 906//1
f 903//1 906//1 905//1
f 903//1 906//1 904//1
f 903//1 905//1 906//1
f 905//1 906//1 908//1
f 905//1 908//1 907//1
f 905//1 908//1 906//1
f 905//1 907//1 908//1
f 907//1 908//1 910//1
f 907//1 910//1 909//1
f 907//1 910//1 908//1
f 907//1 909//1 910//1
f 909//1 910//1 912//1
f 909//1 912//1 911//1
f 909//1 912//1 910//1
f 909//1 911//1 912//1
f 911//1 912//1 914//1
f 911//1 914//1 913//1
f 911//1 914//1 912//1
f 911//1 913//1 914//1
f 913//1 914//1 916//1
f 913//1 916//1 915//1
f 913//1 916//1 914//1
f 913//1 915//1 916//1
f 915//1 916//1 918//1
f 915//1 918//1 917//1
f 915//1 918//1 916//1
f 915//1 917//1 918//1
f 917//1 918//1 920//1
f 917//1 920//1 919//1
f 917//1 920//1 918//1
f 917//1 919//1 920//1
f 919//1 920//1 922//1
f 919//1 922//1 921//1
f 919//1 922//1 920//1
f 919//1 921//1 922//1
f 921//1 922//1 924//1
f 921//1 924//1 923//1
f 921//1 924//1 922//1
f 921//1 923//1 924//1
f 923//1 924//1 926//1
f 923//1 926//1 925//1
f 923//1 926//1 924//1
f 923//1 925//1 926//1
f 925//1 926//1 928//1
f 925//1 928//1 927//1
f 925//1 928//1 926//1
f 925//1 927//1 928//1
f 927//1 928//1 930//1
f 927//1 930//1 929//1
f 927//1 930//1 928//1
f 927//1 929//1 930//1
f 929//1 930//1 932//1
f 929//1 932//1 931//1
f 929//1 932//1 930//1
f 929//1 931//1 932//1
f 931//1 932//1 934//1
f 931//1 934//1 933//1
f 931//1 934//1 932//1
f 931//1 933//1 934//1
f 933//1 934//1 936//1
f 933//1 936//1 935//1
f 933//1 936//1 934//1
f 933//1 935//1 936//1
f 935//1 936//1 938//1
f 935//1 938//1 937//1
f 935//1 938//1 936//1
f 935//1 937//1 938//1
f 937//1 938//1 940//1
f 937//1 940//1 939//1
f 937//1 940//1 938//1
f 937//1 939//1 940//1
f 939//1 940//1 942//1
f 939//1 942//1 941//1
f 939//1 942//1 940//1
f 939//1 941//1 942//1
f 941//1 942//1 944//1
f 941//1 944//1 943//1
f 941//1 944//1 942//1
f 941//1 943//1 944//1
f 943//1 944//1 946//1
f 943//1 946//1 945//1
f 943//1 946//1 944//1
f 943//1 945//1 946//1
f 945//1 946//1 948//1
f 945//1 948//1 947//1
f 945//1 948//1 946//1
f 945//1 947//1 948//1
f 947//1 948//1 950//1
f 947//1 950//1 949//1
f 947//1 950//1 948//1
f 947//1 949//1 950//1
f 949//1 950//1 952//1
f 949//1 952//1 951//1
f 949//1 952//1 950//1
f 949//1 951//1 952//1
f 951//1 952//1 954//1
f 951//1 954//1 953//1
f 951//1 954//1 952//1
f 951//1 953//1 954//1
f 953//1 954//1 956//1
f 953//1 956//1 955//1
f 953//1 956//1 954//1
f 953//1 955//1 956//1
f 955//1 956//1 958//1
f 955//1 958//1 957//1
f 955//1 958//1 956//1
f 955//1 957//1 958//1
f 957//1 958//1 960//1
f 957//1 960//1 959//1
f 957//1 960//1 958//1
f 957//1 959//1 960//1
f 959//1 960//1 962//1
f 959//1 962//1 961//1
f 959//1 962//1 960//1
f 959//1 961//1 962//1
f 961//1 962//1 964//1
f 961//1 964//1 963//1
f 961//1 964//1 962//1
f 961//1 963//1 964//1
f 963//1 964//1 966//1
f 963//1 966//1 965//1
f 963//1 966//1 964//1
f 963//1 965//1 966//1
f 965//1 966//1 968//1
f 965//1 968//1 967//1
f 965//1 968//1 966//1
f 965//1 967//1 968//1
f 967//1 968//1 970//1
f 967//1 970//1 969//1
f 967//1 970//1 968//1
f 967//1 969//1 970//1
f 969//1 970//1 972//1
f 969//1 972//1 971//1
f 969//1 972//1 970//1
f 969//1 971//1 972//1
f 971//1 972//1 974//1
f 971//1 974//1 973//1
f 971//1 974//1 972//1
f 971//1 973//1 974//1
f 973//1 974//1 976//1
f 973//1 976//1 975//1
f 973//1 976//1 974//1
f 973//1 975//1 976//1
f 975//1 976//1 978//1
f 975//1 978//1 977//1
f 975//1 978//1 976//1
f 975//1 977//1 978//1
f 977//1 978//1 980//1
f 977//1 980//1 979//1
f 977//1 980//1 978//1
f 977//1 979//1 980//1
f 979//1 980//1 982//1
f 979//1 982//1 981//1
f 979//1 982//1 980//1
f 979//1 981//1 982//1
f 981//1 982//1 984//1
f 981//1 984//1 983//1
f 981//1 984//1 982//1
f 981//1 983//1 984//1
f 983//1 984//1 986//1
f 983//1 986//1 985//1
f 983//1 986//1 984//1
f 983//1 985//1 986//1
f 985//1 986//1 988//1
f 985//1 988//1 987//1
f 985//1 988//1 986//1
f 985//1 987//1 988//1
f 987//1 988//1 990//1
f 987//1 990//1 989//1
f 987//1 990//1 988//1
f 987//1 989//1 990//1
f 989//1 990//1 992//1
f 989//1 992//1 991//1
f 989//1 992//1 990//1
f 989//1 991//1 992//1
f 991//1 992//1 994//1
f 991//1 994//1 993//1
f 991//1 994//1 992//1
f 991//1 993//1 994//1
f 993//1 994//1 996//1
f 993//1 996//1 995//1
f 993//1 996//1 994//1
f 993//1 995//1 996//1
f 995//1 996//1 998//1
f 995//1 998//1 997//1
f 995//1 998//1 996//1
f 995//1 997//1 998//1
f 997//1 998//1 1000//1
f 997//1 1000//1 999//1
f 997//1 1000//1 998//1
f 997//1 999//1 1000//1
f 999//1 1000//1 1002//1
f 999//1 1002//1 1001//1
f 999//1 1002//1 1000//1
f 999//1 1001//1 1002//1
f 1001//1 1002//1 1004//1
f 1001//1 1004//1 1003//1
f 1001//1 1004//1 1002//1
f 1001//1 1003//1 1004//1
f 1003//1 1004//1 1006//1
f 1003//1 1006//1 1005//1
f 1003//1 1006//1 1004//1
f 1003//1 1005//1 1006//1
f 1005//1 1006//1 1008//1
f 1005//1 1008//1 1007//1
f 1005//1 1008//1 1006//1
f 1005//1 1007//1 1008//1
f 1007//1 1008//1 1010//1
f 1007//1 1010//1 1009//1
f 1007//1 1010//1 1008//1
f 1007//1 1009//1 1010//1
f 1009//1 1010//1 1012//1
f 1009//1 1012//1 1011//1
f 1009//1 1012//1 1010//1
f 1009//1 1011//1 1012//1
f 1011//1 1012//1 1014//1
f 1011//1 1014//1 1013//1
f 1011//1 1014//1 1012//1
f 1011//1 1013//1 1014//1
f 1013//1 1014//1 1016//1
f 1013//1 1016//1 1015//1
f 1013//1 1016//1 1014//1
f 1013//1 1015//1 1016//1
f 1015//1 1016//1 1018//1
f 1015//1 1018//1 1017//1
f 1015//1 1018//1 1016//1
f 1015//1 1017//1 1018//1
f 1017//1 1018//1 1020//1
f 1017//1 1020//1 1019//1
f 1017//1 1020//1 1018//1
f 1017//1 1019//1 1020//1
f 1019//1 1020//1 1022//1
f 1019//1 1022//1 1021//1
f 1019//1 1022//1 1020//1
f 1019//1 1021//1 1022//1
f 1021//1 1022//1 1024//1
f 1021//1 1024//1 1023//1
f 1021//1 1024//1 1022//1
f 1021//1 1023//1 1024//1
f 1023//1 1024//1 1026//1
f 1023//1 1026//1 1025//1
f 1023//1 1026//1 1024//1
f 1023//1 1025//1 1026//1
f 1025//1 1026//1 1028//1
f 1025//1 1028//1 1027//1
f 1025//1 1028//1 1026//1
f 1025//1 1027//1 1028//1
f 1027//1 1028//1 1030//1
f 1027//1 1030//1 1029//1
f 1027//1 1030//1 1028//1
f 1027//1 1029//1 1030//1
f 1029//1 1030//1 1032//1
f 1029//1 1032//1 1031//1
f 1029//1 1032//1 1030//1
f 1029//1 1031//1 1032//1
f 1031//1 1032//1 1034//1
f 1031//1 1034//1 1033//1
f 1031//1 1034//1 1032//1
f 1031//1 1033//1 1034//1
f 1033//1 1034//1 1036//1
f 1033//1 1036//1 1035//1
f 1033//1 1036//1 1034//1
f 1033//1 1035//1 1036//1
f 1035//1 1036//1 1038//1
f 1035//1 1038//1 1037//1
f 1035//1 1038//1 1036//1
f 1035//1 1037//1 1038//1
f 1037//1 1038//1 1040//1
f 1037//1 1040//1 1039//1
f 1037//1 1040//1 1038//1
f 1037//1 1039//1 1040//1
f 1039//1 1040//1 1042//1
f 1039//1 1042//1 1041//1
f 1039//1 1042//1 1040//1
f 1039//1 1041//1 1042//1
f 1041//1 1042//1 1044//1
f 1041//1 1044//1 1043//1
f 1041//1 1044//1 1042//1
f 1041//1 1043//1 1044//1
f 1043//1 1044//1 1046//1
f 1043//1 1046//1 1045//1
f 1043//1 1046//1 1044//1
f 1043//1 1045//1 1046//1
f 1045//1 1046//1 1048//1
f 1045//1 1048//1 1047//1
f 1045//1 1048//1 1046//1
f 1045//1 1047//1 1048//1
f 1047//1 1048//1 1050//1
f 1047//1 1050//1 1049//1
f 1047//1 1050//1 1048//1
f 1047//1 1049//1 1050//1
f 1049//1 1050//1 1052//1
f 1049//1 1052//1 1051//1
f 1049//1 1052//1 1050//1
f 1049//1 1051//1 1052//1
f 1051//1 1052//1 1054//1
f 1051//1 1054//1 1053//1
f 1051//1 1054//1 1052//1
f 1051//1 1053//1 1054//1
f 1053//1 1054//1 1056//1
f 1053//1 1056//1 1055//1
f 1053//1 1056//1 1054//1
f 1053//1 1055//1 1056//1
f 1055//1 1056//1 1058//1
f 1055//1 1058//1 1057//1
f 1055//1 1058//1 1056//1
f 1055//1 1057//1 1058//1
f 1057//1 1058//1 1060//1
f 1057//1 1060//1 1059//1
f 1057//1 1060//1 1058//1
f 1057//1 1059//1 1060//1
f 1059//1 1060//1 1062//1
f 1059//1 1062//1 1061//1
f 1059//1 1062//1 1060//1
f 1059//1 1061//1 1062//1
f 1061//1 1062//1 1064//1
f 1061//1 1064//1 1063//1
f 1061//1 1064//1 1062//1
f 1061//1 1063//1 1064//1
f 1063//1 1064//1 1066//1
f 1063//1 1066//1 1065//1
f 1063//1 1066//1 1064//1
f 1063//1 1065//1 1066//1
f 1065//1 1066//1 1068//1
f 1065//1 1068//1 1067//1
f 1065//1 1068//1 1066//1
f 1065//1 1067//1 1068//1
f 1067//1 1068//1 1070//1
f 1067//1 1070//1 1069//1
f 1067//1 1070//1 1068//1
f 1067//1 1069//1 1070//1
f 1069//1 1070//1 1072//1
f 1069//1 1072//1 1071//1
f 1069//1 1072//1 1070//1
f 1069//1 1071//1 1072//1
f 1071//1 1072//1 1074//1
f 1071//1 1074//1 1073//1
f 1071//1 1074//1 1072//1
f 1071//1 1073//1 1074//1
f 1073//1 1074//1 1076//1
f 1073//1 1076//1 1075//1
f 1073//1 1076//1 1074//1
f 1073//1 1075//1 1076//1
f 1075//1 1076//1 1078//1
f 1075//1 1078//1 1077//1
f 1075//1 1078//1 1076//1
f 1075//1 1077//1 1078//1
f 1077//1 1078//1 1080//1
f 1077//1 1080//1 1079//1
f 1077//1 1080//1 1078//1
f 1077//1 1079//1 1080//1
f 1079//1 1080//1 1082//1
f 1079//1 1082//1 1081//1
f 1079//1 1082//1 1080//1
f 1079//1 1081//1 1082//1
f 1081//1 1082//1 1084//1
f 1081//1 1084//1 1083//1
f 1081//1 1084//1 1082//1
f 1081//1 1083//1 1084//1
f 1083//1 1084//1 1086//1
f 1083//1 1086//1 1085//1
f 1083//1 1086//1 1084//1
f 1083//1 1085//1 1086//1
f 1085//1 1086//1 1088//1
f 1085//1 1088//1 1087//1
f 1085//1 1088//1 1086//1
f 1085//1 1087//1 1088//1
f 1087//1 1088//1 1090//1
f 1087//1 1090//1 1089//1
f 1087//1 1090//1 1088//1
f 1087//1 1089//1 1090//1
f 1089//1 1090//1 1092//1
f 1089//1 1092//1 1091//1
f 1089//1 1092//1 1090//1
f 1089//1 1091//1 1092//1
f 1091//1 1092//1 1094//1
f 1091//1 1094//1 1093//1
f 1091//1 1094//1 1092//1
f 1091//1 1093//1 1094//1
f 1093//1 1094//1 1096//1
f 1093//1 1096//1 1095//1
f 1093//1 1096//1 1094//1
f 1093//1 1095//1 1096//1
f 1095//1 1096//1 1098//1
f 1095//1 1098//1 1097//1
f 1095//1 1098//1 1096//1
f 1095//1 1097//1 1098//1
f 1097//1 1098//1 1100//1
f 1097//1 1100//1 1099//1
f 1097//1 1100//1 1098//1
f 1097//1 1099//1 1100//1
f 1099//1 1100//1 1102//1
f 1099//1 1102//1 1101//1
f 1099//1 1102//1 1100//1
f 1099//1 1101//1 1102//1
f 1101//1 1102//1 1104//1
f 1101//1 1104//1 1103//1
f 1101//1 1104//1 1102//1
f 1101//1 1103//1 1104//1
f 1103//1 1104//1 1106//1
f 1103//1 1106//1 1105//1
f 1103//1 1106//1 1104//1
f 1103//1 1105//1 1106//1
f 1105//1 1106//1 1108//1
f 1105//1 1108//1 1107//1
f 1105//1 1108//1 1106//1
f 1105//1 1107//1 1108//1
f 1107//1 1108//1 1110//1
f 1107//1 1110//1 1109//1
f 1107//1 1110//1 1108//1
f 1107//1 1109//1 1110//1
f 1109//1 1110//1 1112//1
f 1109//1 1112//1 1111//1
f 1109//1 1112//1 1110//1
f 1109//1 1111//1 1112//1
f 1111//1 1112//1 1114//1
f 1111//1 1114//1 1113//1
f 1111//1 1114//1 1112//1
f 1111//1 1113//1 1114//1
f 1113//1 1114//1 1116//1
f 1113//1 1116//1 1115//1
f 1113//1 1116//1 1114//1
f 1113//1 1115//1 1116//1
f 1115//1 1116//1 1118//1
f 1115//1 1118//1 1117//1
f 1115//1 1118//1 1116//1
f 1115//1 1117//1 1118//1
f 1117//1 1118//1 1120//1
f 1117//1 1120//1 1119//1
f 1117//1 1120//1 1118//1
f 1117//1 1119//1 1120//1
f 1119//1 1120//1 1122//1
f 1119//1 1122//1 1121//1
f 1119//1 1122//1 1120//1
f 1119//1 1121//1 1122//1
f 1121//1 1122//1 1124//1
f 1121//1 1124//1 1123//1
f 1121//1 1124//1 1122//1
f 1121//1 1123//1 1124//1
f 1123//1 1124//1 1126//1
f 1123//1 1126//1 1125//1
f 1123//1 1126//1 1124//1
f 1123//1 1125//1 1126//1
f 1125//1 1126//1 1128//1
f 1125//1 1128//1 1127//1
f 1125//1 1128//1 1126//1
f 1125//1 1127//1 1128//1
f 1127//1 1128//1 1130//1
f 1127//1 1130//1 1129//1
f 1127//1 1130//1 1128//1
f 1127//1 1129//1 1130//1
f 1129//1 1130//1 1132//1
f 1129//1 1132//1 1131//1
f 1129//1 1132//1 1130//1
f 1129//1 1131//1 1132//1
f 1131//1 1132//1 1134//1
f 1131//1 1134//1 1133//1
f 1131//1 1134//1 1132//1
f 1131//1 1133//1 1134//1
f 1133//1 1134//1 1136//1
f 1133//1 1136//1 1135//1
f 1133//1 1136//1 1134//1
f 1133//1 1135//1 1136//1
f 1135//1 1136//1 1138//1
f 1135//1 1138//1 1137//1
f 1135//1 1138//1 1136//1
f 1135//1 1137//1 1138//1
f 1137//1 1138//1 1140//1
f 1137//1 1140//1 1139//1
f 1137//1 1140//1 1138//1
f 1137//1 1139//1 1140//1
f 1139//1 1140//1 1142//1
f 1139//1 1142//1 1141//1
f 1139//1 1142//1 1140//1
f 1139//1 1141//1 1142//1
f 1141//1 1142//1 1144//1
f 1141//1 1144//1 1143//1
f 1141//1 1144//1 1142//1
f 1141//1 1143//1 1144//1
f 1143//1 1144//1 1146//1
f 1143//1 1146//1 1145//1
f 1143//1 1146//1 1144//1
f 1143//1 1145//1 1146//1
f 1145//1 1146//1 1148//1
f 1145//1 1148//1 1147//1
f 1145//1 1148//1 1146//1
f 1145//1 1147//1 1148//1
f 1147//1 1148//1 1150//1
f 1147//1 1150//1 1149//1
f 1147//1 1150//1 1148//1
f 1147//1 1149//1 1150//1
f 1149//1 1150//1 1152//1
f 1149//1 1152//1 1151//1
f 1149//1 1152//1 1150//1
f 1149//1 1151//1 1152//1
f 1151//1 1152//1 1154//1
f 1151//1 1154//1 1153//1
f 1151//1 1154//1 1152//1
f 1151//1 1153//1 1154//1
f 1153//1 1154//1 1156//1
f 1153//1 1156//1 1155//1
f 1153//1 1156//1 1154//1
f 1153//1 1155//1 1156//1
f 1155//1 1156//1 1158//1
f 1155//1 1158//1 1157//1
f 1155//1 1158//1 1156//1
f 1155//1 1157//1 1158//1
f 1157//1 1158//1 1160//1
f 1157//1 1160//1 1159//1
f 1157//1 1160//1 1158//1
f 1157//1 1159//1 1160//1
f 1159//1 1160//1 1162//1
f 1159//1 1162//1 1161//1
f 1159//1 1162//1 1160//1
f 1159//1 1161//1 1162//1
f 1161//1 1162//1 1164//1
f 1161//1 1164//1 1163//1
f 1161//1 1164//1 1162//1
f 1161//1 1163//1 1164//1
f 1163//1 1164//1 1166//1
f 1163//1 1166//1 1165//1
f 1163//1 1166//1 1164//1
f 1163//1 1165//1 1166//1
f 1165//1 1166//1 1168//1
f 1165//1 1168//1 1167//1
f 1165//1 1168//1 1166//1
f 1165//1 1167//1 1168//1
f 1167//1 1168//1 1170//1
f 1167//1 1170//1 1169//1
f 1167//1 1170//1 1168//1
f 1167//1 1169//1 1170//1
f 1169//1 1170//1 1172//1
f 1169//1 1172//1 1171//1
f 1169//1 1172//1 1170//1
f 1169//1 1171//1 1172//1
f 1171//1 1172//1 1174//1
f 1171//1 1174//1 1173//1
f 1171//1 1174//1 1172//1
f 1171//1 1173//1 1174//1
f 1173//1 1174//1 1176//1
f 1173//1 1176//1 1175//1
f 1173//1 1176//1 1174//1
f 1173//1 1175//1 1176//1
f 1175//1 1176//1 1178//1
f 1175//1 1178//1 1177//1
f 1175//1 1178//1 1176//1
f 1175//1 1177//1 1178//1
f 1177//1 1178//1 1180//1
f 1177//1 1180//1 1179//1
f 1177//1 1180//1 1178//1
f 1177//1 1179//1 1180//1
f 1179//1 1180//1 1182//1
f 1179//1 1182//1 1181//1
f 1179//1 1182//1 1180//1
f 1179//1 1181//1 1182//1
f 1181//1 1182//1 1184//1
f 1181//1 1184//1 1183//1
f 1181//1 1184//1 1182//1
f 1181//1 1183//1 1184//1
f 1183//1 1184//1 1186//1
f 1183//1 1186//1 1185//1
f 1183//1 1186//1 1184//1
f 1183//1 1185//1 1186//1
f 1185//1 1186//1 1188//1
f 1185//1 1188//1 1187//1
f 1185//1 1188//1 1186//1
f 1185//1 1187//1 1188//1
f 1187//1 1188//1 1190//1
f 1187//1 1190//1 1189//1
f 1187//1 1190//1 1188//1
f 1187//1 1189//1 1190//1
f 1189//1 1190//1 1192//1
f 1189//1 1192//1 1191//1
f 1189//1 1192//1 1190//1
f 1189//1 1191//1 1192//1
f 1191//1 1192//1 1194//1
f 1191//1 1194//1 1193//1
f 1191//1 1194//1 1192//1
f 1191//1 1193//1 1194//1
f 1193//1 1194//1 1196//1
f 1193//1 1196//1 1195//1
f 1193//1 1196//1 1194//1
f 1193//1 1195//1 1196//1
f 1195//1 1196//1 1198//1
f 1195//1 1198//1 1197//1
f 1195//1 1198//1 1196//1
f 1195//1 1197//1 1198//1
f 1197//1 1198//1 1200//1
f 1197//1 1200//1 1199//1
f 1197//1 1200//1 1198//1
f 1197//1 1199//1 1200//1
f 1199//1 1200//1 1202//1
f 1199//1 1202//1 1201//1
f 1199//1 1202//1 1200//1
f 1199//1 1201//1 1202//1
f 1201//1 1202//1 1204//1
f 1201//1 1204//1 1203//1
f 1201//1 1204//1 1202//1
f 1201//1 1203//1 1204//1
f 1203//1 1204//1 1206//1
f 1203//1 1206//1 1205//1
f 1203//1 1206//1 1204//1
f 1203//1 1205//1 1206//1
f 1205//1 1206//1 1208//1
f 1205//1 1208//1 1207//1
f 1205//1 1208//1 1206//1
f 1205//1 1207//1 1208//1
f 1207//1 1208//1 1210//1
f 1207//1 1210//1 1209//1
f 1207//1 1210//1 1208//1
f 1207//1 1209//1 1210//1
f 1209//1 1210//1 1212//1
f 1209//1 1212//1 1211//1
f 1209//1 1212//1 1210//1
f 1209//1 1211//1 1212//1
f 1211//1 1212//1 1214//1
f 1211//1 1214//1 1213//1
f 1211//1 1214//1 1212//1
f 1211//1 1213//1 1214//1
f 1213//1 1214//1 1216//1
f 1213//1 1216//1 1215//1
f 1213//1 1216//1 1214//1
f 1213//1 1215//1 1216//1
f 1215//1 1216//1 1218//1
f 1215//1 1218//1 1217//1
f 1215//1 1218//1 1216//1
f 1215//1 1217//1 1218//1
f 1217//1 1218//1 1220//1
f 1217//1 1220//1 1219//1
f 1217//1 1220//1 1218//1
f 1217//1 1219//1 1220//1
f 1219//1 1220//1 1222//1
f 1219//1 1222//1 1221//1
f 1219//1 1222//1 1220//1
f 1219//1 1221//1 1222//1
f 1221//1 1222//1 1224//1
f 1221//1 1224//1 1223//1
f 1221//1 1224//1 1222//1
f 1221//1 1223//1 1224//1
f 1223//1 1224//1 1226//1
f 1223//1 1226//1 1225//1
f 1223//1 1226//1 1224//1
f 1223//1 1225//1 1226//1
f 1225//1 1226//1 1228//1
f 1225//1 1228//1 1227//1
f 1225//1 1228//1 1226//1
f 1225//1 1227//1 1228//1
f 1227//1 1228//1 1230//1
f 1227//1 1230//1 1229//1
f 1227//1 1230//1 1228//1
f 1227//1 1229//1 1230//1
f 1229//1 1230//1 1232//1
f 1229//1 1232//1 1231//1
f 1229//1 1232//1 1230//1
f 1229//1 1231//1 1232//1
f 1231//1 1232//1 1234//1
f 1231//1 1234//1 1233//1
f 1231//1 1234//1 1232//1
f 1231//1 1233//1 1234//1
f 1233//1 1234//1 1236//1
f 1233//1 1236//1 1235//1
f 1233//1 1236//1 1234//1
f 1233//1 1235//1 1236//1
f 1235//1 1236//1 1238//1
f 1235//1 1238//1 1237//1
f 1235//1 1238//1 1236//1
f 1235//1 1237//1 1238//1
f 1237//1 1238//1 1240//1
f 1237//1 1240//1 1239//1
f 1237//1 1240//1 1238//1
f 1237//1 1239//1 1240//1
f 1239//1 1240//1 1242//1
f 1239//1 1242//1 1241//1
f 1239//1 1242//1 1240//1
f 1239//1 1241//1 1242//1
f 1241//1 1242//1 1244//1
f 1241//1 1244//1 1243//1
f 1241//1 1244//1 1242//1
f 1241//1 1243//1 1244//1
f 1243//1 1244//1 1246//1
f 1243//1 1246//1 1245//1
f 1243//1 1246//1 1244//1
f 1243//1 1245//1 1246//1
f 1245//1 1246//1 1248//1
f 1245//1 1248//1 1247//1
f 1245//1 1248//1 1246//1
f 1245//1 1247//1 1248//1
f 1247//1 1248//1 1250//1
f 1247//1 1250//1 1249//1
f 1247//1 1250//1 1248//1
f 1247//1 1249//1 1250//1
f 1249//1 1250//1 1252//1
f 1249//1 1252//1 1251//1
f 1249//1 1252//1 1250//1
f 1249//1 1251//1 1252//1
f 1251//1 1252//1 1254//1
f 1251//1 1254//1 1253//1
f 1251//1 1254//1 1252//1
f 1251//1 1253//1 1254//1
f 1253//1 1254//1 1256//1
f 1253//1 1256//1 1255//1
f 1253//1 1256//1 1254//1
f 1253//1 1255//1 1256//1
f 1255//1 1256//1 1258//1
f 1255//1 1258//1 1257//1
f 1255//1 1258//1 1256//1
f 1255//1 1257//1 1258//1
f 1257//1 1258//1 1260//1
f 1257//1 1260//1 1259//1
f 1257//1 1260//1 1258//1
f 1257//1 1259//1 1260//1
f 1259//1 1260//1 1262//1
f 1259//1 1262//1 1261//1
f 1259//1 1262//1 1260//1
f 1259//1 1261//1 1262//1
f 1261//1 1262//1 1264//1
f 1261//1 1264//1 1263//1
f 1261//1 1264//1 1262//1
f 1261//1 1263//1 1264//1
f 1263//1 1264//1 1266//1
f 1263//1 1266//1 1265//1
f 1263//1 1266//1 1264//1
f 1263//1 1265//1 1266//1
f 1265//1 1266//1 1268//1
f 1265//1 1268//1 1267//1
f 1265//1 1268//1 1266//1
f 1265//1 1267//1 1268//1
f 1267//1 1268//1 1270//1
f 1267//1 1270//1 1269//1
f 1267//1 1270//1 1268//1
f 1267//1 1269//1 1270//1
f 1269//1 1270//1 1272//1
f 1269//1 1272//1 1271//1
f 1269//1 1272//1 1270//1
f 1269//1 1271//1 1272//1
f 1271//1 1272//1 1274//1
f 1271//1 1274//1 1273//1
f 1271//1 1274//1 1272//1
f 1271//1 1273//1 1274//1
f 1273//1 1274//1 1276//1
f 1273//1 1276//1 1275//1
f 1273//1 1276//1 1274//1
f 1273//1 1275//1 1276//1
f 1275//1 1276//1 1278//1
f 1275//1 1278//1 1277//1
f 1275//1 1278//1 1276//1
f 1275//1 1277//1 1278//1
f 1277//1 1278//1 1280//1
f 1277//1 1280//1 1279//1
f 1277//1 1280//1 1278//1
f 1277//1 1279//1 1280//1
f 1279//1 1280//1 1282//1
f 1279//1 1282//1 1281//1
f 1279//1 1282//1 1280//1
f 1279//1 1281//1 1282//1
f 1281//1 1282//1 1284//1
f 1281//1 1284//1 1283//1
f 1281//1 1284//1 1282//1
f 1281//1 1283//1 1284//1
f 1283//1 1284//1 1286//1
f 1283//1 1286//1 1285//1
f 1283//1 1286//1 1284//1
f 1283//1 1285//1 1286//1
f 1285//1 1286//1 1288//1
f 1285//1 1288//1 1287//1
f 1285//1 1288//1 1286//1
f 1285//1 1287//1 1288//1
f 1287//1 1288//1 1290//1
f 1287//1 1290//1 1289//1
f 1287//1 1290//1 1288//1
f 1287//1 1289//1 1290//1
f 1289//1 1290//1 1292//1
f 1289//1 1292//1 1291//1
f 1289//1 1292//1 1290//1
f 1289//1 1291//1 1292//1
f 1291//1 1292//1 1294//1
f 1291//1 1294//1 1293//1
f 1291//1 1294//1 1292//1
f 1291//1 1293//1 1294//1
f 1293//1 1294//1 1296//1
f 1293//1 1296//1 1295//1
f 1293//1 1296//1 1294//1
f 1293//1 1295//1 1296//1
f 1295//1 1296//1 1298//1
f 1295//1 1298//1 1297//1
f 1295//1 1298//1 1296//1
f 1295//1 1297//1 1298//1
f 1297//1 1298//1 1300//1
f 1297//1 1300//1 1299//1
f 1297//1 1300//1 1298//1
f 1297//1 1299//1 1300//1
f 1299//1 1300//1 1302//1
f 1299//1 1302//1 1301//1
f 1299//1 1302//1 1300//1
f 1299//1 1301//1 1302//1
f 1301//1 1302//1 1304//1
f 1301//1 1304//1 1303//1
f 1301//1 1304//1 1302//1
f 1301//1 1303//1 1304//1
f 1303//1 1304//1 1306//1
f 1303//1 1306//1 1305//1
f 1303//1 1306//1 1304//1
f 1303//1 1305//1 1306//1
f 1305//1 1306//1 1308//1
f 1305//1 1308//1 1307//1
f 1305//1 1308//1 1306//1
f 1305//1 1307//1 1308//1
f 1307//1 1308//1 1310//1
f 1307//1 1310//1 1309//1
f 1307//1 1310//1 1308//1
f 1307//1 1309//1 1310//1
f 1309//1 1310//1 1312//1
f 1309//1 1312//1 1311//1
f 1309//1 1312//1 1310//1
f 1309//1 1311//1 1312//1
f 1311//1 1312//1 1314//1
f 1311//1 1314//1 1313//1
f 1311//1 1314//1 1312//1
f 1311//1 1313//1 1314//1
f 1313//1 1314//1 1316//1
f 1313//1 1316//1 1315//1
f 1313//1 1316//1 1314//1
f 1313//1 1315//1 1316//1
f 1315//1 1316//1 1318//1
f 1315//1 1318//1 1317//1
f 1315//1 1318//1 1316//1
f 1315//1 1317//1 1318//1
f 1317//1 1318//1 1320//1
f 1317//1 1320//1 1319//1
f 1317//1 1320//1 1318//1
f 1317//1 1319//1 1320//1
f 1319//1 1320//1 1322//1
f 1319//1 1322//1 1321//1
f 1319//1 1322//1 1320//1
f 1319//1 1321//1 1322//1
f 1321//1 1322//1 1324//1
f 1321//1 1324//1 1323//1
f 1321//1 1324//1 1322//1
f 1321//1 1323//1 1324//1
f 1323//1 1324//1 1326//1
f 1323//1 1326//1 1325//1
f 1323//1 1326//1 1324//1
f 1323//1 1325//1 1326//1
f 1325//1 1326//1 1328//1
f 1325//1 1328//1 1327//1
f 1325//1 1328//1 1326//1
f 1325//1 1327//1 1328//1
f 1327//1 1328//1 1330//1
f 1327//1 1330//1 1329//1
f 1327//1 1330//1 1328//1
f 1327//1 1329//1 1330//1
f 1329//1 1330//1 1332//1
f 1329//1 1332//1 1331//1
f 1329//1 1332//1 1330//1
f 1329//1 1331//1 1332//1
f 1331//1 1332//1 1334//1
f 1331//1 1334//1 1333//1
f 1331//1 1334//1 1332//1
f 1331//1 1333//1 1334//1
f 1333//1 1334//1 1336//1
f 1333//1 1336//1 1335//1
f 1333//1 1336//1 1334//1
f 1333//1 1335//1 1336//1
f 1335//1 1336//1 1338//1
f 1335//1 1338//1 1337//1
f 1335//1 1338//1 1336//1
f 1335//1 1337//1 1338//1
f 1337//1 1338//1 1340//1
f 1337//1 1340//1 1339//1
f 1337//1 1340//1 1338//1
f 1337//1 1339//1 1340//1
f 1339//1 1340//1 1342//1
f 1339//1 1342//1 1341//1
f 1339//1 1342//1 1340//1
f 1339//1 1341//1 1342//1
f 1341//1 1342//1 1344//1
f 1341//1 1344//1 1343//1
f 1341//1 1344//1 1342//1
f 1341//1 1343//1 1344//1
f 1343//1 1344//1 1346//1
f 1343//1 1346//1 1345//1
f 1343//1 1346//1 1344//1
f 1343//1 1345//1 1346//1
f 1345//1 1346//1 1348//1
f 1345//1 1348//1 1347//1
f 1345//1 1348//1 1346//1
f 1345//1 1347//1 1348//1
f 1347//1 1348//1 1350//1
f 1347//1 1350//1 1349//1
f 1347//1 1350//1 1348//1
f 1347//1 1349//1 1350//1
f 1349//1 1350//1 1352//1
f 1349//1 1352//1 1351//1
f 1349//1 1352//1 1350//1
f 1349//1 1351//1 1352//1
f 1351//1 1352//1 1354//1
f 1351//1 1354//1 1353//1
f 1351//1 1354//1 1352//1
f 1351//1 1353//1 1354//1
f 1353//1 1354//1 1356//1
f 1353//1 1356//1 1355//1
f 1353//1 1356//1 1354//1
f 1353//1 1355//1 1356//1
f 1355//1 1356//1 1358//1
f 1355//1 1358//1 1357//1
f 1355//1 1358//1 1356//1
f 1355//1 1357//1 1358//1
f 1357//1 1358//1 1360//1
f 1357//1 1360//1 1359//1
f 1357//1 1360//1 1358//1
f 1357//1 1359//1 1360//1
f 1359//1 1360//1 1362//1
f 1359//1 1362//1 1361//1
f 1359//1 1362//1 1360//1
f 1359//1 1361//1 1362//1
f 1361//1 1362//1 1364//1
f 1361//1 1364//1 1363//1
f 1361//1 1364//1 1362//1
f 1361//1 1363//1 1364//1
f 1363//1 1364//1 1366//1
f 1363//1 1366//1 1365//1
f 1363//1 1366//1 1364//1
f 1363//1 1365//1 1366//1
f 1365//1 1366//1 1368//1
f 1365//1 1368//1 1367//1
f 1365//1 1368//1 1366//1
f 1365//1 1367//1 1368//1
f 1367//1 1368//1 1370//1
f 1367//1 1370//1 1369//1
f 1367//1 1370//1 1368//1
f 1367//1 1369//1 1370//1
f 1369//1 1370//1 1372//1
f 1369//1 1372//1 1371//1
f 1369//1 1372//1 1370//1
f 1369//1 1371//1 1372//1
f 1371//1 1372//1 1374//1
f 1371//1 1374//1 1373//1
f 1371//1 1374//1 1372//1
f 1371//1 1373//1 1374//1
f 1373//1 1374//1 1376//1
f 1373//1 1376//1 1375//1
f 1373//1 1376//1 1374//1
f 1373//1 1375//1 1376//1
f 1375//1 1376//1 1378//1
f 1375//1 1378//1 1377//1
f 1375//1 1378//1 1376//1
f 1375//1 1377//1 1378//1
f 1377//1 1378//1 1380//1
f 1377//1 1380//1 1379//1
f 1377//1 1380//1 1378//1
f 1377//1 1379//1 1380//1
f 1379//1 1380//1 1382//1
f 1379//1 1382//1 1381//1
f 1379//1 1382//1 1380//1
f 1379//1 1381//1 1382//1
f 1381//1 1382//1 1384//1
f 1381//1 1384//1 1383//1
f 1381//1 1384//1 1382//1
f 1381//1 1383//1 1384//1
f 1383//1 1384//1 1386//1
f 1383//1 1386//1 1385//1
f 1383//1 1386//1 1384//1
f 1383//1 1385//1 1386//1
f 1385//1 1386//1 1388//1
f 1385//1 1388//1 1387//1
f 1385//1 1388//1 1386//1
f 1385//1 1387//1 1388//1
f 1387//1 1388//1 1390//1
f 1387//1 1390//1 1389//1
f 1387//1 1390//1 1388//1
f 1387//1 1389//1 1390//1
f 1389//1 1390//1 1392//1
f 1389//1 1392//1 1391//1
f 1389//1 1392//1 1390//1
f 1389//1 1391//1 1392//1
f 1391//1 1392//1 1394//1
f 1391//1 1394//1 1393//1
f 1391//1 1394//1 1392//1
f 1391//1 1393//1 1394//1
f 1393//1 1394//1 1396//1
f 1393//1 1396//1 1395//1
f 1393//1 1396//1 1394//1
f 1393//1 1395//1 1396//1
f 1395//1 1396//1 1398//1
f 1395//1 1398//1 1397//1
f 1395//1 1398//1 1396//1
f 1395//1 1397//1 1398//1
f 1397//1 1398//1 1400//1
f 1397//1 1400//1 1399//1
f 1397//1 1400//1 1398//1
f 1397//1 1399//1 1400//1
f 1399//1 1400//1 1402//1
f 1399//1 1402//1 1401//1
f 1399//1 1402//1 1400//1
f 1399//1 1401//1 1402//1
f 1401//1 1402//1 1404//1
f 1401//1 1404//1 1403//1
f 1401//1 1404//1 1402//1
f 1401//1 1403//1 1404//1
f 1403//1 1404//1 1406//1
f 1403//1 1406//1 1405//1
f 1403//1 1406//1 1404//1
f 1403//1 1405//1 1406//1
f 1405//1 1406//1 1408//1
f 1405//1 1408//1 1407//1
f 1405//1 1408//1 1406//1
f 1405//1 1407//1 1408//1
f 1407//1 1408//1 1410//1
f 1407//1 1410//1 1409//1
f 1407//1 1410//1 1408//1
f 1407//1 1409//1 1410//1
f 1409//1 1410//1 1412//1
f 1409//1 1412//1 1411//1
f 1409//1 1412//1 1410//1
f 1409//1 1411//1 1412//1
f 1411//1 1412//1 1414//1
f 1411//1 1414//1 1413//1
f 1411//1 1414//1 1412//1
f 1411//1 1413//1 1414//1
f 1413//1 1414//1 1416//1
f 1413//1 1416//1 1415//1
f 1413//1 1416//1 1414//1
f 1413//1 1415//1 1416//1
f 1415//1 1416//1 1418//1
f 1415//1 1418//1 1417//1
f 1415//1 1418//1 1416//1
f 1415//1 1417//1 1418//1
f 1417//1 1418//1 1420//1
f 1417//1 1420//1 1419//1
f 1417//1 1420//1 1418//1
f 1417//1 1419//1 1420//1
f 1419//1 1420//1 1422//1
f 1419//1 1422//1 1421//1
f 1419//1 1422//1 1420//1
f 1419//1 1421//1 1422//1
f 1421//1 1422//1 1424//1
f 1421//1 1424//1 1423//1
f 1421//1 1424//1 1422//1
f 1421//1 1423//1 1424//1
f 1423//1 1424//1 1426//1
f 1423//1 1426//1 1425//1
f 1423//1 1426//1 1424//1
f 1423//1 1425//1 1426//1
f 1425//1 1426//1 1428//1
f 1425//1 1428//1 1427//1
f 1425//1 1428//1 1426//1
f 1425//1 1427//1 1428//1
f 1427//1 1428//1 1430//1
f 1427//1 1430//1 1429//1
f 1427//1 1430//1 1428//1
f 1427//1 1429//1 1430//1
f 1429//1 1430//1 1432//1
f 1429//1 1432//1 1431//1
f 1429//1 1432//1 1430//1
f 1429//1 1431//1 1432//1
f 1431//1 1432//1 1434//1
f 1431//1 1434//1 1433//1
f 1431//1 1434//1 1432//1
f 1431//1 1433//1 1434//1
f 1433//1 1434//1 1436//1
f 1433//1 1436//1 1435//1
f 1433//1 1436//1 1434//1
f 1433//1 1435//1 1436//1
f 1435//1 1436//1 1438//1
f 1435//1 1438//1 1437//1
f 1435//1 1438//1 1436//1
f 1435//1 1437//1 1438//1
f 1437//1 1438//1 1440//1
f 1437//1 1440//1 1439//1
f 1437//1 1440//1 1438//1
f 1437//1 1439//1 1440//1
f 1439//1 1440//1 1442//1
f 1439//1 1442//1 1441//1
f 1439//1 1442//1 1440//1
f 1439//1 1441//1 1442//1
f 1441//1 1442//1 1444//1
f 1441//1 1444//1 1443//1
f 1441//1 1444//1 1442//1
f 1441//1 1443//1 1444//1
f 1443//1 1444//1 1446//1
f 1443//1 1446//1 1445//1
f 1443//1 1446//1 1444//1
f 1443//1 1445//1 1446//1
f 1445//1 1446//1 1448//1
f 1445//1 1448//1 1447//1
f 1445//1 1448//1 1446//1
f 1445//1 1447//1 1448//1
f 1447//1 1448//1 1450//1
f 1447//1 1450//1 1449//1
f 1447//1 1450//1 1448//1
f 1447//1 1449//1 1450//1
f 1449//1 1450//1 1452//1
f 1449//1 1452//1 1451//1
f 1449//1 1452//1 1450//1
f 1449//1 1451//1 1452//1
f 1451//1 1452//1 1454//1
f 1451//1 1454//1 1453//1
f 1451//1 1454//1 1452//1
f 1451//1 1453//1 1454//1
f 1453//1 1454//1 1456//1
f 1453//1 1456//1 1455//1
f 1453//1 1456//1 1454//1
f 1453//1 1455//1 1456//1
f 1455//1 1456//1 1458//1
f 1455//1 1458//1 1457//1
f 1455//1 1458//1 1456//1
f 1455//1 1457//1 1458//1
f 1457//1 1458//1 1460//1
f 1457//1 1460//1 1459//1
f 1457//1 1460//1 1458//1
f 1457//1 1459//1 1460//1
f 1459//1 1460//1 1462//1
f 1459//1 1462//1 1461//1
f 1459//1 1462//1 1460//1
f 1459//1 1461//1 1462//1
f 1461//1 1462//1 1464//1
f 1461//1 1464//1 1463//1
f 1461//1 1464//1 1462//1
f 1461//1 1463//1 1464//1
f 1463//1 1464//1 1466//1
f 1463//1 1466//1 1465//1
f 1463//1 1466//1 1464//1
f 1463//1 1465//1 1466//1
f 1465//1 1466//1 1468//1
f 1465//1 1468//1 1467//1
f 1465//1 1468//1 1466//1
f 1465//1 1467//1 1468//1
f 1467//1 1468//1 1470//1
f 1467//1 1470//1 1469//1
f 1467//1 1470//1 1468//1
f 1467//1 1469//1 1470//1
f 1469//1 1470//1 1472//1
f 1469//1 1472//1 1471//1
f 1469//1 1472//1 1470//1
f 1469//1 1471//1 1472//1
f 1471//1 1472//1 1474//1
f 1471//1 1474//1 1473//1
f 1471//1 1474//1 1472//1
f 1471//1 1473//1 1474//1
f 1473//1 1474//1 1476//1
f 1473//1 1476//1 1475//1
f 1473//1 1476//1 1474//1
f 1473//1 1475//1 1476//1
f 1475//1 1476//1 1478//1
f 1475//1 1478//1 1477//1
f 1475//1 1478//1 1476//1
f 1475//1 1477//1 1478//1
f 1477//1 1478//1 1480//1
f 1477//1 1480//1 1479//1
f 1477//1 1480//1 1478//1
f 1477//1 1479//1 1480//1
f 1479//1 1480//1 1482//1
f 1479//1 1482//1 1481//1
f 1479//1 1482//1 1480//1
f 1479//1 1481//1 1482//1
f 1481//1 1482//1 1484//1
f 1481//1 1484//1 1483//1
f 1481//1 1484//1 1482//1
f 1481//1 1483//1 1484//1
f 1483//1 1484//1 1486//1
f 1483//1 1486//1 1485//1
f 1483//1 1486//1 1484//1
f 1483//1 1485//1 1486//1
f 1485//1 1486//1 1488//1
f 1485//1 1488//1 1487//1
f 1485//1 1488//1 1486//1
f 1485//1 1487//1 1488//1
f 1487//1 1488//1 1490//1
f 1487//1 1490//1 1489//1
f 1487//1 1490//1 1488//1
f 1487//1 1489//1 1490//1
f 1489//1 1490//1 1492//1
f 1489//1 1492//1 1491//1
f 1489//1 1492//1 1490//1
f 1489//1 1491//1 1492//1
f 1491//1 1492//1 1494//1
f 1491//1 1494//1 1493//1
f 1491//1 1494//1 1492//1
f 1491//1 1493//1 1494//1
f 1493//1 1494//1 1496//1
f 1493//1 1496//1 1495//1
f 1493//1 1496//1 1494//1
f 1493//1 1495//1 1496//1
f 1495//1 1496//1 1498//1
f 1495//1 1498//1 1497//1
f 1495//1 1498//1 1496//1
f 1495//1 1497//1 1498//1
f 1497//1 1498//1 1500//1
f 1497//1 1500//1 1499//1
f 1497//1 1500//1 1498//1
f 1497//1 1499//1 1500//1
f 1499//1 1500//1 1502//1
f 1499//1 1502//1 1501//1
f 1499//1 1502//1 1500//1
f 1499//1 1501//1 1502//1
f 1501//1 1502//1 1504//1
f 1501//1 1504//1 1503//1
f 1501//1 1504//1 1502//1
f 1501//1 1503//1 1504//1
f 1503//1 1504//1 1506//1
f 1503//1 1506//1 1505//1
f 1503//1 1506//1 1504//1
f 1503//1 1505//1 1506//1
f 1505//1 1506//1 1508//1
f 1505//1 1508//1 1507//1
f 1505//1 1508//1 1506//1
f 1505//1 1507//1 1508//1
f 1507//1 1508//1 1510//1
f 1507//1 1510//1 1509//1
f 1507//1 1510//1 1508//1
f 1507//1 1509//1 1510//1
f 1509//1 1510//1 1512//1
f 1509//1 1512//1 1511//1
f 1509//1 1512//1 1510//1
f 1509//1 1511//1 1512//1
f 1511//1 1512//1 1514//1
f 1511//1 1514//1 1513//1
f 1511//1 1514//1 1512//1
f 1511//1 1513//1 1514//1
f 1513//1 1514//1 1516//1
f 1513//1 1516//1 1515//1
f 1513//1 1516//1 1514//1
f 1513//1 1515//1 1516//1
f 1515//1 1516//1 1518//1
f 1515//1 1518//1 1517//1
f 1515//1 1518//1 1516//1
f 1515//1 1517//1 1518//1
f 1517//1 1518//1 1520//1
f 1517//1 1520//1 1519//1
f 1517//1 1520//1 1518//1
f 1517//1 1519//1 1520//1
f 1519//1 1520//1 1522//1
f 1519//1 1522//1 1521//1
f 1519//1 1522//1 1520//1
f 1519//1 1521//1 1522//1
f 1521//1 1522//1 1524//1
f 1521//1 1524//1 1523//1
f 1521//1 1524//1 1522//1
f 1521//1 1523//1 1524//1
f 1523//1 1524//1 1526//1
f 1523//1 1526//1 1525//1
f 1523//1 1526//1 1524//1
f 1523//1 1525//1 1526//1
f 1525//1 1526//1 1528//1
f 1525//1 1528//1 1527//1
f 1525//1 1528//1 1526//1
f 1525//1 1527//1 1528//1
f 1527//1 1528//1 1530//1
f 1527//1 1530//1 1529//1
f 1527//1 1530//1 1528//1
f 1527//1 1529//1 1530//1
f 1529//1 1530//1 1532//1
f 1529//1 1532//1 1531//1
f 1529//1 1532//1 1530//1
f 1529//1 1531//1 1532//1
f 1531//1 1532//1 1534//1
f 1531//1 1534//1 1533//1
f 1531//1 1534//1 1532//1
f 1531//1 1533//1 1534//1
f 1533//1 1534//1 1536//1
f 1533//1 1536//1 1535//1
f 1533//1 1536//1 1534//1
f 1533//1 1535//1 1536//1
f 1535//1 1536//1 1538//1
f 1535//1 1538//1 1537//1
f 1535//1 1538//1 1536//1
f 1535//1 1537//1 1538//1
f 1537//1 1538//1 1540//1
f 1537//1 1540//1 1539//1
f 1537//1 1540//1 1538//1
f 1537//1 1539//1 1540//1
f 1539//1 1540//1 1542//1
f 1539//1 1542//1 1541//1
f 1539//1 1542//1 1540//1
f 1539//1 1541//1 1542//1
f 1541//1 1542//1 1544//1
f 1541//1 1544//1 1543//1
f 1541//1 1544//1 1542//1
f 1541//1 1543//1 1544//1
f 1543//1 1544//1 1546//1
f 1543//1 1546//1 1545//1
f 1543//1 1546//1 1544//1
f 1543//1 1545//1 1546//1
f 1545//1 1546//1 1548//1
f 1545//1 1548//1 1547//1
f 1545//1 1548//1 1546//1
f 1545//1 1547//1 1548//1
f 1547//1 1548//1 1550//1
f 1547//1 1550//1 1549//1
f 1547//1 1550//1 1548//1
f 1547//1 1549//1 1550//1
f 1549//1 1550//1 1552//1
f 1549//1 1552//1 1551//1
f 1549//1 1552//1 1550//1
f 1549//1 1551//1 1552//1
f 1551//1 1552//1 1554//1
f 1551//1 1554//1 1553//1
f 1551//1 1554//1 1552//1
f 1551//1 1553//1 1554//1
f 1553//1 1554//1 1556//1
f 1553//1 1556//1 1555//1
f 1553//1 1556//1 1554//1
f 1553//1 1555//1 1556//1
f 1555//1 1556//1 1558//1
f 1555//1 1558//1 1557//1
f 1555//1 1558//1 1556//1
f 1555//1 1557//1 1558//1
f 1557//1 1558//1 1560//1
f 1557//1 1560//1 1559//1
f 1557//1 1560//1 1558//1
f 1557//1 1559//1 1560//1
f 1559//1 1560//1 1562//1
f 1559//1 1562//1 1561//1
f 1559//1 1562//1 1560//1
f 1559//1 1561//1 1562//1
f 1561//1 1562//1 1564//1
f 1561//1 1564//1 1563//1
f 1561//1 1564//1 1562//1
f 1561//1 1563//1 1564//1
f 1563//1 1564//1 1566//1
f 1563//1 1566//1 1565//1
f 1563//1 1566//1 1564//1
f 1563//1 1565//1 1566//1
f 1565//1 1566//1 1568//1
f 1565//1 1568//1 1567//1
f 1565//1 1568//1 1566//1
f 1565//1 1567//1 1568//1
f 1567//1 1568//1 1570//1
f 1567//1 1570//1 1569//1
f 1567//1 1570//1 1568//1
f 1567//1 1569//1 1570//1
f 1569//1 1570//1 1572//1
f 1569//1 1572//1 1571//1
f 1569//1 1572//1 1570//1
f 1569//1 1571//1 1572//1
f 1571//1 1572//1 1574//1
f 1571//1 1574//1 1573//1
f 1571//1 1574//1 1572//1
f 1571//1 1573//1 1574//1
f 1573//1 1574//1 1576//1
f 1573//1 1576//1 1575//1
f 1573//1 1576//1 1574//1
f 1573//1 1575//1 1576//1
f 1575//1 1576//1 1578//1
f 1575//1 1578//1 1577//1
f 1575//1 1578//1 1576//1
f 1575//1 1577//1 1578//1
f 1577//1 1578//1 1580//1
f 1577//1 1580//1 1579//1
f 1577//1 1580//1 1578//1
f 1577//1 1579//1 1580//1
f 1579//1 1580//1 1582//1
f 1579//1 1582//1 1581//1
f 1579//1 1582//1 1580//1
f 1579//1 1581//1 1582//1
f 1581//1 1582//1 1584//1
f 1581//1 1584//1 1583//1
f 1581//1 1584//1 1582//1
f 1581//1 1583//1 1584//1
f 1583//1 1584//1 1586//1
f 1583//1 1586//1 1585//1
f 1583//1 1586//1 1584//1
f 1583//1 1585//1 1586//1
f 1585//1 1586//1 1588//1
f 1585//1 1588//1 1587//1
f 1585//1 1588//1 1586//1
f 1585//1 1587//1 1588//1
f 1587//1 1588//1 1590//1
f 1587//1 1590//1 1589//1
f 1587//1 1590//1 1588//1
f 1587//1 1589//1 1590//1
f 1589//1 1590//1 1592//1
f 1589//1 1592//1 1591//1
f 1589//1 1592//1 1590//1
f 1589//1 1591//1 1592//1
f 1591//1 1592//1 1594//1
f 1591//1 1594//1 1593//1
f 1591//1 1594//1 1592//1
f 1591//1 1593//1 1594//1
f 1593//1 1594//1 1596//1
f 1593//1 1596//1 1595//1
f 1593//1 1596//1 1594//1
f 1593//1 1595//1 1596//1
f 1595//1 1596//1 1598//1
f 1595//1 1598//1 1597//1
f 1595//1 1598//1 1596//1
f 1595//1 1597//1 1598//1
f 1597//1 1598//1 1600//1
f 1597//1 1600//1 1599//1
f 1597//1 1600//1 1598//1
f 1597//1 1599//1 1600//1
f 1599//1 1600//1 1602//1
f 1599//1 1602//1 1601//1
f 1599//1 1602//1 1600//1
f 1599//1 1601//1 1602//1
f 1601//1 1602//1 1604//1
f 1601//1 1604//1 1603//1
f 1601//1 1604//1 1602//1
f 1601//1 1603//1 1604//1
f 1603//1 1604//1 1606//1
f 1603//1 1606//1 1605//1
f 1603//1 1606//1 1604//1
f 1603//1 1605//1 1606//1
f 1605//1 1606//1 1608//1
f 1605//1 1608//1 1607//1
f 1605//1 1608//1 1606//1
f 1605//1 1607//1 1608//1
f 1607//1 1608//1 1610//1
f 1607//1 1610//1 1609//1
f 1607//1 1610//1 1608//1
f 1607//1 1609//1 1610//1
f 1609//1 1610//1 1612//1
f 1609//1 1612//1 1611//1
f 1609//1 1612//1 1610//1
f 1609//1 1611//1 1612//1
f 1611//1 1612//1 1614//1
f 1611//1 1614//1 1613//1
f 1611//1 1614//1 1612//1
f 1611//1 1613//1 1614//1
f 1613//1 1614//1 1616//1
f 1613//1 1616//1 1615//1
f 1613//1 1616//1 1614//1
f 1613//1 1615//1 1616//1
f 1615//1 1616//1 1618//1
f 1615//1 1618//1 1617//1
f 1615//1 1618//1 1616//1
f 1615//1 1617//1 1618//1
f 1617//1 1618//1 1620//1
f 1617//1 1620//1 1619//1
f 1617//1 1620//1 1618//1
f 1617//1 1619//1 1620//1
f 1619//1 1620//1 1622//1
f 1619//1 1622//1 1621//1
f 1619//1 1622//1 1620//1
f 1619//1 1621//1 1622//1
f 1621//1 1622//1 1624//1
f 1621//1 1624//1 1623//1
f 1621//1 1624//1 1622//1
f 1621//1 1623//1 1624//1
f 1623//1 1624//1 1626//1
f 1623//1 1626//1 1625//1
f 1623//1 1626//1 1624//1
f 1623//1 1625//1 1626//1
f 1625//1 1626//1 1628//1
f 1625//1 1628//1 1627//1
f 1625//1 1628//1 1626//1
f 1625//1 1627//1 1628//1
f 1627//1 1628//1 1630//1
f 1627//1 1630//1 1629//1
f 1627//1 1630//1 1628//1
f 1627//1 1629//1 1630//1
f 1629//1 1630//1 1632//1
f 1629//1 1632//1 1631//1
f 1629//1 1632//1 1630//1
f 1629//1 1631//1 1632//1
f 1631//1 1632//1 1634//1
f 1631//1 1634//1 1633//1
f 1631//1 1634//1 1632//1
f 1631//1 1633//1 1634//1
f 1633//1 1634//1 1636//1
f 1633//1 1636//1 1635//1
f 1633//1 1636//1 1634//1
f 1633//1 1635//1 1636//1
f 1635//1 1636//1 1638//1
f 1635//1 1638//1 1637//1
f 1635//1 1638//1 1636//1
f 1635//1 1637//1 1638//1
f 1637//1 1638//1 1640//1
f 1637//1 1640//1 1639//1
f 1637//1 1640//1 1638//1
f 1637//1 1639//1 1640//1
f 1639//1 1640//1 1642//1
f 1639//1 1642//1 1641//1
f 1639//1 1642//1 1640//1
f 1639//1 1641//1 1642//1
f 1641//1 1642//1 1644//1
f 1641//1 1644//1 1643//1
f 1641//1 1644//1 1642//1
f 1641//1 1643//1 1644//1
f 1643//1 1644//1 1646//1
f 1643//1 1646//1 1645//1
f 1643//1 1646//1 1644//1
f 1643//1 1645//1 1646//1
f 1645//1 1646//1 1648//1
f 1645//1 1648//1 1647//1
f 1645//1 1648//1 1646//1
f 1645//1 1647//1 1648//1
f 1647//1 1648//1 1650//1
f 1647//1 1650//1 1649//1
f 1647//1 1650//1 1648//1
f 1647//1 1649//1 1650//1
f 1649//1 1650//1 1652//1
f 1649//1 1652//1 1651//1
f 1649//1 1652//1 1650//1
f 1649//1 1651//1 1652//1
f 1651//1 1652//1 1654//1
f 1651//1 1654//1 1653//1
f 1651//1 1654//1 1652//1
f 1651//1 1653//1 1654//1
f 1653//1 1654//1 1656//1
f 1653//1 1656//1 1655//1
f 1653//1 1656//1 1654//1
f 1653//1 1655//1 1656//1
f 1655//1 1656//1 1658//1
f 1655//1 1658//1 1657//1
f 1655//1 1658//1 1656//1
f 1655//1 1657//1 1658//1
f 1657//1 1658//1 1660//1
f 1657//1 1660//1 1659//1
f 1657//1 1660//1 1658//1
f 1657//1 1659//1 1660//1
f 1659//1 1660//1 1662//1
f 1659//1 1662//1 1661//1
f 1659//1 1662//1 1660//1
f 1659//1 1661//1 1662//1
f 1661//1 1662//1 1664//1
f 1661//1 1664//1 1663//1
f 1661//1 1664//1 1662//1
f 1661//1 1663//1 1664//1
f 1663//1 1664//1 1666//1
f 1663//1 1666//1 1665//1
f 1663//1 1666//1 1664//1
f 1663//1 1665//1 1666//1
f 1665//1 1666//1 1668//1
f 1665//1 1668//1 1667//1
f 1665//1 1668//1 1666//1
f 1665//1 1667//1 1668//1
f 1667//1 1668//1 1670//1
f 1667//1 1670//1 1669//1
f 1667//1 1670//1 1668//1
f 1667//1 1669//1 1670//1
f 1669//1 1670//1 1672//1
f 1669//1 1672//1 1671//1
f 1669//1 1672//1 1670//1
f 1669//1 1671//1 1672//1
f 1671//1 1672//1 1674//1
f 1671//1 1674//1 1673//1
f 1671//1 1674//1 1672//1
f 1671//1 1673//1 1674//1
f 1673//1 1674//1 1676//1
f 1673//1 1676//1 1675//1
f 1673//1 1676//1 1674//1
f 1673//1 1675//1 1676//1
f 1675//1 1676//1 1678//1
f 1675//1 1678//1 1677//1
f 1675//1 1678//1 1676//1
f 1675//1 1677//1 1678//1
f 1677//1 1678//1 1680//1
f 1677//1 1680//1 1679//1
f 1677//1 1680//1 1678//1
f 1677//1 1679//1 1680//1
f 1679//1 1680//1 1682//1
f 1679//1 1682//1 1681//1
f 1679//1 1682//1 1680//1
f 1679//1 1681//1 1682//1
f 1681//1 1682//1 1684//1
f 1681//1 1684//1 1683//1
f 1681//1 1684//1 1682//1
f 1681//1 1683//1 1684//1
f 1683//1 1684//1 1686//1
f 1683//1 1686//1 1685//1
f 1683//1 1686//1 1684//1
f 1683//1 1685//1 1686//1
f 1685//1 1686//1 1688//1
f 1685//1 1688//1 1687//1
f 1685//1 1688//1 1686//1
f 1685//1 1687//1 1688//1
f 1687//1 1688//1 1690//1
f 1687//1 1690//1 1689//1
f 1687//1 1690//1 1688//1
f 1687//1 1689//1 1690//1
f 1689//1 1690//1 1692//1
f 1689//1 1692//1 1691//1
f 1689//1 1692//1 1690//1
f 1689//1 1691//1 1692//1
f 1691//1 1692//1 2//1
f 1691//1 2//1 1//1
f 1691//1 2//1 1692//1
f 1691//1 1//1 2//1
