<?xml version="1.0" encoding="utf-8"?>
<COLLADA xmlns="http://www.collada.org/2005/11/COLLADASchema" version="1.4.1" xmlns:xsi="http://www.w3.org/2001/XMLSchema-instance">
  <asset>
    <contributor>
      <author>Blender User</author>
      <authoring_tool>Blender 3.3.21 commit date:2024-07-15, commit time:08:57, hash:e016c21db151</authoring_tool>
    </contributor>
    <created>2025-11-02T14:34:02</created>
    <modified>2025-11-02T14:34:02</modified>
    <unit name="meter" meter="1"/>
    <up_axis>Z_UP</up_axis>
  </asset>
  <library_cameras>
    <camera id="skp_camera_Last_Saved_SketchUp_View-camera" name="skp_camera_Last_Saved_SketchUp_View">
      <optics>
        <technique_common>
          <perspective>
            <xfov sid="xfov">0</xfov>
            <aspect_ratio>1.777778</aspect_ratio>
            <znear sid="znear">1</znear>
            <zfar sid="zfar">1000</zfar>
          </perspective>
        </technique_common>
      </optics>
      <extra>
        <technique profile="blender">
          <shiftx sid="shiftx" type="float">0</shiftx>
          <shifty sid="shifty" type="float">0</shifty>
          <dof_distance sid="dof_distance" type="float">10</dof_distance>
        </technique>
      </extra>
    </camera>
  </library_cameras>
  <library_effects>
    <effect id="edge_color000255-effect">
      <profile_COMMON>
        <technique sid="common">
          <lambert>
            <emission>
              <color sid="emission">0 0 0 1</color>
            </emission>
            <diffuse>
              <color sid="diffuse">0 0 0 1</color>
            </diffuse>
            <index_of_refraction>
              <float sid="ior">1.45</float>
            </index_of_refraction>
          </lambert>
        </technique>
      </profile_COMMON>
    </effect>
    <effect id="edge_color255255255255-effect">
      <profile_COMMON>
        <technique sid="common">
          <lambert>
            <emission>
              <color sid="emission">0 0 0 1</color>
            </emission>
            <diffuse>
              <color sid="diffuse">0 0 0 1</color>
            </diffuse>
            <index_of_refraction>
              <float sid="ior">1.45</float>
            </index_of_refraction>
          </lambert>
        </technique>
      </profile_COMMON>
    </effect>
    <effect id="material-effect">
      <profile_COMMON>
        <technique sid="common">
          <lambert>
            <emission>
              <color sid="emission">0 0 0 1</color>
            </emission>
            <diffuse>
              <color sid="diffuse">1 1 1 1</color>
            </diffuse>
            <index_of_refraction>
              <float sid="ior">1.45</float>
            </index_of_refraction>
          </lambert>
        </technique>
      </profile_COMMON>
    </effect>
    <effect id="Rondin_Orange-effect">
      <profile_COMMON>
        <technique sid="common">
          <lambert>
            <emission>
              <color sid="emission">0 0 0 1</color>
            </emission>
            <diffuse>
              <color sid="diffuse">1 0.6980392 0.2784314 1</color>
            </diffuse>
            <index_of_refraction>
              <float sid="ior">1.45</float>
            </index_of_refraction>
          </lambert>
        </technique>
      </profile_COMMON>
    </effect>
    <effect id="Ligne_Blanche-effect">
      <profile_COMMON>
        <technique sid="common">
          <lambert>
            <emission>
              <color sid="emission">0 0 0 1</color>
            </emission>
            <diffuse>
              <color sid="diffuse">1 1 1 1</color>
            </diffuse>
            <index_of_refraction>
              <float sid="ior">1.45</float>
            </index_of_refraction>
          </lambert>
        </technique>
      </profile_COMMON>
    </effect>
    <effect id="Casino_murs_blanc-effect">
      <profile_COMMON>
        <technique sid="common">
          <lambert>
            <emission>
              <color sid="emission">0 0 0 1</color>
            </emission>
            <diffuse>
              <color sid="diffuse">0.9843137 1 0.9215686 1</color>
            </diffuse>
            <index_of_refraction>
              <float sid="ior">1.45</float>
            </index_of_refraction>
          </lambert>
        </technique>
      </profile_COMMON>
    </effect>
    <effect id="Piste_gris_clair-effect">
      <profile_COMMON>
        <technique sid="common">
          <lambert>
            <emission>
              <color sid="emission">0 0 0 1</color>
            </emission>
            <diffuse>
              <color sid="diffuse">0.8 0.8 0.8 1</color>
            </diffuse>
            <index_of_refraction>
              <float sid="ior">1.45</float>
            </index_of_refraction>
          </lambert>
        </technique>
      </profile_COMMON>
    </effect>
  </library_effects>
  <library_images/>
  <library_materials>
    <material id="edge_color000255-material" name="edge_color000255">
      <instance_effect url="#edge_color000255-effect"/>
    </material>
    <material id="edge_color255255255255-material" name="edge_color255255255255">
      <instance_effect url="#edge_color255255255255-effect"/>
    </material>
    <material id="material-material" name="material">
      <instance_effect url="#material-effect"/>
    </material>
    <material id="Rondin_Orange-material" name="Rondin_Orange">
      <instance_effect url="#Rondin_Orange-effect"/>
    </material>
    <material id="Ligne_Blanche-material" name="Ligne_Blanche">
      <instance_effect url="#Ligne_Blanche-effect"/>
    </material>
    <material id="Casino_murs_blanc-material" name="Casino_murs_blanc">
      <instance_effect url="#Casino_murs_blanc-effect"/>
    </material>
    <material id="Piste_gris_clair-material" name="Piste_gris_clair">
      <instance_effect url="#Piste_gris_clair-effect"/>
    </material>
  </library_materials>
  <library_geometries>
    <geometry id="ID150-mesh" name="ID150">
      <mesh>
        <source id="ID150-mesh-positions">
          <float_array id="ID150-mesh-positions-array" count="9">4722.686 96.56028 -0.2165354 4722.731 96.42056 -0.2165354 4721.327 96.12752 -0.2165354</float_array>
          <technique_common>
            <accessor source="#ID150-mesh-positions-array" count="3" stride="3">
              <param name="X" type="float"/>
              <param name="Y" type="float"/>
              <param name="Z" type="float"/>
            </accessor>
          </technique_common>
        </source>
        <source id="ID150-mesh-normals">
          <float_array id="ID150-mesh-normals-array" count="0"/>
          <technique_common>
            <accessor source="#ID150-mesh-normals-array" count="0" stride="3">
              <param name="X" type="float"/>
              <param name="Y" type="float"/>
              <param name="Z" type="float"/>
            </accessor>
          </technique_common>
        </source>
        <vertices id="ID150-mesh-vertices">
          <input semantic="POSITION" source="#ID150-mesh-positions"/>
        </vertices>
        <lines count="2">
          <input semantic="VERTEX" source="#ID150-mesh-vertices" offset="0"/>
          <p>0 1 2 0</p>
        </lines>
      </mesh>
    </geometry>
    <geometry id="ID146-mesh" name="ID146">
      <mesh>
        <source id="ID146-mesh-positions">
          <float_array id="ID146-mesh-positions-array" count="6">4858.899 3165.713 -0.2165354 4858.898 3165.705 -0.2165354</float_array>
          <technique_common>
            <accessor source="#ID146-mesh-positions-array" count="2" stride="3">
              <param name="X" type="float"/>
              <param name="Y" type="float"/>
              <param name="Z" type="float"/>
            </accessor>
          </technique_common>
        </source>
        <source id="ID146-mesh-normals">
          <float_array id="ID146-mesh-normals-array" count="0"/>
          <technique_common>
            <accessor source="#ID146-mesh-normals-array" count="0" stride="3">
              <param name="X" type="float"/>
              <param name="Y" type="float"/>
              <param name="Z" type="float"/>
            </accessor>
          </technique_common>
        </source>
        <vertices id="ID146-mesh-vertices">
          <input semantic="POSITION" source="#ID146-mesh-positions"/>
        </vertices>
        <lines count="1">
          <input semantic="VERTEX" source="#ID146-mesh-vertices" offset="0"/>
          <p>0 1</p>
        </lines>
      </mesh>
    </geometry>
    <geometry id="ID142-mesh" name="ID142">
      <mesh>
        <source id="ID142-mesh-positions">
          <float_array id="ID142-mesh-positions-array" count="6">4871.572 3163.293 -0.2165354 4871.574 3163.301 -0.2165354</float_array>
          <technique_common>
            <accessor source="#ID142-mesh-positions-array" count="2" stride="3">
              <param name="X" type="float"/>
              <param name="Y" type="float"/>
              <param name="Z" type="float"/>
            </accessor>
          </technique_common>
        </source>
        <source id="ID142-mesh-normals">
          <float_array id="ID142-mesh-normals-array" count="0"/>
          <technique_common>
            <accessor source="#ID142-mesh-normals-array" count="0" stride="3">
              <param name="X" type="float"/>
              <param name="Y" type="float"/>
              <param name="Z" type="float"/>
            </accessor>
          </technique_common>
        </source>
        <vertices id="ID142-mesh-vertices">
          <input semantic="POSITION" source="#ID142-mesh-positions"/>
        </vertices>
        <lines count="1">
          <input semantic="VERTEX" source="#ID142-mesh-vertices" offset="0"/>
          <p>0 1</p>
        </lines>
      </mesh>
    </geometry>
    <geometry id="ID138-mesh" name="ID138">
      <mesh>
        <source id="ID138-mesh-positions">
          <float_array id="ID138-mesh-positions-array" count="6">4909.595 3156.058 -0.2165354 4909.596 3156.066 -0.2165354</float_array>
          <technique_common>
            <accessor source="#ID138-mesh-positions-array" count="2" stride="3">
              <param name="X" type="float"/>
              <param name="Y" type="float"/>
              <param name="Z" type="float"/>
            </accessor>
          </technique_common>
        </source>
        <source id="ID138-mesh-normals">
          <float_array id="ID138-mesh-normals-array" count="0"/>
          <technique_common>
            <accessor source="#ID138-mesh-normals-array" count="0" stride="3">
              <param name="X" type="float"/>
              <param name="Y" type="float"/>
              <param name="Z" type="float"/>
            </accessor>
          </technique_common>
        </source>
        <vertices id="ID138-mesh-vertices">
          <input semantic="POSITION" source="#ID138-mesh-positions"/>
        </vertices>
        <lines count="1">
          <input semantic="VERTEX" source="#ID138-mesh-vertices" offset="0"/>
          <p>0 1</p>
        </lines>
      </mesh>
    </geometry>
    <geometry id="ID134-mesh" name="ID134">
      <mesh>
        <source id="ID134-mesh-positions">
          <float_array id="ID134-mesh-positions-array" count="6">4960.291 3146.408 -0.2165354 4960.293 3146.42 -0.2165354</float_array>
          <technique_common>
            <accessor source="#ID134-mesh-positions-array" count="2" stride="3">
              <param name="X" type="float"/>
              <param name="Y" type="float"/>
              <param name="Z" type="float"/>
            </accessor>
          </technique_common>
        </source>
        <source id="ID134-mesh-normals">
          <float_array id="ID134-mesh-normals-array" count="0"/>
          <technique_common>
            <accessor source="#ID134-mesh-normals-array" count="0" stride="3">
              <param name="X" type="float"/>
              <param name="Y" type="float"/>
              <param name="Z" type="float"/>
            </accessor>
          </technique_common>
        </source>
        <vertices id="ID134-mesh-vertices">
          <input semantic="POSITION" source="#ID134-mesh-positions"/>
        </vertices>
        <lines count="1">
          <input semantic="VERTEX" source="#ID134-mesh-vertices" offset="0"/>
          <p>0 1</p>
        </lines>
      </mesh>
    </geometry>
    <geometry id="ID130-mesh" name="ID130">
      <mesh>
        <source id="ID130-mesh-positions">
          <float_array id="ID130-mesh-positions-array" count="6">10285.67 2924.812 -0.2165354 10283.46 2923.449 -0.2165354</float_array>
          <technique_common>
            <accessor source="#ID130-mesh-positions-array" count="2" stride="3">
              <param name="X" type="float"/>
              <param name="Y" type="float"/>
              <param name="Z" type="float"/>
            </accessor>
          </technique_common>
        </source>
        <source id="ID130-mesh-normals">
          <float_array id="ID130-mesh-normals-array" count="0"/>
          <technique_common>
            <accessor source="#ID130-mesh-normals-array" count="0" stride="3">
              <param name="X" type="float"/>
              <param name="Y" type="float"/>
              <param name="Z" type="float"/>
            </accessor>
          </technique_common>
        </source>
        <vertices id="ID130-mesh-vertices">
          <input semantic="POSITION" source="#ID130-mesh-positions"/>
        </vertices>
        <lines count="1">
          <input semantic="VERTEX" source="#ID130-mesh-vertices" offset="0"/>
          <p>0 1</p>
        </lines>
      </mesh>
    </geometry>
    <geometry id="ID126-mesh" name="ID126">
      <mesh>
        <source id="ID126-mesh-positions">
          <float_array id="ID126-mesh-positions-array" count="6">6735.618 1005.296 -0.2165354 6733.16 1003.992 -0.2165354</float_array>
          <technique_common>
            <accessor source="#ID126-mesh-positions-array" count="2" stride="3">
              <param name="X" type="float"/>
              <param name="Y" type="float"/>
              <param name="Z" type="float"/>
            </accessor>
          </technique_common>
        </source>
        <source id="ID126-mesh-normals">
          <float_array id="ID126-mesh-normals-array" count="0"/>
          <technique_common>
            <accessor source="#ID126-mesh-normals-array" count="0" stride="3">
              <param name="X" type="float"/>
              <param name="Y" type="float"/>
              <param name="Z" type="float"/>
            </accessor>
          </technique_common>
        </source>
        <vertices id="ID126-mesh-vertices">
          <input semantic="POSITION" source="#ID126-mesh-positions"/>
        </vertices>
        <lines count="1">
          <input semantic="VERTEX" source="#ID126-mesh-vertices" offset="0"/>
          <p>0 1</p>
        </lines>
      </mesh>
    </geometry>
    <geometry id="ID122-mesh" name="ID122">
      <mesh>
        <source id="ID122-mesh-positions">
          <float_array id="ID122-mesh-positions-array" count="6">10842.85 2998.686 -0.2165354 10842.88 2998.697 -0.2165354</float_array>
          <technique_common>
            <accessor source="#ID122-mesh-positions-array" count="2" stride="3">
              <param name="X" type="float"/>
              <param name="Y" type="float"/>
              <param name="Z" type="float"/>
            </accessor>
          </technique_common>
        </source>
        <source id="ID122-mesh-normals">
          <float_array id="ID122-mesh-normals-array" count="0"/>
          <technique_common>
            <accessor source="#ID122-mesh-normals-array" count="0" stride="3">
              <param name="X" type="float"/>
              <param name="Y" type="float"/>
              <param name="Z" type="float"/>
            </accessor>
          </technique_common>
        </source>
        <vertices id="ID122-mesh-vertices">
          <input semantic="POSITION" source="#ID122-mesh-positions"/>
        </vertices>
        <lines count="1">
          <input semantic="VERTEX" source="#ID122-mesh-vertices" offset="0"/>
          <p>0 1</p>
        </lines>
      </mesh>
    </geometry>
    <geometry id="ID118-mesh" name="ID118">
      <mesh>
        <source id="ID118-mesh-positions">
          <float_array id="ID118-mesh-positions-array" count="9">10844.03 2994.999 -0.2165354 10844.09 2995.021 -0.2165354 10843.91 2994.964 -0.2165354</float_array>
          <technique_common>
            <accessor source="#ID118-mesh-positions-array" count="3" stride="3">
              <param name="X" type="float"/>
              <param name="Y" type="float"/>
              <param name="Z" type="float"/>
            </accessor>
          </technique_common>
        </source>
        <source id="ID118-mesh-normals">
          <float_array id="ID118-mesh-normals-array" count="0"/>
          <technique_common>
            <accessor source="#ID118-mesh-normals-array" count="0" stride="3">
              <param name="X" type="float"/>
              <param name="Y" type="float"/>
              <param name="Z" type="float"/>
            </accessor>
          </technique_common>
        </source>
        <vertices id="ID118-mesh-vertices">
          <input semantic="POSITION" source="#ID118-mesh-positions"/>
        </vertices>
        <lines count="2">
          <input semantic="VERTEX" source="#ID118-mesh-vertices" offset="0"/>
          <p>0 1 2 0</p>
        </lines>
      </mesh>
    </geometry>
    <geometry id="ID112-mesh" name="ID112">
      <mesh>
        <source id="ID112-mesh-positions">
          <float_array id="ID112-mesh-positions-array" count="441">10668.38 2789.028 -0.2165354 10680.83 2794.507 -0.2165354 10656.58 2783.833 -0.2165354 10645.15 2778.8 -0.2165354 10633.54 2773.688 -0.2165354 10621.93 2768.576 -0.2165354 10610.32 2762.861 -0.2165354 10598.77 2757.181 -0.2165354 10586.89 2751.337 -0.2165354 10575.54 2745.748 -0.2165354 10564.22 2740.18 -0.2165354 10560.27 2738.238 -0.2165354 10552.9 2734.21 -0.2165354 10541.77 2728.132 -0.2165354 10530.22 2721.826 -0.2165354 10519.46 2715.949 -0.2165354 10508.01 2709.699 -0.2165354 10499.97 2705.307 -0.2165354 10496.98 2703.51 -0.2165354 10486.07 2696.933 -0.2165354 10474.9 2690.203 -0.2165354 10464.1 2683.69 -0.2165354 10453.12 2677.073 -0.2165354 10442.07 2670.417 -0.2165354 10684.82 2796.263 -0.2165354 10692.97 2799.444 -0.2165354 10704.82 2804.071 -0.2165354 10716.76 2808.733 -0.2165354 10728.75 2813.415 -0.2165354 10741.18 2818.267 -0.2165354 10748.83 2821.251 -0.2165354 10753.32 2822.789 -0.2165354 10765.49 2826.95 -0.2165354 10777.73 2831.139 -0.2165354 10790.23 2835.414 -0.2165354 10802.6 2839.649 -0.2165354 10813.84 2843.493 -0.2165354 10814.79 2843.774 -0.2165354 10827.29 2847.465 -0.2165354 10839.52 2851.076 -0.2165354 10851.51 2854.617 -0.2165354 10863.55 2858.17 -0.2165354 10876.09 2861.872 -0.2165354 10879.74 2862.951 -0.2165354 10888.2 2865.061 -0.2165354 10900.49 2868.128 -0.2165354 10912.97 2871.243 -0.2165354 10925.63 2874.402 -0.2165354 10938.1 2877.513 -0.2165354 10946.41 2879.588 -0.2165354 10950.79 2880.486 -0.2165354 10963.13 2883.012 -0.2165354 10975.79 2885.606 -0.2165354 10988.03 2888.112 -0.2165354 11000.8 2890.728 -0.2165354 11013.73 2893.375 -0.2165354 11026.67 2895.457 -0.2165354 11039.62 2897.539 -0.2165354 11051.76 2899.491 -0.2165354 11064.79 2901.587 -0.2165354 11077.52 2903.634 -0.2165354 11081.57 2904.286 -0.2165354 11090.03 2905.28 -0.2165354 11102.99 2906.802 -0.2165354 11115.43 2908.264 -0.2165354 11128.49 2909.798 -0.2165354 11141.22 2911.292 -0.2165354 11150.38 2912.368 -0.2165354 11154.04 2912.971 -0.2165354 11167.28 2915.15 -0.2165354 11180.04 2917.252 -0.2165354 11186.81 2918.366 -0.2165354 11192.95 2919.46 -0.2165354 11205.73 2921.737 -0.2165354 11218.64 2924.037 -0.2165354 11222.95 2924.804 -0.2165354 11231.56 2926.454 -0.2165354 11245.55 2929.137 -0.2165354 11258.92 2931.702 -0.2165354 10663.18 2800.836 -0.2165354 10651.39 2795.641 -0.2165354 10639.95 2790.608 -0.2165354 10628.34 2785.496 -0.2165354 10616.48 2780.273 -0.2165354 10604.62 2774.438 -0.2165354 10593.08 2768.757 -0.2165354 10581.2 2762.913 -0.2165354 10569.84 2757.325 -0.2165354 10558.52 2751.756 -0.2165354 10546.71 2745.533 -0.2165354 10535.58 2739.456 -0.2165354 10524.03 2733.149 -0.2165354 10513.27 2727.273 -0.2165354 10501.83 2721.022 -0.2165354 10490.33 2714.56 -0.2165354 10479.41 2707.983 -0.2165354 10468.24 2701.253 -0.2165354 10457.44 2694.74 -0.2165354 10446.46 2688.124 -0.2165354 10435.41 2681.467 -0.2165354 10675.63 2806.315 -0.2165354 10688.27 2811.462 -0.2165354 10700.13 2816.089 -0.2165354 10712.07 2820.752 -0.2165354 10724.06 2825.433 -0.2165354 10736.49 2830.285 -0.2165354 10749.15 2834.996 -0.2165354 10761.31 2839.157 -0.2165354 10773.55 2843.346 -0.2165354 10786.05 2847.621 -0.2165354 10798.43 2851.855 -0.2165354 10811.14 2856.148 -0.2165354 10823.64 2859.839 -0.2165354 10835.87 2863.449 -0.2165354 10847.86 2866.99 -0.2165354 10859.89 2870.543 -0.2165354 10872.43 2874.245 -0.2165354 10885.07 2877.579 -0.2165354 10897.36 2880.645 -0.2165354 10909.85 2883.761 -0.2165354 10922.51 2886.92 -0.2165354 10934.97 2890.031 -0.2165354 10948.2 2893.125 -0.2165354 10960.54 2895.651 -0.2165354 10973.21 2898.245 -0.2165354 10985.44 2900.751 -0.2165354 10998.21 2903.367 -0.2165354 11011.41 2906.069 -0.2165354 11024.62 2908.195 -0.2165354 11037.57 2910.277 -0.2165354 11049.71 2912.229 -0.2165354 11062.74 2914.325 -0.2165354 11075.47 2916.372 -0.2165354 11088.53 2918.093 -0.2165354 11101.49 2919.616 -0.2165354 11113.93 2921.077 -0.2165354 11126.99 2922.611 -0.2165354 11139.71 2924.106 -0.2165354 11151.95 2925.701 -0.2165354 11165.18 2927.881 -0.2165354 11177.95 2929.982 -0.2165354 11190.69 2932.162 -0.2165354 11203.47 2934.438 -0.2165354 11216.38 2936.738 -0.2165354 11229.13 2939.125 -0.2165354 11243.12 2941.808 -0.2165354 11256.49 2944.372 -0.2165354</float_array>
          <technique_common>
            <accessor source="#ID112-mesh-positions-array" count="147" stride="3">
              <param name="X" type="float"/>
              <param name="Y" type="float"/>
              <param name="Z" type="float"/>
            </accessor>
          </technique_common>
        </source>
        <source id="ID112-mesh-normals">
          <float_array id="ID112-mesh-normals-array" count="0"/>
          <technique_common>
            <accessor source="#ID112-mesh-normals-array" count="0" stride="3">
              <param name="X" type="float"/>
              <param name="Y" type="float"/>
              <param name="Z" type="float"/>
            </accessor>
          </technique_common>
        </source>
        <vertices id="ID112-mesh-vertices">
          <input semantic="POSITION" source="#ID112-mesh-positions"/>
        </vertices>
        <lines count="146">
          <input semantic="VERTEX" source="#ID112-mesh-vertices" offset="0"/>
          <p>0 1 2 0 3 2 4 3 5 4 6 5 7 6 8 7 9 8 10 9 11 10 12 11 13 12 14 13 15 14 16 15 17 16 18 17 19 18 20 19 21 20 22 21 23 22 24 25 1 24 25 26 26 27 27 28 28 29 30 31 29 30 31 32 32 33 33 34 34 35 36 37 35 36 37 38 38 39 39 40 40 41 41 42 43 44 42 43 44 45 45 46 46 47 47 48 49 50 48 49 50 51 51 52 52 53 53 54 54 55 55 56 56 57 57 58 58 59 59 60 61 62 60 61 62 63 63 64 64 65 65 66 66 67 67 68 68 69 69 70 71 72 70 71 72 73 73 74 75 76 74 75 76 77 77 78 79 0 80 2 81 3 82 4 83 5 84 6 85 7 86 8 87 9 88 10 89 12 90 13 91 14 92 15 93 16 94 18 95 19 96 20 97 21 98 22 99 23 100 1 101 25 102 26 103 27 104 28 105 29 106 31 107 32 108 33 109 34 110 35 111 37 112 38 113 39 114 40 115 41 116 42 117 44 118 45 119 46 120 47 121 48 122 50 123 51 124 52 125 53 126 54 127 55 128 56 129 57 130 58 131 59 132 60 134 63 135 64 136 65 137 66 138 68 139 69 140 70 141 72 142 73 143 74 144 76 145 77 78 146 133 62</p>
        </lines>
      </mesh>
    </geometry>
    <geometry id="ID108-mesh" name="ID108">
      <mesh>
        <source id="ID108-mesh-positions">
          <float_array id="ID108-mesh-positions-array" count="6">11531.16 3184.54 -0.2165354 11532.05 3184.76 -0.2165354</float_array>
          <technique_common>
            <accessor source="#ID108-mesh-positions-array" count="2" stride="3">
              <param name="X" type="float"/>
              <param name="Y" type="float"/>
              <param name="Z" type="float"/>
            </accessor>
          </technique_common>
        </source>
        <source id="ID108-mesh-normals">
          <float_array id="ID108-mesh-normals-array" count="0"/>
          <technique_common>
            <accessor source="#ID108-mesh-normals-array" count="0" stride="3">
              <param name="X" type="float"/>
              <param name="Y" type="float"/>
              <param name="Z" type="float"/>
            </accessor>
          </technique_common>
        </source>
        <vertices id="ID108-mesh-vertices">
          <input semantic="POSITION" source="#ID108-mesh-positions"/>
        </vertices>
        <lines count="1">
          <input semantic="VERTEX" source="#ID108-mesh-vertices" offset="0"/>
          <p>0 1</p>
        </lines>
      </mesh>
    </geometry>
    <geometry id="ID104-mesh" name="ID104">
      <mesh>
        <source id="ID104-mesh-positions">
          <float_array id="ID104-mesh-positions-array" count="6">11532.85 3184.959 -0.2165354 11532.06 3184.761 -0.2165354</float_array>
          <technique_common>
            <accessor source="#ID104-mesh-positions-array" count="2" stride="3">
              <param name="X" type="float"/>
              <param name="Y" type="float"/>
              <param name="Z" type="float"/>
            </accessor>
          </technique_common>
        </source>
        <source id="ID104-mesh-normals">
          <float_array id="ID104-mesh-normals-array" count="0"/>
          <technique_common>
            <accessor source="#ID104-mesh-normals-array" count="0" stride="3">
              <param name="X" type="float"/>
              <param name="Y" type="float"/>
              <param name="Z" type="float"/>
            </accessor>
          </technique_common>
        </source>
        <vertices id="ID104-mesh-vertices">
          <input semantic="POSITION" source="#ID104-mesh-positions"/>
        </vertices>
        <lines count="1">
          <input semantic="VERTEX" source="#ID104-mesh-vertices" offset="0"/>
          <p>0 1</p>
        </lines>
      </mesh>
    </geometry>
    <geometry id="ID100-mesh" name="ID100">
      <mesh>
        <source id="ID100-mesh-positions">
          <float_array id="ID100-mesh-positions-array" count="9">10899.91 3015.414 -0.2165354 10928.49 3023.671 -0.2165354 10871.36 3007.045 -0.2165354</float_array>
          <technique_common>
            <accessor source="#ID100-mesh-positions-array" count="3" stride="3">
              <param name="X" type="float"/>
              <param name="Y" type="float"/>
              <param name="Z" type="float"/>
            </accessor>
          </technique_common>
        </source>
        <source id="ID100-mesh-normals">
          <float_array id="ID100-mesh-normals-array" count="0"/>
          <technique_common>
            <accessor source="#ID100-mesh-normals-array" count="0" stride="3">
              <param name="X" type="float"/>
              <param name="Y" type="float"/>
              <param name="Z" type="float"/>
            </accessor>
          </technique_common>
        </source>
        <vertices id="ID100-mesh-vertices">
          <input semantic="POSITION" source="#ID100-mesh-positions"/>
        </vertices>
        <lines count="2">
          <input semantic="VERTEX" source="#ID100-mesh-vertices" offset="0"/>
          <p>0 1 2 0</p>
        </lines>
      </mesh>
    </geometry>
    <geometry id="ID96-mesh" name="ID96">
      <mesh>
        <source id="ID96-mesh-positions">
          <float_array id="ID96-mesh-positions-array" count="6">-11881.09 -2535.599 -0.2165354 -11880.78 -2534.547 -0.2165354</float_array>
          <technique_common>
            <accessor source="#ID96-mesh-positions-array" count="2" stride="3">
              <param name="X" type="float"/>
              <param name="Y" type="float"/>
              <param name="Z" type="float"/>
            </accessor>
          </technique_common>
        </source>
        <source id="ID96-mesh-normals">
          <float_array id="ID96-mesh-normals-array" count="0"/>
          <technique_common>
            <accessor source="#ID96-mesh-normals-array" count="0" stride="3">
              <param name="X" type="float"/>
              <param name="Y" type="float"/>
              <param name="Z" type="float"/>
            </accessor>
          </technique_common>
        </source>
        <vertices id="ID96-mesh-vertices">
          <input semantic="POSITION" source="#ID96-mesh-positions"/>
        </vertices>
        <lines count="1">
          <input semantic="VERTEX" source="#ID96-mesh-vertices" offset="0"/>
          <p>0 1</p>
        </lines>
      </mesh>
    </geometry>
    <geometry id="ID92-mesh" name="ID92">
      <mesh>
        <source id="ID92-mesh-positions">
          <float_array id="ID92-mesh-positions-array" count="6">3625.453 3673.169 -0.2165354 3625.729 3671.955 -0.2165354</float_array>
          <technique_common>
            <accessor source="#ID92-mesh-positions-array" count="2" stride="3">
              <param name="X" type="float"/>
              <param name="Y" type="float"/>
              <param name="Z" type="float"/>
            </accessor>
          </technique_common>
        </source>
        <source id="ID92-mesh-normals">
          <float_array id="ID92-mesh-normals-array" count="0"/>
          <technique_common>
            <accessor source="#ID92-mesh-normals-array" count="0" stride="3">
              <param name="X" type="float"/>
              <param name="Y" type="float"/>
              <param name="Z" type="float"/>
            </accessor>
          </technique_common>
        </source>
        <vertices id="ID92-mesh-vertices">
          <input semantic="POSITION" source="#ID92-mesh-positions"/>
        </vertices>
        <lines count="1">
          <input semantic="VERTEX" source="#ID92-mesh-vertices" offset="0"/>
          <p>0 1</p>
        </lines>
      </mesh>
    </geometry>
    <geometry id="ID88-mesh" name="ID88">
      <mesh>
        <source id="ID88-mesh-positions">
          <float_array id="ID88-mesh-positions-array" count="6">-3132.805 4342.672 -0.2165354 -2582.721 4417.553 -0.2165354</float_array>
          <technique_common>
            <accessor source="#ID88-mesh-positions-array" count="2" stride="3">
              <param name="X" type="float"/>
              <param name="Y" type="float"/>
              <param name="Z" type="float"/>
            </accessor>
          </technique_common>
        </source>
        <source id="ID88-mesh-normals">
          <float_array id="ID88-mesh-normals-array" count="0"/>
          <technique_common>
            <accessor source="#ID88-mesh-normals-array" count="0" stride="3">
              <param name="X" type="float"/>
              <param name="Y" type="float"/>
              <param name="Z" type="float"/>
            </accessor>
          </technique_common>
        </source>
        <vertices id="ID88-mesh-vertices">
          <input semantic="POSITION" source="#ID88-mesh-positions"/>
        </vertices>
        <lines count="1">
          <input semantic="VERTEX" source="#ID88-mesh-vertices" offset="0"/>
          <p>0 1</p>
        </lines>
      </mesh>
    </geometry>
    <geometry id="ID84-mesh" name="ID84">
      <mesh>
        <source id="ID84-mesh-positions">
          <float_array id="ID84-mesh-positions-array" count="6">5697.115 2883.665 -0.2165354 5700.955 2883.182 -0.2165354</float_array>
          <technique_common>
            <accessor source="#ID84-mesh-positions-array" count="2" stride="3">
              <param name="X" type="float"/>
              <param name="Y" type="float"/>
              <param name="Z" type="float"/>
            </accessor>
          </technique_common>
        </source>
        <source id="ID84-mesh-normals">
          <float_array id="ID84-mesh-normals-array" count="0"/>
          <technique_common>
            <accessor source="#ID84-mesh-normals-array" count="0" stride="3">
              <param name="X" type="float"/>
              <param name="Y" type="float"/>
              <param name="Z" type="float"/>
            </accessor>
          </technique_common>
        </source>
        <vertices id="ID84-mesh-vertices">
          <input semantic="POSITION" source="#ID84-mesh-positions"/>
        </vertices>
        <lines count="1">
          <input semantic="VERTEX" source="#ID84-mesh-vertices" offset="0"/>
          <p>0 1</p>
        </lines>
      </mesh>
    </geometry>
    <geometry id="ID80-mesh" name="ID80">
      <mesh>
        <source id="ID80-mesh-positions">
          <float_array id="ID80-mesh-positions-array" count="6">-11633.61 -4535.348 -0.2165354 -11633.38 -4535.274 -0.2165354</float_array>
          <technique_common>
            <accessor source="#ID80-mesh-positions-array" count="2" stride="3">
              <param name="X" type="float"/>
              <param name="Y" type="float"/>
              <param name="Z" type="float"/>
            </accessor>
          </technique_common>
        </source>
        <source id="ID80-mesh-normals">
          <float_array id="ID80-mesh-normals-array" count="0"/>
          <technique_common>
            <accessor source="#ID80-mesh-normals-array" count="0" stride="3">
              <param name="X" type="float"/>
              <param name="Y" type="float"/>
              <param name="Z" type="float"/>
            </accessor>
          </technique_common>
        </source>
        <vertices id="ID80-mesh-vertices">
          <input semantic="POSITION" source="#ID80-mesh-positions"/>
        </vertices>
        <lines count="1">
          <input semantic="VERTEX" source="#ID80-mesh-vertices" offset="0"/>
          <p>0 1</p>
        </lines>
      </mesh>
    </geometry>
    <geometry id="ID74-mesh" name="ID74">
      <mesh>
        <source id="ID74-mesh-positions">
          <float_array id="ID74-mesh-positions-array" count="9">11504.72 3005.659 -0.2165354 11469.62 2995.509 -0.2165354 11520.78 3010.536 -0.2165354</float_array>
          <technique_common>
            <accessor source="#ID74-mesh-positions-array" count="3" stride="3">
              <param name="X" type="float"/>
              <param name="Y" type="float"/>
              <param name="Z" type="float"/>
            </accessor>
          </technique_common>
        </source>
        <source id="ID74-mesh-normals">
          <float_array id="ID74-mesh-normals-array" count="0"/>
          <technique_common>
            <accessor source="#ID74-mesh-normals-array" count="0" stride="3">
              <param name="X" type="float"/>
              <param name="Y" type="float"/>
              <param name="Z" type="float"/>
            </accessor>
          </technique_common>
        </source>
        <vertices id="ID74-mesh-vertices">
          <input semantic="POSITION" source="#ID74-mesh-positions"/>
        </vertices>
        <lines count="2">
          <input semantic="VERTEX" source="#ID74-mesh-vertices" offset="0"/>
          <p>0 1 2 0</p>
        </lines>
      </mesh>
    </geometry>
    <geometry id="ID68-mesh" name="ID68">
      <mesh>
        <source id="ID68-mesh-positions">
          <float_array id="ID68-mesh-positions-array" count="2916">6073.731 403.6196 19.4685 6148.115 430.0444 -0.2165354 6073.731 403.6196 -0.2165354 6148.115 430.0444 19.4685 5998.948 378.3608 19.4685 5998.948 378.3608 -0.2165354 6222.077 457.6272 19.4685 6222.077 457.6272 -0.2165354 5843.518 328.8521 19.4685 5998.948 378.3608 -0.2165354 5843.518 328.8521 -0.2165354 5998.948 378.3608 19.4685 6295.599 486.3614 -0.2165354 6295.599 486.3614 19.4685 5836.766 326.7013 19.4685 5843.518 328.8521 -0.2165354 5836.766 326.7013 -0.2165354 5843.518 328.8521 19.4685 6368.664 516.2399 -0.2165354 6368.664 516.2399 19.4685 4757.396 -17.10864 -0.2165354 5836.766 326.7013 19.4685 5836.766 326.7013 -0.2165354 4757.396 -17.10864 19.4685 6441.254 547.2555 19.4685 6441.254 547.2555 -0.2165354 -2519.362 -2335.017 -0.2165354 4757.396 -17.10864 19.4685 4757.396 -17.10864 -0.2165354 -2519.362 -2335.017 19.4685 6513.35 579.4006 -0.2165354 6513.35 579.4006 19.4685 -2543.507 -2339.107 19.4685 -2519.362 -2335.017 -0.2165354 -2543.507 -2339.107 -0.2165354 -2519.362 -2335.017 19.4685 6584.937 612.6673 -0.2165354 6584.937 612.6673 19.4685 -2567.667 -2340.417 19.4685 -2567.667 -2340.417 -0.2165354 6655.994 647.0477 -0.2165354 6655.994 647.0477 19.4685 -2591.82 -2338.979 19.4685 -2591.82 -2338.979 -0.2165354 6726.506 682.5332 19.4685 6726.506 682.5332 -0.2165354 -2615.654 -2334.811 19.4685 -2615.654 -2334.811 -0.2165354 6796.457 719.1152 -0.2165354 6796.457 719.1152 19.4685 -2638.862 -2327.968 19.4685 -2638.862 -2327.968 -0.2165354 6865.861 756.8041 19.4685 6865.861 756.8041 -0.2165354 -2661.144 -2318.536 19.4685 -2661.144 -2318.536 -0.2165354 6865.861 756.8041 19.4685 6865.949 756.8504 -0.2165354 6865.861 756.8041 -0.2165354 6865.949 756.8504 19.4685 -2663.466 -2317.225 19.4685 -2663.466 -2317.225 -0.2165354 6865.949 756.8504 -0.2165354 9062.315 1895.661 19.4685 9062.315 1895.661 -0.2165354 6865.949 756.8504 19.4685 -2668.065 -2314.628 19.4685 -2663.466 -2317.225 -0.2165354 -2668.065 -2314.628 -0.2165354 -2663.466 -2317.225 19.4685 9062.315 1895.661 19.4685 9063.249 1896.15 -0.2165354 9062.315 1895.661 -0.2165354 9063.249 1896.15 19.4685 -2669.598 -2313.762 19.4685 -2668.065 -2314.628 -0.2165354 -2669.598 -2313.762 -0.2165354 -2668.065 -2314.628 19.4685 9063.249 1896.15 -0.2165354 9179.67 1957.633 19.4685 9179.67 1957.633 -0.2165354 9063.249 1896.15 19.4685 -2673.721 -2311.434 19.4685 -2669.598 -2313.762 -0.2165354 -2673.721 -2311.434 -0.2165354 -2669.598 -2313.762 19.4685 9295.666 2019.898 -0.2165354 9295.666 2019.898 19.4685 -2673.771 -2311.406 19.4685 -2673.721 -2311.434 -0.2165354 -2673.771 -2311.406 -0.2165354 -2673.721 -2311.434 19.4685 9411.239 2082.945 19.4685 9411.239 2082.945 -0.2165354 -2682.213 -2306.639 19.4685 -2673.771 -2311.406 -0.2165354 -2682.213 -2306.639 -0.2165354 -2673.771 -2311.406 19.4685 9526.382 2146.773 19.4685 9526.382 2146.773 -0.2165354 -2701.796 -2292.429 19.4685 -2701.796 -2292.429 -0.2165354 9641.092 2211.377 -0.2165354 9641.092 2211.377 19.4685 -2719.642 -2276.09 -0.2165354 -2719.642 -2276.09 19.4685 9755.362 2276.755 19.4685 9755.362 2276.755 -0.2165354 -2735.52 -2257.833 -0.2165354 -2735.52 -2257.833 19.4685 9869.187 2342.905 -0.2165354 9869.187 2342.905 19.4685 -2741.089 -2249.73 -0.2165354 -2741.089 -2249.73 19.4685 9982.562 2409.822 19.4685 9982.562 2409.822 -0.2165354 -2749.225 -2237.893 -0.2165354 -2741.089 -2249.73 19.4685 -2741.089 -2249.73 -0.2165354 -2749.225 -2237.893 19.4685 10095.48 2477.505 19.4685 10095.48 2477.505 -0.2165354 -2760.649 -2216.398 -0.2165354 -2760.649 -2216.398 19.4685 10207.94 2545.949 -0.2165354 10207.94 2545.949 19.4685 -2776.844 -2181.243 -0.2165354 -2760.649 -2216.398 19.4685 -2760.649 -2216.398 -0.2165354 -2776.844 -2181.243 19.4685 10319.94 2615.152 19.4685 10319.94 2615.152 -0.2165354 -2778.81 -2177.546 -0.2165354 -2776.844 -2181.243 19.4685 -2776.844 -2181.243 -0.2165354 -2778.81 -2177.546 19.4685 10431.48 2685.12 19.4685 10431.48 2685.12 -0.2165354 -2782.586 -2170.446 -0.2165354 -2778.81 -2177.546 19.4685 -2778.81 -2177.546 -0.2165354 -2782.586 -2170.446 19.4685 10431.48 2685.12 19.4685 10431.55 2685.168 -0.2165354 10431.48 2685.12 -0.2165354 10431.55 2685.168 19.4685 -2782.93 -2169.8 -0.2165354 -2782.586 -2170.446 19.4685 -2782.586 -2170.446 -0.2165354 -2782.93 -2169.8 19.4685 10431.55 2685.168 19.4685 10490.97 2720.975 -0.2165354 10431.55 2685.168 -0.2165354 10490.97 2720.975 19.4685 -2789.085 -2158.226 -0.2165354 -2782.93 -2169.8 19.4685 -2782.93 -2169.8 -0.2165354 -2789.085 -2158.226 19.4685 10551.95 2754.275 19.4685 10551.95 2754.275 -0.2165354 -2803.954 -2136.634 -0.2165354 -2803.954 -2136.634 19.4685 10614.3 2784.952 -0.2165354 10614.3 2784.952 19.4685 -2821.187 -2116.877 -0.2165354 -2821.187 -2116.877 19.4685 10677.89 2812.949 -0.2165354 10677.89 2812.949 19.4685 -2840.56 -2099.213 19.4685 -2840.56 -2099.213 -0.2165354 10742.62 2838.216 -0.2165354 10742.62 2838.216 19.4685 -2861.82 -2083.872 19.4685 -2861.82 -2083.872 -0.2165354 10808.36 2860.707 -0.2165354 10808.36 2860.707 19.4685 -2884.69 -2071.055 19.4685 -2884.69 -2071.055 -0.2165354 10875 2880.383 -0.2165354 10875 2880.383 19.4685 -2908.873 -2060.928 19.4685 -2908.873 -2060.928 -0.2165354 10942.41 2897.206 -0.2165354 10942.41 2897.206 19.4685 -2934.051 -2053.624 19.4685 -2934.051 -2053.624 -0.2165354 10961.53 2901.122 -0.2165354 10961.53 2901.122 19.4685 -2959.899 -2049.237 19.4685 -2959.899 -2049.237 -0.2165354 10961.53 2901.122 19.4685 11010.48 2911.147 -0.2165354 10961.53 2901.122 -0.2165354 11010.48 2911.147 19.4685 -2986.078 -2047.825 19.4685 -2986.078 -2047.825 -0.2165354 11079.08 2922.18 -0.2165354 11079.08 2922.18 19.4685 -3012.247 -2049.407 19.4685 -3012.247 -2049.407 -0.2165354 11147.86 2930.259 -0.2165354 11147.86 2930.259 19.4685 -3025.805 -2051.798 19.4685 -3025.805 -2051.798 -0.2165354 11147.86 2930.259 19.4685 11183.76 2936.169 -0.2165354 11147.86 2930.259 -0.2165354 11183.76 2936.169 19.4685 -3026.489 -2051.919 19.4685 -3025.805 -2051.798 -0.2165354 -3026.489 -2051.919 -0.2165354 -3025.805 -2051.798 19.4685 11219.67 2942.566 -0.2165354 11219.67 2942.566 19.4685 -3038.159 -2053.977 19.4685 -3026.489 -2051.919 -0.2165354 -3038.159 -2053.977 -0.2165354 -3026.489 -2051.919 19.4685 11255.49 2949.434 -0.2165354 11255.49 2949.434 19.4685 -4548.314 -2563.995 -0.2165354 -3038.159 -2053.977 19.4685 -3038.159 -2053.977 -0.2165354 -4548.314 -2563.995 19.4685 11291.21 2956.773 -0.2165354 11291.21 2956.773 19.4685 -8049.616 -3679.26 -0.2165354 -4548.314 -2563.995 19.4685 -4548.314 -2563.995 -0.2165354 -8049.616 -3679.26 19.4685 11326.83 2964.581 -0.2165354 11326.83 2964.581 19.4685 -8183.091 -3719.504 19.4685 -8049.616 -3679.26 -0.2165354 -8183.091 -3719.504 -0.2165354 -8049.616 -3679.26 19.4685 11362.35 2972.857 -0.2165354 11362.35 2972.857 19.4685 -8317.715 -3755.575 19.4685 -8317.715 -3755.575 -0.2165354 11397.76 2981.599 -0.2165354 11397.76 2981.599 19.4685 -8453.392 -3787.449 -0.2165354 -8453.392 -3787.449 19.4685 11433.05 2990.806 -0.2165354 11433.05 2990.806 19.4685 -8589.993 -3815.096 19.4685 -8589.993 -3815.096 -0.2165354 11468.22 3000.476 -0.2165354 11468.22 3000.476 19.4685 -8727.387 -3838.488 19.4685 -8727.387 -3838.488 -0.2165354 11468.22 3000.476 19.4685 11503.25 3010.607 -0.2165354 11468.22 3000.476 -0.2165354 11503.25 3010.607 19.4685 -8865.44 -3857.604 19.4685 -8865.44 -3857.604 -0.2165354 11519.31 3015.481 -0.2165354 11519.31 3015.481 19.4685 -9004.02 -3872.425 19.4685 -9004.02 -3872.425 -0.2165354 11519.31 3015.481 19.4685 11984.03 3151.96 -0.2165354 11519.31 3015.481 -0.2165354 11984.03 3151.96 19.4685 -9142.995 -3882.936 19.4685 -9142.995 -3882.936 -0.2165354 11984.03 3151.96 19.4685 12023.5 3167.101 -0.2165354 11984.03 3151.96 -0.2165354 12023.5 3167.101 19.4685 -9170.833 -3884.174 19.4685 -9170.833 -3884.174 -0.2165354 12060.53 3187.226 -0.2165354 12060.53 3187.226 19.4685 -9282.228 -3889.128 19.4685 -9170.833 -3884.174 -0.2165354 -9282.228 -3889.128 -0.2165354 -9170.833 -3884.174 19.4685 12094.61 3212.036 19.4685 12094.61 3212.036 -0.2165354 -9421.587 -3890.994 19.4685 -9421.587 -3890.994 -0.2165354 12125.13 3241.1 -0.2165354 12125.13 3241.1 19.4685 -9560.936 -3888.533 19.4685 -9560.936 -3888.533 -0.2165354 12151.57 3273.917 19.4685 12151.57 3273.917 -0.2165354 -9700.22 -3881.743 19.4685 -9700.22 -3881.743 -0.2165354 12173.49 3309.92 19.4685 12173.49 3309.92 -0.2165354 -11064.7 -3815.227 19.4685 -9700.22 -3881.743 -0.2165354 -11064.7 -3815.227 -0.2165354 -9700.22 -3881.743 19.4685 12190.49 3348.487 19.4685 12190.49 3348.487 -0.2165354 -11080.37 -3815.334 19.4685 -11064.7 -3815.227 -0.2165354 -11080.37 -3815.334 -0.2165354 -11064.7 -3815.227 19.4685 12202.28 3388.95 19.4685 12202.28 3388.95 -0.2165354 -11096.08 -3817.197 19.4685 -11096.08 -3817.197 -0.2165354 12208.67 3430.61 19.4685 12208.67 3430.61 -0.2165354 -11111.49 -3820.792 19.4685 -11111.49 -3820.792 -0.2165354 12209.53 3472.749 19.4685 12209.53 3472.749 -0.2165354 -11126.41 -3826.073 19.4685 -11126.41 -3826.073 -0.2165354 12204.86 3514.636 19.4685 12204.86 3514.636 -0.2165354 -11140.64 -3832.976 19.4685 -11140.64 -3832.976 -0.2165354 12194.73 3555.601 19.4685 12194.73 3555.601 -0.2165354 -11154.02 -3841.416 19.4685 -11154.02 -3841.416 -0.2165354 12184.72 3582.696 19.4685 12194.73 3555.601 -0.2165354 12194.73 3555.601 19.4685 12184.72 3582.696 -0.2165354 -11166.39 -3851.288 19.4685 -11166.39 -3851.288 -0.2165354 12172.27 3608.819 19.4685 12172.27 3608.819 -0.2165354 -11177.58 -3862.471 19.4685 -11177.58 -3862.471 -0.2165354 12157.5 3633.704 19.4685 12157.5 3633.704 -0.2165354 -11187.46 -3874.826 -0.2165354 -11187.46 -3874.826 19.4685 12140.54 3657.146 19.4685 12140.54 3657.146 -0.2165354 -11195.91 -3888.201 -0.2165354 -11195.91 -3888.201 19.4685 12121.51 3678.951 19.4685 12121.51 3678.951 -0.2165354 -11202.83 -3902.431 -0.2165354 -11202.83 -3902.431 19.4685 12100.59 3698.939 -0.2165354 12100.59 3698.939 19.4685 -11208.02 -3917.07 -0.2165354 -11208.02 -3917.07 19.4685 12077.94 3716.946 19.4685 12077.94 3716.946 -0.2165354 -11208.02 -3917.07 19.4685 -11310.45 -4205.54 -0.2165354 -11310.45 -4205.54 19.4685 -11208.02 -3917.07 -0.2165354 12053.74 3732.823 -0.2165354 12053.74 3732.823 19.4685 -11310.45 -4205.54 19.4685 -11351.28 -4290.24 -0.2165354 -11351.28 -4290.24 19.4685 -11310.45 -4205.54 -0.2165354 12028.39 3746.345 19.4685 12028.39 3746.345 -0.2165354 -11351.28 -4290.24 19.4685 -11351.43 -4290.498 -0.2165354 -11351.43 -4290.498 19.4685 -11351.28 -4290.24 -0.2165354 12028.39 3746.345 19.4685 12016.27 3750.395 -0.2165354 12028.39 3746.345 -0.2165354 12016.27 3750.395 19.4685 -11351.43 -4290.498 19.4685 -11396.91 -4367.396 -0.2165354 -11396.91 -4367.396 19.4685 -11351.43 -4290.498 -0.2165354 12003.67 3753.852 -0.2165354 12003.67 3753.852 19.4685 -11456.8 -4433.686 -0.2165354 -11456.8 -4433.686 19.4685 11990.9 3756.613 -0.2165354 11990.9 3756.613 19.4685 -11528.71 -4486.708 19.4685 -11528.71 -4486.708 -0.2165354 11978 3758.669 -0.2165354 11978 3758.669 19.4685 -11609.74 -4524.334 19.4685 -11609.74 -4524.334 -0.2165354 11965 3760.014 -0.2165354 11965 3760.014 19.4685 -11696.64 -4545.055 19.4685 -11696.64 -4545.055 -0.2165354 11951.95 3760.645 -0.2165354 11951.95 3760.645 19.4685 -11785.93 -4548.039 19.4685 -11785.93 -4548.039 -0.2165354 11938.89 3760.559 -0.2165354 11938.89 3760.559 19.4685 -11874.02 -4533.166 19.4685 -11874.02 -4533.166 -0.2165354 11925.85 3759.756 19.4685 11925.85 3759.756 -0.2165354 -11957.39 -4501.033 19.4685 -11957.39 -4501.033 -0.2165354 11912.87 3758.24 -0.2165354 11912.87 3758.24 19.4685 -12032.67 -4452.93 19.4685 -12032.67 -4452.93 -0.2165354 11899.99 3756.014 -0.2165354 11899.99 3756.014 19.4685 -12096.86 -4390.787 19.4685 -12096.86 -4390.787 -0.2165354 11887.26 3753.086 -0.2165354 11887.26 3753.086 19.4685 -12147.37 -4317.097 -0.2165354 -12147.37 -4317.097 19.4685 11874.64 3749.444 -0.2165354 11874.64 3749.444 19.4685 -12163.98 -4277.834 -0.2165354 -12163.98 -4277.834 19.4685 11874.64 3749.444 19.4685 10581.17 3337.438 -0.2165354 11874.64 3749.444 -0.2165354 10581.17 3337.438 19.4685 -12182.2 -4234.824 -0.2165354 -12163.98 -4277.834 19.4685 -12163.98 -4277.834 -0.2165354 -12182.2 -4234.824 19.4685 10581.17 3337.438 19.4685 10525.26 3322.525 -0.2165354 10581.17 3337.438 -0.2165354 10525.26 3322.525 19.4685 -12190.08 -4207.092 -0.2165354 -12182.2 -4234.824 19.4685 -12182.2 -4234.824 -0.2165354 -12190.08 -4207.092 19.4685 10466.94 3307.617 -0.2165354 10466.94 3307.617 19.4685 -12196.69 -4178.827 -0.2165354 -12196.69 -4178.827 19.4685 10408.48 3293.312 -0.2165354 10408.48 3293.312 19.4685 -12201.97 -4150.282 -0.2165354 -12201.97 -4150.282 19.4685 10349.87 3279.613 -0.2165354 10349.87 3279.613 19.4685 -12205.91 -4121.521 -0.2165354 -12205.91 -4121.521 19.4685 10291.12 3266.519 -0.2165354 10291.12 3266.519 19.4685 -12208.48 -4092.607 -0.2165354 -12208.48 -4092.607 19.4685 10232.24 3254.034 -0.2165354 10232.24 3254.034 19.4685 -12209.7 -4063.604 -0.2165354 -12209.7 -4063.604 19.4685 10173.24 3242.158 19.4685 10173.24 3242.158 -0.2165354 -12209.55 -4034.575 -0.2165354 -12209.55 -4034.575 19.4685 10114.11 3230.892 -0.2165354 10114.11 3230.892 19.4685 -12208.04 -4005.586 -0.2165354 -12208.04 -4005.586 19.4685 10054.87 3220.238 19.4685 10054.87 3220.238 -0.2165354 -12205.17 -3976.7 -0.2165354 -12205.17 -3976.7 19.4685 9995.528 3210.197 -0.2165354 9995.528 3210.197 19.4685 -12200.94 -3947.98 -0.2165354 -12200.94 -3947.98 19.4685 9936.082 3200.769 -0.2165354 9936.082 3200.769 19.4685 -12195.37 -3919.491 -0.2165354 -12195.37 -3919.491 19.4685 9877.188 3192.052 -0.2165354 9877.188 3192.052 19.4685 -12188.43 -3891.132 -0.2165354 -12188.43 -3891.132 19.4685 9877.188 3192.052 -0.2165354 9393.466 3130.745 19.4685 9393.466 3130.745 -0.2165354 9877.188 3192.052 19.4685 -12184.66 -3874.429 -0.2165354 -12188.43 -3891.132 19.4685 -12188.43 -3891.132 -0.2165354 -12184.66 -3874.429 19.4685 8908.708 3084.723 19.4685 8908.708 3084.723 -0.2165354 -12184.05 -3871.719 -0.2165354 -12184.66 -3874.429 19.4685 -12184.66 -3874.429 -0.2165354 -12184.05 -3871.719 19.4685 8422.743 3053.95 19.4685 8422.743 3053.95 -0.2165354 -12183.44 -3869.009 -0.2165354 -12184.05 -3871.719 19.4685 -12184.05 -3871.719 -0.2165354 -12183.44 -3869.009 19.4685 7936.05 3038.456 19.4685 7936.05 3038.456 -0.2165354 -11918.86 -2697.702 -0.2165354 -12183.44 -3869.009 19.4685 -12183.44 -3869.009 -0.2165354 -11918.86 -2697.702 19.4685 7449.112 3038.257 19.4685 7449.112 3038.257 -0.2165354 -11906.01 -2643.971 -0.2165354 -11918.86 -2697.702 19.4685 -11918.86 -2697.702 -0.2165354 -11906.01 -2643.971 19.4685 6962.408 3053.352 19.4685 6962.408 3053.352 -0.2165354 -11891.61 -2589.826 -0.2165354 -11891.61 -2589.826 19.4685 6476.418 3083.727 19.4685 6476.418 3083.727 -0.2165354 -11875.84 -2536.062 -0.2165354 -11875.84 -2536.062 19.4685 5991.622 3129.352 19.4685 5991.622 3129.352 -0.2165354 -11871.24 -2521.693 -0.2165354 -11875.84 -2536.062 19.4685 -11875.84 -2536.062 -0.2165354 -11871.24 -2521.693 19.4685 5736.002 3161.537 19.4685 5736.002 3161.537 -0.2165354 -11858.73 -2482.711 -0.2165354 -11871.24 -2521.693 19.4685 -11871.24 -2521.693 -0.2165354 -11858.73 -2482.711 19.4685 5736.002 3161.537 -0.2165354 5732.162 3162.02 19.4685 5732.162 3162.02 -0.2165354 5736.002 3161.537 19.4685 -11840.28 -2429.81 -0.2165354 -11840.28 -2429.81 19.4685 5732.162 3162.02 -0.2165354 5508.498 3190.181 19.4685 5508.498 3190.181 -0.2165354 5732.162 3162.02 19.4685 -11820.5 -2377.39 -0.2165354 -11820.5 -2377.39 19.4685 5027.523 3266.156 19.4685 5027.523 3266.156 -0.2165354 -11799.4 -2325.486 -0.2165354 -11799.4 -2325.486 19.4685 4709.404 3326.703 19.4685 4709.404 3326.703 -0.2165354 -11777.01 -2274.13 -0.2165354 -11777.01 -2274.13 19.4685 4709.404 3326.703 19.4685 4673.926 3332.438 -0.2165354 4709.404 3326.703 -0.2165354 4673.926 3332.438 19.4685 -11753.32 -2223.355 -0.2165354 -11753.32 -2223.355 19.4685 4276.026 3410.609 19.4685 4276.026 3410.609 -0.2165354 -11728.36 -2173.193 -0.2165354 -11728.36 -2173.193 19.4685 4276.026 3410.609 -0.2165354 4135.91 3438.136 19.4685 4135.91 3438.136 -0.2165354 4276.026 3410.609 19.4685 -11702.15 -2123.676 -0.2165354 -11702.15 -2123.676 19.4685 4135.91 3438.136 19.4685 4135.389 3438.365 -0.2165354 4135.91 3438.136 -0.2165354 4135.389 3438.365 19.4685 -11674.08 -2073.737 -0.2165354 -11674.08 -2073.737 19.4685 4135.389 3438.365 19.4685 4101.474 3453.258 -0.2165354 4135.389 3438.365 -0.2165354 4101.474 3453.258 19.4685 -11193.27 -1302.806 -0.2165354 -11674.08 -2073.737 19.4685 -11674.08 -2073.737 -0.2165354 -11193.27 -1302.806 19.4685 4063.49 3475.539 19.4685 4063.49 3475.539 -0.2165354 -11148.61 -1231.203 -0.2165354 -11193.27 -1302.806 19.4685 -11193.27 -1302.806 -0.2165354 -11148.61 -1231.203 19.4685 4028.359 3502.094 19.4685 4028.359 3502.094 -0.2165354 -10623.12 -388.633 -0.2165354 -11148.61 -1231.203 19.4685 -11148.61 -1231.203 -0.2165354 -10623.12 -388.633 19.4685 3996.561 3532.559 -0.2165354 3996.561 3532.559 19.4685 -10619 -382.4512 -0.2165354 -10623.12 -388.633 19.4685 -10623.12 -388.633 -0.2165354 -10619 -382.4512 19.4685 3968.528 3566.522 19.4685 3968.528 3566.522 -0.2165354 -10602.97 -359.8123 -0.2165354 -10619 -382.4512 19.4685 -10619 -382.4512 -0.2165354 -10602.97 -359.8123 19.4685 3944.641 3603.518 19.4685 3944.641 3603.518 -0.2165354 -10579.46 -333.7447 -0.2165354 -10579.46 -333.7447 19.4685 3925.227 3643.044 19.4685 3925.227 3643.044 -0.2165354 -10553.05 -310.6119 19.4685 -10553.05 -310.6119 -0.2165354 3910.549 3684.564 19.4685 3910.549 3684.564 -0.2165354 -10524.12 -290.7326 19.4685 -10524.12 -290.7326 -0.2165354 3899.33 3734.02 19.4685 3899.33 3734.02 -0.2165354 -10493.06 -274.3809 19.4685 -10493.06 -274.3809 -0.2165354 3899.325 3734.042 19.4685 3899.33 3734.02 -0.2165354 3899.33 3734.02 19.4685 3899.325 3734.042 -0.2165354 -10460.3 -261.7822 19.4685 -10460.3 -261.7822 -0.2165354 3889.626 3778.595 19.4685 3899.325 3734.042 -0.2165354 3899.325 3734.042 19.4685 3889.626 3778.595 -0.2165354 -10426.28 -253.11 19.4685 -10426.28 -253.11 -0.2165354 3873.491 3828.336 19.4685 3873.491 3828.336 -0.2165354 -10391.49 -248.4838 19.4685 -10391.49 -248.4838 -0.2165354 3852.504 3876.232 19.4685 3852.504 3876.232 -0.2165354 -10356.39 -247.9675 19.4685 -10356.39 -247.9675 -0.2165354 3826.872 3921.811 19.4685 3826.872 3921.811 -0.2165354 -10321.47 -251.5682 19.4685 -10321.47 -251.5682 -0.2165354 3796.847 3964.624 19.4685 3796.847 3964.624 -0.2165354 -10287.21 -259.2361 -0.2165354 -10287.21 -259.2361 19.4685 3762.725 4004.249 19.4685 3762.725 4004.249 -0.2165354 -10260.96 -268.453 -0.2165354 -10260.96 -268.453 19.4685 3724.843 4040.295 19.4685 3724.843 4040.295 -0.2165354 -9959.69 -374.2394 -0.2165354 -10260.96 -268.453 19.4685 -10260.96 -268.453 -0.2165354 -9959.69 -374.2394 19.4685 3683.573 4072.408 19.4685 3683.573 4072.408 -0.2165354 -9916.719 -386.8519 -0.2165354 -9959.69 -374.2394 19.4685 -9959.69 -374.2394 -0.2165354 -9916.719 -386.8519 19.4685 3639.322 4100.271 -0.2165354 3639.322 4100.271 19.4685 -9916.26 -386.9013 19.4685 -9916.719 -386.8519 -0.2165354 -9916.26 -386.9013 -0.2165354 -9916.719 -386.8519 19.4685 3592.527 4123.609 19.4685 3592.527 4123.609 -0.2165354 -9878.853 -390.9338 -0.2165354 -9916.26 -386.9013 19.4685 -9916.26 -386.9013 -0.2165354 -9878.853 -390.9338 19.4685 3543.648 4142.192 19.4685 3543.648 4142.192 -0.2165354 -9841.025 -391.86 19.4685 -9841.025 -391.86 -0.2165354 3499.202 4154.207 19.4685 3499.202 4154.207 -0.2165354 -9803.25 -389.6503 19.4685 -9803.25 -389.6503 -0.2165354 3499.202 4154.207 19.4685 3490.102 4156.309 -0.2165354 3499.202 4154.207 -0.2165354 3490.102 4156.309 19.4685 -9765.788 -384.3202 19.4685 -9765.788 -384.3202 -0.2165354 3490.102 4156.309 -0.2165354 3358.922 4181.553 19.4685 3358.922 4181.553 -0.2165354 3490.102 4156.309 19.4685 -9728.896 -375.906 19.4685 -9728.896 -375.906 -0.2165354 3358.922 4181.553 -0.2165354 3324.842 4188.112 19.4685 3324.842 4188.112 -0.2165354 3358.922 4181.553 19.4685 -9692.828 -364.4658 19.4685 -9692.828 -364.4658 -0.2165354 3324.842 4188.112 -0.2165354 2946.888 4260.845 19.4685 2946.888 4260.845 -0.2165354 3324.842 4188.112 19.4685 -9657.83 -350.0779 19.4685 -9657.83 -350.0779 -0.2165354 2398.917 4349.575 19.4685 2398.917 4349.575 -0.2165354 -9624.145 -332.8414 19.4685 -9624.145 -332.8414 -0.2165354 1848.561 4422.058 19.4685 1848.561 4422.058 -0.2165354 -9592.001 -312.8745 19.4685 -9592.001 -312.8745 -0.2165354 1296.302 4478.231 19.4685 1296.302 4478.231 -0.2165354 -9561.624 -290.3145 19.4685 -9561.624 -290.3145 -0.2165354 742.6234 4518.045 19.4685 742.6234 4518.045 -0.2165354 -9533.218 -265.3163 19.4685 -9533.218 -265.3163 -0.2165354 188.0093 4541.464 19.4685 188.0093 4541.464 -0.2165354 -9507.128 -238.2059 -0.2165354 -9507.128 -238.2059 19.4685 -367.0548 4548.468 19.4685 -367.0548 4548.468 -0.2165354 -9507.093 -238.1695 -0.2165354 -9507.128 -238.2059 19.4685 -9507.128 -238.2059 -0.2165354 -9507.093 -238.1695 19.4685 -922.0832 4539.051 19.4685 -922.0832 4539.051 -0.2165354 -8426.329 929.7118 -0.2165354 -9507.093 -238.1695 19.4685 -9507.093 -238.1695 -0.2165354 -8426.329 929.7118 19.4685 -1476.59 4513.222 19.4685 -1476.59 4513.222 -0.2165354 -8426.174 929.8866 -0.2165354 -8426.329 929.7118 19.4685 -8426.329 929.7118 -0.2165354 -8426.174 929.8866 19.4685 -2030.091 4471.002 19.4685 -2030.091 4471.002 -0.2165354 -8423.862 932.6232 -0.2165354 -8426.174 929.8866 19.4685 -8426.174 929.8866 -0.2165354 -8423.862 932.6232 19.4685 -2582.1 4412.43 19.4685 -2582.1 4412.43 -0.2165354 -8413.928 944.0541 -0.2165354 -8423.862 932.6232 19.4685 -8423.862 932.6232 -0.2165354 -8413.928 944.0541 19.4685 -2582.1 4412.43 -0.2165354 -3132.037 4337.568 19.4685 -3132.037 4337.568 -0.2165354 -2582.1 4412.43 19.4685 -8405.415 954.4308 -0.2165354 -8405.415 954.4308 19.4685 -3132.037 4337.568 19.4685 -3208.52 4324.968 -0.2165354 -3132.037 4337.568 -0.2165354 -3208.52 4324.968 19.4685 -8397.199 965.0451 -0.2165354 -8397.199 965.0451 19.4685 -3284.547 4310.374 19.4685 -3284.547 4310.374 -0.2165354 -8389.289 975.8883 -0.2165354 -8389.289 975.8883 19.4685 -3360.162 4293.779 -0.2165354 -3360.162 4293.779 19.4685 -8381.689 986.9518 -0.2165354 -8381.689 986.9518 19.4685 -3435.313 4275.196 -0.2165354 -3435.313 4275.196 19.4685 -8374.407 998.2266 -0.2165354 -8374.407 998.2266 19.4685 -3509.948 4254.637 -0.2165354 -3509.948 4254.637 19.4685 -8367.448 1009.704 -0.2165354 -8367.448 1009.704 19.4685 -3584.014 4232.116 -0.2165354 -3584.014 4232.116 19.4685 -8360.817 1021.373 -0.2165354 -8360.817 1021.373 19.4685 -3657.461 4207.65 -0.2165354 -3657.461 4207.65 19.4685 -8354.52 1033.227 -0.2165354 -8354.52 1033.227 19.4685 -3730.236 4181.254 -0.2165354 -3730.236 4181.254 19.4685 -8348.563 1045.254 -0.2165354 -8348.563 1045.254 19.4685 -3802.291 4152.949 -0.2165354 -3802.291 4152.949 19.4685 -8342.949 1057.446 -0.2165354 -8342.949 1057.446 19.4685 -3873.573 4122.752 -0.2165354 -3873.573 4122.752 19.4685 -8340.408 1063.405 -0.2165354 -8340.408 1063.405 19.4685 -3919.188 4101.993 19.4685 -3919.188 4101.993 -0.2165354 -8340.179 1064.061 -0.2165354 -8340.408 1063.405 19.4685 -8340.408 1063.405 -0.2165354 -8340.179 1064.061 19.4685 -3919.188 4101.993 19.4685 -3944.034 4090.686 -0.2165354 -3919.188 4101.993 -0.2165354 -3944.034 4090.686 19.4685 -8338.012 1071.938 -0.2165354 -8340.179 1064.061 19.4685 -8340.179 1064.061 -0.2165354 -8338.012 1071.938 19.4685 -4012.156 4057.488 -0.2165354 -4012.156 4057.488 19.4685 -8333.184 1088.789 -0.2165354 -8333.184 1088.789 19.4685 -4012.156 4057.488 19.4685 -4013.62 4056.763 -0.2165354 -4012.156 4057.488 -0.2165354 -4013.62 4056.763 19.4685 -8328.178 1105.589 -0.2165354 -8328.178 1105.589 19.4685 -4013.62 4056.763 19.4685 -4129.302 3998.487 -0.2165354 -4013.62 4056.763 -0.2165354 -4129.302 3998.487 19.4685 -8322.994 1122.334 -0.2165354 -8322.994 1122.334 19.4685 -4237.681 3928.065 -0.2165354 -4237.681 3928.065 19.4685 -8317.632 1139.024 -0.2165354 -8317.632 1139.024 19.4685 -4337.708 3846.214 -0.2165354 -4337.708 3846.214 19.4685 -8312.093 1155.655 -0.2165354 -8312.093 1155.655 19.4685 -4428.185 3753.916 19.4685 -4428.185 3753.916 -0.2165354 -8306.377 1172.227 -0.2165354 -8306.377 1172.227 19.4685 -4508.027 3652.277 19.4685 -4508.027 3652.277 -0.2165354 -8300.488 1188.737 -0.2165354 -8300.488 1188.737 19.4685 -4576.275 3542.517 19.4685 -4576.275 3542.517 -0.2165354 -8295.145 1203.226 -0.2165354 -8295.145 1203.226 19.4685 -4632.111 3425.951 19.4685 -4632.111 3425.951 -0.2165354 -8293.918 1206.5 -0.2165354 -8295.145 1203.226 19.4685 -8295.145 1203.226 -0.2165354 -8293.918 1206.5 19.4685 -4674.866 3303.98 19.4685 -4674.866 3303.98 -0.2165354 -8289.562 1217.741 -0.2165354 -8293.918 1206.5 19.4685 -8293.918 1206.5 -0.2165354 -8289.562 1217.741 19.4685 -4704.027 3178.064 19.4685 -4704.027 3178.064 -0.2165354 -8284.417 1230.185 -0.2165354 -8284.417 1230.185 19.4685 -4719.243 3049.714 19.4685 -4719.243 3049.714 -0.2165354 -8278.998 1242.51 -0.2165354 -8278.998 1242.51 19.4685 -4720.333 2920.47 19.4685 -4720.333 2920.47 -0.2165354 -8273.304 1254.712 -0.2165354 -8273.304 1254.712 19.4685 -4707.283 2791.88 19.4685 -4707.283 2791.88 -0.2165354 -8267.34 1266.784 -0.2165354 -8267.34 1266.784 19.4685 -4707.283 2791.88 -0.2165354 -4690.894 2714.866 19.4685 -4690.894 2714.866 -0.2165354 -4707.283 2791.88 19.4685 -8261.108 1278.72 -0.2165354 -8261.108 1278.72 19.4685 -4690.894 2714.866 -0.2165354 -4689.477 2635.363 19.4685 -4689.477 2635.363 -0.2165354 -4690.894 2714.866 19.4685 -8258.042 1284.286 -0.2165354 -8258.042 1284.286 19.4685 -4703.245 2557.049 19.4685 -4703.245 2557.049 -0.2165354 -8256.163 1287.699 -0.2165354 -8258.042 1284.286 19.4685 -8258.042 1284.286 -0.2165354 -8256.163 1287.699 19.4685 -4731.694 2482.797 19.4685 -4731.694 2482.797 -0.2165354 -8254.612 1290.515 -0.2165354 -8256.163 1287.699 19.4685 -8256.163 1287.699 -0.2165354 -8254.612 1290.515 19.4685 -4773.779 2415.331 19.4685 -4773.779 2415.331 -0.2165354 -8247.855 1302.161 -0.2165354 -8247.855 1302.161 19.4685 -4827.957 2357.129 19.4685 -4827.957 2357.129 -0.2165354 -8240.84 1313.655 -0.2165354 -8240.84 1313.655 19.4685 -4892.238 2310.325 -0.2165354 -4892.238 2310.325 19.4685 -8233.57 1324.989 -0.2165354 -8233.57 1324.989 19.4685 -4964.264 2276.636 -0.2165354 -4964.264 2276.636 19.4685 -8226.052 1336.158 -0.2165354 -8226.052 1336.158 19.4685 -5041.393 2257.3 -0.2165354 -5041.393 2257.3 19.4685 -8220.98 1343.341 -0.2165354 -8220.98 1343.341 19.4685 -5120.297 2253.052 -0.2165354 -5120.297 2253.052 19.4685 -8220.833 1343.56 -0.2165354 -8220.98 1343.341 19.4685 -8220.98 1343.341 -0.2165354 -8220.833 1343.56 19.4685 -5120.297 2253.052 19.4685 -5120.792 2253.049 -0.2165354 -5120.297 2253.052 -0.2165354 -5120.792 2253.049 19.4685 -8177.179 1412.602 -0.2165354 -8220.833 1343.56 19.4685 -8220.833 1343.56 -0.2165354 -8177.179 1412.602 19.4685 -5120.792 2253.049 -0.2165354 -6615.321 2316.067 19.4685 -6615.321 2316.067 -0.2165354 -5120.792 2253.049 19.4685 -8075.08 1548.471 -0.2165354 -8075.08 1548.471 19.4685 -6615.321 2316.067 -0.2165354 -6778.674 2296.348 19.4685 -6778.674 2296.348 -0.2165354 -6615.321 2316.067 19.4685 -7962.372 1675.676 -0.2165354 -7962.372 1675.676 19.4685 -6945.215 2262.458 -0.2165354 -6945.215 2262.458 19.4685 -7839.783 1793.391 19.4685 -7839.783 1793.391 -0.2165354 -7108.486 2215.265 19.4685 -7108.486 2215.265 -0.2165354 -7708.113 1900.85 19.4685 -7839.783 1793.391 -0.2165354 -7708.113 1900.85 -0.2165354 -7839.783 1793.391 19.4685 -7267.426 2155.076 -0.2165354 -7267.426 2155.076 19.4685 -7568.216 1997.356 19.4685 -7568.216 1997.356 -0.2165354 -7421.002 2082.282 -0.2165354 -7421.002 2082.282 19.4685</float_array>
          <technique_common>
            <accessor source="#ID68-mesh-positions-array" count="972" stride="3">
              <param name="X" type="float"/>
              <param name="Y" type="float"/>
              <param name="Z" type="float"/>
            </accessor>
          </technique_common>
        </source>
        <source id="ID68-mesh-normals">
          <float_array id="ID68-mesh-normals-array" count="2454">-0.3273867 0.9448905 0 -0.3420995 0.9396637 0 -0.3420998 0.9396637 0 -0.3200004 0.9474174 0 -0.3200004 0.9474175 0 -0.3567295 0.9342077 0 -0.3567298 0.9342077 0 -0.3035016 0.952831 0 -0.303503 0.9528306 0 -0.3712678 0.9285258 0 -0.3712675 0.928526 0 -0.303529 0.9528223 0 -0.3857204 0.9226157 0 -0.3857213 0.9226154 0 -0.3035033 0.9528305 0 -0.3035035 0.9528304 0 -0.4000757 0.9164822 0 -0.4000748 0.9164825 0 -0.30351 0.9528283 0 -0.30351 0.9528283 0 -0.4143363 0.9101239 0 -0.4143369 0.9101236 0 -0.1107544 0.9938479 0 -0.1670169 0.9859541 0 -0.428496 0.9035437 0 -0.428496 0.9035437 0 0.002652764 0.9999965 0 0.002653181 0.9999965 0 -0.4425502 0.8967438 0 -0.4425499 0.8967439 0 0.1160341 0.9932453 0 0.1160339 0.9932454 0 -0.4564956 0.8897256 0 -0.4564957 0.8897257 0 0.2279061 0.9736831 0 0.2279055 0.9736834 0 -0.4703304 0.8824905 0 -0.4703297 0.8824908 0 0.3368603 0.9415547 0 0.336859 0.9415552 0 -0.4772127 0.8787879 0 -0.477214 0.8787872 0 0.4414045 0.8973083 0 0.4414634 0.8972794 0 -0.4621195 0.8868177 0 -0.4686889 0.8833633 0 0.491588 0.8708279 0 0.4917045 0.8707622 0 -0.4603027 0.887762 0 -0.4603027 0.8877621 0 0.4916979 0.8707659 0 0.4916979 0.8707659 0 -0.4638726 0.8859021 0 0.4917094 0.8707594 0 0.4919024 0.8706504 0 -0.4669889 0.8842631 0 -0.466984 0.8842658 0 0.4916822 0.8707747 0 0.4917182 0.8707544 0 -0.4699729 0.8826808 0 -0.4759277 0.8794844 0 -0.469973 0.8826808 0 -0.4759277 0.8794845 0 0.4895676 0.8719653 0 -0.4818637 0.8762462 0 -0.4818642 0.8762459 0 0.5403686 0.8414284 0 0.4916914 0.8707696 0 -0.4877801 0.8729666 0 -0.4877808 0.8729662 0 0.6323148 0.7747116 0 0.632311 0.7747147 0 -0.4936627 0.8696535 0 -0.4936621 0.8696538 0 0.7160758 0.6980226 0 0.716081 0.6980172 0 -0.4995378 0.8662922 0 -0.4995383 0.8662919 0 0.7906102 0.6123198 0 0.7906191 0.6123083 0 -0.5053803 0.8628968 0 -0.5053798 0.862897 0 0.824118 0.5664183 0 0.8241312 0.566399 0 -0.511208 0.859457 0 -0.5112083 0.8594569 0 0.8549478 0.5187141 0 0.8241075 0.5664335 0 0.824092 0.5664559 0 0.8549548 0.5187024 0 -0.5170109 0.8559789 0 -0.5170117 0.8559784 0 0.8830324 0.4693121 0 0.8830325 0.4693121 0 -0.5227664 0.852476 0 -0.5227659 0.8524764 0 0.9082592 0.4184082 0 0.9082553 0.4184166 0 -0.5285198 0.848921 0 -0.5285196 0.8489211 0 0.8829495 0.4694681 0 0.8829102 0.4695419 0 -0.5313892 0.8471279 0 -0.5313946 0.8471245 0 0.8828921 0.4695761 0 0.8829125 0.4695375 0 -0.5690679 0.8222907 0 -0.5604245 0.8282057 0 0.8828277 0.4696969 0 -0.5161439 0.8565019 0 -0.4978172 0.867282 0 -0.5161457 0.8565009 0 -0.4978163 0.8672825 0 0.8546532 0.5191993 0 0.8829067 0.4695484 0 0.8828989 0.4695633 0 0.8546549 0.5191966 0 -0.4604778 0.8876712 0 -0.4604787 0.8876708 0 0.7898903 0.6132484 0 0.7898871 0.6132524 0 -0.4223073 0.9064527 0 -0.4223058 0.9064535 0 0.7148512 0.6992767 0 0.7148497 0.6992782 0 -0.3833711 0.9235944 0 -0.3833704 0.9235948 0 0.6304875 0.7761994 0 0.6304919 0.7761958 0 -0.343738 0.9390657 0 -0.3437386 0.9390655 0 0.5378969 0.8430106 0 0.5379 0.8430088 0 -0.303505 0.9528298 0 -0.3035062 0.9528295 0 0.4382917 0.8988329 0 0.4382917 0.8988329 0 -0.2627132 0.964874 0 -0.2627138 0.9648738 0 0.3329816 0.9429333 0 0.3329808 0.9429336 0 -0.2214425 0.9751734 0 -0.2214465 0.9751726 0 0.2233316 0.9747425 0 0.2233302 0.9747429 0 -0.2006568 0.9796616 0 -0.2006648 0.97966 0 0.1107727 0.9938458 0 0.1107724 0.9938458 0 -0.2006402 0.979665 0 -0.1797516 0.983712 0 -0.2006431 0.9796644 0 -0.1797496 0.9837125 0 -0.003246366 0.9999948 0 -0.003246009 0.9999948 0 -0.1377542 0.9904665 0 -0.1377533 0.9904666 0 -0.1172012 0.9931082 0 -0.117201 0.9931083 0 -0.1166613 0.9931718 0 -0.1166608 0.9931719 0 -0.1736809 0.984802 0 -0.1624429 0.9867179 0 -0.1689121 0.9856312 0 -0.1689121 0.9856312 0 -0.1742743 0.9846972 0 -0.1818422 0.9833278 0 -0.1736568 0.9848063 0 -0.1736626 0.9848053 0 -0.1947879 0.9808454 0 -0.1947866 0.9808458 0 -0.3199706 0.9474276 0 -0.3199704 0.9474275 0 -0.2076952 0.9781937 0 -0.2076924 0.9781942 0 -0.3035037 0.9528303 0 -0.2205223 0.975382 0 -0.2205224 0.975382 0 -0.2737743 0.961794 0 -0.2886766 0.9574267 0 -0.2737743 0.961794 0 -0.2886769 0.9574266 0 -0.2333061 0.9724034 0 -0.2333076 0.9724031 0 -0.2437856 0.9698292 0 -0.2437859 0.9698292 0 -0.2460716 0.9692518 0 -0.2460682 0.9692526 0 -0.2135612 0.9769297 0 -0.2135612 0.9769297 0 -0.258783 0.9659356 0 -0.2587796 0.9659364 0 -0.1831266 0.9830894 0 -0.1831265 0.9830894 0 -0.2651135 0.9642173 0 -0.1525182 0.9883007 0 -0.2778242 0.960632 0 -0.2841407 0.9587826 0 -0.2778279 0.960631 0 -0.2841244 0.9587875 0 -0.121766 0.9925588 0 -0.121766 0.9925588 0 -0.2904255 0.9568976 0 -0.2903966 0.9569064 0 -0.09089064 0.995861 0 -0.09089064 0.995861 0 -0.2817785 0.9594795 0 -0.2817803 0.959479 0 -0.05992424 0.9982029 0 -0.05992525 0.9982029 0 -0.3581581 0.933661 0 -0.4187462 0.9081034 0 -0.3581616 0.9336597 0 -0.4187422 0.9081053 0 -0.04442012 0.999013 0 -0.04442214 0.9990129 0 -0.5341885 0.8453655 0 -0.5341839 0.8453685 0 -0.02891242 0.999582 0 -0.04442936 0.9990126 0 -0.02891236 0.999582 0 -0.6404784 0.7679762 0 -0.6404835 0.767972 0 0.002134799 0.9999977 0 0.002134799 0.9999978 0 -0.7357543 0.6772485 0 -0.7357519 0.6772512 0 0.03317838 0.9994495 0 0.03317844 0.9994495 0 -0.8181875 0.5749517 0 -0.8181874 0.5749518 0 0.04869216 0.9988139 0 0.04869228 0.9988138 0 -0.886522 0.4626865 0 -0.8865197 0.4626908 0 0.04869031 0.998814 0 0.04869031 0.998814 0 -0.9395943 0.3422904 0 -0.9395943 0.3422902 0 -0.06239664 0.9980515 0 -0.006823837 0.9999768 0 -0.06238991 0.998052 0 -0.9763603 0.2161499 0 -0.9763613 0.216145 0 -0.1727448 0.9849666 0 -0.1727381 0.9849678 0 -0.9962783 0.08619618 0 -0.9962782 0.08619618 0 -0.2808529 0.9597509 0 -0.2808621 0.9597482 0 -0.9989736 -0.04529774 0 -0.9989733 -0.04530292 0 -0.3856515 0.9226445 0 -0.3856718 0.9226361 0 -0.984428 -0.1757885 0 -0.9844253 -0.1758036 0 -0.4857257 0.8741114 0 -0.4857632 0.8740904 0 -0.9707564 -0.2400666 0 -0.9707517 -0.2400863 0 -0.5795155 0.8149612 0 -0.5795549 0.8149333 0 -0.9213209 -0.388803 0 -0.9380356 -0.3465389 0 -0.9380425 -0.3465204 0 -0.9213209 -0.3888034 0 -0.6663734 0.7456182 0 -0.6663566 0.7456333 0 -0.8822402 -0.4707996 0 -0.8822488 -0.4707834 0 -0.7450912 0.6669627 0 -0.7450791 0.6669761 0 -0.8359254 -0.5488433 0 -0.8359349 -0.5488287 0 -0.8144343 0.5802557 0 -0.8144495 0.5802346 0 -0.7826277 -0.6224901 0 -0.7826281 -0.6224897 0 -0.8736941 0.4864759 0 -0.8737176 0.4864338 0 -0.7228577 -0.690997 0 -0.7228522 -0.6910026 0 -0.9223591 0.3863336 0 -0.6572402 -0.7536812 0 -0.9425257 0.3341337 0 -0.9425258 0.3341337 0 -0.5860325 -0.8102877 0 -0.5860371 -0.8102842 0 -0.9423558 0.3346126 0 -0.9423559 0.3346126 0 -0.5101194 -0.8601037 0 -0.5101146 -0.8601065 0 -0.9008038 0.4342263 0 -0.9007972 0.4342401 0 -0.4706532 -0.8823183 0 -0.4706531 -0.8823184 0 -0.8635795 0.5042129 0 -0.8658875 0.5002388 0 -0.3169122 -0.9484549 0 -0.290885 -0.956758 0 -0.3169595 -0.9484391 0 -0.2908515 -0.9567683 0 -0.8607276 0.5090661 0 -0.8054178 0.5927077 0 -0.8054188 0.5927062 0 -0.8607274 0.5090661 0 -0.2380582 -0.971251 0 -0.2380484 -0.9712534 0 -0.6711178 0.7413508 0 -0.6711186 0.74135 0 -0.1844266 -0.9828463 0 -0.1844266 -0.9828463 0 -0.5098742 0.860249 0 -0.5098748 0.8602486 0 -0.1301971 -0.9914882 0 -0.130197 -0.9914882 0 -0.3282015 0.9446077 0 -0.3282018 0.9446077 0 -0.07563364 -0.9971357 0 -0.07563543 -0.9971355 0 -0.1333428 0.99107 0 -0.1333432 0.99107 0 -0.02086007 -0.9997825 0 -0.02086192 -0.9997824 0 0.06687915 0.9977611 0 0.06687891 0.9977611 0 0.0340445 -0.9994204 0 0.03403985 -0.9994205 0 0.264387 0.9644168 0 0.2643873 0.9644166 0 0.08877575 -0.9960517 0 0.08877164 -0.996052 0 0.4513186 0.892363 0 0.4513183 0.892363 0 0.1432003 -0.9896938 0 0.143209 -0.9896925 0 0.6201173 0.7845093 0 0.6201174 0.784509 0 0.1973013 -0.980343 0 0.1972929 -0.9803447 0 0.7640382 0.645171 0 0.7640388 0.6451703 0 0.2507957 -0.9680401 0 0.2508077 -0.968037 0 0.877325 0.479897 0 0.8773227 0.4799011 0 0.2772597 -0.9607951 0 0.2773 -0.9607834 0 0.9209823 0.3896048 0 0.9209786 0.3896135 0 0.3035028 -0.9528306 0 0.9207882 0.3900631 0 0.920776 0.3900919 0 0.2577225 -0.9662191 0 0.2526947 -0.9675462 0 0.2577224 -0.9662191 0 0.2526947 -0.9675462 0 0.9680944 0.250586 0 0.961923 0.2733206 0 0.9619175 0.27334 0 0.9680994 0.2505665 0 0.2426726 -0.9701083 0 0.2426738 -0.970108 0 0.9787889 0.2048721 0 0.978795 0.2048423 0 0.2326468 -0.9725614 0 0.2326486 -0.9725609 0 0.9873036 0.1588447 0 0.9873052 0.1588346 0 0.2225738 -0.9749159 0 0.2225744 -0.9749158 0 0.9936876 0.1121832 0 0.9936876 0.1121831 0 0.212485 -0.9771643 0 0.2124855 -0.9771643 0 0.9978658 0.06529885 0 0.9978665 0.06528854 0 0.2023832 -0.9793065 0 0.2023842 -0.9793063 0 0.9998301 0.01843488 0 0.9998301 0.01843488 0 0.1922471 -0.9813466 0 0.1922461 -0.9813467 0 0.9995906 -0.02860957 0 0.9995907 -0.02860957 0 0.1820888 -0.9832821 0 0.1820892 -0.9832821 0 0.9971507 -0.07543551 0 0.9971492 -0.07545608 0 0.1719207 -0.9851108 0 0.1719211 -0.9851108 0 0.9924875 -0.122346 0 0.9924851 -0.1223665 0 0.1617375 -0.9868338 0 0.1617367 -0.986834 0 0.9856439 -0.1688378 0 0.9856438 -0.1688378 0 0.1515305 -0.9884526 0 0.1515297 -0.9884528 0 0.9766541 -0.2148183 0 0.9766498 -0.2148378 0 0.1464123 -0.9892237 0 0.1464115 -0.9892238 0 0.9713302 -0.2377345 0 0.9713207 -0.2377732 0 0.1257345 -0.9920639 0 0.1101374 -0.9939164 0 0.1101374 -0.9939164 0 0.9754773 -0.2201001 0 0.9754574 -0.2201883 0 0.07886487 -0.9968853 0 0.07886493 -0.9968853 0 0.9756207 -0.2194638 0 0.9754982 -0.2200077 0 0.04751402 -0.9988707 0 0.04751402 -0.9988707 0 0.9754981 -0.2200077 0 0.9756206 -0.2194638 0 0.01611572 -0.9998703 0 0.01611578 -0.9998702 0 0.9754248 -0.2203325 0 0.9754246 -0.2203338 0 -0.01529741 -0.9998831 0 -0.01529741 -0.999883 0 0.9695649 -0.2448347 0 0.9725769 -0.2325822 0 0.9725768 -0.2325821 0 0.9695656 -0.2448318 0 -0.04669547 -0.9989092 0 -0.04669547 -0.9989092 0 0.9630692 -0.2692542 0 0.9630692 -0.2692542 0 -0.07804828 -0.9969496 0 -0.07804822 -0.9969496 0 0.9595735 -0.2814582 0 0.9595719 -0.2814639 0 -0.1093242 -0.9940062 0 -0.1093242 -0.9940062 0 0.9523756 -0.3049278 0 0.9523755 -0.3049278 0 -0.1249234 -0.9921665 0 -0.1249234 -0.9921665 0 0.9482681 -0.317471 0 0.9521737 -0.3055574 0 0.9482699 -0.3174654 0 -0.1247698 -0.9921858 0 -0.1247444 -0.9921889 0 0.9399923 -0.341196 0 0.9399952 -0.3411878 0 -0.124922 -0.9921666 0 -0.1404913 -0.990082 0 -0.1404913 -0.9900819 0 0.931073 -0.364833 0 0.931074 -0.3648303 0 -0.1715199 -0.9851807 0 -0.1715199 -0.9851807 0 0.921593 -0.3881579 0 0.921594 -0.3881554 0 -0.1869713 -0.9823654 0 -0.1869713 -0.9823654 0 0.9115092 -0.4112799 0 0.9115126 -0.4112724 0 -0.1595809 -0.9871849 0 -0.176203 -0.9843538 0 -0.1595798 -0.9871851 0 -0.1762036 -0.9843538 0 0.9008257 -0.434181 0 0.9008281 -0.4341762 0 -0.1927738 -0.9812433 0 -0.1927738 -0.9812433 0 0.8896219 -0.4566981 0 0.8896242 -0.4566933 0 -0.1927744 -0.9812431 0 -0.1927723 -0.9812436 0 0.8778569 -0.478923 0 0.8778583 -0.4789205 0 -0.4025852 -0.9153825 0 -0.4025852 -0.9153825 0 0.8717309 -0.4899851 0 0.8717284 -0.4899896 0 -0.4020669 -0.9156104 0 -0.4547882 -0.8905997 0 -0.4020693 -0.9156093 0 -0.454787 -0.8906002 0 0.8485029 -0.5291907 0 0.848503 -0.5291907 0 -0.555432 -0.8315621 0 -0.5554308 -0.8315629 0 0.8484898 -0.5292119 0 0.8484897 -0.5292119 0 -0.648511 -0.7612053 0 -0.6485099 -0.7612063 0 0.8485034 -0.5291901 0 -0.7327637 -0.6804832 0 -0.7327624 -0.6804847 0 0.832153 -0.5545462 0 0.8320544 -0.5546941 0 -0.8070361 -0.5905022 0 -0.8070372 -0.5905007 0 0.7807111 -0.6248922 0 0.8161255 -0.5778747 0 0.816115 -0.5778897 0 0.7807203 -0.6248808 0 -0.8703238 -0.4924799 0 -0.8703238 -0.4924799 0 0.7019584 -0.7122181 0 0.7019657 -0.7122108 0 -0.9217664 -0.3877459 0 -0.9217672 -0.3877438 0 0.613669 -0.7895635 0 0.6136652 -0.7895665 0 -0.9606565 -0.2777393 0 -0.9606567 -0.2777389 0 0.5169807 -0.855997 0 0.5169807 -0.8559972 0 -0.9752202 -0.221237 0 -0.9752193 -0.2212405 0 0.4131025 -0.9106845 0 -0.9844164 -0.1758536 0 -0.9777866 -0.2096031 0 0.3035009 -0.9528312 0 0.3035044 -0.9528301 0 -0.96535 -0.2609586 0 -0.9771127 -0.2127226 0 -0.9771118 -0.212727 0 -0.965351 -0.2609549 0 0.1897432 -0.9818338 0 0.1897477 -0.981833 0 -0.9347193 -0.355387 0 -0.9347205 -0.3553841 0 0.07338947 -0.9973034 0 0.07339054 -0.9973033 0 -0.8948818 -0.4463034 0 -0.8948825 -0.446302 0 -0.04400604 -0.9990313 0 -0.04400599 -0.9990313 0 -0.8462213 -0.5328317 0 -0.8462212 -0.5328317 0 -0.1607671 -0.9869924 0 -0.1607671 -0.9869924 0 -0.78922 -0.6141106 0 -0.7892192 -0.6141117 0 -0.275331 -0.9613496 0 -0.2753275 -0.9613506 0 -0.7244408 -0.689337 0 -0.7244399 -0.689338 0 -0.3312892 -0.9435294 0 -0.3312821 -0.9435318 0 -0.6525253 -0.757767 0 -0.652526 -0.7577663 0 -0.3313031 -0.9435244 0 -0.3313047 -0.9435238 0 -0.5741764 -0.8187317 0 -0.5741765 -0.8187315 0 -0.2816349 -0.9595217 0 -0.281635 -0.9595217 0 -0.4901728 -0.8716254 0 -0.4901743 -0.8716245 0 -0.1070079 -0.9942582 0 -0.1066431 -0.9942974 0 -0.4013315 -0.915933 0 -0.4013314 -0.915933 0 -0.06588459 -0.9978274 0 -0.1071804 -0.9942396 0 -0.1071818 -0.9942395 0 -0.06588375 -0.9978274 0 -0.3085426 -0.9512106 0 -0.3085431 -0.9512104 0 0.01697289 -0.9998561 0 0.01697307 -0.999856 0 -0.2609537 -0.9653514 0 0.09971195 -0.9950164 0 0.0997141 -0.9950162 0 -0.2250599 -0.974345 0 -0.2250598 -0.974345 0 0.1817716 -0.9833408 0 0.1817734 -0.9833405 0 -0.1889707 -0.9819828 0 -0.1889729 -0.9819823 0 0.2625789 -0.9649106 0 0.2625789 -0.9649106 0 -0.1889904 -0.981979 0 -0.1889947 -0.9819782 0 0.3415706 -0.9398562 0 0.3415728 -0.9398553 0 -0.1889714 -0.9819826 0 -0.174426 -0.9846704 0 -0.1889714 -0.9819827 0 0.4182327 -0.90834 0 0.4182376 -0.9083378 0 -0.1452243 -0.9893988 0 -0.1452243 -0.9893987 0 0.49202 -0.8705839 0 0.4920226 -0.8705825 0 -0.1158965 -0.9932613 0 -0.1158965 -0.9932613 0 0.5624284 -0.8268461 0 0.5624253 -0.8268483 0 -0.08646756 -0.9962547 0 -0.08646756 -0.9962548 0 0.6289631 -0.7774352 0 0.6289667 -0.7774323 0 -0.05696171 -0.9983764 0 -0.05696171 -0.9983764 0 0.6911916 -0.7226715 0 0.6911944 -0.722669 0 -0.02740561 -0.9996245 0 -0.02740561 -0.9996244 0 0.7205438 -0.6934095 0 0.7205503 -0.6934027 0 0.002173721 -0.9999977 0 0.002173721 -0.9999977 0 0.7215014 -0.692413 0 0.7059391 -0.7082726 0 0.0317505 -0.9994959 0 0.0317505 -0.9994959 0 0.7339516 -0.6792019 0 0.7339501 -0.6792035 0 0.06129997 -0.9981194 0 0.06129992 -0.9981194 0 0.7503741 -0.6610134 0 0.09079617 -0.9958696 0 0.09079617 -0.9958695 0 0.7637404 -0.6455237 0 0.7639588 -0.6452651 0 0.105516 -0.9944177 0 0.105516 -0.9944176 0 0.7640228 -0.6451894 0 0.7548105 -0.6559431 0 0.7547803 -0.6559779 0 0.7640377 -0.6451718 0 0.1348831 -0.9908616 0 0.1348832 -0.9908616 0 0.7820261 -0.6232459 0 0.7820081 -0.6232685 0 0.1625527 -0.9866999 0 0.1755509 -0.9844704 0 0.1755508 -0.9844704 0 0.7994332 -0.6007552 0 0.799398 -0.6008019 0 0.2014583 -0.9794971 0 0.2014585 -0.979497 0 0.8161708 -0.5778108 0 0.8161538 -0.5778349 0 0.2272235 -0.9738427 0 0.2272232 -0.9738427 0 0.832211 -0.5544592 0 0.832228 -0.5544335 0 0.2528299 -0.9675108 0 0.2528297 -0.9675108 0 0.8476248 -0.530596 0 0.8476578 -0.5305434 0 0.2782667 -0.9605039 0 0.2782669 -0.9605038 0 0.862351 -0.5063112 0 0.8623667 -0.5062842 0 0.3035047 -0.95283 0 0.3035049 -0.9528299 0 0.8763831 -0.4816148 0 0.8763676 -0.481643 0 0.3285333 -0.9444924 0 0.3285331 -0.9444926 0 0.8897229 -0.4565011 0 0.8896932 -0.456559 0 0.3533279 -0.9354996 0 0.3533273 -0.9354998 0 0.9023181 -0.4310711 0 0.9022895 -0.4311307 0 0.3778839 -0.925853 0 0.377883 -0.9258534 0 0.9141715 -0.405328 0 0.9141944 -0.4052761 0 0.4021757 -0.9155626 0 0.4021744 -0.9155631 0 0.9198469 -0.3922776 0 0.9199174 -0.3921122 0 0.4142141 -0.9101794 0 0.4142156 -0.9101788 0 0.9443072 -0.3290652 0 0.9443073 -0.3290652 0 0.4142056 -0.9101834 0 0.4261798 -0.9046385 0 0.4142056 -0.9101834 0 0.4261797 -0.9046385 0 0.9627565 -0.2703704 0 0.9641823 -0.265241 0 0.9641822 -0.265241 0 0.9627627 -0.2703478 0 0.4380798 -0.8989361 0 0.9598546 -0.2804981 0 0.9598546 -0.280498 0 0.4439096 -0.8960717 0 0.9568331 -0.2906384 0 0.9568195 -0.2906829 0 0.4498974 -0.8930804 0 0.498124 -0.8671059 0 0.4498977 -0.8930802 0 0.4981238 -0.8671061 0 0.9536932 -0.3007814 0 0.9536792 -0.3008256 0 0.5899588 -0.8074335 0 0.5899583 -0.8074337 0 0.9504352 -0.3109229 0 0.950428 -0.3109448 0 0.6747142 -0.7380792 0 0.6747142 -0.7380791 0 0.9470649 -0.3210422 0 0.9470723 -0.3210204 0 0.7513744 -0.6598762 0 0.7513743 -0.6598764 0 0.943606 -0.331071 0 0.9436287 -0.3310061 0 0.8190307 -0.5737498 0 0.8190309 -0.5737495 0 0.9400753 -0.3409671 0 0.9400815 -0.3409501 0 0.8768619 -0.4807425 0 0.8768621 -0.480742 0 0.9382475 -0.345965 0 0.9382282 -0.3460171 0 0.9241729 -0.3819744 0 0.9241732 -0.3819739 0 0.9363842 -0.3509769 0 0.9365333 -0.3505787 0 0.960399 -0.2786283 0 0.9603992 -0.2786278 0 0.928331 -0.3717548 0 0.9324077 -0.3614084 0 0.9324365 -0.361334 0 0.9283286 -0.3717606 0 0.985109 -0.1719313 0 0.985109 -0.1719307 0 0.9198298 -0.3923178 0 0.919843 -0.3922869 0 0.9980027 -0.06317186 0 0.9980028 -0.06317162 0 0.9108493 -0.4127392 0 0.9108629 -0.4127091 0 0.9989261 0.04633396 0 0.9989261 0.04633426 0 0.9014524 -0.4328782 0 0.9014385 -0.4329074 0 0.9948899 0.1009664 0 0.9948898 0.100967 0 0.8915507 -0.452921 0 0.8915211 -0.4529792 0 0.9780949 0.2081594 0 0.9780991 0.2081401 0 0.8812394 -0.4726703 0 0.8812395 -0.4726703 0 0.9998413 0.01781839 0 0.9969513 -0.07802671 0 0.9969514 -0.07802599 0 0.9998413 0.01781839 0 0.8759406 -0.4824191 0 0.8759406 -0.482419 0 0.9637817 -0.2666926 0 0.9637821 -0.2666912 0 0.8759555 -0.4823922 0 0.8759554 -0.4823922 0 0.8952463 -0.4455716 0 0.895247 -0.4455704 0 0.870503 -0.4921634 0 0.8759226 -0.482452 0 0.8759225 -0.482452 0 0.870503 -0.4921634 0 0.7938599 -0.6081007 0 0.79386 -0.6081005 0 0.8593558 -0.5113782 0 0.8593399 -0.5114049 0 0.6633356 -0.7483221 0 0.6633352 -0.7483225 0 0.8477073 -0.5304642 0 0.8476908 -0.5304906 0 0.5084871 -0.8610696 0 0.5084868 -0.8610699 0 0.8356807 -0.5492157 0 0.8356974 -0.5491904 0 0.334966 -0.9422302 0 0.3349657 -0.9422304 0 0.8232806 -0.5676347 0 0.8232977 -0.5676097 0 0.1491517 -0.9888144 0 0.1491517 -0.9888144 0 0.8168756 -0.5768139 0 0.05376005 -0.9985539 0 0.05376005 -0.9985539 0 0.8290263 -0.5592097 0 0.8290262 -0.5592097 0 0.005914866 -0.9999826 0 0.005914866 -0.9999826 0 0.8230015 -0.5680393 0 0.8452261 -0.5344091 0 0.8230017 -0.5680391 0 -0.04212838 -0.9991123 0 -0.04212838 -0.9991123 0 0.774586 -0.6324687 0 0.774586 -0.6324687 0 0.119844 -0.9927929 0 0.1597558 -0.9871566 0 0.1597558 -0.9871566 0 0.119844 -0.9927929 0 0.7211309 -0.6927989 0 0.7211307 -0.692799 0 0.2387379 -0.9710841 0 0.2387381 -0.9710841 0 0.6926245 -0.7212984 0 0.6926245 -0.7212984 0 0.3161696 -0.9487027 0 0.3161695 -0.9487028 0 0.6005455 -0.7995906 0 0.6322847 -0.7747362 0 0.6005454 -0.7995907 0 0.632285 -0.7747359 0 0.3915484 -0.9201576 0 0.3915483 -0.9201576 0 0.5342014 -0.8453574 0 0.4643847 -0.8856337 0</float_array>
          <technique_common>
            <accessor source="#ID68-mesh-normals-array" count="818" stride="3">
              <param name="X" type="float"/>
              <param name="Y" type="float"/>
              <param name="Z" type="float"/>
            </accessor>
          </technique_common>
        </source>
        <vertices id="ID68-mesh-vertices">
          <input semantic="POSITION" source="#ID68-mesh-positions"/>
        </vertices>
        <triangles material="material-material" count="776">
          <input semantic="VERTEX" source="#ID68-mesh-vertices" offset="0"/>
          <input semantic="NORMAL" source="#ID68-mesh-normals" offset="1"/>
          <p>0 0 1 1 2 0 1 1 0 0 3 2 4 3 2 0 5 4 2 0 4 3 0 0 1 1 6 5 7 6 6 5 1 1 3 2 8 7 9 7 10 7 9 8 8 8 11 8 6 5 12 9 7 6 12 9 6 5 13 10 14 11 15 11 16 11 15 11 14 11 17 11 13 10 18 12 12 9 18 12 13 10 19 13 20 14 21 14 22 14 21 15 20 15 23 15 18 12 24 16 25 17 24 16 18 12 19 13 26 18 27 18 28 18 27 19 26 19 29 19 24 16 30 20 25 17 30 20 24 16 31 21 32 22 33 23 34 22 33 23 32 22 35 23 31 21 36 24 30 20 36 24 31 21 37 25 38 26 34 22 39 27 34 22 38 26 32 22 37 25 40 28 36 24 40 28 37 25 41 29 42 30 39 27 43 31 39 27 42 30 38 26 40 28 44 32 45 33 44 32 40 28 41 29 46 34 43 31 47 35 43 31 46 34 42 30 44 32 48 36 45 33 48 36 44 32 49 37 50 38 47 35 51 39 47 35 50 38 46 34 48 36 52 40 53 41 52 40 48 36 49 37 54 42 51 39 55 43 51 39 54 42 50 38 56 44 57 44 58 44 57 45 56 45 59 45 60 46 55 43 61 47 55 43 60 46 54 42 62 48 63 48 64 48 63 49 62 49 65 49 66 50 67 50 68 50 67 51 66 51 69 51 70 52 71 52 72 52 71 52 70 52 73 52 74 53 75 53 76 53 75 54 74 54 77 54 78 55 79 55 80 55 79 56 78 56 81 56 82 57 83 57 84 57 83 58 82 58 85 58 79 59 86 60 80 61 86 60 79 59 87 62 88 63 89 63 90 63 89 63 88 63 91 63 86 60 92 64 93 65 92 64 86 60 87 62 94 66 95 67 96 66 95 67 94 66 97 67 93 65 98 68 99 69 98 68 93 65 92 64 100 70 96 66 101 71 96 66 100 70 94 66 98 68 102 72 99 69 102 72 98 68 103 73 104 74 100 70 101 71 100 70 104 74 105 75 102 72 106 76 107 77 106 76 102 72 103 73 108 78 105 75 104 74 105 75 108 78 109 79 106 76 110 80 107 77 110 80 106 76 111 81 112 82 109 79 108 78 109 79 112 82 113 83 110 80 114 84 115 85 114 84 110 80 111 81 116 86 117 87 118 88 117 87 116 86 119 89 115 85 120 90 121 91 120 90 115 85 114 84 122 92 119 89 116 86 119 89 122 92 123 93 120 90 124 94 121 91 124 94 120 90 125 95 126 96 127 96 128 96 127 97 126 97 129 97 124 94 130 98 131 99 130 98 124 94 125 95 132 100 133 100 134 100 133 101 132 101 135 101 131 102 136 102 137 102 136 103 131 103 130 103 138 104 139 104 140 104 139 105 138 105 141 105 142 106 143 106 144 106 143 107 142 107 145 107 146 108 147 108 148 108 147 108 146 108 149 108 150 109 151 110 152 111 151 110 150 109 153 112 154 113 155 114 156 115 155 114 154 113 157 116 151 110 158 117 159 118 158 117 151 110 153 112 160 119 157 116 154 113 157 116 160 119 161 120 158 117 162 121 159 118 162 121 158 117 163 122 164 123 161 120 160 119 161 120 164 123 165 124 163 122 166 125 162 121 166 125 163 122 167 126 168 127 164 123 169 128 164 123 168 127 165 124 167 126 170 129 166 125 170 129 167 126 171 130 172 131 169 128 173 132 169 128 172 131 168 127 171 130 174 133 170 129 174 133 171 130 175 134 176 135 173 132 177 136 173 132 176 135 172 131 175 134 178 137 174 133 178 137 175 134 179 138 180 139 177 136 181 140 177 136 180 139 176 135 179 138 182 141 178 137 182 141 179 138 183 142 184 143 181 140 185 144 181 140 184 143 180 139 183 142 186 145 182 141 186 145 183 142 187 146 188 147 185 144 189 148 185 144 188 147 184 143 190 149 191 150 192 151 191 150 190 149 193 152 194 153 189 148 195 154 189 148 194 153 188 147 193 152 196 155 191 150 196 155 193 152 197 156 198 157 195 154 199 158 195 154 198 157 194 153 197 156 200 159 196 155 200 159 197 156 201 160 202 161 199 158 203 161 199 158 202 161 198 157 204 162 205 163 206 162 205 163 204 162 207 164 208 165 209 165 210 165 209 165 208 165 211 165 207 164 212 166 205 163 212 166 207 164 213 166 214 167 215 167 216 167 215 168 214 168 217 168 213 166 218 169 212 166 218 169 213 166 219 170 220 171 221 171 222 171 221 172 220 172 223 172 219 170 224 173 218 169 224 173 219 170 225 174 226 175 227 175 228 175 227 175 226 175 229 175 225 174 230 176 224 173 230 176 225 174 231 177 232 178 233 179 234 180 233 179 232 178 235 181 231 177 236 182 230 176 236 182 231 177 237 183 238 184 234 180 239 185 234 180 238 184 232 178 237 183 240 186 236 182 240 186 237 183 241 187 242 188 238 184 239 185 238 184 242 188 243 189 241 187 244 190 240 186 244 190 241 187 245 191 246 192 242 188 247 193 242 188 246 192 243 189 245 191 248 194 244 190 248 194 245 191 249 194 250 195 247 193 251 195 247 193 250 195 246 192 252 196 253 197 254 198 253 197 252 196 255 199 256 200 251 195 257 201 251 195 256 200 250 195 255 199 258 202 253 197 258 202 255 199 259 203 260 204 257 201 261 205 257 201 260 204 256 200 262 206 263 206 264 206 263 207 262 207 265 207 266 208 261 205 267 209 261 205 266 208 260 204 268 210 269 211 270 212 269 211 268 210 271 213 272 214 267 209 273 215 267 209 272 214 266 208 271 213 274 216 269 211 274 216 271 213 275 217 276 218 277 219 278 220 277 219 276 218 279 219 274 216 280 221 281 222 280 221 274 216 275 217 282 223 278 220 283 224 278 220 282 223 276 218 280 221 284 225 281 222 284 225 280 221 285 226 286 227 283 224 287 228 283 224 286 227 282 223 288 229 284 225 285 226 284 225 288 229 289 230 290 231 287 228 291 232 287 228 290 231 286 227 292 233 289 230 288 229 289 230 292 233 293 234 294 235 295 235 296 235 295 236 294 236 297 236 298 237 293 234 292 233 293 234 298 237 299 238 300 239 301 240 302 241 301 240 300 239 303 240 304 242 299 238 298 237 299 238 304 242 305 243 306 244 302 241 307 245 302 241 306 244 300 239 308 246 305 243 304 242 305 243 308 246 309 247 310 248 307 245 311 249 307 245 310 248 306 244 312 250 309 247 308 246 309 247 312 250 313 251 314 252 311 249 315 253 311 249 314 252 310 248 316 254 313 251 312 250 313 251 316 254 317 255 318 256 315 253 319 257 315 253 318 256 314 252 320 258 317 255 316 254 317 255 320 258 321 259 322 260 319 257 323 261 319 257 322 260 318 256 324 262 325 263 326 264 325 263 324 262 327 265 328 266 323 261 329 267 323 261 328 266 322 260 330 268 327 265 324 262 327 265 330 268 331 269 332 270 329 267 333 271 329 267 332 270 328 266 334 272 331 269 330 268 331 269 334 272 335 273 332 270 336 274 337 275 336 274 332 270 333 271 338 276 335 273 334 272 335 273 338 276 339 277 337 275 340 278 341 279 340 278 337 275 336 274 342 280 339 277 338 276 339 277 342 280 343 281 341 279 344 282 345 282 344 282 341 279 340 278 342 280 346 283 343 281 346 283 342 280 347 283 345 282 348 284 349 285 348 284 345 282 344 282 346 283 350 286 351 287 350 286 346 283 347 283 352 288 353 288 354 288 353 289 352 289 355 289 350 286 356 290 351 287 356 290 350 286 357 291 358 292 359 292 360 292 359 293 358 293 361 293 356 290 362 294 363 295 362 294 356 290 357 291 364 296 365 296 366 296 365 297 364 297 367 297 368 298 369 299 370 300 369 299 368 298 371 301 372 302 373 303 374 304 373 303 372 302 375 305 371 301 376 306 369 299 376 306 371 301 377 307 374 304 378 308 379 309 378 308 374 304 373 303 377 307 380 310 376 306 380 310 377 307 381 311 382 312 378 308 383 313 378 308 382 312 379 309 381 311 384 314 380 310 384 314 381 311 385 315 386 316 383 313 387 317 383 313 386 316 382 312 385 315 388 318 384 314 388 318 385 315 389 319 390 320 387 317 391 321 387 317 390 320 386 316 389 319 392 322 388 318 392 322 389 319 393 323 394 324 391 321 395 325 391 321 394 324 390 320 393 323 396 326 392 322 396 326 393 323 397 327 398 328 395 325 399 329 395 325 398 328 394 324 396 326 400 330 401 331 400 330 396 326 397 327 402 332 399 329 403 333 399 329 402 332 398 328 400 330 404 334 401 331 404 334 400 330 405 335 406 336 403 333 407 337 403 333 406 336 402 332 405 335 408 338 404 334 408 338 405 335 409 339 410 340 407 337 411 341 407 337 410 340 406 336 409 339 412 342 408 338 412 342 409 339 413 343 414 344 410 340 411 341 410 340 414 344 415 345 413 343 416 346 412 342 416 346 413 343 417 347 418 348 415 345 414 344 415 345 418 348 419 349 420 350 421 350 422 350 421 350 420 350 423 350 424 351 425 351 426 351 425 352 424 352 427 352 428 353 429 354 430 355 429 354 428 353 431 356 432 357 433 358 434 359 433 358 432 357 435 360 431 356 436 361 429 354 436 361 431 356 437 362 438 363 435 360 432 357 435 360 438 363 439 364 437 362 440 365 436 361 440 365 437 362 441 366 442 367 439 364 438 363 439 364 442 367 443 368 441 366 444 369 440 365 444 369 441 366 445 370 446 371 443 368 442 367 443 368 446 371 447 372 445 370 448 373 444 369 448 373 445 370 449 374 450 375 447 372 446 371 447 372 450 375 451 376 449 374 452 377 448 373 452 377 449 374 453 378 454 379 451 376 450 375 451 376 454 379 455 380 452 377 456 381 457 382 456 381 452 377 453 378 458 383 455 380 454 379 455 380 458 383 459 384 456 381 460 385 457 382 460 385 456 381 461 386 462 387 459 384 458 383 459 384 462 387 463 388 460 385 464 389 465 390 464 389 460 385 461 386 466 391 463 388 462 387 463 388 466 391 467 392 464 389 468 393 465 390 468 393 464 389 469 394 470 395 467 392 466 391 467 392 470 395 471 396 469 394 472 397 468 393 472 397 469 394 473 398 474 399 471 396 470 395 471 396 474 399 475 400 473 398 476 401 472 397 476 401 473 398 477 402 478 403 475 400 474 399 475 400 478 403 479 404 480 405 481 406 482 407 481 406 480 405 483 405 484 408 485 408 486 408 485 409 484 409 487 409 482 407 488 410 489 411 488 410 482 407 481 406 490 412 491 412 492 412 491 413 490 413 493 413 489 411 494 414 495 415 494 414 489 411 488 410 496 416 497 416 498 416 497 417 496 417 499 417 495 415 500 418 501 419 500 418 495 415 494 414 502 420 503 420 504 420 503 421 502 421 505 421 501 419 506 422 507 423 506 422 501 419 500 418 508 424 509 425 510 426 509 425 508 424 511 427 507 423 512 428 513 429 512 428 507 423 506 422 514 430 511 427 508 424 511 427 514 430 515 431 513 429 516 432 517 433 516 432 513 429 512 428 518 434 515 431 514 430 515 431 518 434 519 435 517 433 520 436 521 437 520 436 517 433 516 432 522 438 523 438 524 438 523 439 522 439 525 439 521 437 526 440 527 441 526 440 521 437 520 436 528 442 529 443 530 443 529 443 528 442 531 444 532 445 533 445 534 445 533 446 532 446 535 446 536 447 531 444 528 442 531 444 536 447 537 448 538 449 539 450 540 451 539 450 538 449 541 449 542 452 537 448 536 447 537 448 542 452 543 453 540 451 544 454 545 455 544 454 540 451 539 450 546 456 543 453 542 452 543 453 546 456 547 457 545 455 548 458 549 459 548 458 545 455 544 454 550 460 547 457 546 456 547 457 550 460 551 461 552 462 553 463 554 464 553 463 552 462 555 465 556 466 551 461 550 460 551 461 556 466 557 467 553 463 558 468 559 469 558 468 553 463 555 465 560 470 557 467 556 466 557 467 560 470 561 471 562 472 563 472 564 472 563 473 562 473 565 473 566 474 561 471 560 470 561 471 566 474 567 475 568 476 569 476 570 476 569 477 568 477 571 477 572 478 567 475 566 474 567 475 572 478 573 479 574 480 575 481 576 482 575 481 574 480 577 483 578 484 579 484 580 484 579 485 578 485 581 485 575 481 582 486 583 487 582 486 575 481 577 483 584 488 585 488 586 488 585 489 584 489 587 489 583 487 588 490 589 491 588 490 583 487 582 486 590 492 591 492 592 492 591 492 590 492 593 492 588 490 594 493 589 491 594 493 588 490 595 494 596 495 597 495 598 495 597 496 596 496 599 496 600 497 594 493 595 494 594 493 600 497 601 498 602 499 603 500 604 501 603 500 602 499 605 502 606 503 601 498 600 497 601 498 606 503 607 504 608 505 605 502 602 499 605 502 608 505 609 506 610 507 607 504 606 503 607 504 610 507 611 508 612 509 608 505 613 510 608 505 612 509 609 506 614 511 611 508 610 507 611 508 614 511 615 512 616 513 613 510 617 514 613 510 616 513 612 509 618 515 615 512 614 511 615 512 618 515 619 516 620 517 617 514 621 517 617 514 620 517 616 513 622 518 623 518 624 518 623 519 622 519 625 519 626 520 621 517 627 521 621 517 626 520 620 517 628 522 629 523 630 524 629 523 628 522 631 525 632 526 627 521 633 527 627 521 632 526 626 520 634 528 631 525 628 522 631 525 634 528 635 529 636 530 633 527 637 531 633 527 636 530 632 526 638 532 635 529 634 528 635 529 638 532 639 533 640 534 637 531 641 535 637 531 640 534 636 530 642 536 639 533 638 532 639 533 642 536 643 537 644 538 641 535 645 539 641 535 644 538 640 534 646 540 643 537 642 536 643 537 646 540 647 541 648 542 644 538 645 539 644 538 648 542 649 543 650 544 647 541 646 540 647 541 650 544 651 545 652 546 649 543 648 542 649 543 652 546 653 547 651 545 654 548 655 549 654 548 651 545 650 544 656 550 657 550 658 550 657 551 656 551 659 551 655 549 660 552 661 553 660 552 655 549 654 548 662 554 663 554 664 554 663 555 662 555 665 555 660 552 666 556 661 553 666 556 660 552 667 557 668 558 669 558 670 558 669 559 668 559 671 559 666 556 672 560 673 561 672 560 666 556 667 557 674 562 675 563 676 564 675 563 674 562 677 565 673 561 678 566 679 567 678 566 673 561 672 560 680 568 674 562 681 569 674 562 680 568 677 565 679 567 682 570 683 570 682 570 679 567 678 566 684 571 681 569 685 572 681 569 684 571 680 568 686 573 687 573 688 573 687 574 686 574 689 574 690 575 685 572 691 576 685 572 690 575 684 571 692 577 693 577 694 577 693 578 692 578 695 578 696 579 691 576 697 580 691 576 696 579 690 575 698 581 699 581 700 581 699 582 698 582 701 582 702 583 697 580 703 584 697 580 702 583 696 579 704 585 705 586 706 586 705 586 704 585 707 587 708 588 703 584 709 589 703 584 708 588 702 583 706 586 710 590 711 591 710 590 706 586 705 586 712 592 709 589 713 593 709 589 712 592 708 588 711 591 714 594 715 595 714 594 711 591 710 590 716 596 713 593 717 597 713 593 716 596 712 592 715 595 718 598 719 599 718 598 715 595 714 594 720 600 717 597 721 601 717 597 720 600 716 596 719 599 722 602 723 603 722 602 719 599 718 598 724 604 721 601 725 605 721 601 724 604 720 600 723 603 726 606 727 607 726 606 723 603 722 602 728 608 724 604 725 605 724 604 728 608 729 609 727 607 730 610 731 611 730 610 727 607 726 606 732 612 733 612 734 612 733 613 732 613 735 613 731 611 736 614 737 615 736 614 731 611 730 610 738 616 739 616 740 616 739 617 738 617 741 617 737 615 742 618 743 619 742 618 737 615 736 614 744 620 745 620 746 620 745 620 744 620 747 620 743 619 748 621 749 622 748 621 743 619 742 618 750 623 751 623 752 623 751 624 750 624 753 624 749 622 754 625 755 626 754 625 749 622 748 621 756 627 757 628 758 629 757 628 756 627 759 630 760 631 761 631 762 631 761 632 760 632 763 632 764 633 759 630 756 627 759 630 764 633 765 634 766 635 767 636 768 635 767 636 766 635 769 637 770 638 765 634 764 633 765 634 770 638 771 639 767 636 772 640 773 641 772 640 767 636 769 637 774 642 771 639 770 638 771 639 774 642 775 643 772 640 776 644 773 641 776 644 772 640 777 645 778 646 775 643 774 642 775 643 778 646 779 647 777 645 780 648 776 644 780 648 777 645 781 649 782 650 779 647 778 646 779 647 782 650 783 651 781 649 784 652 780 648 784 652 781 649 785 653 786 654 783 651 782 650 783 651 786 654 787 655 785 653 788 656 784 652 788 656 785 653 789 657 790 658 787 655 786 654 787 655 790 658 791 659 789 657 792 660 788 656 792 660 789 657 793 661 794 662 791 659 790 658 791 659 794 662 795 663 793 661 796 664 792 660 796 664 793 661 797 665 798 666 795 663 794 662 795 663 798 666 799 667 797 665 800 668 796 664 800 668 797 665 801 669 802 670 799 667 798 666 799 667 802 670 803 671 801 669 804 672 800 668 804 672 801 669 805 673 806 674 803 671 802 670 803 671 806 674 807 675 804 672 808 676 809 677 808 676 804 672 805 673 810 678 811 678 812 678 811 679 810 679 813 679 814 680 815 681 816 682 815 681 814 680 817 683 818 684 819 685 820 686 819 685 818 684 821 687 817 683 822 688 815 681 822 688 817 683 823 688 824 689 821 687 818 684 821 687 824 689 825 690 826 691 827 691 828 691 827 691 826 691 829 691 830 692 825 690 824 689 825 690 830 692 831 693 832 694 833 695 834 696 833 695 832 694 835 697 836 698 831 693 830 692 831 693 836 698 837 699 835 697 838 700 833 695 838 700 835 697 839 701 840 702 837 699 836 698 837 699 840 702 841 703 839 701 842 704 838 700 842 704 839 701 843 705 844 706 841 703 840 702 841 703 844 706 845 707 842 704 846 708 847 709 846 708 842 704 843 705 848 710 845 707 844 706 845 707 848 710 849 711 847 709 850 712 851 713 850 712 847 709 846 708 852 714 849 711 848 710 849 711 852 714 853 715 851 713 854 716 855 717 854 716 851 713 850 712 856 718 853 715 852 714 853 715 856 718 857 719 855 717 858 720 859 721 858 720 855 717 854 716 860 722 861 722 862 722 861 723 860 723 863 723 859 721 864 724 865 725 864 724 859 721 858 720 866 726 867 727 868 728 867 727 866 726 869 729 865 725 870 730 871 731 870 730 865 725 864 724 872 732 869 729 866 726 869 729 872 732 873 733 871 731 874 734 875 735 874 734 871 731 870 730 876 736 873 733 872 732 873 733 876 736 877 737 875 735 878 738 879 739 878 738 875 735 874 734 880 740 877 737 876 736 877 737 880 740 881 741 879 739 882 742 883 743 882 742 879 739 878 738 884 744 881 741 880 740 881 741 884 744 885 745 886 746 887 746 888 746 887 747 886 747 889 747 890 748 885 745 884 744 885 745 890 748 891 749 892 750 893 751 894 752 893 751 892 750 895 753 896 754 891 749 890 748 891 749 896 754 897 755 894 752 898 756 899 757 898 756 894 752 893 751 900 758 901 758 902 758 901 759 900 759 903 759 899 757 904 760 905 761 904 760 899 757 898 756 906 762 907 763 908 764 907 763 906 762 909 765 905 761 910 766 911 767 910 766 905 761 904 760 912 768 909 765 906 762 909 765 912 768 913 769 911 767 914 770 915 771 914 770 911 767 910 766 916 772 913 769 912 768 913 769 916 772 917 773 914 770 918 774 915 771 918 774 914 770 919 775 920 776 917 773 916 772 917 773 920 776 921 777 919 775 922 778 918 774 922 778 919 775 923 779 924 780 921 777 920 776 921 777 924 780 925 781 923 779 926 782 922 778 926 782 923 779 927 783 928 784 925 781 924 780 925 781 928 784 929 784 927 783 930 785 926 782 930 785 927 783 931 786 932 787 933 787 934 787 933 788 932 788 935 788 936 789 937 789 938 789 937 790 936 790 939 790 940 791 941 792 942 792 941 792 940 791 943 793 944 794 945 794 946 794 945 795 944 795 947 795 948 796 943 793 940 791 943 793 948 796 949 797 950 798 951 799 952 800 951 799 950 798 953 801 954 802 949 797 948 796 949 797 954 802 955 803 951 799 956 804 952 800 956 804 951 799 957 805 958 806 954 802 959 807 954 802 958 806 955 803 956 804 960 808 961 809 960 808 956 804 957 805 962 810 963 811 964 812 963 811 962 810 965 813 960 808 966 814 961 809 966 814 960 808 967 815 968 816 964 812 969 816 964 812 968 816 962 810 967 815 970 817 966 814 970 817 967 815 971 817 971 817 969 816 970 817 969 816 971 817 968 816</p>
        </triangles>
      </mesh>
    </geometry>
    <geometry id="ID62-mesh" name="ID62">
      <mesh>
        <source id="ID62-mesh-positions">
          <float_array id="ID62-mesh-positions-array" count="7644">-12212.35 -4092.86 19.4685 -12213.42 -4034.465 19.4685 -12213.57 -4063.675 19.4685 -12211.9 -4005.294 19.4685 -12209.75 -4121.955 19.4685 -12209.7 -4063.604 19.4685 -12209.55 -4034.575 19.4685 -12209.01 -3976.226 19.4685 -12208.04 -4005.586 19.4685 -12204.76 -3947.327 19.4685 -12205.17 -3976.7 19.4685 -12200.94 -3947.98 19.4685 -12199.15 -3918.659 19.4685 -12195.37 -3919.491 19.4685 -12192.2 -3890.245 19.4685 -12188.43 -3891.132 19.4685 -12187.82 -3870.866 19.4685 -12184.66 -3874.429 19.4685 -11922.63 -2696.826 19.4685 -12184.05 -3871.719 19.4685 -12183.44 -3869.009 19.4685 -11918.86 -2697.702 19.4685 -11909.76 -2643.023 19.4685 -11906.01 -2643.971 19.4685 -11895.33 -2588.784 19.4685 -11891.61 -2589.826 19.4685 -11879.54 -2534.926 19.4685 -11875.84 -2536.062 19.4685 -11878.66 -2532.179 19.4685 -11862.4 -2481.483 19.4685 -11871.24 -2521.693 19.4685 -11858.73 -2482.711 19.4685 -11843.92 -2428.489 19.4685 -11840.28 -2429.81 19.4685 -11824.1 -2375.978 19.4685 -11820.5 -2377.39 19.4685 -11802.97 -2323.983 19.4685 -11799.4 -2325.486 19.4685 -11780.53 -2272.538 19.4685 -11777.01 -2274.13 19.4685 -11756.81 -2221.674 19.4685 -11753.32 -2223.355 19.4685 -11731.81 -2171.425 19.4685 -11728.36 -2173.193 19.4685 -11705.55 -2121.822 19.4685 -11702.15 -2123.676 19.4685 -11677.41 -2071.764 19.4685 -11674.08 -2073.737 19.4685 -11196.55 -1300.758 19.4685 -11193.27 -1302.806 19.4685 -11151.89 -1229.155 19.4685 -11148.61 -1231.203 19.4685 -10626.37 -386.5365 19.4685 -10623.12 -388.633 19.4685 -10622.2 -380.2601 19.4685 -10619 -382.4512 19.4685 -10605.99 -357.3892 19.4685 -10602.97 -359.8123 19.4685 -10582.18 -330.9835 19.4685 -10579.46 -333.7447 19.4685 -10555.43 -307.5507 19.4685 -10553.05 -310.6119 19.4685 -10526.13 -287.4137 19.4685 -10524.12 -290.7326 19.4685 -10494.66 -270.85 19.4685 -10493.06 -274.3809 19.4685 -10461.47 -258.0879 19.4685 -10460.3 -261.7822 19.4685 -10427.02 -249.3032 19.4685 -10426.28 -253.11 19.4685 -10391.77 -244.6171 19.4685 -10391.49 -248.4838 19.4685 -10356.22 -244.0941 19.4685 -10356.39 -247.9675 19.4685 -10321.47 -251.5682 19.4685 -10320.84 -247.7414 19.4685 -10287.21 -259.2361 19.4685 -10286.15 -255.5088 19.4685 -10260.96 -268.453 19.4685 -10259.68 -264.8011 19.4685 -9959.69 -374.2394 19.4685 -9958.504 -370.554 19.4685 -9916.719 -386.8519 19.4685 -9915.96 -383.0408 19.4685 -9916.26 -386.9013 19.4685 -9878.853 -390.9338 19.4685 -9915.847 -383.0531 19.4685 -9878.598 -387.0685 19.4685 -9841.025 -391.86 19.4685 -9841.09 -387.9867 19.4685 -9803.636 -385.7958 19.4685 -9803.25 -389.6503 19.4685 -9766.492 -380.5109 19.4685 -9765.788 -384.3202 19.4685 -9729.913 -372.1682 19.4685 -9728.896 -375.906 19.4685 -9694.15 -360.825 19.4685 -9692.828 -364.4658 19.4685 -9659.45 -346.5592 19.4685 -9657.83 -350.0779 19.4685 -9626.05 -329.4689 19.4685 -9624.145 -332.8414 19.4685 -9594.18 -309.6715 19.4685 -9592.001 -312.8745 19.4685 -9564.06 -287.3029 19.4685 -9561.624 -290.3145 19.4685 -9535.895 -262.5168 19.4685 -9533.218 -265.3163 19.4685 -9509.916 -235.522 19.4685 -9507.128 -238.2059 19.4685 -9509.908 -235.5129 19.4685 -8429.169 932.3406 19.4685 -9507.093 -238.1695 19.4685 -8426.329 929.7118 19.4685 -8429.13 932.3843 19.4685 -8426.802 935.1416 19.4685 -8416.886 946.5515 19.4685 -8426.174 929.8866 19.4685 -8423.862 932.6232 19.4685 -8413.928 944.0541 19.4685 -8408.442 956.8433 19.4685 -8405.415 954.4308 19.4685 -8400.293 967.3706 19.4685 -8397.199 965.0451 19.4685 -8392.448 978.1251 19.4685 -8389.289 975.8883 19.4685 -8384.911 989.0979 19.4685 -8381.689 986.9518 19.4685 -8377.688 1000.28 19.4685 -8374.407 998.2266 19.4685 -8370.786 1011.663 19.4685 -8367.448 1009.704 19.4685 -8364.208 1023.238 19.4685 -8360.817 1021.373 19.4685 -8357.964 1034.994 19.4685 -8354.52 1033.227 19.4685 -8352.055 1046.923 19.4685 -8348.563 1045.254 19.4685 -8346.488 1059.015 19.4685 -8342.949 1057.446 19.4685 -8343.968 1064.923 19.4685 -8343.911 1065.087 19.4685 -8341.739 1072.984 19.4685 -8340.408 1063.405 19.4685 -8336.9 1089.875 19.4685 -8340.179 1064.061 19.4685 -8338.012 1071.938 19.4685 -8333.184 1088.789 19.4685 -8331.88 1106.714 19.4685 -8328.178 1105.589 19.4685 -8326.685 1123.498 19.4685 -8322.994 1122.334 19.4685 -8321.31 1140.227 19.4685 -8317.632 1139.024 19.4685 -8315.759 1156.898 19.4685 -8312.093 1155.655 19.4685 -8310.031 1173.508 19.4685 -8306.377 1172.227 19.4685 -8304.126 1190.057 19.4685 -8300.488 1188.737 19.4685 -8298.773 1204.574 19.4685 -8295.145 1203.226 19.4685 -8297.536 1207.878 19.4685 -8293.156 1219.18 19.4685 -8293.918 1206.5 19.4685 -8289.562 1217.741 19.4685 -8287.978 1231.703 19.4685 -8284.417 1230.185 19.4685 -8282.523 1244.108 19.4685 -8278.998 1242.51 19.4685 -8276.792 1256.388 19.4685 -8273.304 1254.712 19.4685 -8270.791 1268.537 19.4685 -8267.34 1266.784 19.4685 -8264.519 1280.55 19.4685 -8261.108 1278.72 19.4685 -8261.433 1286.153 19.4685 -8259.554 1289.566 19.4685 -8258.042 1284.286 19.4685 -8257.982 1292.42 19.4685 -8256.163 1287.699 19.4685 -8251.182 1304.141 19.4685 -8254.612 1290.515 19.4685 -8247.855 1302.161 19.4685 -8244.122 1315.708 19.4685 -8240.84 1313.655 19.4685 -8236.806 1327.115 19.4685 -8233.57 1324.989 19.4685 -8229.238 1338.356 19.4685 -8226.052 1336.158 19.4685 -8224.14 1345.573 19.4685 -8220.98 1343.341 19.4685 -8224.105 1345.628 19.4685 -8180.367 1414.803 19.4685 -8220.833 1343.56 19.4685 -8177.179 1412.602 19.4685 -8078.082 1550.921 19.4685 -8075.08 1548.471 19.4685 -7965.165 1678.36 19.4685 -7962.372 1675.676 19.4685 -7842.352 1796.29 19.4685 -7839.783 1793.391 19.4685 -7710.439 1903.947 19.4685 -7708.113 1900.85 19.4685 -7570.285 2000.631 19.4685 -7568.216 1997.356 19.4685 -7422.8 2085.712 19.4685 -7421.002 2082.282 19.4685 -7268.942 2158.64 19.4685 -7267.426 2155.076 19.4685 -7109.711 2218.939 19.4685 -7108.486 2215.265 19.4685 -6946.14 2266.219 19.4685 -6945.215 2262.458 19.4685 -6779.293 2300.172 19.4685 -6778.674 2296.348 19.4685 -6615.472 2319.947 19.4685 -6615.321 2316.067 19.4685 -5120.629 2256.916 19.4685 -5120.792 2253.049 19.4685 -5120.297 2253.052 19.4685 -5120.506 2256.917 19.4685 -5041.973 2261.145 19.4685 -5041.393 2257.3 19.4685 -4965.567 2280.3 19.4685 -4964.264 2276.636 19.4685 -4894.215 2313.673 19.4685 -4892.238 2310.325 19.4685 -4830.536 2360.039 19.4685 -4827.957 2357.129 19.4685 -4776.866 2417.696 19.4685 -4773.779 2415.331 19.4685 -4735.175 2484.529 19.4685 -4731.694 2482.797 19.4685 -4706.993 2558.086 19.4685 -4703.245 2557.049 19.4685 -4693.353 2635.666 19.4685 -4689.477 2635.363 19.4685 -4690.894 2714.866 19.4685 -4724.205 2920.291 19.4685 -4720.333 2920.47 19.4685 -4723.112 3049.959 19.4685 -4711.112 2791.28 19.4685 -4707.283 2791.88 19.4685 -4694.757 2714.425 19.4685 -12150.7 -4319.134 19.4685 -12169.93 -4273.704 19.4685 -12169.96 -4273.669 19.4685 -12163.98 -4277.834 19.4685 -12147.37 -4317.097 19.4685 -12099.72 -4393.438 19.4685 -12096.86 -4390.787 19.4685 -12034.95 -4456.092 19.4685 -12032.67 -4452.93 19.4685 -11959 -4504.583 19.4685 -11957.39 -4501.033 19.4685 -11874.91 -4536.964 19.4685 -11874.02 -4533.166 19.4685 -11786.05 -4551.937 19.4685 -11785.93 -4548.039 19.4685 -11696 -4548.901 19.4685 -11696.64 -4545.055 19.4685 -11609.74 -4524.334 19.4685 -11616.28 -4529.87 19.4685 -11616.23 -4529.856 19.4685 -11607.99 -4527.252 19.4685 -11528.71 -4486.708 19.4685 -11601.14 -4524.626 19.4685 -11526.63 -4490.006 19.4685 -11456.8 -4433.686 19.4685 -11454.12 -4436.511 19.4685 -11396.91 -4367.396 19.4685 -11393.72 -4369.638 19.4685 -11351.43 -4290.498 19.4685 -11347.9 -4292.133 19.4685 -11351.28 -4290.24 19.4685 -11310.45 -4205.54 19.4685 -11347.86 -4292.069 19.4685 -11306.87 -4207.033 19.4685 -11208.02 -3917.07 19.4685 -11269.53 -4101.876 19.4685 -11204.38 -3918.365 19.4685 -11202.83 -3902.431 19.4685 -11199.25 -3903.929 19.4685 -11195.91 -3888.201 19.4685 -11192.52 -3890.087 19.4685 -11187.46 -3874.826 19.4685 -11184.3 -3877.076 19.4685 -11177.58 -3862.471 19.4685 -11174.69 -3865.057 19.4685 -11166.39 -3851.288 19.4685 -11163.8 -3854.178 19.4685 -11154.02 -3841.416 19.4685 -11151.78 -3844.575 19.4685 -11140.64 -3832.976 19.4685 -11138.76 -3836.365 19.4685 -11126.41 -3826.073 19.4685 -11124.91 -3829.65 19.4685 -11111.49 -3820.792 19.4685 -11110.4 -3824.512 19.4685 -11096.08 -3817.197 19.4685 -11095.41 -3821.015 19.4685 -11080.37 -3815.334 19.4685 -11080.13 -3819.203 19.4685 -11064.7 -3815.227 19.4685 -11064.78 -3819.098 19.4685 -10961.13 -3824.15 19.4685 -9700.22 -3881.743 19.4685 -9700.41 -3885.609 19.4685 -9561.064 -3892.401 19.4685 -9560.936 -3888.533 19.4685 -9421.595 -3894.865 19.4685 -9421.587 -3890.994 19.4685 -9282.116 -3892.997 19.4685 -9282.228 -3889.128 19.4685 -9170.833 -3884.174 19.4685 -9170.662 -3888.041 19.4685 -9142.995 -3882.936 19.4685 -9142.763 -3886.8 19.4685 -9004.02 -3872.425 19.4685 -9003.668 -3876.28 19.4685 -8865.44 -3857.604 19.4685 -8864.969 -3861.446 19.4685 -8727.387 -3838.488 19.4685 -8726.796 -3842.314 19.4685 -8589.993 -3815.096 19.4685 -8589.284 -3818.901 19.4685 -8453.392 -3787.449 19.4685 -8452.565 -3791.231 19.4685 -8317.715 -3755.575 19.4685 -8316.77 -3759.329 19.4685 -8183.091 -3719.504 19.4685 -8182.032 -3723.227 19.4685 -8049.616 -3679.26 19.4685 -8048.47 -3682.957 19.4685 -4548.314 -2563.995 19.4685 -4547.107 -2567.673 19.4685 -3038.159 -2053.977 19.4685 -3080.195 -2072.259 19.4685 -3037.198 -2057.738 19.4685 -3026.489 -2051.919 19.4685 -3025.304 -2055.64 19.4685 -3025.805 -2051.798 19.4685 -3012.247 -2049.407 19.4685 -3025.133 -2055.61 19.4685 -3011.792 -2053.257 19.4685 -2986.078 -2047.825 19.4685 -2986.065 -2051.702 19.4685 -2959.899 -2049.237 19.4685 -2960.328 -2053.09 19.4685 -2934.917 -2057.403 19.4685 -2934.051 -2053.624 19.4685 -2910.163 -2064.584 19.4685 -2908.873 -2060.928 19.4685 -2886.39 -2074.54 19.4685 -2884.69 -2071.055 19.4685 -2863.906 -2087.14 19.4685 -2861.82 -2083.872 19.4685 -2860.155 -2089.846 19.4685 -2840.56 -2099.213 19.4685 -2843.004 -2102.222 19.4685 -2823.958 -2119.588 19.4685 -2821.187 -2116.877 19.4685 -2807.016 -2139.011 19.4685 -2803.954 -2136.634 19.4685 -2792.398 -2160.239 19.4685 -2789.085 -2158.226 19.4685 -2786.347 -2171.617 19.4685 -2782.93 -2169.8 19.4685 -2786.261 -2171.779 19.4685 -2782.227 -2179.363 19.4685 -2782.586 -2170.446 19.4685 -2778.81 -2177.546 19.4685 -2780.313 -2182.963 19.4685 -2764.118 -2218.117 19.4685 -2776.844 -2181.243 19.4685 -2760.649 -2216.398 19.4685 -2752.539 -2239.904 19.4685 -2749.225 -2237.893 19.4685 -2744.279 -2251.922 19.4685 -2741.089 -2249.73 19.4685 -2738.585 -2260.207 19.4685 -2735.52 -2257.833 19.4685 -2722.418 -2278.796 19.4685 -2719.642 -2276.09 19.4685 -2704.247 -2295.433 19.4685 -2701.796 -2292.429 19.4685 -2684.308 -2309.901 19.4685 -2682.213 -2306.639 19.4685 -2675.674 -2314.776 19.4685 -2673.771 -2311.406 19.4685 -2675.661 -2314.783 19.4685 -2674.631 -2315.365 19.4685 -2673.098 -2316.231 19.4685 -2673.721 -2311.434 19.4685 -2669.598 -2313.762 19.4685 -2668.498 -2318.828 19.4685 -2668.065 -2314.628 19.4685 -2662.855 -2322.015 19.4685 -2663.466 -2317.225 19.4685 -2661.144 -2318.536 19.4685 -2640.168 -2331.618 19.4685 -2638.862 -2327.968 19.4685 -2616.538 -2338.586 19.4685 -2615.654 -2334.811 19.4685 -2592.27 -2342.83 19.4685 -2591.82 -2338.979 19.4685 -2567.678 -2344.294 19.4685 -2567.667 -2340.417 19.4685 -2544.753 -2343.051 19.4685 -2543.507 -2339.107 19.4685 -2518.716 -2338.833 19.4685 -2519.362 -2335.017 19.4685 4757.396 -17.10864 19.4685 4758.571 -20.79655 19.4685 5836.766 326.7013 19.4685 5886.92 338.6148 19.4685 5843.518 328.8521 19.4685 5998.948 378.3608 19.4685 5891.797 340.1681 19.4685 6000.155 374.6831 19.4685 6073.731 403.6196 19.4685 6074.998 399.9623 19.4685 6148.115 430.0444 19.4685 6149.439 426.4073 19.4685 6222.077 457.6272 19.4685 6223.458 454.0113 19.4685 6295.599 486.3614 19.4685 6297.036 482.7674 19.4685 6368.664 516.2399 19.4685 6370.157 512.6688 19.4685 6441.254 547.2555 19.4685 6442.802 543.7082 19.4685 6513.35 579.4006 19.4685 6514.954 575.8779 19.4685 6584.937 612.6673 19.4685 6586.595 609.1701 19.4685 6655.994 647.0477 19.4685 6657.708 643.5767 19.4685 6726.506 682.5332 19.4685 6728.273 679.0894 19.4685 6796.457 719.1152 19.4685 6798.276 715.6994 19.4685 6865.861 756.8041 19.4685 6867.709 753.4027 19.4685 6865.949 756.8504 19.4685 6867.73 753.4143 19.4685 9062.315 1895.661 19.4685 9064.104 1892.228 19.4685 9063.249 1896.15 19.4685 9179.67 1957.633 19.4685 9065.05 1892.725 19.4685 9181.49 1954.217 19.4685 9295.666 2019.898 19.4685 9297.509 2016.494 19.4685 9411.239 2082.945 19.4685 9413.104 2079.554 19.4685 9526.382 2146.773 19.4685 9528.27 2143.394 19.4685 9641.092 2211.377 19.4685 9643.001 2208.011 19.4685 9755.362 2276.755 19.4685 9757.295 2273.402 19.4685 9869.187 2342.905 19.4685 9871.143 2339.565 19.4685 9982.562 2409.822 19.4685 9984.541 2406.496 19.4685 10095.48 2477.505 19.4685 10097.48 2474.192 19.4685 10207.94 2545.949 19.4685 10209.97 2542.65 19.4685 10319.94 2615.152 19.4685 10321.98 2611.866 19.4685 10431.48 2685.12 19.4685 10433.53 2681.841 19.4685 10431.55 2685.168 19.4685 10490.97 2720.975 19.4685 10433.55 2681.853 19.4685 10492.9 2717.618 19.4685 10551.95 2754.275 19.4685 10553.74 2750.839 19.4685 10614.3 2784.952 19.4685 10615.93 2781.443 19.4685 10677.89 2812.949 19.4685 10679.37 2809.373 19.4685 10742.62 2838.216 19.4685 10743.95 2834.581 19.4685 10808.36 2860.707 19.4685 10809.53 2857.019 19.4685 10875 2880.383 19.4685 10876.01 2876.647 19.4685 10942.41 2897.206 19.4685 10943.27 2893.431 19.4685 10961.53 2901.122 19.4685 11011.18 2907.338 19.4685 11010.48 2911.147 19.4685 11079.08 2922.18 19.4685 11079.61 2918.345 19.4685 11147.86 2930.259 19.4685 11148.4 2926.425 19.4685 11183.76 2936.169 19.4685 11184.42 2932.354 19.4685 11219.67 2942.566 19.4685 11220.37 2938.76 19.4685 11255.49 2949.434 19.4685 11256.24 2945.638 19.4685 11291.21 2956.773 19.4685 11292.01 2952.987 19.4685 11326.83 2964.581 19.4685 11327.69 2960.806 19.4685 11362.35 2972.857 19.4685 11363.26 2969.093 19.4685 11397.76 2981.599 19.4685 11398.71 2977.847 19.4685 11433.05 2990.806 19.4685 11434.05 2987.067 19.4685 11468.22 3000.476 19.4685 11469.27 2996.751 19.4685 11503.25 3010.607 19.4685 11504.35 3006.896 19.4685 11519.31 3015.481 19.4685 11520.42 3011.772 19.4685 11984.03 3151.96 19.4685 11985.27 3148.29 19.4685 12023.5 3167.101 19.4685 12025.13 3163.578 19.4685 12060.53 3187.226 19.4685 12062.61 3183.947 19.4685 12094.61 3212.036 19.4685 12097.09 3209.057 19.4685 12125.13 3241.1 19.4685 12127.98 3238.473 19.4685 12151.57 3273.917 19.4685 12154.75 3271.687 19.4685 12173.49 3309.92 19.4685 12176.93 3308.126 19.4685 12190.49 3348.487 19.4685 12194.13 3347.159 19.4685 12202.28 3388.95 19.4685 12206.07 3388.111 19.4685 12208.67 3430.61 19.4685 12212.53 3430.276 19.4685 12209.53 3472.749 19.4685 -4719.243 3049.714 19.4685 -4707.845 3178.73 19.4685 -4704.027 3178.064 19.4685 -4678.589 3305.06 19.4685 -4674.866 3303.98 19.4685 -4635.694 3427.432 19.4685 -4632.111 3425.951 19.4685 -4579.674 3544.38 19.4685 -4576.275 3542.517 19.4685 -4511.202 3654.501 19.4685 -4508.027 3652.277 19.4685 -4431.098 3756.474 19.4685 -4428.185 3753.916 19.4685 -4340.324 3849.075 19.4685 -4337.708 3846.214 19.4685 -4239.967 3931.195 19.4685 -4237.681 3928.065 19.4685 -4131.233 4001.849 19.4685 -4129.302 3998.487 19.4685 -4015.362 4060.22 19.4685 -4013.62 4056.763 19.4685 -4013.852 4060.968 19.4685 -3945.684 4094.188 19.4685 -4012.156 4057.488 19.4685 -3944.034 4090.686 19.4685 -3940.864 4096.381 19.4685 -3919.188 4101.993 19.4685 -3875.13 4126.296 19.4685 -3873.573 4122.752 19.4685 -3803.753 4156.533 19.4685 -3802.291 4152.949 19.4685 -3731.604 4184.876 19.4685 -3730.236 4181.254 19.4685 -3658.732 4211.306 19.4685 -3657.461 4207.65 19.4685 -3585.189 4235.804 19.4685 -3584.014 4232.116 19.4685 -3511.025 4258.355 19.4685 -3509.948 4254.637 19.4685 -3436.291 4278.941 19.4685 -3435.313 4275.196 19.4685 -3361.041 4297.549 19.4685 -3360.162 4293.779 19.4685 -3285.327 4314.165 19.4685 -3284.547 4310.374 19.4685 -3209.2 4328.779 19.4685 -3208.52 4324.968 19.4685 -3132.613 4341.396 19.4685 -3132.037 4337.568 19.4685 -2582.566 4416.272 19.4685 -2582.1 4412.43 19.4685 -2030.442 4474.857 19.4685 -2030.091 4471.002 19.4685 -1476.828 4517.086 19.4685 -1476.59 4513.222 19.4685 -922.2061 4542.92 19.4685 -922.0832 4539.051 19.4685 -367.0632 4552.339 19.4685 -367.0548 4548.468 19.4685 188.1154 4545.333 19.4685 188.0093 4541.464 19.4685 742.6234 4518.045 19.4685 742.8439 4521.909 19.4685 1296.302 4478.231 19.4685 1296.637 4482.088 19.4685 1848.561 4422.058 19.4685 1849.01 4425.903 19.4685 2398.917 4349.575 19.4685 2399.479 4353.405 19.4685 2946.888 4260.845 19.4685 2947.563 4264.656 19.4685 3324.842 4188.112 19.4685 3325.574 4191.912 19.4685 3358.922 4181.553 19.4685 3359.654 4185.354 19.4685 3490.102 4156.309 19.4685 3490.903 4160.097 19.4685 3499.202 4154.207 19.4685 3500.143 4157.962 19.4685 3543.648 4142.192 19.4685 3544.844 4145.879 19.4685 3592.527 4123.609 19.4685 3594.082 4127.158 19.4685 3639.322 4100.271 19.4685 3641.222 4103.649 19.4685 3683.573 4072.408 19.4685 3685.798 4075.581 19.4685 3724.843 4040.295 19.4685 3727.371 4043.232 19.4685 3762.725 4004.249 19.4685 3765.533 4006.92 19.4685 3796.847 3964.624 19.4685 3799.906 3967.003 19.4685 3826.872 3921.811 19.4685 3830.151 3923.875 19.4685 3852.504 3876.232 19.4685 3855.972 3877.961 19.4685 3873.491 3828.336 19.4685 3877.113 3829.713 19.4685 3889.626 3778.595 19.4685 3893.367 3779.607 19.4685 3899.325 3734.042 19.4685 3903.103 3734.882 19.4685 3899.33 3734.02 19.4685 3910.549 3684.564 19.4685 3903.104 3734.876 19.4685 3914.273 3685.64 19.4685 3925.227 3643.044 19.4685 3928.801 3644.548 19.4685 3944.641 3603.518 19.4685 3948.016 3605.427 19.4685 3968.528 3566.522 19.4685 3971.657 3568.811 19.4685 3996.561 3532.559 19.4685 3999.402 3535.198 19.4685 4028.359 3502.094 19.4685 4030.873 3505.045 19.4685 4063.49 3475.539 19.4685 4065.643 3478.763 19.4685 4101.474 3453.258 19.4685 4103.237 3456.711 19.4685 4135.389 3438.365 19.4685 4136.945 3441.909 19.4685 4135.91 3438.136 19.4685 4137.075 3441.852 19.4685 4276.026 3410.609 19.4685 4276.772 3414.407 19.4685 4673.926 3332.438 19.4685 4674.608 3336.248 19.4685 4709.404 3326.703 19.4685 4710.075 3330.515 19.4685 5027.523 3266.156 19.4685 5028.187 3269.969 19.4685 5508.498 3190.181 19.4685 5509.042 3194.014 19.4685 5732.162 3162.02 19.4685 5992.045 3133.2 19.4685 5736.002 3161.537 19.4685 5991.622 3129.352 19.4685 6476.418 3083.727 19.4685 6476.72 3087.586 19.4685 6962.408 3053.352 19.4685 6962.588 3057.219 19.4685 7449.112 3038.257 19.4685 7449.171 3042.127 19.4685 7936.05 3038.456 19.4685 7935.988 3042.326 19.4685 8422.559 3057.816 19.4685 8422.743 3053.95 19.4685 8908.402 3088.582 19.4685 8908.708 3084.723 19.4685 9393.04 3134.592 19.4685 9393.466 3130.745 19.4685 9876.661 3195.887 19.4685 9877.188 3192.052 19.4685 9935.496 3204.595 19.4685 9936.082 3200.769 19.4685 9994.902 3214.016 19.4685 9995.528 3210.197 19.4685 10054.21 3224.051 19.4685 10054.87 3220.238 19.4685 10113.41 3234.698 19.4685 10114.11 3230.892 19.4685 10172.49 3245.956 19.4685 10173.24 3242.158 19.4685 10231.46 3257.824 19.4685 10232.24 3254.034 19.4685 10290.3 3270.301 19.4685 10291.12 3266.519 19.4685 10349.01 3283.386 19.4685 10349.87 3279.613 19.4685 10407.58 3297.076 19.4685 10408.48 3293.312 19.4685 10466 3311.372 19.4685 10466.94 3307.617 19.4685 10524.28 3326.27 19.4685 10525.26 3322.525 19.4685 10580.09 3341.154 19.4685 10581.17 3337.438 19.4685 11873.52 3753.148 19.4685 11874.64 3749.444 19.4685 11886.29 3756.834 19.4685 11887.26 3753.086 19.4685 11899.23 3759.81 19.4685 11899.99 3756.014 19.4685 11912.31 3762.072 19.4685 11912.87 3758.24 19.4685 11925.5 3763.613 19.4685 11925.85 3759.756 19.4685 11938.75 3764.428 19.4685 11938.89 3760.559 19.4685 11952.03 3764.516 19.4685 11951.95 3760.645 19.4685 11965 3760.014 19.4685 11965.29 3763.875 19.4685 11978 3758.669 19.4685 11978.5 3762.508 19.4685 11990.9 3756.613 19.4685 11991.61 3760.418 19.4685 12003.67 3753.852 19.4685 12004.59 3757.613 19.4685 12016.27 3750.395 19.4685 12017.4 3754.1 19.4685 12028.39 3746.345 19.4685 12029.92 3749.913 19.4685 12053.74 3732.823 19.4685 12055.72 3736.155 19.4685 12077.94 3716.946 19.4685 12080.21 3720.086 19.4685 12100.59 3698.939 19.4685 12103.14 3701.86 19.4685 12121.51 3678.951 19.4685 12124.31 3681.628 19.4685 12140.54 3657.146 19.4685 12143.57 3659.557 19.4685 12157.5 3633.704 19.4685 12160.74 3635.83 19.4685 12172.27 3608.819 19.4685 12175.69 3610.643 19.4685 12184.72 3582.696 19.4685 12188.29 3584.202 19.4685 12194.73 3555.601 19.4685 12198.43 3556.74 19.4685 12204.86 3514.636 19.4685 12208.68 3515.319 19.4685 12213.41 3472.924 19.4685 -12208.48 -4092.607 19.4685 -12205.8 -4150.897 19.4685 -12205.91 -4121.521 19.4685 -12201.97 -4150.282 19.4685 -12200.48 -4179.62 19.4685 -12196.69 -4178.827 19.4685 -12193.83 -4208.063 19.4685 -12190.08 -4207.092 19.4685 -12185.86 -4236.113 19.4685 -12182.2 -4234.824 19.4685 5891.797 340.1681 19.4685 5886.92 338.6148 -0.2165354 5891.797 340.1681 -0.2165354 5886.92 338.6148 19.4685 6000.155 374.6831 19.4685 5891.797 340.1681 -0.2165354 6000.155 374.6831 -0.2165354 5891.797 340.1681 19.4685 6074.998 399.9623 19.4685 6000.155 374.6831 -0.2165354 6074.998 399.9623 -0.2165354 6000.155 374.6831 19.4685 6149.439 426.4073 19.4685 6149.439 426.4073 -0.2165354 6223.458 454.0113 19.4685 6223.458 454.0113 -0.2165354 6297.036 482.7674 19.4685 6297.036 482.7674 -0.2165354 6370.157 512.6688 19.4685 6370.157 512.6688 -0.2165354 6442.802 543.7082 19.4685 6442.802 543.7082 -0.2165354 6514.954 575.8779 19.4685 6514.954 575.8779 -0.2165354 6586.595 609.1701 19.4685 6586.595 609.1701 -0.2165354 6657.708 643.5767 19.4685 6657.708 643.5767 -0.2165354 6728.273 679.0894 19.4685 6728.273 679.0894 -0.2165354 6798.276 715.6994 19.4685 6798.276 715.6994 -0.2165354 6867.709 753.4027 19.4685 6867.709 753.4027 -0.2165354 6867.73 753.4143 19.4685 6867.709 753.4027 -0.2165354 6867.73 753.4143 -0.2165354 6867.709 753.4027 19.4685 9064.104 1892.228 19.4685 6867.73 753.4143 -0.2165354 9064.104 1892.228 -0.2165354 6867.73 753.4143 19.4685 9065.05 1892.725 19.4685 9064.104 1892.228 -0.2165354 9065.05 1892.725 -0.2165354 9064.104 1892.228 19.4685 9181.49 1954.217 19.4685 9065.05 1892.725 -0.2165354 9181.49 1954.217 -0.2165354 9065.05 1892.725 19.4685 9297.509 2016.494 19.4685 9297.509 2016.494 -0.2165354 9413.104 2079.554 19.4685 9413.104 2079.554 -0.2165354 9528.27 2143.394 19.4685 9528.27 2143.394 -0.2165354 9643.001 2208.011 19.4685 9643.001 2208.011 -0.2165354 9757.295 2273.402 19.4685 9757.295 2273.402 -0.2165354 9871.143 2339.565 19.4685 9871.143 2339.565 -0.2165354 9984.541 2406.496 19.4685 9984.541 2406.496 -0.2165354 10097.48 2474.192 19.4685 10097.48 2474.192 -0.2165354 10209.97 2542.65 19.4685 10209.97 2542.65 -0.2165354 10321.98 2611.866 19.4685 10321.98 2611.866 -0.2165354 10433.53 2681.841 19.4685 10433.53 2681.841 -0.2165354 10433.55 2681.853 19.4685 10433.53 2681.841 -0.2165354 10433.55 2681.853 -0.2165354 10433.53 2681.841 19.4685 10492.9 2717.618 19.4685 10433.55 2681.853 -0.2165354 10492.9 2717.618 -0.2165354 10433.55 2681.853 19.4685 10553.74 2750.839 19.4685 10553.74 2750.839 -0.2165354 10615.93 2781.443 19.4685 10615.93 2781.443 -0.2165354 10679.37 2809.373 19.4685 10679.37 2809.373 -0.2165354 10743.95 2834.581 19.4685 10743.95 2834.581 -0.2165354 10809.53 2857.019 19.4685 10809.53 2857.019 -0.2165354 10876.01 2876.647 19.4685 10876.01 2876.647 -0.2165354 10943.27 2893.431 19.4685 10943.27 2893.431 -0.2165354 11011.18 2907.338 19.4685 11011.18 2907.338 -0.2165354 11079.61 2918.345 19.4685 11079.61 2918.345 -0.2165354 11148.4 2926.425 -0.2165354 11148.4 2926.425 19.4685 11184.42 2932.354 19.4685 11148.4 2926.425 -0.2165354 11184.42 2932.354 -0.2165354 11148.4 2926.425 19.4685 11220.37 2938.76 19.4685 11220.37 2938.76 -0.2165354 11256.24 2945.638 19.4685 11256.24 2945.638 -0.2165354 11292.01 2952.987 19.4685 11292.01 2952.987 -0.2165354 11327.69 2960.806 19.4685 11327.69 2960.806 -0.2165354 11363.26 2969.093 19.4685 11363.26 2969.093 -0.2165354 11398.71 2977.847 19.4685 11398.71 2977.847 -0.2165354 11434.05 2987.067 19.4685 11434.05 2987.067 -0.2165354 11469.27 2996.751 19.4685 11469.27 2996.751 -0.2165354 11504.35 3006.896 19.4685 11469.27 2996.751 -0.2165354 11504.35 3006.896 -0.2165354 11469.27 2996.751 19.4685 11520.42 3011.772 19.4685 11520.42 3011.772 -0.2165354 11985.27 3148.29 19.4685 11520.42 3011.772 -0.2165354 11985.27 3148.29 -0.2165354 11520.42 3011.772 19.4685 12025.13 3163.578 19.4685 11985.27 3148.29 -0.2165354 12025.13 3163.578 -0.2165354 11985.27 3148.29 19.4685 12062.61 3183.947 19.4685 12062.61 3183.947 -0.2165354 12097.09 3209.057 19.4685 12097.09 3209.057 -0.2165354 12127.98 3238.473 19.4685 12127.98 3238.473 -0.2165354 12154.75 3271.687 -0.2165354 12154.75 3271.687 19.4685 12176.93 3308.126 -0.2165354 12176.93 3308.126 19.4685 12194.13 3347.159 -0.2165354 12194.13 3347.159 19.4685 12206.07 3388.111 -0.2165354 12206.07 3388.111 19.4685 12212.53 3430.276 -0.2165354 12212.53 3430.276 19.4685 12213.41 3472.924 -0.2165354 12213.41 3472.924 19.4685 12208.68 3515.319 -0.2165354 12208.68 3515.319 19.4685 12198.43 3556.74 -0.2165354 12198.43 3556.74 19.4685 12188.29 3584.202 -0.2165354 12198.43 3556.74 19.4685 12198.43 3556.74 -0.2165354 12188.29 3584.202 19.4685 12175.69 3610.643 -0.2165354 12175.69 3610.643 19.4685 12160.74 3635.83 -0.2165354 12160.74 3635.83 19.4685 12143.57 3659.557 -0.2165354 12143.57 3659.557 19.4685 12124.31 3681.628 -0.2165354 12124.31 3681.628 19.4685 12103.14 3701.86 19.4685 12103.14 3701.86 -0.2165354 12080.21 3720.086 19.4685 12080.21 3720.086 -0.2165354 12055.72 3736.155 19.4685 12055.72 3736.155 -0.2165354 12029.92 3749.913 19.4685 12029.92 3749.913 -0.2165354 12017.4 3754.1 19.4685 12029.92 3749.913 -0.2165354 12017.4 3754.1 -0.2165354 12029.92 3749.913 19.4685 12004.59 3757.613 19.4685 12004.59 3757.613 -0.2165354 11991.61 3760.418 19.4685 11991.61 3760.418 -0.2165354 11978.5 3762.508 19.4685 11978.5 3762.508 -0.2165354 11965.29 3763.875 19.4685 11965.29 3763.875 -0.2165354 11952.03 3764.516 19.4685 11952.03 3764.516 -0.2165354 11938.75 3764.428 19.4685 11938.75 3764.428 -0.2165354 11925.5 3763.613 19.4685 11925.5 3763.613 -0.2165354 11912.31 3762.072 19.4685 11912.31 3762.072 -0.2165354 11899.23 3759.81 19.4685 11899.23 3759.81 -0.2165354 11886.29 3756.834 19.4685 11886.29 3756.834 -0.2165354 11873.52 3753.148 19.4685 11873.52 3753.148 -0.2165354 10580.09 3341.154 19.4685 11873.52 3753.148 -0.2165354 10580.09 3341.154 -0.2165354 11873.52 3753.148 19.4685 10524.28 3326.27 19.4685 10580.09 3341.154 -0.2165354 10524.28 3326.27 -0.2165354 10580.09 3341.154 19.4685 10466 3311.372 19.4685 10466 3311.372 -0.2165354 10407.58 3297.076 19.4685 10407.58 3297.076 -0.2165354 10349.01 3283.386 19.4685 10349.01 3283.386 -0.2165354 10290.3 3270.301 19.4685 10290.3 3270.301 -0.2165354 10231.46 3257.824 19.4685 10231.46 3257.824 -0.2165354 10172.49 3245.956 19.4685 10172.49 3245.956 -0.2165354 10113.41 3234.698 19.4685 10113.41 3234.698 -0.2165354 10054.21 3224.051 -0.2165354 10054.21 3224.051 19.4685 9994.902 3214.016 19.4685 9994.902 3214.016 -0.2165354 9935.496 3204.595 19.4685 9935.496 3204.595 -0.2165354 9876.661 3195.887 19.4685 9876.661 3195.887 -0.2165354 9393.04 3134.592 19.4685 9876.661 3195.887 -0.2165354 9393.04 3134.592 -0.2165354 9876.661 3195.887 19.4685 8908.402 3088.582 19.4685 8908.402 3088.582 -0.2165354 8422.559 3057.816 19.4685 8422.559 3057.816 -0.2165354 7935.988 3042.326 19.4685 7935.988 3042.326 -0.2165354 7449.171 3042.127 19.4685 7449.171 3042.127 -0.2165354 6962.588 3057.219 19.4685 6962.588 3057.219 -0.2165354 6476.72 3087.586 19.4685 6476.72 3087.586 -0.2165354 5992.045 3133.2 19.4685 5992.045 3133.2 -0.2165354 5509.042 3194.014 19.4685 5509.042 3194.014 -0.2165354 5028.187 3269.969 19.4685 5028.187 3269.969 -0.2165354 4710.075 3330.515 19.4685 4710.075 3330.515 -0.2165354 4674.608 3336.248 19.4685 4710.075 3330.515 -0.2165354 4674.608 3336.248 -0.2165354 4710.075 3330.515 19.4685 4276.772 3414.407 19.4685 4276.772 3414.407 -0.2165354 4137.075 3441.852 19.4685 4276.772 3414.407 -0.2165354 4137.075 3441.852 -0.2165354 4276.772 3414.407 19.4685 4136.945 3441.909 19.4685 4137.075 3441.852 -0.2165354 4136.945 3441.909 -0.2165354 4137.075 3441.852 19.4685 4103.237 3456.711 19.4685 4136.945 3441.909 -0.2165354 4103.237 3456.711 -0.2165354 4136.945 3441.909 19.4685 4065.643 3478.763 19.4685 4065.643 3478.763 -0.2165354 4030.873 3505.045 19.4685 4065.643 3478.763 -0.2165354 4030.873 3505.045 -0.2165354 4065.643 3478.763 19.4685 3999.402 3535.198 19.4685 3999.402 3535.198 -0.2165354 3971.657 3568.811 -0.2165354 3971.657 3568.811 19.4685 3948.016 3605.427 -0.2165354 3948.016 3605.427 19.4685 3928.801 3644.548 -0.2165354 3928.801 3644.548 19.4685 3914.273 3685.64 -0.2165354 3914.273 3685.64 19.4685 3903.104 3734.876 -0.2165354 3903.104 3734.876 19.4685 3903.103 3734.882 -0.2165354 3903.104 3734.876 19.4685 3903.104 3734.876 -0.2165354 3903.103 3734.882 19.4685 3893.367 3779.607 -0.2165354 3903.103 3734.882 19.4685 3903.103 3734.882 -0.2165354 3893.367 3779.607 19.4685 3877.113 3829.713 -0.2165354 3877.113 3829.713 19.4685 3855.972 3877.961 -0.2165354 3855.972 3877.961 19.4685 3830.151 3923.875 -0.2165354 3830.151 3923.875 19.4685 3799.906 3967.003 -0.2165354 3799.906 3967.003 19.4685 3765.533 4006.92 -0.2165354 3765.533 4006.92 19.4685 3727.371 4043.232 19.4685 3727.371 4043.232 -0.2165354 3685.798 4075.581 19.4685 3685.798 4075.581 -0.2165354 3641.222 4103.649 19.4685 3641.222 4103.649 -0.2165354 3594.082 4127.158 19.4685 3594.082 4127.158 -0.2165354 3544.844 4145.879 19.4685 3544.844 4145.879 -0.2165354 3500.143 4157.962 19.4685 3500.143 4157.962 -0.2165354 3490.903 4160.097 19.4685 3500.143 4157.962 -0.2165354 3490.903 4160.097 -0.2165354 3500.143 4157.962 19.4685 3359.654 4185.354 19.4685 3490.903 4160.097 -0.2165354 3359.654 4185.354 -0.2165354 3490.903 4160.097 19.4685 3325.574 4191.912 19.4685 3359.654 4185.354 -0.2165354 3325.574 4191.912 -0.2165354 3359.654 4185.354 19.4685 2947.563 4264.656 19.4685 3325.574 4191.912 -0.2165354 2947.563 4264.656 -0.2165354 3325.574 4191.912 19.4685 2399.479 4353.405 19.4685 2399.479 4353.405 -0.2165354 1849.01 4425.903 19.4685 1849.01 4425.903 -0.2165354 1296.637 4482.088 19.4685 1296.637 4482.088 -0.2165354 742.8439 4521.909 19.4685 742.8439 4521.909 -0.2165354 188.1154 4545.333 19.4685 188.1154 4545.333 -0.2165354 -367.0632 4552.339 19.4685 -367.0632 4552.339 -0.2165354 -922.2061 4542.92 19.4685 -922.2061 4542.92 -0.2165354 -1476.828 4517.086 19.4685 -1476.828 4517.086 -0.2165354 -2030.442 4474.857 19.4685 -2030.442 4474.857 -0.2165354 -2582.566 4416.272 19.4685 -2582.566 4416.272 -0.2165354 -3132.613 4341.396 19.4685 -2582.566 4416.272 -0.2165354 -3132.613 4341.396 -0.2165354 -2582.566 4416.272 19.4685 -3209.2 4328.779 19.4685 -3132.613 4341.396 -0.2165354 -3209.2 4328.779 -0.2165354 -3132.613 4341.396 19.4685 -3285.327 4314.165 19.4685 -3285.327 4314.165 -0.2165354 -3361.041 4297.549 19.4685 -3361.041 4297.549 -0.2165354 -3436.291 4278.941 19.4685 -3436.291 4278.941 -0.2165354 -3511.025 4258.355 19.4685 -3511.025 4258.355 -0.2165354 -3585.189 4235.804 19.4685 -3585.189 4235.804 -0.2165354 -3658.732 4211.306 19.4685 -3658.732 4211.306 -0.2165354 -3731.604 4184.876 19.4685 -3731.604 4184.876 -0.2165354 -3803.753 4156.533 19.4685 -3803.753 4156.533 -0.2165354 -3875.13 4126.296 -0.2165354 -3875.13 4126.296 19.4685 -3940.864 4096.381 19.4685 -3940.864 4096.381 -0.2165354 -3945.684 4094.188 -0.2165354 -3940.864 4096.381 19.4685 -3940.864 4096.381 -0.2165354 -3945.684 4094.188 19.4685 -4013.852 4060.968 19.4685 -4013.852 4060.968 -0.2165354 -4015.362 4060.22 19.4685 -4013.852 4060.968 -0.2165354 -4015.362 4060.22 -0.2165354 -4013.852 4060.968 19.4685 -4131.233 4001.849 -0.2165354 -4015.362 4060.22 19.4685 -4015.362 4060.22 -0.2165354 -4131.233 4001.849 19.4685 -4239.967 3931.195 -0.2165354 -4239.967 3931.195 19.4685 -4340.324 3849.075 -0.2165354 -4340.324 3849.075 19.4685 -4431.098 3756.474 -0.2165354 -4431.098 3756.474 19.4685 -4511.202 3654.501 -0.2165354 -4511.202 3654.501 19.4685 -4579.674 3544.38 -0.2165354 -4579.674 3544.38 19.4685 -4635.694 3427.432 -0.2165354 -4635.694 3427.432 19.4685 -4678.589 3305.06 -0.2165354 -4678.589 3305.06 19.4685 -4707.845 3178.73 -0.2165354 -4707.845 3178.73 19.4685 -4723.112 3049.959 -0.2165354 -4723.112 3049.959 19.4685 -4724.205 2920.291 -0.2165354 -4724.205 2920.291 19.4685 -4711.112 2791.28 -0.2165354 -4711.112 2791.28 19.4685 -4711.112 2791.28 19.4685 -4694.757 2714.425 -0.2165354 -4694.757 2714.425 19.4685 -4711.112 2791.28 -0.2165354 -4694.757 2714.425 19.4685 -4693.353 2635.666 -0.2165354 -4693.353 2635.666 19.4685 -4694.757 2714.425 -0.2165354 -4706.993 2558.086 -0.2165354 -4706.993 2558.086 19.4685 -4735.175 2484.529 -0.2165354 -4735.175 2484.529 19.4685 -4776.866 2417.696 -0.2165354 -4776.866 2417.696 19.4685 -4830.536 2360.039 -0.2165354 -4830.536 2360.039 19.4685 -4894.215 2313.673 -0.2165354 -4894.215 2313.673 19.4685 -4965.567 2280.3 19.4685 -4965.567 2280.3 -0.2165354 -5041.973 2261.145 19.4685 -5041.973 2261.145 -0.2165354 -5120.506 2256.917 19.4685 -5120.506 2256.917 -0.2165354 -5120.629 2256.916 -0.2165354 -5120.506 2256.917 19.4685 -5120.506 2256.917 -0.2165354 -5120.629 2256.916 19.4685 -6615.472 2319.947 19.4685 -5120.629 2256.916 -0.2165354 -6615.472 2319.947 -0.2165354 -5120.629 2256.916 19.4685 -6779.293 2300.172 19.4685 -6615.472 2319.947 -0.2165354 -6779.293 2300.172 -0.2165354 -6615.472 2319.947 19.4685 -6946.14 2266.219 19.4685 -6946.14 2266.219 -0.2165354 -7109.711 2218.939 19.4685 -7109.711 2218.939 -0.2165354 -7268.942 2158.64 19.4685 -7268.942 2158.64 -0.2165354 -7422.8 2085.712 -0.2165354 -7422.8 2085.712 19.4685 -7570.285 2000.631 -0.2165354 -7570.285 2000.631 19.4685 -7710.439 1903.947 -0.2165354 -7710.439 1903.947 19.4685 -7842.352 1796.29 -0.2165354 -7710.439 1903.947 19.4685 -7710.439 1903.947 -0.2165354 -7842.352 1796.29 19.4685 -7965.165 1678.36 -0.2165354 -7842.352 1796.29 19.4685 -7842.352 1796.29 -0.2165354 -7965.165 1678.36 19.4685 -8078.082 1550.921 -0.2165354 -8078.082 1550.921 19.4685 -8180.367 1414.803 -0.2165354 -8180.367 1414.803 19.4685 -8224.105 1345.628 -0.2165354 -8224.105 1345.628 19.4685 -8224.105 1345.628 19.4685 -8224.14 1345.573 -0.2165354 -8224.14 1345.573 19.4685 -8224.105 1345.628 -0.2165354 -8224.14 1345.573 19.4685 -8229.238 1338.356 -0.2165354 -8229.238 1338.356 19.4685 -8224.14 1345.573 -0.2165354 -8236.806 1327.115 -0.2165354 -8236.806 1327.115 19.4685 -8244.122 1315.708 -0.2165354 -8244.122 1315.708 19.4685 -8251.182 1304.141 -0.2165354 -8251.182 1304.141 19.4685 -8257.982 1292.42 -0.2165354 -8257.982 1292.42 19.4685 -8259.554 1289.566 -0.2165354 -8259.554 1289.566 19.4685 -8259.554 1289.566 19.4685 -8261.433 1286.153 -0.2165354 -8261.433 1286.153 19.4685 -8259.554 1289.566 -0.2165354 -8261.433 1286.153 19.4685 -8264.519 1280.55 -0.2165354 -8264.519 1280.55 19.4685 -8261.433 1286.153 -0.2165354 -8270.791 1268.537 -0.2165354 -8270.791 1268.537 19.4685 -8276.792 1256.388 -0.2165354 -8276.792 1256.388 19.4685 -8282.523 1244.108 -0.2165354 -8282.523 1244.108 19.4685 -8287.978 1231.703 -0.2165354 -8287.978 1231.703 19.4685 -8293.156 1219.18 -0.2165354 -8293.156 1219.18 19.4685 -8297.536 1207.878 -0.2165354 -8297.536 1207.878 19.4685 -8297.536 1207.878 19.4685 -8298.773 1204.574 -0.2165354 -8298.773 1204.574 19.4685 -8297.536 1207.878 -0.2165354 -8298.773 1204.574 19.4685 -8304.126 1190.057 -0.2165354 -8304.126 1190.057 19.4685 -8298.773 1204.574 -0.2165354 -8310.031 1173.508 -0.2165354 -8310.031 1173.508 19.4685 -8315.759 1156.898 -0.2165354 -8315.759 1156.898 19.4685 -8321.31 1140.227 -0.2165354 -8321.31 1140.227 19.4685 -8326.685 1123.498 -0.2165354 -8326.685 1123.498 19.4685 -8331.88 1106.714 -0.2165354 -8331.88 1106.714 19.4685 -8336.9 1089.875 -0.2165354 -8336.9 1089.875 19.4685 -8341.739 1072.984 -0.2165354 -8341.739 1072.984 19.4685 -8343.911 1065.087 -0.2165354 -8343.911 1065.087 19.4685 -8343.911 1065.087 19.4685 -8343.968 1064.923 -0.2165354 -8343.968 1064.923 19.4685 -8343.911 1065.087 -0.2165354 -8343.968 1064.923 19.4685 -8346.488 1059.015 -0.2165354 -8346.488 1059.015 19.4685 -8343.968 1064.923 -0.2165354 -8352.055 1046.923 -0.2165354 -8352.055 1046.923 19.4685 -8357.964 1034.994 -0.2165354 -8357.964 1034.994 19.4685 -8364.208 1023.238 -0.2165354 -8364.208 1023.238 19.4685 -8370.786 1011.663 -0.2165354 -8370.786 1011.663 19.4685 -8377.688 1000.28 -0.2165354 -8377.688 1000.28 19.4685 -8384.911 989.0979 -0.2165354 -8384.911 989.0979 19.4685 -8392.448 978.1251 -0.2165354 -8392.448 978.1251 19.4685 -8400.293 967.3706 -0.2165354 -8400.293 967.3706 19.4685 -8408.442 956.8433 -0.2165354 -8408.442 956.8433 19.4685 -8416.886 946.5515 -0.2165354 -8416.886 946.5515 19.4685 -8426.802 935.1416 -0.2165354 -8426.802 935.1416 19.4685 -8426.802 935.1416 19.4685 -8429.13 932.3843 -0.2165354 -8429.13 932.3843 19.4685 -8426.802 935.1416 -0.2165354 -8429.13 932.3843 19.4685 -8429.169 932.3406 -0.2165354 -8429.169 932.3406 19.4685 -8429.13 932.3843 -0.2165354 -8429.169 932.3406 19.4685 -9509.908 -235.5129 -0.2165354 -9509.908 -235.5129 19.4685 -8429.169 932.3406 -0.2165354 -9509.908 -235.5129 19.4685 -9509.916 -235.522 -0.2165354 -9509.916 -235.522 19.4685 -9509.908 -235.5129 -0.2165354 -9509.916 -235.522 19.4685 -9535.895 -262.5168 -0.2165354 -9535.895 -262.5168 19.4685 -9509.916 -235.522 -0.2165354 -9564.06 -287.3029 -0.2165354 -9564.06 -287.3029 19.4685 -9594.18 -309.6715 19.4685 -9594.18 -309.6715 -0.2165354 -9626.05 -329.4689 19.4685 -9626.05 -329.4689 -0.2165354 -9659.45 -346.5592 19.4685 -9659.45 -346.5592 -0.2165354 -9694.15 -360.825 19.4685 -9694.15 -360.825 -0.2165354 -9729.913 -372.1682 19.4685 -9729.913 -372.1682 -0.2165354 -9766.492 -380.5109 19.4685 -9766.492 -380.5109 -0.2165354 -9803.636 -385.7958 19.4685 -9803.636 -385.7958 -0.2165354 -9841.09 -387.9867 19.4685 -9841.09 -387.9867 -0.2165354 -9878.598 -387.0685 19.4685 -9878.598 -387.0685 -0.2165354 -9915.847 -383.0531 19.4685 -9915.847 -383.0531 -0.2165354 -9915.96 -383.0408 19.4685 -9915.847 -383.0531 -0.2165354 -9915.96 -383.0408 -0.2165354 -9915.847 -383.0531 19.4685 -9958.504 -370.554 19.4685 -9915.96 -383.0408 -0.2165354 -9958.504 -370.554 -0.2165354 -9915.96 -383.0408 19.4685 -10259.68 -264.8011 19.4685 -9958.504 -370.554 -0.2165354 -10259.68 -264.8011 -0.2165354 -9958.504 -370.554 19.4685 -10286.15 -255.5088 -0.2165354 -10259.68 -264.8011 19.4685 -10259.68 -264.8011 -0.2165354 -10286.15 -255.5088 19.4685 -10320.84 -247.7414 19.4685 -10320.84 -247.7414 -0.2165354 -10356.22 -244.0941 19.4685 -10356.22 -244.0941 -0.2165354 -10391.77 -244.6171 19.4685 -10391.77 -244.6171 -0.2165354 -10427.02 -249.3032 19.4685 -10427.02 -249.3032 -0.2165354 -10461.47 -258.0879 19.4685 -10461.47 -258.0879 -0.2165354 -10494.66 -270.85 19.4685 -10494.66 -270.85 -0.2165354 -10526.13 -287.4137 19.4685 -10526.13 -287.4137 -0.2165354 -10555.43 -307.5507 19.4685 -10555.43 -307.5507 -0.2165354 -10582.18 -330.9835 19.4685 -10582.18 -330.9835 -0.2165354 -10605.99 -357.3892 -0.2165354 -10605.99 -357.3892 19.4685 -10622.2 -380.2601 -0.2165354 -10622.2 -380.2601 19.4685 -10622.2 -380.2601 19.4685 -10626.37 -386.5365 -0.2165354 -10626.37 -386.5365 19.4685 -10622.2 -380.2601 -0.2165354 -10626.37 -386.5365 19.4685 -11151.89 -1229.155 -0.2165354 -11151.89 -1229.155 19.4685 -10626.37 -386.5365 -0.2165354 -11151.89 -1229.155 19.4685 -11196.55 -1300.758 -0.2165354 -11196.55 -1300.758 19.4685 -11151.89 -1229.155 -0.2165354 -11196.55 -1300.758 19.4685 -11677.41 -2071.764 -0.2165354 -11677.41 -2071.764 19.4685 -11196.55 -1300.758 -0.2165354 -11677.41 -2071.764 19.4685 -11705.55 -2121.822 -0.2165354 -11705.55 -2121.822 19.4685 -11677.41 -2071.764 -0.2165354 -11731.81 -2171.425 -0.2165354 -11731.81 -2171.425 19.4685 -11756.81 -2221.674 -0.2165354 -11756.81 -2221.674 19.4685 -11780.53 -2272.538 -0.2165354 -11780.53 -2272.538 19.4685 -11802.97 -2323.983 -0.2165354 -11802.97 -2323.983 19.4685 -11824.1 -2375.978 -0.2165354 -11824.1 -2375.978 19.4685 -11843.92 -2428.489 -0.2165354 -11843.92 -2428.489 19.4685 -11862.4 -2481.483 -0.2165354 -11862.4 -2481.483 19.4685 -11878.66 -2532.179 -0.2165354 -11878.66 -2532.179 19.4685 -11878.66 -2532.179 19.4685 -11879.54 -2534.926 -0.2165354 -11879.54 -2534.926 19.4685 -11878.66 -2532.179 -0.2165354 -11879.54 -2534.926 19.4685 -11895.33 -2588.784 -0.2165354 -11895.33 -2588.784 19.4685 -11879.54 -2534.926 -0.2165354 -11909.76 -2643.023 -0.2165354 -11909.76 -2643.023 19.4685 -11922.63 -2696.826 -0.2165354 -11922.63 -2696.826 19.4685 -11922.63 -2696.826 19.4685 -12187.82 -3870.866 -0.2165354 -12187.82 -3870.866 19.4685 -11922.63 -2696.826 -0.2165354 -12187.82 -3870.866 19.4685 -12192.2 -3890.245 -0.2165354 -12192.2 -3890.245 19.4685 -12187.82 -3870.866 -0.2165354 -12192.2 -3890.245 19.4685 -12199.15 -3918.659 -0.2165354 -12199.15 -3918.659 19.4685 -12192.2 -3890.245 -0.2165354 -12204.76 -3947.327 -0.2165354 -12204.76 -3947.327 19.4685 -12209.01 -3976.226 -0.2165354 -12209.01 -3976.226 19.4685 -12211.9 -4005.294 -0.2165354 -12211.9 -4005.294 19.4685 -12213.42 -4034.465 -0.2165354 -12213.42 -4034.465 19.4685 -12213.57 -4063.675 -0.2165354 -12213.57 -4063.675 19.4685 -12212.35 -4092.86 -0.2165354 -12212.35 -4092.86 19.4685 -12209.75 -4121.955 -0.2165354 -12209.75 -4121.955 19.4685 -12205.8 -4150.897 -0.2165354 -12205.8 -4150.897 19.4685 -12200.48 -4179.62 -0.2165354 -12200.48 -4179.62 19.4685 -12193.83 -4208.063 -0.2165354 -12193.83 -4208.063 19.4685 -12185.86 -4236.113 -0.2165354 -12185.86 -4236.113 19.4685 -12185.86 -4236.113 19.4685 -12169.93 -4273.704 -0.2165354 -12169.93 -4273.704 19.4685 -12185.86 -4236.113 -0.2165354 -12169.96 -4273.669 -0.2165354 -12169.93 -4273.704 19.4685 -12169.93 -4273.704 -0.2165354 -12169.96 -4273.669 19.4685 -12169.96 -4273.669 19.4685 -12150.7 -4319.134 -0.2165354 -12150.7 -4319.134 19.4685 -12169.96 -4273.669 -0.2165354 -12099.72 -4393.438 -0.2165354 -12099.72 -4393.438 19.4685 -12034.95 -4456.092 -0.2165354 -12034.95 -4456.092 19.4685 -11959 -4504.583 -0.2165354 -11959 -4504.583 19.4685 -11874.91 -4536.964 -0.2165354 -11874.91 -4536.964 19.4685 -11786.05 -4551.937 -0.2165354 -11786.05 -4551.937 19.4685 -11696 -4548.901 -0.2165354 -11696 -4548.901 19.4685 -11616.28 -4529.87 -0.2165354 -11616.28 -4529.87 19.4685 -11616.23 -4529.856 -0.2165354 -11616.28 -4529.87 19.4685 -11616.28 -4529.87 -0.2165354 -11616.23 -4529.856 19.4685 -11607.99 -4527.252 19.4685 -11616.23 -4529.856 -0.2165354 -11607.99 -4527.252 -0.2165354 -11616.23 -4529.856 19.4685 -11601.14 -4524.626 19.4685 -11601.14 -4524.626 -0.2165354 -11526.63 -4490.006 -0.2165354 -11601.14 -4524.626 19.4685 -11601.14 -4524.626 -0.2165354 -11526.63 -4490.006 19.4685 -11454.12 -4436.511 -0.2165354 -11454.12 -4436.511 19.4685 -11393.72 -4369.638 -0.2165354 -11393.72 -4369.638 19.4685 -11347.9 -4292.133 -0.2165354 -11347.9 -4292.133 19.4685 -11347.86 -4292.069 -0.2165354 -11347.9 -4292.133 19.4685 -11347.9 -4292.133 -0.2165354 -11347.86 -4292.069 19.4685 -11306.87 -4207.033 -0.2165354 -11347.86 -4292.069 19.4685 -11347.86 -4292.069 -0.2165354 -11306.87 -4207.033 19.4685 -11269.53 -4101.876 -0.2165354 -11306.87 -4207.033 19.4685 -11306.87 -4207.033 -0.2165354 -11269.53 -4101.876 19.4685 -11204.38 -3918.365 -0.2165354 -11269.53 -4101.876 19.4685 -11269.53 -4101.876 -0.2165354 -11204.38 -3918.365 19.4685 -11199.25 -3903.929 -0.2165354 -11204.38 -3918.365 19.4685 -11204.38 -3918.365 -0.2165354 -11199.25 -3903.929 19.4685 -11192.52 -3890.087 -0.2165354 -11192.52 -3890.087 19.4685 -11184.3 -3877.076 -0.2165354 -11184.3 -3877.076 19.4685 -11174.69 -3865.057 -0.2165354 -11174.69 -3865.057 19.4685 -11163.8 -3854.178 19.4685 -11163.8 -3854.178 -0.2165354 -11151.78 -3844.575 19.4685 -11151.78 -3844.575 -0.2165354 -11138.76 -3836.365 19.4685 -11138.76 -3836.365 -0.2165354 -11124.91 -3829.65 19.4685 -11124.91 -3829.65 -0.2165354 -11110.4 -3824.512 19.4685 -11110.4 -3824.512 -0.2165354 -11095.41 -3821.015 19.4685 -11095.41 -3821.015 -0.2165354 -11080.13 -3819.203 19.4685 -11080.13 -3819.203 -0.2165354 -11064.78 -3819.098 19.4685 -11064.78 -3819.098 -0.2165354 -10961.13 -3824.15 -0.2165354 -11064.78 -3819.098 19.4685 -11064.78 -3819.098 -0.2165354 -10961.13 -3824.15 19.4685 -9700.41 -3885.609 -0.2165354 -10961.13 -3824.15 19.4685 -10961.13 -3824.15 -0.2165354 -9700.41 -3885.609 19.4685 -9561.064 -3892.401 -0.2165354 -9700.41 -3885.609 19.4685 -9700.41 -3885.609 -0.2165354 -9561.064 -3892.401 19.4685 -9421.595 -3894.865 -0.2165354 -9421.595 -3894.865 19.4685 -9282.116 -3892.997 -0.2165354 -9282.116 -3892.997 19.4685 -9170.662 -3888.041 -0.2165354 -9170.662 -3888.041 19.4685 -9142.763 -3886.8 19.4685 -9170.662 -3888.041 -0.2165354 -9142.763 -3886.8 -0.2165354 -9170.662 -3888.041 19.4685 -9003.668 -3876.28 -0.2165354 -9003.668 -3876.28 19.4685 -8864.969 -3861.446 -0.2165354 -8864.969 -3861.446 19.4685 -8726.796 -3842.314 19.4685 -8726.796 -3842.314 -0.2165354 -8589.284 -3818.901 -0.2165354 -8589.284 -3818.901 19.4685 -8452.565 -3791.231 19.4685 -8452.565 -3791.231 -0.2165354 -8316.77 -3759.329 -0.2165354 -8316.77 -3759.329 19.4685 -8182.032 -3723.227 19.4685 -8182.032 -3723.227 -0.2165354 -8048.47 -3682.957 19.4685 -8048.47 -3682.957 -0.2165354 -4547.107 -2567.673 19.4685 -8048.47 -3682.957 -0.2165354 -4547.107 -2567.673 -0.2165354 -8048.47 -3682.957 19.4685 -3080.195 -2072.259 19.4685 -4547.107 -2567.673 -0.2165354 -3080.195 -2072.259 -0.2165354 -4547.107 -2567.673 19.4685 -3037.198 -2057.738 19.4685 -3080.195 -2072.259 -0.2165354 -3037.198 -2057.738 -0.2165354 -3080.195 -2072.259 19.4685 -3025.304 -2055.64 19.4685 -3037.198 -2057.738 -0.2165354 -3025.304 -2055.64 -0.2165354 -3037.198 -2057.738 19.4685 -3025.133 -2055.61 -0.2165354 -3025.304 -2055.64 19.4685 -3025.304 -2055.64 -0.2165354 -3025.133 -2055.61 19.4685 -3011.792 -2053.257 19.4685 -3025.133 -2055.61 -0.2165354 -3011.792 -2053.257 -0.2165354 -3025.133 -2055.61 19.4685 -2986.065 -2051.702 19.4685 -2986.065 -2051.702 -0.2165354 -2960.328 -2053.09 19.4685 -2960.328 -2053.09 -0.2165354 -2934.917 -2057.403 19.4685 -2934.917 -2057.403 -0.2165354 -2910.163 -2064.584 -0.2165354 -2910.163 -2064.584 19.4685 -2886.39 -2074.54 19.4685 -2886.39 -2074.54 -0.2165354 -2863.906 -2087.14 19.4685 -2863.906 -2087.14 -0.2165354 -2860.155 -2089.846 19.4685 -2860.155 -2089.846 -0.2165354 -2843.004 -2102.222 19.4685 -2860.155 -2089.846 -0.2165354 -2843.004 -2102.222 -0.2165354 -2860.155 -2089.846 19.4685 -2823.958 -2119.588 19.4685 -2823.958 -2119.588 -0.2165354 -2807.016 -2139.011 -0.2165354 -2807.016 -2139.011 19.4685 -2792.398 -2160.239 -0.2165354 -2792.398 -2160.239 19.4685 -2786.347 -2171.617 -0.2165354 -2786.347 -2171.617 19.4685 -2786.347 -2171.617 19.4685 -2786.261 -2171.779 -0.2165354 -2786.261 -2171.779 19.4685 -2786.347 -2171.617 -0.2165354 -2786.261 -2171.779 19.4685 -2782.227 -2179.363 -0.2165354 -2782.227 -2179.363 19.4685 -2786.261 -2171.779 -0.2165354 -2782.227 -2179.363 19.4685 -2780.313 -2182.963 -0.2165354 -2780.313 -2182.963 19.4685 -2782.227 -2179.363 -0.2165354 -2780.313 -2182.963 19.4685 -2764.118 -2218.117 -0.2165354 -2764.118 -2218.117 19.4685 -2780.313 -2182.963 -0.2165354 -2764.118 -2218.117 19.4685 -2752.539 -2239.904 -0.2165354 -2752.539 -2239.904 19.4685 -2764.118 -2218.117 -0.2165354 -2744.279 -2251.922 -0.2165354 -2744.279 -2251.922 19.4685 -2744.279 -2251.922 19.4685 -2738.585 -2260.207 -0.2165354 -2738.585 -2260.207 19.4685 -2744.279 -2251.922 -0.2165354 -2722.418 -2278.796 -0.2165354 -2722.418 -2278.796 19.4685 -2704.247 -2295.433 19.4685 -2704.247 -2295.433 -0.2165354 -2684.308 -2309.901 -0.2165354 -2684.308 -2309.901 19.4685 -2675.674 -2314.776 19.4685 -2675.674 -2314.776 -0.2165354 -2675.661 -2314.783 19.4685 -2675.674 -2314.776 -0.2165354 -2675.661 -2314.783 -0.2165354 -2675.674 -2314.776 19.4685 -2674.631 -2315.365 19.4685 -2675.661 -2314.783 -0.2165354 -2674.631 -2315.365 -0.2165354 -2675.661 -2314.783 19.4685 -2673.098 -2316.231 19.4685 -2674.631 -2315.365 -0.2165354 -2673.098 -2316.231 -0.2165354 -2674.631 -2315.365 19.4685 -2668.498 -2318.828 19.4685 -2673.098 -2316.231 -0.2165354 -2668.498 -2318.828 -0.2165354 -2673.098 -2316.231 19.4685 -2662.855 -2322.015 19.4685 -2668.498 -2318.828 -0.2165354 -2662.855 -2322.015 -0.2165354 -2668.498 -2318.828 19.4685 -2640.168 -2331.618 19.4685 -2640.168 -2331.618 -0.2165354 -2616.538 -2338.586 19.4685 -2616.538 -2338.586 -0.2165354 -2592.27 -2342.83 19.4685 -2592.27 -2342.83 -0.2165354 -2567.678 -2344.294 19.4685 -2567.678 -2344.294 -0.2165354 -2544.753 -2343.051 19.4685 -2544.753 -2343.051 -0.2165354 -2518.716 -2338.833 19.4685 -2544.753 -2343.051 -0.2165354 -2518.716 -2338.833 -0.2165354 -2544.753 -2343.051 19.4685 4758.571 -20.79655 19.4685 -2518.716 -2338.833 -0.2165354 4758.571 -20.79655 -0.2165354 -2518.716 -2338.833 19.4685 5886.92 338.6148 19.4685 4758.571 -20.79655 -0.2165354 5886.92 338.6148 -0.2165354 4758.571 -20.79655 19.4685 -12209.75 -4121.955 -0.2165354 -12208.48 -4092.607 -0.2165354 -12205.8 -4150.897 -0.2165354 -12209.7 -4063.604 -0.2165354 -12205.91 -4121.521 -0.2165354 -12201.97 -4150.282 -0.2165354 -12200.48 -4179.62 -0.2165354 -12196.69 -4178.827 -0.2165354 -12193.83 -4208.063 -0.2165354 -12190.08 -4207.092 -0.2165354 -12185.86 -4236.113 -0.2165354 -12182.2 -4234.824 -0.2165354 -12169.93 -4273.704 -0.2165354 -12163.98 -4277.834 -0.2165354 -4723.112 3049.959 -0.2165354 -4719.243 3049.714 -0.2165354 -4720.333 2920.47 -0.2165354 -4707.845 3178.73 -0.2165354 -4704.027 3178.064 -0.2165354 -4678.589 3305.06 -0.2165354 -4674.866 3303.98 -0.2165354 -4635.694 3427.432 -0.2165354 -4632.111 3425.951 -0.2165354 -4579.674 3544.38 -0.2165354 -4576.275 3542.517 -0.2165354 -4511.202 3654.501 -0.2165354 -4508.027 3652.277 -0.2165354 -4431.098 3756.474 -0.2165354 -4428.185 3753.916 -0.2165354 -4340.324 3849.075 -0.2165354 -4337.708 3846.214 -0.2165354 -4239.967 3931.195 -0.2165354 -4237.681 3928.065 -0.2165354 -4131.233 4001.849 -0.2165354 -4129.302 3998.487 -0.2165354 -4015.362 4060.22 -0.2165354 -4013.62 4056.763 -0.2165354 -4013.852 4060.968 -0.2165354 -3945.684 4094.188 -0.2165354 -4012.156 4057.488 -0.2165354 -3944.034 4090.686 -0.2165354 -3940.864 4096.381 -0.2165354 -3919.188 4101.993 -0.2165354 -3875.13 4126.296 -0.2165354 -3873.573 4122.752 -0.2165354 -3803.753 4156.533 -0.2165354 -3802.291 4152.949 -0.2165354 -3731.604 4184.876 -0.2165354 -3730.236 4181.254 -0.2165354 -3658.732 4211.306 -0.2165354 -3657.461 4207.65 -0.2165354 -3585.189 4235.804 -0.2165354 -3584.014 4232.116 -0.2165354 -3511.025 4258.355 -0.2165354 -3509.948 4254.637 -0.2165354 -3436.291 4278.941 -0.2165354 -3435.313 4275.196 -0.2165354 -3361.041 4297.549 -0.2165354 -3360.162 4293.779 -0.2165354 -3285.327 4314.165 -0.2165354 -3284.547 4310.374 -0.2165354 -3209.2 4328.779 -0.2165354 -3208.52 4324.968 -0.2165354 -3132.613 4341.396 -0.2165354 -3132.037 4337.568 -0.2165354 -2582.566 4416.272 -0.2165354 -2582.1 4412.43 -0.2165354 -2030.442 4474.857 -0.2165354 -2030.091 4471.002 -0.2165354 -1476.828 4517.086 -0.2165354 -1476.59 4513.222 -0.2165354 -922.2061 4542.92 -0.2165354 -922.0832 4539.051 -0.2165354 -367.0632 4552.339 -0.2165354 -367.0548 4548.468 -0.2165354 188.1154 4545.333 -0.2165354 188.0093 4541.464 -0.2165354 742.6234 4518.045 -0.2165354 742.8439 4521.909 -0.2165354 1296.302 4478.231 -0.2165354 1296.637 4482.088 -0.2165354 1848.561 4422.058 -0.2165354 1849.01 4425.903 -0.2165354 2398.917 4349.575 -0.2165354 2399.479 4353.405 -0.2165354 2946.888 4260.845 -0.2165354 2947.563 4264.656 -0.2165354 3324.842 4188.112 -0.2165354 3325.574 4191.912 -0.2165354 3358.922 4181.553 -0.2165354 3359.654 4185.354 -0.2165354 3490.102 4156.309 -0.2165354 3490.903 4160.097 -0.2165354 3499.202 4154.207 -0.2165354 3500.143 4157.962 -0.2165354 3543.648 4142.192 -0.2165354 3544.844 4145.879 -0.2165354 3592.527 4123.609 -0.2165354 3594.082 4127.158 -0.2165354 3639.322 4100.271 -0.2165354 3641.222 4103.649 -0.2165354 3683.573 4072.408 -0.2165354 3685.798 4075.581 -0.2165354 3724.843 4040.295 -0.2165354 3727.371 4043.232 -0.2165354 3762.725 4004.249 -0.2165354 3765.533 4006.92 -0.2165354 3796.847 3964.624 -0.2165354 3799.906 3967.003 -0.2165354 3826.872 3921.811 -0.2165354 3830.151 3923.875 -0.2165354 3852.504 3876.232 -0.2165354 3855.972 3877.961 -0.2165354 3873.491 3828.336 -0.2165354 3877.113 3829.713 -0.2165354 3889.626 3778.595 -0.2165354 3893.367 3779.607 -0.2165354 3899.325 3734.042 -0.2165354 3903.103 3734.882 -0.2165354 3899.33 3734.02 -0.2165354 3910.549 3684.564 -0.2165354 3903.104 3734.876 -0.2165354 3914.273 3685.64 -0.2165354 3925.227 3643.044 -0.2165354 3928.801 3644.548 -0.2165354 3944.641 3603.518 -0.2165354 3948.016 3605.427 -0.2165354 3968.528 3566.522 -0.2165354 3971.657 3568.811 -0.2165354 3996.561 3532.559 -0.2165354 3999.402 3535.198 -0.2165354 4028.359 3502.094 -0.2165354 4030.873 3505.045 -0.2165354 4063.49 3475.539 -0.2165354 4065.643 3478.763 -0.2165354 4101.474 3453.258 -0.2165354 4103.237 3456.711 -0.2165354 4135.389 3438.365 -0.2165354 4136.945 3441.909 -0.2165354 4135.91 3438.136 -0.2165354 4137.075 3441.852 -0.2165354 4276.026 3410.609 -0.2165354 4276.772 3414.407 -0.2165354 4673.926 3332.438 -0.2165354 4674.608 3336.248 -0.2165354 4709.404 3326.703 -0.2165354 4710.075 3330.515 -0.2165354 5027.523 3266.156 -0.2165354 5028.187 3269.969 -0.2165354 5508.498 3190.181 -0.2165354 5509.042 3194.014 -0.2165354 5732.162 3162.02 -0.2165354 5992.045 3133.2 -0.2165354 5736.002 3161.537 -0.2165354 5991.622 3129.352 -0.2165354 6476.418 3083.727 -0.2165354 6476.72 3087.586 -0.2165354 6962.408 3053.352 -0.2165354 6962.588 3057.219 -0.2165354 7449.112 3038.257 -0.2165354 7449.171 3042.127 -0.2165354 7936.05 3038.456 -0.2165354 7935.988 3042.326 -0.2165354 8422.559 3057.816 -0.2165354 8422.743 3053.95 -0.2165354 8908.402 3088.582 -0.2165354 8908.708 3084.723 -0.2165354 9393.04 3134.592 -0.2165354 9393.466 3130.745 -0.2165354 9876.661 3195.887 -0.2165354 9877.188 3192.052 -0.2165354 9935.496 3204.595 -0.2165354 9936.082 3200.769 -0.2165354 9994.902 3214.016 -0.2165354 9995.528 3210.197 -0.2165354 10054.21 3224.051 -0.2165354 10054.87 3220.238 -0.2165354 10113.41 3234.698 -0.2165354 10114.11 3230.892 -0.2165354 10172.49 3245.956 -0.2165354 10173.24 3242.158 -0.2165354 10231.46 3257.824 -0.2165354 10232.24 3254.034 -0.2165354 10290.3 3270.301 -0.2165354 10291.12 3266.519 -0.2165354 10349.01 3283.386 -0.2165354 10349.87 3279.613 -0.2165354 10407.58 3297.076 -0.2165354 10408.48 3293.312 -0.2165354 10466 3311.372 -0.2165354 10466.94 3307.617 -0.2165354 10524.28 3326.27 -0.2165354 10525.26 3322.525 -0.2165354 10580.09 3341.154 -0.2165354 10581.17 3337.438 -0.2165354 11873.52 3753.148 -0.2165354 11874.64 3749.444 -0.2165354 11886.29 3756.834 -0.2165354 11887.26 3753.086 -0.2165354 11899.23 3759.81 -0.2165354 11899.99 3756.014 -0.2165354 11912.31 3762.072 -0.2165354 11912.87 3758.24 -0.2165354 11925.5 3763.613 -0.2165354 11925.85 3759.756 -0.2165354 11938.75 3764.428 -0.2165354 11938.89 3760.559 -0.2165354 11952.03 3764.516 -0.2165354 11951.95 3760.645 -0.2165354 11965 3760.014 -0.2165354 11965.29 3763.875 -0.2165354 11978 3758.669 -0.2165354 11978.5 3762.508 -0.2165354 11990.9 3756.613 -0.2165354 11991.61 3760.418 -0.2165354 12003.67 3753.852 -0.2165354 12004.59 3757.613 -0.2165354 12016.27 3750.395 -0.2165354 12017.4 3754.1 -0.2165354 12028.39 3746.345 -0.2165354 12029.92 3749.913 -0.2165354 12053.74 3732.823 -0.2165354 12055.72 3736.155 -0.2165354 12077.94 3716.946 -0.2165354 12080.21 3720.086 -0.2165354 12100.59 3698.939 -0.2165354 12103.14 3701.86 -0.2165354 12121.51 3678.951 -0.2165354 12124.31 3681.628 -0.2165354 12140.54 3657.146 -0.2165354 12143.57 3659.557 -0.2165354 12157.5 3633.704 -0.2165354 12160.74 3635.83 -0.2165354 12172.27 3608.819 -0.2165354 12175.69 3610.643 -0.2165354 12184.72 3582.696 -0.2165354 12188.29 3584.202 -0.2165354 12194.73 3555.601 -0.2165354 12198.43 3556.74 -0.2165354 12204.86 3514.636 -0.2165354 12208.68 3515.319 -0.2165354 12209.53 3472.749 -0.2165354 12213.41 3472.924 -0.2165354 12212.53 3430.276 -0.2165354 -12150.7 -4319.134 -0.2165354 -12169.96 -4273.669 -0.2165354 -12147.37 -4317.097 -0.2165354 -12099.72 -4393.438 -0.2165354 -12096.86 -4390.787 -0.2165354 -12034.95 -4456.092 -0.2165354 -12032.67 -4452.93 -0.2165354 -11959 -4504.583 -0.2165354 -11957.39 -4501.033 -0.2165354 -11874.91 -4536.964 -0.2165354 -11874.02 -4533.166 -0.2165354 -11786.05 -4551.937 -0.2165354 -11785.93 -4548.039 -0.2165354 -11696 -4548.901 -0.2165354 -11696.64 -4545.055 -0.2165354 -11609.74 -4524.334 -0.2165354 -11616.28 -4529.87 -0.2165354 -11616.23 -4529.856 -0.2165354 -11607.99 -4527.252 -0.2165354 -11528.71 -4486.708 -0.2165354 -11601.14 -4524.626 -0.2165354 -11526.63 -4490.006 -0.2165354 -11456.8 -4433.686 -0.2165354 -11454.12 -4436.511 -0.2165354 -11396.91 -4367.396 -0.2165354 -11393.72 -4369.638 -0.2165354 -11351.43 -4290.498 -0.2165354 -11347.9 -4292.133 -0.2165354 -11351.28 -4290.24 -0.2165354 -11310.45 -4205.54 -0.2165354 -11347.86 -4292.069 -0.2165354 -11306.87 -4207.033 -0.2165354 -11208.02 -3917.07 -0.2165354 -11269.53 -4101.876 -0.2165354 -11204.38 -3918.365 -0.2165354 -11202.83 -3902.431 -0.2165354 -11199.25 -3903.929 -0.2165354 -11195.91 -3888.201 -0.2165354 -11192.52 -3890.087 -0.2165354 -11187.46 -3874.826 -0.2165354 -11184.3 -3877.076 -0.2165354 -11177.58 -3862.471 -0.2165354 -11174.69 -3865.057 -0.2165354 -11166.39 -3851.288 -0.2165354 -11163.8 -3854.178 -0.2165354 -11154.02 -3841.416 -0.2165354 -11151.78 -3844.575 -0.2165354 -11140.64 -3832.976 -0.2165354 -11138.76 -3836.365 -0.2165354 -11126.41 -3826.073 -0.2165354 -11124.91 -3829.65 -0.2165354 -11111.49 -3820.792 -0.2165354 -11110.4 -3824.512 -0.2165354 -11096.08 -3817.197 -0.2165354 -11095.41 -3821.015 -0.2165354 -11080.37 -3815.334 -0.2165354 -11080.13 -3819.203 -0.2165354 -11064.7 -3815.227 -0.2165354 -11064.78 -3819.098 -0.2165354 -10961.13 -3824.15 -0.2165354 -9700.22 -3881.743 -0.2165354 -9700.41 -3885.609 -0.2165354 -9561.064 -3892.401 -0.2165354 -9560.936 -3888.533 -0.2165354 -9421.595 -3894.865 -0.2165354 -9421.587 -3890.994 -0.2165354 -9282.116 -3892.997 -0.2165354 -9282.228 -3889.128 -0.2165354 -9170.833 -3884.174 -0.2165354 -9170.662 -3888.041 -0.2165354 -9142.995 -3882.936 -0.2165354 -9142.763 -3886.8 -0.2165354 -9004.02 -3872.425 -0.2165354 -9003.668 -3876.28 -0.2165354 -8865.44 -3857.604 -0.2165354 -8864.969 -3861.446 -0.2165354 -8727.387 -3838.488 -0.2165354 -8726.796 -3842.314 -0.2165354 -8589.993 -3815.096 -0.2165354 -8589.284 -3818.901 -0.2165354 -8453.392 -3787.449 -0.2165354 -8452.565 -3791.231 -0.2165354 -8317.715 -3755.575 -0.2165354 -8316.77 -3759.329 -0.2165354 -8183.091 -3719.504 -0.2165354 -8182.032 -3723.227 -0.2165354 -8049.616 -3679.26 -0.2165354 -8048.47 -3682.957 -0.2165354 -4548.314 -2563.995 -0.2165354 -4547.107 -2567.673 -0.2165354 -3038.159 -2053.977 -0.2165354 -3080.195 -2072.259 -0.2165354 -3037.198 -2057.738 -0.2165354 -3026.489 -2051.919 -0.2165354 -3025.304 -2055.64 -0.2165354 -3025.805 -2051.798 -0.2165354 -3012.247 -2049.407 -0.2165354 -3025.133 -2055.61 -0.2165354 -3011.792 -2053.257 -0.2165354 -2986.078 -2047.825 -0.2165354 -2986.065 -2051.702 -0.2165354 -2959.899 -2049.237 -0.2165354 -2960.328 -2053.09 -0.2165354 -2934.917 -2057.403 -0.2165354 -2934.051 -2053.624 -0.2165354 -2910.163 -2064.584 -0.2165354 -2908.873 -2060.928 -0.2165354 -2886.39 -2074.54 -0.2165354 -2884.69 -2071.055 -0.2165354 -2863.906 -2087.14 -0.2165354 -2861.82 -2083.872 -0.2165354 -2860.155 -2089.846 -0.2165354 -2840.56 -2099.213 -0.2165354 -2843.004 -2102.222 -0.2165354 -2823.958 -2119.588 -0.2165354 -2821.187 -2116.877 -0.2165354 -2807.016 -2139.011 -0.2165354 -2803.954 -2136.634 -0.2165354 -2792.398 -2160.239 -0.2165354 -2789.085 -2158.226 -0.2165354 -2786.347 -2171.617 -0.2165354 -2782.93 -2169.8 -0.2165354 -2786.261 -2171.779 -0.2165354 -2782.227 -2179.363 -0.2165354 -2782.586 -2170.446 -0.2165354 -2778.81 -2177.546 -0.2165354 -2780.313 -2182.963 -0.2165354 -2764.118 -2218.117 -0.2165354 -2776.844 -2181.243 -0.2165354 -2760.649 -2216.398 -0.2165354 -2752.539 -2239.904 -0.2165354 -2749.225 -2237.893 -0.2165354 -2744.279 -2251.922 -0.2165354 -2741.089 -2249.73 -0.2165354 -2738.585 -2260.207 -0.2165354 -2735.52 -2257.833 -0.2165354 -2722.418 -2278.796 -0.2165354 -2719.642 -2276.09 -0.2165354 -2704.247 -2295.433 -0.2165354 -2701.796 -2292.429 -0.2165354 -2684.308 -2309.901 -0.2165354 -2682.213 -2306.639 -0.2165354 -2675.674 -2314.776 -0.2165354 -2673.771 -2311.406 -0.2165354 -2675.661 -2314.783 -0.2165354 -2674.631 -2315.365 -0.2165354 -2673.098 -2316.231 -0.2165354 -2673.721 -2311.434 -0.2165354 -2669.598 -2313.762 -0.2165354 -2668.498 -2318.828 -0.2165354 -2668.065 -2314.628 -0.2165354 -2662.855 -2322.015 -0.2165354 -2663.466 -2317.225 -0.2165354 -2661.144 -2318.536 -0.2165354 -2640.168 -2331.618 -0.2165354 -2638.862 -2327.968 -0.2165354 -2616.538 -2338.586 -0.2165354 -2615.654 -2334.811 -0.2165354 -2592.27 -2342.83 -0.2165354 -2591.82 -2338.979 -0.2165354 -2567.678 -2344.294 -0.2165354 -2567.667 -2340.417 -0.2165354 -2544.753 -2343.051 -0.2165354 -2543.507 -2339.107 -0.2165354 -2518.716 -2338.833 -0.2165354 -2519.362 -2335.017 -0.2165354 4757.396 -17.10864 -0.2165354 4758.571 -20.79655 -0.2165354 5836.766 326.7013 -0.2165354 5886.92 338.6148 -0.2165354 5843.518 328.8521 -0.2165354 5998.948 378.3608 -0.2165354 5891.797 340.1681 -0.2165354 6000.155 374.6831 -0.2165354 6073.731 403.6196 -0.2165354 6074.998 399.9623 -0.2165354 6148.115 430.0444 -0.2165354 6149.439 426.4073 -0.2165354 6222.077 457.6272 -0.2165354 6223.458 454.0113 -0.2165354 6295.599 486.3614 -0.2165354 6297.036 482.7674 -0.2165354 6368.664 516.2399 -0.2165354 6370.157 512.6688 -0.2165354 6441.254 547.2555 -0.2165354 6442.802 543.7082 -0.2165354 6513.35 579.4006 -0.2165354 6514.954 575.8779 -0.2165354 6584.937 612.6673 -0.2165354 6586.595 609.1701 -0.2165354 6655.994 647.0477 -0.2165354 6657.708 643.5767 -0.2165354 6726.506 682.5332 -0.2165354 6728.273 679.0894 -0.2165354 6796.457 719.1152 -0.2165354 6798.276 715.6994 -0.2165354 6865.861 756.8041 -0.2165354 6867.709 753.4027 -0.2165354 6865.949 756.8504 -0.2165354 6867.73 753.4143 -0.2165354 9062.315 1895.661 -0.2165354 9064.104 1892.228 -0.2165354 9063.249 1896.15 -0.2165354 9179.67 1957.633 -0.2165354 9065.05 1892.725 -0.2165354 9181.49 1954.217 -0.2165354 9295.666 2019.898 -0.2165354 9297.509 2016.494 -0.2165354 9411.239 2082.945 -0.2165354 9413.104 2079.554 -0.2165354 9526.382 2146.773 -0.2165354 9528.27 2143.394 -0.2165354 9641.092 2211.377 -0.2165354 9643.001 2208.011 -0.2165354 9755.362 2276.755 -0.2165354 9757.295 2273.402 -0.2165354 9869.187 2342.905 -0.2165354 9871.143 2339.565 -0.2165354 9982.562 2409.822 -0.2165354 9984.541 2406.496 -0.2165354 10095.48 2477.505 -0.2165354 10097.48 2474.192 -0.2165354 10207.94 2545.949 -0.2165354 10209.97 2542.65 -0.2165354 10319.94 2615.152 -0.2165354 10321.98 2611.866 -0.2165354 10431.48 2685.12 -0.2165354 10433.53 2681.841 -0.2165354 10431.55 2685.168 -0.2165354 10490.97 2720.975 -0.2165354 10433.55 2681.853 -0.2165354 10492.9 2717.618 -0.2165354 10551.95 2754.275 -0.2165354 10553.74 2750.839 -0.2165354 10614.3 2784.952 -0.2165354 10615.93 2781.443 -0.2165354 10677.89 2812.949 -0.2165354 10679.37 2809.373 -0.2165354 10742.62 2838.216 -0.2165354 10743.95 2834.581 -0.2165354 10808.36 2860.707 -0.2165354 10809.53 2857.019 -0.2165354 10875 2880.383 -0.2165354 10876.01 2876.647 -0.2165354 10942.41 2897.206 -0.2165354 10943.27 2893.431 -0.2165354 10961.53 2901.122 -0.2165354 11011.18 2907.338 -0.2165354 11010.48 2911.147 -0.2165354 11079.08 2922.18 -0.2165354 11079.61 2918.345 -0.2165354 11147.86 2930.259 -0.2165354 11148.4 2926.425 -0.2165354 11183.76 2936.169 -0.2165354 11184.42 2932.354 -0.2165354 11219.67 2942.566 -0.2165354 11220.37 2938.76 -0.2165354 11255.49 2949.434 -0.2165354 11256.24 2945.638 -0.2165354 11291.21 2956.773 -0.2165354 11292.01 2952.987 -0.2165354 11326.83 2964.581 -0.2165354 11327.69 2960.806 -0.2165354 11362.35 2972.857 -0.2165354 11363.26 2969.093 -0.2165354 11397.76 2981.599 -0.2165354 11398.71 2977.847 -0.2165354 11433.05 2990.806 -0.2165354 11434.05 2987.067 -0.2165354 11468.22 3000.476 -0.2165354 11469.27 2996.751 -0.2165354 11503.25 3010.607 -0.2165354 11504.35 3006.896 -0.2165354 11519.31 3015.481 -0.2165354 11520.42 3011.772 -0.2165354 11984.03 3151.96 -0.2165354 11985.27 3148.29 -0.2165354 12023.5 3167.101 -0.2165354 12025.13 3163.578 -0.2165354 12060.53 3187.226 -0.2165354 12062.61 3183.947 -0.2165354 12094.61 3212.036 -0.2165354 12097.09 3209.057 -0.2165354 12125.13 3241.1 -0.2165354 12127.98 3238.473 -0.2165354 12151.57 3273.917 -0.2165354 12154.75 3271.687 -0.2165354 12173.49 3309.92 -0.2165354 12176.93 3308.126 -0.2165354 12190.49 3348.487 -0.2165354 12194.13 3347.159 -0.2165354 12202.28 3388.95 -0.2165354 12206.07 3388.111 -0.2165354 12208.67 3430.61 -0.2165354 -4724.205 2920.291 -0.2165354 -4711.112 2791.28 -0.2165354 -4707.283 2791.88 -0.2165354 -4694.757 2714.425 -0.2165354 -4690.894 2714.866 -0.2165354 -4693.353 2635.666 -0.2165354 -12213.42 -4034.465 -0.2165354 -12212.35 -4092.86 -0.2165354 -12213.57 -4063.675 -0.2165354 -12211.9 -4005.294 -0.2165354 -12209.55 -4034.575 -0.2165354 -12209.01 -3976.226 -0.2165354 -12208.04 -4005.586 -0.2165354 -12204.76 -3947.327 -0.2165354 -12205.17 -3976.7 -0.2165354 -12200.94 -3947.98 -0.2165354 -12199.15 -3918.659 -0.2165354 -12195.37 -3919.491 -0.2165354 -12192.2 -3890.245 -0.2165354 -12188.43 -3891.132 -0.2165354 -12187.82 -3870.866 -0.2165354 -12184.66 -3874.429 -0.2165354 -11922.63 -2696.826 -0.2165354 -12184.05 -3871.719 -0.2165354 -12183.44 -3869.009 -0.2165354 -11918.86 -2697.702 -0.2165354 -11909.76 -2643.023 -0.2165354 -11906.01 -2643.971 -0.2165354 -11895.33 -2588.784 -0.2165354 -11891.61 -2589.826 -0.2165354 -11879.54 -2534.926 -0.2165354 -11875.84 -2536.062 -0.2165354 -11878.66 -2532.179 -0.2165354 -11862.4 -2481.483 -0.2165354 -11871.24 -2521.693 -0.2165354 -11858.73 -2482.711 -0.2165354 -11843.92 -2428.489 -0.2165354 -11840.28 -2429.81 -0.2165354 -11824.1 -2375.978 -0.2165354 -11820.5 -2377.39 -0.2165354 -11802.97 -2323.983 -0.2165354 -11799.4 -2325.486 -0.2165354 -11780.53 -2272.538 -0.2165354 -11777.01 -2274.13 -0.2165354 -11756.81 -2221.674 -0.2165354 -11753.32 -2223.355 -0.2165354 -11731.81 -2171.425 -0.2165354 -11728.36 -2173.193 -0.2165354 -11705.55 -2121.822 -0.2165354 -11702.15 -2123.676 -0.2165354 -11677.41 -2071.764 -0.2165354 -11674.08 -2073.737 -0.2165354 -11196.55 -1300.758 -0.2165354 -11193.27 -1302.806 -0.2165354 -11151.89 -1229.155 -0.2165354 -11148.61 -1231.203 -0.2165354 -10626.37 -386.5365 -0.2165354 -10623.12 -388.633 -0.2165354 -10622.2 -380.2601 -0.2165354 -10619 -382.4512 -0.2165354 -10605.99 -357.3892 -0.2165354 -10602.97 -359.8123 -0.2165354 -10582.18 -330.9835 -0.2165354 -10579.46 -333.7447 -0.2165354 -10555.43 -307.5507 -0.2165354 -10553.05 -310.6119 -0.2165354 -10526.13 -287.4137 -0.2165354 -10524.12 -290.7326 -0.2165354 -10494.66 -270.85 -0.2165354 -10493.06 -274.3809 -0.2165354 -10461.47 -258.0879 -0.2165354 -10460.3 -261.7822 -0.2165354 -10427.02 -249.3032 -0.2165354 -10426.28 -253.11 -0.2165354 -10391.77 -244.6171 -0.2165354 -10391.49 -248.4838 -0.2165354 -10356.22 -244.0941 -0.2165354 -10356.39 -247.9675 -0.2165354 -10321.47 -251.5682 -0.2165354 -10320.84 -247.7414 -0.2165354 -10287.21 -259.2361 -0.2165354 -10286.15 -255.5088 -0.2165354 -10260.96 -268.453 -0.2165354 -10259.68 -264.8011 -0.2165354 -9959.69 -374.2394 -0.2165354 -9958.504 -370.554 -0.2165354 -9916.719 -386.8519 -0.2165354 -9915.96 -383.0408 -0.2165354 -9916.26 -386.9013 -0.2165354 -9878.853 -390.9338 -0.2165354 -9915.847 -383.0531 -0.2165354 -9878.598 -387.0685 -0.2165354 -9841.025 -391.86 -0.2165354 -9841.09 -387.9867 -0.2165354 -9803.636 -385.7958 -0.2165354 -9803.25 -389.6503 -0.2165354 -9766.492 -380.5109 -0.2165354 -9765.788 -384.3202 -0.2165354 -9729.913 -372.1682 -0.2165354 -9728.896 -375.906 -0.2165354 -9694.15 -360.825 -0.2165354 -9692.828 -364.4658 -0.2165354 -9659.45 -346.5592 -0.2165354 -9657.83 -350.0779 -0.2165354 -9626.05 -329.4689 -0.2165354 -9624.145 -332.8414 -0.2165354 -9594.18 -309.6715 -0.2165354 -9592.001 -312.8745 -0.2165354 -9564.06 -287.3029 -0.2165354 -9561.624 -290.3145 -0.2165354 -9535.895 -262.5168 -0.2165354 -9533.218 -265.3163 -0.2165354 -9509.916 -235.522 -0.2165354 -9507.128 -238.2059 -0.2165354 -9509.908 -235.5129 -0.2165354 -8429.169 932.3406 -0.2165354 -9507.093 -238.1695 -0.2165354 -8426.329 929.7118 -0.2165354 -8429.13 932.3843 -0.2165354 -8426.802 935.1416 -0.2165354 -8416.886 946.5515 -0.2165354 -8426.174 929.8866 -0.2165354 -8423.862 932.6232 -0.2165354 -8413.928 944.0541 -0.2165354 -8408.442 956.8433 -0.2165354 -8405.415 954.4308 -0.2165354 -8400.293 967.3706 -0.2165354 -8397.199 965.0451 -0.2165354 -8392.448 978.1251 -0.2165354 -8389.289 975.8883 -0.2165354 -8384.911 989.0979 -0.2165354 -8381.689 986.9518 -0.2165354 -8377.688 1000.28 -0.2165354 -8374.407 998.2266 -0.2165354 -8370.786 1011.663 -0.2165354 -8367.448 1009.704 -0.2165354 -8364.208 1023.238 -0.2165354 -8360.817 1021.373 -0.2165354 -8357.964 1034.994 -0.2165354 -8354.52 1033.227 -0.2165354 -8352.055 1046.923 -0.2165354 -8348.563 1045.254 -0.2165354 -8346.488 1059.015 -0.2165354 -8342.949 1057.446 -0.2165354 -8343.968 1064.923 -0.2165354 -8343.911 1065.087 -0.2165354 -8341.739 1072.984 -0.2165354 -8340.408 1063.405 -0.2165354 -8336.9 1089.875 -0.2165354 -8340.179 1064.061 -0.2165354 -8338.012 1071.938 -0.2165354 -8333.184 1088.789 -0.2165354 -8331.88 1106.714 -0.2165354 -8328.178 1105.589 -0.2165354 -8326.685 1123.498 -0.2165354 -8322.994 1122.334 -0.2165354 -8321.31 1140.227 -0.2165354 -8317.632 1139.024 -0.2165354 -8315.759 1156.898 -0.2165354 -8312.093 1155.655 -0.2165354 -8310.031 1173.508 -0.2165354 -8306.377 1172.227 -0.2165354 -8304.126 1190.057 -0.2165354 -8300.488 1188.737 -0.2165354 -8298.773 1204.574 -0.2165354 -8295.145 1203.226 -0.2165354 -8297.536 1207.878 -0.2165354 -8293.156 1219.18 -0.2165354 -8293.918 1206.5 -0.2165354 -8289.562 1217.741 -0.2165354 -8287.978 1231.703 -0.2165354 -8284.417 1230.185 -0.2165354 -8282.523 1244.108 -0.2165354 -8278.998 1242.51 -0.2165354 -8276.792 1256.388 -0.2165354 -8273.304 1254.712 -0.2165354 -8270.791 1268.537 -0.2165354 -8267.34 1266.784 -0.2165354 -8264.519 1280.55 -0.2165354 -8261.108 1278.72 -0.2165354 -8261.433 1286.153 -0.2165354 -8259.554 1289.566 -0.2165354 -8258.042 1284.286 -0.2165354 -8257.982 1292.42 -0.2165354 -8256.163 1287.699 -0.2165354 -8251.182 1304.141 -0.2165354 -8254.612 1290.515 -0.2165354 -8247.855 1302.161 -0.2165354 -8244.122 1315.708 -0.2165354 -8240.84 1313.655 -0.2165354 -8236.806 1327.115 -0.2165354 -8233.57 1324.989 -0.2165354 -8229.238 1338.356 -0.2165354 -8226.052 1336.158 -0.2165354 -8224.14 1345.573 -0.2165354 -8220.98 1343.341 -0.2165354 -8224.105 1345.628 -0.2165354 -8180.367 1414.803 -0.2165354 -8220.833 1343.56 -0.2165354 -8177.179 1412.602 -0.2165354 -8078.082 1550.921 -0.2165354 -8075.08 1548.471 -0.2165354 -7965.165 1678.36 -0.2165354 -7962.372 1675.676 -0.2165354 -7842.352 1796.29 -0.2165354 -7839.783 1793.391 -0.2165354 -7710.439 1903.947 -0.2165354 -7708.113 1900.85 -0.2165354 -7570.285 2000.631 -0.2165354 -7568.216 1997.356 -0.2165354 -7422.8 2085.712 -0.2165354 -7421.002 2082.282 -0.2165354 -7268.942 2158.64 -0.2165354 -7267.426 2155.076 -0.2165354 -7109.711 2218.939 -0.2165354 -7108.486 2215.265 -0.2165354 -6946.14 2266.219 -0.2165354 -6945.215 2262.458 -0.2165354 -6779.293 2300.172 -0.2165354 -6778.674 2296.348 -0.2165354 -6615.472 2319.947 -0.2165354 -6615.321 2316.067 -0.2165354 -5120.629 2256.916 -0.2165354 -5120.792 2253.049 -0.2165354 -5120.297 2253.052 -0.2165354 -5120.506 2256.917 -0.2165354 -5041.973 2261.145 -0.2165354 -5041.393 2257.3 -0.2165354 -4965.567 2280.3 -0.2165354 -4964.264 2276.636 -0.2165354 -4894.215 2313.673 -0.2165354 -4892.238 2310.325 -0.2165354 -4830.536 2360.039 -0.2165354 -4827.957 2357.129 -0.2165354 -4776.866 2417.696 -0.2165354 -4773.779 2415.331 -0.2165354 -4735.175 2484.529 -0.2165354 -4731.694 2482.797 -0.2165354 -4706.993 2558.086 -0.2165354 -4703.245 2557.049 -0.2165354 -4689.477 2635.363 -0.2165354</float_array>
          <technique_common>
            <accessor source="#ID62-mesh-positions-array" count="2548" stride="3">
              <param name="X" type="float"/>
              <param name="Y" type="float"/>
              <param name="Z" type="float"/>
            </accessor>
          </technique_common>
        </source>
        <source id="ID62-mesh-normals">
          <float_array id="ID62-mesh-normals-array" count="4632">3.05261e-6 0 1 -2.03527e-6 0 1 -1.01426e-6 0 1 1.8596e-6 0 1 0 0 1 -1.68477e-6 0 1 1.07868e-6 0 1 9.21992e-7 0 1 -2.45938e-4 0 1 2.05419e-4 0 1 -8.40393e-7 0 1 -1.05261e-6 0 1 5.63368e-7 0 1 5.62597e-7 0 1 5.6412e-7 0 1 -5.63124e-7 0 1 -5.48862e-7 0 1 -5.55457e-7 0 1 1.01724e-6 0 1 -5.29625e-7 0 1 -4.49117e-7 0 1 4.49311e-7 0 1 -2.21874e-7 0 1 0 0 1 0 0 1 -2.245e-7 0 1 0 0 1 2.83575e-7 0 1 3.95164e-7 0 1 0 0 1 0 0 1 1.13424e-6 0 1 0 0 1 0 0 1 -4.20326e-7 0 1 2.08389e-7 0 1 4.16739e-7 0 1 -4.1675e-7 0 1 -6.34518e-7 0 1 0.002517461 0 0.9999969 -6.34247e-7 0 1 1.03016e-6 0 1 -3.67671e-5 0 1 2.90752e-6 0 1 -5.87417e-7 0 1 5.92237e-7 0 1 1.18467e-6 0 1 -5.87516e-7 0 1 -1.18479e-6 0 1 5.87373e-7 0 1 -1.22746e-6 0 1 5.10308e-5 0 1 4.72811e-7 0 1 2.0356e-6 0 1 -1.01362e-6 0 1 8.97437e-7 0 1 -8.97724e-7 0 1 -8.99358e-7 0 1 -8.99591e-7 0 1 1.01911e-6 0 1 -1.02121e-6 0 1 1.16875e-6 0 1 5.85579e-7 0 1 6.20273e-7 0 1 -2.41902e-6 0 1 1.01156e-6 0 1 2.6598e-6 0 1 -1.16372e-6 0 1 5.85316e-7 0 1 -1.16322e-6 0 1 5.85711e-7 0 1 -2.89615e-6 0 1 -7.40697e-7 0 1 7.42421e-7 0 1 3.70507e-7 0 1 -3.71211e-7 0 1 0 0 1 7.63037e-7 0 1 -2.00177e-7 0 1 7.93381e-7 0 1 9.72914e-7 0 1 0 0 1 -1.2517e-7 0 1 -8.00755e-7 0 1 -1.82259e-5 0 1 -5.09888e-7 0 1 -6.64084e-7 0 1 0 0 1 0 0 1 -1.73951e-7 0 1 0 0 1 0 0 1 3.69302e-5 0 1 -8.78698e-7 0 1 1.0749e-4 0 1 -6.67678e-7 0 1 8.23582e-7 0 1 -1.69309e-6 0 1 1.02358e-6 0 1 -9.95857e-7 0 1 5.11959e-7 0 1 4.98628e-7 0 1 -5.12026e-7 0 1 -2.56114e-7 0 1 1.28124e-7 0 1 -2.51562e-7 0 1 0 0 1 0 0 1 0 0 1 0 0 1 0 0 1 -1.41449e-7 0 1 0 0 1 0 0 1 0 0 1 0 0 1 -2.26108e-7 0 1 -2.26239e-7 0 1 3.32702e-7 0 1 -1.63223e-7 0 1 -3.54566e-7 0 1 0 0 1 1.52958e-7 0 1 1.50366e-7 0 1 -3.05893e-7 0 1 -3.05917e-7 0 1 3.00715e-7 0 1 4.26074e-7 0 1 1.50376e-7 0 1 3.0079e-7 0 1 6.11881e-7 0 1 -1.50391e-7 0 1 -6.11833e-7 0 1 1.50382e-7 0 1 4.02499e-6 0 1 -2.45144e-7 0 1 -8.68393e-7 0 1 1.52807e-7 0 1 4.85892e-7 0 1 -2.74455e-7 0 1 7.84309e-7 0 1 -2.00464e-7 0 1 6.40054e-7 0 1 -4.07321e-7 0 1 6.40002e-7 0 1 -2.44377e-7 0 1 -6.40054e-7 0 1 -4.06647e-7 0 1 2.04442e-4 0 1 -5.59875e-7 0 1 -9.12746e-7 0 1 7.46349e-7 0 1 1.6293e-7 0 1 -3.20079e-7 0 1 1.62922e-7 0 1 0 0 1 -1.62947e-7 0 1 -2.66948e-7 0 1 2.64275e-7 0 1 2.49871e-6 0 1 -1.99629e-7 0 1 -3.99535e-7 0 1 3.99586e-7 0 1 3.99208e-7 0 1 3.99524e-7 0 1 -3.99371e-7 0 1 3.96574e-5 0 1 -2.0325e-5 0 1 4.07985e-7 0 1 -4.07857e-7 0 1 -1.4523e-5 0 1 4.79059e-7 0 1 -4.79089e-7 0 1 -4.79206e-7 0 1 -4.79118e-7 0 1 4.79177e-7 0 1 -4.78531e-7 0 1 1.66836e-4 0 1 4.53477e-7 0 1 -2.27531e-7 0 1 2.27081e-7 0 1 0 0 1 0 0 1 0 0 1 -2.16078e-7 0 1 0 0 1 -2.16245e-7 0 1 2.15791e-7 0 1 -2.15934e-7 0 1 -2.15863e-7 0 1 4.32346e-7 0 1 -2.34694e-7 0 1 3.72983e-7 0 1 -3.69141e-7 0 1 -7.4725e-7 0 1 3.69875e-7 0 1 -7.49041e-7 0 1 7.38212e-7 0 1 9.75918e-7 0 1 -9.76257e-7 0 1 9.75983e-7 0 1 -4.87976e-7 0 1 4.86033e-7 0 1 4.87064e-6 0 1 -4.16178e-7 0 1 -2.18348e-7 0 1 3.14614e-7 0 1 4.0741e-7 0 1 -4.06901e-7 0 1 4.06901e-7 0 1 2.03663e-7 0 1 -2.03408e-7 0 1 2.03748e-7 0 1 -2.03663e-7 0 1 0 0 1 0 0 1 0 0 1 0 0 1 0 0 1 0 0 1 0 0 1 0 0 1 0 0 1 0 0 1 0 0 1 0 0 1 0 0 1 0 0 1 0 0 1 1.71267e-7 0 1 0 0 1 -3.01594e-7 0 1 0 0 1 -6.03002e-7 0 1 3.74198e-7 0 1 -1.49701e-7 0 1 1.87099e-7 0 1 6.03189e-7 0 1 -1.49675e-7 0 1 -6.03096e-7 0 1 0 0 1 1.87117e-7 0 1 3.74234e-7 0 1 -4.30315e-7 0 1 -3.8761e-7 0 1 4.1285e-6 0 1 0 0 1 0 0 1 2.26114e-7 0 1 7.16152e-7 0 1 -4.52238e-7 0 1 7.16217e-7 0 1 -6.7827e-7 0 1 0 0 1 0 0 1 0 0 1 3.46644e-6 0 1 -2.20842e-7 0 1 0 0 1 0 0 1 0 0 1 0 0 1 0 0 1 0 0 1 -1.94741e-6 0 1 0 0 1 0 0 1 0 0 1 0 0 1 0 0 1 0 0 1 0 0 1 -1.32559e-7 0 1 1.32415e-7 0 1 1.31029e-7 0 1 -1.30959e-7 0 1 2.6227e-7 0 1 -1.30994e-7 0 1 1.30994e-7 0 1 -2.62235e-7 0 1 2.73012e-7 0 1 -2.72631e-7 0 1 3.01501e-7 0 1 -2.96782e-7 0 1 0 0 1 0 0 1 0 0 1 -1.88613e-7 0 1 2.96888e-7 0 1 -1.50937e-7 0 1 3.01734e-7 0 1 -2.96675e-7 0 1 1.34791e-7 0 1 -2.01766e-7 0 1 0 0 1 -2.69355e-7 0 1 -5.45451e-7 0 1 0 0 1 -2.01832e-7 0 1 -5.44767e-7 0 1 1.68228e-7 0 1 -2.35958e-7 0 1 -7.4836e-7 0 1 3.11647e-7 0 1 1.58606e-7 0 1 -7.99417e-7 0 1 1.68872e-6 0 1 -7.96253e-7 0 1 2.71574e-7 0 1 0 0 1 -7.85966e-7 0 1 7.72139e-7 0 1 -2.53389e-7 0 1 0.3033987 -0.9528637 0 0.3034884 -0.9528352 0 0.3035028 -0.9528306 0 0.3035028 -0.9528306 0 0.3273875 -0.9448902 0 0.3200032 -0.9474166 0 0.3273873 -0.9448903 0 0.3200032 -0.9474165 0 0.3420957 -0.9396652 0 0.3420959 -0.9396651 0 0.3567313 -0.934207 0 0.3567316 -0.934207 0 0.3712695 -0.9285252 0 0.3712692 -0.9285253 0 0.3857209 -0.9226157 0 0.3857207 -0.9226155 0 0.4000778 -0.9164811 0 0.414336 -0.9101241 0 0.4143357 -0.9101241 0 0.4284914 -0.9035459 0 0.4284914 -0.9035459 0 0.442552 -0.8967429 0 0.4425519 -0.896743 0 0.4564952 -0.889726 0 0.4564955 -0.8897258 0 0.470327 -0.8824923 0 0.4703283 -0.8824917 0 0.4772018 -0.8787938 0 0.4772031 -0.8787931 0 0.4898788 -0.8717906 0 0.4898788 -0.8717906 0 0.4603024 -0.8877622 0 0.464384 -0.885634 0 0.4656071 -0.8849917 0 0.4669864 -0.8842645 0 0.4669814 -0.8842672 0 0.4759283 -0.8794842 0 0.4699699 -0.8826825 0 0.4759287 -0.8794839 0 0.4699694 -0.8826828 0 0.4818673 -0.8762443 0 0.4818673 -0.8762443 0 0.487778 -0.8729677 0 0.4877775 -0.872968 0 0.4936624 -0.8696537 0 0.4936623 -0.8696537 0 0.4995349 -0.8662939 0 0.4995352 -0.8662937 0 0.5053828 -0.8628953 0 0.5053831 -0.8628952 0 0.5112116 -0.859455 0 0.5112118 -0.8594547 0 0.5169949 -0.8559885 0 0.516995 -0.8559885 0 0.5227764 -0.8524699 0 0.5227764 -0.8524699 0 0.5285436 -0.8489063 0 0.5285433 -0.8489065 0 0.5313952 -0.8471242 0 0.5314006 -0.8471207 0 0.5015028 -0.8651561 0 0.4978032 -0.86729 0 0.5161374 -0.8565058 0 0.4978024 -0.8672906 0 0.5161393 -0.8565048 0 0.460497 -0.8876613 0 0.4604979 -0.8876609 0 0.4223321 -0.9064412 0 0.4223336 -0.9064405 0 0.3833653 -0.9235968 0 0.3833653 -0.9235968 0 0.3437469 -0.9390624 0 0.3437469 -0.9390624 0 0.3035138 -0.952827 0 0.303515 -0.9528267 0 0.2627002 -0.9648776 0 0.2627003 -0.9648776 0 0.221417 -0.9751793 0 0.2214165 -0.9751793 0 0.1797574 -0.983711 0 0.1797575 -0.983711 0 0.1377636 -0.9904652 0 0.1377636 -0.9904652 0 0.1166527 -0.9931728 0 0.1166527 -0.9931728 0 0.1689302 -0.9856281 0 0.1624233 -0.9867213 0 0.1689289 -0.9856283 0 0.1624211 -0.9867216 0 0.1818785 -0.9833211 0 0.1818735 -0.9833219 0 0.1947883 -0.9808454 0 0.1947858 -0.9808459 0 0.2076587 -0.9782014 0 0.2076601 -0.9782011 0 0.2204869 -0.97539 0 0.2204898 -0.9753894 0 0.2333281 -0.9723982 0 0.2333264 -0.9723985 0 0.2460936 -0.9692462 0 0.2460904 -0.9692469 0 0.2587831 -0.9659355 0 0.2587866 -0.9659345 0 0.2651225 -0.9642148 0 0.2651295 -0.9642128 0 0.2840848 -0.9587993 0 0.2778162 -0.9606343 0 0.284083 -0.9587997 0 0.2778199 -0.9606333 0 0.2903454 -0.9569219 0 0.2903455 -0.9569219 0 0.2817819 -0.9594786 0 0.281781 -0.9594787 0 0.4187141 -0.9081181 0 0.3581037 -0.9336819 0 0.4187141 -0.9081182 0 0.5342523 -0.8453251 0 0.6405263 -0.7679362 0 0.6405317 -0.7679318 0 0.7356923 -0.6773161 0 0.7356944 -0.6773138 0 0.8181702 -0.5749762 0 0.81817 -0.5749765 0 0.8865747 -0.4625855 0 0.8865705 -0.4625935 0 0.9395878 -0.3423082 0 0.9395862 -0.3423126 0 0.9763641 -0.2161322 0 0.976363 -0.2161372 0 0.9962743 -0.08624142 0 0.9962739 -0.08624649 0 0.9989771 0.04522037 0 0.9989771 0.04522037 0 0.9844006 0.175942 0 0.9844015 0.175937 0 0.9707236 0.2401994 0 0.970726 0.2401897 0 0.9213713 0.3886837 0 0.9380912 0.3463885 0 0.9380846 0.3464065 0 0.9213715 0.3886833 0 0.8822522 0.4707772 0 0.8822396 0.4708008 0 0.8358873 0.5489012 0 0.8358777 0.5489159 0 0.7826077 0.6225153 0 0.7229238 0.6909279 0 0.7229189 0.6909329 0 0.6572572 0.7536664 0 0.6572625 0.7536618 0 0.5860237 0.8102939 0 0.5100969 0.860117 0 0.5100927 0.8601194 0 0.4705377 0.88238 0 0.4705292 0.8823845 0 0.2909379 0.9567419 0 0.3171687 0.9483692 0 0.2909399 0.9567413 0 0.3171461 0.9483768 0 0.2379344 0.9712813 0 0.2379325 0.9712817 0 0.1843894 0.9828533 0 0.1843971 0.9828519 0 0.1302307 0.9914838 0 0.1302345 0.9914833 0 0.07563894 0.9971353 0 0.07563918 0.9971354 0 0.02083593 0.999783 0 0.02083235 0.999783 0 -0.03401809 0.9994212 0 -0.03401583 0.9994213 0 -0.0887472 0.9960542 0 -0.08874493 0.9960545 0 -0.1432966 0.9896799 0 -0.1432903 0.9896807 0 -0.1973609 0.980331 0 -0.1973465 0.9803338 0 -0.2508056 0.9680376 0 -0.2508075 0.968037 0 -0.2773092 0.9607808 0 -0.277329 0.9607751 0 -0.3035038 0.9528303 0 -0.3035035 0.9528304 0 -0.2526789 0.9675502 0 -0.2576786 0.9662307 0 -0.252679 0.9675502 0 -0.2576772 0.9662311 0 -0.2426826 0.9701058 0 -0.242682 0.9701059 0 -0.2326532 0.9725598 0 -0.2326526 0.9725599 0 -0.2225705 0.9749166 0 -0.2225705 0.9749166 0 -0.2124905 0.9771631 0 -0.2124916 0.9771629 0 -0.202372 0.9793088 0 -0.202373 0.9793086 0 -0.1922478 0.9813464 0 -0.1820984 0.9832804 0 -0.1820983 0.9832804 0 -0.17192 0.9851109 0 -0.1719195 0.985111 0 -0.1617311 0.9868349 0 -0.1515229 0.9884538 0 -0.1515226 0.9884538 0 -0.1464108 0.989224 0 -0.14641 0.989224 0 -0.1101378 0.9939164 0 -0.1257363 0.9920637 0 -0.1101378 0.9939164 0 -0.1257363 0.9920637 0 -0.07886475 0.9968853 0 -0.07886475 0.9968854 0 -0.04751425 0.9988706 0 -0.04751431 0.9988707 0 -0.01611578 0.9998702 0 -0.01611578 0.9998703 0 0.01529824 0.9998831 0 0.01529824 0.9998831 0 0.04669588 0.9989092 0 0.04669588 0.9989092 0 0.07804793 0.9969496 0 0.07804793 0.9969496 0 0.1093237 0.9940062 0 0.1093237 0.9940063 0 0.1404903 0.9900822 0 0.1404903 0.9900822 0 0.1715192 0.9851809 0 0.1715192 0.9851809 0 0.1869728 0.9823651 0 0.1869729 0.9823651 0 0.1761985 0.9843547 0 0.15957 0.9871867 0 0.176199 0.9843546 0 0.1595689 0.9871868 0 0.1927753 0.981243 0 0.1927753 0.981243 0 0.1927748 0.9812431 0 0.1927759 0.9812428 0 0.4018656 0.9156988 0 0.4018656 0.9156987 0 0.454792 0.8905978 0 0.4020674 0.9156101 0 0.4547921 0.8905977 0 0.4020649 0.9156112 0 0.5059592 0.8625575 0 0.5059571 0.8625587 0 0.6485134 0.7612033 0 0.6029959 0.7977443 0 0.6485148 0.7612022 0 0.6029959 0.7977444 0 0.7327684 0.6804782 0 0.7327708 0.6804755 0 0.8070343 0.5905047 0 0.8070332 0.5905062 0 0.8703285 0.4924718 0 0.8703274 0.4924737 0 0.9217624 0.3877555 0 0.9217615 0.3877575 0 0.9606536 0.2777493 0 0.9606536 0.2777493 0 0.9752237 0.2212215 0 0.9752237 0.2212215 0 0.965202 0.2615054 0 0.9909489 0.1342405 0 0.9653514 0.2609537 0 0.9771161 0.2127069 0 0.9771161 0.2127069 0 0.9653513 0.2609537 0 0.9347186 0.3553889 0 0.9347191 0.3553875 0 0.8948779 0.4463112 0 0.8948793 0.4463084 0 0.8462223 0.5328301 0 0.8462231 0.5328289 0 0.7892265 0.6141022 0 0.7892258 0.6141033 0 0.7244408 0.6893371 0 0.7244407 0.6893372 0 0.6525253 0.757767 0 0.6525244 0.7577677 0 0.5741834 0.8187268 0 0.5741834 0.8187267 0 0.4901667 0.8716287 0 0.4901661 0.8716291 0 0.4013351 0.9159314 0 0.4013338 0.9159319 0 0.3085485 0.9512087 0 0.3085474 0.951209 0 0.2609401 0.9653551 0 0.260939 0.9653554 0 0.2251229 0.9743305 0 0.2251045 0.9743347 0 0.1889664 0.9819836 0 0.1889675 0.9819834 0 0.1889633 0.9819843 0 0.1889718 0.9819826 0 0.1744269 0.9846701 0 0.188972 0.9819825 0 0.1744269 0.9846702 0 0.188972 0.9819825 0 0.1452252 0.9893986 0 0.1452252 0.9893986 0 0.1158968 0.9932613 0 0.1158968 0.9932613 0 0.08646643 0.9962548 0 0.08646649 0.9962549 0 0.05696046 0.9983764 0 0.05696046 0.9983764 0 0.02740657 0.9996244 0 0.02740657 0.9996244 0 -0.002173304 0.9999977 0 -0.002173304 0.9999977 0 -0.03175008 0.9994959 0 -0.03175008 0.9994959 0 -0.06129962 0.9981195 0 -0.06129962 0.9981195 0 -0.09079724 0.9958694 0 -0.1055169 0.9944176 0 -0.1055169 0.9944176 0 -0.1348826 0.9908616 0 -0.1348825 0.9908616 0 -0.1755526 0.9844701 0 -0.162546 0.986701 0 -0.1755527 0.9844701 0 -0.162546 0.986701 0 -0.2014588 0.979497 0 -0.2014587 0.979497 0 -0.227221 0.9738432 0 -0.2272208 0.9738433 0 -0.2528332 0.9675099 0 -0.2782673 0.9605036 0 -0.3035041 0.9528302 0 -0.3035039 0.9528303 0 -0.3285278 0.9444944 0 -0.3285273 0.9444946 0 -0.3533282 0.9354995 0 -0.3533279 0.9354996 0 -0.3778851 0.9258525 0 -0.3778854 0.9258524 0 -0.4021741 0.9155634 0 -0.4021738 0.9155634 0 -0.4142132 0.9101799 0 -0.4142132 0.9101799 0 -0.4261608 0.9046475 0 -0.414173 0.9101982 0 -0.4141731 0.9101982 0 -0.4261612 0.9046473 0 -0.4380714 0.8989402 0 -0.4380707 0.8989406 0 -0.4440938 0.8959804 0 -0.4440938 0.8959804 0 -0.4981268 0.8671042 0 -0.4498942 0.8930819 0 -0.449894 0.8930821 0 -0.4981271 0.8671041 0 -0.5899602 0.8074325 0 -0.5899599 0.8074325 0 -0.6747121 0.738081 0 -0.6747115 0.7380816 0 -0.7513756 0.6598749 0 -0.7513756 0.6598749 0 -0.8190323 0.5737475 0 -0.8190327 0.5737468 0 -0.8768599 0.4807461 0 -0.8768602 0.4807454 0 -0.9241735 0.381973 0 -0.9241737 0.3819726 0 -0.9604008 0.2786225 0 -0.9604008 0.2786225 0 -0.9851094 0.1719292 0 -0.9851093 0.1719297 0 -0.9980022 0.06317907 0 -0.9980022 0.06317973 0 -0.9989259 -0.04633909 0 -0.9989258 -0.04633903 0 -0.9948897 -0.100968 0 -0.9948897 -0.100968 0 -0.9781 -0.2081357 0 -0.978098 -0.2081453 0 -0.999841 -0.017834 0 -0.9969514 0.0780254 0 -0.9969513 0.07802695 0 -0.999841 -0.01783555 0 -0.9637819 0.2666918 0 -0.9637813 0.2666939 0 -0.8952475 0.4455694 0 -0.8952462 0.4455718 0 -0.7938546 0.6081077 0 -0.7938542 0.6081084 0 -0.6633382 0.7483198 0 -0.6633394 0.7483187 0 -0.5084829 0.8610721 0 -0.5084835 0.8610718 0 -0.3349643 0.9422308 0 -0.3349647 0.9422308 0 -0.1491538 0.9888141 0 -0.1491538 0.9888141 0 -0.05375933 0.9985539 0 -0.05375927 0.998554 0 -0.007937252 0.9999685 0 0.0421282 0.9991123 0 -0.1597558 0.9871566 0 -0.1198402 0.9927933 0 -0.1597558 0.9871566 0 -0.1198403 0.9927933 0 -0.2387396 0.9710837 0 -0.2387397 0.9710837 0 -0.3161705 0.9487025 0 -0.3161706 0.9487024 0 -0.39155 0.9201569 0 -0.3915501 0.9201569 0 -0.4643806 0.8856359 0 -0.4643806 0.8856359 0 -0.5341988 0.8453589 0 -0.5341991 0.8453588 0 -0.5678361 0.8231418 0 -0.5678365 0.8231415 0 -0.6322855 0.7747356 0 -0.6322855 0.7747356 0 -0.7211276 0.6928024 0 -0.6926238 0.721299 0 -0.6926242 0.7212987 0 -0.7211274 0.6928026 0 -0.7745827 0.6324728 0 -0.7745828 0.6324726 0 -0.8230003 0.568041 0 -0.8230012 0.5680398 0 -0.8452243 0.5344118 0 -0.8452256 0.5344097 0 -0.8438807 0.5365311 0 -0.8438806 0.5365312 0 -0.8168035 0.576916 0 -0.8231929 0.567762 0 -0.8232098 0.5677373 0 -0.8356925 0.5491978 0 -0.8357089 0.5491728 0 -0.8477053 0.5304676 0 -0.8477053 0.5304675 0 -0.8593174 0.5114428 0 -0.8593174 0.5114428 0 -0.8704279 0.492296 0 -0.8705219 0.4921296 0 -0.8757734 0.4827224 0 -0.8759579 0.4823877 0 -0.8761203 0.4820927 0 -0.8759481 0.4824054 0 -0.8759274 0.482443 0 -0.8812648 0.4726231 0 -0.8812497 0.4726512 0 -0.8759275 0.482443 0 -0.8915659 0.4528912 0 -0.8915513 0.4529197 0 -0.9014415 0.4329011 0 -0.9014274 0.4329306 0 -0.9108653 0.412704 0 -0.9108381 0.4127638 0 -0.91983 0.392317 0 -0.919804 0.392378 0 -0.9283397 0.371733 0 -0.9283273 0.371764 0 -0.9324295 0.3613523 0 -0.9366929 0.3501519 0 -0.9363975 0.3509413 0 -0.9382315 0.3460082 0 -0.9400554 0.3410218 0 -0.9400571 0.3410172 0 -0.9382123 0.3460602 0 -0.943621 0.3310277 0 -0.943606 0.3310708 0 -0.947095 0.3209536 0 -0.9470803 0.3209971 0 -0.9504526 0.3108697 0 -0.9504383 0.3109135 0 -0.9536867 0.300802 0 -0.9536797 0.300824 0 -0.9568128 0.2907051 0 -0.9568195 0.2906829 0 -0.9598494 0.2805163 0 -0.9598492 0.2805164 0 -0.9627767 0.2702981 0 -0.9627705 0.2703205 0 -0.9642044 0.2651602 0 -0.9642044 0.2651602 0 -0.9470844 0.3209848 0 -0.9414007 0.3372904 0 -0.91984 0.3922938 0 -0.9141571 0.4053601 0 -0.914194 0.4052771 0 -0.9197688 0.392461 0 -0.9022905 0.4311286 0 -0.9023191 0.4310687 0 -0.8896938 0.4565579 0 -0.889739 0.4564698 0 -0.8764063 0.4815725 0 -0.8763911 0.4816003 0 -0.8623552 0.506304 0 -0.8623225 0.5063595 0 -0.8476203 0.5306032 0 -0.8476369 0.5305769 0 -0.8322232 0.5544409 0 -0.8322405 0.5544151 0 -0.8161536 0.5778351 0 -0.8161536 0.5778352 0 -0.7994099 0.600786 0 -0.7819889 0.6232925 0 -0.7820068 0.62327 0 -0.7640092 0.6452053 0 -0.7640278 0.6451835 0 -0.7548047 0.6559496 0 -0.7548048 0.6559495 0 -0.7641845 0.6449977 0 -0.7639676 0.6452546 0 -0.7537595 0.6571504 0 -0.7402842 0.672294 0 -0.7339509 0.6792025 0 -0.733951 0.6792025 0 -0.7544855 0.6563168 0 -0.7205272 0.6934268 0 -0.6911852 0.7226778 0 -0.691179 0.7226837 0 -0.628968 0.7774313 0 -0.6289673 0.7774318 0 -0.5624126 0.8268569 0 -0.5624119 0.8268573 0 -0.4920195 0.8705842 0 -0.4920254 0.8705808 0 -0.4182493 0.9083324 0 -0.4182447 0.9083344 0 -0.3415716 0.9398558 0 -0.3415707 0.9398561 0 -0.2625795 0.9649105 0 -0.2625805 0.9649101 0 -0.1817662 0.9833418 0 -0.1817634 0.9833424 0 -0.0997132 0.9950162 0 -0.09971398 0.9950162 0 -0.01697671 0.9998559 0 -0.01697748 0.9998559 0 0.06587946 0.9978276 0 0.06588089 0.9978275 0 0.1071788 0.9942398 0 0.1071816 0.9942395 0 0.1069816 0.9942611 0 0.1084708 0.9940997 0 0.2816365 0.9595212 0 0.2816172 0.9595268 0 0.3313031 0.9435245 0 0.3313031 0.9435245 0 0.2753394 0.9613471 0 0.3312332 0.9435489 0 0.3312332 0.9435489 0 0.2753394 0.9613472 0 0.1608009 0.9869869 0 0.1607995 0.9869871 0 0.04399138 0.9990319 0 0.04399025 0.999032 0 -0.07337319 0.9973046 0 -0.07337194 0.9973047 0 -0.1897673 0.9818291 0 -0.1897629 0.98183 0 -0.3035157 0.9528264 0 -0.3035099 0.9528283 0 -0.4130511 0.910708 0 -0.4130395 0.9107131 0 -0.5169876 0.8559929 0 -0.5169686 0.8560044 0 -0.6137192 0.7895245 0 -0.6137096 0.7895319 0 -0.7020084 0.7121686 0 -0.7020084 0.7121687 0 -0.7805824 0.625053 0 -0.7805936 0.6250389 0 -0.8158665 0.5782403 0 -0.8158873 0.5782109 0 -0.8329979 0.5532763 0 -0.8329008 0.5534224 0 -0.8485034 0.52919 0 -0.8484897 0.5292119 0 -0.8484812 0.5292255 0 -0.8485025 0.5291913 0 -0.848501 0.5291939 0 -0.8717058 0.4900295 0 -0.8778227 0.4789858 0 -0.8778215 0.4789882 0 -0.8896226 0.4566966 0 -0.8896213 0.4566989 0 -0.9008753 0.4340782 0 -0.9008764 0.4340757 0 -0.9115175 0.4112614 0 -0.9115198 0.4112563 0 -0.9215806 0.3881872 0 -0.9215817 0.3881846 0 -0.9310734 0.3648319 0 -0.9310724 0.3648346 0 -0.9399817 0.3412249 0 -0.9399798 0.3412302 0 -0.9483019 0.3173699 0 -0.948301 0.3173727 0 -0.9522253 0.3053966 0 -0.9522253 0.3053966 0 -0.9522148 0.3054292 0 -0.9523748 0.3049301 0 -0.9596068 0.2813445 0 -0.9630768 0.2692268 0 -0.9630768 0.2692268 0 -0.9596052 0.2813501 0 -0.9695473 0.2449042 0 -0.9695481 0.2449012 0 -0.9725665 0.2326251 0 -0.9725693 0.2326133 0 -0.9754263 0.2203264 0 -0.9754259 0.2203276 0 -0.9753974 0.2204539 0 -0.9753803 0.2205299 0 -0.9713689 0.2375762 0 -0.9766376 0.214893 0 -0.9766442 0.2148637 0 -0.9713642 0.2375955 0 -0.9856436 0.1688392 0 -0.9856488 0.1688094 0 -0.9924969 0.1222701 0 -0.9924994 0.1222499 0 -0.9971445 0.07551735 0 -0.997146 0.07549697 0 -0.9995924 0.02855026 0 -0.9995921 0.02856051 0 -0.9998318 -0.01834076 0 -0.9998325 -0.01831001 0 -0.9978604 -0.06538015 0 -0.9978605 -0.06538015 0 -0.9936958 -0.1121108 0 -0.9936923 -0.1121411 0 -0.9873203 -0.1587407 0 -0.9873187 -0.1587508 0 -0.9787721 -0.204952 0 -0.9787762 -0.2049323 0 -0.9681022 -0.250556 0 -0.9681046 -0.2505463 0 -0.9619173 -0.2733408 0 -0.9619173 -0.2733408 0 -0.920746 -0.3901628 0 -0.9207319 -0.3901958 0 0.737461 0.6753898 0 0.7716581 0.6360377 0 -0.9207896 -0.3900595 0 -0.8770923 -0.480322 0 -0.8770928 -0.4803211 0 -0.7637669 -0.6454921 0 -0.7637676 -0.6454914 0 -0.6198129 -0.7847496 0 -0.6198133 -0.7847494 0 -0.4510126 -0.8925177 0 -0.4510132 -0.8925174 0 -0.2640849 -0.9644995 0 -0.2640846 -0.9644995 0 -0.06656485 -0.9977821 0 -0.0665645 -0.9977821 0 0.1336187 -0.9910328 0 0.1336184 -0.991033 0 0.2321989 -0.9726684 0 0.2321982 -0.9726685 0 0.2598839 -0.9656398 0 0.2676753 -0.9635092 0 0.3298134 -0.9440463 0 0.3013463 -0.9535148 0 0.3298327 -0.9440395 0 0.3013074 -0.9535271 0 0.3580082 -0.9337186 0 0.3580082 -0.9337185 0 0.5100886 -0.8601219 0 0.4213718 -0.9068881 0 0.5100892 -0.8601215 0 0.6712661 -0.7412165 0 0.6712674 -0.7412154 0 0.8055219 -0.5925661 0 0.8055219 -0.5925662 0 0.8608222 -0.508906 0 0.8608211 -0.5089077 0 0.8402526 -0.5421953 0 0.8402526 -0.5421952 0 0.9008181 -0.434197 0 0.9008049 -0.4342243 0 0.9423506 -0.3346273 0 0.9423551 -0.3346147 0 0.9423748 -0.334559 0 0.9222143 -0.3866792 0 0.9422751 -0.3348399 0 0.9422562 -0.3348931 0 0.9222253 -0.3866532 0 0.8737246 -0.4864211 0 0.8737123 -0.4864431 0 0.8144585 -0.5802219 0 0.8144709 -0.5802046 0 0.7450404 -0.6670194 0 0.7450574 -0.6670004 0 0.666461 -0.74554 0 0.6665045 -0.7455011 0 0.5796805 -0.8148438 0 0.5797109 -0.8148224 0 0.4855831 -0.8741906 0 0.4855943 -0.8741843 0 0.385623 -0.9226564 0 0.385635 -0.9226515 0 0.2809253 -0.9597296 0 0.2809188 -0.9597316 0 0.1727405 -0.9849675 0 0.1727373 -0.984968 0 0.06239467 -0.9980515 0 0.06239795 -0.9980514 0 0.006838858 -0.9999766 0 0.00683844 -0.9999766 0 -0.04868108 -0.9988144 0 -0.04868108 -0.9988144 0 -0.04869139 -0.9988139 0 -0.04869145 -0.9988139 0 -0.03317862 -0.9994495 0 -0.04868406 -0.9988142 0 -0.04868412 -0.9988143 0 -0.00213629 -0.9999977 0 -0.002136349 -0.9999978 0 0.02891069 -0.999582 0 0.02891063 -0.9995821 0 0.04442083 -0.999013 0 0.04442065 -0.999013 0 0.05993837 -0.9982022 0 0.04444587 -0.9990119 0 0.05993837 -0.9982021 0 0.04444587 -0.9990118 0 0.09089052 -0.995861 0 0.09089058 -0.995861 0 0.1217644 -0.9925591 0 0.1217646 -0.992559 0 0.1525189 -0.9883006 0 0.1525188 -0.9883006 0 0.1831271 -0.9830893 0 0.1831271 -0.9830893 0 0.2135589 -0.9769303 0 0.2135589 -0.9769303 0 0.2437856 -0.9698293 0 0.2437853 -0.9698293 0 0.2737758 -0.9617937 0 0.273776 -0.9617936 0 0.2886707 -0.9574285 0 0.2886708 -0.9574285 0 0.3035037 -0.9528304 0 0.3035038 -0.9528303 0 0.3199706 -0.9474276 0 0.3199708 -0.9474274 0 0.3199664 -0.9474289 0 0.3199691 -0.947428 0 0.1737221 -0.9847947 0 0.1729111 -0.9849376 0 0.1725227 -0.9850056 0 0.1171962 -0.9931088 0 0.1736796 -0.9848023 0 0.1171946 -0.993109 0 0.1736827 -0.9848017 0 0.003249943 -0.9999948 0 0.003250122 -0.9999948 0 -0.1107728 -0.9938458 0 -0.1107732 -0.9938458 0 -0.2233388 -0.9747409 0 -0.2233384 -0.974741 0 -0.3329879 -0.9429311 0 -0.3329864 -0.9429317 0 -0.4382914 -0.898833 0 -0.438295 -0.8988312 0 -0.5378689 -0.8430285 0 -0.5378341 -0.8430507 0 -0.5851006 -0.8109608 0 -0.5850312 -0.811011 0 -0.6304908 -0.7761967 0 -0.5851541 -0.8109222 0 -0.6304892 -0.776198 0 -0.5851542 -0.8109222 0 -0.714845 -0.6992831 0 -0.7148468 -0.6992812 0 -0.7898882 -0.613251 0 -0.7898868 -0.6132528 0 -0.8546549 -0.5191966 0 -0.8546607 -0.519187 0 -0.8829115 -0.4695397 0 -0.8829195 -0.4695245 0 -0.8837165 -0.4680228 0 -0.8828197 -0.4697123 0 -0.8828628 -0.4696312 0 -0.8828628 -0.4696312 0 -0.8830363 -0.469305 0 -0.8829555 -0.4694568 0 -0.9082508 -0.4184262 0 -0.9082547 -0.4184178 0 -0.8830326 -0.4693119 0 -0.8549591 -0.5186954 0 -0.8549557 -0.5187011 0 -0.8241219 -0.5664127 0 -0.8241143 -0.5664237 0 -0.8241436 -0.566381 0 -0.7906216 -0.6123052 0 -0.7906285 -0.6122962 0 -0.8241307 -0.5663998 0 -0.7160738 -0.6980246 0 -0.7160722 -0.6980263 0 -0.6323102 -0.7747154 0 -0.6323119 -0.7747139 0 -0.5403501 -0.8414403 0 -0.5403618 -0.8414329 0 -0.4916747 -0.8707791 0 -0.4916505 -0.8707926 0 -0.4869311 -0.8734404 0 -0.4755526 -0.8796873 0 -0.491849 -0.8706806 0 -0.4917054 -0.8707618 0 -0.491911 -0.8706456 0 -0.4920076 -0.8705911 0 -0.4916014 -0.8708204 0 -0.4916335 -0.8708023 0 -0.441501 -0.8972608 0 -0.4917581 -0.870732 0 -0.4414902 -0.8972661 0 -0.491779 -0.8707202 0 -0.3368626 -0.9415539 0 -0.3368634 -0.9415535 0 -0.2279126 -0.9736816 0 -0.2279142 -0.9736813 0 -0.1160342 -0.9932453 0 -0.1160348 -0.9932452 0 -0.00265032 -0.9999965 0 -0.002650558 -0.9999965 0 0.05414807 -0.998533 0 0.05414766 -0.998533 0 0.1599161 -0.9871307 0 0.1599137 -0.9871311 0 0.3035051 -0.9528299 0 0.3035051 -0.9528298 0 0.3035038 -0.9528303 0 0 0 -1 0 0 -1 0 0 -1 0 0 -1 0 0 -1 0 0 -1 0 0 -1 0 0 -1 0 0 -1 0 0 -1 0 0 -1 0 0 -1 0 0 -1 0 0 -1 0 0 -1 0 0 -1 0 0 -1 1.73395e-7 0 -1 0 0 -1 0 0 -1 0 0 -1 0 0 -1 0 0 -1 0 0 -1 0 0 -1 0 0 -1 0 0 -1 0 0 -1 0 0 -1 0 0 -1 0 0 -1 0 0 -1 0 0 -1 0 0 -1 0 0 -1 0 0 -1 0 0 -1 0 0 -1 0 0 -1 0 0 -1 0 0 -1 0 0 -1 0 0 -1 0 0 -1 0 0 -1 0 0 -1 0 0 -1 0 0 -1 0 0 -1 0 0 -1 0 0 -1 0 0 -1 0 0 -1 0 0 -1 -1.33488e-4 0 -1 0 0 -1 0 0 -1 0 0 -1 0 0 -1 0 0 -1 0 0 -1 0 0 -1 0 0 -1 0 0 -1 0 0 -1 0 0 -1 0 0 -1 0 0 -1 0 0 -1 0 0 -1 0 0 -1 0 0 -1 0 0 -1 0 0 -1 0 0 -1 0 0 -1 0 0 -1 0 0 -1 0 0 -1 0 0 -1 0 0 -1 0 0 -1 0 0 -1 0 0 -1 0 0 -1 0 0 -1 0 0 -1 0 0 -1 0 0 -1 0 0 -1 0 0 -1 0 0 -1 0 0 -1 0 0 -1 0 0 -1 0 0 -1 0 0 -1 0 0 -1 0 0 -1 0 0 -1 0 0 -1 0 0 -1 0 0 -1 0 0 -1 0 0 -1 0 0 -1 0 0 -1 0 0 -1 2.6537e-6 0 -1 0 0 -1 0 0 -1 0 0 -1 0 0 -1 0 0 -1 0 0 -1 0 0 -1 0 0 -1 0 0 -1 0 0 -1 0 0 -1 0 0 -1 0 0 -1 0 0 -1 0 0 -1 0 0 -1 0 0 -1 0 0 -1 0 0 -1 0 0 -1 0 0 -1 0 0 -1 0 0 -1 0 0 -1 0 0 -1 0 0 -1 0 0 -1 0 0 -1 0 0 -1 0 0 -1 0 0 -1 0 0 -1 0 0 -1 0 0 -1 0 0 -1 0 0 -1 0 0 -1 0 0 -1 0 0 -1 0 0 -1 0 0 -1 0 0 -1 0 0 -1 0 0 -1 0 0 -1 0 0 -1 0 0 -1 0 0 -1 0 0 -1 0 0 -1 0 0 -1 0 0 -1 0 0 -1 0 0 -1 0 0 -1 0 0 -1 0 0 -1 0 0 -1 0 0 -1 0 0 -1 0 0 -1 0 0 -1 0 0 -1 0 0 -1 0 0 -1 0 0 -1 6.2268e-7 0 -1 0 0 -1 0 0 -1 0 0 -1 0 0 -1 0 0 -1 0 0 -1 0 0 -1 0 0 -1 0 0 -1 0 0 -1 0 0 -1 0 0 -1 0 0 -1 0 0 -1 0 0 -1 0 0 -1 0 0 -1 0 0 -1 0 0 -1 0 0 -1 0 0 -1 0 0 -1 0 0 -1 0 0 -1 0 0 -1 0 0 -1 0 0 -1 0 0 -1 0 0 -1 0 0 -1 0 0 -1 0 0 -1 0 0 -1 0 0 -1 0 0 -1 0 0 -1 0 0 -1 0 0 -1 0 0 -1 0 0 -1 0 0 -1 0 0 -1 0 0 -1 0 0 -1 0 0 -1 0 0 -1 0 0 -1 0 0 -1 0 0 -1 0 0 -1 0 0 -1 0 0 -1 0 0 -1 0 0 -1 0 0 -1 0 0 -1 0 0 -1 0 0 -1 0 0 -1 0 0 -1 0 0 -1 0 0 -1 0 0 -1 0 0 -1 0 0 -1 0 0 -1 0 0 -1 0 0 -1 0 0 -1 0 0 -1 0 0 -1 0 0 -1 0 0 -1 0 0 -1 0 0 -1 0 0 -1 0 0 -1 0 0 -1 0 0 -1 0 0 -1 0 0 -1 0 0 -1 0 0 -1 0 0 -1 0 0 -1 0 0 -1 0 0 -1 0 0 -1 0 0 -1 0 0 -1 0 0 -1 0 0 -1 0 0 -1 0 0 -1 0 0 -1 0 0 -1 0 0 -1 0 0 -1 0 0 -1 0 0 -1 0 0 -1 0 0 -1 0 0 -1 0 0 -1 0 0 -1 0 0 -1 0 0 -1 0 0 -1 0 0 -1 0 0 -1 0 0 -1 0 0 -1 0 0 -1 0 0 -1 0 0 -1 0 0 -1 0 0 -1 0 0 -1 0 0 -1 0 0 -1 0 0 -1 0 0 -1 0 0 -1 0 0 -1 0 0 -1 0 0 -1 0 0 -1 0 0 -1 0 0 -1 0 0 -1 0 0 -1 0 0 -1 -2.84342e-7 0 -1 0 0 -1 0 0 -1 0 0 -1 0 0 -1 0 0 -1 0 0 -1 0 0 -1 0 0 -1 3.1502e-5 0 -1 0 0 -1 1.56211e-7 0 -1 0 0 -1 5.03383e-7 0 -1 0 0 -1 0 0 -1 0 0 -1 0 0 -1 0 0 -1 0 0 -1 0 0 -1 0 0 -1 0 0 -1 0 0 -1 0 0 -1 0 0 -1 0 0 -1 0 0 -1 0 0 -1 1.61969e-7 0 -1 0 0 -1 0 0 -1 0 0 -1 0 0 -1 0 0 -1 0 0 -1 0 0 -1 0 0 -1 0 0 -1 0 0 -1 0 0 -1 0 0 -1 0 0 -1 0 0 -1 0 0 -1 0 0 -1 0 0 -1 0 0 -1 0 0 -1 0 0 -1 0 0 -1 0 0 -1 0 0 -1 0 0 -1 0 0 -1 0 0 -1 0 0 -1 0 0 -1 0 0 -1 0 0 -1 0 0 -1 0 0 -1 0 0 -1 0 0 -1 0 0 -1 0 0 -1 0 0 -1 0 0 -1 0 0 -1 0 0 -1 0 0 -1 0 0 -1 0 0 -1 0 0 -1 0 0 -1 0 0 -1 0 0 -1 1.79395e-7 0 -1 0 0 -1 0 0 -1 0 0 -1 0 0 -1 0 0 -1 0 0 -1 0 0 -1 0 0 -1 0 0 -1</float_array>
          <technique_common>
            <accessor source="#ID62-mesh-normals-array" count="1544" stride="3">
              <param name="X" type="float"/>
              <param name="Y" type="float"/>
              <param name="Z" type="float"/>
            </accessor>
          </technique_common>
        </source>
        <vertices id="ID62-mesh-vertices">
          <input semantic="POSITION" source="#ID62-mesh-positions"/>
        </vertices>
        <triangles material="material-material" count="2340">
          <input semantic="VERTEX" source="#ID62-mesh-vertices" offset="0"/>
          <input semantic="NORMAL" source="#ID62-mesh-normals" offset="1"/>
          <p>0 0 1 0 2 0 1 1 0 1 3 1 3 2 0 2 4 2 3 3 4 3 5 3 3 4 5 4 6 4 3 4 6 4 7 4 7 4 6 4 8 4 7 4 8 4 9 4 9 5 8 5 10 5 9 4 10 4 11 4 9 4 11 4 12 4 12 4 11 4 13 4 12 6 13 6 14 6 14 4 13 4 15 4 14 4 15 4 16 4 16 7 15 7 17 7 16 4 17 4 18 4 18 8 17 8 19 8 18 9 19 9 20 9 18 10 20 10 21 10 18 4 21 4 22 4 22 4 21 4 23 4 22 4 23 4 24 4 24 4 23 4 25 4 24 4 25 4 26 4 26 4 25 4 27 4 26 4 27 4 28 4 28 4 27 4 29 4 29 11 27 11 30 11 29 4 30 4 31 4 29 4 31 4 32 4 32 4 31 4 33 4 32 4 33 4 34 4 34 12 33 12 35 12 34 4 35 4 36 4 36 13 35 13 37 13 36 4 37 4 38 4 38 14 37 14 39 14 38 15 39 15 40 15 40 4 39 4 41 4 40 4 41 4 42 4 42 4 41 4 43 4 42 4 43 4 44 4 44 4 43 4 45 4 44 16 45 16 46 16 46 4 45 4 47 4 46 17 47 17 48 17 48 4 47 4 49 4 48 4 49 4 50 4 50 4 49 4 51 4 50 4 51 4 52 4 52 18 51 18 53 18 52 4 53 4 54 4 54 19 53 19 55 19 54 4 55 4 56 4 56 4 55 4 57 4 56 4 57 4 58 4 58 4 57 4 59 4 58 4 59 4 60 4 60 20 59 20 61 20 60 4 61 4 62 4 62 4 61 4 63 4 62 4 63 4 64 4 64 21 63 21 65 21 64 4 65 4 66 4 66 4 65 4 67 4 66 22 67 22 68 22 68 4 67 4 69 4 68 4 69 4 70 4 70 4 69 4 71 4 70 4 71 4 72 4 72 23 71 23 73 23 72 4 73 4 74 4 72 24 74 24 75 24 75 25 74 25 76 25 75 26 76 26 77 26 77 27 76 27 78 27 77 4 78 4 79 4 79 28 78 28 80 28 79 29 80 29 81 29 81 4 80 4 82 4 81 30 82 30 83 30 83 31 82 31 84 31 83 4 84 4 85 4 83 4 85 4 86 4 86 4 85 4 87 4 87 4 85 4 88 4 87 4 88 4 89 4 89 4 88 4 90 4 90 32 88 32 91 32 90 4 91 4 92 4 92 33 91 33 93 33 92 4 93 4 94 4 94 4 93 4 95 4 94 34 95 34 96 34 96 35 95 35 97 35 96 4 97 4 98 4 98 36 97 36 99 36 98 4 99 4 100 4 100 4 99 4 101 4 100 4 101 4 102 4 102 4 101 4 103 4 102 4 103 4 104 4 104 37 103 37 105 37 104 4 105 4 106 4 106 4 105 4 107 4 106 4 107 4 108 4 108 4 107 4 109 4 108 4 109 4 110 4 110 38 109 38 111 38 111 39 109 39 112 39 111 40 112 40 113 40 111 4 113 4 114 4 114 4 113 4 115 4 115 41 113 41 116 41 116 42 113 42 117 42 116 43 117 43 118 43 116 4 118 4 119 4 116 4 119 4 120 4 120 44 119 44 121 44 120 45 121 45 122 45 122 4 121 4 123 4 122 4 123 4 124 4 124 4 123 4 125 4 124 4 125 4 126 4 126 44 125 44 127 44 126 4 127 4 128 4 128 4 127 4 129 4 128 4 129 4 130 4 130 4 129 4 131 4 130 46 131 46 132 46 132 47 131 47 133 47 132 48 133 48 134 48 134 49 133 49 135 49 134 4 135 4 136 4 136 4 135 4 137 4 136 4 137 4 138 4 138 4 137 4 139 4 138 50 139 50 140 50 140 51 139 51 141 51 141 4 139 4 142 4 142 52 139 52 143 52 142 4 143 4 144 4 144 53 143 53 145 53 144 54 145 54 146 54 144 4 146 4 147 4 144 4 147 4 148 4 148 4 147 4 149 4 148 4 149 4 150 4 150 4 149 4 151 4 150 55 151 55 152 55 152 4 151 4 153 4 152 56 153 56 154 56 154 4 153 4 155 4 154 4 155 4 156 4 156 57 155 57 157 57 156 4 157 4 158 4 158 58 157 58 159 58 158 59 159 59 160 59 160 60 159 60 161 60 160 4 161 4 162 4 162 4 161 4 163 4 163 61 161 61 164 61 163 4 164 4 165 4 163 4 165 4 166 4 166 62 165 62 167 62 166 4 167 4 168 4 168 4 167 4 169 4 168 4 169 4 170 4 170 4 169 4 171 4 170 4 171 4 172 4 172 4 171 4 173 4 172 4 173 4 174 4 174 4 173 4 175 4 174 4 175 4 176 4 176 4 175 4 177 4 177 63 175 63 178 63 177 64 178 64 179 64 179 65 178 65 180 65 179 4 180 4 181 4 181 66 180 66 182 66 181 4 182 4 183 4 181 4 183 4 184 4 184 4 183 4 185 4 184 67 185 67 186 67 186 68 185 68 187 68 186 69 187 69 188 69 188 70 187 70 189 70 188 4 189 4 190 4 190 4 189 4 191 4 190 4 191 4 192 4 192 4 191 4 193 4 193 71 191 71 194 71 193 4 194 4 195 4 193 4 195 4 196 4 196 4 195 4 197 4 196 72 197 72 198 72 198 4 197 4 199 4 198 4 199 4 200 4 200 73 199 73 201 73 200 4 201 4 202 4 202 4 201 4 203 4 202 74 203 74 204 74 204 4 203 4 205 4 204 4 205 4 206 4 206 75 205 75 207 75 206 4 207 4 208 4 208 4 207 4 209 4 208 4 209 4 210 4 210 4 209 4 211 4 210 4 211 4 212 4 212 4 211 4 213 4 212 4 213 4 214 4 214 4 213 4 215 4 214 4 215 4 216 4 216 76 215 76 217 76 216 4 217 4 218 4 218 4 217 4 219 4 218 77 219 77 220 77 218 4 220 4 221 4 221 4 220 4 222 4 222 4 220 4 223 4 222 78 223 78 224 78 224 4 223 4 225 4 224 4 225 4 226 4 226 4 225 4 227 4 226 4 227 4 228 4 228 4 227 4 229 4 228 4 229 4 230 4 230 4 229 4 231 4 230 4 231 4 232 4 232 4 231 4 233 4 232 4 233 4 234 4 234 4 233 4 235 4 234 4 235 4 236 4 236 4 235 4 237 4 236 79 237 79 238 79 239 4 240 4 241 4 240 80 239 80 242 80 240 81 242 81 243 81 243 4 242 4 244 4 243 82 244 82 238 82 238 83 244 83 236 83 245 84 246 84 247 84 246 4 245 4 248 4 248 85 245 85 249 85 249 4 245 4 250 4 249 86 250 86 251 86 251 4 250 4 252 4 251 87 252 87 253 87 253 4 252 4 254 4 253 4 254 4 255 4 255 4 254 4 256 4 255 88 256 88 257 88 257 89 256 89 258 89 257 90 258 90 259 90 259 91 258 91 260 91 259 4 260 4 261 4 261 4 260 4 262 4 262 4 260 4 263 4 262 92 263 92 264 92 262 4 264 4 265 4 262 4 265 4 266 4 266 93 265 93 267 93 266 4 267 4 268 4 266 4 268 4 269 4 269 4 268 4 270 4 269 4 270 4 271 4 271 4 270 4 272 4 271 4 272 4 273 4 273 4 272 4 274 4 273 4 274 4 275 4 275 4 274 4 276 4 276 94 274 94 277 94 276 95 277 95 278 95 276 96 278 96 279 96 279 97 278 97 280 97 279 4 280 4 281 4 279 4 281 4 282 4 282 4 281 4 283 4 282 4 283 4 284 4 284 98 283 98 285 98 284 99 285 99 286 99 286 100 285 100 287 100 286 4 287 4 288 4 288 4 287 4 289 4 288 4 289 4 290 4 290 4 289 4 291 4 290 4 291 4 292 4 292 4 291 4 293 4 292 4 293 4 294 4 294 4 293 4 295 4 294 101 295 101 296 101 296 102 295 102 297 102 296 4 297 4 298 4 298 103 297 103 299 103 298 4 299 4 300 4 300 4 299 4 301 4 300 4 301 4 302 4 302 104 301 104 303 104 302 105 303 105 304 105 304 106 303 106 305 106 304 107 305 107 306 107 304 4 306 4 307 4 307 108 306 108 308 108 307 4 308 4 309 4 307 4 309 4 310 4 310 109 309 109 311 109 310 110 311 110 312 110 312 109 311 109 313 109 312 4 313 4 314 4 314 4 313 4 315 4 315 4 313 4 316 4 315 111 316 111 317 111 317 112 316 112 318 112 317 113 318 113 319 113 319 114 318 114 320 114 319 4 320 4 321 4 321 4 320 4 322 4 321 4 322 4 323 4 323 4 322 4 324 4 323 4 324 4 325 4 325 115 324 115 326 115 325 4 326 4 327 4 327 4 326 4 328 4 327 4 328 4 329 4 329 116 328 116 330 116 329 4 330 4 331 4 331 4 330 4 332 4 331 117 332 117 333 117 333 4 332 4 334 4 333 4 334 4 335 4 335 4 334 4 336 4 335 4 336 4 337 4 337 4 336 4 338 4 337 4 338 4 339 4 337 118 339 118 340 118 340 119 339 119 341 119 340 4 341 4 342 4 342 4 341 4 343 4 343 120 341 120 344 120 343 4 344 4 345 4 343 4 345 4 346 4 346 4 345 4 347 4 346 121 347 121 348 121 348 4 347 4 349 4 348 122 349 122 350 122 348 4 350 4 351 4 351 4 350 4 352 4 351 123 352 123 353 123 353 124 352 124 354 124 353 4 354 4 355 4 355 125 354 125 356 125 355 126 356 126 357 126 357 127 356 127 358 127 357 4 358 4 359 4 359 4 358 4 360 4 359 4 360 4 361 4 359 128 361 128 362 128 362 4 361 4 363 4 362 129 363 129 364 129 364 130 363 130 365 130 364 131 365 131 366 131 366 132 365 132 367 132 366 133 367 133 368 133 368 134 367 134 369 134 368 4 369 4 370 4 368 4 370 4 371 4 371 135 370 135 372 135 372 4 370 4 373 4 372 136 373 136 374 136 372 4 374 4 375 4 375 137 374 137 376 137 376 4 374 4 377 4 376 138 377 138 378 138 378 4 377 4 379 4 378 139 379 139 380 139 380 140 379 140 381 140 380 141 381 141 382 141 382 142 381 142 383 142 382 143 383 143 384 143 384 144 383 144 385 144 384 145 385 145 386 145 386 146 385 146 387 146 386 4 387 4 388 4 388 4 387 4 389 4 388 147 389 147 390 147 390 148 389 148 391 148 390 4 391 4 392 4 390 149 392 149 393 149 390 4 393 4 394 4 394 4 393 4 395 4 395 4 393 4 396 4 395 4 396 4 397 4 397 150 396 150 398 150 397 151 398 151 399 151 399 4 398 4 400 4 400 4 398 4 401 4 400 152 401 152 402 152 402 153 401 153 403 153 402 154 403 154 404 154 404 4 403 4 405 4 404 4 405 4 406 4 406 4 405 4 407 4 406 4 407 4 408 4 408 155 407 155 409 155 408 156 409 156 410 156 410 4 409 4 411 4 410 4 411 4 412 4 412 157 411 157 413 157 413 158 411 158 414 158 413 4 414 4 415 4 415 4 414 4 416 4 415 4 416 4 417 4 417 4 416 4 418 4 418 159 416 159 419 159 418 4 419 4 420 4 418 4 420 4 421 4 421 160 420 160 422 160 421 4 422 4 423 4 423 4 422 4 424 4 423 4 424 4 425 4 425 4 424 4 426 4 425 4 426 4 427 4 427 4 426 4 428 4 427 161 428 161 429 161 429 4 428 4 430 4 429 4 430 4 431 4 431 4 430 4 432 4 431 162 432 162 433 162 433 4 432 4 434 4 433 4 434 4 435 4 435 4 434 4 436 4 435 4 436 4 437 4 437 163 436 163 438 163 437 4 438 4 439 4 439 4 438 4 440 4 439 164 440 164 441 164 441 4 440 4 442 4 441 165 442 165 443 165 443 4 442 4 444 4 443 166 444 166 445 166 445 167 444 167 446 167 445 168 446 168 447 168 447 169 446 169 448 169 447 4 448 4 449 4 449 4 448 4 450 4 450 170 448 170 451 170 450 171 451 171 452 171 450 4 452 4 453 4 453 4 452 4 454 4 453 172 454 172 455 172 455 4 454 4 456 4 455 4 456 4 457 4 457 4 456 4 458 4 457 4 458 4 459 4 459 4 458 4 460 4 459 173 460 173 461 173 461 4 460 4 462 4 461 4 462 4 463 4 463 4 462 4 464 4 463 4 464 4 465 4 465 174 464 174 466 174 465 175 466 175 467 175 467 4 466 4 468 4 467 4 468 4 469 4 469 176 468 176 470 176 469 4 470 4 471 4 471 4 470 4 472 4 471 4 472 4 473 4 473 4 472 4 474 4 473 4 474 4 475 4 475 4 474 4 476 4 476 177 474 177 477 177 476 4 477 4 478 4 476 4 478 4 479 4 479 4 478 4 480 4 479 178 480 178 481 178 481 4 480 4 482 4 481 4 482 4 483 4 483 4 482 4 484 4 483 4 484 4 485 4 485 179 484 179 486 179 485 4 486 4 487 4 487 4 486 4 488 4 487 4 488 4 489 4 489 4 488 4 490 4 489 180 490 180 491 180 491 4 490 4 492 4 491 4 492 4 493 4 493 4 492 4 494 4 493 4 494 4 495 4 495 4 494 4 496 4 496 181 494 181 497 181 496 182 497 182 498 182 498 4 497 4 499 4 498 4 499 4 500 4 500 183 499 183 501 183 500 184 501 184 502 184 502 185 501 185 503 185 502 186 503 186 504 186 504 4 503 4 505 4 504 4 505 4 506 4 506 4 505 4 507 4 506 4 507 4 508 4 508 187 507 187 509 187 508 4 509 4 510 4 510 4 509 4 511 4 510 4 511 4 512 4 512 188 511 188 513 188 512 4 513 4 514 4 514 189 513 189 515 189 514 190 515 190 516 190 516 4 515 4 517 4 516 4 517 4 518 4 518 4 517 4 519 4 518 4 519 4 520 4 520 191 519 191 521 191 520 4 521 4 522 4 522 4 521 4 523 4 522 192 523 192 524 192 524 193 523 193 525 193 524 4 525 4 526 4 526 4 525 4 527 4 526 194 527 194 528 194 528 195 527 195 529 195 528 4 529 4 530 4 530 4 529 4 531 4 530 196 531 196 532 196 532 197 531 197 533 197 532 4 533 4 534 4 534 4 533 4 535 4 534 4 535 4 536 4 536 4 535 4 537 4 536 4 537 4 538 4 538 4 537 4 539 4 538 4 539 4 540 4 540 4 539 4 541 4 540 4 541 4 542 4 241 4 543 4 544 4 543 198 241 198 240 198 544 199 543 199 545 199 544 4 545 4 546 4 546 200 545 200 547 200 546 4 547 4 548 4 548 4 547 4 549 4 548 4 549 4 550 4 550 4 549 4 551 4 550 4 551 4 552 4 552 4 551 4 553 4 552 4 553 4 554 4 554 4 553 4 555 4 554 4 555 4 556 4 556 4 555 4 557 4 556 4 557 4 558 4 558 4 557 4 559 4 558 4 559 4 560 4 560 201 559 201 561 201 560 202 561 202 562 202 562 4 561 4 563 4 562 4 563 4 564 4 564 4 563 4 565 4 565 203 563 203 566 203 565 204 566 204 567 204 565 4 567 4 568 4 568 4 567 4 569 4 568 205 569 205 570 205 570 206 569 206 571 206 570 4 571 4 572 4 572 207 571 207 573 207 572 208 573 208 574 208 574 4 573 4 575 4 574 209 575 209 576 209 576 4 575 4 577 4 576 4 577 4 578 4 578 210 577 210 579 210 578 211 579 211 580 211 580 4 579 4 581 4 580 4 581 4 582 4 582 212 581 212 583 212 582 4 583 4 584 4 584 213 583 213 585 213 584 4 585 4 586 4 586 4 585 4 587 4 586 4 587 4 588 4 588 4 587 4 589 4 588 4 589 4 590 4 590 214 589 214 591 214 590 215 591 215 592 215 592 4 591 4 593 4 592 215 593 215 594 215 594 216 593 216 595 216 594 4 595 4 596 4 596 217 595 217 597 217 596 4 597 4 598 4 598 218 597 218 599 218 598 4 599 4 600 4 600 4 599 4 601 4 600 219 601 219 602 219 602 4 601 4 603 4 602 4 603 4 604 4 602 220 604 220 605 220 605 4 604 4 606 4 605 221 606 221 607 221 607 222 606 222 608 222 607 223 608 223 609 223 609 4 608 4 610 4 609 224 610 224 611 224 611 216 610 216 612 216 611 225 612 225 613 225 613 4 612 4 614 4 613 226 614 226 615 226 615 227 614 227 616 227 615 228 616 228 617 228 617 4 616 4 618 4 617 4 618 4 619 4 619 4 618 4 620 4 619 4 620 4 621 4 621 229 620 229 622 229 621 230 622 230 623 230 623 4 622 4 624 4 623 4 624 4 625 4 625 231 624 231 626 231 625 232 626 232 627 232 627 233 626 233 628 233 627 234 628 234 629 234 629 4 628 4 630 4 629 235 630 235 631 235 631 4 630 4 632 4 631 236 632 236 633 236 633 237 632 237 634 237 633 238 634 238 635 238 635 239 634 239 636 239 635 240 636 240 637 240 637 4 636 4 638 4 637 241 638 241 639 241 639 4 638 4 640 4 639 242 640 242 641 242 641 4 640 4 642 4 641 243 642 243 643 243 643 4 642 4 644 4 643 244 644 244 645 244 645 245 644 245 646 245 645 4 646 4 647 4 645 4 647 4 648 4 648 246 647 246 649 246 649 4 647 4 650 4 649 247 650 247 651 247 651 4 650 4 652 4 651 248 652 248 653 248 653 249 652 249 654 249 653 250 654 250 655 250 655 251 654 251 656 251 655 252 656 252 657 252 657 4 656 4 658 4 657 253 658 253 659 253 659 4 658 4 660 4 659 254 660 254 661 254 661 4 660 4 662 4 661 255 662 255 663 255 663 4 662 4 664 4 663 4 664 4 665 4 665 256 664 256 666 256 665 4 666 4 667 4 667 257 666 257 668 257 667 258 668 258 669 258 669 4 668 4 670 4 669 259 670 259 671 259 671 260 670 260 672 260 671 261 672 261 673 261 673 4 672 4 674 4 673 262 674 262 675 262 675 4 674 4 676 4 675 263 676 263 677 263 677 4 676 4 678 4 677 4 678 4 679 4 679 264 678 264 680 264 679 4 680 4 681 4 679 4 681 4 682 4 679 265 682 265 683 265 683 4 682 4 684 4 683 266 684 266 685 266 685 4 684 4 686 4 685 267 686 267 687 267 687 268 686 268 688 268 687 4 688 4 689 4 689 269 688 269 690 269 690 270 688 270 691 270 690 4 691 4 692 4 692 4 691 4 693 4 692 271 693 271 694 271 694 4 693 4 695 4 694 4 695 4 696 4 696 4 695 4 697 4 696 272 697 272 698 272 698 273 697 273 699 273 698 4 699 4 700 4 700 274 699 274 701 274 700 4 701 4 702 4 702 4 701 4 703 4 702 4 703 4 704 4 704 4 703 4 705 4 704 4 705 4 706 4 706 275 705 275 707 275 706 4 707 4 708 4 708 4 707 4 709 4 708 276 709 276 710 276 710 277 709 277 711 277 710 4 711 4 712 4 712 278 711 278 713 278 712 279 713 279 714 279 714 4 713 4 715 4 714 4 715 4 716 4 716 4 715 4 717 4 716 4 717 4 718 4 718 4 717 4 719 4 718 280 719 280 720 280 720 281 719 281 721 281 720 4 721 4 722 4 722 4 721 4 723 4 722 4 723 4 724 4 724 4 723 4 725 4 724 4 725 4 726 4 726 4 725 4 727 4 726 4 727 4 728 4 728 282 727 282 729 282 728 283 729 283 730 283 730 284 729 284 731 284 730 4 731 4 732 4 732 285 731 285 733 285 732 4 733 4 734 4 734 286 733 286 735 286 734 287 735 287 736 287 734 4 736 4 737 4 737 4 736 4 738 4 737 288 738 288 739 288 739 289 738 289 740 289 739 4 740 4 741 4 741 289 740 289 742 289 741 4 742 4 743 4 743 290 742 290 744 290 743 291 744 291 745 291 745 4 744 4 746 4 745 4 746 4 747 4 747 4 746 4 748 4 747 292 748 292 749 292 749 4 748 4 750 4 749 4 750 4 751 4 751 4 750 4 752 4 751 293 752 293 753 293 753 4 752 4 754 4 753 294 754 294 755 294 755 4 754 4 756 4 755 295 756 295 757 295 757 296 756 296 758 296 757 297 758 297 759 297 759 4 758 4 760 4 759 298 760 298 761 298 761 299 760 299 762 299 761 300 762 300 763 300 763 4 762 4 764 4 763 301 764 301 765 301 765 302 764 302 766 302 765 303 766 303 767 303 767 4 766 4 542 4 767 304 542 304 768 304 768 4 542 4 541 4 4 4 769 4 5 4 769 305 4 305 770 305 769 306 770 306 771 306 771 307 770 307 772 307 772 4 770 4 773 4 772 308 773 308 774 308 774 4 773 4 775 4 774 309 775 309 776 309 776 4 775 4 777 4 776 310 777 310 778 310 778 311 777 311 246 311 778 312 246 312 248 312 779 313 780 313 781 313 780 314 779 314 782 314 783 315 784 315 785 315 784 316 783 316 786 316 787 317 788 318 789 319 788 318 787 317 790 320 791 321 789 319 792 322 789 319 791 321 787 317 793 323 792 322 794 324 792 322 793 323 791 321 795 325 794 324 796 326 794 324 795 325 793 323 797 327 796 326 798 328 796 326 797 327 795 325 799 329 798 328 800 329 798 328 799 329 797 327 801 330 800 329 802 331 800 329 801 330 799 329 803 332 802 331 804 333 802 331 803 332 801 330 805 334 804 333 806 335 804 333 805 334 803 332 807 336 806 335 808 337 806 335 807 336 805 334 809 338 808 337 810 339 808 337 809 338 807 336 811 340 810 339 812 341 810 339 811 340 809 338 813 342 814 342 815 342 814 343 813 343 816 343 817 344 818 344 819 344 818 344 817 344 820 344 821 345 822 345 823 345 822 346 821 346 824 346 825 347 826 347 827 347 826 348 825 348 828 348 829 349 827 350 830 351 827 350 829 349 825 352 831 353 830 351 832 354 830 351 831 353 829 349 833 355 832 354 834 356 832 354 833 355 831 353 835 357 834 356 836 358 834 356 835 357 833 355 837 359 836 358 838 360 836 358 837 359 835 357 839 361 838 360 840 362 838 360 839 361 837 359 841 363 840 362 842 364 840 362 841 363 839 361 843 365 842 364 844 366 842 364 843 365 841 363 845 367 844 366 846 368 844 366 845 367 843 365 847 369 846 368 848 370 846 368 847 369 845 367 849 371 848 371 850 371 848 372 849 372 847 372 851 373 852 373 853 373 852 373 851 373 854 373 855 374 856 375 857 376 856 375 855 374 858 377 859 378 857 376 860 379 857 376 859 378 855 374 861 380 860 379 862 381 860 379 861 380 859 378 863 382 862 381 864 383 862 381 863 382 861 380 865 384 864 383 866 385 864 383 865 384 863 382 867 386 866 385 868 387 866 385 867 386 865 384 869 388 868 387 870 389 868 387 869 388 867 386 871 390 870 389 872 391 870 389 871 390 869 388 873 392 872 391 874 393 872 391 873 392 871 390 875 394 874 393 876 395 874 393 875 394 873 392 877 396 875 394 876 395 875 394 877 396 878 397 879 398 880 399 881 400 880 399 879 398 882 401 883 402 881 400 884 403 881 400 883 402 879 398 885 404 884 403 886 405 884 403 885 404 883 402 887 406 886 405 888 407 886 405 887 406 885 404 889 408 888 407 890 409 888 407 889 408 887 406 891 410 890 409 892 411 890 409 891 410 889 408 893 412 892 411 894 413 892 411 893 412 891 410 895 414 894 413 896 415 894 413 895 414 893 412 897 416 896 415 898 417 896 415 897 416 895 414 899 418 900 419 901 420 900 419 899 418 902 421 903 422 901 420 904 423 901 420 903 422 899 418 905 424 906 424 907 424 906 425 905 425 908 425 909 426 910 427 911 428 910 427 909 426 912 427 913 429 911 428 914 429 911 428 913 429 909 426 915 430 914 429 916 431 914 429 915 430 913 429 917 432 916 431 918 433 916 431 917 432 915 430 919 434 917 432 918 433 917 432 919 434 920 435 921 436 920 435 919 434 920 435 921 436 922 437 923 438 922 437 921 436 922 437 923 438 924 439 925 440 924 439 923 438 924 439 925 440 926 441 927 442 926 441 925 440 926 441 927 442 928 443 929 444 928 443 927 442 928 443 929 444 930 445 931 446 930 445 929 444 930 445 931 446 932 447 933 448 932 447 931 446 932 447 933 448 934 449 935 450 936 451 937 452 936 451 935 450 938 453 939 454 938 453 935 450 938 453 939 454 940 455 941 456 940 455 939 454 940 455 941 456 942 457 943 458 942 457 941 456 942 457 943 458 944 458 945 459 944 458 943 458 944 458 945 459 946 460 947 461 945 459 948 462 945 459 947 461 946 460 949 463 948 462 950 463 948 462 949 463 947 461 951 464 950 463 952 465 950 463 951 464 949 463 953 466 952 465 954 467 952 465 953 466 951 464 955 468 956 469 957 470 956 469 955 468 958 471 959 472 957 470 960 473 957 470 959 472 955 468 961 474 960 473 962 475 960 473 961 474 959 472 963 476 962 475 964 477 962 475 963 476 961 474 965 478 964 477 966 479 964 477 965 478 963 476 967 480 966 479 968 481 966 479 967 480 965 478 969 482 968 481 970 483 968 481 969 482 967 480 971 484 970 483 972 485 970 483 971 484 969 482 973 486 972 485 974 487 972 485 973 486 971 484 975 488 974 487 976 489 974 487 975 488 973 486 977 490 976 489 978 491 976 489 977 490 975 488 979 492 978 491 980 493 978 491 979 492 977 490 981 494 982 494 983 494 982 495 981 495 984 495 985 496 986 497 987 498 986 497 985 496 988 499 989 500 987 498 990 501 987 498 989 500 985 496 991 502 990 501 992 503 990 501 991 502 989 500 993 504 992 503 994 505 992 503 993 504 991 502 995 506 994 505 996 507 994 505 995 506 993 504 997 508 996 507 998 509 996 507 997 508 995 506 999 510 998 509 1000 510 998 509 999 510 997 508 1001 511 1000 510 1002 512 1000 510 1001 511 999 510 1003 513 1001 511 1002 512 1001 511 1003 513 1004 514 1005 515 1003 513 1006 515 1003 513 1005 515 1004 514 1007 516 1006 515 1008 517 1006 515 1007 516 1005 515 1009 518 1008 517 1010 519 1008 517 1009 518 1007 516 1011 520 1012 521 1013 522 1012 521 1011 520 1014 523 1015 524 1013 522 1016 525 1013 522 1015 524 1011 520 1017 526 1016 525 1018 527 1016 525 1017 526 1015 524 1019 528 1018 527 1020 529 1018 527 1019 528 1017 526 1021 530 1020 529 1022 531 1020 529 1021 530 1019 528 1023 532 1022 531 1024 533 1022 531 1023 532 1021 530 1025 534 1024 533 1026 535 1024 533 1025 534 1023 532 1027 536 1026 535 1028 537 1026 535 1027 536 1025 534 1029 538 1028 537 1030 539 1028 537 1029 538 1027 536 1031 540 1030 539 1032 541 1030 539 1031 540 1029 538 1033 542 1032 541 1034 543 1032 541 1033 542 1031 540 1035 544 1036 545 1037 546 1036 545 1035 544 1038 547 1039 548 1037 546 1040 549 1037 546 1039 548 1035 544 1041 550 1042 550 1043 550 1042 551 1041 551 1044 551 1045 552 1046 552 1047 552 1046 553 1045 553 1048 553 1049 554 1050 555 1051 556 1050 555 1049 554 1052 557 1053 558 1051 556 1054 559 1051 556 1053 558 1049 554 1055 560 1056 561 1057 562 1056 561 1055 560 1058 563 1059 564 1057 562 1060 565 1057 562 1059 564 1055 560 1061 566 1059 564 1060 565 1059 564 1061 566 1062 567 1063 568 1062 567 1061 566 1062 567 1063 568 1064 569 1065 570 1064 569 1063 568 1064 569 1065 570 1066 571 1067 572 1066 571 1065 570 1066 571 1067 572 1068 573 1069 574 1068 573 1067 572 1068 573 1069 574 1070 575 1071 576 1072 576 1073 576 1072 577 1071 577 1074 577 1075 578 1076 579 1077 580 1076 579 1075 578 1078 581 1079 582 1078 581 1075 578 1078 581 1079 582 1080 583 1081 584 1080 583 1079 582 1080 583 1081 584 1082 585 1083 586 1082 585 1081 584 1082 585 1083 586 1084 587 1085 588 1084 587 1083 586 1084 587 1085 588 1086 589 1087 590 1086 589 1085 588 1086 589 1087 590 1088 591 1089 592 1087 590 1090 593 1087 590 1089 592 1088 591 1091 594 1090 593 1092 595 1090 593 1091 594 1089 592 1093 596 1092 595 1094 597 1092 595 1093 596 1091 594 1095 598 1094 597 1096 599 1094 597 1095 598 1093 596 1097 600 1096 599 1098 601 1096 599 1097 600 1095 598 1099 602 1098 601 1100 603 1098 601 1099 602 1097 600 1101 604 1102 604 1103 604 1102 605 1101 605 1104 605 1105 606 1106 606 1107 606 1106 607 1105 607 1108 607 1109 608 1110 608 1111 608 1110 609 1109 609 1112 609 1113 610 1114 611 1115 612 1114 611 1113 610 1116 613 1117 614 1115 612 1118 615 1115 612 1117 614 1113 610 1119 616 1118 615 1120 617 1118 615 1119 616 1117 614 1121 618 1120 617 1122 619 1120 617 1121 618 1119 616 1123 620 1122 619 1124 621 1122 619 1123 620 1121 618 1125 622 1124 621 1126 623 1124 621 1125 622 1123 620 1127 624 1126 623 1128 625 1126 623 1127 624 1125 622 1129 626 1128 625 1130 627 1128 625 1129 626 1127 624 1131 628 1130 627 1132 629 1130 627 1131 628 1129 626 1133 630 1132 629 1134 630 1132 629 1133 630 1131 628 1135 631 1134 630 1136 632 1134 630 1135 631 1133 630 1137 633 1138 633 1139 633 1138 634 1137 634 1140 634 1141 635 1142 636 1143 637 1142 636 1141 635 1144 638 1145 639 1143 637 1146 640 1143 637 1145 639 1141 635 1147 641 1146 640 1148 642 1146 640 1147 641 1145 639 1149 643 1148 642 1150 643 1148 642 1149 643 1147 641 1151 644 1150 643 1152 644 1150 643 1151 644 1149 643 1153 645 1152 644 1154 646 1152 644 1153 645 1151 644 1155 647 1154 646 1156 648 1154 646 1155 647 1153 645 1157 649 1156 648 1158 650 1156 648 1157 649 1155 647 1159 651 1158 650 1160 652 1158 650 1159 651 1157 649 1161 653 1159 651 1160 652 1159 651 1161 653 1162 654 1163 655 1161 653 1164 656 1161 653 1163 655 1162 654 1165 657 1166 658 1167 659 1166 658 1165 657 1168 660 1169 661 1165 657 1170 662 1165 657 1169 661 1168 660 1171 663 1172 663 1173 663 1172 664 1171 664 1174 664 1175 665 1176 666 1177 667 1176 666 1175 665 1178 668 1179 669 1178 668 1175 665 1178 668 1179 669 1180 670 1181 671 1180 670 1179 669 1180 670 1181 671 1182 672 1182 672 1183 673 1184 674 1183 673 1182 672 1181 671 1184 674 1185 675 1186 676 1185 675 1184 674 1183 673 1186 676 1187 677 1188 678 1187 677 1186 676 1185 675 1188 678 1189 679 1190 680 1189 679 1188 678 1187 677 1190 680 1191 681 1192 682 1191 681 1190 680 1189 679 1192 682 1193 683 1194 684 1193 683 1192 682 1191 681 1194 684 1195 685 1196 686 1195 685 1194 684 1193 683 1196 686 1197 687 1198 688 1197 687 1196 686 1195 685 1198 688 1199 689 1200 690 1199 689 1198 688 1197 687 1201 691 1202 691 1203 691 1202 692 1201 692 1204 692 1205 693 1206 694 1207 695 1206 694 1205 693 1208 696 1207 695 1209 697 1210 698 1209 697 1207 695 1206 694 1210 698 1211 699 1212 700 1211 699 1210 698 1209 697 1212 700 1213 701 1214 702 1213 701 1212 700 1211 699 1214 702 1215 703 1216 704 1215 703 1214 702 1213 701 1217 705 1216 704 1215 703 1216 704 1217 705 1218 706 1219 707 1217 705 1220 708 1217 705 1219 707 1218 706 1221 709 1220 708 1222 710 1220 708 1221 709 1219 707 1223 711 1222 710 1224 712 1222 710 1223 711 1221 709 1225 713 1226 713 1227 713 1226 713 1225 713 1228 713 1229 714 1230 714 1231 714 1230 714 1229 714 1232 714 1233 715 1234 716 1235 717 1234 716 1233 715 1236 718 1237 719 1235 717 1238 720 1235 717 1237 719 1233 715 1239 721 1238 720 1240 722 1238 720 1239 721 1237 719 1241 723 1240 722 1242 724 1240 722 1241 723 1239 721 1243 725 1241 723 1242 724 1241 723 1243 725 1244 726 1245 727 1244 726 1243 725 1244 726 1245 727 1246 728 1247 729 1246 728 1245 727 1246 728 1247 729 1248 730 1249 731 1250 731 1251 731 1250 732 1249 732 1252 732 1253 733 1254 734 1255 735 1254 734 1253 733 1256 736 1256 736 1257 737 1258 738 1257 737 1256 736 1253 733 1258 738 1259 739 1260 740 1259 739 1258 738 1257 737 1260 740 1261 741 1262 742 1261 741 1260 740 1259 739 1263 743 1264 743 1265 743 1264 744 1263 744 1266 744 1267 745 1268 746 1269 747 1268 746 1267 745 1270 745 1269 747 1271 748 1272 749 1271 748 1269 747 1268 746 1272 749 1273 750 1274 751 1273 750 1272 749 1271 748 1274 751 1275 752 1276 753 1275 752 1274 751 1273 750 1276 753 1277 754 1278 755 1277 754 1276 753 1275 752 1278 755 1279 756 1280 757 1279 756 1278 755 1277 754 1281 758 1282 758 1283 758 1282 759 1281 759 1284 759 1285 760 1286 761 1287 762 1286 761 1285 760 1288 763 1287 762 1289 764 1290 765 1289 764 1287 762 1286 761 1290 765 1291 766 1292 767 1291 766 1290 765 1289 764 1292 767 1293 768 1294 769 1293 768 1292 767 1291 766 1294 769 1295 770 1296 771 1295 770 1294 769 1293 768 1296 771 1297 772 1298 773 1297 772 1296 771 1295 770 1298 773 1299 774 1300 774 1299 774 1298 773 1297 772 1301 775 1302 775 1303 775 1302 776 1301 776 1304 776 1305 777 1306 778 1307 779 1306 778 1305 777 1308 780 1307 779 1309 781 1310 782 1309 781 1307 779 1306 778 1310 782 1311 783 1312 784 1311 783 1310 782 1309 781 1312 784 1313 785 1314 786 1313 785 1312 784 1311 783 1314 786 1315 787 1316 788 1315 787 1314 786 1313 785 1316 788 1317 789 1318 790 1317 789 1316 788 1315 787 1318 790 1319 791 1320 792 1319 791 1318 790 1317 789 1320 792 1321 793 1322 794 1321 793 1320 792 1319 791 1322 794 1323 795 1324 796 1323 795 1322 794 1321 793 1325 797 1326 797 1327 797 1326 798 1325 798 1328 798 1329 799 1330 800 1331 801 1330 800 1329 799 1332 802 1331 801 1333 803 1334 804 1333 803 1331 801 1330 800 1334 804 1335 805 1336 806 1335 805 1334 804 1333 803 1336 806 1337 807 1338 808 1337 807 1336 806 1335 805 1338 808 1339 809 1340 810 1339 809 1338 808 1337 807 1340 810 1341 811 1342 812 1341 811 1340 810 1339 809 1342 812 1343 813 1344 814 1343 813 1342 812 1341 811 1344 814 1345 815 1346 816 1345 815 1344 814 1343 813 1346 816 1347 817 1348 817 1347 817 1346 816 1345 815 1348 817 1349 818 1350 819 1349 818 1348 817 1347 817 1350 819 1351 820 1352 821 1351 820 1350 819 1349 818 1352 821 1353 822 1354 823 1353 822 1352 821 1351 820 1355 824 1356 824 1357 824 1356 825 1355 825 1358 825 1359 826 1360 826 1361 826 1360 827 1359 827 1362 827 1363 828 1364 828 1365 828 1364 829 1363 829 1366 829 1367 830 1368 830 1369 830 1368 830 1367 830 1370 830 1371 831 1372 832 1373 833 1372 832 1371 831 1374 831 1375 834 1373 833 1372 832 1373 833 1375 834 1376 835 1377 836 1375 834 1378 837 1375 834 1377 836 1376 835 1379 838 1378 837 1380 839 1378 837 1379 838 1377 836 1381 840 1380 839 1382 841 1380 839 1381 840 1379 838 1383 842 1382 841 1384 843 1382 841 1383 842 1381 840 1385 844 1384 843 1386 845 1384 843 1385 844 1383 842 1387 846 1386 845 1388 847 1386 845 1387 846 1385 844 1389 848 1388 847 1390 849 1388 847 1389 848 1387 846 1391 850 1390 849 1392 851 1390 849 1391 850 1389 848 1393 852 1392 851 1394 853 1392 851 1393 852 1391 850 1395 854 1394 853 1396 855 1394 853 1395 854 1393 852 1397 856 1398 856 1399 856 1398 857 1397 857 1400 857 1401 858 1402 858 1403 858 1402 859 1401 859 1404 859 1405 860 1406 860 1407 860 1406 861 1405 861 1408 861 1409 862 1410 863 1411 864 1410 863 1409 862 1412 865 1413 866 1409 862 1414 867 1409 862 1413 866 1412 865 1415 868 1414 867 1416 869 1414 867 1415 868 1413 866 1417 870 1416 869 1418 871 1416 869 1417 870 1415 868 1419 872 1418 871 1420 873 1418 871 1419 872 1417 870 1421 874 1420 873 1422 875 1420 873 1421 874 1419 872 1423 876 1422 875 1424 877 1422 875 1423 876 1421 874 1425 878 1424 877 1426 879 1424 877 1425 878 1423 876 1427 880 1426 879 1428 881 1426 879 1427 880 1425 878 1429 882 1428 881 1430 883 1428 881 1429 882 1427 880 1429 882 1431 884 1432 885 1431 884 1429 882 1430 883 1432 885 1433 886 1434 887 1433 886 1432 885 1431 884 1435 888 1436 888 1437 888 1436 889 1435 889 1438 889 1439 890 1440 890 1441 890 1440 890 1439 890 1442 890 1443 891 1444 891 1445 891 1444 892 1443 892 1446 892 1447 893 1448 893 1449 893 1448 894 1447 894 1450 894 1451 895 1452 896 1453 897 1452 896 1451 895 1454 895 1453 897 1455 898 1456 899 1455 898 1453 897 1452 896 1456 899 1457 900 1458 901 1457 900 1456 899 1455 898 1458 901 1459 902 1460 903 1459 902 1458 901 1457 900 1460 903 1461 904 1462 905 1461 904 1460 903 1459 902 1462 905 1463 906 1464 907 1463 906 1462 905 1461 904 1464 907 1465 908 1466 909 1465 908 1464 907 1463 906 1466 909 1467 910 1468 911 1467 910 1466 909 1465 908 1468 911 1469 912 1470 913 1469 912 1468 911 1467 910 1471 914 1472 914 1473 914 1472 915 1471 915 1474 915 1475 916 1476 917 1477 918 1476 917 1475 916 1478 919 1477 918 1479 920 1480 921 1479 920 1477 918 1476 917 1480 921 1481 922 1482 923 1481 922 1480 921 1479 920 1483 924 1484 924 1485 924 1484 925 1483 925 1486 925 1487 926 1488 926 1489 926 1488 927 1487 927 1490 927 1491 928 1492 929 1493 930 1492 929 1491 928 1494 931 1493 930 1495 932 1496 933 1495 932 1493 930 1492 929 1496 933 1497 934 1498 935 1497 934 1496 933 1495 932 1498 935 1499 936 1500 937 1499 936 1498 935 1497 934 1500 937 1501 938 1502 939 1501 938 1500 937 1499 936 1502 939 1503 940 1504 941 1503 940 1502 939 1501 938 1504 941 1505 942 1506 943 1505 942 1504 941 1503 940 1506 943 1507 944 1508 945 1507 944 1506 943 1505 942 1508 945 1509 946 1510 947 1509 946 1508 945 1507 944 1510 947 1511 948 1512 949 1511 948 1510 947 1509 946 1512 949 1513 950 1514 951 1513 950 1512 949 1511 948 1514 951 1515 952 1516 953 1515 952 1514 951 1513 950 1517 954 1518 954 1519 954 1518 955 1517 955 1520 955 1521 956 1522 956 1523 956 1522 957 1521 957 1524 957 1525 958 1526 959 1527 960 1526 959 1525 958 1528 958 1527 960 1529 961 1530 962 1529 961 1527 960 1526 959 1531 963 1530 962 1529 961 1530 962 1531 963 1532 964 1533 965 1532 964 1531 963 1532 964 1533 965 1534 966 1535 967 1534 966 1533 965 1534 966 1535 967 1536 968 1537 969 1536 968 1535 967 1536 968 1537 969 1538 970 1539 971 1538 970 1537 969 1538 970 1539 971 1540 972 1541 973 1540 972 1539 971 1540 972 1541 973 1542 974 1543 975 1544 975 1545 975 1544 976 1543 976 1546 976 1547 977 1548 978 1549 979 1548 978 1547 977 1550 980 1551 981 1549 979 1552 982 1549 979 1551 981 1547 977 1553 983 1554 984 1555 984 1554 984 1553 983 1556 985 1557 986 1556 985 1553 983 1556 985 1557 986 1558 987 1559 988 1558 987 1557 986 1558 987 1559 988 1560 989 1561 990 1560 989 1559 988 1560 989 1561 990 1562 991 1563 992 1564 992 1565 992 1564 993 1563 993 1566 993 1567 994 1568 994 1569 994 1568 995 1567 995 1570 995 1571 996 1572 996 1573 996 1572 997 1571 997 1574 997 1575 998 1576 998 1577 998 1576 998 1575 998 1578 998 1579 999 1580 1000 1581 1001 1580 1000 1579 999 1582 1002 1583 1003 1582 1002 1579 999 1582 1002 1583 1003 1584 1004 1585 1005 1584 1004 1583 1003 1584 1004 1585 1005 1586 1006 1587 1007 1586 1006 1585 1005 1586 1006 1587 1007 1588 1008 1589 1009 1587 1007 1590 1010 1587 1007 1589 1009 1588 1008 1591 1011 1590 1010 1592 1012 1590 1010 1591 1011 1589 1009 1593 1013 1592 1012 1594 1014 1592 1012 1593 1013 1591 1011 1595 1015 1594 1014 1596 1016 1594 1014 1595 1015 1593 1013 1597 1017 1596 1016 1598 1018 1596 1016 1597 1017 1595 1015 1599 1019 1598 1018 1600 1020 1598 1018 1599 1019 1597 1017 1601 1021 1600 1020 1602 1022 1600 1020 1601 1021 1599 1019 1603 1023 1602 1022 1604 1024 1602 1022 1603 1023 1601 1021 1605 1025 1606 1025 1607 1025 1606 1026 1605 1026 1608 1026 1609 1027 1610 1027 1611 1027 1610 1028 1609 1028 1612 1028 1613 1029 1614 1030 1615 1031 1614 1030 1613 1029 1616 1029 1617 1032 1616 1029 1613 1029 1616 1029 1617 1032 1618 1033 1619 1034 1618 1033 1617 1032 1618 1033 1619 1034 1620 1035 1621 1036 1620 1035 1619 1034 1620 1035 1621 1036 1622 1037 1623 1038 1624 1039 1625 1040 1624 1039 1623 1038 1626 1041 1627 1042 1623 1038 1625 1040 1623 1038 1627 1042 1628 1043 1629 1044 1628 1043 1627 1042 1628 1043 1629 1044 1630 1045 1631 1046 1629 1044 1632 1047 1629 1044 1631 1046 1630 1045 1633 1048 1631 1046 1632 1047 1631 1046 1633 1048 1634 1049 1635 1050 1633 1048 1636 1051 1633 1048 1635 1050 1634 1049 1637 1052 1635 1050 1636 1051 1635 1050 1637 1052 1638 1053 1639 1054 1637 1052 1640 1055 1637 1052 1639 1054 1638 1053 1641 1056 1640 1055 1642 1057 1640 1055 1641 1056 1639 1054 1643 1058 1644 1058 1645 1058 1644 1059 1643 1059 1646 1059 1647 1060 1648 1060 1649 1060 1648 1061 1647 1061 1650 1061 1651 1062 1652 1062 1653 1062 1652 1063 1651 1063 1654 1063 1655 1064 1656 1064 1657 1064 1656 1064 1655 1064 1658 1064 1659 1065 1660 1065 1661 1065 1660 1066 1659 1066 1662 1066 1663 1067 1664 1068 1665 1069 1664 1068 1663 1067 1666 1070 1667 1071 1665 1069 1668 1072 1665 1069 1667 1071 1663 1067 1669 1073 1668 1072 1670 1074 1668 1072 1669 1073 1667 1071 1671 1075 1670 1074 1672 1076 1670 1074 1671 1075 1669 1073 1673 1077 1671 1075 1672 1076 1671 1075 1673 1077 1674 1078 1675 1079 1673 1077 1676 1080 1673 1077 1675 1079 1674 1078 1677 1081 1676 1080 1678 1082 1676 1080 1677 1081 1675 1079 1679 1083 1678 1082 1680 1084 1678 1082 1679 1083 1677 1081 1681 1085 1682 1086 1683 1087 1682 1086 1681 1085 1684 1088 1685 1089 1683 1087 1686 1090 1683 1087 1685 1089 1681 1085 1685 1089 1687 1091 1688 1092 1687 1091 1685 1089 1686 1090 1688 1092 1689 1093 1690 1094 1689 1093 1688 1092 1687 1091 1690 1094 1691 1095 1692 1096 1691 1095 1690 1094 1689 1093 1693 1097 1694 1097 1695 1097 1694 1098 1693 1098 1696 1098 1697 1099 1698 1099 1699 1099 1698 1100 1697 1100 1700 1100 1701 1101 1702 1101 1703 1101 1702 1102 1701 1102 1704 1102 1705 1103 1706 1103 1707 1103 1706 1104 1705 1104 1708 1104 1709 1105 1710 1106 1711 1107 1710 1106 1709 1105 1712 1105 1711 1107 1713 1108 1714 1109 1713 1108 1711 1107 1710 1106 1715 1110 1716 1111 1717 1112 1716 1111 1715 1110 1718 1113 1717 1112 1719 1114 1720 1115 1719 1114 1717 1112 1716 1111 1721 1116 1719 1114 1722 1117 1719 1114 1721 1116 1720 1115 1723 1118 1721 1116 1722 1117 1721 1116 1723 1118 1724 1119 1725 1120 1723 1118 1726 1121 1723 1118 1725 1120 1724 1119 1727 1122 1728 1122 1729 1122 1728 1123 1727 1123 1730 1123 1731 1124 1732 1124 1733 1124 1732 1125 1731 1125 1734 1125 1735 1126 1736 1126 1737 1126 1736 1127 1735 1127 1738 1127 1739 1128 1740 1128 1741 1128 1740 1129 1739 1129 1742 1129 1743 1130 1744 1131 1745 1132 1744 1131 1743 1130 1746 1133 1747 1134 1745 1132 1748 1135 1745 1132 1747 1134 1743 1130 1749 1136 1748 1135 1750 1137 1748 1135 1749 1136 1747 1134 1751 1138 1750 1137 1752 1139 1750 1137 1751 1138 1749 1136 1753 1140 1752 1139 1754 1141 1752 1139 1753 1140 1751 1138 1755 1142 1754 1141 1756 1143 1754 1141 1755 1142 1753 1140 1757 1144 1758 1144 1759 1144 1758 1145 1757 1145 1760 1145 1761 1146 1762 1146 1763 1146 1762 1147 1761 1147 1764 1147 1765 1148 1766 1148 1767 1148 1766 1148 1765 1148 1768 1148 1769 1149 1770 1149 1771 1149 1770 1149 1769 1149 1772 1149 1771 1149 1770 1149 1773 1149 1771 1149 1773 1149 1774 1149 1771 1149 1774 1149 1775 1149 1775 1149 1774 1149 1776 1149 1775 1149 1776 1149 1777 1149 1777 1149 1776 1149 1778 1149 1777 1149 1778 1149 1779 1149 1779 1150 1778 1150 1780 1150 1779 1151 1780 1151 1781 1151 1781 1149 1780 1149 1782 1149 1783 1152 1784 1152 1785 1152 1784 1149 1783 1149 1786 1149 1784 1153 1786 1153 1787 1153 1787 1149 1786 1149 1788 1149 1787 1154 1788 1154 1789 1154 1789 1149 1788 1149 1790 1149 1789 1155 1790 1155 1791 1155 1791 1149 1790 1149 1792 1149 1791 1156 1792 1156 1793 1156 1793 1149 1792 1149 1794 1149 1793 1157 1794 1157 1795 1157 1795 1158 1794 1158 1796 1158 1795 1159 1796 1159 1797 1159 1797 1149 1796 1149 1798 1149 1797 1160 1798 1160 1799 1160 1799 1149 1798 1149 1800 1149 1799 1161 1800 1161 1801 1161 1801 1149 1800 1149 1802 1149 1801 1162 1802 1162 1803 1162 1803 1149 1802 1149 1804 1149 1803 1163 1804 1163 1805 1163 1805 1164 1804 1164 1806 1164 1805 1165 1806 1165 1807 1165 1805 1166 1807 1166 1808 1166 1808 1167 1807 1167 1809 1167 1809 1168 1807 1168 1810 1168 1809 1149 1810 1149 1811 1149 1811 1149 1810 1149 1812 1149 1811 1169 1812 1169 1813 1169 1813 1149 1812 1149 1814 1149 1813 1170 1814 1170 1815 1170 1815 1149 1814 1149 1816 1149 1815 1171 1816 1171 1817 1171 1817 1149 1816 1149 1818 1149 1817 1172 1818 1172 1819 1172 1819 1149 1818 1149 1820 1149 1819 1173 1820 1173 1821 1173 1821 1149 1820 1149 1822 1149 1821 1174 1822 1174 1823 1174 1823 1149 1822 1149 1824 1149 1823 1175 1824 1175 1825 1175 1825 1176 1824 1176 1826 1176 1825 1177 1826 1177 1827 1177 1827 1149 1826 1149 1828 1149 1827 1178 1828 1178 1829 1178 1829 1179 1828 1179 1830 1179 1829 1180 1830 1180 1831 1180 1831 1181 1830 1181 1832 1181 1831 1182 1832 1182 1833 1182 1833 1183 1832 1183 1834 1183 1833 1184 1834 1184 1835 1184 1835 1185 1834 1185 1836 1185 1835 1186 1836 1186 1837 1186 1837 1149 1836 1149 1838 1149 1837 1187 1838 1187 1839 1187 1839 1149 1838 1149 1840 1149 1839 1188 1840 1188 1841 1188 1841 1149 1840 1149 1842 1149 1841 1189 1842 1189 1843 1189 1843 1149 1842 1149 1844 1149 1843 1190 1844 1190 1845 1190 1845 1149 1844 1149 1846 1149 1846 1149 1844 1149 1847 1149 1846 1149 1847 1149 1848 1149 1848 1149 1847 1149 1849 1149 1848 1185 1849 1185 1850 1185 1850 1191 1849 1191 1851 1191 1850 1149 1851 1149 1852 1149 1852 1192 1851 1192 1853 1192 1852 1149 1853 1149 1854 1149 1854 1149 1853 1149 1855 1149 1854 1149 1855 1149 1856 1149 1856 1149 1855 1149 1857 1149 1856 1193 1857 1193 1858 1193 1858 1149 1857 1149 1859 1149 1858 1194 1859 1194 1860 1194 1860 1195 1859 1195 1861 1195 1860 1149 1861 1149 1862 1149 1862 1196 1861 1196 1863 1196 1862 1197 1863 1197 1864 1197 1864 1198 1863 1198 1865 1198 1864 1149 1865 1149 1866 1149 1866 1149 1865 1149 1867 1149 1866 1149 1867 1149 1868 1149 1868 1199 1867 1199 1869 1199 1868 1200 1869 1200 1870 1200 1870 1149 1869 1149 1871 1149 1870 1149 1871 1149 1872 1149 1872 1149 1871 1149 1873 1149 1872 1149 1873 1149 1874 1149 1874 1149 1873 1149 1875 1149 1874 1149 1875 1149 1876 1149 1876 1149 1875 1149 1877 1149 1876 1149 1877 1149 1878 1149 1878 1149 1877 1149 1879 1149 1878 1201 1879 1201 1880 1201 1880 1149 1879 1149 1881 1149 1880 1149 1881 1149 1882 1149 1882 1149 1881 1149 1883 1149 1882 1149 1883 1149 1884 1149 1884 1149 1883 1149 1885 1149 1884 1149 1885 1149 1886 1149 1886 1202 1885 1202 1887 1202 1886 1149 1887 1149 1888 1149 1888 1149 1887 1149 1889 1149 1889 1203 1887 1203 1890 1203 1889 1149 1890 1149 1891 1149 1889 1149 1891 1149 1892 1149 1892 1204 1891 1204 1893 1204 1892 1205 1893 1205 1894 1205 1894 1206 1893 1206 1895 1206 1894 1149 1895 1149 1896 1149 1896 1149 1895 1149 1897 1149 1896 1207 1897 1207 1898 1207 1898 1208 1897 1208 1899 1208 1898 1149 1899 1149 1900 1149 1900 1149 1899 1149 1901 1149 1900 1149 1901 1149 1902 1149 1902 1209 1901 1209 1903 1209 1902 1149 1903 1149 1904 1149 1904 1210 1903 1210 1905 1210 1904 1149 1905 1149 1906 1149 1906 1211 1905 1211 1907 1211 1906 1149 1907 1149 1908 1149 1908 1212 1907 1212 1909 1212 1908 1213 1909 1213 1910 1213 1910 1149 1909 1149 1911 1149 1910 1149 1911 1149 1912 1149 1912 1214 1911 1214 1913 1214 1912 1149 1913 1149 1914 1149 1914 1215 1913 1215 1915 1215 1914 1149 1915 1149 1916 1149 1916 1149 1915 1149 1917 1149 1916 1149 1917 1149 1918 1149 1918 1216 1917 1216 1919 1216 1918 1149 1919 1149 1920 1149 1920 1149 1919 1149 1921 1149 1920 1217 1921 1217 1922 1217 1922 1218 1921 1218 1923 1218 1923 1219 1921 1219 1924 1219 1924 1149 1921 1149 1925 1149 1924 1149 1925 1149 1926 1149 1926 1220 1925 1220 1927 1220 1926 1221 1927 1221 1928 1221 1928 1222 1927 1222 1929 1222 1928 1149 1929 1149 1930 1149 1930 1223 1929 1223 1931 1223 1930 1149 1931 1149 1932 1149 1930 1149 1932 1149 1933 1149 1933 1149 1932 1149 1934 1149 1933 1149 1934 1149 1935 1149 1935 1149 1934 1149 1936 1149 1935 1224 1936 1224 1937 1224 1937 1149 1936 1149 1938 1149 1937 1225 1938 1225 1939 1225 1939 1149 1938 1149 1940 1149 1939 1226 1940 1226 1941 1226 1941 1149 1940 1149 1942 1149 1941 1149 1942 1149 1943 1149 1943 1227 1942 1227 1944 1227 1943 1149 1944 1149 1945 1149 1945 1149 1944 1149 1946 1149 1945 1228 1946 1228 1947 1228 1947 1149 1946 1149 1948 1149 1947 1149 1948 1149 1949 1149 1949 1149 1948 1149 1950 1149 1949 1229 1950 1229 1951 1229 1951 1230 1950 1230 1952 1230 1951 1149 1952 1149 1953 1149 1953 1149 1952 1149 1954 1149 1953 1149 1954 1149 1955 1149 1955 1149 1954 1149 1956 1149 1955 1231 1956 1231 1957 1231 1957 1149 1956 1149 1958 1149 1957 1149 1958 1149 1959 1149 1959 1149 1958 1149 1960 1149 1959 1149 1960 1149 1961 1149 1961 1149 1960 1149 1962 1149 1961 1149 1962 1149 1963 1149 1963 1149 1962 1149 1964 1149 1963 1232 1964 1232 1965 1232 1965 1233 1964 1233 1966 1233 1965 1234 1966 1234 1967 1234 1967 1235 1966 1235 1968 1235 1967 1236 1968 1236 1969 1236 1969 1149 1968 1149 1970 1149 1969 1237 1970 1237 1971 1237 1971 1238 1970 1238 1972 1238 1971 1239 1972 1239 1973 1239 1973 1240 1972 1240 1974 1240 1973 1241 1974 1241 1975 1241 1975 1242 1974 1242 1976 1242 1975 1243 1976 1243 1977 1243 1977 1244 1976 1244 1978 1244 1978 1245 1976 1245 1979 1245 1978 1149 1979 1149 1980 1149 1980 1246 1979 1246 1981 1246 1980 1247 1981 1247 1982 1247 1982 1248 1981 1248 1983 1248 1982 1149 1983 1149 1984 1149 1984 1149 1983 1149 1985 1149 1984 1149 1985 1149 1986 1149 1986 1233 1985 1233 1987 1233 1986 1249 1987 1249 1988 1249 1988 1149 1987 1149 1989 1149 1988 1149 1989 1149 1990 1149 1990 1149 1989 1149 1991 1149 1990 1149 1991 1149 1992 1149 1992 1250 1991 1250 1993 1250 1992 1149 1993 1149 1994 1149 1994 1149 1993 1149 1995 1149 1994 1149 1995 1149 1996 1149 1996 1149 1995 1149 1997 1149 1996 1149 1997 1149 1998 1149 1998 1149 1997 1149 1999 1149 1998 1149 1999 1149 2000 1149 2000 1251 1999 1251 2001 1251 2000 1252 2001 1252 2002 1252 2002 1149 2001 1149 2003 1149 2002 1149 2003 1149 2004 1149 2004 1253 2003 1253 2005 1253 2004 1149 2005 1149 2006 1149 2006 1254 2005 1254 2007 1254 2006 1149 2007 1149 2008 1149 2008 1149 2007 1149 2009 1149 2008 1255 2009 1255 2010 1255 2010 1256 2009 1256 2011 1256 2010 1149 2011 1149 2012 1149 1781 1257 2013 1257 2014 1257 2013 1258 1781 1258 1782 1258 2013 1259 1782 1259 2015 1259 2013 1149 2015 1149 2016 1149 2016 1260 2015 1260 2017 1260 2016 1149 2017 1149 2018 1149 2018 1149 2017 1149 2019 1149 2018 1149 2019 1149 2020 1149 2020 1149 2019 1149 2021 1149 2020 1261 2021 1261 2022 1261 2022 1149 2021 1149 2023 1149 2022 1149 2023 1149 2024 1149 2024 1149 2023 1149 2025 1149 2024 1262 2025 1262 2026 1262 2026 1263 2025 1263 2027 1263 2026 1149 2027 1149 2028 1149 2026 1264 2028 1264 2029 1264 2029 1149 2028 1149 2030 1149 2030 1149 2028 1149 2031 1149 2031 1149 2028 1149 2032 1149 2031 1149 2032 1149 2033 1149 2033 1265 2032 1265 2034 1265 2034 1149 2032 1149 2035 1149 2034 1266 2035 1266 2036 1266 2036 1267 2035 1267 2037 1267 2036 1268 2037 1268 2038 1268 2038 1149 2037 1149 2039 1149 2038 1269 2039 1269 2040 1269 2040 1270 2039 1270 2041 1270 2040 1271 2041 1271 2042 1271 2040 1149 2042 1149 2043 1149 2043 1272 2042 1272 2044 1272 2044 1149 2042 1149 2045 1149 2044 1149 2045 1149 2046 1149 2046 1273 2045 1273 2047 1273 2047 1149 2045 1149 2048 1149 2047 1274 2048 1274 2049 1274 2049 1149 2048 1149 2050 1149 2049 1275 2050 1275 2051 1275 2051 1276 2050 1276 2052 1276 2051 1277 2052 1277 2053 1277 2053 1149 2052 1149 2054 1149 2053 1149 2054 1149 2055 1149 2055 1149 2054 1149 2056 1149 2055 1278 2056 1278 2057 1278 2057 1149 2056 1149 2058 1149 2057 1279 2058 1279 2059 1279 2059 1280 2058 1280 2060 1280 2059 1281 2060 1281 2061 1281 2061 1149 2060 1149 2062 1149 2061 1149 2062 1149 2063 1149 2063 1149 2062 1149 2064 1149 2063 1282 2064 1282 2065 1282 2065 1283 2064 1283 2066 1283 2065 1284 2066 1284 2067 1284 2067 1285 2066 1285 2068 1285 2067 1286 2068 1286 2069 1286 2069 1287 2068 1287 2070 1287 2069 1149 2070 1149 2071 1149 2071 1288 2070 1288 2072 1288 2072 1149 2070 1149 2073 1149 2072 1289 2073 1289 2074 1289 2074 1149 2073 1149 2075 1149 2075 1290 2073 1290 2076 1290 2075 1291 2076 1291 2077 1291 2077 1149 2076 1149 2078 1149 2077 1292 2078 1292 2079 1292 2079 1149 2078 1149 2080 1149 2079 1149 2080 1149 2081 1149 2079 1149 2081 1149 2082 1149 2082 1149 2081 1149 2083 1149 2082 1149 2083 1149 2084 1149 2084 1293 2083 1293 2085 1293 2084 1294 2085 1294 2086 1294 2086 1149 2085 1149 2087 1149 2086 1295 2087 1295 2088 1295 2088 1149 2087 1149 2089 1149 2088 1296 2089 1296 2090 1296 2090 1149 2089 1149 2091 1149 2090 1297 2091 1297 2092 1297 2092 1149 2091 1149 2093 1149 2092 1298 2093 1298 2094 1298 2094 1149 2093 1149 2095 1149 2094 1299 2095 1299 2096 1299 2096 1149 2095 1149 2097 1149 2096 1300 2097 1300 2098 1300 2098 1149 2097 1149 2099 1149 2098 1301 2099 1301 2100 1301 2100 1149 2099 1149 2101 1149 2100 1302 2101 1302 2102 1302 2102 1303 2101 1303 2103 1303 2102 1304 2103 1304 2104 1304 2104 1305 2103 1305 2105 1305 2105 1306 2103 1306 2106 1306 2105 1149 2106 1149 2107 1149 2107 1307 2106 1307 2108 1307 2107 1149 2108 1149 2109 1149 2107 1149 2109 1149 2110 1149 2110 1149 2109 1149 2111 1149 2111 1308 2109 1308 2112 1308 2111 1309 2112 1309 2113 1309 2113 1149 2112 1149 2114 1149 2113 1310 2114 1310 2115 1310 2115 1149 2114 1149 2116 1149 2116 1311 2114 1311 2117 1311 2116 1149 2117 1149 2118 1149 2118 1312 2117 1312 2119 1312 2118 1149 2119 1149 2120 1149 2120 1149 2119 1149 2121 1149 2120 1149 2121 1149 2122 1149 2122 1149 2121 1149 2123 1149 2122 1313 2123 1313 2124 1313 2124 1149 2123 1149 2125 1149 2124 1149 2125 1149 2126 1149 2126 1314 2125 1314 2127 1314 2127 1315 2125 1315 2128 1315 2127 1316 2128 1316 2129 1316 2129 1149 2128 1149 2130 1149 2129 1316 2130 1316 2131 1316 2131 1149 2130 1149 2132 1149 2131 1149 2132 1149 2133 1149 2133 1149 2132 1149 2134 1149 2133 1149 2134 1149 2135 1149 2135 1149 2134 1149 2136 1149 2136 1317 2134 1317 2137 1317 2136 1149 2137 1149 2138 1149 2136 1318 2138 1318 2139 1318 2139 1149 2138 1149 2140 1149 2140 1319 2138 1319 2141 1319 2140 1149 2141 1149 2142 1149 2140 1320 2142 1320 2143 1320 2143 1321 2142 1321 2144 1321 2143 1149 2144 1149 2145 1149 2145 1149 2144 1149 2146 1149 2145 1149 2146 1149 2147 1149 2147 1149 2146 1149 2148 1149 2147 1149 2148 1149 2149 1149 2149 1149 2148 1149 2150 1149 2149 1149 2150 1149 2151 1149 2151 1322 2150 1322 2152 1322 2151 1149 2152 1149 2153 1149 2153 1149 2152 1149 2154 1149 2153 1323 2154 1323 2155 1323 2155 1149 2154 1149 2156 1149 2155 1149 2156 1149 2157 1149 2157 1149 2156 1149 2158 1149 2158 1149 2156 1149 2159 1149 2159 1324 2156 1324 2160 1324 2159 1149 2160 1149 2161 1149 2159 1325 2161 1325 2162 1325 2162 1326 2161 1326 2163 1326 2162 1149 2163 1149 2164 1149 2164 1149 2163 1149 2165 1149 2164 1327 2165 1327 2166 1327 2164 1328 2166 1328 2167 1328 2167 1149 2166 1149 2168 1149 2167 1329 2168 1329 2169 1329 2169 1330 2168 1330 2170 1330 2169 1149 2170 1149 2171 1149 2171 1331 2170 1331 2172 1331 2171 1149 2172 1149 2173 1149 2173 1149 2172 1149 2174 1149 2173 1332 2174 1332 2175 1332 2175 1149 2174 1149 2176 1149 2175 1333 2176 1333 2177 1333 2177 1149 2176 1149 2178 1149 2177 1149 2178 1149 2179 1149 2177 1334 2179 1334 2180 1334 2180 1149 2179 1149 2181 1149 2180 1335 2181 1335 2182 1335 2182 1149 2181 1149 2183 1149 2182 1149 2183 1149 2184 1149 2182 1149 2184 1149 2185 1149 2185 1336 2184 1336 2186 1336 2186 1149 2184 1149 2187 1149 2186 1337 2187 1337 2188 1337 2188 1149 2187 1149 2189 1149 2188 1149 2189 1149 2190 1149 2190 1149 2189 1149 2191 1149 2190 1338 2191 1338 2192 1338 2192 1339 2191 1339 2193 1339 2192 1340 2193 1340 2194 1340 2194 1149 2193 1149 2195 1149 2194 1341 2195 1341 2196 1341 2196 1342 2195 1342 2197 1342 2196 1343 2197 1343 2198 1343 2198 1149 2197 1149 2199 1149 2198 1344 2199 1344 2200 1344 2200 1149 2199 1149 2201 1149 2200 1345 2201 1345 2202 1345 2202 1149 2201 1149 2203 1149 2202 1346 2203 1346 2204 1346 2204 1339 2203 1339 2205 1339 2204 1347 2205 1347 2206 1347 2206 1342 2205 1342 2207 1342 2206 1149 2207 1149 2208 1149 2208 1149 2207 1149 2209 1149 2208 1348 2209 1348 2210 1348 2210 1349 2209 1349 2211 1349 2210 1149 2211 1149 2212 1149 2212 1149 2211 1149 2213 1149 2212 1149 2213 1149 2214 1149 2214 1350 2213 1350 2215 1350 2214 1149 2215 1149 2216 1149 2214 1149 2216 1149 2217 1149 2217 1351 2216 1351 2218 1351 2218 1149 2216 1149 2219 1149 2218 1352 2219 1352 2220 1352 2220 1149 2219 1149 2221 1149 2220 1353 2221 1353 2222 1353 2222 1149 2221 1149 2223 1149 2222 1354 2223 1354 2224 1354 2224 1149 2223 1149 2225 1149 2224 1355 2225 1355 2226 1355 2226 1149 2225 1149 2227 1149 2226 1356 2227 1356 2228 1356 2228 1357 2227 1357 2229 1357 2228 1358 2229 1358 2230 1358 2230 1359 2229 1359 2231 1359 2230 1360 2231 1360 2232 1360 2232 1149 2231 1149 2233 1149 2232 1361 2233 1361 2234 1361 2234 1149 2233 1149 2235 1149 2234 1362 2235 1362 2236 1362 2236 1149 2235 1149 2237 1149 2236 1363 2237 1363 2238 1363 2238 1364 2237 1364 2239 1364 2238 1365 2239 1365 2240 1365 2240 1366 2239 1366 2241 1366 2240 1367 2241 1367 2242 1367 2240 1149 2242 1149 2243 1149 2243 1368 2242 1368 2244 1368 2244 1149 2242 1149 2245 1149 2244 1369 2245 1369 2246 1369 2246 1149 2245 1149 2247 1149 2246 1370 2247 1370 2248 1370 2248 1149 2247 1149 2249 1149 2248 1149 2249 1149 2250 1149 2250 1149 2249 1149 2251 1149 2250 1371 2251 1371 2252 1371 2252 1149 2251 1149 2253 1149 2252 1372 2253 1372 2254 1372 2254 1373 2253 1373 2255 1373 2254 1374 2255 1374 2256 1374 2256 1375 2255 1375 2257 1375 2256 1376 2257 1376 2258 1376 2258 1377 2257 1377 2259 1377 2258 1378 2259 1378 2260 1378 2260 1149 2259 1149 2261 1149 2260 1379 2261 1379 2262 1379 2260 1380 2262 1380 2263 1380 2263 1381 2262 1381 2264 1381 2263 1382 2264 1382 2265 1382 2265 1383 2264 1383 2266 1383 2265 1384 2266 1384 2267 1384 2267 1385 2266 1385 2268 1385 2267 1386 2268 1386 2269 1386 2269 1149 2268 1149 2270 1149 2269 1149 2270 1149 2271 1149 2271 1387 2270 1387 2272 1387 2271 1388 2272 1388 2273 1388 2273 1149 2272 1149 2274 1149 2273 1149 2274 1149 2275 1149 2275 1389 2274 1389 2276 1389 2275 1390 2276 1390 2277 1390 2277 1149 2276 1149 2278 1149 2277 1391 2278 1391 2279 1391 2279 1149 2278 1149 2280 1149 2279 1149 2280 1149 2281 1149 2281 1392 2280 1392 2282 1392 2281 1149 2282 1149 2283 1149 2283 1149 2282 1149 2284 1149 2283 1393 2284 1393 2285 1393 2285 1394 2284 1394 2286 1394 2285 1149 2286 1149 2287 1149 2287 1149 2286 1149 2288 1149 2287 1395 2288 1395 2289 1395 2289 1149 2288 1149 2290 1149 2289 1396 2290 1396 2291 1396 2291 1149 2290 1149 2292 1149 2291 1397 2292 1397 2293 1397 2293 1149 2292 1149 2294 1149 2293 1398 2294 1398 2295 1398 2295 1399 2294 1399 2296 1399 2295 1400 2296 1400 2297 1400 2297 1149 2296 1149 2298 1149 2297 1401 2298 1401 2299 1401 2299 1149 2298 1149 2300 1149 2299 1402 2300 1402 2301 1402 2301 1149 2300 1149 2302 1149 2301 1403 2302 1403 2303 1403 2303 1404 2302 1404 2304 1404 2303 1149 2304 1149 2305 1149 2305 1149 2304 1149 2306 1149 2305 1149 2306 1149 2012 1149 2012 1149 2306 1149 2010 1149 2307 1405 1785 1405 2308 1405 1785 1406 2307 1406 1783 1406 2308 1407 1785 1407 2309 1407 2308 1408 2309 1408 2310 1408 2310 1409 2309 1409 2311 1409 2310 1149 2311 1149 2312 1149 2313 1410 2314 1410 2315 1410 2314 1411 2313 1411 2316 1411 2314 1149 2316 1149 1769 1149 1769 1412 2316 1412 1772 1412 1772 1149 2316 1149 2317 1149 2317 1413 2316 1413 2318 1413 2317 1414 2318 1414 2319 1414 2319 1415 2318 1415 2320 1415 2319 1416 2320 1416 2321 1416 2321 1417 2320 1417 2322 1417 2322 1149 2320 1149 2323 1149 2322 1418 2323 1418 2324 1418 2324 1149 2323 1149 2325 1149 2324 1419 2325 1419 2326 1419 2326 1420 2325 1420 2327 1420 2326 1421 2327 1421 2328 1421 2328 1149 2327 1149 2329 1149 2328 1149 2329 1149 2330 1149 2330 1149 2329 1149 2331 1149 2331 1422 2329 1422 2332 1422 2332 1149 2329 1149 2333 1149 2332 1423 2333 1423 2334 1423 2334 1424 2333 1424 2335 1424 2334 1425 2335 1425 2336 1425 2336 1149 2335 1149 2337 1149 2336 1426 2337 1426 2338 1426 2338 1149 2337 1149 2339 1149 2338 1427 2339 1427 2340 1427 2338 1149 2340 1149 2341 1149 2341 1428 2340 1428 2342 1428 2342 1429 2340 1429 2343 1429 2342 1430 2343 1430 2344 1430 2344 1431 2343 1431 2345 1431 2344 1432 2345 1432 2346 1432 2346 1149 2345 1149 2347 1149 2346 1433 2347 1433 2348 1433 2348 1149 2347 1149 2349 1149 2348 1434 2349 1434 2350 1434 2350 1149 2349 1149 2351 1149 2350 1435 2351 1435 2352 1435 2352 1149 2351 1149 2353 1149 2352 1436 2353 1436 2354 1436 2354 1149 2353 1149 2355 1149 2354 1437 2355 1437 2356 1437 2356 1149 2355 1149 2357 1149 2356 1438 2357 1438 2358 1438 2358 1149 2357 1149 2359 1149 2358 1439 2359 1439 2360 1439 2360 1440 2359 1440 2361 1440 2360 1441 2361 1441 2362 1441 2362 1149 2361 1149 2363 1149 2362 1442 2363 1442 2364 1442 2364 1149 2363 1149 2365 1149 2364 1149 2365 1149 2366 1149 2366 1443 2365 1443 2367 1443 2366 1444 2367 1444 2368 1444 2368 1149 2367 1149 2369 1149 2368 1149 2369 1149 2370 1149 2370 1149 2369 1149 2371 1149 2370 1445 2371 1445 2372 1445 2372 1149 2371 1149 2373 1149 2372 1446 2373 1446 2374 1446 2374 1447 2373 1447 2375 1447 2374 1448 2375 1448 2376 1448 2376 1449 2375 1449 2377 1449 2376 1450 2377 1450 2378 1450 2378 1451 2377 1451 2379 1451 2378 1452 2379 1452 2380 1452 2380 1453 2379 1453 2381 1453 2380 1149 2381 1149 2382 1149 2382 1454 2381 1454 2383 1454 2382 1149 2383 1149 2384 1149 2384 1149 2383 1149 2385 1149 2385 1149 2383 1149 2386 1149 2385 1455 2386 1455 2387 1455 2387 1149 2386 1149 2388 1149 2387 1149 2388 1149 2389 1149 2389 1456 2388 1456 2390 1456 2389 1149 2390 1149 2391 1149 2391 1149 2390 1149 2392 1149 2391 1149 2392 1149 2393 1149 2393 1149 2392 1149 2394 1149 2393 1149 2394 1149 2395 1149 2395 1149 2394 1149 2396 1149 2396 1457 2394 1457 2397 1457 2396 1149 2397 1149 2398 1149 2396 1149 2398 1149 2399 1149 2399 1458 2398 1458 2400 1458 2399 1149 2400 1149 2401 1149 2399 1149 2401 1149 2402 1149 2402 1149 2401 1149 2403 1149 2402 1459 2403 1459 2404 1459 2404 1149 2403 1149 2405 1149 2404 1149 2405 1149 2406 1149 2406 1460 2405 1460 2407 1460 2406 1149 2407 1149 2408 1149 2408 1149 2407 1149 2409 1149 2408 1149 2409 1149 2410 1149 2410 1149 2409 1149 2411 1149 2410 1149 2411 1149 2412 1149 2412 1149 2411 1149 2413 1149 2412 1461 2413 1461 2414 1461 2414 1149 2413 1149 2415 1149 2414 1462 2415 1462 2416 1462 2416 1149 2415 1149 2417 1149 2416 1463 2417 1463 2418 1463 2418 1149 2417 1149 2419 1149 2418 1464 2419 1464 2420 1464 2420 1465 2419 1465 2421 1465 2420 1149 2421 1149 2422 1149 2420 1466 2422 1466 2423 1466 2423 1467 2422 1467 2424 1467 2424 1468 2422 1468 2425 1468 2424 1149 2425 1149 2426 1149 2424 1469 2426 1469 2427 1469 2424 1470 2427 1470 2428 1470 2428 1471 2427 1471 2429 1471 2429 1472 2427 1472 2430 1472 2430 1473 2427 1473 2431 1473 2430 1474 2431 1474 2432 1474 2432 1149 2431 1149 2433 1149 2432 1475 2433 1475 2434 1475 2434 1149 2433 1149 2435 1149 2434 1476 2435 1476 2436 1476 2436 1477 2435 1477 2437 1477 2436 1478 2437 1478 2438 1478 2438 1479 2437 1479 2439 1479 2438 1480 2439 1480 2440 1480 2440 1149 2439 1149 2441 1149 2440 1481 2441 1481 2442 1481 2442 1149 2441 1149 2443 1149 2442 1482 2443 1482 2444 1482 2444 1149 2443 1149 2445 1149 2444 1483 2445 1483 2446 1483 2446 1149 2445 1149 2447 1149 2446 1484 2447 1484 2448 1484 2448 1149 2447 1149 2449 1149 2448 1485 2449 1485 2450 1485 2450 1149 2449 1149 2451 1149 2450 1486 2451 1486 2452 1486 2450 1487 2452 1487 2453 1487 2450 1149 2453 1149 2454 1149 2454 1488 2453 1488 2455 1488 2454 1149 2455 1149 2456 1149 2456 1149 2455 1149 2457 1149 2457 1489 2455 1489 2458 1489 2458 1149 2455 1149 2459 1149 2458 1490 2459 1490 2460 1490 2460 1149 2459 1149 2461 1149 2460 1491 2461 1491 2462 1491 2462 1149 2461 1149 2463 1149 2462 1492 2463 1492 2464 1492 2464 1149 2463 1149 2465 1149 2464 1493 2465 1493 2466 1493 2466 1149 2465 1149 2467 1149 2466 1494 2467 1494 2468 1494 2468 1149 2467 1149 2469 1149 2468 1495 2469 1495 2470 1495 2470 1496 2469 1496 2471 1496 2470 1497 2471 1497 2472 1497 2472 1149 2471 1149 2473 1149 2472 1498 2473 1498 2474 1498 2472 1149 2474 1149 2475 1149 2475 1149 2474 1149 2476 1149 2476 1149 2474 1149 2477 1149 2476 1499 2477 1499 2478 1499 2478 1149 2477 1149 2479 1149 2478 1500 2479 1500 2480 1500 2480 1501 2479 1501 2481 1501 2480 1502 2481 1502 2482 1502 2482 1149 2481 1149 2483 1149 2482 1503 2483 1503 2484 1503 2484 1504 2483 1504 2485 1504 2484 1505 2485 1505 2486 1505 2486 1149 2485 1149 2487 1149 2486 1149 2487 1149 2488 1149 2486 1506 2488 1506 2489 1506 2489 1507 2488 1507 2490 1507 2489 1149 2490 1149 2491 1149 2491 1149 2490 1149 2492 1149 2491 1149 2492 1149 2493 1149 2493 1508 2492 1508 2494 1508 2494 1509 2492 1509 2495 1509 2494 1510 2495 1510 2496 1510 2496 1511 2495 1511 2497 1511 2496 1512 2497 1512 2498 1512 2498 1513 2497 1513 2499 1513 2498 1514 2499 1514 2500 1514 2500 1515 2499 1515 2501 1515 2500 1516 2501 1516 2502 1516 2502 1517 2501 1517 2503 1517 2502 1149 2503 1149 2504 1149 2502 1149 2504 1149 2505 1149 2505 1518 2504 1518 2506 1518 2506 1519 2504 1519 2507 1519 2506 1520 2507 1520 2508 1520 2508 1521 2507 1521 2509 1521 2508 1522 2509 1522 2510 1522 2510 1149 2509 1149 2511 1149 2510 1523 2511 1523 2512 1523 2512 1149 2511 1149 2513 1149 2512 1524 2513 1524 2514 1524 2514 1149 2513 1149 2515 1149 2514 1525 2515 1525 2516 1525 2516 1149 2515 1149 2517 1149 2516 1526 2517 1526 2518 1526 2518 1149 2517 1149 2519 1149 2518 1527 2519 1527 2520 1527 2520 1149 2519 1149 2521 1149 2520 1528 2521 1528 2522 1528 2522 1149 2521 1149 2523 1149 2522 1529 2523 1529 2524 1529 2524 1530 2523 1530 2525 1530 2524 1531 2525 1531 2526 1531 2526 1149 2525 1149 2527 1149 2526 1532 2527 1532 2528 1532 2528 1149 2527 1149 2529 1149 2528 1533 2529 1533 2530 1533 2530 1149 2529 1149 2531 1149 2531 1534 2529 1534 2532 1534 2531 1149 2532 1149 2533 1149 2531 1149 2533 1149 2534 1149 2534 1149 2533 1149 2535 1149 2534 1535 2535 1535 2536 1535 2536 1536 2535 1536 2537 1536 2536 1537 2537 1537 2538 1537 2538 1149 2537 1149 2539 1149 2538 1538 2539 1538 2540 1538 2540 1539 2539 1539 2541 1539 2540 1540 2541 1540 2542 1540 2542 1149 2541 1149 2543 1149 2542 1541 2543 1541 2544 1541 2544 1149 2543 1149 2545 1149 2544 1542 2545 1542 2546 1542 2546 1149 2545 1149 2312 1149 2546 1543 2312 1543 2547 1543 2547 1149 2312 1149 2311 1149</p>
        </triangles>
      </mesh>
    </geometry>
    <geometry id="ID56-mesh" name="ID56">
      <mesh>
        <source id="ID56-mesh-positions">
          <float_array id="ID56-mesh-positions-array" count="18">11535.97 3181.754 -0.2165354 11533.79 3181.209 -0.2165354 11533.79 3181.205 -0.2165354 11533.79 3181.205 -0.2165354 11533.79 3181.209 -0.2165354 11535.97 3181.754 -0.2165354</float_array>
          <technique_common>
            <accessor source="#ID56-mesh-positions-array" count="6" stride="3">
              <param name="X" type="float"/>
              <param name="Y" type="float"/>
              <param name="Z" type="float"/>
            </accessor>
          </technique_common>
        </source>
        <source id="ID56-mesh-normals">
          <float_array id="ID56-mesh-normals-array" count="6">-5.24521e-7 0 1 0 0 -1</float_array>
          <technique_common>
            <accessor source="#ID56-mesh-normals-array" count="2" stride="3">
              <param name="X" type="float"/>
              <param name="Y" type="float"/>
              <param name="Z" type="float"/>
            </accessor>
          </technique_common>
        </source>
        <vertices id="ID56-mesh-vertices">
          <input semantic="POSITION" source="#ID56-mesh-positions"/>
        </vertices>
        <triangles material="Rondin_Orange-material" count="1">
          <input semantic="VERTEX" source="#ID56-mesh-vertices" offset="0"/>
          <input semantic="NORMAL" source="#ID56-mesh-normals" offset="1"/>
          <p>0 0 1 0 2 0</p>
        </triangles>
        <triangles material="Ligne_Blanche-material" count="1">
          <input semantic="VERTEX" source="#ID56-mesh-vertices" offset="0"/>
          <input semantic="NORMAL" source="#ID56-mesh-normals" offset="1"/>
          <p>3 1 4 1 5 1</p>
        </triangles>
      </mesh>
    </geometry>
    <geometry id="ID50-mesh" name="ID50">
      <mesh>
        <source id="ID50-mesh-positions">
          <float_array id="ID50-mesh-positions-array" count="18">11532.08 3180.781 -0.2165354 11532.08 3180.785 -0.2165354 11529.8 3180.217 -0.2165354 11529.8 3180.217 -0.2165354 11532.08 3180.785 -0.2165354 11532.08 3180.781 -0.2165354</float_array>
          <technique_common>
            <accessor source="#ID50-mesh-positions-array" count="6" stride="3">
              <param name="X" type="float"/>
              <param name="Y" type="float"/>
              <param name="Z" type="float"/>
            </accessor>
          </technique_common>
        </source>
        <source id="ID50-mesh-normals">
          <float_array id="ID50-mesh-normals-array" count="6">0 0 1 1.3113e-7 0 -1</float_array>
          <technique_common>
            <accessor source="#ID50-mesh-normals-array" count="2" stride="3">
              <param name="X" type="float"/>
              <param name="Y" type="float"/>
              <param name="Z" type="float"/>
            </accessor>
          </technique_common>
        </source>
        <vertices id="ID50-mesh-vertices">
          <input semantic="POSITION" source="#ID50-mesh-positions"/>
        </vertices>
        <triangles material="Rondin_Orange-material" count="1">
          <input semantic="VERTEX" source="#ID50-mesh-vertices" offset="0"/>
          <input semantic="NORMAL" source="#ID50-mesh-normals" offset="1"/>
          <p>0 0 1 0 2 0</p>
        </triangles>
        <triangles material="Ligne_Blanche-material" count="1">
          <input semantic="VERTEX" source="#ID50-mesh-vertices" offset="0"/>
          <input semantic="NORMAL" source="#ID50-mesh-normals" offset="1"/>
          <p>3 1 4 1 5 1</p>
        </triangles>
      </mesh>
    </geometry>
    <geometry id="ID42-mesh" name="ID42">
      <mesh>
        <source id="ID42-mesh-positions">
          <float_array id="ID42-mesh-positions-array" count="18">10842.85 2998.686 -0.2165354 10842.81 2998.677 -0.2165354 10842.82 2998.675 -0.2165354 10842.82 2998.675 -0.2165354 10842.81 2998.677 -0.2165354 10842.85 2998.686 -0.2165354</float_array>
          <technique_common>
            <accessor source="#ID42-mesh-positions-array" count="6" stride="3">
              <param name="X" type="float"/>
              <param name="Y" type="float"/>
              <param name="Z" type="float"/>
            </accessor>
          </technique_common>
        </source>
        <source id="ID42-mesh-normals">
          <float_array id="ID42-mesh-normals-array" count="6">-1.45322e-6 0 1 1.38716e-6 0 -1</float_array>
          <technique_common>
            <accessor source="#ID42-mesh-normals-array" count="2" stride="3">
              <param name="X" type="float"/>
              <param name="Y" type="float"/>
              <param name="Z" type="float"/>
            </accessor>
          </technique_common>
        </source>
        <vertices id="ID42-mesh-vertices">
          <input semantic="POSITION" source="#ID42-mesh-positions"/>
        </vertices>
        <triangles material="Rondin_Orange-material" count="1">
          <input semantic="VERTEX" source="#ID42-mesh-vertices" offset="0"/>
          <input semantic="NORMAL" source="#ID42-mesh-normals" offset="1"/>
          <p>0 0 1 0 2 0</p>
        </triangles>
        <triangles material="Casino_murs_blanc-material" count="1">
          <input semantic="VERTEX" source="#ID42-mesh-vertices" offset="0"/>
          <input semantic="NORMAL" source="#ID42-mesh-normals" offset="1"/>
          <p>3 1 4 1 5 1</p>
        </triangles>
      </mesh>
    </geometry>
    <geometry id="ID34-mesh" name="ID34">
      <mesh>
        <source id="ID34-mesh-positions">
          <float_array id="ID34-mesh-positions-array" count="30">11532.08 3180.781 -0.2165354 11532.98 3181.009 -0.2165354 11532.08 3180.785 -0.2165354 11532.86 3180.972 -0.2165354 11532.98 3181.003 -0.2165354 11532.98 3181.003 -0.2165354 11532.86 3180.972 -0.2165354 11532.98 3181.009 -0.2165354 11532.08 3180.781 -0.2165354 11532.08 3180.785 -0.2165354</float_array>
          <technique_common>
            <accessor source="#ID34-mesh-positions-array" count="10" stride="3">
              <param name="X" type="float"/>
              <param name="Y" type="float"/>
              <param name="Z" type="float"/>
            </accessor>
          </technique_common>
        </source>
        <source id="ID34-mesh-normals">
          <float_array id="ID34-mesh-normals-array" count="12">-2.17983e-6 0 1 0 0 1 0 0 -1 2.17983e-6 0 -1</float_array>
          <technique_common>
            <accessor source="#ID34-mesh-normals-array" count="4" stride="3">
              <param name="X" type="float"/>
              <param name="Y" type="float"/>
              <param name="Z" type="float"/>
            </accessor>
          </technique_common>
        </source>
        <source id="ID34-mesh-map-0">
          <float_array id="ID34-mesh-map-0-array" count="36">0 0 0 0 0 0 0 0 0 0 0 0 0 0 0 0 0 0 21900.83 2209.692 21900.81 2209.693 21900.83 2209.692 21900.81 2209.693 21900.71 2209.699 21900.83 2209.692 21900.71 2209.7 21900.83 2209.692 21900.71 2209.699</float_array>
          <technique_common>
            <accessor source="#ID34-mesh-map-0-array" count="18" stride="2">
              <param name="S" type="float"/>
              <param name="T" type="float"/>
            </accessor>
          </technique_common>
        </source>
        <vertices id="ID34-mesh-vertices">
          <input semantic="POSITION" source="#ID34-mesh-positions"/>
        </vertices>
        <triangles material="Rondin_Orange-material" count="3">
          <input semantic="VERTEX" source="#ID34-mesh-vertices" offset="0"/>
          <input semantic="NORMAL" source="#ID34-mesh-normals" offset="1"/>
          <input semantic="TEXCOORD" source="#ID34-mesh-map-0" offset="2" set="0"/>
          <p>0 0 0 1 0 1 2 0 2 1 1 3 0 1 4 3 1 5 1 1 6 3 1 7 4 1 8</p>
        </triangles>
        <triangles material="Piste_gris_clair-material" count="3">
          <input semantic="VERTEX" source="#ID34-mesh-vertices" offset="0"/>
          <input semantic="NORMAL" source="#ID34-mesh-normals" offset="1"/>
          <input semantic="TEXCOORD" source="#ID34-mesh-map-0" offset="2" set="0"/>
          <p>5 2 9 6 2 10 7 2 11 6 2 12 8 2 13 7 2 14 9 3 15 7 3 16 8 3 17</p>
        </triangles>
      </mesh>
    </geometry>
    <geometry id="ID26-mesh" name="ID26">
      <mesh>
        <source id="ID26-mesh-positions">
          <float_array id="ID26-mesh-positions-array" count="24">11531.16 3184.54 -0.2165354 11535.57 3185.642 -0.2165354 11528.62 3183.913 -0.2165354 11532.85 3184.959 -0.2165354 11532.85 3184.959 -0.2165354 11531.16 3184.54 -0.2165354 11535.57 3185.642 -0.2165354 11528.62 3183.913 -0.2165354</float_array>
          <technique_common>
            <accessor source="#ID26-mesh-positions-array" count="8" stride="3">
              <param name="X" type="float"/>
              <param name="Y" type="float"/>
              <param name="Z" type="float"/>
            </accessor>
          </technique_common>
        </source>
        <source id="ID26-mesh-normals">
          <float_array id="ID26-mesh-normals-array" count="12">-1.69542e-6 0 1 1.17375e-6 0 1 0 0 -1 8.4771e-7 0 -1</float_array>
          <technique_common>
            <accessor source="#ID26-mesh-normals-array" count="4" stride="3">
              <param name="X" type="float"/>
              <param name="Y" type="float"/>
              <param name="Z" type="float"/>
            </accessor>
          </technique_common>
        </source>
        <vertices id="ID26-mesh-vertices">
          <input semantic="POSITION" source="#ID26-mesh-positions"/>
        </vertices>
        <triangles material="Rondin_Orange-material" count="2">
          <input semantic="VERTEX" source="#ID26-mesh-vertices" offset="0"/>
          <input semantic="NORMAL" source="#ID26-mesh-normals" offset="1"/>
          <p>0 0 1 0 2 0 1 1 0 1 3 1</p>
        </triangles>
        <triangles material="Ligne_Blanche-material" count="2">
          <input semantic="VERTEX" source="#ID26-mesh-vertices" offset="0"/>
          <input semantic="NORMAL" source="#ID26-mesh-normals" offset="1"/>
          <p>4 2 5 2 6 2 7 3 6 3 5 3</p>
        </triangles>
      </mesh>
    </geometry>
    <geometry id="ID18-mesh" name="ID18">
      <mesh>
        <source id="ID18-mesh-positions">
          <float_array id="ID18-mesh-positions-array" count="8289">-12031.63 -3753.247 -0.2165354 -12031.86 -3754.239 19.4685 -12031.86 -3754.239 -0.2165354 -12031.63 -3753.247 19.4685 -12031.41 -3752.255 -0.2165354 -12031.63 -3753.247 19.4685 -12031.63 -3753.247 -0.2165354 -12031.41 -3752.255 19.4685 -4601.588 2925.979 19.4685 -4597.716 2926.158 19.4685 -4600.608 3042.204 19.4685 -4589.874 2810.558 19.4685 -4586.023 2810.949 19.4685 -12077.96 -3949.762 19.4685 -12077.31 -3985.091 19.4685 -12075.37 -3932.316 19.4685 -12077.93 -4002.572 19.4685 -12076.05 -3967.645 19.4685 -12074.13 -3950.259 19.4685 -12072.13 -3914.98 19.4685 -12071.56 -3932.956 19.4685 -12068.27 -3897.871 19.4685 -12068.34 -3915.762 19.4685 -12064.49 -3898.724 19.4685 -12027.02 -3715.27 19.4685 -12031.86 -3754.239 19.4685 -12031.63 -3753.247 19.4685 -12031.41 -3752.255 19.4685 -12022.91 -3714.612 19.4685 -11803.25 -2724.584 19.4685 -11799.48 -2725.46 19.4685 -11790.92 -2673.036 19.4685 -11787.16 -2673.983 19.4685 -11777.29 -2621.783 19.4685 -11773.56 -2622.825 19.4685 -11762.36 -2570.89 19.4685 -11758.66 -2572.026 19.4685 -11746.17 -2520.39 19.4685 -11742.5 -2521.619 19.4685 -11728.7 -2470.314 19.4685 -11725.06 -2471.635 19.4685 -11709.98 -2420.694 19.4685 -11706.37 -2422.107 19.4685 -11690.01 -2371.563 19.4685 -11686.44 -2373.065 19.4685 -11668.81 -2322.95 19.4685 -11665.28 -2324.542 19.4685 -11646.39 -2274.887 19.4685 -11642.9 -2276.567 19.4685 -11622.76 -2227.404 19.4685 -11619.32 -2229.172 19.4685 -11597.95 -2180.533 19.4685 -11594.55 -2182.387 19.4685 -11571.94 -2134.255 19.4685 -11568.61 -2136.229 19.4685 -10522.28 -451.2522 19.4685 -11551.02 -2108.029 19.4685 -11548.97 -2104.745 19.4685 -10519.06 -453.3969 19.4685 -10510.15 -434.1227 19.4685 -10507.12 -436.5458 19.4685 -10495.99 -418.4206 19.4685 -10493.27 -421.1817 19.4685 -10480.08 -404.4863 19.4685 -10477.7 -407.5474 19.4685 -10462.66 -392.5118 19.4685 -10460.65 -395.8307 19.4685 -10443.95 -382.6622 19.4685 -10442.34 -386.1931 19.4685 -10424.21 -375.0732 19.4685 -10423.03 -378.7675 19.4685 -10403.72 -369.8494 19.4685 -10402.99 -373.6561 19.4685 -10382.76 -367.0628 19.4685 -10382.48 -370.9295 19.4685 -10361.62 -366.7518 19.4685 -10361.79 -370.6252 19.4685 -10341.21 -372.7474 19.4685 -10340.59 -368.9207 19.4685 -10321.02 -377.2669 19.4685 -10319.95 -373.5396 19.4685 -10311.29 -380.6815 19.4685 -10300.29 -380.4443 19.4685 -10301.57 -384.0961 19.4685 -9997.296 -490.9362 19.4685 -9996.162 -487.2322 19.4685 -9929.302 -508.7706 19.4685 -9928.599 -504.9534 19.4685 -9886.935 -513.3377 19.4685 -9886.679 -509.4723 19.4685 -9838.943 -514.5126 19.4685 -9839.008 -510.6394 19.4685 -9791.404 -507.8548 19.4685 -9791.018 -511.7093 19.4685 -9744.194 -501.1377 19.4685 -9743.49 -504.9469 19.4685 -9697.703 -490.5341 19.4685 -9696.686 -494.272 19.4685 -9652.249 -476.117 19.4685 -9650.926 -479.7578 19.4685 -9608.145 -457.9854 19.4685 -9606.525 -461.5041 19.4685 -9565.695 -436.2638 19.4685 -9563.789 -439.6362 19.4685 -9525.188 -411.1014 19.4685 -9523.01 -414.3044 19.4685 -9486.905 -382.6711 19.4685 -9484.469 -385.6827 19.4685 -9451.107 -351.1682 19.4685 -9448.43 -353.9677 19.4685 -9421.639 -320.5468 19.4685 -9418.824 -323.2034 19.4685 -8342.127 845.98 19.4685 -8339.273 843.3672 19.4685 -8334.273 854.7635 19.4685 -8339.258 843.3834 19.4685 -8331.37 852.2038 19.4685 -8323.234 867.4661 19.4685 -8320.276 864.9687 19.4685 -8312.582 880.4487 19.4685 -8309.555 878.0362 19.4685 -8302.304 893.7285 19.4685 -8299.208 891.4029 19.4685 -8292.407 907.2947 19.4685 -8289.248 905.0581 19.4685 -8282.899 921.1365 19.4685 -8279.677 918.9904 19.4685 -8273.788 935.2427 19.4685 -8270.506 933.1889 19.4685 -8265.081 949.6018 19.4685 -8261.742 947.642 19.4685 -8256.785 964.2024 19.4685 -8253.392 962.3381 19.4685 -8248.907 979.0326 19.4685 -8245.462 977.2654 19.4685 -8241.453 994.0805 19.4685 -8237.959 992.4118 19.4685 -8234.43 1009.334 19.4685 -8230.89 1007.765 19.4685 -8227.95 1024.528 19.4685 -8224.287 1023.25 19.4685 -8223.735 1039.853 19.4685 -8220.008 1038.807 19.4685 -8219.253 1055.494 19.4685 -8215.539 1054.408 19.4685 -8214.607 1071.086 19.4685 -8210.904 1069.961 19.4685 -8209.794 1086.628 19.4685 -8206.104 1085.464 19.4685 -8204.819 1102.119 19.4685 -8201.14 1100.915 19.4685 -8199.678 1117.555 19.4685 -8196.012 1116.313 19.4685 -8194.374 1132.936 19.4685 -8190.721 1131.655 19.4685 -8188.906 1148.26 19.4685 -8185.268 1146.94 19.4685 -8183.271 1163.539 19.4685 -8179.651 1162.17 19.4685 -8179.366 1173.614 19.4685 -8175.773 1172.175 19.4685 -8175.232 1183.614 19.4685 -8171.672 1182.095 19.4685 -8170.877 1193.518 19.4685 -8167.352 1191.921 19.4685 -8166.301 1203.324 19.4685 -8162.812 1201.648 19.4685 -8161.509 1213.025 19.4685 -8158.059 1211.272 19.4685 -8156.501 1222.616 19.4685 -8153.09 1220.787 19.4685 -8154.073 1227.024 19.4685 -8151.281 1232.094 19.4685 -8150.684 1225.157 19.4685 -8145.852 1241.454 19.4685 -8147.912 1230.189 19.4685 -8142.525 1239.474 19.4685 -8140.214 1250.689 19.4685 -8136.934 1248.636 19.4685 -8134.374 1259.798 19.4685 -8131.138 1257.672 19.4685 -8128.33 1268.773 19.4685 -8125.144 1266.576 19.4685 -8122.197 1277.457 19.4685 -8118.979 1275.306 19.4685 -8079.415 1345.125 19.4685 -8076.227 1342.924 19.4685 -7983.067 1473.339 19.4685 -7980.067 1470.889 19.4685 -7876.708 1593.378 19.4685 -7873.915 1590.694 19.4685 -7761.025 1704.461 19.4685 -7758.458 1701.561 19.4685 -7636.773 1805.866 19.4685 -7634.447 1802.769 19.4685 -7504.758 1896.935 19.4685 -7502.689 1893.66 19.4685 -7365.837 1977.076 19.4685 -7364.039 1973.646 19.4685 -7220.914 2045.769 19.4685 -7219.396 2042.205 19.4685 -7070.928 2102.567 19.4685 -7069.703 2098.892 19.4685 -6916.855 2147.102 19.4685 -6915.93 2143.34 19.4685 -6759.696 2179.083 19.4685 -6759.078 2175.259 19.4685 -6600.263 2198.328 19.4685 -6600.111 2194.448 19.4685 -5102.183 2135.161 19.4685 -5102.16 2131.286 19.4685 -5023.607 2139.391 19.4685 -5023.027 2135.546 19.4685 -4924.322 2164.282 19.4685 -4923.02 2160.618 19.4685 -4831.605 2207.648 19.4685 -4829.628 2204.3 19.4685 -4748.858 2267.898 19.4685 -4746.279 2264.988 19.4685 -4679.118 2342.82 19.4685 -4676.031 2340.455 19.4685 -4624.943 2429.665 19.4685 -4621.462 2427.933 19.4685 -4588.321 2525.248 19.4685 -4584.574 2524.211 19.4685 -4570.598 2626.059 19.4685 -4566.721 2625.756 19.4685 -4568.559 2728.842 19.4685 -4566.891 2635.301 19.4685 -4589.846 2810.279 19.4685 -4586.016 2810.879 19.4685 -4572.422 2728.4 19.4685 -12081.76 -4020.145 19.4685 -12081.18 -3984.882 19.4685 -12081.8 -4002.508 19.4685 -12081.07 -4037.768 19.4685 -12079.9 -3967.292 19.4685 -12079.71 -4055.352 19.4685 -12077.89 -4020.064 19.4685 -12077.7 -4072.874 19.4685 -12077.2 -4037.542 19.4685 -12075.03 -4090.308 19.4685 -12075.86 -4054.983 19.4685 -12073.86 -4072.361 19.4685 -12071.68 -4107.857 19.4685 -12071.22 -4089.652 19.4685 -12067.92 -4106.889 19.4685 -12049.86 -4174.636 19.4685 -12046.31 -4173.035 19.4685 -12014.11 -4235.384 19.4685 -12010.99 -4233.06 19.4685 -11966.18 -4287.058 19.4685 -11963.62 -4284.117 19.4685 -11908.28 -4327.253 19.4685 -11906.41 -4323.834 19.4685 -11843.11 -4354.101 19.4685 -11842.02 -4350.363 19.4685 -11773.7 -4366.355 19.4685 -11773.44 -4362.47 19.4685 -11707.16 -4363.603 19.4685 -11718.5 -4360.198 19.4685 -11703.85 -4359.593 19.4685 -11703.27 -4363.442 19.4685 -11636.5 -4341.865 19.4685 -11635.11 -4345.501 19.4685 -11574.51 -4310.11 19.4685 -11572.38 -4313.363 19.4685 -11520.78 -4265.806 19.4685 -11517.99 -4268.525 19.4685 -11489.85 -4226.383 19.4685 -11486.24 -4228.055 19.4685 -11477.79 -4211.012 19.4685 -11474.49 -4213.071 19.4685 -11447.61 -4148.402 19.4685 -11444.12 -4150.082 19.4685 -11447.58 -4148.339 19.4685 -11447.03 -4146.79 19.4685 -11427.82 -4092.69 19.4685 -11444 -4149.831 19.4685 -11443.57 -4148.615 19.4685 -11344.19 -3868.723 19.4685 -11347.84 -3867.428 19.4685 -11339.88 -3845.01 19.4685 -11336.31 -3846.508 19.4685 -11325.75 -3815.931 19.4685 -11322.36 -3817.816 19.4685 -11308.48 -3788.599 19.4685 -11305.32 -3790.848 19.4685 -11288.29 -3763.351 19.4685 -11285.4 -3765.936 19.4685 -11265.42 -3740.499 19.4685 -11262.83 -3743.389 19.4685 -11240.15 -3720.325 19.4685 -11237.91 -3723.484 19.4685 -11212.81 -3703.078 19.4685 -11210.92 -3706.467 19.4685 -11183.71 -3688.971 19.4685 -11182.22 -3692.548 19.4685 -11173.14 -3685.225 19.4685 -11152.15 -3681.899 19.4685 -11153.24 -3678.179 19.4685 -11121.75 -3670.833 19.4685 -11121.08 -3674.652 19.4685 -11089.65 -3667.026 19.4685 -11089.41 -3670.895 19.4685 -11089.43 -3667.025 19.4685 -11065.88 -3666.863 19.4685 -11065.9 -3670.734 19.4685 -11057.45 -3670.911 19.4685 -11057.31 -3667.042 19.4685 -9693.186 -3737.416 19.4685 -9692.997 -3733.551 19.4685 -9556.14 -3744.097 19.4685 -9556.012 -3740.228 19.4685 -9471.29 -3745.596 19.4685 -9471.22 -3741.726 19.4685 -9421.278 -3746.479 19.4685 -9421.27 -3742.608 19.4685 -9286.406 -3744.673 19.4685 -9286.518 -3740.804 19.4685 -9177.425 -3735.952 19.4685 -9177.252 -3739.819 19.4685 -9151.888 -3734.817 19.4685 -9151.656 -3738.681 19.4685 -9017.508 -3724.653 19.4685 -9017.156 -3728.508 19.4685 -8883.508 -3710.322 19.4685 -8883.037 -3714.164 19.4685 -8750.018 -3691.838 19.4685 -8749.428 -3695.664 19.4685 -8617.166 -3669.219 19.4685 -8616.458 -3673.025 19.4685 -8485.081 -3642.486 19.4685 -8484.253 -3646.268 19.4685 -8363.291 -3613.875 19.4685 -8362.406 -3617.643 19.4685 -8353.889 -3611.666 19.4685 -8352.945 -3615.42 19.4685 -8223.717 -3576.788 19.4685 -8222.657 -3580.511 19.4685 -8094.527 -3537.836 19.4685 -8092.441 -3541.249 19.4685 -8093.559 -3537.543 19.4685 -3054.653 -1932.509 19.4685 -3053.788 -1936.296 19.4685 -3054.19 -1932.443 19.4685 -3028.493 -1928.81 19.4685 -3028.092 -1932.662 19.4685 -3028.351 -1928.8 19.4685 -3002.071 -1927.036 19.4685 -3001.954 -1930.908 19.4685 -2982.623 -1927.161 19.4685 -2982.648 -1931.032 19.4685 -2975.757 -1931.076 19.4685 -2975.59 -1927.206 19.4685 -2949.644 -1933.166 19.4685 -2949.193 -1929.319 19.4685 -2923.754 -1937.166 19.4685 -2923.023 -1933.363 19.4685 -2898.228 -1943.056 19.4685 -2897.219 -1939.316 19.4685 -2873.202 -1950.802 19.4685 -2871.922 -1947.147 19.4685 -2848.813 -1960.364 19.4685 -2847.268 -1956.813 19.4685 -2825.191 -1971.69 19.4685 -2823.389 -1968.262 19.4685 -2802.464 -1984.719 19.4685 -2800.415 -1981.432 19.4685 -2780.753 -1999.38 19.4685 -2778.469 -1996.252 19.4685 -2760.15 -2015.617 19.4685 -2757.664 -2012.648 19.4685 -2732.252 -2040.452 19.4685 -2729.509 -2037.712 19.4685 -2707.561 -2068.278 19.4685 -2704.515 -2065.879 19.4685 -2686.306 -2098.809 19.4685 -2682.999 -2096.785 19.4685 -2670.501 -2128.405 19.4685 -2667.033 -2126.682 19.4685 -2654.255 -2163.671 19.4685 -2650.785 -2161.952 19.4685 -2647.582 -2176.226 19.4685 -2644.268 -2174.215 19.4685 -2643.271 -2182.499 19.4685 -2640.081 -2180.307 19.4685 -2641.526 -2185.037 19.4685 -2634.51 -2193.105 19.4685 -2638.461 -2182.664 19.4685 -2631.734 -2190.399 19.4685 -2626.624 -2200.325 19.4685 -2624.172 -2197.322 19.4685 -2617.97 -2206.605 19.4685 -2615.875 -2203.343 19.4685 -2614.217 -2208.724 19.4685 -2612.277 -2205.375 19.4685 -2608.66 -2211.862 19.4685 -2606.948 -2208.384 19.4685 -2598.813 -2216.03 19.4685 -2597.507 -2212.38 19.4685 -2588.558 -2219.054 19.4685 -2587.674 -2215.279 19.4685 -2578.026 -2220.896 19.4685 -2577.576 -2217.045 19.4685 -2567.353 -2221.531 19.4685 -2567.342 -2217.655 19.4685 -2556.676 -2220.952 19.4685 -2557.106 -2217.1 19.4685 -2539.739 -2214.157 19.4685 -2538.805 -2217.925 19.4685 -2413.32 -2172.553 19.4685 -2412.127 -2176.236 19.4685 -2213.615 -2108.942 19.4685 4721.132 95.91058 19.4685 3165.1 -395.6678 19.4685 4721.372 95.9878 19.4685 5960.746 494.8251 19.4685 4722.145 96.23368 19.4685 4722.198 96.25071 19.4685 4722.731 96.42056 19.4685 5714.448 412.3109 19.4685 5961.984 491.1581 19.4685 5960.809 494.8466 19.4685 6033.604 519.4336 19.4685 6034.871 515.7763 19.4685 6106.184 545.2178 19.4685 6107.508 541.5807 19.4685 6178.354 572.1319 19.4685 6179.734 568.5161 19.4685 6250.093 600.1695 19.4685 6251.53 596.5756 19.4685 6321.387 629.3237 19.4685 6322.88 625.7526 19.4685 6392.217 659.5874 19.4685 6393.765 656.0401 19.4685 6462.566 690.9532 19.4685 6464.169 687.4305 19.4685 6532.416 723.4135 19.4685 6534.075 719.9163 19.4685 6601.751 756.9604 19.4685 6603.464 753.4895 19.4685 6670.554 791.5857 19.4685 6672.321 788.1419 19.4685 6731.175 823.2891 19.4685 6732.969 819.8592 19.4685 6738.808 827.2809 19.4685 6740.629 823.8651 19.4685 6808.447 865.0963 19.4685 6810.261 861.6773 19.4685 9005.907 2004.474 19.4685 9007.689 2001.038 19.4685 9006.005 2004.526 19.4685 9122.069 2065.82 19.4685 9007.813 2001.103 19.4685 9123.888 2062.403 19.4685 9237.333 2127.692 19.4685 9239.176 2124.288 19.4685 9242.243 2130.37 19.4685 9244.716 2127.31 19.4685 9242.713 2130.627 19.4685 9352.179 2190.343 19.4685 9354.043 2186.952 19.4685 9466.598 2253.769 19.4685 9468.486 2250.39 19.4685 9580.584 2317.966 19.4685 9582.496 2314.6 19.4685 9694.136 2382.933 19.4685 9696.069 2379.58 19.4685 9807.244 2448.666 19.4685 9809.2 2445.326 19.4685 9919.906 2515.163 19.4685 9921.885 2511.836 19.4685 10032.11 2582.419 19.4685 10034.12 2579.106 19.4685 10032.19 2582.468 19.4685 10094.57 2626.307 19.4685 10034.42 2579.301 19.4685 10096.75 2623.113 19.4685 10158.01 2668.556 19.4685 10160.12 2665.308 19.4685 10222.5 2709.196 19.4685 10224.52 2705.896 19.4685 10287.99 2748.203 19.4685 10289.93 2744.852 19.4685 10354.44 2785.55 19.4685 10356.29 2782.152 19.4685 10421.8 2821.215 19.4685 10423.57 2817.772 19.4685 10490.05 2855.176 19.4685 10491.73 2851.689 19.4685 10559.12 2887.41 19.4685 10560.71 2883.882 19.4685 10628.98 2917.897 19.4685 10630.49 2914.33 19.4685 10699.59 2946.618 19.4685 10701.01 2943.015 19.4685 10770.9 2973.555 19.4685 10772.22 2969.917 19.4685 10842.75 2998.653 19.4685 10844.03 2994.999 19.4685 10842.82 2998.675 19.4685 10842.85 2998.686 19.4685 10871.36 3007.045 19.4685 10872.45 3003.331 19.4685 10928.49 3023.671 19.4685 10900.99 3011.698 19.4685 10929.57 3019.952 19.4685 10957.07 3031.928 19.4685 10958.14 3028.207 19.4685 11014.3 3048.219 19.4685 11015.35 3044.494 19.4685 11034.71 3053.943 19.4685 11035.75 3050.216 19.4685 11053.25 3059.144 19.4685 11054.19 3055.387 19.4685 11071.58 3064.286 19.4685 11072.62 3060.557 19.4685 11088.52 3068.964 19.4685 11089.55 3065.234 19.4685 11103.24 3073.033 19.4685 11104.18 3069.276 19.4685 11117.63 3077.008 19.4685 11118.81 3073.318 19.4685 11128.93 3080.13 19.4685 11129.96 3076.397 19.4685 11186.34 3095.75 19.4685 11187.35 3092.014 19.4685 11243.82 3111.147 19.4685 11244.81 3107.406 19.4685 11301.35 3126.319 19.4685 11302.33 3122.574 19.4685 11358.94 3141.266 19.4685 11359.9 3137.518 19.4685 11416.59 3155.989 19.4685 11405.25 3149.099 19.4685 11417.54 3152.237 19.4685 11445.44 3163.238 19.4685 11446.38 3159.484 19.4685 11474.29 3170.487 19.4685 11475.23 3166.731 19.4685 11528.62 3183.913 19.4685 11517.87 3177.269 19.4685 11529.8 3180.217 19.4685 11531.16 3184.54 19.4685 11532.08 3180.785 19.4685 11532.85 3184.959 19.4685 11532.98 3181.009 19.4685 11535.57 3185.642 19.4685 11533.79 3181.209 19.4685 11535.97 3181.754 19.4685 11577.43 3196.152 19.4685 11557.18 3187.078 19.4685 11578.39 3192.403 19.4685 11622.68 3208.059 19.4685 11623.68 3204.321 19.4685 11667.78 3220.478 19.4685 11668.83 3216.752 19.4685 11712.75 3233.407 19.4685 11713.84 3229.694 19.4685 11757.56 3246.847 19.4685 11740.7 3237.751 19.4685 11758.7 3243.146 19.4685 11802.22 3260.793 19.4685 11794.01 3254.176 19.4685 11803.4 3257.105 19.4685 11846.72 3275.246 19.4685 11847.94 3271.572 19.4685 11891.05 3290.202 19.4685 11892.31 3286.542 19.4685 11935.27 3305.68 19.4685 11902.22 3290.013 19.4685 11905.88 3291.293 19.4685 11936.73 3302.093 19.4685 11972.82 3323.327 19.4685 11974.93 3320.04 19.4685 12004.61 3350.158 19.4685 12007.49 3347.529 19.4685 12028.37 3384.303 19.4685 12031.83 3382.51 19.4685 12042.48 3423.433 19.4685 12046.29 3422.6 19.4685 12045.98 3464.883 19.4685 -4596.739 3041.959 19.4685 -4586.924 3157.626 19.4685 -4583.105 3156.959 19.4685 -4560.701 3270.859 19.4685 -4556.978 3269.779 19.4685 -4522.252 3380.545 19.4685 -4518.67 3379.064 19.4685 -4472.04 3485.369 19.4685 -4468.641 3483.506 19.4685 -4410.666 3584.074 19.4685 -4407.491 3581.85 19.4685 -4338.867 3675.475 19.4685 -4335.954 3672.917 19.4685 -4257.503 3758.477 19.4685 -4254.888 3755.616 19.4685 -4167.551 3832.083 19.4685 -4165.264 3828.954 19.4685 -4070.089 3895.412 19.4685 -4068.158 3892.051 19.4685 -3978.611 3941.494 19.4685 -3976.87 3938.038 19.4685 -3960.19 3950.774 19.4685 -3969.842 3941.579 19.4685 -3958.471 3947.306 19.4685 -3893.444 3983.301 19.4685 -3891.795 3979.8 19.4685 -3825.833 4014.07 19.4685 -3824.277 4010.526 19.4685 -3757.434 4043.045 19.4685 -3755.971 4039.462 19.4685 -3688.294 4070.206 19.4685 -3686.927 4066.585 19.4685 -3618.462 4095.534 19.4685 -3617.191 4091.878 19.4685 -3547.987 4119.011 19.4685 -3546.812 4115.322 19.4685 -3476.916 4140.62 19.4685 -3475.839 4136.902 19.4685 -3405.3 4160.348 19.4685 -3404.322 4156.603 19.4685 -3333.189 4178.18 19.4685 -3332.31 4174.41 19.4685 -3260.633 4194.103 19.4685 -3259.853 4190.311 19.4685 -3187.681 4208.107 19.4685 -3187.002 4204.296 19.4685 -3114.382 4220.183 19.4685 -3113.806 4216.355 19.4685 -2941.859 4243.668 19.4685 -2941.337 4239.833 19.4685 -2567.83 4294.583 19.4685 -2567.365 4290.74 19.4685 -2019.313 4352.785 19.4685 -2018.961 4348.93 19.4685 -1469.314 4394.738 19.4685 -1469.076 4390.874 19.4685 -918.3142 4420.404 19.4685 -918.1913 4416.535 19.4685 -366.7968 4429.761 19.4685 -366.7884 4425.89 19.4685 184.756 4422.801 19.4685 184.65 4418.932 19.4685 735.6412 4395.665 19.4685 735.8617 4399.53 19.4685 1285.703 4356.112 19.4685 1286.038 4359.968 19.4685 1834.355 4300.306 19.4685 1834.803 4304.151 19.4685 2381.115 4228.296 19.4685 2381.677 4232.126 19.4685 2925.507 4140.146 19.4685 2926.182 4143.957 19.4685 3467.034 4035.935 19.4685 3467.765 4039.736 19.4685 3467.127 4035.913 19.4685 3505.785 4025.463 19.4685 3468.137 4039.65 19.4685 3468.584 4039.529 19.4685 3506.981 4029.15 19.4685 3543.277 4011.209 19.4685 3544.832 4014.759 19.4685 3579.17 3993.308 19.4685 3581.069 3996.686 19.4685 3613.112 3971.936 19.4685 3615.337 3975.109 19.4685 3644.767 3947.305 19.4685 3647.296 3950.241 19.4685 3673.824 3919.656 19.4685 3676.632 3922.327 19.4685 3699.997 3889.262 19.4685 3703.055 3891.642 19.4685 3723.027 3856.423 19.4685 3726.307 3858.488 19.4685 3742.688 3821.463 19.4685 3746.156 3823.192 19.4685 3758.786 3784.725 19.4685 3762.408 3786.102 19.4685 3771.161 3746.572 19.4685 3774.902 3747.583 19.4685 3779.679 3707.449 19.4685 3783.457 3708.288 19.4685 3792.605 3650.464 19.4685 3796.307 3651.643 19.4685 3796.33 3651.541 19.4685 3812.058 3595.439 19.4685 3815.632 3596.942 19.4685 3837.788 3543.054 19.4685 3841.162 3544.964 19.4685 3869.445 3494.023 19.4685 3872.573 3496.313 19.4685 3906.597 3449.013 19.4685 3909.438 3451.652 19.4685 3948.739 3408.637 19.4685 3951.253 3411.589 19.4685 3995.297 3373.445 19.4685 3997.45 3376.669 19.4685 4045.638 3343.915 19.4685 4047.401 3347.368 19.4685 4099.014 3320.477 19.4685 4100.179 3324.193 19.4685 4252.399 3290.343 19.4685 4100.514 3324.127 19.4685 4253.145 3294.141 19.4685 4652.328 3211.773 19.4685 4653.01 3215.584 19.4685 4688.163 3205.981 19.4685 4688.834 3209.793 19.4685 5006.498 3145.392 19.4685 5007.162 3149.206 19.4685 5491.276 3068.817 19.4685 5491.82 3072.65 19.4685 5978.221 3007.506 19.4685 5717.335 3044.255 19.4685 5721.175 3043.772 19.4685 5978.644 3011.354 19.4685 6466.851 2961.521 19.4685 6467.153 2965.38 19.4685 6956.685 2930.905 19.4685 6467.572 2965.354 19.4685 6956.864 2934.772 19.4685 7447.237 2915.691 19.4685 7447.296 2919.561 19.4685 7938.026 2915.892 19.4685 7937.963 2919.762 19.4685 8428.383 2935.375 19.4685 8428.567 2931.508 19.4685 8918.07 2966.384 19.4685 8918.375 2962.525 19.4685 9406.541 3012.758 19.4685 9406.967 3008.911 19.4685 9893.34 3074.456 19.4685 9893.868 3070.621 19.4685 9954.068 3083.444 19.4685 9954.654 3079.618 19.4685 10014.72 3093.063 19.4685 10015.35 3089.244 19.4685 10075.28 3103.309 19.4685 10075.94 3099.496 19.4685 10135.72 3114.181 19.4685 10136.43 3110.375 19.4685 10196.05 3125.676 19.4685 10196.8 3121.878 19.4685 10256.26 3137.794 19.4685 10257.05 3134.004 19.4685 10316.34 3150.534 19.4685 10317.17 3146.752 19.4685 10376.29 3163.894 19.4685 10377.15 3160.12 19.4685 10436.09 3177.873 19.4685 10436.99 3174.108 19.4685 10495.75 3192.469 19.4685 10496.69 3188.714 19.4685 10555.25 3207.681 19.4685 10556.23 3203.936 19.4685 10614.5 3223.482 19.4685 10615.58 3219.766 19.4685 11837.28 3612.972 19.4685 11838.45 3609.284 19.4685 11837.93 3613.134 19.4685 11879.21 3620.538 19.4685 11838.62 3609.325 19.4685 11879.39 3616.638 19.4685 11921.68 3616.948 19.4685 11920.84 3613.134 19.4685 11959.97 3599.022 19.4685 11961.77 3602.49 19.4685 11994.12 3575.263 19.4685 11996.75 3578.149 19.4685 12020.95 3543.476 19.4685 12024.24 3545.583 19.4685 12038.64 3505.827 19.4685 12042.36 3507.012 19.4685 12049.88 3465.065 19.4685 -12031.86 -3754.239 -0.2165354 -12064.49 -3898.724 19.4685 -12064.49 -3898.724 -0.2165354 -12031.86 -3754.239 19.4685 -12022.91 -3714.612 -0.2165354 -12031.41 -3752.255 19.4685 -12031.41 -3752.255 -0.2165354 -12022.91 -3714.612 19.4685 -11799.48 -2725.46 -0.2165354 -12022.91 -3714.612 19.4685 -12022.91 -3714.612 -0.2165354 -11799.48 -2725.46 19.4685 -11787.16 -2673.983 -0.2165354 -11799.48 -2725.46 19.4685 -11799.48 -2725.46 -0.2165354 -11787.16 -2673.983 19.4685 -11773.56 -2622.825 -0.2165354 -11773.56 -2622.825 19.4685 -11758.66 -2572.026 -0.2165354 -11758.66 -2572.026 19.4685 -11742.5 -2521.619 -0.2165354 -11742.5 -2521.619 19.4685 -11725.06 -2471.635 -0.2165354 -11725.06 -2471.635 19.4685 -11706.37 -2422.107 -0.2165354 -11706.37 -2422.107 19.4685 -11686.44 -2373.065 -0.2165354 -11686.44 -2373.065 19.4685 -11665.28 -2324.542 -0.2165354 -11665.28 -2324.542 19.4685 -11642.9 -2276.567 -0.2165354 -11642.9 -2276.567 19.4685 -11619.32 -2229.172 -0.2165354 -11619.32 -2229.172 19.4685 -11594.55 -2182.387 -0.2165354 -11594.55 -2182.387 19.4685 -11568.61 -2136.229 -0.2165354 -11568.61 -2136.229 19.4685 -11551.02 -2108.029 -0.2165354 -11568.61 -2136.229 19.4685 -11568.61 -2136.229 -0.2165354 -11551.02 -2108.029 19.4685 -11548.97 -2104.745 -0.2165354 -11551.02 -2108.029 19.4685 -11551.02 -2108.029 -0.2165354 -11548.97 -2104.745 19.4685 -10519.06 -453.3969 -0.2165354 -11548.97 -2104.745 19.4685 -11548.97 -2104.745 -0.2165354 -10519.06 -453.3969 19.4685 -10507.12 -436.5458 -0.2165354 -10519.06 -453.3969 19.4685 -10519.06 -453.3969 -0.2165354 -10507.12 -436.5458 19.4685 -10493.27 -421.1817 -0.2165354 -10493.27 -421.1817 19.4685 -10477.7 -407.5474 19.4685 -10477.7 -407.5474 -0.2165354 -10460.65 -395.8307 19.4685 -10460.65 -395.8307 -0.2165354 -10442.34 -386.1931 19.4685 -10442.34 -386.1931 -0.2165354 -10423.03 -378.7675 19.4685 -10423.03 -378.7675 -0.2165354 -10402.99 -373.6561 19.4685 -10402.99 -373.6561 -0.2165354 -10382.48 -370.9295 19.4685 -10382.48 -370.9295 -0.2165354 -10361.79 -370.6252 19.4685 -10361.79 -370.6252 -0.2165354 -10341.21 -372.7474 -0.2165354 -10341.21 -372.7474 19.4685 -10321.02 -377.2669 19.4685 -10321.02 -377.2669 -0.2165354 -10311.29 -380.6815 19.4685 -10321.02 -377.2669 -0.2165354 -10311.29 -380.6815 -0.2165354 -10321.02 -377.2669 19.4685 -10301.57 -384.0961 -0.2165354 -10311.29 -380.6815 19.4685 -10311.29 -380.6815 -0.2165354 -10301.57 -384.0961 19.4685 -9997.296 -490.9362 -0.2165354 -10301.57 -384.0961 19.4685 -10301.57 -384.0961 -0.2165354 -9997.296 -490.9362 19.4685 -9929.302 -508.7706 -0.2165354 -9997.296 -490.9362 19.4685 -9997.296 -490.9362 -0.2165354 -9929.302 -508.7706 19.4685 -9886.935 -513.3377 19.4685 -9929.302 -508.7706 -0.2165354 -9886.935 -513.3377 -0.2165354 -9929.302 -508.7706 19.4685 -9838.943 -514.5126 -0.2165354 -9838.943 -514.5126 19.4685 -9791.018 -511.7093 19.4685 -9791.018 -511.7093 -0.2165354 -9743.49 -504.9469 19.4685 -9743.49 -504.9469 -0.2165354 -9696.686 -494.272 19.4685 -9696.686 -494.272 -0.2165354 -9650.926 -479.7578 19.4685 -9650.926 -479.7578 -0.2165354 -9606.525 -461.5041 19.4685 -9606.525 -461.5041 -0.2165354 -9563.789 -439.6362 19.4685 -9563.789 -439.6362 -0.2165354 -9523.01 -414.3044 19.4685 -9523.01 -414.3044 -0.2165354 -9484.469 -385.6827 19.4685 -9484.469 -385.6827 -0.2165354 -9448.43 -353.9677 19.4685 -9448.43 -353.9677 -0.2165354 -9418.824 -323.2034 -0.2165354 -9448.43 -353.9677 19.4685 -9448.43 -353.9677 -0.2165354 -9418.824 -323.2034 19.4685 -8339.273 843.3672 -0.2165354 -9418.824 -323.2034 19.4685 -9418.824 -323.2034 -0.2165354 -8339.273 843.3672 19.4685 -8339.258 843.3834 -0.2165354 -8339.273 843.3672 19.4685 -8339.273 843.3672 -0.2165354 -8339.258 843.3834 19.4685 -8331.37 852.2038 -0.2165354 -8339.258 843.3834 19.4685 -8339.258 843.3834 -0.2165354 -8331.37 852.2038 19.4685 -8320.276 864.9687 -0.2165354 -8331.37 852.2038 19.4685 -8331.37 852.2038 -0.2165354 -8320.276 864.9687 19.4685 -8309.555 878.0362 -0.2165354 -8309.555 878.0362 19.4685 -8299.208 891.4029 -0.2165354 -8299.208 891.4029 19.4685 -8289.248 905.0581 -0.2165354 -8289.248 905.0581 19.4685 -8279.677 918.9904 -0.2165354 -8279.677 918.9904 19.4685 -8270.506 933.1889 -0.2165354 -8270.506 933.1889 19.4685 -8261.742 947.642 -0.2165354 -8261.742 947.642 19.4685 -8253.392 962.3381 -0.2165354 -8253.392 962.3381 19.4685 -8245.462 977.2654 -0.2165354 -8245.462 977.2654 19.4685 -8237.959 992.4118 -0.2165354 -8237.959 992.4118 19.4685 -8230.89 1007.765 -0.2165354 -8230.89 1007.765 19.4685 -8224.287 1023.25 -0.2165354 -8224.287 1023.25 19.4685 -8220.008 1038.807 -0.2165354 -8224.287 1023.25 19.4685 -8224.287 1023.25 -0.2165354 -8220.008 1038.807 19.4685 -8215.539 1054.408 -0.2165354 -8215.539 1054.408 19.4685 -8210.904 1069.961 -0.2165354 -8210.904 1069.961 19.4685 -8206.104 1085.464 -0.2165354 -8206.104 1085.464 19.4685 -8201.14 1100.915 -0.2165354 -8201.14 1100.915 19.4685 -8196.012 1116.313 -0.2165354 -8196.012 1116.313 19.4685 -8190.721 1131.655 -0.2165354 -8190.721 1131.655 19.4685 -8185.268 1146.94 -0.2165354 -8190.721 1131.655 19.4685 -8190.721 1131.655 -0.2165354 -8185.268 1146.94 19.4685 -8179.651 1162.17 -0.2165354 -8179.651 1162.17 19.4685 -8175.773 1172.175 -0.2165354 -8179.651 1162.17 19.4685 -8179.651 1162.17 -0.2165354 -8175.773 1172.175 19.4685 -8171.672 1182.095 -0.2165354 -8171.672 1182.095 19.4685 -8167.352 1191.921 -0.2165354 -8167.352 1191.921 19.4685 -8162.812 1201.648 -0.2165354 -8162.812 1201.648 19.4685 -8158.059 1211.272 -0.2165354 -8158.059 1211.272 19.4685 -8153.09 1220.787 -0.2165354 -8153.09 1220.787 19.4685 -8150.684 1225.157 -0.2165354 -8150.684 1225.157 19.4685 -8147.912 1230.189 -0.2165354 -8150.684 1225.157 19.4685 -8150.684 1225.157 -0.2165354 -8147.912 1230.189 19.4685 -8142.525 1239.474 -0.2165354 -8142.525 1239.474 19.4685 -8136.934 1248.636 -0.2165354 -8136.934 1248.636 19.4685 -8131.138 1257.672 -0.2165354 -8131.138 1257.672 19.4685 -8125.144 1266.576 -0.2165354 -8125.144 1266.576 19.4685 -8118.979 1275.306 -0.2165354 -8118.979 1275.306 19.4685 -8076.227 1342.924 -0.2165354 -8118.979 1275.306 19.4685 -8118.979 1275.306 -0.2165354 -8076.227 1342.924 19.4685 -7980.067 1470.889 -0.2165354 -7980.067 1470.889 19.4685 -7873.915 1590.694 -0.2165354 -7873.915 1590.694 19.4685 -7758.458 1701.561 19.4685 -7758.458 1701.561 -0.2165354 -7634.447 1802.769 19.4685 -7634.447 1802.769 -0.2165354 -7502.689 1893.66 19.4685 -7502.689 1893.66 -0.2165354 -7364.039 1973.646 19.4685 -7364.039 1973.646 -0.2165354 -7219.396 2042.205 19.4685 -7219.396 2042.205 -0.2165354 -7069.703 2098.892 19.4685 -7069.703 2098.892 -0.2165354 -6915.93 2143.34 19.4685 -6915.93 2143.34 -0.2165354 -6759.078 2175.259 19.4685 -6759.078 2175.259 -0.2165354 -6600.111 2194.448 -0.2165354 -6600.111 2194.448 19.4685 -5102.16 2131.286 -0.2165354 -6600.111 2194.448 19.4685 -6600.111 2194.448 -0.2165354 -5102.16 2131.286 19.4685 -5023.027 2135.546 -0.2165354 -5102.16 2131.286 19.4685 -5102.16 2131.286 -0.2165354 -5023.027 2135.546 19.4685 -4923.02 2160.618 19.4685 -4923.02 2160.618 -0.2165354 -4829.628 2204.3 19.4685 -4829.628 2204.3 -0.2165354 -4746.279 2264.988 19.4685 -4746.279 2264.988 -0.2165354 -4676.031 2340.455 -0.2165354 -4676.031 2340.455 19.4685 -4621.462 2427.933 -0.2165354 -4621.462 2427.933 19.4685 -4584.574 2524.211 -0.2165354 -4584.574 2524.211 19.4685 -4566.721 2625.756 -0.2165354 -4566.721 2625.756 19.4685 -4566.891 2635.301 -0.2165354 -4566.891 2635.301 19.4685 -4568.559 2728.842 -0.2165354 -4566.891 2635.301 19.4685 -4566.891 2635.301 -0.2165354 -4568.559 2728.842 19.4685 -4586.016 2810.879 -0.2165354 -4568.559 2728.842 19.4685 -4568.559 2728.842 -0.2165354 -4586.016 2810.879 19.4685 -4586.023 2810.949 -0.2165354 -4586.016 2810.879 19.4685 -4586.016 2810.879 -0.2165354 -4586.023 2810.949 19.4685 -4589.874 2810.558 19.4685 -4586.023 2810.949 -0.2165354 -4589.874 2810.558 -0.2165354 -4586.023 2810.949 19.4685 -4589.874 2810.558 19.4685 -4589.846 2810.279 -0.2165354 -4589.846 2810.279 19.4685 -4589.874 2810.558 -0.2165354 -4589.846 2810.279 19.4685 -4572.422 2728.4 -0.2165354 -4572.422 2728.4 19.4685 -4589.846 2810.279 -0.2165354 -4572.422 2728.4 19.4685 -4570.598 2626.059 -0.2165354 -4570.598 2626.059 19.4685 -4572.422 2728.4 -0.2165354 -4588.321 2525.248 -0.2165354 -4588.321 2525.248 19.4685 -4624.943 2429.665 -0.2165354 -4624.943 2429.665 19.4685 -4679.118 2342.82 -0.2165354 -4679.118 2342.82 19.4685 -4748.858 2267.898 -0.2165354 -4748.858 2267.898 19.4685 -4831.605 2207.648 -0.2165354 -4831.605 2207.648 19.4685 -4924.322 2164.282 19.4685 -4924.322 2164.282 -0.2165354 -5023.607 2139.391 19.4685 -4924.322 2164.282 -0.2165354 -5023.607 2139.391 -0.2165354 -4924.322 2164.282 19.4685 -5102.183 2135.161 19.4685 -5023.607 2139.391 -0.2165354 -5102.183 2135.161 -0.2165354 -5023.607 2139.391 19.4685 -6600.263 2198.328 19.4685 -5102.183 2135.161 -0.2165354 -6600.263 2198.328 -0.2165354 -5102.183 2135.161 19.4685 -6759.696 2179.083 19.4685 -6600.263 2198.328 -0.2165354 -6759.696 2179.083 -0.2165354 -6600.263 2198.328 19.4685 -6916.855 2147.102 19.4685 -6916.855 2147.102 -0.2165354 -7070.928 2102.567 19.4685 -7070.928 2102.567 -0.2165354 -7220.914 2045.769 -0.2165354 -7220.914 2045.769 19.4685 -7365.837 1977.076 -0.2165354 -7365.837 1977.076 19.4685 -7504.758 1896.935 -0.2165354 -7504.758 1896.935 19.4685 -7636.773 1805.866 -0.2165354 -7636.773 1805.866 19.4685 -7761.025 1704.461 -0.2165354 -7761.025 1704.461 19.4685 -7876.708 1593.378 -0.2165354 -7876.708 1593.378 19.4685 -7983.067 1473.339 -0.2165354 -7983.067 1473.339 19.4685 -8079.415 1345.125 -0.2165354 -8079.415 1345.125 19.4685 -8122.197 1277.457 -0.2165354 -8122.197 1277.457 19.4685 -8122.197 1277.457 19.4685 -8128.33 1268.773 -0.2165354 -8128.33 1268.773 19.4685 -8122.197 1277.457 -0.2165354 -8134.374 1259.798 -0.2165354 -8134.374 1259.798 19.4685 -8140.214 1250.689 -0.2165354 -8140.214 1250.689 19.4685 -8145.852 1241.454 -0.2165354 -8145.852 1241.454 19.4685 -8151.281 1232.094 -0.2165354 -8151.281 1232.094 19.4685 -8154.073 1227.024 -0.2165354 -8154.073 1227.024 19.4685 -8154.073 1227.024 19.4685 -8156.501 1222.616 -0.2165354 -8156.501 1222.616 19.4685 -8154.073 1227.024 -0.2165354 -8161.509 1213.025 -0.2165354 -8161.509 1213.025 19.4685 -8166.301 1203.324 -0.2165354 -8166.301 1203.324 19.4685 -8170.877 1193.518 -0.2165354 -8170.877 1193.518 19.4685 -8175.232 1183.614 -0.2165354 -8175.232 1183.614 19.4685 -8179.366 1173.614 -0.2165354 -8179.366 1173.614 19.4685 -8183.271 1163.539 -0.2165354 -8183.271 1163.539 19.4685 -8183.271 1163.539 19.4685 -8188.906 1148.26 -0.2165354 -8188.906 1148.26 19.4685 -8183.271 1163.539 -0.2165354 -8194.374 1132.936 -0.2165354 -8194.374 1132.936 19.4685 -8194.374 1132.936 19.4685 -8199.678 1117.555 -0.2165354 -8199.678 1117.555 19.4685 -8194.374 1132.936 -0.2165354 -8204.819 1102.119 -0.2165354 -8204.819 1102.119 19.4685 -8209.794 1086.628 -0.2165354 -8209.794 1086.628 19.4685 -8214.607 1071.086 -0.2165354 -8214.607 1071.086 19.4685 -8219.253 1055.494 -0.2165354 -8219.253 1055.494 19.4685 -8223.735 1039.853 -0.2165354 -8223.735 1039.853 19.4685 -8227.95 1024.528 -0.2165354 -8227.95 1024.528 19.4685 -8227.95 1024.528 19.4685 -8234.43 1009.334 -0.2165354 -8234.43 1009.334 19.4685 -8227.95 1024.528 -0.2165354 -8241.453 994.0805 -0.2165354 -8241.453 994.0805 19.4685 -8248.907 979.0326 -0.2165354 -8248.907 979.0326 19.4685 -8256.785 964.2024 -0.2165354 -8256.785 964.2024 19.4685 -8265.081 949.6018 -0.2165354 -8265.081 949.6018 19.4685 -8273.788 935.2427 -0.2165354 -8273.788 935.2427 19.4685 -8282.899 921.1365 -0.2165354 -8282.899 921.1365 19.4685 -8292.407 907.2947 -0.2165354 -8292.407 907.2947 19.4685 -8302.304 893.7285 -0.2165354 -8302.304 893.7285 19.4685 -8312.582 880.4487 -0.2165354 -8312.582 880.4487 19.4685 -8323.234 867.4661 -0.2165354 -8323.234 867.4661 19.4685 -8334.273 854.7635 -0.2165354 -8334.273 854.7635 19.4685 -8334.273 854.7635 19.4685 -8342.127 845.98 -0.2165354 -8342.127 845.98 19.4685 -8334.273 854.7635 -0.2165354 -8342.127 845.98 19.4685 -9421.639 -320.5468 -0.2165354 -9421.639 -320.5468 19.4685 -8342.127 845.98 -0.2165354 -9421.639 -320.5468 19.4685 -9451.107 -351.1682 -0.2165354 -9451.107 -351.1682 19.4685 -9421.639 -320.5468 -0.2165354 -9486.905 -382.6711 19.4685 -9451.107 -351.1682 -0.2165354 -9486.905 -382.6711 -0.2165354 -9451.107 -351.1682 19.4685 -9525.188 -411.1014 19.4685 -9525.188 -411.1014 -0.2165354 -9565.695 -436.2638 -0.2165354 -9565.695 -436.2638 19.4685 -9608.145 -457.9854 19.4685 -9608.145 -457.9854 -0.2165354 -9652.249 -476.117 19.4685 -9652.249 -476.117 -0.2165354 -9697.703 -490.5341 19.4685 -9697.703 -490.5341 -0.2165354 -9744.194 -501.1377 19.4685 -9744.194 -501.1377 -0.2165354 -9791.404 -507.8548 19.4685 -9791.404 -507.8548 -0.2165354 -9839.008 -510.6394 19.4685 -9839.008 -510.6394 -0.2165354 -9886.679 -509.4723 19.4685 -9886.679 -509.4723 -0.2165354 -9928.599 -504.9534 19.4685 -9928.599 -504.9534 -0.2165354 -9996.162 -487.2322 19.4685 -9928.599 -504.9534 -0.2165354 -9996.162 -487.2322 -0.2165354 -9928.599 -504.9534 19.4685 -10300.29 -380.4443 19.4685 -9996.162 -487.2322 -0.2165354 -10300.29 -380.4443 -0.2165354 -9996.162 -487.2322 19.4685 -10319.95 -373.5396 -0.2165354 -10300.29 -380.4443 19.4685 -10300.29 -380.4443 -0.2165354 -10319.95 -373.5396 19.4685 -10340.59 -368.9207 19.4685 -10340.59 -368.9207 -0.2165354 -10361.62 -366.7518 19.4685 -10361.62 -366.7518 -0.2165354 -10382.76 -367.0628 19.4685 -10382.76 -367.0628 -0.2165354 -10403.72 -369.8494 19.4685 -10403.72 -369.8494 -0.2165354 -10424.21 -375.0732 19.4685 -10424.21 -375.0732 -0.2165354 -10443.95 -382.6622 19.4685 -10443.95 -382.6622 -0.2165354 -10462.66 -392.5118 19.4685 -10462.66 -392.5118 -0.2165354 -10480.08 -404.4863 19.4685 -10480.08 -404.4863 -0.2165354 -10495.99 -418.4206 -0.2165354 -10495.99 -418.4206 19.4685 -10510.15 -434.1227 -0.2165354 -10510.15 -434.1227 19.4685 -10522.28 -451.2522 -0.2165354 -10522.28 -451.2522 19.4685 -10522.28 -451.2522 19.4685 -11571.94 -2134.255 -0.2165354 -11571.94 -2134.255 19.4685 -10522.28 -451.2522 -0.2165354 -11571.94 -2134.255 19.4685 -11597.95 -2180.533 -0.2165354 -11597.95 -2180.533 19.4685 -11571.94 -2134.255 -0.2165354 -11622.76 -2227.404 -0.2165354 -11622.76 -2227.404 19.4685 -11646.39 -2274.887 -0.2165354 -11646.39 -2274.887 19.4685 -11668.81 -2322.95 -0.2165354 -11668.81 -2322.95 19.4685 -11690.01 -2371.563 -0.2165354 -11690.01 -2371.563 19.4685 -11709.98 -2420.694 -0.2165354 -11709.98 -2420.694 19.4685 -11728.7 -2470.314 -0.2165354 -11728.7 -2470.314 19.4685 -11746.17 -2520.39 -0.2165354 -11746.17 -2520.39 19.4685 -11762.36 -2570.89 -0.2165354 -11762.36 -2570.89 19.4685 -11777.29 -2621.783 -0.2165354 -11777.29 -2621.783 19.4685 -11790.92 -2673.036 -0.2165354 -11790.92 -2673.036 19.4685 -11803.25 -2724.584 -0.2165354 -11803.25 -2724.584 19.4685 -11803.25 -2724.584 19.4685 -12027.02 -3715.27 -0.2165354 -12027.02 -3715.27 19.4685 -11803.25 -2724.584 -0.2165354 -12027.02 -3715.27 19.4685 -12068.27 -3897.871 -0.2165354 -12068.27 -3897.871 19.4685 -12027.02 -3715.27 -0.2165354 -12068.27 -3897.871 19.4685 -12072.13 -3914.98 -0.2165354 -12072.13 -3914.98 19.4685 -12068.27 -3897.871 -0.2165354 -12075.37 -3932.316 -0.2165354 -12075.37 -3932.316 19.4685 -12077.96 -3949.762 -0.2165354 -12077.96 -3949.762 19.4685 -12079.9 -3967.292 -0.2165354 -12079.9 -3967.292 19.4685 -12081.18 -3984.882 -0.2165354 -12081.18 -3984.882 19.4685 -12081.8 -4002.508 -0.2165354 -12081.8 -4002.508 19.4685 -12081.76 -4020.145 -0.2165354 -12081.76 -4020.145 19.4685 -12081.07 -4037.768 -0.2165354 -12081.07 -4037.768 19.4685 -12079.71 -4055.352 -0.2165354 -12079.71 -4055.352 19.4685 -12077.7 -4072.874 -0.2165354 -12077.7 -4072.874 19.4685 -12075.03 -4090.308 -0.2165354 -12075.03 -4090.308 19.4685 -12071.68 -4107.857 -0.2165354 -12071.68 -4107.857 19.4685 -12071.68 -4107.857 19.4685 -12049.86 -4174.636 -0.2165354 -12049.86 -4174.636 19.4685 -12071.68 -4107.857 -0.2165354 -12014.11 -4235.384 -0.2165354 -12014.11 -4235.384 19.4685 -11966.18 -4287.058 -0.2165354 -11966.18 -4287.058 19.4685 -11908.28 -4327.253 -0.2165354 -11908.28 -4327.253 19.4685 -11843.11 -4354.101 -0.2165354 -11843.11 -4354.101 19.4685 -11773.7 -4366.355 -0.2165354 -11773.7 -4366.355 19.4685 -11707.16 -4363.603 -0.2165354 -11707.16 -4363.603 19.4685 -11703.27 -4363.442 19.4685 -11707.16 -4363.603 -0.2165354 -11703.27 -4363.442 -0.2165354 -11707.16 -4363.603 19.4685 -11635.11 -4345.501 19.4685 -11703.27 -4363.442 -0.2165354 -11635.11 -4345.501 -0.2165354 -11703.27 -4363.442 19.4685 -11572.38 -4313.363 19.4685 -11572.38 -4313.363 -0.2165354 -11517.99 -4268.525 19.4685 -11517.99 -4268.525 -0.2165354 -11486.24 -4228.055 -0.2165354 -11486.24 -4228.055 19.4685 -11474.49 -4213.071 -0.2165354 -11486.24 -4228.055 19.4685 -11486.24 -4228.055 -0.2165354 -11474.49 -4213.071 19.4685 -11444.12 -4150.082 -0.2165354 -11444.12 -4150.082 19.4685 -11444 -4149.831 -0.2165354 -11444.12 -4150.082 19.4685 -11444.12 -4150.082 -0.2165354 -11444 -4149.831 19.4685 -11443.57 -4148.615 -0.2165354 -11444 -4149.831 19.4685 -11444 -4149.831 -0.2165354 -11443.57 -4148.615 19.4685 -11344.19 -3868.723 -0.2165354 -11443.57 -4148.615 19.4685 -11443.57 -4148.615 -0.2165354 -11344.19 -3868.723 19.4685 -11336.31 -3846.508 -0.2165354 -11344.19 -3868.723 19.4685 -11344.19 -3868.723 -0.2165354 -11336.31 -3846.508 19.4685 -11322.36 -3817.816 -0.2165354 -11322.36 -3817.816 19.4685 -11305.32 -3790.848 -0.2165354 -11305.32 -3790.848 19.4685 -11285.4 -3765.936 -0.2165354 -11285.4 -3765.936 19.4685 -11262.83 -3743.389 19.4685 -11262.83 -3743.389 -0.2165354 -11237.91 -3723.484 19.4685 -11237.91 -3723.484 -0.2165354 -11210.92 -3706.467 19.4685 -11210.92 -3706.467 -0.2165354 -11182.22 -3692.548 19.4685 -11182.22 -3692.548 -0.2165354 -11152.15 -3681.899 19.4685 -11152.15 -3681.899 -0.2165354 -11121.08 -3674.652 -0.2165354 -11121.08 -3674.652 19.4685 -11089.41 -3670.895 19.4685 -11089.41 -3670.895 -0.2165354 -11065.9 -3670.734 19.4685 -11089.41 -3670.895 -0.2165354 -11065.9 -3670.734 -0.2165354 -11089.41 -3670.895 19.4685 -11057.45 -3670.911 19.4685 -11065.9 -3670.734 -0.2165354 -11057.45 -3670.911 -0.2165354 -11065.9 -3670.734 19.4685 -9693.186 -3737.416 -0.2165354 -11057.45 -3670.911 19.4685 -11057.45 -3670.911 -0.2165354 -9693.186 -3737.416 19.4685 -9556.14 -3744.097 -0.2165354 -9693.186 -3737.416 19.4685 -9693.186 -3737.416 -0.2165354 -9556.14 -3744.097 19.4685 -9471.29 -3745.596 -0.2165354 -9471.29 -3745.596 19.4685 -9421.278 -3746.479 19.4685 -9471.29 -3745.596 -0.2165354 -9421.278 -3746.479 -0.2165354 -9471.29 -3745.596 19.4685 -9286.406 -3744.673 -0.2165354 -9286.406 -3744.673 19.4685 -9177.252 -3739.819 -0.2165354 -9177.252 -3739.819 19.4685 -9151.656 -3738.681 19.4685 -9177.252 -3739.819 -0.2165354 -9151.656 -3738.681 -0.2165354 -9177.252 -3739.819 19.4685 -9017.156 -3728.508 19.4685 -9017.156 -3728.508 -0.2165354 -8883.037 -3714.164 -0.2165354 -8883.037 -3714.164 19.4685 -8749.428 -3695.664 -0.2165354 -8749.428 -3695.664 19.4685 -8616.458 -3673.025 -0.2165354 -8616.458 -3673.025 19.4685 -8484.253 -3646.268 19.4685 -8484.253 -3646.268 -0.2165354 -8362.406 -3617.643 19.4685 -8362.406 -3617.643 -0.2165354 -8352.945 -3615.42 19.4685 -8362.406 -3617.643 -0.2165354 -8352.945 -3615.42 -0.2165354 -8362.406 -3617.643 19.4685 -8222.657 -3580.511 19.4685 -8222.657 -3580.511 -0.2165354 -8092.441 -3541.249 19.4685 -8092.441 -3541.249 -0.2165354 -3053.788 -1936.296 19.4685 -8092.441 -3541.249 -0.2165354 -3053.788 -1936.296 -0.2165354 -8092.441 -3541.249 19.4685 -3028.092 -1932.662 19.4685 -3053.788 -1936.296 -0.2165354 -3028.092 -1932.662 -0.2165354 -3053.788 -1936.296 19.4685 -3001.954 -1930.908 19.4685 -3028.092 -1932.662 -0.2165354 -3001.954 -1930.908 -0.2165354 -3028.092 -1932.662 19.4685 -2982.648 -1931.032 19.4685 -2982.648 -1931.032 -0.2165354 -2975.757 -1931.076 19.4685 -2982.648 -1931.032 -0.2165354 -2975.757 -1931.076 -0.2165354 -2982.648 -1931.032 19.4685 -2949.644 -1933.166 19.4685 -2949.644 -1933.166 -0.2165354 -2923.754 -1937.166 -0.2165354 -2923.754 -1937.166 19.4685 -2898.228 -1943.056 19.4685 -2898.228 -1943.056 -0.2165354 -2873.202 -1950.802 -0.2165354 -2898.228 -1943.056 19.4685 -2898.228 -1943.056 -0.2165354 -2873.202 -1950.802 19.4685 -2848.813 -1960.364 -0.2165354 -2848.813 -1960.364 19.4685 -2825.191 -1971.69 19.4685 -2825.191 -1971.69 -0.2165354 -2802.464 -1984.719 19.4685 -2802.464 -1984.719 -0.2165354 -2780.753 -1999.38 -0.2165354 -2780.753 -1999.38 19.4685 -2760.15 -2015.617 -0.2165354 -2760.15 -2015.617 19.4685 -2732.252 -2040.452 -0.2165354 -2760.15 -2015.617 19.4685 -2760.15 -2015.617 -0.2165354 -2732.252 -2040.452 19.4685 -2707.561 -2068.278 -0.2165354 -2707.561 -2068.278 19.4685 -2686.306 -2098.809 -0.2165354 -2686.306 -2098.809 19.4685 -2670.501 -2128.405 -0.2165354 -2670.501 -2128.405 19.4685 -2670.501 -2128.405 19.4685 -2654.255 -2163.671 -0.2165354 -2654.255 -2163.671 19.4685 -2670.501 -2128.405 -0.2165354 -2654.255 -2163.671 19.4685 -2647.582 -2176.226 -0.2165354 -2647.582 -2176.226 19.4685 -2654.255 -2163.671 -0.2165354 -2647.582 -2176.226 19.4685 -2643.271 -2182.499 -0.2165354 -2643.271 -2182.499 19.4685 -2647.582 -2176.226 -0.2165354 -2643.271 -2182.499 19.4685 -2641.526 -2185.037 -0.2165354 -2641.526 -2185.037 19.4685 -2643.271 -2182.499 -0.2165354 -2641.526 -2185.037 19.4685 -2634.51 -2193.105 -0.2165354 -2634.51 -2193.105 19.4685 -2641.526 -2185.037 -0.2165354 -2626.624 -2200.325 -0.2165354 -2626.624 -2200.325 19.4685 -2617.97 -2206.605 19.4685 -2617.97 -2206.605 -0.2165354 -2614.217 -2208.724 19.4685 -2614.217 -2208.724 -0.2165354 -2608.66 -2211.862 19.4685 -2614.217 -2208.724 -0.2165354 -2608.66 -2211.862 -0.2165354 -2614.217 -2208.724 19.4685 -2598.813 -2216.03 19.4685 -2598.813 -2216.03 -0.2165354 -2588.558 -2219.054 19.4685 -2588.558 -2219.054 -0.2165354 -2578.026 -2220.896 19.4685 -2578.026 -2220.896 -0.2165354 -2567.353 -2221.531 19.4685 -2567.353 -2221.531 -0.2165354 -2556.676 -2220.952 -0.2165354 -2556.676 -2220.952 19.4685 -2538.805 -2217.925 19.4685 -2538.805 -2217.925 -0.2165354 -2412.127 -2176.236 19.4685 -2538.805 -2217.925 -0.2165354 -2412.127 -2176.236 -0.2165354 -2538.805 -2217.925 19.4685 4721.132 95.91058 19.4685 -2412.127 -2176.236 -0.2165354 4721.132 95.91058 -0.2165354 -2412.127 -2176.236 19.4685 4721.372 95.9878 19.4685 4721.132 95.91058 -0.2165354 4721.372 95.9878 -0.2165354 4721.132 95.91058 19.4685 4722.145 96.23368 19.4685 4721.372 95.9878 -0.2165354 4722.145 96.23368 -0.2165354 4721.372 95.9878 19.4685 4722.198 96.25071 19.4685 4722.145 96.23368 -0.2165354 4722.198 96.25071 -0.2165354 4722.145 96.23368 19.4685 4722.731 96.42056 19.4685 4722.198 96.25071 -0.2165354 4722.731 96.42056 -0.2165354 4722.198 96.25071 19.4685 5714.448 412.3109 19.4685 4722.731 96.42056 -0.2165354 5714.448 412.3109 -0.2165354 4722.731 96.42056 19.4685 5961.984 491.1581 19.4685 5714.448 412.3109 -0.2165354 5961.984 491.1581 -0.2165354 5714.448 412.3109 19.4685 6034.871 515.7763 19.4685 5961.984 491.1581 -0.2165354 6034.871 515.7763 -0.2165354 5961.984 491.1581 19.4685 6107.508 541.5807 19.4685 6107.508 541.5807 -0.2165354 6179.734 568.5161 19.4685 6179.734 568.5161 -0.2165354 6251.53 596.5756 19.4685 6251.53 596.5756 -0.2165354 6322.88 625.7526 19.4685 6322.88 625.7526 -0.2165354 6393.765 656.0401 19.4685 6393.765 656.0401 -0.2165354 6464.169 687.4305 19.4685 6464.169 687.4305 -0.2165354 6534.075 719.9163 19.4685 6534.075 719.9163 -0.2165354 6603.464 753.4895 19.4685 6603.464 753.4895 -0.2165354 6672.321 788.1419 19.4685 6672.321 788.1419 -0.2165354 6732.969 819.8592 19.4685 6732.969 819.8592 -0.2165354 6740.629 823.8651 19.4685 6732.969 819.8592 -0.2165354 6740.629 823.8651 -0.2165354 6732.969 819.8592 19.4685 6810.261 861.6773 19.4685 6810.261 861.6773 -0.2165354 9007.689 2001.038 19.4685 6810.261 861.6773 -0.2165354 9007.689 2001.038 -0.2165354 6810.261 861.6773 19.4685 9007.813 2001.103 19.4685 9007.689 2001.038 -0.2165354 9007.813 2001.103 -0.2165354 9007.689 2001.038 19.4685 9123.888 2062.403 19.4685 9007.813 2001.103 -0.2165354 9123.888 2062.403 -0.2165354 9007.813 2001.103 19.4685 9239.176 2124.288 19.4685 9239.176 2124.288 -0.2165354 9244.716 2127.31 19.4685 9244.716 2127.31 -0.2165354 9354.043 2186.952 19.4685 9244.716 2127.31 -0.2165354 9354.043 2186.952 -0.2165354 9244.716 2127.31 19.4685 9468.486 2250.39 19.4685 9468.486 2250.39 -0.2165354 9582.496 2314.6 19.4685 9582.496 2314.6 -0.2165354 9696.069 2379.58 19.4685 9696.069 2379.58 -0.2165354 9809.2 2445.326 19.4685 9809.2 2445.326 -0.2165354 9921.885 2511.836 19.4685 9921.885 2511.836 -0.2165354 10034.12 2579.106 19.4685 10034.12 2579.106 -0.2165354 10034.42 2579.301 19.4685 10034.12 2579.106 -0.2165354 10034.42 2579.301 -0.2165354 10034.12 2579.106 19.4685 10096.75 2623.113 19.4685 10034.42 2579.301 -0.2165354 10096.75 2623.113 -0.2165354 10034.42 2579.301 19.4685 10160.12 2665.308 19.4685 10160.12 2665.308 -0.2165354 10224.52 2705.896 19.4685 10224.52 2705.896 -0.2165354 10289.93 2744.852 19.4685 10289.93 2744.852 -0.2165354 10356.29 2782.152 19.4685 10356.29 2782.152 -0.2165354 10423.57 2817.772 19.4685 10423.57 2817.772 -0.2165354 10491.73 2851.689 19.4685 10491.73 2851.689 -0.2165354 10560.71 2883.882 19.4685 10560.71 2883.882 -0.2165354 10630.49 2914.33 19.4685 10630.49 2914.33 -0.2165354 10701.01 2943.015 19.4685 10701.01 2943.015 -0.2165354 10772.22 2969.917 19.4685 10772.22 2969.917 -0.2165354 10844.03 2994.999 19.4685 10844.03 2994.999 -0.2165354 10872.45 3003.331 19.4685 10844.03 2994.999 -0.2165354 10872.45 3003.331 -0.2165354 10844.03 2994.999 19.4685 10900.99 3011.698 19.4685 10872.45 3003.331 -0.2165354 10900.99 3011.698 -0.2165354 10872.45 3003.331 19.4685 10929.57 3019.952 19.4685 10929.57 3019.952 -0.2165354 10958.14 3028.207 19.4685 10929.57 3019.952 -0.2165354 10958.14 3028.207 -0.2165354 10929.57 3019.952 19.4685 11015.35 3044.494 19.4685 11015.35 3044.494 -0.2165354 11035.75 3050.216 19.4685 11035.75 3050.216 -0.2165354 11054.19 3055.387 19.4685 11035.75 3050.216 -0.2165354 11054.19 3055.387 -0.2165354 11035.75 3050.216 19.4685 11072.62 3060.557 19.4685 11054.19 3055.387 -0.2165354 11072.62 3060.557 -0.2165354 11054.19 3055.387 19.4685 11089.55 3065.234 19.4685 11072.62 3060.557 -0.2165354 11089.55 3065.234 -0.2165354 11072.62 3060.557 19.4685 11104.18 3069.276 19.4685 11089.55 3065.234 -0.2165354 11104.18 3069.276 -0.2165354 11089.55 3065.234 19.4685 11118.81 3073.318 -0.2165354 11104.18 3069.276 19.4685 11104.18 3069.276 -0.2165354 11118.81 3073.318 19.4685 11129.96 3076.397 19.4685 11118.81 3073.318 -0.2165354 11129.96 3076.397 -0.2165354 11118.81 3073.318 19.4685 11187.35 3092.014 19.4685 11187.35 3092.014 -0.2165354 11244.81 3107.406 19.4685 11187.35 3092.014 -0.2165354 11244.81 3107.406 -0.2165354 11187.35 3092.014 19.4685 11302.33 3122.574 19.4685 11302.33 3122.574 -0.2165354 11359.9 3137.518 19.4685 11359.9 3137.518 -0.2165354 11405.25 3149.099 19.4685 11405.25 3149.099 -0.2165354 11417.54 3152.237 19.4685 11405.25 3149.099 -0.2165354 11417.54 3152.237 -0.2165354 11405.25 3149.099 19.4685 11446.38 3159.484 19.4685 11446.38 3159.484 -0.2165354 11475.23 3166.731 19.4685 11446.38 3159.484 -0.2165354 11475.23 3166.731 -0.2165354 11446.38 3159.484 19.4685 11517.87 3177.269 19.4685 11517.87 3177.269 -0.2165354 11529.8 3180.217 19.4685 11517.87 3177.269 -0.2165354 11529.8 3180.217 -0.2165354 11517.87 3177.269 19.4685 11532.08 3180.785 19.4685 11529.8 3180.217 -0.2165354 11532.08 3180.785 -0.2165354 11529.8 3180.217 19.4685 11532.98 3181.009 19.4685 11532.08 3180.785 -0.2165354 11532.98 3181.009 -0.2165354 11532.08 3180.785 19.4685 11533.79 3181.209 19.4685 11532.98 3181.009 -0.2165354 11533.79 3181.209 -0.2165354 11532.98 3181.009 19.4685 11535.97 3181.754 19.4685 11533.79 3181.209 -0.2165354 11535.97 3181.754 -0.2165354 11533.79 3181.209 19.4685 11557.18 3187.078 19.4685 11535.97 3181.754 -0.2165354 11557.18 3187.078 -0.2165354 11535.97 3181.754 19.4685 11578.39 3192.403 19.4685 11557.18 3187.078 -0.2165354 11578.39 3192.403 -0.2165354 11557.18 3187.078 19.4685 11623.68 3204.321 19.4685 11623.68 3204.321 -0.2165354 11668.83 3216.752 19.4685 11668.83 3216.752 -0.2165354 11713.84 3229.694 19.4685 11713.84 3229.694 -0.2165354 11740.7 3237.751 19.4685 11740.7 3237.751 -0.2165354 11758.7 3243.146 19.4685 11740.7 3237.751 -0.2165354 11758.7 3243.146 -0.2165354 11740.7 3237.751 19.4685 11794.01 3254.176 19.4685 11794.01 3254.176 -0.2165354 11803.4 3257.105 19.4685 11794.01 3254.176 -0.2165354 11803.4 3257.105 -0.2165354 11794.01 3254.176 19.4685 11847.94 3271.572 19.4685 11847.94 3271.572 -0.2165354 11892.31 3286.542 19.4685 11892.31 3286.542 -0.2165354 11902.22 3290.013 -0.2165354 11902.22 3290.013 19.4685 11905.88 3291.293 19.4685 11902.22 3290.013 -0.2165354 11905.88 3291.293 -0.2165354 11902.22 3290.013 19.4685 11936.73 3302.093 19.4685 11905.88 3291.293 -0.2165354 11936.73 3302.093 -0.2165354 11905.88 3291.293 19.4685 11974.93 3320.04 19.4685 11936.73 3302.093 -0.2165354 11974.93 3320.04 -0.2165354 11936.73 3302.093 19.4685 12007.49 3347.529 19.4685 12007.49 3347.529 -0.2165354 12031.83 3382.51 -0.2165354 12031.83 3382.51 19.4685 12046.29 3422.6 -0.2165354 12046.29 3422.6 19.4685 12049.88 3465.065 -0.2165354 12049.88 3465.065 19.4685 12042.36 3507.012 -0.2165354 12042.36 3507.012 19.4685 12024.24 3545.583 -0.2165354 12024.24 3545.583 19.4685 11996.75 3578.149 -0.2165354 11996.75 3578.149 19.4685 11961.77 3602.49 19.4685 11961.77 3602.49 -0.2165354 11921.68 3616.948 19.4685 11921.68 3616.948 -0.2165354 11879.21 3620.538 19.4685 11879.21 3620.538 -0.2165354 11837.93 3613.134 19.4685 11837.93 3613.134 -0.2165354 11837.28 3612.972 19.4685 11837.93 3613.134 -0.2165354 11837.28 3612.972 -0.2165354 11837.93 3613.134 19.4685 10614.5 3223.482 19.4685 11837.28 3612.972 -0.2165354 10614.5 3223.482 -0.2165354 11837.28 3612.972 19.4685 10555.25 3207.681 19.4685 10614.5 3223.482 -0.2165354 10555.25 3207.681 -0.2165354 10614.5 3223.482 19.4685 10495.75 3192.469 19.4685 10495.75 3192.469 -0.2165354 10436.09 3177.873 19.4685 10436.09 3177.873 -0.2165354 10376.29 3163.894 19.4685 10376.29 3163.894 -0.2165354 10316.34 3150.534 19.4685 10316.34 3150.534 -0.2165354 10256.26 3137.794 19.4685 10256.26 3137.794 -0.2165354 10196.05 3125.676 19.4685 10196.05 3125.676 -0.2165354 10135.72 3114.181 19.4685 10135.72 3114.181 -0.2165354 10075.28 3103.309 19.4685 10075.28 3103.309 -0.2165354 10014.72 3093.063 19.4685 10014.72 3093.063 -0.2165354 9954.068 3083.444 19.4685 9954.068 3083.444 -0.2165354 9893.34 3074.456 19.4685 9893.34 3074.456 -0.2165354 9406.541 3012.758 19.4685 9893.34 3074.456 -0.2165354 9406.541 3012.758 -0.2165354 9893.34 3074.456 19.4685 8918.07 2966.384 19.4685 8918.07 2966.384 -0.2165354 8428.383 2935.375 19.4685 8428.383 2935.375 -0.2165354 7937.963 2919.762 19.4685 7937.963 2919.762 -0.2165354 7447.296 2919.561 19.4685 7447.296 2919.561 -0.2165354 6956.864 2934.772 19.4685 6956.864 2934.772 -0.2165354 6467.572 2965.354 19.4685 6467.572 2965.354 -0.2165354 6467.153 2965.38 19.4685 6467.572 2965.354 -0.2165354 6467.153 2965.38 -0.2165354 6467.572 2965.354 19.4685 5978.644 3011.354 19.4685 6467.153 2965.38 -0.2165354 5978.644 3011.354 -0.2165354 6467.153 2965.38 19.4685 5721.175 3043.772 19.4685 5721.175 3043.772 -0.2165354 5717.335 3044.255 19.4685 5721.175 3043.772 -0.2165354 5717.335 3044.255 -0.2165354 5721.175 3043.772 19.4685 5491.82 3072.65 -0.2165354 5717.335 3044.255 19.4685 5717.335 3044.255 -0.2165354 5491.82 3072.65 19.4685 5007.162 3149.206 19.4685 5007.162 3149.206 -0.2165354 4688.834 3209.793 19.4685 4688.834 3209.793 -0.2165354 4653.01 3215.584 19.4685 4688.834 3209.793 -0.2165354 4653.01 3215.584 -0.2165354 4688.834 3209.793 19.4685 4253.145 3294.141 19.4685 4253.145 3294.141 -0.2165354 4100.514 3324.127 19.4685 4253.145 3294.141 -0.2165354 4100.514 3324.127 -0.2165354 4253.145 3294.141 19.4685 4100.179 3324.193 19.4685 4100.514 3324.127 -0.2165354 4100.179 3324.193 -0.2165354 4100.514 3324.127 19.4685 4047.401 3347.368 19.4685 4100.179 3324.193 -0.2165354 4047.401 3347.368 -0.2165354 4100.179 3324.193 19.4685 3997.45 3376.669 19.4685 3997.45 3376.669 -0.2165354 3951.253 3411.589 19.4685 3951.253 3411.589 -0.2165354 3909.438 3451.652 19.4685 3909.438 3451.652 -0.2165354 3872.573 3496.313 -0.2165354 3872.573 3496.313 19.4685 3841.162 3544.964 -0.2165354 3841.162 3544.964 19.4685 3815.632 3596.942 -0.2165354 3815.632 3596.942 19.4685 3796.33 3651.541 -0.2165354 3796.33 3651.541 19.4685 3796.307 3651.643 -0.2165354 3796.33 3651.541 19.4685 3796.33 3651.541 -0.2165354 3796.307 3651.643 19.4685 3783.457 3708.288 -0.2165354 3796.307 3651.643 19.4685 3796.307 3651.643 -0.2165354 3783.457 3708.288 19.4685 3774.902 3747.583 -0.2165354 3783.457 3708.288 19.4685 3783.457 3708.288 -0.2165354 3774.902 3747.583 19.4685 3762.408 3786.102 -0.2165354 3762.408 3786.102 19.4685 3746.156 3823.192 -0.2165354 3746.156 3823.192 19.4685 3726.307 3858.488 -0.2165354 3726.307 3858.488 19.4685 3703.055 3891.642 -0.2165354 3703.055 3891.642 19.4685 3676.632 3922.327 -0.2165354 3676.632 3922.327 19.4685 3647.296 3950.241 19.4685 3647.296 3950.241 -0.2165354 3615.337 3975.109 19.4685 3647.296 3950.241 -0.2165354 3615.337 3975.109 -0.2165354 3647.296 3950.241 19.4685 3581.069 3996.686 19.4685 3581.069 3996.686 -0.2165354 3544.832 4014.759 19.4685 3544.832 4014.759 -0.2165354 3506.981 4029.15 19.4685 3506.981 4029.15 -0.2165354 3468.584 4039.529 19.4685 3468.584 4039.529 -0.2165354 3468.137 4039.65 19.4685 3468.584 4039.529 -0.2165354 3468.137 4039.65 -0.2165354 3468.584 4039.529 19.4685 3467.765 4039.736 19.4685 3468.137 4039.65 -0.2165354 3467.765 4039.736 -0.2165354 3468.137 4039.65 19.4685 2926.182 4143.957 19.4685 3467.765 4039.736 -0.2165354 2926.182 4143.957 -0.2165354 3467.765 4039.736 19.4685 2381.677 4232.126 19.4685 2381.677 4232.126 -0.2165354 1834.803 4304.151 19.4685 1834.803 4304.151 -0.2165354 1286.038 4359.968 19.4685 1286.038 4359.968 -0.2165354 735.8617 4399.53 19.4685 735.8617 4399.53 -0.2165354 184.756 4422.801 19.4685 184.756 4422.801 -0.2165354 -366.7968 4429.761 19.4685 -366.7968 4429.761 -0.2165354 -918.3142 4420.404 19.4685 -918.3142 4420.404 -0.2165354 -1469.314 4394.738 19.4685 -1469.314 4394.738 -0.2165354 -2019.313 4352.785 19.4685 -2019.313 4352.785 -0.2165354 -2567.83 4294.583 19.4685 -2567.83 4294.583 -0.2165354 -2941.859 4243.668 19.4685 -2941.859 4243.668 -0.2165354 -3114.382 4220.183 19.4685 -2941.859 4243.668 -0.2165354 -3114.382 4220.183 -0.2165354 -2941.859 4243.668 19.4685 -3187.681 4208.107 19.4685 -3114.382 4220.183 -0.2165354 -3187.681 4208.107 -0.2165354 -3114.382 4220.183 19.4685 -3260.633 4194.103 19.4685 -3260.633 4194.103 -0.2165354 -3333.189 4178.18 19.4685 -3333.189 4178.18 -0.2165354 -3405.3 4160.348 19.4685 -3405.3 4160.348 -0.2165354 -3476.916 4140.62 19.4685 -3476.916 4140.62 -0.2165354 -3547.987 4119.011 19.4685 -3547.987 4119.011 -0.2165354 -3618.462 4095.534 19.4685 -3618.462 4095.534 -0.2165354 -3688.294 4070.206 19.4685 -3688.294 4070.206 -0.2165354 -3757.434 4043.045 19.4685 -3757.434 4043.045 -0.2165354 -3825.833 4014.07 19.4685 -3825.833 4014.07 -0.2165354 -3893.444 3983.301 19.4685 -3893.444 3983.301 -0.2165354 -3960.19 3950.774 -0.2165354 -3960.19 3950.774 19.4685 -3978.611 3941.494 19.4685 -3960.19 3950.774 -0.2165354 -3978.611 3941.494 -0.2165354 -3960.19 3950.774 19.4685 -4070.089 3895.412 -0.2165354 -3978.611 3941.494 19.4685 -3978.611 3941.494 -0.2165354 -4070.089 3895.412 19.4685 -4167.551 3832.083 -0.2165354 -4167.551 3832.083 19.4685 -4257.503 3758.477 -0.2165354 -4257.503 3758.477 19.4685 -4338.867 3675.475 -0.2165354 -4338.867 3675.475 19.4685 -4410.666 3584.074 -0.2165354 -4410.666 3584.074 19.4685 -4472.04 3485.369 -0.2165354 -4472.04 3485.369 19.4685 -4522.252 3380.545 -0.2165354 -4522.252 3380.545 19.4685 -4560.701 3270.859 -0.2165354 -4560.701 3270.859 19.4685 -4586.924 3157.626 -0.2165354 -4586.924 3157.626 19.4685 -4600.608 3042.204 -0.2165354 -4600.608 3042.204 19.4685 -4601.588 2925.979 -0.2165354 -4601.588 2925.979 19.4685 -4589.874 2810.558 -0.2165354 -4589.874 2810.558 19.4685 -4597.716 2926.158 -0.2165354 -4586.023 2810.949 19.4685 -4586.023 2810.949 -0.2165354 -4597.716 2926.158 19.4685 -4596.739 3041.959 -0.2165354 -4596.739 3041.959 19.4685 -4583.105 3156.959 -0.2165354 -4583.105 3156.959 19.4685 -4556.978 3269.779 -0.2165354 -4556.978 3269.779 19.4685 -4518.67 3379.064 -0.2165354 -4518.67 3379.064 19.4685 -4468.641 3483.506 -0.2165354 -4468.641 3483.506 19.4685 -4407.491 3581.85 -0.2165354 -4407.491 3581.85 19.4685 -4335.954 3672.917 -0.2165354 -4335.954 3672.917 19.4685 -4254.888 3755.616 -0.2165354 -4254.888 3755.616 19.4685 -4165.264 3828.954 19.4685 -4165.264 3828.954 -0.2165354 -4068.158 3892.051 19.4685 -4068.158 3892.051 -0.2165354 -3976.87 3938.038 19.4685 -3976.87 3938.038 -0.2165354 -3969.842 3941.579 19.4685 -3976.87 3938.038 -0.2165354 -3969.842 3941.579 -0.2165354 -3976.87 3938.038 19.4685 -3958.471 3947.306 19.4685 -3969.842 3941.579 -0.2165354 -3958.471 3947.306 -0.2165354 -3969.842 3941.579 19.4685 -3891.795 3979.8 19.4685 -3958.471 3947.306 -0.2165354 -3891.795 3979.8 -0.2165354 -3958.471 3947.306 19.4685 -3824.277 4010.526 19.4685 -3824.277 4010.526 -0.2165354 -3755.971 4039.462 19.4685 -3755.971 4039.462 -0.2165354 -3686.927 4066.585 19.4685 -3686.927 4066.585 -0.2165354 -3617.191 4091.878 19.4685 -3617.191 4091.878 -0.2165354 -3546.812 4115.322 19.4685 -3546.812 4115.322 -0.2165354 -3475.839 4136.902 19.4685 -3475.839 4136.902 -0.2165354 -3404.322 4156.603 19.4685 -3404.322 4156.603 -0.2165354 -3332.31 4174.41 19.4685 -3332.31 4174.41 -0.2165354 -3259.853 4190.311 19.4685 -3259.853 4190.311 -0.2165354 -3187.002 4204.296 19.4685 -3187.002 4204.296 -0.2165354 -3113.806 4216.355 19.4685 -3113.806 4216.355 -0.2165354 -2941.337 4239.833 -0.2165354 -3113.806 4216.355 19.4685 -3113.806 4216.355 -0.2165354 -2941.337 4239.833 19.4685 -2567.365 4290.74 -0.2165354 -2941.337 4239.833 19.4685 -2941.337 4239.833 -0.2165354 -2567.365 4290.74 19.4685 -2018.961 4348.93 -0.2165354 -2018.961 4348.93 19.4685 -1469.076 4390.874 -0.2165354 -1469.076 4390.874 19.4685 -918.1913 4416.535 -0.2165354 -918.1913 4416.535 19.4685 -366.7884 4425.89 -0.2165354 -366.7884 4425.89 19.4685 184.65 4418.932 -0.2165354 184.65 4418.932 19.4685 735.6412 4395.665 -0.2165354 735.6412 4395.665 19.4685 1285.703 4356.112 -0.2165354 1285.703 4356.112 19.4685 1834.355 4300.306 -0.2165354 1834.355 4300.306 19.4685 2381.115 4228.296 -0.2165354 2381.115 4228.296 19.4685 2925.507 4140.146 -0.2165354 2925.507 4140.146 19.4685 3467.034 4035.935 -0.2165354 3467.034 4035.935 19.4685 3467.127 4035.913 19.4685 3467.034 4035.935 -0.2165354 3467.127 4035.913 -0.2165354 3467.034 4035.935 19.4685 3505.785 4025.463 -0.2165354 3467.127 4035.913 19.4685 3467.127 4035.913 -0.2165354 3505.785 4025.463 19.4685 3543.277 4011.209 -0.2165354 3543.277 4011.209 19.4685 3579.17 3993.308 -0.2165354 3579.17 3993.308 19.4685 3613.112 3971.936 19.4685 3613.112 3971.936 -0.2165354 3644.767 3947.305 -0.2165354 3644.767 3947.305 19.4685 3673.824 3919.656 -0.2165354 3644.767 3947.305 19.4685 3644.767 3947.305 -0.2165354 3673.824 3919.656 19.4685 3699.997 3889.262 -0.2165354 3699.997 3889.262 19.4685 3723.027 3856.423 -0.2165354 3723.027 3856.423 19.4685 3742.688 3821.463 -0.2165354 3742.688 3821.463 19.4685 3758.786 3784.725 -0.2165354 3758.786 3784.725 19.4685 3771.161 3746.572 -0.2165354 3771.161 3746.572 19.4685 3779.679 3707.449 -0.2165354 3779.679 3707.449 19.4685 3779.679 3707.449 19.4685 3792.605 3650.464 -0.2165354 3792.605 3650.464 19.4685 3779.679 3707.449 -0.2165354 3792.605 3650.464 19.4685 3812.058 3595.439 -0.2165354 3812.058 3595.439 19.4685 3792.605 3650.464 -0.2165354 3837.788 3543.054 -0.2165354 3837.788 3543.054 19.4685 3869.445 3494.023 -0.2165354 3869.445 3494.023 19.4685 3906.597 3449.013 -0.2165354 3906.597 3449.013 19.4685 3948.739 3408.637 -0.2165354 3948.739 3408.637 19.4685 3995.297 3373.445 -0.2165354 3995.297 3373.445 19.4685 4045.638 3343.915 -0.2165354 4045.638 3343.915 19.4685 4099.014 3320.477 -0.2165354 4099.014 3320.477 19.4685 4252.399 3290.343 -0.2165354 4099.014 3320.477 19.4685 4099.014 3320.477 -0.2165354 4252.399 3290.343 19.4685 4652.328 3211.773 -0.2165354 4252.399 3290.343 19.4685 4252.399 3290.343 -0.2165354 4652.328 3211.773 19.4685 4688.163 3205.981 19.4685 4688.163 3205.981 -0.2165354 5006.498 3145.392 -0.2165354 4688.163 3205.981 19.4685 4688.163 3205.981 -0.2165354 5006.498 3145.392 19.4685 5491.276 3068.817 -0.2165354 5491.276 3068.817 19.4685 5978.221 3007.506 -0.2165354 5978.221 3007.506 19.4685 6466.851 2961.521 -0.2165354 6466.851 2961.521 19.4685 6956.685 2930.905 -0.2165354 6466.851 2961.521 19.4685 6466.851 2961.521 -0.2165354 6956.685 2930.905 19.4685 7447.237 2915.691 -0.2165354 7447.237 2915.691 19.4685 7938.026 2915.892 -0.2165354 7938.026 2915.892 19.4685 8428.567 2931.508 -0.2165354 8428.567 2931.508 19.4685 8918.375 2962.525 -0.2165354 8918.375 2962.525 19.4685 9406.967 3008.911 -0.2165354 9406.967 3008.911 19.4685 9893.868 3070.621 -0.2165354 9893.868 3070.621 19.4685 9954.654 3079.618 -0.2165354 9893.868 3070.621 19.4685 9893.868 3070.621 -0.2165354 9954.654 3079.618 19.4685 10015.35 3089.244 -0.2165354 10015.35 3089.244 19.4685 10075.94 3099.496 19.4685 10075.94 3099.496 -0.2165354 10136.43 3110.375 19.4685 10136.43 3110.375 -0.2165354 10196.8 3121.878 19.4685 10196.8 3121.878 -0.2165354 10257.05 3134.004 19.4685 10257.05 3134.004 -0.2165354 10317.17 3146.752 19.4685 10317.17 3146.752 -0.2165354 10377.15 3160.12 19.4685 10377.15 3160.12 -0.2165354 10436.99 3174.108 19.4685 10436.99 3174.108 -0.2165354 10496.69 3188.714 19.4685 10496.69 3188.714 -0.2165354 10556.23 3203.936 -0.2165354 10556.23 3203.936 19.4685 10615.58 3219.766 19.4685 10615.58 3219.766 -0.2165354 11838.45 3609.284 19.4685 10615.58 3219.766 -0.2165354 11838.45 3609.284 -0.2165354 10615.58 3219.766 19.4685 11838.62 3609.325 19.4685 11838.45 3609.284 -0.2165354 11838.62 3609.325 -0.2165354 11838.45 3609.284 19.4685 11879.39 3616.638 19.4685 11838.62 3609.325 -0.2165354 11879.39 3616.638 -0.2165354 11838.62 3609.325 19.4685 11920.84 3613.134 19.4685 11920.84 3613.134 -0.2165354 11959.97 3599.022 -0.2165354 11959.97 3599.022 19.4685 11994.12 3575.263 -0.2165354 11994.12 3575.263 19.4685 12020.95 3543.476 -0.2165354 12020.95 3543.476 19.4685 12020.95 3543.476 19.4685 12038.64 3505.827 -0.2165354 12038.64 3505.827 19.4685 12020.95 3543.476 -0.2165354 12045.98 3464.883 -0.2165354 12045.98 3464.883 19.4685 12042.48 3423.433 -0.2165354 12042.48 3423.433 19.4685 12028.37 3384.303 -0.2165354 12028.37 3384.303 19.4685 12004.61 3350.158 -0.2165354 12004.61 3350.158 19.4685 11972.82 3323.327 -0.2165354 11972.82 3323.327 19.4685 11935.27 3305.68 19.4685 11935.27 3305.68 -0.2165354 11891.05 3290.202 19.4685 11935.27 3305.68 -0.2165354 11891.05 3290.202 -0.2165354 11935.27 3305.68 19.4685 11846.72 3275.246 19.4685 11846.72 3275.246 -0.2165354 11802.22 3260.793 19.4685 11802.22 3260.793 -0.2165354 11757.56 3246.847 19.4685 11757.56 3246.847 -0.2165354 11712.75 3233.407 19.4685 11712.75 3233.407 -0.2165354 11667.78 3220.478 19.4685 11667.78 3220.478 -0.2165354 11622.68 3208.059 19.4685 11622.68 3208.059 -0.2165354 11577.43 3196.152 19.4685 11577.43 3196.152 -0.2165354 11535.57 3185.642 19.4685 11535.57 3185.642 -0.2165354 11532.85 3184.959 19.4685 11535.57 3185.642 -0.2165354 11532.85 3184.959 -0.2165354 11535.57 3185.642 19.4685 11531.16 3184.54 19.4685 11532.85 3184.959 -0.2165354 11531.16 3184.54 -0.2165354 11532.85 3184.959 19.4685 11528.62 3183.913 19.4685 11531.16 3184.54 -0.2165354 11528.62 3183.913 -0.2165354 11531.16 3184.54 19.4685 11474.29 3170.487 19.4685 11528.62 3183.913 -0.2165354 11474.29 3170.487 -0.2165354 11528.62 3183.913 19.4685 11445.44 3163.238 19.4685 11445.44 3163.238 -0.2165354 11416.59 3155.989 19.4685 11445.44 3163.238 -0.2165354 11416.59 3155.989 -0.2165354 11445.44 3163.238 19.4685 11358.94 3141.266 19.4685 11358.94 3141.266 -0.2165354 11301.35 3126.319 19.4685 11301.35 3126.319 -0.2165354 11243.82 3111.147 19.4685 11243.82 3111.147 -0.2165354 11186.34 3095.75 19.4685 11186.34 3095.75 -0.2165354 11128.93 3080.13 19.4685 11128.93 3080.13 -0.2165354 11117.63 3077.008 19.4685 11117.63 3077.008 -0.2165354 11103.24 3073.033 19.4685 11117.63 3077.008 -0.2165354 11103.24 3073.033 -0.2165354 11117.63 3077.008 19.4685 11088.52 3068.964 -0.2165354 11103.24 3073.033 19.4685 11103.24 3073.033 -0.2165354 11088.52 3068.964 19.4685 11071.58 3064.286 19.4685 11088.52 3068.964 -0.2165354 11071.58 3064.286 -0.2165354 11088.52 3068.964 19.4685 11053.25 3059.144 19.4685 11071.58 3064.286 -0.2165354 11053.25 3059.144 -0.2165354 11071.58 3064.286 19.4685 11034.71 3053.943 -0.2165354 11053.25 3059.144 19.4685 11053.25 3059.144 -0.2165354 11034.71 3053.943 19.4685 11014.3 3048.219 19.4685 11034.71 3053.943 -0.2165354 11014.3 3048.219 -0.2165354 11034.71 3053.943 19.4685 10957.07 3031.928 19.4685 10957.07 3031.928 -0.2165354 10928.49 3023.671 19.4685 10928.49 3023.671 -0.2165354 10871.36 3007.045 -0.2165354 10928.49 3023.671 19.4685 10928.49 3023.671 -0.2165354 10871.36 3007.045 19.4685 10842.85 2998.686 19.4685 10871.36 3007.045 -0.2165354 10842.85 2998.686 -0.2165354 10871.36 3007.045 19.4685 10842.82 2998.675 19.4685 10842.85 2998.686 -0.2165354 10842.82 2998.675 -0.2165354 10842.85 2998.686 19.4685 10842.75 2998.653 19.4685 10842.82 2998.675 -0.2165354 10842.75 2998.653 -0.2165354 10842.82 2998.675 19.4685 10770.9 2973.555 19.4685 10842.75 2998.653 -0.2165354 10770.9 2973.555 -0.2165354 10842.75 2998.653 19.4685 10699.59 2946.618 -0.2165354 10699.59 2946.618 19.4685 10628.98 2917.897 19.4685 10628.98 2917.897 -0.2165354 10559.12 2887.41 19.4685 10559.12 2887.41 -0.2165354 10490.05 2855.176 19.4685 10490.05 2855.176 -0.2165354 10421.8 2821.215 19.4685 10421.8 2821.215 -0.2165354 10354.44 2785.55 -0.2165354 10354.44 2785.55 19.4685 10287.99 2748.203 19.4685 10287.99 2748.203 -0.2165354 10222.5 2709.196 19.4685 10222.5 2709.196 -0.2165354 10158.01 2668.556 -0.2165354 10158.01 2668.556 19.4685 10094.57 2626.307 19.4685 10094.57 2626.307 -0.2165354 10032.19 2582.468 -0.2165354 10032.19 2582.468 19.4685 10032.11 2582.419 19.4685 10032.19 2582.468 -0.2165354 10032.11 2582.419 -0.2165354 10032.19 2582.468 19.4685 9919.906 2515.163 -0.2165354 10032.11 2582.419 19.4685 10032.11 2582.419 -0.2165354 9919.906 2515.163 19.4685 9807.244 2448.666 19.4685 9807.244 2448.666 -0.2165354 9694.136 2382.933 -0.2165354 9694.136 2382.933 19.4685 9580.584 2317.966 -0.2165354 9580.584 2317.966 19.4685 9466.598 2253.769 19.4685 9466.598 2253.769 -0.2165354 9352.179 2190.343 -0.2165354 9352.179 2190.343 19.4685 9242.713 2130.627 19.4685 9242.713 2130.627 -0.2165354 9242.243 2130.37 19.4685 9242.713 2130.627 -0.2165354 9242.243 2130.37 -0.2165354 9242.713 2130.627 19.4685 9237.333 2127.692 19.4685 9242.243 2130.37 -0.2165354 9237.333 2127.692 -0.2165354 9242.243 2130.37 19.4685 9122.069 2065.82 -0.2165354 9122.069 2065.82 19.4685 9006.005 2004.526 19.4685 9006.005 2004.526 -0.2165354 9005.907 2004.474 19.4685 9006.005 2004.526 -0.2165354 9005.907 2004.474 -0.2165354 9006.005 2004.526 19.4685 6808.447 865.0963 -0.2165354 9005.907 2004.474 19.4685 9005.907 2004.474 -0.2165354 6808.447 865.0963 19.4685 6738.808 827.2809 -0.2165354 6808.447 865.0963 19.4685 6808.447 865.0963 -0.2165354 6738.808 827.2809 19.4685 6731.175 823.2891 19.4685 6731.175 823.2891 -0.2165354 6670.554 791.5857 19.4685 6731.175 823.2891 -0.2165354 6670.554 791.5857 -0.2165354 6731.175 823.2891 19.4685 6601.751 756.9604 -0.2165354 6601.751 756.9604 19.4685 6532.416 723.4135 19.4685 6532.416 723.4135 -0.2165354 6462.566 690.9532 -0.2165354 6462.566 690.9532 19.4685 6392.217 659.5874 19.4685 6392.217 659.5874 -0.2165354 6321.387 629.3237 19.4685 6321.387 629.3237 -0.2165354 6250.093 600.1695 19.4685 6250.093 600.1695 -0.2165354 6178.354 572.1319 19.4685 6178.354 572.1319 -0.2165354 6106.184 545.2178 -0.2165354 6106.184 545.2178 19.4685 6033.604 519.4336 19.4685 6033.604 519.4336 -0.2165354 5960.809 494.8466 19.4685 5960.809 494.8466 -0.2165354 5960.746 494.8251 19.4685 5960.809 494.8466 -0.2165354 5960.746 494.8251 -0.2165354 5960.809 494.8466 19.4685 3165.1 -395.6678 -0.2165354 5960.746 494.8251 19.4685 5960.746 494.8251 -0.2165354 3165.1 -395.6678 19.4685 -2213.615 -2108.942 -0.2165354 3165.1 -395.6678 19.4685 3165.1 -395.6678 -0.2165354 -2213.615 -2108.942 19.4685 -2413.32 -2172.553 19.4685 -2213.615 -2108.942 -0.2165354 -2413.32 -2172.553 -0.2165354 -2213.615 -2108.942 19.4685 -2539.739 -2214.157 19.4685 -2413.32 -2172.553 -0.2165354 -2539.739 -2214.157 -0.2165354 -2413.32 -2172.553 19.4685 -2557.106 -2217.1 19.4685 -2539.739 -2214.157 -0.2165354 -2557.106 -2217.1 -0.2165354 -2539.739 -2214.157 19.4685 -2567.342 -2217.655 19.4685 -2567.342 -2217.655 -0.2165354 -2577.576 -2217.045 19.4685 -2577.576 -2217.045 -0.2165354 -2587.674 -2215.279 19.4685 -2587.674 -2215.279 -0.2165354 -2597.507 -2212.38 19.4685 -2597.507 -2212.38 -0.2165354 -2606.948 -2208.384 19.4685 -2606.948 -2208.384 -0.2165354 -2612.277 -2205.375 19.4685 -2612.277 -2205.375 -0.2165354 -2615.875 -2203.343 19.4685 -2612.277 -2205.375 -0.2165354 -2615.875 -2203.343 -0.2165354 -2612.277 -2205.375 19.4685 -2624.172 -2197.322 19.4685 -2624.172 -2197.322 -0.2165354 -2631.734 -2190.399 19.4685 -2631.734 -2190.399 -0.2165354 -2638.461 -2182.664 -0.2165354 -2638.461 -2182.664 19.4685 -2640.081 -2180.307 -0.2165354 -2640.081 -2180.307 19.4685 -2644.268 -2174.215 -0.2165354 -2640.081 -2180.307 19.4685 -2640.081 -2180.307 -0.2165354 -2644.268 -2174.215 19.4685 -2650.785 -2161.952 -0.2165354 -2650.785 -2161.952 19.4685 -2667.033 -2126.682 -0.2165354 -2650.785 -2161.952 19.4685 -2650.785 -2161.952 -0.2165354 -2667.033 -2126.682 19.4685 -2682.999 -2096.785 -0.2165354 -2667.033 -2126.682 19.4685 -2667.033 -2126.682 -0.2165354 -2682.999 -2096.785 19.4685 -2704.515 -2065.879 -0.2165354 -2704.515 -2065.879 19.4685 -2729.509 -2037.712 -0.2165354 -2729.509 -2037.712 19.4685 -2757.664 -2012.648 19.4685 -2757.664 -2012.648 -0.2165354 -2778.469 -1996.252 19.4685 -2757.664 -2012.648 -0.2165354 -2778.469 -1996.252 -0.2165354 -2757.664 -2012.648 19.4685 -2800.415 -1981.432 19.4685 -2800.415 -1981.432 -0.2165354 -2823.389 -1968.262 19.4685 -2823.389 -1968.262 -0.2165354 -2847.268 -1956.813 19.4685 -2847.268 -1956.813 -0.2165354 -2871.922 -1947.147 19.4685 -2871.922 -1947.147 -0.2165354 -2897.219 -1939.316 19.4685 -2897.219 -1939.316 -0.2165354 -2923.023 -1933.363 19.4685 -2897.219 -1939.316 -0.2165354 -2923.023 -1933.363 -0.2165354 -2897.219 -1939.316 19.4685 -2949.193 -1929.319 19.4685 -2949.193 -1929.319 -0.2165354 -2975.59 -1927.206 19.4685 -2975.59 -1927.206 -0.2165354 -2982.623 -1927.161 19.4685 -2982.623 -1927.161 -0.2165354 -3002.071 -1927.036 19.4685 -2982.623 -1927.161 -0.2165354 -3002.071 -1927.036 -0.2165354 -2982.623 -1927.161 19.4685 -3028.351 -1928.8 19.4685 -3028.351 -1928.8 -0.2165354 -3028.493 -1928.81 19.4685 -3028.351 -1928.8 -0.2165354 -3028.493 -1928.81 -0.2165354 -3028.351 -1928.8 19.4685 -3054.19 -1932.443 19.4685 -3028.493 -1928.81 -0.2165354 -3054.19 -1932.443 -0.2165354 -3028.493 -1928.81 19.4685 -3054.653 -1932.509 19.4685 -3054.19 -1932.443 -0.2165354 -3054.653 -1932.509 -0.2165354 -3054.19 -1932.443 19.4685 -8093.559 -3537.543 -0.2165354 -3054.653 -1932.509 19.4685 -3054.653 -1932.509 -0.2165354 -8093.559 -3537.543 19.4685 -8094.527 -3537.836 19.4685 -8093.559 -3537.543 -0.2165354 -8094.527 -3537.836 -0.2165354 -8093.559 -3537.543 19.4685 -8223.717 -3576.788 19.4685 -8094.527 -3537.836 -0.2165354 -8223.717 -3576.788 -0.2165354 -8094.527 -3537.836 19.4685 -8353.889 -3611.666 19.4685 -8353.889 -3611.666 -0.2165354 -8363.291 -3613.875 19.4685 -8363.291 -3613.875 -0.2165354 -8485.081 -3642.486 19.4685 -8363.291 -3613.875 -0.2165354 -8485.081 -3642.486 -0.2165354 -8363.291 -3613.875 19.4685 -8617.166 -3669.219 19.4685 -8617.166 -3669.219 -0.2165354 -8750.018 -3691.838 19.4685 -8750.018 -3691.838 -0.2165354 -8883.508 -3710.322 19.4685 -8883.508 -3710.322 -0.2165354 -9017.508 -3724.653 19.4685 -9017.508 -3724.653 -0.2165354 -9151.888 -3734.817 19.4685 -9151.888 -3734.817 -0.2165354 -9177.425 -3735.952 19.4685 -9177.425 -3735.952 -0.2165354 -9286.518 -3740.804 19.4685 -9177.425 -3735.952 -0.2165354 -9286.518 -3740.804 -0.2165354 -9177.425 -3735.952 19.4685 -9421.27 -3742.608 19.4685 -9421.27 -3742.608 -0.2165354 -9471.22 -3741.726 19.4685 -9471.22 -3741.726 -0.2165354 -9556.012 -3740.228 19.4685 -9471.22 -3741.726 -0.2165354 -9556.012 -3740.228 -0.2165354 -9471.22 -3741.726 19.4685 -9692.997 -3733.551 19.4685 -9692.997 -3733.551 -0.2165354 -11057.31 -3667.042 19.4685 -9692.997 -3733.551 -0.2165354 -11057.31 -3667.042 -0.2165354 -9692.997 -3733.551 19.4685 -11065.88 -3666.863 19.4685 -11057.31 -3667.042 -0.2165354 -11065.88 -3666.863 -0.2165354 -11057.31 -3667.042 19.4685 -11089.43 -3667.025 -0.2165354 -11065.88 -3666.863 19.4685 -11065.88 -3666.863 -0.2165354 -11089.43 -3667.025 19.4685 -11089.65 -3667.026 19.4685 -11089.43 -3667.025 -0.2165354 -11089.65 -3667.026 -0.2165354 -11089.43 -3667.025 19.4685 -11121.75 -3670.833 19.4685 -11089.65 -3667.026 -0.2165354 -11121.75 -3670.833 -0.2165354 -11089.65 -3667.026 19.4685 -11153.24 -3678.179 19.4685 -11153.24 -3678.179 -0.2165354 -11173.14 -3685.225 -0.2165354 -11173.14 -3685.225 19.4685 -11183.71 -3688.971 19.4685 -11173.14 -3685.225 -0.2165354 -11183.71 -3688.971 -0.2165354 -11173.14 -3685.225 19.4685 -11212.81 -3703.078 -0.2165354 -11212.81 -3703.078 19.4685 -11240.15 -3720.325 19.4685 -11240.15 -3720.325 -0.2165354 -11265.42 -3740.499 19.4685 -11265.42 -3740.499 -0.2165354 -11288.29 -3763.351 19.4685 -11288.29 -3763.351 -0.2165354 -11308.48 -3788.599 -0.2165354 -11308.48 -3788.599 19.4685 -11325.75 -3815.931 -0.2165354 -11325.75 -3815.931 19.4685 -11339.88 -3845.01 -0.2165354 -11339.88 -3845.01 19.4685 -11347.84 -3867.428 -0.2165354 -11347.84 -3867.428 19.4685 -11347.84 -3867.428 19.4685 -11427.82 -4092.69 -0.2165354 -11427.82 -4092.69 19.4685 -11347.84 -3867.428 -0.2165354 -11427.82 -4092.69 19.4685 -11447.03 -4146.79 -0.2165354 -11447.03 -4146.79 19.4685 -11427.82 -4092.69 -0.2165354 -11447.03 -4146.79 19.4685 -11447.58 -4148.339 -0.2165354 -11447.58 -4148.339 19.4685 -11447.03 -4146.79 -0.2165354 -11447.58 -4148.339 19.4685 -11447.61 -4148.402 -0.2165354 -11447.61 -4148.402 19.4685 -11447.58 -4148.339 -0.2165354 -11447.61 -4148.402 19.4685 -11477.79 -4211.012 -0.2165354 -11477.79 -4211.012 19.4685 -11447.61 -4148.402 -0.2165354 -11489.85 -4226.383 -0.2165354 -11489.85 -4226.383 19.4685 -11489.85 -4226.383 19.4685 -11520.78 -4265.806 -0.2165354 -11520.78 -4265.806 19.4685 -11489.85 -4226.383 -0.2165354 -11574.51 -4310.11 -0.2165354 -11574.51 -4310.11 19.4685 -11636.5 -4341.865 -0.2165354 -11636.5 -4341.865 19.4685 -11703.85 -4359.593 19.4685 -11703.85 -4359.593 -0.2165354 -11718.5 -4360.198 19.4685 -11718.5 -4360.198 -0.2165354 -11773.44 -4362.47 19.4685 -11718.5 -4360.198 -0.2165354 -11773.44 -4362.47 -0.2165354 -11718.5 -4360.198 19.4685 -11842.02 -4350.363 19.4685 -11842.02 -4350.363 -0.2165354 -11906.41 -4323.834 19.4685 -11906.41 -4323.834 -0.2165354 -11963.62 -4284.117 19.4685 -11963.62 -4284.117 -0.2165354 -12010.99 -4233.06 -0.2165354 -12010.99 -4233.06 19.4685 -12046.31 -4173.035 -0.2165354 -12046.31 -4173.035 19.4685 -12067.92 -4106.889 -0.2165354 -12067.92 -4106.889 19.4685 -12071.22 -4089.652 -0.2165354 -12067.92 -4106.889 19.4685 -12067.92 -4106.889 -0.2165354 -12071.22 -4089.652 19.4685 -12073.86 -4072.361 -0.2165354 -12073.86 -4072.361 19.4685 -12075.86 -4054.983 -0.2165354 -12075.86 -4054.983 19.4685 -12077.2 -4037.542 -0.2165354 -12077.2 -4037.542 19.4685 -12077.89 -4020.064 -0.2165354 -12077.89 -4020.064 19.4685 -12077.93 -4002.572 -0.2165354 -12077.93 -4002.572 19.4685 -12077.31 -3985.091 -0.2165354 -12077.31 -3985.091 19.4685 -12076.05 -3967.645 -0.2165354 -12076.05 -3967.645 19.4685 -12074.13 -3950.259 -0.2165354 -12074.13 -3950.259 19.4685 -12071.56 -3932.956 -0.2165354 -12071.56 -3932.956 19.4685 -12068.34 -3915.762 -0.2165354 -12068.34 -3915.762 19.4685 -12064.49 -3898.724 -0.2165354 -12064.49 -3898.724 19.4685 11532.98 3181.003 -0.2165354 11533.79 3181.209 -0.2165354 11532.98 3181.009 -0.2165354 11533 3181.007 -0.2165354 11533.79 3181.205 -0.2165354</float_array>
          <technique_common>
            <accessor source="#ID18-mesh-positions-array" count="2763" stride="3">
              <param name="X" type="float"/>
              <param name="Y" type="float"/>
              <param name="Z" type="float"/>
            </accessor>
          </technique_common>
        </source>
        <source id="ID18-mesh-normals">
          <float_array id="ID18-mesh-normals-array" count="5775">0.9741279 -0.2259977 0 0.97447 -0.2245179 0 0.976139 -0.2171468 0 0.9764691 -0.2156575 0 1.08542e-6 0 1 -1.08745e-6 0 1 5.04291e-7 0 1 -2.37392e-6 0 1 7.33646e-6 0 1 3.73893e-6 0 1 1.08967e-6 0 1 -1.53276e-6 0 1 1.08847e-6 0 1 -1.54222e-6 0 1 1.08221e-6 0 1 0 0 1 1.8429e-6 0 1 -2.02082e-6 0 1 -8.18727e-7 0 1 -5.94265e-7 0 1 -5.944e-7 0 1 5.95465e-7 0 1 1.48157e-5 0 1 3.28849e-5 0 1 7.45468e-7 0 1 7.61916e-7 0 1 3.80763e-7 0 1 -3.80963e-7 0 1 1.90709e-7 0 1 0 0 1 0 0 1 1.90579e-7 0 1 -1.8638e-7 0 1 3.82272e-7 0 1 -1.41961e-7 0 1 0 0 1 0 0 1 0 0 1 1.64249e-7 0 1 -3.28484e-7 0 1 -6.57065e-7 0 1 1.39124e-4 0 1 9.33003e-7 0 1 9.32891e-7 0 1 -9.38904e-7 0 1 -9.32641e-7 0 1 -9.36666e-7 0 1 9.77357e-7 0 1 9.71659e-7 0 1 -9.68287e-7 0 1 7.29747e-7 0 1 -7.28763e-7 0 1 7.34568e-7 0 1 -7.28782e-7 0 1 7.34603e-7 0 1 -7.28791e-7 0 1 7.34482e-7 0 1 7.83336e-7 0 1 7.90459e-7 0 1 -1.46288e-6 0 1 7.34499e-7 0 1 7.28744e-7 0 1 -7.34672e-7 0 1 -7.88385e-7 0 1 -7.86638e-7 0 1 -3.93319e-7 0 1 -3.93379e-7 0 1 -1.97027e-7 0 1 1.52934e-7 0 1 -6.11726e-7 0 1 8.79786e-7 0 1 -6.92598e-6 0 1 -7.53375e-7 0 1 0 0 1 -5.24241e-6 0 1 1.04909e-6 0 1 -1.18726e-6 0 1 3.68805e-6 0 1 -5.92092e-7 0 1 -7.56787e-7 0 1 1.08974e-6 0 1 3.92689e-7 0 1 1.4159e-7 0 1 -2.266e-7 0 1 -4.47759e-7 0 1 0 0 1 -4.46939e-7 0 1 3.39234e-7 0 1 0 0 1 0 0 1 -2.68896e-7 0 1 2.53192e-7 0 1 -8.28561e-7 0 1 9.08166e-7 0 1 -9.01564e-7 0 1 -2.02795e-5 0 1 -1.31791e-5 0 1 8.49554e-7 0 1 -4.86158e-7 0 1 -6.62413e-7 0 1 9.76624e-7 0 1 4.87672e-7 0 1 4.95089e-7 0 1 -7.03322e-7 0 1 1.86776e-7 0 1 2.47106e-7 0 1 0 0 1 0 0 1 0 0 1 0 0 1 0 0 1 0 0 1 0 0 1 0 0 1 0 0 1 0 0 1 0 0 1 -2.51984e-7 0 1 4.08219e-7 0 1 2.34047e-7 0 1 2.31935e-7 0 1 -3.89457e-6 0 1 -1.90865e-7 0 1 1.90809e-7 0 1 1.51911e-7 0 1 -2.76702e-5 0 1 0 0 1 3.21755e-7 0 1 -5.60421e-7 0 1 0 0 1 -1.48868e-7 0 1 -1.48882e-7 0 1 -6.02073e-7 0 1 1.48887e-7 0 1 3.0099e-7 0 1 -1.48894e-7 0 1 3.01013e-7 0 1 -1.48865e-7 0 1 -2.23314e-7 0 1 -6.01146e-7 0 1 2.9765e-7 0 1 8.44412e-7 0 1 -3.13749e-7 0 1 0 0 1 -3.66371e-7 0 1 1.74458e-7 0 1 1.52263e-7 0 1 -5.54471e-7 0 1 2.83895e-7 0 1 5.33331e-7 0 1 1.92298e-7 0 1 -1.92251e-7 0 1 -3.68688e-7 0 1 -4.57406e-7 0 1 -6.17882e-7 0 1 -3.68758e-7 0 1 3.84488e-7 0 1 -3.68792e-7 0 1 3.84511e-7 0 1 -1.84327e-7 0 1 0 0 1 0 0 1 -4.51065e-4 0 1 1.10279e-4 0 1 2.69997e-4 0 1 1.73035e-6 0 1 2.42468e-7 0 1 -2.42843e-7 0 1 4.09482e-7 0 1 4.0946e-7 0 1 3.98069e-7 0 1 -3.53907e-5 0 1 -3.00179e-4 0 1 4.80444e-7 0 1 -4.82045e-7 0 1 7.34258e-6 0 1 -4.82134e-7 0 1 4.82075e-7 0 1 -4.20027e-5 0 1 2.82827e-5 0 1 -4.14324e-7 0 1 4.14105e-7 0 1 -4.13973e-7 0 1 -4.13798e-7 0 1 4.145e-7 0 1 2.0725e-7 0 1 -5.42535e-5 0 1 1.22549e-4 0 1 -2.64938e-7 0 1 -2.64902e-7 0 1 4.09632e-7 0 1 -2.05852e-7 0 1 -2.05896e-7 0 1 -2.59724e-7 0 1 2.65154e-7 0 1 2.6501e-7 0 1 -1.60381e-7 0 1 1.50646e-6 0 1 -6.29905e-7 0 1 -2.92862e-6 0 1 1.40867e-6 0 1 -2.06212e-6 0 1 -2.19403e-7 0 1 -3.65617e-7 0 1 1.80211e-7 0 1 -1.68402e-7 0 1 1.68344e-7 0 1 1.68373e-7 0 1 -3.37153e-7 0 1 2.09675e-7 0 1 3.37036e-7 0 1 -3.76542e-7 0 1 1.01422e-6 0 1 -2.41425e-7 0 1 7.57686e-7 0 1 -7.41294e-7 0 1 -1.08931e-6 0 1 5.44729e-7 0 1 -5.42723e-7 0 1 5.42685e-7 0 1 -5.44653e-7 0 1 -3.07918e-7 0 1 3.08599e-7 0 1 3.09578e-7 0 1 4.25147e-7 0 1 2.1262e-7 0 1 2.12481e-7 0 1 2.12573e-7 0 1 0 0 1 0 0 1 0 0 1 0 0 1 0 0 1 0 0 1 0 0 1 0 0 1 0 0 1 0 0 1 1.12897e-5 0 1 -1.97565e-7 0 1 -3.93062e-7 0 1 0 0 1 3.93141e-7 0 1 -3.93141e-7 0 1 1.94706e-7 0 1 7.86361e-7 0 1 -4.3809e-7 0 1 7.86282e-7 0 1 -5.84178e-7 0 1 -1.45997e-7 0 1 -7.86124e-7 0 1 2.43389e-7 0 1 -1.94716e-7 0 1 -1.94723e-7 0 1 0 0 1 2.37524e-7 0 1 -1.87203e-7 0 1 -1.70192e-7 0 1 -5.40358e-7 0 1 0 0 1 0 0 1 -3.06335e-7 0 1 5.40358e-7 0 1 0 0 1 0 0 1 2.05149e-7 0 1 0 0 1 0 0 1 0 0 1 -1.58154e-7 0 1 0 0 1 0 0 1 0 0 1 0 0 1 0 0 1 0 0 1 0 0 1 0 0 1 0 0 1 -1.28427e-7 0 1 -2.56551e-7 0 1 1.28259e-7 0 1 -2.57125e-7 0 1 2.56855e-7 0 1 8.39844e-5 0 1 0 0 1 1.84923e-7 0 1 -4.16213e-7 0 1 7.58054e-7 0 1 -3.6984e-7 0 1 -3.00641e-7 0 1 0 0 1 0.9754331 -0.2202959 0 0.9754354 -0.2202857 0 0.9754442 -0.2202467 0 0.9754257 -0.220329 0 0.975425 -0.220332 0 0.9695556 -0.2448716 0 0.9725428 -0.2327245 0 0.9725458 -0.2327116 0 0.9695547 -0.2448748 0 0.9630799 -0.2692158 0 0.9630817 -0.2692095 0 0.9559966 -0.2933778 0 0.9559966 -0.2933778 0 0.9482902 -0.3174048 0 0.9482912 -0.3174018 0 0.9399665 -0.3412668 0 0.9399687 -0.3412607 0 0.9310828 -0.364808 0 0.9310839 -0.3648051 0 0.9215977 -0.3881464 0 0.9216002 -0.3881406 0 0.9115146 -0.4112679 0 0.9115158 -0.4112651 0 0.9008448 -0.4341413 0 0.9008475 -0.4341359 0 0.8896171 -0.4567071 0 0.8896199 -0.4567018 0 0.8778435 -0.4789478 0 0.877842 -0.4789503 0 0.8717612 -0.4899311 0 0.8717583 -0.4899363 0 0.8484776 -0.5292314 0 0.8481619 -0.5297372 0 0.8483461 -0.5294421 0 0.8485021 -0.5291922 0 0.848502 -0.5291922 0 0.7806991 -0.6249071 0 0.8159472 -0.5781267 0 0.8159471 -0.5781267 0 0.7806904 -0.624918 0 0.7020003 -0.7121767 0 0.7019817 -0.712195 0 0.6136217 -0.7896002 0 0.6136313 -0.7895927 0 0.5169423 -0.8560203 0 0.5169497 -0.8560158 0 0.4130639 -0.9107021 0 0.4130718 -0.9106985 0 0.3035604 -0.9528122 0 0.1897907 -0.9818246 0 0.1897954 -0.9818238 0 0.07336872 -0.997305 0 0.07337361 -0.9973046 0 -0.04401093 -0.9990311 0 -0.04400902 -0.9990312 0 -0.1607841 -0.9869896 0 -0.16079 -0.9869887 0 -0.2184358 -0.9758514 0 -0.2184279 -0.9758532 0 -0.331192 -0.9435634 0 -0.3310958 -0.9435971 0 -0.3314328 -0.9434789 0 -0.3314328 -0.9434789 0 -0.3313005 -0.9435254 0 -0.3313021 -0.9435248 0 -0.2537108 -0.9672801 0 -0.06588184 -0.9978275 0 -0.1071773 -0.9942399 0 -0.06588184 -0.9978275 0 0.01697456 -0.9998559 0 0.0997138 -0.9950162 0 0.0997138 -0.9950162 0 0.1817735 -0.9833405 0 0.1817717 -0.9833408 0 0.262576 -0.9649114 0 0.2625743 -0.9649119 0 0.3415743 -0.9398549 0 0.3415771 -0.9398537 0 0.4182366 -0.9083383 0 0.4182411 -0.9083361 0 0.4920191 -0.8705845 0 0.4920226 -0.8705825 0 0.5624323 -0.8268435 0 0.5624321 -0.8268436 0 0.6289594 -0.7774382 0 0.6289575 -0.7774398 0 0.6606314 -0.7507104 0 0.7205492 -0.6934038 0 0.7205306 -0.6934231 0 0.733951 -0.6792024 0 0.7494689 -0.6620396 0 0.7453292 -0.6666967 0 0.7453958 -0.6666222 0 0.7640352 -0.6451746 0 0.7547945 -0.6559614 0 0.7547945 -0.6559614 0 0.7640224 -0.6451899 0 0.7820064 -0.6232706 0 0.7820066 -0.6232702 0 0.7994292 -0.6007603 0 0.7994289 -0.6007607 0 0.8161553 -0.5778328 0 0.8161555 -0.5778325 0 0.8322441 -0.5544095 0 0.8322318 -0.5544278 0 0.8476027 -0.5306314 0 0.8476032 -0.5306307 0 0.8623423 -0.5063258 0 0.8623759 -0.5062685 0 0.8763875 -0.4816067 0 0.8763983 -0.4815871 0 0.8897014 -0.456543 0 0.8896909 -0.4565636 0 0.9022821 -0.4311465 0 0.9022922 -0.431125 0 0.9141812 -0.4053058 0 0.9142001 -0.405263 0 0.9198404 -0.3922929 0 0.9198404 -0.3922929 0 0.9627845 -0.2702702 0 0.9642033 -0.2651644 0 0.9642033 -0.2651644 0 0.9627774 -0.2702956 0 0.9598606 -0.2804777 0 0.9598458 -0.2805283 0 0.95683 -0.2906481 0 0.9568148 -0.2906983 0 0.9536811 -0.3008199 0 0.9536809 -0.30082 0 0.9504427 -0.3109 0 0.9504427 -0.3108999 0 0.947074 -0.3210152 0 0.947074 -0.3210153 0 0.9453706 -0.3259975 0 0.9453876 -0.3259485 0 0.9400486 -0.3410406 0 0.9418421 -0.3360556 0 0.9418248 -0.3361043 0 0.9400662 -0.340992 0 0.9382465 -0.3459675 0 0.9382644 -0.3459193 0 0.9283121 -0.3718021 0 0.9324014 -0.3614245 0 0.9324014 -0.3614245 0 0.9283294 -0.3717588 0 0.9198147 -0.3923532 0 0.9198511 -0.3922678 0 0.9108639 -0.4127069 0 0.9108641 -0.4127064 0 0.901457 -0.4328686 0 0.9014177 -0.4329506 0 0.8915613 -0.4529001 0 0.8915409 -0.4529405 0 0.8813005 -0.4725566 0 0.8812448 -0.4726601 0 0.8760622 -0.4821984 0 0.8759489 -0.4824039 0 0.8705002 -0.492168 0 0.8759081 -0.482478 0 0.8759081 -0.482478 0 0.8593179 -0.511442 0 0.8593398 -0.5114049 0 0.8477301 -0.5304279 0 0.8477303 -0.5304273 0 0.8356679 -0.5492354 0 0.8356674 -0.5492358 0 0.8232675 -0.5676535 0 0.8232678 -0.5676532 0 0.816931 -0.5767357 0 0.816883 -0.5768035 0 0.8230019 -0.5680388 0 0.8452245 -0.5344115 0 0.8230019 -0.5680388 0 0.7745848 -0.6324701 0 0.7745847 -0.6324703 0 0.7211296 -0.6928002 0 0.7211294 -0.6928004 0 0.6629908 -0.7486276 0 0.6005449 -0.7995911 0 0.6005449 -0.7995911 0 0.5342026 -0.8453565 0 0.5342023 -0.8453567 0 0.4643823 -0.8856349 0 0.464382 -0.8856351 0 0.391547 -0.9201582 0 0.3161695 -0.9487028 0 0.3161695 -0.9487028 0 0.2387403 -0.9710835 0 0.2387402 -0.9710835 0 0.1597557 -0.9871566 0 0.1597556 -0.9871566 0 0.1198406 -0.9927932 0 0.1198406 -0.9927932 0 -0.04212802 -0.9991123 0 0.1491515 -0.9888144 0 0.05375617 -0.9985541 0 0.05375629 -0.9985541 0 0.1491513 -0.9888144 0 0.3349663 -0.9422302 0 0.3349665 -0.9422301 0 0.5084854 -0.8610706 0 0.5084851 -0.8610708 0 0.6633396 -0.7483186 0 0.663339 -0.7483191 0 0.7938603 -0.6081002 0 0.7938605 -0.6080999 0 0.8952468 -0.4455706 0 0.8952467 -0.4455711 0 0.9637793 -0.2667011 0 0.9637795 -0.2667006 0 0.9969504 -0.07803827 0 0.9969505 -0.07803738 0 0.9998417 0.01779329 0 0.9998417 0.01779329 0 0.9998412 0.01782536 0 0.999841 0.01783382 0 0.9781005 0.2081332 0 0.9781006 0.2081332 0 0.994843 0.1014282 0 0.9948429 0.1014282 0 -0.1010552 0.9948809 0 -0.1010345 0.994883 0 -0.9950809 -0.09906584 0 -0.9780997 -0.2081369 0 -0.9780978 -0.208146 0 -0.9998412 -0.01782029 0 -0.9969514 0.07802599 0 -0.9969515 0.0780251 0 -0.963783 0.2666881 0 -0.9637832 0.2666872 0 -0.8952438 0.4455767 0 -0.8952438 0.4455767 0 -0.7938569 0.6081046 0 -0.7938572 0.6081044 0 -0.6633443 0.7483143 0 -0.6633443 0.7483144 0 -0.5084848 0.8610709 0 -0.5084848 0.8610711 0 -0.4236735 0.905815 0 -0.4236732 0.9058152 0 -0.2431747 0.9699826 0 -0.2431765 0.9699821 0 -0.05375587 0.9985541 0 -0.0537548 0.9985542 0 0.04212784 0.9991123 0 0.04212784 0.9991123 0 -0.1597533 0.987157 0 -0.1198395 0.9927934 0 -0.1597533 0.9871571 0 -0.1198394 0.9927934 0 -0.2387402 0.9710835 0 -0.2387401 0.9710836 0 -0.3161721 0.9487019 0 -0.316172 0.9487019 0 -0.3915485 0.9201576 0 -0.3915486 0.9201575 0 -0.4643818 0.8856351 0 -0.4643821 0.885635 0 -0.5341998 0.8453583 0 -0.5342 0.8453583 0 -0.6005465 0.7995899 0 -0.662993 0.7486257 0 -0.6629927 0.7486259 0 -0.7211278 0.6928022 0 -0.7211278 0.6928021 0 -0.7745833 0.6324719 0 -0.7745834 0.6324717 0 -0.823006 0.5680327 0 -0.823006 0.5680327 0 -0.8452329 0.5343982 0 -0.8168982 0.5767819 0 -0.8231869 0.5677706 0 -0.8232342 0.5677021 0 -0.81685 0.5768501 0 -0.835677 0.5492213 0 -0.8356997 0.5491867 0 -0.8477029 0.5304713 0 -0.8477481 0.5303991 0 -0.8592886 0.511491 0 -0.8593543 0.5113807 0 -0.8705053 0.4921592 0 -0.8705748 0.4920361 0 -0.8759542 0.4823945 0 -0.8760489 0.4822223 0 -0.8759503 0.4824013 0 -0.8811912 0.4727601 0 -0.8812671 0.4726188 0 -0.8758383 0.4826048 0 -0.8915487 0.4529249 0 -0.8915688 0.4528855 0 -0.9014418 0.4329003 0 -0.9014223 0.4329411 0 -0.91087 0.4126936 0 -0.9108512 0.4127348 0 -0.9198451 0.3922818 0 -0.9198451 0.3922818 0 -0.9283342 0.3717469 0 -0.9324038 0.3614181 0 -0.9382314 0.3460088 0 -0.9400514 0.3410328 0 -0.9400603 0.3410086 0 -0.9382136 0.3460568 0 -0.9418489 0.3360368 0 -0.9418489 0.3360367 0 -0.9453552 0.3260424 0 -0.9470807 0.3209955 0 -0.9470725 0.32102 0 -0.945372 0.3259935 0 -0.9504373 0.3109164 0 -0.9504454 0.3108918 0 -0.9536891 0.3007944 0 -0.953689 0.3007945 0 -0.9568291 0.2906513 0 -0.9568139 0.2907013 0 -0.9598413 0.2805436 0 -0.9598487 0.2805184 0 -0.9627704 0.2703209 0 -0.9627846 0.2702703 0 -0.9641981 0.2651829 0 -0.9641981 0.2651829 0 -0.9198198 0.3923411 0 -0.9141715 0.4053275 0 -0.9141911 0.4052836 0 -0.9198005 0.3923863 0 -0.9023048 0.4310986 0 -0.9023252 0.4310563 0 -0.8896864 0.4565722 0 -0.8897076 0.4565311 0 -0.8763946 0.4815937 0 -0.8763949 0.4815934 0 -0.8623542 0.5063056 0 -0.8623428 0.5063251 0 -0.8476326 0.5305837 0 -0.8476209 0.5306023 0 -0.83223 0.5544307 0 -0.8322179 0.5544488 0 -0.8161427 0.5778504 0 -0.816155 0.5778332 0 -0.7994232 0.6007684 0 -0.7994357 0.6007516 0 -0.7820343 0.6232355 0 -0.7820343 0.6232354 0 -0.7640119 0.6452022 0 -0.7547891 0.6559675 0 -0.7547892 0.6559676 0 -0.745409 0.6666074 0 -0.745476 0.6665326 0 -0.7339507 0.6792027 0 -0.7339503 0.6792032 0 -0.7205564 0.6933963 0 -0.7205377 0.6934157 0 -0.6289626 0.7774357 0 -0.6606385 0.7507043 0 -0.6289667 0.7774323 0 -0.6606344 0.7507079 0 -0.5624198 0.8268519 0 -0.5624182 0.826853 0 -0.4920206 0.8705836 0 -0.4920228 0.8705824 0 -0.4182439 0.9083348 0 -0.4182443 0.9083347 0 -0.3415815 0.9398522 0 -0.3415789 0.9398532 0 -0.2625783 0.9649108 0 -0.2625753 0.9649116 0 -0.1817676 0.9833415 0 -0.1817663 0.9833418 0 -0.09971588 0.995016 0 -0.09971594 0.9950159 0 -0.01697427 0.9998559 0 -0.01697361 0.9998559 0 0.06588321 0.9978274 0 0.06588345 0.9978274 0 0.1071782 0.9942398 0 0.1071782 0.9942398 0 0.2537118 0.96728 0 0.2537118 0.9672799 0 0.3312979 0.9435263 0 0.3312964 0.9435268 0 0.2753509 0.9613438 0 0.331359 0.9435048 0 0.3313705 0.9435008 0 0.2753525 0.9613434 0 0.1607638 0.986993 0 0.1607578 0.986994 0 0.04401403 0.999031 0 0.04401612 0.9990309 0 -0.07337152 0.9973047 0 -0.07337599 0.9973044 0 -0.1897436 0.9818337 0 -0.1897482 0.9818328 0 -0.3034613 0.9528439 0 -0.4130578 0.9107048 0 -0.4130427 0.9107118 0 -0.5170459 0.8559576 0 -0.5170316 0.8559664 0 -0.6137194 0.7895243 0 -0.7019528 0.7122235 0 -0.7019624 0.7122141 0 -0.7807195 0.6248818 0 -0.7807371 0.6248598 0 -0.8161176 0.5778859 0 -0.8161348 0.5778617 0 -0.8485003 0.5291951 0 -0.8485 0.5291956 0 -0.8717412 0.4899666 0 -0.8778492 0.4789373 0 -0.8778534 0.4789295 0 -0.8717383 0.4899718 0 -0.8896185 0.4567044 0 -0.8896213 0.4566991 0 -0.90083 0.4341722 0 -0.9115079 0.4112828 0 -0.911509 0.41128 0 -0.921595 0.3881529 0 -0.9215939 0.3881558 0 -0.9310835 0.364806 0 -0.9310824 0.3648089 0 -0.9399775 0.3412367 0 -0.9399807 0.3412277 0 -0.9483047 0.3173614 0 -0.9483067 0.3173553 0 -0.95599 0.2933995 0 -0.9559881 0.2934057 0 -0.9630604 0.2692853 0 -0.9630596 0.2692884 0 -0.9695662 0.2448295 0 -0.969567 0.2448264 0 -0.9725645 0.2326338 0 -0.9725644 0.2326338 0 -0.975427 0.2203227 0 -0.9754267 0.2203242 0 -0.9754214 0.2203478 0 -0.9754703 0.2201318 0 -0.9793954 0.2019526 0 -0.9793858 0.201999 0 -0.975491 0.2200393 0 -0.9862452 0.1652894 0 -0.9862412 0.1653129 0 -0.991723 0.1283963 0 -0.9917138 0.1284675 0 -0.9958249 0.09128409 0 -0.9958206 0.09133172 0 -0.9985474 0.05388146 0 -0.9985487 0.05385744 0 -0.9998654 0.01640856 0 -0.9998651 0.01643264 0 -0.9997847 -0.02075427 0 -0.9997866 -0.02065807 0 -0.9983099 -0.05811655 0 -0.9983112 -0.05809247 0 -0.9954257 -0.09553915 0 -0.9954234 -0.09556305 0 -0.9911625 -0.1326537 0 -0.9911562 -0.1327008 0 -0.9855362 -0.1694652 0 -0.9855282 -0.1695121 0 -0.9822676 -0.1874847 0 -0.9822676 -0.1874847 0 -0.9505375 -0.3106098 0 -0.9115072 -0.4112843 0 -0.9115072 -0.4112842 0 -0.9505364 -0.3106134 0 -0.8021711 -0.5970942 0 -0.8021702 -0.5970955 0 -0.6555413 -0.7551594 0 -0.6555421 -0.7551587 0 -0.4783791 -0.8781535 0 -0.47838 -0.8781529 0 -0.2790067 -0.9602892 0 -0.279007 -0.9602891 0 -0.06665629 -0.9977761 0 -0.06665658 -0.997776 0 0.04132246 -0.9991459 0 0.04132246 -0.9991459 0 0.04125142 -0.9991489 0 0.04126822 -0.9991481 0 0.3573418 -0.9339737 0 0.2545516 -0.9670593 0 0.3573432 -0.9339733 0 0.2545506 -0.9670594 0 0.5492289 -0.835672 0 0.5492296 -0.8356715 0 0.7156059 -0.6985043 0 0.7867717 -0.6172442 0 0.7867718 -0.6172442 0 0.8487759 -0.5287529 0 0.7869096 -0.6170684 0 0.786889 -0.6170948 0 0.8487839 -0.5287402 0 0.9007666 -0.4343035 0 0.9007651 -0.4343067 0 0.9034886 -0.4286122 0 0.901269 -0.4332601 0 0.9427225 -0.3335781 0 0.9427225 -0.3335781 0 0.942358 -0.3346064 0 0.942363 -0.3345922 0 0.9223303 -0.3864025 0 0.942459 -0.3343219 0 0.942459 -0.3343219 0 0.9223333 -0.3863952 0 0.8737138 -0.4864405 0 0.8737105 -0.4864465 0 0.8144468 -0.5802384 0 0.814446 -0.5802393 0 0.7450497 -0.6670089 0 0.7450547 -0.6670033 0 0.6664453 -0.745554 0 0.6664499 -0.7455499 0 0.5796189 -0.8148877 0 0.5796151 -0.8148905 0 0.4856076 -0.8741769 0 0.4855969 -0.8741829 0 0.385688 -0.9226294 0 0.3856809 -0.9226322 0 0.2809249 -0.9597299 0 0.2809287 -0.9597287 0 0.1727436 -0.9849668 0 0.1727387 -0.9849677 0 0.1177999 -0.9930374 0 0.117802 -0.9930372 0 0.006853342 -0.9999766 0 0.006853818 -0.9999765 0 -0.0209378 -0.9997808 0 -0.02094566 -0.9997807 0 -0.04869019 -0.9988139 0 -0.04869008 -0.9988139 0 -0.03318202 -0.9994494 0 -0.04869115 -0.9988139 0 -0.04869109 -0.9988139 0 -0.03318202 -0.9994494 0 -0.01766359 -0.999844 0 -0.01766359 -0.9998441 0 -0.002132296 -0.9999978 0 -0.01765447 -0.9998443 0 -0.002132296 -0.9999978 0 0.02891117 -0.999582 0 0.02891123 -0.9995821 0 0.04442614 -0.9990128 0 0.04442632 -0.9990128 0 0.05992406 -0.998203 0 0.04441231 -0.9990134 0 0.05992406 -0.998203 0 0.09089291 -0.9958608 0 0.09089285 -0.9958608 0 0.1217642 -0.9925591 0 0.1217643 -0.9925591 0 0.152516 -0.9883011 0 0.152516 -0.988301 0 0.1831272 -0.9830892 0 0.1831272 -0.9830893 0 0.2135593 -0.9769302 0 0.2135595 -0.9769302 0 0.2286993 -0.9734972 0 0.2286995 -0.9734972 0 0.243803 -0.9698249 0 0.228738 -0.9734881 0 0.2438027 -0.9698249 0 0.2287379 -0.9734881 0 0.2737752 -0.9617938 0 0.2737749 -0.9617938 0 0.2886802 -0.9574256 0 0.2886802 -0.9574257 0 0.3035033 -0.9528304 0 0.3035033 -0.9528304 0 0.1400324 -0.990147 0 0.1400302 -0.9901473 0 0.03028631 -0.9995412 0 0.06695574 -0.997756 0 0.03028661 -0.9995412 0 0.06695532 -0.9977561 0 -0.00642395 -0.9999794 0 -0.006423771 -0.9999794 0 -0.04311037 -0.9990703 0 -0.006376802 -0.9999797 0 -0.04311001 -0.9990704 0 -0.0063771 -0.9999797 0 -0.1163151 -0.9932124 0 -0.1163154 -0.9932124 0 -0.1888906 -0.9819982 0 -0.1888908 -0.9819981 0 -0.2248373 -0.9743964 0 -0.2248359 -0.9743967 0 -0.3305693 -0.9437818 0 -0.2956787 -0.9552875 0 -0.2956804 -0.9552869 0 -0.3305673 -0.9437825 0 -0.3989422 -0.9169762 0 -0.3989412 -0.9169766 0 -0.4651591 -0.8852272 0 -0.4651591 -0.8852272 0 -0.5288494 -0.8487157 0 -0.5288478 -0.8487167 0 -0.5897024 -0.8076207 0 -0.5897006 -0.807622 0 -0.6189674 -0.7854168 0 -0.6189613 -0.7854215 0 -0.7076767 -0.7065365 0 -0.6649195 -0.7469151 0 -0.6649211 -0.7469137 0 -0.7076749 -0.7065382 0 -0.7857017 -0.6186055 0 -0.785701 -0.6186066 0 -0.852878 -0.5221103 0 -0.8528771 -0.5221118 0 -0.882099 -0.4710642 0 -0.8820974 -0.4710673 0 -0.908259 -0.4184088 0 -0.883021 -0.4693335 0 -0.8830211 -0.4693335 0 -0.8241521 -0.5663686 0 -0.8241764 -0.5663332 0 -0.8240229 -0.5665565 0 -0.8239628 -0.5666441 0 -0.7545834 -0.6562041 0 -0.7160909 -0.6980071 0 -0.7160842 -0.6980139 0 -0.7545961 -0.6561897 0 -0.632323 -0.774705 0 -0.6323172 -0.7747097 0 -0.540363 -0.841432 0 -0.5403693 -0.8414281 0 -0.4916563 -0.8707894 0 -0.4916563 -0.8707895 0 -0.4414572 -0.8972824 0 -0.4916958 -0.8707671 0 -0.4414637 -0.8972792 0 -0.4916744 -0.8707791 0 -0.3368712 -0.9415509 0 -0.3368698 -0.9415512 0 -0.2279223 -0.9736793 0 -0.2279279 -0.9736781 0 -0.1160128 -0.9932478 0 -0.1160157 -0.9932475 0 -0.002632796 -0.9999966 0 -0.002632141 -0.9999966 0 0.1107507 -0.9938482 0 0.1107512 -0.9938482 0 0.1670084 -0.9859555 0 0.1670046 -0.9859561 0 0.3126 -0.949885 0 0.3126026 -0.949884 0 0.3035036 -0.9528303 0 0.3066363 -0.9518268 0 0.3066363 -0.9518268 0 0.3033631 -0.9528751 0 0.3027979 -0.9530548 0 0.3091332 -0.9510189 0 0.3008754 -0.9536635 0 0.3034103 -0.9528601 0 0.3034102 -0.9528601 0 0.3035038 -0.9528303 0 0.303504 -0.9528302 0 0.3035027 -0.9528306 0 0.327389 -0.9448897 0 0.3199991 -0.9474179 0 0.3273885 -0.9448899 0 0.3199991 -0.9474179 0 0.3420997 -0.9396637 0 0.3420989 -0.939664 0 0.3567283 -0.9342083 0 0.356728 -0.9342083 0 0.3712671 -0.9285261 0 0.3712676 -0.9285259 0 0.3857209 -0.9226155 0 0.3857215 -0.9226153 0 0.400076 -0.9164821 0 0.4000763 -0.9164819 0 0.4143351 -0.9101244 0 0.4143354 -0.9101243 0 0.4284967 -0.9035435 0 0.4284963 -0.9035435 0 0.4425495 -0.8967441 0 0.4425489 -0.8967444 0 0.4564949 -0.8897261 0 0.4564946 -0.8897263 0 0.4634298 -0.8861337 0 0.4634298 -0.8861337 0 0.4703047 -0.8825042 0 0.4634098 -0.8861441 0 0.470333 -0.8824891 0 0.4633543 -0.8861732 0 0.4772134 -0.8787875 0 0.4772147 -0.8787868 0 0.4603025 -0.8877621 0 0.4603025 -0.8877621 0 0.460511 -0.887654 0 0.4698579 -0.8827421 0 0.4669812 -0.8842672 0 0.4669862 -0.8842646 0 0.475902 -0.8794983 0 0.4699739 -0.8826804 0 0.4759016 -0.8794987 0 0.4699745 -0.88268 0 0.478846 -0.8778991 0 0.478846 -0.8778991 0 0.4789056 -0.8778664 0 0.4789111 -0.8778635 0 0.4877732 -0.8729705 0 0.4818657 -0.8762452 0 0.4877727 -0.8729707 0 0.4818662 -0.8762449 0 0.493668 -0.8696506 0 0.4936673 -0.8696509 0 0.4995366 -0.8662929 0 0.4995358 -0.8662933 0 0.5053806 -0.8628966 0 0.5053804 -0.8628967 0 0.5111987 -0.8594626 0 0.5111985 -0.8594628 0 0.5140926 -0.8577347 0 0.5140979 -0.8577316 0 0.542574 -0.840008 0 0.5466278 -0.8373758 0 0.5646887 -0.825304 0 0.5750557 -0.8181143 0 0.543753 -0.8392453 0 0.5437538 -0.8392449 0 0.5224856 -0.8526481 0 0.5224856 -0.8526481 0 0.5008774 -0.8655182 0 0.500876 -0.8655191 0 0.4789813 -0.8778252 0 0.4789812 -0.8778253 0 0.4567384 -0.8896012 0 0.4567397 -0.8896005 0 0.4342356 -0.9007993 0 0.434237 -0.9007987 0 0.4114528 -0.9114312 0 0.4114522 -0.9114314 0 0.3883852 -0.9214972 0 0.3883839 -0.9214977 0 0.3651258 -0.9309583 0 0.3651264 -0.930958 0 0.3416035 -0.9398443 0 0.3416045 -0.9398438 0 0.3297478 -0.9440691 0 0.3297488 -0.9440687 0 0.2813388 -0.9596086 0 0.2813243 -0.9596127 0 0.2813465 -0.9596063 0 0.2813177 -0.9596147 0 0.2774488 -0.9607405 0 0.2774772 -0.9607322 0 0.2775787 -0.960703 0 0.2738087 -0.9617843 0 0.2738157 -0.9617822 0 0.2700718 -0.9628401 0 0.2700524 -0.9628456 0 0.2700306 -0.9628518 0 0.270009 -0.9628578 0 0.2700793 -0.9628381 0 0.2700793 -0.9628381 0 0.2662711 -0.9638983 0 0.2662943 -0.9638919 0 0.2663244 -0.9638836 0 0.2662975 -0.9638909 0 0.2661759 -0.9639245 0 0.2661759 -0.9639245 0 0.2625728 -0.9649123 0 0.2587538 -0.9659433 0 0.2587472 -0.9659451 0 0.2549896 -0.9669438 0 0.2549765 -0.9669473 0 0.2512475 -0.9679229 0 0.2474375 -0.9689039 0 0.2474294 -0.968906 0 0.2473501 -0.9689262 0 0.2474101 -0.9689109 0 0.2437204 -0.9698456 0 0.2437078 -0.9698488 0 0.2436321 -0.9698678 0 0.2399157 -0.9707937 0 0.2399073 -0.9707959 0 0.2399212 -0.9707925 0 0.2398911 -0.9707999 0 0.241657 -0.9703618 0 0.2418155 -0.9703223 0 0.2413672 -0.9704338 0 0.2417688 -0.9703339 0 0.2400397 -0.9707631 0 0.239597 -0.9708725 0 0.2425408 -0.9701412 0 0.2425408 -0.9701412 0 0.2434362 -0.969917 0 0.2434705 -0.9699083 0 0.2489948 -0.9685049 0 0.2435033 -0.9699001 0 0.2490009 -0.9685032 0 0.2434954 -0.9699021 0 0.2599748 -0.9656155 0 0.2599758 -0.9656152 0 0.2708991 -0.9626078 0 0.2708969 -0.9626085 0 0.2818383 -0.9594619 0 0.2818311 -0.959464 0 0.287311 -0.9578374 0 0.2872989 -0.957841 0 0.2926394 -0.9562229 0 0.2871063 -0.9578988 0 0.2926372 -0.9562236 0 0.2871182 -0.9578952 0 0.2981789 -0.95451 0 0.2981865 -0.9545077 0 0.3033394 -0.9528826 0 0.2977576 -0.9546416 0 0.3033555 -0.9528775 0 0.2977253 -0.9546517 0 0.31431 -0.9493204 0 0.3143113 -0.94932 0 0.3251171 -0.9456738 0 0.3251184 -0.9456734 0 0.3305354 -0.9437936 0 0.3305353 -0.9437937 0 0.3300651 -0.9439582 0 0.3301926 -0.9439136 0 0.3304209 -0.9438338 0 0.5397946 -0.8417968 0 0.4252209 -0.9050897 0 0.539789 -0.8418005 0 0.4252209 -0.9050897 0 0.739287 -0.6733905 0 0.7392796 -0.6733986 0 0.8883494 -0.4591683 0 0.8883557 -0.459156 0 0.9769248 -0.213584 0 0.9769268 -0.2135745 0 0.9989168 0.04653406 0 0.9989172 0.04652398 0 0.9528534 0.3034313 0 0.9528578 0.3034173 0 0.841826 0.5397492 0 0.8418326 0.5397387 0 0.6734282 0.7392526 0 0.6734341 0.7392473 0 0.4591431 0.8883625 0 0.4591414 0.8883632 0 0.2135684 0.9769282 0 0.2135663 0.9769286 0 -0.04655498 0.9989157 0 -0.0465545 0.9989158 0 -0.176535 0.9842944 0 -0.1765332 0.9842948 0 -0.2416805 0.970356 0 -0.2422367 0.9702172 0 -0.3035038 0.9528303 0 -0.3035034 0.9528304 0 -0.2526906 0.9675472 0 -0.2576771 0.9662311 0 -0.2526906 0.9675471 0 -0.2426728 0.9701082 0 -0.2426734 0.9701081 0 -0.2326402 0.972563 0 -0.2326408 0.9725628 0 -0.2225707 0.9749166 0 -0.2225717 0.9749163 0 -0.2124791 0.9771657 0 -0.2124807 0.9771654 0 -0.2023741 0.9793083 0 -0.2023751 0.9793081 0 -0.1922388 0.9813483 0 -0.1922397 0.981348 0 -0.1821085 0.9832785 0 -0.1821086 0.9832785 0 -0.1719312 0.985109 0 -0.1719299 0.9851093 0 -0.1617271 0.9868355 0 -0.1617262 0.9868357 0 -0.1515256 0.9884534 0 -0.151526 0.9884533 0 -0.1464123 0.9892237 0 -0.1464131 0.9892235 0 -0.1101378 0.9939163 0 -0.1257359 0.9920637 0 -0.1101379 0.9939164 0 -0.1257359 0.9920638 0 -0.07886451 0.9968854 0 -0.07886445 0.9968854 0 -0.04751431 0.9988706 0 -0.04751425 0.9988706 0 -0.01611697 0.9998701 0 -0.01611697 0.9998702 0 0.01529735 0.999883 0 0.01529735 0.9998831 0 0.04669666 0.9989092 0 0.0466966 0.9989091 0 0.0623809 0.9980524 0 0.06238096 0.9980524 0 0.06105208 0.9981346 0 0.1093242 0.9940062 0 0.09369748 0.9956007 0 0.1093243 0.9940062 0 0.09369748 0.9956008 0 0.124924 0.9921664 0 0.124924 0.9921664 0 0.1247698 0.9921858 0 0.1247952 0.9921826 0 0.1404918 0.9900819 0 0.1249241 0.9921663 0 0.1249241 0.9921663 0 0.1404918 0.9900819 0 0.1715198 0.9851807 0 0.1715199 0.9851807 0 0.1869729 0.9823651 0 0.1869729 0.9823651 0 0.1762012 0.9843542 0 0.1595788 0.9871852 0 0.1762012 0.9843543 0 0.1927739 0.9812432 0 0.1927739 0.9812433 0 0.1927762 0.9812428 0 0.1930887 0.9811813 0 0.1930887 0.9811814 0 0.4547859 0.8906009 0 0.4020512 0.9156172 0 0.4547852 0.8906012 0 0.4020512 0.9156172 0 0.555431 0.8315626 0 0.5554312 0.8315625 0 0.6485151 0.7612018 0 0.6485165 0.7612007 0 0.732761 0.6804862 0 0.7327618 0.6804854 0 0.807035 0.5905037 0 0.807035 0.5905036 0 0.8703256 0.4924768 0 0.8703256 0.4924768 0 0.921765 0.387749 0 0.9217656 0.3877478 0 0.9428195 0.3333039 0 0.9428204 0.3333014 0 0.975379 0.2205358 0 0.9752245 0.2212177 0 0.9752216 0.2212307 0 0.9653527 0.2609491 0 0.9771113 0.2127291 0 0.9653519 0.2609517 0 0.9347226 0.3553785 0 0.9347217 0.355381 0 0.8948801 0.4463068 0 0.8948812 0.4463046 0 0.8462178 0.5328373 0 0.8462191 0.5328352 0 0.7892152 0.6141168 0 0.7244441 0.6893336 0 0.7244428 0.6893351 0 0.689336 0.7244419 0 0.6893387 0.7244392 0 0.5741767 0.8187314 0 0.6141088 0.7892214 0 0.5741752 0.8187325 0 0.6141115 0.7892193 0 0.4901776 0.8716226 0 0.4013397 0.9159294 0 0.4013387 0.9159297 0 0.3085422 0.9512107 0 0.3085413 0.951211 0 0.2609527 0.9653517 0 0.2609527 0.9653517 0 0.2605602 0.9654576 0 0.2605602 0.9654576 0 0.2255389 0.9742342 0 0.1744258 0.9846704 0 0.1889705 0.9819828 0 0.1744258 0.9846704 0 0.1452254 0.9893986 0 0.1452255 0.9893986 0 0.1158965 0.9932613 0 0.1158965 0.9932613 0 0.08646607 0.9962548 0 0.08646613 0.9962549 0 0.05696177 0.9983764 0 0.05696177 0.9983764 0 0.02740651 0.9996244 0 0.02740651 0.9996244 0 -0.002172946 0.9999977 0 -0.002173006 0.9999977 0 -0.03175026 0.9994959 0 -0.03175032 0.9994959 0 -0.06130063 0.9981194 0 -0.06130069 0.9981194 0 -0.09079664 0.9958695 0 -0.09079664 0.9958695 0 -0.120212 0.9927483 0 -0.1202121 0.9927483 0 -0.1348818 0.9908618 0 -0.1348818 0.9908617 0 -0.1348822 0.9908617 0 -0.1348819 0.9908617 0 -0.175555 0.9844697 0 -0.1625539 0.9866998 0 -0.1755551 0.9844696 0 -0.1625538 0.9866998 0 -0.2014608 0.9794967 0 -0.2272243 0.9738425 0 -0.2272245 0.9738425 0 -0.2528353 0.9675093 0 -0.2528355 0.9675093 0 -0.2782619 0.9605053 0 -0.2782619 0.9605053 0 -0.3035 0.9528315 0 -0.3035003 0.9528314 0 -0.3285347 0.9444919 0 -0.3285353 0.9444917 0 -0.353332 0.9354981 0 -0.3533326 0.9354979 0 -0.3778867 0.925852 0 -0.377887 0.9258518 0 -0.4021722 0.9155642 0 -0.4261804 0.9046383 0 -0.4261804 0.9046382 0 -0.4380781 0.898937 0 -0.4380781 0.8989369 0 -0.4499014 0.8930783 0 -0.4499014 0.8930782 0 -0.4981215 0.8671073 0 -0.4498903 0.8930839 0 -0.4498903 0.8930839 0 -0.4981215 0.8671072 0 -0.5899564 0.8074352 0 -0.5899562 0.8074353 0 -0.6747124 0.7380809 0 -0.6747124 0.7380808 0 -0.7513813 0.6598684 0 -0.7513813 0.6598682 0 -0.8190317 0.5737484 0 -0.8190318 0.5737482 0 -0.8768589 0.4807477 0 -0.8768595 0.480747 0 -0.9241738 0.3819724 0 -0.9241737 0.3819725 0 -0.9603996 0.2786266 0 -0.9603993 0.2786273 0 -0.9851083 0.1719355 0 -0.9851083 0.1719348 0 -0.9980025 0.06317603 0 -0.9980025 0.06317496 0 -0.9989259 -0.04633808 0 -0.9989258 -0.04633921 0 -0.9948889 -0.1009773 0 -0.9948887 -0.1009787 0 0.9989261 0.04633408 0 0.9948887 0.1009789 0 0.9948886 0.1009796 0 0.998926 0.04633444 0 0.9980021 -0.06318128 0 0.9980022 -0.06317985 0 0.9851096 -0.1719281 0 0.9851096 -0.1719273 0 0.9604015 -0.2786197 0 0.9604014 -0.2786203 0 0.9241711 -0.381979 0 0.9241709 -0.3819793 0 0.8768611 -0.4807439 0 0.8768612 -0.4807435 0 0.8190299 -0.5737509 0 0.8190301 -0.5737506 0 0.7513804 -0.6598694 0 0.7513806 -0.6598691 0 0.6747168 -0.7380768 0 0.674717 -0.7380766 0 0.589955 -0.8074361 0 0.5899552 -0.807436 0 0.4981238 -0.867106 0 0.4981238 -0.8671059 0 0.4498934 -0.8930823 0 0.4498931 -0.8930825 0 0.4499647 -0.8930463 0 0.4498142 -0.8931222 0 0.4498392 -0.8931096 0 0.426182 -0.9046375 0 0.4380865 -0.8989329 0 0.4261816 -0.9046376 0 0.4380873 -0.8989326 0 0.4021711 -0.9155646 0 0.4021714 -0.9155644 0 0.3778849 -0.9258526 0 0.3778855 -0.9258524 0 0.3533296 -0.935499 0 0.3533301 -0.9354988 0 0.3285285 -0.9444941 0 0.3285291 -0.9444939 0 0.3035008 -0.9528312 0 0.3035011 -0.9528311 0 0.2782673 -0.9605038 0 0.2782672 -0.9605038 0 0.2528319 -0.9675102 0 0.2272207 -0.9738433 0 0.2014614 -0.9794965 0 0.2014615 -0.9794964 0 0.1755565 -0.9844694 0 0.1755566 -0.9844694 0 0.1625526 -0.9866999 0 0.1625526 -0.9866999 0 0.134885 -0.9908613 0 0.1348847 -0.9908614 0 0.1202111 -0.9927484 0 0.1348804 -0.990862 0 0.1348804 -0.9908619 0 0.1202111 -0.9927484 0 0.09079635 -0.9958696 0 0.09079635 -0.9958696 0 0.06130099 -0.9981194 0 0.06130099 -0.9981194 0 0.03175073 -0.9994959 0 0.03175073 -0.9994959 0 0.002173423 -0.9999977 0 0.002173423 -0.9999977 0 -0.02740651 -0.9996244 0 -0.02740645 -0.9996244 0 -0.05696165 -0.9983764 0 -0.05696165 -0.9983764 0 -0.08646631 -0.9962549 0 -0.08646631 -0.9962548 0 -0.1158967 -0.9932613 0 -0.1452247 -0.9893987 0 -0.1452247 -0.9893987 0 -0.174426 -0.9846703 0 -0.1889711 -0.9819827 0 -0.2307966 -0.9730021 0 -0.2345587 -0.972102 0 -0.3085407 -0.9512112 0 -0.2609518 -0.9653518 0 -0.3085407 -0.9512112 0 -0.4013357 -0.9159312 0 -0.4901733 -0.871625 0 -0.4901733 -0.8716251 0 -0.5741746 -0.818733 0 -0.5741747 -0.818733 0 -0.6141074 -0.7892225 0 -0.6141074 -0.7892225 0 -0.7244421 -0.6893357 0 -0.6893314 -0.7244462 0 -0.6893284 -0.724449 0 -0.7244436 -0.6893342 0 -0.7892216 -0.6141086 0 -0.7892216 -0.6141086 0 -0.8462175 -0.5328378 0 -0.8948747 -0.4463177 0 -0.8948758 -0.4463152 0 -0.9347244 -0.3553736 0 -0.9347254 -0.3553712 0 -0.9653505 -0.2609569 0 -0.9653505 -0.2609569 0 -0.9771104 -0.212733 0 -0.9771104 -0.212733 0 -0.975225 -0.2212153 0 -0.975225 -0.2212152 0 -0.9428179 -0.3333083 0 -0.9217643 -0.3877509 0 -0.9217643 -0.387751 0 -0.9428188 -0.3333058 0 -0.8703225 -0.4924824 0 -0.8703242 -0.4924792 0 -0.8070368 -0.5905014 0 -0.8070382 -0.5904994 0 -0.7327631 -0.6804838 0 -0.6485105 -0.7612058 0 -0.6485106 -0.7612057 0 -0.5554285 -0.8315644 0 -0.5554291 -0.831564 0 -0.4547913 -0.8905981 0 -0.4547914 -0.8905981 0 -0.4020543 -0.9156159 0 -0.4020533 -0.9156164 0 -0.1927725 -0.9812435 0 -0.1927744 -0.9812431 0 -0.1761916 -0.984356 0 -0.1927752 -0.981243 0 -0.1761911 -0.984356 0 -0.1595591 -0.9871884 0 -0.1595603 -0.9871882 0 -0.1715206 -0.9851806 0 -0.1869747 -0.9823648 0 -0.1869747 -0.9823648 0 -0.140491 -0.990082 0 -0.1093231 -0.9940063 0 -0.1093232 -0.9940063 0 -0.09369575 -0.9956009 0 -0.0936957 -0.9956009 0 -0.04669594 -0.9989092 0 -0.06238156 -0.9980524 0 -0.04669594 -0.9989092 0 -0.01529663 -0.9998831 0 -0.01529657 -0.9998831 0 0.01611572 -0.9998702 0 0.01611572 -0.9998702 0 0.04751408 -0.9988707 0 0.04751408 -0.9988707 0 0.07886558 -0.9968852 0 0.07886558 -0.9968853 0 0.1101374 -0.9939164 0 0.1101374 -0.9939165 0 0.1257345 -0.9920639 0 0.1257345 -0.9920639 0 0.151525 -0.9884535 0 0.1464177 -0.9892229 0 0.1464185 -0.9892228 0 0.1515254 -0.9884535 0 0.1617358 -0.9868341 0 0.1617366 -0.9868341 0 0.1719225 -0.9851105 0 0.1719225 -0.9851106 0 0.1820924 -0.9832815 0 0.1820929 -0.9832814 0 0.1922436 -0.9813472 0 0.1922436 -0.9813473 0 0.2023728 -0.9793086 0 0.2023712 -0.9793089 0 0.2124816 -0.9771651 0 0.2124811 -0.9771652 0 0.2225812 -0.9749143 0 0.2225817 -0.9749141 0 0.2326413 -0.9725626 0 0.2326408 -0.9725627 0 0.2426751 -0.9701077 0 0.2426752 -0.9701076 0 0.2527046 -0.9675435 0 0.2527046 -0.9675436 0 0.2577081 -0.9662228 0 0.2577069 -0.9662232 0 0.3035032 -0.9528305 0 0.3035029 -0.9528306 0 0.234718 -0.9720636 0 0.04656219 -0.9989154 0 0.1765551 -0.9842908 0 0.04656267 -0.9989154 0 0.1765533 -0.9842912 0 -0.2135735 -0.976927 0 -0.2135775 -0.9769262 0 -0.4591011 -0.8883841 0 -0.4590979 -0.8883857 0 -0.6734035 -0.7392751 0 -0.6734066 -0.7392724 0 -0.7641869 -0.6449949 0 -0.7641922 -0.6449886 0 -0.9050744 -0.4252532 0 -0.9528447 -0.3034585 0 -0.9528463 -0.3034535 0 -0.9050744 -0.4252533 0 -0.9989154 -0.04656314 0 -0.9989159 -0.04655253 0 -0.976943 0.2135007 0 -0.9769418 0.2135059 0 -0.8883798 0.4591093 0 -0.8883758 0.4591171 0 -0.7392298 0.6734533 0 -0.7392215 0.6734623 0 -0.539771 0.841812 0 -0.53977 0.8418126 0 -0.4253332 0.9050369 0 -0.425329 0.9050388 0 -0.3250262 0.9457051 0 -0.3303717 0.9438509 0 -0.3250222 0.9457064 0 -0.3303771 0.9438491 0 -0.3142941 0.9493257 0 -0.3142915 0.9493266 0 -0.3034932 0.9528337 0 -0.3034919 0.9528341 0 -0.292687 0.9562084 0 -0.2926881 0.956208 0 -0.2818034 0.9594722 0 -0.2818046 0.9594718 0 -0.2709028 0.9626067 0 -0.2709017 0.962607 0 -0.2599842 0.9656129 0 -0.2599832 0.9656133 0 -0.2490019 0.968503 0 -0.2490007 0.9685034 0 -0.243515 0.9698972 0 -0.2435126 0.9698978 0 -0.2436811 0.9698555 0 -0.2434136 0.9699226 0 -0.2408666 0.9705583 0 -0.2406535 0.9706112 0 -0.2394986 0.9708968 0 -0.2397809 0.9708271 0 -0.2399073 0.9707959 0 -0.2399007 0.9707975 0 -0.2436812 0.9698554 0 -0.2436938 0.9698522 0 -0.2436861 0.9698542 0 -0.2436861 0.9698541 0 -0.247446 0.9689017 0 -0.2474396 0.9689034 0 -0.2512196 0.9679301 0 -0.2512196 0.9679301 0 -0.255005 0.9669398 0 -0.2549984 0.9669415 0 -0.2587475 0.965945 0 -0.2587542 0.9659432 0 -0.2625346 0.9649226 0 -0.2625346 0.9649226 0 -0.2662962 0.9638913 0 -0.2662962 0.9638913 0 -0.2662407 0.9639066 0 -0.2662953 0.9638915 0 -0.2664253 0.9638557 0 -0.2662068 0.963916 0 -0.2661836 0.9639224 0 -0.2701117 0.962829 0 -0.2700901 0.9628351 0 -0.2701142 0.9628283 0 -0.2700713 0.9628404 0 -0.2700405 0.9628491 0 -0.270021 0.9628545 0 -0.273778 0.961793 0 -0.2775757 0.9607038 0 -0.2775614 0.9607079 0 -0.2794234 0.960168 0 -0.2794235 0.960168 0 -0.2813565 0.9596033 0 -0.2813565 0.9596033 0 -0.3422422 0.9396118 0 -0.3422423 0.9396118 0 -0.3000726 0.9539164 0 -0.3064027 0.951902 0 -0.3415999 0.9398455 0 -0.3297697 0.9440614 0 -0.3416004 0.9398453 0 -0.3297687 0.9440618 0 -0.3651028 0.9309673 0 -0.3884085 0.9214873 0 -0.3884086 0.9214873 0 -0.4114699 0.9114234 0 -0.4114699 0.9114233 0 -0.4342281 0.900803 0 -0.4567445 0.889598 0 -0.4567438 0.8895983 0 -0.478979 0.8778264 0 -0.4789797 0.877826 0 -0.5008766 0.8655189 0 -0.5008773 0.8655184 0 -0.5224751 0.8526545 0 -0.5224759 0.852654 0 -0.5437586 0.8392418 0 -0.5437577 0.8392423 0 -0.5646842 0.8253071 0 -0.5646841 0.8253071 0 -0.5749883 0.8181616 0 -0.5749899 0.8181606 0 -0.523957 0.8517447 0 -0.5141214 0.8577176 0 -0.5053848 0.8628942 0 -0.5112137 0.8594537 0 -0.5053847 0.8628942 0 -0.5112136 0.8594537 0 -0.4995346 0.8662939 0 -0.499535 0.8662939 0 -0.4936658 0.8696517 0 -0.4936658 0.8696517 0 -0.4877798 0.8729667 0 -0.4877805 0.8729664 0 -0.4818609 0.8762478 0 -0.4818602 0.8762483 0 -0.478901 0.8778689 0 -0.4788957 0.8778718 0 -0.4803117 0.8770979 0 -0.4790661 0.8777788 0 -0.4788994 0.8778699 0 -0.4787801 0.8779349 0 -0.4699711 0.8826819 0 -0.4758808 0.8795099 0 -0.4759305 0.8794831 0 -0.4699709 0.882682 0 -0.4669855 0.884265 0 -0.4669905 0.8842623 0 -0.4731028 0.8810073 0 -0.4613209 0.8872334 0 -0.4603027 0.8877621 0 -0.4603027 0.8877621 0 -0.4703306 0.8824904 0 -0.4772018 0.8787938 0 -0.477203 0.8787932 0 -0.4703298 0.8824907 0 -0.4634366 0.8861301 0 -0.4634366 0.8861302 0 -0.4564959 0.8897255 0 -0.4634304 0.8861334 0 -0.4564954 0.8897259 0 -0.4634321 0.8861325 0 -0.4425508 0.8967434 0 -0.4425506 0.8967435 0 -0.428496 0.9035437 0 -0.4284954 0.9035441 0 -0.4143362 0.910124 0 -0.4143362 0.910124 0 -0.4000779 0.9164811 0 -0.4000782 0.916481 0 -0.385719 0.9226163 0 -0.3857187 0.9226165 0 -0.371269 0.9285254 0 -0.371269 0.9285253 0 -0.3567261 0.9342091 0 -0.3567256 0.9342092 0 -0.3420984 0.9396641 0 -0.3420985 0.9396641 0 -0.3273867 0.9448905 0 -0.3273875 0.9448903 0 -0.3200004 0.9474174 0 -0.3200009 0.9474173 0 -0.3245349 0.9458738 0 -0.3208984 0.9471136 0 -0.3035035 0.9528304 0 -0.3035037 0.9528303 0 -0.3035036 0.9528304 0 -0.3035036 0.9528303 0 -0.3035011 0.9528311 0 -0.3126022 0.9498842 0 -0.3126031 0.9498839 0 -0.1107805 0.993845 0 -0.1670678 0.9859455 0 -0.1107805 0.993845 0 -0.1670678 0.9859455 0 0.002680361 0.9999965 0 0.002678751 0.9999964 0 0.1160739 0.9932406 0 0.11607 0.9932411 0 0.2279126 0.9736816 0 0.2279103 0.9736822 0 0.3368343 0.941564 0 0.3368244 0.9415675 0 0.4414438 0.8972889 0 0.4414345 0.8972935 0 0.4916955 0.8707673 0 0.4916955 0.8707673 0 0.5404173 0.8413971 0 0.4917438 0.8707399 0 0.5404108 0.8414014 0 0.4917438 0.87074 0 0.6323112 0.7747147 0 0.632305 0.7747196 0 0.7160617 0.698037 0 0.7160617 0.6980371 0 0.790642 0.6122788 0 0.7906103 0.6123199 0 0.8241575 0.5663607 0 0.8240987 0.5664463 0 0.8549627 0.5186896 0 0.8241207 0.5664144 0 0.8241207 0.5664144 0 0.8549628 0.5186896 0 0.8830442 0.46929 0 0.9082571 0.4184126 0 0.8528768 0.5221123 0 0.8820993 0.4710637 0 0.8820976 0.4710668 0 0.8528778 0.5221108 0 0.7857 0.6186077 0 0.7857001 0.6186077 0 0.7076738 0.7065393 0 0.7076746 0.7065386 0 0.6649166 0.7469177 0 0.6649149 0.7469191 0 0.5897007 0.8076219 0 0.6189655 0.7854183 0 0.5897036 0.8076198 0 0.6189626 0.7854206 0 0.5288431 0.8487197 0 0.5288459 0.8487179 0 0.4651463 0.8852339 0 0.4651488 0.8852326 0 0.3989419 0.9169762 0 0.3989441 0.9169753 0 0.3305885 0.943775 0 0.3305904 0.9437744 0 0.2957195 0.9552748 0 0.2957212 0.9552744 0 0.1888818 0.9819998 0 0.2247966 0.9744058 0 0.1888805 0.9820001 0 0.2247993 0.9744051 0 0.1163319 0.9932104 0 0.1163322 0.9932104 0 0.04311966 0.9990699 0 0.04311972 0.9990699 0 0.006387054 0.9999796 0 0.006386756 0.9999797 0 -0.03029161 0.9995412 0 0.006427288 0.9999794 0 -0.03029137 0.9995412 0 0.006427228 0.9999794 0 -0.06696909 0.9977551 0 -0.06696867 0.9977551 0 -0.06942391 0.9975873 0 -0.06942391 0.9975873 0 -0.1399937 0.9901524 0 -0.1409044 0.9900233 0 -0.1410228 0.9900064 0 -0.3035034 0.9528304 0 -0.2895744 0.9571555 0 -0.2891401 0.9572868 0 -0.2737753 0.9617937 0 -0.2886744 0.9574274 0 -0.2437858 0.9698291 0 -0.2438117 0.9698226 0 -0.228724 0.9734914 0 -0.2287759 0.9734792 0 -0.2135584 0.9769303 0 -0.2286914 0.973499 0 -0.2135584 0.9769303 0 -0.2286911 0.9734991 0 -0.1831277 0.9830892 0 -0.1831275 0.9830892 0 -0.1525191 0.9883006 0 -0.1525191 0.9883006 0 -0.1217641 0.9925591 0 -0.121764 0.9925591 0 -0.09089159 0.9958608 0 -0.09089154 0.9958609 0 -0.05991917 0.9982033 0 -0.05991852 0.9982033 0 -0.04440104 0.9990138 0 -0.04439991 0.9990139 0 -0.02891242 0.999582 0 -0.04443281 0.9990125 0 -0.02891236 0.9995821 0 -0.04443299 0.9990125 0 0.002135634 0.9999977 0 0.002135574 0.9999977 0 0.01765638 0.9998441 0 0.01765626 0.9998441 0 0.03317731 0.9994496 0 0.01766169 0.9998441 0 0.03317731 0.9994495 0 0.01766175 0.9998441 0 0.04868519 0.9988142 0 0.04869121 0.9988139 0 0.04869121 0.9988139 0 0.02087861 0.999782 0 0.02087479 0.9997822 0 -0.006873369 0.9999765 0 -0.006872892 0.9999764 0 -0.004425525 0.9999902 0 -0.004457592 0.9999902 0 -0.1727433 0.9849669 0 -0.1177753 0.9930403 0 -0.1727395 0.9849675 0 -0.1177794 0.9930398 0 -0.2809075 0.9597349 0 -0.2809172 0.9597321 0 -0.3337714 0.9426541 0 -0.3337488 0.9426622 0 -0.3857283 0.9226124 0 -0.3340314 0.942562 0 -0.3857172 0.9226171 0 -0.3340612 0.9425514 0 -0.4856358 0.8741613 0 -0.4856325 0.8741631 0 -0.579605 0.8148976 0 -0.5796136 0.8148914 0 -0.6663914 0.7456021 0 -0.6664039 0.745591 0 -0.7450641 0.6669929 0 -0.7450681 0.6669884 0 -0.8144416 0.5802457 0 -0.8144415 0.5802457 0 -0.8737646 0.4863492 0 -0.8737609 0.4863559 0 -0.9223244 0.3864167 0 -0.9223214 0.3864238 0 -0.9423632 0.3345919 0 -0.9423662 0.3345833 0 -0.9423621 0.3345952 0 -0.9423447 0.3346437 0 -0.9423623 0.3345946 0 -0.9422158 0.3350067 0 -0.9425202 0.3341492 0 -0.9106715 0.4131315 0 -0.9019241 0.4318945 0 -0.9008061 0.4342215 0 -0.8487205 0.5288417 0 -0.8487281 0.5288296 0 -0.9008077 0.4342183 0 -0.7867618 0.6172569 0 -0.7867816 0.6172317 0 -0.7867507 0.6172708 0 -0.7156382 0.6984713 0 -0.7156402 0.6984691 0 -0.7867471 0.6172755 0 -0.5492549 0.835655 0 -0.3573207 0.9339818 0 -0.3573207 0.9339817 0 -0.148775 0.9888712 0 -0.1487737 0.9888713 0 -0.04126012 0.9991485 0 -0.0412575 0.9991486 0 0.06665486 0.9977761 0 -0.04131025 0.9991464 0 0.06665498 0.9977761 0 -0.04131054 0.9991465 0 0.2790182 0.9602859 0 0.2790182 0.9602859 0 0.478395 0.8781449 0 0.478395 0.8781448 0 0.6555042 0.7551916 0 0.6555052 0.7551907 0 0.8021517 0.5971204 0 0.8021507 0.5971216 0 0.9115191 0.411258 0 0.9115207 0.4112545 0 0.9505591 0.3105436 0 0.9505616 0.3105364 0 0.9855372 0.1694595 0 0.9821674 0.1880089 0 0.9821584 0.1880557 0 0.9855331 0.1694835 0 0.9911677 0.1326146 0 0.9911581 0.1326864 0 0.9954328 0.0954653 0 0.9954282 0.09551358 0 0.9983127 0.05806893 0 0.9983126 0.05806887 0 0.9997816 0.02090221 0 0.9997826 0.02085345 0 0.9998617 -0.01663219 0 0.9998621 -0.01660788 0 0.998555 -0.05374103 0 0.9985563 -0.05371665 0 0.9958613 -0.09088617 0 0.995857 -0.09093457 0 0.9917264 -0.1283697 0 0.9917234 -0.1283938 0 0.9862001 -0.1655583 0 0.986208 -0.165511 0 0.979324 -0.2022983 0 0.9793385 -0.202228 0 0.9754012 -0.2204369 0 0.9754118 -0.2203904 0 -1.69542e-6 0 1 4.93119e-6 0 1</float_array>
          <technique_common>
            <accessor source="#ID18-mesh-normals-array" count="1925" stride="3">
              <param name="X" type="float"/>
              <param name="Y" type="float"/>
              <param name="Z" type="float"/>
            </accessor>
          </technique_common>
        </source>
        <vertices id="ID18-mesh-vertices">
          <input semantic="POSITION" source="#ID18-mesh-positions"/>
        </vertices>
        <triangles material="material-material" count="2309">
          <input semantic="VERTEX" source="#ID18-mesh-vertices" offset="0"/>
          <input semantic="NORMAL" source="#ID18-mesh-normals" offset="1"/>
          <p>0 0 1 0 2 0 1 1 0 1 3 1 4 2 5 2 6 2 5 3 4 3 7 3 8 4 9 4 10 4 9 5 8 5 11 5 9 6 11 6 12 6 13 7 14 7 15 7 14 8 13 8 16 8 15 9 14 9 17 9 15 10 17 10 18 10 15 11 18 11 19 11 19 12 18 12 20 12 19 13 20 13 21 13 21 14 20 14 22 14 21 15 22 15 23 15 21 15 23 15 24 15 24 15 23 15 25 15 24 16 25 16 26 16 24 17 26 17 27 17 24 18 27 18 28 18 24 15 28 15 29 15 29 15 28 15 30 15 29 15 30 15 31 15 31 15 30 15 32 15 31 15 32 15 33 15 33 15 32 15 34 15 33 19 34 19 35 19 35 15 34 15 36 15 35 15 36 15 37 15 37 15 36 15 38 15 37 15 38 15 39 15 39 15 38 15 40 15 39 20 40 20 41 20 41 15 40 15 42 15 41 15 42 15 43 15 43 15 42 15 44 15 43 15 44 15 45 15 45 21 44 21 46 21 45 15 46 15 47 15 47 15 46 15 48 15 47 15 48 15 49 15 49 15 48 15 50 15 49 15 50 15 51 15 51 15 50 15 52 15 51 15 52 15 53 15 53 15 52 15 54 15 53 15 54 15 55 15 55 22 54 22 56 22 55 23 56 23 57 23 55 15 57 15 58 15 55 15 58 15 59 15 59 15 58 15 60 15 59 24 60 24 61 24 61 15 60 15 62 15 61 15 62 15 63 15 63 25 62 25 64 25 63 15 64 15 65 15 65 26 64 26 66 26 65 15 66 15 67 15 67 15 66 15 68 15 67 15 68 15 69 15 69 27 68 27 70 27 69 15 70 15 71 15 71 28 70 28 72 28 71 15 72 15 73 15 73 29 72 29 74 29 73 15 74 15 75 15 75 30 74 30 76 30 75 15 76 15 77 15 75 15 77 15 78 15 78 31 77 31 79 31 78 32 79 32 80 32 80 33 79 33 81 33 80 34 81 34 82 34 82 15 81 15 83 15 82 15 83 15 84 15 82 35 84 35 85 35 85 15 84 15 86 15 85 15 86 15 87 15 87 15 86 15 88 15 87 15 88 15 89 15 89 36 88 36 90 36 89 37 90 37 91 37 91 15 90 15 92 15 92 15 90 15 93 15 92 15 93 15 94 15 94 15 93 15 95 15 94 15 95 15 96 15 96 38 95 38 97 38 96 15 97 15 98 15 98 15 97 15 99 15 98 15 99 15 100 15 100 15 99 15 101 15 100 15 101 15 102 15 102 39 101 39 103 39 102 15 103 15 104 15 104 15 103 15 105 15 104 15 105 15 106 15 106 40 105 40 107 40 106 15 107 15 108 15 108 15 107 15 109 15 108 15 109 15 110 15 110 15 109 15 111 15 110 15 111 15 112 15 112 15 111 15 113 15 112 15 113 15 114 15 114 41 113 41 115 41 114 15 115 15 116 15 114 15 116 15 117 15 117 15 116 15 118 15 117 15 118 15 119 15 119 15 118 15 120 15 119 15 120 15 121 15 121 15 120 15 122 15 121 15 122 15 123 15 123 42 122 42 124 42 123 15 124 15 125 15 125 15 124 15 126 15 125 15 126 15 127 15 127 43 126 43 128 43 127 15 128 15 129 15 129 15 128 15 130 15 129 44 130 44 131 44 131 15 130 15 132 15 131 15 132 15 133 15 133 15 132 15 134 15 133 15 134 15 135 15 135 15 134 15 136 15 135 15 136 15 137 15 137 45 136 45 138 45 137 15 138 15 139 15 139 46 138 46 140 46 139 15 140 15 141 15 141 47 140 47 142 47 141 15 142 15 143 15 143 15 142 15 144 15 143 15 144 15 145 15 145 15 144 15 146 15 145 15 146 15 147 15 147 15 146 15 148 15 147 15 148 15 149 15 149 15 148 15 150 15 149 15 150 15 151 15 151 15 150 15 152 15 151 15 152 15 153 15 153 15 152 15 154 15 153 15 154 15 155 15 155 48 154 48 156 48 155 49 156 49 157 49 157 15 156 15 158 15 157 50 158 50 159 50 159 15 158 15 160 15 159 51 160 51 161 51 161 52 160 52 162 52 161 53 162 53 163 53 163 15 162 15 164 15 163 15 164 15 165 15 165 15 164 15 166 15 165 15 166 15 167 15 167 54 166 54 168 54 167 55 168 55 169 55 169 56 168 56 170 56 169 57 170 57 171 57 171 15 170 15 172 15 172 58 170 58 173 58 172 15 173 15 174 15 174 59 173 59 175 59 174 60 175 60 176 60 174 15 176 15 177 15 177 15 176 15 178 15 177 61 178 61 179 61 179 15 178 15 180 15 179 15 180 15 181 15 181 62 180 62 182 62 181 15 182 15 183 15 183 15 182 15 184 15 183 15 184 15 185 15 185 63 184 63 186 63 185 15 186 15 187 15 187 15 186 15 188 15 187 64 188 64 189 64 189 15 188 15 190 15 189 15 190 15 191 15 191 15 190 15 192 15 191 15 192 15 193 15 193 15 192 15 194 15 193 65 194 65 195 65 195 15 194 15 196 15 195 15 196 15 197 15 197 15 196 15 198 15 197 15 198 15 199 15 199 15 198 15 200 15 199 66 200 66 201 66 201 15 200 15 202 15 201 15 202 15 203 15 203 15 202 15 204 15 203 15 204 15 205 15 205 67 204 67 206 67 205 15 206 15 207 15 207 15 206 15 208 15 207 15 208 15 209 15 209 15 208 15 210 15 209 15 210 15 211 15 211 15 210 15 212 15 211 15 212 15 213 15 213 68 212 68 214 68 213 15 214 15 215 15 215 15 214 15 216 15 215 15 216 15 217 15 217 15 216 15 218 15 217 15 218 15 219 15 219 15 218 15 220 15 219 15 220 15 221 15 221 15 220 15 222 15 221 15 222 15 223 15 223 15 222 15 224 15 223 15 224 15 225 15 225 69 224 69 226 69 225 15 226 15 227 15 227 15 226 15 228 15 229 70 12 70 11 70 12 71 229 71 230 71 230 72 229 72 231 72 230 73 231 73 227 73 227 15 231 15 225 15 232 74 233 74 234 74 233 15 232 15 235 15 233 15 235 15 236 15 236 75 235 75 237 75 236 15 237 15 13 15 13 15 237 15 16 15 16 15 237 15 238 15 238 76 237 76 239 76 238 77 239 77 240 77 240 78 239 78 241 78 240 15 241 15 242 15 242 15 241 15 243 15 243 79 241 79 244 79 243 80 244 80 245 80 245 81 244 81 246 81 246 15 244 15 247 15 246 82 247 82 248 82 248 15 247 15 249 15 248 83 249 83 250 83 250 84 249 84 251 84 250 85 251 85 252 85 252 86 251 86 253 86 252 87 253 87 254 87 254 15 253 15 255 15 254 15 255 15 256 15 256 88 255 88 257 88 256 89 257 89 258 89 258 15 257 15 259 15 258 15 259 15 260 15 260 90 259 90 261 90 261 91 259 91 262 91 261 15 262 15 263 15 263 15 262 15 264 15 263 15 264 15 265 15 265 15 264 15 266 15 265 15 266 15 267 15 267 15 266 15 268 15 267 15 268 15 269 15 269 15 268 15 270 15 269 15 270 15 271 15 271 92 270 92 272 92 271 93 272 93 273 93 273 94 272 94 274 94 273 15 274 15 275 15 275 15 274 15 276 15 276 15 274 15 277 15 277 95 274 95 278 95 277 96 278 96 279 96 277 97 279 97 280 97 277 98 280 98 281 98 281 99 280 99 282 99 282 15 280 15 283 15 282 100 283 100 284 100 284 15 283 15 285 15 284 15 285 15 286 15 286 15 285 15 287 15 286 15 287 15 288 15 288 15 287 15 289 15 288 101 289 101 290 101 290 15 289 15 291 15 290 15 291 15 292 15 292 102 291 102 293 102 292 15 293 15 294 15 294 15 293 15 295 15 294 15 295 15 296 15 296 15 295 15 297 15 296 103 297 103 298 103 298 15 297 15 299 15 298 104 299 104 300 104 300 15 299 15 301 15 301 105 299 105 302 105 301 15 302 15 303 15 303 15 302 15 304 15 303 15 304 15 305 15 305 15 304 15 306 15 306 106 304 106 307 106 306 107 307 107 308 107 306 15 308 15 309 15 309 108 308 108 310 108 309 109 310 109 311 109 311 15 310 15 312 15 311 15 312 15 313 15 313 15 312 15 314 15 313 15 314 15 315 15 315 15 314 15 316 15 315 15 316 15 317 15 317 110 316 110 318 110 317 15 318 15 319 15 319 111 318 111 320 111 320 112 318 112 321 112 320 15 321 15 322 15 322 113 321 113 323 113 322 15 323 15 324 15 324 114 323 114 325 114 324 15 325 15 326 15 326 15 325 15 327 15 326 115 327 115 328 115 328 116 327 116 329 116 328 15 329 15 330 15 330 15 329 15 331 15 330 15 331 15 332 15 332 15 331 15 333 15 332 15 333 15 334 15 334 117 333 117 335 117 334 118 335 118 336 118 336 15 335 15 337 15 336 119 337 119 338 119 338 15 337 15 339 15 338 15 339 15 340 15 340 120 339 120 341 120 340 121 341 121 342 121 342 122 341 122 343 122 343 123 341 123 344 123 343 15 344 15 345 15 345 15 344 15 346 15 346 124 344 124 347 124 346 125 347 125 348 125 348 15 347 15 349 15 349 15 347 15 350 15 349 15 350 15 351 15 351 126 350 126 352 126 351 127 352 127 353 127 351 128 353 128 354 128 354 129 353 129 355 129 354 130 355 130 356 130 356 15 355 15 357 15 356 15 357 15 358 15 358 15 357 15 359 15 358 15 359 15 360 15 360 15 359 15 361 15 360 131 361 131 362 131 362 132 361 132 363 132 362 133 363 133 364 133 364 134 363 134 365 134 364 135 365 135 366 135 366 136 365 136 367 136 366 137 367 137 368 137 368 15 367 15 369 15 368 138 369 138 370 138 370 139 369 139 371 139 370 140 371 140 372 140 372 141 371 141 373 141 372 142 373 142 374 142 374 15 373 15 375 15 374 143 375 143 376 143 376 15 375 15 377 15 376 144 377 144 378 144 378 15 377 15 379 15 378 145 379 145 380 145 380 15 379 15 381 15 380 146 381 146 382 146 382 147 381 147 383 147 382 148 383 148 384 148 384 15 383 15 385 15 384 149 385 149 386 149 386 15 385 15 387 15 386 15 387 15 388 15 386 15 388 15 389 15 389 150 388 150 390 150 390 15 388 15 391 15 390 151 391 151 392 151 392 152 391 152 393 152 392 15 393 15 394 15 394 153 393 153 395 153 394 15 395 15 396 15 396 154 395 154 397 154 396 15 397 15 398 15 398 155 397 155 399 155 398 156 399 156 400 156 400 157 399 157 401 157 400 158 401 158 402 158 402 159 401 159 403 159 402 15 403 15 404 15 404 160 403 160 405 160 404 15 405 15 406 15 406 15 405 15 407 15 406 15 407 15 408 15 408 15 407 15 409 15 409 15 407 15 410 15 409 15 410 15 411 15 411 15 410 15 412 15 411 15 412 15 413 15 413 15 412 15 414 15 413 161 414 161 415 161 415 162 414 162 416 162 415 15 416 15 417 15 417 163 416 163 418 163 417 164 418 164 419 164 417 165 419 165 420 165 417 166 420 166 421 166 417 167 421 167 422 167 417 15 422 15 423 15 423 15 422 15 424 15 424 15 422 15 425 15 424 15 425 15 426 15 426 15 425 15 427 15 426 15 427 15 428 15 428 15 427 15 429 15 428 15 429 15 430 15 430 15 429 15 431 15 430 168 431 168 432 168 432 15 431 15 433 15 432 169 433 169 434 169 434 15 433 15 435 15 434 15 435 15 436 15 436 15 435 15 437 15 436 15 437 15 438 15 438 15 437 15 439 15 438 15 439 15 440 15 440 15 439 15 441 15 440 15 441 15 442 15 442 15 441 15 443 15 442 15 443 15 444 15 444 15 443 15 445 15 444 15 445 15 446 15 446 15 445 15 447 15 446 15 447 15 448 15 448 170 447 170 449 170 448 15 449 15 450 15 450 15 449 15 451 15 450 171 451 171 452 171 452 15 451 15 453 15 453 172 451 172 454 172 453 173 454 173 455 173 453 15 455 15 456 15 456 174 455 174 457 174 456 15 457 15 458 15 458 15 457 15 459 15 458 175 459 175 460 175 460 15 459 15 461 15 461 15 459 15 462 15 461 15 462 15 463 15 463 15 462 15 464 15 463 15 464 15 465 15 465 15 464 15 466 15 465 176 466 176 467 176 467 15 466 15 468 15 467 15 468 15 469 15 469 177 468 177 470 177 469 15 470 15 471 15 471 15 470 15 472 15 471 15 472 15 473 15 473 15 472 15 474 15 473 178 474 178 475 178 475 15 474 15 476 15 476 179 474 179 477 179 476 180 477 180 478 180 476 181 478 181 479 181 479 15 478 15 480 15 479 15 480 15 481 15 481 15 480 15 482 15 481 15 482 15 483 15 483 181 482 181 484 181 483 15 484 15 485 15 485 15 484 15 486 15 485 182 486 182 487 182 487 15 486 15 488 15 487 15 488 15 489 15 489 15 488 15 490 15 489 183 490 183 491 183 491 184 490 184 492 184 491 15 492 15 493 15 493 15 492 15 494 15 493 15 494 15 495 15 495 15 494 15 496 15 495 15 496 15 497 15 497 15 496 15 498 15 497 15 498 15 499 15 499 185 498 185 500 185 499 186 500 186 501 186 501 187 500 187 502 187 502 15 500 15 503 15 503 15 500 15 504 15 503 15 504 15 505 15 505 15 504 15 506 15 505 188 506 188 507 188 505 189 507 189 508 189 508 15 507 15 509 15 508 15 509 15 510 15 510 15 509 15 511 15 510 15 511 15 512 15 512 15 511 15 513 15 512 190 513 190 514 190 514 191 513 191 515 191 514 181 515 181 516 181 516 192 515 192 517 192 516 15 517 15 518 15 518 15 517 15 519 15 518 15 519 15 520 15 520 15 519 15 521 15 520 15 521 15 522 15 522 193 521 193 523 193 522 15 523 15 524 15 524 15 523 15 525 15 524 15 525 15 526 15 526 15 525 15 527 15 526 15 527 15 528 15 528 15 527 15 529 15 528 15 529 15 530 15 530 15 529 15 531 15 530 15 531 15 532 15 532 15 531 15 533 15 532 15 533 15 534 15 534 15 533 15 535 15 534 15 535 15 536 15 534 15 536 15 537 15 537 194 536 194 538 194 537 15 538 15 539 15 539 195 538 195 540 195 539 15 540 15 541 15 541 15 540 15 542 15 541 196 542 196 543 196 541 197 543 197 544 197 544 198 543 198 545 198 544 15 545 15 546 15 546 199 545 199 547 199 546 200 547 200 548 200 548 201 547 201 549 201 548 202 549 202 550 202 548 203 550 203 551 203 551 204 550 204 552 204 551 15 552 15 553 15 551 15 553 15 554 15 554 205 553 205 555 205 554 15 555 15 556 15 556 206 555 206 557 206 556 15 557 15 558 15 558 207 557 207 559 207 558 208 559 208 560 208 560 15 559 15 561 15 560 209 561 209 562 209 560 15 562 15 563 15 563 15 562 15 564 15 563 15 564 15 565 15 563 15 565 15 566 15 566 15 565 15 567 15 566 210 567 210 568 210 568 15 567 15 569 15 568 15 569 15 570 15 570 211 569 211 571 211 570 212 571 212 572 212 570 213 572 213 573 213 570 15 573 15 574 15 574 15 573 15 575 15 574 214 575 214 576 214 576 15 575 15 577 15 576 15 577 15 578 15 578 215 577 215 579 215 578 15 579 15 580 15 580 15 579 15 581 15 580 15 581 15 582 15 10 15 583 15 584 15 583 15 10 15 9 15 584 15 583 15 585 15 584 15 585 15 586 15 586 216 585 216 587 216 586 15 587 15 588 15 588 15 587 15 589 15 588 15 589 15 590 15 590 217 589 217 591 217 590 218 591 218 592 218 592 15 591 15 593 15 592 15 593 15 594 15 594 15 593 15 595 15 594 219 595 219 596 219 596 220 595 220 597 220 596 15 597 15 598 15 598 15 597 15 599 15 598 15 599 15 600 15 600 15 599 15 601 15 600 221 601 221 602 221 602 222 601 222 603 222 602 15 603 15 604 15 604 15 603 15 605 15 604 223 605 223 606 223 604 15 606 15 607 15 607 15 606 15 608 15 607 15 608 15 609 15 609 224 608 224 610 224 609 15 610 15 611 15 611 15 610 15 612 15 611 15 612 15 613 15 613 15 612 15 614 15 613 15 614 15 615 15 615 225 614 225 616 225 615 15 616 15 617 15 617 226 616 226 618 226 617 15 618 15 619 15 619 227 618 227 620 227 619 15 620 15 621 15 621 225 620 225 622 225 621 15 622 15 623 15 623 15 622 15 624 15 623 15 624 15 625 15 625 15 624 15 626 15 625 15 626 15 627 15 627 225 626 225 628 225 627 15 628 15 629 15 629 228 628 228 630 228 629 15 630 15 631 15 631 15 630 15 632 15 631 15 632 15 633 15 633 229 632 229 634 229 633 15 634 15 635 15 635 15 634 15 636 15 635 15 636 15 637 15 637 230 636 230 638 230 637 15 638 15 639 15 639 231 638 231 640 231 639 15 640 15 641 15 641 15 640 15 642 15 641 15 642 15 643 15 643 15 642 15 644 15 643 15 644 15 645 15 643 232 645 232 646 232 646 230 645 230 647 230 646 15 647 15 648 15 648 15 647 15 649 15 648 233 649 233 650 233 650 15 649 15 651 15 650 234 651 234 652 234 652 15 651 15 653 15 652 235 653 235 654 235 654 236 653 236 655 236 654 237 655 237 656 237 656 238 655 238 657 238 656 239 657 239 658 239 656 15 658 15 659 15 659 15 658 15 660 15 660 15 658 15 661 15 661 240 658 240 662 240 661 241 662 241 663 241 663 242 662 242 664 242 663 15 664 15 665 15 665 15 664 15 666 15 665 15 666 15 667 15 667 243 666 243 668 243 667 244 668 244 669 244 669 245 668 245 670 245 669 246 670 246 671 246 671 247 670 247 672 247 671 248 672 248 673 248 673 15 672 15 674 15 673 249 674 249 675 249 675 250 674 250 676 250 675 251 676 251 677 251 677 245 676 245 678 245 677 252 678 252 679 252 679 15 678 15 680 15 679 253 680 253 681 253 681 15 680 15 682 15 681 254 682 254 683 254 683 15 682 15 684 15 683 255 684 255 685 255 685 15 684 15 686 15 686 15 684 15 687 15 686 256 687 256 688 256 688 15 687 15 689 15 688 257 689 257 690 257 690 258 689 258 691 258 690 259 691 259 692 259 692 15 691 15 693 15 692 260 693 260 694 260 694 15 693 15 695 15 694 261 695 261 696 261 696 262 695 262 697 262 696 263 697 263 698 263 698 15 697 15 699 15 698 264 699 264 700 264 700 15 699 15 701 15 700 265 701 265 702 265 702 15 701 15 703 15 702 15 703 15 704 15 704 15 703 15 705 15 705 15 703 15 706 15 705 266 706 266 707 266 707 267 706 267 708 267 707 268 708 268 709 268 709 15 708 15 710 15 709 269 710 269 711 269 711 15 710 15 712 15 711 270 712 270 713 270 713 15 712 15 714 15 713 15 714 15 715 15 715 15 714 15 716 15 716 15 714 15 717 15 717 15 714 15 718 15 717 271 718 271 719 271 719 15 718 15 720 15 719 15 720 15 721 15 721 272 720 272 722 272 722 273 720 273 723 273 722 274 723 274 724 274 724 275 723 275 725 275 724 15 725 15 726 15 726 276 725 276 727 276 727 277 725 277 728 277 727 15 728 15 729 15 729 15 728 15 730 15 729 278 730 278 731 278 731 15 730 15 732 15 731 15 732 15 733 15 733 15 732 15 734 15 733 279 734 279 735 279 735 15 734 15 736 15 735 15 736 15 737 15 737 15 736 15 738 15 737 15 738 15 739 15 739 15 738 15 740 15 739 15 740 15 741 15 741 15 740 15 742 15 741 15 742 15 743 15 743 280 742 280 744 280 743 15 744 15 745 15 745 281 744 281 746 281 745 15 746 15 747 15 747 281 746 281 748 281 747 15 748 15 749 15 749 15 748 15 750 15 749 15 750 15 751 15 751 15 750 15 752 15 751 15 752 15 753 15 753 15 752 15 754 15 753 15 754 15 755 15 755 15 754 15 756 15 755 282 756 282 757 282 757 283 756 283 758 283 757 15 758 15 759 15 759 15 758 15 760 15 759 15 760 15 761 15 761 15 760 15 762 15 762 284 760 284 763 284 762 15 763 15 764 15 762 285 764 285 765 285 765 15 764 15 766 15 765 15 766 15 767 15 765 286 767 286 768 286 768 15 767 15 769 15 768 287 769 287 770 287 770 288 769 288 771 288 770 289 771 289 772 289 772 15 771 15 773 15 772 290 773 290 774 290 774 15 773 15 582 15 774 291 582 291 775 291 775 15 582 15 581 15 776 292 777 292 778 292 777 293 776 293 779 293 780 294 781 294 782 294 781 294 780 294 783 294 784 295 785 295 786 295 785 296 784 296 787 296 788 297 789 298 790 299 789 298 788 297 791 300 792 301 791 300 788 297 791 300 792 301 793 302 794 303 793 302 792 301 793 302 794 303 795 304 796 305 795 304 794 303 795 304 796 305 797 306 798 307 797 306 796 305 797 306 798 307 799 308 800 309 799 308 798 307 799 308 800 309 801 310 802 311 801 310 800 309 801 310 802 311 803 312 804 313 803 312 802 311 803 312 804 313 805 314 806 315 805 314 804 313 805 314 806 315 807 316 808 317 807 316 806 315 807 316 808 317 809 318 810 319 809 318 808 317 809 318 810 319 811 320 812 321 811 320 810 319 811 320 812 321 813 322 814 323 815 323 816 323 815 323 814 323 817 323 818 324 819 324 820 324 819 325 818 325 821 325 822 326 823 326 824 326 823 327 822 327 825 327 826 328 827 329 828 330 827 329 826 328 829 331 830 332 829 331 826 328 829 331 830 332 831 333 832 334 830 332 833 335 830 332 832 334 831 333 834 336 833 335 835 337 833 335 834 336 832 334 836 338 835 337 837 339 835 337 836 338 834 336 838 340 837 339 839 340 837 339 838 340 836 338 840 341 839 340 841 342 839 340 840 341 838 340 842 343 841 342 843 344 841 342 842 343 840 341 844 345 843 344 845 346 843 344 844 345 842 343 846 347 844 345 845 346 844 345 846 347 847 348 848 349 846 347 849 350 846 347 848 349 847 348 850 351 851 351 852 351 851 352 850 352 853 352 854 353 855 353 856 353 855 354 854 354 857 354 858 355 859 355 860 355 859 356 858 356 861 356 862 357 863 357 864 357 863 357 862 357 865 357 866 358 867 359 868 360 867 359 866 358 869 359 870 361 866 358 868 360 866 358 870 361 871 361 872 362 870 361 873 363 870 361 872 362 871 361 874 364 873 363 875 365 873 363 874 364 872 362 876 366 875 365 877 367 875 365 876 366 874 364 878 368 877 367 879 369 877 367 878 368 876 366 880 370 879 369 881 371 879 369 880 370 878 368 882 372 881 371 883 373 881 371 882 372 880 370 884 374 883 373 885 375 883 373 884 374 882 372 886 376 885 375 887 377 885 375 886 376 884 374 888 378 887 377 889 378 887 377 888 378 886 376 890 379 891 379 892 379 891 380 890 380 893 380 894 381 895 381 896 381 895 381 894 381 897 381 898 382 899 382 900 382 899 382 898 382 901 382 902 383 903 383 904 383 903 384 902 384 905 384 906 385 907 386 908 387 907 386 906 385 909 388 910 389 909 388 906 385 909 388 910 389 911 390 912 391 911 390 910 389 911 390 912 391 913 392 914 393 913 392 912 391 913 392 914 393 915 394 916 395 915 394 914 393 915 394 916 395 917 396 918 397 917 396 916 395 917 396 918 397 919 398 920 399 919 398 918 397 919 398 920 399 921 400 922 401 921 400 920 399 921 400 922 401 923 402 924 403 923 402 922 401 923 402 924 403 925 404 926 405 925 404 924 403 925 404 926 405 927 406 928 407 927 406 926 405 927 406 928 407 929 408 930 409 929 408 928 407 929 408 930 409 931 410 932 411 933 412 934 413 933 412 932 411 935 414 936 415 935 414 932 411 935 414 936 415 937 416 938 417 937 416 936 415 937 416 938 417 939 418 940 419 939 418 938 417 939 418 940 419 941 420 942 421 941 420 940 419 941 420 942 421 943 422 944 423 943 422 942 421 943 422 944 423 945 424 946 425 945 424 944 423 945 424 946 425 947 426 948 427 949 428 950 429 949 428 948 427 951 430 952 431 951 430 948 427 951 430 952 431 953 432 954 433 955 434 956 435 955 434 954 433 957 436 958 437 957 436 954 433 957 436 958 437 959 438 960 439 959 438 958 437 959 438 960 439 961 440 962 441 961 440 960 439 961 440 962 441 963 442 964 443 963 442 962 441 963 442 964 443 965 444 966 445 965 444 964 443 965 444 966 445 967 446 968 447 967 446 966 445 967 446 968 447 969 448 970 449 971 450 972 451 971 450 970 449 973 449 974 452 973 449 970 449 973 449 974 452 975 453 976 454 975 453 974 452 975 453 976 454 977 455 978 456 977 455 976 454 977 455 978 456 979 457 980 458 979 457 978 456 979 457 980 458 981 459 982 460 981 459 980 458 981 459 982 460 983 461 984 462 985 463 986 463 985 463 984 462 987 464 988 465 987 464 984 462 987 464 988 465 989 466 990 467 989 466 988 465 989 466 990 467 991 468 992 469 990 467 993 469 990 467 992 469 991 468 994 470 993 469 995 471 993 469 994 470 992 469 996 472 995 471 997 473 995 471 996 472 994 470 998 474 997 473 999 475 997 473 998 474 996 472 1000 476 999 475 1001 476 999 475 1000 476 998 474 1002 477 1001 476 1003 478 1001 476 1002 477 1000 476 1004 479 1003 478 1005 480 1003 478 1004 479 1002 477 1006 481 1005 480 1007 482 1005 480 1006 481 1004 479 1008 483 1006 481 1007 482 1006 481 1008 483 1009 484 1010 485 1011 485 1012 485 1011 485 1010 485 1013 485 1014 486 1015 487 1016 488 1015 487 1014 486 1017 489 1018 490 1014 486 1019 491 1014 486 1018 490 1017 489 1020 492 1019 491 1021 493 1019 491 1020 492 1018 490 1022 494 1021 493 1023 495 1021 493 1022 494 1020 492 1024 496 1022 494 1023 495 1022 494 1024 496 1025 497 1026 498 1025 497 1024 496 1025 497 1026 498 1027 499 1028 500 1027 499 1026 498 1027 499 1028 500 1029 501 1030 502 1029 501 1028 500 1029 501 1030 502 1031 503 1032 504 1031 503 1030 502 1031 503 1032 504 1033 505 1034 506 1035 506 1036 506 1035 507 1034 507 1037 507 1038 508 1039 508 1040 508 1039 509 1038 509 1041 509 1042 510 1043 510 1044 510 1043 511 1042 511 1045 511 1046 512 1047 512 1048 512 1047 513 1046 513 1049 513 1050 514 1051 514 1052 514 1051 514 1050 514 1053 514 1054 515 1055 515 1056 515 1055 516 1054 516 1057 516 1058 517 1059 518 1060 519 1059 518 1058 517 1061 517 1060 519 1062 520 1063 521 1062 520 1060 519 1059 518 1063 521 1064 522 1065 523 1064 522 1063 521 1062 520 1065 523 1066 524 1067 525 1066 524 1065 523 1064 522 1067 525 1068 526 1069 527 1068 526 1067 525 1066 524 1070 528 1069 527 1068 526 1069 527 1070 528 1071 529 1072 530 1070 528 1073 531 1070 528 1072 530 1071 529 1074 532 1075 532 1076 532 1075 533 1074 533 1077 533 1078 534 1079 534 1080 534 1079 535 1078 535 1081 535 1082 536 1083 536 1084 536 1083 537 1082 537 1085 537 1086 538 1087 539 1088 540 1087 539 1086 538 1089 541 1090 542 1088 540 1091 543 1088 540 1090 542 1086 538 1092 544 1091 543 1093 545 1091 543 1092 544 1090 542 1094 546 1092 544 1093 545 1092 544 1094 546 1095 547 1096 548 1095 547 1094 546 1095 547 1096 548 1097 549 1098 550 1097 549 1096 548 1097 549 1098 550 1099 551 1100 552 1099 551 1098 550 1099 551 1100 552 1101 552 1102 553 1101 552 1100 552 1101 552 1102 553 1103 554 1104 555 1103 554 1102 553 1103 554 1104 555 1105 556 1105 556 1106 557 1107 558 1106 557 1105 556 1104 555 1107 558 1108 559 1109 560 1108 559 1107 558 1106 557 1109 560 1110 561 1111 561 1110 561 1109 560 1108 559 1112 562 1113 563 1114 564 1113 563 1112 562 1115 565 1114 564 1116 566 1117 567 1116 566 1114 564 1113 563 1117 567 1118 568 1119 569 1118 568 1117 567 1116 566 1119 569 1120 570 1121 571 1120 570 1119 569 1118 568 1121 571 1122 572 1123 573 1122 572 1121 571 1120 570 1123 573 1124 574 1125 575 1124 574 1123 573 1122 572 1126 576 1127 577 1128 578 1127 577 1126 576 1129 579 1128 578 1130 580 1131 581 1130 580 1128 578 1127 577 1131 581 1132 582 1133 583 1132 582 1131 581 1130 580 1133 583 1134 584 1135 585 1134 584 1133 583 1132 582 1135 585 1136 586 1137 587 1136 586 1135 585 1134 584 1137 587 1138 588 1139 588 1138 588 1137 587 1136 586 1139 588 1140 589 1141 589 1140 589 1139 588 1138 588 1142 590 1143 591 1144 592 1143 591 1142 590 1145 593 1144 592 1146 594 1147 595 1146 594 1144 592 1143 591 1148 596 1149 597 1150 598 1149 597 1148 596 1151 599 1150 598 1152 600 1153 601 1152 600 1150 598 1149 597 1153 601 1154 602 1155 603 1154 602 1153 601 1152 600 1155 603 1156 604 1157 605 1156 604 1155 603 1154 602 1157 605 1158 606 1159 607 1158 606 1157 605 1156 604 1159 607 1160 608 1161 609 1160 608 1159 607 1158 606 1161 609 1162 610 1163 611 1162 610 1161 609 1160 608 1164 612 1165 613 1166 614 1165 613 1164 612 1167 615 1166 614 1168 616 1169 617 1168 616 1166 614 1165 613 1169 617 1170 618 1171 619 1170 618 1169 617 1168 616 1171 619 1172 620 1173 621 1172 620 1171 619 1170 618 1173 621 1174 622 1175 623 1174 622 1173 621 1172 620 1175 623 1176 624 1177 625 1176 624 1175 623 1174 622 1177 625 1178 626 1179 627 1178 626 1177 625 1176 624 1179 627 1180 628 1181 629 1180 628 1179 627 1178 626 1181 629 1182 630 1183 631 1182 630 1181 629 1180 628 1183 631 1184 632 1185 633 1184 632 1183 631 1182 630 1185 633 1186 634 1187 634 1186 634 1185 633 1184 632 1187 634 1188 635 1189 636 1188 635 1187 634 1186 634 1190 637 1191 637 1192 637 1191 638 1190 638 1193 638 1194 639 1195 639 1196 639 1195 640 1194 640 1197 640 1198 641 1199 641 1200 641 1199 642 1198 642 1201 642 1202 643 1203 644 1204 645 1203 644 1202 643 1205 646 1206 647 1204 645 1207 648 1204 645 1206 647 1202 643 1208 649 1206 647 1207 648 1206 647 1208 649 1209 650 1210 651 1208 649 1211 652 1208 649 1210 651 1209 650 1212 653 1211 652 1213 654 1211 652 1212 653 1210 651 1214 655 1213 654 1215 656 1213 654 1214 655 1212 653 1216 657 1215 656 1217 658 1215 656 1216 657 1214 655 1218 659 1217 658 1219 660 1217 658 1218 659 1216 657 1220 661 1219 660 1221 662 1219 660 1220 661 1218 659 1222 663 1221 662 1223 664 1221 662 1222 663 1220 661 1224 665 1223 664 1225 666 1223 664 1224 665 1222 663 1226 667 1227 667 1228 667 1227 668 1226 668 1229 668 1230 669 1231 669 1232 669 1231 670 1230 670 1233 670 1234 671 1235 672 1236 673 1235 672 1234 671 1237 674 1238 675 1234 671 1239 676 1234 671 1238 675 1237 674 1240 677 1239 676 1241 678 1239 676 1240 677 1238 675 1242 679 1241 678 1243 680 1241 678 1242 679 1240 677 1244 681 1243 680 1245 682 1243 680 1244 681 1242 679 1246 683 1245 682 1247 683 1245 682 1246 683 1244 681 1248 684 1247 683 1249 685 1247 683 1248 684 1246 683 1250 686 1249 685 1251 687 1249 685 1250 686 1248 684 1252 688 1251 687 1253 688 1251 687 1252 688 1250 686 1254 689 1252 688 1253 688 1252 688 1254 689 1255 690 1255 690 1256 691 1257 692 1256 691 1255 690 1254 689 1257 692 1258 693 1259 694 1258 693 1257 692 1256 691 1260 695 1261 695 1262 695 1261 696 1260 696 1263 696 1264 697 1265 698 1266 699 1265 698 1264 697 1267 700 1266 699 1268 701 1269 702 1268 701 1266 699 1265 698 1269 702 1270 703 1271 703 1270 703 1269 702 1268 701 1271 703 1272 704 1273 705 1272 704 1271 703 1270 703 1273 705 1274 706 1275 707 1274 706 1273 705 1272 704 1275 707 1276 708 1277 709 1276 708 1275 707 1274 706 1277 709 1278 710 1279 711 1278 710 1277 709 1276 708 1279 711 1280 712 1281 713 1280 712 1279 711 1278 710 1281 713 1282 714 1283 715 1282 714 1281 713 1280 712 1283 715 1284 716 1285 717 1284 716 1283 715 1282 714 1285 717 1286 718 1287 719 1286 718 1285 717 1284 716 1287 719 1288 720 1289 721 1288 720 1287 719 1286 718 1290 722 1291 722 1292 722 1291 723 1290 723 1293 723 1294 724 1295 724 1296 724 1295 724 1294 724 1297 724 1298 725 1299 726 1300 727 1299 726 1298 725 1301 728 1300 727 1302 729 1303 730 1302 729 1300 727 1299 726 1303 730 1304 731 1305 732 1304 731 1303 730 1302 729 1305 732 1306 733 1307 734 1306 733 1305 732 1304 731 1307 734 1308 735 1309 736 1308 735 1307 734 1306 733 1309 736 1310 737 1311 738 1310 737 1309 736 1308 735 1311 738 1312 739 1313 740 1312 739 1311 738 1310 737 1313 740 1314 741 1315 742 1314 741 1313 740 1312 739 1315 742 1316 743 1317 744 1316 743 1315 742 1314 741 1317 744 1318 745 1319 746 1318 745 1317 744 1316 743 1319 746 1320 747 1321 748 1320 747 1319 746 1318 745 1321 748 1322 749 1323 750 1322 749 1321 748 1320 747 1324 751 1325 752 1326 753 1325 752 1324 751 1327 754 1326 753 1328 755 1329 756 1328 755 1326 753 1325 752 1329 756 1330 757 1331 758 1330 757 1329 756 1328 755 1332 759 1331 758 1330 757 1331 758 1332 759 1333 760 1334 761 1333 760 1332 759 1333 760 1334 761 1335 762 1336 763 1335 762 1334 761 1335 762 1336 763 1337 764 1338 765 1337 764 1336 763 1337 764 1338 765 1339 766 1340 767 1341 767 1342 767 1341 768 1340 768 1343 768 1344 769 1345 770 1346 771 1345 770 1344 769 1347 772 1348 773 1346 771 1349 774 1346 771 1348 773 1344 769 1350 775 1349 774 1351 775 1349 774 1350 775 1348 773 1352 776 1350 775 1351 775 1350 775 1352 776 1353 777 1354 778 1355 779 1356 780 1355 779 1354 778 1357 781 1358 782 1357 781 1354 778 1357 781 1358 782 1359 783 1360 784 1361 784 1362 784 1361 785 1360 785 1363 785 1364 786 1365 786 1366 786 1365 787 1364 787 1367 787 1368 788 1369 788 1370 788 1369 789 1368 789 1371 789 1372 790 1373 791 1374 792 1373 791 1372 790 1375 793 1376 794 1375 793 1372 790 1375 793 1376 794 1377 795 1378 796 1377 795 1376 794 1377 795 1378 796 1379 797 1380 798 1379 797 1378 796 1379 797 1380 798 1381 799 1382 800 1380 798 1383 801 1380 798 1382 800 1381 799 1384 802 1383 801 1385 803 1383 801 1384 802 1382 800 1386 804 1385 803 1387 805 1385 803 1386 804 1384 802 1388 806 1387 805 1389 807 1387 805 1388 806 1386 804 1390 808 1389 807 1391 809 1389 807 1390 808 1388 806 1392 810 1390 808 1391 809 1390 808 1392 810 1393 811 1394 812 1392 810 1395 813 1392 810 1394 812 1393 811 1396 814 1397 814 1398 814 1397 815 1396 815 1399 815 1400 816 1401 816 1402 816 1401 817 1400 817 1403 817 1404 818 1405 818 1406 818 1405 819 1404 819 1407 819 1408 820 1409 821 1410 822 1409 821 1408 820 1411 823 1412 824 1411 823 1408 820 1411 823 1412 824 1413 825 1414 826 1415 827 1416 828 1415 827 1414 826 1417 827 1418 829 1414 826 1416 828 1414 826 1418 829 1419 830 1420 831 1419 830 1418 829 1419 830 1420 831 1421 832 1422 833 1423 834 1424 835 1423 834 1422 833 1425 834 1426 836 1424 835 1427 837 1424 835 1426 836 1422 833 1428 838 1426 836 1427 837 1426 836 1428 838 1429 839 1430 840 1429 839 1428 838 1429 839 1430 840 1431 841 1432 842 1431 841 1430 840 1431 841 1432 842 1433 843 1434 844 1432 842 1435 845 1432 842 1434 844 1433 843 1436 846 1435 845 1437 847 1435 845 1436 846 1434 844 1438 848 1439 849 1440 850 1439 849 1438 848 1441 851 1442 852 1440 850 1443 853 1440 850 1442 852 1438 848 1444 854 1443 853 1445 855 1443 853 1444 854 1442 852 1446 856 1447 856 1448 856 1447 857 1446 857 1449 857 1450 858 1451 858 1452 858 1451 859 1450 859 1453 859 1454 860 1455 861 1456 862 1455 861 1454 860 1457 863 1458 864 1456 862 1459 865 1456 862 1458 864 1454 860 1460 866 1461 867 1462 868 1461 867 1460 866 1463 869 1464 870 1462 868 1465 871 1462 868 1464 870 1460 866 1466 872 1464 870 1465 871 1464 870 1466 872 1467 873 1468 874 1466 872 1469 875 1466 872 1468 874 1467 873 1470 876 1471 877 1472 878 1471 877 1470 876 1473 879 1474 880 1473 879 1470 876 1473 879 1474 880 1475 881 1476 882 1474 880 1477 883 1474 880 1476 882 1475 881 1478 884 1477 883 1479 885 1477 883 1478 884 1476 882 1480 886 1478 884 1479 885 1478 884 1480 886 1481 887 1482 888 1481 887 1480 886 1481 887 1482 888 1483 889 1484 890 1485 891 1486 892 1485 891 1484 890 1487 893 1487 893 1488 894 1489 895 1488 894 1487 893 1484 890 1489 895 1490 896 1491 897 1490 896 1489 895 1488 894 1491 897 1492 898 1493 899 1492 898 1491 897 1490 896 1494 900 1495 900 1496 900 1495 900 1494 900 1497 900 1498 901 1499 901 1500 901 1499 902 1498 902 1501 902 1502 903 1503 903 1504 903 1503 904 1502 904 1505 904 1506 905 1507 905 1508 905 1507 906 1506 906 1509 906 1510 907 1511 908 1512 909 1511 908 1510 907 1513 910 1514 911 1512 909 1511 908 1512 909 1514 911 1515 912 1516 913 1514 911 1517 914 1514 911 1516 913 1515 912 1518 915 1517 914 1519 916 1517 914 1518 915 1516 913 1520 917 1521 918 1522 919 1521 918 1520 917 1523 920 1524 921 1522 919 1525 922 1522 919 1524 921 1520 917 1526 923 1525 922 1527 924 1525 922 1526 923 1524 921 1528 925 1527 924 1529 926 1527 924 1528 925 1526 923 1530 927 1529 926 1531 928 1529 926 1530 927 1528 925 1532 929 1530 927 1531 928 1530 927 1532 929 1533 930 1534 931 1532 929 1535 932 1532 929 1534 931 1533 930 1536 933 1537 933 1538 933 1537 934 1536 934 1539 934 1540 935 1541 935 1542 935 1541 935 1540 935 1543 935 1544 936 1545 936 1546 936 1545 937 1544 937 1547 937 1548 938 1549 938 1550 938 1549 939 1548 939 1551 939 1552 940 1553 940 1554 940 1553 941 1552 941 1555 941 1556 942 1557 942 1558 942 1557 943 1556 943 1559 943 1560 944 1561 944 1562 944 1561 945 1560 945 1563 945 1564 935 1565 935 1566 935 1565 946 1564 946 1567 946 1568 947 1569 948 1570 949 1569 948 1568 947 1571 950 1572 951 1570 949 1573 952 1570 949 1572 951 1568 947 1574 953 1573 952 1575 954 1573 952 1574 953 1572 951 1576 955 1575 954 1577 956 1575 954 1576 955 1574 953 1578 957 1577 956 1579 958 1577 956 1578 957 1576 955 1580 959 1579 958 1581 960 1579 958 1580 959 1578 957 1582 961 1581 960 1583 962 1581 960 1582 961 1580 959 1584 963 1583 962 1585 964 1583 962 1584 963 1582 961 1586 965 1585 964 1587 966 1585 964 1586 965 1584 963 1588 967 1587 966 1589 968 1587 966 1588 967 1586 965 1590 969 1589 968 1591 970 1589 968 1590 969 1588 967 1592 971 1593 972 1594 973 1593 972 1592 971 1595 974 1596 975 1594 973 1597 976 1594 973 1596 975 1592 971 1598 977 1599 977 1600 977 1599 978 1598 978 1601 978 1602 979 1603 979 1604 979 1603 980 1602 980 1605 980 1606 981 1607 981 1608 981 1607 982 1606 982 1609 982 1610 983 1608 984 1611 985 1608 984 1610 983 1606 986 1612 987 1611 987 1613 987 1611 988 1612 988 1610 988 1614 989 1615 989 1616 989 1615 990 1614 990 1617 990 1618 991 1616 992 1619 993 1616 992 1618 991 1614 994 1620 995 1619 993 1621 996 1619 993 1620 995 1618 991 1622 997 1621 996 1623 998 1621 996 1622 997 1620 995 1624 999 1623 998 1625 1000 1623 998 1624 999 1622 997 1626 1001 1625 1000 1627 1002 1625 1000 1626 1001 1624 999 1628 1003 1627 1003 1629 1003 1627 1004 1628 1004 1626 1004 1630 1005 1631 1005 1632 1005 1631 1006 1630 1006 1633 1006 1634 1007 1635 1008 1636 1007 1635 1008 1634 1007 1637 1008 1638 1009 1636 1007 1639 1010 1636 1007 1638 1009 1634 1007 1640 1011 1639 1010 1641 1012 1639 1010 1640 1011 1638 1009 1642 1013 1641 1012 1643 1014 1641 1012 1642 1013 1640 1011 1644 1015 1643 1014 1645 1016 1643 1014 1644 1015 1642 1013 1646 1017 1645 1016 1647 1018 1645 1016 1646 1017 1644 1015 1648 1019 1647 1018 1649 1020 1647 1018 1648 1019 1646 1017 1650 1021 1649 1020 1651 1022 1649 1020 1650 1021 1648 1019 1652 1023 1651 1022 1653 1024 1651 1022 1652 1023 1650 1021 1654 1025 1653 1024 1655 1026 1653 1024 1654 1025 1652 1023 1656 1027 1655 1026 1657 1028 1655 1026 1656 1027 1654 1025 1658 1029 1657 1028 1659 1030 1657 1028 1658 1029 1656 1027 1660 1031 1661 1031 1662 1031 1661 1032 1660 1032 1663 1032 1664 1033 1665 1033 1666 1033 1665 1034 1664 1034 1667 1034 1668 1035 1666 1035 1669 1035 1666 1036 1668 1036 1664 1036 1670 1037 1671 1037 1672 1037 1671 1037 1670 1037 1673 1037 1674 1038 1672 1038 1675 1038 1672 1039 1674 1039 1670 1039 1676 1040 1675 1040 1677 1040 1675 1041 1676 1041 1674 1041 1678 1042 1679 1042 1680 1042 1679 1043 1678 1043 1681 1043 1682 1044 1683 1044 1684 1044 1683 1045 1682 1045 1685 1045 1686 1046 1687 1046 1688 1046 1687 1047 1686 1047 1689 1047 1690 1048 1691 1048 1692 1048 1691 1049 1690 1049 1693 1049 1694 1048 1695 1048 1696 1048 1695 1049 1694 1049 1697 1049 1698 1050 1699 1050 1700 1050 1699 1051 1698 1051 1701 1051 1702 1052 1700 1052 1703 1052 1700 1052 1702 1052 1698 1052 1704 1053 1705 1053 1706 1053 1705 1054 1704 1054 1707 1054 1708 1055 1706 1055 1709 1055 1706 1056 1708 1056 1704 1056 1710 1057 1709 1057 1711 1057 1709 1057 1710 1057 1708 1057 1712 1058 1711 1058 1713 1058 1711 1059 1712 1059 1710 1059 1714 1060 1715 1060 1716 1060 1715 1061 1714 1061 1717 1061 1718 1062 1716 1062 1719 1062 1716 1063 1718 1063 1714 1063 1720 1064 1721 1064 1722 1064 1721 1064 1720 1064 1723 1064 1724 1065 1722 1065 1725 1065 1722 1066 1724 1066 1720 1066 1726 1067 1727 1067 1728 1067 1727 1068 1726 1068 1729 1068 1730 1069 1731 1069 1732 1069 1731 1070 1730 1070 1733 1070 1734 1071 1735 1071 1736 1071 1735 1072 1734 1072 1737 1072 1738 1073 1739 1073 1740 1073 1739 1074 1738 1074 1741 1074 1742 1075 1743 1075 1744 1075 1743 1076 1742 1076 1745 1076 1746 1077 1747 1077 1748 1077 1747 1078 1746 1078 1749 1078 1750 1079 1751 1080 1752 1081 1751 1080 1750 1079 1753 1082 1754 1083 1752 1081 1755 1084 1752 1081 1754 1083 1750 1079 1756 1085 1755 1084 1757 1086 1755 1084 1756 1085 1754 1083 1758 1087 1757 1086 1759 1088 1757 1086 1758 1087 1756 1085 1760 1089 1759 1088 1761 1090 1759 1088 1760 1089 1758 1087 1762 1091 1763 1092 1764 1093 1763 1092 1762 1091 1765 1094 1766 1095 1764 1093 1767 1096 1764 1093 1766 1095 1762 1091 1768 1097 1769 1098 1770 1099 1769 1098 1768 1097 1771 1100 1772 1101 1770 1099 1773 1102 1770 1099 1772 1101 1768 1097 1774 1103 1773 1102 1775 1104 1773 1102 1774 1103 1772 1101 1776 1105 1774 1103 1775 1104 1774 1103 1776 1105 1777 1106 1778 1107 1779 1107 1780 1107 1779 1108 1778 1108 1781 1108 1782 1109 1783 1109 1784 1109 1783 1109 1782 1109 1785 1109 1786 1110 1787 1111 1788 1112 1787 1111 1786 1110 1789 1113 1790 1114 1788 1112 1791 1115 1788 1112 1790 1114 1786 1110 1792 1116 1790 1114 1791 1115 1790 1114 1792 1116 1793 1117 1794 1118 1793 1117 1792 1116 1793 1117 1794 1118 1795 1119 1796 1120 1795 1119 1794 1118 1795 1119 1796 1120 1797 1121 1798 1122 1797 1121 1796 1120 1797 1121 1798 1122 1799 1123 1800 1124 1799 1123 1798 1122 1799 1123 1800 1124 1801 1125 1802 1126 1801 1125 1800 1124 1801 1125 1802 1126 1803 1127 1804 1128 1802 1126 1805 1129 1802 1126 1804 1128 1803 1127 1806 1130 1805 1129 1807 1131 1805 1129 1806 1130 1804 1128 1808 1132 1807 1131 1809 1133 1807 1131 1808 1132 1806 1130 1810 1134 1809 1133 1811 1135 1809 1133 1810 1134 1808 1132 1812 1136 1813 1136 1814 1136 1813 1137 1812 1137 1815 1137 1816 1138 1817 1138 1818 1138 1817 1139 1816 1139 1819 1139 1820 1140 1821 1141 1822 1142 1821 1141 1820 1140 1823 1141 1824 1143 1822 1142 1825 1144 1822 1142 1824 1143 1820 1140 1826 1145 1825 1144 1827 1146 1825 1144 1826 1145 1824 1143 1828 1147 1827 1146 1829 1148 1827 1146 1828 1147 1826 1145 1830 1149 1829 1148 1831 1150 1829 1148 1830 1149 1828 1147 1832 1151 1831 1150 1833 1152 1831 1150 1832 1151 1830 1149 1834 1153 1833 1152 1835 1154 1833 1152 1834 1153 1832 1151 1836 1155 1835 1154 1837 1156 1835 1154 1836 1155 1834 1153 1838 1157 1837 1156 1839 1158 1837 1156 1838 1157 1836 1155 1840 1159 1839 1158 1841 1160 1839 1158 1840 1159 1838 1157 1842 1161 1841 1160 1843 1162 1841 1160 1842 1161 1840 1159 1844 1163 1843 1162 1845 1164 1843 1162 1844 1163 1842 1161 1846 1165 1847 1166 1848 1167 1847 1166 1846 1165 1849 1168 1850 1169 1848 1167 1851 1170 1848 1167 1850 1169 1846 1165 1852 1171 1851 1170 1853 1172 1851 1170 1852 1171 1850 1169 1854 1173 1853 1172 1855 1174 1853 1172 1854 1173 1852 1171 1856 1175 1855 1174 1857 1176 1855 1174 1856 1175 1854 1173 1858 1177 1857 1176 1859 1178 1857 1176 1858 1177 1856 1175 1860 1179 1859 1178 1861 1180 1859 1178 1860 1179 1858 1177 1862 1181 1863 1181 1864 1181 1863 1181 1862 1181 1865 1181 1866 1182 1867 1183 1868 1184 1867 1183 1866 1182 1869 1185 1870 1186 1868 1184 1871 1187 1868 1184 1870 1186 1866 1182 1872 1188 1873 1188 1874 1188 1873 1189 1872 1189 1875 1189 1876 1190 1877 1191 1878 1192 1877 1191 1876 1190 1879 1193 1880 1194 1876 1190 1881 1195 1876 1190 1880 1194 1879 1193 1882 1196 1881 1195 1883 1197 1881 1195 1882 1196 1880 1194 1884 1198 1885 1199 1886 1200 1885 1199 1884 1198 1887 1199 1888 1201 1886 1200 1889 1202 1886 1200 1888 1201 1884 1198 1890 1203 1891 1203 1892 1203 1891 1203 1890 1203 1893 1203 1894 1204 1895 1204 1896 1204 1895 1205 1894 1205 1897 1205 1898 1206 1899 1207 1900 1208 1899 1207 1898 1206 1901 1209 1902 1210 1900 1208 1903 1211 1900 1208 1902 1210 1898 1206 1904 1212 1903 1211 1905 1213 1903 1211 1904 1212 1902 1210 1906 1214 1905 1213 1907 1215 1905 1213 1906 1214 1904 1212 1908 1216 1906 1214 1907 1215 1906 1214 1908 1216 1909 1217 1910 1218 1909 1217 1908 1216 1909 1217 1910 1218 1911 1219 1912 1220 1911 1219 1910 1218 1911 1219 1912 1220 1913 1221 1914 1222 1913 1221 1912 1220 1913 1221 1914 1222 1915 1223 1916 1224 1917 1224 1918 1224 1917 1224 1916 1224 1919 1224 1920 1225 1921 1225 1922 1225 1921 1226 1920 1226 1923 1226 1924 1227 1925 1228 1926 1228 1925 1228 1924 1227 1927 1229 1928 1230 1927 1229 1924 1227 1927 1229 1928 1230 1929 1231 1930 1232 1929 1231 1928 1230 1929 1231 1930 1232 1931 1233 1932 1234 1931 1233 1930 1232 1931 1233 1932 1234 1933 1235 1934 1236 1933 1235 1932 1234 1933 1235 1934 1236 1935 1236 1936 1237 1935 1236 1934 1236 1935 1236 1936 1237 1937 1238 1938 1239 1936 1237 1939 1240 1936 1237 1938 1239 1937 1238 1940 1241 1941 1242 1942 1243 1941 1242 1940 1241 1943 1244 1944 1245 1942 1243 1945 1245 1942 1243 1944 1245 1940 1241 1946 1246 1945 1245 1947 1247 1945 1245 1946 1246 1944 1245 1948 1248 1947 1247 1949 1249 1947 1247 1948 1248 1946 1246 1950 1250 1949 1249 1951 1251 1949 1249 1950 1250 1948 1248 1952 1252 1953 1252 1954 1252 1953 1253 1952 1253 1955 1253 1956 1254 1957 1254 1958 1254 1957 1254 1956 1254 1959 1254 1960 1255 1961 1256 1962 1257 1961 1256 1960 1255 1963 1256 1964 1258 1962 1257 1965 1259 1962 1257 1964 1258 1960 1255 1966 1260 1965 1259 1967 1261 1965 1259 1966 1260 1964 1258 1968 1262 1967 1261 1969 1263 1967 1261 1968 1262 1966 1260 1970 1264 1969 1263 1971 1265 1969 1263 1970 1264 1968 1262 1972 1266 1971 1265 1973 1267 1971 1265 1972 1266 1970 1264 1974 1268 1973 1267 1975 1269 1973 1267 1974 1268 1972 1266 1976 1270 1975 1269 1977 1271 1975 1269 1976 1270 1974 1268 1978 1272 1977 1271 1979 1273 1977 1271 1978 1272 1976 1270 1980 1274 1979 1273 1981 1275 1979 1273 1980 1274 1978 1272 1982 1276 1981 1275 1983 1277 1981 1275 1982 1276 1980 1274 1984 1278 1983 1277 1985 1279 1983 1277 1984 1278 1982 1276 1986 1280 1987 1280 1988 1280 1987 1281 1986 1281 1989 1281 1990 1282 1991 1283 1992 1284 1991 1283 1990 1282 1993 1285 1994 1286 1992 1284 1995 1286 1992 1284 1994 1286 1990 1282 1996 1287 1995 1286 1997 1288 1995 1286 1996 1287 1994 1286 1998 1289 1997 1288 1999 1290 1997 1288 1998 1289 1996 1287 2000 1291 1999 1290 2001 1292 1999 1290 2000 1291 1998 1289 2002 1293 2001 1292 2003 1294 2001 1292 2002 1293 2000 1291 2004 1295 2003 1294 2005 1296 2003 1294 2004 1295 2002 1293 2006 1297 2005 1296 2007 1298 2005 1296 2006 1297 2004 1295 2008 1299 2007 1298 2009 1300 2007 1298 2008 1299 2006 1297 2010 1301 2009 1300 2011 1301 2009 1300 2010 1301 2008 1299 2012 1302 2011 1301 2013 1303 2011 1301 2012 1302 2010 1301 2014 1304 2012 1302 2013 1303 2012 1302 2014 1304 2015 1305 2016 1306 2017 1306 2018 1306 2017 1307 2016 1307 2019 1307 2020 1308 2021 1309 2022 1310 2021 1309 2020 1308 2023 1311 2024 1312 2023 1311 2020 1308 2023 1311 2024 1312 2025 1313 2026 1314 2025 1313 2024 1312 2025 1313 2026 1314 2027 1315 2027 1315 2028 1316 2029 1317 2028 1316 2027 1315 2026 1314 2029 1317 2030 1318 2031 1319 2030 1318 2029 1317 2028 1316 2031 1319 2032 1320 2033 1321 2032 1320 2031 1319 2030 1318 2033 1321 2034 1322 2035 1323 2034 1322 2033 1321 2032 1320 2035 1323 2036 1324 2037 1325 2036 1324 2035 1323 2034 1322 2037 1325 2038 1326 2039 1327 2038 1326 2037 1325 2036 1324 2039 1327 2040 1328 2041 1329 2040 1328 2039 1327 2038 1326 2041 1329 2042 1330 2043 1331 2042 1330 2041 1329 2040 1328 2043 1331 2044 1332 2045 1333 2044 1332 2043 1331 2042 1330 2046 1334 2047 1335 2048 1336 2047 1335 2046 1334 2049 1337 2050 1338 2049 1337 2046 1334 2049 1337 2050 1338 2051 1339 2052 1340 2051 1339 2050 1338 2051 1339 2052 1340 2053 1341 2054 1342 2053 1341 2052 1340 2053 1341 2054 1342 2055 1343 2056 1344 2055 1343 2054 1342 2055 1343 2056 1344 2057 1345 2058 1346 2057 1345 2056 1344 2057 1345 2058 1346 2059 1347 2060 1348 2059 1347 2058 1346 2059 1347 2060 1348 2061 1349 2062 1350 2061 1349 2060 1348 2061 1349 2062 1350 2063 1351 2064 1352 2063 1351 2062 1350 2063 1351 2064 1352 2065 1353 2066 1354 2064 1352 2067 1355 2064 1352 2066 1354 2065 1353 2068 1356 2067 1355 2069 1357 2067 1355 2068 1356 2066 1354 2070 1358 2069 1357 2071 1359 2069 1357 2070 1358 2068 1356 2072 1360 2073 1360 2074 1360 2073 1360 2072 1360 2075 1360 2076 1361 2077 1361 2078 1361 2077 1362 2076 1362 2079 1362 2080 1363 2081 1364 2082 1365 2081 1364 2080 1363 2083 1366 2084 1367 2082 1365 2085 1368 2082 1365 2084 1367 2080 1363 2086 1369 2085 1368 2087 1370 2085 1368 2086 1369 2084 1367 2088 1371 2087 1370 2089 1372 2087 1370 2088 1371 2086 1369 2090 1373 2089 1372 2091 1374 2089 1372 2090 1373 2088 1371 2092 1375 2091 1374 2093 1376 2091 1374 2092 1375 2090 1373 2094 1377 2093 1376 2095 1378 2093 1376 2094 1377 2092 1375 2096 1379 2095 1378 2097 1379 2095 1378 2096 1379 2094 1377 2098 1380 2097 1379 2099 1380 2097 1379 2098 1380 2096 1379 2100 1381 2099 1380 2101 1382 2099 1380 2100 1381 2098 1380 2102 1383 2101 1382 2103 1384 2101 1382 2102 1383 2100 1381 2104 1385 2103 1384 2105 1386 2103 1384 2104 1385 2102 1383 2106 1387 2107 1387 2108 1387 2107 1388 2106 1388 2109 1388 2110 1389 2111 1390 2112 1391 2111 1390 2110 1389 2113 1392 2114 1393 2113 1392 2110 1389 2113 1392 2114 1393 2115 1394 2116 1395 2115 1394 2114 1393 2115 1394 2116 1395 2117 1396 2118 1397 2117 1396 2116 1395 2117 1396 2118 1397 2119 1398 2120 1399 2119 1398 2118 1397 2119 1398 2120 1399 2121 1400 2122 1401 2121 1400 2120 1399 2121 1400 2122 1401 2123 1402 2124 1403 2123 1402 2122 1401 2123 1402 2124 1403 2125 1404 2126 1405 2125 1404 2124 1403 2125 1404 2126 1405 2127 1406 2128 1407 2127 1406 2126 1405 2127 1406 2128 1407 2129 1407 2130 1408 2129 1407 2128 1407 2129 1407 2130 1408 2131 1409 2132 1410 2131 1409 2130 1408 2131 1409 2132 1410 2133 1410 2134 1411 2133 1410 2132 1410 2133 1410 2134 1411 2135 1411 2136 1412 2137 1412 2138 1412 2137 1413 2136 1413 2139 1413 2140 1414 2141 1415 2142 1415 2141 1415 2140 1414 2143 1416 2144 1417 2143 1416 2140 1414 2143 1416 2144 1417 2145 1417 2146 1418 2145 1417 2144 1417 2145 1417 2146 1418 2147 1419 2148 1420 2146 1418 2149 1421 2146 1418 2148 1420 2147 1419 2150 1422 2148 1420 2149 1421 2148 1420 2150 1422 2151 1423 2152 1424 2153 1425 2154 1426 2153 1425 2152 1424 2155 1427 2155 1427 2156 1428 2157 1429 2156 1428 2155 1427 2152 1424 2157 1429 2158 1430 2159 1430 2158 1430 2157 1429 2156 1428 2159 1430 2160 1431 2161 1432 2160 1431 2159 1430 2158 1430 2161 1432 2162 1433 2163 1434 2162 1433 2161 1432 2160 1431 2163 1434 2164 1435 2165 1436 2164 1435 2163 1434 2162 1433 2165 1436 2166 1437 2167 1438 2166 1437 2165 1436 2164 1435 2168 1439 2169 1439 2170 1439 2169 1440 2168 1440 2171 1440 2172 1441 2173 1442 2174 1443 2173 1442 2172 1441 2175 1444 2174 1443 2176 1445 2177 1446 2176 1445 2174 1443 2173 1442 2177 1446 2178 1447 2179 1448 2178 1447 2177 1446 2176 1445 2179 1448 2180 1449 2181 1449 2180 1449 2179 1448 2178 1447 2182 1450 2181 1449 2180 1449 2181 1449 2182 1450 2183 1451 2184 1452 2183 1451 2182 1450 2183 1451 2184 1452 2185 1453 2186 1454 2185 1453 2184 1452 2185 1453 2186 1454 2187 1455 2188 1456 2187 1455 2186 1454 2187 1455 2188 1456 2189 1457 2190 1458 2191 1458 2192 1458 2191 1459 2190 1459 2193 1459 2194 1460 2195 1461 2196 1461 2195 1461 2194 1460 2197 1462 2198 1463 2194 1460 2199 1464 2194 1460 2198 1463 2197 1462 2200 1465 2201 1466 2202 1467 2201 1466 2200 1465 2203 1465 2204 1468 2203 1465 2200 1465 2203 1465 2204 1468 2205 1468 2206 1469 2205 1468 2204 1468 2205 1468 2206 1469 2207 1470 2208 1471 2207 1470 2206 1469 2207 1470 2208 1471 2209 1472 2210 1473 2211 1474 2212 1474 2211 1474 2210 1473 2213 1475 2214 1476 2213 1475 2210 1473 2213 1475 2214 1476 2215 1477 2216 1478 2215 1477 2214 1476 2215 1477 2216 1478 2217 1479 2218 1480 2217 1479 2216 1478 2217 1479 2218 1480 2219 1481 2220 1482 2219 1481 2218 1480 2219 1481 2220 1482 2221 1483 2222 1484 2221 1483 2220 1482 2221 1483 2222 1484 2223 1485 2224 1486 2223 1485 2222 1484 2223 1485 2224 1486 2225 1487 2226 1488 2227 1489 2228 1490 2227 1489 2226 1488 2229 1491 2230 1492 2229 1491 2226 1488 2229 1491 2230 1492 2231 1493 2232 1494 2230 1492 2233 1495 2230 1492 2232 1494 2231 1493 2234 1496 2233 1495 2235 1497 2233 1495 2234 1496 2232 1494 2236 1498 2235 1497 2237 1499 2235 1497 2236 1498 2234 1496 2238 1500 2237 1499 2239 1501 2237 1499 2238 1500 2236 1498 2240 1502 2239 1501 2241 1503 2239 1501 2240 1502 2238 1500 2242 1504 2241 1503 2243 1505 2241 1503 2242 1504 2240 1502 2244 1506 2243 1505 2245 1507 2243 1505 2244 1506 2242 1504 2246 1508 2245 1507 2247 1509 2245 1507 2246 1508 2244 1506 2248 1510 2246 1508 2247 1509 2246 1508 2248 1510 2249 1511 2250 1512 2248 1510 2251 1513 2248 1510 2250 1512 2249 1511 2252 1514 2253 1514 2254 1514 2253 1515 2252 1515 2255 1515 2256 1516 2257 1516 2258 1516 2257 1516 2256 1516 2259 1516 2260 1517 2261 1518 2262 1519 2261 1518 2260 1517 2263 1520 2264 1521 2262 1519 2265 1522 2262 1519 2264 1521 2260 1517 2266 1523 2264 1521 2265 1522 2264 1521 2266 1523 2267 1524 2268 1525 2267 1524 2266 1523 2267 1524 2268 1525 2269 1526 2269 1526 2270 1527 2271 1528 2270 1527 2269 1526 2268 1525 2272 1529 2273 1530 2274 1531 2273 1530 2272 1529 2275 1532 2274 1531 2276 1533 2277 1534 2276 1533 2274 1531 2273 1530 2277 1534 2278 1535 2279 1536 2278 1535 2277 1534 2276 1533 2279 1536 2280 1537 2281 1538 2280 1537 2279 1536 2278 1535 2281 1538 2282 1539 2283 1540 2282 1539 2281 1538 2280 1537 2284 1541 2283 1540 2282 1539 2283 1540 2284 1541 2285 1542 2286 1543 2284 1541 2287 1544 2284 1541 2286 1543 2285 1542 2288 1545 2289 1546 2290 1547 2289 1546 2288 1545 2291 1548 2292 1549 2290 1547 2293 1550 2290 1547 2292 1549 2288 1545 2294 1551 2293 1550 2295 1552 2293 1550 2294 1551 2292 1549 2296 1553 2295 1552 2297 1554 2295 1552 2296 1553 2294 1551 2298 1555 2297 1554 2299 1556 2297 1554 2298 1555 2296 1553 2300 1557 2299 1556 2301 1558 2299 1556 2300 1557 2298 1555 2302 1559 2301 1558 2303 1560 2301 1558 2302 1559 2300 1557 2304 1561 2303 1560 2305 1562 2303 1560 2304 1561 2302 1559 2306 1563 2305 1562 2307 1564 2305 1562 2306 1563 2304 1561 2308 1565 2309 1565 2310 1565 2309 1566 2308 1566 2311 1566 2312 1567 2313 1567 2314 1567 2313 1568 2312 1568 2315 1568 2316 1569 2317 1569 2318 1569 2317 1570 2316 1570 2319 1570 2320 1571 2321 1571 2322 1571 2321 1572 2320 1572 2323 1572 2324 1573 2322 1573 2325 1573 2322 1574 2324 1574 2320 1574 2326 1575 2327 1575 2328 1575 2327 1576 2326 1576 2329 1576 2330 1577 2328 1577 2331 1577 2328 1578 2330 1578 2326 1578 2332 1579 2331 1579 2333 1579 2331 1580 2332 1580 2330 1580 2334 1581 2333 1581 2335 1581 2333 1582 2334 1582 2332 1582 2336 1583 2335 1583 2337 1583 2335 1584 2336 1584 2334 1584 2338 1585 2337 1585 2339 1585 2337 1586 2338 1586 2336 1586 2340 1587 2339 1587 2341 1587 2339 1588 2340 1588 2338 1588 2342 1589 2343 1589 2344 1589 2343 1590 2342 1590 2345 1590 2346 1591 2347 1591 2348 1591 2347 1591 2346 1591 2349 1591 2350 1592 2351 1592 2352 1592 2351 1593 2350 1593 2353 1593 2354 1594 2355 1594 2356 1594 2355 1595 2354 1595 2357 1595 2358 1596 2359 1596 2360 1596 2359 1597 2358 1597 2361 1597 2362 1598 2363 1598 2364 1598 2363 1599 2362 1599 2365 1599 2366 1600 2364 1600 2367 1600 2364 1600 2366 1600 2362 1600 2368 1601 2367 1601 2369 1601 2367 1602 2368 1602 2366 1602 2370 1603 2371 1603 2372 1603 2371 1604 2370 1604 2373 1604 2374 1605 2375 1605 2376 1605 2375 1606 2374 1606 2377 1606 2378 1607 2379 1607 2380 1607 2379 1608 2378 1608 2381 1608 2382 1609 2383 1609 2384 1609 2383 1610 2382 1610 2385 1610 2386 1611 2387 1612 2388 1613 2387 1612 2386 1611 2389 1614 2390 1615 2386 1611 2388 1613 2386 1611 2390 1615 2391 1615 2392 1616 2390 1615 2393 1617 2390 1615 2392 1616 2391 1615 2394 1618 2393 1617 2395 1619 2393 1617 2394 1618 2392 1616 2396 1620 2395 1619 2397 1620 2395 1619 2396 1620 2394 1618 2398 1621 2397 1620 2399 1622 2397 1620 2398 1621 2396 1620 2400 1623 2398 1621 2399 1622 2398 1621 2400 1623 2401 1624 2402 1625 2400 1623 2403 1626 2400 1623 2402 1625 2401 1624 2404 1627 2403 1626 2405 1628 2403 1626 2404 1627 2402 1625 2406 1629 2404 1627 2405 1628 2404 1627 2406 1629 2407 1630 2408 1631 2406 1629 2409 1632 2406 1629 2408 1631 2407 1630 2410 1633 2408 1631 2409 1632 2408 1631 2410 1633 2411 1634 2412 1635 2413 1635 2414 1635 2413 1635 2412 1635 2415 1635 2416 1636 2417 1636 2418 1636 2417 1636 2416 1636 2419 1636 2420 1637 2416 1638 2421 1639 2416 1638 2420 1637 2419 1640 2422 1641 2420 1637 2421 1639 2420 1637 2422 1641 2423 1642 2424 1643 2423 1642 2422 1641 2423 1642 2424 1643 2425 1644 2426 1645 2424 1643 2427 1646 2424 1643 2426 1645 2425 1644 2428 1647 2426 1645 2427 1646 2426 1645 2428 1647 2429 1648 2430 1649 2428 1649 2431 1649 2428 1650 2430 1650 2429 1650 2432 1651 2433 1651 2434 1651 2433 1652 2432 1652 2435 1652 2436 1653 2437 1653 2438 1653 2437 1654 2436 1654 2439 1654 2440 1655 2436 1656 2438 1657 2436 1656 2440 1655 2441 1658 2442 1659 2440 1659 2443 1659 2440 1660 2442 1660 2441 1660 2444 1661 2445 1661 2446 1661 2445 1662 2444 1662 2447 1662 2448 1663 2449 1663 2450 1663 2449 1664 2448 1664 2451 1664 2452 1665 2453 1666 2454 1667 2453 1666 2452 1665 2455 1668 2456 1669 2452 1665 2457 1670 2452 1665 2456 1669 2455 1668 2458 1671 2459 1672 2460 1673 2459 1672 2458 1671 2461 1674 2462 1675 2458 1671 2460 1673 2458 1671 2462 1675 2463 1676 2464 1677 2462 1675 2465 1678 2462 1675 2464 1677 2463 1676 2466 1679 2464 1677 2465 1678 2464 1677 2466 1679 2467 1680 2468 1681 2466 1679 2469 1682 2466 1679 2468 1681 2467 1680 2470 1683 2469 1682 2471 1684 2469 1682 2470 1683 2468 1681 2472 1685 2471 1684 2473 1686 2471 1684 2472 1685 2470 1683 2474 1687 2473 1686 2475 1688 2473 1686 2474 1687 2472 1685 2476 1689 2474 1687 2475 1688 2474 1687 2476 1689 2477 1690 2478 1691 2476 1689 2479 1692 2476 1689 2478 1691 2477 1690 2480 1693 2479 1692 2481 1694 2479 1692 2480 1693 2478 1691 2482 1695 2483 1695 2484 1695 2483 1696 2482 1696 2485 1696 2486 1697 2487 1697 2488 1697 2487 1698 2486 1698 2489 1698 2490 1699 2491 1699 2492 1699 2491 1700 2490 1700 2493 1700 2494 1701 2495 1701 2496 1701 2495 1701 2494 1701 2497 1701 2498 1702 2499 1702 2500 1702 2499 1703 2498 1703 2501 1703 2502 1704 2503 1705 2504 1706 2503 1705 2502 1704 2505 1707 2506 1708 2504 1706 2507 1709 2504 1706 2506 1708 2502 1704 2508 1710 2507 1709 2509 1711 2507 1709 2508 1710 2506 1708 2510 1712 2509 1711 2511 1713 2509 1711 2510 1712 2508 1710 2512 1714 2511 1713 2513 1715 2511 1713 2512 1714 2510 1712 2514 1716 2513 1715 2515 1717 2513 1715 2514 1716 2512 1714 2516 1718 2515 1717 2517 1719 2515 1717 2516 1718 2514 1716 2518 1720 2519 1721 2520 1722 2519 1721 2518 1720 2521 1723 2522 1724 2520 1722 2523 1725 2520 1722 2522 1724 2518 1720 2524 1726 2523 1725 2525 1727 2523 1725 2524 1726 2522 1724 2526 1728 2524 1726 2525 1727 2524 1726 2526 1728 2527 1729 2528 1730 2527 1729 2526 1728 2527 1729 2528 1730 2529 1731 2530 1732 2531 1733 2532 1734 2531 1733 2530 1732 2533 1735 2534 1736 2533 1735 2530 1732 2533 1735 2534 1736 2535 1736 2536 1737 2537 1737 2538 1737 2537 1737 2536 1737 2539 1737 2540 1738 2541 1739 2542 1740 2541 1739 2540 1738 2543 1741 2544 1742 2543 1741 2540 1738 2543 1741 2544 1742 2545 1743 2546 1744 2545 1743 2544 1742 2545 1743 2546 1744 2547 1745 2548 1746 2546 1744 2549 1747 2546 1744 2548 1746 2547 1745 2550 1748 2551 1749 2552 1750 2551 1749 2550 1748 2553 1751 2554 1752 2552 1750 2555 1753 2552 1750 2554 1752 2550 1748 2556 1754 2555 1753 2557 1755 2555 1753 2556 1754 2554 1752 2558 1756 2557 1755 2559 1757 2557 1755 2558 1756 2556 1754 2560 1758 2559 1757 2561 1759 2559 1757 2560 1758 2558 1756 2562 1760 2561 1759 2563 1761 2561 1759 2562 1760 2560 1758 2564 1762 2565 1763 2566 1764 2565 1763 2564 1762 2567 1765 2568 1766 2566 1764 2569 1767 2566 1764 2568 1766 2564 1762 2570 1768 2569 1767 2571 1769 2569 1767 2570 1768 2568 1766 2572 1770 2571 1769 2573 1771 2571 1769 2572 1770 2570 1768 2574 1772 2575 1773 2576 1774 2575 1773 2574 1772 2577 1775 2578 1776 2576 1774 2579 1777 2576 1774 2578 1776 2574 1772 2580 1778 2581 1778 2582 1778 2581 1779 2580 1779 2583 1779 2584 1780 2585 1780 2586 1780 2585 1780 2584 1780 2587 1780 2588 1781 2589 1781 2590 1781 2589 1782 2588 1782 2591 1782 2592 1783 2593 1783 2594 1783 2593 1697 2592 1697 2595 1697 2596 1784 2597 1784 2598 1784 2597 1785 2596 1785 2599 1785 2600 1786 2601 1787 2602 1786 2601 1787 2600 1786 2603 1787 2604 1788 2602 1786 2605 1789 2602 1786 2604 1788 2600 1786 2606 1790 2605 1789 2607 1791 2605 1789 2606 1790 2604 1788 2608 1792 2609 1793 2610 1794 2609 1793 2608 1792 2611 1795 2612 1796 2610 1794 2613 1797 2610 1794 2612 1796 2608 1792 2614 1798 2613 1797 2615 1799 2613 1797 2614 1798 2612 1796 2616 1800 2615 1799 2617 1801 2615 1799 2616 1800 2614 1798 2618 1802 2617 1801 2619 1803 2617 1801 2618 1802 2616 1800 2620 1804 2619 1803 2621 1805 2619 1803 2620 1804 2618 1802 2622 1806 2621 1805 2623 1807 2621 1805 2622 1806 2620 1804 2624 1808 2625 1809 2626 1810 2625 1809 2624 1808 2627 1811 2628 1812 2626 1810 2629 1813 2626 1810 2628 1812 2624 1808 2630 1814 2629 1813 2631 1815 2629 1813 2630 1814 2628 1812 2632 1816 2633 1817 2634 1818 2633 1817 2632 1816 2635 1819 2636 1820 2634 1818 2637 1820 2634 1818 2636 1820 2632 1816 2638 1821 2639 1821 2640 1821 2639 1822 2638 1822 2641 1822 2642 1823 2643 1823 2644 1823 2643 1824 2642 1824 2645 1824 2646 1825 2647 1825 2648 1825 2647 1826 2646 1826 2649 1826 2650 1827 2651 1827 2652 1827 2651 1828 2650 1828 2653 1828 2654 1829 2655 1830 2656 1831 2655 1830 2654 1829 2657 1832 2658 1833 2656 1831 2659 1834 2656 1831 2658 1833 2654 1829 2660 1835 2658 1833 2659 1834 2658 1833 2660 1835 2661 1836 2662 1837 2663 1838 2664 1839 2663 1838 2662 1837 2665 1840 2666 1841 2662 1837 2664 1839 2662 1837 2666 1841 2667 1842 2668 1843 2666 1841 2669 1844 2666 1841 2668 1843 2667 1842 2670 1845 2669 1844 2671 1846 2669 1844 2670 1845 2668 1843 2672 1847 2671 1846 2673 1848 2671 1846 2672 1847 2670 1845 2672 1847 2674 1849 2675 1850 2674 1849 2672 1847 2673 1848 2675 1850 2676 1851 2677 1852 2676 1851 2675 1850 2674 1849 2677 1852 2678 1853 2679 1854 2678 1853 2677 1852 2676 1851 2679 1854 2680 1855 2681 1855 2680 1855 2679 1854 2678 1853 2682 1856 2683 1856 2684 1856 2683 1857 2682 1857 2685 1857 2686 1858 2687 1858 2688 1858 2687 1859 2686 1859 2689 1859 2690 1860 2691 1860 2692 1860 2691 1861 2690 1861 2693 1861 2694 1862 2695 1862 2696 1862 2695 1863 2694 1863 2697 1863 2698 1864 2699 1865 2700 1866 2699 1865 2698 1864 2701 1867 2700 1866 2702 1868 2703 1869 2702 1868 2700 1866 2699 1865 2704 1870 2705 1871 2706 1872 2705 1871 2704 1870 2707 1873 2708 1874 2706 1872 2705 1871 2706 1872 2708 1874 2709 1874 2710 1875 2709 1874 2708 1874 2709 1874 2710 1875 2711 1876 2712 1877 2710 1875 2713 1878 2710 1875 2712 1877 2711 1876 2714 1879 2713 1878 2715 1880 2713 1878 2714 1879 2712 1877 2716 1881 2717 1882 2718 1883 2717 1882 2716 1881 2719 1884 2720 1885 2718 1883 2721 1886 2718 1883 2720 1885 2716 1881 2722 1887 2721 1886 2723 1888 2721 1886 2722 1887 2720 1885 2724 1889 2723 1888 2725 1890 2723 1888 2724 1889 2722 1887 2726 1891 2724 1889 2725 1890 2724 1889 2726 1891 2727 1892 2728 1893 2727 1892 2726 1891 2727 1892 2728 1893 2729 1894 2730 1895 2729 1894 2728 1893 2729 1894 2730 1895 2731 1896 2732 1897 2733 1898 2734 1899 2733 1898 2732 1897 2735 1900 2736 1901 2735 1900 2732 1897 2735 1900 2736 1901 2737 1902 2738 1903 2737 1902 2736 1901 2737 1902 2738 1903 2739 1904 2740 1905 2739 1904 2738 1903 2739 1904 2740 1905 2741 1906 2742 1907 2741 1906 2740 1905 2741 1906 2742 1907 2743 1908 2744 1909 2743 1908 2742 1907 2743 1908 2744 1909 2745 1910 2746 1911 2745 1910 2744 1909 2745 1910 2746 1911 2747 1912 2748 1913 2747 1912 2746 1911 2747 1912 2748 1913 2749 1914 2750 1915 2749 1914 2748 1913 2749 1914 2750 1915 2751 1916 2752 1917 2751 1916 2750 1915 2751 1916 2752 1917 2753 1918 2754 1919 2753 1918 2752 1917 2753 1918 2754 1919 2755 1920 2756 1921 2755 1920 2754 1919 2755 1920 2756 1921 2757 1922 2758 1923 2759 1923 2760 1923 2759 1924 2758 1924 2761 1924 2759 15 2761 15 2762 15</p>
        </triangles>
      </mesh>
    </geometry>
    <geometry id="ID3-mesh" name="ID3">
      <mesh>
        <source id="ID3-mesh-positions">
          <float_array id="ID3-mesh-positions-array" count="18">10929.57 3019.952 -0.2165354 10900.99 3011.698 -0.2165354 10872.45 3003.331 -0.2165354 10872.45 3003.331 -0.2165354 10900.99 3011.698 -0.2165354 10929.57 3019.952 -0.2165354</float_array>
          <technique_common>
            <accessor source="#ID3-mesh-positions-array" count="6" stride="3">
              <param name="X" type="float"/>
              <param name="Y" type="float"/>
              <param name="Z" type="float"/>
            </accessor>
          </technique_common>
        </source>
        <source id="ID3-mesh-normals">
          <float_array id="ID3-mesh-normals-array" count="6">0 0 1 0 0 -1</float_array>
          <technique_common>
            <accessor source="#ID3-mesh-normals-array" count="2" stride="3">
              <param name="X" type="float"/>
              <param name="Y" type="float"/>
              <param name="Z" type="float"/>
            </accessor>
          </technique_common>
        </source>
        <source id="ID3-mesh-map-0">
          <float_array id="ID3-mesh-map-0-array" count="12">0 0 0 0 0 0 21814.01 2213.654 21817.78 2213.566 21821.56 2213.464</float_array>
          <technique_common>
            <accessor source="#ID3-mesh-map-0-array" count="6" stride="2">
              <param name="S" type="float"/>
              <param name="T" type="float"/>
            </accessor>
          </technique_common>
        </source>
        <vertices id="ID3-mesh-vertices">
          <input semantic="POSITION" source="#ID3-mesh-positions"/>
        </vertices>
        <triangles material="Rondin_Orange-material" count="1">
          <input semantic="VERTEX" source="#ID3-mesh-vertices" offset="0"/>
          <input semantic="NORMAL" source="#ID3-mesh-normals" offset="1"/>
          <input semantic="TEXCOORD" source="#ID3-mesh-map-0" offset="2" set="0"/>
          <p>0 0 0 1 0 1 2 0 2</p>
        </triangles>
        <triangles material="Piste_gris_clair-material" count="1">
          <input semantic="VERTEX" source="#ID3-mesh-vertices" offset="0"/>
          <input semantic="NORMAL" source="#ID3-mesh-normals" offset="1"/>
          <input semantic="TEXCOORD" source="#ID3-mesh-map-0" offset="2" set="0"/>
          <p>3 1 3 4 1 4 5 1 5</p>
        </triangles>
      </mesh>
    </geometry>
  </library_geometries>
  <library_visual_scenes>
    <visual_scene id="Scene" name="Scene">
      <node id="SketchUp_027" name="SketchUp.027" type="NODE">
        <matrix sid="transform">0.0254 0 0 0 0 0.0254 0 0 0 0 0.0254 0 0 0 0 1</matrix>
        <instance_geometry url="#ID150-mesh" name="SketchUp.027">
          <bind_material>
            <technique_common>
              <instance_material symbol="edge_color000255-material" target="#edge_color000255-material"/>
            </technique_common>
          </bind_material>
        </instance_geometry>
      </node>
      <node id="SketchUp_026" name="SketchUp.026" type="NODE">
        <matrix sid="transform">0.0254 0 0 0 0 0.0254 0 0 0 0 0.0254 0 0 0 0 1</matrix>
        <instance_geometry url="#ID146-mesh" name="SketchUp.026">
          <bind_material>
            <technique_common>
              <instance_material symbol="edge_color000255-material" target="#edge_color000255-material"/>
            </technique_common>
          </bind_material>
        </instance_geometry>
      </node>
      <node id="SketchUp_025" name="SketchUp.025" type="NODE">
        <matrix sid="transform">0.0254 0 0 0 0 0.0254 0 0 0 0 0.0254 0 0 0 0 1</matrix>
        <instance_geometry url="#ID142-mesh" name="SketchUp.025">
          <bind_material>
            <technique_common>
              <instance_material symbol="edge_color000255-material" target="#edge_color000255-material"/>
            </technique_common>
          </bind_material>
        </instance_geometry>
      </node>
      <node id="SketchUp_024" name="SketchUp.024" type="NODE">
        <matrix sid="transform">0.0254 0 0 0 0 0.0254 0 0 0 0 0.0254 0 0 0 0 1</matrix>
        <instance_geometry url="#ID138-mesh" name="SketchUp.024">
          <bind_material>
            <technique_common>
              <instance_material symbol="edge_color000255-material" target="#edge_color000255-material"/>
            </technique_common>
          </bind_material>
        </instance_geometry>
      </node>
      <node id="SketchUp_023" name="SketchUp.023" type="NODE">
        <matrix sid="transform">0.0254 0 0 0 0 0.0254 0 0 0 0 0.0254 0 0 0 0 1</matrix>
        <instance_geometry url="#ID134-mesh" name="SketchUp.023">
          <bind_material>
            <technique_common>
              <instance_material symbol="edge_color000255-material" target="#edge_color000255-material"/>
            </technique_common>
          </bind_material>
        </instance_geometry>
      </node>
      <node id="SketchUp_022" name="SketchUp.022" type="NODE">
        <matrix sid="transform">0.0254 0 0 0 0 0.0254 0 0 0 0 0.0254 0 0 0 0 1</matrix>
        <instance_geometry url="#ID130-mesh" name="SketchUp.022">
          <bind_material>
            <technique_common>
              <instance_material symbol="edge_color000255-material" target="#edge_color000255-material"/>
            </technique_common>
          </bind_material>
        </instance_geometry>
      </node>
      <node id="SketchUp_021" name="SketchUp.021" type="NODE">
        <matrix sid="transform">0.0254 0 0 0 0 0.0254 0 0 0 0 0.0254 0 0 0 0 1</matrix>
        <instance_geometry url="#ID126-mesh" name="SketchUp.021">
          <bind_material>
            <technique_common>
              <instance_material symbol="edge_color000255-material" target="#edge_color000255-material"/>
            </technique_common>
          </bind_material>
        </instance_geometry>
      </node>
      <node id="SketchUp_020" name="SketchUp.020" type="NODE">
        <matrix sid="transform">0.0254 0 0 0 0 0.0254 0 0 0 0 0.0254 0 0 0 0 1</matrix>
        <instance_geometry url="#ID122-mesh" name="SketchUp.020">
          <bind_material>
            <technique_common>
              <instance_material symbol="edge_color000255-material" target="#edge_color000255-material"/>
            </technique_common>
          </bind_material>
        </instance_geometry>
      </node>
      <node id="SketchUp_019" name="SketchUp.019" type="NODE">
        <matrix sid="transform">0.0254 0 0 0 0 0.0254 0 0 0 0 0.0254 0 0 0 0 1</matrix>
        <instance_geometry url="#ID118-mesh" name="SketchUp.019">
          <bind_material>
            <technique_common>
              <instance_material symbol="edge_color000255-material" target="#edge_color000255-material"/>
            </technique_common>
          </bind_material>
        </instance_geometry>
      </node>
      <node id="SketchUp_018" name="SketchUp.018" type="NODE">
        <matrix sid="transform">0.0254 0 0 0 0 0.0254 0 0 0 0 0.0254 0 0 0 0 1</matrix>
        <instance_geometry url="#ID112-mesh" name="SketchUp.018">
          <bind_material>
            <technique_common>
              <instance_material symbol="edge_color000255-material" target="#edge_color000255-material"/>
              <instance_material symbol="edge_color255255255255-material" target="#edge_color255255255255-material"/>
            </technique_common>
          </bind_material>
        </instance_geometry>
      </node>
      <node id="SketchUp_017" name="SketchUp.017" type="NODE">
        <matrix sid="transform">0.0254 0 0 0 0 0.0254 0 0 0 0 0.0254 0 0 0 0 1</matrix>
        <instance_geometry url="#ID108-mesh" name="SketchUp.017">
          <bind_material>
            <technique_common>
              <instance_material symbol="edge_color000255-material" target="#edge_color000255-material"/>
            </technique_common>
          </bind_material>
        </instance_geometry>
      </node>
      <node id="SketchUp_016" name="SketchUp.016" type="NODE">
        <matrix sid="transform">0.0254 0 0 0 0 0.0254 0 0 0 0 0.0254 0 0 0 0 1</matrix>
        <instance_geometry url="#ID104-mesh" name="SketchUp.016">
          <bind_material>
            <technique_common>
              <instance_material symbol="edge_color000255-material" target="#edge_color000255-material"/>
            </technique_common>
          </bind_material>
        </instance_geometry>
      </node>
      <node id="SketchUp_015" name="SketchUp.015" type="NODE">
        <matrix sid="transform">0.0254 0 0 0 0 0.0254 0 0 0 0 0.0254 0 0 0 0 1</matrix>
        <instance_geometry url="#ID100-mesh" name="SketchUp.015">
          <bind_material>
            <technique_common>
              <instance_material symbol="edge_color000255-material" target="#edge_color000255-material"/>
            </technique_common>
          </bind_material>
        </instance_geometry>
      </node>
      <node id="SketchUp_014" name="SketchUp.014" type="NODE">
        <matrix sid="transform">0.0254 0 0 0 0 0.0254 0 0 0 0 0.0254 0 0 0 0 1</matrix>
        <instance_geometry url="#ID96-mesh" name="SketchUp.014">
          <bind_material>
            <technique_common>
              <instance_material symbol="edge_color000255-material" target="#edge_color000255-material"/>
            </technique_common>
          </bind_material>
        </instance_geometry>
      </node>
      <node id="SketchUp_013" name="SketchUp.013" type="NODE">
        <matrix sid="transform">0.0254 0 0 0 0 0.0254 0 0 0 0 0.0254 0 0 0 0 1</matrix>
        <instance_geometry url="#ID92-mesh" name="SketchUp.013">
          <bind_material>
            <technique_common>
              <instance_material symbol="edge_color000255-material" target="#edge_color000255-material"/>
            </technique_common>
          </bind_material>
        </instance_geometry>
      </node>
      <node id="SketchUp_012" name="SketchUp.012" type="NODE">
        <matrix sid="transform">0.0254 0 0 0 0 0.0254 0 0 0 0 0.0254 0 0 0 0 1</matrix>
        <instance_geometry url="#ID88-mesh" name="SketchUp.012">
          <bind_material>
            <technique_common>
              <instance_material symbol="edge_color000255-material" target="#edge_color000255-material"/>
            </technique_common>
          </bind_material>
        </instance_geometry>
      </node>
      <node id="SketchUp_011" name="SketchUp.011" type="NODE">
        <matrix sid="transform">0.0254 0 0 0 0 0.0254 0 0 0 0 0.0254 0 0 0 0 1</matrix>
        <instance_geometry url="#ID84-mesh" name="SketchUp.011">
          <bind_material>
            <technique_common>
              <instance_material symbol="edge_color000255-material" target="#edge_color000255-material"/>
            </technique_common>
          </bind_material>
        </instance_geometry>
      </node>
      <node id="SketchUp_010" name="SketchUp.010" type="NODE">
        <matrix sid="transform">0.0254 0 0 0 0 0.0254 0 0 0 0 0.0254 0 0 0 0 1</matrix>
        <instance_geometry url="#ID80-mesh" name="SketchUp.010">
          <bind_material>
            <technique_common>
              <instance_material symbol="edge_color000255-material" target="#edge_color000255-material"/>
            </technique_common>
          </bind_material>
        </instance_geometry>
      </node>
      <node id="SketchUp_009" name="SketchUp.009" type="NODE">
        <matrix sid="transform">0.0254 0 0 0 0 0.0254 0 0 0 0 0.0254 0 0 0 0 1</matrix>
        <instance_geometry url="#ID74-mesh" name="SketchUp.009">
          <bind_material>
            <technique_common>
              <instance_material symbol="edge_color000255-material" target="#edge_color000255-material"/>
            </technique_common>
          </bind_material>
        </instance_geometry>
      </node>
      <node id="SketchUp_008" name="SketchUp.008" type="NODE">
        <matrix sid="transform">0.0254 0 0 0 0 0.0254 0 0 0 0 0.0254 0 0 0 0 1</matrix>
        <instance_geometry url="#ID68-mesh" name="SketchUp.008">
          <bind_material>
            <technique_common>
              <instance_material symbol="material-material" target="#material-material"/>
            </technique_common>
          </bind_material>
        </instance_geometry>
      </node>
      <node id="SketchUp_007" name="SketchUp.007" type="NODE">
        <matrix sid="transform">0.0254 0 0 0 0 0.0254 0 0 0 0 0.0254 0 0 0 0 1</matrix>
        <instance_geometry url="#ID62-mesh" name="SketchUp.007">
          <bind_material>
            <technique_common>
              <instance_material symbol="material-material" target="#material-material"/>
            </technique_common>
          </bind_material>
        </instance_geometry>
      </node>
      <node id="SketchUp_006" name="SketchUp.006" type="NODE">
        <matrix sid="transform">0.0254 0 0 0 0 0.0254 0 0 0 0 0.0254 0 0 0 0 1</matrix>
        <instance_geometry url="#ID56-mesh" name="SketchUp.006">
          <bind_material>
            <technique_common>
              <instance_material symbol="Rondin_Orange-material" target="#Rondin_Orange-material"/>
              <instance_material symbol="Ligne_Blanche-material" target="#Ligne_Blanche-material"/>
            </technique_common>
          </bind_material>
        </instance_geometry>
      </node>
      <node id="SketchUp_005" name="SketchUp.005" type="NODE">
        <matrix sid="transform">0.0254 0 0 0 0 0.0254 0 0 0 0 0.0254 0 0 0 0 1</matrix>
        <instance_geometry url="#ID50-mesh" name="SketchUp.005">
          <bind_material>
            <technique_common>
              <instance_material symbol="Rondin_Orange-material" target="#Rondin_Orange-material"/>
              <instance_material symbol="Ligne_Blanche-material" target="#Ligne_Blanche-material"/>
            </technique_common>
          </bind_material>
        </instance_geometry>
      </node>
      <node id="SketchUp_004" name="SketchUp.004" type="NODE">
        <matrix sid="transform">0.0254 0 0 0 0 0.0254 0 0 0 0 0.0254 0 0 0 0 1</matrix>
        <instance_geometry url="#ID42-mesh" name="SketchUp.004">
          <bind_material>
            <technique_common>
              <instance_material symbol="Rondin_Orange-material" target="#Rondin_Orange-material"/>
              <instance_material symbol="Casino_murs_blanc-material" target="#Casino_murs_blanc-material"/>
            </technique_common>
          </bind_material>
        </instance_geometry>
      </node>
      <node id="SketchUp_003" name="SketchUp.003" type="NODE">
        <matrix sid="transform">0.0254 0 0 0 0 0.0254 0 0 0 0 0.0254 0 0 0 0 1</matrix>
        <instance_geometry url="#ID34-mesh" name="SketchUp.003">
          <bind_material>
            <technique_common>
              <instance_material symbol="Rondin_Orange-material" target="#Rondin_Orange-material">
                <bind_vertex_input semantic="ID38" input_semantic="TEXCOORD" input_set="0"/>
              </instance_material>
              <instance_material symbol="Piste_gris_clair-material" target="#Piste_gris_clair-material">
                <bind_vertex_input semantic="ID38" input_semantic="TEXCOORD" input_set="0"/>
              </instance_material>
            </technique_common>
          </bind_material>
        </instance_geometry>
      </node>
      <node id="SketchUp_002" name="SketchUp.002" type="NODE">
        <matrix sid="transform">0.0254 0 0 0 0 0.0254 0 0 0 0 0.0254 0 0 0 0 1</matrix>
        <instance_geometry url="#ID26-mesh" name="SketchUp.002">
          <bind_material>
            <technique_common>
              <instance_material symbol="Rondin_Orange-material" target="#Rondin_Orange-material"/>
              <instance_material symbol="Ligne_Blanche-material" target="#Ligne_Blanche-material"/>
            </technique_common>
          </bind_material>
        </instance_geometry>
      </node>
      <node id="SketchUp_001" name="SketchUp.001" type="NODE">
        <matrix sid="transform">0.0254 0 0 0 0 0.0254 0 0 0 0 0.0254 0 0 0 0 1</matrix>
        <instance_geometry url="#ID18-mesh" name="SketchUp.001">
          <bind_material>
            <technique_common>
              <instance_material symbol="material-material" target="#material-material"/>
            </technique_common>
          </bind_material>
        </instance_geometry>
      </node>
      <node id="SketchUp" name="SketchUp" type="NODE">
        <matrix sid="transform">0.0254 0 0 0 0 0.0254 0 0 0 0 0.0254 0 0 0 0 1</matrix>
        <instance_geometry url="#ID3-mesh" name="SketchUp">
          <bind_material>
            <technique_common>
              <instance_material symbol="Rondin_Orange-material" target="#Rondin_Orange-material">
                <bind_vertex_input semantic="ID14" input_semantic="TEXCOORD" input_set="0"/>
              </instance_material>
              <instance_material symbol="Piste_gris_clair-material" target="#Piste_gris_clair-material">
                <bind_vertex_input semantic="ID14" input_semantic="TEXCOORD" input_set="0"/>
              </instance_material>
            </technique_common>
          </bind_material>
        </instance_geometry>
        <node id="skp_camera_Last_Saved_SketchUp_View" name="skp_camera_Last_Saved_SketchUp_View" type="NODE">
          <matrix sid="transform">0.7770692 -0.3488211 0.5239154 -5242.154 0.6294153 0.4306507 -0.6468202 -5007.914 2.35018e-9 0.8323845 0.5541987 2024.012 0 0 0 1</matrix>
          <instance_camera url="#skp_camera_Last_Saved_SketchUp_View-camera"/>
        </node>
      </node>
    </visual_scene>
  </library_visual_scenes>
  <scene>
    <instance_visual_scene url="#Scene"/>
  </scene>
</COLLADA>