<?xml version="1.0" encoding="utf-8"?>
<COLLADA xmlns="http://www.collada.org/2005/11/COLLADASchema" version="1.4.1" xmlns:xsi="http://www.w3.org/2001/XMLSchema-instance">
  <asset>
    <contributor>
      <author>Blender User</author>
      <authoring_tool>Blender 4.5.4 LTS commit date:2025-10-27, commit time:12:46, hash:b3efe983cc58</authoring_tool>
    </contributor>
    <created>2025-11-07T11:49:48</created>
    <modified>2025-11-07T11:49:48</modified>
    <unit name="meter" meter="1"/>
    <up_axis>Z_UP</up_axis>
  </asset>
  <library_cameras>
    <camera id="Camera-camera" name="Camera.001">
      <optics>
        <technique_common>
          <perspective>
            <xfov sid="xfov">49.13434</xfov>
            <aspect_ratio>1.777778</aspect_ratio>
            <znear sid="znear">0.1</znear>
            <zfar sid="zfar">100</zfar>
          </perspective>
        </technique_common>
      </optics>
      <extra>
        <technique profile="blender">
          <shiftx sid="shiftx" type="float">0</shiftx>
          <shifty sid="shifty" type="float">0</shifty>
          <dof_distance sid="dof_distance" type="float">10</dof_distance>
        </technique>
      </extra>
    </camera>
  </library_cameras>
  <library_lights>
    <light id="Lamp-light" name="Lamp">
      <technique_common>
        <point>
          <color sid="color">1 1 1</color>
          <constant_attenuation>1</constant_attenuation>
          <linear_attenuation>0</linear_attenuation>
          <quadratic_attenuation>0</quadratic_attenuation>
        </point>
      </technique_common>
      <extra>
        <technique profile="blender">
          <type sid="type" type="int">0</type>
          <flag sid="flag" type="int">0</flag>
          <mode sid="mode" type="int">8192</mode>
          <red sid="red" type="float">1</red>
          <green sid="green" type="float">1</green>
          <blue sid="blue" type="float">1</blue>
          <energy sid="blender_energy" type="float">1</energy>
          <spotsize sid="spotsize" type="float">75</spotsize>
          <spotblend sid="spotblend" type="float">0.15</spotblend>
          <clipsta sid="clipsta" type="float">1.000799</clipsta>
          <clipend sid="clipend" type="float">30.002</clipend>
          <radius sid="radius" type="float">0</radius>
          <area_shape sid="area_shape" type="int">1</area_shape>
          <area_size sid="area_size" type="float">0.1</area_size>
          <area_sizey sid="area_sizey" type="float">0.1</area_sizey>
          <area_sizez sid="area_sizez" type="float">1</area_sizez>
        </technique>
      </extra>
    </light>
  </library_lights>
  <library_effects>
    <effect id="black-effect">
      <profile_COMMON>
        <technique sid="common">
          <lambert>
            <emission>
              <color sid="emission">0 0 0 1</color>
            </emission>
            <diffuse>
              <color sid="diffuse">0.02539 0.02539 0.02539 1</color>
            </diffuse>
            <index_of_refraction>
              <float sid="ior">1</float>
            </index_of_refraction>
          </lambert>
        </technique>
      </profile_COMMON>
    </effect>
    <effect id="white_001-effect">
      <profile_COMMON>
        <technique sid="common">
          <lambert>
            <emission>
              <color sid="emission">0 0 0 1</color>
            </emission>
            <diffuse>
              <color sid="diffuse">0.86889 0.86889 0.86889 1</color>
            </diffuse>
            <index_of_refraction>
              <float sid="ior">1</float>
            </index_of_refraction>
          </lambert>
        </technique>
      </profile_COMMON>
    </effect>
  </library_effects>
  <library_images/>
  <library_materials>
    <material id="black-material" name="black">
      <instance_effect url="#black-effect"/>
    </material>
    <material id="white_001-material" name="white_001">
      <instance_effect url="#white_001-effect"/>
    </material>
  </library_materials>
  <library_geometries>
    <geometry id="Mesh-mesh" name="Mesh">
      <mesh>
        <source id="Mesh-mesh-positions">
          <float_array id="Mesh-mesh-positions-array" count="4908">-0.0221399 0.005949974 -0.004869997 -0.0221399 0.005949974 0.004869997 -0.02164 0.009949982 -0.004999995 -0.02164 0.009949982 -0.005999982 -0.02164 0.009949982 0.004999995 -0.02164 0.009949982 0.005999982 -0.02149999 0.009949982 -0.006499946 -0.02149999 0.009949982 0.006499946 -0.02113991 0.009949982 -0.006869912 -0.02113991 0.009949982 0.006869912 -0.02063995 0.005949974 0.006999969 -0.02063995 0.009949982 -0.006999969 -0.02063995 0.009949982 0.006999969 -0.01979988 0.009949982 -0.006999969 -0.01979988 0.005949974 -0.006999969 -0.01979988 0.005949974 0.006999969 -0.01979988 0.009949982 0.006999969 -0.01838994 0.005949974 0.01014 -0.01838994 0.005949974 0.01014 -0.01979988 0.009949982 0.006999969 -0.01979988 0.009949982 -0.006999969 -0.01979988 0.005949974 0.006999969 -0.01979988 0.005949974 -0.006999969 -0.02063995 0.009949982 0.006999969 -0.02063995 0.009949982 -0.006999969 -0.02063995 0.005949974 0.006999969 -0.02063995 0.005949974 -0.006999969 -0.02113991 0.009949982 0.006869912 -0.02113991 0.009949982 -0.006869912 -0.02113991 0.005949974 0.006869912 -0.02113991 0.005949974 -0.006869912 -0.02149999 0.009949982 0.006499946 -0.02149999 0.009949982 -0.006499946 -0.02149999 0.005949974 0.006499946 -0.02149999 0.005949974 -0.006499946 -0.02164 0.009949982 0.005999982 -0.02164 0.009949982 0.004999995 -0.02164 0.009949982 -0.004999995 -0.02164 0.009949982 -0.005999982 -0.02164 0.005949974 0.005999982 -0.02164 0.005949974 0.004999995 -0.02164 0.005949974 -0.004999995 -0.02164 0.005949974 -0.005999982 -0.0221399 0.005949974 0.004869997 -0.0221399 0.005949974 -0.004869997 -0.008219957 0.03494989 -0.004479885 0.009659945 0.03494989 0.01314991 -0.01002997 0.03494989 0.01314991 -0.01002997 0.03494989 -0.004479885 -0.01002997 0.03494989 -0.01314991 -0.01002997 0.03494989 -0.007909953 -0.008219957 0.03494989 -0.007909953 0.004629909 0.03494989 -0.0151 0.007199943 0.03494989 -0.0151 0.007199943 0.03494989 -0.01314991 0.009659945 0.03494989 -0.01314991 0.004629909 0.03494989 -0.004479885 0.004629909 0.03494989 0.002019882 0.004629909 0.03494989 6.9e-4 0.004629909 0.03494989 0.005199909 0.004629909 0.03494989 0.01010996 -0.01002997 0.03494989 9.7e-4 -0.008219957 0.03494989 9.7e-4 -0.01002997 0.03494989 6.9e-4 -0.01002997 0.03494989 -0.002209961 -0.008219957 0.03494989 -0.002209961 -0.01002997 0.03494989 0.002019882 -0.008219957 0.03494989 0.002019882 -0.008219957 0.03494989 0.01010996 -0.01002997 0.03494989 0.01010996 -0.01002997 0.03494989 0.005199909 0.009659945 0.03494989 -0.007909953 0.009659945 0.03494989 -0.004479885 0.007199943 0.03494989 -0.004479885 0.009659945 0.03494989 -0.002209961 0.007199943 0.03494989 -0.002209961 0.009659945 0.03494989 6.9e-4 0.007199943 0.03494989 6.9e-4 0.009659945 0.03494989 9.7e-4 0.007199943 0.03494989 9.7e-4 0.009659945 0.03494989 0.002019882 0.007199943 0.03494989 0.002019882 0.009659945 0.03494989 0.005199909 0.007199943 0.03494989 0.005199909 0.009659945 0.03494989 0.01010996 0.007199943 0.03494989 0.01010996 0.007199943 0.03494989 0.01314991 0.001759946 0.03494989 0.01314991 0.001759946 0.03494989 0.01010996 0.001969993 0.03494989 -0.004479885 0.001759946 0.03494989 -0.004479885 0.001969993 0.03494989 -0.002209961 0.001759946 0.03494989 -0.002209961 0.001969993 0.03494989 6.9e-4 0.001759946 0.03494989 6.9e-4 0.001969993 0.03494989 9.7e-4 0.001759946 0.03494989 9.7e-4 0.001969993 0.03494989 0.002019882 0.001759946 0.03494989 0.002019882 0.001759946 0.03494989 0.005199909 0.001969993 0.03494989 0.005199909 0.001969993 0.03494989 0.01010996 0.001969993 0.03494989 -0.0151 0.001759946 0.03494989 -0.0151 0.001969993 0.03494989 -0.01314991 0.001759946 0.03494989 -0.01314991 0.001969993 0.03494989 -0.007909953 0.001759946 0.03494989 -0.007909953 -0.01920998 0.01990991 0.004999995 -0.01920998 0.01990991 -0.004999995 -0.005279958 0.02695 -0.01798999 -0.009719967 0.02695 -0.01595991 -0.01014 0.02695 -0.01576989 -0.01365 0.02695 -0.01273 -0.01416999 0.02695 -0.01227992 -0.01655989 0.02695 -0.008569955 -0.01705998 0.02695 -0.007789969 -0.01822996 0.02695 -0.003779888 -0.01855999 0.02695 -0.00266999 -0.01855999 0.02695 0.00127995 -0.01855999 0.02695 0.00266999 -0.01750993 0.02695 0.006229937 -0.01705998 0.02695 0.007789969 -0.01516991 0.02695 0.01071995 -0.01416999 0.02695 0.01227992 -0.01170992 0.02695 0.01440989 -0.01014 0.02695 0.01576989 -0.007389903 0.02695 0.01703 -0.005279958 0.02695 0.01798999 -0.002529919 0.02695 0.01838994 0 0.02695 0.01874995 0.002529919 0.02695 0.01838994 0.005279958 0.02695 0.01798999 0.007389903 0.02695 0.01703 0.01014 0.02695 0.01576989 0.01170992 0.02695 0.01440989 0.01416999 0.02695 0.01227992 0.01516991 0.02695 0.01071995 0.01705998 0.02695 0.007789969 0.01750993 0.02695 0.006229937 0.01855999 0.02695 0.00266999 0.01855999 0.02695 0.00127995 0.01855999 0.02695 -0.00266999 0.01822996 0.02695 -0.003779888 0.01705998 0.02695 -0.007789969 0.01655989 0.02695 -0.008569955 0.01416999 0.02695 -0.01227992 0.01365 0.02695 -0.01273 0.01014 0.02695 -0.01576989 0.009719967 0.02695 -0.01595991 0.005279958 0.02695 -0.01798999 0.005049884 0.02695 -0.01801997 -0.005049884 0.02695 -0.01801997 0 0.02695 -0.01874995 -0.01885998 0.02594995 0.001289904 -0.01850998 0.02594995 -0.003849983 -0.02039992 0.009949982 -0.004999995 -0.02039992 0.009949982 0.004999995 -0.01848 0.02594995 0.003999948 -0.01835 0.02547997 0.00484997 -0.01836997 0.02572995 0.004629909 -0.0184099 0.02588999 0.004329979 -0.01838994 0.02579993 0.004489958 -0.01835 0.02544999 0.004859924 -0.01838994 0.0249499 0.004999995 -0.01835989 0.02517998 0.004969954 -0.02164 0.0249499 0.004999995 -0.02164 0.02544999 0.004869997 -0.02188998 0.02537995 0.004869997 -0.02206999 0.02519989 0.004869997 -0.0221399 0.0249499 0.004869997 -0.02164 0.02581989 0.004499912 -0.02206999 0.02569997 0.004499912 -0.02238988 0.02537995 0.004499912 -0.02249991 0.0249499 0.004499912 -0.02164 0.02594995 0.003999948 -0.0221399 0.02581989 0.003999948 -0.02263993 0.0249499 0.003999948 -0.02249991 0.02544999 0.003999948 -0.0221399 0.02581989 -0.003999948 -0.02249991 0.02544999 -0.003999948 -0.02263993 0.0249499 -0.003999948 -0.02206999 0.02569997 -0.004499912 -0.02188998 0.02537995 -0.004869997 -0.02238988 0.02537995 -0.004499912 -0.02249991 0.0249499 -0.004499912 -0.02206999 0.02519989 -0.004869997 -0.0221399 0.0249499 -0.004869997 -0.01838994 0.0249499 -0.004999995 -0.02164 0.0249499 -0.004999995 -0.01835 0.02555996 -0.004789948 -0.01835989 0.02526998 -0.004949927 -0.01835 0.02543991 -0.00484997 -0.01836997 0.02577996 -0.004559934 -0.02164 0.02544999 -0.004869997 -0.01838994 0.02581 -0.004499912 -0.02164 0.02581989 -0.004499912 -0.01848 0.02594995 -0.003999948 -0.02164 0.02594995 -0.003999948 -0.01841998 0.02590996 -0.004269957 -0.02024996 0.01845997 -0.004999995 -0.02001988 0.01871997 -0.004999995 -0.01986998 0.01879996 -0.004999995 -0.02025997 0.01844996 -0.004999995 -0.02039992 0.01794993 -0.004999995 -0.02037996 0.01813989 -0.004999995 -0.02039992 0.01794993 0.004999995 -0.02033996 0.01826995 0.004999995 -0.01987993 0.01880997 0.004999995 -0.01993989 0.01877999 0.004999995 -0.01936 0.01894998 0.004999995 -0.01962 0.01892 0.004999995 -0.01879996 0.01894998 0.006679952 -0.01845997 0.01894998 0.007699966 -0.01936 0.01894998 -0.004999995 -0.01971 0.01888996 -0.004999995 -0.01845997 0.01894998 -0.007699966 -0.01668 0.01894998 -0.01102989 -0.01141995 0.01894998 -0.01641988 -7.8e-4 0.01894998 -0.01997995 0 0.01894998 -0.01993989 0.002989888 0.01894998 -0.0197699 0.01315999 0.01894998 -0.01505988 0.01454997 0.01894998 -0.01358991 0.01576 0.01894998 -0.0123099 0.01990991 0.01894998 0.001369953 0.01990991 0.01894998 -0.001889944 0.0191999 0.01894998 0.005609989 0.01779997 0.01894998 0.009119987 0.00792998 0.01894998 0.01826995 0.01008999 0.01894998 0.0172699 -0.007959961 0.01894998 0.01832991 -0.004529953 0.01894998 0.01947999 -0.01668 0.01894998 0.01102989 -0.01892 0.01881992 0.007889986 -0.02024996 0.01843988 0.004999995 -0.02017992 0.01855999 0.004999995 -0.00812 0.01894998 -0.01827991 0.006659924 0.01894998 -0.01885998 0.01779997 0.01894998 -0.009119987 0.01576 0.01894998 0.0123099 0.002989888 0.01894998 0.0197699 0.002719998 0.01894998 0.01978999 -0.01141995 0.01894998 0.01641988 -0.01256996 0.01894998 0.01545 -0.01767992 0.01894998 -0.009159982 -0.01892 0.01881992 -0.007889986 -0.01937997 0.01794993 -0.008079946 -0.01830995 0.01794993 -0.01009988 -0.01925992 0.01844996 -0.008029997 -0.0145899 0.01894998 -0.01362997 -0.01709991 0.01881992 -0.01130998 -0.01750993 0.01794993 -0.01159 -0.0151 0.01794993 -0.01457995 -0.0173999 0.01844996 -0.01150995 -0.01431 0.01894998 -0.01397997 -0.01466 0.01881992 -0.01432991 -0.01501995 0.01794993 -0.0146799 -0.01491993 0.01844996 -0.01457995 -0.01034992 0.01894998 -0.01701992 -0.008319973 0.01881992 -0.01872998 -0.01169997 0.01881992 -0.0168299 -0.01198995 0.01794993 -0.01723992 -0.01190996 0.01844996 -0.01712989 -8.2e-4 0.01794993 -0.02098 -0.004759967 0.01794993 -0.02044999 -0.004729986 0.01844996 -0.02031993 -0.005689918 0.01794993 -0.02013999 -0.01073998 0.01794993 -0.01794993 -0.008529961 0.01794993 -0.01918995 -0.008469998 0.01844996 -0.01906991 -2.5e-4 0.01794993 -0.0209499 -8.2e-4 0.01844996 -0.02085 -8.1e-4 0.01881992 -0.02047991 -0.005379915 0.01894998 -0.0191999 -0.004649937 0.01881992 -0.01996994 -0.004529953 0.01894998 -0.01947999 0.005379915 0.01894998 -0.01917994 0.006829977 0.01881992 -0.01932996 0.003069937 0.01881992 -0.02026993 0.003139913 0.01794993 -0.02075994 0.003119885 0.01844996 -0.02063 0.01381999 0.01794993 -0.01580995 0.01059997 0.01794993 -0.01813 0.01052999 0.01844996 -0.01800996 0.01034992 0.01794993 -0.01824992 0.005209982 0.01794993 -0.02024996 0.006989896 0.01794993 -0.01979988 0.006949961 0.01844996 -0.01966995 0.01469993 0.01794993 -0.01488 0.01372992 0.01844996 -0.01570999 0.01348996 0.01881992 -0.01542997 0.01008999 0.01894998 -0.0172699 0.01034992 0.01881992 -0.01769989 0.01036989 0.01894998 -0.01705998 0.01774996 0.01894998 -0.009199976 0.01823997 0.01881992 -0.009349942 0.01615995 0.01881992 -0.01261997 0.01655 0.01794993 -0.01291996 0.01644992 0.01844996 -0.01283997 0.02090996 0.01794993 -0.001989901 0.02023988 0.01794993 -0.005469918 0.02002996 0.01844996 -0.005849957 0.0201599 0.01794993 -0.005889952 0.01807999 0.01794993 -0.01052999 0.01868999 0.01794993 -0.009579956 0.01857 0.01844996 -0.009519994 0.02090996 0.01794993 0 0.02076995 0.01844996 -0.001969993 0.02041 0.01881992 -0.001939952 0.0191999 0.01894998 -0.005609989 0.01967996 0.01881992 -0.00575 0.01949989 0.01894998 -0.004049897 0.01990991 0.01894998 0.001889944 0.02041 0.01881992 0.001939952 0.02090996 0.01794993 0.001989901 0.02023988 0.01794993 0.005469918 0.02076995 0.01844996 0.001969993 0.01876991 0.01894998 0.006669998 0.01967996 0.01881992 0.00575 0.0201599 0.01794993 0.005889952 0.02002996 0.01844996 0.005849957 0.01627999 0.01894998 0.0115 0.01615995 0.01881992 0.01261997 0.01823997 0.01881992 0.009349942 0.01868999 0.01794993 0.009579956 0.01857 0.01844996 0.009519994 0.01059997 0.01794993 0.01813 0.01381999 0.01794993 0.01580995 0.01372992 0.01844996 0.01570999 0.01469993 0.01794993 0.01488 0.01807999 0.01794993 0.01052999 0.01655 0.01794993 0.01291996 0.01644992 0.01844996 0.01283997 0.01034992 0.01794993 0.01824992 0.01052999 0.01844996 0.01800996 0.01034992 0.01881992 0.01769989 0.01315999 0.01894998 0.01505988 0.01348996 0.01881992 0.01542997 0.01258999 0.01894998 0.0154699 0.006659924 0.01894998 0.01885998 0.003069937 0.01881992 0.02026993 0.006829977 0.01881992 0.01932996 0.006989896 0.01794993 0.01979988 0.006949961 0.01844996 0.01966995 -0.004759967 0.01794993 0.02044999 -8.2e-4 0.01794993 0.02098 -8.2e-4 0.01844996 0.02085 -2.5e-4 0.01794993 0.0209499 0.005209982 0.01794993 0.02024996 0.003139913 0.01794993 0.02075994 0.003119885 0.01844996 0.02063 -0.005689918 0.01794993 0.02013999 -0.004729986 0.01844996 0.02031993 -0.004649937 0.01881992 0.01996994 -7.8e-4 0.01894998 0.01997995 -8.1e-4 0.01881992 0.02047991 -0.002709925 0.01894998 0.01972997 -0.00812 0.01894998 0.01827991 -0.01169997 0.01881992 0.0168299 -0.008319973 0.01881992 0.01872998 -0.008529961 0.01794993 0.01918995 -0.008469998 0.01844996 0.01906991 -0.01750993 0.01794993 0.01159 -0.0151 0.01794993 0.01457995 -0.01491993 0.01844996 0.01457995 -0.01501995 0.01794993 0.0146799 -0.01073998 0.01794993 0.01794993 -0.01198995 0.01794993 0.01723992 -0.01190996 0.01844996 0.01712989 -0.01937997 0.01794993 0.008079946 -0.01830995 0.01794993 0.01009988 -0.01925992 0.01844996 0.008029997 -0.0173999 0.01844996 0.01150995 -0.01709991 0.01881992 0.01130998 -0.01431 0.01894998 0.01397997 -0.01466 0.01881992 0.01432991 -0.01629996 0.01894998 0.0115 -0.01014 0.03504997 -0.01576989 -0.005279958 0.03504997 0.01798999 0 0.03504997 0.01874995 0.005279958 0.03504997 0.01798999 0.01014 0.03504997 0.01576989 0.01416999 0.03504997 0.01227992 0.01705998 0.03504997 0.007789969 0.01855999 0.03504997 0.00266999 0.01855999 0.03504997 -0.00266999 -0.01014 0.03504997 0.01576989 -0.01416999 0.03504997 0.01227992 -0.01705998 0.03504997 0.007789969 -0.01855999 0.03504997 0.00266999 -0.01855999 0.03504997 -0.00266999 -0.01705998 0.03504997 -0.007789969 -0.01416999 0.03504997 -0.01227992 -0.005279958 0.03504997 -0.01798999 0 0.03504997 -0.01874995 0.005279958 0.03504997 -0.01798999 0.01014 0.03504997 -0.01576989 0.01416999 0.03504997 -0.01227992 0.01705998 0.03504997 -0.007789969 0.001609981 0.03494989 -0.01717996 -0.003309965 0.03504997 -0.01692998 -0.003309965 0.03494989 -0.01692998 0.001759946 0.03494989 -0.01713997 0.001969993 0.03494989 -0.01708996 0.001609981 0.03504997 -0.01717996 0.004629909 0.03494989 -0.01644992 0.006399989 0.03494989 -0.01601994 0.007199943 0.03494989 -0.01555997 0.007989943 0.03494989 -0.0151 0.006399989 0.03504997 -0.01601994 0.009659945 0.03494989 -0.01413995 0.01066988 0.03494989 -0.01354998 0.01066988 0.03504997 -0.01354998 0.01512998 0.03494989 -0.007909953 0.01104992 0.03494989 -0.01314991 0.01406997 0.03504997 -0.009979963 0.01406997 0.03494989 -0.009979963 0.01695996 0.03494989 -0.002209961 0.01631999 0.03494989 -0.005589962 0.01631999 0.03504997 -0.005589962 0.01652991 0.03494989 -0.004479885 -0.007969975 0.03494989 -0.01529991 -0.007969975 0.03504997 -0.01529991 -0.007849991 0.03494989 -0.0151 -0.00672996 0.03494989 -0.01314991 -0.006599903 0.03504997 -0.01292991 -0.006599903 0.03494989 -0.01292991 -0.008459985 0.03494989 -0.01314991 -0.007899999 0.03494989 -0.01217997 -0.008219957 0.03494989 -0.01273989 -0.007899999 0.03504997 -0.01217997 -0.009269952 0.03494989 -0.01454997 -0.01002997 0.03494989 0.0138899 -0.01088988 0.03494989 0.01314991 -0.01299995 0.03494989 0.01133996 -0.01299995 0.03504997 0.01133996 -0.01378995 0.03494989 0.01010996 -0.01567995 0.03494989 0.007189989 -0.01567995 0.03504997 0.007189989 -0.01626998 0.03494989 0.005199909 -0.01706999 0.03494989 0.002459943 -0.01706999 0.03494989 0.002019882 -0.01706999 0.03494989 9.7e-4 -0.01706999 0.03494989 6.9e-4 -0.01706999 0.03504997 0.002459943 -0.01706999 0.03494989 -0.002209961 -0.01706999 0.03494989 -0.002459943 -0.01706999 0.03504997 -0.002459943 -0.0164799 0.03494989 -0.004479885 -0.01567995 0.03494989 -0.007189989 -0.01567995 0.03504997 -0.007189989 -0.01521992 0.03494989 -0.007909953 -0.01299995 0.03504997 -0.01133996 -0.01299995 0.03494989 -0.01133996 -0.01002997 0.03494989 -0.0138899 -0.01088988 0.03494989 -0.01314991 -0.009269952 0.03504997 -0.01454997 -0.009269952 0.03494989 0.01454997 -0.009269952 0.03504997 0.01454997 -0.008459985 0.03494989 0.01314991 -0.008219957 0.03494989 0.01273989 -0.007899999 0.03504997 0.01217997 -0.007899999 0.03494989 0.01217997 -0.006599903 0.03494989 0.01292991 -0.006599903 0.03504997 0.01292991 -0.00672996 0.03494989 0.01314991 0.01718991 0.03494989 9.7e-4 0.01699 0.03494989 0.002019882 0.01638996 0.03494989 0.005199909 0.01631999 0.03494989 0.005589962 0.01631999 0.03504997 0.005589962 0.01104992 0.03494989 0.01314991 0.01406997 0.03494989 0.009979963 0.01406997 0.03504997 0.009979963 0.01394999 0.03494989 0.01010996 0.01066988 0.03494989 0.01354998 0.009659945 0.03494989 0.01413995 0.01066988 0.03504997 0.01354998 0.007199943 0.03494989 0.01555997 0.006399989 0.03494989 0.01601994 0.006399989 0.03504997 0.01601994 0.004629909 0.03494989 0.01644992 0.001969993 0.03494989 0.01708996 0.001759946 0.03494989 0.01713997 0.001609981 0.03494989 0.01717996 0.001609981 0.03504997 0.01717996 -0.003309965 0.03494989 0.01692998 -0.007969975 0.03504997 0.01529991 -0.007969975 0.03494989 0.01529991 -0.003309965 0.03504997 0.01692998 0.01722997 0.03504997 7.5e-4 0.01722997 0.03494989 7.5e-4 0.01449996 0.03494989 7.5e-4 0.01449996 0.03504997 7.5e-4 0.01449996 0.03494989 6.9e-4 0.01449996 0.03504997 -7.5e-4 0.01722997 0.03494989 -7.5e-4 0.01722997 0.03504997 -7.5e-4 0.01449996 0.03494989 -7.5e-4 0.001999974 0.03494989 -0.01389998 0.004299998 0.03494989 -0.01389998 0.004299998 0.03494989 -0.01314991 0.004299998 0.03494989 -0.01178991 0.001999974 0.03494989 -0.01178991 0.001999974 0.03494989 -0.0107299 0.004629909 0.03494989 -0.0107299 0.007139921 0.03494989 -0.0107299 0.007139921 0.03494989 -0.01178991 0.00522989 0.03494989 -0.01178991 0.00522989 0.03494989 -0.01314991 0.00522989 0.03494989 -0.01389998 0.007139921 0.03494989 -0.01389998 0.001999974 0.03494989 -0.01494991 0.007139921 0.03494989 -0.01494991 0.004629909 0.03494989 -0.01494991 0.001999974 0.03504997 -0.01178991 0.001999974 0.03504997 -0.01494991 0.001999974 0.03504997 -0.01389998 0.007139921 0.03504997 -0.01178991 0.007139921 0.03504997 -0.01389998 0.007139921 0.03504997 -0.01494991 0.00522989 0.03504997 -0.01389998 0.004299998 0.03504997 -0.01389998 0.00522989 0.03504997 -0.01178991 0.001999974 0.03504997 -0.0107299 0.004299998 0.03504997 -0.01178991 0.007139921 0.03504997 -0.0107299 0.003919959 0.03494989 -0.009819984 0.003919959 0.03504997 -0.009819984 0.002909958 0.03494989 -0.009409964 0.002909958 0.03504997 -0.009409964 0.002209961 0.03504997 -0.00860995 0.002209961 0.03494989 -0.00860995 0.001969993 0.03494989 -0.007529914 0.002049922 0.03494989 -0.007909953 0.001929998 0.03494989 -0.007379949 0.001929998 0.03504997 -0.007379949 0.001969993 0.03494989 -0.006929934 0.001969993 0.03494989 -0.006889939 0.001969993 0.03504997 -0.006889939 0.002389967 0.03494989 -0.005859971 0.002389967 0.03504997 -0.005859971 0.003229916 0.03494989 -0.005159974 0.003229916 0.03504997 -0.005159974 0.004599988 0.03494989 -0.004869997 0.004599988 0.03504997 -0.004869997 0.007199943 0.03494989 -0.007079899 0.006989896 0.03504997 -0.006139934 0.006989896 0.03494989 -0.006139934 0.006279945 0.03504997 -0.00533998 0.006279945 0.03494989 -0.00533998 0.004629909 0.03494989 -0.004879951 0.005259931 0.03504997 -0.0049299 0.005259931 0.03494989 -0.0049299 0.007269918 0.03494989 -0.007379949 0.007269918 0.03504997 -0.007379949 0.007239997 0.03494989 -0.007839977 0.007209897 0.03494989 -0.007909953 0.007239997 0.03504997 -0.007839977 0.004599988 0.03494989 -0.009879946 0.004599988 0.03504997 -0.009879946 0.004629909 0.03494989 -0.009869992 0.005979955 0.03504997 -0.00958997 0.005979955 0.03494989 -0.00958997 0.007199943 0.03494989 -0.00792998 0.006829977 0.03504997 -0.008879959 0.006829977 0.03494989 -0.008879959 0.005099952 0.03504997 -0.008789956 0.005819976 0.03504997 -0.008499979 0.006189942 0.03504997 -0.008079946 0.002869904 0.03504997 -0.00759989 0.003089964 0.03504997 -0.008209943 0.004599988 0.03504997 -0.008819997 0.003609955 0.03504997 -0.008629977 0.004109919 0.03504997 -0.005969882 0.003379881 0.03504997 -0.006259918 0.00285995 0.03504997 -0.007379949 0.003019928 0.03504997 -0.006679952 0.006349921 0.03504997 -0.007379949 0.00631994 0.03504997 -0.007049918 0.006029963 0.03504997 -0.006449997 0.004599988 0.03504997 -0.005929887 0.005579948 0.03504997 -0.006109893 0.003089964 0.03494989 -0.008209943 0.003609955 0.03494989 -0.008629977 0.002869904 0.03494989 -0.00759989 0.003019928 0.03494989 -0.006679952 0.003379881 0.03494989 -0.006259918 0.00285995 0.03494989 -0.007379949 0.004109919 0.03494989 -0.005969882 0.004599988 0.03494989 -0.008819997 0.004599988 0.03494989 -0.005929887 0.005099952 0.03494989 -0.008789956 0.005579948 0.03494989 -0.006109893 0.005819976 0.03494989 -0.008499979 0.006029963 0.03494989 -0.006449997 0.006349921 0.03494989 -0.007379949 0.00631994 0.03494989 -0.007049918 0.006189942 0.03494989 -0.008079946 0.001999974 0.03494989 -0.003029882 0.003809928 0.03494989 -0.003029882 0.004349887 0.03494989 -0.002489984 0.003959894 0.03494989 -0.002209961 0.001999974 0.03494989 -8.2e-4 0.001999974 0.03494989 4.6e-4 0.004629909 0.03494989 -0.001449882 0.005059957 0.03494989 -0.0017699 0.007139921 0.03494989 2.6e-4 0.007139921 0.03494989 -0.001039922 0.005899906 0.03494989 -0.002209961 0.005029976 0.03494989 -0.003029882 0.007139921 0.03494989 -0.003029882 0.001999974 0.03494989 -0.004079997 0.007139921 0.03494989 -0.004079997 0.004629909 0.03494989 -0.004079997 0.007139921 0.03504997 -0.003029882 0.007139921 0.03504997 2.6e-4 0.001999974 0.03504997 -0.003029882 0.001999974 0.03504997 -8.2e-4 0.001999974 0.03504997 4.6e-4 0.005059957 0.03504997 -0.0017699 0.004349887 0.03504997 -0.002489984 0.007139921 0.03504997 -0.001039922 0.003809928 0.03504997 -0.003029882 0.007139921 0.03504997 -0.004079997 0.005029976 0.03504997 -0.003029882 0.001999974 0.03504997 -0.004079997 0.004629909 0.03494989 9.2e-4 0.003869891 0.03494989 9.2e-4 0.003339946 0.03494989 9.7e-4 0.003329992 0.03494989 9.7e-4 0.002619922 0.03494989 0.00127995 0.002139925 0.03494989 0.001889944 0.001969993 0.03494989 0.002799928 0.002109885 0.03494989 0.002019882 0.001929998 0.03494989 0.00296998 0.001969993 0.03494989 0.003289937 0.001999974 0.03494989 0.003639996 0.002309978 0.03494989 0.004339993 0.002899885 0.03494989 0.004809916 0.003869891 0.03494989 0.005009949 0.004629909 0.03494989 0.005009949 0.007139921 0.03494989 0.005009949 0.007139921 0.03494989 0.00394994 0.004629909 0.03494989 0.00394994 0.003979921 0.03494989 0.00394994 0.003549993 0.03494989 0.003909945 0.003149986 0.03494989 0.003739953 0.002939999 0.03494989 0.003449976 0.003699958 0.03494989 0.002019882 0.003339946 0.03494989 0.002079904 0.003059983 0.03494989 0.002279937 0.00285995 0.03494989 0.002959907 0.002889931 0.03494989 0.002609968 0.003979921 0.03494989 0.001979947 0.004629909 0.03494989 0.001979947 0.007139921 0.03494989 9.2e-4 0.007139921 0.03494989 0.001979947 0.007139921 0.03494989 9.7e-4 0.007139921 0.03504997 0.001979947 0.002619922 0.03504997 0.00127995 0.003339946 0.03504997 0.002079904 0.003339946 0.03504997 9.7e-4 0.007139921 0.03504997 9.2e-4 0.003979921 0.03504997 0.001979947 0.003869891 0.03504997 9.2e-4 0.007139921 0.03504997 0.005009949 0.007139921 0.03504997 0.00394994 0.003869891 0.03504997 0.005009949 0.003979921 0.03504997 0.00394994 0.002899885 0.03504997 0.004809916 0.003549993 0.03504997 0.003909945 0.002309978 0.03504997 0.004339993 0.003149986 0.03504997 0.003739953 0.001999974 0.03504997 0.003639996 0.002939999 0.03504997 0.003449976 0.001929998 0.03504997 0.00296998 0.00285995 0.03504997 0.002959907 0.003059983 0.03504997 0.002279937 0.002889931 0.03504997 0.002609968 0.002139925 0.03504997 0.001889944 0.003909945 0.03494989 0.008299946 0.004629909 0.03494989 0.008679986 0.007139921 0.03494989 0.01001 0.007139921 0.03494989 0.008789956 0.004919946 0.03494989 0.007769942 0.007139921 0.03494989 0.006669998 0.007139921 0.03494989 0.005399942 0.004629909 0.03494989 0.00683999 0.003909945 0.03494989 0.007239997 0.001999974 0.03494989 0.007239997 0.001999974 0.03494989 0.008299946 0.007139921 0.03504997 0.006669998 0.007139921 0.03504997 0.005399942 0.007139921 0.03504997 0.01001 0.007139921 0.03504997 0.008789956 0.003909945 0.03504997 0.008299946 0.004919946 0.03504997 0.007769942 0.001999974 0.03504997 0.007239997 0.003909945 0.03504997 0.007239997 0.001999974 0.03504997 0.008299946 0.001969993 0.03494989 0.01255995 0.002209961 0.03504997 0.01146996 0.002209961 0.03494989 0.01146996 0.002909958 0.03504997 0.01067996 0.002909958 0.03494989 0.01067996 0.003919959 0.03504997 0.01026993 0.003919959 0.03494989 0.01026993 0.001929998 0.03504997 0.01270991 0.001929998 0.03494989 0.01270991 0.001969993 0.03494989 0.01314991 0.001969993 0.03494989 0.01315999 0.001969993 0.03494989 0.01318997 0.001969993 0.03504997 0.01318997 0.002389967 0.03494989 0.01422995 0.002389967 0.03504997 0.01422995 0.003229916 0.03494989 0.01492995 0.003229916 0.03504997 0.01492995 0.004599988 0.03494989 0.01520997 0.004599988 0.03504997 0.01520997 0.004629909 0.03494989 0.01520997 0.005259931 0.03494989 0.01515996 0.005259931 0.03504997 0.01515996 0.006279945 0.03494989 0.01475 0.006279945 0.03504997 0.01475 0.006989896 0.03494989 0.01394999 0.007199943 0.03494989 0.01299995 0.007169902 0.03494989 0.01314991 0.006989896 0.03504997 0.01394999 0.007269918 0.03494989 0.01270991 0.007269918 0.03504997 0.01270991 0.007239997 0.03494989 0.01224988 0.007239997 0.03504997 0.01224988 0.004599988 0.03494989 0.01020991 0.004599988 0.03504997 0.01020991 0.004629909 0.03494989 0.01020991 0.005979955 0.03504997 0.01049 0.005979955 0.03494989 0.01049 0.007199943 0.03494989 0.01216 0.006829977 0.03504997 0.01119995 0.006829977 0.03494989 0.01119995 0.005099952 0.03504997 0.0112999 0.005819976 0.03504997 0.01159 0.006189942 0.03504997 0.01199996 0.002869904 0.03504997 0.01248997 0.003089964 0.03504997 0.01187998 0.004599988 0.03504997 0.01125997 0.003609955 0.03504997 0.01144999 0.004109919 0.03504997 0.01411998 0.003379881 0.03504997 0.01382988 0.00285995 0.03504997 0.01269996 0.003019928 0.03504997 0.01340997 0.006349921 0.03504997 0.01269996 0.00631994 0.03504997 0.01302999 0.006029963 0.03504997 0.01362997 0.004599988 0.03504997 0.01415991 0.005579948 0.03504997 0.01396989 0.003089964 0.03494989 0.01187998 0.003609955 0.03494989 0.01144999 0.002869904 0.03494989 0.01248997 0.003019928 0.03494989 0.01340997 0.003379881 0.03494989 0.01382988 0.00285995 0.03494989 0.01269996 0.004109919 0.03494989 0.01411998 0.004599988 0.03494989 0.01125997 0.004599988 0.03494989 0.01415991 0.005099952 0.03494989 0.0112999 0.005579948 0.03494989 0.01396989 0.005819976 0.03494989 0.01159 0.006029963 0.03494989 0.01362997 0.006349921 0.03494989 0.01269996 0.00631994 0.03494989 0.01302999 0.006189942 0.03494989 0.01199996 -0.007689893 0.03494989 -0.005929887 -0.008219957 0.03494989 -0.005899906 -0.00891 0.03494989 -0.005849957 -0.00950998 0.03494989 -0.005599915 -0.009899973 0.03494989 -0.005129933 -0.01002997 0.03494989 -0.004419982 -0.01001989 0.03494989 -0.004479885 -0.01005995 0.03494989 -0.00424993 -0.008219957 0.03494989 -0.002729952 -0.009309947 0.03494989 -0.002849996 -0.009769976 0.03494989 -0.003229916 -0.01002997 0.03494989 -0.003879964 -0.01002997 0.03494989 -0.003829956 -0.007639884 0.03494989 -0.002659976 -0.005059957 0.03494989 -0.002659976 -0.005059957 0.03494989 -0.003429949 -0.007789969 0.03494989 -0.003429949 -0.008219957 0.03494989 -0.003449976 -0.008599996 0.03494989 -0.003469944 -0.008899986 0.03494989 -0.0035699 -0.009119987 0.03494989 -0.003799915 -0.009229958 0.03494989 -0.004269957 -0.009189963 0.03494989 -0.004479885 -0.009149968 0.03494989 -0.004699945 -0.008929967 0.03494989 -0.004969954 -0.008549988 0.03494989 -0.005129933 -0.008219957 0.03494989 -0.00514996 -0.008139967 0.03494989 -0.005159974 -0.007729887 0.03494989 -0.005159974 -0.005059957 0.03494989 -0.005159974 -0.005059957 0.03494989 -0.005929887 -0.009149968 0.03504997 -0.004699945 -0.00950998 0.03504997 -0.005599915 -0.008929967 0.03504997 -0.004969954 -0.00891 0.03504997 -0.005849957 -0.005059957 0.03504997 -0.002659976 -0.005059957 0.03504997 -0.003429949 -0.007639884 0.03504997 -0.002659976 -0.007789969 0.03504997 -0.003429949 -0.008599996 0.03504997 -0.003469944 -0.009309947 0.03504997 -0.002849996 -0.008899986 0.03504997 -0.0035699 -0.009769976 0.03504997 -0.003229916 -0.009119987 0.03504997 -0.003799915 -0.01002997 0.03504997 -0.003829956 -0.009899973 0.03504997 -0.005129933 -0.009229958 0.03504997 -0.004269957 -0.01005995 0.03504997 -0.00424993 -0.005059957 0.03504997 -0.005159974 -0.005059957 0.03504997 -0.005929887 -0.007729887 0.03504997 -0.005159974 -0.008549988 0.03504997 -0.005129933 -0.007689893 0.03504997 -0.005929887 -0.008139967 0.03504997 -0.005159974 -0.00999999 0.03494989 -9.9e-4 -0.00999999 0.03504997 -9.9e-4 -0.008219957 0.03494989 -9.9e-4 -0.007949948 0.03494989 -9.9e-4 -0.007949948 0.03504997 -9.9e-4 -0.007949948 0.03494989 -8.3e-4 -0.007949948 0.03504997 -8.3e-4 -0.007949948 0.03494989 -7.2e-4 -0.007949948 0.03504997 -7.2e-4 -0.008029997 0.03494989 -3.7e-4 -0.008029997 0.03504997 -3.7e-4 -0.008219957 0.03494989 -1.8e-4 -0.008249998 0.03494989 -1.5e-4 -0.008249998 0.03504997 -1.5e-4 -0.008929967 0.03494989 2.4e-4 -0.008929967 0.03504997 2.4e-4 -0.009779989 0.03494989 6.9e-4 -0.00999999 0.03494989 8.1e-4 -0.00999999 0.03504997 8.1e-4 -0.00999999 0.03494989 9.7e-4 -0.00999999 0.03494989 0.001889944 -0.00999999 0.03504997 0.001889944 -0.008359968 0.03494989 9.9e-4 -0.008679986 0.03504997 0.001179993 -0.008679986 0.03494989 0.001179993 -0.008899986 0.03504997 0.001299977 -0.009029984 0.03494989 0.001379907 -0.009029984 0.03504997 0.001379907 -0.008899986 0.03494989 0.001299977 -0.008069992 0.03494989 6.9e-4 -0.008359968 0.03494989 9.7e-4 -0.008359968 0.03504997 9.9e-4 -0.008219957 0.03494989 8.4e-4 -0.00781995 0.03494989 4.4e-4 -0.00781995 0.03504997 4.4e-4 -0.007789969 0.03494989 5.9e-4 -0.007739961 0.03494989 6.9e-4 -0.007789969 0.03504997 5.9e-4 -0.007609963 0.03494989 9.7e-4 -0.007549881 0.03494989 0.001099944 -0.007549881 0.03504997 0.001099944 -0.007149994 0.03494989 0.001429975 -0.007149994 0.03504997 0.001429975 -0.006439924 0.03494989 0.001569986 -0.006439924 0.03504997 0.001569986 -0.005809903 0.03494989 0.001459956 -0.005809903 0.03504997 0.001459956 -0.00533998 0.03494989 0.001139998 -0.00533998 0.03504997 0.001139998 -0.005139887 0.03494989 6.9e-4 -0.005249977 0.03494989 9.7e-4 -0.00514996 0.03504997 8.1e-4 -0.00514996 0.03494989 8.1e-4 -0.005059957 0.03494989 -3e-5 -0.005059957 0.03504997 -3e-5 -0.00999999 0.03494989 -0.001759946 -0.00999999 0.03504997 -0.001759946 -0.005059957 0.03494989 -0.001759946 -0.005059957 0.03504997 -0.001759946 -0.008219957 0.03494989 -0.001759946 -0.00710994 0.03504997 -9.9e-4 -0.006759881 0.03504997 7.6e-4 -0.006959915 0.03504997 6.3e-4 -0.00710994 0.03504997 -3.4e-4 -0.007069945 0.03504997 4.2e-4 -0.00601989 0.03504997 6e-4 -0.006489992 0.03504997 8e-4 -0.006189942 0.03504997 7.4e-4 -0.005929887 0.03504997 4.2e-4 -0.005899906 0.03504997 6e-5 -0.005889952 0.03504997 -3e-4 -0.005889952 0.03504997 -9.9e-4 -0.005889952 0.03494989 -9.9e-4 -0.00710994 0.03494989 -9.9e-4 -0.005889952 0.03494989 -3e-4 -0.00710994 0.03494989 -3.4e-4 -0.005899906 0.03494989 6e-5 -0.007069945 0.03494989 4.2e-4 -0.005929887 0.03494989 4.2e-4 -0.006959915 0.03494989 6.3e-4 -0.00601989 0.03494989 6e-4 -0.006489992 0.03494989 8e-4 -0.006759881 0.03494989 7.6e-4 -0.006189942 0.03494989 7.4e-4 -0.008199989 0.03494989 0.005159974 -0.008219957 0.03494989 0.005159974 -0.008819997 0.03494989 0.005159974 -0.009109973 0.03494989 0.004689991 -0.009229958 0.03494989 0.004149973 -0.009130001 0.03494989 0.003669977 -0.008829951 0.03494989 0.003289937 -0.008219957 0.03494989 0.003009915 -0.008179962 0.03494989 0.002989888 -0.007469952 0.03494989 0.002919912 -0.007059991 0.03494989 0.002939999 -0.006359994 0.03494989 0.003169894 -0.005989909 0.03494989 0.003539979 -0.00582993 0.03494989 0.0041399 -0.005899906 0.03494989 0.004509985 -0.006169915 0.03494989 0.004869997 -0.006669998 0.03494989 0.005099952 -0.006649971 0.03494989 0.005199909 -0.00654 0.03494989 0.005869925 -0.006469905 0.03494989 0.005859971 -0.005609989 0.03494989 0.005509912 -0.005349934 0.03494989 0.005199909 -0.005169928 0.03494989 0.004989922 -0.004999995 0.03494989 0.004149973 -0.005009949 0.03494989 0.003869891 -0.00533998 0.03494989 0.003039956 -0.006079912 0.03494989 0.002449989 -0.00751996 0.03494989 0.002149999 -0.00812 0.03494989 0.002189934 -0.01002997 0.03494989 0.004069924 -0.009819984 0.03494989 0.003219962 -0.008219957 0.03494989 0.002229928 -0.009269952 0.03494989 0.002629995 -0.01005995 0.03494989 0.004199922 -0.01004993 0.03494989 0.004389882 -0.009819984 0.03494989 0.005199909 -0.009859979 0.03494989 0.005139887 -0.01002997 0.03494989 0.004529953 -0.01001 0.03494989 0.004699945 -0.009309947 0.03494989 0.005929887 -0.008219957 0.03494989 0.005929887 -0.007369995 0.03494989 0.005929887 -0.007369995 0.03494989 0.005199909 -0.007369995 0.03494989 0.004199922 -0.008199989 0.03494989 0.004199922 -0.005899906 0.03504997 0.004509985 -0.005609989 0.03504997 0.005509912 -0.006169915 0.03504997 0.004869997 -0.00654 0.03504997 0.005869925 -0.006669998 0.03504997 0.005099952 -0.006469905 0.03504997 0.005859971 -0.007369995 0.03504997 0.004199922 -0.008199989 0.03504997 0.004199922 -0.007369995 0.03504997 0.005929887 -0.008199989 0.03504997 0.005159974 -0.009309947 0.03504997 0.005929887 -0.008819997 0.03504997 0.005159974 -0.009859979 0.03504997 0.005139887 -0.009109973 0.03504997 0.004689991 -0.01001 0.03504997 0.004699945 -0.01004993 0.03504997 0.004389882 -0.005169928 0.03504997 0.004989922 -0.004999995 0.03504997 0.004149973 -0.00582993 0.03504997 0.0041399 -0.005009949 0.03504997 0.003869891 -0.005989909 0.03504997 0.003539979 -0.00533998 0.03504997 0.003039956 -0.006359994 0.03504997 0.003169894 -0.006079912 0.03504997 0.002449989 -0.01005995 0.03504997 0.004199922 -0.009229958 0.03504997 0.004149973 -0.009819984 0.03504997 0.003219962 -0.009130001 0.03504997 0.003669977 -0.009269952 0.03504997 0.002629995 -0.008829951 0.03504997 0.003289937 -0.00812 0.03504997 0.002189934 -0.008179962 0.03504997 0.002989888 -0.007059991 0.03504997 0.002939999 -0.007469952 0.03504997 0.002919912 -0.00751996 0.03504997 0.002149999 0.001969993 0.03494989 0.01460999 0.001759946 0.03494989 0.01459991 -0.00217998 0.03494989 0.0145899 -0.006229937 0.03494989 0.01336991 -0.006439924 0.03494989 0.01381999 -0.002249956 0.03494989 0.01507991 0.001969993 0.03494989 0.0151 0.001759946 0.03494989 0.0151 0.002119958 0.03494989 0.0151 0.002049922 0.03494989 0.01460999 -0.006229937 0.03504997 0.01336991 -0.006439924 0.03504997 0.01381999 -0.00217998 0.03504997 0.0145899 0.002119958 0.03504997 0.0151 -0.002249956 0.03504997 0.01507991 0.002049922 0.03504997 0.01460999 0.01494991 0.03494989 -0.002209961 0.01442992 0.03494989 -0.004479885 0.01413995 0.03494989 -0.005709946 0.009659945 0.03494989 -0.01155996 0.01281988 0.03494989 -0.007909953 0.01167988 0.03494989 -0.009799957 0.008079946 0.03494989 -0.01292991 0.00781995 0.03494989 -0.01251 0.01224988 0.03494989 -0.007909953 0.009659945 0.03494989 -0.01090997 0.0112999 0.03494989 -0.009479999 0.01444 0.03494989 -0.002209961 0.01367998 0.03494989 -0.005519986 0.01391988 0.03494989 -0.004479885 0.01470988 0.03494989 -0.001029968 0.01520997 0.03494989 -0.001059949 0.01470988 0.03504997 -0.001029968 0.01520997 0.03504997 -0.001059949 0.01367998 0.03504997 -0.005519986 0.01413995 0.03504997 -0.005709946 0.0112999 0.03504997 -0.009479999 0.008079946 0.03504997 -0.01292991 0.01167988 0.03504997 -0.009799957 0.00781995 0.03504997 -0.01251 0.009659945 0.03494989 0.01155996 0.01132988 0.03494989 0.01010996 0.01167988 0.03494989 0.009799957 0.01498997 0.03494989 0.002019882 0.01413995 0.03494989 0.005709946 0.01425999 0.03494989 0.005199909 0.01520997 0.03494989 0.001059949 0.01470988 0.03494989 0.001029968 0.01447999 0.03494989 0.002019882 0.01374989 0.03494989 0.005199909 0.01367998 0.03494989 0.005519986 0.009659945 0.03494989 0.01090997 0.0112999 0.03494989 0.009479999 0.01058 0.03494989 0.01010996 0.00781995 0.03494989 0.01251 0.008079946 0.03494989 0.01292991 0.00781995 0.03504997 0.01251 0.008079946 0.03504997 0.01292991 0.0112999 0.03504997 0.009479999 0.01167988 0.03504997 0.009799957 0.01367998 0.03504997 0.005519986 0.01520997 0.03504997 0.001059949 0.01413995 0.03504997 0.005709946 0.01470988 0.03504997 0.001029968 -0.002429962 0.03494989 -0.01454997 0.001539885 0.03494989 -0.01466995 0.001589894 0.03494989 -0.0151 0.001589894 0.03494989 -0.01516991 -6e-4 0.03494989 -0.0151 -0.002519965 0.03494989 -0.01503998 -0.006439924 0.03494989 -0.01381999 -0.006229937 0.03494989 -0.01336991 0.001539885 0.03504997 -0.01466995 0.001589894 0.03504997 -0.01516991 -0.002429962 0.03504997 -0.01454997 -0.006439924 0.03504997 -0.01381999 -0.002519965 0.03504997 -0.01503998 -0.006229937 0.03504997 -0.01336991 0.01212996 0.03494989 0.001079916 0.01212996 0.03504997 0.001079916 0.01274991 0.03494989 0.001249969 0.01274991 0.03504997 0.001249969 0.01337999 0.03494989 0.001079916 0.01347988 0.03494989 9.7e-4 0.01337999 0.03504997 0.001079916 0.01376998 0.03494989 6.9e-4 0.01382988 0.03494989 6.2e-4 0.01382988 0.03504997 6.2e-4 0.01399993 0.03494989 0 0.01399993 0.03504997 0 0.01382988 0.03494989 -6.2e-4 0.01382988 0.03504997 -6.2e-4 0.01337999 0.03494989 -0.001079916 0.01337999 0.03504997 -0.001079916 0.01274991 0.03494989 -0.001249969 0.01274991 0.03504997 -0.001249969 0.01212996 0.03494989 -0.001079916 0.01212996 0.03504997 -0.001079916 0.01166999 0.03494989 -6.2e-4 0.01166999 0.03504997 -6.2e-4 0.0115 0.03494989 0 0.0115 0.03504997 0 0.01166999 0.03494989 6.2e-4 0.01201999 0.03494989 9.7e-4 0.01172989 0.03494989 6.9e-4 0.01166999 0.03504997 6.2e-4 0.01274991 0.03504997 -7.5e-4 0.01311993 0.03504997 -6.5e-4 0.01339989 0.03504997 -3.8e-4 0.01349991 0.03504997 0 0.01339989 0.03504997 3.8e-4 0.01311993 0.03504997 6.5e-4 0.01274991 0.03504997 7.5e-4 0.01236999 0.03504997 6.5e-4 0.01209998 0.03504997 3.8e-4 0.01199996 0.03504997 0 0.01209998 0.03504997 -3.8e-4 0.01236999 0.03504997 -6.5e-4 0.01311993 0.03494989 6.5e-4 0.01236999 0.03494989 6.5e-4 0.01274991 0.03494989 7.5e-4 0.01209998 0.03494989 3.8e-4 0.01199996 0.03494989 0 0.01339989 0.03494989 3.8e-4 0.01349991 0.03494989 0 0.01209998 0.03494989 -3.8e-4 0.01339989 0.03494989 -3.8e-4 0.01274991 0.03494989 -7.5e-4 0.01311993 0.03494989 -6.5e-4 0.01236999 0.03494989 -6.5e-4 -0.02263993 0.005949974 -0.003999948 -0.02263993 0.005949974 0 -0.02263993 0.005949974 0.003999948 -0.02249991 0.005949974 -0.004499912 -0.02249991 0.005949974 0.004499912 -0.0221399 0.005949974 -0.004869997 -0.0221399 0.005949974 0.004869997 -0.02164 0.009949982 -0.004999995 -0.02164 0.009949982 -0.005999982 -0.02164 0.009949982 0.004999995 -0.02164 0.009949982 0.005999982 -0.02149999 0.009949982 -0.006499946 -0.02149999 0.009949982 0.006499946 -0.02113991 0.009949982 -0.006869912 -0.02113991 0.009949982 0.006869912 -0.02063995 0.005949974 0.006999969 -0.02063995 0.009949982 -0.006999969 -0.02063995 0.009949982 0.006999969 -0.01979988 0.009949982 -0.006999969 -0.01979988 0.005949974 -0.006999969 -0.01979988 0.005949974 0.006999969 -0.01979988 0.009949982 0.006999969 -0.01838994 0.005949974 -0.01014 -0.01838994 0.005949974 0.01014 -0.01510989 0.005949974 -0.0145899 -0.01510989 0.005949974 0.0145899 -0.01077991 0.005949974 -0.01801997 -0.01077991 0.005949974 0.01801997 -0.005709946 0.005949974 -0.0202099 -0.005709946 0.005949974 0.0202099 -2.5e-4 0.005949974 -0.0209999 -2.5e-4 0.005949974 0.0209999 0 0.005949974 -0.02096992 0 0.005949974 0.02096992 0.005239963 0.005949974 -0.02033996 0.005239963 0.005949974 0.02033996 0.01036 0.005949974 -0.01826995 0.01036 0.005949974 0.01826995 0.01475989 0.005949974 -0.01493996 0.01475989 0.005949974 0.01493996 0.01814997 0.005949974 -0.01056993 0.01814997 0.005949974 0.01056993 0.02026993 0.005949974 -0.005479991 0.0209999 0.005949974 0 0.02026993 0.005949974 0.005479991 -0.02363991 0.00394994 -0.02164 -0.02363991 0.00394994 -0.02164 -0.02363991 0.00394994 0.02164 -0.02363991 0.00394994 0.02164 -0.02363991 0.005449891 -0.02164 -0.02363991 0.005449891 0.02164 -0.02357 0.005699992 -0.02164 -0.02357 0.005699992 0.02164 -0.02338999 0.005879998 -0.02164 -0.02338999 0.005879998 0.02164 -0.0233699 0.003959894 0.02263993 -0.0233699 0.005449891 -0.02263993 -0.0233699 0.005449891 0.02263993 -0.0233699 0.003959894 0.02263993 -0.0233699 0.003959894 -0.02263993 -0.0233699 0.003959894 -0.02263993 -0.0233699 0.003959894 0.02263993 -0.0233699 0.003959894 -0.02263993 -0.02331 0.005699992 -0.02260988 -0.02331 0.005699992 0.02260988 -0.0231499 0.005879998 -0.02250999 -0.0231499 0.005879998 0.02250999 -0.02313995 0.005949974 -0.02164 -0.02313995 0.005949974 0 -0.02313995 0.005949974 0.02164 -0.02293998 0.005949974 -0.02238988 -0.02293998 0.005949974 0.02238988 -0.02270996 0.005449891 -0.02120995 -0.02270996 0.005449891 0.02120995 -0.02270996 0.005949974 -0.02120995 -0.02270996 0.005949974 0.02120995 -0.02263993 0.003959894 0.0233699 -0.02263993 0.003959894 0.0233699 -0.02263993 0.003959894 -0.0233699 -0.02263993 0.005449891 -0.0233699 -0.02263993 0.005449891 0.0233699 -0.02263993 0.005949974 -0.003999948 -0.02263993 0.005949974 0 -0.02263993 0.005949974 0.003999948 -0.02263993 0.003959894 0.0233699 -0.02263993 0.003959894 -0.0233699 -0.02263993 0.003959894 -0.0233699 -0.02260988 0.005699992 -0.02331 -0.02260988 0.005699992 0.02331 -0.02250999 0.005879998 -0.0231499 -0.02250999 0.005879998 0.0231499 -0.02250999 0.005449891 -0.02195996 -0.02250999 0.005449891 -0.02045989 -0.02250999 0.005449891 0.02045989 -0.02250999 0.005449891 0.02195996 -0.02250999 0.005949974 -0.02195996 -0.02250999 0.005949974 -0.02045989 -0.02250999 0.005949974 0.02045989 -0.02250999 0.005949974 0.02195996 -0.02249991 0.005949974 -0.004499912 -0.02249991 0.005949974 0.004499912 -0.02238988 0.005949974 -0.02293998 -0.02238988 0.005949974 0.02293998 -0.0221399 0.005949974 -0.004869997 -0.0221399 0.005949974 0.004869997 -0.02210998 0.005969882 -0.02120995 -0.02210998 0.005969882 0.02120995 -0.02199 0.005969882 -0.02165997 -0.02199 0.005969882 -0.02075994 -0.02199 0.005969882 0.02075994 -0.02199 0.005969882 0.02165997 -0.02195996 0.005449891 -0.02250999 -0.02195996 0.005449891 -0.01990991 -0.02195996 0.005449891 0.01990991 -0.02195996 0.005449891 0.02250999 -0.02195996 0.005949974 -0.02250999 -0.02195996 0.005949974 -0.01990991 -0.02195996 0.005949974 0.01990991 -0.02195996 0.005949974 0.02250999 -0.02170991 0.005949974 -0.02130997 -0.02170991 0.005949974 -0.02110993 -0.02170991 0.005949974 0.02110993 -0.02170991 0.005949974 0.02130997 -0.02170991 0.00612998 -0.02130997 -0.02170991 0.00612998 -0.02120995 -0.02170991 0.00612998 -0.02110993 -0.02170991 0.00612998 0.02110993 -0.02170991 0.00612998 0.02120995 -0.02170991 0.00612998 0.02130997 -0.02165997 0.005969882 -0.02199 -0.02165997 0.005969882 -0.02043998 -0.02165997 0.005969882 0.02043998 -0.02165997 0.005969882 0.02199 -0.02164 0.00394994 -0.02363991 -0.02164 0.00394994 0.02363991 -0.02164 0.00394994 -0.02363991 -0.02164 0.00394994 0.02363991 -0.02164 0.005449891 -0.02363991 -0.02164 0.005449891 0.02363991 -0.02164 0.005699992 -0.02357 -0.02164 0.005699992 0.02357 -0.02164 0.005879998 -0.02338999 -0.02164 0.005879998 0.02338999 -0.02164 0.005949974 -0.02313995 -0.02164 0.005949974 -0.005999982 -0.02164 0.005949974 -0.004999995 -0.02164 0.005949974 0.004999995 -0.02164 0.005949974 0.005999982 -0.02164 0.005949974 0.02313995 -0.02149999 0.005949974 -0.006499946 -0.02149999 0.005949974 0.006499946 -0.02147996 0.006169915 -0.02130997 -0.02147996 0.006169915 -0.02110993 -0.02147996 0.006169915 0.02110993 -0.02147996 0.006169915 0.02130997 -0.02130997 0.005949974 -0.02170991 -0.02130997 0.005949974 -0.02130997 -0.02130997 0.005949974 -0.02110993 -0.02130997 0.005949974 -0.02070999 -0.02130997 0.005949974 0.02070999 -0.02130997 0.005949974 0.02110993 -0.02130997 0.005949974 0.02130997 -0.02130997 0.005949974 0.02170991 -0.02130997 0.00612998 -0.02170991 -0.02130997 0.00612998 -0.02070999 -0.02130997 0.00612998 0.02070999 -0.02130997 0.00612998 0.02170991 -0.02130997 0.006169915 -0.02147996 -0.02130997 0.006169915 -0.0209499 -0.02130997 0.006169915 0.0209499 -0.02130997 0.006169915 0.02147996 -0.02130997 0.006189942 -0.02130997 -0.02130997 0.006189942 -0.02110993 -0.02130997 0.006189942 0.02110993 -0.02130997 0.006189942 0.02130997 -0.02120995 0.005449891 -0.02270996 -0.02120995 0.005449891 -0.01971 -0.02120995 0.005449891 0.01971 -0.02120995 0.005449891 0.02270996 -0.02120995 0.005949974 -0.02270996 -0.02120995 0.005949974 -0.01971 -0.02120995 0.005949974 0.01971 -0.02120995 0.005949974 0.02270996 -0.02120995 0.005969882 -0.02210998 -0.02120995 0.005969882 -0.02031993 -0.02120995 0.005969882 0.02031993 -0.02120995 0.005969882 0.02210998 -0.02120995 0.00612998 -0.02170991 -0.02120995 0.00612998 -0.02070999 -0.02120995 0.00612998 0.02070999 -0.02120995 0.00612998 0.02170991 -0.02113991 0.005949974 -0.006869912 -0.02113991 0.005949974 0.006869912 -0.02110993 0.005949974 -0.02170991 -0.02110993 0.005949974 -0.02130997 -0.02110993 0.005949974 -0.02110993 -0.02110993 0.005949974 -0.02070999 -0.02110993 0.005949974 0.02070999 -0.02110993 0.005949974 0.02110993 -0.02110993 0.005949974 0.02130997 -0.02110993 0.005949974 0.02170991 -0.02110993 0.00612998 -0.02170991 -0.02110993 0.00612998 -0.02070999 -0.02110993 0.00612998 0.02070999 -0.02110993 0.00612998 0.02170991 -0.02110993 0.006169915 -0.02147996 -0.02110993 0.006169915 -0.0209499 -0.02110993 0.006169915 0.0209499 -0.02110993 0.006169915 0.02147996 -0.02110993 0.006189942 -0.02130997 -0.02110993 0.006189942 -0.02110993 -0.02110993 0.006189942 0.02110993 -0.02110993 0.006189942 0.02130997 -0.0209499 0.006169915 -0.02130997 -0.0209499 0.006169915 -0.02110993 -0.0209499 0.006169915 0.02110993 -0.0209499 0.006169915 0.02130997 -0.02075994 0.005969882 -0.02199 -0.02075994 0.005969882 -0.02043998 -0.02075994 0.005969882 0.02043998 -0.02075994 0.005969882 0.02199 -0.02070999 0.005949974 -0.02130997 -0.02070999 0.005949974 -0.02110993 -0.02070999 0.005949974 0.02110993 -0.02070999 0.005949974 0.02130997 -0.02070999 0.00612998 -0.02130997 -0.02070999 0.00612998 -0.02120995 -0.02070999 0.00612998 -0.02110993 -0.02070999 0.00612998 0.02110993 -0.02070999 0.00612998 0.02120995 -0.02070999 0.00612998 0.02130997 -0.02063995 0.005949974 -0.006999969 -0.02063995 0.005949974 0.006999969 -0.02045989 0.005449891 -0.02250999 -0.02045989 0.005449891 -0.01990991 -0.02045989 0.005449891 0.01990991 -0.02045989 0.005449891 0.02250999 -0.02045989 0.005949974 -0.02250999 -0.02045989 0.005949974 -0.01990991 -0.02045989 0.005949974 0.01990991 -0.02045989 0.005949974 0.02250999 -0.02043998 0.005969882 -0.02165997 -0.02043998 0.005969882 -0.02075994 -0.02043998 0.005969882 0.02075994 -0.02043998 0.005969882 0.02165997 -0.02031993 0.005969882 -0.02120995 -0.02031993 0.005969882 0.02120995 -0.01990991 0.005449891 -0.02195996 -0.01990991 0.005449891 -0.02045989 -0.01990991 0.005449891 0.02045989 -0.01990991 0.005449891 0.02195996 -0.01990991 0.005949974 -0.02195996 -0.01990991 0.005949974 -0.02045989 -0.01990991 0.005949974 0.02045989 -0.01990991 0.005949974 0.02195996 -0.01979988 0.005949974 -0.006999969 -0.01979988 0.005949974 0.006999969 -0.01971 0.005449891 -0.02120995 -0.01971 0.005449891 0.02120995 -0.01971 0.005949974 -0.02120995 -0.01971 0.005949974 0.02120995 -0.01838994 0.005949974 -0.01014 -0.01838994 0.005949974 0.01014 -0.01510989 0.005949974 -0.0145899 -0.01510989 0.005949974 0.0145899 -0.01077991 0.005949974 -0.01801997 -0.01077991 0.005949974 0.01801997 -0.005709946 0.005949974 -0.0202099 -0.005709946 0.005949974 0.0202099 -2.5e-4 0.005949974 -0.0209999 -2.5e-4 0.005949974 0.0209999 0 0.005949974 -0.02313995 0 0.005949974 -0.02096992 0 0.005949974 0.02096992 0 0.005949974 0.02313995 0.005239963 0.005949974 -0.02033996 0.005239963 0.005949974 0.02033996 0.01036 0.005949974 -0.01826995 0.01036 0.005949974 0.01826995 0.01475989 0.005949974 -0.01493996 0.01475989 0.005949974 0.01493996 0.01814997 0.005949974 -0.01056993 0.01814997 0.005949974 0.01056993 0.01971 0.005449891 -0.02120995 0.01971 0.005449891 0.02120995 0.01971 0.005949974 -0.02120995 0.01971 0.005949974 0.02120995 0.01990991 0.005449891 -0.02195996 0.01990991 0.005449891 -0.02045989 0.01990991 0.005449891 0.02045989 0.01990991 0.005449891 0.02195996 0.01990991 0.005949974 -0.02195996 0.01990991 0.005949974 -0.02045989 0.01990991 0.005949974 0.02045989 0.01990991 0.005949974 0.02195996 0.02026993 0.005949974 -0.005479991 0.02026993 0.005949974 0.005479991 0.02031993 0.005969882 -0.02120995 0.02031993 0.005969882 0.02120995 0.02043998 0.005969882 -0.02165997 0.02043998 0.005969882 -0.02075994 0.02043998 0.005969882 0.02075994 0.02043998 0.005969882 0.02165997 0.02045989 0.005449891 -0.02250999 0.02045989 0.005449891 -0.01990991 0.02045989 0.005449891 0.01990991 0.02045989 0.005449891 0.02250999 0.02045989 0.005949974 -0.02250999 0.02045989 0.005949974 -0.01990991 0.02045989 0.005949974 0.01990991 0.02045989 0.005949974 0.02250999 0.02070999 0.005949974 -0.02130997 0.02070999 0.005949974 -0.02110993 0.02070999 0.005949974 0.02110993 0.02070999 0.005949974 0.02130997 0.02070999 0.00612998 -0.02130997 0.02070999 0.00612998 -0.02120995 0.02070999 0.00612998 -0.02110993 0.02070999 0.00612998 0.02110993 0.02070999 0.00612998 0.02120995 0.02070999 0.00612998 0.02130997 0.02075994 0.005969882 -0.02199 0.02075994 0.005969882 -0.02043998 0.02075994 0.005969882 0.02043998 0.02075994 0.005969882 0.02199 0.0209499 0.006169915 -0.02130997 0.0209499 0.006169915 -0.02110993 0.0209499 0.006169915 0.02110993 0.0209499 0.006169915 0.02130997 0.0209999 0.005949974 0 0.02110993 0.005949974 -0.02170991 0.02110993 0.005949974 -0.02130997 0.02110993 0.005949974 -0.02110993 0.02110993 0.005949974 -0.02070999 0.02110993 0.005949974 0.02070999 0.02110993 0.005949974 0.02110993 0.02110993 0.005949974 0.02130997 0.02110993 0.005949974 0.02170991 0.02110993 0.00612998 -0.02170991 0.02110993 0.00612998 -0.02070999 0.02110993 0.00612998 0.02070999 0.02110993 0.00612998 0.02170991 0.02110993 0.006169915 -0.02147996 0.02110993 0.006169915 -0.0209499 0.02110993 0.006169915 0.0209499 0.02110993 0.006169915 0.02147996 0.02110993 0.006189942 -0.02130997 0.02110993 0.006189942 -0.02110993 0.02110993 0.006189942 0.02110993 0.02110993 0.006189942 0.02130997 0.02120995 0.005449891 -0.02270996 0.02120995 0.005449891 -0.01971 0.02120995 0.005449891 0.01971 0.02120995 0.005449891 0.02270996 0.02120995 0.005949974 -0.02270996 0.02120995 0.005949974 -0.01971 0.02120995 0.005949974 0.01971 0.02120995 0.005949974 0.02270996 0.02120995 0.005969882 -0.02210998 0.02120995 0.005969882 -0.02031993 0.02120995 0.005969882 0.02031993 0.02120995 0.005969882 0.02210998 0.02120995 0.00612998 -0.02170991 0.02120995 0.00612998 -0.02070999 0.02120995 0.00612998 0.02070999 0.02120995 0.00612998 0.02170991 0.02130997 0.005949974 -0.02170991 0.02130997 0.005949974 -0.02130997 0.02130997 0.005949974 -0.02110993 0.02130997 0.005949974 -0.02070999 0.02130997 0.005949974 0.02070999 0.02130997 0.005949974 0.02110993 0.02130997 0.005949974 0.02130997 0.02130997 0.005949974 0.02170991 0.02130997 0.00612998 -0.02170991 0.02130997 0.00612998 -0.02070999 0.02130997 0.00612998 0.02070999 0.02130997 0.00612998 0.02170991 0.02130997 0.006169915 -0.02147996 0.02130997 0.006169915 -0.0209499 0.02130997 0.006169915 0.0209499 0.02130997 0.006169915 0.02147996 0.02130997 0.006189942 -0.02130997 0.02130997 0.006189942 -0.02110993 0.02130997 0.006189942 0.02110993 0.02130997 0.006189942 0.02130997 0.02147996 0.006169915 -0.02130997 0.02147996 0.006169915 -0.02110993 0.02147996 0.006169915 0.02110993 0.02147996 0.006169915 0.02130997 0.02164 0.00394994 -0.02363991 0.02164 0.00394994 0.02363991 0.02164 0.005449891 -0.02363991 0.02164 0.005449891 0.02363991 0.02164 0.005699992 -0.02357 0.02164 0.005699992 0.02357 0.02164 0.005879998 -0.02338999 0.02164 0.005879998 0.02338999 0.02164 0.005949974 -0.02313995 0.02164 0.005949974 0.02313995 0.02164 0.00394994 -0.02363991 0.02164 0.00394994 0.02363991 0.02165997 0.005969882 -0.02199 0.02165997 0.005969882 -0.02043998 0.02165997 0.005969882 0.02043998 0.02165997 0.005969882 0.02199 0.02170991 0.005949974 -0.02130997 0.02170991 0.005949974 -0.02110993 0.02170991 0.005949974 0.02110993 0.02170991 0.005949974 0.02130997 0.02170991 0.00612998 -0.02130997 0.02170991 0.00612998 -0.02120995 0.02170991 0.00612998 -0.02110993 0.02170991 0.00612998 0.02110993 0.02170991 0.00612998 0.02120995 0.02170991 0.00612998 0.02130997 0.02195996 0.005449891 -0.02250999 0.02195996 0.005449891 -0.01990991 0.02195996 0.005449891 0.01990991 0.02195996 0.005449891 0.02250999 0.02195996 0.005949974 -0.02250999 0.02195996 0.005949974 -0.01990991 0.02195996 0.005949974 0.01990991 0.02195996 0.005949974 0.02250999 0.02199 0.005969882 -0.02165997 0.02199 0.005969882 -0.02075994 0.02199 0.005969882 0.02075994 0.02199 0.005969882 0.02165997 0.02210998 0.005969882 -0.02120995 0.02210998 0.005969882 0.02120995 0.02238988 0.005949974 -0.02293998 0.02238988 0.005949974 0.02293998 0.02250999 0.005449891 -0.02195996 0.02250999 0.005449891 -0.02045989 0.02250999 0.005449891 0.02045989 0.02250999 0.005449891 0.02195996 0.02250999 0.005949974 -0.02195996 0.02250999 0.005949974 -0.02045989 0.02250999 0.005949974 0.02045989 0.02250999 0.005949974 0.02195996 0.02250999 0.005879998 -0.0231499 0.02250999 0.005879998 0.0231499 0.02260988 0.005699992 -0.02331 0.02260988 0.005699992 0.02331 0.02263993 0.003959894 -0.0233699 0.02263993 0.003959894 0.0233699 0.02263993 0.005449891 -0.0233699 0.02263993 0.005449891 0.0233699 0.02263993 0.003959894 -0.0233699 0.02263993 0.003959894 0.0233699 0.02263993 0.003959894 -0.0233699 0.02263993 0.003959894 0.0233699 0.02270996 0.005449891 -0.02120995 0.02270996 0.005449891 0.02120995 0.02270996 0.005949974 -0.02120995 0.02270996 0.005949974 0.02120995 0.02293998 0.005949974 -0.02238988 0.02293998 0.005949974 0.02238988 0.02313995 0.005949974 -0.02164 0.02313995 0.005949974 0 0.02313995 0.005949974 0.02164 0.0231499 0.005879998 -0.02250999 0.0231499 0.005879998 0.02250999 0.02331 0.005699992 -0.02260988 0.02331 0.005699992 0.02260988 0.0233699 0.003959894 -0.02263993 0.0233699 0.003959894 0.02263993 0.0233699 0.003959894 -0.02263993 0.0233699 0.003959894 0.02263993 0.0233699 0.005449891 -0.02263993 0.0233699 0.005449891 0.02263993 0.0233699 0.003959894 -0.02263993 0.0233699 0.003959894 0.02263993 0.02338999 0.005879998 -0.02164 0.02338999 0.005879998 0.02164 0.02357 0.005699992 -0.02164 0.02357 0.005699992 0.02164 0.02363991 0.00394994 -0.02164 0.02363991 0.00394994 -0.02164 0.02363991 0.00394994 0.02164 0.02363991 0.00394994 0.02164 0.02363991 0.005449891 -0.02164 0.02363991 0.005449891 0.02164 0.02026993 0.005949974 0.005479991 0.0209999 0.005949974 0 0.02026993 0.005949974 -0.005479991 0.01814997 0.005949974 0.01056993 0.01814997 0.005949974 -0.01056993 0.01475989 0.005949974 0.01493996 0.01475989 0.005949974 -0.01493996 0.01036 0.005949974 0.01826995 0.01036 0.005949974 -0.01826995 0.005239963 0.005949974 0.02033996 0.005239963 0.005949974 -0.02033996 0 0.005949974 0.02096992 0 0.005949974 -0.02096992 -2.5e-4 0.005949974 0.0209999 -2.5e-4 0.005949974 -0.0209999 -0.005709946 0.005949974 0.0202099 -0.005709946 0.005949974 -0.0202099 -0.01077991 0.005949974 0.01801997 -0.01077991 0.005949974 -0.01801997 -0.01510989 0.005949974 0.0145899 -0.01510989 0.005949974 -0.0145899 -0.01838994 0.005949974 0.01014 -0.01838994 0.005949974 -0.01014 -0.01979988 0.005949974 -0.006999969 -0.0221399 0.005949974 0.004869997 -0.0221399 0.005949974 -0.004869997 -0.02249991 0.005949974 0.004499912 -0.02249991 0.005949974 -0.004499912 -0.02263993 0.005949974 0.003999948 -0.02263993 0.005949974 0 -0.02263993 0.005949974 -0.003999948</float_array>
          <technique_common>
            <accessor source="#Mesh-mesh-positions-array" count="1636" stride="3">
              <param name="X" type="float"/>
              <param name="Y" type="float"/>
              <param name="Z" type="float"/>
            </accessor>
          </technique_common>
        </source>
        <source id="Mesh-mesh-normals">
          <float_array id="Mesh-mesh-normals-array" count="6264">0.1239961 0.9920505 -0.02146941 0 0 0 0 0 1 -0.1240435 -0.9920445 0.02146929 -0.9008237 0 0.4341851 0.9971829 0 -0.07500952 -0.9062825 -0.4159635 0.07500946 -0.546263 -0.716296 -0.4341852 -0.9441025 0 0.3296521 0.2165245 0.9735806 0.07251298 -0.8442129 -0.5039354 -0.1826305 -0.24174 -0.8921759 -0.3815546 -0.9919226 0 0.126845 -0.9507971 0.2980142 0.08469027 -0.002023458 -0.9999656 -0.008051574 -0.03165066 0.9993693 -0.01610261 1 0 0 -9.11633e-5 -1 0 -0.03955054 0.9992176 0 0.3157045 -0.8956496 0.3132771 0.9389489 -0.3052965 0.1586477 -0.8937712 0.1768411 -0.4121895 -0.9629544 0 -0.2696646 -0.9629542 0 -0.269665 -0.71673 0 -0.6973508 -0.716731 0 -0.6973498 -0.2516216 0 -0.9678258 -0.2516216 0 -0.9678258 -0.2516481 0 -0.9678189 -0.2516481 0 0.9678189 -0.2516216 0 0.9678258 -0.7167309 0 0.6973499 -0.7167301 0 0.6973507 -0.9629542 0 0.2696651 -0.9629544 0 0.2696645 -1 0 0 0 0 -1 -0.9122545 0 0.4096242 0 1 0 0 1 3.89872e-5 0 1 6.10639e-6 0 1 -1.14399e-6 0 1 -8.8262e-7 0 1 1.30814e-4 0 1 -4.29938e-6 0 1 -3.61448e-6 0 1 2.99866e-6 0 1 -6.59091e-6 0 1 9.14714e-5 0 1 9.92123e-6 0 1 -3.62831e-6 0 1 2.80331e-5 0 1 8.25796e-6 0 1 1.33766e-4 0 1 -3.29047e-6 0 1 5.33048e-6 0 1 3.38235e-6 0 1 -6.81609e-6 0 1 6.88268e-6 0 1 4.97337e-6 0 1 -4.31945e-6 0 1 8.52437e-6 0 1 5.15986e-6 0 1 -6.70555e-7 0 1 -8.21108e-7 0 1 -1.17544e-6 0 1 5.98129e-6 0 1 -7.97341e-7 0 1 -3.05267e-6 0 1 -1.56249e-6 0 1 1.89898e-6 0 1 1.41605e-6 0 1 -1.7921e-6 0 1 -8.01461e-6 0 1 -1.52296e-5 0 1 3.24016e-6 0 1 -7.45534e-6 0 1 -2.33714e-6 0 1 -1.1645e-5 0 1 -5.24984e-7 0 1 1.33799e-5 0 1 6.52872e-6 0 1 2.54723e-6 0 1 1.80773e-6 0 1 1.37364e-5 0 1 -8.51308e-6 0 1 -2.016e-6 0 1 4.26415e-6 0 1 -1.52011e-6 0 1 -5.25185e-7 0 1 1.85814e-6 0 1 1.57834e-6 0 1 -3.90383e-6 0 1 9.23336e-7 0 1 -4.30456e-7 0 1 1.3685e-5 0 1 -4.45043e-7 0 1 -1.64233e-6 0 1 5.37101e-7 0 1 2.68521e-6 0 1 -1.25078e-6 0 1 -1.40613e-6 0 1 2.07114e-6 0 0 -1 0 0 1 -9.59317e-5 0 -1 0 1 -8.47716e-6 0 1 7.86629e-7 0 1 -3.11641e-5 0 1 3.1164e-5 0 1 -5.85823e-6 0 1 5.36546e-6 0 1 1.665e-6 0 1 8.17442e-7 0 1 -4.86801e-6 0 1 -1.95138e-6 0 1 -4.81208e-6 0 1 1.94776e-5 0 1 -5.28868e-5 0 1 1.01662e-6 0 1 -3.62276e-6 0 1 5.60977e-6 0 1 -2.5034e-6 0 1 9.43682e-6 0 1 -2.89229e-4 0 1 -2.89224e-4 0 1 -2.89233e-4 0 1 -3.97877e-5 0 1 2.51394e-6 0 1 1.23451e-6 0 1 4.78383e-6 0 1 4.20536e-6 0 1 -6.82576e-6 0 1 4.1102e-7 0 1 4.57178e-6 0 1 6.67197e-6 0 1 1.09062e-5 0 1 -2.25308e-6 0 1 -2.51906e-5 0 1 6.58931e-5 0 1 -5.44718e-6 0 1 9.16507e-6 0 1 -9.55251e-6 0 1 1.73513e-6 0 1 -3.35569e-4 0 1 -3.35569e-4 0 1 -3.35569e-4 0 1 1.51415e-5 0 1 -8.54635e-6 0 1 -1.51123e-6 0 1 1.34084e-6 0 1 -2.38237e-6 0 1 5.10661e-6 0 1 2.45829e-5 0 1 -1.72111e-5 0 1 1.18194e-5 0 1 -1.37789e-5 0 1 -2.02101e-5 0 1 1.27943e-5 0 1 3.08787e-6 0 1 -3.50315e-5 0 1 2.4327e-6 0 1 2.65175e-5 0 1 -1.21933e-5 0 1 -6.06378e-5 0 1 4.33129e-6 0 1 -1.02331e-5 0 1 5.21759e-6 0 1 2.36877e-6 0 1 1.9862e-6 0 1 4.76916e-6 0 1 5.58617e-6 0 1 -6.27114e-6 0 1 2.39152e-6 0 1 -2.75971e-5 0 1 1.96198e-5 0 1 -2.69375e-5 0 1 1.17745e-5 0 1 -6.42388e-6 0 1 1.78156e-6 0 1 -3.10572e-7 0 1 -4.64067e-6 0 1 -6.78323e-6 0 1 -1.89672e-5 0 1 6.74703e-6 0 1 -2.19478e-5 0 1 2.37335e-5 0 1 5.41208e-5 0 1 1.25535e-5 0 1 -6.94868e-6 0 1 -2.79708e-7 0 1 -2.22366e-6 0 1 -2.1787e-5 0 1 -2.06764e-5 0 1 2.48486e-6 0 0 1 -0.8835525 -0.01679891 -0.4680308 -0.9577569 0.01148784 -0.2873499 -0.9492956 0 -0.3143852 -0.9492956 0 0.3143852 -0.9577569 0.01148784 0.2873499 -0.8835525 -0.01679891 0.4680309 -0.9086462 0.007454514 0.4175003 -0.8810333 0.007455468 0.4729955 -0.8048944 -0.01266258 0.5932831 -0.778573 0.001168906 0.627553 -0.7807021 0.001168668 0.6249023 -0.6209376 -0.001221835 0.7838591 -0.645303 -0.01542258 0.7637711 -0.3964914 -0.01515251 0.9179134 -0.4892986 0.00671643 0.8720905 -0.4938923 0.006716549 0.8694971 -0.1431934 -0.008459687 0.9896587 -0.3162155 0.006057679 0.9486681 -0.3172379 0.006057381 0.9483267 0.2392277 0.007879734 0.9709316 0.1193624 -0.01386052 0.9927541 0.05594795 0.002831995 0.9984298 0.1190727 0.004137814 0.992877 0.05264514 0.004161655 0.9986046 -0.1333201 -0.004683971 0.9910621 0.2451052 0.007883429 0.9694646 0.3747901 -0.01293915 0.9270194 0.4188745 0.001860976 0.9080424 0.4326866 0.001861751 0.9015425 0.6034747 -0.002768516 0.7973774 0.5845266 -0.01303023 0.8112699 0.7900421 -0.0146833 0.6128768 0.7272063 0.00706321 0.6863827 0.7263259 0.007063448 0.6873142 0.9823378 0.002615153 0.1870983 0.9289923 -0.004124879 0.3700761 0.9230852 -0.009820997 0.3844704 0.8414562 0.006707787 0.5402838 0.8421869 0.006707847 0.5391439 0.981962 0.002616286 0.1890605 0.9911405 -0.01446026 0.1320281 0.9999719 0.007499516 0 0.9911405 -0.01446026 -0.1320281 0.981962 0.002616167 -0.1890605 0.9823378 0.002615153 -0.1870983 0.9231196 -0.004671216 -0.3844848 0.9289413 -0.01127356 -0.3700557 0.7900421 -0.0146833 -0.6128768 0.8421869 0.006707847 -0.5391439 0.8414562 0.006707787 -0.5402838 0.4326866 0.001861751 -0.9015425 0.5845744 -0.002227663 -0.8113371 0.6034438 -0.01053839 -0.7973359 0.7263259 0.007063448 -0.6873142 0.7272063 0.00706321 -0.6863827 0.4188745 0.001861035 -0.9080424 0.3747901 -0.01293915 -0.9270194 0.2451051 0.007883429 -0.9694645 0.2392276 0.007879734 -0.9709317 0.1193624 -0.01386052 -0.992754 0.05594795 0.002831995 -0.9984298 0.1190727 0.004137814 -0.992877 0.05264514 0.004161655 -0.9986046 -0.1431975 -0.005155503 -0.9896807 -0.1333146 -0.009269177 -0.9910305 -0.3964914 -0.01515251 -0.9179134 -0.3172379 0.006057381 -0.9483267 -0.3162155 0.006057679 -0.9486681 -0.7807021 0.001168668 -0.6249023 -0.64538 -8.887e-4 -0.7638612 -0.6208956 -0.01165908 -0.7838066 -0.4938923 0.006716549 -0.8694971 -0.4892986 0.00671643 -0.8720905 -0.778573 0.001168966 -0.6275531 -0.8048944 -0.01266258 -0.5932831 -0.8810333 0.007455587 -0.4729955 -0.912229 0.00745207 -0.409613 -0.9012956 0 -0.4332047 7.33452e-7 0 1 -4.14812e-6 0 1 5.47934e-7 0 1 4.86162e-6 0 1 -4.4459e-7 0 1 8.83319e-7 0 1 -3.06559e-6 0 -1 5.29627e-5 0 -1 -1.93669e-5 0 -1 3.18232e-6 0 -1 -0.9471498 0.1680913 0.2732263 -0.407422 0.1514157 -0.9006002 -0.9422186 0.2770227 -0.1883683 -0.9113118 0.1482669 -0.3840934 -0.9315541 0.1626753 -0.3251826 -0.7990781 -0.3147255 -0.5122715 -0.90819 0.2504706 -0.3353441 -0.9111568 0.1457622 -0.3854178 -0.9286566 0.2244206 -0.2953512 -0.9333861 0.07786136 -0.3503256 -0.9164952 0.2975471 -0.2673996 -0.9269466 0.2845662 -0.2445241 -0.9255586 0.2859884 -0.2480969 -0.9177904 0.2867344 0.2746711 -0.9178881 0.2857703 0.2753486 -0.9191855 0.2162424 0.3291466 -0.9038482 0.1355535 0.4058122 -0.9143159 0.1812193 0.362196 -0.9384178 0.1466473 0.3128364 -0.9311497 0.1683365 0.3234549 -0.9017515 0.1467123 0.4065952 -0.9104676 0.168246 0.3778125 -0.9103633 0.1679668 0.3781879 -0.9123471 0.3225048 0.2522168 -0.9188268 0.2869066 0.2710016 -0.9848518 0.1048702 0.1380916 -0.9578326 0.2873268 0 -0.9559797 0.2861209 -0.06509691 -0.9987518 -0.04995018 0 -0.9210013 0.2770628 -0.2738481 -0.4861888 0.152302 -0.8604793 -0.4091916 0.1777049 -0.8949767 -0.3149003 0.1457846 -0.9378618 -0.1277884 0.1498807 -0.9804111 -0.3092967 0.1512401 -0.9388621 -0.1410114 0.1688652 -0.9755001 -0.1303847 0.1630736 -0.9779606 -0.4837849 0.1474931 -0.8626692 -0.6364654 0.1630808 -0.7538678 -0.6451912 0.169624 -0.7449538 -0.7708595 0.1599373 -0.6166002 -0.6459842 0.1598693 -0.7464223 -0.7711536 0.1450892 -0.6198962 -0.8274957 0.176334 -0.533064 -0.8709936 0.1562946 -0.4657706 -0.9149407 0.1555606 -0.3724038 -0.7441926 0.5367632 -0.397571 -0.9384224 0.1466506 -0.3128212 -0.9364101 0.1603583 0.3121242 -0.8722816 0.1474022 0.466259 -0.8270992 0.1767919 0.5335276 -0.7664852 0.1686903 0.619713 -0.8297699 0.1690654 0.5318825 -0.7716971 0.1450886 0.6192197 -0.6450884 0.1696106 0.7450458 -0.6363606 0.1663334 0.7532453 -0.6456345 0.1662999 0.7453191 -0.6360973 0.1630474 0.7541856 -0.4856365 0.1477019 0.8615924 -0.4099575 0.1772064 0.894725 -0.293738 0.173671 0.9399768 -0.4077556 0.1746857 0.8962256 -0.3145199 0.1452298 0.9380755 -0.1418865 0.1683768 0.9754577 -0.1341734 0.1666378 0.9768467 -0.1388895 0.1666336 0.976188 -0.1267375 0.1627987 0.9784857 0.1395272 0.1371737 0.9806711 0.05337399 0.1733641 0.9834105 0.07286149 0.173601 0.9821171 0.1416914 0.1761759 0.9741076 0.2380999 0.145502 0.96028 0.4082369 0.1680006 0.897284 0.4154492 0.1666423 0.8942217 0.4107232 0.1666606 0.8963987 0.4143446 0.1652225 0.8949973 0.648638 0.1363433 0.7487853 0.5758677 0.1693224 0.7998164 0.5755178 0.1693177 0.8000693 0.6442115 0.1772157 0.7440337 0.7189174 0.1454322 0.6797111 0.8300704 0.1669707 0.5320751 0.8296829 0.167057 0.5326521 0.8285248 0.1670718 0.5344472 0.8312186 0.1651415 0.5308521 0.9521889 0.1337424 0.2746806 0.9171258 0.1644154 0.3631088 0.9140599 0.1643554 0.3707856 0.9438661 0.1778123 0.2783874 0.9717587 0.1458967 0.1854705 0.9860593 0.1663947 0 0.9860593 0.1663945 0 0.9860593 0.1663948 0 0.9860594 0.1663939 0 0.9500397 0.1327729 -0.2824819 0.9697735 0.1601628 -0.1840853 0.96933 0.1601706 -0.1863995 0.9447141 0.1775993 -0.2756336 0.9188988 0.1459298 -0.36651 0.8302799 0.1652909 -0.5322729 0.8362179 0.1655583 -0.5228098 0.8307181 0.1654307 -0.5315451 0.8288995 0.1667451 -0.5339679 0.7189651 0.1454417 -0.6796587 0.6466874 0.1530749 -0.7472372 0.717961 0.1537461 -0.6788918 0.6443173 0.1772027 -0.7439451 0.5763564 0.146216 -0.8040114 0.407082 0.1568019 -0.899832 0.5925974 0.1567851 -0.7900929 0.4147582 0.1656923 -0.8947188 0.4098856 0.1681993 -0.8964948 0.2399505 0.1457667 -0.959779 0.1278349 0.1474868 -0.980768 0.2369798 0.1489817 -0.9600235 0.1408108 0.1768276 -0.9741173 0.05614566 0.1468986 -0.9875568 0.0506581 0.1469417 -0.9878472 -0.1424649 -3.81946e-4 -0.9897999 -0.129249 0 -0.9916123 -0.4158104 0 -0.9094514 -0.4154977 -2.07479e-4 -0.9095942 -0.4121835 0 -0.9111009 -0.6546782 0 -0.7559077 -0.6546425 -2.71068e-5 -0.7559387 -0.6543995 0 -0.7561491 -0.8406686 0 -0.54155 -0.8408757 2.08515e-4 -0.5412284 -0.8418595 0 -0.5396968 -0.9599749 0 -0.2800861 -0.9596625 -5.74047e-4 -0.2811542 -0.9585261 0 -0.2850049 -1 1.68216e-7 0 -0.9591509 0 0.2828954 -0.9596623 -8.31144e-4 0.2811542 -0.9608209 0 0.2771704 -0.840336 0 0.5420659 -0.8408755 -4.28722e-4 0.5412284 -0.8418886 0 0.5396514 -0.6545729 0 0.7559989 -0.6546422 -3.70691e-5 0.755939 -0.6547517 0 0.7558441 -0.4165506 0 0.9091125 -0.415497 4.32042e-4 0.9095945 -0.4141244 0 0.9102204 -0.1439406 0 0.9895864 -0.1424657 5.11748e-4 0.9897997 -0.1408587 0 0.9900298 0.1408587 0 0.9900298 0.1424657 5.11751e-4 0.9897997 0.1439406 0 0.9895864 0.4141244 0 0.9102204 0.415497 4.32063e-4 0.9095945 0.4165506 0 0.9091125 0.6547517 0 0.7558441 0.6546421 -3.70691e-5 0.7559391 0.6545729 0 0.7559989 0.8418886 0 0.5396514 0.8408755 -4.28806e-4 0.5412284 0.840336 0 0.5420659 0.9608209 0 0.2771704 0.9596623 -8.31059e-4 0.2811542 0.9591509 0 0.2828954 1 0 0 1 3.36432e-7 0 0.9585261 0 -0.2850049 0.9596625 -5.74132e-4 -0.2811542 0.9599749 0 -0.2800861 0.8418595 0 -0.5396968 0.8408757 2.08599e-4 -0.5412284 0.8406686 0 -0.54155 0.6543995 0 -0.7561491 0.6546424 -2.71278e-5 -0.7559387 0.6546782 0 -0.7559077 0.4121835 0 -0.9111009 0.4154976 -2.07458e-4 -0.9095944 0.4158104 0 -0.9094514 0.129249 0 -0.9916123 0.1424649 -3.81946e-4 -0.9897999 0.1430653 0 -0.9897133 -0.1430653 0 -0.9897133 0 1 -4.24821e-7 0 1 7.91675e-6 0 1 -1.08274e-6 0 1 6.09023e-7 0 1 -5.05306e-6 0 1 6.5802e-6 0 1 8.12054e-7 0 1 -7.33458e-7 0 1 1.77373e-6 -0.2516216 0 0.9678258 0 0.9838927 0.1787601 -0.007743358 0.9677956 0.2516183 0.002883911 0.3163387 0.948642 0.002883911 0.3163387 0.948642 0.002883851 0.3163388 0.948642 -0.001449942 0.6605977 0.7507388 -0.0086447 0.7071411 0.7070196 0.006873369 0.894729 0.4465567 0.006865799 0.8718784 0.4896745 0.002819061 0.3771077 0.9261652 -0.008780777 0.251609 0.9677892 0 0.1294967 0.99158 -0.9629616 0 0.2696388 -0.9629616 0 0.2696384 -0.7167402 0 0.6973404 -0.7167409 0 0.6973395 -0.2516489 0 0.9678187 -0.2516496 0 0.9678184 -0.251021 0.07025748 0.9654286 -0.1845586 0.1845568 0.9653378 -0.07032257 0.2509936 0.965431 -0.1943528 0.6936951 0.6935519 -0.1935193 0.6935299 0.6939501 -0.5112249 0.5112493 0.6908497 -0.5113192 0.5112053 0.6908125 -0.6933767 0.1940696 0.6939494 -0.7049807 0.1803999 0.6858994 -0.2607119 0.9343545 0.2429222 -0.2431081 0.9349583 0.2583629 -0.6829755 0.6828261 0.2594088 -0.6943901 0.6757123 0.2474578 -0.9403216 0.2406163 0.2406222 -0.9297554 0.2603393 0.2603427 -0.2516523 0.9678177 0 -0.7166773 0.697405 0 -0.7166808 0.6974014 0 -0.9629616 0.2696388 0 -0.9629634 0.2696323 0 -0.2516496 0 -0.9678184 -0.2516486 0 -0.9678187 -0.7167409 0 -0.6973396 -0.7167403 0 -0.6973403 -0.9629616 0 -0.2696384 -0.9629616 0 -0.2696388 -0.07032257 0.2509936 -0.965431 -0.1845586 0.1845568 -0.9653378 -0.2440452 0.9385624 -0.2440136 -0.2595536 0.9302033 -0.2595261 -0.6923107 0.6736956 -0.2585346 -0.6853175 0.6851588 -0.246774 -0.9342826 0.261607 -0.2422353 -0.9349945 0.2392534 -0.2618075 -0.193588 0.6937938 -0.6936669 -0.1942352 0.6932377 -0.694042 -0.511295 0.5111889 -0.6908425 -0.5112662 0.5112758 -0.6907996 -0.6994761 0.1789911 -0.6918782 -0.7027357 0.1966891 -0.6837221 -0.2510206 0.07025736 -0.9654287 0 0.1543936 -0.9880095 -0.009792685 0.2516025 -0.9677811 -0.007313847 0.7222312 -0.6916131 0.006806552 0.4473792 -0.8943185 0.006790757 0.5067924 -0.8620414 -0.04597437 0.887123 -0.4592376 0.002165019 0.7071661 -0.7070442 0.002833425 0.9171369 -0.3985626 0.002833425 0.9171369 -0.3985626 0.002808272 0.9172703 -0.3982557 -0.009079635 0.9677858 -0.2516114 0 0.9892095 -0.1465085 -0.2263171 0.7071991 0.6698135 0.3016133 0.6962773 0.6513274 0.7167988 0.6972801 0 0.5183383 0.6991137 -0.4925094 0.03861999 0.6995086 -0.7135799 -0.1644776 0.966977 0.1946867 -0.1247999 0.9671609 0.2214152 0.01369714 0.9675346 0.2523677 0.06004178 0.9683766 0.2421607 0.1849294 0.9670732 0.1748451 0.2347323 0.9675406 -0.09362715 0.1059377 0.9677559 -0.2285297 -0.1261045 0.9665828 -0.2231937 -0.1995158 0.966812 -0.1595879 -0.6884937 0.6887404 -0.2271853 -0.7271375 0.6432843 -0.2397004 -0.6712846 0.7042432 -0.2311245 -0.4655395 0.8727381 -0.1469731 -0.4845071 0.8612499 -0.1533022 -0.8913176 0.3449943 -0.2941634 -0.9159998 0.2510869 -0.3128896 -0.94458 0.09954309 -0.3128255 -0.9345932 0.1753103 0.3095187 -0.9164033 0.2510735 0.3117166 -0.8494294 0.4497442 0.2760429 -0.3866686 0.9136705 0.1252739 -0.4425538 0.885113 0.1439488 -0.6587387 0.7187076 0.2225371 -0.1144691 0.9926937 0.03815698 -0.2078732 0.9745356 0.08407878 -0.2402909 0.9673911 0.08009207 -0.2238968 0.9672368 0.1196801 -0.2239189 0.9672381 -0.1196287 -0.2369715 0.967504 -0.0882079 -0.1687527 0.9840523 -0.05624824 -0.2209064 0.9681143 -0.1181321 -0.195111 0.9681593 -0.156842 -0.1641929 0.9670663 -0.1944826 -0.1243415 0.9671475 -0.221732 -0.03327935 0.967772 -0.2496196 0.01293897 0.9675537 -0.2523339 0.01371562 0.9672586 -0.2534219 0.01418316 0.968278 -0.2494728 0.05978542 0.9683829 -0.2421988 0.148556 0.9669455 -0.2072376 0.1849191 0.9670728 -0.1748579 0.1827663 0.9676982 -0.1736572 0.1816321 0.9682599 -0.1717051 0.2103899 0.9683042 -0.1346218 0.2516183 0.9678266 0 0.2516198 0.9678263 0 0.2516176 0.9678269 0 0.2469467 0.9678946 -0.04687726 0.2482243 0.9675434 0.04737621 0.2343086 0.9675047 0.09504812 0.2367311 0.9670437 0.09372794 0.2142412 0.96715 0.1368263 0.1064518 0.9675577 0.2291296 0.105805 0.9677808 0.2284858 0.1058285 0.9677525 0.2285946 0.1467931 0.9679278 0.2038814 -0.07660233 0.9664561 0.2451425 -0.08143264 0.9671 0.2410115 -0.07958245 0.9681563 0.2373606 -0.03412741 0.9680385 0.2484692 -0.1947131 0.9681431 0.1574351 -0.2211865 0.968102 0.1177079 -0.6276964 0.7031448 0.3340429 -0.6718664 0.7041969 0.2295701 -0.8318248 0.4848443 0.270173 -0.2241536 0.7070921 -0.6706534 -0.08158159 0.966595 -0.2429785 -0.08117997 0.9673083 -0.2402591 -0.2303045 0.6945225 -0.6816145 -0.09659194 0.6949014 -0.7125884 -0.1300767 0.2495093 -0.9595963 0.05095285 0.2513204 -0.9665619 0.3019469 0.6962565 -0.6511951 0.06135588 0.9674739 -0.2454175 0.1061535 0.9675645 -0.2292392 0.3024201 0.694287 -0.6530756 0.4201309 0.6941245 -0.584535 0.5638197 0.2583407 -0.7844536 0.7015538 0.2590278 -0.6638727 0.657477 0.7066232 -0.2615486 0.2153846 0.9672009 -0.1346542 0.2363187 0.9670668 -0.09452718 0.6636053 0.6994057 -0.2654426 0.7016534 0.6998391 -0.1338205 0.5189335 0.6991631 0.4918118 0.2101588 0.9683126 0.134922 0.1812367 0.9682455 0.1722037 0.5147865 0.7040897 0.4891346 0.4141163 0.7046523 0.5761709 0.5625032 0.2666318 0.7826223 0.4169929 0.26696 0.8688206 0.03983801 0.6995571 0.7134654 0.01846146 0.9683754 0.2488142 0.01364457 0.9676014 0.2521139 0.0382691 0.7060816 0.7070957 -0.0952382 0.7051855 0.7025974 -0.1298208 0.256805 0.9577044 -0.3056252 0.2567348 0.9168864 -0.4604088 0.7018987 0.5434722 -0.164089 0.9670686 0.1945594 -0.1645526 0.9669355 0.1948288 -0.4632613 0.6960839 0.5485036 -0.5580545 0.6966719 0.4508032 -0.8506783 0.2603335 -0.4566979 -0.2229613 0.9675794 -0.1186523 -0.6337778 0.6961095 -0.3372792 -0.6271488 0.7030783 -0.3352096 -0.8501885 0.2658559 -0.4544231 -0.855485 0.2505778 -0.4531627 -0.7515838 0.2705998 -0.6015794 -0.1978081 0.9671254 -0.159814 -0.5580182 0.6966755 -0.4508425 -0.5582907 0.6963589 -0.4509941 -0.7490725 0.2696967 -0.6051067 -0.7513117 0.2623023 -0.6055809 -0.1644529 0.9669761 -0.194711 -0.4595612 0.7019485 -0.5441249 -0.4640493 0.6961387 -0.5477674 -0.6238369 0.2618654 -0.736379 -0.6211824 0.271262 -0.7352207 -0.1242638 0.9673125 -0.221055 -0.3465629 0.7069777 -0.6165038 -0.3499727 0.7017234 -0.6205671 -0.4731439 0.2688443 -0.8389623 -0.4767839 0.2610041 -0.8393772 -0.1288497 0.2567826 -0.9578416 -0.3056252 0.2567346 -0.9168864 -0.306248 0.2581495 -0.9162811 -0.3066115 0.2567417 -0.9165551 -0.472631 0.2588517 -0.842387 0.05412393 0.2532919 -0.9658747 0.05391526 0.2544988 -0.965569 0.03948158 0.7060295 -0.707081 -0.09333074 0.7052921 -0.7027463 -0.03303259 0.9680117 -0.2487211 -0.07830071 0.9681825 -0.23768 0.06135594 0.9674737 -0.2454183 0.1740909 0.69628 -0.696338 0.1739507 0.6986858 -0.6939592 0.2341915 0.268823 -0.934285 0.231424 0.2534713 -0.9392525 0.5634164 0.2666034 -0.781975 0.4169931 0.2669586 -0.868821 0.4046489 0.2732578 -0.872691 0.4044354 0.2602997 -0.8767418 0.2365386 0.2621702 -0.9355834 0.7046254 0.2473626 -0.6650676 0.7013877 0.2572908 -0.6647232 0.5154476 0.704041 -0.4885081 0.4156546 0.7047361 -0.5749595 0.1455321 0.9686569 -0.2013064 0.1509866 0.9678219 -0.2013055 0.2147563 0.9670678 -0.1366009 0.5968616 0.7068376 -0.3796536 0.6017701 0.7001482 -0.3842725 0.8154639 0.2527114 -0.5207262 0.8161413 0.246858 -0.5224699 0.9629566 0.269657 0 0.9449725 0.2718921 -0.1819388 0.9482964 0.2608134 -0.1808602 0.9482933 0.2609968 -0.1806115 0.8967946 0.2617039 -0.35675 0.8974832 0.2582648 -0.3575237 0.8130473 0.2577306 -0.5220433 0.9629558 0.2696592 0 0.9629536 0.2696672 0 0.7167885 0.6972906 0 0.7047261 0.6965112 -0.1350308 0.2486672 0.9674164 -0.04764711 0.2481265 0.9675519 -0.04771465 0.9482933 0.2609968 0.1806115 0.2469027 0.967885 0.04730743 0.7015128 0.6998659 0.1344156 0.7048102 0.6965438 0.1344226 0.9482964 0.2608134 0.1808602 0.9449725 0.2718921 0.1819388 0.2322334 0.9682141 0.09289306 0.65692 0.706689 0.262768 0.6640449 0.6994732 0.2641623 0.8976557 0.2582632 0.3570918 0.8966268 0.261689 0.3571826 0.2123954 0.9678003 0.1350955 0.6024884 0.7000991 0.383235 0.5962405 0.7067783 0.3807383 0.8154639 0.2527132 0.5207253 0.8130473 0.2577306 0.5220433 0.5647257 0.2583708 0.7837918 0.7015538 0.2590278 0.6638727 0.7013872 0.2572888 0.6647245 0.7046259 0.2473601 0.665068 0.8161413 0.246858 0.5224699 0.4044354 0.2602997 0.8767418 0.4046491 0.2732577 0.8726909 0.3027408 0.6943 0.6529132 0.4217955 0.6940282 0.5834497 0.148858 0.9671832 0.2059078 0.1488717 0.9669572 0.2069571 0.06135618 0.9674752 0.2454119 0.1735165 0.6987127 0.6940409 0.1745154 0.6962963 0.6962154 0.2341916 0.2688229 0.9342851 0.2365386 0.2621702 0.9355834 -0.1291018 0.2495415 0.9597197 0.05095285 0.2513203 0.9665619 0.05391544 0.2544995 0.9655689 0.05412375 0.2532908 0.965875 0.231424 0.2534713 0.9392525 -0.3066115 0.2567417 0.9165551 -0.306248 0.2581496 0.9162811 -0.2280327 0.6946395 0.6822589 -0.09468227 0.6948173 0.7129266 -0.03354668 0.9669916 0.2525905 -0.03233832 0.9677897 0.2496748 -0.1255914 0.9665981 0.2234166 -0.3491373 0.7016821 0.6210841 -0.3474388 0.7069223 0.616074 -0.4731439 0.2688443 0.8389623 -0.472631 0.2588517 0.842387 -0.8506787 0.2603318 0.4566982 -0.7513117 0.2623023 0.6055809 -0.7490725 0.2696967 0.6051067 -0.7515838 0.2705998 0.6015794 -0.622152 0.2712869 0.7343912 -0.6228549 0.2618909 0.7372007 -0.4767839 0.2610041 0.8393772 -0.855485 0.2505778 0.4531627 -0.8501885 0.2658559 0.4544231 -0.6331129 0.6961724 0.3383964 -0.5582582 0.6963577 0.4510365 -0.1946865 0.9681718 0.157292 -0.1992367 0.9668217 0.1598762 0 1 -1.52774e-6 0 1 -4.42727e-7 0 1 2.31403e-6 0 1 -5.0991e-6 0 1 3.05937e-6 0 1 -5.14863e-6 0 1 3.2504e-6 0 1 -5.29519e-7 0 1 9.17492e-7 0 1 -9.83603e-6 0 1 3.58125e-6 0 1 4.11888e-6 0 1 4.10088e-6 -0.2576699 0 0.9662331 0.05074441 0 0.9987117 0.05074536 0 0.9987117 0.3301512 0 0.9439281 0.3301883 0 0.9439151 -0.2314096 0.0416451 0.9719647 -0.2338062 0.03287625 0.9717273 -0.2353362 -0.0131545 0.971825 -0.2360823 0 0.9717331 -0.4985182 0 0.8668794 -0.5025569 -0.05005645 0.8630938 -0.5025761 -0.04957777 0.8631103 -0.4977616 0.05157709 0.8657789 -0.5000609 -0.05015736 0.8645366 -0.5000656 -0.05006164 0.8645393 -0.5000656 -0.05006164 0.8645393 -0.5043886 0 0.8634768 -0.7249746 0 0.6887757 -0.7241286 0.007162749 0.6896278 -0.7241343 0.007354199 0.6896198 -0.7241285 0.007162749 0.6896278 -0.8897832 0 0.4563837 -0.8898803 0.00834608 0.4561177 -0.890093 0 0.4557791 -0.7240386 0 0.6897596 -0.9833267 0 0.1818478 -0.9818266 -0.04400497 0.1846086 -0.9818152 -0.04433977 0.1845888 -0.9825246 0.002786517 0.186112 -0.9825744 0 0.1858699 0.8574913 0 -0.5144987 0.8651242 0.0379458 -0.5001204 0.8667179 -0.031515 -0.497802 0.8609359 0 -0.5087134 0.4996945 0 0.8662018 0.4997365 0 0.8661776 -0.8657591 0 0.5004609 -0.8655263 -0.01042252 0.500755 -0.8610574 -0.0673297 0.5040308 -0.8610574 -0.0673297 0.5040308 -0.8610273 -0.0676639 0.5040374 -0.8682813 0 0.4960721 0.6556912 0 0.7550293 0.6556912 0 -0.7550293 0.6515777 0.04563808 -0.7572079 0.651637 0.04427236 -0.757238 0.6511094 0 -0.7589839 0.8414095 0 -0.5403981 0.8394852 0.03625851 -0.5421715 0.8395023 0 -0.5433561 0.9587461 0 -0.2842642 0.9582291 -0.04994332 -0.2816073 0.9599246 0 -0.2802584 1 3.69647e-6 0 0.9598893 0 0.2803793 0.9588561 -0.03447735 0.2817916 0.9590871 0 0.2831115 0.8427022 0 0.53838 0.8393056 -0.04173845 0.5420555 0.8395185 0 0.5433312 0.6522911 0 0.7579686 0.6490893 0.07820898 0.7566813 0.6515777 0.04563808 0.7572079 -0.8655831 0 -0.5007654 -0.8657427 -0.006164908 -0.5004513 -0.8610268 -0.06767338 -0.5040371 -0.8682813 0 -0.4960721 0.4996945 0 -0.8662018 0.4997365 0 -0.8661776 0.8609359 0 0.5087134 0.8654893 -0.02444005 0.5003309 0.8662641 0 0.4995866 -0.8899113 0 -0.4561337 -0.9838696 0 -0.1788877 -0.9821695 -0.01867949 -0.1870674 -0.9826543 0.003371775 -0.1854159 -0.9822471 0.0329256 -0.1846803 -0.9842854 0 -0.1765857 -0.8899233 0 -0.4561102 -0.7249746 0 -0.6887757 -0.7241344 0.007354199 -0.6896198 -0.7241343 0.007354199 -0.6896198 -0.7241343 0.007354259 -0.6896199 -0.7232653 -0.02915704 -0.6899545 -0.7348744 0 -0.6782033 -0.5043886 0 -0.8634768 -0.4990345 -0.06014704 -0.8644923 -0.50055 -0.02403539 -0.865374 -0.50055 -0.02403539 -0.8653739 -0.50055 -0.02403539 -0.8653739 -0.4985182 0 -0.8668794 -0.2360823 0 -0.9717331 -0.2353362 -0.0131545 -0.971825 -0.2338062 0.03287625 -0.9717273 -0.2314191 0.04164677 -0.9719624 -0.2576699 0 -0.9662331 0.05074441 0 -0.9987117 0.05074536 0 -0.9987117 0.3301879 0 -0.9439153 0.3301516 0 -0.943928 -1 -2.42483e-5 0 -1 -8.619e-6 0 0 1 -1.20513e-5 0 1 1.4903e-5 0 1 -1.47622e-5 0 1 5.34167e-6 0 1 -3.24967e-6 0 1 9.4466e-6 0 1 -3.32367e-6 0 1 2.91132e-6 0 1 -9.24266e-7 0 1 1.6924e-6 0 1 6.5008e-6 0 1 -6.99541e-6 0 1 6.44103e-6 0 1 -2.61112e-6 0 1 1.71917e-5 0 1 -2.09717e-5 0 1 3.35134e-6 0 1 -5.46334e-6 0 1 3.68175e-6 0 1 -1.69626e-6 -0.9662551 0 -0.257587 -0.08783644 0 -0.996135 -0.08783179 0 -0.9961353 -0.3761497 0 -0.9265589 -0.3761265 0 -0.9265685 -0.7525888 0 -0.658491 -0.7525723 0 -0.6585098 -0.975059 0 -0.2219459 -0.9748053 0.01115286 -0.2227786 -0.9752557 -0.08203709 -0.2052955 -0.9960731 0 0.08853453 -0.9961577 -0.03251355 0.08131897 -0.9259935 0 0.3775396 -0.9259819 0 0.377568 -0.64019 0 0.7682167 -0.6401742 0 0.7682299 -0.2070842 0 0.9783232 -0.2070631 0 0.9783276 0.3159453 0 0.9487774 0.3159453 0 0.9487774 0.3159908 0 0.9487622 0.09023714 -0.07179903 0.9933289 0.973967 0 0.2266899 0.973967 0 0.2266899 0.973967 0 0.2266899 0.9751915 -0.02229827 0.2202368 0.9759454 0 0.2180154 0.747918 0 0.6637912 0.7479354 0 0.6637716 0.3729667 0 0.9278448 0.3730116 0 0.9278268 0.07913362 0 0.996864 0.997883 0 -0.06503665 0.9978833 0 -0.06503188 0.918897 0 -0.3944975 0.8935332 0.04462891 -0.4467735 0.8935208 0.04472273 -0.4467889 0.8935208 0.04472273 -0.446789 0.9294665 -0.04247063 -0.3664538 0.9294885 -0.04213625 -0.3664366 0.3159453 0 -0.9487774 0.3159453 0 -0.9487774 0.3159453 0 -0.9487774 0.2055183 -0.03620988 -0.9779832 0.2055183 -0.03620988 -0.9779832 0.2055258 -0.03659296 -0.9779675 0.2031113 0 -0.9791557 0.6410677 0 -0.7674845 0.6410683 0 -0.767484 0.9318304 0 -0.3628941 -0.05998182 0 0.9981995 -0.0599752 0 0.9981999 -0.3735888 0 0.9275946 -0.3735563 0 0.9276076 -0.7504186 0 0.6609629 -0.7504025 0 0.6609812 -0.9748494 0 0.2228646 -0.974844 0 0.2228884 0.9989659 0 0.04546499 0.9989659 0 0.04546731 0.9406995 0 0.3392412 0.9406814 0 0.3392914 0.6284094 0 0.7778828 0.6283562 0 0.7779258 0.1885012 0 0.982073 0.1884878 0 0.9820756 0.0813561 0 -0.9966852 0.08134412 0 -0.9966861 0.3692207 0 -0.9293418 0.3692048 0 -0.9293481 0.75929 0 -0.6507525 0.7592738 0 -0.6507714 0.9748494 0 -0.2228646 0.974844 0 -0.2228888 -0.995898 0 -0.09048312 -0.9958974 0 -0.09049057 -0.9003345 0 -0.4351985 -0.9003129 0 -0.4352434 -0.6028851 0 -0.7978281 -0.6028528 0 -0.7978525 -0.180667 0 -0.9835444 -0.180654 0 -0.9835467 0 1 5.45583e-6 0 1 -8.55277e-7 0 1 2.68219e-6 0 1 -1.01592e-6 0 1 -1.35701e-6 0 1 3.08117e-6 -0.707089 0 0.7071247 -0.7071369 0 0.7070767 -0.5784898 0 -0.8156896 -0.5790897 -0.02344685 -0.8149268 -0.5832719 0 -0.8122771 0.5970522 0 0.8022024 0.5880874 0.0537641 0.8070085 0.5876301 0 0.8091297 -0.6984345 0 0.715674 -0.6984595 0 0.7156496 0.6858965 0 -0.7276992 0.6860992 0.003730773 -0.7274985 0.6862705 0 -0.7273465 0 1 9.60761e-7 0 1 -2.69615e-6 -0.09392589 0 -0.9955793 -0.09391927 0 -0.9955799 -0.3951196 0.03932207 -0.9177877 -0.973423 0 -0.2290146 -0.979346 -0.06798714 -0.1904184 -0.4000926 0 -0.9164748 -0.7858868 0 -0.6183705 -0.7858414 0 -0.6184282 -0.974326 0 -0.2251424 -0.9821575 0.06549036 -0.1762886 -0.9821575 0.06549036 -0.1762886 -0.9821575 0.06549036 -0.1762886 -0.9922811 0 0.1240091 -0.9924722 -0.06522005 0.1036598 -0.9963515 0 0.08534467 -0.914348 0 0.4049295 -0.914339 0 0.4049496 -0.6231111 0 0.7821335 -0.6230641 0 0.7821709 -0.2019171 0 0.9794027 -0.2019025 0 0.9794056 0.09275752 0 -0.9956888 0.09242337 0 -0.9957199 0.09274321 0 -0.9956901 0.3911358 0 -0.920333 0.3911056 0 -0.9203458 0.8099496 0 -0.5864995 0.809925 0 -0.5865335 0.9869185 0 -0.1612201 0.986917 0 -0.1612289 0.1413952 0 0.9899533 0.1542835 -0.03715646 0.9873278 0.1644598 0 0.9863839 0.5813336 0 0.8136653 0.5813843 0 0.8136292 0.8889639 0 0.4579773 0.8889635 0 0.4579783 0.9963653 0 0.08518403 0.9963653 -3.53894e-7 0.08518403 0.9963653 0 0.08518403 0.9963372 0 0.08551186 1 1.71577e-5 0 0 1 4.80979e-6 0 1 4.40393e-6 0 1 9.50323e-6 0 1 -1.7463e-5 0 1 3.98475e-6 0 1 1.60049e-6 0 1 -2.45889e-6 -0.4682169 0 0.8836136 -0.4678565 -0.01021987 0.8837454 -0.4668028 0 0.8843615 0.4174779 0 -0.9086871 0.4175239 0 -0.908666 0.4439362 0 0.8960584 0.443983 0 0.8960353 -0.4856534 0 -0.8741515 -0.4930519 -0.08800297 -0.8655376 -0.4976413 0 -0.8673829 0 1 -6.93872e-6 0 1 6.5154e-6 0 1 -2.61713e-6 0 1 1.72039e-5 0 1 -2.09474e-5 0 1 3.34256e-6 0 1 -5.43961e-6 0 1 3.65545e-6 0 1 -1.68022e-6 0 1 -3.24969e-6 0 1 9.90201e-6 0 1 -3.29535e-6 0 1 2.90111e-6 0 1 -9.25963e-7 0 1 1.70844e-6 0 1 6.55886e-6 -0.9662527 0 -0.2575961 -0.9737103 -0.05961793 -0.2198498 -0.9766127 0 -0.2150063 -0.7484437 0 -0.6631985 -0.7484598 0 -0.6631802 -0.3760871 0 -0.9265844 -0.3761121 0 -0.9265742 -0.0879144 0 -0.996128 -0.08791905 0 -0.9961276 -0.9965465 0 0.08303725 -0.9952427 -0.03617608 0.09046208 -1 -3.54469e-6 0 -0.9272531 0 0.3744353 -0.9272419 0 0.3744632 -0.6401918 0 0.7682152 -0.6401766 0 0.7682278 -0.200262 0 0.9797424 -0.2002447 0 0.9797459 0.07553416 0.02264046 0.9968862 0.9721307 0 0.2344397 0.9721307 0 0.2344397 0.9721307 0 0.2344397 0.9744769 -0.04434722 0.2200642 0.07913541 0 0.9968639 0.3729626 0 0.9278464 0.3729186 0 0.9278641 0.7479344 0 0.6637727 0.7479175 0 0.6637917 0.9756115 0 0.2195045 0.9622555 0.1924211 0.1924536 0.9622556 0.1924211 0.1924536 0.9622556 0.1924211 0.1924535 0.9978833 0 -0.0650317 0.9137101 0 -0.4063667 0.9137101 0 -0.4063667 0.9137101 0 -0.4063667 0.9305531 -0.04522287 -0.3633536 0.9305532 -0.04522293 -0.3633534 0.9305139 -0.04589265 -0.3633702 0.1985183 0.05950409 -0.9782892 0.2031161 0 -0.9791548 0.6410356 0 -0.7675111 0.9331136 0 -0.3595819 -0.07973349 0 0.9968162 -0.07973223 0 0.9968163 -0.3736593 0 0.9275661 -0.3736243 0 0.9275801 -0.7423951 0 0.6699624 -0.7423787 0 0.6699805 -0.9748497 0 0.2228636 -0.9748442 0 0.2228877 0.9988652 0 0.04762703 0.998865 0 0.04763025 0.9406987 0 0.3392434 0.9406808 0 0.3392931 0.6372967 0 0.7706186 0.6372438 0 0.7706624 0.1885001 0 0.9820732 0.1884889 0 0.9820753 0.08134925 0 -0.9966857 0.08133268 0 -0.9966871 0.3692232 0 -0.9293408 0.3692098 0 -0.9293461 0.7592856 0 -0.6507576 0.7592712 0 -0.6507745 0.9755282 0 -0.2198748 0.9755228 0 -0.2198985 -0.9958994 0 -0.09046769 -0.9958988 0 -0.09047448 -0.9003132 0 -0.4352428 -0.6028081 0 -0.7978862 -0.6027823 0 -0.7979058 -0.1903637 0 -0.9817137 -0.1903479 0 -0.9817168 0 1 5.39671e-6 0 1 -8.51803e-7 0 1 2.68715e-6 0 1 -1.02005e-6 0 1 -1.36023e-6 0 1 3.08075e-6 -0.9848023 0 -0.17368 -0.05647963 0 -0.9984037 -0.06539493 0.04702675 -0.9967507 -0.06539493 0.04702675 -0.9967507 -0.06539487 0.04702675 -0.9967507 -0.07228285 0 -0.9973843 -0.3846134 0 -0.9230778 -0.3845921 0 -0.9230867 -0.7695769 0 -0.6385542 -0.7695477 0 -0.6385895 -0.9838732 0 -0.1788675 -0.9831081 0.02401107 -0.1814447 -0.9862593 -0.01646429 -0.1643823 -0.9862594 -0.01646423 -0.1643823 -0.9862397 -0.0161128 -0.1645345 -0.9967339 0 0.08075666 -0.9968309 -0.03557986 0.07114899 -0.1197807 0 0.9928004 -0.1129615 -0.03950005 0.992814 -0.1094769 0 0.9939894 -0.6367993 0 0.7710296 -0.6368592 0 0.7709802 -0.9175465 0 0.3976285 -0.9175567 0 0.3976051 0.04652845 0 -0.9989171 0.04931038 -0.01201701 -0.9987113 0.05246955 0 -0.9986225 0.3162898 0 -0.9486626 0.3162741 0 -0.9486678 0.7226938 0 -0.6911684 0.7226375 0 -0.6912272 0.9737035 0 -0.2278195 0.9736952 0 -0.2278547 0.9823417 0 0.1870959 0.9830903 0.009157836 0.1828924 0.9838768 0 0.1788474 0.7752728 0 0.6316266 0.7752224 0 0.6316885 0.3881651 0 0.9215899 0.3881359 0 0.9216022 0.0603953 0 0.9981746 0.0728628 0.04148942 0.9964786 0.1242291 0 0.9922536 0 1 -6.16159e-6 0 1 4.56492e-6 0 1 7.0782e-6 0 1 -2.14312e-6 0 1 1.04173e-5 0 1 -5.695e-6 0 1 -7.82173e-7 0 1 1.12145e-5 0 1 3.82587e-6 0 1 1.24201e-6 0 1 -6.51504e-6 0 1 -4.86988e-5 0 1 4.80958e-6 0 1 -5.17979e-6 0 1 -5.48711e-6 0 1 3.25981e-6 -0.497522 0 -0.8674514 -0.9748303 0 -0.222948 -0.9748249 0 -0.222972 -0.7071908 0 -0.7070227 -0.70708 -2.94079e-4 -0.7071336 -0.7071216 0 -0.7070919 -0.706986 0 -0.7072275 -0.706986 0 -0.7072275 -0.4975421 0 -0.8674399 -0.4788855 0 -0.8778774 -0.4699901 0.02474224 -0.8823248 -0.4678935 0 -0.8837848 0.4653351 0 0.8851346 0.4653626 0 0.8851202 0.5104979 0 0.8598791 0.5105199 0 0.859866 0.478776 0 0.8779372 0.4788352 0 0.8779049 0.5240341 0 0.8516973 0.5240859 0 0.8516654 0.7070473 0 0.7071663 0.7131697 -0.03266042 0.7002302 0.7054486 -0.07019829 0.7052762 0.6732447 -0.1449869 0.7250658 -0.980603 0 0.1960043 -0.980606 0 0.1959901 -0.8944084 0 0.4472512 -0.9065487 -0.03245812 0.4208517 -0.9047191 -0.01032882 0.4258834 -0.9078401 0 0.4193166 -0.6364823 0 0.7712913 -0.636465 0 0.7713057 -0.1934754 0 0.9811052 -0.1934659 0 0.981107 0.1720544 0 0.9850875 0.1720259 0 0.9850924 0.5627669 0 0.8266156 0.562737 0 0.826636 0.883788 0 0.4678876 0.8645797 -0.06815612 0.497852 0.9938856 0 0.1104144 0.9939121 -0.02824294 0.1064947 0.9965364 0 0.08315902 0.8479735 0 0.5300387 0.1465816 0 -0.9891987 0.1465725 0 -0.9891999 0.5449485 0 -0.8384696 0.5449133 0 -0.8384925 0.885896 0 -0.463884 0.8858644 0 -0.4639443 0.9986142 0 -0.05262804 0.9986141 0 -0.05263102 -0.8944293 0 -0.4472095 -0.8944113 0 -0.4472455 -0.6357374 0 -0.7719055 -0.6357175 0 -0.7719218 -0.1960934 0 -0.9805853 -0.196071 0 -0.9805897 -0.9996135 0 -0.0278021 -0.9996134 0 -0.02780365 -0.9965505 0 -0.08299034 -0.9965499 0 -0.0829966 0 1 -1.65506e-5 0 1 6.794e-6 0 1 -1.7729e-5 0 1 1.89953e-5 0 1 1.41882e-5 0 1 -4.76174e-5 0.8510591 0 -0.52507 0.8510296 0 -0.5251177 0.9761949 0 -0.2168949 0.979 0 0.2038607 0.9789962 0 0.2038787 0.7848309 0 0.6197099 0.784794 0 0.6197568 0.0980789 0 0.9951786 0.4172158 0 0.9088075 0.418953 0.01373696 0.907904 0.4190593 0.01420104 0.9078479 0.418953 0.01373696 0.907904 0.4477726 0 0.8941475 0.09808391 0 0.9951782 -0.04879641 0 0.9988088 -0.04879289 0 0.9988089 -0.3121026 0 0.9500485 -0.3120872 0 0.9500535 -0.707134 0 0.7070797 -0.7070813 0 0.7071323 -0.9662466 0 0.2576194 -0.9662393 0 0.2576467 -0.9825866 0 -0.185806 -0.9825822 0 -0.1858287 -0.7999987 0 -0.6000018 -0.7999983 0 -0.6000025 -0.4178308 0 -0.9085248 -0.4178041 0 -0.9085372 -0.9867985 0 0.1619531 -0.9855828 -0.03062266 0.1663995 -0.9855828 -0.03062266 0.1663996 -0.9855828 -0.03062266 0.1663996 -0.980537 0 0.1963347 0.9801307 0 0.1983528 0.1415271 0 0.9899345 0.1415181 0 0.9899357 0.3769854 0 0.9262192 0.3769454 0 0.9262355 0.7662292 0 0.6425675 0.7632371 -0.0177111 0.6458758 0.7592405 0 0.6508104 0.9801328 0 0.1983423 0.9993689 0 -0.03552299 0.9993688 0 -0.03552699 0.9292434 0 -0.3694683 0.9292293 0 -0.3695034 0.623405 0 -0.7818992 0.6233863 0 -0.7819141 0.2039598 0 -0.9789794 0.20394 0 -0.9789834 -0.06650561 0 -0.9977861 -0.06650513 0 -0.9977861 -0.3715031 0 -0.9284318 -0.3572939 -0.01632934 -0.9338492 -0.9744234 0 -0.2247204 -0.971145 0.01796746 -0.2378121 -0.9708179 0 -0.2398178 -0.7314118 0 -0.681936 -0.7314562 0 -0.6818885 -0.3560224 0 -0.9344774 -0.9986285 0 0.05235606 -0.9986282 0 0.05236202 -0.9899319 0 0.1415445 -0.991594 -0.01942914 0.1279221 -0.8197438 0 0.5727304 -0.8205757 0.01471531 0.5713486 -0.8321812 0 0.5545038 -0.9464927 0 0.3227251 -0.9464986 0 0.322708 -0.9931706 0 0.1166717 0 1 1.19789e-5 0 1 -3.07896e-6 0 1 -4.8584e-6 0 1 2.43716e-6 0 1 3.76629e-6 0 1 -3.73337e-6 0 1 1.37902e-5 0 1 -9.05315e-6 0 1 1.35947e-5 0 1 -5.16385e-6 0 1 7.27882e-6 0 1 2.41777e-6 0 1 3.81911e-6 0 1 -7.2474e-6 0 1 -7.6171e-6 0.2884208 0 -0.9575037 0.04760813 -0.03808033 -0.99814 0.004717767 0.08612132 -0.9962736 0.002540469 0 -0.9999969 0.2884398 0 -0.9574981 -0.9061942 0 -0.4228619 -0.9062066 0 -0.4228354 -0.2879661 0 0.9576407 -0.2879849 0 0.957635 -0.004583477 0 0.9999895 -0.004994451 0.01797717 0.9998259 0.9899554 0 -0.1413802 0.9899581 0 -0.1413615 0 1 1.40319e-5 0.9753846 0 -0.2205109 0.9742073 0.03346765 -0.2231594 0.9722753 0.06796735 -0.2237439 0.9733108 0 -0.2294913 0.8575015 0 -0.5144817 0.8566042 0.02760678 -0.5152352 0.6551284 0 -0.7555176 0.6558401 0.02806127 -0.7543781 0.6569499 0 -0.7539342 0.8562949 0 -0.5164872 -0.8502418 0 -0.5263922 -0.8502559 0 -0.5263697 -0.6562141 0 0.7545748 -0.6565571 -0.01530557 0.7541211 -0.8581315 0 0.5134299 -0.8558117 -0.05489093 0.5143671 -0.8558357 -0.0544123 0.5143781 -0.8558117 -0.05489093 0.5143671 -0.8555766 0 0.5176763 -0.6572204 0 0.7536984 -0.9748181 0 0.2230015 -0.9746626 -0.006721258 0.2235792 -0.9746583 -0.007200598 0.223583 -0.9746076 -0.01694899 0.2232773 -0.9746049 -0.01714074 0.223275 -0.9746091 -0.01685315 0.2232785 -0.9744037 0 0.2248051 0.05984866 0 0.9982075 0.05985271 0 0.9982072 0 1 -3.19679e-6 0.8569307 0 0.5154318 0.6551284 0 0.7555176 0.6555542 0.01396107 0.755019 0.655507 0.04293221 0.7539678 0.6630473 0 0.7485775 0.8569442 0 0.5154094 0.9747363 0 0.2233589 0.9744907 0.008842051 0.2242537 0.9742429 0.0289722 0.223632 0.9742519 0.0284934 0.2236545 0.9733989 0 0.2291172 0.05984836 0 -0.9982075 0.05985301 0 -0.9982073 -0.8571054 0 -0.5151411 -0.9740688 0 -0.2262522 -0.9743051 0.0265783 -0.2236586 -0.9743051 0.0265783 -0.2236586 -0.9743051 0.0265783 -0.2236586 -0.9741367 0.0335021 -0.2234624 -0.9769238 0 -0.2135881 -0.8571192 0 -0.5151182 -0.6562141 0 -0.7545748 -0.6565571 -0.01530557 -0.7541211 -0.6558607 -0.02920979 -0.7543166 -0.6558921 -0.02968591 -0.7542707 -0.6585053 0 -0.7525761 -0.8502393 0 0.5263963 -0.8502585 0 0.5263656 0.2965646 0 0.9550128 0.2965434 0 0.9550194 0.03020942 0 0.9995436 0.03020721 0 0.9995437 0.9926325 0.06945109 0.09928351 0.9933075 0 0.1154997 -0.297158 0 -0.9548284 -0.03193539 0 -0.99949 -0.0316106 -0.007049322 -0.9994754 -0.03124654 0 -0.9995118 -0.297178 0 -0.9548221 -0.9061926 0 0.4228654 -0.9062082 0 0.4228318 0 1 1.47061e-5 0 1 -1.4368e-5 0 1 -2.5137e-6 0 1 9.70638e-6 0 1 -5.86818e-6 0 1 1.18045e-5 0 1 -5.36885e-6 0 1 -9.70629e-6 0 1 5.91723e-6 0 1 -1.98484e-5 0 1 1.16206e-5 -0.707115 -5.59148e-5 0.7070986 -0.7071488 0 0.7070648 -0.2644364 0 0.9644032 -0.264407 0 0.9644113 0.2605103 0 0.9654712 0.2604969 0 0.9654748 0.740045 0 0.6725575 0.6913611 -0.09622824 0.7160726 0.6913841 -0.09608626 0.7160695 0.6913611 -0.09622824 0.7160726 0.7135145 0.06073349 0.6980032 0.7594714 0 0.6505408 0.9643878 0 0.2644926 0.9643805 0 0.2645189 0.9643878 0 -0.2644926 0.9643805 0 -0.2645189 0.7148446 0 -0.6992834 0.2605109 0 -0.965471 0.2604963 0 -0.9654749 -0.2644358 0 -0.9644033 -0.2644076 0 -0.9644111 -0.707115 0 -0.7070986 -0.9644094 0 -0.2644137 -0.9644058 0 -0.2644268 -0.9644094 0 0.2644137 -0.9644058 0 0.2644268 -0.7594714 0 0.6505408 -0.6919301 0.08682662 0.7167244 0.2545042 0 0.9670717 -0.2608981 0 0.9653664 -0.2608861 0 0.9653697 -0.6941893 0 0.7197926 -0.694189 0 0.7197927 -0.9670652 0 0.254529 -0.9670594 0 0.2545506 -0.9670652 0 -0.254529 -0.9670594 0 -0.2545506 -0.694189 0 -0.7197927 -0.6941893 0 -0.7197926 -0.2608981 0 -0.9653664 -0.2608861 0 -0.9653697 0.2545156 0 -0.9670688 0.2545042 0 -0.9670717 0.7070932 0 -0.7071204 0.7070931 0 -0.7071206 0.9670624 0 -0.2545399 0.9670594 0 -0.2545506 0.9670624 0 0.2545399 0.9670594 0 0.2545506 0.7070931 0 0.7071206 0.7070932 0 0.7071204 0.2545156 0 0.9670688 0 1 7.56354e-6 0 1 2.76169e-6 0 1 -2.07297e-5 0 1 -8.98269e-6 0 1 2.42532e-5 0.9662454 0 0.2576236 0.9662454 0 -0.2576236 0.7070688 0 -0.7071448 0.7070682 0 -0.7071453 0.2576274 0 -0.9662443 0.2576236 0 -0.9662454 -0.2576236 0 -0.9662454 -0.2576279 0 -0.9662442 -0.7071062 0 -0.7071074 -0.7071068 0 -0.7071068 -0.9662448 0 -0.2576258 -0.9662448 0 0.2576258 -0.9662451 0 0.2576246 -0.7071437 0 0.70707 -0.7071442 0 0.7070693 -0.2576236 0 0.9662454 0.257623 0 0.9662456 0.2576236 0 0.9662454 0.7071062 0 0.7071074 0.7071056 0 0.707108 0.9662458 0 0.2576224 0.1563789 0.9383139 0.3084037 -0.3083986 0.9383139 0.156389 -0.115876 0.9864817 -0.115874 -0.1636226 0.940232 -0.2986495 -0.1636226 0.940232 -0.2986495 -0.220938 0.9499325 -0.220941 -0.2209397 0.949932 -0.2209413 -0.2990909 0.9401183 -0.1634697 -0.1044692 0.9140841 -0.3918375 0 0.9284526 -0.3714512 0.09856754 0.9239274 -0.3696522 -0.216988 0.9501777 0.2237828 -0.4961845 0.8682172 0 -0.3696514 0.9239292 -0.09855365 -0.3714653 0.9284468 0 -0.3918193 0.9140908 0.1044784 -0.1636226 0.940232 0.2986495 -0.1636226 0.940232 0.2986495 -0.1636226 0.940232 0.2986495 -0.2153668 0.9493638 0.2287477 -0.115778 0.9856336 0.1229715 0.2209584 0.9499238 0.2209576 0 0.8602603 0.5098552 -0.1007112 0.9204313 0.3777082 0 0.9251372 0.3796329 0.1068789 0.9099171 0.4007838 0.3084045 0.9383114 0.156392 0.220962 0.9499234 0.2209557 0.122871 0.9847867 0.1228732 0 0.8682041 -0.4962073 0.2990909 0.9401183 -0.1634697 0.2249251 0.9496535 -0.2180985 0.5098862 0.8602419 0 0.3777051 0.9204313 0.1007232 0.3796359 0.9251361 0 0.4007977 0.9099126 -0.1068664 0.1563789 0.9383139 -0.3084037 0.2264586 0.9503999 -0.2132055 0.1229755 0.9856326 -0.1157818 0.468902 0.7485063 0.4689022 0.4689009 0.7485063 0.4689034 0.1704363 0.7498916 0.6392292 0.1704684 0.7498758 0.6392393 -0.1704392 0.7498809 0.6392411 -0.1704438 0.7498869 0.6392328 -0.4688888 0.7484894 0.4689424 -0.4658536 0.7430762 0.4804355 -0.6451668 0.744426 0.1720169 -0.6451739 0.7444159 0.1720338 -0.6451728 0.7444205 -0.1720178 -0.6451808 0.7444151 -0.1720116 -0.4721046 0.7444695 -0.4721043 -0.4721004 0.7444723 -0.4721041 -0.1720187 0.7444182 -0.6451753 -0.1720134 0.7444183 -0.6451767 0.1720179 0.7444213 -0.645172 0.1720329 0.7444251 -0.6451635 0.4721129 0.7444893 -0.4720649 0.474987 0.7498446 -0.4605654 0.6392388 0.7498835 -0.1704363 0.6392405 0.7498799 -0.1704459 0.6392381 0.7498838 0.1704377 0.6392216 0.7498923 0.1704621 2.10558e-5 0 -1 -2.3682e-5 0 -1 2.22958e-5 0 -1 -1.09834e-5 0 -1 1 2.52653e-5 0 -2.22958e-5 0 1 2.3682e-5 0 1 0.7071437 0 0.70707 0.7071442 0 0.7070693 0.9662451 0 0.2576246 0.9662448 0 0.2576258 0.9662448 0 -0.2576258 0.7071062 0 -0.7071074 0.7071068 0 -0.7071068 0.2576279 0 -0.9662442 -0.257623 0 -0.9662456 -0.7070688 0 -0.7071448 -0.7070682 0 -0.7071453 -0.9662454 0 -0.2576236 -0.9662454 0 0.2576236 -0.9662458 0 0.2576224 -0.7071062 0 0.7071074 -0.7071056 0 0.707108 -0.257623 0 0.9662456 -0.3084045 0.9383114 0.156392 -0.1563789 0.9383139 -0.3084037 0.3696526 0.9239273 0.098567 0.2209403 0.9499313 -0.2209433 0.3714599 0.9284491 0 0.3918377 0.9140842 -0.1044675 0.1636226 0.940232 -0.2986495 0.1636226 0.940232 -0.2986495 0.1636226 0.940232 -0.2986495 0.2209382 0.9499331 -0.2209382 0.115876 0.9864817 -0.115874 -0.2237806 0.9501782 -0.216988 0 0.8682285 -0.4961647 0.09855413 0.9239283 -0.3696535 0 0.9284493 -0.3714594 -0.1044803 0.9140875 -0.3918267 -0.2987843 0.9401963 -0.1635817 -0.2287453 0.9493663 -0.2153584 -0.1229755 0.9856326 -0.1157818 -0.2209577 0.949924 0.2209577 -0.5099001 0.8602337 0 -0.377703 0.9204337 -0.1007098 -0.379639 0.9251347 0 -0.40078 0.9099191 0.1068779 -0.1563789 0.9383139 0.3084037 -0.220962 0.9499234 0.2209557 -0.122871 0.9847867 0.1228732 0.4961617 0.8682302 0 0.1634635 0.9401208 0.2990864 0.2180975 0.9496536 0.2249255 0 0.8602367 0.509895 -0.1007238 0.9204321 0.3777031 0 0.9251304 0.3796495 0.1068668 0.9099152 0.4007916 0.3083986 0.9383139 0.156389 0.213213 0.9503971 0.2264631 0.115778 0.9856336 0.1229715 -0.4688997 0.7485074 0.4689027 -0.468904 0.7485057 0.4689014 -0.6392281 0.749893 0.1704351 -0.6392381 0.7498769 0.1704678 -0.6392399 0.7498824 -0.1704374 -0.6392388 0.7498821 -0.1704429 -0.4689416 0.7484884 -0.4688911 -0.4804341 0.7430779 -0.4658522 -0.1720171 0.7444236 -0.6451696 -0.1720349 0.744419 -0.64517 0.1720185 0.7444179 -0.6451758 0.1720135 0.7444189 -0.6451759 0.4721021 0.7444706 -0.4721051 0.4721063 0.7444688 -0.4721038 0.6451776 0.7444164 -0.1720182 0.6451731 0.744422 -0.1720108 0.645174 0.7444193 0.1720189 0.6451618 0.7444271 0.1720306 0.472065 0.7444874 0.4721156 0.4605628 0.749847 0.4749857 0.1704382 0.7498852 0.6392365 0.1704456 0.7498798 0.6392407 -0.1704398 0.7498803 0.6392417 -0.1704626 0.7498947 0.6392186 2.3682e-5 0 -1 -1.05279e-5 0 -1 -2.3682e-5 0 1 2.22958e-5 0 1 -1 2.52653e-5 0 2.19668e-5 0 -1 -2.22958e-5 0 -1 -0.7070688 0 0.7071448 -0.7070682 0 0.7071453 -0.2576274 0 0.9662443 0.2576279 0 0.9662442 0.7071062 0 0.7071074 0.7071068 0 0.7071068 0.9662451 0 -0.2576246 0.7071437 0 -0.70707 0.7071442 0 -0.7070693 -0.7071062 0 -0.7071074 -0.7071056 0 -0.707108 -0.9662458 0 -0.2576224 0.3083986 0.9383139 -0.156389 0.1636226 0.940232 0.2986495 0.1636226 0.940232 0.2986495 -0.09856796 0.9239268 0.3696538 0.2209397 0.949932 0.2209413 0 0.9284526 0.3714512 0.1044688 0.914085 0.3918352 0.2990909 0.9401183 0.1634697 0.2987843 0.9401963 0.1635817 0.2209367 0.949933 0.2209397 0.115876 0.9864817 0.115874 0.216988 0.9501777 -0.2237828 0.4961845 0.8682172 0 0.3696514 0.9239292 0.09855365 0.3714653 0.9284468 0 0.3918193 0.9140908 -0.1044784 0.2153668 0.9493638 -0.2287477 0.115778 0.9856336 -0.1229715 -0.2209584 0.9499238 -0.2209576 0 0.8602603 -0.5098552 0.1007112 0.9204313 -0.3777082 0 0.9251372 -0.3796329 -0.1068789 0.9099171 -0.4007838 -0.3084045 0.9383114 -0.156392 -0.220962 0.9499234 -0.2209557 -0.122871 0.9847867 -0.1228732 0 0.8682041 0.4962073 -0.2990909 0.9401183 0.1634697 -0.2249251 0.9496535 0.2180985 -0.5098862 0.8602419 0 -0.3777051 0.9204313 -0.1007232 -0.3796359 0.9251361 0 -0.4007977 0.9099126 0.1068664 -0.2264586 0.9503999 0.2132055 -0.1229755 0.9856326 0.1157818 -0.468902 0.7485063 -0.4689022 -0.4689009 0.7485063 -0.4689034 -0.1704363 0.7498916 -0.6392292 -0.1704684 0.7498758 -0.6392393 0.1704392 0.7498809 -0.6392411 0.1704438 0.7498869 -0.6392328 0.4688888 0.7484894 -0.4689424 0.4658536 0.7430762 -0.4804355 0.6451668 0.744426 -0.1720169 0.6451739 0.7444159 -0.1720338 0.6451728 0.7444205 0.1720178 0.6451808 0.7444151 0.1720116 0.4721046 0.7444695 0.4721043 0.4721004 0.7444723 0.4721041 0.1720187 0.7444182 0.6451753 0.1720134 0.7444183 0.6451767 -0.1720179 0.7444213 0.645172 -0.1720329 0.7444251 0.6451635 -0.4721129 0.7444893 0.4720649 -0.474987 0.7498446 0.4605654 -0.6392388 0.7498835 0.1704363 -0.6392405 0.7498799 0.1704459 -0.6392381 0.7498838 -0.1704377 -0.6392216 0.7498923 -0.1704621 -2.10558e-5 0 1 1.09834e-5 0 1 0.3084045 0.9383114 -0.156392 -0.3696526 0.9239273 -0.098567 -0.2209403 0.9499313 0.2209433 -0.3714599 0.9284491 0 -0.3918377 0.9140842 0.1044675 -0.2209382 0.9499331 0.2209382 -0.115876 0.9864817 0.115874 0.2237806 0.9501782 0.216988 0 0.8682285 0.4961647 -0.09855413 0.9239283 0.3696535 0 0.9284493 0.3714594 0.1044803 0.9140875 0.3918267 0.2287453 0.9493663 0.2153584 0.1229755 0.9856326 0.1157818 0.2209577 0.949924 -0.2209577 0.5099001 0.8602337 0 0.377703 0.9204337 0.1007098 0.379639 0.9251347 0 0.40078 0.9099191 -0.1068779 0.220962 0.9499234 -0.2209557 0.122871 0.9847867 -0.1228732 -0.4961617 0.8682302 0 -0.1634635 0.9401208 -0.2990864 -0.2180975 0.9496536 -0.2249255 0 0.8602367 -0.509895 0.1007238 0.9204321 -0.3777031 0 0.9251304 -0.3796495 -0.1068668 0.9099152 -0.4007916 -0.3083986 0.9383139 -0.156389 -0.213213 0.9503971 -0.2264631 -0.115778 0.9856336 -0.1229715 0.4688997 0.7485074 -0.4689027 0.468904 0.7485057 -0.4689014 0.6392281 0.749893 -0.1704351 0.6392381 0.7498769 -0.1704678 0.6392399 0.7498824 0.1704374 0.6392388 0.7498821 0.1704429 0.4689416 0.7484884 0.4688911 0.4804341 0.7430779 0.4658522 0.1720171 0.7444236 0.6451696 0.1720349 0.744419 0.64517 -0.1720185 0.7444179 0.6451758 -0.1720135 0.7444189 0.6451759 -0.4721021 0.7444706 0.4721051 -0.4721063 0.7444688 0.4721038 -0.6451776 0.7444164 0.1720182 -0.6451731 0.744422 0.1720108 -0.645174 0.7444193 -0.1720189 -0.6451618 0.7444271 -0.1720306 -0.472065 0.7444874 -0.4721156 -0.4605628 0.749847 -0.4749857 -0.1704382 0.7498852 -0.6392365 -0.1704456 0.7498798 -0.6392407 0.1704398 0.7498803 -0.6392417 0.1704626 0.7498947 -0.6392186 0 1 0 0 1 6.89623e-7 0 1 0 0 1 -3.57329e-7 0 1 4.49614e-7 0 1 -7.01237e-7 0 1 8.8087e-7 0 1 -4.84332e-7 0 1 8.23247e-7 0 1 4.00296e-7 0 1 2.22663e-6 0 1 -9.61398e-7 0 1 0 0 1 0 0 1 0 0 1 -5.56654e-7 0 1 5.56639e-7 0 1 -4.80688e-7 0 1 5.56674e-7 0 1 -4.78365e-7 0 1 2.11464e-7 0 1 -7.78299e-7 0 1 0 0 1 0 0 1 0 0 1 0 0 1 0 0 1 -1.2399e-6 0 1 0 0 1 -8.23247e-7 0 1 -4.00296e-7 0 1 -2.22663e-6 0 1 9.61398e-7 0 1 0 0 1 0 0 1 0 0 1 -1.91185e-7 0 1 0 0 1 4.64681e-7 0 1 0 0 1 0 0 1 5.56654e-7 0 1 -5.56639e-7 0 1 4.80688e-7 0 1 -5.56674e-7 0 1 1.63591e-7 0 1 -2.11464e-7 0 1 0 0 1 -4.40435e-7 0 1 0 -9.59317e-5 1 0 -0.2606793 0 0.9654255 -0.707107 0 0.7071067 -0.4026986 -0.8219673 -0.4027454 0.4305422 0.8788001 0.2057765 -0.2606784 0 0.9654258 -0.9654257 0 0.2606783 -0.9654258 0 0.2606783 -4.77711e-5 -1 0 -0.9654258 0 -0.2606783 -0.707107 0 -0.7071067 -0.4027774 0.8219286 -0.4027454 -0.4305422 0.8788001 0.2057765 -0.9654257 0 -0.2606785 -0.2606766 0 -0.9654263 -0.2606793 0 -0.9654255 0.2606793 0 -0.9654255 0.707107 0 -0.7071067 0.4026986 -0.8219672 0.4027453 0.4305002 -0.8788207 -0.2057766 0.2606784 0 -0.9654258 0.9654257 0 -0.2606783 0.9654258 0 -0.2606783 0.4305422 0.8788001 -0.2057766 0.4027061 0.8219827 -0.4027061 0.707107 0 0.7071067 0.9654257 0 0.2606783 0.1487153 0.8211079 0.5510585 -0.170817 -0.9423667 -0.2876921 0.9654257 0 0.2606785 0.2606766 0 0.9654263 0.2606793 0 0.9654255 0.2688158 0.9605208 -0.07168078 0.2758173 0.9581931 -0.0760973 0.2030956 0.9578647 -0.2030944 0.2030963 0.9578638 -0.2030984 0.07386845 0.9580183 -0.2770277 0.07415241 0.9603475 -0.2687643 0.6940055 0.6940417 -0.1914745 0.6821348 0.707996 -0.1828495 0.4947044 0.7145175 -0.4947044 0.4947018 0.7145209 -0.4947018 0.1876205 0.7087755 -0.6800264 0.186228 0.6947461 -0.694728 0.9324392 0.2609273 -0.2499483 0.9337119 0.2542065 -0.2521136 0.6852578 0.2466548 -0.6852614 0.6852582 0.246653 -0.6852616 0.2504231 0.2541051 -0.9341943 0.2516541 0.2608109 -0.9320128 0 0.9629996 -0.2695032 0 0.9629982 -0.269508 0 0.7071155 -0.7070981 0 0.7071129 -0.7071008 0 0.2694816 -0.9630056 0 0.2694823 -0.9630054 0.2695052 0.9629989 0 0.2695106 0.9629975 0 0.7070924 0.7071213 0 0.7071029 0.7071107 0 0.9630029 0.2694913 0 0.9628789 0.2699337 0 0.9628531 0.270026 0 0.9628531 0.270026 0 -0.07168012 0.9605217 -0.2688122 -0.0760957 0.9581938 -0.2758152 -0.2030944 0.9578649 -0.2030944 -0.2030957 0.9578643 -0.2030968 -0.2770267 0.9580186 -0.07386839 -0.2687674 0.9603465 -0.07415425 -0.1914772 0.6940273 -0.6940192 -0.1828538 0.7080023 -0.682127 -0.4946992 0.7145234 -0.4947011 -0.4947037 0.7145184 -0.4947037 -0.6800182 0.7087847 -0.1876153 -0.6947318 0.6947426 -0.1862272 -0.2499492 0.2609254 -0.9324395 -0.2521166 0.2541986 -0.9337133 -0.6852551 0.2466551 -0.6852641 -0.6852601 0.2466525 -0.6852601 -0.9341208 0.2544379 -0.2503593 -0.9341933 0.2541153 -0.2504167 -0.9320123 0.2608107 -0.2516565 0.07168012 0.9605217 0.2688122 0.0760957 0.9581938 0.2758152 0.2030944 0.9578649 0.2030944 0.2030957 0.9578643 0.2030968 0.2770267 0.9580186 0.07386839 0.2687674 0.9603465 0.07415425 0.1914772 0.6940273 0.6940192 0.1828538 0.7080023 0.682127 0.4946992 0.7145234 0.4947011 0.4947037 0.7145184 0.4947037 0.6800182 0.7087847 0.1876153 0.6947318 0.6947426 0.1862272 0.2499492 0.2609254 0.9324395 0.2521166 0.2541986 0.9337133 0.6852551 0.2466551 0.6852641 0.6852601 0.2466525 0.6852601 0.9341208 0.2544379 0.2503593 0.9341933 0.2541153 0.2504167 0.9320123 0.2608107 0.2516565 -0.2695052 0.9629989 0 -0.2695106 0.9629975 0 -0.7070924 0.7071213 0 -0.7071029 0.7071107 0 -0.9630029 0.2694913 0 -0.9628789 0.2699337 0 -0.9628531 0.270026 0 -0.9628531 0.270026 0 0 0.9629996 0.2695032 0 0.9629982 0.269508 0 0.7071155 0.7070981 0 0.7071129 0.7071008 0 0.2694816 0.9630056 0 0.2694823 0.9630054 -0.2688158 0.9605208 0.07168078 -0.2758173 0.9581931 0.0760973 -0.2030956 0.9578647 0.2030944 -0.2030963 0.9578638 0.2030984 -0.07386845 0.9580183 0.2770277 -0.07415241 0.9603475 0.2687643 -0.6940055 0.6940417 0.1914745 -0.6821348 0.707996 0.1828495 -0.4947044 0.7145175 0.4947044 -0.4947018 0.7145209 0.4947018 -0.1876205 0.7087755 0.6800264 -0.186228 0.6947461 0.694728 -0.9324392 0.2609273 0.2499483 -0.9337119 0.2542065 0.2521136 -0.6852578 0.2466548 0.6852614 -0.6852582 0.246653 0.6852616 -0.2504231 0.2541051 0.9341943 -0.2516541 0.2608109 0.9320128 -0.7071437 0 -0.70707 -0.7071442 0 -0.7070693 -0.9662451 0 -0.2576246 -0.7071062 0 0.7071074 -0.7071068 0 0.7071068 -0.2576279 0 0.9662442 0.7070688 0 0.7071448 0.7070682 0 0.7071453 0.9662458 0 -0.2576224 0.7071062 0 -0.7071074 0.7071056 0 -0.707108 0.257623 0 -0.9662456 -2.19668e-5 0 1 1.05279e-5 0 1 0.9109742 0 -0.4124634 -0.9360377 0 -0.3518998 -0.8971759 -0.2669123 0.3518998 -0.8851054 -0.406552 0.226504 0.9456299 0.2334095 -0.226504 0.9014819 0.1311657 0.4124633 0.9357765 0 -0.3525937 -0.7416322 -0.651262 0.1607471 0.9576444 0.2389094 -0.1607472 0.8502117 0.3909193 0.3525935 0.9572277 0 -0.2893357 -0.5316124 -0.8415272 0.09602278 0.966193 0.2392717 -0.09602302 0.7195672 0.6312749 0.2893356 0.9741534 0 -0.2258879 -0.2719983 -0.961825 0.03016161 0.9701213 0.2407382 -0.03016161 0.5201972 0.823632 0.2258878 0.9868713 0 -0.1615087 0.01374882 -0.9992485 -0.03624385 0.9697403 0.2414335 0.03624391 0.2680943 0.9497582 0.1615087 0.9995507 0 -0.0299769 -0.1187926 -0.9924734 0.02974838 0.9995574 3.8312e-4 -0.02974849 0.1190772 0.9924324 0.02997684 0.9954363 0 -0.09542834 -0.01320981 -0.9947493 -0.1014856 0.9656897 0.2390488 0.1014856 -0.01321786 0.9953486 0.0954284 0.9995466 0 -0.03011012 0.5479618 -0.8196256 -0.1671878 0.956834 0.237733 0.1671878 -0.1031721 0.9942077 0.03011006 0.9993371 0 0.03640663 -0.5396011 -0.8096374 -0.2309067 0.9446257 0.2331616 0.2309066 -0.5543006 0.83152 -0.03640657 0.9948977 0 0.1008896 0.1381292 -0.9452052 -0.2958167 0.9268156 0.2313126 0.2958166 -0.8117129 3.87764e-5 0.5840567 0.9238722 0.1869083 0.3339546 0.9971829 0 0.0750097 -0.8614315 0 0.5078738 0.8186671 0.375845 0.4341943</float_array>
          <technique_common>
            <accessor source="#Mesh-mesh-normals-array" count="2088" stride="3">
              <param name="X" type="float"/>
              <param name="Y" type="float"/>
              <param name="Z" type="float"/>
            </accessor>
          </technique_common>
        </source>
        <vertices id="Mesh-mesh-vertices">
          <input semantic="POSITION" source="#Mesh-mesh-positions"/>
        </vertices>
        <triangles material="black-material" count="2250">
          <input semantic="VERTEX" source="#Mesh-mesh-vertices" offset="0"/>
          <input semantic="NORMAL" source="#Mesh-mesh-normals" offset="1"/>
          <p>0 0 2 1 37 1 37 1 44 2 0 0 43 3 36 1 4 1 4 1 1 2 43 3 38 1 37 1 2 1 2 1 3 1 38 1 32 4 38 1 3 1 3 1 6 5 32 4 36 1 35 1 5 1 5 1 4 1 36 1 35 1 31 6 7 7 7 7 5 1 35 1 28 8 32 4 6 5 6 5 8 9 28 8 31 6 27 10 9 11 9 11 7 7 31 6 24 12 28 8 8 9 8 9 11 13 24 12 27 10 25 14 10 15 10 15 9 11 27 10 25 14 23 2 12 16 12 16 10 15 25 14 20 2 24 12 11 13 11 2 13 2 20 2 23 2 21 17 15 18 15 2 12 2 23 2 22 2 20 2 13 2 13 2 14 2 22 2 21 17 19 19 16 20 16 20 15 18 21 17 19 19 18 2 17 21 17 21 16 20 19 19 32 22 42 22 38 22 32 23 34 23 42 23 28 24 34 24 32 24 28 25 30 25 34 25 24 26 30 26 28 26 24 27 26 27 30 27 37 28 41 28 44 28 43 29 40 29 36 29 27 30 29 30 25 30 31 31 29 31 27 31 31 32 33 32 29 32 35 33 33 33 31 33 35 34 39 34 33 34 39 35 36 35 40 35 35 35 36 35 39 35 25 2 21 2 23 2 26 36 20 36 22 36 24 36 20 36 26 36 38 35 41 35 37 35 42 35 41 35 38 35 19 37 21 37 18 37 1045 38 84 38 1043 38 1040 38 80 38 82 38 934 39 933 39 99 39 858 38 62 38 860 38 632 38 631 38 95 38 536 38 534 38 106 38 404 38 102 38 52 38 995 40 994 40 993 40 468 41 1035 41 1037 41 741 38 739 38 85 38 796 38 45 38 797 38 1096 38 76 38 78 38 1035 38 468 38 1038 38 1038 42 468 42 467 42 1038 38 467 38 1039 38 1039 43 467 43 1075 43 1039 38 1075 38 1040 38 1008 38 1023 38 497 38 467 38 492 38 1075 38 1075 38 492 38 493 38 1075 38 493 38 1077 38 1077 38 493 38 495 38 1077 38 495 38 1078 38 497 44 1023 44 499 44 499 38 1023 38 1022 38 499 38 1022 38 74 38 1096 38 1094 38 76 38 76 45 1094 45 1092 45 76 38 1092 38 74 38 74 46 1092 46 1090 46 74 47 1090 47 1088 47 1088 38 1086 38 74 38 74 48 1086 48 1084 48 74 38 1084 38 499 38 499 49 1084 49 1082 49 499 38 1082 38 495 38 495 38 1082 38 1080 38 495 38 1080 38 1078 38 1075 38 1074 38 1040 38 1040 38 1074 38 1072 38 1040 38 1072 38 80 38 80 50 1072 50 1070 50 80 38 1070 38 78 38 78 51 1070 51 1095 51 78 52 1095 52 1096 52 1061 53 1060 53 424 53 424 54 1060 54 402 54 424 38 402 38 422 38 1057 55 105 55 1058 55 1058 38 105 38 103 38 1058 38 103 38 1059 38 1059 38 103 38 403 38 1059 56 403 56 1060 56 1060 57 403 57 400 57 1060 38 400 38 402 38 1057 58 1056 58 1063 58 425 38 1063 38 424 38 424 59 1063 59 1062 59 424 60 1062 60 1061 60 55 38 54 38 1014 38 1014 61 54 61 1015 61 1015 38 54 38 565 38 1015 38 565 38 1017 38 1022 62 1019 62 74 62 74 63 1019 63 1021 63 74 38 1021 38 72 38 72 64 1021 64 1020 64 72 38 1020 38 71 38 71 65 1020 65 1016 65 71 38 1016 38 1017 38 1017 66 1016 66 1018 66 497 38 418 38 1008 38 1008 67 418 67 421 67 1008 68 421 68 1009 68 1014 38 1011 38 55 38 55 38 1011 38 1013 38 55 69 1013 69 415 69 1009 38 421 38 1010 38 1010 70 421 70 419 70 1010 38 419 38 1012 38 1012 38 419 38 414 38 1012 38 414 38 1013 38 1013 71 414 71 417 71 1013 72 417 72 415 72 51 38 775 38 774 38 51 38 774 38 107 38 802 73 45 73 803 73 803 38 45 38 90 38 803 38 90 38 804 38 781 38 779 38 48 38 48 38 779 38 780 38 48 38 780 38 50 38 780 38 778 38 50 38 50 38 778 38 777 38 50 38 777 38 776 38 65 38 782 38 64 38 64 38 782 38 783 38 64 38 783 38 784 38 449 38 447 38 785 38 785 38 447 38 64 38 785 1 64 1 786 1 786 38 64 38 784 38 45 38 791 38 790 38 45 38 790 38 90 38 90 74 790 74 789 74 90 38 789 38 92 38 92 38 789 38 788 38 92 75 788 75 65 75 65 38 788 38 787 38 65 38 787 38 782 38 791 38 45 38 792 38 792 38 45 38 796 38 792 76 796 76 793 76 793 77 796 77 795 77 793 78 795 78 794 78 798 38 797 38 799 38 797 38 45 38 799 38 799 38 45 38 800 38 800 38 45 38 802 38 800 38 802 38 801 38 482 79 1000 79 483 79 483 38 1000 38 998 38 483 38 998 38 999 38 482 38 719 38 1000 38 1000 80 719 80 717 80 1000 38 717 38 1001 38 1001 81 717 81 715 81 1001 38 715 38 992 38 728 38 726 38 479 38 479 38 726 38 724 38 479 82 724 82 480 82 480 38 724 38 722 38 480 83 722 83 482 83 482 38 722 38 721 38 482 38 721 38 719 38 1033 38 1032 38 46 38 46 38 1032 38 1047 38 46 38 1047 38 86 38 710 38 702 38 101 38 101 38 702 38 704 38 101 38 704 38 706 38 708 84 734 84 60 84 60 38 734 38 736 38 60 38 736 38 85 38 85 85 736 85 738 85 85 38 738 38 741 38 535 38 533 38 505 38 503 38 502 38 504 38 504 38 502 38 104 38 504 38 104 38 505 38 505 38 104 38 106 38 505 86 106 86 535 86 535 38 106 38 534 38 533 38 530 38 505 38 505 87 530 87 528 87 505 88 528 88 506 88 509 89 508 89 54 89 54 38 508 38 565 38 565 38 508 38 507 38 565 90 507 90 567 90 528 91 560 91 506 91 506 38 560 38 562 38 506 38 562 38 507 38 507 92 562 92 564 92 507 38 564 38 567 38 502 38 501 38 104 38 104 38 501 38 500 38 104 38 500 38 102 38 102 38 500 38 513 38 102 38 513 38 52 38 52 38 513 38 515 38 52 38 515 38 53 38 514 38 512 38 54 38 509 38 54 38 510 38 510 93 54 93 512 93 510 38 512 38 511 38 477 38 476 38 472 38 728 38 479 38 86 38 86 38 479 38 477 38 86 38 477 38 46 38 46 38 477 38 472 38 46 94 472 94 1033 94 1033 38 472 38 475 38 1033 38 475 38 1034 38 1034 95 475 95 473 95 1034 96 473 96 1036 96 1036 38 473 38 470 38 1036 38 470 38 1037 38 1037 97 470 97 469 97 1037 98 469 98 468 98 997 99 996 99 489 99 489 100 996 100 466 100 489 101 487 101 997 101 997 38 487 38 485 38 997 102 485 102 999 102 999 38 485 38 484 38 999 38 484 38 483 38 715 38 713 38 992 38 992 103 713 104 712 105 992 38 712 38 993 38 993 38 712 38 87 38 993 38 87 38 995 38 47 106 460 106 461 106 458 38 460 38 433 38 433 38 460 38 47 38 433 38 47 38 434 38 69 107 437 107 435 107 996 38 995 38 466 38 466 108 995 108 87 108 466 109 87 109 464 109 464 38 87 38 88 38 464 110 88 110 463 110 463 38 88 38 68 38 463 38 68 38 461 38 461 38 68 38 69 38 461 38 69 38 47 38 47 38 69 38 435 38 47 38 435 38 434 38 437 38 69 38 438 38 438 38 69 38 70 38 438 38 70 38 440 38 442 38 441 38 941 38 447 38 446 38 64 38 64 38 446 38 444 38 64 38 444 38 63 38 63 38 444 38 443 38 63 38 443 38 61 38 61 38 443 38 442 38 61 38 442 38 66 38 66 38 442 38 941 38 785 38 781 38 449 38 449 111 781 111 48 111 449 112 48 112 450 112 450 38 48 38 50 38 455 38 456 38 49 38 49 38 456 38 454 38 49 38 454 38 50 38 50 113 454 113 452 113 50 114 452 114 450 114 432 38 455 38 428 38 428 38 455 38 49 38 428 38 49 38 430 38 430 38 49 38 50 38 430 38 50 38 51 38 51 115 50 115 776 115 51 38 776 38 775 38 1057 116 1063 116 105 116 105 117 1063 117 425 117 105 38 425 38 107 38 107 118 425 118 427 118 107 119 427 119 51 119 51 38 427 38 429 38 51 38 429 38 430 38 409 38 408 38 53 38 53 38 408 38 407 38 53 38 407 38 52 38 52 38 407 38 406 38 52 38 406 38 404 38 515 120 514 120 53 120 53 38 514 38 54 38 53 38 54 38 409 38 409 38 54 38 55 38 409 38 55 38 411 38 411 38 55 38 415 38 411 38 415 38 412 38 774 38 804 38 107 38 107 38 804 38 90 38 107 38 90 38 538 38 89 38 541 38 539 38 56 38 545 38 89 38 89 121 545 121 543 121 89 122 543 122 541 122 73 38 547 38 549 38 549 38 551 38 73 38 73 38 551 38 554 38 73 123 554 123 56 123 56 38 554 38 552 38 56 38 552 38 545 38 1017 38 565 38 71 38 71 124 565 125 558 126 71 127 558 127 557 127 602 128 601 128 603 128 603 38 601 38 600 38 604 38 91 38 605 38 605 38 91 38 93 38 605 38 93 38 606 38 58 129 77 129 608 129 608 38 77 38 609 38 609 38 77 38 75 38 609 130 75 130 610 130 611 131 610 131 612 131 612 132 610 132 75 132 612 38 75 38 614 38 614 38 75 38 73 38 614 38 73 38 615 38 615 38 73 38 56 38 615 38 56 38 613 38 613 38 56 38 89 38 613 38 89 38 600 38 600 38 89 38 91 38 600 38 91 38 603 38 603 133 91 133 604 133 95 38 631 38 93 38 631 38 630 38 93 38 93 38 630 38 58 38 93 38 58 38 606 38 606 38 58 38 608 38 606 38 608 38 607 38 636 38 634 38 97 38 97 38 634 38 635 38 97 38 635 38 95 38 95 134 635 134 633 134 95 135 633 135 632 135 100 136 640 136 639 136 639 137 638 137 100 137 100 38 638 38 637 38 100 38 637 38 636 38 650 38 646 38 57 38 57 38 646 38 645 38 57 38 645 38 81 38 81 38 645 38 644 38 81 38 644 38 83 38 83 38 644 38 643 38 83 38 643 38 59 38 59 38 643 38 642 38 59 38 642 38 100 38 100 138 642 138 641 138 100 38 641 38 640 38 651 139 652 139 650 139 650 140 652 140 654 140 650 38 654 38 646 38 646 141 654 141 653 141 646 142 653 142 647 142 647 143 653 143 649 143 647 38 649 38 648 38 655 38 650 38 656 38 656 38 650 38 57 38 656 38 57 38 658 38 658 144 57 145 81 146 658 38 81 38 659 38 659 38 81 38 79 38 659 38 79 38 657 38 657 38 79 38 77 38 657 38 77 38 628 38 628 38 77 38 58 38 628 38 58 38 629 38 629 38 58 38 630 38 706 147 708 147 101 147 101 148 708 148 60 148 101 149 60 149 682 149 692 38 691 38 100 38 100 38 691 38 690 38 100 150 690 150 59 150 59 38 690 38 689 38 59 38 689 38 83 38 83 38 689 38 688 38 687 38 686 38 685 38 688 38 687 38 83 38 83 38 687 38 685 38 83 38 685 38 85 38 85 38 685 38 684 38 85 38 684 38 60 38 60 38 684 38 683 38 60 38 683 38 682 38 839 38 830 38 840 38 840 38 830 38 828 38 840 38 828 38 842 38 842 151 828 151 844 151 831 38 830 38 833 38 833 38 830 38 839 38 833 38 839 38 835 38 835 38 839 38 837 38 62 38 858 38 67 38 67 38 858 38 850 38 67 152 850 152 852 152 845 38 63 38 847 38 847 38 63 38 61 38 847 38 61 38 848 38 848 38 61 38 66 38 848 38 66 38 854 38 854 38 66 38 67 38 854 153 67 153 856 153 856 38 67 38 852 38 67 38 867 38 62 38 62 154 867 154 866 154 62 38 866 38 860 38 860 155 866 155 864 155 860 38 864 38 857 38 857 156 864 156 863 156 857 157 863 157 861 157 873 38 871 38 67 38 67 158 871 158 869 158 67 159 869 159 867 159 96 38 94 38 877 38 877 160 880 160 96 160 96 161 880 161 878 161 96 38 878 38 98 38 98 162 878 162 875 162 98 163 875 163 873 163 845 164 844 164 63 164 63 165 844 165 828 165 63 38 828 38 64 38 64 38 828 38 883 38 64 38 883 38 65 38 65 38 883 38 887 38 65 38 887 38 92 38 92 166 887 166 885 166 92 38 885 38 94 38 94 38 885 38 881 38 94 167 881 167 877 167 913 38 912 38 919 38 919 38 912 38 956 38 919 168 956 168 920 168 920 38 956 38 955 38 920 169 955 169 921 169 921 38 955 38 922 38 926 38 925 38 955 38 922 38 955 38 923 38 923 170 955 170 925 170 923 171 925 171 924 171 914 38 913 38 915 38 915 38 913 38 919 38 915 38 919 38 916 38 916 38 919 38 918 38 916 38 918 38 917 38 99 38 933 38 88 38 88 172 933 172 932 172 88 38 932 38 68 38 68 173 932 173 931 173 68 174 931 174 930 174 67 38 940 38 939 38 873 38 67 38 98 38 98 175 67 175 939 175 98 176 939 176 938 176 938 177 937 177 98 177 98 178 937 178 936 178 98 38 936 38 99 38 99 179 936 179 935 179 99 180 935 180 934 180 941 38 942 38 66 38 66 181 942 181 944 181 66 38 944 38 67 38 67 38 944 38 943 38 67 38 943 38 940 38 948 182 950 182 70 182 70 38 950 38 949 38 70 38 949 38 440 38 440 183 949 183 946 183 440 38 946 38 441 38 441 184 946 184 945 184 441 185 945 185 941 185 927 38 926 38 928 38 928 38 926 38 955 38 928 38 955 38 929 38 929 38 955 38 954 38 929 38 954 38 930 38 930 38 954 38 953 38 930 38 953 38 68 38 68 38 953 38 952 38 68 38 952 38 69 38 69 38 952 38 951 38 69 38 951 38 70 38 70 186 951 186 947 186 70 187 947 187 948 187 1045 188 1044 188 84 188 84 38 1044 38 1042 38 84 38 1042 38 82 38 82 189 1042 189 1041 189 82 190 1041 190 1040 190 557 38 555 38 71 38 71 38 555 38 547 38 71 38 547 38 72 38 72 38 547 38 73 38 72 38 73 38 74 38 74 38 73 38 75 38 74 38 75 38 76 38 76 38 75 38 77 38 76 38 77 38 78 38 78 38 77 38 79 38 78 38 79 38 80 38 80 38 79 38 81 38 80 38 81 38 82 38 82 38 81 38 83 38 82 38 83 38 84 38 84 38 83 38 85 38 84 38 85 38 1043 38 1043 38 85 38 739 38 1043 191 739 191 1046 191 1046 192 739 192 732 192 1046 193 732 193 1047 193 1047 194 732 194 730 194 1047 38 730 38 86 38 86 38 730 38 727 38 86 38 727 38 728 38 712 38 711 38 87 38 87 38 711 38 710 38 87 38 710 38 88 38 88 38 710 38 101 38 88 38 101 38 99 38 539 104 538 195 89 38 89 38 538 38 90 38 89 38 90 38 91 38 91 38 90 38 92 38 91 38 92 38 93 38 93 38 92 38 94 38 93 38 94 38 95 38 95 38 94 38 96 38 95 38 96 38 97 38 97 38 96 38 98 38 97 38 98 38 636 38 636 38 98 38 99 38 636 38 99 38 100 38 100 38 99 38 101 38 100 38 101 38 692 38 692 38 101 38 682 38 404 38 403 38 102 38 102 38 403 38 103 38 102 38 103 38 104 38 104 38 103 38 105 38 104 38 105 38 106 38 106 38 105 38 107 38 106 38 107 38 536 38 536 38 107 38 538 38 248 196 1140 196 247 196 247 197 1140 197 156 197 247 198 156 198 204 198 206 199 157 199 370 199 370 200 157 200 1143 200 370 201 1143 201 371 201 371 202 1143 202 1145 202 371 203 1145 203 363 203 363 204 1145 204 1147 204 363 205 1147 205 364 205 364 206 1147 206 366 206 366 207 1147 207 1149 207 366 208 1149 208 368 208 1151 209 361 209 1149 209 1149 210 361 210 367 210 1149 211 367 211 368 211 1153 212 345 212 1151 212 1151 213 345 213 352 213 1151 214 352 214 361 214 1157 215 349 215 350 215 1157 216 350 216 1155 216 1155 217 350 217 348 217 1155 218 348 218 1153 218 1153 219 348 219 346 219 1153 220 346 220 345 220 349 221 1157 221 343 221 343 222 1157 222 1159 222 343 223 1159 223 334 223 334 224 1159 224 327 224 327 225 1159 225 1161 225 327 226 1161 226 328 226 1163 227 332 227 1161 227 1161 228 332 228 330 228 1161 229 330 229 328 229 316 230 320 230 1166 230 1166 231 320 231 325 231 1166 232 325 232 1163 232 1163 233 325 233 331 233 1163 234 331 234 332 234 316 235 1166 235 315 235 315 236 1166 236 1165 236 315 237 1165 237 307 237 307 237 1165 237 300 237 300 238 1165 238 1164 238 300 239 1164 239 301 239 301 240 1164 240 303 240 303 241 1164 241 1162 241 303 242 1162 242 305 242 1160 243 298 243 1162 243 1162 244 298 244 304 244 1162 245 304 245 305 245 285 246 283 246 1158 246 1158 247 283 247 282 247 1158 248 282 248 1160 248 1160 249 282 249 289 249 1160 250 289 250 298 250 285 251 1158 251 287 251 287 252 1158 252 1156 252 287 253 1156 253 286 253 286 254 1156 254 280 254 280 255 1156 255 1154 255 280 256 1154 256 271 256 271 257 1154 257 1152 257 271 258 1152 258 264 258 264 259 1152 259 1150 259 264 260 1150 260 265 260 1148 261 269 261 1150 261 1150 262 269 262 267 262 1150 263 267 263 265 263 253 264 257 264 1146 264 1146 265 257 265 262 265 1146 266 262 266 1148 266 1148 267 262 267 268 267 1148 268 268 268 269 268 253 269 1146 269 252 269 252 270 1146 270 1144 270 252 271 1144 271 248 271 248 272 1144 272 1141 272 248 273 1141 273 1140 273 1131 2 157 2 166 2 166 274 157 274 206 274 206 2 207 2 166 2 166 275 207 275 235 275 166 276 235 276 236 276 236 2 209 2 166 2 166 277 209 277 208 277 166 278 208 278 211 278 211 2 210 2 166 2 166 279 210 279 108 279 166 2 108 2 164 2 202 36 201 36 189 36 189 280 201 280 200 280 189 281 200 281 203 281 189 36 188 36 109 36 156 36 1129 36 204 36 204 36 1129 36 189 36 204 282 189 282 205 282 205 36 189 36 203 36 202 283 189 283 215 283 215 36 189 36 109 36 215 36 109 36 214 36 122 284 121 284 212 284 112 285 111 285 259 285 197 286 155 286 117 286 109 287 188 287 115 287 190 288 116 288 192 288 192 289 116 289 115 289 192 290 115 290 191 290 191 291 115 291 188 291 190 292 193 292 116 292 116 293 193 293 195 293 116 294 195 294 117 294 117 295 195 295 199 295 117 296 199 296 197 296 160 297 121 297 162 297 162 298 121 298 161 298 160 299 159 299 121 299 121 300 159 300 163 300 121 301 163 301 165 301 210 302 212 302 108 302 108 303 212 303 121 303 108 304 121 304 164 304 164 305 121 305 165 306 161 307 121 307 158 307 158 308 121 308 120 308 158 309 120 309 154 309 154 310 120 310 119 310 154 311 119 311 155 311 155 312 119 312 118 312 155 313 118 313 117 313 259 314 111 314 237 314 237 315 111 315 110 315 237 316 110 316 274 316 274 317 110 317 152 317 274 318 152 318 276 318 276 319 152 319 153 319 276 320 153 320 219 320 259 321 218 321 112 321 112 322 218 322 255 322 112 323 255 323 113 323 113 324 255 324 250 324 113 325 250 325 114 325 114 326 250 326 217 326 114 327 217 327 115 327 115 328 217 328 245 328 115 329 245 329 109 329 109 330 245 330 216 330 109 331 216 331 214 331 212 332 213 332 122 332 122 333 213 333 233 333 122 334 233 334 123 334 123 335 233 335 377 335 123 336 377 336 124 336 124 337 377 337 375 337 124 338 375 338 125 338 125 339 375 339 244 339 125 340 244 340 126 340 244 341 243 341 126 341 126 342 243 342 358 342 126 343 358 343 127 343 127 344 358 344 231 344 127 345 231 345 128 345 128 346 231 346 232 346 128 347 232 347 129 347 129 348 232 348 357 348 129 349 357 349 130 349 130 350 357 350 355 350 130 351 355 351 131 351 355 352 242 352 131 352 131 353 242 353 241 353 131 354 241 354 132 354 132 355 241 355 340 355 132 356 340 356 133 356 133 357 340 357 229 357 133 358 229 358 134 358 134 359 229 359 230 359 134 360 230 360 135 360 230 361 339 361 135 361 135 362 339 362 337 362 135 363 337 363 136 363 136 364 337 364 240 364 136 365 240 365 137 365 137 366 240 366 322 366 137 367 322 367 138 367 138 368 322 368 228 368 138 369 228 369 139 369 228 370 318 370 139 370 139 371 318 371 227 371 139 372 227 372 140 372 140 373 227 373 313 373 140 374 313 374 141 374 141 375 313 375 225 375 141 376 225 376 142 376 142 377 225 377 226 377 142 378 226 378 143 378 226 379 312 379 143 379 143 380 312 380 310 380 143 381 310 381 144 381 144 382 310 382 239 382 144 383 239 383 145 383 239 384 295 384 145 384 145 385 295 385 224 385 145 386 224 386 146 386 146 387 224 387 223 387 146 388 223 388 147 388 147 389 223 389 222 389 147 390 222 390 148 390 148 391 222 391 294 391 148 392 294 392 149 392 294 393 292 393 149 393 149 394 292 394 238 394 149 395 238 395 150 395 150 396 238 396 277 396 150 397 277 397 151 397 151 398 277 398 221 398 151 399 221 399 153 399 153 400 221 400 220 400 153 401 220 401 219 401 152 402 394 402 395 402 152 403 110 403 394 403 394 404 110 404 111 404 394 405 111 405 378 405 111 406 112 406 378 406 378 407 112 407 113 407 378 408 113 408 393 408 113 409 114 409 393 409 393 410 114 410 115 410 393 411 115 411 392 411 115 412 116 412 392 412 392 413 116 413 117 413 392 414 117 414 391 414 117 415 118 415 391 415 391 35 118 35 119 35 391 416 119 416 390 416 119 35 120 35 390 35 390 417 120 417 121 417 390 418 121 418 389 418 121 419 122 419 389 419 389 420 122 420 123 420 389 421 123 421 388 421 123 422 124 422 388 422 388 423 124 423 125 423 388 424 125 424 387 424 125 425 126 425 387 425 387 426 126 426 127 426 387 427 127 427 379 427 127 428 128 428 379 428 379 429 128 429 129 429 379 430 129 430 380 430 129 431 130 431 380 431 380 432 130 432 131 432 380 433 131 433 381 433 131 434 132 434 381 434 381 435 132 435 133 435 381 436 133 436 382 436 133 437 134 437 382 437 382 438 134 438 135 438 382 439 135 439 383 439 135 440 136 440 383 440 383 441 136 441 137 441 383 442 137 442 384 442 137 443 138 443 384 443 384 444 138 444 139 444 384 445 139 445 385 445 139 446 140 446 385 446 385 447 140 447 141 447 385 448 141 448 386 448 141 447 142 447 386 447 386 449 142 449 143 449 386 450 143 450 399 450 143 451 144 451 399 451 399 452 144 452 145 452 399 453 145 453 398 453 145 454 146 454 398 454 398 455 146 455 147 455 398 456 147 456 397 456 147 457 148 457 397 457 397 458 148 458 149 458 397 459 149 459 396 459 149 460 150 460 396 460 396 461 150 461 151 461 396 462 151 462 395 462 395 463 151 463 153 463 395 464 153 464 152 464 1124 35 177 35 1123 35 1123 35 177 35 181 35 1123 35 181 35 1122 35 175 465 158 465 154 465 175 38 154 38 198 38 198 38 154 38 155 38 198 466 155 466 197 466 156 467 1140 467 1138 467 1129 38 156 38 1130 38 1130 468 156 468 1138 468 1130 469 1138 469 1133 469 1133 470 1138 470 1135 470 1139 2 1142 2 1143 2 1143 471 157 471 1139 471 1139 472 157 472 1131 472 1139 38 1131 38 1136 38 1136 38 1131 38 1132 38 1136 473 1132 473 1134 473 1136 474 1137 474 1139 474 158 475 175 475 161 475 161 476 175 476 171 476 163 477 159 478 167 479 167 480 159 480 160 480 167 481 160 481 171 481 171 482 160 482 162 482 171 483 162 483 161 483 163 484 167 484 165 484 165 485 167 485 166 485 165 486 166 486 164 486 177 487 1124 487 1126 487 177 488 1126 488 174 488 174 489 1126 489 1128 489 174 490 1128 490 170 490 170 491 1128 491 1131 491 170 492 1131 492 166 492 166 493 169 493 170 493 168 494 169 494 166 494 167 495 168 495 166 495 167 496 171 496 168 496 168 497 171 497 172 497 168 498 172 498 169 498 169 499 172 499 173 499 169 500 173 500 170 500 170 501 173 501 174 501 171 502 175 502 172 502 172 503 175 503 176 503 172 504 176 504 173 504 173 505 176 505 178 505 173 506 178 506 174 506 174 507 178 507 177 507 175 508 198 508 179 508 175 508 179 508 176 508 176 509 179 509 180 509 176 510 180 510 178 510 178 511 180 511 181 511 178 512 181 512 177 512 187 513 189 513 1129 513 1129 514 1127 514 187 514 187 515 1127 515 1125 515 187 516 1125 516 185 516 185 517 1125 517 1122 517 185 518 1122 518 181 518 183 519 194 519 189 519 183 520 189 520 186 520 198 521 196 521 179 521 179 522 196 522 182 522 179 523 182 523 180 523 180 524 182 524 184 524 180 525 184 525 181 525 181 526 184 526 185 526 196 527 194 527 182 527 182 528 194 528 183 528 182 529 183 529 184 529 184 530 183 530 186 530 184 531 186 531 185 531 185 532 186 532 187 532 187 533 186 533 189 533 188 534 189 534 191 534 191 535 189 535 194 535 193 536 190 536 194 536 194 537 190 537 192 537 194 538 192 538 191 538 193 539 194 539 195 539 195 540 194 540 196 540 195 541 196 542 199 543 199 544 196 544 198 544 199 545 198 545 197 545 354 546 360 546 362 546 336 547 342 547 344 547 309 548 314 548 317 548 291 549 297 549 299 549 273 550 279 550 281 550 244 551 375 551 376 551 358 552 243 552 359 552 242 553 355 553 356 553 340 554 241 554 341 554 240 555 337 555 338 555 239 556 310 556 311 556 238 557 292 557 293 557 259 558 237 558 260 558 250 559 255 559 256 559 203 560 200 560 249 560 249 561 200 561 201 561 249 562 201 562 246 562 246 563 201 563 202 563 246 564 202 564 215 564 203 565 249 565 205 565 205 566 249 566 247 566 205 567 247 567 204 567 206 568 370 568 207 568 207 569 370 569 372 569 207 570 372 570 235 570 211 571 208 571 234 571 234 572 208 572 209 572 234 573 209 573 236 573 210 574 211 574 212 574 212 575 211 575 234 575 212 576 234 576 213 576 213 577 234 577 233 577 245 578 246 578 216 578 216 579 246 579 215 579 216 580 215 580 214 580 245 581 217 581 251 581 251 582 217 582 250 582 255 583 218 583 261 583 261 584 218 584 259 584 276 585 219 585 273 585 273 586 219 586 220 586 273 587 220 587 279 587 279 588 220 588 221 588 279 589 221 589 277 589 294 590 222 590 291 590 291 591 222 591 223 591 291 592 223 592 297 592 297 593 223 593 224 593 297 594 224 594 295 594 313 595 314 595 225 595 225 596 314 596 309 596 225 597 309 597 226 597 226 598 309 598 312 598 313 599 227 599 319 599 319 600 227 600 318 600 318 601 228 601 324 601 324 602 228 602 322 602 340 603 342 603 229 603 229 604 342 604 336 604 229 605 336 605 230 605 230 606 336 606 339 606 358 607 360 607 231 607 231 608 360 608 354 608 231 609 354 609 232 609 232 610 354 610 357 610 377 611 233 611 374 611 374 612 233 612 234 612 374 613 234 613 372 613 372 614 234 614 236 614 372 615 236 615 235 615 266 616 270 616 260 616 237 617 274 617 260 617 260 618 274 618 275 618 260 619 275 619 266 619 266 620 275 620 272 620 266 621 272 621 264 621 264 622 272 622 271 622 284 623 288 623 278 623 277 624 238 624 278 624 278 625 238 625 293 625 278 626 293 626 284 626 284 627 293 627 290 627 284 628 290 628 282 628 282 629 290 629 289 629 302 630 306 630 296 630 295 631 239 631 296 631 296 632 239 632 311 632 296 633 311 633 302 633 302 634 311 634 308 634 329 635 333 635 323 635 322 636 240 636 323 636 323 637 240 637 338 637 323 638 338 638 329 638 329 639 338 639 335 639 329 640 335 640 327 640 327 641 335 641 334 641 347 642 351 642 341 642 241 643 242 643 341 643 341 644 242 644 356 644 341 645 356 645 347 645 347 646 356 646 353 646 347 647 353 647 345 647 345 648 353 648 352 648 365 649 369 649 359 649 243 650 244 650 359 650 359 651 244 651 376 651 359 652 376 652 365 652 365 653 376 653 373 653 254 654 252 654 248 654 245 655 251 655 246 655 246 656 251 656 254 656 246 657 254 657 249 657 249 658 254 658 248 658 249 659 248 659 247 659 258 660 257 660 253 660 250 661 256 661 251 661 251 662 256 662 258 662 251 663 258 663 254 663 254 664 258 664 253 664 254 665 253 665 252 665 255 666 261 666 256 666 256 667 261 667 263 667 256 668 263 668 258 668 258 669 263 669 262 669 258 670 262 670 257 670 259 671 260 671 261 671 261 672 260 672 270 672 261 673 270 673 263 673 263 674 270 674 268 674 263 675 268 675 262 675 264 676 265 676 266 676 266 677 265 677 267 677 266 678 267 678 270 678 270 679 267 679 269 679 270 680 269 680 268 680 280 681 271 681 281 681 281 682 271 682 272 682 281 683 272 683 273 683 273 684 272 684 275 684 273 685 275 685 276 685 276 686 275 686 274 686 277 687 278 687 279 687 279 688 278 688 288 688 279 689 288 689 281 689 281 690 288 690 286 690 281 691 286 691 280 691 282 692 283 692 284 692 284 693 283 693 285 693 284 694 285 694 288 694 288 695 285 695 287 695 288 696 287 696 286 696 298 697 289 697 299 697 299 698 289 698 290 698 299 699 290 699 291 699 291 700 290 700 293 700 291 701 293 701 294 701 294 702 293 702 292 702 295 703 296 703 297 703 297 704 296 704 306 704 297 705 306 705 299 705 299 706 306 706 304 706 299 707 304 707 298 707 307 708 300 708 308 708 308 709 300 709 301 709 308 710 301 710 302 710 302 711 301 711 303 711 302 712 303 712 306 712 306 713 303 713 305 713 306 714 305 714 304 714 315 715 307 715 317 715 317 716 307 716 308 716 317 717 308 717 309 717 309 718 308 718 311 718 309 719 311 719 312 719 312 720 311 720 310 720 321 721 320 721 316 721 313 722 319 722 314 722 314 723 319 723 321 723 314 724 321 724 317 724 317 725 321 725 316 725 317 726 316 726 315 726 318 727 324 727 319 727 319 728 324 728 326 728 319 729 326 729 321 729 321 730 326 730 325 730 321 731 325 731 320 731 322 732 323 732 324 732 324 733 323 733 333 733 324 734 333 734 326 734 326 735 333 735 331 735 326 736 331 736 325 736 327 737 328 737 329 737 329 738 328 738 330 738 329 739 330 739 333 739 333 740 330 740 332 740 333 741 332 741 331 741 343 742 334 742 344 742 344 743 334 743 335 743 344 744 335 744 336 744 336 745 335 745 338 745 336 746 338 746 339 746 339 747 338 747 337 747 340 748 341 748 342 748 342 749 341 749 351 749 342 750 351 750 344 750 344 751 351 751 349 751 344 752 349 752 343 752 345 753 346 753 347 753 347 754 346 754 348 754 347 755 348 755 351 755 351 756 348 756 350 756 351 757 350 757 349 757 361 758 352 758 362 758 362 759 352 759 353 759 362 760 353 760 354 760 354 761 353 761 356 761 354 762 356 762 357 762 357 763 356 763 355 763 358 764 359 764 360 764 360 765 359 765 369 765 360 766 369 766 362 766 362 767 369 767 367 767 362 768 367 768 361 768 371 769 363 769 373 769 373 770 363 770 364 770 373 771 364 771 365 771 365 772 364 772 366 772 365 773 366 773 369 773 369 774 366 774 368 774 369 775 368 775 367 775 370 776 371 776 372 776 372 777 371 777 373 777 372 778 373 778 374 778 374 779 373 779 376 779 374 780 376 780 377 780 377 781 376 781 375 781 387 782 379 782 490 782 496 38 494 38 498 38 498 38 494 38 491 38 465 783 462 783 488 783 488 38 462 38 459 38 394 784 378 784 457 784 457 38 378 38 393 38 490 785 379 785 486 785 486 786 379 786 380 786 486 787 380 787 481 787 481 38 380 38 381 38 481 38 381 38 478 38 478 38 381 38 382 38 478 38 382 38 474 38 474 38 382 38 383 38 474 38 383 38 471 38 471 38 383 38 384 38 471 38 384 38 491 38 491 38 384 38 385 38 491 38 385 38 498 38 498 38 385 38 386 38 498 38 386 38 399 38 490 38 488 38 387 38 387 788 488 788 459 788 387 38 459 38 388 38 388 38 459 38 436 38 388 38 436 38 389 38 389 38 436 38 439 38 389 38 439 38 390 38 390 38 439 38 445 38 390 38 445 38 391 38 391 38 445 38 448 38 391 789 448 789 392 789 392 38 448 38 451 38 392 790 451 790 393 790 393 38 451 38 453 38 393 38 453 38 457 38 431 38 426 38 457 38 457 38 426 38 423 38 457 791 423 791 394 791 394 38 423 38 401 38 394 38 401 38 395 38 395 792 401 792 405 792 395 793 405 793 396 793 396 38 405 38 410 38 396 38 410 38 397 38 397 38 410 38 413 38 397 794 413 794 398 794 398 38 413 38 416 38 398 38 416 38 399 38 399 38 416 38 420 38 399 38 420 38 498 38 403 795 405 795 400 795 400 796 405 796 401 796 400 797 401 797 402 797 402 798 401 798 423 798 402 799 423 799 422 799 403 800 404 800 405 800 405 801 404 801 406 801 405 802 406 802 410 802 410 803 406 803 407 803 410 804 407 804 408 804 408 805 409 806 410 806 410 807 409 807 411 807 410 808 411 809 413 810 411 811 412 811 413 811 413 812 412 812 415 812 413 813 415 814 416 815 419 816 420 816 414 816 414 817 420 817 416 817 414 818 416 818 417 818 417 819 416 819 415 819 497 820 498 820 418 820 418 821 498 821 420 822 418 823 420 823 421 823 421 824 420 824 419 824 422 825 423 825 424 825 424 826 423 826 426 826 424 827 426 827 425 827 425 828 426 828 427 828 426 829 431 829 427 829 427 830 431 830 429 830 431 831 457 831 432 831 432 832 428 832 431 832 431 833 428 834 430 835 431 836 430 836 429 836 455 837 432 837 457 837 458 838 433 838 459 838 459 839 433 839 434 839 459 840 434 840 436 840 434 841 435 841 436 841 436 842 435 842 437 842 436 843 437 843 439 843 437 844 438 844 439 844 439 845 438 845 440 845 439 846 440 846 445 846 440 847 441 847 445 847 445 447 441 447 442 447 445 447 442 447 443 447 443 447 444 447 445 447 445 447 444 447 446 447 445 848 446 848 448 848 446 447 447 447 448 447 448 849 447 849 449 849 448 850 449 850 451 850 449 851 450 851 451 851 451 852 450 852 452 852 451 853 452 853 453 853 453 854 452 854 454 854 453 855 454 855 457 855 457 856 454 856 456 856 457 857 456 857 455 857 458 858 459 858 460 858 460 859 459 859 462 859 460 860 462 860 461 860 461 861 462 861 463 861 462 862 465 862 463 862 463 863 465 863 464 863 464 864 465 864 466 864 466 865 465 865 488 865 466 866 488 866 489 866 473 867 474 867 471 867 491 868 492 868 467 868 467 869 468 869 491 869 491 870 468 870 469 870 491 871 469 871 471 871 471 872 469 872 470 872 471 873 470 873 473 873 476 874 478 874 472 874 472 875 478 876 474 877 472 878 474 878 475 878 475 879 474 879 473 879 476 880 477 880 478 880 478 881 477 881 479 881 478 882 479 883 481 884 479 885 480 885 481 885 481 886 480 886 482 886 481 887 482 887 486 887 486 888 482 888 483 888 486 889 483 889 484 889 484 890 485 890 486 890 486 891 485 891 487 891 486 892 487 892 490 892 490 893 487 893 489 893 490 894 489 894 488 894 491 2 494 2 492 2 492 2 494 2 493 2 493 35 494 35 495 35 495 895 494 895 496 895 495 35 496 35 499 35 496 36 498 36 499 36 499 36 498 36 497 36 518 35 517 35 500 35 500 35 517 35 513 35 523 2 518 2 501 2 501 2 518 2 500 2 503 35 526 35 502 35 502 896 526 896 523 896 502 35 523 35 501 35 516 36 526 36 504 36 504 36 526 36 503 36 525 35 516 35 505 35 505 35 516 35 504 35 507 2 527 2 506 2 506 2 527 2 525 2 506 2 525 2 505 2 519 447 527 447 508 447 508 447 527 447 507 447 524 36 519 36 509 36 509 36 519 36 508 36 511 447 522 447 510 447 510 447 522 447 524 447 510 447 524 447 509 447 520 2 522 2 512 2 512 2 522 2 511 2 521 447 520 447 514 447 514 447 520 447 512 447 513 36 517 36 515 36 515 36 517 36 521 36 515 36 521 36 514 36 526 38 516 38 525 38 517 38 518 38 521 38 521 897 518 897 523 897 527 38 519 38 524 38 520 38 521 38 522 38 522 898 521 898 523 898 522 38 523 38 524 38 524 38 523 38 526 38 524 899 526 899 527 899 527 900 526 900 525 900 582 38 575 38 544 38 544 38 575 38 576 38 544 38 576 38 542 38 542 901 576 901 578 901 542 38 578 38 540 38 540 38 578 38 577 38 540 38 577 38 537 38 537 902 577 902 571 902 537 903 571 903 532 903 532 904 571 904 572 904 532 905 572 905 531 905 531 38 572 38 574 38 531 906 574 906 529 906 529 907 574 907 573 907 529 38 573 38 561 38 561 38 573 38 563 38 573 38 568 38 563 38 563 38 568 38 569 38 563 908 569 908 566 908 566 909 569 909 570 909 566 38 570 38 559 38 559 910 570 910 579 910 559 911 579 911 556 911 556 912 579 912 580 912 556 913 580 913 548 913 548 914 580 914 581 914 548 915 581 915 550 915 550 38 581 38 583 38 550 916 583 916 553 916 553 38 583 38 582 38 553 38 582 38 546 38 546 38 582 38 544 38 534 917 536 917 537 917 561 918 560 918 528 918 561 919 528 919 529 919 529 920 528 920 530 920 529 921 530 921 531 921 531 922 530 922 533 922 531 923 533 923 532 923 532 924 533 924 537 924 537 925 533 925 535 925 537 926 535 926 534 926 536 927 538 927 537 927 537 928 538 928 540 928 538 35 539 35 540 35 540 929 539 929 541 929 540 930 541 930 542 930 542 931 541 931 543 931 542 932 543 932 544 932 544 933 543 933 545 933 544 934 545 934 546 934 546 935 545 936 552 937 546 938 552 938 553 938 555 939 556 940 547 941 547 942 556 942 548 942 547 943 548 943 549 943 549 944 548 944 550 944 549 945 550 945 551 945 551 946 550 946 553 946 551 947 553 947 554 947 554 948 553 948 552 948 559 949 556 949 557 949 557 950 556 950 555 950 557 951 558 951 559 951 559 952 558 953 565 954 559 955 565 955 566 956 560 957 561 958 562 959 562 960 561 961 563 962 562 963 563 963 564 963 564 964 563 964 566 964 564 965 566 965 567 965 567 966 566 966 565 966 573 967 591 967 593 967 573 968 593 968 568 968 568 969 593 969 595 969 568 970 595 970 569 970 569 971 595 971 599 971 569 972 599 972 570 972 570 973 599 973 597 973 570 974 597 974 579 974 577 975 589 975 586 975 577 976 586 976 571 976 571 977 586 977 584 977 571 978 584 978 572 978 572 979 584 979 585 979 572 980 585 980 574 980 574 981 585 981 591 981 574 982 591 982 573 982 582 983 592 983 590 983 582 984 590 984 575 984 575 985 590 985 588 985 575 986 588 986 576 986 576 987 588 987 587 987 576 988 587 988 578 988 578 989 587 989 589 989 578 990 589 990 577 990 579 991 597 991 598 991 579 992 598 992 580 992 580 993 598 993 596 993 580 994 596 994 581 994 581 995 596 995 594 995 581 996 594 996 583 996 583 997 594 997 592 997 583 998 592 998 582 998 589 38 591 38 586 38 586 38 591 38 585 38 586 38 585 38 584 38 587 38 588 38 589 38 589 999 588 999 590 999 589 1000 590 1000 591 1000 591 38 590 38 592 38 591 38 592 38 593 38 593 1001 592 1001 594 1001 593 1002 594 1002 595 1002 595 38 594 38 596 38 595 1003 596 1003 599 1003 599 38 596 38 598 38 599 1004 598 1004 597 1004 618 35 627 35 600 35 600 35 627 35 613 35 624 2 618 2 601 2 601 2 618 2 600 2 622 1005 624 1005 602 1005 602 1006 624 1006 601 1006 604 1007 619 1007 603 1007 603 1008 619 1008 622 1008 603 1009 622 1009 602 1009 620 35 619 35 605 35 605 35 619 35 604 35 607 1010 621 1010 606 1010 606 1011 621 1011 620 1011 606 1012 620 1012 605 1012 617 1013 621 1013 608 1013 608 1014 621 1014 607 1014 623 447 617 447 609 447 609 447 617 447 608 447 611 1015 626 1015 610 1015 610 1016 626 1016 623 1016 610 1017 623 1017 609 1017 616 2 626 2 612 2 612 2 626 2 611 2 625 447 616 447 614 447 614 447 616 447 612 447 613 36 627 36 615 36 615 36 627 36 625 36 615 36 625 36 614 36 626 38 616 38 625 38 621 38 617 38 623 38 627 38 618 38 624 38 622 38 619 38 620 38 620 1018 621 1018 622 1018 622 38 621 38 623 38 622 38 623 38 624 38 624 38 623 38 626 38 624 38 626 38 627 38 627 1019 626 1019 625 1019 629 36 666 36 628 36 628 36 666 36 664 36 628 36 664 36 657 36 666 1020 629 1020 630 1020 666 1021 630 1021 663 1021 663 36 630 36 631 36 663 1022 631 1022 661 1022 636 1023 677 1023 634 1023 634 1024 677 1024 681 1024 631 1025 632 1025 661 1025 661 1026 632 1026 633 1026 661 1027 633 1027 681 1027 681 1028 633 1028 635 1028 681 1029 635 1030 634 1031 677 1032 636 1032 637 1032 677 1033 637 1033 675 1033 637 1034 638 1034 675 1034 675 1035 638 1035 639 1035 675 1036 639 1036 673 1036 673 1037 639 1037 640 1037 673 1038 640 1038 671 1038 671 1039 640 1039 641 1039 671 1040 641 1040 669 1040 643 2 667 2 642 2 642 2 667 2 669 2 642 2 669 2 641 2 668 447 667 447 644 447 644 447 667 447 643 447 646 36 670 36 645 36 645 36 670 36 668 36 645 36 668 36 644 36 670 1041 646 1041 647 1042 670 1043 647 1043 672 1043 672 1044 647 1044 648 1044 672 1045 648 1045 674 1045 674 1046 648 1046 649 1046 674 1047 649 1047 676 1047 676 1048 649 1048 653 1048 676 1049 653 1049 678 1049 655 1050 665 1050 650 1050 650 1051 665 1051 662 1051 650 1052 662 1052 651 1052 651 1053 662 1053 679 1053 651 1054 679 1054 652 1054 652 1055 679 1055 680 1055 652 1056 680 1056 654 1056 654 1057 680 1058 678 1059 654 1060 678 1060 653 1060 658 2 660 2 656 2 656 2 660 2 665 2 656 2 665 2 655 2 657 447 664 447 659 447 659 1061 664 1061 660 1061 659 447 660 447 658 447 665 38 660 38 664 38 681 38 679 38 661 38 661 38 679 38 662 38 661 38 662 38 663 38 663 38 662 38 665 38 663 1062 665 1062 666 1062 666 38 665 38 664 38 667 38 668 38 669 38 669 38 668 38 670 38 669 38 670 38 671 38 671 1063 670 1063 672 1063 671 38 672 38 673 38 673 1064 672 1064 674 1064 673 38 674 38 675 38 675 1065 674 1065 676 1065 675 38 676 38 677 38 677 1066 676 1066 678 1066 677 38 678 38 681 38 681 1067 678 1067 680 1067 681 1068 680 1068 679 1068 697 2 701 2 682 2 682 2 701 2 692 2 684 1069 695 1069 683 1069 683 1070 695 1070 697 1070 683 1071 697 1071 682 1071 696 447 695 447 685 447 685 447 695 447 684 447 698 1072 696 1072 686 1072 686 1073 696 1073 685 1073 693 1074 698 1074 687 1074 687 1075 698 1075 686 1075 694 447 693 447 688 447 688 447 693 447 687 447 690 1076 700 1076 689 1076 689 1077 700 1077 694 1077 689 1078 694 1078 688 1078 699 36 700 36 691 36 691 36 700 36 690 36 701 35 699 35 692 35 692 35 699 35 691 35 693 38 694 38 698 38 698 38 694 38 700 38 695 38 696 38 697 38 697 38 696 38 698 38 697 38 698 38 701 38 701 38 698 38 700 38 701 38 700 38 699 38 747 38 742 38 737 38 737 38 742 38 743 38 737 1079 743 1079 740 1079 740 1080 743 1080 744 1080 740 38 744 38 733 38 733 1081 744 1081 753 1081 733 1082 753 1082 731 1082 731 1083 753 1083 754 1083 731 1084 754 1084 729 1084 729 1085 754 1085 755 1085 729 1086 755 1086 725 1086 725 38 755 38 757 38 725 1087 757 1087 723 1087 723 38 757 38 756 38 723 38 756 38 720 38 720 38 756 38 718 38 756 38 749 38 718 38 718 38 749 38 750 38 718 38 750 38 716 38 716 1088 750 1088 752 1088 716 38 752 38 714 38 714 38 752 38 751 38 714 38 751 38 709 38 709 1089 751 1089 745 1089 709 1090 745 1090 703 1090 703 1091 745 1091 746 1091 703 1092 746 1092 705 1092 705 38 746 38 748 38 705 1093 748 1093 707 1093 707 1094 748 1094 747 1094 707 38 747 38 735 38 735 38 747 38 737 38 710 1095 709 1095 702 1095 702 1096 709 1096 703 1096 702 1097 703 1097 704 1097 704 1098 703 1098 705 1098 704 1099 705 1099 706 1099 706 1100 705 1100 707 1100 706 1101 707 1101 708 1101 708 1102 707 1102 735 1102 708 1103 735 1103 734 1103 709 1104 710 1104 714 1104 714 1105 710 1105 711 1105 714 1106 711 1106 712 1106 712 35 713 35 714 35 714 1107 713 1107 715 1107 714 1108 715 1108 716 1108 716 1109 715 1109 717 1109 716 1110 717 1110 718 1110 718 1111 717 1111 719 1111 718 1112 719 1112 720 1112 720 2 719 2 721 2 720 1113 721 1113 723 1113 730 1114 731 1115 727 1116 727 1117 731 1117 729 1117 721 1118 722 1118 723 1118 723 1119 722 1119 724 1119 723 1120 724 1120 725 1120 725 1121 724 1121 726 1121 725 1122 726 1122 729 1122 729 1123 726 1123 728 1123 729 1124 728 1125 727 1126 731 1127 730 1127 732 1127 731 949 732 949 733 949 733 1128 732 1129 739 1130 733 1131 739 1132 740 1133 734 36 735 36 736 36 736 1134 735 1134 737 1134 736 1135 737 1135 738 1135 738 1136 737 1136 740 1136 738 1136 740 1136 741 1136 741 1137 740 1137 739 1137 747 1138 765 1138 767 1138 747 1139 767 1139 742 1139 742 1140 767 1140 769 1140 742 1141 769 1141 743 1141 743 1142 769 1142 773 1142 743 1143 773 1143 744 1143 744 1144 773 1144 771 1144 744 1145 771 1145 753 1145 751 1146 763 1146 760 1146 751 1147 760 1147 745 1147 745 1148 760 1148 758 1148 745 1149 758 1149 746 1149 746 1150 758 1150 759 1150 746 1151 759 1151 748 1151 748 1152 759 1152 765 1152 748 1153 765 1153 747 1153 756 1154 766 1154 764 1154 756 1155 764 1155 749 1155 749 1156 764 1156 762 1156 749 1157 762 1157 750 1157 750 1158 762 1158 761 1158 750 1159 761 1159 752 1159 752 1160 761 1160 763 1160 752 1161 763 1161 751 1161 753 1162 771 1162 772 1162 753 1163 772 1163 754 1163 754 993 772 993 770 993 754 1164 770 1164 755 1164 755 1165 770 1165 768 1165 755 1166 768 1166 757 1166 757 1167 768 1167 766 1167 757 1168 766 1168 756 1168 763 38 765 38 760 38 760 38 765 38 759 38 760 38 759 38 758 38 761 38 762 38 763 38 763 1169 762 1169 764 1169 763 1170 764 1170 765 1170 765 38 764 38 766 38 765 38 766 38 767 38 767 1171 766 1171 768 1171 767 1172 768 1172 769 1172 769 38 768 38 770 38 769 1173 770 1173 773 1173 773 38 770 38 772 38 773 1174 772 1174 771 1174 826 36 823 36 774 36 774 36 823 36 804 36 779 1175 781 1175 821 1175 826 1176 774 1176 775 1176 826 1177 775 1178 808 1179 775 1180 776 1180 808 1180 808 1181 776 1181 777 1181 808 1182 777 1182 806 1182 806 1183 777 1183 778 1183 806 1184 778 1184 819 1184 819 1185 778 1185 821 1185 821 1186 778 1186 780 1186 821 1187 780 1188 779 1189 781 1190 785 1190 821 1190 821 1191 785 1191 818 1191 787 1192 811 1192 782 1192 782 1193 811 1193 814 1193 782 1194 814 1194 783 1194 783 1195 814 1195 816 1195 783 1196 816 1196 784 1196 784 1197 816 1197 818 1197 784 1198 818 1198 786 1198 786 35 818 35 785 35 809 2 811 2 788 2 788 2 811 2 787 2 810 447 809 447 789 447 789 447 809 447 788 447 812 36 810 36 790 36 790 36 810 36 789 36 790 1199 791 1199 812 1199 812 1200 791 1200 813 1200 791 1201 792 1201 813 1201 813 1202 792 1202 793 1202 813 1203 793 1203 815 1203 815 1204 793 1204 794 1204 815 1205 794 1205 817 1205 817 1206 794 1206 795 1206 817 1207 795 1207 820 1207 820 1208 795 1208 796 1208 820 1209 796 1209 805 1209 796 1210 797 1210 805 1210 805 1211 797 1211 798 1211 805 1212 798 1212 807 1212 807 1213 798 1213 799 1213 807 1214 799 1214 825 1214 802 2 824 2 827 2 825 1215 799 1215 800 1215 825 1216 800 1216 827 1216 827 1217 800 1217 801 1217 827 2 801 2 802 2 822 2 824 2 803 2 803 2 824 2 802 2 823 447 822 447 804 447 804 447 822 447 803 447 820 38 805 38 819 38 819 38 805 38 806 38 806 1218 805 1218 807 1218 806 1219 807 1219 808 1219 808 38 807 38 825 38 808 38 825 38 826 38 809 38 810 38 811 38 811 38 810 38 812 38 811 38 812 38 814 38 812 38 813 38 814 38 814 1220 813 1220 815 1220 814 38 815 38 816 38 816 38 815 38 817 38 816 38 817 38 818 38 818 1221 817 1221 820 1221 818 1222 820 1222 821 1222 821 38 820 38 819 38 822 38 823 38 824 38 824 38 823 38 826 38 824 38 826 38 827 38 827 38 826 38 825 38 865 38 868 38 870 38 853 38 851 38 859 38 889 38 890 38 862 38 862 1223 890 1223 892 1223 846 38 849 38 855 38 846 1224 855 1224 843 1224 891 1225 836 1225 838 1225 884 1226 888 1226 886 1226 886 38 888 38 899 38 886 38 899 38 882 38 836 38 891 38 834 38 834 38 891 38 888 38 834 38 888 38 832 38 832 38 888 38 884 38 832 38 884 38 829 38 855 38 853 38 843 38 843 38 853 38 859 38 843 1227 859 1227 841 1227 841 38 859 38 862 38 841 38 862 38 838 38 838 38 862 38 892 38 838 1228 892 1228 891 1228 862 1229 865 1229 889 1229 889 1230 865 1230 870 1230 889 38 870 38 894 38 894 38 870 38 872 38 894 38 872 38 895 38 895 38 872 38 874 38 895 1231 874 1231 893 1231 893 38 874 38 876 38 893 38 876 38 896 38 896 1232 876 1232 879 1232 896 38 879 38 897 38 897 1233 879 1233 882 1233 897 38 882 38 898 38 898 38 882 38 899 38 829 35 884 35 828 35 828 35 884 35 883 35 831 2 832 2 830 2 830 2 832 2 829 2 830 2 829 2 828 2 834 35 832 35 833 35 833 35 832 35 831 35 842 1234 843 1234 841 1234 834 35 833 35 835 35 834 35 835 35 836 35 836 1235 835 1235 837 1235 836 1236 837 1236 838 1236 838 1237 837 1237 839 1237 838 1238 839 1238 841 1238 841 1239 839 1240 840 1241 841 1242 840 1242 842 1242 845 1243 846 1243 844 1243 844 1244 846 1244 843 1244 844 1245 843 1245 842 1245 848 35 849 35 847 35 847 35 849 35 846 35 847 35 846 35 845 35 855 1246 849 1246 854 1246 854 1247 849 1247 848 1247 858 447 859 447 850 447 850 1248 859 1248 851 1248 850 1249 851 1249 852 1249 852 1250 851 1250 853 1250 852 1251 853 1251 856 1251 856 1252 853 1252 855 1252 856 1253 855 1253 854 1253 861 1254 862 1254 857 1254 857 1255 862 1255 859 1255 857 1256 859 1256 860 1256 860 1257 859 1257 858 1257 865 1258 862 1258 863 1258 863 1259 862 1259 861 1259 863 1260 864 1260 865 1260 865 1261 864 1261 866 1261 865 1262 866 1262 868 1262 866 1263 867 1263 868 1263 868 1264 867 1264 869 1264 868 1265 869 1265 870 1265 870 1266 869 1266 871 1266 870 1267 871 1267 872 1267 872 1268 871 1268 873 1268 872 1269 873 1269 874 1269 874 1270 873 1270 875 1270 874 1271 875 1271 876 1271 876 1272 875 1272 878 1272 876 1273 878 1273 879 1273 881 1274 882 1274 877 1274 877 1275 882 1275 879 1275 877 1276 879 1276 880 1276 880 1277 879 1277 878 1277 886 447 882 447 885 447 885 447 882 447 881 447 883 36 884 36 887 36 887 36 884 36 886 36 887 36 886 36 885 36 899 2 888 2 900 2 900 2 888 2 901 2 888 447 891 447 901 447 901 447 891 447 903 447 894 1278 909 1278 910 1278 894 1279 910 1279 889 1279 889 1280 910 1280 907 1280 889 1281 907 1281 890 1281 890 1282 907 1282 905 1282 890 1283 905 1283 892 1283 892 1284 905 1284 903 1284 892 1285 903 1285 891 1285 896 1286 906 1286 908 1286 896 1287 908 1287 893 1287 893 1288 908 1288 911 1288 893 1289 911 1289 895 1289 895 1290 911 1290 909 1290 895 1291 909 1291 894 1291 898 1292 902 1292 904 1292 898 1293 904 1293 897 1293 897 1294 904 1294 906 1294 897 1295 906 1295 896 1295 898 35 899 35 902 35 902 35 899 35 900 35 900 38 901 38 902 38 902 38 901 38 903 38 902 1296 903 1296 904 1296 904 1297 903 1297 905 1297 904 1298 905 1298 906 1298 906 1299 905 1299 907 1299 906 38 907 38 908 38 908 1300 907 1300 910 1300 908 1301 910 1301 911 1301 911 38 910 38 909 38 966 35 964 35 912 35 912 35 964 35 956 35 914 36 968 36 913 36 913 36 968 36 966 36 913 36 966 36 912 36 968 1302 914 1302 915 1302 968 1303 915 1303 970 1303 970 1304 915 1304 916 1304 970 1304 916 1304 982 1304 982 1305 916 1305 917 1305 982 1306 917 1306 984 1306 984 1307 917 1307 918 1307 984 1308 918 1308 986 1308 921 1309 990 1309 988 1309 986 1310 918 1310 919 1310 986 1311 919 1312 988 1313 988 1314 919 1314 920 1314 988 1315 920 1315 921 1315 990 1316 921 1316 922 1316 990 1317 922 1317 989 1317 989 1318 922 1318 923 1318 989 1319 923 1319 979 1319 979 1320 923 1320 924 1320 979 1321 924 1321 977 1321 977 1322 924 1322 925 1322 977 1323 925 1323 975 1323 975 1324 925 1324 926 1324 975 1325 926 1325 957 1325 957 1326 926 1326 927 1326 957 1327 927 1327 959 1327 959 1328 927 1328 928 1328 959 1329 928 1329 961 1329 930 1330 960 1330 929 1330 929 1331 960 1332 961 1333 929 1334 961 1334 928 1334 935 1335 974 1335 973 1335 960 1336 930 1336 931 1336 960 1337 931 1337 962 1337 962 1338 931 1338 932 1338 962 1339 932 1339 958 1339 958 1340 932 1340 933 1340 958 1341 933 1341 973 1341 973 1342 933 1342 934 1342 973 1343 934 1343 935 1343 974 1344 935 1344 936 1344 974 1345 936 1345 976 1345 976 1346 936 1346 937 1346 976 1347 937 1347 978 1347 978 1348 937 1348 938 1348 978 1349 938 1349 980 1349 980 1350 938 1350 939 1350 980 1351 939 1351 991 1351 991 1352 939 1352 940 1352 991 1353 940 1353 987 1353 987 1354 940 1354 943 1354 987 1355 943 1355 985 1355 945 1356 981 1356 941 1356 941 1357 981 1357 983 1357 941 1358 983 1358 942 1358 942 1359 983 1359 985 1359 942 1360 985 1360 944 1360 944 1361 985 1361 943 1361 981 1362 945 1362 946 1362 981 1363 946 1363 972 1363 972 1364 946 1364 949 1364 972 1365 949 1365 971 1365 951 1366 967 1366 947 1366 947 1367 967 1367 969 1367 947 1368 969 1368 948 1368 948 1369 969 1369 971 1369 948 1370 971 1370 950 1370 950 1371 971 1371 949 1371 953 2 965 2 952 2 952 2 965 2 967 2 952 2 967 2 951 2 955 447 963 447 954 447 954 447 963 447 965 447 954 447 965 447 953 447 964 36 963 36 956 36 956 36 963 36 955 36 975 1372 957 1372 973 1372 973 1373 957 1373 958 1373 958 1374 957 1374 959 1374 958 1375 959 1375 962 1375 962 38 959 38 961 38 962 38 961 38 960 38 963 38 964 38 965 38 965 38 964 38 966 38 965 38 966 38 967 38 967 38 966 38 968 38 967 38 968 38 969 38 969 1376 968 1376 970 1376 969 38 970 38 971 38 971 1377 970 1377 982 1377 971 1378 982 1378 972 1378 972 38 982 38 981 38 973 38 974 38 975 38 975 1379 974 1379 976 1379 975 1380 976 1380 977 1380 977 1381 976 1381 978 1381 977 38 978 38 979 38 979 38 978 38 980 38 979 38 980 38 989 38 989 1382 980 1382 991 1382 981 38 982 38 983 38 983 1383 982 1383 984 1383 983 38 984 38 985 38 985 38 984 38 986 38 985 1384 986 1384 987 1384 987 1385 986 1385 988 1385 987 1386 988 1386 991 1386 991 38 988 38 990 38 991 38 990 38 989 38 995 1387 1002 1387 1004 1387 1001 36 992 36 1007 36 1007 1388 992 1388 993 1388 1007 1389 993 1389 1004 1389 1004 1390 993 1390 994 1390 1004 1391 994 1391 995 1391 1003 1392 1002 1392 996 1392 996 1393 1002 1393 995 1393 998 2 1000 2 1005 2 1006 1394 1003 1394 997 1394 997 1395 1003 1395 996 1395 1006 1396 997 1396 1005 1396 1005 1397 997 1397 999 1397 1005 2 999 2 998 2 1007 1398 1005 1398 1001 1398 1001 1399 1005 1399 1000 1399 1002 38 1003 38 1004 38 1004 38 1003 38 1006 38 1004 1400 1006 1400 1007 1400 1007 38 1006 38 1005 38 1023 1401 1008 1401 1025 1401 1025 1402 1008 1402 1009 1402 1025 1403 1009 1403 1027 1403 1009 1404 1010 1404 1027 1404 1027 1405 1010 1405 1012 1405 1027 1406 1012 1406 1030 1406 1014 1407 1029 1407 1011 1407 1011 1408 1029 1408 1030 1408 1011 1409 1030 1409 1013 1409 1013 1410 1030 1410 1012 1410 1031 1411 1029 1411 1015 1411 1015 1412 1029 1412 1014 1412 1015 1413 1017 1413 1031 1413 1031 1414 1017 1414 1028 1414 1020 1415 1026 1415 1016 1415 1016 1416 1026 1417 1028 1418 1016 1419 1028 1419 1018 1419 1018 1420 1028 1420 1017 1420 1022 1421 1024 1421 1019 1421 1019 1422 1024 1423 1026 1423 1019 1424 1026 1425 1021 1426 1021 1427 1026 1427 1020 1427 1025 1428 1024 1428 1023 1428 1023 1429 1024 1429 1022 1429 1024 1430 1025 1430 1026 1430 1026 38 1025 38 1027 38 1026 38 1027 38 1028 38 1028 38 1027 38 1030 38 1028 38 1030 38 1031 38 1031 38 1030 38 1029 38 1036 1431 1054 1431 1051 1431 1047 1432 1032 1432 1049 1432 1049 1433 1032 1433 1033 1433 1049 1434 1033 1434 1051 1434 1051 1435 1033 1435 1034 1435 1051 1436 1034 1436 1036 1436 1038 1437 1053 1437 1035 1437 1035 1438 1053 1438 1054 1438 1035 1439 1054 1440 1037 1439 1037 1441 1054 1441 1036 1441 1055 1442 1053 1442 1039 1442 1039 1443 1053 1443 1038 1443 1044 1444 1050 1444 1052 1444 1039 1445 1040 1445 1055 1445 1055 1446 1040 1447 1041 1448 1055 1449 1041 1449 1052 1449 1052 1450 1041 1450 1042 1450 1052 1451 1042 1451 1044 1451 1046 1452 1048 1452 1043 1452 1043 1453 1048 1453 1050 1453 1043 1454 1050 1455 1045 1455 1045 1456 1050 1456 1044 1456 1049 1457 1048 1457 1047 1457 1047 1458 1048 1458 1046 1458 1048 38 1049 38 1050 38 1050 38 1049 38 1051 38 1050 38 1051 38 1052 38 1052 38 1051 38 1054 38 1052 38 1054 38 1055 38 1055 38 1054 38 1053 38 1069 1459 1063 1459 1056 1459 1069 1460 1056 1460 1066 1460 1066 1461 1056 1461 1057 1461 1066 1462 1057 1462 1064 1462 1059 447 1065 447 1058 447 1058 1463 1065 1463 1064 1463 1058 1464 1064 1464 1057 1464 1062 1465 1067 1465 1068 1465 1065 1466 1059 1466 1060 1466 1065 1467 1060 1467 1068 1467 1068 1468 1060 1468 1061 1468 1068 1469 1061 1469 1062 1469 1069 1470 1067 1470 1063 1470 1063 1471 1067 1471 1062 1471 1064 1472 1065 1472 1066 1472 1066 1473 1065 1473 1068 1473 1066 38 1068 38 1069 38 1069 38 1068 38 1067 38 1109 1474 1089 1474 1108 1474 1108 38 1089 38 1091 38 1108 1475 1091 1475 1107 1475 1107 1476 1091 1476 1093 1476 1107 38 1093 38 1106 38 1106 38 1093 38 1097 38 1106 38 1097 38 1105 38 1105 1477 1097 1477 1071 1477 1105 38 1071 38 1104 38 1104 38 1071 38 1073 38 1104 38 1073 38 1103 38 1103 38 1073 38 1076 38 1103 1478 1076 1478 1102 1478 1102 38 1076 38 1079 38 1102 1479 1079 1479 1101 1479 1101 38 1079 38 1081 38 1101 38 1081 38 1100 38 1100 1480 1081 1480 1083 1480 1100 1481 1083 1481 1099 1481 1099 1482 1083 1482 1085 1482 1099 38 1085 38 1098 38 1098 38 1085 38 1087 38 1098 38 1087 38 1109 38 1109 38 1087 38 1089 38 1095 1483 1071 1483 1097 1483 1095 1484 1070 1484 1071 1484 1071 1485 1070 1485 1072 1485 1071 1486 1072 1486 1073 1486 1073 1487 1072 1487 1074 1487 1073 1488 1074 1488 1076 1488 1074 1489 1075 1489 1076 1489 1076 1490 1075 1491 1077 1492 1076 1493 1077 1493 1079 1493 1077 1494 1078 1494 1079 1494 1079 1495 1078 1495 1080 1495 1079 1496 1080 1496 1081 1496 1081 1497 1080 1497 1082 1497 1081 1498 1082 1498 1083 1498 1083 1499 1082 1499 1084 1499 1083 1499 1084 1499 1085 1499 1085 1500 1084 1500 1086 1500 1085 1501 1086 1501 1087 1501 1087 1502 1086 1502 1088 1502 1087 1503 1088 1503 1089 1503 1089 1504 1088 1504 1090 1504 1089 1504 1090 1504 1091 1504 1091 1505 1090 1505 1092 1505 1091 1506 1092 1506 1093 1506 1093 1507 1092 1507 1094 1507 1093 1508 1094 1508 1097 1508 1097 1509 1094 1509 1096 1509 1097 1510 1096 1510 1095 1510 1109 1511 1119 1511 1098 1511 1098 1512 1119 1512 1120 1512 1098 1513 1120 1513 1099 1513 1099 1514 1120 1514 1118 1514 1099 1515 1118 1515 1100 1515 1100 1516 1118 1516 1116 1516 1100 1517 1116 1517 1101 1517 1101 1518 1116 1518 1115 1518 1101 1519 1115 1519 1102 1519 1102 1520 1115 1520 1110 1520 1102 1521 1110 1521 1103 1521 1103 1522 1110 1522 1112 1522 1103 1523 1112 1523 1104 1523 1104 1524 1112 1524 1111 1524 1104 1525 1111 1525 1105 1525 1105 1526 1111 1526 1113 1526 1105 1527 1113 1527 1106 1527 1106 1528 1113 1528 1114 1528 1106 1529 1114 1529 1107 1529 1107 1530 1114 1530 1117 1530 1107 1531 1117 1531 1108 1531 1108 1532 1117 1532 1121 1532 1108 1533 1121 1533 1109 1533 1109 1534 1121 1534 1119 1534 1112 38 1110 38 1115 38 1111 38 1112 38 1113 38 1113 1535 1112 1535 1115 1535 1113 38 1115 38 1114 38 1114 38 1115 38 1117 38 1115 38 1116 38 1117 38 1117 1536 1116 1536 1118 1536 1117 1537 1118 1537 1121 1537 1121 1538 1118 1538 1120 1538 1121 1539 1120 1539 1119 1539</p>
        </triangles>
        <triangles material="white_001-material" count="852">
          <input semantic="VERTEX" source="#Mesh-mesh-vertices" offset="0"/>
          <input semantic="NORMAL" source="#Mesh-mesh-normals" offset="1"/>
          <p>1213 1540 1196 1540 1194 1540 1194 1541 1196 1541 1218 1541 1194 1541 1218 1541 1214 1541 1214 1542 1218 1542 1238 1542 1214 1543 1238 1543 1234 1543 1234 1544 1238 1544 1302 1544 1234 1545 1302 1545 1298 1545 1298 1546 1302 1546 1360 1546 1298 1547 1360 1547 1356 1547 1356 1548 1360 1548 1374 1548 1356 1549 1374 1549 1370 1549 1370 1550 1374 1550 1381 1550 1370 1550 1381 1550 1379 1550 1379 1551 1381 1551 1373 1551 1379 1552 1373 1552 1369 1552 1369 1553 1373 1553 1359 1553 1369 1554 1359 1554 1355 1554 1355 1555 1359 1555 1301 1555 1355 1555 1301 1555 1297 1555 1297 1556 1301 1556 1237 1556 1297 1557 1237 1557 1233 1557 1233 1558 1237 1558 1217 1558 1233 1559 1217 1559 1213 1559 1213 1560 1217 1560 1196 1560 1349 1561 1336 1561 1364 1561 1286 1562 1290 1562 1252 1562 1273 1563 1293 1563 1289 1563 1245 1564 1273 1564 1229 1565 1229 1566 1273 1566 1289 1566 1229 1567 1289 1567 1251 1567 1251 1568 1289 1568 1285 1568 1251 1569 1285 1569 1305 1569 1305 1570 1285 1570 1309 1570 1305 1571 1309 1571 1339 1571 1252 1572 1290 1572 1230 1572 1245 1573 1229 1573 1246 1573 1246 1574 1229 1574 1227 1574 1246 1575 1227 1575 1247 1575 1247 1576 1227 1576 1230 1576 1247 1577 1230 1578 1274 1579 1274 1580 1230 1580 1290 1580 1274 1581 1290 1581 1294 1581 1364 1582 1336 1582 1340 1582 1286 1583 1252 1583 1310 1583 1310 1584 1252 1584 1306 1584 1310 1585 1306 1585 1324 1585 1324 1586 1306 1586 1340 1586 1324 1587 1340 1587 1328 1587 1328 1588 1340 1588 1336 1588 1328 1589 1336 1589 1332 1589 1309 1590 1323 1590 1339 1590 1339 1591 1323 1591 1327 1591 1339 1592 1327 1592 1363 1592 1349 1593 1364 1593 1348 1593 1348 1594 1364 1594 1367 1594 1348 1595 1367 1595 1347 1595 1347 1596 1367 1596 1363 1596 1347 1597 1363 1597 1335 1597 1335 1598 1363 1598 1327 1598 1335 1599 1327 1599 1331 1599 1370 1600 1364 1600 1356 1600 1356 1601 1364 1601 1340 1601 1356 1602 1340 1602 1298 1602 1298 1603 1340 1603 1306 1603 1298 1604 1306 1604 1234 1604 1234 1605 1306 1605 1252 1605 1234 1606 1252 1606 1214 1606 1214 1607 1252 1607 1230 1607 1214 1608 1230 1608 1194 1608 1194 1609 1230 1609 1227 1609 1194 1610 1227 1610 1213 1610 1213 1611 1227 1611 1229 1611 1213 1612 1229 1612 1233 1612 1233 1613 1229 1613 1251 1613 1233 1614 1251 1614 1297 1614 1297 1615 1251 1615 1305 1615 1297 1616 1305 1616 1355 1616 1355 1617 1305 1617 1339 1617 1355 1618 1339 1618 1369 1618 1369 1619 1339 1619 1363 1619 1369 1620 1363 1620 1379 1620 1379 1621 1363 1621 1367 1621 1379 1622 1367 1622 1370 1622 1370 1623 1367 1623 1364 1623 1347 35 1343 35 1348 35 1348 35 1343 35 1344 35 1348 35 1344 35 1349 35 1315 38 1277 38 1316 38 1316 38 1277 38 1278 38 1280 38 1318 38 1279 38 1279 38 1318 38 1317 38 1344 38 1343 38 1317 38 1317 38 1343 38 1316 38 1317 38 1316 38 1279 38 1279 38 1316 38 1278 38 1279 38 1278 38 1242 38 1242 38 1278 38 1241 38 1349 1624 1344 1624 1336 1624 1336 36 1344 36 1317 36 1336 1625 1317 1625 1332 1625 1332 35 1317 35 1328 35 1328 35 1317 35 1318 35 1328 35 1318 35 1324 35 1324 36 1318 36 1310 36 1310 36 1318 36 1280 36 1310 36 1280 36 1286 36 1286 447 1280 447 1290 447 1290 447 1280 447 1279 447 1290 447 1279 447 1294 447 1294 1626 1279 1626 1274 1626 1274 36 1279 36 1242 36 1274 1627 1242 1627 1247 1627 1247 447 1242 447 1246 447 1246 1628 1242 1628 1241 1628 1246 447 1241 447 1245 447 1245 2 1241 2 1273 2 1273 2 1241 2 1278 2 1273 1629 1278 1629 1293 1629 1293 447 1278 447 1289 447 1289 447 1278 447 1277 447 1289 447 1277 447 1285 447 1285 2 1277 2 1309 2 1309 2 1277 2 1315 2 1309 2 1315 2 1323 2 1323 35 1315 35 1327 35 1327 35 1315 35 1316 35 1327 35 1316 35 1331 35 1331 1630 1316 1630 1335 1630 1335 2 1316 2 1343 2 1335 2 1343 2 1347 2 1538 1555 1476 1555 1472 1555 1472 1557 1476 1557 1429 1557 1472 1557 1429 1557 1425 1557 1425 1631 1429 1631 1413 1631 1425 1632 1413 1632 1409 1632 1409 1633 1413 1633 1407 1633 1409 1634 1407 1634 1405 1634 1405 1635 1407 1635 1414 1635 1405 1635 1414 1635 1410 1635 1410 1636 1414 1636 1430 1636 1410 1637 1430 1637 1426 1637 1426 1638 1430 1638 1477 1638 1426 1545 1477 1545 1473 1545 1473 1639 1477 1639 1543 1639 1473 1547 1543 1547 1539 1547 1539 1640 1543 1640 1559 1640 1539 1641 1559 1641 1555 1641 1555 1642 1559 1642 1576 1642 1555 1642 1576 1642 1574 1642 1574 1643 1576 1643 1558 1643 1574 1644 1558 1644 1554 1644 1554 1645 1558 1645 1542 1645 1554 1646 1542 1646 1538 1646 1538 1647 1542 1647 1476 1647 1461 1648 1465 1648 1444 1648 1437 1649 1447 1649 1421 1649 1496 1591 1500 1591 1524 1591 1547 1650 1550 1650 1533 1650 1524 1651 1500 1651 1546 1651 1533 1652 1550 1652 1532 1652 1532 1653 1550 1653 1546 1653 1532 1654 1546 1655 1508 1656 1508 1657 1546 1657 1500 1657 1508 1658 1500 1658 1504 1658 1421 1659 1447 1659 1443 1659 1496 1660 1524 1660 1484 1660 1484 1661 1524 1661 1480 1661 1484 1662 1480 1662 1460 1662 1460 1663 1480 1663 1443 1663 1460 1568 1443 1664 1464 1568 1464 1665 1443 1665 1447 1665 1464 1666 1447 1666 1468 1666 1444 1667 1465 1667 1422 1667 1437 1668 1421 1668 1438 1668 1438 1669 1421 1669 1419 1669 1438 1670 1419 1670 1439 1670 1439 1671 1419 1671 1422 1671 1439 1672 1422 1672 1448 1672 1448 1673 1422 1673 1465 1673 1448 1674 1465 1674 1469 1674 1533 1675 1534 1675 1547 1675 1547 1676 1534 1676 1509 1676 1547 1677 1509 1677 1525 1677 1461 1678 1444 1678 1485 1678 1485 1679 1444 1679 1481 1679 1485 1680 1481 1680 1497 1680 1497 1681 1481 1681 1525 1681 1497 1682 1525 1682 1501 1682 1501 1683 1525 1683 1509 1683 1501 1684 1509 1684 1505 1684 1426 1685 1444 1685 1410 1685 1410 1686 1444 1686 1422 1686 1410 1687 1422 1687 1405 1687 1405 1688 1422 1688 1419 1688 1405 1689 1419 1689 1409 1689 1409 1690 1419 1690 1421 1690 1409 1691 1421 1691 1425 1691 1425 1692 1421 1692 1443 1692 1425 1693 1443 1693 1472 1693 1472 1694 1443 1694 1480 1694 1472 1695 1480 1695 1538 1695 1538 1696 1480 1696 1524 1696 1538 1697 1524 1697 1554 1697 1554 1698 1524 1698 1546 1698 1554 1699 1546 1699 1574 1699 1574 1700 1546 1700 1550 1700 1574 1701 1550 1701 1555 1701 1555 1702 1550 1702 1547 1702 1555 1703 1547 1703 1539 1703 1539 1704 1547 1704 1525 1704 1539 1705 1525 1705 1473 1705 1473 1706 1525 1706 1481 1706 1473 1707 1481 1707 1426 1707 1426 1708 1481 1708 1444 1708 1497 36 1491 36 1485 36 1485 36 1491 36 1455 36 1485 36 1455 36 1461 36 1528 38 1489 38 1529 38 1529 38 1489 38 1490 38 1434 38 1454 38 1433 38 1433 38 1454 38 1453 38 1455 38 1491 38 1454 38 1454 38 1491 38 1490 38 1454 38 1490 38 1453 38 1453 38 1490 38 1489 38 1453 38 1489 38 1452 38 1452 38 1489 38 1488 38 1461 447 1455 447 1465 447 1465 447 1455 447 1454 447 1465 447 1454 447 1469 447 1469 1709 1454 1709 1448 1709 1448 36 1454 36 1434 36 1448 1710 1434 1710 1439 1710 1439 447 1434 447 1438 447 1438 447 1434 447 1433 447 1438 447 1433 447 1437 447 1437 2 1433 2 1447 2 1447 2 1433 2 1453 2 1447 1711 1453 1711 1468 1711 1468 447 1453 447 1464 447 1464 447 1453 447 1452 447 1464 447 1452 447 1460 447 1460 2 1452 2 1484 2 1484 2 1452 2 1488 2 1484 2 1488 2 1496 2 1496 35 1488 35 1500 35 1500 35 1488 35 1489 35 1500 35 1489 35 1504 35 1504 1712 1489 1712 1508 1712 1508 2 1489 2 1528 2 1508 2 1528 2 1532 2 1532 35 1528 35 1533 35 1533 1713 1528 1713 1529 1713 1533 35 1529 35 1534 35 1534 1714 1529 1714 1509 1714 1509 36 1529 36 1490 36 1509 1715 1490 1715 1505 1715 1505 35 1490 35 1501 35 1501 35 1490 35 1491 35 1501 35 1491 35 1497 35 1557 1642 1577 1642 1575 1642 1575 1643 1577 1643 1560 1643 1575 1643 1560 1643 1556 1643 1556 1716 1560 1716 1544 1716 1556 1717 1544 1717 1540 1717 1540 1718 1544 1718 1478 1718 1540 1555 1478 1555 1474 1555 1474 1557 1478 1557 1431 1557 1474 1719 1431 1719 1427 1719 1427 1720 1431 1720 1415 1720 1427 1721 1415 1721 1411 1721 1411 1634 1415 1634 1408 1634 1411 1634 1408 1634 1406 1634 1406 1635 1408 1635 1416 1635 1406 1722 1416 1722 1412 1722 1412 1723 1416 1723 1432 1723 1412 1724 1432 1724 1428 1724 1428 1545 1432 1545 1479 1545 1428 1545 1479 1545 1475 1545 1475 1639 1479 1639 1545 1639 1475 1546 1545 1546 1541 1546 1541 1725 1545 1725 1561 1725 1541 1726 1561 1726 1557 1726 1557 1727 1561 1727 1577 1727 1440 1649 1449 1649 1423 1649 1498 1728 1502 1728 1526 1728 1537 1729 1511 1729 1549 1730 1446 1731 1483 1731 1487 1731 1549 1732 1511 1732 1527 1732 1487 1733 1483 1733 1499 1733 1499 1734 1483 1734 1527 1734 1499 1735 1527 1736 1503 1735 1503 1737 1527 1737 1511 1737 1503 1738 1511 1738 1507 1738 1526 1739 1502 1739 1548 1739 1537 1740 1549 1740 1536 1740 1536 1741 1549 1741 1551 1741 1536 1742 1551 1742 1535 1742 1535 1743 1551 1743 1548 1743 1535 1654 1548 1655 1510 1656 1510 1744 1548 1744 1502 1744 1510 1745 1502 1745 1506 1745 1423 1746 1449 1746 1445 1746 1498 1747 1526 1747 1486 1747 1486 1748 1526 1748 1482 1748 1486 1749 1482 1749 1462 1749 1462 1750 1482 1750 1445 1750 1462 1751 1445 1751 1466 1751 1466 1752 1445 1752 1449 1752 1466 1753 1449 1753 1470 1753 1487 1754 1463 1754 1446 1754 1446 1755 1463 1755 1467 1755 1446 1756 1467 1756 1424 1756 1440 1757 1423 1757 1441 1757 1441 1758 1423 1758 1420 1758 1441 1759 1420 1759 1442 1759 1442 1760 1420 1760 1424 1760 1442 1672 1424 1672 1450 1672 1450 1761 1424 1761 1467 1761 1450 1762 1467 1762 1471 1762 1411 1763 1423 1763 1427 1763 1427 1764 1423 1764 1445 1764 1427 1765 1445 1765 1474 1765 1474 1766 1445 1766 1482 1766 1474 1767 1482 1767 1540 1767 1540 1768 1482 1768 1526 1768 1540 1769 1526 1769 1556 1769 1556 1770 1526 1770 1548 1770 1556 1771 1548 1771 1575 1771 1575 1772 1548 1772 1551 1772 1575 1773 1551 1773 1557 1773 1557 1774 1551 1774 1549 1774 1557 1775 1549 1775 1541 1775 1541 1776 1549 1776 1527 1776 1541 1777 1527 1777 1475 1777 1475 1778 1527 1778 1483 1778 1475 1779 1483 1779 1428 1779 1428 1780 1483 1780 1446 1780 1428 1781 1446 1781 1412 1781 1412 1782 1446 1782 1424 1782 1412 1783 1424 1783 1406 1783 1406 1784 1424 1784 1420 1784 1406 1785 1420 1785 1411 1785 1411 1786 1420 1786 1423 1786 1442 447 1436 447 1441 447 1441 447 1436 447 1435 447 1441 447 1435 447 1440 447 1459 38 1495 38 1458 38 1458 38 1495 38 1494 38 1492 38 1456 38 1493 38 1493 38 1456 38 1457 38 1435 38 1436 38 1457 38 1457 38 1436 38 1458 38 1457 38 1458 38 1493 38 1493 38 1458 38 1494 38 1493 38 1494 38 1530 38 1530 38 1494 38 1531 38 1440 1787 1435 1787 1449 1787 1449 2 1435 2 1457 2 1449 1630 1457 1630 1470 1630 1470 447 1457 447 1466 447 1466 447 1457 447 1456 447 1466 447 1456 447 1462 447 1462 2 1456 2 1486 2 1486 2 1456 2 1492 2 1486 2 1492 2 1498 2 1498 35 1492 35 1502 35 1502 35 1492 35 1493 35 1502 35 1493 35 1506 35 1506 1629 1493 1629 1510 1629 1510 2 1493 2 1530 2 1510 1788 1530 1788 1535 1788 1535 35 1530 35 1536 35 1536 1713 1530 1713 1531 1713 1536 35 1531 35 1537 35 1537 36 1531 36 1511 36 1511 36 1531 36 1494 36 1511 1626 1494 1626 1507 1626 1507 35 1494 35 1503 35 1503 35 1494 35 1495 35 1503 35 1495 35 1499 35 1499 36 1495 36 1487 36 1487 36 1495 36 1459 36 1487 36 1459 36 1463 36 1463 447 1459 447 1467 447 1467 447 1459 447 1458 447 1467 447 1458 447 1471 447 1471 1625 1458 1625 1450 1625 1450 36 1458 36 1436 36 1450 36 1436 36 1442 36 1325 1789 1329 1789 1341 1789 1352 1561 1338 1561 1366 1561 1288 1755 1292 1755 1254 1755 1231 1790 1228 1790 1249 1790 1254 1791 1292 1791 1232 1791 1249 1792 1228 1792 1250 1792 1250 1793 1228 1793 1232 1793 1250 1577 1232 1578 1276 1579 1276 1794 1232 1794 1292 1794 1276 1795 1292 1795 1296 1795 1366 1796 1338 1796 1342 1796 1288 1797 1254 1797 1312 1797 1312 1798 1254 1798 1308 1798 1312 1799 1308 1799 1326 1799 1326 1800 1308 1800 1342 1800 1326 1735 1342 1736 1330 1735 1330 1801 1342 1801 1338 1801 1330 1802 1338 1802 1334 1802 1341 1803 1329 1803 1365 1803 1352 1804 1366 1804 1351 1804 1351 1805 1366 1805 1368 1805 1351 1806 1368 1806 1350 1806 1350 1807 1368 1807 1365 1807 1350 1597 1365 1597 1337 1597 1337 1808 1365 1808 1329 1808 1337 1809 1329 1809 1333 1809 1249 1810 1248 1810 1231 1810 1231 1811 1248 1811 1275 1811 1231 1812 1275 1812 1253 1812 1325 1813 1341 1813 1311 1813 1311 1814 1341 1814 1307 1814 1311 1815 1307 1815 1287 1815 1287 1816 1307 1816 1253 1816 1287 1817 1253 1817 1291 1817 1291 1818 1253 1818 1275 1818 1291 1819 1275 1819 1295 1819 1357 1820 1341 1820 1371 1820 1371 1821 1341 1821 1365 1821 1371 1822 1365 1822 1380 1822 1380 1823 1365 1823 1368 1823 1380 1824 1368 1824 1372 1824 1372 1825 1368 1825 1366 1825 1372 1826 1366 1826 1358 1826 1358 1827 1366 1827 1342 1827 1358 1828 1342 1828 1300 1828 1300 1829 1342 1829 1308 1829 1300 1830 1308 1830 1236 1830 1236 1831 1308 1831 1254 1831 1236 1832 1254 1832 1216 1832 1216 1833 1254 1833 1232 1833 1216 1834 1232 1834 1195 1834 1195 1835 1232 1835 1228 1835 1195 1836 1228 1836 1215 1836 1215 1837 1228 1837 1231 1837 1215 1838 1231 1838 1235 1838 1235 1839 1231 1839 1253 1839 1235 1840 1253 1840 1299 1840 1299 1841 1253 1841 1307 1841 1299 1842 1307 1842 1357 1842 1357 1843 1307 1843 1341 1843 1543 38 1477 38 1451 38 1191 1844 1272 1844 1226 1844 1226 38 1272 38 1269 38 1226 38 1269 38 1268 38 1272 38 1239 38 1314 38 1314 38 1239 38 1303 38 1314 38 1303 38 1354 38 1396 38 1395 38 1392 38 1378 1845 1354 1845 1384 1845 1384 1846 1354 1846 1303 1846 1384 38 1303 38 1386 38 1386 38 1303 38 1361 38 1386 38 1361 38 1388 38 1388 1847 1361 1847 1375 1847 1388 1848 1375 1848 1390 1848 1390 1849 1375 1849 1382 1849 1390 1850 1382 1850 1392 1850 1392 1851 1382 1851 1376 1851 1392 38 1376 38 1396 38 1396 1852 1376 1852 1362 1852 1396 1853 1362 1853 1270 1853 1270 38 1362 38 1304 38 1270 1854 1304 1854 1224 1854 1224 38 1304 38 1240 38 1224 38 1240 38 1193 38 1193 1855 1240 1855 1220 1855 1193 38 1220 38 1191 38 1191 38 1220 38 1197 38 1191 38 1197 38 1272 38 1272 38 1197 38 1219 38 1272 1856 1219 1856 1239 1856 1478 1857 1544 1857 1581 1857 1581 1858 1544 1858 1560 1858 1581 38 1560 38 1582 38 1582 38 1560 38 1577 38 1582 1859 1577 1859 1579 1859 1579 1860 1577 1860 1561 1860 1579 1861 1561 1861 1553 1861 1553 38 1561 38 1545 38 1553 1862 1545 1862 1521 1862 1521 38 1545 38 1479 38 1521 38 1479 38 1396 38 1479 38 1432 38 1396 38 1396 1852 1432 1852 1416 1852 1396 38 1416 38 1395 38 1395 1863 1416 1863 1408 1863 1395 38 1408 38 1398 38 1398 1864 1408 1864 1400 1864 1400 38 1408 38 1402 38 1402 1865 1408 1865 1415 1865 1402 1866 1415 1866 1404 1866 1404 1867 1415 1867 1431 1867 1404 1868 1431 1868 1418 1868 1418 38 1431 38 1478 38 1418 38 1478 38 1451 38 1451 38 1478 38 1581 38 1451 1869 1581 1869 1543 1869 1407 38 1399 38 1414 38 1414 1870 1399 1870 1401 1870 1414 1871 1401 1871 1430 1871 1430 38 1401 38 1403 38 1430 38 1403 38 1477 38 1477 1872 1403 1872 1417 1872 1477 38 1417 38 1451 38 1407 38 1413 38 1393 38 1393 1873 1413 1873 1429 1873 1393 1874 1429 1874 1520 1874 1520 38 1429 38 1476 38 1520 1875 1476 1875 1552 1875 1552 38 1476 38 1542 38 1552 38 1542 38 1578 38 1578 1876 1542 1876 1558 1876 1578 38 1558 38 1580 38 1580 38 1558 38 1576 38 1580 38 1576 38 1581 38 1581 38 1576 38 1559 38 1581 1877 1559 1877 1543 1877 1266 38 1271 38 1189 38 1226 1878 1222 1878 1191 1878 1191 1879 1222 1879 1205 1879 1191 38 1205 38 1190 38 1190 38 1205 38 1204 38 1190 38 1204 38 1189 38 1189 38 1204 38 1203 38 1267 38 1266 38 1225 38 1225 1880 1266 1880 1189 1880 1225 1881 1189 1881 1221 1881 1221 38 1189 38 1203 38 1393 1882 1373 1882 1381 1882 1271 38 1313 38 1302 38 1302 38 1313 38 1353 38 1302 38 1238 38 1271 38 1271 1883 1238 1883 1218 1883 1271 1884 1218 1884 1189 1884 1189 38 1218 38 1196 38 1189 1885 1196 1885 1192 1885 1192 1886 1196 1886 1217 1886 1192 1887 1217 1887 1223 1887 1223 38 1217 38 1237 38 1223 1888 1237 1888 1265 1888 1265 38 1237 38 1301 38 1265 38 1301 38 1393 38 1393 38 1301 38 1359 38 1393 1873 1359 1873 1373 1873 1381 1889 1391 1889 1393 1889 1393 38 1391 38 1394 38 1393 38 1394 38 1407 38 1407 38 1394 38 1397 38 1407 1890 1397 1890 1399 1890 1353 38 1377 38 1302 38 1302 38 1377 38 1383 38 1302 38 1383 38 1360 38 1360 38 1383 38 1385 38 1360 38 1385 38 1374 38 1374 38 1385 38 1387 38 1374 38 1387 38 1381 38 1381 1891 1387 1891 1389 1891 1381 1892 1389 1892 1391 1892 1260 2 1258 2 1515 2 1515 2 1258 2 1513 2 1604 447 1601 447 1603 447 1603 447 1601 447 1600 447 1514 36 1512 36 1259 36 1259 36 1512 36 1257 36 1171 35 1168 35 1172 35 1172 35 1168 35 1169 35 1177 2 1180 1893 1179 1894 1258 1893 1260 1894 1256 2 1256 1895 1260 1895 1202 1895 1179 1896 1180 1896 1202 1896 1202 1897 1180 2 1183 1898 1202 1896 1183 1896 1198 1896 1198 2 1199 36 1202 38 1202 38 1199 36 1206 1893 1202 1899 1206 1899 1256 1899 1177 1900 1179 1900 1170 1900 1170 1901 1179 1901 1172 1901 1170 1893 1172 1894 1169 2 1208 2 1207 1902 1201 1894 1168 1893 1171 1894 1167 2 1167 1903 1171 1903 1178 1903 1201 1904 1207 1904 1178 1904 1178 1905 1207 2 1200 1906 1178 1904 1200 1904 1184 1904 1184 2 1182 36 1178 38 1178 38 1182 36 1181 1893 1178 1907 1181 1907 1167 1907 1208 1908 1201 1908 1255 1908 1255 1909 1201 1909 1259 1909 1255 1893 1259 1894 1257 2 1593 2 1589 1893 1591 1894 1512 1893 1514 1894 1522 2 1522 1910 1514 1910 1568 1910 1591 1911 1589 1911 1568 1911 1568 1912 1589 2 1587 1913 1568 1911 1587 1911 1572 1911 1572 2 1570 36 1568 38 1568 38 1570 36 1566 1893 1568 1914 1566 1914 1522 1914 1593 1915 1591 1915 1599 1915 1599 1916 1591 1916 1603 1916 1599 1902 1603 1894 1600 2 1602 2 1601 1902 1604 1894 1571 36 1573 1917 1592 1918 1573 1919 1588 1919 1592 1919 1592 1894 1588 2 1590 1893 1592 1920 1590 1920 1604 1920 1604 1921 1590 2 1594 1922 1604 1923 1594 1923 1602 1923 1571 36 1592 1918 1567 2 1567 1919 1592 1919 1569 1919 1567 1924 1569 1924 1523 1924 1523 1925 1569 1925 1515 1925 1523 1893 1515 1894 1513 2 1580 1926 1595 1926 1578 1926 1578 1927 1595 1927 1583 1927 1578 1928 1583 1928 1552 1928 1552 1929 1583 1929 1562 1929 1552 1930 1562 1930 1520 1930 1520 1931 1562 1931 1518 1931 1595 1932 1597 1932 1583 1932 1583 1933 1597 1933 1585 1933 1583 1934 1585 1934 1562 1934 1562 1935 1585 1935 1564 1935 1562 1936 1564 1936 1518 1936 1518 1937 1564 1937 1516 1937 1597 1938 1603 1938 1585 1938 1585 1939 1603 1939 1591 1939 1585 1940 1591 1940 1564 1940 1564 1941 1591 1941 1568 1941 1564 1942 1568 1942 1516 1942 1516 1943 1568 1943 1514 1943 1393 1944 1520 1944 1518 1944 1263 1944 1265 1944 1393 1944 1393 1945 1518 1945 1263 1945 1263 1946 1518 1946 1516 1946 1263 1947 1516 1947 1261 1947 1261 1948 1516 1948 1514 1948 1261 1949 1514 1949 1259 1949 1581 1950 1582 1950 1596 1950 1595 1950 1580 1950 1581 1950 1581 1951 1596 1951 1595 1951 1595 1952 1596 1952 1598 1952 1595 1953 1598 1953 1597 1953 1597 1954 1598 1954 1604 1954 1597 1955 1604 1956 1603 1957 1265 1958 1263 1958 1223 1958 1223 1959 1263 1959 1211 1959 1223 1960 1211 1960 1192 1960 1192 1961 1211 1961 1187 1961 1192 1962 1187 1962 1189 1962 1189 1963 1187 1963 1175 1963 1263 1964 1261 1964 1211 1964 1211 1965 1261 1965 1209 1965 1211 1966 1209 1966 1187 1966 1187 1967 1209 1967 1185 1967 1187 1968 1185 1968 1175 1968 1175 1969 1185 1969 1173 1969 1261 1970 1259 1970 1209 1970 1209 1971 1259 1971 1201 1971 1209 1972 1201 1972 1185 1972 1185 1973 1201 1973 1178 1973 1185 1974 1178 1975 1173 1975 1173 1976 1178 1976 1171 1976 1521 1977 1519 1977 1553 1977 1553 1978 1519 1978 1563 1978 1553 1979 1563 1979 1579 1979 1579 1980 1563 1980 1584 1980 1579 1981 1584 1981 1582 1981 1582 1982 1584 1982 1596 1982 1519 1983 1517 1983 1563 1983 1563 1984 1517 1984 1565 1984 1563 1985 1565 1985 1584 1985 1584 1986 1565 1986 1586 1986 1584 1987 1586 1987 1596 1987 1596 1988 1586 1988 1598 1988 1517 1989 1515 1989 1565 1989 1565 1990 1515 1990 1569 1990 1565 1991 1569 1991 1586 1991 1586 1992 1569 1992 1592 1992 1586 1993 1592 1994 1598 1994 1598 1995 1592 1995 1604 1995 1190 1996 1189 1996 1175 1996 1176 1996 1191 1996 1190 1996 1190 1997 1175 1997 1176 1997 1176 1998 1175 1998 1173 1998 1176 1999 1173 1999 1174 1999 1174 2000 1173 2000 1171 2000 1174 2001 1171 2002 1172 2003 1396 2004 1270 2004 1264 2004 1519 2004 1521 2004 1396 2004 1396 2005 1264 2005 1519 2005 1519 2006 1264 2006 1262 2006 1519 2007 1262 2007 1517 2007 1517 2008 1262 2008 1260 2008 1517 2009 1260 2009 1515 2009 1191 2010 1176 2010 1193 2010 1193 2011 1176 2011 1188 2011 1193 2012 1188 2012 1224 2012 1224 2013 1188 2013 1212 2013 1224 2014 1212 2014 1270 2014 1270 2015 1212 2015 1264 2015 1176 2016 1174 2016 1188 2016 1188 2017 1174 2017 1186 2017 1188 2018 1186 2018 1212 2018 1212 2019 1186 2019 1210 2019 1212 2020 1210 2020 1264 2020 1264 2021 1210 2021 1262 2021 1174 2022 1172 2022 1186 2022 1186 2023 1172 2023 1179 2023 1186 2024 1179 2024 1210 2024 1210 2025 1179 2025 1202 2025 1210 2026 1202 2026 1262 2026 1262 2027 1202 2027 1260 2027 1236 1545 1304 1545 1300 1545 1300 1546 1304 1546 1362 1546 1300 1546 1362 1546 1358 1546 1358 2028 1362 2028 1376 2028 1358 2029 1376 2029 1372 2029 1372 2030 1376 2030 1382 2030 1372 1550 1382 1550 1380 1550 1380 1551 1382 1551 1375 1551 1380 1551 1375 1551 1371 1551 1371 2031 1375 2031 1361 2031 1371 2032 1361 2032 1357 2032 1357 2033 1361 2033 1303 2033 1357 1555 1303 1555 1299 1555 1299 1556 1303 1556 1239 1556 1299 1719 1239 1719 1235 1719 1235 2034 1239 2034 1219 2034 1235 2035 1219 2035 1215 2035 1215 1540 1219 1540 1197 1540 1215 1540 1197 1540 1195 1540 1195 1541 1197 1541 1220 1541 1195 2036 1220 2036 1216 2036 1216 2037 1220 2037 1240 2037 1216 2038 1240 2038 1236 2038 1236 2039 1240 2039 1304 2039 1295 447 1282 447 1291 447 1291 447 1282 447 1281 447 1291 447 1281 447 1287 447 1248 2040 1243 2040 1275 2040 1275 2 1243 2 1282 2 1275 1712 1282 1712 1295 1712 1250 447 1244 447 1249 447 1249 1628 1244 1628 1243 1628 1249 447 1243 447 1248 447 1296 1715 1283 1715 1276 1715 1276 36 1283 36 1244 36 1276 36 1244 36 1250 36 1288 447 1284 447 1292 447 1292 447 1284 447 1283 447 1292 447 1283 447 1296 447 1326 36 1322 36 1312 36 1312 36 1322 36 1284 36 1312 36 1284 36 1288 36 1334 35 1321 35 1330 35 1330 35 1321 35 1322 35 1330 35 1322 35 1326 35 1352 36 1346 36 1338 36 1338 36 1346 36 1321 36 1338 1709 1321 1709 1334 1709 1350 35 1345 35 1351 35 1351 35 1345 35 1346 35 1351 35 1346 35 1352 35 1333 1711 1320 1711 1337 1711 1337 2 1320 2 1345 2 1337 2041 1345 2041 1350 2041 1325 35 1319 35 1329 35 1329 35 1319 35 1320 35 1329 35 1320 35 1333 35 1287 2 1281 2 1311 2 1311 2 1281 2 1319 2 1311 2 1319 2 1325 2 1346 38 1345 38 1321 38 1321 38 1345 38 1320 38 1243 38 1244 38 1282 38 1282 38 1244 38 1283 38 1284 38 1322 38 1283 38 1283 38 1322 38 1321 38 1283 38 1321 38 1282 38 1282 38 1321 38 1320 38 1282 38 1320 38 1281 38 1281 38 1320 38 1319 38 1418 2042 1451 2043 1606 2044 1606 2044 1605 2045 1418 2042 1451 2043 1417 2046 1607 2047 1607 2047 1606 2044 1451 2043 1404 2048 1418 2042 1605 2045 1605 2045 1608 2049 1404 2048 1417 2046 1403 2050 1609 2051 1609 2051 1607 2047 1417 2046 1402 2052 1404 2048 1608 2049 1608 2049 1610 2053 1402 2052 1403 2050 1401 2054 1611 2055 1611 2055 1609 2051 1403 2050 1400 2056 1402 2052 1610 2053 1610 2053 1612 2057 1400 2056 1401 2054 1399 2058 1613 2059 1613 2059 1611 2055 1401 2054 1398 2060 1400 2056 1612 2057 1612 2057 1614 2061 1398 2060 1399 2058 1397 2062 1615 2063 1615 2063 1613 2059 1399 2058 1395 2064 1398 2060 1614 2061 1614 2061 1616 2065 1395 2064 1397 2062 1394 2066 1617 2067 1617 2067 1615 2063 1397 2062 1392 2068 1395 2064 1616 2065 1616 2065 1618 2069 1392 2068 1394 2066 1391 2070 1619 2071 1619 2071 1617 2067 1394 2066 1390 2072 1392 2068 1618 2069 1618 2069 1620 2073 1390 2072 1391 2070 1389 2074 1621 2075 1621 2075 1619 2071 1391 2070 1388 2076 1390 2072 1620 2073 1620 2073 1622 2077 1388 2076 1389 2074 1387 2078 1623 2079 1623 2079 1621 2075 1389 2074 1386 2080 1388 2076 1622 2077 1622 2077 1624 2081 1386 2080 1387 2078 1385 2082 1625 2 1625 2 1623 2079 1387 2078 1384 2083 1386 2080 1624 2081 1624 2081 1626 2 1384 2083 1385 2082 1383 2084 1627 2 1627 2 1625 2 1385 2082 1383 2084 1377 2 1628 2 1628 2 1627 2 1383 2084 1222 2085 1226 2 1629 2 1629 2 1631 2 1222 2085 1225 2086 1221 2087 1632 2 1632 2 1630 2 1225 2086 1205 1 1222 2085 1631 2 1631 2 1633 1 1205 1 1204 1 1205 1 1633 1 1633 1 1634 1 1204 1 1221 2087 1203 1 1635 1 1635 1 1632 2 1221 2087 1203 1 1204 1 1634 1 1634 1 1635 1 1203 1</p>
        </triangles>
      </mesh>
    </geometry>
  </library_geometries>
  <library_visual_scenes>
    <visual_scene id="Scene" name="Scene">
      <node id="Mesh_001" name="Mesh_001" type="NODE">
        <matrix sid="transform">0.1615792 0 0 0 0 1.21989e-8 -0.1615792 0 0 0.1615792 1.21989e-8 0 0 0 0 1</matrix>
        <instance_geometry url="#Mesh-mesh" name="Mesh_001">
          <bind_material>
            <technique_common>
              <instance_material symbol="black-material" target="#black-material"/>
              <instance_material symbol="white_001-material" target="#white_001-material"/>
            </technique_common>
          </bind_material>
        </instance_geometry>
      </node>
      <node id="Lamp" name="Lamp" type="NODE">
        <matrix sid="transform">-0.2908646 -0.7711008 0.5663933 4.076245 0.9551712 -0.1998833 0.2183913 1.005454 -0.05518912 0.6045247 0.7946723 5.903862 0 0 0 1</matrix>
        <instance_light url="#Lamp-light"/>
      </node>
      <node id="Camera" name="Camera" type="NODE">
        <matrix sid="transform">0.6858805 -0.3173701 0.6548619 7.481132 0.7276338 0.3124686 -0.6106656 -6.50764 -0.01081678 0.8953432 0.4452454 5.343665 0 0 0 1</matrix>
        <instance_camera url="#Camera-camera"/>
      </node>
    </visual_scene>
  </library_visual_scenes>
  <scene>
    <instance_visual_scene url="#Scene"/>
  </scene>
</COLLADA>